county_fips,year,classified_assessment_dates
48001,1980,31
48001,1982,4
48001,1984,9
48001,1985,26
48001,1986,11
48001,1987,21
48001,1988,9
48001,1989,2
48001,1990,5
48001,1993,16
48001,1995,14
48001,1996,28
48001,1997,14
48001,1998,72
48001,1999,23
48001,2000,38
48001,2001,14
48001,2002,2
48001,2005,7
48001,2006,33
48001,2007,3
48001,2008,12
48001,2009,21
48001,2010,25
48001,2011,77
48001,2012,33
48001,2013,24
48001,2014,3
48001,2015,24
48001,2016,28
48001,2017,13
48001,2018,34
48001,2019,15
48001,2020,15
48001,2022,54
48001,2023,60
48001,2024,16
48001,2025,6
48003,1980,39
48003,1981,7
48003,1982,3
48003,1983,20
48003,1985,7
48003,1986,7
48003,1987,7
48003,1989,9
48003,1990,19
48003,1992,2
48003,1993,8
48003,1994,21
48003,1995,11
48003,1996,27
48003,1997,5
48003,1998,47
48003,1999,23
48003,2000,19
48003,2001,30
48003,2002,14
48003,2003,10
48003,2004,2
48003,2005,1
48003,2006,23
48003,2007,1
48003,2008,18
48003,2009,4
48003,2010,3
48003,2011,70
48003,2012,25
48003,2013,15
48003,2014,18
48003,2015,21
48003,2016,26
48003,2017,13
48003,2018,26
48003,2019,26
48003,2020,34
48003,2021,9
48003,2022,41
48003,2023,56
48003,2024,39
48003,2025,10
48005,1980,34
48005,1981,12
48005,1982,11
48005,1984,3
48005,1985,9
48005,1986,16
48005,1987,15
48005,1988,11
48005,1989,2
48005,1990,12
48005,1993,10
48005,1995,19
48005,1996,23
48005,1997,6
48005,1998,65
48005,1999,16
48005,2000,31
48005,2001,4
48005,2002,1
48005,2003,3
48005,2004,2
48005,2005,22
48005,2006,24
48005,2007,5
48005,2008,9
48005,2009,30
48005,2010,31
48005,2011,73
48005,2012,36
48005,2013,23
48005,2014,5
48005,2015,21
48005,2016,32
48005,2017,13
48005,2018,32
48005,2019,20
48005,2020,26
48005,2021,30
48005,2022,64
48005,2023,78
48005,2024,36
48005,2025,20
48007,1980,29
48007,1982,24
48007,1983,12
48007,1984,4
48007,1985,14
48007,1986,13
48007,1987,27
48007,1988,23
48007,1989,13
48007,1990,9
48007,1991,3
48007,1993,3
48007,1995,1
48007,1996,36
48007,1997,20
48007,1998,31
48007,1999,3
48007,2000,5
48007,2001,11
48007,2002,10
48007,2003,3
48007,2004,9
48007,2005,45
48007,2006,20
48007,2007,11
48007,2008,2
48007,2009,17
48007,2010,31
48007,2011,35
48007,2012,12
48007,2013,13
48007,2014,12
48007,2015,7
48007,2016,24
48007,2017,25
48007,2018,7
48007,2019,29
48007,2020,29
48007,2021,13
48007,2022,36
48007,2023,87
48007,2024,68
48007,2025,42
48009,1979,5
48009,1980,57
48009,1981,17
48009,1982,3
48009,1983,11
48009,1984,19
48009,1985,26
48009,1986,12
48009,1987,13
48009,1988,8
48009,1990,5
48009,1991,7
48009,1993,23
48009,1994,8
48009,1995,8
48009,1996,23
48009,1997,3
48009,1998,47
48009,1999,16
48009,2000,50
48009,2001,39
48009,2002,4
48009,2003,15
48009,2004,1
48009,2006,37
48009,2008,13
48009,2009,8
48009,2010,7
48009,2011,72
48009,2012,22
48009,2013,11
48009,2015,5
48009,2016,11
48009,2017,10
48009,2018,9
48009,2019,10
48009,2020,12
48009,2022,37
48009,2023,48
48009,2024,27
48011,1979,3
48011,1980,30
48011,1981,15
48011,1982,9
48011,1983,20
48011,1984,3
48011,1985,3
48011,1986,13
48011,1988,2
48011,1989,2
48011,1990,8
48011,1992,1
48011,1993,1
48011,1994,8
48011,1995,4
48011,1996,6
48011,1998,22
48011,1999,9
48011,2000,38
48011,2001,33
48011,2002,11
48011,2003,29
48011,2004,3
48011,2005,6
48011,2006,38
48011,2007,4
48011,2008,14
48011,2009,17
48011,2010,22
48011,2011,81
48011,2012,45
48011,2013,22
48011,2014,16
48011,2015,15
48011,2016,32
48011,2017,18
48011,2018,25
48011,2019,27
48011,2020,33
48011,2021,19
48011,2022,55
48011,2023,56
48011,2024,46
48011,2025,17
48013,1979,2
48013,1980,38
48013,1981,2
48013,1982,15
48013,1983,11
48013,1984,7
48013,1985,3
48013,1986,9
48013,1987,5
48013,1988,7
48013,1989,20
48013,1990,13
48013,1991,6
48013,1992,2
48013,1994,13
48013,1995,12
48013,1996,33
48013,1997,13
48013,1998,52
48013,2000,11
48013,2001,46
48013,2002,1
48013,2003,4
48013,2004,1
48013,2005,19
48013,2006,23
48013,2008,2
48013,2009,71
48013,2010,15
48013,2011,60
48013,2012,17
48013,2013,13
48013,2014,26
48013,2015,30
48013,2016,25
48013,2017,35
48013,2018,28
48013,2019,48
48013,2020,35
48013,2021,10
48013,2022,65
48013,2023,75
48013,2024,28
48013,2025,20
48015,1980,37
48015,1981,5
48015,1982,39
48015,1985,10
48015,1986,9
48015,1987,3
48015,1988,14
48015,1990,24
48015,1991,8
48015,1993,8
48015,1994,1
48015,1995,7
48015,1996,11
48015,1997,12
48015,1998,76
48015,1999,28
48015,2000,33
48015,2001,20
48015,2003,5
48015,2005,16
48015,2006,5
48015,2007,4
48015,2008,6
48015,2009,60
48015,2010,26
48015,2011,76
48015,2012,13
48015,2013,32
48015,2014,12
48015,2015,14
48015,2016,23
48015,2017,23
48015,2018,22
48015,2019,35
48015,2020,30
48015,2021,5
48015,2022,65
48015,2023,89
48015,2024,32
48015,2025,4
48017,1979,1
48017,1980,46
48017,1981,18
48017,1982,12
48017,1983,26
48017,1984,1
48017,1985,7
48017,1986,12
48017,1987,10
48017,1989,7
48017,1990,20
48017,1991,5
48017,1992,3
48017,1993,19
48017,1994,20
48017,1995,6
48017,1996,22
48017,1997,8
48017,1998,37
48017,1999,10
48017,2000,19
48017,2001,28
48017,2002,15
48017,2003,17
48017,2006,18
48017,2007,5
48017,2008,4
48017,2009,9
48017,2010,9
48017,2011,70
48017,2012,25
48017,2013,10
48017,2014,11
48017,2015,4
48017,2016,15
48017,2017,6
48017,2018,13
48017,2019,16
48017,2020,31
48017,2021,8
48017,2022,32
48017,2023,39
48017,2024,29
48017,2025,12
48019,1979,3
48019,1980,41
48019,1981,9
48019,1982,9
48019,1983,9
48019,1984,9
48019,1985,7
48019,1986,14
48019,1987,15
48019,1988,12
48019,1989,29
48019,1990,18
48019,1991,6
48019,1992,1
48019,1993,2
48019,1994,12
48019,1995,11
48019,1996,24
48019,1997,7
48019,1998,20
48019,1999,1
48019,2000,39
48019,2001,42
48019,2002,5
48019,2003,6
48019,2005,2
48019,2006,19
48019,2009,32
48019,2010,6
48019,2011,59
48019,2012,16
48019,2013,13
48019,2014,10
48019,2015,26
48019,2016,33
48019,2017,38
48019,2018,43
48019,2019,39
48019,2020,36
48019,2021,2
48019,2022,62
48019,2023,78
48019,2024,54
48019,2025,15
48021,1980,40
48021,1981,1
48021,1982,31
48021,1983,2
48021,1984,13
48021,1985,18
48021,1986,12
48021,1987,1
48021,1988,15
48021,1989,2
48021,1990,15
48021,1993,2
48021,1994,5
48021,1995,13
48021,1996,24
48021,1997,7
48021,1998,49
48021,1999,16
48021,2000,29
48021,2001,18
48021,2002,2
48021,2003,8
48021,2004,2
48021,2005,10
48021,2006,26
48021,2008,22
48021,2009,72
48021,2010,16
48021,2011,58
48021,2012,21
48021,2013,32
48021,2014,15
48021,2015,18
48021,2016,25
48021,2017,39
48021,2018,33
48021,2019,34
48021,2020,31
48021,2021,5
48021,2022,61
48021,2023,81
48021,2024,43
48021,2025,27
48023,1980,36
48023,1981,11
48023,1982,3
48023,1983,14
48023,1984,6
48023,1985,9
48023,1986,11
48023,1987,5
48023,1988,4
48023,1989,1
48023,1990,3
48023,1991,3
48023,1993,15
48023,1994,9
48023,1995,5
48023,1996,18
48023,1997,3
48023,1998,46
48023,1999,22
48023,2000,51
48023,2001,31
48023,2002,3
48023,2003,22
48023,2006,34
48023,2008,8
48023,2009,21
48023,2010,19
48023,2011,83
48023,2012,39
48023,2013,20
48023,2014,11
48023,2015,14
48023,2016,20
48023,2017,8
48023,2018,23
48023,2019,14
48023,2020,21
48023,2021,3
48023,2022,39
48023,2023,49
48023,2024,33
48023,2025,7
48025,1980,42
48025,1982,25
48025,1983,3
48025,1984,7
48025,1985,32
48025,1986,20
48025,1987,9
48025,1988,31
48025,1989,36
48025,1990,15
48025,1991,11
48025,1992,2
48025,1994,6
48025,1995,13
48025,1996,24
48025,1997,19
48025,1998,58
48025,1999,7
48025,2000,9
48025,2001,19
48025,2002,1
48025,2003,2
48025,2004,2
48025,2005,9
48025,2006,3
48025,2009,62
48025,2010,10
48025,2011,50
48025,2012,14
48025,2013,9
48025,2014,21
48025,2015,3
48025,2016,9
48025,2017,12
48025,2018,7
48025,2019,22
48025,2020,20
48025,2022,13
48025,2023,79
48025,2024,12
48025,2025,20
48027,1980,46
48027,1981,3
48027,1982,22
48027,1984,6
48027,1985,20
48027,1986,12
48027,1987,9
48027,1988,8
48027,1989,2
48027,1990,1
48027,1994,6
48027,1995,4
48027,1996,22
48027,1997,5
48027,1998,44
48027,1999,14
48027,2000,43
48027,2001,13
48027,2002,2
48027,2003,7
48027,2005,4
48027,2006,21
48027,2007,3
48027,2008,19
48027,2009,71
48027,2010,40
48027,2011,79
48027,2012,32
48027,2013,28
48027,2014,13
48027,2015,17
48027,2016,24
48027,2017,16
48027,2018,38
48027,2019,21
48027,2020,36
48027,2021,1
48027,2022,56
48027,2023,79
48027,2024,34
48027,2025,4
48029,1979,2
48029,1980,41
48029,1981,6
48029,1982,10
48029,1983,8
48029,1984,3
48029,1985,8
48029,1986,17
48029,1987,9
48029,1988,7
48029,1989,15
48029,1990,7
48029,1991,3
48029,1993,2
48029,1994,11
48029,1995,4
48029,1996,19
48029,1997,8
48029,1998,47
48029,1999,7
48029,2000,14
48029,2001,24
48029,2003,2
48029,2005,13
48029,2006,26
48029,2009,78
48029,2010,20
48029,2011,71
48029,2012,22
48029,2013,34
48029,2014,26
48029,2015,30
48029,2016,30
48029,2017,27
48029,2018,18
48029,2019,23
48029,2020,23
48029,2022,33
48029,2023,67
48029,2024,39
48029,2025,17
48031,1979,2
48031,1980,40
48031,1981,7
48031,1982,28
48031,1983,6
48031,1984,16
48031,1985,17
48031,1986,10
48031,1987,5
48031,1988,7
48031,1989,14
48031,1990,6
48031,1991,2
48031,1993,1
48031,1994,11
48031,1995,7
48031,1996,28
48031,1997,2
48031,1998,47
48031,1999,16
48031,2000,26
48031,2001,34
48031,2003,3
48031,2005,8
48031,2006,25
48031,2008,13
48031,2009,52
48031,2010,19
48031,2011,58
48031,2012,21
48031,2013,17
48031,2014,9
48031,2015,13
48031,2016,31
48031,2017,15
48031,2018,20
48031,2019,22
48031,2020,31
48031,2021,2
48031,2022,72
48031,2023,92
48031,2024,44
48031,2025,14
48033,1979,3
48033,1980,39
48033,1981,15
48033,1982,4
48033,1983,24
48033,1984,14
48033,1985,9
48033,1986,11
48033,1987,7
48033,1989,8
48033,1990,17
48033,1991,1
48033,1993,3
48033,1994,23
48033,1995,9
48033,1996,19
48033,1997,2
48033,1998,51
48033,1999,13
48033,2000,18
48033,2001,29
48033,2002,14
48033,2003,18
48033,2005,4
48033,2006,23
48033,2008,17
48033,2009,18
48033,2010,11
48033,2011,81
48033,2012,37
48033,2013,23
48033,2014,6
48033,2015,10
48033,2016,19
48033,2017,8
48033,2018,28
48033,2019,28
48033,2020,34
48033,2021,3
48033,2022,52
48033,2023,56
48033,2024,39
48033,2025,10
48035,1980,38
48035,1982,6
48035,1984,11
48035,1985,19
48035,1986,5
48035,1987,11
48035,1988,7
48035,1992,1
48035,1993,22
48035,1994,19
48035,1995,5
48035,1996,21
48035,1997,6
48035,1998,50
48035,1999,24
48035,2000,29
48035,2001,33
48035,2002,2
48035,2003,8
48035,2005,12
48035,2006,32
48035,2007,3
48035,2008,20
48035,2009,33
48035,2010,22
48035,2011,73
48035,2012,30
48035,2013,18
48035,2014,5
48035,2015,10
48035,2016,10
48035,2017,3
48035,2018,15
48035,2019,11
48035,2020,12
48035,2022,38
48035,2023,71
48035,2024,20
48037,1980,44
48037,1981,6
48037,1982,7
48037,1983,3
48037,1985,2
48037,1986,12
48037,1987,30
48037,1988,20
48037,1989,2
48037,1990,21
48037,1991,1
48037,1993,24
48037,1994,1
48037,1995,34
48037,1996,3
48037,1997,8
48037,1998,56
48037,1999,21
48037,2000,33
48037,2001,18
48037,2002,15
48037,2003,4
48037,2005,24
48037,2006,25
48037,2007,8
48037,2008,12
48037,2009,12
48037,2010,29
48037,2011,67
48037,2012,25
48037,2013,14
48037,2015,18
48037,2016,20
48037,2017,3
48037,2018,19
48037,2019,15
48037,2020,2
48037,2021,7
48037,2022,34
48037,2023,33
48037,2024,18
48037,2025,16
48039,1979,1
48039,1980,19
48039,1981,7
48039,1982,18
48039,1983,7
48039,1984,4
48039,1985,6
48039,1986,10
48039,1987,17
48039,1988,6
48039,1989,1
48039,1990,8
48039,1991,6
48039,1992,3
48039,1993,14
48039,1995,19
48039,1996,18
48039,1997,24
48039,1998,21
48039,1999,24
48039,2000,27
48039,2002,2
48039,2003,5
48039,2004,8
48039,2005,18
48039,2006,3
48039,2007,9
48039,2008,3
48039,2009,49
48039,2010,35
48039,2011,61
48039,2012,26
48039,2013,32
48039,2014,17
48039,2015,38
48039,2016,68
48039,2017,33
48039,2018,39
48039,2019,39
48039,2020,43
48039,2021,20
48039,2022,45
48039,2023,82
48039,2024,41
48039,2025,28
48041,1980,35
48041,1981,2
48041,1982,9
48041,1985,16
48041,1986,8
48041,1987,12
48041,1988,22
48041,1989,5
48041,1990,11
48041,1993,4
48041,1994,4
48041,1995,27
48041,1996,41
48041,1997,5
48041,1998,53
48041,1999,15
48041,2000,26
48041,2001,28
48041,2003,5
48041,2005,15
48041,2006,9
48041,2007,4
48041,2008,17
48041,2009,72
48041,2010,31
48041,2011,70
48041,2012,37
48041,2013,35
48041,2014,8
48041,2015,16
48041,2016,26
48041,2017,26
48041,2018,24
48041,2019,32
48041,2020,27
48041,2021,7
48041,2022,71
48041,2023,92
48041,2024,32
48041,2025,5
48043,1979,2
48043,1980,43
48043,1981,7
48043,1982,9
48043,1983,17
48043,1984,2
48043,1985,5
48043,1986,4
48043,1987,6
48043,1989,11
48043,1990,17
48043,1992,7
48043,1993,3
48043,1994,22
48043,1995,22
48043,1996,38
48043,1997,6
48043,1998,49
48043,1999,23
48043,2000,30
48043,2001,41
48043,2002,14
48043,2003,12
48043,2004,7
48043,2005,13
48043,2006,12
48043,2008,21
48043,2009,18
48043,2010,11
48043,2011,57
48043,2012,12
48043,2013,8
48043,2014,12
48043,2015,13
48043,2016,26
48043,2017,14
48043,2018,26
48043,2019,22
48043,2020,32
48043,2021,15
48043,2022,36
48043,2023,64
48043,2024,52
48043,2025,16
48045,1979,2
48045,1980,33
48045,1981,19
48045,1982,7
48045,1983,15
48045,1985,7
48045,1986,9
48045,1987,2
48045,1989,2
48045,1990,16
48045,1992,2
48045,1993,11
48045,1994,15
48045,1995,8
48045,1996,13
48045,1997,2
48045,1998,40
48045,1999,15
48045,2000,12
48045,2001,34
48045,2002,12
48045,2003,17
48045,2006,22
48045,2007,5
48045,2008,9
48045,2009,14
48045,2010,14
48045,2011,81
48045,2012,33
48045,2013,19
48045,2014,9
48045,2015,15
48045,2016,28
48045,2017,9
48045,2018,33
48045,2019,26
48045,2020,33
48045,2021,19
48045,2022,55
48045,2023,45
48045,2024,53
48045,2025,32
48047,1979,2
48047,1980,32
48047,1982,4
48047,1983,4
48047,1986,1
48047,1987,2
48047,1988,3
48047,1989,6
48047,1990,10
48047,1991,3
48047,1992,2
48047,1994,6
48047,1995,15
48047,1996,30
48047,1997,37
48047,1998,77
48047,1999,8
48047,2000,19
48047,2001,33
48047,2002,15
48047,2003,12
48047,2004,10
48047,2005,10
48047,2006,7
48047,2008,5
48047,2009,62
48047,2011,62
48047,2012,7
48047,2013,13
48047,2014,37
48047,2016,18
48047,2017,13
48047,2018,9
48047,2019,25
48047,2020,14
48047,2022,13
48047,2023,62
48047,2024,15
48049,1980,24
48049,1981,9
48049,1982,8
48049,1983,1
48049,1984,23
48049,1985,20
48049,1986,12
48049,1987,6
48049,1988,3
48049,1989,19
48049,1990,6
48049,1993,6
48049,1994,10
48049,1995,7
48049,1996,9
48049,1997,3
48049,1998,29
48049,1999,18
48049,2000,33
48049,2001,23
48049,2002,4
48049,2003,12
48049,2005,2
48049,2006,39
48049,2008,16
48049,2009,10
48049,2010,30
48049,2011,85
48049,2012,38
48049,2013,33
48049,2014,19
48049,2015,29
48049,2016,30
48049,2017,12
48049,2018,55
48049,2019,26
48049,2020,21
48049,2021,4
48049,2022,62
48049,2023,65
48049,2024,31
48049,2025,1
48051,1980,33
48051,1981,3
48051,1982,17
48051,1984,7
48051,1985,28
48051,1986,16
48051,1987,15
48051,1988,16
48051,1989,3
48051,1990,17
48051,1993,16
48051,1994,9
48051,1995,10
48051,1996,29
48051,1997,5
48051,1998,50
48051,1999,5
48051,2000,17
48051,2001,1
48051,2003,1
48051,2004,6
48051,2005,22
48051,2006,15
48051,2007,5
48051,2008,11
48051,2009,36
48051,2010,11
48051,2011,60
48051,2012,28
48051,2013,40
48051,2014,18
48051,2015,19
48051,2016,17
48051,2017,18
48051,2018,13
48051,2019,12
48051,2020,20
48051,2021,2
48051,2022,66
48051,2023,72
48051,2024,20
48051,2025,1
48053,1980,25
48053,1981,2
48053,1982,10
48053,1983,1
48053,1984,10
48053,1985,22
48053,1986,10
48053,1987,5
48053,1988,4
48053,1989,7
48053,1990,7
48053,1993,17
48053,1994,18
48053,1995,9
48053,1996,23
48053,1997,9
48053,1998,31
48053,1999,17
48053,2000,31
48053,2001,23
48053,2002,3
48053,2003,10
48053,2004,3
48053,2005,13
48053,2006,28
48053,2007,2
48053,2008,17
48053,2009,50
48053,2010,23
48053,2011,75
48053,2012,39
48053,2013,23
48053,2014,19
48053,2015,31
48053,2016,34
48053,2017,25
48053,2018,46
48053,2019,30
48053,2020,38
48053,2021,2
48053,2022,59
48053,2023,85
48053,2024,30
48053,2025,8
48055,1980,21
48055,1981,2
48055,1982,34
48055,1983,8
48055,1984,26
48055,1985,23
48055,1986,14
48055,1987,13
48055,1988,29
48055,1989,27
48055,1990,26
48055,1991,4
48055,1993,12
48055,1994,24
48055,1995,20
48055,1996,35
48055,1997,8
48055,1998,55
48055,1999,8
48055,2000,17
48055,2001,27
48055,2003,3
48055,2004,1
48055,2005,5
48055,2006,22
48055,2008,13
48055,2009,52
48055,2010,11
48055,2011,38
48055,2013,1
48055,2014,39
48055,2015,39
48055,2016,31
48055,2017,40
48055,2018,51
48055,2019,53
48055,2020,47
48055,2021,4
48055,2022,67
48055,2023,93
48055,2024,45
48055,2025,35
48057,1979,2
48057,1980,34
48057,1981,28
48057,1982,24
48057,1983,6
48057,1984,4
48057,1985,17
48057,1986,19
48057,1987,2
48057,1988,26
48057,1989,13
48057,1990,20
48057,1991,15
48057,1992,23
48057,1993,41
48057,1994,12
48057,1995,14
48057,1996,9
48057,1997,7
48057,1998,23
48057,1999,4
48057,2000,6
48057,2001,2
48057,2003,3
48057,2004,7
48057,2005,25
48057,2007,6
48057,2008,9
48057,2009,23
48057,2010,19
48057,2011,55
48057,2012,18
48057,2013,9
48057,2014,15
48057,2015,8
48057,2016,25
48057,2017,13
48057,2018,4
48057,2019,30
48057,2020,30
48057,2021,8
48057,2022,19
48057,2023,71
48057,2024,26
48057,2025,24
48059,1980,30
48059,1981,13
48059,1982,8
48059,1983,17
48059,1984,16
48059,1985,22
48059,1986,12
48059,1987,16
48059,1988,12
48059,1989,15
48059,1990,15
48059,1991,3
48059,1993,24
48059,1994,9
48059,1995,13
48059,1996,18
48059,1997,7
48059,1998,37
48059,1999,28
48059,2000,44
48059,2001,31
48059,2002,4
48059,2003,11
48059,2006,33
48059,2008,4
48059,2009,19
48059,2010,31
48059,2011,79
48059,2012,30
48059,2013,16
48059,2014,6
48059,2015,10
48059,2016,30
48059,2017,6
48059,2018,31
48059,2019,14
48059,2020,24
48059,2021,4
48059,2022,48
48059,2023,59
48059,2024,33
48059,2025,3
48061,1979,12
48061,1980,38
48061,1981,10
48061,1982,24
48061,1983,12
48061,1984,2
48061,1985,5
48061,1986,2
48061,1987,8
48061,1988,6
48061,1989,4
48061,1990,3
48061,1991,3
48061,1995,5
48061,1997,18
48061,1998,59
48061,1999,10
48061,2000,13
48061,2001,33
48061,2002,24
48061,2003,19
48061,2004,18
48061,2005,42
48061,2006,12
48061,2009,42
48061,2010,27
48061,2011,46
48061,2012,46
48061,2013,19
48061,2014,33
48061,2015,16
48061,2016,53
48061,2017,39
48061,2018,53
48061,2019,57
48061,2020,21
48061,2021,15
48061,2022,37
48061,2023,87
48061,2024,45
48061,2025,27
48063,1980,40
48063,1981,7
48063,1982,6
48063,1984,5
48063,1985,5
48063,1986,10
48063,1987,18
48063,1988,4
48063,1990,6
48063,1993,9
48063,1995,12
48063,1996,5
48063,1997,2
48063,1998,53
48063,1999,20
48063,2000,30
48063,2001,12
48063,2003,6
48063,2005,11
48063,2006,10
48063,2007,96
48063,2008,19
48063,2009,11
48063,2010,23
48063,2011,70
48063,2012,48
48063,2013,34
48063,2014,16
48063,2015,38
48063,2016,32
48063,2017,5
48063,2018,21
48063,2019,13
48063,2020,5
48063,2021,1
48063,2022,44
48063,2023,46
48063,2024,12
48063,2025,8
48065,1979,3
48065,1980,42
48065,1981,16
48065,1982,11
48065,1983,28
48065,1984,3
48065,1985,11
48065,1986,9
48065,1987,1
48065,1988,3
48065,1989,4
48065,1990,32
48065,1991,3
48065,1992,5
48065,1993,11
48065,1994,26
48065,1995,6
48065,1996,7
48065,1997,2
48065,1998,21
48065,1999,6
48065,2000,8
48065,2001,23
48065,2002,3
48065,2003,19
48065,2004,2
48065,2005,8
48065,2006,38
48065,2007,6
48065,2008,17
48065,2009,16
48065,2010,14
48065,2011,66
48065,2012,33
48065,2013,26
48065,2014,9
48065,2015,9
48065,2016,27
48065,2017,21
48065,2018,34
48065,2019,28
48065,2020,41
48065,2021,26
48065,2022,55
48065,2023,55
48065,2024,52
48065,2025,19
48067,1980,47
48067,1981,11
48067,1982,1
48067,1983,8
48067,1984,2
48067,1985,5
48067,1986,8
48067,1987,9
48067,1988,14
48067,1990,15
48067,1993,10
48067,1994,2
48067,1995,28
48067,1996,3
48067,1997,16
48067,1998,40
48067,1999,12
48067,2000,16
48067,2001,35
48067,2002,10
48067,2003,8
48067,2005,24
48067,2006,27
48067,2007,9
48067,2008,12
48067,2009,14
48067,2010,31
48067,2011,73
48067,2012,28
48067,2013,20
48067,2014,5
48067,2015,21
48067,2016,18
48067,2017,5
48067,2018,18
48067,2019,17
48067,2020,2
48067,2021,3
48067,2022,36
48067,2023,37
48067,2024,10
48067,2025,11
48069,1979,5
48069,1980,39
48069,1981,16
48069,1982,5
48069,1983,22
48069,1984,1
48069,1985,19
48069,1986,10
48069,1987,10
48069,1988,6
48069,1989,2
48069,1990,19
48069,1992,2
48069,1993,10
48069,1994,16
48069,1995,5
48069,1996,13
48069,1997,7
48069,1998,35
48069,1999,11
48069,2000,13
48069,2001,32
48069,2002,11
48069,2003,17
48069,2004,2
48069,2005,1
48069,2006,28
48069,2007,6
48069,2008,7
48069,2009,7
48069,2010,22
48069,2011,76
48069,2012,30
48069,2013,9
48069,2014,3
48069,2015,2
48069,2016,18
48069,2017,10
48069,2018,12
48069,2019,22
48069,2020,31
48069,2021,7
48069,2022,46
48069,2023,42
48069,2024,43
48069,2025,14
48071,1979,2
48071,1980,39
48071,1981,31
48071,1982,31
48071,1983,26
48071,1984,10
48071,1985,26
48071,1986,26
48071,1987,23
48071,1988,9
48071,1989,2
48071,1990,9
48071,1991,1
48071,1992,19
48071,1993,9
48071,1994,2
48071,1995,13
48071,1996,16
48071,1997,15
48071,1998,47
48071,1999,30
48071,2000,35
48071,2001,14
48071,2002,6
48071,2003,4
48071,2004,4
48071,2005,5
48071,2006,2
48071,2007,7
48071,2008,1
48071,2009,8
48071,2010,20
48071,2011,36
48071,2012,6
48071,2013,2
48071,2015,18
48071,2016,14
48071,2017,9
48071,2018,9
48071,2019,16
48071,2020,11
48071,2021,7
48071,2022,9
48071,2023,64
48071,2024,31
48071,2025,5
48073,1980,47
48073,1981,8
48073,1982,17
48073,1983,2
48073,1984,19
48073,1985,19
48073,1986,16
48073,1987,28
48073,1988,3
48073,1989,1
48073,1990,5
48073,1993,10
48073,1995,13
48073,1996,9
48073,1998,64
48073,1999,37
48073,2000,47
48073,2001,6
48073,2002,5
48073,2003,7
48073,2005,16
48073,2006,30
48073,2007,5
48073,2008,15
48073,2009,22
48073,2010,30
48073,2011,79
48073,2012,19
48073,2013,23
48073,2015,14
48073,2016,24
48073,2018,22
48073,2019,8
48073,2020,4
48073,2022,34
48073,2023,42
48073,2024,8
48073,2025,5
48075,1979,4
48075,1980,40
48075,1981,17
48075,1982,6
48075,1983,32
48075,1984,7
48075,1985,5
48075,1986,10
48075,1988,2
48075,1989,4
48075,1990,19
48075,1991,3
48075,1992,4
48075,1993,27
48075,1994,19
48075,1995,10
48075,1996,22
48075,1998,48
48075,1999,13
48075,2000,26
48075,2001,29
48075,2002,3
48075,2003,15
48075,2006,24
48075,2007,2
48075,2008,13
48075,2009,11
48075,2010,4
48075,2011,79
48075,2012,30
48075,2013,16
48075,2014,8
48075,2015,10
48075,2016,12
48075,2017,7
48075,2018,17
48075,2019,20
48075,2020,26
48075,2021,9
48075,2022,55
48075,2023,41
48075,2024,44
48075,2025,10
48077,1980,69
48077,1981,23
48077,1982,9
48077,1983,26
48077,1984,26
48077,1985,15
48077,1986,16
48077,1987,13
48077,1988,18
48077,1989,10
48077,1990,8
48077,1991,9
48077,1993,27
48077,1994,7
48077,1995,5
48077,1996,25
48077,1997,10
48077,1998,21
48077,1999,3
48077,2000,18
48077,2001,42
48077,2002,3
48077,2003,23
48077,2005,3
48077,2006,37
48077,2008,10
48077,2009,10
48077,2010,19
48077,2011,75
48077,2012,30
48077,2013,16
48077,2014,3
48077,2015,7
48077,2016,15
48077,2017,4
48077,2018,18
48077,2019,12
48077,2020,18
48077,2022,43
48077,2023,55
48077,2024,30
48077,2025,2
48079,1979,5
48079,1980,21
48079,1981,9
48079,1982,2
48079,1983,4
48079,1986,6
48079,1987,7
48079,1989,2
48079,1990,17
48079,1991,5
48079,1992,2
48079,1993,15
48079,1994,20
48079,1995,8
48079,1996,12
48079,1997,5
48079,1998,35
48079,1999,8
48079,2000,13
48079,2001,33
48079,2002,17
48079,2003,17
48079,2004,4
48079,2005,3
48079,2006,28
48079,2007,4
48079,2008,11
48079,2009,19
48079,2010,26
48079,2011,81
48079,2012,26
48079,2013,11
48079,2014,11
48079,2015,7
48079,2016,29
48079,2017,15
48079,2018,20
48079,2019,21
48079,2020,34
48079,2021,12
48079,2022,46
48079,2023,51
48079,2024,40
48079,2025,7
48081,1980,32
48081,1981,9
48081,1982,6
48081,1983,13
48081,1984,22
48081,1985,20
48081,1986,14
48081,1987,3
48081,1988,4
48081,1989,25
48081,1990,20
48081,1992,1
48081,1993,12
48081,1994,21
48081,1995,10
48081,1996,26
48081,1997,5
48081,1998,43
48081,1999,14
48081,2000,49
48081,2001,40
48081,2002,10
48081,2003,12
48081,2004,2
48081,2005,3
48081,2006,40
48081,2009,5
48081,2010,2
48081,2011,43
48081,2012,6
48081,2013,3
48081,2015,9
48081,2016,14
48081,2018,5
48081,2019,5
48081,2020,11
48081,2022,31
48081,2023,37
48081,2024,30
48083,1979,1
48083,1980,30
48083,1981,9
48083,1983,7
48083,1984,20
48083,1985,25
48083,1986,13
48083,1988,6
48083,1989,10
48083,1990,4
48083,1993,6
48083,1994,12
48083,1995,6
48083,1996,9
48083,1997,1
48083,1998,20
48083,1999,26
48083,2000,36
48083,2001,25
48083,2002,5
48083,2003,19
48083,2004,1
48083,2005,5
48083,2006,39
48083,2008,19
48083,2009,32
48083,2010,27
48083,2011,87
48083,2012,41
48083,2013,23
48083,2014,11
48083,2015,25
48083,2016,34
48083,2017,11
48083,2018,54
48083,2019,28
48083,2020,37
48083,2021,9
48083,2022,62
48083,2023,73
48083,2024,38
48083,2025,5
48085,1979,2
48085,1980,60
48085,1981,7
48085,1982,5
48085,1983,4
48085,1984,15
48085,1985,18
48085,1986,13
48085,1987,24
48085,1988,15
48085,1990,3
48085,1991,1
48085,1993,11
48085,1994,1
48085,1995,14
48085,1996,13
48085,1997,3
48085,1998,59
48085,1999,9
48085,2000,22
48085,2001,24
48085,2003,9
48085,2005,5
48085,2006,44
48085,2007,3
48085,2008,16
48085,2009,14
48085,2010,44
48085,2011,66
48085,2012,30
48085,2013,26
48085,2014,8
48085,2015,20
48085,2016,16
48085,2017,5
48085,2018,22
48085,2019,19
48085,2020,19
48085,2021,7
48085,2022,52
48085,2023,53
48085,2024,44
48085,2025,20
48087,1979,4
48087,1980,31
48087,1981,11
48087,1982,4
48087,1983,26
48087,1984,11
48087,1986,8
48087,1988,12
48087,1989,6
48087,1990,13
48087,1991,5
48087,1993,8
48087,1994,21
48087,1995,4
48087,1996,14
48087,1997,3
48087,1998,52
48087,1999,14
48087,2000,3
48087,2001,40
48087,2002,4
48087,2003,23
48087,2004,5
48087,2005,5
48087,2006,24
48087,2007,5
48087,2008,15
48087,2009,12
48087,2010,15
48087,2011,87
48087,2012,40
48087,2013,18
48087,2014,6
48087,2015,6
48087,2016,13
48087,2017,15
48087,2018,6
48087,2019,13
48087,2020,17
48087,2022,31
48087,2023,31
48087,2024,29
48087,2025,2
48089,1980,36
48089,1982,38
48089,1983,2
48089,1985,31
48089,1986,16
48089,1987,1
48089,1988,20
48089,1989,9
48089,1990,14
48089,1993,13
48089,1995,15
48089,1996,23
48089,1997,5
48089,1998,54
48089,1999,21
48089,2000,27
48089,2001,7
48089,2003,3
48089,2004,3
48089,2005,9
48089,2006,2
48089,2008,5
48089,2009,63
48089,2010,24
48089,2011,68
48089,2012,21
48089,2013,33
48089,2014,27
48089,2015,29
48089,2016,31
48089,2017,24
48089,2018,31
48089,2019,33
48089,2020,25
48089,2021,2
48089,2022,62
48089,2023,89
48089,2024,39
48089,2025,15
48091,1980,34
48091,1981,2
48091,1982,27
48091,1983,2
48091,1984,15
48091,1985,12
48091,1986,11
48091,1987,7
48091,1988,12
48091,1989,19
48091,1990,4
48091,1993,13
48091,1994,18
48091,1995,13
48091,1996,30
48091,1997,9
48091,1998,52
48091,1999,18
48091,2000,20
48091,2001,35
48091,2003,3
48091,2005,11
48091,2006,17
48091,2008,13
48091,2009,71
48091,2010,18
48091,2011,58
48091,2012,5
48091,2013,9
48091,2014,21
48091,2015,14
48091,2016,23
48091,2017,34
48091,2018,50
48091,2019,35
48091,2020,37
48091,2021,1
48091,2022,56
48091,2023,87
48091,2024,34
48091,2025,14
48093,1980,32
48093,1981,9
48093,1982,5
48093,1983,8
48093,1984,20
48093,1985,18
48093,1986,10
48093,1987,16
48093,1988,7
48093,1989,4
48093,1990,8
48093,1992,1
48093,1993,20
48093,1994,10
48093,1995,9
48093,1996,15
48093,1998,40
48093,1999,24
48093,2000,44
48093,2001,28
48093,2003,6
48093,2006,31
48093,2008,11
48093,2009,1
48093,2010,21
48093,2011,72
48093,2012,26
48093,2013,25
48093,2014,13
48093,2015,12
48093,2016,30
48093,2017,12
48093,2018,33
48093,2019,23
48093,2020,29
48093,2021,10
48093,2022,68
48093,2023,87
48093,2024,47
48093,2025,18
48095,1979,5
48095,1980,34
48095,1981,8
48095,1982,16
48095,1983,23
48095,1984,11
48095,1985,16
48095,1986,8
48095,1987,4
48095,1989,13
48095,1990,14
48095,1992,1
48095,1993,22
48095,1994,21
48095,1995,11
48095,1996,23
48095,1997,8
48095,1998,46
48095,1999,24
48095,2000,45
48095,2001,33
48095,2002,8
48095,2003,16
48095,2005,1
48095,2006,23
48095,2008,5
48095,2009,17
48095,2010,17
48095,2011,69
48095,2012,13
48095,2013,2
48095,2014,2
48095,2015,8
48095,2016,19
48095,2017,6
48095,2018,28
48095,2019,17
48095,2020,29
48095,2022,41
48095,2023,60
48095,2024,27
48097,1980,41
48097,1981,7
48097,1982,2
48097,1983,7
48097,1984,14
48097,1985,23
48097,1986,12
48097,1987,20
48097,1988,19
48097,1990,10
48097,1991,2
48097,1993,21
48097,1994,2
48097,1995,7
48097,1996,15
48097,1997,9
48097,1998,55
48097,1999,23
48097,2000,42
48097,2001,25
48097,2002,2
48097,2003,20
48097,2005,3
48097,2006,41
48097,2007,4
48097,2008,12
48097,2009,12
48097,2010,26
48097,2011,70
48097,2012,29
48097,2013,11
48097,2015,7
48097,2016,8
48097,2017,2
48097,2018,10
48097,2019,9
48097,2020,2
48097,2022,34
48097,2023,40
48097,2024,18
48097,2025,3
48099,1980,43
48099,1981,1
48099,1982,22
48099,1983,4
48099,1984,23
48099,1985,21
48099,1986,12
48099,1987,16
48099,1988,12
48099,1989,10
48099,1990,5
48099,1993,10
48099,1994,11
48099,1995,6
48099,1996,4
48099,1997,7
48099,1998,36
48099,1999,13
48099,2000,40
48099,2001,28
48099,2002,1
48099,2003,10
48099,2005,2
48099,2006,19
48099,2008,7
48099,2009,24
48099,2010,26
48099,2011,82
48099,2012,38
48099,2013,33
48099,2014,15
48099,2015,32
48099,2016,34
48099,2017,35
48099,2018,52
48099,2019,27
48099,2020,34
48099,2021,1
48099,2022,58
48099,2023,81
48099,2024,38
48099,2025,3
48101,1979,1
48101,1980,34
48101,1981,15
48101,1982,3
48101,1983,21
48101,1984,2
48101,1986,11
48101,1988,3
48101,1989,5
48101,1990,11
48101,1991,3
48101,1993,19
48101,1994,16
48101,1995,7
48101,1996,20
48101,1997,1
48101,1998,46
48101,1999,18
48101,2000,18
48101,2001,28
48101,2002,8
48101,2003,21
48101,2005,7
48101,2006,38
48101,2008,13
48101,2009,18
48101,2010,10
48101,2011,83
48101,2012,43
48101,2013,20
48101,2014,6
48101,2015,12
48101,2016,16
48101,2017,13
48101,2018,28
48101,2019,22
48101,2020,25
48101,2021,9
48101,2022,58
48101,2023,48
48101,2024,36
48101,2025,8
48103,1979,2
48103,1980,46
48103,1981,11
48103,1982,19
48103,1983,19
48103,1984,7
48103,1985,9
48103,1986,6
48103,1988,1
48103,1989,16
48103,1990,12
48103,1991,2
48103,1992,3
48103,1993,10
48103,1994,30
48103,1995,9
48103,1996,28
48103,1997,6
48103,1998,50
48103,1999,22
48103,2000,22
48103,2001,26
48103,2002,7
48103,2003,6
48103,2005,3
48103,2006,8
48103,2008,5
48103,2009,5
48103,2011,69
48103,2012,26
48103,2013,14
48103,2014,7
48103,2015,25
48103,2016,32
48103,2017,15
48103,2018,51
48103,2019,36
48103,2020,49
48103,2021,11
48103,2022,43
48103,2023,72
48103,2024,47
48103,2025,26
48105,1979,2
48105,1980,35
48105,1981,2
48105,1982,6
48105,1983,11
48105,1984,3
48105,1985,13
48105,1986,1
48105,1987,3
48105,1988,2
48105,1989,9
48105,1990,9
48105,1992,9
48105,1993,10
48105,1994,21
48105,1995,8
48105,1996,44
48105,1997,27
48105,1998,54
48105,1999,16
48105,2000,38
48105,2001,35
48105,2002,9
48105,2003,7
48105,2005,6
48105,2006,17
48105,2008,15
48105,2009,34
48105,2010,15
48105,2011,75
48105,2012,30
48105,2013,10
48105,2015,21
48105,2016,38
48105,2017,3
48105,2018,28
48105,2019,32
48105,2020,39
48105,2021,5
48105,2022,47
48105,2023,70
48105,2024,40
48105,2025,8
48107,1979,6
48107,1980,34
48107,1981,15
48107,1982,2
48107,1983,7
48107,1985,3
48107,1986,2
48107,1987,2
48107,1989,3
48107,1990,10
48107,1993,12
48107,1994,14
48107,1995,10
48107,1996,12
48107,1997,1
48107,1998,53
48107,1999,30
48107,2000,37
48107,2001,37
48107,2002,13
48107,2003,37
48107,2004,2
48107,2005,1
48107,2006,30
48107,2008,13
48107,2009,11
48107,2010,10
48107,2011,84
48107,2012,36
48107,2013,20
48107,2014,11
48107,2015,9
48107,2016,32
48107,2017,13
48107,2018,33
48107,2019,35
48107,2020,41
48107,2021,8
48107,2022,63
48107,2023,56
48107,2024,51
48107,2025,20
48109,1979,46
48109,1980,77
48109,1981,47
48109,1982,66
48109,1983,78
48109,1984,60
48109,1985,17
48109,1986,2
48109,1987,3
48109,1989,6
48109,1990,28
48109,1994,18
48109,1995,6
48109,1996,4
48109,1998,10
48109,1999,6
48109,2001,5
48109,2002,13
48109,2003,10
48109,2004,8
48109,2005,14
48109,2006,11
48109,2007,1
48109,2008,6
48109,2009,1
48109,2010,6
48109,2011,20
48109,2012,10
48109,2013,6
48109,2014,11
48109,2015,4
48109,2016,19
48109,2017,8
48109,2018,18
48109,2019,22
48109,2020,27
48109,2021,13
48109,2022,18
48109,2023,46
48109,2024,20
48109,2025,7
48111,1979,8
48111,1980,41
48111,1981,23
48111,1982,11
48111,1983,30
48111,1984,2
48111,1985,3
48111,1986,10
48111,1987,6
48111,1988,5
48111,1989,2
48111,1990,19
48111,1992,3
48111,1993,9
48111,1994,14
48111,1995,10
48111,1996,15
48111,1997,8
48111,1998,32
48111,1999,14
48111,2000,34
48111,2001,33
48111,2002,7
48111,2003,25
48111,2004,1
48111,2005,7
48111,2006,28
48111,2007,9
48111,2008,5
48111,2009,5
48111,2010,14
48111,2011,60
48111,2012,35
48111,2013,22
48111,2014,6
48111,2015,12
48111,2016,26
48111,2017,22
48111,2018,15
48111,2019,26
48111,2020,35
48111,2021,13
48111,2022,47
48111,2023,45
48111,2024,47
48111,2025,14
48113,1979,1
48113,1980,53
48113,1981,13
48113,1982,12
48113,1983,5
48113,1984,14
48113,1985,26
48113,1986,10
48113,1987,26
48113,1988,24
48113,1990,6
48113,1993,19
48113,1994,1
48113,1995,7
48113,1996,10
48113,1997,10
48113,1998,50
48113,1999,23
48113,2000,36
48113,2001,11
48113,2003,8
48113,2005,4
48113,2006,34
48113,2007,3
48113,2008,16
48113,2009,15
48113,2010,28
48113,2011,68
48113,2012,30
48113,2013,24
48113,2014,11
48113,2015,17
48113,2016,17
48113,2017,6
48113,2018,27
48113,2019,14
48113,2020,13
48113,2021,2
48113,2022,40
48113,2023,45
48113,2024,21
48113,2025,3
48115,1979,16
48115,1980,42
48115,1981,22
48115,1982,16
48115,1983,30
48115,1984,8
48115,1985,19
48115,1986,2
48115,1987,8
48115,1989,10
48115,1990,15
48115,1993,14
48115,1994,17
48115,1995,10
48115,1996,15
48115,1997,3
48115,1998,47
48115,1999,12
48115,2000,14
48115,2001,33
48115,2002,10
48115,2003,15
48115,2004,3
48115,2005,2
48115,2006,26
48115,2008,10
48115,2009,7
48115,2010,8
48115,2011,69
48115,2012,19
48115,2013,13
48115,2014,8
48115,2015,15
48115,2016,25
48115,2017,15
48115,2018,35
48115,2019,39
48115,2020,43
48115,2021,15
48115,2022,66
48115,2023,72
48115,2024,55
48115,2025,25
48117,1980,29
48117,1981,12
48117,1982,4
48117,1983,12
48117,1985,2
48117,1986,9
48117,1987,8
48117,1988,6
48117,1989,2
48117,1990,17
48117,1991,4
48117,1992,5
48117,1993,10
48117,1994,18
48117,1995,10
48117,1996,18
48117,1997,13
48117,1998,34
48117,1999,17
48117,2000,26
48117,2001,29
48117,2002,13
48117,2003,23
48117,2004,6
48117,2005,4
48117,2006,27
48117,2007,6
48117,2008,7
48117,2009,15
48117,2010,26
48117,2011,76
48117,2012,31
48117,2013,21
48117,2014,9
48117,2015,16
48117,2016,34
48117,2017,22
48117,2018,27
48117,2019,30
48117,2020,41
48117,2021,22
48117,2022,57
48117,2023,53
48117,2024,41
48117,2025,16
48119,1980,45
48119,1981,9
48119,1982,5
48119,1984,9
48119,1985,21
48119,1986,10
48119,1987,24
48119,1988,6
48119,1990,12
48119,1993,19
48119,1995,13
48119,1996,9
48119,1997,8
48119,1998,59
48119,1999,27
48119,2000,38
48119,2001,22
48119,2003,10
48119,2005,11
48119,2006,42
48119,2007,4
48119,2008,12
48119,2009,14
48119,2010,30
48119,2011,78
48119,2012,31
48119,2013,23
48119,2014,5
48119,2015,26
48119,2016,29
48119,2017,6
48119,2018,29
48119,2019,15
48119,2020,15
48119,2021,2
48119,2022,51
48119,2023,47
48119,2024,24
48119,2025,9
48121,1979,2
48121,1980,30
48121,1982,8
48121,1983,5
48121,1984,9
48121,1985,12
48121,1986,11
48121,1987,19
48121,1988,16
48121,1989,9
48121,1990,11
48121,1993,9
48121,1994,4
48121,1995,6
48121,1996,11
48121,1997,9
48121,1998,53
48121,1999,25
48121,2000,42
48121,2001,25
48121,2002,3
48121,2003,16
48121,2005,6
48121,2006,41
48121,2007,2
48121,2008,19
48121,2009,14
48121,2010,31
48121,2011,66
48121,2012,32
48121,2013,20
48121,2014,6
48121,2015,18
48121,2016,14
48121,2017,4
48121,2018,24
48121,2019,13
48121,2020,17
48121,2021,3
48121,2022,52
48121,2023,53
48121,2024,33
48121,2025,12
48123,1980,43
48123,1982,21
48123,1983,1
48123,1984,1
48123,1985,11
48123,1986,12
48123,1987,2
48123,1988,25
48123,1989,31
48123,1990,10
48123,1992,1
48123,1994,10
48123,1995,9
48123,1996,18
48123,1997,13
48123,1998,55
48123,1999,6
48123,2000,21
48123,2001,24
48123,2003,4
48123,2004,1
48123,2005,24
48123,2006,12
48123,2007,1
48123,2008,13
48123,2009,65
48123,2010,9
48123,2011,63
48123,2012,25
48123,2013,44
48123,2014,33
48123,2015,26
48123,2016,32
48123,2017,37
48123,2018,52
48123,2019,59
48123,2020,49
48123,2022,67
48123,2023,98
48123,2024,69
48123,2025,59
48125,1979,7
48125,1980,55
48125,1981,20
48125,1982,8
48125,1983,12
48125,1984,4
48125,1985,9
48125,1986,13
48125,1987,8
48125,1988,3
48125,1989,3
48125,1990,5
48125,1993,22
48125,1994,27
48125,1995,7
48125,1996,22
48125,1997,2
48125,1998,47
48125,1999,16
48125,2000,26
48125,2001,31
48125,2002,10
48125,2003,15
48125,2005,1
48125,2006,17
48125,2008,4
48125,2009,6
48125,2010,1
48125,2011,76
48125,2012,24
48125,2013,14
48125,2014,8
48125,2015,7
48125,2016,23
48125,2017,9
48125,2018,18
48125,2019,26
48125,2020,35
48125,2021,7
48125,2022,50
48125,2023,51
48125,2024,45
48125,2025,19
48127,1979,5
48127,1980,42
48127,1982,16
48127,1983,18
48127,1984,40
48127,1985,2
48127,1986,14
48127,1987,9
48127,1988,11
48127,1989,13
48127,1990,14
48127,1991,2
48127,1992,2
48127,1993,2
48127,1995,8
48127,1996,15
48127,1997,7
48127,1998,76
48127,1999,23
48127,2000,42
48127,2001,44
48127,2002,8
48127,2003,5
48127,2005,27
48127,2006,25
48127,2008,6
48127,2009,49
48127,2010,7
48127,2011,37
48127,2012,9
48127,2013,3
48127,2014,4
48127,2015,3
48127,2016,22
48127,2017,22
48127,2018,39
48127,2019,37
48127,2020,28
48127,2022,43
48127,2023,62
48127,2024,42
48127,2025,22
48129,1979,4
48129,1980,43
48129,1981,20
48129,1982,4
48129,1983,26
48129,1984,3
48129,1986,7
48129,1988,5
48129,1989,1
48129,1990,7
48129,1992,4
48129,1993,11
48129,1994,19
48129,1995,5
48129,1996,8
48129,1997,1
48129,1998,43
48129,1999,9
48129,2000,16
48129,2001,31
48129,2002,3
48129,2003,19
48129,2004,3
48129,2005,4
48129,2006,40
48129,2007,5
48129,2008,18
48129,2009,18
48129,2010,15
48129,2011,76
48129,2012,32
48129,2013,11
48129,2014,3
48129,2015,5
48129,2016,17
48129,2017,7
48129,2018,15
48129,2019,22
48129,2020,28
48129,2021,6
48129,2022,46
48129,2023,46
48129,2024,41
48129,2025,10
48131,1980,28
48131,1982,2
48131,1983,7
48131,1984,2
48131,1985,7
48131,1986,15
48131,1987,12
48131,1988,7
48131,1989,42
48131,1990,6
48131,1991,32
48131,1992,2
48131,1993,6
48131,1994,10
48131,1995,9
48131,1996,12
48131,1997,29
48131,1998,57
48131,1999,9
48131,2000,16
48131,2001,29
48131,2002,6
48131,2003,7
48131,2004,4
48131,2005,23
48131,2006,5
48131,2008,3
48131,2009,72
48131,2011,53
48131,2012,44
48131,2013,17
48131,2014,15
48131,2015,15
48131,2016,17
48131,2017,22
48131,2018,3
48131,2019,46
48131,2020,17
48131,2022,44
48131,2023,84
48131,2024,40
48131,2025,56
48133,1979,3
48133,1980,53
48133,1981,14
48133,1982,3
48133,1983,8
48133,1984,25
48133,1985,16
48133,1986,5
48133,1987,5
48133,1988,5
48133,1989,4
48133,1990,4
48133,1991,2
48133,1993,16
48133,1994,11
48133,1995,8
48133,1996,13
48133,1997,3
48133,1998,43
48133,1999,26
48133,2000,43
48133,2001,33
48133,2002,3
48133,2003,12
48133,2006,40
48133,2008,10
48133,2009,11
48133,2010,12
48133,2011,85
48133,2012,39
48133,2013,28
48133,2014,16
48133,2015,27
48133,2016,36
48133,2017,12
48133,2018,46
48133,2019,29
48133,2020,29
48133,2021,10
48133,2022,67
48133,2023,73
48133,2024,40
48133,2025,12
48135,1979,2
48135,1980,38
48135,1981,8
48135,1982,11
48135,1983,10
48135,1985,2
48135,1988,1
48135,1989,11
48135,1990,20
48135,1991,2
48135,1992,3
48135,1993,3
48135,1994,24
48135,1995,7
48135,1996,26
48135,1998,48
48135,1999,28
48135,2000,30
48135,2001,42
48135,2002,17
48135,2003,10
48135,2004,1
48135,2005,5
48135,2006,19
48135,2008,12
48135,2009,15
48135,2010,27
48135,2011,72
48135,2012,27
48135,2013,19
48135,2014,14
48135,2015,12
48135,2016,25
48135,2017,12
48135,2018,25
48135,2019,32
48135,2020,33
48135,2021,7
48135,2022,52
48135,2023,66
48135,2024,44
48135,2025,13
48137,1979,6
48137,1980,43
48137,1982,10
48137,1983,3
48137,1984,14
48137,1985,18
48137,1986,17
48137,1987,19
48137,1988,10
48137,1989,51
48137,1990,3
48137,1991,8
48137,1992,11
48137,1993,32
48137,1994,7
48137,1995,4
48137,1996,20
48137,1997,11
48137,1998,34
48137,1999,9
48137,2000,20
48137,2001,4
48137,2002,16
48137,2003,5
48137,2005,7
48137,2006,11
48137,2008,1
48137,2009,27
48137,2010,14
48137,2011,47
48137,2012,44
48137,2013,23
48137,2014,5
48137,2015,11
48137,2016,15
48137,2017,15
48137,2018,13
48137,2019,5
48137,2020,15
48137,2022,14
48137,2023,56
48137,2024,30
48137,2025,1
48139,1980,59
48139,1981,1
48139,1982,10
48139,1983,5
48139,1984,18
48139,1985,30
48139,1986,13
48139,1987,19
48139,1988,6
48139,1990,7
48139,1993,20
48139,1995,2
48139,1996,18
48139,1997,6
48139,1998,62
48139,1999,28
48139,2000,38
48139,2001,35
48139,2003,3
48139,2005,8
48139,2006,37
48139,2007,4
48139,2008,14
48139,2009,15
48139,2010,27
48139,2011,68
48139,2012,36
48139,2013,22
48139,2014,3
48139,2015,11
48139,2016,13
48139,2017,2
48139,2018,27
48139,2019,19
48139,2020,14
48139,2022,56
48139,2023,48
48139,2024,22
48139,2025,2
48141,1979,20
48141,1980,53
48141,1981,24
48141,1982,11
48141,1984,1
48141,1989,15
48141,1990,21
48141,1991,6
48141,1992,7
48141,1993,11
48141,1994,46
48141,1995,6
48141,1996,19
48141,1997,7
48141,1998,13
48141,1999,9
48141,2000,13
48141,2001,10
48141,2002,21
48141,2003,24
48141,2004,11
48141,2005,31
48141,2006,18
48141,2007,15
48141,2008,11
48141,2009,24
48141,2010,23
48141,2011,32
48141,2012,4
48141,2013,36
48141,2014,40
48141,2017,13
48141,2018,28
48141,2019,32
48141,2020,41
48141,2021,11
48141,2022,19
48141,2023,50
48141,2024,45
48141,2025,25
48143,1980,39
48143,1981,10
48143,1982,4
48143,1983,8
48143,1984,17
48143,1985,26
48143,1986,13
48143,1987,11
48143,1988,12
48143,1989,2
48143,1990,1
48143,1991,2
48143,1993,19
48143,1994,7
48143,1995,8
48143,1996,20
48143,1997,1
48143,1998,41
48143,1999,27
48143,2000,50
48143,2001,36
48143,2002,2
48143,2003,13
48143,2005,6
48143,2006,42
48143,2008,10
48143,2009,23
48143,2010,20
48143,2011,75
48143,2012,36
48143,2013,30
48143,2014,13
48143,2015,18
48143,2016,20
48143,2017,7
48143,2018,49
48143,2019,18
48143,2020,27
48143,2021,1
48143,2022,63
48143,2023,73
48143,2024,31
48143,2025,1
48145,1980,47
48145,1981,2
48145,1982,32
48145,1983,8
48145,1984,14
48145,1985,27
48145,1986,3
48145,1987,8
48145,1988,13
48145,1989,2
48145,1990,9
48145,1993,7
48145,1994,14
48145,1995,10
48145,1996,22
48145,1997,12
48145,1998,61
48145,1999,18
48145,2000,43
48145,2001,20
48145,2002,2
48145,2003,4
48145,2005,4
48145,2006,35
48145,2008,10
48145,2009,56
48145,2010,34
48145,2011,77
48145,2012,31
48145,2013,32
48145,2014,9
48145,2015,18
48145,2016,27
48145,2017,9
48145,2018,32
48145,2019,20
48145,2020,22
48145,2022,62
48145,2023,71
48145,2024,31
48145,2025,3
48147,1979,1
48147,1980,59
48147,1981,3
48147,1983,3
48147,1984,9
48147,1985,31
48147,1986,12
48147,1987,28
48147,1988,4
48147,1990,14
48147,1993,14
48147,1995,9
48147,1996,9
48147,1997,5
48147,1998,41
48147,1999,15
48147,2000,35
48147,2001,26
48147,2003,3
48147,2005,10
48147,2006,39
48147,2007,4
48147,2008,11
48147,2009,12
48147,2010,44
48147,2011,69
48147,2012,27
48147,2013,25
48147,2014,6
48147,2015,26
48147,2016,29
48147,2017,1
48147,2018,20
48147,2019,17
48147,2020,8
48147,2021,7
48147,2022,45
48147,2023,35
48147,2024,47
48147,2025,14
48149,1980,34
48149,1982,24
48149,1984,9
48149,1985,23
48149,1986,16
48149,1987,8
48149,1988,18
48149,1989,8
48149,1990,18
48149,1993,6
48149,1994,10
48149,1995,11
48149,1996,24
48149,1997,10
48149,1998,53
48149,1999,14
48149,2000,19
48149,2001,6
48149,2003,4
48149,2005,13
48149,2006,24
48149,2007,2
48149,2008,12
48149,2009,72
48149,2010,15
48149,2011,57
48149,2012,16
48149,2013,29
48149,2014,34
48149,2015,19
48149,2016,24
48149,2017,21
48149,2018,16
48149,2019,30
48149,2020,37
48149,2021,3
48149,2022,59
48149,2023,78
48149,2024,15
48149,2025,4
48151,1979,6
48151,1980,44
48151,1981,12
48151,1982,4
48151,1983,10
48151,1984,8
48151,1985,7
48151,1986,12
48151,1987,10
48151,1988,5
48151,1989,13
48151,1990,6
48151,1991,2
48151,1993,13
48151,1994,24
48151,1995,10
48151,1996,19
48151,1997,3
48151,1998,53
48151,1999,18
48151,2000,14
48151,2001,22
48151,2002,4
48151,2003,26
48151,2004,3
48151,2006,29
48151,2008,4
48151,2009,15
48151,2010,7
48151,2011,84
48151,2012,35
48151,2013,21
48151,2014,21
48151,2015,23
48151,2016,33
48151,2017,15
48151,2018,46
48151,2019,27
48151,2020,33
48151,2022,43
48151,2023,55
48151,2024,34
48151,2025,3
48153,1979,3
48153,1980,17
48153,1981,12
48153,1982,6
48153,1983,20
48153,1984,3
48153,1985,4
48153,1986,5
48153,1987,6
48153,1988,1
48153,1989,4
48153,1990,21
48153,1991,1
48153,1992,2
48153,1993,15
48153,1994,15
48153,1995,13
48153,1996,21
48153,1997,7
48153,1998,49
48153,1999,24
48153,2000,27
48153,2001,28
48153,2002,6
48153,2003,22
48153,2004,2
48153,2005,3
48153,2006,21
48153,2008,4
48153,2009,13
48153,2010,5
48153,2011,71
48153,2012,18
48153,2013,12
48153,2014,2
48153,2015,3
48153,2016,18
48153,2017,4
48153,2018,13
48153,2019,19
48153,2020,23
48153,2021,6
48153,2022,43
48153,2023,38
48153,2024,32
48153,2025,9
48155,1980,43
48155,1981,20
48155,1982,3
48155,1983,25
48155,1984,9
48155,1985,13
48155,1986,12
48155,1987,2
48155,1988,2
48155,1989,3
48155,1990,11
48155,1991,3
48155,1993,19
48155,1994,12
48155,1995,5
48155,1996,18
48155,1997,2
48155,1998,52
48155,1999,22
48155,2000,37
48155,2001,32
48155,2002,5
48155,2003,22
48155,2005,1
48155,2006,36
48155,2008,9
48155,2009,12
48155,2010,11
48155,2011,82
48155,2012,31
48155,2013,19
48155,2014,7
48155,2015,12
48155,2016,20
48155,2017,8
48155,2018,20
48155,2019,22
48155,2020,28
48155,2021,3
48155,2022,53
48155,2023,53
48155,2024,36
48155,2025,7
48157,1980,33
48157,1981,3
48157,1982,6
48157,1985,5
48157,1986,15
48157,1987,16
48157,1988,11
48157,1989,4
48157,1990,11
48157,1993,16
48157,1994,4
48157,1995,10
48157,1996,7
48157,1997,18
48157,1998,63
48157,1999,30
48157,2000,31
48157,2001,8
48157,2003,4
48157,2004,7
48157,2005,23
48157,2006,3
48157,2007,5
48157,2008,15
48157,2009,49
48157,2010,25
48157,2011,65
48157,2012,21
48157,2013,28
48157,2014,10
48157,2015,20
48157,2016,14
48157,2017,12
48157,2018,24
48157,2019,14
48157,2020,32
48157,2021,15
48157,2022,48
48157,2023,85
48157,2024,42
48157,2025,17
48159,1980,40
48159,1982,5
48159,1983,4
48159,1984,6
48159,1985,6
48159,1986,9
48159,1987,21
48159,1988,8
48159,1990,11
48159,1991,3
48159,1993,21
48159,1995,13
48159,1996,9
48159,1997,8
48159,1998,58
48159,1999,19
48159,2000,32
48159,2001,18
48159,2002,2
48159,2003,17
48159,2004,3
48159,2005,30
48159,2006,43
48159,2007,9
48159,2008,11
48159,2009,8
48159,2010,25
48159,2011,77
48159,2012,29
48159,2013,21
48159,2014,3
48159,2015,27
48159,2016,30
48159,2017,6
48159,2018,34
48159,2019,14
48159,2020,10
48159,2021,7
48159,2022,43
48159,2023,42
48159,2024,10
48159,2025,6
48161,1980,35
48161,1982,20
48161,1984,22
48161,1985,30
48161,1986,14
48161,1987,23
48161,1988,23
48161,1989,14
48161,1990,21
48161,1993,20
48161,1994,3
48161,1995,3
48161,1996,28
48161,1997,4
48161,1998,60
48161,1999,19
48161,2000,35
48161,2001,8
48161,2003,9
48161,2004,2
48161,2005,3
48161,2006,35
48161,2008,9
48161,2009,23
48161,2010,24
48161,2011,75
48161,2012,30
48161,2013,23
48161,2014,5
48161,2015,16
48161,2016,22
48161,2017,5
48161,2018,27
48161,2019,16
48161,2020,17
48161,2022,51
48161,2023,62
48161,2024,22
48161,2025,2
48163,1979,6
48163,1980,44
48163,1981,4
48163,1982,44
48163,1983,19
48163,1985,32
48163,1986,27
48163,1987,5
48163,1989,38
48163,1990,5
48163,1991,7
48163,1992,1
48163,1995,16
48163,1996,30
48163,1997,11
48163,1998,34
48163,2000,6
48163,2001,47
48163,2002,6
48163,2003,2
48163,2005,12
48163,2006,15
48163,2009,4
48163,2010,2
48163,2011,76
48163,2012,36
48163,2013,61
48163,2014,36
48163,2015,31
48163,2016,26
48163,2017,31
48163,2018,39
48163,2019,27
48163,2020,22
48163,2021,2
48163,2022,42
48163,2023,77
48163,2024,50
48163,2025,4
48165,1980,40
48165,1981,12
48165,1982,6
48165,1983,11
48165,1985,8
48165,1986,8
48165,1987,10
48165,1989,11
48165,1990,19
48165,1991,1
48165,1992,2
48165,1993,10
48165,1994,23
48165,1995,10
48165,1996,12
48165,1997,3
48165,1998,46
48165,1999,16
48165,2000,27
48165,2001,36
48165,2002,15
48165,2003,16
48165,2004,14
48165,2005,5
48165,2006,19
48165,2007,1
48165,2008,13
48165,2009,8
48165,2010,10
48165,2011,70
48165,2012,36
48165,2013,18
48165,2014,20
48165,2015,21
48165,2016,25
48165,2017,5
48165,2018,37
48165,2019,26
48165,2020,42
48165,2021,13
48165,2022,56
48165,2023,67
48165,2024,51
48165,2025,23
48167,1980,11
48167,1981,28
48167,1982,9
48167,1983,30
48167,1984,11
48167,1985,4
48167,1986,4
48167,1987,21
48167,1988,17
48167,1989,14
48167,1990,30
48167,1993,4
48167,1995,31
48167,1996,7
48167,1997,16
48167,1998,21
48167,1999,26
48167,2000,17
48167,2001,3
48167,2003,3
48167,2004,5
48167,2005,21
48167,2006,4
48167,2007,6
48167,2008,5
48167,2009,43
48167,2010,29
48167,2011,76
48167,2012,39
48167,2013,29
48167,2014,19
48167,2015,36
48167,2016,38
48167,2017,20
48167,2018,29
48167,2019,59
48167,2020,61
48167,2021,40
48167,2022,59
48167,2023,83
48167,2024,41
48167,2025,28
48169,1979,2
48169,1980,29
48169,1981,11
48169,1983,13
48169,1984,1
48169,1985,9
48169,1986,7
48169,1987,4
48169,1989,5
48169,1990,12
48169,1991,1
48169,1993,15
48169,1994,30
48169,1995,11
48169,1996,21
48169,1997,4
48169,1998,44
48169,1999,24
48169,2000,33
48169,2001,30
48169,2002,9
48169,2003,11
48169,2004,2
48169,2006,23
48169,2008,9
48169,2009,21
48169,2010,21
48169,2011,84
48169,2012,37
48169,2013,19
48169,2014,24
48169,2015,18
48169,2016,36
48169,2017,11
48169,2018,36
48169,2019,34
48169,2020,36
48169,2021,16
48169,2022,58
48169,2023,59
48169,2024,52
48169,2025,20
48171,1980,22
48171,1981,1
48171,1982,5
48171,1984,10
48171,1985,5
48171,1987,1
48171,1988,2
48171,1989,11
48171,1990,5
48171,1991,2
48171,1993,23
48171,1994,31
48171,1995,15
48171,1996,37
48171,1997,9
48171,1998,54
48171,1999,20
48171,2000,42
48171,2001,37
48171,2002,2
48171,2003,3
48171,2004,1
48171,2005,10
48171,2006,28
48171,2008,16
48171,2009,59
48171,2010,20
48171,2011,65
48171,2012,17
48171,2013,18
48171,2014,5
48171,2015,11
48171,2016,18
48171,2017,4
48171,2018,30
48171,2019,17
48171,2020,24
48171,2022,49
48171,2023,73
48171,2024,19
48171,2025,3
48173,1980,33
48173,1981,9
48173,1982,8
48173,1983,14
48173,1984,12
48173,1985,11
48173,1987,4
48173,1989,7
48173,1990,11
48173,1992,1
48173,1993,8
48173,1994,19
48173,1995,9
48173,1996,21
48173,1997,3
48173,1998,39
48173,1999,7
48173,2000,23
48173,2001,25
48173,2002,6
48173,2003,10
48173,2004,8
48173,2005,9
48173,2006,30
48173,2008,22
48173,2009,23
48173,2010,28
48173,2011,79
48173,2012,32
48173,2013,16
48173,2014,8
48173,2015,18
48173,2016,34
48173,2017,6
48173,2018,40
48173,2019,29
48173,2020,31
48173,2021,5
48173,2022,54
48173,2023,68
48173,2024,45
48173,2025,10
48175,1980,43
48175,1982,19
48175,1984,3
48175,1985,11
48175,1986,12
48175,1987,4
48175,1988,47
48175,1989,34
48175,1990,25
48175,1991,4
48175,1992,4
48175,1993,17
48175,1994,14
48175,1995,16
48175,1996,47
48175,1997,45
48175,1998,67
48175,1999,19
48175,2000,30
48175,2001,28
48175,2002,3
48175,2003,3
48175,2005,11
48175,2006,2
48175,2008,4
48175,2009,58
48175,2010,3
48175,2011,46
48175,2012,7
48175,2013,5
48175,2014,11
48175,2015,4
48175,2016,5
48175,2017,2
48175,2019,1
48175,2020,9
48175,2022,7
48175,2023,73
48175,2024,1
48175,2025,2
48177,1980,41
48177,1981,2
48177,1982,28
48177,1983,5
48177,1984,10
48177,1985,23
48177,1986,14
48177,1987,6
48177,1988,14
48177,1989,13
48177,1990,6
48177,1994,3
48177,1995,8
48177,1996,18
48177,1997,12
48177,1998,55
48177,1999,11
48177,2000,23
48177,2001,34
48177,2003,5
48177,2005,15
48177,2006,18
48177,2008,11
48177,2009,76
48177,2010,15
48177,2011,65
48177,2012,20
48177,2013,24
48177,2014,24
48177,2015,10
48177,2016,22
48177,2017,22
48177,2018,42
48177,2019,45
48177,2020,35
48177,2022,65
48177,2023,86
48177,2024,37
48177,2025,31
48179,1979,4
48179,1980,49
48179,1981,16
48179,1982,13
48179,1983,39
48179,1984,14
48179,1985,7
48179,1986,10
48179,1987,1
48179,1988,3
48179,1989,1
48179,1990,19
48179,1992,3
48179,1994,19
48179,1995,11
48179,1996,11
48179,1997,3
48179,1998,34
48179,1999,18
48179,2000,27
48179,2001,37
48179,2002,3
48179,2003,23
48179,2004,3
48179,2005,3
48179,2006,21
48179,2007,6
48179,2008,13
48179,2009,16
48179,2010,9
48179,2011,71
48179,2012,37
48179,2013,19
48179,2014,8
48179,2015,11
48179,2016,18
48179,2017,6
48179,2018,12
48179,2019,23
48179,2020,26
48179,2021,8
48179,2022,36
48179,2023,25
48179,2024,43
48179,2025,7
48181,1979,2
48181,1980,60
48181,1981,15
48181,1982,9
48181,1983,11
48181,1984,17
48181,1985,32
48181,1986,17
48181,1987,26
48181,1988,18
48181,1989,2
48181,1990,24
48181,1991,4
48181,1993,14
48181,1994,2
48181,1995,9
48181,1996,11
48181,1997,7
48181,1998,48
48181,1999,25
48181,2000,27
48181,2003,9
48181,2005,7
48181,2006,35
48181,2007,4
48181,2008,6
48181,2009,9
48181,2010,23
48181,2011,60
48181,2012,32
48181,2013,22
48181,2014,5
48181,2015,23
48181,2016,25
48181,2017,5
48181,2018,21
48181,2019,18
48181,2020,13
48181,2021,5
48181,2022,46
48181,2023,46
48181,2024,29
48181,2025,9
48183,1980,41
48183,1981,3
48183,1982,5
48183,1984,6
48183,1985,3
48183,1986,9
48183,1987,17
48183,1988,4
48183,1990,6
48183,1993,19
48183,1995,27
48183,1996,15
48183,1997,13
48183,1998,66
48183,1999,19
48183,2000,31
48183,2001,6
48183,2002,13
48183,2003,10
48183,2004,1
48183,2005,10
48183,2006,40
48183,2007,6
48183,2008,14
48183,2009,16
48183,2010,35
48183,2011,80
48183,2012,32
48183,2013,30
48183,2014,2
48183,2015,24
48183,2016,29
48183,2017,9
48183,2018,42
48183,2019,29
48183,2020,11
48183,2021,2
48183,2022,51
48183,2023,51
48183,2024,15
48183,2025,10
48185,1980,41
48185,1981,3
48185,1982,22
48185,1984,6
48185,1985,28
48185,1986,13
48185,1987,14
48185,1988,12
48185,1989,4
48185,1990,9
48185,1993,14
48185,1994,4
48185,1995,11
48185,1996,22
48185,1997,12
48185,1998,62
48185,1999,19
48185,2000,32
48185,2001,17
48185,2003,5
48185,2004,1
48185,2005,12
48185,2006,20
48185,2007,5
48185,2008,10
48185,2009,52
48185,2010,26
48185,2011,78
48185,2012,32
48185,2013,27
48185,2014,10
48185,2015,17
48185,2016,30
48185,2017,20
48185,2018,26
48185,2019,21
48185,2020,26
48185,2021,5
48185,2022,65
48185,2023,82
48185,2024,34
48185,2025,4
48187,1980,37
48187,1982,19
48187,1983,2
48187,1984,5
48187,1985,15
48187,1986,12
48187,1987,7
48187,1988,11
48187,1989,11
48187,1990,5
48187,1993,2
48187,1994,8
48187,1995,9
48187,1996,30
48187,1997,7
48187,1998,49
48187,1999,10
48187,2000,22
48187,2001,20
48187,2002,1
48187,2003,4
48187,2005,24
48187,2006,27
48187,2007,2
48187,2008,44
48187,2009,78
48187,2010,25
48187,2011,67
48187,2012,13
48187,2013,17
48187,2014,19
48187,2015,34
48187,2016,24
48187,2017,29
48187,2018,49
48187,2019,51
48187,2020,51
48187,2021,1
48187,2022,65
48187,2023,93
48187,2024,45
48187,2025,15
48189,1979,9
48189,1980,45
48189,1981,23
48189,1982,17
48189,1983,31
48189,1984,1
48189,1985,8
48189,1986,13
48189,1987,6
48189,1989,3
48189,1990,14
48189,1992,2
48189,1993,10
48189,1994,16
48189,1995,12
48189,1996,17
48189,1997,7
48189,1998,44
48189,1999,22
48189,2000,16
48189,2001,29
48189,2002,3
48189,2003,15
48189,2006,16
48189,2007,1
48189,2008,4
48189,2009,10
48189,2010,4
48189,2011,78
48189,2012,26
48189,2013,12
48189,2014,8
48189,2015,11
48189,2016,35
48189,2017,14
48189,2018,17
48189,2019,26
48189,2020,33
48189,2021,10
48189,2022,50
48189,2023,44
48189,2024,40
48189,2025,10
48191,1979,4
48191,1980,44
48191,1981,19
48191,1982,15
48191,1983,30
48191,1984,8
48191,1985,5
48191,1986,11
48191,1988,2
48191,1989,4
48191,1990,23
48191,1991,6
48191,1992,3
48191,1993,19
48191,1994,21
48191,1995,8
48191,1996,11
48191,1998,46
48191,1999,10
48191,2000,16
48191,2001,25
48191,2002,4
48191,2003,20
48191,2004,1
48191,2005,1
48191,2006,27
48191,2007,2
48191,2008,7
48191,2009,8
48191,2010,7
48191,2011,77
48191,2012,29
48191,2013,18
48191,2014,8
48191,2015,10
48191,2016,15
48191,2017,11
48191,2018,16
48191,2019,20
48191,2020,27
48191,2021,8
48191,2022,45
48191,2023,37
48191,2024,38
48191,2025,8
48193,1980,65
48193,1981,10
48193,1982,21
48193,1983,14
48193,1984,19
48193,1985,32
48193,1986,9
48193,1987,14
48193,1988,9
48193,1989,5
48193,1992,2
48193,1993,25
48193,1994,8
48193,1995,6
48193,1996,17
48193,1997,13
48193,1998,52
48193,1999,20
48193,2000,40
48193,2001,29
48193,2002,2
48193,2003,8
48193,2005,2
48193,2006,35
48193,2008,12
48193,2009,23
48193,2010,24
48193,2011,76
48193,2012,23
48193,2013,11
48193,2014,5
48193,2015,25
48193,2016,23
48193,2017,9
48193,2018,39
48193,2019,22
48193,2020,23
48193,2022,65
48193,2023,82
48193,2024,37
48195,1979,4
48195,1980,35
48195,1981,21
48195,1982,6
48195,1983,22
48195,1984,4
48195,1985,11
48195,1986,15
48195,1987,7
48195,1988,6
48195,1989,4
48195,1990,23
48195,1991,2
48195,1992,5
48195,1993,7
48195,1994,9
48195,1995,10
48195,1996,9
48195,1997,12
48195,1998,23
48195,1999,19
48195,2000,39
48195,2001,39
48195,2002,8
48195,2003,25
48195,2005,4
48195,2006,22
48195,2007,9
48195,2008,2
48195,2009,12
48195,2010,11
48195,2011,51
48195,2012,26
48195,2013,16
48195,2014,7
48195,2015,10
48195,2016,14
48195,2017,11
48195,2018,7
48195,2019,18
48195,2020,19
48195,2021,15
48195,2022,33
48195,2023,23
48195,2024,29
48195,2025,13
48197,1980,48
48197,1981,20
48197,1982,2
48197,1983,30
48197,1984,13
48197,1985,10
48197,1986,11
48197,1989,7
48197,1990,12
48197,1991,5
48197,1993,25
48197,1994,12
48197,1995,7
48197,1996,12
48197,1997,6
48197,1998,54
48197,1999,23
48197,2000,41
48197,2001,39
48197,2002,11
48197,2003,21
48197,2004,2
48197,2005,5
48197,2006,34
48197,2008,5
48197,2009,6
48197,2010,1
48197,2011,69
48197,2012,19
48197,2013,11
48197,2015,3
48197,2016,7
48197,2018,8
48197,2019,13
48197,2020,19
48197,2022,36
48197,2023,43
48197,2024,28
48197,2025,2
48199,1980,31
48199,1981,7
48199,1982,4
48199,1984,2
48199,1985,10
48199,1986,12
48199,1987,12
48199,1988,5
48199,1989,2
48199,1990,6
48199,1993,11
48199,1994,1
48199,1995,9
48199,1996,13
48199,1997,13
48199,1998,58
48199,1999,23
48199,2000,30
48199,2001,17
48199,2002,14
48199,2003,11
48199,2004,20
48199,2005,37
48199,2006,36
48199,2007,10
48199,2008,5
48199,2009,26
48199,2010,33
48199,2011,69
48199,2012,16
48199,2013,12
48199,2015,20
48199,2016,22
48199,2017,3
48199,2018,8
48199,2019,7
48199,2020,17
48199,2021,17
48199,2022,42
48199,2023,80
48199,2024,36
48199,2025,10
48201,1980,36
48201,1981,4
48201,1982,3
48201,1985,4
48201,1986,14
48201,1987,16
48201,1988,8
48201,1989,2
48201,1990,11
48201,1992,1
48201,1993,28
48201,1994,9
48201,1995,19
48201,1996,7
48201,1997,10
48201,1998,53
48201,1999,22
48201,2000,24
48201,2001,1
48201,2003,8
48201,2004,6
48201,2005,17
48201,2006,7
48201,2007,12
48201,2008,12
48201,2009,54
48201,2010,33
48201,2011,73
48201,2012,24
48201,2013,31
48201,2014,8
48201,2015,29
48201,2016,39
48201,2017,28
48201,2018,25
48201,2019,31
48201,2020,35
48201,2021,29
48201,2022,65
48201,2023,87
48201,2024,40
48201,2025,20
48203,1980,60
48203,1981,1
48203,1982,12
48203,1984,2
48203,1986,4
48203,1987,22
48203,1988,11
48203,1990,8
48203,1993,6
48203,1995,26
48203,1996,4
48203,1997,4
48203,1998,67
48203,1999,26
48203,2000,39
48203,2001,18
48203,2002,3
48203,2003,3
48203,2005,15
48203,2006,29
48203,2007,16
48203,2008,15
48203,2009,20
48203,2010,47
48203,2011,77
48203,2012,23
48203,2013,25
48203,2015,20
48203,2016,15
48203,2017,3
48203,2018,24
48203,2019,11
48203,2020,5
48203,2021,2
48203,2022,38
48203,2023,38
48203,2024,10
48203,2025,9
48205,1979,16
48205,1980,48
48205,1981,29
48205,1982,9
48205,1983,35
48205,1985,1
48205,1986,9
48205,1987,7
48205,1988,3
48205,1990,16
48205,1993,3
48205,1994,15
48205,1995,19
48205,1996,7
48205,1997,7
48205,1998,22
48205,1999,10
48205,2000,23
48205,2001,26
48205,2002,15
48205,2003,24
48205,2005,8
48205,2006,24
48205,2007,9
48205,2008,3
48205,2009,5
48205,2010,15
48205,2011,66
48205,2012,41
48205,2013,28
48205,2014,10
48205,2015,16
48205,2016,27
48205,2017,19
48205,2018,12
48205,2019,32
48205,2020,38
48205,2021,11
48205,2022,40
48205,2023,22
48205,2024,43
48205,2025,11
48207,1979,1
48207,1980,51
48207,1981,14
48207,1982,1
48207,1983,20
48207,1984,9
48207,1985,6
48207,1986,12
48207,1987,8
48207,1988,1
48207,1989,16
48207,1990,4
48207,1991,4
48207,1993,14
48207,1994,17
48207,1995,10
48207,1996,16
48207,1997,3
48207,1998,52
48207,1999,21
48207,2000,42
48207,2001,28
48207,2002,3
48207,2003,11
48207,2006,31
48207,2008,4
48207,2009,11
48207,2010,5
48207,2011,76
48207,2012,24
48207,2013,12
48207,2014,24
48207,2015,22
48207,2016,39
48207,2017,6
48207,2018,11
48207,2019,17
48207,2020,19
48207,2022,44
48207,2023,55
48207,2024,35
48207,2025,2
48209,1980,27
48209,1982,34
48209,1984,8
48209,1985,16
48209,1986,13
48209,1987,5
48209,1988,14
48209,1989,20
48209,1990,8
48209,1991,2
48209,1993,7
48209,1994,20
48209,1995,10
48209,1996,37
48209,1997,9
48209,1998,45
48209,1999,15
48209,2000,21
48209,2001,24
48209,2003,4
48209,2005,11
48209,2006,31
48209,2008,12
48209,2009,69
48209,2011,67
48209,2012,32
48209,2013,32
48209,2014,18
48209,2015,15
48209,2016,23
48209,2017,23
48209,2018,35
48209,2019,29
48209,2020,28
48209,2022,54
48209,2023,78
48209,2024,17
48209,2025,12
48211,1979,2
48211,1980,49
48211,1981,33
48211,1982,11
48211,1983,29
48211,1984,11
48211,1985,25
48211,1986,14
48211,1987,4
48211,1988,10
48211,1989,6
48211,1990,30
48211,1991,3
48211,1992,7
48211,1993,11
48211,1994,14
48211,1995,12
48211,1996,11
48211,1997,3
48211,1998,27
48211,1999,17
48211,2000,30
48211,2001,33
48211,2002,2
48211,2003,16
48211,2006,21
48211,2007,2
48211,2008,6
48211,2009,11
48211,2010,12
48211,2011,75
48211,2012,28
48211,2013,15
48211,2014,5
48211,2015,9
48211,2016,17
48211,2017,7
48211,2018,11
48211,2019,20
48211,2020,21
48211,2021,2
48211,2022,43
48211,2023,35
48211,2024,37
48211,2025,9
48213,1980,47
48213,1981,5
48213,1982,4
48213,1984,19
48213,1985,22
48213,1986,5
48213,1987,6
48213,1988,9
48213,1989,3
48213,1990,5
48213,1993,12
48213,1994,5
48213,1995,17
48213,1996,20
48213,1997,3
48213,1998,57
48213,1999,17
48213,2000,31
48213,2001,13
48213,2002,5
48213,2003,9
48213,2004,1
48213,2005,10
48213,2006,38
48213,2007,5
48213,2008,19
48213,2009,29
48213,2010,36
48213,2011,79
48213,2012,39
48213,2013,30
48213,2014,8
48213,2015,29
48213,2016,31
48213,2017,11
48213,2018,47
48213,2019,26
48213,2020,3
48213,2022,57
48213,2023,56
48213,2024,18
48213,2025,13
48215,1979,2
48215,1980,28
48215,1981,1
48215,1983,2
48215,1985,11
48215,1986,15
48215,1987,5
48215,1988,7
48215,1989,6
48215,1991,4
48215,1992,4
48215,1994,10
48215,1995,16
48215,1996,24
48215,1997,28
48215,1998,68
48215,1999,10
48215,2000,24
48215,2001,35
48215,2002,21
48215,2003,20
48215,2004,12
48215,2005,22
48215,2006,11
48215,2008,1
48215,2009,50
48215,2010,7
48215,2011,39
48215,2012,33
48215,2013,23
48215,2014,29
48215,2015,16
48215,2016,41
48215,2017,41
48215,2018,47
48215,2019,50
48215,2020,19
48215,2021,2
48215,2022,29
48215,2023,82
48215,2024,46
48215,2025,34
48217,1980,30
48217,1981,1
48217,1982,4
48217,1983,1
48217,1984,15
48217,1985,31
48217,1986,7
48217,1987,12
48217,1988,15
48217,1989,2
48217,1990,9
48217,1993,18
48217,1994,7
48217,1995,4
48217,1996,16
48217,1997,6
48217,1998,54
48217,1999,22
48217,2000,38
48217,2001,25
48217,2002,2
48217,2003,4
48217,2005,1
48217,2006,24
48217,2008,13
48217,2009,34
48217,2010,24
48217,2011,77
48217,2012,29
48217,2013,32
48217,2014,18
48217,2015,15
48217,2016,14
48217,2017,7
48217,2018,38
48217,2019,19
48217,2020,18
48217,2022,61
48217,2023,72
48217,2024,32
48217,2025,1
48219,1980,25
48219,1981,11
48219,1982,5
48219,1983,4
48219,1985,5
48219,1986,6
48219,1987,8
48219,1988,2
48219,1989,12
48219,1990,19
48219,1992,6
48219,1993,20
48219,1994,25
48219,1995,21
48219,1996,20
48219,1997,13
48219,1998,49
48219,1999,21
48219,2000,19
48219,2001,35
48219,2002,10
48219,2003,20
48219,2004,3
48219,2005,6
48219,2006,23
48219,2007,3
48219,2008,7
48219,2009,14
48219,2010,16
48219,2011,74
48219,2012,25
48219,2013,20
48219,2014,14
48219,2015,6
48219,2016,26
48219,2017,15
48219,2018,24
48219,2019,17
48219,2020,35
48219,2021,8
48219,2022,43
48219,2023,41
48219,2024,37
48219,2025,11
48221,1980,41
48221,1981,8
48221,1982,5
48221,1983,8
48221,1984,14
48221,1985,22
48221,1986,9
48221,1987,11
48221,1988,5
48221,1989,3
48221,1993,7
48221,1994,3
48221,1995,5
48221,1996,14
48221,1997,3
48221,1998,40
48221,1999,13
48221,2000,34
48221,2001,28
48221,2002,1
48221,2003,10
48221,2005,11
48221,2006,45
48221,2008,23
48221,2009,28
48221,2010,34
48221,2011,77
48221,2012,37
48221,2013,38
48221,2014,26
48221,2015,31
48221,2016,43
48221,2017,12
48221,2018,58
48221,2019,28
48221,2020,30
48221,2021,22
48221,2022,64
48221,2023,70
48221,2024,32
48221,2025,3
48223,1980,34
48223,1981,6
48223,1982,2
48223,1983,2
48223,1984,9
48223,1985,22
48223,1986,11
48223,1987,14
48223,1988,8
48223,1989,1
48223,1990,21
48223,1991,1
48223,1993,11
48223,1995,33
48223,1996,14
48223,1997,13
48223,1998,68
48223,1999,34
48223,2000,39
48223,2001,17
48223,2003,14
48223,2005,9
48223,2006,40
48223,2007,2
48223,2008,12
48223,2009,11
48223,2010,29
48223,2011,69
48223,2012,30
48223,2013,22
48223,2014,9
48223,2015,29
48223,2016,30
48223,2017,7
48223,2018,41
48223,2019,20
48223,2020,10
48223,2021,4
48223,2022,50
48223,2023,46
48223,2024,14
48223,2025,11
48225,1980,23
48225,1982,3
48225,1984,1
48225,1985,19
48225,1986,15
48225,1987,17
48225,1988,12
48225,1990,5
48225,1993,2
48225,1994,3
48225,1995,2
48225,1996,18
48225,1997,13
48225,1998,61
48225,1999,23
48225,2000,32
48225,2001,1
48225,2003,2
48225,2004,1
48225,2005,23
48225,2006,20
48225,2007,20
48225,2008,19
48225,2009,51
48225,2010,29
48225,2011,77
48225,2012,39
48225,2013,36
48225,2014,5
48225,2015,25
48225,2016,29
48225,2017,6
48225,2018,22
48225,2019,14
48225,2020,16
48225,2022,43
48225,2023,61
48225,2024,13
48225,2025,4
48227,1979,4
48227,1980,36
48227,1981,10
48227,1982,2
48227,1983,8
48227,1984,4
48227,1985,10
48227,1986,7
48227,1987,6
48227,1989,7
48227,1990,15
48227,1992,1
48227,1993,13
48227,1994,21
48227,1995,3
48227,1996,20
48227,1997,11
48227,1998,51
48227,1999,20
48227,2000,21
48227,2001,39
48227,2002,5
48227,2003,16
48227,2004,2
48227,2006,12
48227,2008,12
48227,2009,14
48227,2010,16
48227,2011,81
48227,2012,31
48227,2013,28
48227,2014,32
48227,2015,12
48227,2016,23
48227,2017,6
48227,2018,38
48227,2019,27
48227,2020,34
48227,2021,2
48227,2022,56
48227,2023,63
48227,2024,46
48227,2025,10
48229,1979,16
48229,1980,49
48229,1981,16
48229,1982,6
48229,1983,7
48229,1987,5
48229,1989,15
48229,1990,23
48229,1991,6
48229,1992,5
48229,1993,6
48229,1994,27
48229,1995,7
48229,1996,5
48229,1997,7
48229,1998,14
48229,1999,8
48229,2000,4
48229,2001,11
48229,2002,18
48229,2003,20
48229,2004,12
48229,2005,26
48229,2006,14
48229,2007,6
48229,2008,12
48229,2009,26
48229,2010,39
48229,2011,71
48229,2012,36
48229,2013,38
48229,2014,36
48229,2015,45
48229,2016,35
48229,2017,17
48229,2018,58
48229,2019,56
48229,2020,65
48229,2021,36
48229,2022,53
48229,2023,70
48229,2024,75
48229,2025,51
48231,1980,33
48231,1981,1
48231,1982,4
48231,1983,3
48231,1984,10
48231,1985,22
48231,1986,5
48231,1987,15
48231,1988,7
48231,1990,5
48231,1993,16
48231,1995,12
48231,1996,8
48231,1997,7
48231,1998,51
48231,1999,19
48231,2000,38
48231,2001,23
48231,2003,10
48231,2005,11
48231,2006,46
48231,2007,5
48231,2008,26
48231,2009,19
48231,2010,47
48231,2011,74
48231,2012,33
48231,2013,24
48231,2014,19
48231,2015,30
48231,2016,32
48231,2017,14
48231,2018,48
48231,2019,31
48231,2020,22
48231,2021,1
48231,2022,53
48231,2023,43
48231,2024,26
48231,2025,12
48233,1979,2
48233,1980,33
48233,1981,14
48233,1982,2
48233,1983,11
48233,1986,7
48233,1990,11
48233,1992,2
48233,1994,8
48233,1995,10
48233,1996,13
48233,1997,7
48233,1998,26
48233,1999,15
48233,2000,38
48233,2001,39
48233,2002,9
48233,2003,32
48233,2004,4
48233,2005,7
48233,2006,31
48233,2007,7
48233,2008,12
48233,2009,17
48233,2010,19
48233,2011,77
48233,2012,44
48233,2013,26
48233,2014,14
48233,2015,5
48233,2016,24
48233,2017,23
48233,2018,20
48233,2019,20
48233,2020,37
48233,2021,20
48233,2022,44
48233,2023,32
48233,2024,42
48233,2025,12
48235,1980,33
48235,1981,13
48235,1982,27
48235,1983,8
48235,1984,44
48235,1985,37
48235,1986,46
48235,1987,29
48235,1989,3
48235,1990,7
48235,1993,6
48235,1994,21
48235,1995,8
48235,1996,18
48235,1997,3
48235,1998,44
48235,1999,12
48235,2000,28
48235,2001,27
48235,2002,6
48235,2003,8
48235,2005,3
48235,2006,31
48235,2008,8
48235,2009,23
48235,2010,20
48235,2011,64
48235,2012,18
48235,2013,11
48235,2014,4
48235,2015,1
48235,2016,34
48235,2017,4
48235,2018,39
48235,2019,17
48235,2020,30
48235,2021,11
48235,2022,52
48235,2023,60
48235,2024,37
48235,2025,2
48237,1979,2
48237,1980,51
48237,1981,27
48237,1982,10
48237,1983,18
48237,1984,29
48237,1985,18
48237,1986,16
48237,1987,10
48237,1988,5
48237,1990,3
48237,1993,15
48237,1994,3
48237,1995,7
48237,1996,19
48237,1998,41
48237,1999,23
48237,2000,35
48237,2001,32
48237,2002,3
48237,2003,14
48237,2005,2
48237,2006,31
48237,2008,7
48237,2009,7
48237,2010,15
48237,2011,80
48237,2012,36
48237,2013,20
48237,2014,9
48237,2015,14
48237,2016,10
48237,2017,2
48237,2018,21
48237,2019,12
48237,2020,14
48237,2022,33
48237,2023,49
48237,2024,24
48237,2025,2
48239,1980,41
48239,1982,22
48239,1983,3
48239,1984,3
48239,1985,22
48239,1986,14
48239,1987,11
48239,1988,18
48239,1989,8
48239,1990,10
48239,1993,16
48239,1994,7
48239,1995,9
48239,1996,19
48239,1997,14
48239,1998,57
48239,1999,17
48239,2000,25
48239,2001,24
48239,2003,4
48239,2004,1
48239,2005,18
48239,2006,11
48239,2007,3
48239,2008,5
48239,2009,62
48239,2010,22
48239,2011,68
48239,2012,25
48239,2013,22
48239,2014,19
48239,2015,21
48239,2016,34
48239,2017,21
48239,2018,25
48239,2019,33
48239,2020,31
48239,2021,1
48239,2022,56
48239,2023,85
48239,2024,36
48239,2025,16
48241,1979,1
48241,1980,41
48241,1981,9
48241,1982,3
48241,1984,2
48241,1985,6
48241,1986,10
48241,1987,10
48241,1988,6
48241,1989,6
48241,1990,9
48241,1994,1
48241,1995,7
48241,1998,34
48241,1999,7
48241,2000,34
48241,2001,12
48241,2002,11
48241,2003,12
48241,2004,5
48241,2005,19
48241,2006,10
48241,2007,6
48241,2008,13
48241,2009,32
48241,2010,45
48241,2011,79
48241,2012,32
48241,2013,27
48241,2014,1
48241,2015,33
48241,2016,42
48241,2017,19
48241,2018,16
48241,2019,19
48241,2020,23
48241,2021,5
48241,2022,59
48241,2023,77
48241,2024,31
48241,2025,9
48243,1979,8
48243,1980,43
48243,1981,8
48243,1982,3
48243,1983,10
48243,1985,2
48243,1987,8
48243,1989,15
48243,1990,23
48243,1991,5
48243,1992,9
48243,1994,25
48243,1995,8
48243,1996,27
48243,1997,3
48243,1998,32
48243,1999,9
48243,2000,12
48243,2001,12
48243,2002,17
48243,2003,13
48243,2004,10
48243,2005,15
48243,2006,42
48243,2008,19
48243,2009,13
48243,2010,17
48243,2011,75
48243,2012,36
48243,2013,18
48243,2014,30
48243,2015,26
48243,2016,36
48243,2017,19
48243,2018,47
48243,2019,38
48243,2020,59
48243,2021,20
48243,2022,44
48243,2023,68
48243,2024,57
48243,2025,24
48245,1980,29
48245,1981,7
48245,1985,2
48245,1986,10
48245,1987,8
48245,1988,13
48245,1989,6
48245,1990,16
48245,1991,1
48245,1993,22
48245,1994,2
48245,1995,11
48245,1996,6
48245,1997,14
48245,1998,55
48245,1999,30
48245,2000,37
48245,2001,5
48245,2002,2
48245,2003,5
48245,2004,13
48245,2005,23
48245,2006,11
48245,2007,15
48245,2008,3
48245,2009,44
48245,2010,45
48245,2011,64
48245,2012,19
48245,2013,19
48245,2014,18
48245,2015,27
48245,2016,37
48245,2017,18
48245,2018,29
48245,2019,34
48245,2020,23
48245,2021,27
48245,2022,42
48245,2023,80
48245,2024,39
48245,2025,10
48247,1980,31
48247,1982,1
48247,1983,7
48247,1985,2
48247,1986,4
48247,1987,2
48247,1988,3
48247,1989,12
48247,1990,7
48247,1991,15
48247,1992,5
48247,1994,4
48247,1995,15
48247,1996,14
48247,1997,21
48247,1998,59
48247,1999,15
48247,2000,9
48247,2001,34
48247,2002,4
48247,2003,7
48247,2005,11
48247,2008,6
48247,2009,61
48247,2011,47
48247,2012,41
48247,2013,34
48247,2014,11
48247,2015,5
48247,2016,22
48247,2017,11
48247,2018,7
48247,2019,21
48247,2020,17
48247,2022,28
48247,2023,67
48247,2024,19
48247,2025,2
48249,1979,3
48249,1980,35
48249,1982,15
48249,1983,7
48249,1985,9
48249,1986,3
48249,1987,6
48249,1988,8
48249,1989,14
48249,1990,13
48249,1991,8
48249,1992,2
48249,1993,1
48249,1994,13
48249,1995,10
48249,1996,26
48249,1997,46
48249,1998,54
48249,1999,6
48249,2000,23
48249,2001,33
48249,2003,4
48249,2004,2
48249,2005,42
48249,2006,15
48249,2008,1
48249,2009,83
48249,2011,51
48249,2012,38
48249,2013,12
48249,2014,12
48249,2015,6
48249,2016,23
48249,2017,19
48249,2018,3
48249,2019,36
48249,2020,18
48249,2022,24
48249,2023,64
48249,2024,23
48249,2025,12
48251,1980,62
48251,1981,7
48251,1982,12
48251,1983,7
48251,1984,22
48251,1985,25
48251,1986,11
48251,1987,17
48251,1988,19
48251,1989,2
48251,1990,2
48251,1993,9
48251,1994,8
48251,1995,4
48251,1996,16
48251,1997,7
48251,1998,54
48251,1999,31
48251,2000,34
48251,2001,27
48251,2003,5
48251,2005,5
48251,2006,37
48251,2008,11
48251,2009,19
48251,2010,22
48251,2011,70
48251,2012,29
48251,2013,17
48251,2014,3
48251,2015,9
48251,2016,10
48251,2017,2
48251,2018,19
48251,2019,9
48251,2020,10
48251,2022,46
48251,2023,50
48251,2024,13
48253,1979,2
48253,1980,41
48253,1981,18
48253,1982,2
48253,1983,13
48253,1984,17
48253,1985,7
48253,1986,10
48253,1987,2
48253,1988,1
48253,1989,5
48253,1990,8
48253,1991,2
48253,1993,21
48253,1994,24
48253,1995,8
48253,1996,19
48253,1997,4
48253,1998,49
48253,1999,34
48253,2000,49
48253,2001,30
48253,2002,7
48253,2003,15
48253,2006,40
48253,2008,9
48253,2009,13
48253,2010,9
48253,2011,80
48253,2012,25
48253,2013,11
48253,2014,4
48253,2015,7
48253,2016,12
48253,2017,7
48253,2018,18
48253,2019,15
48253,2020,20
48253,2021,1
48253,2022,43
48253,2023,51
48253,2024,36
48253,2025,1
48255,1980,45
48255,1981,2
48255,1982,22
48255,1983,12
48255,1984,16
48255,1985,36
48255,1986,15
48255,1987,3
48255,1988,11
48255,1989,11
48255,1990,5
48255,1991,1
48255,1994,2
48255,1995,17
48255,1996,36
48255,1997,13
48255,1998,67
48255,1999,8
48255,2000,27
48255,2001,29
48255,2002,3
48255,2003,2
48255,2005,33
48255,2006,13
48255,2009,56
48255,2010,13
48255,2011,62
48255,2012,16
48255,2013,15
48255,2014,15
48255,2015,12
48255,2016,22
48255,2017,14
48255,2018,14
48255,2019,21
48255,2020,24
48255,2022,40
48255,2023,78
48255,2024,23
48255,2025,11
48257,1980,40
48257,1982,6
48257,1983,4
48257,1984,23
48257,1985,15
48257,1986,1
48257,1987,22
48257,1988,14
48257,1989,2
48257,1990,6
48257,1993,19
48257,1994,1
48257,1995,5
48257,1996,12
48257,1997,7
48257,1998,52
48257,1999,16
48257,2000,21
48257,2001,23
48257,2003,11
48257,2005,5
48257,2006,37
48257,2007,2
48257,2008,13
48257,2009,8
48257,2010,38
48257,2011,68
48257,2012,25
48257,2013,32
48257,2014,17
48257,2015,15
48257,2016,18
48257,2017,2
48257,2018,31
48257,2019,20
48257,2020,10
48257,2022,51
48257,2023,40
48257,2024,18
48257,2025,2
48259,1980,30
48259,1981,3
48259,1982,18
48259,1983,9
48259,1984,13
48259,1985,12
48259,1986,4
48259,1987,6
48259,1988,7
48259,1989,26
48259,1990,8
48259,1991,3
48259,1993,1
48259,1994,7
48259,1995,3
48259,1996,17
48259,1997,2
48259,1998,21
48259,1999,4
48259,2000,11
48259,2001,20
48259,2003,3
48259,2004,1
48259,2005,8
48259,2006,22
48259,2008,8
48259,2009,63
48259,2010,22
48259,2011,65
48259,2012,24
48259,2013,24
48259,2014,15
48259,2015,19
48259,2016,26
48259,2017,20
48259,2018,65
48259,2019,63
48259,2020,30
48259,2021,16
48259,2022,90
48259,2023,102
48259,2024,60
48259,2025,43
48261,1979,1
48261,1980,42
48261,1982,14
48261,1983,5
48261,1985,5
48261,1986,14
48261,1987,9
48261,1988,11
48261,1989,9
48261,1990,9
48261,1992,2
48261,1994,7
48261,1995,10
48261,1996,21
48261,1997,22
48261,1998,63
48261,1999,12
48261,2000,27
48261,2001,39
48261,2002,7
48261,2003,10
48261,2004,4
48261,2005,26
48261,2006,9
48261,2008,11
48261,2009,59
48261,2010,15
48261,2011,46
48261,2012,36
48261,2013,24
48261,2014,27
48261,2015,9
48261,2016,24
48261,2017,22
48261,2018,28
48261,2019,40
48261,2020,28
48261,2021,11
48261,2022,30
48261,2023,74
48261,2024,34
48261,2025,23
48263,1979,6
48263,1980,30
48263,1981,21
48263,1982,2
48263,1983,26
48263,1984,19
48263,1985,11
48263,1986,11
48263,1987,2
48263,1989,9
48263,1990,5
48263,1993,17
48263,1994,19
48263,1995,8
48263,1996,22
48263,1997,3
48263,1998,51
48263,1999,30
48263,2000,37
48263,2001,32
48263,2002,12
48263,2003,17
48263,2006,27
48263,2008,8
48263,2009,12
48263,2011,75
48263,2012,42
48263,2013,20
48263,2014,15
48263,2015,20
48263,2016,31
48263,2017,23
48263,2018,48
48263,2019,34
48263,2020,34
48263,2021,7
48263,2022,67
48263,2023,57
48263,2024,46
48263,2025,20
48265,1980,35
48265,1982,22
48265,1984,6
48265,1985,5
48265,1986,8
48265,1987,4
48265,1989,18
48265,1990,11
48265,1991,3
48265,1993,15
48265,1994,8
48265,1995,7
48265,1996,32
48265,1997,6
48265,1998,35
48265,1999,9
48265,2000,19
48265,2001,40
48265,2002,2
48265,2003,4
48265,2005,10
48265,2006,48
48265,2008,8
48265,2009,55
48265,2010,19
48265,2011,72
48265,2012,28
48265,2013,21
48265,2014,9
48265,2015,17
48265,2016,26
48265,2017,9
48265,2018,33
48265,2019,29
48265,2020,33
48265,2022,50
48265,2023,78
48265,2024,39
48265,2025,6
48267,1979,16
48267,1980,107
48267,1981,6
48267,1982,8
48267,1983,9
48267,1984,9
48267,1985,14
48267,1986,7
48267,1987,2
48267,1988,2
48267,1989,21
48267,1990,11
48267,1993,19
48267,1994,19
48267,1995,9
48267,1996,22
48267,1997,6
48267,1998,29
48267,1999,10
48267,2000,10
48267,2001,27
48267,2002,3
48267,2003,4
48267,2005,6
48267,2006,18
48267,2008,17
48267,2009,30
48267,2010,20
48267,2011,66
48267,2012,44
48267,2013,15
48267,2014,5
48267,2015,24
48267,2016,41
48267,2017,24
48267,2018,47
48267,2019,41
48267,2020,46
48267,2022,52
48267,2023,71
48267,2024,34
48267,2025,2
48269,1980,28
48269,1981,18
48269,1982,9
48269,1983,35
48269,1984,4
48269,1985,16
48269,1986,19
48269,1987,5
48269,1988,1
48269,1989,4
48269,1990,5
48269,1991,3
48269,1993,16
48269,1994,17
48269,1995,3
48269,1996,19
48269,1997,1
48269,1998,47
48269,1999,18
48269,2000,20
48269,2001,32
48269,2002,5
48269,2003,21
48269,2006,30
48269,2008,16
48269,2009,13
48269,2010,4
48269,2011,78
48269,2012,34
48269,2013,14
48269,2014,6
48269,2015,13
48269,2016,22
48269,2017,10
48269,2018,21
48269,2019,24
48269,2020,28
48269,2021,7
48269,2022,58
48269,2023,48
48269,2024,36
48269,2025,12
48271,1979,8
48271,1980,54
48271,1982,20
48271,1984,22
48271,1985,24
48271,1986,25
48271,1987,6
48271,1988,11
48271,1989,35
48271,1990,6
48271,1991,4
48271,1992,4
48271,1993,15
48271,1994,21
48271,1995,17
48271,1996,46
48271,1997,17
48271,1998,57
48271,1999,12
48271,2001,1
48271,2002,10
48271,2003,4
48271,2004,2
48271,2005,7
48271,2006,10
48271,2008,2
48271,2009,50
48271,2010,16
48271,2011,33
48271,2012,15
48271,2013,15
48271,2016,14
48271,2017,8
48271,2018,14
48271,2019,3
48271,2020,18
48271,2022,31
48271,2023,63
48271,2024,24
48273,1980,25
48273,1981,2
48273,1982,1
48273,1983,5
48273,1985,8
48273,1986,6
48273,1987,6
48273,1988,19
48273,1989,12
48273,1990,13
48273,1991,13
48273,1992,4
48273,1993,14
48273,1995,9
48273,1996,9
48273,1997,22
48273,1998,66
48273,1999,12
48273,2000,34
48273,2001,33
48273,2002,7
48273,2003,11
48273,2004,7
48273,2005,39
48273,2006,1
48273,2009,35
48273,2010,21
48273,2011,30
48273,2012,29
48273,2013,21
48273,2014,30
48273,2015,8
48273,2016,22
48273,2017,29
48273,2018,25
48273,2019,39
48273,2020,22
48273,2021,5
48273,2022,39
48273,2023,95
48273,2024,48
48273,2025,17
48275,1980,39
48275,1981,16
48275,1982,2
48275,1983,21
48275,1984,13
48275,1985,6
48275,1986,13
48275,1987,2
48275,1988,3
48275,1989,9
48275,1990,6
48275,1991,8
48275,1993,27
48275,1994,23
48275,1995,7
48275,1996,26
48275,1997,3
48275,1998,44
48275,1999,18
48275,2000,32
48275,2001,34
48275,2003,15
48275,2004,1
48275,2006,26
48275,2008,3
48275,2009,12
48275,2010,1
48275,2011,82
48275,2012,38
48275,2013,15
48275,2014,9
48275,2015,9
48275,2016,16
48275,2017,6
48275,2018,22
48275,2019,14
48275,2020,20
48275,2021,8
48275,2022,57
48275,2023,49
48275,2024,31
48275,2025,8
48277,1980,40
48277,1981,9
48277,1982,3
48277,1983,1
48277,1984,1
48277,1985,10
48277,1986,12
48277,1987,23
48277,1988,19
48277,1989,6
48277,1990,15
48277,1993,28
48277,1996,3
48277,1997,10
48277,1998,66
48277,1999,23
48277,2000,37
48277,2001,22
48277,2002,6
48277,2003,19
48277,2004,3
48277,2005,19
48277,2006,40
48277,2007,5
48277,2008,12
48277,2009,9
48277,2010,30
48277,2011,77
48277,2012,23
48277,2013,16
48277,2014,1
48277,2015,16
48277,2016,21
48277,2017,2
48277,2018,12
48277,2019,10
48277,2020,4
48277,2021,2
48277,2022,36
48277,2023,25
48277,2024,20
48277,2025,7
48279,1979,3
48279,1980,27
48279,1981,12
48279,1982,3
48279,1983,11
48279,1985,7
48279,1986,8
48279,1987,7
48279,1989,6
48279,1990,24
48279,1991,1
48279,1992,3
48279,1993,12
48279,1994,20
48279,1995,13
48279,1996,16
48279,1997,3
48279,1998,43
48279,1999,7
48279,2000,12
48279,2001,29
48279,2002,26
48279,2003,35
48279,2004,4
48279,2005,1
48279,2006,23
48279,2007,3
48279,2008,6
48279,2009,11
48279,2010,9
48279,2011,76
48279,2012,32
48279,2013,11
48279,2014,8
48279,2015,6
48279,2016,19
48279,2017,17
48279,2018,22
48279,2019,25
48279,2020,37
48279,2021,11
48279,2022,47
48279,2023,42
48279,2024,43
48279,2025,11
48281,1980,19
48281,1982,12
48281,1984,6
48281,1985,12
48281,1986,6
48281,1987,6
48281,1988,6
48281,1989,6
48281,1990,3
48281,1994,11
48281,1995,7
48281,1996,22
48281,1997,3
48281,1998,22
48281,1999,10
48281,2000,35
48281,2001,27
48281,2002,9
48281,2003,13
48281,2004,4
48281,2005,31
48281,2006,42
48281,2008,23
48281,2009,50
48281,2010,30
48281,2011,79
48281,2012,35
48281,2013,22
48281,2014,11
48281,2015,22
48281,2016,28
48281,2017,8
48281,2018,37
48281,2019,23
48281,2020,26
48281,2022,52
48281,2023,77
48281,2024,33
48281,2025,4
48283,1979,8
48283,1980,41
48283,1981,3
48283,1982,8
48283,1983,13
48283,1984,20
48283,1985,5
48283,1986,13
48283,1987,13
48283,1988,13
48283,1989,13
48283,1990,11
48283,1992,3
48283,1993,4
48283,1994,4
48283,1995,13
48283,1996,31
48283,1997,16
48283,1998,48
48283,1999,1
48283,2000,9
48283,2001,40
48283,2002,4
48283,2003,3
48283,2005,9
48283,2006,6
48283,2009,66
48283,2010,8
48283,2011,64
48283,2012,26
48283,2013,33
48283,2014,43
48283,2015,38
48283,2016,46
48283,2017,38
48283,2018,25
48283,2019,79
48283,2020,45
48283,2021,44
48283,2022,84
48283,2023,97
48283,2024,77
48283,2025,64
48285,1980,42
48285,1982,25
48285,1985,17
48285,1986,13
48285,1987,6
48285,1988,18
48285,1989,9
48285,1990,10
48285,1992,1
48285,1993,2
48285,1994,7
48285,1995,7
48285,1996,16
48285,1997,14
48285,1998,57
48285,1999,20
48285,2000,19
48285,2001,28
48285,2003,8
48285,2004,1
48285,2005,14
48285,2006,9
48285,2007,2
48285,2008,12
48285,2009,62
48285,2010,15
48285,2011,62
48285,2012,14
48285,2013,23
48285,2014,34
48285,2015,24
48285,2016,26
48285,2017,48
48285,2018,58
48285,2019,70
48285,2020,53
48285,2021,26
48285,2022,80
48285,2023,97
48285,2024,61
48285,2025,35
48287,1980,45
48287,1981,2
48287,1982,24
48287,1983,1
48287,1984,5
48287,1985,27
48287,1986,10
48287,1987,7
48287,1988,17
48287,1989,4
48287,1990,7
48287,1994,8
48287,1995,9
48287,1996,21
48287,1997,9
48287,1998,62
48287,1999,23
48287,2000,45
48287,2001,22
48287,2002,3
48287,2003,14
48287,2004,3
48287,2005,9
48287,2006,26
48287,2008,20
48287,2009,72
48287,2010,25
48287,2011,68
48287,2012,20
48287,2013,41
48287,2014,15
48287,2015,15
48287,2016,20
48287,2017,21
48287,2018,22
48287,2019,43
48287,2020,43
48287,2022,51
48287,2023,79
48287,2024,22
48287,2025,3
48289,1980,53
48289,1981,5
48289,1982,16
48289,1983,4
48289,1984,9
48289,1985,34
48289,1986,10
48289,1987,12
48289,1988,12
48289,1990,10
48289,1995,7
48289,1996,20
48289,1997,10
48289,1998,64
48289,1999,17
48289,2000,35
48289,2001,5
48289,2002,1
48289,2003,12
48289,2004,2
48289,2005,7
48289,2006,17
48289,2007,4
48289,2008,13
48289,2009,33
48289,2010,23
48289,2011,67
48289,2012,20
48289,2013,21
48289,2014,4
48289,2015,13
48289,2016,17
48289,2017,11
48289,2018,18
48289,2019,6
48289,2020,18
48289,2022,12
48289,2023,57
48289,2024,16
48289,2025,3
48291,1980,26
48291,1981,6
48291,1982,10
48291,1983,2
48291,1984,6
48291,1985,16
48291,1986,12
48291,1987,18
48291,1988,9
48291,1989,5
48291,1990,14
48291,1993,24
48291,1994,7
48291,1995,13
48291,1996,26
48291,1997,19
48291,1998,65
48291,1999,30
48291,2000,35
48291,2001,10
48291,2003,8
48291,2004,4
48291,2005,16
48291,2006,6
48291,2007,8
48291,2008,4
48291,2009,37
48291,2010,32
48291,2011,68
48291,2012,25
48291,2013,18
48291,2014,5
48291,2015,20
48291,2016,35
48291,2017,8
48291,2018,17
48291,2019,23
48291,2020,27
48291,2021,8
48291,2022,49
48291,2023,75
48291,2024,33
48291,2025,11
48293,1980,59
48293,1982,13
48293,1983,2
48293,1984,16
48293,1985,31
48293,1986,16
48293,1987,21
48293,1988,9
48293,1989,2
48293,1990,4
48293,1992,3
48293,1993,27
48293,1994,2
48293,1995,6
48293,1996,16
48293,1997,9
48293,1998,53
48293,1999,30
48293,2000,34
48293,2001,13
48293,2002,4
48293,2003,3
48293,2004,1
48293,2006,31
48293,2007,2
48293,2008,9
48293,2009,28
48293,2010,23
48293,2011,77
48293,2012,29
48293,2013,26
48293,2014,6
48293,2015,16
48293,2016,24
48293,2017,7
48293,2018,28
48293,2019,19
48293,2020,21
48293,2022,56
48293,2023,70
48293,2024,27
48295,1979,3
48295,1980,40
48295,1981,29
48295,1982,6
48295,1983,29
48295,1984,14
48295,1985,22
48295,1986,13
48295,1987,2
48295,1988,7
48295,1990,18
48295,1991,2
48295,1992,5
48295,1993,12
48295,1994,2
48295,1995,2
48295,1996,4
48295,1998,15
48295,1999,12
48295,2000,30
48295,2001,30
48295,2002,9
48295,2003,20
48295,2004,3
48295,2005,2
48295,2006,29
48295,2007,11
48295,2008,11
48295,2009,13
48295,2010,15
48295,2011,66
48295,2012,37
48295,2013,17
48295,2014,9
48295,2015,17
48295,2016,14
48295,2017,13
48295,2018,5
48295,2019,16
48295,2020,11
48295,2021,6
48295,2022,34
48295,2023,20
48295,2024,30
48295,2025,10
48297,1979,2
48297,1980,15
48297,1984,4
48297,1985,19
48297,1986,12
48297,1987,11
48297,1988,9
48297,1989,57
48297,1990,17
48297,1991,12
48297,1992,1
48297,1993,9
48297,1994,25
48297,1995,15
48297,1996,43
48297,1997,23
48297,1998,62
48297,1999,14
48297,2000,28
48297,2001,45
48297,2002,2
48297,2003,2
48297,2005,12
48297,2006,14
48297,2009,63
48297,2010,12
48297,2011,50
48297,2012,25
48297,2013,7
48297,2014,22
48297,2015,4
48297,2016,24
48297,2017,22
48297,2018,21
48297,2019,33
48297,2020,20
48297,2022,38
48297,2023,77
48297,2024,35
48297,2025,54
48299,1979,2
48299,1980,31
48299,1981,5
48299,1982,17
48299,1984,22
48299,1985,25
48299,1986,13
48299,1987,15
48299,1988,8
48299,1989,14
48299,1990,14
48299,1993,15
48299,1994,12
48299,1995,9
48299,1996,20
48299,1997,11
48299,1998,12
48299,1999,7
48299,2000,14
48299,2001,2
48299,2003,2
48299,2005,8
48299,2006,16
48299,2008,11
48299,2009,54
48299,2010,21
48299,2011,70
48299,2012,13
48299,2013,19
48299,2014,5
48299,2015,18
48299,2016,25
48299,2017,6
48299,2018,34
48299,2019,25
48299,2020,25
48299,2022,47
48299,2023,76
48299,2024,13
48301,1979,4
48301,1980,48
48301,1981,13
48301,1982,8
48301,1983,18
48301,1984,1
48301,1985,7
48301,1986,2
48301,1987,6
48301,1989,8
48301,1990,21
48301,1992,2
48301,1993,12
48301,1994,24
48301,1995,9
48301,1996,23
48301,1997,6
48301,1998,49
48301,1999,21
48301,2000,28
48301,2001,32
48301,2002,19
48301,2003,17
48301,2004,5
48301,2005,8
48301,2006,25
48301,2008,13
48301,2009,14
48301,2010,16
48301,2011,79
48301,2012,30
48301,2013,16
48301,2014,16
48301,2015,22
48301,2016,36
48301,2017,13
48301,2018,37
48301,2019,30
48301,2020,37
48301,2021,10
48301,2022,53
48301,2023,68
48301,2024,49
48301,2025,11
48303,1979,12
48303,1980,34
48303,1981,14
48303,1982,4
48303,1983,5
48303,1985,5
48303,1986,10
48303,1987,10
48303,1988,4
48303,1989,9
48303,1990,23
48303,1991,2
48303,1992,4
48303,1993,10
48303,1994,21
48303,1995,13
48303,1996,12
48303,1997,4
48303,1998,32
48303,1999,8
48303,2000,7
48303,2001,27
48303,2002,9
48303,2003,22
48303,2004,3
48303,2006,25
48303,2007,2
48303,2008,11
48303,2009,15
48303,2010,5
48303,2011,76
48303,2012,26
48303,2013,16
48303,2014,10
48303,2015,11
48303,2016,27
48303,2017,14
48303,2018,30
48303,2019,28
48303,2020,31
48303,2021,10
48303,2022,49
48303,2023,56
48303,2024,39
48303,2025,21
48305,1980,27
48305,1981,14
48305,1982,2
48305,1983,19
48305,1984,1
48305,1985,8
48305,1986,9
48305,1987,8
48305,1988,2
48305,1989,5
48305,1990,17
48305,1992,1
48305,1993,6
48305,1994,18
48305,1995,4
48305,1996,15
48305,1997,1
48305,1998,50
48305,1999,18
48305,2000,28
48305,2001,38
48305,2002,11
48305,2003,18
48305,2004,16
48305,2005,14
48305,2006,41
48305,2008,15
48305,2009,14
48305,2010,5
48305,2011,82
48305,2012,31
48305,2013,15
48305,2014,11
48305,2015,15
48305,2016,32
48305,2017,17
48305,2018,42
48305,2019,30
48305,2020,33
48305,2021,9
48305,2022,57
48305,2023,56
48305,2024,45
48305,2025,14
48307,1980,41
48307,1981,1
48307,1982,11
48307,1983,1
48307,1984,28
48307,1985,28
48307,1986,13
48307,1987,9
48307,1988,8
48307,1989,13
48307,1990,11
48307,1993,16
48307,1994,14
48307,1995,6
48307,1996,11
48307,1997,5
48307,1998,40
48307,1999,16
48307,2000,34
48307,2001,25
48307,2002,4
48307,2003,8
48307,2004,1
48307,2005,5
48307,2006,25
48307,2008,25
48307,2009,17
48307,2010,24
48307,2011,76
48307,2012,34
48307,2013,25
48307,2014,7
48307,2015,36
48307,2016,24
48307,2017,7
48307,2018,24
48307,2019,17
48307,2020,20
48307,2022,37
48307,2023,67
48307,2024,29
48307,2025,3
48309,1980,36
48309,1981,2
48309,1982,25
48309,1983,1
48309,1984,21
48309,1985,28
48309,1986,16
48309,1987,25
48309,1988,23
48309,1989,5
48309,1990,16
48309,1993,17
48309,1994,8
48309,1995,7
48309,1996,21
48309,1998,47
48309,1999,15
48309,2000,27
48309,2001,29
48309,2003,4
48309,2004,1
48309,2005,4
48309,2006,35
48309,2008,9
48309,2009,34
48309,2010,22
48309,2011,72
48309,2012,23
48309,2013,22
48309,2014,11
48309,2015,16
48309,2016,27
48309,2017,15
48309,2018,46
48309,2019,18
48309,2020,20
48309,2021,1
48309,2022,60
48309,2023,62
48309,2024,22
48311,1979,2
48311,1980,42
48311,1982,14
48311,1983,10
48311,1984,6
48311,1985,29
48311,1986,18
48311,1987,6
48311,1988,6
48311,1989,14
48311,1990,9
48311,1991,4
48311,1993,11
48311,1994,4
48311,1995,16
48311,1996,29
48311,1997,18
48311,1998,59
48311,1999,10
48311,2000,19
48311,2001,34
48311,2003,1
48311,2005,9
48311,2006,13
48311,2009,69
48311,2010,2
48311,2011,51
48311,2012,28
48311,2013,12
48311,2014,32
48311,2015,14
48311,2016,30
48311,2017,21
48311,2018,16
48311,2019,32
48311,2020,15
48311,2022,38
48311,2023,70
48311,2024,17
48311,2025,17
48313,1980,56
48313,1981,2
48313,1982,21
48313,1985,15
48313,1986,16
48313,1987,19
48313,1988,25
48313,1989,5
48313,1990,11
48313,1991,1
48313,1992,5
48313,1993,24
48313,1994,15
48313,1995,14
48313,1996,16
48313,1997,12
48313,1998,58
48313,1999,14
48313,2000,28
48313,2001,4
48313,2003,4
48313,2005,7
48313,2006,10
48313,2007,2
48313,2008,5
48313,2009,33
48313,2010,22
48313,2011,57
48313,2012,4
48313,2013,6
48313,2015,4
48313,2016,5
48313,2017,1
48313,2018,14
48313,2019,11
48313,2020,15
48313,2022,42
48313,2023,58
48313,2024,12
48315,1980,52
48315,1981,8
48315,1982,8
48315,1983,4
48315,1984,6
48315,1985,12
48315,1986,10
48315,1987,21
48315,1988,4
48315,1989,1
48315,1990,8
48315,1993,6
48315,1995,11
48315,1996,3
48315,1997,3
48315,1998,48
48315,1999,9
48315,2000,18
48315,2001,4
48315,2002,4
48315,2003,8
48315,2004,1
48315,2005,14
48315,2006,38
48315,2007,5
48315,2008,8
48315,2009,26
48315,2010,57
48315,2011,82
48315,2012,33
48315,2013,36
48315,2014,1
48315,2015,22
48315,2016,22
48315,2017,7
48315,2018,29
48315,2019,16
48315,2020,1
48315,2021,3
48315,2022,36
48315,2023,39
48315,2024,12
48315,2025,6
48317,1979,1
48317,1980,41
48317,1981,15
48317,1982,3
48317,1983,14
48317,1984,4
48317,1985,10
48317,1986,10
48317,1987,7
48317,1989,9
48317,1990,18
48317,1992,1
48317,1993,12
48317,1994,21
48317,1995,9
48317,1996,21
48317,1997,2
48317,1998,51
48317,1999,21
48317,2000,35
48317,2001,32
48317,2002,11
48317,2003,16
48317,2005,3
48317,2006,26
48317,2008,14
48317,2009,17
48317,2010,22
48317,2011,81
48317,2012,33
48317,2013,18
48317,2014,13
48317,2015,22
48317,2016,35
48317,2017,13
48317,2018,38
48317,2019,34
48317,2020,38
48317,2021,9
48317,2022,58
48317,2023,69
48317,2024,50
48317,2025,14
48319,1980,18
48319,1982,7
48319,1984,16
48319,1985,14
48319,1986,7
48319,1987,13
48319,1988,5
48319,1989,10
48319,1993,11
48319,1994,19
48319,1995,9
48319,1996,25
48319,1997,6
48319,1998,53
48319,1999,8
48319,2000,25
48319,2001,7
48319,2002,3
48319,2003,4
48319,2005,5
48319,2006,34
48319,2008,9
48319,2009,47
48319,2010,22
48319,2011,85
48319,2012,39
48319,2013,30
48319,2014,29
48319,2015,31
48319,2016,39
48319,2017,21
48319,2018,49
48319,2019,31
48319,2020,47
48319,2021,18
48319,2022,79
48319,2023,86
48319,2024,40
48319,2025,7
48321,1979,3
48321,1980,35
48321,1981,17
48321,1982,30
48321,1983,6
48321,1984,2
48321,1985,12
48321,1986,16
48321,1987,19
48321,1988,32
48321,1989,4
48321,1990,8
48321,1991,4
48321,1992,1
48321,1993,24
48321,1994,2
48321,1995,16
48321,1996,22
48321,1997,10
48321,1998,50
48321,1999,15
48321,2000,28
48321,2001,7
48321,2002,1
48321,2003,4
48321,2004,10
48321,2005,12
48321,2007,3
48321,2009,39
48321,2010,22
48321,2011,49
48321,2012,15
48321,2013,21
48321,2014,17
48321,2015,24
48321,2016,25
48321,2017,5
48321,2018,11
48321,2019,36
48321,2020,26
48321,2021,2
48321,2022,34
48321,2023,79
48321,2024,31
48321,2025,9
48323,1979,7
48323,1980,29
48323,1982,4
48323,1983,4
48323,1984,6
48323,1985,9
48323,1986,16
48323,1987,4
48323,1988,6
48323,1989,21
48323,1990,8
48323,1991,6
48323,1992,4
48323,1993,13
48323,1994,27
48323,1995,20
48323,1996,37
48323,1997,18
48323,1998,53
48323,1999,13
48323,2000,26
48323,2001,37
48323,2002,6
48323,2003,2
48323,2004,1
48323,2005,21
48323,2006,33
48323,2009,29
48323,2010,9
48323,2011,26
48323,2012,9
48323,2013,4
48323,2016,4
48323,2017,3
48323,2018,1
48323,2020,2
48323,2022,4
48323,2023,27
48323,2024,3
48325,1980,34
48325,1982,10
48325,1983,6
48325,1984,5
48325,1985,2
48325,1986,3
48325,1987,4
48325,1988,11
48325,1989,33
48325,1990,18
48325,1991,7
48325,1993,2
48325,1994,5
48325,1996,32
48325,1997,11
48325,1998,53
48325,1999,13
48325,2000,26
48325,2001,31
48325,2002,1
48325,2003,1
48325,2004,1
48325,2005,7
48325,2006,38
48325,2008,10
48325,2009,65
48325,2010,20
48325,2011,68
48325,2012,19
48325,2013,42
48325,2014,20
48325,2015,19
48325,2016,24
48325,2017,44
48325,2018,57
48325,2019,36
48325,2020,38
48325,2021,8
48325,2022,77
48325,2023,74
48325,2024,65
48325,2025,27
48327,1980,45
48327,1981,12
48327,1982,14
48327,1983,9
48327,1984,15
48327,1985,16
48327,1986,12
48327,1987,4
48327,1988,1
48327,1989,12
48327,1990,13
48327,1992,3
48327,1993,9
48327,1994,27
48327,1995,11
48327,1996,13
48327,1997,11
48327,1998,46
48327,1999,15
48327,2000,22
48327,2001,32
48327,2002,7
48327,2003,7
48327,2005,4
48327,2006,22
48327,2008,26
48327,2009,24
48327,2010,23
48327,2011,70
48327,2012,31
48327,2013,16
48327,2014,7
48327,2015,22
48327,2016,28
48327,2017,7
48327,2018,28
48327,2019,18
48327,2020,25
48327,2022,53
48327,2023,66
48327,2024,25
48329,1980,21
48329,1981,7
48329,1982,3
48329,1983,7
48329,1984,1
48329,1985,6
48329,1986,2
48329,1987,9
48329,1989,11
48329,1990,21
48329,1992,2
48329,1993,7
48329,1994,23
48329,1995,10
48329,1996,31
48329,1997,4
48329,1998,50
48329,1999,23
48329,2000,26
48329,2001,30
48329,2002,18
48329,2003,14
48329,2004,5
48329,2005,6
48329,2006,24
48329,2008,16
48329,2009,17
48329,2010,16
48329,2011,79
48329,2012,35
48329,2013,28
48329,2014,19
48329,2015,27
48329,2016,45
48329,2017,20
48329,2018,56
48329,2019,35
48329,2020,47
48329,2021,7
48329,2022,57
48329,2023,68
48329,2024,48
48329,2025,24
48331,1980,55
48331,1981,1
48331,1982,39
48331,1983,4
48331,1984,17
48331,1985,37
48331,1986,10
48331,1987,6
48331,1988,18
48331,1989,7
48331,1990,22
48331,1993,7
48331,1994,22
48331,1995,9
48331,1996,36
48331,1997,9
48331,1998,60
48331,1999,16
48331,2000,42
48331,2001,5
48331,2002,1
48331,2003,9
48331,2006,6
48331,2009,30
48331,2010,20
48331,2011,64
48331,2012,19
48331,2013,20
48331,2014,7
48331,2015,13
48331,2016,18
48331,2017,7
48331,2018,40
48331,2019,31
48331,2020,35
48331,2021,12
48331,2022,61
48331,2023,80
48331,2024,28
48331,2025,11
48333,1980,48
48333,1981,4
48333,1982,25
48333,1983,8
48333,1984,32
48333,1985,27
48333,1986,11
48333,1987,1
48333,1988,9
48333,1989,9
48333,1990,8
48333,1993,3
48333,1994,14
48333,1995,7
48333,1996,11
48333,1997,2
48333,1998,8
48333,1999,21
48333,2000,25
48333,2001,32
48333,2002,1
48333,2003,5
48333,2005,9
48333,2006,20
48333,2008,17
48333,2009,39
48333,2010,22
48333,2011,76
48333,2012,34
48333,2013,26
48333,2014,5
48333,2015,24
48333,2016,18
48333,2017,6
48333,2018,23
48333,2019,21
48333,2020,24
48333,2022,52
48333,2023,70
48333,2024,27
48333,2025,6
48335,1979,5
48335,1980,42
48335,1981,11
48335,1982,4
48335,1983,13
48335,1984,23
48335,1985,13
48335,1986,10
48335,1989,6
48335,1990,16
48335,1991,1
48335,1992,2
48335,1993,3
48335,1994,13
48335,1995,8
48335,1996,23
48335,1997,1
48335,1998,48
48335,1999,17
48335,2000,39
48335,2001,31
48335,2002,8
48335,2003,7
48335,2006,17
48335,2008,3
48335,2009,16
48335,2010,14
48335,2011,72
48335,2012,24
48335,2013,10
48335,2014,2
48335,2015,8
48335,2016,23
48335,2017,3
48335,2018,20
48335,2019,20
48335,2020,28
48335,2022,45
48335,2023,61
48335,2024,36
48335,2025,3
48337,1979,13
48337,1980,79
48337,1981,28
48337,1982,19
48337,1983,25
48337,1984,19
48337,1985,29
48337,1986,13
48337,1987,17
48337,1988,12
48337,1990,13
48337,1991,4
48337,1993,21
48337,1995,3
48337,1996,12
48337,1998,38
48337,1999,17
48337,2000,37
48337,2001,17
48337,2002,3
48337,2003,12
48337,2006,40
48337,2008,11
48337,2009,15
48337,2010,22
48337,2011,75
48337,2012,33
48337,2013,13
48337,2014,2
48337,2015,6
48337,2016,9
48337,2017,2
48337,2018,24
48337,2019,11
48337,2020,13
48337,2022,34
48337,2023,48
48337,2024,29
48337,2025,1
48339,1980,26
48339,1981,25
48339,1982,47
48339,1984,1
48339,1985,30
48339,1986,11
48339,1987,9
48339,1988,10
48339,1989,1
48339,1990,5
48339,1993,9
48339,1994,6
48339,1995,8
48339,1996,19
48339,1997,14
48339,1998,56
48339,1999,23
48339,2000,31
48339,2001,8
48339,2003,6
48339,2004,2
48339,2005,11
48339,2006,6
48339,2007,4
48339,2008,5
48339,2009,30
48339,2010,24
48339,2011,73
48339,2012,26
48339,2013,22
48339,2014,8
48339,2015,24
48339,2016,39
48339,2017,22
48339,2018,18
48339,2019,22
48339,2020,30
48339,2021,9
48339,2022,63
48339,2023,78
48339,2024,25
48339,2025,5
48341,1979,12
48341,1980,39
48341,1981,28
48341,1982,13
48341,1983,32
48341,1984,9
48341,1985,9
48341,1986,9
48341,1987,9
48341,1988,10
48341,1989,2
48341,1990,11
48341,1992,3
48341,1993,7
48341,1994,11
48341,1995,14
48341,1996,9
48341,1997,7
48341,1998,16
48341,1999,6
48341,2000,18
48341,2001,28
48341,2002,11
48341,2003,28
48341,2004,3
48341,2005,6
48341,2006,22
48341,2007,6
48341,2008,5
48341,2009,11
48341,2010,13
48341,2011,37
48341,2012,33
48341,2013,14
48341,2014,10
48341,2015,12
48341,2016,26
48341,2017,16
48341,2018,15
48341,2019,22
48341,2020,27
48341,2021,21
48341,2022,42
48341,2023,44
48341,2024,47
48341,2025,13
48343,1980,56
48343,1981,16
48343,1982,18
48343,1983,10
48343,1984,13
48343,1985,21
48343,1986,15
48343,1987,23
48343,1988,23
48343,1989,2
48343,1990,20
48343,1993,2
48343,1994,2
48343,1995,34
48343,1996,3
48343,1997,6
48343,1998,61
48343,1999,13
48343,2000,26
48343,2001,9
48343,2003,2
48343,2005,19
48343,2006,30
48343,2007,6
48343,2008,11
48343,2009,12
48343,2010,24
48343,2011,73
48343,2012,19
48343,2013,17
48343,2015,21
48343,2016,11
48343,2017,2
48343,2018,12
48343,2019,8
48343,2021,2
48343,2022,25
48343,2023,26
48343,2024,5
48343,2025,4
48345,1979,6
48345,1980,44
48345,1981,23
48345,1982,16
48345,1983,28
48345,1984,14
48345,1985,6
48345,1986,13
48345,1987,3
48345,1988,11
48345,1989,4
48345,1990,17
48345,1991,2
48345,1993,19
48345,1994,19
48345,1995,11
48345,1996,14
48345,1997,2
48345,1998,42
48345,1999,11
48345,2000,5
48345,2001,23
48345,2002,5
48345,2003,18
48345,2006,25
48345,2008,13
48345,2009,17
48345,2010,6
48345,2011,82
48345,2012,34
48345,2013,16
48345,2014,2
48345,2015,2
48345,2016,15
48345,2017,9
48345,2018,19
48345,2019,17
48345,2020,27
48345,2021,6
48345,2022,52
48345,2023,34
48345,2024,39
48345,2025,7
48347,1980,16
48347,1981,2
48347,1982,1
48347,1984,2
48347,1985,4
48347,1986,5
48347,1987,9
48347,1988,3
48347,1989,2
48347,1990,8
48347,1991,5
48347,1993,17
48347,1994,1
48347,1995,21
48347,1996,30
48347,1997,8
48347,1998,75
48347,1999,34
48347,2000,42
48347,2001,14
48347,2002,7
48347,2003,11
48347,2004,6
48347,2005,30
48347,2006,29
48347,2007,6
48347,2008,9
48347,2009,19
48347,2010,32
48347,2011,64
48347,2012,28
48347,2013,5
48347,2015,8
48347,2016,8
48347,2017,6
48347,2018,10
48347,2019,3
48347,2020,2
48347,2022,42
48347,2023,51
48347,2024,2
48347,2025,19
48349,1980,50
48349,1981,2
48349,1982,9
48349,1983,1
48349,1984,14
48349,1985,11
48349,1986,4
48349,1987,18
48349,1988,9
48349,1990,7
48349,1993,19
48349,1994,3
48349,1995,1
48349,1996,12
48349,1997,2
48349,1998,65
48349,1999,28
48349,2000,35
48349,2001,27
48349,2002,2
48349,2003,11
48349,2004,2
48349,2005,9
48349,2006,41
48349,2007,5
48349,2008,13
48349,2009,31
48349,2010,27
48349,2011,73
48349,2012,34
48349,2013,33
48349,2014,12
48349,2015,23
48349,2016,20
48349,2017,12
48349,2018,33
48349,2019,18
48349,2020,14
48349,2022,56
48349,2023,57
48349,2024,27
48349,2025,6
48351,1980,26
48351,1981,10
48351,1982,1
48351,1983,1
48351,1984,1
48351,1985,1
48351,1986,7
48351,1987,4
48351,1988,2
48351,1989,1
48351,1990,11
48351,1992,1
48351,1993,25
48351,1994,2
48351,1995,18
48351,1996,2
48351,1997,15
48351,1998,66
48351,1999,23
48351,2000,29
48351,2001,5
48351,2002,2
48351,2003,10
48351,2004,13
48351,2005,27
48351,2006,15
48351,2007,12
48351,2008,12
48351,2009,30
48351,2010,57
48351,2011,69
48351,2012,26
48351,2013,22
48351,2014,7
48351,2015,27
48351,2016,41
48351,2017,14
48351,2018,17
48351,2019,27
48351,2020,27
48351,2021,16
48351,2022,44
48351,2023,80
48351,2024,39
48351,2025,23
48353,1979,5
48353,1980,44
48353,1981,12
48353,1982,2
48353,1983,15
48353,1984,3
48353,1985,6
48353,1986,10
48353,1989,9
48353,1990,8
48353,1993,10
48353,1994,21
48353,1995,8
48353,1996,21
48353,1997,1
48353,1998,48
48353,1999,29
48353,2000,21
48353,2001,19
48353,2002,10
48353,2003,14
48353,2005,1
48353,2006,28
48353,2008,10
48353,2009,15
48353,2010,14
48353,2011,81
48353,2012,30
48353,2013,14
48353,2014,6
48353,2015,11
48353,2016,31
48353,2017,8
48353,2018,46
48353,2019,27
48353,2020,32
48353,2021,2
48353,2022,65
48353,2023,65
48353,2024,44
48353,2025,16
48355,1979,4
48355,1980,29
48355,1981,15
48355,1982,8
48355,1983,19
48355,1985,10
48355,1986,1
48355,1987,14
48355,1988,19
48355,1989,18
48355,1990,14
48355,1991,17
48355,1994,5
48355,1995,9
48355,1996,22
48355,1997,16
48355,1998,57
48355,1999,5
48355,2000,21
48355,2001,26
48355,2002,16
48355,2003,7
48355,2004,5
48355,2005,38
48355,2006,7
48355,2007,2
48355,2009,48
48355,2010,25
48355,2011,58
48355,2012,44
48355,2014,15
48355,2016,30
48355,2017,26
48355,2018,9
48355,2019,43
48355,2020,15
48355,2021,11
48355,2022,10
48355,2023,74
48355,2024,57
48355,2025,26
48357,1979,2
48357,1980,35
48357,1981,23
48357,1982,6
48357,1983,33
48357,1984,9
48357,1985,8
48357,1986,17
48357,1987,6
48357,1988,17
48357,1989,1
48357,1990,28
48357,1991,5
48357,1992,4
48357,1993,3
48357,1994,6
48357,1995,3
48357,1996,9
48357,1997,5
48357,1998,9
48357,1999,5
48357,2000,15
48357,2001,34
48357,2002,3
48357,2003,25
48357,2005,4
48357,2006,20
48357,2007,4
48357,2008,1
48357,2009,23
48357,2010,32
48357,2011,67
48357,2012,37
48357,2013,25
48357,2014,13
48357,2015,26
48357,2016,41
48357,2017,31
48357,2018,28
48357,2019,19
48357,2020,19
48357,2021,13
48357,2022,52
48357,2023,46
48357,2024,47
48357,2025,19
48359,1979,11
48359,1980,37
48359,1981,13
48359,1982,5
48359,1983,33
48359,1984,1
48359,1985,8
48359,1986,10
48359,1987,6
48359,1988,2
48359,1989,1
48359,1990,29
48359,1991,7
48359,1992,5
48359,1993,11
48359,1994,21
48359,1995,11
48359,1996,8
48359,1997,6
48359,1998,22
48359,1999,5
48359,2000,22
48359,2001,27
48359,2002,10
48359,2003,23
48359,2005,7
48359,2006,24
48359,2007,7
48359,2008,3
48359,2009,13
48359,2010,21
48359,2011,63
48359,2012,41
48359,2013,29
48359,2014,8
48359,2015,12
48359,2016,23
48359,2017,9
48359,2018,9
48359,2019,22
48359,2020,25
48359,2021,12
48359,2022,41
48359,2023,25
48359,2024,34
48359,2025,5
48361,1979,2
48361,1980,32
48361,1981,10
48361,1982,7
48361,1983,9
48361,1984,5
48361,1985,7
48361,1986,10
48361,1987,19
48361,1988,5
48361,1989,5
48361,1990,8
48361,1993,10
48361,1994,2
48361,1995,15
48361,1996,17
48361,1997,31
48361,1998,57
48361,1999,32
48361,2000,26
48361,2001,17
48361,2002,7
48361,2003,23
48361,2004,16
48361,2005,21
48361,2006,21
48361,2007,14
48361,2008,7
48361,2009,21
48361,2010,31
48361,2011,49
48361,2012,15
48361,2013,5
48361,2015,21
48361,2016,23
48361,2017,12
48361,2018,13
48361,2019,44
48361,2020,19
48361,2021,10
48361,2022,28
48361,2023,73
48361,2024,41
48361,2025,11
48363,1980,24
48363,1981,4
48363,1984,2
48363,1985,5
48363,1986,7
48363,1993,4
48363,1994,7
48363,1995,7
48363,1996,11
48363,1997,3
48363,1998,54
48363,1999,28
48363,2000,45
48363,2001,35
48363,2002,3
48363,2003,18
48363,2004,3
48363,2005,8
48363,2006,46
48363,2008,18
48363,2009,39
48363,2010,36
48363,2011,85
48363,2012,41
48363,2013,31
48363,2014,16
48363,2015,23
48363,2016,31
48363,2017,11
48363,2018,44
48363,2019,24
48363,2020,27
48363,2021,11
48363,2022,63
48363,2023,71
48363,2024,37
48363,2025,13
48365,1980,44
48365,1981,10
48365,1984,7
48365,1985,3
48365,1986,10
48365,1987,8
48365,1988,6
48365,1989,1
48365,1990,9
48365,1992,3
48365,1993,15
48365,1995,18
48365,1996,6
48365,1997,12
48365,1998,61
48365,1999,20
48365,2000,32
48365,2001,16
48365,2002,3
48365,2003,8
48365,2005,13
48365,2006,21
48365,2007,5
48365,2008,17
48365,2009,14
48365,2010,45
48365,2011,75
48365,2012,41
48365,2013,20
48365,2015,27
48365,2016,36
48365,2017,12
48365,2018,37
48365,2019,20
48365,2020,17
48365,2021,12
48365,2022,45
48365,2023,47
48365,2024,15
48365,2025,11
48367,1979,2
48367,1980,53
48367,1981,19
48367,1982,6
48367,1983,11
48367,1984,16
48367,1985,14
48367,1986,10
48367,1987,20
48367,1988,8
48367,1989,6
48367,1990,3
48367,1991,3
48367,1993,27
48367,1994,8
48367,1995,6
48367,1996,19
48367,1997,11
48367,1998,45
48367,1999,21
48367,2000,35
48367,2001,30
48367,2002,3
48367,2003,12
48367,2005,3
48367,2006,38
48367,2008,9
48367,2009,11
48367,2010,32
48367,2011,76
48367,2012,16
48367,2013,12
48367,2014,5
48367,2015,6
48367,2016,11
48367,2017,4
48367,2018,21
48367,2019,12
48367,2020,19
48367,2022,52
48367,2023,63
48367,2024,26
48367,2025,3
48369,1979,7
48369,1980,41
48369,1981,13
48369,1982,2
48369,1983,7
48369,1986,3
48369,1987,3
48369,1989,2
48369,1990,19
48369,1992,3
48369,1993,5
48369,1994,18
48369,1995,13
48369,1996,12
48369,1997,17
48369,1998,26
48369,1999,6
48369,2000,21
48369,2001,27
48369,2002,26
48369,2003,35
48369,2004,1
48369,2005,3
48369,2006,25
48369,2007,6
48369,2008,3
48369,2009,13
48369,2010,17
48369,2011,75
48369,2012,36
48369,2013,18
48369,2014,10
48369,2015,21
48369,2016,30
48369,2017,25
48369,2018,17
48369,2019,36
48369,2020,30
48369,2021,16
48369,2022,51
48369,2023,54
48369,2024,47
48369,2025,17
48371,1979,1
48371,1980,47
48371,1981,10
48371,1982,8
48371,1983,6
48371,1984,9
48371,1985,15
48371,1986,8
48371,1987,10
48371,1988,1
48371,1989,17
48371,1990,19
48371,1992,5
48371,1993,12
48371,1994,28
48371,1995,11
48371,1996,28
48371,1997,3
48371,1998,46
48371,1999,11
48371,2000,22
48371,2001,31
48371,2002,15
48371,2003,10
48371,2004,1
48371,2005,10
48371,2006,27
48371,2008,18
48371,2009,25
48371,2010,18
48371,2011,75
48371,2012,18
48371,2013,10
48371,2014,8
48371,2015,25
48371,2016,28
48371,2017,12
48371,2018,21
48371,2019,28
48371,2020,28
48371,2021,12
48371,2022,43
48371,2023,66
48371,2024,51
48371,2025,21
48373,1980,37
48373,1981,7
48373,1982,13
48373,1984,1
48373,1985,9
48373,1986,8
48373,1987,12
48373,1988,8
48373,1989,2
48373,1990,8
48373,1992,1
48373,1993,25
48373,1994,4
48373,1995,10
48373,1996,23
48373,1997,10
48373,1998,57
48373,1999,9
48373,2000,22
48373,2001,6
48373,2003,6
48373,2004,2
48373,2005,9
48373,2006,12
48373,2007,9
48373,2008,29
48373,2009,61
48373,2010,46
48373,2011,74
48373,2012,36
48373,2013,35
48373,2014,7
48373,2015,12
48373,2016,28
48373,2017,3
48373,2018,11
48373,2019,15
48373,2020,18
48373,2022,50
48373,2023,71
48373,2024,26
48373,2025,4
48375,1979,3
48375,1980,34
48375,1981,30
48375,1982,10
48375,1983,26
48375,1985,18
48375,1986,13
48375,1987,3
48375,1988,2
48375,1989,3
48375,1990,27
48375,1991,6
48375,1992,5
48375,1993,4
48375,1994,16
48375,1995,10
48375,1996,12
48375,1997,4
48375,1998,37
48375,2000,36
48375,2001,39
48375,2002,13
48375,2003,23
48375,2004,1
48375,2006,7
48375,2007,4
48375,2008,1
48375,2009,12
48375,2010,6
48375,2011,67
48375,2012,29
48375,2013,16
48375,2014,3
48375,2015,2
48375,2016,23
48375,2017,7
48375,2018,12
48375,2019,18
48375,2020,24
48375,2021,8
48375,2022,38
48375,2023,27
48375,2024,44
48375,2025,7
48377,1979,4
48377,1980,54
48377,1981,15
48377,1982,3
48377,1983,5
48377,1986,7
48377,1987,9
48377,1989,18
48377,1990,22
48377,1991,9
48377,1992,2
48377,1993,1
48377,1994,19
48377,1995,4
48377,1996,18
48377,1997,3
48377,1998,25
48377,1999,26
48377,2000,26
48377,2001,10
48377,2002,5
48377,2003,13
48377,2004,1
48377,2005,5
48377,2006,7
48377,2007,5
48377,2008,7
48377,2009,26
48377,2010,51
48377,2011,89
48377,2012,31
48377,2013,14
48377,2014,27
48377,2016,2
48377,2017,6
48377,2018,5
48377,2019,25
48377,2020,59
48377,2021,18
48377,2022,80
48377,2023,97
48377,2024,64
48377,2025,83
48379,1979,4
48379,1980,46
48379,1981,7
48379,1982,6
48379,1983,2
48379,1984,5
48379,1985,31
48379,1986,12
48379,1987,27
48379,1988,11
48379,1989,2
48379,1990,11
48379,1993,10
48379,1995,5
48379,1996,9
48379,1997,8
48379,1998,51
48379,1999,22
48379,2000,35
48379,2001,22
48379,2002,2
48379,2003,10
48379,2005,14
48379,2006,42
48379,2007,4
48379,2008,9
48379,2009,10
48379,2010,25
48379,2011,69
48379,2012,27
48379,2013,22
48379,2015,14
48379,2016,17
48379,2017,3
48379,2018,19
48379,2019,15
48379,2020,14
48379,2022,47
48379,2023,29
48379,2024,18
48379,2025,1
48381,1979,8
48381,1980,40
48381,1981,17
48381,1982,6
48381,1983,30
48381,1985,3
48381,1986,9
48381,1987,3
48381,1988,6
48381,1989,3
48381,1990,7
48381,1992,4
48381,1993,17
48381,1994,20
48381,1995,14
48381,1996,23
48381,1997,17
48381,1998,43
48381,1999,16
48381,2000,31
48381,2001,32
48381,2002,11
48381,2003,22
48381,2004,2
48381,2005,1
48381,2006,9
48381,2007,3
48381,2008,2
48381,2009,13
48381,2010,9
48381,2011,70
48381,2012,26
48381,2013,19
48381,2014,6
48381,2015,13
48381,2016,24
48381,2017,9
48381,2018,16
48381,2019,23
48381,2020,20
48381,2021,15
48381,2022,42
48381,2023,35
48381,2024,33
48381,2025,6
48383,1980,41
48383,1981,3
48383,1982,13
48383,1983,11
48383,1984,7
48383,1985,5
48383,1987,4
48383,1989,10
48383,1990,4
48383,1991,2
48383,1992,5
48383,1993,6
48383,1994,28
48383,1995,8
48383,1996,11
48383,1997,8
48383,1998,53
48383,1999,24
48383,2000,45
48383,2001,50
48383,2002,23
48383,2003,17
48383,2004,3
48383,2005,6
48383,2006,24
48383,2008,17
48383,2009,20
48383,2010,14
48383,2011,54
48383,2012,11
48383,2013,8
48383,2014,2
48383,2015,18
48383,2016,24
48383,2017,10
48383,2018,40
48383,2019,30
48383,2020,41
48383,2021,11
48383,2022,65
48383,2023,64
48383,2024,63
48383,2025,23
48385,1979,8
48385,1980,42
48385,1981,13
48385,1982,39
48385,1983,24
48385,1984,37
48385,1985,13
48385,1986,30
48385,1987,10
48385,1988,1
48385,1989,17
48385,1990,6
48385,1992,1
48385,1993,12
48385,1994,11
48385,1995,9
48385,1996,19
48385,1997,7
48385,1998,39
48385,1999,4
48385,2000,9
48385,2001,20
48385,2003,3
48385,2005,6
48385,2006,20
48385,2008,12
48385,2009,29
48385,2010,18
48385,2011,66
48385,2012,19
48385,2013,10
48385,2014,2
48385,2016,19
48385,2017,1
48385,2018,11
48385,2019,6
48385,2020,18
48385,2021,2
48385,2022,33
48385,2023,48
48385,2024,51
48385,2025,8
48387,1980,31
48387,1981,1
48387,1983,5
48387,1984,4
48387,1985,15
48387,1986,8
48387,1987,22
48387,1988,7
48387,1990,9
48387,1993,17
48387,1995,21
48387,1996,2
48387,1997,3
48387,1998,66
48387,1999,24
48387,2000,33
48387,2001,12
48387,2002,2
48387,2003,15
48387,2004,1
48387,2005,15
48387,2006,38
48387,2007,7
48387,2008,16
48387,2009,15
48387,2010,36
48387,2011,78
48387,2012,37
48387,2013,29
48387,2014,4
48387,2015,38
48387,2016,31
48387,2017,11
48387,2018,29
48387,2019,16
48387,2020,10
48387,2021,10
48387,2022,45
48387,2023,41
48387,2024,20
48387,2025,15
48389,1979,6
48389,1980,51
48389,1981,13
48389,1982,15
48389,1983,19
48389,1985,10
48389,1986,4
48389,1987,9
48389,1988,2
48389,1989,14
48389,1990,24
48389,1991,5
48389,1992,1
48389,1993,11
48389,1994,27
48389,1995,10
48389,1996,14
48389,1997,10
48389,1998,42
48389,1999,14
48389,2000,27
48389,2001,37
48389,2002,19
48389,2003,10
48389,2004,11
48389,2005,12
48389,2006,5
48389,2008,13
48389,2009,9
48389,2010,9
48389,2011,55
48389,2012,18
48389,2013,9
48389,2014,21
48389,2015,27
48389,2016,39
48389,2017,13
48389,2018,30
48389,2019,28
48389,2020,53
48389,2021,14
48389,2022,49
48389,2023,72
48389,2024,59
48389,2025,22
48391,1980,37
48391,1982,1
48391,1983,3
48391,1984,3
48391,1985,24
48391,1986,12
48391,1987,11
48391,1988,19
48391,1989,17
48391,1990,10
48391,1991,3
48391,1992,3
48391,1993,1
48391,1994,2
48391,1995,9
48391,1996,10
48391,1997,25
48391,1998,47
48391,1999,8
48391,2000,8
48391,2001,9
48391,2003,3
48391,2004,1
48391,2005,16
48391,2006,4
48391,2008,4
48391,2009,75
48391,2010,7
48391,2011,57
48391,2012,28
48391,2013,18
48391,2014,22
48391,2015,8
48391,2016,7
48391,2017,11
48391,2019,15
48391,2020,20
48391,2021,4
48391,2022,17
48391,2023,67
48391,2024,18
48391,2025,9
48393,1979,4
48393,1980,43
48393,1981,21
48393,1982,5
48393,1983,31
48393,1984,8
48393,1985,21
48393,1986,7
48393,1987,1
48393,1988,5
48393,1989,1
48393,1990,23
48393,1991,4
48393,1992,5
48393,1993,5
48393,1994,11
48393,1995,7
48393,1996,14
48393,1997,5
48393,1998,28
48393,1999,18
48393,2000,20
48393,2001,29
48393,2002,3
48393,2003,9
48393,2004,3
48393,2005,3
48393,2006,25
48393,2007,4
48393,2008,6
48393,2009,16
48393,2010,18
48393,2011,76
48393,2012,36
48393,2013,21
48393,2014,8
48393,2015,12
48393,2016,26
48393,2017,14
48393,2018,16
48393,2019,23
48393,2020,27
48393,2021,11
48393,2022,46
48393,2023,41
48393,2024,41
48393,2025,12
48395,1980,40
48395,1981,1
48395,1982,18
48395,1984,15
48395,1985,37
48395,1986,8
48395,1987,12
48395,1988,14
48395,1990,8
48395,1994,10
48395,1995,8
48395,1996,27
48395,1997,15
48395,1998,61
48395,1999,26
48395,2000,34
48395,2001,21
48395,2002,18
48395,2003,12
48395,2004,8
48395,2006,21
48395,2008,5
48395,2009,30
48395,2010,22
48395,2011,70
48395,2012,5
48395,2013,31
48395,2014,15
48395,2015,15
48395,2016,23
48395,2017,17
48395,2018,25
48395,2019,31
48395,2020,38
48395,2021,16
48395,2022,68
48395,2023,83
48395,2024,31
48395,2025,22
48397,1980,49
48397,1981,6
48397,1982,6
48397,1983,4
48397,1984,12
48397,1985,23
48397,1986,11
48397,1987,22
48397,1988,9
48397,1989,1
48397,1990,6
48397,1993,18
48397,1995,9
48397,1996,14
48397,1997,7
48397,1998,58
48397,1999,22
48397,2000,36
48397,2001,25
48397,2003,9
48397,2005,6
48397,2006,41
48397,2007,3
48397,2008,12
48397,2009,15
48397,2010,31
48397,2011,76
48397,2012,33
48397,2013,24
48397,2014,10
48397,2015,24
48397,2016,22
48397,2017,6
48397,2018,27
48397,2019,19
48397,2020,18
48397,2021,3
48397,2022,50
48397,2023,52
48397,2024,35
48397,2025,9
48399,1980,29
48399,1981,10
48399,1983,5
48399,1984,24
48399,1985,13
48399,1986,7
48399,1988,3
48399,1989,19
48399,1990,10
48399,1992,1
48399,1993,19
48399,1994,25
48399,1995,9
48399,1996,25
48399,1997,5
48399,1998,36
48399,1999,20
48399,2000,44
48399,2001,30
48399,2002,5
48399,2003,7
48399,2005,3
48399,2006,32
48399,2008,10
48399,2009,29
48399,2010,22
48399,2011,82
48399,2012,42
48399,2013,6
48399,2015,6
48399,2016,20
48399,2017,1
48399,2018,20
48399,2019,15
48399,2020,20
48399,2021,2
48399,2022,49
48399,2023,64
48399,2024,39
48399,2025,3
48401,1980,38
48401,1981,3
48401,1982,2
48401,1983,1
48401,1984,11
48401,1985,22
48401,1986,11
48401,1987,20
48401,1988,6
48401,1990,10
48401,1992,3
48401,1993,16
48401,1995,20
48401,1996,11
48401,1998,70
48401,1999,23
48401,2000,45
48401,2001,12
48401,2002,4
48401,2003,2
48401,2004,4
48401,2005,15
48401,2006,27
48401,2007,6
48401,2008,16
48401,2009,17
48401,2010,36
48401,2011,79
48401,2012,19
48401,2013,18
48401,2015,14
48401,2016,17
48401,2017,1
48401,2018,33
48401,2019,14
48401,2020,5
48401,2021,1
48401,2022,38
48401,2023,52
48401,2024,17
48401,2025,8
48403,1980,38
48403,1981,8
48403,1982,6
48403,1984,4
48403,1985,14
48403,1986,11
48403,1987,17
48403,1988,8
48403,1989,2
48403,1990,8
48403,1993,14
48403,1994,1
48403,1995,15
48403,1996,15
48403,1997,10
48403,1998,64
48403,1999,27
48403,2000,33
48403,2001,5
48403,2002,8
48403,2003,5
48403,2005,10
48403,2006,18
48403,2007,9
48403,2008,21
48403,2009,33
48403,2010,45
48403,2011,62
48403,2012,25
48403,2013,28
48403,2014,8
48403,2015,23
48403,2016,17
48403,2017,12
48403,2018,21
48403,2019,18
48403,2020,20
48403,2021,6
48403,2022,53
48403,2023,75
48403,2024,22
48403,2025,16
48405,1980,36
48405,1981,7
48405,1982,7
48405,1984,4
48405,1985,14
48405,1986,11
48405,1987,16
48405,1988,9
48405,1989,2
48405,1990,8
48405,1993,15
48405,1995,16
48405,1996,15
48405,1997,8
48405,1998,66
48405,1999,27
48405,2000,37
48405,2001,5
48405,2002,17
48405,2003,3
48405,2004,1
48405,2005,18
48405,2006,16
48405,2007,8
48405,2008,14
48405,2009,22
48405,2010,32
48405,2011,71
48405,2012,28
48405,2013,25
48405,2014,5
48405,2015,11
48405,2016,14
48405,2017,14
48405,2018,27
48405,2019,10
48405,2020,7
48405,2021,3
48405,2022,43
48405,2023,57
48405,2024,14
48405,2025,1
48407,1980,31
48407,1982,1
48407,1984,4
48407,1985,24
48407,1986,12
48407,1987,17
48407,1988,16
48407,1989,6
48407,1990,12
48407,1993,12
48407,1996,6
48407,1997,11
48407,1998,73
48407,1999,25
48407,2000,31
48407,2001,16
48407,2002,1
48407,2003,9
48407,2004,4
48407,2005,15
48407,2006,21
48407,2007,6
48407,2008,14
48407,2009,51
48407,2010,34
48407,2011,79
48407,2012,36
48407,2013,30
48407,2014,12
48407,2015,25
48407,2016,35
48407,2017,17
48407,2018,27
48407,2019,25
48407,2020,28
48407,2021,11
48407,2022,64
48407,2023,79
48407,2024,36
48407,2025,15
48409,1979,3
48409,1980,39
48409,1981,1
48409,1982,24
48409,1983,20
48409,1984,13
48409,1985,18
48409,1986,12
48409,1987,8
48409,1988,17
48409,1989,6
48409,1990,3
48409,1991,6
48409,1992,1
48409,1994,1
48409,1996,6
48409,1997,21
48409,1998,54
48409,1999,7
48409,2000,28
48409,2001,21
48409,2002,3
48409,2003,4
48409,2004,11
48409,2005,37
48409,2006,6
48409,2007,2
48409,2009,72
48409,2010,22
48409,2011,54
48409,2012,41
48409,2013,21
48409,2014,20
48409,2015,16
48409,2016,32
48409,2017,8
48409,2018,1
48409,2019,15
48409,2020,29
48409,2021,2
48409,2022,20
48409,2023,80
48409,2024,32
48409,2025,28
48411,1980,26
48411,1981,5
48411,1982,7
48411,1983,2
48411,1984,7
48411,1985,16
48411,1986,14
48411,1987,12
48411,1988,11
48411,1989,11
48411,1990,6
48411,1992,1
48411,1993,21
48411,1994,24
48411,1995,12
48411,1996,24
48411,1997,9
48411,1998,42
48411,1999,20
48411,2000,31
48411,2001,26
48411,2002,1
48411,2003,5
48411,2005,5
48411,2006,39
48411,2008,12
48411,2009,38
48411,2010,20
48411,2011,74
48411,2012,25
48411,2013,14
48411,2014,6
48411,2015,28
48411,2016,20
48411,2017,8
48411,2018,35
48411,2019,24
48411,2020,26
48411,2022,49
48411,2023,72
48411,2024,28
48413,1980,51
48413,1981,16
48413,1982,5
48413,1983,6
48413,1984,6
48413,1985,2
48413,1986,1
48413,1989,16
48413,1990,19
48413,1992,3
48413,1993,24
48413,1994,30
48413,1995,11
48413,1996,34
48413,1997,20
48413,1998,58
48413,1999,24
48413,2000,46
48413,2001,39
48413,2002,13
48413,2003,7
48413,2005,3
48413,2006,11
48413,2008,5
48413,2009,13
48413,2010,11
48413,2011,68
48413,2012,26
48413,2013,9
48413,2014,7
48413,2015,23
48413,2016,19
48413,2017,5
48413,2018,28
48413,2019,16
48413,2020,20
48413,2022,38
48413,2023,68
48413,2024,39
48415,1979,2
48415,1980,21
48415,1981,2
48415,1982,2
48415,1983,2
48415,1984,7
48415,1985,4
48415,1986,10
48415,1987,9
48415,1988,3
48415,1989,10
48415,1990,13
48415,1991,1
48415,1993,13
48415,1994,25
48415,1995,9
48415,1996,28
48415,1997,2
48415,1998,55
48415,1999,27
48415,2000,26
48415,2001,31
48415,2002,8
48415,2003,15
48415,2004,1
48415,2006,27
48415,2008,5
48415,2009,14
48415,2010,16
48415,2011,80
48415,2012,31
48415,2013,12
48415,2014,13
48415,2015,15
48415,2016,21
48415,2017,10
48415,2018,32
48415,2019,36
48415,2020,33
48415,2021,4
48415,2022,62
48415,2023,63
48415,2024,53
48415,2025,18
48417,1980,28
48417,1981,14
48417,1982,9
48417,1983,11
48417,1984,23
48417,1985,18
48417,1986,11
48417,1987,1
48417,1988,5
48417,1989,15
48417,1990,10
48417,1991,3
48417,1993,18
48417,1994,13
48417,1995,12
48417,1996,13
48417,1997,5
48417,1998,44
48417,1999,17
48417,2000,45
48417,2001,32
48417,2003,11
48417,2006,34
48417,2008,4
48417,2009,10
48417,2010,16
48417,2011,81
48417,2012,32
48417,2013,17
48417,2014,8
48417,2015,6
48417,2016,9
48417,2017,5
48417,2018,15
48417,2019,9
48417,2020,21
48417,2021,4
48417,2022,48
48417,2023,65
48417,2024,39
48417,2025,3
48419,1980,30
48419,1981,7
48419,1982,8
48419,1984,11
48419,1985,5
48419,1986,10
48419,1987,17
48419,1988,16
48419,1990,8
48419,1992,3
48419,1993,10
48419,1995,14
48419,1996,3
48419,1997,3
48419,1998,47
48419,1999,17
48419,2000,32
48419,2001,8
48419,2003,2
48419,2005,17
48419,2006,22
48419,2007,5
48419,2008,11
48419,2009,36
48419,2010,51
48419,2011,82
48419,2012,36
48419,2013,28
48419,2014,1
48419,2015,24
48419,2016,30
48419,2017,4
48419,2018,26
48419,2019,15
48419,2020,12
48419,2021,1
48419,2022,46
48419,2023,56
48419,2024,14
48419,2025,6
48421,1979,13
48421,1980,40
48421,1981,17
48421,1982,10
48421,1983,24
48421,1984,9
48421,1985,11
48421,1986,9
48421,1987,4
48421,1988,4
48421,1990,14
48421,1991,2
48421,1992,1
48421,1994,4
48421,1995,6
48421,1996,7
48421,1997,4
48421,1998,19
48421,1999,12
48421,2000,23
48421,2001,29
48421,2002,16
48421,2003,26
48421,2004,11
48421,2005,7
48421,2006,19
48421,2007,12
48421,2008,1
48421,2009,10
48421,2010,23
48421,2011,61
48421,2012,34
48421,2013,28
48421,2014,16
48421,2015,19
48421,2016,25
48421,2017,15
48421,2018,8
48421,2019,34
48421,2020,46
48421,2021,38
48421,2022,61
48421,2023,60
48421,2024,57
48421,2025,26
48423,1980,13
48423,1981,1
48423,1982,2
48423,1984,14
48423,1985,10
48423,1986,12
48423,1987,22
48423,1988,4
48423,1989,2
48423,1990,7
48423,1993,16
48423,1994,1
48423,1995,19
48423,1996,16
48423,1997,11
48423,1998,71
48423,1999,18
48423,2000,29
48423,2001,11
48423,2002,5
48423,2003,7
48423,2004,1
48423,2005,10
48423,2006,37
48423,2007,4
48423,2008,13
48423,2009,18
48423,2010,27
48423,2011,79
48423,2012,32
48423,2013,27
48423,2014,2
48423,2015,30
48423,2016,33
48423,2017,6
48423,2018,41
48423,2019,24
48423,2020,18
48423,2022,53
48423,2023,52
48423,2024,20
48423,2025,4
48425,1979,1
48425,1980,53
48425,1981,13
48425,1982,7
48425,1983,21
48425,1984,33
48425,1985,32
48425,1986,10
48425,1987,11
48425,1988,3
48425,1989,4
48425,1991,1
48425,1993,1
48425,1995,6
48425,1996,5
48425,1997,7
48425,1998,29
48425,2000,36
48425,2001,38
48425,2002,6
48425,2003,14
48425,2005,10
48425,2006,42
48425,2008,17
48425,2009,28
48425,2010,35
48425,2011,77
48425,2012,11
48425,2013,26
48425,2014,8
48425,2015,20
48425,2016,28
48425,2017,7
48425,2018,28
48425,2019,15
48425,2020,21
48425,2022,62
48425,2023,56
48425,2024,21
48427,1979,1
48427,1980,32
48427,1982,9
48427,1983,2
48427,1987,3
48427,1988,4
48427,1989,7
48427,1990,9
48427,1991,2
48427,1992,6
48427,1993,3
48427,1994,22
48427,1995,25
48427,1996,46
48427,1997,41
48427,1998,77
48427,1999,20
48427,2000,29
48427,2001,37
48427,2002,1
48427,2003,23
48427,2004,7
48427,2005,12
48427,2006,5
48427,2008,2
48427,2009,60
48427,2011,43
48427,2012,21
48427,2013,27
48427,2014,24
48427,2015,19
48427,2016,42
48427,2017,45
48427,2018,45
48427,2019,80
48427,2020,32
48427,2021,5
48427,2022,41
48427,2023,78
48427,2024,26
48427,2025,20
48429,1979,2
48429,1980,42
48429,1981,12
48429,1982,10
48429,1983,14
48429,1984,17
48429,1985,11
48429,1986,15
48429,1988,8
48429,1989,27
48429,1990,20
48429,1991,6
48429,1993,14
48429,1994,14
48429,1995,6
48429,1996,17
48429,1997,4
48429,1998,39
48429,1999,19
48429,2000,55
48429,2001,31
48429,2002,4
48429,2003,20
48429,2006,35
48429,2008,9
48429,2009,11
48429,2010,18
48429,2011,80
48429,2012,17
48429,2013,9
48429,2014,2
48429,2015,5
48429,2016,14
48429,2017,6
48429,2018,17
48429,2019,14
48429,2020,20
48429,2021,4
48429,2022,55
48429,2023,61
48429,2024,37
48429,2025,17
48431,1979,6
48431,1980,42
48431,1981,12
48431,1982,10
48431,1983,12
48431,1984,10
48431,1985,19
48431,1986,11
48431,1987,1
48431,1989,15
48431,1990,17
48431,1991,1
48431,1992,4
48431,1993,15
48431,1994,24
48431,1995,9
48431,1996,23
48431,1997,10
48431,1998,54
48431,1999,28
48431,2000,45
48431,2001,46
48431,2002,15
48431,2003,11
48431,2004,1
48431,2005,3
48431,2006,11
48431,2008,16
48431,2009,12
48431,2010,9
48431,2011,58
48431,2012,19
48431,2013,8
48431,2014,8
48431,2015,15
48431,2016,26
48431,2017,6
48431,2018,38
48431,2019,28
48431,2020,31
48431,2021,4
48431,2022,53
48431,2023,69
48431,2024,41
48431,2025,8
48433,1979,3
48433,1980,39
48433,1981,17
48433,1982,2
48433,1983,21
48433,1984,22
48433,1985,39
48433,1986,14
48433,1987,19
48433,1988,7
48433,1989,15
48433,1990,6
48433,1991,1
48433,1993,20
48433,1994,14
48433,1995,11
48433,1996,18
48433,1997,2
48433,1998,42
48433,1999,15
48433,2000,28
48433,2001,26
48433,2002,4
48433,2003,10
48433,2006,21
48433,2008,6
48433,2009,14
48433,2010,3
48433,2011,86
48433,2012,37
48433,2013,18
48433,2014,13
48433,2015,10
48433,2016,29
48433,2017,8
48433,2018,29
48433,2019,24
48433,2020,26
48433,2021,2
48433,2022,51
48433,2023,39
48433,2024,39
48433,2025,12
48435,1979,3
48435,1980,39
48435,1981,6
48435,1982,7
48435,1983,12
48435,1984,8
48435,1985,24
48435,1986,6
48435,1987,4
48435,1989,5
48435,1990,1
48435,1991,1
48435,1992,3
48435,1993,10
48435,1994,29
48435,1995,3
48435,1996,25
48435,1997,15
48435,1998,47
48435,1999,11
48435,2000,26
48435,2001,33
48435,2002,6
48435,2003,8
48435,2005,6
48435,2006,19
48435,2008,16
48435,2009,30
48435,2010,22
48435,2011,66
48435,2012,29
48435,2013,11
48435,2014,13
48435,2015,19
48435,2016,26
48435,2017,9
48435,2018,28
48435,2019,23
48435,2020,28
48435,2022,48
48435,2023,71
48435,2024,33
48437,1979,7
48437,1980,39
48437,1981,18
48437,1982,16
48437,1983,34
48437,1985,2
48437,1986,10
48437,1987,4
48437,1989,2
48437,1990,16
48437,1992,1
48437,1993,9
48437,1994,15
48437,1995,9
48437,1996,16
48437,1997,3
48437,1998,39
48437,1999,14
48437,2000,4
48437,2001,30
48437,2002,12
48437,2003,18
48437,2006,31
48437,2007,4
48437,2008,7
48437,2009,15
48437,2010,16
48437,2011,77
48437,2012,29
48437,2013,15
48437,2014,4
48437,2015,4
48437,2016,25
48437,2017,9
48437,2018,23
48437,2019,26
48437,2020,33
48437,2021,17
48437,2022,49
48437,2023,41
48437,2024,49
48437,2025,19
48439,1980,37
48439,1981,6
48439,1982,1
48439,1983,4
48439,1984,11
48439,1985,22
48439,1986,8
48439,1987,12
48439,1988,15
48439,1989,2
48439,1990,5
48439,1993,21
48439,1994,3
48439,1995,4
48439,1996,14
48439,1997,7
48439,1998,59
48439,1999,22
48439,2000,37
48439,2001,30
48439,2003,13
48439,2005,8
48439,2006,41
48439,2007,4
48439,2008,18
48439,2009,25
48439,2010,30
48439,2011,73
48439,2012,34
48439,2013,23
48439,2014,13
48439,2015,27
48439,2016,18
48439,2017,6
48439,2018,24
48439,2019,15
48439,2020,16
48439,2021,6
48439,2022,54
48439,2023,55
48439,2024,30
48439,2025,6
48441,1979,5
48441,1980,52
48441,1981,20
48441,1982,9
48441,1983,13
48441,1984,19
48441,1985,18
48441,1986,12
48441,1987,7
48441,1988,5
48441,1989,11
48441,1990,14
48441,1991,2
48441,1993,16
48441,1994,16
48441,1995,8
48441,1996,13
48441,1997,4
48441,1998,43
48441,1999,27
48441,2000,44
48441,2001,31
48441,2002,4
48441,2003,8
48441,2006,24
48441,2008,5
48441,2009,16
48441,2010,13
48441,2011,79
48441,2012,29
48441,2013,17
48441,2014,9
48441,2015,7
48441,2016,17
48441,2017,3
48441,2018,12
48441,2019,20
48441,2020,23
48441,2021,3
48441,2022,57
48441,2023,62
48441,2024,39
48441,2025,5
48443,1979,1
48443,1980,40
48443,1982,13
48443,1983,12
48443,1984,1
48443,1985,1
48443,1986,10
48443,1989,3
48443,1990,14
48443,1992,2
48443,1993,20
48443,1994,21
48443,1995,7
48443,1996,15
48443,1997,1
48443,1998,30
48443,1999,3
48443,2000,17
48443,2001,28
48443,2002,8
48443,2003,3
48443,2005,12
48443,2006,20
48443,2008,18
48443,2009,46
48443,2010,6
48443,2011,83
48443,2012,41
48443,2013,32
48443,2014,84
48443,2015,52
48443,2016,42
48443,2017,26
48443,2018,53
48443,2019,51
48443,2020,52
48443,2021,12
48443,2022,76
48443,2023,60
48443,2024,58
48443,2025,59
48445,1979,1
48445,1980,27
48445,1981,11
48445,1982,6
48445,1983,11
48445,1984,1
48445,1985,7
48445,1986,9
48445,1987,9
48445,1989,7
48445,1990,17
48445,1992,2
48445,1993,11
48445,1994,18
48445,1995,8
48445,1996,5
48445,1997,2
48445,1998,43
48445,1999,23
48445,2000,14
48445,2001,39
48445,2002,7
48445,2003,21
48445,2004,3
48445,2006,28
48445,2007,1
48445,2008,12
48445,2009,19
48445,2010,17
48445,2011,83
48445,2012,30
48445,2013,25
48445,2014,24
48445,2015,19
48445,2016,43
48445,2017,19
48445,2018,45
48445,2019,30
48445,2020,40
48445,2021,11
48445,2022,55
48445,2023,58
48445,2024,53
48445,2025,24
48447,1980,40
48447,1981,16
48447,1982,1
48447,1983,14
48447,1984,19
48447,1985,13
48447,1986,11
48447,1987,7
48447,1988,4
48447,1989,9
48447,1990,7
48447,1991,2
48447,1993,19
48447,1994,13
48447,1995,6
48447,1996,18
48447,1997,3
48447,1998,43
48447,1999,23
48447,2000,48
48447,2001,31
48447,2002,8
48447,2003,24
48447,2005,1
48447,2006,39
48447,2008,8
48447,2009,28
48447,2010,21
48447,2011,80
48447,2012,34
48447,2013,21
48447,2014,3
48447,2015,6
48447,2016,12
48447,2018,11
48447,2019,9
48447,2020,19
48447,2022,32
48447,2023,56
48447,2024,32
48447,2025,3
48449,1979,1
48449,1980,39
48449,1981,23
48449,1982,15
48449,1983,10
48449,1984,12
48449,1985,10
48449,1986,12
48449,1987,20
48449,1988,17
48449,1990,9
48449,1993,17
48449,1995,10
48449,1996,5
48449,1997,2
48449,1998,60
48449,1999,23
48449,2000,26
48449,2001,15
48449,2002,16
48449,2003,3
48449,2005,26
48449,2006,41
48449,2007,7
48449,2008,8
48449,2009,7
48449,2010,24
48449,2011,68
48449,2012,21
48449,2013,56
48449,2014,18
48449,2015,44
48449,2016,49
48449,2017,13
48449,2018,36
48449,2019,18
48449,2020,11
48449,2021,8
48449,2022,54
48449,2023,59
48449,2024,30
48449,2025,54
48451,1980,37
48451,1981,6
48451,1982,2
48451,1983,7
48451,1984,7
48451,1985,12
48451,1986,8
48451,1987,1
48451,1989,11
48451,1990,12
48451,1992,4
48451,1993,22
48451,1994,27
48451,1995,11
48451,1996,26
48451,1997,5
48451,1998,45
48451,1999,15
48451,2000,39
48451,2001,32
48451,2002,8
48451,2003,9
48451,2005,3
48451,2006,23
48451,2008,20
48451,2009,24
48451,2010,30
48451,2011,78
48451,2012,32
48451,2013,18
48451,2014,9
48451,2015,22
48451,2016,35
48451,2017,15
48451,2018,50
48451,2019,30
48451,2020,42
48451,2021,8
48451,2022,66
48451,2023,69
48451,2024,47
48451,2025,9
48453,1980,44
48453,1981,12
48453,1982,32
48453,1984,16
48453,1985,18
48453,1986,14
48453,1987,7
48453,1988,13
48453,1989,18
48453,1990,19
48453,1991,3
48453,1993,19
48453,1994,23
48453,1995,8
48453,1996,18
48453,1997,5
48453,1998,46
48453,1999,13
48453,2000,20
48453,2001,13
48453,2003,4
48453,2005,9
48453,2006,23
48453,2008,15
48453,2009,57
48453,2010,21
48453,2011,61
48453,2012,17
48453,2013,21
48453,2014,9
48453,2015,11
48453,2016,13
48453,2017,9
48453,2018,26
48453,2019,16
48453,2020,21
48453,2022,49
48453,2023,74
48453,2024,18
48453,2025,1
48455,1980,29
48455,1981,1
48455,1982,5
48455,1984,3
48455,1985,9
48455,1986,9
48455,1987,13
48455,1988,7
48455,1989,5
48455,1990,29
48455,1991,3
48455,1992,12
48455,1993,42
48455,1994,20
48455,1995,20
48455,1996,36
48455,1997,10
48455,1998,62
48455,1999,11
48455,2000,25
48455,2001,2
48455,2003,4
48455,2005,8
48455,2006,19
48455,2007,5
48455,2008,9
48455,2009,29
48455,2010,26
48455,2011,76
48455,2012,28
48455,2013,25
48455,2014,2
48455,2015,17
48455,2016,25
48455,2017,4
48455,2018,15
48455,2019,16
48455,2020,19
48455,2022,49
48455,2023,66
48455,2024,19
48455,2025,4
48457,1980,48
48457,1981,13
48457,1982,6
48457,1984,6
48457,1985,10
48457,1986,10
48457,1987,4
48457,1988,1
48457,1990,6
48457,1993,8
48457,1994,2
48457,1995,7
48457,1996,7
48457,1997,11
48457,1998,64
48457,1999,23
48457,2000,28
48457,2001,9
48457,2002,2
48457,2003,10
48457,2004,3
48457,2005,28
48457,2006,8
48457,2007,15
48457,2008,11
48457,2009,37
48457,2010,41
48457,2011,72
48457,2012,33
48457,2013,27
48457,2014,7
48457,2015,27
48457,2016,41
48457,2017,12
48457,2018,14
48457,2019,22
48457,2020,20
48457,2021,14
48457,2022,51
48457,2023,79
48457,2024,33
48457,2025,16
48459,1980,47
48459,1981,11
48459,1982,11
48459,1984,15
48459,1985,10
48459,1986,12
48459,1987,20
48459,1988,8
48459,1989,2
48459,1990,6
48459,1993,11
48459,1995,21
48459,1996,9
48459,1997,3
48459,1998,52
48459,1999,33
48459,2000,30
48459,2001,13
48459,2002,9
48459,2003,6
48459,2005,14
48459,2006,38
48459,2007,4
48459,2008,9
48459,2009,11
48459,2010,25
48459,2011,74
48459,2012,23
48459,2013,29
48459,2015,21
48459,2016,24
48459,2017,5
48459,2018,33
48459,2019,21
48459,2020,12
48459,2021,5
48459,2022,50
48459,2023,49
48459,2024,14
48459,2025,10
48461,1980,38
48461,1981,8
48461,1982,2
48461,1983,4
48461,1984,2
48461,1985,2
48461,1989,6
48461,1990,13
48461,1992,2
48461,1993,5
48461,1994,17
48461,1995,11
48461,1996,24
48461,1997,3
48461,1998,49
48461,1999,17
48461,2000,30
48461,2001,22
48461,2002,2
48461,2003,6
48461,2004,6
48461,2005,7
48461,2006,21
48461,2008,36
48461,2009,38
48461,2010,26
48461,2011,73
48461,2012,32
48461,2013,12
48461,2014,11
48461,2015,34
48461,2016,37
48461,2017,16
48461,2018,45
48461,2019,32
48461,2020,43
48461,2021,7
48461,2022,48
48461,2023,63
48461,2024,23
48461,2025,1
48463,1979,1
48463,1980,41
48463,1981,3
48463,1982,23
48463,1983,20
48463,1984,32
48463,1985,23
48463,1986,11
48463,1987,3
48463,1988,14
48463,1989,16
48463,1990,28
48463,1991,27
48463,1992,3
48463,1993,19
48463,1994,27
48463,1995,27
48463,1996,35
48463,1997,15
48463,1998,51
48463,1999,13
48463,2000,31
48463,2001,36
48463,2003,1
48463,2005,2
48463,2006,8
48463,2009,12
48463,2010,3
48463,2011,50
48463,2012,8
48463,2013,6
48463,2015,5
48463,2016,18
48463,2017,14
48463,2018,25
48463,2019,17
48463,2020,34
48463,2022,34
48463,2023,54
48463,2024,45
48463,2025,10
48465,1979,2
48465,1980,45
48465,1982,9
48465,1983,4
48465,1984,8
48465,1985,8
48465,1986,10
48465,1987,4
48465,1988,3
48465,1989,20
48465,1990,7
48465,1991,2
48465,1992,2
48465,1993,8
48465,1994,23
48465,1995,12
48465,1996,34
48465,1997,12
48465,1998,51
48465,1999,13
48465,2000,30
48465,2001,37
48465,2002,8
48465,2003,4
48465,2005,14
48465,2006,24
48465,2008,7
48465,2009,58
48465,2010,15
48465,2011,69
48465,2012,41
48465,2013,19
48465,2014,12
48465,2015,24
48465,2016,38
48465,2017,21
48465,2018,47
48465,2019,43
48465,2020,50
48465,2021,12
48465,2022,57
48465,2023,74
48465,2024,70
48465,2025,32
48467,1980,60
48467,1981,9
48467,1982,11
48467,1983,6
48467,1984,22
48467,1985,29
48467,1986,17
48467,1987,27
48467,1988,20
48467,1989,2
48467,1990,13
48467,1993,7
48467,1995,14
48467,1996,17
48467,1997,1
48467,1998,38
48467,1999,9
48467,2000,22
48467,2001,7
48467,2003,3
48467,2005,13
48467,2006,43
48467,2007,4
48467,2008,9
48467,2009,15
48467,2010,37
48467,2011,72
48467,2012,39
48467,2013,30
48467,2014,6
48467,2015,20
48467,2016,26
48467,2017,4
48467,2018,39
48467,2019,16
48467,2020,15
48467,2021,1
48467,2022,50
48467,2023,43
48467,2024,12
48467,2025,5
48469,1980,37
48469,1982,23
48469,1983,1
48469,1984,7
48469,1985,19
48469,1986,12
48469,1987,11
48469,1988,22
48469,1989,12
48469,1990,9
48469,1991,4
48469,1992,7
48469,1993,16
48469,1994,14
48469,1995,11
48469,1996,13
48469,1997,6
48469,1998,50
48469,1999,16
48469,2000,26
48469,2001,27
48469,2002,1
48469,2003,4
48469,2004,1
48469,2005,18
48469,2007,1
48469,2008,6
48469,2009,65
48469,2010,24
48469,2011,62
48469,2012,15
48469,2013,15
48469,2014,26
48469,2015,17
48469,2016,21
48469,2017,19
48469,2018,12
48469,2019,29
48469,2020,32
48469,2021,1
48469,2022,27
48469,2023,88
48469,2024,23
48469,2025,14
48471,1980,48
48471,1981,4
48471,1982,14
48471,1983,2
48471,1984,2
48471,1985,26
48471,1986,11
48471,1987,18
48471,1988,14
48471,1989,3
48471,1990,7
48471,1993,11
48471,1994,2
48471,1995,14
48471,1996,12
48471,1997,29
48471,1998,63
48471,1999,16
48471,2000,28
48471,2001,4
48471,2003,9
48471,2004,6
48471,2005,17
48471,2006,7
48471,2007,10
48471,2008,12
48471,2009,61
48471,2010,40
48471,2011,76
48471,2012,28
48471,2013,16
48471,2014,5
48471,2015,20
48471,2016,20
48471,2017,11
48471,2018,15
48471,2019,23
48471,2020,21
48471,2021,14
48471,2022,60
48471,2023,76
48471,2024,20
48471,2025,5
48473,1980,40
48473,1981,4
48473,1982,25
48473,1984,2
48473,1985,22
48473,1986,13
48473,1987,10
48473,1988,12
48473,1989,4
48473,1990,11
48473,1993,17
48473,1994,4
48473,1995,8
48473,1996,19
48473,1997,12
48473,1998,63
48473,1999,23
48473,2000,33
48473,2001,16
48473,2003,5
48473,2004,1
48473,2005,14
48473,2006,15
48473,2007,4
48473,2008,8
48473,2009,56
48473,2010,23
48473,2011,78
48473,2012,29
48473,2013,29
48473,2014,14
48473,2015,20
48473,2016,32
48473,2017,20
48473,2018,24
48473,2019,26
48473,2020,30
48473,2021,6
48473,2022,65
48473,2023,83
48473,2024,37
48473,2025,8
48475,1979,4
48475,1980,41
48475,1981,9
48475,1982,7
48475,1983,9
48475,1985,3
48475,1987,8
48475,1988,2
48475,1989,12
48475,1990,24
48475,1991,7
48475,1992,7
48475,1993,21
48475,1994,26
48475,1995,9
48475,1996,20
48475,1997,8
48475,1998,40
48475,1999,20
48475,2000,35
48475,2001,27
48475,2002,23
48475,2003,11
48475,2004,10
48475,2005,9
48475,2006,14
48475,2008,18
48475,2009,8
48475,2010,15
48475,2011,54
48475,2012,14
48475,2013,11
48475,2014,21
48475,2015,24
48475,2016,26
48475,2017,12
48475,2018,30
48475,2019,31
48475,2020,44
48475,2021,12
48475,2022,46
48475,2023,59
48475,2024,45
48475,2025,15
48477,1980,40
48477,1981,3
48477,1982,29
48477,1984,5
48477,1985,29
48477,1986,10
48477,1987,3
48477,1988,9
48477,1989,3
48477,1990,15
48477,1993,9
48477,1994,3
48477,1995,8
48477,1996,30
48477,1997,20
48477,1998,60
48477,1999,27
48477,2000,43
48477,2001,20
48477,2003,3
48477,2005,11
48477,2006,11
48477,2007,1
48477,2008,2
48477,2009,47
48477,2010,19
48477,2011,61
48477,2012,10
48477,2013,35
48477,2014,9
48477,2015,11
48477,2016,24
48477,2017,24
48477,2018,17
48477,2019,21
48477,2020,17
48477,2022,59
48477,2023,80
48477,2024,25
48477,2025,2
48479,1979,2
48479,1980,34
48479,1983,2
48479,1985,7
48479,1986,10
48479,1987,10
48479,1988,14
48479,1989,11
48479,1990,17
48479,1991,1
48479,1992,5
48479,1993,2
48479,1994,32
48479,1995,26
48479,1996,17
48479,1997,15
48479,1998,68
48479,1999,21
48479,2000,24
48479,2001,26
48479,2002,19
48479,2003,8
48479,2005,22
48479,2006,9
48479,2009,42
48479,2010,19
48479,2011,52
48479,2012,22
48479,2013,10
48479,2014,8
48479,2015,13
48479,2016,23
48479,2017,18
48479,2018,7
48479,2019,45
48479,2020,25
48479,2021,10
48479,2022,51
48479,2023,86
48479,2024,42
48479,2025,37
48481,1980,32
48481,1981,1
48481,1982,14
48481,1983,3
48481,1985,13
48481,1986,27
48481,1987,21
48481,1988,18
48481,1989,6
48481,1990,11
48481,1991,7
48481,1992,2
48481,1993,17
48481,1995,8
48481,1996,1
48481,1997,15
48481,1998,54
48481,1999,18
48481,2000,20
48481,2001,8
48481,2002,3
48481,2003,17
48481,2004,3
48481,2005,33
48481,2006,6
48481,2007,3
48481,2008,9
48481,2009,61
48481,2010,22
48481,2011,73
48481,2012,15
48481,2013,10
48481,2014,11
48481,2015,22
48481,2016,40
48481,2017,19
48481,2018,20
48481,2019,25
48481,2020,28
48481,2021,3
48481,2022,46
48481,2023,88
48481,2024,32
48481,2025,10
48483,1979,3
48483,1980,54
48483,1981,24
48483,1982,10
48483,1983,30
48483,1984,11
48483,1985,6
48483,1986,10
48483,1988,3
48483,1989,1
48483,1990,11
48483,1993,5
48483,1994,14
48483,1995,9
48483,1996,12
48483,1997,3
48483,1998,42
48483,1999,14
48483,2000,23
48483,2001,30
48483,2002,2
48483,2003,23
48483,2005,4
48483,2006,21
48483,2007,1
48483,2008,17
48483,2009,13
48483,2010,18
48483,2011,76
48483,2012,29
48483,2013,14
48483,2014,6
48483,2015,9
48483,2016,14
48483,2017,7
48483,2018,17
48483,2019,20
48483,2020,22
48483,2021,2
48483,2022,42
48483,2023,36
48483,2024,36
48483,2025,7
48485,1979,8
48485,1980,54
48485,1981,13
48485,1982,4
48485,1983,12
48485,1984,9
48485,1985,4
48485,1986,9
48485,1987,8
48485,1988,14
48485,1990,13
48485,1991,6
48485,1993,4
48485,1994,4
48485,1995,6
48485,1996,18
48485,1997,1
48485,1998,35
48485,1999,23
48485,2000,46
48485,2001,33
48485,2002,7
48485,2003,14
48485,2005,2
48485,2006,41
48485,2007,2
48485,2008,18
48485,2009,9
48485,2010,17
48485,2011,79
48485,2012,32
48485,2013,17
48485,2014,3
48485,2015,5
48485,2016,5
48485,2018,14
48485,2019,9
48485,2020,5
48485,2021,1
48485,2022,33
48485,2023,47
48485,2024,27
48487,1979,7
48487,1980,58
48487,1981,25
48487,1982,7
48487,1983,23
48487,1984,10
48487,1985,15
48487,1986,11
48487,1987,1
48487,1988,4
48487,1989,5
48487,1990,4
48487,1991,5
48487,1993,18
48487,1994,9
48487,1995,4
48487,1996,17
48487,1997,8
48487,1998,56
48487,1999,24
48487,2000,44
48487,2001,33
48487,2002,5
48487,2003,19
48487,2004,1
48487,2005,3
48487,2006,31
48487,2008,1
48487,2009,7
48487,2010,3
48487,2011,71
48487,2012,19
48487,2013,9
48487,2015,5
48487,2016,6
48487,2018,8
48487,2019,10
48487,2020,13
48487,2022,36
48487,2023,43
48487,2024,27
48487,2025,1
48489,1979,6
48489,1980,31
48489,1982,7
48489,1983,8
48489,1984,2
48489,1986,23
48489,1987,28
48489,1988,10
48489,1989,24
48489,1990,1
48489,1991,12
48489,1992,3
48489,1994,8
48489,1995,15
48489,1996,15
48489,1997,8
48489,1998,49
48489,1999,6
48489,2000,3
48489,2001,12
48489,2002,5
48489,2003,18
48489,2004,17
48489,2005,47
48489,2006,16
48489,2008,3
48489,2009,54
48489,2010,16
48489,2011,34
48489,2012,12
48489,2013,8
48489,2014,15
48489,2015,15
48489,2016,46
48489,2017,35
48489,2018,42
48489,2019,45
48489,2020,29
48489,2021,18
48489,2022,19
48489,2023,88
48489,2024,48
48489,2025,36
48491,1980,36
48491,1982,13
48491,1984,10
48491,1985,22
48491,1986,12
48491,1987,7
48491,1988,14
48491,1989,8
48491,1990,8
48491,1993,6
48491,1994,21
48491,1995,6
48491,1996,25
48491,1997,7
48491,1998,49
48491,1999,18
48491,2000,35
48491,2001,21
48491,2002,3
48491,2003,16
48491,2005,9
48491,2006,26
48491,2008,13
48491,2009,44
48491,2010,19
48491,2011,70
48491,2012,27
48491,2013,25
48491,2014,15
48491,2015,18
48491,2016,22
48491,2017,18
48491,2018,38
48491,2019,23
48491,2020,28
48491,2021,1
48491,2022,63
48491,2023,79
48491,2024,29
48491,2025,11
48493,1980,40
48493,1981,6
48493,1982,26
48493,1983,6
48493,1984,11
48493,1985,22
48493,1986,16
48493,1987,15
48493,1988,16
48493,1989,26
48493,1990,10
48493,1993,6
48493,1994,18
48493,1995,9
48493,1996,33
48493,1997,14
48493,1998,56
48493,1999,7
48493,2000,11
48493,2001,32
48493,2003,2
48493,2005,6
48493,2006,5
48493,2009,46
48493,2010,11
48493,2011,57
48493,2012,16
48493,2013,16
48493,2014,15
48493,2015,4
48493,2016,23
48493,2017,7
48493,2018,7
48493,2019,19
48493,2020,19
48493,2022,31
48493,2023,65
48493,2024,11
48495,1979,3
48495,1980,40
48495,1981,5
48495,1982,3
48495,1983,14
48495,1985,4
48495,1987,2
48495,1989,12
48495,1990,21
48495,1991,3
48495,1992,3
48495,1993,4
48495,1994,22
48495,1995,8
48495,1996,17
48495,1997,8
48495,1998,35
48495,1999,11
48495,2000,26
48495,2001,24
48495,2002,49
48495,2003,40
48495,2004,31
48495,2005,15
48495,2006,48
48495,2007,2
48495,2008,17
48495,2009,5
48495,2010,9
48495,2011,43
48495,2012,9
48495,2013,11
48495,2014,19
48495,2015,17
48495,2016,11
48495,2017,5
48495,2018,14
48495,2019,20
48495,2020,23
48495,2021,7
48495,2022,39
48495,2023,64
48495,2024,51
48495,2025,1
48497,1979,5
48497,1980,41
48497,1981,20
48497,1983,12
48497,1984,18
48497,1985,21
48497,1986,11
48497,1987,16
48497,1988,7
48497,1989,1
48497,1991,3
48497,1993,22
48497,1994,4
48497,1995,3
48497,1996,23
48497,1997,2
48497,1998,55
48497,1999,30
48497,2000,42
48497,2001,28
48497,2002,2
48497,2003,8
48497,2005,1
48497,2006,39
48497,2008,7
48497,2009,10
48497,2010,15
48497,2011,67
48497,2012,24
48497,2013,17
48497,2014,2
48497,2015,8
48497,2016,10
48497,2017,4
48497,2018,30
48497,2019,14
48497,2020,19
48497,2021,11
48497,2022,49
48497,2023,58
48497,2024,36
48497,2025,12
48499,1980,27
48499,1981,3
48499,1982,6
48499,1984,7
48499,1985,23
48499,1986,12
48499,1987,12
48499,1988,5
48499,1990,6
48499,1993,17
48499,1995,26
48499,1996,7
48499,1998,41
48499,1999,26
48499,2000,36
48499,2001,40
48499,2002,27
48499,2003,25
48499,2004,4
48499,2005,26
48499,2006,42
48499,2007,6
48499,2008,8
48499,2009,9
48499,2010,26
48499,2011,67
48499,2012,22
48499,2013,20
48499,2014,8
48499,2015,13
48499,2016,16
48499,2017,2
48499,2018,24
48499,2019,10
48499,2020,3
48499,2022,36
48499,2023,37
48499,2024,12
48499,2025,4
48501,1979,1
48501,1980,36
48501,1981,13
48501,1983,13
48501,1986,9
48501,1987,10
48501,1989,4
48501,1990,19
48501,1992,1
48501,1993,14
48501,1994,22
48501,1995,14
48501,1996,14
48501,1997,9
48501,1998,47
48501,1999,25
48501,2000,29
48501,2001,35
48501,2002,16
48501,2003,16
48501,2004,8
48501,2005,6
48501,2006,29
48501,2007,3
48501,2008,12
48501,2009,12
48501,2010,13
48501,2011,78
48501,2012,24
48501,2013,17
48501,2014,15
48501,2015,18
48501,2016,37
48501,2017,17
48501,2018,32
48501,2019,29
48501,2020,41
48501,2021,15
48501,2022,51
48501,2023,67
48501,2024,53
48501,2025,30
48503,1979,1
48503,1980,40
48503,1981,15
48503,1983,12
48503,1984,22
48503,1985,13
48503,1986,12
48503,1987,8
48503,1988,4
48503,1989,13
48503,1990,4
48503,1991,4
48503,1993,12
48503,1994,8
48503,1995,4
48503,1996,16
48503,1997,4
48503,1998,48
48503,1999,20
48503,2000,41
48503,2001,33
48503,2002,7
48503,2003,13
48503,2006,34
48503,2008,11
48503,2009,17
48503,2010,10
48503,2011,80
48503,2012,34
48503,2013,20
48503,2014,13
48503,2015,8
48503,2016,21
48503,2017,9
48503,2018,23
48503,2019,11
48503,2020,18
48503,2022,41
48503,2023,58
48503,2024,29
48503,2025,6
48505,1979,14
48505,1980,25
48505,1982,16
48505,1983,8
48505,1985,5
48505,1986,18
48505,1987,1
48505,1988,3
48505,1989,16
48505,1990,22
48505,1991,11
48505,1992,6
48505,1994,19
48505,1995,28
48505,1996,32
48505,1997,33
48505,1998,70
48505,1999,18
48505,2000,27
48505,2001,38
48505,2002,9
48505,2003,11
48505,2005,10
48505,2006,6
48505,2008,2
48505,2009,15
48505,2011,15
48505,2012,9
48505,2013,12
48505,2014,8
48505,2015,6
48505,2016,21
48505,2017,16
48505,2019,4
48505,2022,4
48505,2023,32
48505,2024,1
48507,1979,2
48507,1980,20
48507,1983,5
48507,1984,5
48507,1986,5
48507,1987,9
48507,1988,15
48507,1989,27
48507,1990,16
48507,1991,9
48507,1992,6
48507,1993,10
48507,1994,30
48507,1995,13
48507,1996,28
48507,1997,17
48507,1998,57
48507,1999,21
48507,2000,52
48507,2001,58
48507,2002,26
48507,2003,13
48507,2004,10
48507,2005,39
48507,2006,45
48507,2008,18
48507,2011,23
48507,2013,3
48507,2016,1
48507,2018,3
48507,2019,7
48507,2020,9
48507,2022,15
48507,2023,46
48507,2024,5
