county_fips,year,county_name,heatwave_events_started,first_event_start_date,last_event_end_date,longest_event_duration_days,heatwave_days,heatwave_days_imputed
48001,2015,Anderson,11,2015-01-27,2015-12-27,9,54,0
48001,2016,Anderson,10,2016-01-29,2016-12-28,7,42,0
48001,2017,Anderson,10,2017-01-01,2017-12-22,7,40,0
48001,2018,Anderson,6,2018-05-11,2018-12-01,14,53,0
48001,2019,Anderson,7,2019-01-06,2019-12-27,12,34,0
48001,2020,Anderson,8,2020-02-02,2020-11-21,5,30,0
48001,2021,Anderson,7,2021-04-11,2022-01-01,10,35,0
48001,2022,Anderson,11,2022-03-26,2023-01-03,19,91,0
48001,2023,Anderson,14,2023-01-10,2023-10-22,18,86,0
48001,2024,Anderson,10,2024-01-29,2024-12-17,9,49,0
48001,2025,Anderson,9,2025-02-02,2025-12-28,14,59,0
48003,2015,Andrews,10,2015-02-07,2015-12-26,6,43,1
48003,2016,Andrews,7,2016-01-30,2016-11-18,10,35,0
48003,2017,Andrews,9,2017-01-10,2017-11-07,7,38,0
48003,2018,Andrews,6,2018-03-22,2018-08-29,8,34,0
48003,2019,Andrews,7,2019-02-03,2019-12-25,8,28,3
48003,2020,Andrews,10,2020-01-25,2020-12-10,8,40,0
48003,2021,Andrews,7,2021-06-09,2021-12-27,6,29,0
48003,2022,Andrews,7,2022-03-26,2023-01-02,8,26,0
48003,2023,Andrews,12,2023-01-09,2023-11-08,10,61,0
48003,2024,Andrews,5,2024-04-13,2024-10-30,6,20,6
48003,2025,Andrews,9,2025-02-02,2025-12-28,7,39,1
48005,2015,Angelina,9,2015-01-27,2015-12-27,7,41,0
48005,2016,Angelina,11,2016-01-29,2016-12-28,9,49,0
48005,2017,Angelina,9,2017-01-10,2017-12-22,7,40,0
48005,2018,Angelina,10,2018-03-16,2018-07-27,12,56,0
48005,2019,Angelina,8,2019-01-06,2019-12-28,5,31,0
48005,2020,Angelina,13,2020-01-09,2020-12-30,5,48,0
48005,2021,Angelina,10,2021-02-26,2022-01-01,10,46,0
48005,2022,Angelina,15,2022-03-26,2023-01-03,14,98,0
48005,2023,Angelina,12,2023-01-15,2023-11-09,34,97,0
48005,2024,Angelina,8,2024-02-24,2024-12-17,8,34,0
48005,2025,Angelina,10,2025-02-01,2025-12-28,14,66,0
48007,2015,Aransas,11,2015-01-27,2015-12-27,5,42,0
48007,2016,Aransas,17,2016-01-19,2016-12-28,9,86,0
48007,2017,Aransas,24,2017-01-01,2017-12-22,16,118,0
48007,2018,Aransas,6,2018-02-17,2018-11-08,22,42,1
48007,2019,Aransas,11,2019-01-06,2019-12-16,16,55,0
48007,2020,Aransas,23,2020-01-14,2020-12-11,8,104,0
48007,2021,Aransas,9,2021-01-24,2022-01-01,10,39,0
48007,2022,Aransas,18,2022-03-04,2023-01-07,18,115,0
48007,2023,Aransas,12,2023-01-15,2023-12-22,44,168,0
48007,2024,Aransas,17,2024-02-25,2024-12-31,31,151,0
48007,2025,Aransas,19,2025-01-31,2025-12-28,16,139,0
48009,2015,Archer,4,2015-02-07,2015-12-26,6,19,19
48009,2016,Archer,5,2016-01-29,2016-11-18,8,22,7
48009,2017,Archer,7,2017-01-10,2017-12-04,8,28,10
48009,2018,Archer,4,2018-03-24,2018-07-23,8,20,20
48009,2019,Archer,3,2019-02-03,2019-12-26,5,12,12
48009,2020,Archer,5,2020-03-25,2020-12-11,4,17,17
48009,2021,Archer,6,2021-10-08,2021-12-31,9,31,31
48009,2022,Archer,12,2022-03-03,2022-10-23,14,69,69
48009,2023,Archer,14,2023-01-01,2023-11-08,10,69,69
48009,2024,Archer,11,2024-01-30,2024-12-17,11,50,50
48009,2025,Archer,8,2025-02-01,2025-12-28,9,38,38
48011,2015,Armstrong,9,2015-01-27,2015-12-12,6,41,41
48011,2016,Armstrong,12,2016-01-29,2016-12-28,11,51,51
48011,2017,Armstrong,9,2017-01-10,2017-12-04,8,42,42
48011,2018,Armstrong,8,2018-01-09,2018-08-29,9,42,42
48011,2019,Armstrong,10,2019-01-05,2019-12-26,7,41,41
48011,2020,Armstrong,11,2020-04-27,2020-12-11,11,52,52
48011,2021,Armstrong,11,2021-06-10,2021-12-27,6,44,44
48011,2022,Armstrong,12,2022-03-02,2022-10-23,14,74,74
48011,2023,Armstrong,18,2023-01-01,2023-11-08,15,86,86
48011,2024,Armstrong,15,2024-01-29,2024-12-31,15,78,78
48011,2025,Armstrong,12,2025-02-01,2025-12-28,9,54,54
48013,2015,Atascosa,5,2015-08-05,2015-12-24,10,29,0
48013,2016,Atascosa,9,2016-01-30,2016-12-28,7,37,0
48013,2017,Atascosa,13,2017-01-10,2017-11-18,9,56,0
48013,2018,Atascosa,6,2018-03-17,2018-08-23,18,40,0
48013,2019,Atascosa,9,2019-01-06,2019-10-04,13,55,0
48013,2020,Atascosa,12,2020-01-15,2020-12-30,7,51,0
48013,2021,Atascosa,8,2021-04-07,2022-01-01,10,33,0
48013,2022,Atascosa,12,2022-03-25,2023-01-07,19,98,0
48013,2023,Atascosa,12,2023-02-21,2023-09-30,21,107,0
48013,2024,Atascosa,12,2024-02-25,2024-12-31,9,58,0
48013,2025,Atascosa,13,2025-02-02,2025-12-28,9,69,0
48015,2015,Austin,6,2015-02-09,2015-12-28,6,24,0
48015,2016,Austin,4,2016-03-14,2016-12-29,6,18,5
48015,2017,Austin,9,2017-01-10,2017-12-22,6,38,3
48015,2018,Austin,6,2018-03-17,2018-11-08,8,29,0
48015,2019,Austin,4,2019-08-14,2019-10-07,9,22,13
48015,2020,Austin,4,2020-03-13,2020-06-08,5,14,5
48015,2021,Austin,3,2021-09-20,2022-01-02,10,15,4
48015,2022,Austin,10,2022-05-08,2022-12-11,15,80,17
48015,2023,Austin,15,2023-01-01,2023-10-22,28,109,37
48015,2024,Austin,10,2024-02-25,2024-12-29,8,40,25
48015,2025,Austin,11,2025-02-02,2025-12-28,10,65,26
48017,2015,Bailey,5,2015-02-07,2015-12-12,5,18,0
48017,2016,Bailey,7,2016-01-29,2016-11-17,8,31,0
48017,2017,Bailey,7,2017-01-09,2017-12-04,8,31,0
48017,2018,Bailey,4,2018-05-08,2018-07-22,8,22,0
48017,2019,Bailey,5,2019-01-05,2019-12-25,5,19,0
48017,2020,Bailey,11,2020-05-01,2020-12-11,11,51,0
48017,2021,Bailey,9,2021-04-05,2021-12-27,7,38,0
48017,2022,Bailey,7,2022-03-03,2022-07-21,7,32,0
48017,2023,Bailey,15,2023-01-09,2023-12-23,9,63,0
48017,2024,Bailey,11,2024-02-01,2024-10-30,7,44,0
48017,2025,Bailey,6,2025-02-02,2025-12-28,9,33,0
48019,2015,Bandera,9,2015-01-28,2015-12-27,6,36,0
48019,2016,Bandera,10,2016-01-31,2016-12-29,8,43,0
48019,2017,Bandera,11,2017-01-11,2017-11-19,12,58,0
48019,2018,Bandera,9,2018-03-17,2018-12-02,10,49,0
48019,2019,Bandera,6,2019-08-12,2019-12-16,24,42,0
48019,2020,Bandera,11,2020-03-25,2020-12-11,8,48,3
48019,2021,Bandera,5,2021-04-07,2022-01-01,4,17,0
48019,2022,Bandera,11,2022-03-26,2022-11-09,14,75,0
48019,2023,Bandera,12,2023-01-01,2023-10-01,23,93,0
48019,2024,Bandera,11,2024-02-26,2024-12-31,16,66,63
48019,2025,Bandera,12,2025-02-02,2025-12-28,9,62,62
48021,2015,Bastrop,6,2015-01-27,2015-12-27,6,27,0
48021,2016,Bastrop,7,2016-01-31,2016-12-29,6,26,0
48021,2017,Bastrop,12,2017-01-10,2017-12-22,12,52,0
48021,2018,Bastrop,5,2018-03-17,2018-07-24,9,26,0
48021,2019,Bastrop,6,2019-08-11,2019-12-16,15,35,0
48021,2020,Bastrop,11,2020-02-02,2020-12-29,5,43,0
48021,2021,Bastrop,5,2021-09-17,2022-01-01,10,23,0
48021,2022,Bastrop,13,2022-03-25,2023-01-03,11,84,0
48021,2023,Bastrop,14,2023-01-09,2023-10-04,23,115,0
48021,2024,Bastrop,14,2024-02-20,2024-12-30,18,86,0
48021,2025,Bastrop,18,2025-02-02,2025-12-28,11,88,0
48023,2015,Baylor,8,2015-01-26,2015-12-24,5,33,0
48023,2016,Baylor,7,2016-01-29,2016-12-27,5,27,0
48023,2017,Baylor,6,2017-01-10,2017-09-23,6,24,0
48023,2018,Baylor,6,2018-03-23,2018-12-01,8,27,0
48023,2019,Baylor,4,2019-02-03,2019-12-27,4,16,0
48023,2020,Baylor,7,2020-01-13,2020-12-11,5,28,0
48023,2021,Baylor,7,2021-09-17,2021-12-31,10,37,0
48023,2022,Baylor,13,2022-03-03,2022-10-23,14,76,0
48023,2023,Baylor,16,2023-01-01,2023-11-08,11,84,0
48023,2024,Baylor,14,2024-01-30,2024-12-30,14,72,0
48023,2025,Baylor,13,2025-02-01,2025-12-28,12,59,0
48025,2015,Bee,3,2015-02-08,2015-12-29,6,14,1
48025,2016,Bee,7,2016-01-31,2016-12-29,7,30,1
48025,2017,Bee,12,2017-01-02,2017-12-05,7,50,0
48025,2018,Bee,3,2018-03-17,2018-06-09,16,27,0
48025,2019,Bee,3,2019-08-12,2019-09-30,10,17,0
48025,2020,Bee,15,2020-03-12,2020-12-30,6,62,0
48025,2021,Bee,5,2021-09-19,2022-01-02,10,22,0
48025,2022,Bee,8,2022-03-26,2022-12-11,14,51,0
48025,2023,Bee,18,2023-01-01,2023-10-30,18,134,3
48025,2024,Bee,11,2024-02-26,2024-12-31,10,54,10
48025,2025,Bee,16,2025-02-02,2025-12-29,11,78,3
48027,2015,Bell,6,2015-01-27,2015-12-24,6,27,0
48027,2016,Bell,8,2016-01-29,2017-01-02,8,34,0
48027,2017,Bell,11,2017-01-10,2017-11-06,7,45,0
48027,2018,Bell,8,2018-03-16,2018-10-29,14,55,0
48027,2019,Bell,6,2019-02-03,2019-10-06,18,38,0
48027,2020,Bell,8,2020-03-24,2020-12-10,6,32,0
48027,2021,Bell,5,2021-09-18,2022-01-01,10,25,0
48027,2022,Bell,13,2022-03-25,2023-01-02,22,100,0
48027,2023,Bell,16,2023-01-09,2023-10-22,19,111,0
48027,2024,Bell,15,2024-01-30,2024-12-30,9,72,0
48027,2025,Bell,11,2025-02-01,2025-12-28,9,56,0
48029,2015,Bexar,7,2015-01-26,2015-12-27,9,41,0
48029,2016,Bexar,12,2016-01-29,2016-12-28,8,51,0
48029,2017,Bexar,13,2017-01-01,2017-12-04,12,63,0
48029,2018,Bexar,6,2018-03-17,2018-07-24,15,38,0
48029,2019,Bexar,8,2019-01-06,2019-12-15,11,37,0
48029,2020,Bexar,9,2020-01-14,2020-12-29,6,37,0
48029,2021,Bexar,6,2021-04-06,2022-01-01,5,23,0
48029,2022,Bexar,13,2022-03-04,2023-01-07,16,87,0
48029,2023,Bexar,12,2023-01-15,2023-10-22,22,104,0
48029,2024,Bexar,12,2024-02-25,2024-12-30,12,70,0
48029,2025,Bexar,14,2025-02-01,2025-12-28,8,76,0
48031,2015,Blanco,6,2015-01-27,2015-12-28,7,29,0
48031,2016,Blanco,5,2016-01-31,2016-11-03,4,17,0
48031,2017,Blanco,6,2017-01-11,2017-12-04,6,23,0
48031,2018,Blanco,7,2018-03-17,2018-07-30,9,36,0
48031,2019,Blanco,4,2019-08-13,2019-12-16,20,34,0
48031,2020,Blanco,8,2020-01-14,2020-12-29,7,31,8
48031,2021,Blanco,8,2021-04-07,2022-01-02,10,33,14
48031,2022,Blanco,18,2022-01-18,2023-01-07,17,132,1
48031,2023,Blanco,17,2023-01-09,2023-11-08,45,143,0
48031,2024,Blanco,14,2024-02-25,2024-12-30,14,85,13
48031,2025,Blanco,16,2025-01-31,2025-12-28,10,89,74
48033,2015,Borden,5,2015-01-26,2015-12-24,6,20,8
48033,2016,Borden,5,2016-02-18,2016-11-02,8,23,14
48033,2017,Borden,6,2017-01-09,2017-11-29,6,23,6
48033,2018,Borden,5,2018-05-11,2018-07-23,8,23,8
48033,2019,Borden,4,2019-02-03,2019-12-25,7,19,0
48033,2020,Borden,6,2020-05-01,2020-10-11,9,31,5
48033,2021,Borden,7,2021-04-25,2021-12-27,7,29,1
48033,2022,Borden,9,2022-03-26,2023-01-02,9,39,7
48033,2023,Borden,11,2023-01-09,2023-11-08,10,52,11
48033,2024,Borden,8,2024-04-13,2024-12-30,10,34,17
48033,2025,Borden,6,2025-02-02,2025-12-28,7,25,8
48035,2015,Bosque,5,2015-08-09,2015-12-26,6,21,10
48035,2016,Bosque,6,2016-01-29,2016-12-29,5,25,9
48035,2017,Bosque,5,2017-01-31,2017-11-06,5,18,7
48035,2018,Bosque,7,2018-03-24,2018-07-24,8,30,17
48035,2019,Bosque,4,2019-02-05,2019-12-10,8,17,6
48035,2020,Bosque,2,2020-05-19,2020-08-16,3,6,4
48035,2021,Bosque,4,2021-12-01,2022-01-01,10,22,19
48035,2022,Bosque,14,2022-01-18,2022-12-09,18,83,42
48035,2023,Bosque,16,2023-01-01,2023-10-23,17,97,45
48035,2024,Bosque,6,2024-02-25,2024-12-17,9,31,31
48035,2025,Bosque,9,2025-02-02,2025-12-28,8,43,43
48037,2015,Bowie,8,2015-01-18,2015-12-28,8,37,0
48037,2016,Bowie,11,2016-01-29,2016-12-28,8,51,0
48037,2017,Bowie,8,2017-01-10,2017-12-04,7,34,0
48037,2018,Bowie,8,2018-05-07,2018-10-30,28,60,0
48037,2019,Bowie,6,2019-01-06,2019-12-27,14,37,0
48037,2020,Bowie,4,2020-02-02,2020-10-23,4,14,0
48037,2021,Bowie,6,2021-06-13,2022-01-02,10,32,0
48037,2022,Bowie,11,2022-03-02,2023-01-03,10,66,0
48037,2023,Bowie,9,2023-01-10,2023-11-08,10,40,0
48037,2024,Bowie,9,2024-01-30,2024-12-18,9,37,0
48037,2025,Bowie,9,2025-02-02,2025-12-28,9,50,0
48039,2015,Brazoria,10,2015-01-27,2015-12-27,12,56,0
48039,2016,Brazoria,16,2016-01-30,2016-12-29,9,83,0
48039,2017,Brazoria,16,2017-01-01,2017-12-22,12,72,0
48039,2018,Brazoria,14,2018-02-15,2018-12-02,15,74,0
48039,2019,Brazoria,10,2019-02-04,2019-10-05,6,40,0
48039,2020,Brazoria,14,2020-03-10,2020-12-11,9,58,0
48039,2021,Brazoria,5,2021-01-24,2022-01-01,9,24,0
48039,2022,Brazoria,12,2022-03-04,2023-01-07,12,64,0
48039,2023,Brazoria,16,2023-01-15,2023-10-29,23,142,0
48039,2024,Brazoria,14,2024-05-13,2024-12-28,7,59,0
48039,2025,Brazoria,10,2025-02-02,2025-12-28,10,54,0
48041,2015,Brazos,4,2015-08-10,2015-12-27,8,21,0
48041,2016,Brazos,7,2016-01-29,2016-12-28,6,27,0
48041,2017,Brazos,6,2017-01-10,2017-11-07,6,27,0
48041,2018,Brazos,3,2018-05-15,2018-06-03,5,13,0
48041,2019,Brazos,5,2019-01-06,2019-12-28,9,22,0
48041,2020,Brazos,11,2020-01-14,2020-12-30,5,42,0
48041,2021,Brazos,5,2021-10-24,2022-01-01,10,22,0
48041,2022,Brazos,16,2022-03-04,2023-01-03,25,115,0
48041,2023,Brazos,12,2023-02-20,2023-10-24,29,120,0
48041,2024,Brazos,10,2024-02-24,2024-12-17,18,54,0
48041,2025,Brazos,13,2025-02-01,2025-12-28,9,64,0
48043,2015,Brewster,6,2015-02-08,2015-12-26,11,31,0
48043,2016,Brewster,9,2016-02-12,2016-12-26,7,42,0
48043,2017,Brewster,10,2017-01-10,2017-12-04,10,50,0
48043,2018,Brewster,8,2018-02-04,2018-08-29,8,36,0
48043,2019,Brewster,7,2019-02-04,2019-12-16,9,31,0
48043,2020,Brewster,9,2020-01-13,2020-10-22,10,45,0
48043,2021,Brewster,10,2021-02-03,2022-01-01,10,45,0
48043,2022,Brewster,11,2022-03-27,2022-12-09,6,48,0
48043,2023,Brewster,9,2023-01-10,2023-09-25,17,72,0
48043,2024,Brewster,18,2024-02-20,2024-12-31,9,74,0
48043,2025,Brewster,8,2025-01-03,2025-12-28,12,47,0
48045,2015,Briscoe,7,2015-01-27,2015-12-13,5,26,0
48045,2016,Briscoe,7,2016-02-18,2016-11-18,4,24,0
48045,2017,Briscoe,5,2017-02-05,2017-12-05,5,22,0
48045,2018,Briscoe,8,2018-05-01,2018-12-01,9,40,0
48045,2019,Briscoe,8,2019-01-05,2019-12-27,7,38,0
48045,2020,Briscoe,11,2020-02-02,2020-12-11,11,51,0
48045,2021,Briscoe,10,2021-04-26,2021-12-27,5,37,0
48045,2022,Briscoe,14,2022-03-03,2022-10-24,10,64,0
48045,2023,Briscoe,14,2023-01-01,2023-11-09,13,63,0
48045,2024,Briscoe,13,2024-01-31,2024-10-31,15,73,0
48045,2025,Briscoe,10,2025-02-02,2025-12-28,6,42,0
48047,2015,Brooks,2,2015-10-12,2015-12-27,4,8,8
48047,2016,Brooks,7,2016-01-31,2016-12-29,4,23,5
48047,2017,Brooks,9,2017-01-11,2017-09-21,5,34,8
48047,2018,Brooks,1,2018-06-04,2018-06-06,3,3,0
48047,2019,Brooks,4,2019-06-07,2019-12-17,5,16,3
48047,2020,Brooks,5,2020-03-24,2020-12-31,4,17,4
48047,2021,Brooks,3,2021-10-25,2022-01-01,8,15,4
48047,2022,Brooks,3,2022-06-11,2022-07-20,6,14,7
48047,2023,Brooks,7,2023-02-28,2023-09-26,14,54,54
48047,2024,Brooks,2,2024-08-20,2024-12-31,5,9,9
48047,2025,Brooks,6,2025-02-03,2025-12-28,8,33,33
48049,2015,Brown,9,2015-02-08,2015-12-25,9,42,0
48049,2016,Brown,5,2016-01-30,2016-11-04,8,23,0
48049,2017,Brown,5,2017-02-06,2017-11-07,10,24,0
48049,2018,Brown,6,2018-03-25,2018-07-30,15,43,0
48049,2019,Brown,5,2019-02-04,2019-10-04,20,37,0
48049,2020,Brown,6,2020-03-25,2020-12-11,7,23,13
48049,2021,Brown,6,2021-09-18,2021-12-31,10,34,1
48049,2022,Brown,10,2022-03-26,2022-12-09,16,62,0
48049,2023,Brown,14,2023-01-01,2023-11-09,11,72,1
48049,2024,Brown,7,2024-02-21,2024-12-18,8,35,0
48049,2025,Brown,8,2025-02-05,2025-12-29,7,38,1
48051,2015,Burleson,7,2015-01-28,2015-12-28,10,38,0
48051,2016,Burleson,10,2016-01-30,2016-12-29,7,47,3
48051,2017,Burleson,13,2017-01-11,2017-12-22,6,51,14
48051,2018,Burleson,10,2018-03-17,2018-10-07,11,47,7
48051,2019,Burleson,8,2019-01-06,2019-10-07,15,60,0
48051,2020,Burleson,6,2020-01-15,2020-12-30,4,21,2
48051,2021,Burleson,4,2021-01-25,2022-01-01,10,20,7
48051,2022,Burleson,10,2022-03-26,2022-12-10,22,74,13
48051,2023,Burleson,15,2023-01-01,2023-10-22,12,72,26
48051,2024,Burleson,7,2024-02-25,2024-12-17,10,34,9
48051,2025,Burleson,10,2025-02-02,2025-12-28,9,49,16
48053,2015,Burnet,8,2015-01-27,2015-12-24,10,41,0
48053,2016,Burnet,9,2016-01-30,2016-12-29,6,37,0
48053,2017,Burnet,12,2017-01-10,2017-12-04,7,44,0
48053,2018,Burnet,7,2018-03-16,2018-07-30,14,44,0
48053,2019,Burnet,5,2019-02-04,2019-10-06,19,43,0
48053,2020,Burnet,12,2020-01-14,2020-10-22,9,48,0
48053,2021,Burnet,6,2021-04-07,2022-01-01,11,30,0
48053,2022,Burnet,14,2022-03-26,2022-12-10,16,95,0
48053,2023,Burnet,15,2023-01-01,2023-10-22,25,121,0
48053,2024,Burnet,14,2024-02-20,2024-12-31,17,82,0
48053,2025,Burnet,12,2025-02-02,2025-12-28,9,65,0
48055,2015,Caldwell,10,2015-02-08,2015-12-27,7,42,0
48055,2016,Caldwell,9,2016-01-30,2016-12-28,7,37,0
48055,2017,Caldwell,12,2017-01-09,2017-12-02,13,61,0
48055,2018,Caldwell,8,2018-03-16,2018-08-30,22,59,0
48055,2019,Caldwell,10,2019-01-06,2019-12-15,13,58,0
48055,2020,Caldwell,14,2020-03-10,2020-12-29,11,67,0
48055,2021,Caldwell,6,2021-04-06,2022-01-01,9,27,0
48055,2022,Caldwell,13,2022-03-04,2023-01-04,21,110,0
48055,2023,Caldwell,12,2023-01-15,2023-10-22,24,122,0
48055,2024,Caldwell,14,2024-03-04,2024-12-30,18,90,0
48055,2025,Caldwell,17,2025-02-02,2025-12-28,16,96,0
48057,2015,Calhoun,6,2015-01-27,2015-12-27,5,24,0
48057,2016,Calhoun,8,2016-01-31,2016-12-28,9,37,0
48057,2017,Calhoun,11,2017-01-10,2017-12-05,13,57,0
48057,2018,Calhoun,5,2018-02-17,2018-06-07,13,26,0
48057,2019,Calhoun,6,2019-04-08,2019-12-16,6,23,0
48057,2020,Calhoun,14,2020-01-15,2020-12-30,8,64,0
48057,2021,Calhoun,6,2021-01-25,2022-01-01,10,29,0
48057,2022,Calhoun,10,2022-04-30,2023-01-08,18,63,0
48057,2023,Calhoun,16,2023-01-15,2023-10-29,32,146,0
48057,2024,Calhoun,18,2024-03-05,2024-12-31,12,101,0
48057,2025,Calhoun,17,2025-01-30,2025-12-29,11,101,0
48059,2015,Callahan,8,2015-01-27,2015-12-24,6,34,0
48059,2016,Callahan,7,2016-01-29,2016-12-28,8,30,0
48059,2017,Callahan,6,2017-01-10,2017-12-04,9,29,0
48059,2018,Callahan,8,2018-03-24,2018-12-01,9,34,0
48059,2019,Callahan,5,2019-02-05,2019-12-26,6,21,0
48059,2020,Callahan,9,2020-01-13,2020-12-11,6,35,0
48059,2021,Callahan,7,2021-09-18,2021-12-31,10,34,0
48059,2022,Callahan,11,2022-03-26,2022-12-08,16,71,0
48059,2023,Callahan,13,2023-01-01,2023-11-09,14,70,0
48059,2024,Callahan,10,2024-01-30,2024-12-17,10,45,0
48059,2025,Callahan,10,2025-02-02,2025-12-29,8,42,0
48061,2015,Cameron,5,2015-09-06,2015-12-27,7,25,0
48061,2016,Cameron,13,2016-03-01,2016-12-29,12,82,0
48061,2017,Cameron,25,2017-01-10,2017-12-05,11,109,0
48061,2018,Cameron,16,2018-02-15,2018-11-08,14,87,0
48061,2019,Cameron,14,2019-01-06,2019-12-28,10,71,0
48061,2020,Cameron,17,2020-01-13,2020-12-30,12,85,0
48061,2021,Cameron,13,2021-01-04,2022-01-01,10,60,0
48061,2022,Cameron,11,2022-04-15,2023-01-07,13,70,0
48061,2023,Cameron,14,2023-01-10,2023-11-09,26,159,0
48061,2024,Cameron,11,2024-02-26,2024-12-31,31,73,0
48061,2025,Cameron,12,2025-02-05,2025-12-28,13,78,0
48063,2015,Camp,16,2015-01-17,2015-12-27,9,77,10
48063,2016,Camp,12,2016-01-13,2016-12-27,11,58,2
48063,2017,Camp,9,2017-01-09,2017-12-05,5,31,10
48063,2018,Camp,9,2018-05-07,2018-10-30,9,41,41
48063,2019,Camp,6,2019-01-06,2019-12-28,12,31,31
48063,2020,Camp,4,2020-03-11,2020-12-11,4,14,14
48063,2021,Camp,5,2021-10-08,2022-01-01,9,25,25
48063,2022,Camp,11,2022-03-03,2022-12-10,16,80,80
48063,2023,Camp,13,2023-01-01,2023-11-08,10,58,58
48063,2024,Camp,7,2024-02-21,2024-12-18,10,32,32
48063,2025,Camp,7,2025-02-02,2025-12-28,9,41,41
48065,2015,Carson,7,2015-01-26,2015-12-12,6,32,4
48065,2016,Carson,8,2016-02-17,2016-12-28,7,34,8
48065,2017,Carson,7,2017-02-04,2017-12-21,6,27,9
48065,2018,Carson,6,2018-01-09,2018-11-30,9,33,33
48065,2019,Carson,5,2019-01-05,2019-12-26,6,22,22
48065,2020,Carson,11,2020-04-27,2020-12-10,9,49,49
48065,2021,Carson,7,2021-09-10,2021-12-27,6,31,31
48065,2022,Carson,10,2022-03-02,2023-01-03,14,45,45
48065,2023,Carson,14,2023-01-09,2023-11-08,12,69,69
48065,2024,Carson,14,2024-01-30,2024-12-31,13,71,71
48065,2025,Carson,9,2025-02-01,2025-12-28,9,42,42
48067,2015,Cass,12,2015-01-18,2015-12-28,7,53,0
48067,2016,Cass,10,2016-01-30,2016-12-27,8,42,2
48067,2017,Cass,9,2017-01-11,2017-12-05,5,31,1
48067,2018,Cass,6,2018-05-08,2018-09-20,6,25,0
48067,2019,Cass,5,2019-01-06,2019-12-28,13,33,0
48067,2020,Cass,4,2020-03-11,2020-10-23,4,14,0
48067,2021,Cass,5,2021-10-24,2022-01-02,10,21,0
48067,2022,Cass,11,2022-03-03,2022-12-09,8,55,0
48067,2023,Cass,8,2023-01-01,2023-11-09,10,37,0
48067,2024,Cass,8,2024-02-21,2024-12-18,5,26,0
48067,2025,Cass,9,2025-02-03,2025-12-29,7,43,0
48069,2015,Castro,8,2015-01-27,2015-12-12,5,29,0
48069,2016,Castro,7,2016-02-18,2016-11-18,8,30,0
48069,2017,Castro,6,2017-02-05,2017-09-15,8,27,0
48069,2018,Castro,5,2018-05-08,2018-07-23,8,23,0
48069,2019,Castro,6,2019-01-05,2019-12-25,6,27,0
48069,2020,Castro,9,2020-05-01,2020-12-11,7,40,0
48069,2021,Castro,7,2021-09-10,2021-12-27,6,29,0
48069,2022,Castro,5,2022-03-26,2022-07-22,6,23,0
48069,2023,Castro,10,2023-01-01,2023-11-09,6,36,0
48069,2024,Castro,10,2024-02-01,2024-10-30,15,46,0
48069,2025,Castro,7,2025-02-06,2025-12-28,6,30,0
48071,2015,Chambers,5,2015-03-19,2015-12-27,6,24,0
48071,2016,Chambers,7,2016-03-13,2016-12-29,9,37,0
48071,2017,Chambers,8,2017-01-10,2017-12-22,9,39,0
48071,2018,Chambers,6,2018-02-14,2018-12-02,11,29,0
48071,2019,Chambers,4,2019-02-04,2019-10-06,4,14,1
48071,2020,Chambers,5,2020-01-14,2020-11-12,8,20,0
48071,2021,Chambers,3,2021-06-13,2022-01-01,9,16,0
48071,2022,Chambers,4,2022-06-18,2022-12-10,6,19,0
48071,2023,Chambers,14,2023-01-03,2023-11-09,11,90,1
48071,2024,Chambers,7,2024-08-05,2024-12-28,5,24,0
48071,2025,Chambers,8,2025-02-03,2025-12-28,8,38,1
48073,2015,Cherokee,5,2015-01-28,2015-12-28,6,21,0
48073,2016,Cherokee,8,2016-01-30,2016-12-29,7,38,0
48073,2017,Cherokee,6,2017-01-11,2017-12-23,5,24,0
48073,2018,Cherokee,7,2018-05-16,2018-12-02,9,35,0
48073,2019,Cherokee,5,2019-02-04,2019-12-28,4,18,0
48073,2020,Cherokee,5,2020-03-12,2020-12-31,6,18,0
48073,2021,Cherokee,5,2021-10-09,2022-01-02,10,30,0
48073,2022,Cherokee,10,2022-01-18,2022-12-11,12,52,0
48073,2023,Cherokee,12,2023-01-02,2023-10-23,11,59,0
48073,2024,Cherokee,5,2024-01-31,2024-12-18,9,27,0
48073,2025,Cherokee,6,2025-02-03,2025-12-29,9,33,0
48075,2015,Childress,11,2015-01-17,2015-12-12,5,42,0
48075,2016,Childress,7,2016-01-29,2016-12-27,10,31,0
48075,2017,Childress,10,2017-01-09,2017-12-04,5,37,0
48075,2018,Childress,8,2018-02-14,2018-11-30,9,37,0
48075,2019,Childress,8,2019-01-05,2019-12-26,6,30,0
48075,2020,Childress,12,2020-01-08,2020-12-10,8,50,0
48075,2021,Childress,11,2021-06-16,2021-12-31,7,49,0
48075,2022,Childress,12,2022-03-02,2022-10-23,14,71,0
48075,2023,Childress,14,2023-01-09,2023-11-08,10,57,0
48075,2024,Childress,15,2024-01-29,2024-12-17,14,74,0
48075,2025,Childress,11,2025-02-01,2025-12-28,9,53,0
48077,2015,Clay,6,2015-01-18,2015-12-26,6,28,28
48077,2016,Clay,7,2016-01-29,2016-12-28,7,29,29
48077,2017,Clay,7,2017-01-10,2017-12-04,8,27,27
48077,2018,Clay,5,2018-03-23,2018-07-23,9,31,31
48077,2019,Clay,4,2019-01-06,2019-12-27,5,16,16
48077,2020,Clay,5,2020-03-25,2020-12-11,5,18,18
48077,2021,Clay,7,2021-10-08,2021-12-31,9,34,34
48077,2022,Clay,11,2022-03-03,2022-10-23,17,72,72
48077,2023,Clay,17,2023-01-01,2023-11-08,11,79,79
48077,2024,Clay,10,2024-01-30,2024-12-17,10,52,52
48077,2025,Clay,8,2025-02-02,2025-12-28,9,37,37
48079,2015,Cochran,6,2015-01-27,2015-12-12,6,23,0
48079,2016,Cochran,9,2016-01-30,2016-12-26,12,39,0
48079,2017,Cochran,8,2017-01-10,2017-11-07,6,32,0
48079,2018,Cochran,4,2018-02-04,2018-07-23,8,23,0
48079,2019,Cochran,7,2019-01-05,2019-12-25,5,24,0
48079,2020,Cochran,10,2020-05-01,2020-12-11,11,49,0
48079,2021,Cochran,8,2021-06-10,2021-12-27,7,31,0
48079,2022,Cochran,10,2022-01-13,2022-08-07,10,45,0
48079,2023,Cochran,10,2023-06-25,2023-11-09,9,44,0
48079,2024,Cochran,7,2024-06-07,2024-10-30,11,35,0
48079,2025,Cochran,8,2025-02-06,2025-12-28,6,35,0
48081,2015,Coke,6,2015-01-27,2015-12-24,9,25,0
48081,2016,Coke,5,2016-01-29,2016-11-17,7,21,2
48081,2017,Coke,8,2017-01-10,2017-12-04,6,31,0
48081,2018,Coke,5,2018-03-23,2018-07-23,8,24,0
48081,2019,Coke,5,2019-02-03,2019-10-02,6,20,0
48081,2020,Coke,7,2020-01-13,2020-10-12,9,32,0
48081,2021,Coke,8,2021-04-25,2021-12-29,9,34,0
48081,2022,Coke,12,2022-03-25,2023-01-02,15,61,1
48081,2023,Coke,11,2023-01-09,2023-11-08,13,64,0
48081,2024,Coke,10,2024-02-25,2024-12-17,12,43,0
48081,2025,Coke,6,2025-02-01,2025-12-28,7,26,0
48083,2015,Coleman,9,2015-01-18,2015-12-26,7,44,0
48083,2016,Coleman,11,2016-01-29,2016-12-28,7,47,0
48083,2017,Coleman,9,2017-01-10,2017-11-28,10,45,0
48083,2018,Coleman,10,2018-02-18,2018-12-01,14,56,0
48083,2019,Coleman,8,2019-01-05,2019-10-20,11,45,0
48083,2020,Coleman,11,2020-01-13,2020-12-28,8,48,0
48083,2021,Coleman,8,2021-02-03,2022-01-01,11,37,0
48083,2022,Coleman,15,2022-03-26,2022-12-09,21,95,0
48083,2023,Coleman,17,2023-01-01,2023-11-09,15,93,0
48083,2024,Coleman,13,2024-02-20,2024-12-31,10,59,0
48083,2025,Coleman,11,2025-02-02,2025-12-29,10,48,0
48085,2015,Collin,8,2015-01-18,2015-12-26,6,33,0
48085,2016,Collin,6,2016-01-29,2016-12-28,7,25,0
48085,2017,Collin,7,2017-01-10,2017-12-04,4,22,0
48085,2018,Collin,8,2018-05-06,2018-10-29,7,34,0
48085,2019,Collin,6,2019-01-05,2019-11-21,5,21,0
48085,2020,Collin,7,2020-03-10,2020-12-23,4,24,0
48085,2021,Collin,7,2021-06-13,2022-01-01,10,36,0
48085,2022,Collin,12,2022-03-26,2023-01-03,11,68,0
48085,2023,Collin,13,2023-01-09,2023-11-08,10,65,0
48085,2024,Collin,15,2024-01-29,2024-12-18,9,69,0
48085,2025,Collin,10,2025-02-05,2025-12-28,9,43,0
48087,2015,Collingsworth,9,2015-01-16,2015-12-12,5,35,0
48087,2016,Collingsworth,7,2016-01-28,2016-11-16,7,28,1
48087,2017,Collingsworth,8,2017-01-09,2017-11-25,8,33,5
48087,2018,Collingsworth,5,2018-04-11,2018-07-22,5,19,12
48087,2019,Collingsworth,4,2019-01-05,2019-12-26,4,13,13
48087,2020,Collingsworth,5,2020-05-01,2020-12-11,6,21,21
48087,2021,Collingsworth,5,2021-10-08,2021-12-27,6,23,23
48087,2022,Collingsworth,5,2022-03-27,2022-07-20,8,23,23
48087,2023,Collingsworth,8,2023-01-01,2023-11-08,6,28,28
48087,2024,Collingsworth,9,2024-01-31,2024-12-16,10,36,36
48087,2025,Collingsworth,6,2025-02-02,2025-12-28,8,26,26
48089,2015,Colorado,3,2015-02-09,2015-12-27,6,14,0
48089,2016,Colorado,6,2016-03-14,2016-12-29,6,24,0
48089,2017,Colorado,8,2017-01-11,2017-12-22,6,34,0
48089,2018,Colorado,3,2018-03-17,2018-06-08,14,26,0
48089,2019,Colorado,1,2019-04-09,2019-04-11,3,3,0
48089,2020,Colorado,3,2020-01-15,2020-03-27,4,11,0
48089,2021,Colorado,4,2021-06-13,2022-01-02,10,17,0
48089,2022,Colorado,11,2022-05-01,2023-01-03,22,80,0
48089,2023,Colorado,13,2023-01-16,2023-09-29,22,100,0
48089,2024,Colorado,6,2024-02-25,2024-12-18,10,32,0
48089,2025,Colorado,7,2025-02-02,2025-12-28,13,53,0
48091,2015,Comal,7,2015-01-28,2015-12-28,6,29,1
48091,2016,Comal,6,2016-01-31,2016-12-29,5,23,0
48091,2017,Comal,16,2017-01-02,2017-12-03,11,68,0
48091,2018,Comal,8,2018-03-17,2018-08-30,11,52,0
48091,2019,Comal,7,2019-01-07,2019-12-16,8,29,0
48091,2020,Comal,11,2020-03-12,2020-12-30,7,45,10
48091,2021,Comal,4,2021-04-07,2022-01-01,4,13,1
48091,2022,Comal,10,2022-03-26,2022-12-10,11,65,5
48091,2023,Comal,12,2023-01-02,2023-10-01,23,87,0
48091,2024,Comal,9,2024-02-26,2024-12-30,12,49,9
48091,2025,Comal,13,2025-02-03,2025-12-28,9,58,12
48093,2015,Comanche,7,2015-01-27,2015-12-24,6,28,0
48093,2016,Comanche,7,2016-01-29,2016-11-17,7,26,0
48093,2017,Comanche,7,2017-01-10,2017-11-06,10,31,0
48093,2018,Comanche,10,2018-03-16,2018-10-29,14,52,0
48093,2019,Comanche,5,2019-02-03,2019-10-03,14,30,0
48093,2020,Comanche,9,2020-03-10,2020-12-10,8,37,3
48093,2021,Comanche,7,2021-10-07,2022-01-01,11,38,0
48093,2022,Comanche,17,2022-01-17,2023-01-02,30,123,6
48093,2023,Comanche,16,2023-01-09,2023-11-08,23,117,0
48093,2024,Comanche,16,2024-02-20,2024-12-30,16,97,0
48093,2025,Comanche,14,2025-02-01,2025-12-28,14,76,0
48095,2015,Concho,8,2015-02-08,2015-12-27,6,34,0
48095,2016,Concho,5,2016-01-30,2016-11-18,7,22,0
48095,2017,Concho,7,2017-01-10,2017-11-06,9,33,0
48095,2018,Concho,4,2018-05-27,2018-07-25,8,20,0
48095,2019,Concho,7,2019-02-04,2019-12-26,4,24,1
48095,2020,Concho,8,2020-03-25,2020-10-23,9,36,0
48095,2021,Concho,8,2021-09-18,2022-01-02,11,37,0
48095,2022,Concho,10,2022-01-18,2022-12-10,15,66,0
48095,2023,Concho,16,2023-01-01,2023-11-09,16,86,0
48095,2024,Concho,13,2024-02-20,2024-12-31,18,65,0
48095,2025,Concho,11,2025-02-02,2025-12-29,8,43,0
48097,2015,Cooke,7,2015-01-18,2015-12-26,6,30,0
48097,2016,Cooke,5,2016-02-18,2016-12-29,7,22,0
48097,2017,Cooke,6,2017-01-10,2017-12-04,5,22,0
48097,2018,Cooke,8,2018-05-07,2018-10-30,8,34,0
48097,2019,Cooke,3,2019-01-06,2019-12-27,4,11,0
48097,2020,Cooke,3,2020-03-25,2020-06-07,3,9,0
48097,2021,Cooke,4,2021-10-08,2021-12-31,9,23,0
48097,2022,Cooke,12,2022-03-02,2022-10-23,11,68,0
48097,2023,Cooke,14,2023-01-01,2023-11-08,10,67,0
48097,2024,Cooke,10,2024-01-30,2024-12-18,9,43,0
48097,2025,Cooke,6,2025-03-12,2025-12-29,7,29,3
48099,2015,Coryell,10,2015-01-26,2015-12-24,10,50,0
48099,2016,Coryell,11,2016-01-29,2017-01-02,7,43,0
48099,2017,Coryell,12,2017-01-10,2017-11-06,11,58,0
48099,2018,Coryell,8,2018-03-16,2018-12-01,14,58,0
48099,2019,Coryell,4,2019-02-03,2019-10-06,19,30,0
48099,2020,Coryell,9,2020-03-24,2020-12-23,8,38,0
48099,2021,Coryell,4,2021-10-08,2022-01-01,11,23,0
48099,2022,Coryell,12,2022-03-25,2023-01-02,22,92,0
48099,2023,Coryell,16,2023-01-09,2023-11-08,16,89,0
48099,2024,Coryell,15,2024-02-20,2024-12-30,9,66,0
48099,2025,Coryell,11,2025-02-01,2025-12-28,8,53,0
48101,2015,Cottle,9,2015-01-26,2015-12-23,5,38,0
48101,2016,Cottle,10,2016-01-29,2016-12-27,7,37,0
48101,2017,Cottle,7,2017-01-09,2017-12-21,5,28,0
48101,2018,Cottle,10,2018-03-22,2018-11-30,10,50,0
48101,2019,Cottle,7,2019-01-05,2019-12-26,5,25,0
48101,2020,Cottle,12,2020-01-13,2020-12-27,5,44,1
48101,2021,Cottle,8,2021-06-16,2021-12-26,5,32,0
48101,2022,Cottle,15,2022-02-14,2022-10-23,14,83,2
48101,2023,Cottle,12,2023-01-09,2023-11-09,10,57,0
48101,2024,Cottle,12,2024-01-29,2024-12-17,14,66,0
48101,2025,Cottle,7,2025-02-01,2025-12-28,10,40,0
48103,2015,Crane,5,2015-02-07,2015-12-26,11,25,0
48103,2016,Crane,9,2016-01-30,2016-11-18,8,39,0
48103,2017,Crane,9,2017-01-10,2017-11-07,7,39,0
48103,2018,Crane,8,2018-03-23,2018-12-01,9,41,0
48103,2019,Crane,8,2019-02-04,2019-12-16,8,34,0
48103,2020,Crane,10,2020-05-02,2020-11-22,11,52,0
48103,2021,Crane,8,2021-02-03,2021-12-29,7,32,0
48103,2022,Crane,9,2022-03-26,2022-07-20,8,37,0
48103,2023,Crane,15,2023-01-01,2023-12-10,17,103,0
48103,2024,Crane,17,2024-02-21,2025-01-01,8,68,0
48103,2025,Crane,13,2025-02-02,2025-12-30,11,66,0
48105,2015,Crockett,8,2015-02-09,2015-12-26,7,33,0
48105,2016,Crockett,13,2016-01-30,2016-12-29,8,53,0
48105,2017,Crockett,14,2017-01-01,2017-12-04,8,62,0
48105,2018,Crockett,8,2018-03-17,2018-12-01,8,38,0
48105,2019,Crockett,12,2019-01-05,2019-12-26,20,60,0
48105,2020,Crockett,11,2020-03-25,2020-12-29,8,51,0
48105,2021,Crockett,10,2021-07-24,2022-01-01,12,48,0
48105,2022,Crockett,13,2022-01-16,2023-01-02,9,56,0
48105,2023,Crockett,12,2023-01-09,2023-11-08,17,89,0
48105,2024,Crockett,11,2024-02-25,2024-12-30,9,58,0
48105,2025,Crockett,11,2025-02-01,2025-12-28,9,58,2
48107,2015,Crosby,11,2015-01-27,2015-12-13,6,39,0
48107,2016,Crosby,8,2016-02-18,2016-12-29,5,31,0
48107,2017,Crosby,10,2017-01-10,2017-12-22,6,40,0
48107,2018,Crosby,9,2018-05-01,2018-12-01,9,41,0
48107,2019,Crosby,8,2019-01-06,2019-12-26,7,35,0
48107,2020,Crosby,11,2020-02-02,2020-12-11,11,51,0
48107,2021,Crosby,5,2021-10-08,2021-12-16,5,19,0
48107,2022,Crosby,11,2022-01-13,2022-08-07,12,69,0
48107,2023,Crosby,13,2023-01-01,2023-11-09,11,56,0
48107,2024,Crosby,11,2024-05-19,2024-10-31,15,51,0
48107,2025,Crosby,6,2025-02-02,2025-12-28,8,26,0
48109,2015,Culberson,3,2015-02-04,2015-12-11,7,14,0
48109,2016,Culberson,8,2016-02-11,2016-12-17,4,28,0
48109,2017,Culberson,9,2017-01-09,2017-12-31,9,39,0
48109,2018,Culberson,10,2018-01-30,2018-11-30,6,35,0
48109,2019,Culberson,3,2019-07-18,2019-08-19,4,12,0
48109,2020,Culberson,9,2020-05-01,2020-11-21,7,43,0
48109,2021,Culberson,11,2021-02-02,2021-12-27,9,55,0
48109,2022,Culberson,8,2022-03-26,2022-11-10,6,29,0
48109,2023,Culberson,9,2023-06-21,2023-12-21,11,44,0
48109,2024,Culberson,8,2024-08-21,2024-12-31,4,29,0
48109,2025,Culberson,4,2025-01-02,2025-12-27,11,25,0
48111,2015,Dallam,9,2015-01-27,2015-12-12,5,36,4
48111,2016,Dallam,10,2016-02-11,2016-11-18,6,43,3
48111,2017,Dallam,12,2017-02-05,2017-12-04,6,50,8
48111,2018,Dallam,6,2018-05-07,2018-11-30,9,34,34
48111,2019,Dallam,11,2019-01-05,2019-12-26,6,44,44
48111,2020,Dallam,12,2020-03-10,2020-11-20,10,62,46
48111,2021,Dallam,10,2021-06-09,2021-12-27,7,43,27
48111,2022,Dallam,13,2022-03-02,2023-01-02,14,63,63
48111,2023,Dallam,16,2023-01-09,2023-12-23,13,81,81
48111,2024,Dallam,19,2024-01-29,2024-12-30,15,91,91
48111,2025,Dallam,10,2025-02-01,2025-12-28,9,51,51
48113,2015,Dallas,10,2015-01-17,2015-12-26,6,39,0
48113,2016,Dallas,7,2016-01-29,2016-12-28,7,32,0
48113,2017,Dallas,8,2017-01-10,2017-12-04,7,34,0
48113,2018,Dallas,9,2018-05-06,2018-10-29,11,52,0
48113,2019,Dallas,5,2019-02-03,2019-11-21,12,34,0
48113,2020,Dallas,7,2020-03-10,2020-12-23,4,23,0
48113,2021,Dallas,7,2021-10-07,2022-01-01,10,35,0
48113,2022,Dallas,12,2022-03-25,2023-01-02,14,72,0
48113,2023,Dallas,12,2023-01-09,2023-11-08,11,64,0
48113,2024,Dallas,11,2024-01-29,2024-12-17,9,48,0
48113,2025,Dallas,11,2025-02-05,2025-12-28,7,48,0
48115,2015,Dawson,5,2015-01-27,2015-09-16,5,17,0
48115,2016,Dawson,6,2016-01-30,2016-11-02,7,25,0
48115,2017,Dawson,7,2017-01-10,2017-09-22,10,34,1
48115,2018,Dawson,8,2018-03-23,2018-08-28,8,35,3
48115,2019,Dawson,9,2019-01-05,2019-12-25,6,34,28
48115,2020,Dawson,5,2020-05-01,2020-10-12,10,32,29
48115,2021,Dawson,7,2021-09-10,2021-12-30,9,31,31
48115,2022,Dawson,7,2022-03-26,2022-08-05,14,42,42
48115,2023,Dawson,16,2023-01-01,2023-11-08,10,75,75
48115,2024,Dawson,11,2024-02-20,2024-12-30,14,48,48
48115,2025,Dawson,8,2025-02-02,2025-12-28,9,41,41
48117,2015,Deaf Smith,8,2015-01-27,2015-11-05,6,30,0
48117,2016,Deaf Smith,7,2016-02-18,2016-11-18,8,30,1
48117,2017,Deaf Smith,6,2017-02-05,2017-11-18,8,28,6
48117,2018,Deaf Smith,6,2018-05-07,2018-12-01,9,34,0
48117,2019,Deaf Smith,9,2019-01-06,2019-12-25,7,38,0
48117,2020,Deaf Smith,12,2020-02-02,2020-11-09,8,53,0
48117,2021,Deaf Smith,7,2021-04-05,2021-12-27,6,26,14
48117,2022,Deaf Smith,13,2022-03-01,2022-12-08,9,56,9
48117,2023,Deaf Smith,12,2023-04-12,2023-12-09,10,60,18
48117,2024,Deaf Smith,12,2024-02-24,2024-10-29,11,49,0
48117,2025,Deaf Smith,6,2025-02-06,2025-12-28,8,28,5
48119,2015,Delta,11,2015-01-18,2015-12-27,9,49,49
48119,2016,Delta,10,2016-01-29,2016-12-29,8,51,51
48119,2017,Delta,7,2017-01-10,2017-12-05,7,30,30
48119,2018,Delta,8,2018-05-07,2018-10-30,13,57,57
48119,2019,Delta,6,2019-01-06,2019-12-28,12,37,37
48119,2020,Delta,6,2020-02-02,2020-12-11,6,23,23
48119,2021,Delta,7,2021-06-14,2022-01-01,10,35,35
48119,2022,Delta,14,2022-03-02,2023-01-03,16,92,92
48119,2023,Delta,12,2023-01-10,2023-11-08,10,65,65
48119,2024,Delta,12,2024-01-30,2024-12-18,10,59,59
48119,2025,Delta,9,2025-02-02,2025-12-28,9,51,51
48121,2015,Denton,8,2015-01-26,2015-12-26,6,36,0
48121,2016,Denton,7,2016-02-18,2017-01-02,8,29,0
48121,2017,Denton,7,2017-01-10,2017-12-04,8,29,0
48121,2018,Denton,10,2018-03-24,2018-10-30,9,54,0
48121,2019,Denton,6,2019-01-05,2019-12-27,16,35,0
48121,2020,Denton,10,2020-03-10,2020-12-23,5,34,0
48121,2021,Denton,8,2021-06-13,2022-01-01,10,41,0
48121,2022,Denton,12,2022-03-02,2023-01-03,17,87,0
48121,2023,Denton,16,2023-01-09,2023-11-08,16,97,0
48121,2024,Denton,12,2024-01-29,2024-12-18,11,63,0
48121,2025,Denton,10,2025-02-02,2025-12-28,7,50,0
48123,2015,DeWitt,6,2015-02-09,2015-12-28,10,35,0
48123,2016,DeWitt,11,2016-01-30,2016-12-29,12,65,0
48123,2017,DeWitt,13,2017-01-11,2017-12-03,7,53,0
48123,2018,DeWitt,6,2018-03-17,2018-08-30,21,61,0
48123,2019,DeWitt,10,2019-01-06,2019-10-07,14,56,0
48123,2020,DeWitt,15,2020-01-15,2020-12-31,11,73,0
48123,2021,DeWitt,7,2021-04-12,2022-01-02,11,32,0
48123,2022,DeWitt,14,2022-03-05,2022-12-11,16,97,0
48123,2023,DeWitt,14,2023-01-01,2023-10-22,45,139,0
48123,2024,DeWitt,16,2024-02-25,2024-12-31,19,115,0
48123,2025,DeWitt,21,2025-02-02,2025-12-28,25,157,7
48125,2015,Dickens,9,2015-01-27,2015-12-13,6,37,0
48125,2016,Dickens,6,2016-02-18,2016-11-18,4,21,0
48125,2017,Dickens,7,2017-01-10,2017-12-22,7,29,0
48125,2018,Dickens,6,2018-05-08,2018-12-01,8,27,0
48125,2019,Dickens,7,2019-01-06,2019-12-26,5,27,0
48125,2020,Dickens,8,2020-02-02,2020-12-11,7,37,0
48125,2021,Dickens,5,2021-10-08,2021-12-16,5,19,0
48125,2022,Dickens,9,2022-03-26,2022-08-06,10,51,0
48125,2023,Dickens,10,2023-01-01,2023-11-09,10,49,0
48125,2024,Dickens,11,2024-03-02,2024-10-31,14,47,0
48125,2025,Dickens,7,2025-02-02,2025-12-29,8,30,0
48127,2015,Dimmit,4,2015-02-09,2015-12-25,5,14,0
48127,2016,Dimmit,9,2016-01-31,2016-12-29,8,43,0
48127,2017,Dimmit,8,2017-01-02,2017-11-08,6,28,0
48127,2018,Dimmit,6,2018-03-17,2018-12-02,10,38,0
48127,2019,Dimmit,10,2019-01-06,2019-12-16,7,41,0
48127,2020,Dimmit,12,2020-03-12,2020-12-30,6,46,0
48127,2021,Dimmit,11,2021-04-07,2022-01-02,6,43,0
48127,2022,Dimmit,10,2022-03-26,2022-11-10,7,48,0
48127,2023,Dimmit,14,2023-01-01,2023-10-28,21,101,0
48127,2024,Dimmit,13,2024-02-25,2024-12-31,14,74,0
48127,2025,Dimmit,14,2025-02-01,2025-12-28,11,83,0
48129,2015,Donley,7,2015-01-27,2015-12-12,5,24,0
48129,2016,Donley,5,2016-04-05,2016-11-18,4,17,0
48129,2017,Donley,6,2017-01-10,2017-12-04,5,22,3
48129,2018,Donley,6,2018-01-09,2018-07-23,9,27,27
48129,2019,Donley,6,2019-01-05,2019-12-26,5,22,22
48129,2020,Donley,7,2020-05-01,2020-12-11,7,33,33
48129,2021,Donley,6,2021-09-10,2021-12-27,6,27,27
48129,2022,Donley,7,2022-03-03,2022-07-20,14,39,39
48129,2023,Donley,12,2023-01-01,2023-11-09,9,48,48
48129,2024,Donley,10,2024-01-31,2024-10-30,15,47,47
48129,2025,Donley,8,2025-02-02,2025-12-28,8,33,33
48131,2015,Duval,6,2015-08-05,2015-12-27,8,27,1
48131,2016,Duval,5,2016-01-31,2016-12-28,6,21,0
48131,2017,Duval,8,2017-01-10,2017-11-18,10,39,0
48131,2018,Duval,4,2018-02-17,2018-06-08,5,16,0
48131,2019,Duval,8,2019-06-06,2019-12-17,8,40,0
48131,2020,Duval,8,2020-01-15,2020-12-31,5,30,0
48131,2021,Duval,9,2021-01-25,2022-01-02,10,38,0
48131,2022,Duval,8,2022-05-15,2022-12-11,14,48,5
48131,2023,Duval,13,2023-01-01,2023-10-30,26,116,0
48131,2024,Duval,14,2024-02-26,2024-12-31,11,75,0
48131,2025,Duval,16,2025-02-02,2025-12-29,11,98,0
48133,2015,Eastland,6,2015-01-27,2015-12-26,7,29,29
48133,2016,Eastland,10,2016-01-29,2016-12-29,7,42,42
48133,2017,Eastland,9,2017-01-10,2017-12-04,10,41,41
48133,2018,Eastland,10,2018-03-24,2018-12-01,11,57,57
48133,2019,Eastland,9,2019-01-06,2019-12-26,11,43,43
48133,2020,Eastland,9,2020-03-25,2020-12-11,8,39,39
48133,2021,Eastland,7,2021-09-18,2022-01-01,10,36,36
48133,2022,Eastland,16,2022-03-03,2022-12-08,17,104,104
48133,2023,Eastland,16,2023-01-01,2023-11-09,22,105,105
48133,2024,Eastland,12,2024-01-30,2024-12-30,12,69,69
48133,2025,Eastland,14,2025-02-01,2025-12-28,9,70,70
48135,2015,Ector,2,2015-02-07,2015-12-25,4,8,0
48135,2016,Ector,7,2016-01-29,2016-12-28,8,33,0
48135,2017,Ector,7,2017-01-09,2017-11-06,7,35,0
48135,2018,Ector,5,2018-03-22,2018-11-30,8,24,0
48135,2019,Ector,5,2019-02-03,2019-12-15,8,24,0
48135,2020,Ector,10,2020-05-01,2020-11-06,6,38,0
48135,2021,Ector,9,2021-04-25,2021-12-29,8,39,0
48135,2022,Ector,9,2022-03-25,2023-01-02,9,37,0
48135,2023,Ector,11,2023-01-09,2023-11-08,14,77,0
48135,2024,Ector,9,2024-02-25,2024-12-30,5,32,0
48135,2025,Ector,8,2025-01-02,2025-12-28,7,36,0
48137,2015,Edwards,6,2015-01-27,2015-12-26,5,24,9
48137,2016,Edwards,7,2016-01-30,2016-12-28,4,23,3
48137,2017,Edwards,10,2017-01-10,2017-12-05,11,52,36
48137,2018,Edwards,2,2018-07-02,2018-07-24,7,10,0
48137,2019,Edwards,2,2019-09-17,2019-12-15,3,6,0
48137,2020,Edwards,6,2020-06-07,2020-12-29,5,21,0
48137,2021,Edwards,6,2021-10-24,2022-01-01,11,26,0
48137,2022,Edwards,9,2022-03-04,2023-01-02,8,39,11
48137,2023,Edwards,13,2023-01-05,2023-09-24,18,85,0
48137,2024,Edwards,10,2024-02-25,2024-12-31,10,56,16
48137,2025,Edwards,13,2025-02-01,2025-12-28,24,87,53
48139,2015,Ellis,7,2015-01-26,2015-12-26,6,30,0
48139,2016,Ellis,7,2016-01-29,2016-12-28,8,32,0
48139,2017,Ellis,7,2017-01-10,2017-12-04,6,27,0
48139,2018,Ellis,9,2018-05-12,2018-12-01,12,54,0
48139,2019,Ellis,5,2019-02-04,2019-12-27,14,28,0
48139,2020,Ellis,10,2020-03-10,2020-12-23,6,36,0
48139,2021,Ellis,7,2021-06-13,2022-01-01,10,36,0
48139,2022,Ellis,16,2022-03-02,2023-01-03,18,113,0
48139,2023,Ellis,11,2023-01-15,2023-11-08,22,73,0
48139,2024,Ellis,13,2024-01-29,2024-12-17,9,54,0
48139,2025,Ellis,11,2025-02-05,2025-12-28,8,51,0
48141,2015,El Paso,1,2015-02-06,2015-02-10,5,5,0
48141,2016,El Paso,4,2016-02-16,2016-12-17,6,20,0
48141,2017,El Paso,16,2017-01-09,2017-12-31,10,77,0
48141,2018,El Paso,12,2018-01-06,2018-09-14,6,50,0
48141,2019,El Paso,8,2019-02-28,2019-12-15,7,32,0
48141,2020,El Paso,14,2020-04-26,2020-12-29,9,75,0
48141,2021,El Paso,13,2021-02-02,2021-12-27,7,53,0
48141,2022,El Paso,11,2022-01-06,2022-08-03,6,41,0
48141,2023,El Paso,13,2023-01-09,2023-12-08,10,70,0
48141,2024,El Paso,18,2024-01-29,2024-12-31,11,84,0
48141,2025,El Paso,12,2025-01-02,2025-12-28,13,69,0
48143,2015,Erath,7,2015-01-18,2015-12-26,8,35,0
48143,2016,Erath,11,2016-01-29,2017-01-02,10,48,2
48143,2017,Erath,9,2017-01-09,2017-12-04,8,38,0
48143,2018,Erath,10,2018-03-24,2018-11-30,11,60,0
48143,2019,Erath,4,2019-01-05,2019-10-06,15,26,0
48143,2020,Erath,13,2020-03-10,2020-12-23,5,47,0
48143,2021,Erath,6,2021-10-07,2022-01-01,10,32,0
48143,2022,Erath,13,2022-03-25,2023-01-02,20,107,0
48143,2023,Erath,14,2023-01-09,2023-11-08,22,90,1
48143,2024,Erath,12,2024-01-29,2024-12-30,8,51,0
48143,2025,Erath,12,2025-02-01,2025-12-28,8,53,0
48145,2015,Falls,7,2015-08-07,2015-12-27,6,31,0
48145,2016,Falls,7,2016-01-30,2016-12-29,7,31,24
48145,2017,Falls,6,2017-01-10,2017-11-06,7,25,25
48145,2018,Falls,8,2018-03-16,2018-07-26,11,51,51
48145,2019,Falls,5,2019-02-04,2019-10-06,14,29,29
48145,2020,Falls,10,2020-03-11,2020-11-21,5,35,35
48145,2021,Falls,5,2021-10-08,2022-01-01,10,26,26
48145,2022,Falls,13,2022-03-26,2023-01-03,22,105,105
48145,2023,Falls,11,2023-01-15,2023-10-22,38,101,101
48145,2024,Falls,12,2024-02-24,2024-12-17,15,64,64
48145,2025,Falls,12,2025-02-02,2025-12-28,10,64,64
48147,2015,Fannin,9,2015-01-18,2015-12-26,8,43,0
48147,2016,Fannin,11,2016-01-29,2016-12-29,9,54,0
48147,2017,Fannin,7,2017-01-10,2017-12-04,5,23,0
48147,2018,Fannin,7,2018-05-07,2018-09-20,6,27,0
48147,2019,Fannin,5,2019-01-06,2019-12-27,14,34,0
48147,2020,Fannin,6,2020-02-02,2020-12-23,6,22,0
48147,2021,Fannin,6,2021-10-08,2022-01-01,10,30,0
48147,2022,Fannin,11,2022-03-02,2022-10-23,17,69,0
48147,2023,Fannin,10,2023-01-01,2023-11-08,11,49,0
48147,2024,Fannin,15,2024-01-29,2024-12-18,14,84,1
48147,2025,Fannin,10,2025-02-02,2025-12-28,8,48,0
48149,2015,Fayette,6,2015-01-27,2015-12-27,7,29,0
48149,2016,Fayette,8,2016-01-30,2016-12-28,9,37,0
48149,2017,Fayette,10,2017-01-10,2017-12-22,7,42,0
48149,2018,Fayette,7,2018-03-17,2018-08-28,9,32,0
48149,2019,Fayette,6,2019-04-09,2019-12-16,15,44,0
48149,2020,Fayette,15,2020-01-15,2020-12-30,9,69,0
48149,2021,Fayette,9,2021-01-24,2022-01-01,10,37,0
48149,2022,Fayette,12,2022-03-04,2023-01-04,23,99,0
48149,2023,Fayette,12,2023-01-15,2023-10-02,22,110,0
48149,2024,Fayette,13,2024-02-24,2024-12-30,12,65,0
48149,2025,Fayette,14,2025-02-01,2025-12-28,11,74,7
48151,2015,Fisher,11,2015-01-27,2015-12-25,6,42,3
48151,2016,Fisher,6,2016-01-30,2016-12-27,6,22,4
48151,2017,Fisher,7,2017-02-05,2017-12-21,5,25,0
48151,2018,Fisher,7,2018-05-07,2018-11-30,9,32,0
48151,2019,Fisher,5,2019-02-04,2019-12-26,6,21,7
48151,2020,Fisher,7,2020-05-01,2020-12-11,8,35,15
48151,2021,Fisher,6,2021-10-08,2021-12-31,10,30,30
48151,2022,Fisher,8,2022-03-26,2022-09-22,14,47,47
48151,2023,Fisher,13,2023-01-01,2023-11-09,14,62,62
48151,2024,Fisher,7,2024-02-25,2024-10-31,11,33,33
48151,2025,Fisher,7,2025-02-02,2025-12-28,8,30,30
48153,2015,Floyd,4,2015-01-27,2015-12-13,5,15,0
48153,2016,Floyd,7,2016-01-29,2016-12-29,6,28,0
48153,2017,Floyd,5,2017-01-10,2017-12-22,6,21,0
48153,2018,Floyd,5,2018-05-10,2018-12-01,5,20,0
48153,2019,Floyd,6,2019-01-05,2019-12-27,5,25,0
48153,2020,Floyd,9,2020-02-02,2020-12-11,10,41,0
48153,2021,Floyd,6,2021-10-08,2021-12-27,6,25,0
48153,2022,Floyd,7,2022-01-13,2022-07-21,4,26,0
48153,2023,Floyd,12,2023-01-01,2023-11-09,7,43,0
48153,2024,Floyd,10,2024-02-26,2024-10-31,11,43,0
48153,2025,Floyd,7,2025-02-02,2025-12-28,9,30,0
48155,2015,Foard,7,2015-01-27,2015-12-24,6,31,31
48155,2016,Foard,7,2016-01-29,2016-12-28,7,29,29
48155,2017,Foard,9,2017-01-10,2017-12-04,7,34,34
48155,2018,Foard,5,2018-03-23,2018-07-23,9,30,30
48155,2019,Foard,8,2019-01-05,2019-12-26,6,33,33
48155,2020,Foard,8,2020-03-25,2020-12-11,8,38,38
48155,2021,Foard,7,2021-09-18,2021-12-31,10,36,36
48155,2022,Foard,15,2022-02-15,2022-10-24,16,89,89
48155,2023,Foard,17,2023-01-01,2023-11-09,14,87,87
48155,2024,Foard,13,2024-01-30,2024-12-18,14,71,71
48155,2025,Foard,12,2025-02-01,2025-12-28,9,51,51
48157,2015,Fort Bend,10,2015-01-27,2015-12-27,8,45,0
48157,2016,Fort Bend,5,2016-01-31,2016-12-29,6,20,0
48157,2017,Fort Bend,9,2017-01-10,2017-12-22,11,41,0
48157,2018,Fort Bend,9,2018-02-14,2018-12-02,15,63,0
48157,2019,Fort Bend,5,2019-02-05,2019-12-28,6,18,0
48157,2020,Fort Bend,7,2020-01-14,2020-12-30,6,31,0
48157,2021,Fort Bend,10,2021-01-24,2022-01-01,10,48,0
48157,2022,Fort Bend,13,2022-02-15,2023-01-07,11,77,0
48157,2023,Fort Bend,15,2023-01-15,2023-11-09,22,145,0
48157,2024,Fort Bend,14,2024-03-03,2024-12-28,10,74,0
48157,2025,Fort Bend,13,2025-02-02,2025-12-28,10,80,0
48159,2015,Franklin,9,2015-01-18,2015-12-27,7,39,0
48159,2016,Franklin,9,2016-01-30,2016-12-29,10,47,0
48159,2017,Franklin,8,2017-01-11,2017-12-05,5,28,0
48159,2018,Franklin,9,2018-05-08,2018-09-20,10,45,0
48159,2019,Franklin,6,2019-01-06,2019-12-29,6,28,0
48159,2020,Franklin,7,2020-01-10,2020-12-24,4,22,0
48159,2021,Franklin,7,2021-04-12,2022-01-01,9,32,0
48159,2022,Franklin,16,2022-03-03,2022-12-09,8,79,1
48159,2023,Franklin,13,2023-01-01,2023-11-08,10,63,44
48159,2024,Franklin,7,2024-02-21,2024-12-18,9,31,0
48159,2025,Franklin,6,2025-02-03,2025-12-29,9,34,0
48161,2015,Freestone,6,2015-01-27,2015-12-27,6,28,28
48161,2016,Freestone,7,2016-01-30,2016-12-29,8,31,31
48161,2017,Freestone,7,2017-01-10,2017-12-04,7,27,27
48161,2018,Freestone,4,2018-05-12,2018-07-24,9,33,33
48161,2019,Freestone,5,2019-02-04,2019-10-06,14,28,28
48161,2020,Freestone,3,2020-03-25,2020-08-16,3,9,9
48161,2021,Freestone,6,2021-10-08,2022-01-01,10,30,30
48161,2022,Freestone,13,2022-03-04,2022-12-10,18,84,84
48161,2023,Freestone,16,2023-01-01,2023-10-22,16,82,82
48161,2024,Freestone,9,2024-01-30,2024-12-18,9,40,40
48161,2025,Freestone,10,2025-02-02,2025-12-28,9,58,58
48163,2015,Frio,10,2015-01-28,2015-12-28,11,55,0
48163,2016,Frio,9,2016-01-30,2016-12-28,10,50,0
48163,2017,Frio,6,2017-01-12,2017-11-08,13,32,0
48163,2018,Frio,4,2018-03-24,2018-07-25,9,18,0
48163,2020,Frio,3,2020-03-25,2020-10-12,5,11,11
48163,2021,Frio,4,2021-04-07,2022-01-02,10,18,11
48163,2022,Frio,6,2022-03-26,2022-07-13,8,29,27
48163,2023,Frio,11,2023-01-01,2023-09-25,12,79,20
48163,2024,Frio,8,2024-02-25,2024-12-31,8,41,7
48163,2025,Frio,5,2025-02-02,2025-12-28,8,28,28
48165,2015,Gaines,7,2015-02-07,2015-12-12,6,28,0
48165,2016,Gaines,6,2016-01-29,2016-11-17,5,23,0
48165,2017,Gaines,7,2017-01-09,2017-12-05,10,39,0
48165,2018,Gaines,5,2018-03-22,2018-07-23,7,25,0
48165,2019,Gaines,8,2019-01-05,2019-12-25,6,30,0
48165,2020,Gaines,10,2020-01-13,2020-11-20,10,47,0
48165,2021,Gaines,8,2021-06-08,2021-12-28,8,36,0
48165,2022,Gaines,7,2022-03-26,2022-08-05,14,42,0
48165,2023,Gaines,12,2023-01-09,2023-11-08,12,59,0
48165,2024,Gaines,8,2024-04-13,2024-10-30,11,35,0
48165,2025,Gaines,9,2025-02-01,2025-12-28,9,40,0
48167,2015,Galveston,8,2015-01-27,2015-12-27,10,47,0
48167,2016,Galveston,10,2016-01-30,2017-01-03,9,48,0
48167,2017,Galveston,19,2017-01-10,2017-12-22,13,101,0
48167,2018,Galveston,15,2018-02-14,2018-12-02,21,102,0
48167,2019,Galveston,12,2019-01-06,2019-10-07,18,79,0
48167,2020,Galveston,23,2020-01-14,2020-12-11,10,100,0
48167,2021,Galveston,13,2021-01-24,2022-01-02,11,63,0
48167,2022,Galveston,15,2022-03-04,2022-12-30,23,129,0
48167,2023,Galveston,16,2023-01-01,2023-11-09,19,135,0
48167,2024,Galveston,15,2024-03-04,2024-12-28,8,75,0
48167,2025,Galveston,13,2025-02-02,2025-12-28,10,76,0
48169,2015,Garza,8,2015-01-27,2015-12-13,10,35,0
48169,2016,Garza,9,2016-02-18,2016-12-29,8,43,0
48169,2017,Garza,8,2017-01-10,2017-09-22,10,35,0
48169,2018,Garza,11,2018-03-23,2018-12-01,8,46,0
48169,2019,Garza,10,2019-01-06,2019-12-26,7,43,0
48169,2020,Garza,10,2020-05-01,2020-12-11,10,50,0
48169,2021,Garza,8,2021-06-12,2021-12-27,6,31,0
48169,2022,Garza,10,2022-03-26,2022-09-26,16,69,0
48169,2023,Garza,16,2023-01-01,2023-11-09,14,79,0
48169,2024,Garza,14,2024-02-20,2024-10-31,12,60,0
48169,2025,Garza,9,2025-02-02,2025-12-29,8,38,0
48171,2015,Gillespie,5,2015-01-27,2015-12-27,6,23,0
48171,2016,Gillespie,7,2016-01-30,2016-12-28,4,25,0
48171,2017,Gillespie,8,2017-01-11,2017-11-28,6,30,0
48171,2018,Gillespie,7,2018-03-17,2018-07-24,9,33,0
48171,2019,Gillespie,6,2019-04-09,2019-12-16,8,23,0
48171,2020,Gillespie,10,2020-01-05,2020-12-29,6,40,0
48171,2021,Gillespie,5,2021-09-18,2022-01-01,11,25,0
48171,2022,Gillespie,10,2022-03-26,2022-11-08,16,71,0
48171,2023,Gillespie,15,2023-01-01,2023-10-22,23,104,0
48171,2024,Gillespie,10,2024-02-25,2024-12-31,9,49,0
48171,2025,Gillespie,12,2025-02-02,2025-12-28,9,66,0
48173,2015,Glasscock,7,2015-01-27,2015-12-26,10,35,35
48173,2016,Glasscock,10,2016-01-30,2016-12-29,7,42,42
48173,2017,Glasscock,8,2017-01-10,2017-11-29,10,40,40
48173,2018,Glasscock,6,2018-03-23,2018-08-29,9,32,32
48173,2019,Glasscock,7,2019-02-03,2019-12-25,8,30,30
48173,2020,Glasscock,8,2020-03-25,2020-12-11,9,40,40
48173,2021,Glasscock,8,2021-09-17,2021-12-31,10,41,41
48173,2022,Glasscock,10,2022-03-26,2022-08-05,14,54,54
48173,2023,Glasscock,14,2023-01-15,2023-11-08,15,88,88
48173,2024,Glasscock,16,2024-02-20,2024-12-30,14,69,69
48173,2025,Glasscock,9,2025-02-02,2025-12-28,9,44,44
48175,2015,Goliad,2,2015-10-13,2015-12-27,5,8,0
48175,2016,Goliad,4,2016-03-14,2016-12-29,5,16,0
48175,2017,Goliad,4,2017-01-11,2017-02-25,5,14,0
48175,2018,Goliad,2,2018-05-27,2018-06-06,4,7,0
48175,2020,Goliad,3,2020-01-15,2020-10-13,4,10,0
48175,2021,Goliad,2,2021-12-15,2021-12-30,5,8,0
48175,2022,Goliad,3,2022-05-07,2022-05-29,4,10,0
48175,2023,Goliad,5,2023-01-06,2023-09-26,11,29,0
48175,2024,Goliad,6,2024-10-14,2025-01-01,6,24,0
48175,2025,Goliad,4,2025-02-03,2025-12-29,8,25,0
48177,2015,Gonzales,8,2015-02-09,2015-12-28,8,36,0
48177,2016,Gonzales,6,2016-01-31,2016-12-29,9,34,0
48177,2017,Gonzales,12,2017-01-10,2017-12-22,8,54,0
48177,2018,Gonzales,5,2018-03-18,2018-07-25,21,43,0
48177,2019,Gonzales,5,2019-04-09,2019-10-06,20,56,0
48177,2020,Gonzales,16,2020-01-15,2020-12-30,8,70,0
48177,2021,Gonzales,6,2021-04-07,2022-01-01,10,32,0
48177,2022,Gonzales,10,2022-03-26,2022-12-11,24,101,0
48177,2023,Gonzales,15,2023-01-01,2023-11-09,24,138,0
48177,2024,Gonzales,14,2024-02-25,2024-12-31,18,99,0
48177,2025,Gonzales,15,2025-02-02,2025-12-28,27,108,0
48179,2015,Gray,7,2015-01-27,2015-12-12,5,25,0
48179,2016,Gray,7,2016-02-10,2016-12-26,8,28,0
48179,2017,Gray,6,2017-02-05,2017-12-04,6,24,0
48179,2018,Gray,4,2018-05-07,2018-07-23,9,24,0
48179,2019,Gray,7,2019-01-05,2019-12-26,7,32,0
48179,2020,Gray,9,2020-05-01,2020-12-11,7,38,0
48179,2021,Gray,7,2021-06-17,2021-12-27,5,27,0
48179,2022,Gray,8,2022-03-02,2022-09-30,9,36,0
48179,2023,Gray,19,2023-01-01,2023-12-23,10,81,0
48179,2024,Gray,16,2024-01-30,2024-12-31,15,73,0
48179,2025,Gray,9,2025-02-02,2025-12-28,9,41,0
48181,2015,Grayson,8,2015-01-18,2015-12-26,7,42,0
48181,2016,Grayson,11,2016-01-28,2017-01-02,8,43,0
48181,2017,Grayson,7,2017-01-10,2017-12-04,5,26,0
48181,2018,Grayson,10,2018-05-07,2018-10-30,8,49,0
48181,2019,Grayson,8,2019-01-05,2019-12-27,5,30,0
48181,2020,Grayson,7,2020-03-10,2020-12-10,4,24,0
48181,2021,Grayson,6,2021-10-07,2021-12-31,9,31,0
48181,2022,Grayson,13,2022-03-01,2023-01-02,17,76,0
48181,2023,Grayson,14,2023-01-09,2023-11-08,10,73,0
48181,2024,Grayson,14,2024-01-29,2024-12-18,9,66,0
48181,2025,Grayson,5,2025-03-11,2025-12-28,9,30,0
48183,2015,Gregg,10,2015-01-27,2015-12-28,7,43,0
48183,2016,Gregg,9,2016-01-30,2016-12-29,9,42,0
48183,2017,Gregg,10,2017-01-11,2017-12-05,8,44,0
48183,2018,Gregg,7,2018-05-07,2018-10-31,24,66,0
48183,2019,Gregg,8,2019-01-06,2019-12-28,14,41,0
48183,2020,Gregg,5,2020-03-11,2020-12-11,5,19,0
48183,2021,Gregg,6,2021-10-08,2022-01-01,9,30,0
48183,2022,Gregg,14,2022-03-03,2023-01-03,17,92,0
48183,2023,Gregg,13,2023-01-16,2023-11-08,13,75,0
48183,2024,Gregg,15,2024-01-30,2024-12-18,9,68,0
48183,2025,Gregg,12,2025-02-02,2025-12-28,10,57,0
48185,2015,Grimes,7,2015-01-27,2015-12-27,9,37,37
48185,2016,Grimes,11,2016-01-30,2016-12-29,8,47,47
48185,2017,Grimes,10,2017-01-10,2017-12-22,7,44,44
48185,2018,Grimes,7,2018-03-17,2018-07-29,10,46,46
48185,2019,Grimes,10,2019-01-06,2019-12-28,14,49,49
48185,2020,Grimes,14,2020-01-15,2020-12-30,6,54,54
48185,2021,Grimes,6,2021-10-08,2022-01-01,10,32,32
48185,2022,Grimes,15,2022-03-04,2023-01-03,22,115,115
48185,2023,Grimes,13,2023-01-06,2023-10-23,49,124,124
48185,2024,Grimes,12,2024-02-24,2024-12-18,17,66,66
48185,2025,Grimes,14,2025-02-02,2025-12-28,11,80,80
48187,2015,Guadalupe,10,2015-01-27,2015-12-27,11,55,0
48187,2016,Guadalupe,11,2016-01-29,2016-12-29,6,46,0
48187,2017,Guadalupe,11,2017-01-10,2017-12-05,13,66,0
48187,2018,Guadalupe,9,2018-03-17,2018-12-02,20,60,0
48187,2019,Guadalupe,7,2019-01-06,2019-12-16,34,62,0
48187,2020,Guadalupe,14,2020-02-02,2020-12-30,16,88,0
48187,2021,Guadalupe,5,2021-04-06,2022-01-01,10,25,0
48187,2022,Guadalupe,11,2022-03-04,2022-12-11,20,112,0
48187,2023,Guadalupe,14,2023-01-01,2023-10-22,23,134,0
48187,2024,Guadalupe,13,2024-02-25,2024-12-31,18,96,0
48187,2025,Guadalupe,17,2025-02-02,2025-12-28,9,89,0
48189,2015,Hale,11,2015-01-27,2015-12-13,6,41,0
48189,2016,Hale,10,2016-02-18,2016-11-18,6,39,0
48189,2017,Hale,6,2017-02-06,2017-10-15,8,29,0
48189,2018,Hale,6,2018-05-08,2018-12-01,8,32,0
48189,2019,Hale,7,2019-01-05,2019-12-26,7,32,0
48189,2020,Hale,11,2020-02-02,2020-12-11,11,55,0
48189,2021,Hale,10,2021-04-26,2021-12-27,6,39,0
48189,2022,Hale,12,2022-01-13,2022-10-24,8,53,0
48189,2023,Hale,13,2023-01-01,2023-11-09,11,58,0
48189,2024,Hale,13,2024-01-31,2024-10-30,15,55,0
48189,2025,Hale,8,2025-02-02,2025-12-28,7,33,0
48191,2015,Hall,8,2015-01-27,2015-12-13,5,29,0
48191,2016,Hall,7,2016-01-29,2016-12-26,4,24,0
48191,2017,Hall,6,2017-01-10,2017-07-23,5,21,0
48191,2018,Hall,5,2018-05-07,2018-07-23,9,28,0
48191,2019,Hall,8,2019-01-06,2019-12-27,7,31,0
48191,2020,Hall,8,2020-05-01,2020-12-11,9,38,0
48191,2021,Hall,7,2021-06-17,2021-12-27,5,29,0
48191,2022,Hall,12,2022-03-03,2022-10-24,9,58,0
48191,2023,Hall,13,2023-01-01,2023-11-09,7,51,0
48191,2024,Hall,11,2024-01-30,2024-10-31,15,53,0
48191,2025,Hall,8,2025-02-02,2025-12-28,8,34,0
48193,2015,Hamilton,7,2015-02-10,2015-12-26,7,32,25
48193,2016,Hamilton,9,2016-01-29,2016-12-29,7,37,34
48193,2017,Hamilton,8,2017-01-10,2017-12-04,9,36,36
48193,2018,Hamilton,9,2018-03-24,2018-12-01,11,56,56
48193,2019,Hamilton,5,2019-02-04,2019-10-06,17,34,34
48193,2020,Hamilton,7,2020-03-25,2020-12-11,5,28,28
48193,2021,Hamilton,7,2021-09-18,2022-01-01,10,34,34
48193,2022,Hamilton,14,2022-03-04,2023-01-02,20,109,14
48193,2023,Hamilton,17,2023-01-09,2023-11-08,17,115,9
48193,2024,Hamilton,11,2024-02-20,2024-12-30,9,54,8
48193,2025,Hamilton,11,2025-02-01,2025-12-28,8,50,4
48195,2015,Hansford,4,2015-01-27,2015-09-18,5,16,0
48195,2016,Hansford,8,2016-06-16,2016-11-18,5,27,0
48195,2017,Hansford,8,2017-02-05,2017-09-16,4,26,0
48195,2018,Hansford,5,2018-05-07,2018-08-28,8,21,0
48195,2019,Hansford,6,2019-04-09,2019-12-27,7,27,0
48195,2020,Hansford,7,2020-03-01,2020-11-07,7,33,0
48195,2021,Hansford,9,2021-04-04,2021-12-27,6,37,0
48195,2022,Hansford,12,2022-01-17,2022-10-24,6,51,0
48195,2023,Hansford,11,2023-02-05,2023-12-23,12,53,0
48195,2024,Hansford,13,2024-01-29,2024-12-31,10,60,0
48195,2025,Hansford,9,2025-03-11,2025-12-28,6,34,0
48197,2015,Hardeman,6,2015-01-18,2015-12-24,6,27,27
48197,2016,Hardeman,7,2016-01-29,2016-12-28,7,28,28
48197,2017,Hardeman,7,2017-01-10,2017-12-04,6,24,24
48197,2018,Hardeman,5,2018-03-23,2018-07-23,9,29,29
48197,2019,Hardeman,6,2019-01-05,2019-12-26,4,23,23
48197,2020,Hardeman,6,2020-03-25,2020-12-11,6,27,27
48197,2021,Hardeman,7,2021-10-08,2021-12-31,10,36,36
48197,2022,Hardeman,10,2022-03-03,2022-10-23,14,50,50
48197,2023,Hardeman,14,2023-01-01,2023-11-09,9,59,59
48197,2024,Hardeman,13,2024-01-30,2024-12-18,14,65,65
48197,2025,Hardeman,9,2025-02-01,2025-12-28,9,42,42
48199,2015,Hardin,15,2015-01-28,2015-12-29,11,71,1
48199,2016,Hardin,11,2016-01-30,2016-12-29,9,53,0
48199,2017,Hardin,12,2017-01-11,2017-12-23,9,54,0
48199,2018,Hardin,10,2018-02-15,2018-12-03,8,44,0
48199,2019,Hardin,5,2019-01-07,2019-10-07,5,19,0
48199,2020,Hardin,7,2020-01-15,2020-11-16,5,27,1
48199,2021,Hardin,11,2021-01-25,2022-01-02,9,48,0
48199,2022,Hardin,15,2022-03-05,2022-12-11,21,99,0
48199,2023,Hardin,16,2023-01-01,2023-11-10,46,159,1
48199,2024,Hardin,11,2024-03-07,2024-12-18,7,46,0
48199,2025,Hardin,14,2025-02-03,2025-12-29,9,77,3
48201,2015,Harris,7,2015-01-27,2015-12-27,11,43,0
48201,2016,Harris,12,2016-01-29,2016-12-28,8,61,0
48201,2017,Harris,17,2017-01-10,2017-12-22,8,69,0
48201,2018,Harris,14,2018-02-14,2018-12-02,14,67,0
48201,2019,Harris,8,2019-01-06,2019-10-06,10,44,0
48201,2020,Harris,17,2020-01-14,2020-12-30,7,70,0
48201,2021,Harris,13,2021-01-24,2022-01-01,10,56,0
48201,2022,Harris,16,2022-03-04,2023-01-03,18,107,0
48201,2023,Harris,12,2023-01-15,2023-11-09,66,153,0
48201,2024,Harris,15,2024-02-08,2024-12-18,13,85,0
48201,2025,Harris,13,2025-02-02,2025-12-28,11,70,0
48203,2015,Harrison,9,2015-01-27,2015-12-28,10,50,0
48203,2016,Harrison,7,2016-01-30,2016-12-28,7,29,0
48203,2017,Harrison,12,2017-01-11,2017-12-05,7,49,0
48203,2018,Harrison,10,2018-02-19,2018-09-20,11,55,0
48203,2019,Harrison,7,2019-01-06,2019-12-28,13,39,0
48203,2020,Harrison,4,2020-03-25,2020-12-11,4,14,0
48203,2021,Harrison,7,2021-03-15,2022-01-02,10,34,0
48203,2022,Harrison,15,2022-03-03,2023-01-04,16,95,0
48203,2023,Harrison,12,2023-01-16,2023-11-09,13,70,0
48203,2024,Harrison,10,2024-01-30,2024-12-18,9,49,0
48203,2025,Harrison,14,2025-02-02,2025-12-28,12,75,0
48205,2015,Hartley,7,2015-02-06,2015-12-11,6,30,0
48205,2016,Hartley,13,2016-01-28,2016-11-17,11,59,0
48205,2017,Hartley,13,2017-01-09,2017-12-13,8,55,0
48205,2018,Hartley,9,2018-01-19,2018-11-30,8,33,0
48205,2019,Hartley,15,2019-01-05,2019-12-26,7,57,0
48205,2020,Hartley,15,2020-04-05,2020-12-09,11,76,0
48205,2021,Hartley,11,2021-04-03,2021-12-27,7,49,0
48205,2022,Hartley,11,2022-03-02,2022-12-07,6,48,0
48205,2023,Hartley,13,2023-01-09,2023-12-23,11,67,0
48205,2024,Hartley,17,2024-01-29,2024-12-30,10,80,0
48205,2025,Hartley,10,2025-02-01,2025-12-27,7,42,0
48207,2015,Haskell,5,2015-01-26,2015-12-25,8,26,5
48207,2016,Haskell,11,2016-02-17,2016-12-28,8,47,2
48207,2017,Haskell,7,2017-01-10,2017-11-29,6,25,7
48207,2018,Haskell,6,2018-03-24,2018-12-01,9,29,26
48207,2019,Haskell,6,2019-01-06,2019-12-27,5,23,0
48207,2020,Haskell,4,2020-05-02,2020-08-17,7,20,0
48207,2021,Haskell,6,2021-04-26,2022-01-01,4,21,0
48207,2022,Haskell,13,2022-03-03,2022-10-24,16,67,0
48207,2023,Haskell,15,2023-01-01,2023-12-09,9,66,0
48207,2024,Haskell,14,2024-02-01,2024-10-31,14,62,0
48207,2025,Haskell,7,2025-02-02,2025-12-29,7,29,0
48209,2015,Hays,6,2015-02-08,2015-12-24,7,25,0
48209,2016,Hays,7,2016-01-31,2016-12-29,6,26,0
48209,2017,Hays,9,2017-01-10,2017-11-06,11,38,0
48209,2018,Hays,5,2018-05-16,2018-08-24,22,45,0
48209,2019,Hays,9,2019-02-04,2019-12-16,9,36,0
48209,2020,Hays,9,2020-03-11,2020-12-29,5,35,0
48209,2021,Hays,6,2021-04-06,2022-01-01,4,22,0
48209,2022,Hays,12,2022-03-25,2023-01-03,16,79,0
48209,2023,Hays,12,2023-01-15,2023-10-04,23,107,0
48209,2024,Hays,11,2024-02-25,2024-12-30,11,52,0
48209,2025,Hays,12,2025-02-02,2025-12-28,8,67,0
48211,2015,Hemphill,6,2015-01-27,2015-12-12,5,22,22
48211,2016,Hemphill,7,2016-01-29,2016-12-26,9,29,29
48211,2017,Hemphill,9,2017-01-10,2017-12-04,5,31,31
48211,2018,Hemphill,4,2018-03-23,2018-07-23,9,26,26
48211,2019,Hemphill,4,2019-01-05,2019-12-26,5,15,15
48211,2020,Hemphill,10,2020-03-25,2020-12-10,7,39,39
48211,2021,Hemphill,6,2021-06-17,2021-12-27,6,26,26
48211,2022,Hemphill,8,2022-03-02,2022-10-23,14,46,46
48211,2023,Hemphill,13,2023-01-09,2023-11-08,7,52,52
48211,2024,Hemphill,10,2024-01-30,2024-10-30,11,47,47
48211,2025,Hemphill,8,2025-02-02,2025-12-28,9,39,39
48213,2015,Henderson,10,2015-01-27,2015-12-27,8,49,0
48213,2016,Henderson,9,2016-01-30,2016-12-29,7,40,0
48213,2017,Henderson,9,2017-01-10,2017-12-05,7,36,0
48213,2018,Henderson,9,2018-03-16,2018-10-30,12,58,0
48213,2019,Henderson,5,2019-02-04,2019-10-06,14,30,0
48213,2020,Henderson,3,2020-03-25,2020-11-14,5,11,0
48213,2021,Henderson,5,2021-10-08,2022-01-01,9,21,0
48213,2022,Henderson,13,2022-01-13,2022-12-10,14,82,0
48213,2023,Henderson,12,2023-01-01,2023-09-30,17,60,0
48213,2024,Henderson,7,2024-01-30,2024-12-18,10,41,0
48213,2025,Henderson,8,2025-02-02,2025-12-28,10,46,0
48215,2015,Hidalgo,4,2015-08-10,2015-12-27,6,19,0
48215,2016,Hidalgo,18,2016-01-31,2016-12-29,11,94,0
48215,2017,Hidalgo,22,2017-01-10,2017-12-22,13,107,0
48215,2018,Hidalgo,11,2018-02-16,2018-11-08,19,76,0
48215,2019,Hidalgo,12,2019-01-06,2019-12-16,21,72,0
48215,2020,Hidalgo,16,2020-01-12,2020-12-30,7,69,0
48215,2021,Hidalgo,9,2021-01-25,2022-01-02,9,38,0
48215,2022,Hidalgo,11,2022-04-05,2023-01-08,11,56,0
48215,2023,Hidalgo,12,2023-01-16,2023-11-09,26,145,0
48215,2024,Hidalgo,11,2024-05-07,2024-12-31,17,74,0
48215,2025,Hidalgo,12,2025-02-03,2025-12-28,12,83,0
48217,2015,Hill,6,2015-01-27,2015-12-26,6,24,0
48217,2016,Hill,7,2016-01-29,2016-12-29,8,35,0
48217,2017,Hill,9,2017-01-10,2017-12-05,7,36,0
48217,2018,Hill,8,2018-05-12,2018-12-01,13,58,0
48217,2019,Hill,5,2019-02-04,2019-12-27,17,35,0
48217,2020,Hill,7,2020-03-25,2020-12-11,4,23,0
48217,2021,Hill,6,2021-10-08,2022-01-01,10,34,0
48217,2022,Hill,12,2022-03-03,2022-12-10,20,101,0
48217,2023,Hill,17,2023-01-01,2023-10-22,23,118,0
48217,2024,Hill,13,2024-01-30,2024-12-18,10,75,0
48217,2025,Hill,12,2025-02-02,2025-12-28,9,59,0
48219,2015,Hockley,3,2015-02-07,2015-12-12,5,11,0
48219,2016,Hockley,5,2016-02-18,2016-11-18,4,18,0
48219,2017,Hockley,5,2017-02-06,2017-11-07,6,21,0
48219,2018,Hockley,4,2018-05-08,2018-07-23,8,23,0
48219,2019,Hockley,4,2019-07-19,2019-12-26,4,14,0
48219,2020,Hockley,8,2020-05-01,2020-10-23,11,36,0
48219,2021,Hockley,6,2021-06-09,2021-12-27,6,25,0
48219,2022,Hockley,5,2022-03-27,2022-07-21,5,21,0
48219,2023,Hockley,9,2023-01-10,2023-11-09,6,33,0
48219,2024,Hockley,5,2024-02-26,2024-10-30,10,24,0
48219,2025,Hockley,6,2025-02-06,2025-12-28,7,26,0
48221,2015,Hood,10,2015-01-18,2015-12-26,7,50,0
48221,2016,Hood,10,2016-01-29,2016-12-29,8,44,0
48221,2017,Hood,9,2017-01-10,2017-12-05,7,33,0
48221,2018,Hood,10,2018-03-24,2018-12-01,14,70,0
48221,2019,Hood,9,2019-01-06,2019-12-27,16,45,0
48221,2020,Hood,11,2020-01-14,2020-12-23,6,42,0
48221,2021,Hood,8,2021-09-18,2022-01-01,9,36,0
48221,2022,Hood,11,2022-03-02,2022-10-23,21,96,0
48221,2023,Hood,16,2023-01-01,2023-11-09,16,94,1
48221,2024,Hood,11,2024-01-30,2024-12-30,11,57,0
48221,2025,Hood,14,2025-02-02,2025-12-29,10,59,0
48223,2015,Hopkins,9,2015-06-09,2015-12-27,6,37,0
48223,2016,Hopkins,12,2016-01-30,2016-12-29,7,51,0
48223,2017,Hopkins,7,2017-01-11,2017-12-05,5,23,0
48223,2018,Hopkins,8,2018-05-08,2018-07-24,9,37,0
48223,2019,Hopkins,6,2019-01-06,2019-12-29,10,27,0
48223,2020,Hopkins,7,2020-03-11,2020-12-24,4,22,0
48223,2021,Hopkins,5,2021-10-08,2022-01-01,9,22,1
48223,2022,Hopkins,10,2022-03-04,2022-12-08,16,64,0
48223,2023,Hopkins,11,2023-01-01,2023-10-02,10,46,0
48223,2024,Hopkins,10,2024-01-30,2024-12-18,9,41,0
48223,2025,Hopkins,8,2025-02-03,2025-12-28,8,42,0
48225,2015,Houston,10,2015-01-27,2015-12-28,9,61,0
48225,2016,Houston,12,2016-01-30,2016-12-29,10,62,0
48225,2017,Houston,8,2017-01-10,2017-12-22,7,34,0
48225,2018,Houston,7,2018-03-25,2018-07-29,10,37,0
48225,2019,Houston,6,2019-02-04,2019-12-28,10,28,0
48225,2020,Houston,8,2020-02-02,2020-12-30,6,32,0
48225,2021,Houston,5,2021-02-27,2022-01-02,10,25,0
48225,2022,Houston,10,2022-03-26,2022-12-10,18,73,0
48225,2023,Houston,16,2023-01-01,2023-10-22,17,81,0
48225,2024,Houston,6,2024-02-25,2024-12-18,9,28,0
48225,2025,Houston,8,2025-02-02,2025-12-29,9,42,0
48227,2015,Howard,6,2015-01-26,2015-12-25,5,22,0
48227,2016,Howard,7,2016-01-30,2016-11-02,8,33,0
48227,2017,Howard,7,2017-01-10,2017-11-05,10,37,0
48227,2018,Howard,6,2018-03-22,2018-07-23,9,30,0
48227,2019,Howard,9,2019-02-03,2019-12-25,4,29,0
48227,2020,Howard,9,2020-04-30,2020-12-10,9,43,0
48227,2021,Howard,9,2021-04-25,2021-12-30,6,35,0
48227,2022,Howard,11,2022-03-25,2023-01-02,9,45,0
48227,2023,Howard,12,2023-01-09,2023-11-08,12,73,2
48227,2024,Howard,9,2024-02-19,2024-10-30,11,39,0
48227,2025,Howard,9,2025-02-01,2025-12-28,7,37,0
48229,2015,Hudspeth,15,2015-02-05,2015-12-13,7,64,0
48229,2016,Hudspeth,13,2016-02-12,2016-12-27,16,84,0
48229,2017,Hudspeth,15,2017-01-10,2017-12-31,12,81,0
48229,2018,Hudspeth,16,2018-01-06,2018-12-26,12,80,0
48229,2019,Hudspeth,12,2019-02-15,2019-12-16,8,49,0
48229,2020,Hudspeth,15,2020-04-27,2020-11-24,8,85,1
48229,2021,Hudspeth,18,2021-02-03,2021-12-28,7,79,0
48229,2022,Hudspeth,11,2022-01-07,2022-11-10,14,55,0
48229,2023,Hudspeth,16,2023-01-10,2023-12-21,14,106,0
48229,2024,Hudspeth,21,2024-01-30,2025-01-05,13,117,0
48229,2025,Hudspeth,17,2025-02-02,2025-12-29,13,98,0
48231,2015,Hunt,9,2015-01-17,2015-12-27,7,45,0
48231,2016,Hunt,10,2016-01-29,2016-12-28,9,50,0
48231,2017,Hunt,11,2017-01-10,2017-12-05,10,45,0
48231,2018,Hunt,8,2018-03-24,2018-12-01,13,71,0
48231,2019,Hunt,7,2019-01-06,2019-12-28,14,37,0
48231,2020,Hunt,9,2020-02-02,2020-12-23,6,32,0
48231,2021,Hunt,9,2021-04-11,2022-01-01,10,41,0
48231,2022,Hunt,15,2022-03-02,2023-01-03,17,89,0
48231,2023,Hunt,11,2023-01-09,2023-11-08,10,52,0
48231,2024,Hunt,10,2024-01-29,2024-12-17,9,45,0
48231,2025,Hunt,9,2025-02-02,2025-12-28,7,43,0
48233,2015,Hutchinson,7,2015-01-26,2015-12-11,5,29,0
48233,2016,Hutchinson,9,2016-01-28,2016-11-17,11,40,0
48233,2017,Hutchinson,11,2017-01-09,2017-12-04,8,48,0
48233,2018,Hutchinson,12,2018-01-08,2018-11-30,9,55,0
48233,2019,Hutchinson,12,2019-01-05,2019-12-26,6,46,0
48233,2020,Hutchinson,14,2020-02-01,2020-11-20,10,70,0
48233,2021,Hutchinson,14,2021-02-02,2021-12-26,6,56,0
48233,2022,Hutchinson,16,2022-01-12,2023-01-02,9,72,0
48233,2023,Hutchinson,16,2023-01-09,2023-12-22,13,79,0
48233,2024,Hutchinson,15,2024-01-29,2024-12-30,11,68,0
48233,2025,Hutchinson,8,2025-02-01,2025-12-27,7,39,0
48235,2015,Irion,9,2015-01-27,2015-12-27,10,42,9
48235,2016,Irion,9,2016-01-30,2016-11-18,8,38,2
48235,2017,Irion,10,2017-01-11,2017-11-07,6,40,0
48235,2018,Irion,9,2018-03-17,2018-12-01,10,40,0
48235,2019,Irion,12,2019-02-04,2019-12-25,7,48,0
48235,2020,Irion,14,2020-03-11,2020-12-30,8,58,0
48235,2021,Irion,10,2021-04-26,2021-12-31,10,48,0
48235,2022,Irion,16,2022-01-17,2022-11-11,15,76,0
48235,2023,Irion,17,2023-01-01,2023-11-09,16,95,0
48235,2024,Irion,12,2024-02-20,2024-12-31,12,67,67
48235,2025,Irion,10,2025-02-02,2025-12-28,9,47,47
48237,2015,Jack,6,2015-01-27,2015-12-27,6,26,2
48237,2016,Jack,4,2016-02-19,2016-12-27,8,18,2
48237,2017,Jack,3,2017-02-06,2017-09-22,7,13,0
48237,2018,Jack,6,2018-05-26,2018-12-01,7,28,0
48237,2019,Jack,4,2019-02-04,2019-10-02,4,14,2
48237,2020,Jack,3,2020-05-02,2020-08-17,5,13,0
48237,2021,Jack,5,2021-10-08,2021-12-31,8,24,1
48237,2022,Jack,15,2022-03-27,2022-10-24,10,68,1
48237,2023,Jack,14,2023-01-01,2023-11-09,10,70,1
48237,2024,Jack,9,2024-01-30,2024-12-18,8,39,3
48237,2025,Jack,7,2025-02-02,2025-12-29,7,31,1
48239,2015,Jackson,7,2015-01-27,2015-12-27,10,35,35
48239,2016,Jackson,12,2016-01-30,2016-12-29,9,57,57
48239,2017,Jackson,11,2017-01-10,2017-12-22,12,52,52
48239,2018,Jackson,7,2018-03-17,2018-12-02,21,50,50
48239,2019,Jackson,10,2019-01-06,2019-12-28,14,51,51
48239,2020,Jackson,17,2020-01-14,2020-12-30,7,69,69
48239,2021,Jackson,7,2021-04-08,2022-01-01,10,36,36
48239,2022,Jackson,16,2022-03-04,2023-01-08,23,109,109
48239,2023,Jackson,13,2023-01-10,2023-10-22,44,149,149
48239,2024,Jackson,14,2024-02-21,2024-12-31,18,93,93
48239,2025,Jackson,16,2025-02-02,2025-12-28,11,96,96
48241,2015,Jasper,10,2015-01-29,2015-12-28,8,46,2
48241,2016,Jasper,9,2016-01-30,2016-12-31,8,47,4
48241,2017,Jasper,13,2017-01-11,2017-12-22,7,56,3
48241,2018,Jasper,8,2018-02-10,2018-12-25,7,32,0
48241,2019,Jasper,6,2019-01-06,2019-12-29,4,20,0
48241,2020,Jasper,6,2020-01-14,2020-04-10,6,24,0
48241,2021,Jasper,4,2021-10-12,2022-01-01,9,22,9
48241,2022,Jasper,11,2022-05-08,2022-12-11,15,75,5
48241,2023,Jasper,19,2023-01-01,2023-11-10,22,124,12
48241,2024,Jasper,7,2024-02-26,2024-12-18,5,24,4
48241,2025,Jasper,5,2025-02-03,2025-12-29,9,31,9
48243,2015,Jeff Davis,9,2015-02-06,2015-12-12,10,45,0
48243,2016,Jeff Davis,16,2016-01-30,2016-12-29,9,81,0
48243,2017,Jeff Davis,17,2017-01-09,2017-12-31,10,76,0
48243,2018,Jeff Davis,12,2018-01-06,2018-08-29,9,58,0
48243,2019,Jeff Davis,8,2019-03-01,2019-08-27,14,41,0
48243,2020,Jeff Davis,16,2020-01-14,2020-12-30,12,91,0
48243,2021,Jeff Davis,10,2021-02-09,2021-12-28,8,51,0
48243,2022,Jeff Davis,7,2022-01-07,2022-08-06,11,39,0
48243,2023,Jeff Davis,13,2023-01-09,2023-11-09,16,91,0
48243,2024,Jeff Davis,16,2024-02-25,2024-12-24,9,74,0
48243,2025,Jeff Davis,15,2025-01-02,2025-12-29,13,73,0
48245,2015,Jefferson,13,2015-01-27,2015-12-27,11,56,0
48245,2016,Jefferson,9,2016-01-30,2016-12-29,9,50,0
48245,2017,Jefferson,13,2017-01-11,2017-12-22,12,65,0
48245,2018,Jefferson,11,2018-02-15,2018-12-02,13,63,0
48245,2019,Jefferson,11,2019-01-07,2019-12-29,8,45,0
48245,2020,Jefferson,6,2020-01-14,2020-11-14,8,28,0
48245,2021,Jefferson,8,2021-03-12,2022-01-02,10,37,0
48245,2022,Jefferson,6,2022-05-03,2022-12-11,19,62,0
48245,2023,Jefferson,12,2023-01-03,2023-11-09,47,136,0
48245,2024,Jefferson,14,2024-02-09,2024-12-18,8,59,0
48245,2025,Jefferson,9,2025-02-03,2025-12-29,10,55,0
48247,2015,Jim Hogg,2,2015-10-12,2015-12-27,5,9,9
48247,2016,Jim Hogg,5,2016-01-31,2016-12-28,4,17,17
48247,2017,Jim Hogg,6,2017-01-11,2017-11-07,5,22,22
48247,2018,Jim Hogg,2,2018-07-21,2018-08-29,4,7,7
48247,2019,Jim Hogg,4,2019-06-07,2019-12-16,9,19,19
48247,2020,Jim Hogg,4,2020-03-24,2020-10-12,6,18,18
48247,2021,Jim Hogg,5,2021-09-19,2022-01-01,9,21,21
48247,2022,Jim Hogg,5,2022-05-14,2022-12-09,10,29,29
48247,2023,Jim Hogg,9,2023-01-01,2023-09-30,21,85,85
48247,2024,Jim Hogg,9,2024-05-21,2024-12-31,8,36,36
48247,2025,Jim Hogg,7,2025-02-02,2025-12-28,9,42,42
48249,2015,Jim Wells,6,2015-01-27,2015-12-27,5,22,0
48249,2016,Jim Wells,9,2016-01-30,2016-12-29,8,42,0
48249,2017,Jim Wells,13,2017-01-10,2017-12-05,11,59,0
48249,2018,Jim Wells,7,2018-02-16,2018-11-08,18,40,0
48249,2019,Jim Wells,12,2019-01-06,2019-12-16,10,51,0
48249,2020,Jim Wells,12,2020-01-14,2020-12-30,6,50,0
48249,2021,Jim Wells,8,2021-04-08,2022-01-02,10,32,0
48249,2022,Jim Wells,11,2022-03-26,2023-01-08,13,61,0
48249,2023,Jim Wells,15,2023-01-16,2023-11-09,22,127,0
48249,2024,Jim Wells,13,2024-05-13,2024-12-31,9,66,0
48249,2025,Jim Wells,13,2025-02-02,2025-12-28,10,64,0
48251,2015,Johnson,8,2015-01-27,2015-12-27,6,31,0
48251,2016,Johnson,7,2016-01-29,2016-12-29,7,29,0
48251,2017,Johnson,6,2017-01-10,2017-12-04,6,23,0
48251,2018,Johnson,6,2018-03-24,2018-07-24,9,35,0
48251,2019,Johnson,4,2019-01-06,2019-10-07,15,26,0
48251,2020,Johnson,6,2020-03-11,2020-12-11,4,19,0
48251,2021,Johnson,4,2021-10-08,2022-01-01,9,22,0
48251,2022,Johnson,12,2022-03-03,2022-12-10,18,81,0
48251,2023,Johnson,13,2023-01-01,2023-11-09,16,61,0
48251,2024,Johnson,6,2024-01-30,2024-12-18,9,31,0
48251,2025,Johnson,9,2025-02-02,2025-12-28,7,36,0
48253,2015,Jones,9,2015-01-27,2015-12-25,5,36,0
48253,2016,Jones,6,2016-02-19,2016-12-29,8,25,0
48253,2017,Jones,7,2017-01-10,2017-09-23,8,30,0
48253,2018,Jones,4,2018-05-26,2018-12-01,9,21,0
48253,2019,Jones,6,2019-01-06,2019-12-26,6,23,0
48253,2020,Jones,7,2020-05-02,2020-10-23,6,30,0
48253,2021,Jones,8,2021-04-26,2021-12-31,8,40,0
48253,2022,Jones,10,2022-03-04,2022-09-26,14,64,0
48253,2023,Jones,15,2023-01-01,2023-11-09,11,73,0
48253,2024,Jones,10,2024-01-31,2024-10-31,14,56,0
48253,2025,Jones,9,2025-02-02,2025-12-29,8,39,0
48255,2015,Karnes,5,2015-02-09,2015-12-27,6,22,22
48255,2016,Karnes,6,2016-01-31,2016-12-28,8,29,29
48255,2017,Karnes,9,2017-01-10,2017-12-05,6,36,36
48255,2018,Karnes,4,2018-03-17,2018-07-24,15,29,29
48255,2019,Karnes,6,2019-04-09,2019-12-16,8,28,28
48255,2020,Karnes,8,2020-03-24,2020-12-30,6,32,32
48255,2021,Karnes,6,2021-09-19,2022-01-01,10,25,25
48255,2022,Karnes,9,2022-03-26,2022-12-10,15,64,64
48255,2023,Karnes,15,2023-01-01,2023-10-22,23,113,113
48255,2024,Karnes,11,2024-02-25,2024-12-31,10,58,58
48255,2025,Karnes,15,2025-02-02,2025-12-28,10,78,78
48257,2015,Kaufman,10,2015-01-17,2015-12-27,7,39,0
48257,2016,Kaufman,6,2016-01-29,2016-12-28,6,25,0
48257,2017,Kaufman,9,2017-01-10,2017-12-04,4,29,0
48257,2018,Kaufman,8,2018-03-16,2018-10-30,12,56,0
48257,2019,Kaufman,4,2019-02-04,2019-10-06,14,26,0
48257,2020,Kaufman,6,2020-03-10,2020-12-23,6,22,0
48257,2021,Kaufman,7,2021-10-07,2022-01-01,10,34,0
48257,2022,Kaufman,10,2022-03-25,2023-01-03,18,74,0
48257,2023,Kaufman,9,2023-01-15,2023-11-08,10,48,0
48257,2024,Kaufman,7,2024-02-20,2024-12-17,9,33,0
48257,2025,Kaufman,10,2025-02-02,2025-12-28,9,50,0
48259,2015,Kendall,7,2015-01-28,2015-12-25,8,33,0
48259,2016,Kendall,8,2016-01-31,2016-12-29,5,32,0
48259,2017,Kendall,8,2017-01-01,2017-12-03,6,32,0
48259,2018,Kendall,9,2018-03-17,2018-12-02,21,60,0
48259,2019,Kendall,7,2019-01-06,2019-12-26,25,58,0
48259,2020,Kendall,16,2020-01-08,2020-12-30,5,61,4
48259,2021,Kendall,10,2021-03-15,2022-01-02,11,47,0
48259,2022,Kendall,13,2022-01-18,2023-01-12,45,157,0
48259,2023,Kendall,10,2023-01-16,2023-10-29,45,139,0
48259,2024,Kendall,15,2024-02-25,2024-12-31,16,100,0
48259,2025,Kendall,17,2025-02-01,2025-12-28,19,113,0
48261,2015,Kenedy,7,2015-01-28,2015-12-28,6,30,2
48261,2016,Kenedy,21,2016-01-31,2016-12-30,10,89,0
48261,2017,Kenedy,18,2017-01-02,2017-12-05,11,81,14
48261,2018,Kenedy,5,2018-03-17,2018-08-24,19,37,37
48261,2019,Kenedy,7,2019-04-09,2019-12-16,11,36,36
48261,2020,Kenedy,10,2020-03-24,2020-12-31,6,42,30
48261,2021,Kenedy,15,2021-01-05,2022-01-02,15,83,5
48261,2022,Kenedy,12,2022-03-04,2022-12-14,14,76,2
48261,2023,Kenedy,19,2023-01-01,2023-11-10,26,162,0
48261,2024,Kenedy,20,2024-02-21,2024-12-31,16,108,5
48261,2025,Kenedy,22,2025-02-03,2025-12-29,14,122,6
48263,2015,Kent,9,2015-01-27,2015-12-13,6,34,0
48263,2016,Kent,7,2016-02-18,2016-12-27,7,30,0
48263,2017,Kent,11,2017-01-10,2017-11-29,11,50,0
48263,2018,Kent,9,2018-05-07,2018-12-01,10,50,0
48263,2019,Kent,10,2019-01-06,2019-12-27,8,50,0
48263,2020,Kent,10,2020-05-01,2020-12-11,10,48,0
48263,2021,Kent,10,2021-04-26,2021-12-31,5,38,0
48263,2022,Kent,16,2022-01-13,2022-11-11,17,97,0
48263,2023,Kent,18,2023-01-01,2023-11-09,11,76,0
48263,2024,Kent,12,2024-03-02,2024-10-31,14,56,0
48263,2025,Kent,9,2025-02-02,2025-12-29,8,41,0
48265,2015,Kerr,9,2015-01-19,2015-12-27,7,39,0
48265,2016,Kerr,9,2016-01-30,2016-12-29,8,39,0
48265,2017,Kerr,10,2017-01-11,2017-12-04,9,44,0
48265,2018,Kerr,5,2018-03-17,2018-07-25,15,32,0
48265,2019,Kerr,8,2019-04-09,2019-12-26,16,43,0
48265,2020,Kerr,14,2020-01-05,2020-12-11,7,51,0
48265,2021,Kerr,7,2021-04-07,2022-01-01,6,29,0
48265,2022,Kerr,11,2022-03-26,2022-10-16,17,74,0
48265,2023,Kerr,16,2023-01-01,2023-10-22,23,113,0
48265,2024,Kerr,11,2024-02-21,2024-12-31,12,71,0
48265,2025,Kerr,13,2025-02-02,2025-12-28,10,73,0
48267,2015,Kimble,8,2015-01-27,2015-12-26,10,39,0
48267,2016,Kimble,12,2016-01-30,2016-12-28,9,56,0
48267,2017,Kimble,10,2017-01-10,2017-12-22,9,49,0
48267,2018,Kimble,10,2018-03-17,2018-12-01,14,49,0
48267,2019,Kimble,12,2019-01-06,2019-12-25,10,62,0
48267,2020,Kimble,13,2020-01-05,2020-12-10,9,58,0
48267,2021,Kimble,9,2021-09-05,2022-01-01,11,41,0
48267,2022,Kimble,11,2022-01-17,2022-10-15,16,72,0
48267,2023,Kimble,13,2023-01-01,2023-10-22,23,100,0
48267,2024,Kimble,14,2024-02-20,2024-12-31,8,69,0
48267,2025,Kimble,11,2025-02-02,2025-12-28,9,60,0
48269,2015,King,8,2015-01-27,2015-12-13,5,28,0
48269,2016,King,5,2016-01-29,2016-12-27,4,17,0
48269,2017,King,7,2017-01-10,2017-12-05,6,27,0
48269,2018,King,4,2018-05-07,2018-07-23,9,22,0
48269,2019,King,5,2019-01-06,2019-12-27,5,19,0
48269,2020,King,9,2020-02-02,2020-12-11,7,38,0
48269,2021,King,7,2021-09-11,2021-12-31,5,27,0
48269,2022,King,13,2022-01-13,2022-09-20,10,63,0
48269,2023,King,13,2023-01-01,2023-11-09,10,57,0
48269,2024,King,10,2024-03-02,2024-10-31,14,54,0
48269,2025,King,8,2025-02-02,2025-12-29,7,31,0
48271,2015,Kinney,2,2015-10-12,2015-12-26,4,7,0
48271,2016,Kinney,3,2016-01-31,2016-12-28,4,10,0
48271,2017,Kinney,6,2017-01-01,2017-09-18,6,23,0
48271,2018,Kinney,5,2018-03-17,2018-07-25,7,27,0
48271,2019,Kinney,4,2019-04-09,2019-12-16,6,15,0
48271,2020,Kinney,5,2020-05-18,2020-10-12,6,18,8
48271,2021,Kinney,3,2021-12-09,2022-01-01,10,15,6
48271,2022,Kinney,9,2022-03-26,2022-08-05,8,42,38
48271,2023,Kinney,12,2023-01-01,2023-10-22,22,89,89
48271,2024,Kinney,8,2024-02-25,2024-12-31,9,45,45
48271,2025,Kinney,9,2025-02-02,2025-12-28,9,47,47
48273,2015,Kleberg,5,2015-08-13,2015-12-27,6,22,0
48273,2016,Kleberg,10,2016-03-01,2016-12-28,9,46,0
48273,2017,Kleberg,17,2017-01-10,2017-12-22,13,73,0
48273,2018,Kleberg,9,2018-02-16,2018-11-08,19,51,0
48273,2019,Kleberg,9,2019-04-09,2019-12-16,11,44,0
48273,2020,Kleberg,12,2020-01-14,2020-12-30,7,54,0
48273,2021,Kleberg,11,2021-01-25,2022-01-02,11,46,0
48273,2022,Kleberg,13,2022-03-25,2023-01-08,15,68,0
48273,2023,Kleberg,14,2023-01-16,2023-11-09,29,153,0
48273,2024,Kleberg,12,2024-02-25,2024-12-31,16,67,0
48273,2025,Kleberg,11,2025-01-05,2025-12-28,10,55,0
48275,2015,Knox,6,2015-02-06,2015-12-13,5,25,5
48275,2016,Knox,6,2016-01-29,2016-12-23,5,22,0
48275,2017,Knox,8,2017-01-10,2017-12-12,6,29,17
48275,2018,Knox,9,2018-02-18,2018-08-31,10,39,5
48275,2019,Knox,7,2019-01-06,2019-12-27,4,24,4
48275,2020,Knox,10,2020-01-14,2020-12-30,7,40,5
48275,2021,Knox,5,2021-10-08,2022-01-01,9,24,0
48275,2022,Knox,16,2022-01-13,2022-11-11,10,82,1
48275,2023,Knox,13,2023-01-01,2023-11-09,11,57,0
48275,2024,Knox,11,2024-02-26,2025-01-01,15,57,0
48275,2025,Knox,9,2025-02-02,2025-12-28,8,44,0
48277,2015,Lamar,7,2015-01-18,2015-12-27,6,33,0
48277,2016,Lamar,7,2016-01-29,2016-12-29,7,29,0
48277,2017,Lamar,7,2017-01-10,2017-12-04,4,23,0
48277,2018,Lamar,4,2018-05-07,2018-09-21,11,27,0
48277,2019,Lamar,5,2019-01-06,2019-12-28,5,20,0
48277,2020,Lamar,5,2020-03-11,2020-12-11,4,16,0
48277,2021,Lamar,7,2021-06-16,2022-01-01,9,32,0
48277,2022,Lamar,13,2022-03-02,2023-01-03,14,69,0
48277,2023,Lamar,9,2023-01-16,2023-11-08,5,34,0
48277,2024,Lamar,13,2024-01-30,2024-12-18,6,51,0
48277,2025,Lamar,7,2025-02-02,2025-12-28,8,40,0
48279,2015,Lamb,8,2015-01-27,2015-12-12,5,26,0
48279,2016,Lamb,6,2016-02-18,2016-11-18,5,24,0
48279,2017,Lamb,7,2017-02-06,2017-11-07,8,32,0
48279,2018,Lamb,5,2018-05-08,2018-12-01,8,26,0
48279,2019,Lamb,8,2019-01-05,2019-12-25,6,28,0
48279,2020,Lamb,10,2020-02-02,2020-12-11,11,47,0
48279,2021,Lamb,9,2021-06-09,2021-12-27,6,36,0
48279,2022,Lamb,10,2022-01-13,2022-08-07,7,43,0
48279,2023,Lamb,12,2023-01-01,2023-11-09,10,50,0
48279,2024,Lamb,12,2024-02-01,2024-10-30,12,47,0
48279,2025,Lamb,9,2025-02-02,2025-12-28,7,36,0
48281,2015,Lampasas,6,2015-01-27,2015-12-26,6,28,28
48281,2016,Lampasas,8,2016-01-29,2016-12-29,7,32,32
48281,2017,Lampasas,8,2017-01-10,2017-11-06,7,31,31
48281,2018,Lampasas,9,2018-03-24,2018-07-26,10,49,49
48281,2019,Lampasas,8,2019-01-06,2019-10-03,11,35,35
48281,2020,Lampasas,7,2020-01-14,2020-10-12,7,27,27
48281,2021,Lampasas,7,2021-09-18,2022-01-01,10,34,34
48281,2022,Lampasas,15,2022-03-04,2023-01-02,16,86,12
48281,2023,Lampasas,16,2023-01-09,2023-10-22,19,104,5
48281,2024,Lampasas,14,2024-01-29,2024-12-30,10,66,51
48281,2025,Lampasas,12,2025-02-02,2025-12-28,9,62,36
48283,2015,La Salle,6,2015-02-08,2015-12-27,8,26,0
48283,2016,La Salle,12,2016-01-30,2016-12-28,14,61,0
48283,2017,La Salle,15,2017-01-01,2017-12-04,7,59,0
48283,2018,La Salle,6,2018-03-16,2018-07-24,10,26,0
48283,2019,La Salle,10,2019-05-22,2019-12-16,18,61,0
48283,2020,La Salle,14,2020-01-14,2020-12-30,7,65,0
48283,2021,La Salle,16,2021-01-24,2022-01-01,11,74,0
48283,2022,La Salle,16,2022-03-04,2023-01-11,25,116,0
48283,2023,La Salle,14,2023-01-15,2023-10-29,23,133,1
48283,2024,La Salle,17,2024-02-20,2024-12-31,11,79,0
48283,2025,La Salle,15,2025-02-01,2025-12-28,15,85,0
48285,2015,Lavaca,7,2015-02-09,2015-12-27,11,36,0
48285,2016,Lavaca,8,2016-01-30,2016-12-28,11,46,0
48285,2017,Lavaca,19,2017-01-01,2017-12-22,8,76,0
48285,2018,Lavaca,11,2018-02-27,2018-12-27,21,67,0
48285,2019,Lavaca,11,2019-01-05,2019-10-06,14,64,0
48285,2020,Lavaca,18,2020-01-14,2020-12-30,7,73,0
48285,2021,Lavaca,9,2021-04-11,2022-01-01,10,39,0
48285,2022,Lavaca,17,2022-03-04,2023-01-07,17,111,0
48285,2023,Lavaca,13,2023-01-15,2023-10-21,26,139,0
48285,2024,Lavaca,15,2024-02-24,2024-12-30,19,90,0
48285,2025,Lavaca,18,2025-02-02,2025-12-28,11,89,1
48287,2015,Lee,5,2015-02-09,2015-12-27,7,27,0
48287,2016,Lee,7,2016-01-30,2016-12-29,5,27,0
48287,2017,Lee,9,2017-01-10,2017-11-07,6,37,0
48287,2018,Lee,5,2018-05-15,2018-08-18,9,27,0
48287,2019,Lee,7,2019-04-09,2019-10-06,19,55,0
48287,2020,Lee,16,2020-01-06,2020-12-30,9,70,0
48287,2021,Lee,2,2021-12-15,2022-01-01,10,12,0
48287,2022,Lee,12,2022-03-04,2023-01-02,22,97,0
48287,2023,Lee,13,2023-02-20,2023-10-23,18,102,0
48287,2024,Lee,8,2024-03-03,2024-12-30,11,44,4
48287,2025,Lee,13,2025-02-02,2025-12-28,9,64,0
48289,2015,Leon,6,2015-02-10,2015-12-28,7,29,0
48289,2016,Leon,7,2016-01-30,2016-12-27,5,26,0
48289,2017,Leon,10,2017-01-11,2017-12-01,5,37,0
48289,2018,Leon,4,2018-03-27,2018-07-24,7,20,0
48289,2019,Leon,3,2019-09-07,2019-10-12,7,18,0
48289,2020,Leon,7,2020-01-07,2020-11-15,7,32,0
48289,2021,Leon,3,2021-04-12,2022-01-03,11,17,1
48289,2022,Leon,14,2022-03-27,2022-12-15,8,60,4
48289,2023,Leon,15,2023-01-16,2023-10-02,17,82,1
48289,2024,Leon,6,2024-01-31,2024-12-31,12,40,0
48289,2025,Leon,13,2025-02-02,2025-12-29,10,62,1
48291,2015,Liberty,7,2015-02-09,2015-12-27,9,41,0
48291,2016,Liberty,13,2016-01-30,2016-12-29,10,71,0
48291,2017,Liberty,10,2017-01-11,2017-12-22,7,42,0
48291,2018,Liberty,8,2018-02-18,2018-09-19,20,53,0
48291,2019,Liberty,6,2019-06-02,2019-12-28,13,35,0
48291,2020,Liberty,12,2020-01-15,2020-12-30,6,49,0
48291,2021,Liberty,7,2021-04-11,2022-01-02,10,33,0
48291,2022,Liberty,12,2022-02-21,2023-01-04,16,83,0
48291,2023,Liberty,14,2023-01-09,2023-11-09,51,145,0
48291,2024,Liberty,11,2024-02-24,2024-12-18,9,55,0
48291,2025,Liberty,15,2025-02-01,2025-12-28,10,86,1
48293,2015,Limestone,6,2015-01-27,2015-12-27,6,26,26
48293,2016,Limestone,6,2016-01-30,2016-12-29,6,25,25
48293,2017,Limestone,5,2017-01-10,2017-11-06,7,22,22
48293,2018,Limestone,7,2018-03-24,2018-07-24,9,42,42
48293,2019,Limestone,4,2019-02-04,2019-09-30,7,17,17
48293,2020,Limestone,4,2020-03-24,2020-11-21,4,13,13
48293,2021,Limestone,6,2021-10-08,2022-01-01,10,28,28
48293,2022,Limestone,14,2022-03-26,2023-01-03,15,85,12
48293,2023,Limestone,14,2023-01-15,2023-11-08,16,81,0
48293,2024,Limestone,8,2024-02-20,2024-12-17,9,37,0
48293,2025,Limestone,6,2025-02-02,2025-12-28,7,32,2
48295,2015,Lipscomb,7,2015-01-27,2015-12-12,4,25,0
48295,2016,Lipscomb,8,2016-01-29,2016-11-17,10,35,0
48295,2017,Lipscomb,10,2017-02-05,2017-12-04,5,38,1
48295,2018,Lipscomb,6,2018-01-19,2018-07-22,9,28,0
48295,2019,Lipscomb,4,2019-01-05,2019-12-26,5,16,0
48295,2020,Lipscomb,9,2020-03-25,2020-11-20,7,35,0
48295,2021,Lipscomb,8,2021-04-04,2021-12-27,7,37,0
48295,2022,Lipscomb,14,2022-01-11,2022-10-23,6,55,0
48295,2023,Lipscomb,12,2023-01-09,2023-11-08,6,46,0
48295,2024,Lipscomb,12,2024-01-29,2024-10-30,9,49,0
48295,2025,Lipscomb,9,2025-02-02,2025-12-28,8,39,0
48297,2015,Live Oak,4,2015-01-27,2015-12-27,6,17,0
48297,2016,Live Oak,7,2016-01-30,2016-12-29,5,28,0
48297,2017,Live Oak,13,2017-01-10,2017-12-05,7,51,0
48297,2018,Live Oak,3,2018-03-17,2018-06-08,9,15,0
48297,2019,Live Oak,5,2019-06-07,2019-12-16,9,21,0
48297,2020,Live Oak,9,2020-01-14,2020-12-30,5,34,0
48297,2021,Live Oak,6,2021-04-07,2022-01-02,11,28,0
48297,2022,Live Oak,10,2022-03-26,2023-01-07,15,63,0
48297,2023,Live Oak,14,2023-01-16,2023-11-09,19,109,0
48297,2024,Live Oak,14,2024-02-25,2024-12-31,13,85,0
48297,2025,Live Oak,21,2025-02-02,2025-12-29,14,127,0
48299,2015,Llano,7,2015-01-27,2015-12-27,7,34,0
48299,2016,Llano,9,2016-01-29,2016-12-29,7,39,0
48299,2017,Llano,7,2017-01-10,2017-11-06,6,28,0
48299,2018,Llano,9,2018-03-16,2018-12-01,10,45,0
48299,2019,Llano,7,2019-01-05,2019-10-06,19,40,0
48299,2020,Llano,9,2020-01-14,2020-10-12,5,34,0
48299,2021,Llano,6,2021-09-18,2022-01-01,11,28,0
48299,2022,Llano,13,2022-03-26,2023-01-03,16,79,0
48299,2023,Llano,14,2023-01-10,2023-10-22,24,109,0
48299,2024,Llano,9,2024-02-20,2024-12-30,8,47,0
48299,2025,Llano,14,2025-02-01,2025-12-28,9,72,0
48301,2015,Loving,8,2015-01-27,2015-12-25,10,37,37
48301,2016,Loving,10,2016-01-29,2016-12-28,10,47,47
48301,2017,Loving,9,2017-01-10,2017-12-04,8,42,42
48301,2018,Loving,7,2018-03-22,2018-08-29,8,37,37
48301,2019,Loving,8,2019-02-03,2019-09-27,8,32,32
48301,2020,Loving,13,2020-01-13,2020-12-11,10,57,57
48301,2021,Loving,10,2021-06-09,2021-12-30,9,47,47
48301,2022,Loving,10,2022-03-26,2022-12-07,14,52,52
48301,2023,Loving,13,2023-01-09,2023-11-08,15,83,83
48301,2024,Loving,16,2024-02-20,2024-12-30,15,74,74
48301,2025,Loving,11,2025-02-01,2025-12-28,12,53,53
48303,2015,Lubbock,6,2015-01-26,2015-12-12,6,24,0
48303,2016,Lubbock,6,2016-02-17,2016-11-17,4,23,0
48303,2017,Lubbock,6,2017-02-05,2017-09-21,6,26,0
48303,2018,Lubbock,5,2018-05-07,2018-11-30,8,27,0
48303,2019,Lubbock,7,2019-01-04,2019-12-25,6,28,0
48303,2020,Lubbock,11,2020-02-01,2020-12-10,11,51,0
48303,2021,Lubbock,7,2021-04-25,2021-12-26,6,27,0
48303,2022,Lubbock,11,2022-01-12,2023-01-02,5,39,0
48303,2023,Lubbock,13,2023-01-09,2023-11-08,11,64,0
48303,2024,Lubbock,14,2024-02-25,2024-10-30,12,57,0
48303,2025,Lubbock,9,2025-02-01,2025-12-27,9,41,0
48305,2015,Lynn,8,2015-01-27,2015-12-13,6,31,0
48305,2016,Lynn,8,2016-01-29,2016-11-18,7,33,0
48305,2017,Lynn,6,2017-01-10,2017-12-22,9,29,0
48305,2018,Lynn,8,2018-05-08,2018-12-01,9,41,0
48305,2019,Lynn,8,2019-01-06,2019-12-26,6,33,0
48305,2020,Lynn,9,2020-05-01,2020-12-11,10,43,0
48305,2021,Lynn,6,2021-06-10,2021-12-27,6,25,0
48305,2022,Lynn,8,2022-03-26,2022-08-05,15,42,0
48305,2023,Lynn,11,2023-01-01,2023-11-09,10,53,0
48305,2024,Lynn,10,2024-04-14,2024-10-31,15,48,0
48305,2025,Lynn,7,2025-02-02,2025-12-28,8,30,0
48307,2015,McCulloch,6,2015-02-07,2015-12-25,8,29,0
48307,2016,McCulloch,5,2016-01-30,2016-11-02,5,17,0
48307,2017,McCulloch,5,2017-02-05,2017-11-06,6,20,0
48307,2018,McCulloch,4,2018-05-29,2018-07-23,6,18,0
48307,2019,McCulloch,3,2019-02-03,2019-12-25,5,12,0
48307,2020,McCulloch,5,2020-05-01,2020-08-31,4,17,0
48307,2021,McCulloch,4,2021-11-15,2022-01-01,11,21,0
48307,2022,McCulloch,8,2022-03-25,2023-01-02,15,38,0
48307,2023,McCulloch,11,2023-01-09,2023-09-25,10,51,0
48307,2024,McCulloch,13,2024-02-20,2024-12-31,8,56,1
48307,2025,McCulloch,12,2025-02-02,2025-12-28,8,62,13
48309,2015,McLennan,7,2015-01-17,2015-12-26,8,37,0
48309,2016,McLennan,11,2016-01-29,2017-01-02,8,47,0
48309,2017,McLennan,9,2017-01-10,2017-11-18,7,37,0
48309,2018,McLennan,9,2018-03-16,2018-12-01,23,70,0
48309,2019,McLennan,7,2019-01-06,2019-11-21,17,39,0
48309,2020,McLennan,11,2020-03-11,2020-12-23,6,46,0
48309,2021,McLennan,8,2021-03-10,2022-01-01,11,40,0
48309,2022,McLennan,17,2022-03-03,2023-01-04,22,132,0
48309,2023,McLennan,16,2023-01-09,2023-10-22,19,110,0
48309,2024,McLennan,16,2024-01-29,2024-12-17,9,78,0
48309,2025,McLennan,10,2025-02-01,2025-12-28,10,54,0
48311,2015,McMullen,2,2015-02-09,2015-10-16,5,8,0
48311,2016,McMullen,7,2016-02-19,2016-12-29,6,30,1
48311,2017,McMullen,15,2017-01-02,2017-12-05,9,62,0
48311,2018,McMullen,8,2018-03-17,2018-08-31,9,40,0
48311,2019,McMullen,7,2019-06-07,2019-12-16,9,37,0
48311,2020,McMullen,5,2020-01-15,2020-12-30,4,16,0
48311,2021,McMullen,5,2021-09-18,2022-01-02,11,27,0
48311,2022,McMullen,9,2022-03-05,2022-12-10,12,59,0
48311,2023,McMullen,13,2023-01-01,2023-10-30,19,89,0
48311,2024,McMullen,10,2024-02-26,2024-12-31,12,54,0
48311,2025,McMullen,15,2025-02-03,2025-12-29,11,71,0
48313,2015,Madison,4,2015-08-11,2015-12-28,6,18,0
48313,2016,Madison,5,2016-01-31,2016-12-29,5,17,1
48313,2017,Madison,4,2017-01-11,2017-11-07,5,16,0
48313,2018,Madison,3,2018-03-27,2018-11-09,5,11,0
48313,2019,Madison,4,2019-02-05,2019-10-07,9,21,1
48313,2020,Madison,6,2020-01-15,2020-11-27,4,19,0
48313,2021,Madison,3,2021-12-10,2022-01-02,10,16,3
48313,2022,Madison,10,2022-01-14,2022-12-10,12,58,10
48313,2023,Madison,8,2023-01-01,2023-10-02,16,53,7
48313,2024,Madison,7,2024-02-26,2024-12-18,9,32,5
48313,2025,Madison,6,2025-02-03,2025-12-29,9,38,4
48315,2015,Marion,9,2015-01-28,2015-12-28,9,50,11
48315,2016,Marion,7,2016-01-30,2016-12-29,8,36,0
48315,2017,Marion,10,2017-01-11,2017-12-23,7,42,4
48315,2018,Marion,7,2018-05-07,2018-09-21,10,41,0
48315,2019,Marion,4,2019-02-04,2019-12-28,13,27,4
48315,2020,Marion,3,2020-03-11,2020-12-24,4,11,0
48315,2021,Marion,7,2021-04-12,2022-01-02,10,31,0
48315,2022,Marion,10,2022-03-03,2022-12-09,16,70,1
48315,2023,Marion,9,2023-01-02,2023-11-08,11,40,1
48315,2024,Marion,7,2024-02-21,2024-12-18,9,31,3
48315,2025,Marion,5,2025-02-05,2025-12-29,9,29,2
48317,2015,Martin,9,2015-01-27,2015-12-26,6,39,39
48317,2016,Martin,11,2016-01-29,2016-12-28,10,48,48
48317,2017,Martin,9,2017-01-10,2017-12-04,10,45,45
48317,2018,Martin,7,2018-03-22,2018-08-29,11,40,40
48317,2019,Martin,10,2019-01-05,2019-12-26,7,38,38
48317,2020,Martin,13,2020-01-13,2020-12-11,10,56,56
48317,2021,Martin,10,2021-06-10,2021-12-30,9,44,44
48317,2022,Martin,13,2022-03-03,2022-12-07,14,69,69
48317,2023,Martin,15,2023-01-09,2023-11-08,15,90,90
48317,2024,Martin,16,2024-02-20,2024-12-30,14,74,74
48317,2025,Martin,12,2025-02-01,2025-12-28,12,61,61
48319,2015,Mason,10,2015-01-27,2015-12-26,9,48,0
48319,2016,Mason,12,2016-01-30,2016-12-28,7,53,1
48319,2017,Mason,9,2017-01-10,2017-11-07,9,40,0
48319,2018,Mason,9,2018-03-17,2018-12-01,15,51,0
48319,2019,Mason,10,2019-01-05,2019-12-25,15,46,0
48319,2020,Mason,11,2020-03-25,2020-12-29,10,54,0
48319,2021,Mason,8,2021-09-03,2022-01-01,11,43,0
48319,2022,Mason,12,2022-03-26,2022-12-09,20,112,0
48319,2023,Mason,13,2023-01-01,2023-10-22,65,117,0
48319,2024,Mason,15,2024-02-20,2024-12-31,10,78,0
48319,2025,Mason,14,2025-02-01,2025-12-28,10,80,0
48321,2015,Matagorda,10,2015-01-27,2015-12-27,9,46,0
48321,2016,Matagorda,12,2016-02-19,2016-12-29,8,58,0
48321,2017,Matagorda,15,2017-01-01,2017-12-22,12,73,0
48321,2018,Matagorda,12,2018-02-15,2018-11-08,23,83,0
48321,2019,Matagorda,13,2019-02-05,2019-12-28,16,73,0
48321,2020,Matagorda,19,2020-01-09,2020-12-30,10,86,0
48321,2021,Matagorda,7,2021-02-26,2022-01-02,10,31,0
48321,2022,Matagorda,14,2022-03-03,2023-01-08,22,111,0
48321,2023,Matagorda,13,2023-01-15,2023-10-22,44,145,0
48321,2024,Matagorda,18,2024-03-04,2024-12-31,12,95,0
48321,2025,Matagorda,13,2025-02-02,2025-12-28,10,79,0
48323,2016,Maverick,6,2016-01-31,2016-11-18,4,19,0
48323,2017,Maverick,7,2017-01-02,2017-09-21,6,27,0
48323,2018,Maverick,4,2018-05-17,2018-07-24,6,16,4
48323,2019,Maverick,1,2019-12-14,2019-12-16,3,3,3
48323,2020,Maverick,3,2020-07-12,2020-12-29,3,9,9
48323,2021,Maverick,3,2021-12-02,2022-01-01,10,15,15
48323,2022,Maverick,4,2022-05-07,2022-07-12,6,18,18
48323,2023,Maverick,10,2023-01-01,2023-09-25,11,47,47
48323,2024,Maverick,8,2024-02-25,2024-12-31,9,36,36
48323,2025,Maverick,5,2025-02-02,2025-12-28,9,31,31
48325,2015,Medina,8,2015-02-09,2015-12-24,7,38,0
48325,2016,Medina,9,2016-01-30,2016-12-29,8,42,0
48325,2017,Medina,17,2017-01-01,2017-12-04,14,88,0
48325,2018,Medina,8,2018-03-17,2018-08-29,18,51,0
48325,2019,Medina,7,2019-01-05,2019-12-16,24,50,0
48325,2020,Medina,15,2020-01-09,2020-12-29,9,67,0
48325,2021,Medina,11,2021-04-06,2022-01-01,6,47,0
48325,2022,Medina,18,2022-03-04,2023-01-11,27,115,0
48325,2023,Medina,14,2023-01-15,2023-10-28,23,124,0
48325,2024,Medina,11,2024-02-25,2024-12-30,12,67,0
48325,2025,Medina,17,2025-01-31,2025-12-28,9,94,2
48327,2015,Menard,7,2015-02-09,2015-12-27,10,33,0
48327,2016,Menard,10,2016-01-30,2016-12-29,8,41,0
48327,2017,Menard,7,2017-02-06,2017-11-18,6,29,0
48327,2018,Menard,6,2018-05-26,2018-11-08,9,28,0
48327,2019,Menard,7,2019-01-06,2019-12-26,5,24,1
48327,2020,Menard,6,2020-05-02,2020-12-12,7,27,0
48327,2021,Menard,6,2021-09-18,2022-01-02,11,28,2
48327,2022,Menard,9,2022-03-26,2022-12-30,15,52,1
48327,2023,Menard,12,2023-01-09,2023-09-25,15,73,1
48327,2024,Menard,11,2024-02-26,2024-12-31,9,53,0
48327,2025,Menard,10,2025-02-02,2025-12-29,8,43,0
48329,2015,Midland,7,2015-02-07,2015-12-25,10,32,0
48329,2016,Midland,9,2016-01-29,2016-11-17,11,46,0
48329,2017,Midland,8,2017-01-09,2017-11-06,10,46,0
48329,2018,Midland,6,2018-03-22,2018-09-01,11,44,0
48329,2019,Midland,10,2019-02-03,2019-12-25,14,43,0
48329,2020,Midland,10,2020-01-13,2020-11-06,11,48,0
48329,2021,Midland,9,2021-09-17,2021-12-30,9,40,0
48329,2022,Midland,8,2022-03-26,2022-08-05,9,36,0
48329,2023,Midland,10,2023-01-09,2023-11-08,15,77,0
48329,2024,Midland,8,2024-02-20,2024-12-30,12,36,0
48329,2025,Midland,8,2025-02-02,2025-12-28,7,38,0
48331,2015,Milam,6,2015-01-27,2015-12-27,8,30,30
48331,2016,Milam,7,2016-01-29,2016-12-29,8,32,29
48331,2017,Milam,9,2017-01-10,2017-11-18,7,36,28
48331,2018,Milam,7,2018-03-16,2018-07-29,12,52,0
48331,2019,Milam,4,2019-02-04,2019-10-06,18,37,0
48331,2020,Milam,10,2020-03-11,2020-11-21,6,41,0
48331,2021,Milam,6,2021-04-06,2022-01-01,10,25,0
48331,2022,Milam,14,2022-03-26,2023-01-03,19,110,14
48331,2023,Milam,15,2023-01-15,2023-10-23,19,112,7
48331,2024,Milam,11,2024-02-25,2024-12-17,16,61,0
48331,2025,Milam,16,2025-02-01,2025-12-28,10,76,0
48333,2015,Mills,6,2015-02-09,2015-12-27,7,29,0
48333,2016,Mills,4,2016-01-30,2016-11-03,7,19,0
48333,2017,Mills,5,2017-01-11,2017-11-07,7,24,0
48333,2018,Mills,5,2018-03-25,2018-07-30,13,33,1
48333,2019,Mills,6,2019-02-04,2019-10-07,15,32,0
48333,2020,Mills,6,2020-05-03,2020-10-23,5,22,0
48333,2021,Mills,7,2021-10-09,2022-01-02,11,32,0
48333,2022,Mills,13,2022-03-26,2023-01-03,16,75,0
48333,2023,Mills,14,2023-01-10,2023-11-09,16,88,1
48333,2024,Mills,9,2024-02-21,2024-12-31,9,44,0
48333,2025,Mills,12,2025-02-06,2025-12-28,10,60,39
48335,2015,Mitchell,6,2015-01-27,2015-12-24,6,25,25
48335,2016,Mitchell,6,2016-01-30,2016-12-28,7,24,24
48335,2017,Mitchell,9,2017-01-10,2017-11-06,6,35,35
48335,2018,Mitchell,3,2018-03-23,2018-07-23,8,18,18
48335,2019,Mitchell,6,2019-02-03,2019-12-26,6,26,26
48335,2020,Mitchell,5,2020-05-01,2020-10-12,9,28,28
48335,2021,Mitchell,5,2021-10-08,2021-12-31,10,28,28
48335,2022,Mitchell,10,2022-03-26,2022-08-05,14,54,54
48335,2023,Mitchell,11,2023-06-19,2023-11-08,15,66,66
48335,2024,Mitchell,10,2024-02-20,2024-12-30,14,45,45
48335,2025,Mitchell,9,2025-02-02,2025-12-28,9,38,38
48337,2015,Montague,8,2015-01-18,2015-12-27,6,37,0
48337,2016,Montague,6,2016-01-30,2016-12-29,10,30,0
48337,2017,Montague,10,2017-01-10,2017-12-05,8,39,0
48337,2018,Montague,10,2018-03-24,2018-12-01,9,48,0
48337,2019,Montague,5,2019-01-06,2019-12-27,10,25,0
48337,2020,Montague,10,2020-01-08,2020-12-11,5,36,0
48337,2021,Montague,5,2021-10-08,2021-12-31,9,28,0
48337,2022,Montague,11,2022-03-03,2022-10-23,16,74,0
48337,2023,Montague,14,2023-01-01,2023-11-08,12,76,0
48337,2024,Montague,10,2024-01-30,2024-12-17,11,51,0
48337,2025,Montague,7,2025-02-02,2025-12-28,7,31,0
48339,2015,Montgomery,8,2015-01-27,2015-12-27,6,34,0
48339,2016,Montgomery,14,2016-01-29,2016-12-29,8,66,0
48339,2017,Montgomery,12,2017-01-10,2017-12-22,7,50,0
48339,2018,Montgomery,10,2018-02-18,2018-07-30,9,52,0
48339,2019,Montgomery,7,2019-01-06,2019-12-26,9,35,0
48339,2020,Montgomery,15,2020-01-14,2020-12-30,6,63,0
48339,2021,Montgomery,9,2021-01-04,2022-01-01,10,39,0
48339,2022,Montgomery,12,2022-03-26,2023-01-04,23,102,0
48339,2023,Montgomery,12,2023-01-16,2023-11-09,47,130,0
48339,2024,Montgomery,11,2024-02-25,2024-12-17,10,54,0
48339,2025,Montgomery,12,2025-02-02,2025-12-28,20,78,0
48341,2015,Moore,6,2015-01-26,2015-11-05,5,25,0
48341,2016,Moore,9,2016-02-18,2016-11-18,5,36,0
48341,2017,Moore,10,2017-02-05,2017-12-21,6,35,26
48341,2018,Moore,5,2018-05-07,2018-08-29,8,23,0
48341,2019,Moore,7,2019-01-06,2019-12-26,7,28,0
48341,2020,Moore,11,2020-04-28,2020-11-20,8,50,0
48341,2021,Moore,8,2021-04-04,2021-12-27,6,31,0
48341,2022,Moore,12,2022-03-02,2023-01-02,6,46,1
48341,2023,Moore,17,2023-01-09,2023-12-23,13,83,83
48341,2024,Moore,17,2024-01-29,2024-12-30,15,78,78
48341,2025,Moore,9,2025-02-01,2025-12-28,12,51,51
48343,2015,Morris,7,2015-01-18,2015-12-27,6,34,0
48343,2016,Morris,8,2016-01-29,2016-12-28,8,35,0
48343,2017,Morris,6,2017-01-10,2017-11-07,6,27,0
48343,2018,Morris,5,2018-05-17,2018-07-22,7,22,0
48343,2019,Morris,6,2019-01-06,2019-12-28,6,26,0
48343,2020,Morris,2,2020-03-25,2020-10-22,4,7,0
48343,2021,Morris,6,2021-04-11,2022-01-01,10,25,0
48343,2022,Morris,13,2022-03-02,2023-01-03,8,59,2
48343,2023,Morris,7,2023-02-27,2023-11-08,10,40,0
48343,2024,Morris,9,2024-01-30,2024-12-17,8,35,0
48343,2025,Morris,7,2025-02-05,2025-12-28,9,33,0
48345,2015,Motley,6,2015-01-27,2015-12-13,5,21,0
48345,2016,Motley,5,2016-02-19,2016-12-27,4,16,0
48345,2017,Motley,8,2017-02-06,2017-12-05,6,31,0
48345,2018,Motley,7,2018-05-01,2018-12-01,8,34,0
48345,2019,Motley,7,2019-01-05,2019-12-26,7,29,0
48345,2020,Motley,9,2020-05-01,2020-12-11,8,43,0
48345,2021,Motley,6,2021-09-11,2021-12-27,5,23,0
48345,2022,Motley,14,2022-01-13,2022-10-24,10,70,0
48345,2023,Motley,9,2023-01-01,2023-11-09,7,36,0
48345,2024,Motley,12,2024-02-26,2024-10-31,15,60,0
48345,2025,Motley,6,2025-02-02,2025-12-28,6,26,0
48347,2015,Nacogdoches,3,2015-10-12,2015-12-27,6,14,2
48347,2017,Nacogdoches,6,2017-01-10,2017-12-22,5,22,0
48347,2018,Nacogdoches,1,2018-05-15,2018-05-19,5,5,0
48347,2019,Nacogdoches,2,2019-09-06,2019-12-10,8,11,0
48347,2020,Nacogdoches,5,2020-02-02,2020-12-30,5,18,0
48347,2021,Nacogdoches,5,2021-10-08,2022-01-01,10,23,0
48347,2022,Nacogdoches,11,2022-03-26,2022-12-10,18,79,0
48347,2023,Nacogdoches,12,2023-01-01,2023-09-30,22,66,0
48347,2024,Nacogdoches,5,2024-03-03,2024-12-18,8,23,2
48347,2025,Nacogdoches,8,2025-02-02,2025-12-28,11,58,0
48349,2015,Navarro,8,2015-01-27,2015-12-27,6,33,0
48349,2016,Navarro,8,2016-01-29,2016-12-29,7,36,0
48349,2017,Navarro,8,2017-01-10,2017-12-05,6,29,0
48349,2018,Navarro,5,2018-05-16,2018-07-30,14,47,0
48349,2019,Navarro,5,2019-01-06,2019-10-07,17,37,0
48349,2020,Navarro,8,2020-03-12,2020-12-11,4,27,0
48349,2021,Navarro,6,2021-10-08,2022-01-01,10,31,0
48349,2022,Navarro,11,2022-03-03,2022-12-10,18,85,0
48349,2023,Navarro,14,2023-01-01,2023-10-23,17,77,0
48349,2024,Navarro,12,2024-01-30,2024-12-18,10,50,0
48349,2025,Navarro,11,2025-02-02,2025-12-28,9,58,0
48351,2015,Newton,14,2015-01-18,2015-12-27,12,66,0
48351,2016,Newton,11,2016-01-29,2016-12-28,10,60,1
48351,2017,Newton,12,2017-01-10,2017-12-22,9,53,0
48351,2018,Newton,11,2018-02-14,2018-12-02,12,45,0
48351,2019,Newton,6,2019-01-06,2019-12-28,8,27,0
48351,2020,Newton,8,2020-01-14,2020-11-22,5,30,0
48351,2021,Newton,5,2021-03-25,2022-01-01,9,22,0
48351,2022,Newton,13,2022-03-04,2023-01-04,10,69,0
48351,2023,Newton,16,2023-01-06,2023-11-09,46,140,1
48351,2024,Newton,9,2024-02-24,2024-12-17,10,42,0
48351,2025,Newton,10,2025-02-02,2025-12-28,13,58,1
48353,2015,Nolan,8,2015-02-08,2015-12-13,5,27,3
48353,2016,Nolan,6,2016-02-19,2016-11-18,7,26,1
48353,2017,Nolan,8,2017-01-10,2017-10-15,7,33,1
48353,2018,Nolan,9,2018-03-23,2018-12-01,9,42,2
48353,2019,Nolan,7,2019-02-04,2019-12-26,6,25,0
48353,2020,Nolan,9,2020-01-14,2020-10-09,10,41,1
48353,2021,Nolan,8,2021-04-26,2021-12-31,5,29,0
48353,2022,Nolan,14,2022-01-17,2022-11-11,15,82,0
48353,2023,Nolan,11,2023-01-01,2023-11-09,18,72,0
48353,2024,Nolan,14,2024-02-26,2024-12-16,14,57,0
48353,2025,Nolan,8,2025-02-02,2025-12-29,8,34,0
48355,2015,Nueces,2,2015-10-12,2015-12-27,5,9,0
48355,2016,Nueces,9,2016-01-31,2016-12-28,8,35,0
48355,2017,Nueces,14,2017-01-11,2017-12-22,8,59,0
48355,2018,Nueces,6,2018-02-16,2018-11-08,5,22,0
48355,2019,Nueces,6,2019-04-09,2019-12-16,5,21,0
48355,2020,Nueces,10,2020-01-14,2020-12-30,6,44,0
48355,2021,Nueces,7,2021-03-24,2022-01-02,10,33,0
48355,2022,Nueces,7,2022-04-05,2022-12-11,6,31,0
48355,2023,Nueces,18,2023-01-02,2023-11-09,14,110,0
48355,2024,Nueces,16,2024-02-25,2024-12-30,16,97,0
48355,2025,Nueces,10,2025-01-31,2025-12-28,10,71,0
48357,2015,Ochiltree,7,2015-01-27,2015-12-12,5,28,1
48357,2016,Ochiltree,7,2016-01-29,2016-11-17,8,34,2
48357,2017,Ochiltree,13,2017-01-29,2017-12-21,5,46,10
48357,2018,Ochiltree,10,2018-01-08,2018-12-19,10,44,0
48357,2019,Ochiltree,5,2019-01-04,2019-12-26,6,20,0
48357,2020,Ochiltree,2,2020-06-02,2020-10-11,6,11,0
48357,2021,Ochiltree,9,2021-04-03,2021-12-26,6,39,5
48357,2022,Ochiltree,11,2022-03-01,2023-01-02,6,45,30
48357,2023,Ochiltree,16,2023-01-09,2023-12-23,8,73,73
48357,2024,Ochiltree,17,2024-01-29,2024-12-31,13,79,79
48357,2025,Ochiltree,12,2025-02-01,2025-12-28,9,53,53
48359,2015,Oldham,8,2015-01-26,2015-12-11,6,32,0
48359,2016,Oldham,9,2016-01-28,2016-11-17,8,37,0
48359,2017,Oldham,6,2017-02-04,2017-10-14,8,25,0
48359,2018,Oldham,6,2018-02-13,2018-07-22,8,26,0
48359,2019,Oldham,7,2019-01-05,2019-12-25,6,29,0
48359,2020,Oldham,7,2020-04-30,2020-11-20,6,35,0
48359,2021,Oldham,10,2021-04-04,2021-12-27,7,39,0
48359,2022,Oldham,9,2022-03-02,2022-10-23,6,34,0
48359,2023,Oldham,9,2023-04-11,2023-11-08,13,47,0
48359,2024,Oldham,9,2024-02-25,2024-10-29,10,40,0
48359,2025,Oldham,7,2025-02-01,2025-12-28,9,39,0
48361,2015,Orange,3,2015-08-07,2015-12-28,7,15,0
48361,2016,Orange,5,2016-10-16,2016-12-29,5,18,0
48361,2017,Orange,9,2017-01-11,2017-12-23,9,40,0
48361,2018,Orange,9,2018-02-15,2018-11-08,11,43,0
48361,2019,Orange,11,2019-02-05,2019-12-17,7,47,3
48361,2020,Orange,5,2020-01-15,2020-11-14,8,24,3
48361,2021,Orange,3,2021-03-13,2022-01-02,9,17,0
48361,2022,Orange,7,2022-05-07,2022-12-11,10,48,1
48361,2023,Orange,13,2023-01-17,2023-11-10,18,96,0
48361,2024,Orange,10,2024-02-12,2024-12-18,5,35,1
48361,2025,Orange,7,2025-02-04,2025-12-29,8,32,0
48363,2015,Palo Pinto,6,2015-01-26,2015-12-26,6,26,0
48363,2016,Palo Pinto,7,2016-02-18,2016-12-26,8,29,1
48363,2017,Palo Pinto,8,2017-02-05,2017-12-04,7,31,1
48363,2018,Palo Pinto,15,2018-03-23,2018-11-30,10,62,0
48363,2019,Palo Pinto,5,2019-02-03,2019-10-03,5,23,5
48363,2020,Palo Pinto,10,2020-01-13,2020-12-27,6,37,0
48363,2021,Palo Pinto,6,2021-10-07,2021-12-31,9,30,1
48363,2022,Palo Pinto,14,2022-03-25,2023-01-02,18,91,0
48363,2023,Palo Pinto,13,2023-01-09,2023-11-08,22,76,0
48363,2024,Palo Pinto,12,2024-01-29,2024-12-17,11,57,2
48363,2025,Palo Pinto,11,2025-02-01,2025-12-28,8,53,1
48365,2015,Panola,6,2015-01-28,2015-12-28,7,30,0
48365,2016,Panola,7,2016-01-30,2016-12-29,8,31,0
48365,2017,Panola,6,2017-01-11,2017-11-07,7,24,0
48365,2018,Panola,7,2018-05-15,2018-09-21,9,38,0
48365,2019,Panola,6,2019-02-05,2019-12-01,5,24,0
48365,2020,Panola,3,2020-03-25,2020-12-11,4,10,0
48365,2021,Panola,8,2021-01-25,2022-01-02,10,31,0
48365,2022,Panola,8,2022-05-09,2022-12-12,14,54,9
48365,2023,Panola,13,2023-01-02,2023-12-12,11,59,6
48365,2024,Panola,6,2024-02-26,2024-12-18,7,22,3
48365,2025,Panola,6,2025-02-03,2025-12-29,8,31,0
48367,2015,Parker,8,2015-01-18,2015-12-26,6,34,0
48367,2016,Parker,7,2016-01-29,2016-12-29,8,31,0
48367,2017,Parker,6,2017-01-10,2017-12-04,7,23,0
48367,2018,Parker,11,2018-03-24,2018-12-01,11,58,0
48367,2019,Parker,5,2019-01-06,2019-10-06,14,28,0
48367,2020,Parker,6,2020-03-25,2020-08-31,5,22,0
48367,2021,Parker,7,2021-10-08,2022-01-01,10,35,0
48367,2022,Parker,12,2022-03-02,2022-10-23,17,96,0
48367,2023,Parker,17,2023-01-01,2023-11-08,17,94,0
48367,2024,Parker,12,2024-01-30,2024-12-30,10,58,0
48367,2025,Parker,12,2025-02-02,2025-12-28,13,64,0
48369,2015,Parmer,9,2015-01-27,2015-10-16,6,35,0
48369,2016,Parmer,9,2016-02-18,2016-11-18,8,40,0
48369,2017,Parmer,7,2017-02-05,2017-09-15,9,35,0
48369,2018,Parmer,6,2018-05-08,2018-07-23,12,30,0
48369,2019,Parmer,12,2019-02-03,2019-12-25,9,58,0
48369,2020,Parmer,13,2020-04-27,2020-12-11,7,53,0
48369,2021,Parmer,8,2021-04-04,2021-12-27,6,32,0
48369,2022,Parmer,11,2022-03-02,2022-09-19,15,58,0
48369,2023,Parmer,14,2023-04-12,2023-11-09,13,69,0
48369,2024,Parmer,12,2024-02-26,2024-10-30,18,61,0
48369,2025,Parmer,7,2025-02-06,2025-12-28,6,32,0
48371,2015,Pecos,6,2015-02-07,2015-12-25,13,35,0
48371,2016,Pecos,6,2016-01-30,2016-11-02,7,28,0
48371,2017,Pecos,10,2017-01-09,2017-11-07,7,44,0
48371,2018,Pecos,3,2018-03-22,2018-06-02,8,19,0
48371,2019,Pecos,7,2019-02-03,2019-12-15,9,29,0
48371,2020,Pecos,13,2020-01-13,2020-11-21,8,57,0
48371,2021,Pecos,13,2021-02-02,2021-12-28,8,58,0
48371,2022,Pecos,13,2022-02-20,2023-01-02,9,52,0
48371,2023,Pecos,14,2023-01-09,2023-11-09,17,93,0
48371,2024,Pecos,20,2024-02-20,2024-12-30,7,87,0
48371,2025,Pecos,10,2025-01-03,2025-12-28,8,46,0
48373,2015,Polk,6,2015-01-28,2015-12-28,5,22,6
48373,2016,Polk,9,2016-01-30,2016-12-29,7,44,25
48373,2017,Polk,6,2017-01-11,2017-11-07,7,25,23
48373,2018,Polk,3,2018-03-17,2018-05-28,4,10,6
48373,2019,Polk,5,2019-02-05,2019-12-28,8,22,19
48373,2020,Polk,3,2020-03-11,2020-12-30,5,11,11
48373,2021,Polk,5,2021-10-24,2022-01-01,9,22,22
48373,2022,Polk,9,2022-03-26,2022-12-10,22,78,78
48373,2023,Polk,14,2023-01-01,2023-11-09,46,106,106
48373,2024,Polk,7,2024-02-25,2024-12-18,9,32,32
48373,2025,Polk,9,2025-02-02,2025-12-28,13,59,59
48375,2015,Potter,5,2015-02-06,2015-12-12,5,21,0
48375,2016,Potter,8,2016-01-29,2016-11-17,9,35,0
48375,2017,Potter,7,2017-01-09,2017-12-04,8,31,0
48375,2018,Potter,8,2018-03-23,2018-11-30,9,39,0
48375,2019,Potter,8,2019-01-05,2019-12-26,7,35,0
48375,2020,Potter,9,2020-04-30,2020-12-10,10,43,0
48375,2021,Potter,11,2021-02-02,2021-12-26,6,42,0
48375,2022,Potter,8,2022-03-02,2023-01-02,9,33,0
48375,2023,Potter,14,2023-01-09,2023-12-22,13,65,0
48375,2024,Potter,13,2024-01-29,2024-12-17,16,68,0
48375,2025,Potter,9,2025-02-01,2025-12-27,8,46,0
48377,2015,Presidio,2,2015-02-08,2015-12-26,5,8,0
48377,2016,Presidio,2,2016-02-18,2016-10-20,5,8,0
48377,2017,Presidio,7,2017-01-09,2017-12-31,5,26,0
48377,2018,Presidio,1,2018-05-27,2018-06-01,6,6,0
48377,2019,Presidio,4,2019-02-03,2019-08-09,8,20,0
48377,2020,Presidio,8,2020-03-23,2020-11-24,10,46,0
48377,2021,Presidio,9,2021-06-08,2022-01-01,11,44,0
48377,2022,Presidio,11,2022-01-05,2022-12-09,14,60,0
48377,2023,Presidio,10,2023-03-05,2023-10-20,23,91,0
48377,2024,Presidio,12,2024-07-02,2024-12-31,11,66,0
48377,2025,Presidio,19,2025-01-03,2025-12-28,13,91,0
48379,2015,Rains,5,2015-02-08,2015-12-27,5,18,0
48379,2016,Rains,8,2016-01-30,2016-12-29,8,35,0
48379,2017,Rains,5,2017-01-11,2017-12-05,4,16,0
48379,2018,Rains,6,2018-05-17,2018-07-24,9,32,0
48379,2019,Rains,3,2019-02-05,2019-10-04,6,12,0
48379,2020,Rains,4,2020-03-11,2020-06-08,4,14,0
48379,2021,Rains,7,2021-03-10,2022-01-02,10,29,0
48379,2022,Rains,14,2022-03-03,2022-12-09,17,83,0
48379,2023,Rains,11,2023-01-10,2023-11-09,10,45,0
48379,2024,Rains,7,2024-02-21,2024-12-18,9,33,2
48379,2025,Rains,5,2025-02-06,2025-12-29,8,26,0
48381,2015,Randall,6,2015-01-27,2015-12-12,5,23,0
48381,2016,Randall,11,2016-01-23,2016-11-18,7,40,1
48381,2017,Randall,6,2017-02-04,2017-09-15,5,20,0
48381,2018,Randall,9,2018-02-03,2018-12-17,8,39,0
48381,2019,Randall,6,2019-01-05,2019-12-24,7,26,0
48381,2020,Randall,7,2020-02-01,2020-11-10,11,38,0
48381,2021,Randall,9,2021-08-10,2021-12-27,6,33,0
48381,2022,Randall,5,2022-03-03,2022-07-21,8,28,1
48381,2023,Randall,13,2023-01-01,2023-11-08,8,50,3
48381,2024,Randall,9,2024-02-25,2024-10-29,15,43,1
48381,2025,Randall,9,2025-02-02,2025-12-28,8,37,1
48383,2015,Reagan,5,2015-02-08,2015-12-27,7,24,0
48383,2016,Reagan,8,2016-01-30,2016-12-28,7,35,0
48383,2017,Reagan,14,2017-01-10,2017-12-05,9,63,0
48383,2018,Reagan,10,2018-02-04,2018-12-01,13,47,0
48383,2019,Reagan,11,2019-02-03,2019-12-26,8,45,0
48383,2020,Reagan,10,2020-03-26,2020-10-12,10,47,0
48383,2021,Reagan,12,2021-04-26,2021-12-31,10,56,3
48383,2022,Reagan,13,2022-03-04,2022-11-11,20,88,2
48383,2023,Reagan,15,2023-01-10,2023-11-09,16,90,2
48383,2024,Reagan,21,2024-02-21,2025-01-01,14,126,10
48383,2025,Reagan,15,2025-02-02,2025-12-29,13,88,3
48385,2015,Real,6,2015-01-27,2015-12-26,5,21,5
48385,2016,Real,1,2016-02-11,2016-02-13,3,3,3
48385,2017,Real,8,2017-01-11,2017-11-08,7,32,0
48385,2018,Real,3,2018-03-17,2018-07-24,6,12,1
48385,2019,Real,4,2019-09-18,2019-12-16,3,12,0
48385,2020,Real,8,2020-01-05,2020-11-21,5,28,3
48385,2021,Real,5,2021-04-12,2022-01-01,11,23,0
48385,2022,Real,9,2022-03-25,2023-01-02,7,41,0
48385,2023,Real,11,2023-01-09,2023-09-24,18,74,0
48385,2024,Real,13,2024-02-25,2024-12-31,19,77,0
48385,2025,Real,21,2025-02-01,2025-12-28,9,90,13
48387,2015,Red River,9,2015-01-17,2015-12-27,7,44,0
48387,2016,Red River,9,2016-01-29,2016-12-28,8,42,1
48387,2017,Red River,8,2017-01-10,2017-12-04,5,27,0
48387,2018,Red River,7,2018-05-06,2018-09-19,12,44,0
48387,2019,Red River,6,2019-01-05,2019-12-28,6,25,0
48387,2020,Red River,8,2020-03-10,2020-12-23,4,26,0
48387,2021,Red River,9,2021-06-12,2022-01-01,6,35,0
48387,2022,Red River,14,2022-02-09,2023-01-03,18,76,0
48387,2023,Red River,6,2023-01-16,2023-11-08,10,32,0
48387,2024,Red River,7,2024-01-29,2024-10-30,5,27,0
48387,2025,Red River,7,2025-02-02,2025-12-28,7,37,0
48389,2015,Reeves,5,2015-02-07,2015-12-12,11,28,0
48389,2016,Reeves,7,2016-01-29,2016-11-02,9,35,0
48389,2017,Reeves,7,2017-01-09,2017-11-07,8,36,0
48389,2018,Reeves,5,2018-01-07,2018-08-26,8,26,0
48389,2019,Reeves,6,2019-02-03,2019-11-20,7,24,0
48389,2020,Reeves,11,2020-03-25,2020-11-20,11,46,0
48389,2021,Reeves,11,2021-02-02,2021-12-28,7,47,0
48389,2022,Reeves,8,2022-03-26,2023-01-02,13,40,0
48389,2023,Reeves,10,2023-01-09,2023-11-08,14,68,0
48389,2024,Reeves,15,2024-02-25,2024-10-30,15,70,0
48389,2025,Reeves,8,2025-02-01,2025-12-28,8,39,0
48391,2015,Refugio,4,2015-01-28,2015-12-27,5,16,1
48391,2016,Refugio,4,2016-03-14,2016-12-27,3,12,0
48391,2017,Refugio,6,2017-01-11,2017-04-05,4,20,0
48391,2019,Refugio,1,2019-12-15,2019-12-17,3,3,0
48391,2020,Refugio,1,2020-10-11,2020-10-13,3,3,0
48391,2021,Refugio,3,2021-12-04,2021-12-30,6,15,0
48391,2022,Refugio,1,2022-12-08,2022-12-14,7,7,0
48391,2023,Refugio,5,2023-01-05,2023-09-15,4,17,0
48391,2024,Refugio,4,2024-10-14,2024-12-19,5,15,0
48391,2025,Refugio,7,2025-02-03,2025-12-29,8,32,4
48393,2015,Roberts,9,2015-01-17,2015-12-22,6,40,40
48393,2016,Roberts,13,2016-01-29,2016-12-28,10,53,53
48393,2017,Roberts,12,2017-01-10,2017-12-21,8,47,47
48393,2018,Roberts,5,2018-03-23,2018-07-23,10,36,36
48393,2019,Roberts,7,2019-01-05,2019-12-26,6,32,32
48393,2020,Roberts,11,2020-03-25,2020-12-10,8,50,50
48393,2021,Roberts,8,2021-06-17,2021-12-27,6,35,35
48393,2022,Roberts,12,2022-03-02,2022-10-23,14,60,60
48393,2023,Roberts,18,2023-01-01,2023-12-23,13,86,86
48393,2024,Roberts,17,2024-01-29,2024-12-31,14,83,83
48393,2025,Roberts,11,2025-02-01,2025-12-28,9,51,51
48395,2015,Robertson,8,2015-01-27,2015-12-27,6,33,0
48395,2016,Robertson,6,2016-01-29,2016-12-28,5,22,1
48395,2017,Robertson,6,2017-01-10,2017-11-06,7,27,0
48395,2018,Robertson,4,2018-05-12,2018-07-24,9,27,2
48395,2019,Robertson,5,2019-02-04,2019-11-21,17,37,1
48395,2020,Robertson,14,2020-02-02,2020-12-29,6,56,0
48395,2021,Robertson,9,2021-03-10,2022-01-01,10,40,20
48395,2022,Robertson,19,2022-03-04,2023-01-03,23,127,1
48395,2023,Robertson,13,2023-01-15,2023-10-24,42,113,0
48395,2024,Robertson,14,2024-02-20,2024-12-17,18,70,0
48395,2025,Robertson,15,2025-02-01,2025-12-28,11,76,0
48397,2015,Rockwall,9,2015-01-18,2015-12-27,7,45,45
48397,2016,Rockwall,9,2016-01-29,2016-12-29,8,42,39
48397,2017,Rockwall,7,2017-01-10,2017-12-04,7,28,24
48397,2018,Rockwall,7,2018-05-11,2018-12-01,8,34,0
48397,2019,Rockwall,7,2019-01-05,2019-11-21,12,34,0
48397,2020,Rockwall,8,2020-03-10,2020-12-23,6,30,1
48397,2021,Rockwall,7,2021-10-07,2022-01-01,10,35,0
48397,2022,Rockwall,15,2022-03-02,2023-01-03,11,80,0
48397,2023,Rockwall,12,2023-01-09,2023-11-08,10,62,0
48397,2024,Rockwall,9,2024-01-29,2024-12-17,9,42,0
48397,2025,Rockwall,9,2025-02-02,2025-12-28,7,41,0
48399,2015,Runnels,8,2015-02-08,2015-12-25,6,31,0
48399,2016,Runnels,7,2016-01-30,2016-11-18,8,31,0
48399,2017,Runnels,9,2017-01-10,2017-11-04,10,40,0
48399,2018,Runnels,6,2018-05-26,2018-12-01,9,29,0
48399,2019,Runnels,8,2019-02-04,2019-12-26,6,31,0
48399,2020,Runnels,7,2020-05-02,2020-12-11,5,28,0
48399,2021,Runnels,7,2021-10-08,2021-12-31,10,32,0
48399,2022,Runnels,12,2022-01-13,2022-10-24,15,62,0
48399,2023,Runnels,15,2023-01-01,2023-11-09,14,77,0
48399,2024,Runnels,16,2024-02-02,2025-01-01,11,72,0
48399,2025,Runnels,11,2025-02-02,2025-12-29,7,46,0
48401,2015,Rusk,7,2015-01-27,2015-12-27,6,28,0
48401,2016,Rusk,8,2016-01-31,2016-12-29,9,35,0
48401,2017,Rusk,10,2017-01-10,2017-12-05,7,41,0
48401,2018,Rusk,7,2018-05-07,2018-09-20,13,62,0
48401,2019,Rusk,7,2019-01-06,2019-12-28,15,43,0
48401,2020,Rusk,6,2020-02-02,2020-12-11,5,22,0
48401,2021,Rusk,5,2021-10-08,2022-01-01,9,28,0
48401,2022,Rusk,10,2022-03-03,2022-12-10,18,67,0
48401,2023,Rusk,14,2023-01-07,2023-11-09,22,77,0
48401,2024,Rusk,12,2024-01-30,2024-12-18,9,58,0
48401,2025,Rusk,11,2025-02-02,2025-12-28,10,62,0
48403,2015,Sabine,10,2015-01-27,2015-12-27,9,51,1
48403,2016,Sabine,10,2016-01-29,2016-12-28,10,47,1
48403,2017,Sabine,10,2017-01-10,2017-12-22,7,43,0
48403,2018,Sabine,10,2018-02-14,2018-10-30,10,43,0
48403,2019,Sabine,6,2019-02-04,2019-11-21,8,29,1
48403,2020,Sabine,6,2020-02-02,2020-12-30,6,24,1
48403,2021,Sabine,8,2021-02-26,2022-01-01,10,34,0
48403,2022,Sabine,17,2022-03-04,2023-01-04,15,95,1
48403,2023,Sabine,18,2023-01-16,2023-11-09,22,116,1
48403,2024,Sabine,8,2024-02-23,2024-12-17,5,29,0
48403,2025,Sabine,13,2025-02-02,2025-12-28,14,80,0
48405,2015,San Augustine,11,2015-01-27,2015-12-28,11,53,11
48405,2016,San Augustine,5,2016-01-30,2016-12-30,6,22,5
48405,2017,San Augustine,14,2017-01-11,2017-12-23,10,62,3
48405,2018,San Augustine,15,2018-02-15,2018-11-08,14,78,3
48405,2019,San Augustine,9,2019-01-07,2019-12-29,7,36,0
48405,2020,San Augustine,8,2020-02-03,2020-12-31,5,27,0
48405,2021,San Augustine,9,2021-02-27,2022-01-02,10,43,0
48405,2022,San Augustine,12,2022-01-14,2022-12-12,17,97,0
48405,2023,San Augustine,17,2023-01-01,2023-11-10,22,97,1
48405,2024,San Augustine,9,2024-01-31,2024-12-19,8,36,0
48405,2025,San Augustine,11,2025-02-03,2025-12-29,10,62,2
48407,2015,San Jacinto,5,2015-02-09,2015-12-27,8,28,28
48407,2016,San Jacinto,9,2016-01-30,2016-12-29,7,38,38
48407,2017,San Jacinto,7,2017-01-10,2017-11-07,7,32,32
48407,2018,San Jacinto,6,2018-03-17,2018-07-29,12,43,43
48407,2019,San Jacinto,7,2019-02-04,2019-10-06,9,31,31
48407,2020,San Jacinto,8,2020-03-11,2020-12-30,5,32,32
48407,2021,San Jacinto,6,2021-06-13,2022-01-01,9,26,26
48407,2022,San Jacinto,12,2022-03-04,2022-12-10,22,92,92
48407,2023,San Jacinto,14,2023-01-01,2023-10-22,50,120,120
48407,2024,San Jacinto,10,2024-02-25,2024-12-18,10,44,44
48407,2025,San Jacinto,10,2025-02-02,2025-12-28,10,59,59
48409,2015,San Patricio,4,2015-01-27,2015-12-26,4,13,0
48409,2016,San Patricio,6,2016-03-01,2016-12-29,6,31,0
48409,2017,San Patricio,11,2017-01-11,2017-11-08,8,46,1
48409,2018,San Patricio,5,2018-02-17,2018-11-08,5,19,0
48409,2019,San Patricio,5,2019-02-05,2019-12-15,3,15,0
48409,2020,San Patricio,8,2020-01-15,2020-11-12,6,33,12
48409,2021,San Patricio,5,2021-01-25,2022-01-02,9,24,0
48409,2022,San Patricio,13,2022-04-03,2022-12-11,15,78,5
48409,2023,San Patricio,14,2023-01-06,2023-10-30,38,117,8
48409,2024,San Patricio,19,2024-02-26,2024-12-31,13,96,0
48409,2025,San Patricio,14,2025-02-02,2025-12-29,15,80,7
48411,2015,San Saba,7,2015-01-27,2015-12-26,8,32,0
48411,2016,San Saba,8,2016-01-30,2016-12-29,7,31,0
48411,2017,San Saba,6,2017-01-10,2017-12-05,5,22,0
48411,2018,San Saba,6,2018-03-24,2018-12-01,10,32,0
48411,2019,San Saba,7,2019-02-03,2019-12-16,14,36,0
48411,2020,San Saba,8,2020-01-14,2020-12-11,7,30,0
48411,2021,San Saba,6,2021-09-18,2022-01-01,10,29,0
48411,2022,San Saba,10,2022-03-26,2022-12-10,16,66,0
48411,2023,San Saba,16,2023-01-01,2023-10-22,18,99,0
48411,2024,San Saba,10,2024-02-20,2024-12-31,9,48,0
48411,2025,San Saba,8,2025-02-02,2025-12-29,10,48,0
48413,2015,Schleicher,9,2015-02-09,2015-12-27,7,40,0
48413,2016,Schleicher,8,2016-01-31,2016-12-29,8,32,0
48413,2017,Schleicher,7,2017-02-07,2017-11-07,8,36,0
48413,2018,Schleicher,7,2018-05-16,2018-07-25,7,30,0
48413,2019,Schleicher,5,2019-01-06,2019-12-26,4,17,0
48413,2020,Schleicher,5,2020-03-26,2020-09-02,5,21,0
48413,2021,Schleicher,7,2021-09-18,2022-01-02,11,37,0
48413,2022,Schleicher,9,2022-03-26,2022-07-21,9,42,0
48413,2023,Schleicher,14,2023-01-01,2023-11-09,17,80,0
48413,2024,Schleicher,11,2024-02-21,2024-12-17,8,52,1
48413,2025,Schleicher,8,2025-02-02,2025-12-30,8,37,2
48415,2015,Scurry,5,2015-02-08,2015-12-24,6,19,0
48415,2016,Scurry,6,2016-01-29,2016-11-01,6,25,0
48415,2017,Scurry,7,2017-01-10,2017-11-06,7,30,0
48415,2018,Scurry,5,2018-05-08,2018-07-22,9,25,0
48415,2019,Scurry,10,2019-02-03,2019-12-26,9,43,0
48415,2020,Scurry,10,2020-01-13,2020-12-10,10,45,0
48415,2021,Scurry,7,2021-09-17,2021-12-31,10,37,0
48415,2022,Scurry,10,2022-03-26,2022-08-06,14,60,0
48415,2023,Scurry,13,2023-05-05,2023-11-08,12,72,0
48415,2024,Scurry,15,2024-02-20,2024-12-30,15,70,0
48415,2025,Scurry,7,2025-02-01,2025-12-28,7,32,0
48417,2015,Shackelford,7,2015-01-27,2015-12-24,6,25,0
48417,2016,Shackelford,6,2016-01-30,2016-12-27,8,25,0
48417,2017,Shackelford,6,2017-01-10,2017-12-05,8,28,0
48417,2018,Shackelford,7,2018-01-20,2018-07-23,9,29,0
48417,2019,Shackelford,5,2019-02-04,2019-12-26,5,19,0
48417,2020,Shackelford,7,2020-01-14,2020-10-23,7,31,0
48417,2021,Shackelford,5,2021-10-08,2021-12-31,8,24,0
48417,2022,Shackelford,14,2022-03-26,2022-10-24,14,82,0
48417,2023,Shackelford,14,2023-01-01,2023-11-09,22,86,0
48417,2024,Shackelford,16,2024-01-31,2024-12-16,14,71,0
48417,2025,Shackelford,11,2025-02-02,2025-12-29,8,49,0
48419,2015,Shelby,6,2015-01-28,2015-12-28,6,27,0
48419,2016,Shelby,7,2016-01-30,2016-12-29,8,33,0
48419,2017,Shelby,8,2017-01-11,2017-12-23,7,37,0
48419,2018,Shelby,7,2018-03-26,2018-07-28,11,38,0
48419,2019,Shelby,6,2019-01-07,2019-11-22,9,29,0
48419,2020,Shelby,2,2020-03-11,2020-03-28,4,7,7
48419,2021,Shelby,4,2021-10-21,2022-01-01,9,23,23
48419,2022,Shelby,12,2022-03-04,2022-12-10,18,80,80
48419,2023,Shelby,12,2023-01-01,2023-10-22,22,72,72
48419,2024,Shelby,5,2024-02-25,2024-12-18,9,24,24
48419,2025,Shelby,7,2025-02-02,2025-12-28,9,41,41
48421,2015,Sherman,8,2015-01-26,2015-12-11,5,31,0
48421,2016,Sherman,11,2016-01-28,2016-11-17,5,38,0
48421,2017,Sherman,8,2017-01-09,2017-06-22,5,27,0
48421,2018,Sherman,6,2018-04-11,2018-10-03,7,24,1
48421,2019,Sherman,7,2019-02-02,2019-12-26,8,37,28
48421,2020,Sherman,12,2020-04-27,2020-12-10,9,61,61
48421,2021,Sherman,13,2021-04-04,2021-12-31,6,51,51
48421,2022,Sherman,14,2022-03-02,2023-01-02,14,66,66
48421,2023,Sherman,16,2023-01-09,2023-12-23,13,82,82
48421,2024,Sherman,19,2024-01-29,2024-12-31,15,95,95
48421,2025,Sherman,12,2025-02-01,2025-12-28,9,55,55
48423,2015,Smith,8,2015-01-27,2015-12-27,8,39,0
48423,2016,Smith,10,2016-01-29,2016-12-28,7,43,0
48423,2017,Smith,7,2017-01-10,2017-12-04,5,24,0
48423,2018,Smith,7,2018-05-11,2018-12-01,12,44,0
48423,2019,Smith,5,2019-01-05,2019-11-21,15,40,0
48423,2020,Smith,6,2020-03-10,2020-11-14,4,22,0
48423,2021,Smith,7,2021-04-11,2022-01-01,9,34,0
48423,2022,Smith,10,2022-01-13,2022-12-10,18,77,0
48423,2023,Smith,12,2023-01-01,2023-11-08,11,57,0
48423,2024,Smith,8,2024-01-30,2024-12-18,10,42,0
48423,2025,Smith,9,2025-02-02,2025-12-28,9,52,0
48425,2015,Somervell,6,2015-01-27,2015-12-27,6,23,0
48425,2016,Somervell,3,2016-01-30,2016-12-27,4,12,3
48425,2017,Somervell,4,2017-01-11,2017-03-25,7,16,7
48425,2018,Somervell,4,2018-06-06,2018-07-24,7,18,17
48425,2019,Somervell,4,2019-02-04,2019-10-07,8,20,3
48425,2020,Somervell,3,2020-05-02,2020-08-17,4,10,0
48425,2021,Somervell,3,2021-11-16,2022-01-02,10,15,4
48425,2022,Somervell,8,2022-03-26,2022-12-09,18,69,10
48425,2023,Somervell,10,2023-01-01,2023-09-10,7,44,0
48425,2024,Somervell,5,2024-02-21,2024-12-18,8,22,2
48425,2025,Somervell,5,2025-02-02,2025-12-29,7,25,0
48427,2015,Starr,7,2015-07-25,2015-12-28,7,34,0
48427,2016,Starr,14,2016-01-31,2016-12-29,12,73,0
48427,2017,Starr,22,2017-01-10,2017-12-22,8,95,0
48427,2018,Starr,12,2018-02-15,2018-12-02,21,70,0
48427,2019,Starr,13,2019-01-06,2019-12-16,31,86,0
48427,2020,Starr,14,2020-01-12,2020-12-30,9,72,0
48427,2021,Starr,14,2021-01-24,2022-01-02,11,61,0
48427,2022,Starr,11,2022-04-05,2023-01-09,10,54,0
48427,2023,Starr,12,2023-01-16,2023-10-30,17,118,0
48427,2024,Starr,10,2024-05-20,2025-01-02,10,44,0
48427,2025,Starr,9,2025-02-03,2025-12-29,11,52,0
48429,2015,Stephens,5,2015-01-27,2015-12-24,5,20,0
48429,2016,Stephens,5,2016-09-20,2016-12-27,8,21,0
48429,2017,Stephens,6,2017-02-06,2017-12-05,9,27,0
48429,2018,Stephens,7,2018-05-08,2018-12-01,9,32,0
48429,2019,Stephens,5,2019-02-04,2019-10-04,5,23,0
48429,2020,Stephens,5,2020-01-14,2020-09-01,6,21,0
48429,2021,Stephens,6,2021-10-08,2021-12-30,7,26,0
48429,2022,Stephens,10,2022-03-26,2022-10-23,17,76,0
48429,2023,Stephens,16,2023-01-01,2023-11-09,14,84,0
48429,2024,Stephens,12,2024-01-31,2024-12-17,12,53,0
48429,2025,Stephens,12,2025-02-01,2025-12-28,8,51,0
48431,2015,Sterling,3,2015-02-08,2015-12-13,5,12,0
48431,2016,Sterling,5,2016-01-30,2016-11-19,5,19,0
48431,2017,Sterling,8,2017-01-10,2017-11-07,8,46,0
48431,2018,Sterling,5,2018-03-23,2018-07-24,9,26,26
48431,2019,Sterling,7,2019-02-04,2019-12-25,8,31,24
48431,2020,Sterling,7,2020-03-25,2020-12-11,9,33,33
48431,2021,Sterling,7,2021-09-18,2021-12-31,10,33,33
48431,2022,Sterling,10,2022-03-26,2022-09-25,14,64,64
48431,2023,Sterling,10,2023-06-16,2023-11-08,15,73,73
48431,2024,Sterling,13,2024-02-20,2024-12-30,12,57,57
48431,2025,Sterling,8,2025-02-02,2025-12-28,9,41,41
48433,2015,Stonewall,10,2015-01-27,2015-12-24,6,37,0
48433,2016,Stonewall,8,2016-01-29,2016-12-27,8,29,0
48433,2017,Stonewall,7,2017-01-10,2017-09-23,6,27,0
48433,2018,Stonewall,7,2018-05-07,2018-12-01,9,35,0
48433,2019,Stonewall,8,2019-01-06,2019-12-27,7,35,0
48433,2020,Stonewall,8,2020-01-14,2020-12-11,6,32,0
48433,2021,Stonewall,8,2021-04-26,2022-01-01,5,31,0
48433,2022,Stonewall,12,2022-03-03,2022-10-24,15,64,0
48433,2023,Stonewall,14,2023-01-01,2023-11-09,7,53,0
48433,2024,Stonewall,9,2024-02-26,2024-10-31,14,42,0
48433,2025,Stonewall,8,2025-02-02,2025-12-29,7,34,0
48435,2015,Sutton,5,2015-01-27,2015-12-27,6,23,3
48435,2016,Sutton,6,2016-01-31,2016-11-02,7,28,10
48435,2017,Sutton,7,2017-02-07,2017-12-04,9,35,33
48435,2018,Sutton,5,2018-05-26,2018-12-01,9,25,25
48435,2019,Sutton,6,2019-02-04,2019-12-25,5,23,23
48435,2020,Sutton,7,2020-03-25,2020-12-11,6,26,26
48435,2021,Sutton,7,2021-09-18,2022-01-01,11,34,34
48435,2022,Sutton,7,2022-03-26,2022-08-05,14,47,47
48435,2023,Sutton,13,2023-01-01,2023-10-22,15,85,85
48435,2024,Sutton,16,2024-02-20,2024-12-31,9,84,3
48435,2025,Sutton,11,2025-02-02,2025-12-29,8,57,3
48437,2015,Swisher,5,2015-01-27,2015-09-19,5,17,0
48437,2016,Swisher,6,2016-02-18,2016-11-18,5,23,0
48437,2017,Swisher,7,2017-02-05,2017-12-21,8,30,0
48437,2018,Swisher,5,2018-05-07,2018-08-29,9,31,0
48437,2019,Swisher,7,2019-01-05,2019-12-25,7,37,0
48437,2020,Swisher,11,2020-05-01,2020-12-11,11,54,0
48437,2021,Swisher,9,2021-04-26,2021-12-27,5,32,0
48437,2022,Swisher,10,2022-03-03,2022-10-24,9,48,0
48437,2023,Swisher,13,2023-01-01,2023-11-09,7,53,0
48437,2024,Swisher,11,2024-01-31,2024-10-30,15,55,0
48437,2025,Swisher,7,2025-02-02,2025-12-28,7,33,0
48439,2015,Tarrant,9,2015-01-18,2015-12-26,6,44,0
48439,2016,Tarrant,8,2016-01-29,2016-12-29,8,37,0
48439,2017,Tarrant,7,2017-01-10,2017-12-04,7,25,0
48439,2018,Tarrant,10,2018-03-24,2018-10-30,11,53,0
48439,2019,Tarrant,7,2019-01-06,2019-12-27,16,41,0
48439,2020,Tarrant,14,2020-01-14,2020-12-23,4,46,0
48439,2021,Tarrant,7,2021-10-07,2022-01-01,10,35,0
48439,2022,Tarrant,14,2022-03-02,2023-01-03,17,94,0
48439,2023,Tarrant,13,2023-01-09,2023-11-08,22,84,0
48439,2024,Tarrant,11,2024-01-29,2024-12-18,9,50,0
48439,2025,Tarrant,14,2025-02-02,2025-12-28,7,61,0
48441,2015,Taylor,6,2015-01-27,2015-12-24,8,28,0
48441,2016,Taylor,6,2016-02-18,2017-01-02,7,22,0
48441,2017,Taylor,7,2017-01-10,2017-11-28,9,33,0
48441,2018,Taylor,6,2018-05-25,2018-10-30,10,29,0
48441,2019,Taylor,8,2019-01-05,2019-12-26,12,39,0
48441,2020,Taylor,8,2020-01-13,2020-12-27,7,38,0
48441,2021,Taylor,8,2021-09-17,2022-01-01,11,41,0
48441,2022,Taylor,12,2022-03-25,2022-10-23,18,99,0
48441,2023,Taylor,14,2023-01-09,2023-11-08,17,92,0
48441,2024,Taylor,16,2024-01-30,2024-12-30,15,76,0
48441,2025,Taylor,10,2025-01-31,2025-12-28,10,58,0
48443,2015,Terrell,10,2015-01-27,2015-12-26,33,85,0
48443,2016,Terrell,15,2016-01-29,2017-01-03,8,68,1
48443,2017,Terrell,12,2017-02-06,2017-12-21,7,48,0
48443,2018,Terrell,10,2018-03-16,2018-11-07,8,41,0
48443,2019,Terrell,11,2019-02-14,2019-12-15,14,54,0
48443,2020,Terrell,10,2020-03-24,2020-10-22,11,49,0
48443,2021,Terrell,10,2021-02-03,2022-01-01,12,52,0
48443,2022,Terrell,15,2022-03-04,2023-01-02,10,61,0
48443,2023,Terrell,10,2023-01-09,2023-09-25,20,80,0
48443,2024,Terrell,16,2024-02-20,2024-12-30,12,69,7
48443,2025,Terrell,22,2025-02-01,2025-12-28,10,100,0
48445,2015,Terry,8,2015-01-27,2015-12-12,6,29,0
48445,2016,Terry,6,2016-02-18,2016-11-18,7,26,0
48445,2017,Terry,9,2017-01-10,2017-11-07,10,40,0
48445,2018,Terry,6,2018-05-08,2018-12-01,12,35,0
48445,2019,Terry,5,2019-04-09,2019-12-16,6,19,0
48445,2020,Terry,9,2020-05-01,2020-10-23,11,46,0
48445,2021,Terry,8,2021-04-26,2021-12-27,6,32,0
48445,2022,Terry,9,2022-03-26,2022-08-06,7,44,0
48445,2023,Terry,11,2023-01-01,2023-11-09,10,50,0
48445,2024,Terry,12,2024-04-14,2024-10-30,15,53,0
48445,2025,Terry,7,2025-02-06,2025-12-28,7,33,0
48447,2015,Throckmorton,4,2015-02-07,2015-10-16,4,13,4
48447,2016,Throckmorton,4,2016-01-30,2016-12-28,5,15,5
48447,2017,Throckmorton,9,2017-01-09,2017-11-29,5,32,7
48447,2018,Throckmorton,7,2018-03-22,2018-12-01,6,28,7
48447,2019,Throckmorton,5,2019-01-06,2019-12-26,5,18,7
48447,2020,Throckmorton,8,2020-03-25,2020-12-23,8,33,6
48447,2021,Throckmorton,7,2021-09-20,2021-12-31,9,34,11
48447,2022,Throckmorton,12,2022-03-26,2022-10-24,14,63,18
48447,2023,Throckmorton,19,2023-01-01,2023-11-09,11,91,0
48447,2024,Throckmorton,10,2024-02-20,2024-12-18,9,41,41
48447,2025,Throckmorton,6,2025-02-02,2025-12-28,7,27,27
48449,2015,Titus,10,2015-01-18,2015-12-27,9,48,0
48449,2016,Titus,13,2016-01-30,2016-12-29,12,76,0
48449,2017,Titus,8,2017-01-10,2017-12-05,7,34,0
48449,2018,Titus,7,2018-05-08,2018-10-09,8,33,0
48449,2019,Titus,5,2019-02-05,2019-12-29,5,20,0
48449,2020,Titus,2,2020-03-25,2020-10-23,4,7,0
48449,2021,Titus,6,2021-10-09,2022-01-02,9,23,0
48449,2022,Titus,14,2022-03-02,2022-12-09,18,106,9
48449,2023,Titus,17,2023-01-01,2023-11-09,10,85,0
48449,2024,Titus,13,2024-02-21,2024-12-18,5,49,0
48449,2025,Titus,16,2025-02-03,2025-12-29,10,83,0
48451,2015,Tom Green,9,2015-02-08,2015-12-26,10,45,0
48451,2016,Tom Green,13,2016-01-29,2016-12-29,7,58,0
48451,2017,Tom Green,12,2017-01-10,2017-12-04,11,64,0
48451,2018,Tom Green,9,2018-03-23,2018-12-01,12,48,0
48451,2019,Tom Green,13,2019-02-03,2019-12-26,16,68,0
48451,2020,Tom Green,14,2020-01-05,2020-12-29,10,66,0
48451,2021,Tom Green,9,2021-04-26,2022-01-01,11,44,0
48451,2022,Tom Green,15,2022-01-13,2022-11-10,17,99,0
48451,2023,Tom Green,16,2023-01-01,2023-11-09,15,96,0
48451,2024,Tom Green,19,2024-02-01,2024-12-31,12,90,0
48451,2025,Tom Green,12,2025-02-02,2025-12-28,9,59,0
48453,2015,Travis,7,2015-01-27,2015-12-24,6,29,0
48453,2016,Travis,7,2016-01-30,2016-12-29,6,28,0
48453,2017,Travis,7,2017-01-10,2017-11-06,12,33,0
48453,2018,Travis,9,2018-03-16,2018-08-24,10,42,0
48453,2019,Travis,4,2019-02-04,2019-10-06,19,38,0
48453,2020,Travis,13,2020-03-11,2020-12-29,5,49,0
48453,2021,Travis,4,2021-04-06,2022-01-01,9,20,0
48453,2022,Travis,10,2022-03-25,2023-01-03,20,97,0
48453,2023,Travis,11,2023-01-16,2023-10-22,24,102,0
48453,2024,Travis,10,2024-02-24,2024-12-30,17,66,0
48453,2025,Travis,11,2025-02-02,2025-12-28,10,62,0
48455,2015,Trinity,7,2015-01-27,2015-12-27,6,31,31
48455,2016,Trinity,7,2016-01-30,2016-12-29,7,30,30
48455,2017,Trinity,6,2017-01-10,2017-11-07,5,23,23
48455,2018,Trinity,3,2018-05-13,2018-07-24,9,22,22
48455,2019,Trinity,5,2019-02-04,2019-12-27,8,22,22
48455,2020,Trinity,3,2020-03-25,2020-12-30,4,10,10
48455,2021,Trinity,6,2021-10-08,2022-01-01,9,25,25
48455,2022,Trinity,9,2022-03-26,2022-12-10,18,69,69
48455,2023,Trinity,17,2023-01-01,2023-10-22,17,83,83
48455,2024,Trinity,6,2024-02-25,2024-12-18,9,29,29
48455,2025,Trinity,8,2025-02-02,2025-12-28,10,50,50
48457,2015,Tyler,11,2015-01-27,2015-12-27,27,75,0
48457,2016,Tyler,16,2016-01-30,2016-12-29,11,85,0
48457,2017,Tyler,13,2017-01-10,2017-12-22,8,56,0
48457,2018,Tyler,8,2018-02-15,2018-09-19,8,38,0
48457,2019,Tyler,6,2019-01-06,2019-12-29,6,25,0
48457,2020,Tyler,7,2020-01-14,2020-11-14,6,29,0
48457,2021,Tyler,7,2021-02-26,2022-01-02,10,30,0
48457,2022,Tyler,14,2022-03-26,2023-01-08,19,90,0
48457,2023,Tyler,16,2023-01-10,2023-11-09,47,142,0
48457,2024,Tyler,11,2024-02-24,2024-12-17,7,43,0
48457,2025,Tyler,13,2025-02-02,2025-12-29,22,85,0
48459,2015,Upshur,8,2015-01-18,2015-12-28,8,33,0
48459,2016,Upshur,8,2016-01-29,2016-12-28,8,34,0
48459,2017,Upshur,10,2017-01-10,2017-12-05,5,35,0
48459,2018,Upshur,7,2018-05-07,2018-09-20,9,37,0
48459,2019,Upshur,6,2019-01-06,2019-12-28,13,32,0
48459,2020,Upshur,2,2020-03-25,2020-10-22,4,7,0
48459,2021,Upshur,5,2021-06-14,2022-01-01,9,28,0
48459,2022,Upshur,13,2022-03-03,2022-12-10,16,84,0
48459,2023,Upshur,10,2023-01-01,2023-11-08,11,47,0
48459,2024,Upshur,6,2024-01-30,2024-12-18,10,29,0
48459,2025,Upshur,6,2025-02-02,2025-12-28,9,39,0
48461,2015,Upton,7,2015-02-06,2015-12-26,10,35,0
48461,2016,Upton,10,2016-01-30,2016-12-15,8,45,0
48461,2017,Upton,12,2017-01-01,2017-11-29,6,47,1
48461,2018,Upton,8,2018-02-04,2018-12-02,10,40,0
48461,2019,Upton,11,2019-01-06,2019-12-16,8,42,2
48461,2020,Upton,8,2020-05-02,2020-10-12,9,34,0
48461,2021,Upton,11,2021-02-03,2021-12-29,7,47,0
48461,2022,Upton,11,2022-03-26,2023-01-02,9,46,8
48461,2023,Upton,14,2023-01-09,2023-09-26,16,89,16
48461,2024,Upton,9,2024-02-21,2024-10-30,5,31,9
48461,2025,Upton,7,2025-02-02,2025-12-28,9,37,20
48463,2015,Uvalde,2,2015-02-08,2015-10-14,3,6,0
48463,2016,Uvalde,6,2016-01-30,2016-12-28,5,23,0
48463,2017,Uvalde,8,2017-01-01,2017-12-04,7,30,0
48463,2018,Uvalde,7,2018-02-18,2018-12-02,9,31,0
48463,2019,Uvalde,5,2019-01-06,2019-12-15,14,29,0
48463,2020,Uvalde,11,2020-01-14,2020-12-29,8,49,0
48463,2021,Uvalde,7,2021-04-06,2022-01-01,5,25,0
48463,2022,Uvalde,11,2022-03-25,2023-01-06,8,54,1
48463,2023,Uvalde,14,2023-01-16,2023-10-28,18,87,4
48463,2024,Uvalde,12,2024-02-20,2024-12-30,9,54,1
48463,2025,Uvalde,13,2025-01-31,2025-12-28,9,67,0
48465,2015,Val Verde,8,2015-01-18,2015-12-26,13,41,0
48465,2016,Val Verde,12,2016-01-30,2016-12-28,6,45,0
48465,2017,Val Verde,13,2017-01-10,2017-12-04,9,60,0
48465,2018,Val Verde,10,2018-03-17,2018-12-02,8,46,0
48465,2019,Val Verde,14,2019-01-06,2019-12-25,21,81,0
48465,2020,Val Verde,17,2020-01-05,2020-12-29,13,97,0
48465,2021,Val Verde,14,2021-02-04,2022-01-02,12,79,0
48465,2022,Val Verde,16,2022-01-13,2023-01-03,11,70,0
48465,2023,Val Verde,12,2023-01-05,2023-10-22,22,114,0
48465,2024,Val Verde,20,2024-02-20,2024-12-31,14,126,0
48465,2025,Val Verde,20,2025-01-31,2025-12-28,15,111,0
48467,2015,Van Zandt,7,2015-02-09,2015-12-27,6,29,0
48467,2016,Van Zandt,8,2016-01-30,2016-12-29,8,37,0
48467,2017,Van Zandt,8,2017-01-11,2017-12-05,4,26,0
48467,2018,Van Zandt,8,2018-03-17,2018-09-20,13,60,0
48467,2019,Van Zandt,5,2019-02-05,2019-10-07,9,23,0
48467,2020,Van Zandt,8,2020-03-11,2020-12-11,6,29,0
48467,2021,Van Zandt,6,2021-06-14,2022-01-02,10,30,0
48467,2022,Van Zandt,14,2022-03-03,2022-12-09,18,86,0
48467,2023,Van Zandt,13,2023-01-01,2023-10-23,11,59,0
48467,2024,Van Zandt,5,2024-02-25,2024-12-18,9,27,0
48467,2025,Van Zandt,7,2025-02-03,2025-12-29,9,37,12
48469,2015,Victoria,7,2015-01-27,2015-12-27,7,33,0
48469,2016,Victoria,11,2016-02-11,2016-12-29,9,58,0
48469,2017,Victoria,12,2017-01-10,2017-12-22,8,61,0
48469,2018,Victoria,7,2018-02-16,2018-08-25,22,51,0
48469,2019,Victoria,7,2019-04-09,2019-12-28,10,31,0
48469,2020,Victoria,14,2020-01-14,2020-12-30,6,58,0
48469,2021,Victoria,6,2021-09-18,2022-01-02,11,28,0
48469,2022,Victoria,14,2022-03-04,2023-01-07,16,85,0
48469,2023,Victoria,13,2023-01-16,2023-10-04,43,141,0
48469,2024,Victoria,14,2024-02-25,2024-12-31,18,96,0
48469,2025,Victoria,12,2025-02-02,2025-12-28,10,68,0
48471,2015,Walker,6,2015-02-09,2015-12-27,6,26,0
48471,2016,Walker,6,2016-01-30,2016-12-29,8,28,0
48471,2017,Walker,7,2017-01-10,2017-11-07,7,28,0
48471,2018,Walker,3,2018-05-12,2018-07-24,9,18,0
48471,2019,Walker,6,2019-02-05,2019-12-28,8,29,0
48471,2020,Walker,11,2020-01-15,2020-12-30,6,46,0
48471,2021,Walker,4,2021-09-02,2022-01-01,9,20,0
48471,2022,Walker,12,2022-03-26,2022-12-10,24,107,0
48471,2023,Walker,16,2023-01-01,2023-10-28,51,125,0
48471,2024,Walker,6,2024-02-25,2024-12-18,9,32,0
48471,2025,Walker,8,2025-02-02,2025-12-28,14,59,0
48473,2015,Waller,7,2015-01-27,2015-12-27,9,36,36
48473,2016,Waller,10,2016-01-30,2016-12-29,9,48,48
48473,2017,Waller,13,2017-01-10,2017-12-22,7,55,55
48473,2018,Waller,7,2018-03-17,2018-08-23,16,45,45
48473,2019,Waller,8,2019-01-06,2019-12-28,14,49,49
48473,2020,Waller,12,2020-03-11,2020-12-30,6,49,49
48473,2021,Waller,6,2021-10-08,2022-01-01,10,29,29
48473,2022,Waller,14,2022-03-04,2022-12-10,22,111,111
48473,2023,Waller,15,2023-01-01,2023-11-09,65,134,134
48473,2024,Waller,15,2024-02-24,2024-12-31,17,81,81
48473,2025,Waller,13,2025-02-02,2025-12-28,20,86,86
48475,2015,Ward,6,2015-02-07,2015-12-25,6,22,0
48475,2016,Ward,6,2016-01-29,2016-11-01,4,23,0
48475,2017,Ward,7,2017-01-10,2017-11-06,7,29,2
48475,2018,Ward,3,2018-05-08,2018-07-23,9,19,0
48475,2019,Ward,6,2019-02-03,2019-12-15,8,25,0
48475,2020,Ward,5,2020-05-01,2020-10-11,8,23,0
48475,2021,Ward,8,2021-06-09,2021-12-28,7,34,0
48475,2022,Ward,5,2022-03-26,2023-01-02,4,15,0
48475,2023,Ward,12,2023-01-09,2023-11-08,10,58,0
48475,2024,Ward,6,2024-02-25,2024-10-13,5,22,0
48475,2025,Ward,8,2025-02-02,2025-12-28,7,36,0
48477,2015,Washington,5,2015-02-09,2015-12-27,8,29,0
48477,2016,Washington,9,2016-01-30,2016-12-29,9,45,0
48477,2017,Washington,9,2017-01-10,2017-12-22,12,43,0
48477,2018,Washington,4,2018-02-19,2018-05-19,4,14,0
48477,2019,Washington,6,2019-02-05,2019-12-28,8,24,0
48477,2020,Washington,6,2020-01-15,2020-12-30,5,22,0
48477,2021,Washington,5,2021-01-24,2022-01-01,9,23,0
48477,2022,Washington,14,2022-03-26,2022-12-10,11,88,0
48477,2023,Washington,17,2023-01-01,2023-10-26,16,96,0
48477,2024,Washington,8,2024-02-25,2024-12-17,9,34,0
48477,2025,Washington,11,2025-02-02,2025-12-28,10,59,0
48479,2015,Webb,6,2015-07-25,2015-12-26,6,27,0
48479,2016,Webb,12,2016-01-30,2016-12-28,9,49,0
48479,2017,Webb,10,2017-01-10,2017-12-05,6,40,0
48479,2018,Webb,7,2018-02-18,2018-12-02,7,27,0
48479,2019,Webb,8,2019-02-04,2019-12-16,14,39,0
48479,2020,Webb,12,2020-01-14,2020-12-29,7,51,0
48479,2021,Webb,12,2021-01-24,2022-01-01,11,52,0
48479,2022,Webb,13,2022-03-04,2023-01-06,10,59,0
48479,2023,Webb,12,2023-01-15,2023-10-29,20,111,0
48479,2024,Webb,15,2024-02-25,2024-12-31,13,81,0
48479,2025,Webb,16,2025-02-02,2025-12-28,13,88,0
48481,2015,Wharton,6,2015-02-09,2015-12-27,8,32,0
48481,2016,Wharton,14,2016-01-31,2016-12-29,9,64,0
48481,2017,Wharton,12,2017-01-11,2017-12-22,7,49,0
48481,2018,Wharton,8,2018-03-17,2018-11-08,10,48,0
48481,2019,Wharton,4,2019-08-12,2019-12-28,6,17,0
48481,2020,Wharton,9,2020-01-15,2020-12-30,6,35,0
48481,2021,Wharton,5,2021-01-25,2022-01-02,10,21,0
48481,2022,Wharton,10,2022-03-04,2022-12-10,17,74,0
48481,2023,Wharton,14,2023-01-01,2023-10-03,23,132,0
48481,2024,Wharton,13,2024-03-05,2024-12-18,9,66,0
48481,2025,Wharton,10,2025-02-02,2025-12-28,9,65,0
48483,2015,Wheeler,9,2015-01-27,2015-12-12,5,34,2
48483,2016,Wheeler,7,2016-01-29,2016-12-26,4,23,2
48483,2017,Wheeler,9,2017-01-23,2017-09-22,5,31,4
48483,2018,Wheeler,5,2018-05-07,2018-07-23,10,27,0
48483,2019,Wheeler,5,2019-01-05,2019-12-27,6,22,22
48483,2020,Wheeler,10,2020-01-08,2020-12-11,7,44,44
48483,2021,Wheeler,9,2021-06-17,2021-12-27,8,40,40
48483,2022,Wheeler,13,2022-01-17,2022-10-23,14,62,62
48483,2023,Wheeler,15,2023-01-01,2023-11-08,9,63,63
48483,2024,Wheeler,11,2024-01-30,2024-12-18,11,59,59
48483,2025,Wheeler,9,2025-02-02,2025-12-28,9,46,46
48485,2015,Wichita,5,2015-01-17,2015-12-12,5,20,0
48485,2016,Wichita,5,2016-02-18,2016-12-26,4,16,0
48485,2017,Wichita,6,2017-01-09,2017-09-21,5,20,0
48485,2018,Wichita,6,2018-03-22,2018-11-30,7,24,0
48485,2019,Wichita,4,2019-01-05,2019-12-26,5,15,0
48485,2020,Wichita,2,2020-05-01,2020-10-22,4,7,0
48485,2021,Wichita,5,2021-10-07,2021-12-31,9,28,0
48485,2022,Wichita,13,2022-02-14,2023-01-02,9,66,0
48485,2023,Wichita,12,2023-01-09,2023-11-08,13,63,0
48485,2024,Wichita,11,2024-01-30,2024-12-17,10,48,0
48485,2025,Wichita,6,2025-02-01,2025-12-28,9,31,0
48487,2015,Wilbarger,5,2015-01-27,2015-12-24,6,24,24
48487,2016,Wilbarger,6,2016-01-29,2016-12-28,7,26,26
48487,2017,Wilbarger,7,2017-01-10,2017-12-04,6,24,24
48487,2018,Wilbarger,5,2018-03-23,2018-07-23,8,24,24
48487,2019,Wilbarger,5,2019-01-05,2019-12-26,5,19,19
48487,2020,Wilbarger,6,2020-03-25,2020-12-11,5,22,22
48487,2021,Wilbarger,6,2021-10-08,2021-12-31,10,32,32
48487,2022,Wilbarger,12,2022-03-03,2022-10-23,14,67,67
48487,2023,Wilbarger,14,2023-01-01,2023-11-09,10,67,67
48487,2024,Wilbarger,11,2024-01-30,2024-12-17,11,53,53
48487,2025,Wilbarger,6,2025-02-01,2025-12-28,9,32,32
48489,2015,Willacy,3,2015-09-07,2015-12-27,4,12,3
48489,2016,Willacy,9,2016-03-14,2016-12-29,10,60,0
48489,2017,Willacy,12,2017-01-11,2017-11-07,8,51,8
48489,2018,Willacy,8,2018-03-17,2018-09-03,25,80,80
48489,2019,Willacy,13,2019-02-05,2019-12-16,29,99,99
48489,2020,Willacy,12,2020-01-14,2020-12-31,16,71,67
48489,2021,Willacy,9,2021-01-24,2022-01-02,9,42,1
48489,2022,Willacy,7,2022-05-06,2022-12-14,6,28,2
48489,2023,Willacy,17,2023-01-01,2023-11-10,19,113,0
48489,2024,Willacy,13,2024-02-26,2024-12-31,15,69,0
48489,2025,Willacy,11,2025-02-03,2025-12-29,15,84,0
48491,2015,Williamson,8,2015-01-27,2015-12-27,6,35,0
48491,2016,Williamson,7,2016-01-30,2016-12-29,5,28,0
48491,2017,Williamson,11,2017-01-11,2017-12-05,7,40,0
48491,2018,Williamson,7,2018-03-17,2018-10-15,10,44,0
48491,2019,Williamson,4,2019-09-05,2019-12-16,18,32,0
48491,2020,Williamson,12,2020-03-12,2020-12-29,5,43,0
48491,2021,Williamson,7,2021-04-07,2022-01-01,9,28,0
48491,2022,Williamson,12,2022-03-26,2023-01-03,25,97,0
48491,2023,Williamson,14,2023-01-10,2023-10-23,30,120,0
48491,2024,Williamson,11,2024-02-25,2024-12-31,16,71,0
48491,2025,Williamson,16,2025-02-02,2025-12-28,11,78,0
48493,2015,Wilson,3,2015-02-09,2015-10-16,6,13,0
48493,2016,Wilson,7,2016-03-14,2016-12-27,6,26,3
48493,2017,Wilson,5,2017-01-11,2017-11-20,7,19,0
48493,2018,Wilson,6,2018-02-18,2018-12-03,9,29,0
48493,2019,Wilson,1,2019-04-11,2019-04-14,4,4,0
48493,2020,Wilson,5,2020-03-24,2020-10-12,5,18,18
48493,2021,Wilson,3,2021-09-19,2022-01-01,9,14,14
48493,2022,Wilson,10,2022-03-26,2022-12-09,9,52,52
48493,2023,Wilson,14,2023-01-01,2023-10-22,22,89,89
48493,2024,Wilson,7,2024-02-25,2024-12-31,9,35,35
48493,2025,Wilson,8,2025-02-02,2025-12-28,8,44,44
48495,2015,Winkler,4,2015-02-07,2015-09-18,7,21,0
48495,2016,Winkler,7,2016-01-29,2016-11-17,11,34,0
48495,2017,Winkler,7,2017-02-04,2017-11-07,8,28,0
48495,2018,Winkler,5,2018-03-22,2018-08-29,8,28,0
48495,2019,Winkler,5,2019-02-03,2019-08-27,6,22,0
48495,2020,Winkler,7,2020-03-25,2020-10-11,7,33,0
48495,2021,Winkler,6,2021-06-08,2021-12-27,6,25,0
48495,2022,Winkler,8,2022-03-26,2023-01-02,7,30,0
48495,2023,Winkler,9,2023-03-05,2023-11-08,14,54,3
48495,2024,Winkler,11,2024-02-25,2024-10-30,7,47,0
48495,2025,Winkler,4,2025-02-02,2025-12-28,7,24,17
48497,2015,Wise,6,2015-01-18,2015-12-26,6,26,0
48497,2016,Wise,5,2016-01-29,2016-12-29,7,22,0
48497,2017,Wise,6,2017-01-10,2017-12-05,7,23,0
48497,2018,Wise,6,2018-03-24,2018-07-23,10,41,0
48497,2019,Wise,3,2019-02-03,2019-12-26,6,14,0
48497,2020,Wise,7,2020-03-10,2020-12-23,4,23,0
48497,2021,Wise,6,2021-10-07,2022-01-01,10,31,0
48497,2022,Wise,13,2022-02-14,2023-01-02,16,70,0
48497,2023,Wise,16,2023-01-09,2023-11-08,10,75,0
48497,2024,Wise,10,2024-01-29,2024-12-17,6,39,0
48497,2025,Wise,6,2025-02-01,2025-12-28,7,27,0
48499,2015,Wood,8,2015-01-19,2015-12-27,6,32,0
48499,2016,Wood,6,2016-01-30,2016-12-28,7,24,0
48499,2017,Wood,4,2017-01-10,2017-12-04,5,15,0
48499,2018,Wood,5,2018-05-17,2018-07-24,9,26,0
48499,2019,Wood,8,2019-01-06,2019-12-28,10,34,0
48499,2020,Wood,2,2020-03-11,2020-03-28,4,7,0
48499,2021,Wood,4,2021-10-09,2022-01-02,10,18,0
48499,2022,Wood,12,2022-03-03,2022-12-11,11,59,0
48499,2023,Wood,11,2023-01-01,2023-11-09,10,52,0
48499,2024,Wood,8,2024-02-21,2024-12-18,9,34,0
48499,2025,Wood,7,2025-02-03,2025-12-29,9,35,0
48501,2015,Yoakum,9,2015-01-27,2015-12-13,6,34,0
48501,2016,Yoakum,7,2016-01-30,2016-11-18,7,30,0
48501,2017,Yoakum,10,2017-01-10,2017-12-05,10,53,0
48501,2018,Yoakum,8,2018-02-04,2018-10-06,8,37,0
48501,2019,Yoakum,9,2019-01-05,2019-12-25,6,33,0
48501,2020,Yoakum,10,2020-05-01,2020-11-07,11,50,0
48501,2021,Yoakum,7,2021-06-08,2021-12-28,7,32,0
48501,2022,Yoakum,11,2022-01-13,2022-09-19,7,48,0
48501,2023,Yoakum,15,2023-01-01,2023-11-09,11,75,0
48501,2024,Yoakum,11,2024-04-14,2024-10-30,14,50,0
48501,2025,Yoakum,8,2025-02-06,2025-12-29,7,39,0
48503,2015,Young,6,2015-01-18,2015-12-23,6,28,0
48503,2016,Young,4,2016-02-18,2016-12-26,10,19,0
48503,2017,Young,8,2017-01-09,2017-12-04,7,31,0
48503,2018,Young,6,2018-03-22,2018-11-30,9,30,0
48503,2019,Young,4,2019-02-03,2019-10-03,4,14,0
48503,2020,Young,5,2020-01-13,2020-12-10,5,18,0
48503,2021,Young,4,2021-10-08,2021-12-31,9,19,3
48503,2022,Young,14,2022-03-26,2023-01-02,8,64,0
48503,2023,Young,14,2023-01-09,2023-11-08,15,63,0
48503,2024,Young,8,2024-01-30,2024-12-17,10,37,1
48503,2025,Young,6,2025-02-01,2025-12-28,7,29,0
48505,2015,Zapata,2,2015-12-10,2015-12-27,5,8,3
48505,2016,Zapata,8,2016-07-04,2016-12-29,9,37,1
48505,2017,Zapata,7,2017-01-02,2017-05-29,6,26,0
48505,2019,Zapata,1,2019-12-14,2019-12-16,3,3,3
48505,2020,Zapata,2,2020-07-12,2020-10-12,3,6,6
48505,2021,Zapata,2,2021-12-15,2022-01-01,9,12,12
48505,2022,Zapata,1,2022-07-08,2022-07-13,6,7,7
48505,2023,Zapata,9,2023-02-28,2023-09-25,11,47,47
48505,2024,Zapata,4,2024-08-21,2024-12-31,5,14,14
48505,2025,Zapata,4,2025-02-03,2025-12-28,8,25,25
48507,2015,Zavala,2,2015-10-12,2015-12-26,4,8,8
48507,2016,Zavala,5,2016-01-31,2016-12-28,4,19,19
48507,2017,Zavala,3,2017-01-11,2017-02-24,3,9,9
48507,2018,Zavala,3,2018-05-26,2018-07-24,7,13,13
48507,2019,Zavala,4,2019-08-12,2019-12-16,5,14,14
48507,2020,Zavala,6,2020-03-25,2020-10-12,6,22,22
48507,2021,Zavala,5,2021-10-24,2022-01-01,5,17,17
48507,2022,Zavala,6,2022-03-26,2022-07-21,10,35,35
48507,2023,Zavala,9,2023-01-01,2023-09-25,22,70,70
48507,2024,Zavala,7,2024-05-25,2024-12-31,9,36,36
48507,2025,Zavala,8,2025-02-02,2025-12-28,9,41,41
