county_fips,year,county_name,heatwave_events_started,first_event_start_date,last_event_end_date,longest_event_duration_days,heatwave_days,heatwave_days_imputed
48001,2015,Anderson,13,2015-01-28,2015-12-27,7,46,0
48001,2016,Anderson,17,2016-01-30,2016-12-28,15,79,0
48001,2017,Anderson,24,2017-01-01,2017-12-20,7,69,0
48001,2018,Anderson,19,2018-02-15,2018-12-27,8,62,0
48001,2019,Anderson,10,2019-01-07,2019-12-28,14,36,0
48001,2020,Anderson,21,2020-01-09,2020-12-30,5,56,0
48001,2021,Anderson,13,2021-01-24,2022-01-01,10,42,0
48001,2022,Anderson,14,2022-03-05,2022-12-30,9,48,0
48001,2023,Anderson,22,2023-01-01,2023-11-08,8,83,0
48001,2024,Anderson,18,2024-02-08,2024-12-28,14,70,0
48001,2025,Anderson,20,2025-01-29,2025-12-28,9,72,0
48003,2015,Andrews,13,2015-01-28,2015-12-26,6,42,1
48003,2016,Andrews,14,2016-01-31,2016-12-29,11,45,0
48003,2017,Andrews,18,2017-01-01,2017-12-22,12,57,0
48003,2018,Andrews,15,2018-01-09,2018-12-01,11,52,0
48003,2019,Andrews,13,2019-01-06,2019-12-27,6,42,2
48003,2020,Andrews,17,2020-01-14,2020-11-20,4,43,0
48003,2021,Andrews,22,2021-01-23,2021-12-29,8,65,0
48003,2022,Andrews,16,2022-03-27,2023-01-02,8,57,8
48003,2023,Andrews,22,2023-01-09,2023-12-08,10,72,0
48003,2024,Andrews,23,2024-02-01,2024-12-30,6,68,11
48003,2025,Andrews,16,2025-02-02,2025-12-28,8,51,1
48005,2015,Angelina,15,2015-02-08,2015-12-27,5,46,0
48005,2016,Angelina,19,2016-01-30,2016-12-28,8,73,0
48005,2017,Angelina,23,2017-01-01,2017-11-17,7,65,0
48005,2018,Angelina,21,2018-02-15,2018-12-27,7,67,0
48005,2019,Angelina,14,2019-01-07,2019-12-28,9,41,0
48005,2020,Angelina,18,2020-01-09,2020-12-30,6,59,0
48005,2021,Angelina,21,2021-01-24,2022-01-01,9,80,0
48005,2022,Angelina,22,2022-01-08,2023-01-03,9,78,0
48005,2023,Angelina,23,2023-01-06,2023-12-23,14,116,0
48005,2024,Angelina,26,2024-01-23,2024-12-28,10,98,0
48005,2025,Angelina,22,2025-01-29,2025-12-28,9,87,0
48007,2015,Aransas,14,2015-04-01,2015-12-26,4,42,0
48007,2016,Aransas,18,2016-01-31,2016-12-28,10,74,0
48007,2017,Aransas,30,2017-01-01,2017-12-04,9,101,0
48007,2018,Aransas,15,2018-02-15,2018-12-27,6,46,1
48007,2019,Aransas,17,2019-01-07,2019-12-28,6,57,0
48007,2020,Aransas,28,2020-01-09,2020-12-30,10,101,0
48007,2021,Aransas,19,2021-01-24,2022-01-01,9,62,0
48007,2022,Aransas,21,2022-02-21,2022-12-13,14,80,0
48007,2023,Aransas,25,2023-01-01,2023-12-23,19,133,0
48007,2024,Aransas,26,2024-02-08,2024-12-28,14,132,0
48007,2025,Aransas,23,2025-01-04,2025-12-28,13,120,0
48009,2015,Archer,11,2015-01-27,2015-12-26,7,36,36
48009,2016,Archer,13,2016-01-30,2016-12-28,9,42,8
48009,2017,Archer,16,2017-01-02,2017-12-04,6,42,14
48009,2018,Archer,9,2018-01-20,2018-12-01,7,29,29
48009,2019,Archer,8,2019-01-06,2019-12-28,12,32,32
48009,2020,Archer,16,2020-01-09,2020-12-30,4,38,38
48009,2021,Archer,11,2021-02-03,2021-12-31,9,41,41
48009,2022,Archer,15,2022-03-04,2022-12-13,13,55,55
48009,2023,Archer,20,2023-01-01,2023-12-24,7,69,69
48009,2024,Archer,24,2024-01-30,2024-12-30,7,73,73
48009,2025,Archer,14,2025-02-02,2025-12-28,9,54,54
48011,2015,Armstrong,22,2015-01-19,2015-12-24,6,80,80
48011,2016,Armstrong,21,2016-01-24,2016-12-28,11,77,77
48011,2017,Armstrong,23,2017-01-10,2017-12-04,8,71,71
48011,2018,Armstrong,23,2018-01-09,2018-12-27,13,84,84
48011,2019,Armstrong,20,2019-01-05,2019-12-27,9,76,76
48011,2020,Armstrong,23,2020-01-09,2020-12-11,9,79,79
48011,2021,Armstrong,19,2021-02-03,2021-12-31,9,65,65
48011,2022,Armstrong,21,2022-03-03,2022-12-29,13,88,88
48011,2023,Armstrong,30,2023-01-01,2023-12-24,11,119,119
48011,2024,Armstrong,27,2024-01-29,2024-12-31,15,125,125
48011,2025,Armstrong,24,2025-02-02,2025-12-28,9,83,83
48013,2015,Atascosa,14,2015-04-01,2015-12-27,7,43,0
48013,2016,Atascosa,13,2016-02-19,2016-12-29,7,42,0
48013,2017,Atascosa,21,2017-01-01,2017-12-05,7,68,0
48013,2018,Atascosa,18,2018-02-16,2018-12-27,5,44,0
48013,2019,Atascosa,19,2019-01-07,2019-12-29,11,75,0
48013,2020,Atascosa,19,2020-01-10,2020-12-30,9,64,0
48013,2021,Atascosa,24,2021-01-22,2022-01-01,9,84,0
48013,2022,Atascosa,20,2022-03-05,2022-12-13,13,79,0
48013,2023,Atascosa,22,2023-01-01,2023-12-24,10,86,0
48013,2024,Atascosa,22,2024-02-09,2024-12-31,7,71,2
48013,2025,Atascosa,12,2025-01-04,2025-12-28,9,58,0
48015,2015,Austin,9,2015-02-09,2015-12-27,5,31,4
48015,2016,Austin,20,2016-01-31,2016-12-29,6,65,12
48015,2017,Austin,30,2017-01-02,2017-12-20,7,85,2
48015,2018,Austin,17,2018-01-21,2018-12-27,7,48,5
48015,2019,Austin,16,2019-01-07,2019-12-28,17,59,17
48015,2020,Austin,14,2020-01-15,2020-12-31,6,48,11
48015,2021,Austin,18,2021-01-24,2022-01-01,9,54,12
48015,2022,Austin,18,2022-02-16,2022-12-30,12,74,7
48015,2023,Austin,23,2023-01-02,2023-12-24,15,108,28
48015,2024,Austin,21,2024-02-09,2024-12-29,11,85,53
48015,2025,Austin,19,2025-02-03,2025-12-28,9,69,24
48017,2015,Bailey,12,2015-01-19,2015-12-24,5,32,0
48017,2016,Bailey,12,2016-01-24,2016-12-25,6,37,0
48017,2017,Bailey,19,2017-01-09,2017-12-04,8,53,0
48017,2018,Bailey,13,2018-01-09,2018-12-01,6,40,0
48017,2019,Bailey,12,2019-01-05,2019-12-27,8,43,0
48017,2020,Bailey,13,2020-03-11,2020-11-22,7,47,0
48017,2021,Bailey,16,2021-02-03,2021-12-27,5,41,0
48017,2022,Bailey,17,2022-03-04,2023-01-02,6,51,0
48017,2023,Bailey,22,2023-01-10,2023-12-24,7,76,0
48017,2024,Bailey,21,2024-01-31,2024-12-30,9,71,0
48017,2025,Bailey,18,2025-02-02,2025-12-28,9,60,0
48019,2015,Bandera,16,2015-01-28,2015-12-27,7,50,0
48019,2016,Bandera,14,2016-02-01,2016-12-29,13,58,0
48019,2017,Bandera,28,2017-01-01,2017-12-05,8,92,0
48019,2018,Bandera,17,2018-02-15,2018-12-27,8,55,0
48019,2019,Bandera,17,2019-01-07,2019-12-28,15,59,0
48019,2020,Bandera,18,2020-01-10,2020-12-30,6,55,5
48019,2021,Bandera,8,2021-01-23,2022-01-01,10,31,0
48019,2022,Bandera,19,2022-03-04,2022-12-14,8,72,0
48019,2023,Bandera,21,2023-01-02,2023-12-24,9,80,0
48019,2024,Bandera,20,2024-02-09,2024-12-26,12,91,81
48019,2025,Bandera,18,2025-01-04,2025-12-28,9,70,70
48021,2015,Bastrop,17,2015-03-31,2015-12-27,5,50,0
48021,2016,Bastrop,16,2016-01-31,2016-12-29,14,74,0
48021,2017,Bastrop,23,2017-01-10,2017-12-05,11,85,0
48021,2018,Bastrop,12,2018-02-28,2018-12-27,4,33,0
48021,2019,Bastrop,13,2019-01-07,2019-12-29,15,57,0
48021,2020,Bastrop,17,2020-01-14,2020-12-29,6,57,0
48021,2021,Bastrop,16,2021-01-22,2021-12-31,9,58,0
48021,2022,Bastrop,20,2022-03-04,2022-12-13,9,72,1
48021,2023,Bastrop,23,2023-01-01,2023-12-24,13,94,0
48021,2024,Bastrop,31,2024-02-08,2024-12-24,9,105,0
48021,2025,Bastrop,24,2025-01-03,2025-12-28,9,97,0
48023,2015,Baylor,24,2015-01-27,2015-12-24,6,69,0
48023,2016,Baylor,23,2016-01-29,2016-12-26,11,79,0
48023,2017,Baylor,20,2017-01-10,2017-12-05,8,66,0
48023,2018,Baylor,16,2018-01-09,2018-12-01,7,46,0
48023,2019,Baylor,10,2019-01-06,2019-12-28,11,37,0
48023,2020,Baylor,19,2020-01-02,2020-12-30,4,45,0
48023,2021,Baylor,14,2021-02-03,2021-12-31,9,50,0
48023,2022,Baylor,18,2022-02-15,2022-12-13,13,61,0
48023,2023,Baylor,26,2023-01-01,2023-12-24,7,81,0
48023,2024,Baylor,26,2024-01-30,2024-12-30,12,94,0
48023,2025,Baylor,15,2025-02-02,2025-12-28,9,56,0
48025,2015,Bee,7,2015-04-07,2015-12-26,4,17,2
48025,2016,Bee,12,2016-02-20,2016-12-29,6,36,0
48025,2017,Bee,11,2017-01-11,2017-12-05,7,37,0
48025,2018,Bee,14,2018-02-16,2018-12-27,6,39,0
48025,2019,Bee,18,2019-01-08,2019-12-29,6,50,0
48025,2020,Bee,17,2020-01-14,2020-12-30,9,57,0
48025,2021,Bee,13,2021-01-25,2022-01-01,8,42,0
48025,2022,Bee,15,2022-02-22,2022-12-14,9,52,0
48025,2023,Bee,28,2023-01-02,2023-12-24,12,103,6
48025,2024,Bee,17,2024-02-10,2024-12-25,9,68,17
48025,2025,Bee,21,2025-01-04,2025-12-28,11,75,1
48027,2015,Bell,15,2015-01-27,2015-12-27,7,48,0
48027,2016,Bell,20,2016-02-19,2017-01-02,13,71,0
48027,2017,Bell,20,2017-01-10,2017-12-21,7,68,0
48027,2018,Bell,17,2018-02-15,2018-12-27,8,50,0
48027,2019,Bell,15,2019-01-07,2019-12-28,18,54,0
48027,2020,Bell,21,2020-01-09,2020-11-21,6,58,1
48027,2021,Bell,13,2021-01-24,2021-12-31,9,45,0
48027,2022,Bell,21,2022-03-04,2023-01-03,10,74,0
48027,2023,Bell,24,2023-01-06,2023-12-24,14,101,0
48027,2024,Bell,30,2024-01-30,2024-12-30,13,119,0
48027,2025,Bell,22,2025-01-29,2025-12-28,9,78,0
48029,2015,Bexar,19,2015-02-08,2015-12-27,8,66,0
48029,2016,Bexar,20,2016-01-31,2017-01-03,14,77,0
48029,2017,Bexar,25,2017-01-09,2017-12-04,8,83,0
48029,2018,Bexar,14,2018-02-15,2018-12-26,4,36,0
48029,2019,Bexar,8,2019-01-07,2019-12-27,6,26,0
48029,2020,Bexar,12,2020-01-09,2020-12-30,5,37,0
48029,2021,Bexar,12,2021-01-24,2022-01-01,9,39,0
48029,2022,Bexar,17,2022-02-21,2022-12-13,8,50,0
48029,2023,Bexar,22,2023-01-01,2023-12-24,7,70,0
48029,2024,Bexar,20,2024-02-08,2024-12-24,12,72,0
48029,2025,Bexar,12,2025-02-03,2025-12-28,9,57,0
48031,2015,Blanco,10,2015-04-01,2015-12-27,5,29,0
48031,2016,Blanco,14,2016-02-19,2016-12-28,8,54,15
48031,2017,Blanco,16,2017-01-10,2017-12-04,6,50,0
48031,2018,Blanco,8,2018-02-15,2018-10-07,4,19,0
48031,2019,Blanco,9,2019-01-07,2019-12-28,15,40,0
48031,2020,Blanco,15,2020-01-10,2020-12-30,5,44,8
48031,2021,Blanco,16,2021-01-22,2022-01-01,9,52,28
48031,2022,Blanco,21,2022-02-16,2023-01-03,22,109,2
48031,2023,Blanco,24,2023-01-06,2023-12-24,17,131,0
48031,2024,Blanco,28,2024-02-08,2024-12-30,10,112,20
48031,2025,Blanco,16,2025-01-03,2025-12-28,9,72,61
48033,2015,Borden,11,2015-01-27,2015-12-24,4,29,10
48033,2016,Borden,12,2016-01-29,2016-12-26,9,41,16
48033,2017,Borden,11,2017-01-09,2017-12-04,6,33,6
48033,2018,Borden,13,2018-01-09,2018-11-30,6,39,8
48033,2019,Borden,14,2019-01-16,2019-12-28,9,44,3
48033,2020,Borden,18,2020-02-02,2020-12-10,7,49,4
48033,2021,Borden,16,2021-02-02,2021-12-31,9,56,3
48033,2022,Borden,16,2022-03-04,2023-01-02,14,61,2
48033,2023,Borden,19,2023-01-09,2023-12-24,8,70,19
48033,2024,Borden,19,2024-02-25,2024-12-30,9,62,20
48033,2025,Borden,14,2025-02-02,2025-12-28,8,43,9
48035,2015,Bosque,10,2015-01-28,2015-12-27,7,28,10
48035,2016,Bosque,13,2016-02-19,2016-12-29,7,44,26
48035,2017,Bosque,17,2017-01-01,2017-12-03,8,50,28
48035,2018,Bosque,7,2018-02-15,2018-12-27,4,18,14
48035,2019,Bosque,7,2019-01-07,2019-12-28,10,27,13
48035,2020,Bosque,15,2020-01-09,2020-12-29,4,37,19
48035,2021,Bosque,8,2021-01-24,2022-01-01,10,30,25
48035,2022,Bosque,10,2022-03-04,2022-12-14,9,41,23
48035,2023,Bosque,25,2023-01-01,2023-12-24,10,87,42
48035,2024,Bosque,21,2024-02-01,2024-12-30,11,77,77
48035,2025,Bosque,11,2025-02-02,2025-12-28,9,43,43
48037,2015,Bowie,14,2015-01-28,2015-12-28,6,38,0
48037,2016,Bowie,24,2016-01-08,2016-12-28,9,87,0
48037,2017,Bowie,19,2017-01-02,2017-12-04,8,61,0
48037,2018,Bowie,15,2018-01-21,2018-12-27,8,58,0
48037,2019,Bowie,11,2019-01-07,2019-12-29,13,51,0
48037,2020,Bowie,12,2020-01-09,2020-11-10,5,35,0
48037,2021,Bowie,15,2021-01-25,2022-01-01,9,54,0
48037,2022,Bowie,14,2022-03-05,2023-01-03,13,53,0
48037,2023,Bowie,23,2023-01-07,2023-12-24,6,84,0
48037,2024,Bowie,23,2024-01-24,2024-12-28,9,87,0
48037,2025,Bowie,16,2025-02-03,2025-12-28,8,63,0
48039,2015,Brazoria,18,2015-03-18,2015-12-27,12,71,0
48039,2016,Brazoria,25,2016-01-31,2016-12-29,24,142,0
48039,2017,Brazoria,32,2017-01-01,2017-12-20,13,122,0
48039,2018,Brazoria,23,2018-02-15,2018-11-30,8,79,0
48039,2019,Brazoria,17,2019-01-07,2019-11-30,12,79,0
48039,2020,Brazoria,23,2020-01-09,2020-12-30,10,88,0
48039,2021,Brazoria,24,2021-01-21,2022-01-01,9,73,0
48039,2022,Brazoria,24,2022-01-08,2022-12-13,9,85,0
48039,2023,Brazoria,25,2023-01-01,2023-12-09,17,138,0
48039,2024,Brazoria,25,2024-01-23,2024-12-28,13,106,0
48039,2025,Brazoria,23,2025-01-29,2025-12-28,10,89,0
48041,2015,Brazos,11,2015-04-02,2015-12-27,5,28,0
48041,2016,Brazos,15,2016-01-31,2016-12-28,8,56,0
48041,2017,Brazos,19,2017-01-10,2017-11-17,7,57,0
48041,2018,Brazos,16,2018-02-19,2018-12-27,6,43,0
48041,2019,Brazos,21,2019-01-07,2019-12-28,9,58,0
48041,2020,Brazos,18,2020-01-09,2020-12-30,5,54,0
48041,2021,Brazos,16,2021-01-24,2021-12-31,9,56,0
48041,2022,Brazos,20,2022-01-08,2022-12-13,13,89,1
48041,2023,Brazos,22,2023-01-01,2023-11-08,17,120,0
48041,2024,Brazos,24,2024-02-08,2024-12-24,11,95,0
48041,2025,Brazos,17,2025-01-03,2025-12-28,9,68,0
48043,2015,Brewster,16,2015-01-28,2015-12-26,6,49,0
48043,2016,Brewster,16,2016-01-31,2016-12-29,7,61,0
48043,2017,Brewster,17,2017-01-04,2017-12-31,8,60,0
48043,2018,Brewster,18,2018-01-09,2018-12-01,7,59,0
48043,2019,Brewster,18,2019-01-06,2019-12-16,6,58,0
48043,2020,Brewster,17,2020-01-14,2020-12-29,7,56,0
48043,2021,Brewster,17,2021-01-23,2022-01-01,10,61,0
48043,2022,Brewster,15,2022-03-04,2022-12-12,8,50,0
48043,2023,Brewster,23,2023-01-01,2023-12-24,16,112,0
48043,2024,Brewster,22,2024-02-21,2024-12-31,16,104,0
48043,2025,Brewster,20,2025-02-03,2025-12-28,12,87,0
48045,2015,Briscoe,18,2015-01-19,2015-12-24,6,62,0
48045,2016,Briscoe,19,2016-01-30,2016-12-27,6,64,0
48045,2017,Briscoe,21,2017-01-02,2017-12-04,6,56,0
48045,2018,Briscoe,23,2018-01-10,2018-12-01,9,74,0
48045,2019,Briscoe,16,2019-01-05,2019-12-27,8,66,0
48045,2020,Briscoe,20,2020-01-14,2020-12-28,11,72,0
48045,2021,Briscoe,22,2021-02-03,2021-12-27,5,70,0
48045,2022,Briscoe,20,2022-03-04,2022-12-07,6,64,0
48045,2023,Briscoe,22,2023-01-01,2023-12-24,7,76,0
48045,2024,Briscoe,26,2024-01-30,2024-12-31,16,109,0
48045,2025,Briscoe,24,2025-02-02,2025-12-28,9,91,0
48047,2015,Brooks,3,2015-09-06,2015-12-27,4,10,7
48047,2016,Brooks,11,2016-02-01,2016-12-29,6,32,5
48047,2017,Brooks,13,2017-01-11,2017-11-18,8,39,12
48047,2018,Brooks,6,2018-02-19,2018-11-07,3,13,2
48047,2019,Brooks,12,2019-01-08,2019-12-28,6,37,12
48047,2020,Brooks,11,2020-01-10,2020-12-31,8,32,14
48047,2021,Brooks,13,2021-01-24,2022-01-01,9,41,14
48047,2022,Brooks,9,2022-02-22,2022-12-13,8,27,14
48047,2023,Brooks,21,2023-01-02,2023-10-28,12,78,78
48047,2024,Brooks,11,2024-03-14,2024-12-25,9,37,37
48047,2025,Brooks,9,2025-02-03,2025-12-28,10,45,45
48049,2015,Brown,17,2015-01-28,2015-12-27,5,49,1
48049,2016,Brown,15,2016-01-31,2016-12-29,6,51,0
48049,2017,Brown,20,2017-01-01,2017-12-05,8,59,1
48049,2018,Brown,19,2018-02-15,2018-12-27,9,61,0
48049,2019,Brown,10,2019-02-02,2019-12-28,18,44,3
48049,2020,Brown,15,2020-01-09,2020-12-30,4,38,22
48049,2021,Brown,12,2021-02-04,2022-01-01,11,50,1
48049,2022,Brown,22,2022-02-01,2022-12-14,15,82,0
48049,2023,Brown,27,2023-01-01,2023-12-24,10,90,1
48049,2024,Brown,22,2024-02-01,2024-12-31,7,71,0
48049,2025,Brown,18,2025-01-04,2025-12-28,8,65,0
48051,2015,Burleson,16,2015-02-15,2015-12-27,6,46,0
48051,2016,Burleson,20,2016-01-31,2016-12-29,6,65,3
48051,2017,Burleson,26,2017-01-01,2017-12-22,7,84,28
48051,2018,Burleson,8,2018-03-17,2018-12-01,5,24,7
48051,2019,Burleson,9,2019-01-07,2019-12-28,6,25,7
48051,2020,Burleson,17,2020-01-15,2020-12-30,5,49,4
48051,2021,Burleson,18,2021-01-19,2022-01-01,9,61,12
48051,2022,Burleson,20,2022-03-05,2022-12-13,8,74,19
48051,2023,Burleson,23,2023-01-01,2023-12-24,9,92,38
48051,2024,Burleson,18,2024-02-08,2024-12-28,12,78,15
48051,2025,Burleson,22,2025-01-03,2025-12-28,10,83,20
48053,2015,Burnet,17,2015-01-27,2015-12-27,7,54,0
48053,2016,Burnet,20,2016-01-30,2016-12-29,8,75,0
48053,2017,Burnet,26,2017-01-01,2017-12-21,8,83,0
48053,2018,Burnet,20,2018-02-15,2018-12-26,5,56,0
48053,2019,Burnet,21,2019-01-06,2019-12-28,18,75,0
48053,2020,Burnet,20,2020-01-09,2020-12-30,7,66,0
48053,2021,Burnet,14,2021-01-24,2022-01-01,10,47,0
48053,2022,Burnet,19,2022-02-21,2022-12-13,15,77,0
48053,2023,Burnet,21,2023-01-01,2023-12-24,13,100,0
48053,2024,Burnet,28,2024-02-02,2024-12-31,9,108,0
48053,2025,Burnet,22,2025-02-02,2025-12-28,9,80,0
48055,2015,Caldwell,16,2015-03-30,2015-12-27,7,59,0
48055,2016,Caldwell,19,2016-01-31,2017-01-01,13,74,0
48055,2017,Caldwell,29,2017-01-09,2017-12-04,9,102,0
48055,2018,Caldwell,22,2018-02-15,2018-12-27,6,65,0
48055,2019,Caldwell,25,2019-01-07,2019-12-28,18,90,0
48055,2020,Caldwell,23,2020-01-09,2020-12-29,7,80,0
48055,2021,Caldwell,19,2021-01-24,2021-12-31,9,62,0
48055,2022,Caldwell,25,2022-03-04,2022-12-13,13,106,0
48055,2023,Caldwell,26,2023-01-01,2023-12-24,15,119,0
48055,2024,Caldwell,28,2024-02-08,2024-12-28,13,115,0
48055,2025,Caldwell,23,2025-01-03,2025-12-28,9,88,0
48057,2015,Calhoun,13,2015-04-02,2015-12-26,4,31,0
48057,2016,Calhoun,23,2016-01-31,2016-12-28,8,92,0
48057,2017,Calhoun,29,2017-01-01,2017-12-05,13,94,0
48057,2018,Calhoun,12,2018-02-15,2018-11-07,9,42,0
48057,2019,Calhoun,18,2019-01-07,2019-12-28,7,61,0
48057,2020,Calhoun,25,2020-01-09,2020-11-28,8,77,0
48057,2021,Calhoun,19,2021-01-24,2022-01-01,9,62,0
48057,2022,Calhoun,14,2022-01-08,2022-12-13,13,60,0
48057,2023,Calhoun,24,2023-01-01,2023-12-23,14,106,0
48057,2024,Calhoun,26,2024-02-08,2024-12-28,10,113,0
48057,2025,Calhoun,24,2025-01-04,2025-12-28,13,117,0
48059,2015,Callahan,14,2015-01-27,2015-12-27,5,38,0
48059,2016,Callahan,13,2016-01-30,2016-12-28,10,55,0
48059,2017,Callahan,11,2017-01-10,2017-12-04,7,35,0
48059,2018,Callahan,16,2018-02-15,2018-12-01,5,41,0
48059,2019,Callahan,8,2019-01-06,2019-12-28,12,33,0
48059,2020,Callahan,17,2020-01-09,2020-11-21,4,40,0
48059,2021,Callahan,12,2021-02-03,2021-12-31,9,41,0
48059,2022,Callahan,18,2022-01-31,2022-12-10,14,67,0
48059,2023,Callahan,19,2023-01-01,2023-12-24,11,74,0
48059,2024,Callahan,21,2024-02-01,2024-12-24,7,66,0
48059,2025,Callahan,13,2025-02-02,2025-12-28,7,42,0
48061,2015,Cameron,15,2015-04-08,2015-12-27,7,47,0
48061,2016,Cameron,24,2016-01-31,2016-12-29,15,117,0
48061,2017,Cameron,29,2017-01-11,2017-12-22,11,99,0
48061,2018,Cameron,30,2018-02-04,2018-12-27,8,99,0
48061,2019,Cameron,26,2019-01-07,2019-12-28,14,102,0
48061,2020,Cameron,20,2020-01-09,2020-12-30,12,87,0
48061,2021,Cameron,23,2021-01-24,2022-01-01,9,80,0
48061,2022,Cameron,13,2022-03-05,2022-12-13,13,66,0
48061,2023,Cameron,22,2023-01-01,2023-11-09,20,139,0
48061,2024,Cameron,22,2024-02-09,2024-12-31,11,90,0
48061,2025,Cameron,14,2025-02-03,2025-12-28,10,84,0
48063,2015,Camp,22,2015-01-19,2015-12-27,18,101,13
48063,2016,Camp,27,2016-01-13,2017-01-01,14,121,3
48063,2017,Camp,17,2017-01-09,2017-12-05,13,68,21
48063,2018,Camp,11,2018-02-28,2018-12-27,8,39,39
48063,2019,Camp,12,2019-01-06,2019-12-29,13,50,50
48063,2020,Camp,14,2020-01-15,2020-12-30,4,36,36
48063,2021,Camp,11,2021-03-11,2022-01-01,9,40,40
48063,2022,Camp,13,2022-03-05,2023-01-03,13,51,51
48063,2023,Camp,24,2023-01-07,2023-12-24,9,91,91
48063,2024,Camp,19,2024-02-08,2024-12-28,8,73,73
48063,2025,Camp,18,2025-02-03,2025-12-28,8,69,69
48065,2015,Carson,20,2015-01-18,2015-12-22,6,67,13
48065,2016,Carson,18,2016-01-29,2016-12-28,9,59,13
48065,2017,Carson,27,2017-01-09,2017-12-21,6,81,27
48065,2018,Carson,20,2018-01-09,2018-12-26,13,85,85
48065,2019,Carson,19,2019-01-05,2019-12-27,9,80,80
48065,2020,Carson,23,2020-01-09,2020-12-11,9,79,79
48065,2021,Carson,20,2021-02-03,2021-12-31,9,69,69
48065,2022,Carson,21,2022-03-03,2023-01-03,15,94,94
48065,2023,Carson,28,2023-01-06,2023-12-24,13,120,120
48065,2024,Carson,27,2024-01-29,2024-12-31,15,127,127
48065,2025,Carson,23,2025-02-02,2025-12-28,10,87,87
48067,2015,Cass,16,2015-01-28,2015-12-28,7,53,0
48067,2016,Cass,24,2016-01-08,2016-12-29,8,84,2
48067,2017,Cass,17,2017-01-11,2017-12-05,7,51,1
48067,2018,Cass,20,2018-01-21,2018-12-27,8,63,0
48067,2019,Cass,12,2019-01-07,2019-12-29,15,61,0
48067,2020,Cass,19,2020-01-10,2020-12-31,5,48,2
48067,2021,Cass,18,2021-01-25,2022-01-01,9,59,0
48067,2022,Cass,17,2022-03-05,2023-01-04,14,60,0
48067,2023,Cass,23,2023-01-11,2023-12-24,10,84,0
48067,2024,Cass,28,2024-01-24,2024-12-31,8,81,0
48067,2025,Cass,19,2025-01-30,2025-12-28,9,68,0
48069,2015,Castro,18,2015-01-19,2015-12-24,6,47,0
48069,2016,Castro,17,2016-01-24,2016-12-25,4,46,0
48069,2017,Castro,16,2017-01-10,2017-12-04,8,47,0
48069,2018,Castro,15,2018-01-10,2018-11-30,6,45,0
48069,2019,Castro,19,2019-01-06,2019-12-28,7,63,0
48069,2020,Castro,18,2020-02-03,2020-12-11,10,65,0
48069,2021,Castro,15,2021-01-21,2021-12-27,5,39,0
48069,2022,Castro,17,2022-03-03,2022-12-29,12,60,0
48069,2023,Castro,23,2023-01-01,2023-12-24,8,87,0
48069,2024,Castro,18,2024-01-31,2024-12-31,15,73,0
48069,2025,Castro,20,2025-02-03,2025-12-28,9,64,0
48071,2015,Chambers,14,2015-03-19,2015-12-27,7,48,0
48071,2016,Chambers,14,2016-01-30,2016-12-29,11,65,0
48071,2017,Chambers,17,2017-01-01,2017-12-20,13,66,0
48071,2018,Chambers,13,2018-02-14,2018-12-26,16,58,0
48071,2019,Chambers,17,2019-01-07,2019-12-28,10,56,1
48071,2020,Chambers,17,2020-01-02,2020-12-30,6,52,0
48071,2021,Chambers,15,2021-01-21,2022-01-01,9,49,0
48071,2022,Chambers,14,2022-01-08,2023-01-04,9,46,0
48071,2023,Chambers,27,2023-01-06,2023-12-23,13,118,0
48071,2024,Chambers,23,2024-01-24,2024-12-28,15,96,0
48071,2025,Chambers,23,2025-01-03,2025-12-28,10,81,1
48073,2015,Cherokee,10,2015-01-28,2015-12-28,7,29,0
48073,2016,Cherokee,13,2016-01-30,2016-12-29,6,48,0
48073,2017,Cherokee,17,2017-01-02,2017-12-22,7,50,0
48073,2018,Cherokee,14,2018-01-21,2018-12-27,7,39,0
48073,2019,Cherokee,9,2019-01-07,2019-12-29,6,27,0
48073,2020,Cherokee,10,2020-01-15,2020-12-31,4,28,0
48073,2021,Cherokee,11,2021-01-25,2022-01-01,9,36,0
48073,2022,Cherokee,10,2022-03-29,2023-01-04,9,35,0
48073,2023,Cherokee,21,2023-01-07,2023-11-09,5,67,0
48073,2024,Cherokee,20,2024-01-24,2024-12-26,10,68,0
48073,2025,Cherokee,10,2025-02-04,2025-12-28,8,38,0
48075,2015,Childress,18,2015-01-17,2015-12-24,7,61,0
48075,2016,Childress,17,2016-01-29,2016-12-26,11,60,0
48075,2017,Childress,22,2017-01-10,2017-12-04,6,61,0
48075,2018,Childress,15,2018-01-09,2018-11-30,9,52,0
48075,2019,Childress,18,2019-01-05,2019-12-27,9,59,0
48075,2020,Childress,20,2020-01-09,2020-12-27,4,53,0
48075,2021,Childress,17,2021-02-03,2021-12-31,9,59,0
48075,2022,Childress,21,2022-01-13,2022-12-29,14,71,0
48075,2023,Childress,27,2023-01-01,2023-12-24,7,81,0
48075,2024,Childress,25,2024-01-29,2024-12-30,15,106,0
48075,2025,Childress,16,2025-02-02,2025-12-28,9,60,0
48077,2015,Clay,19,2015-01-19,2015-12-26,7,58,58
48077,2016,Clay,19,2016-01-07,2016-12-29,10,72,72
48077,2017,Clay,22,2017-01-01,2017-12-21,8,63,63
48077,2018,Clay,18,2018-01-20,2018-12-27,7,53,53
48077,2019,Clay,11,2019-01-06,2019-12-28,12,39,39
48077,2020,Clay,20,2020-01-09,2020-12-30,4,57,57
48077,2021,Clay,14,2021-01-24,2022-01-01,10,52,52
48077,2022,Clay,18,2022-03-04,2023-01-03,13,66,66
48077,2023,Clay,23,2023-01-06,2023-12-24,7,86,86
48077,2024,Clay,23,2024-01-30,2024-12-31,11,92,92
48077,2025,Clay,19,2025-02-02,2025-12-28,9,68,68
48079,2015,Cochran,16,2015-01-19,2015-12-12,5,43,0
48079,2016,Cochran,20,2016-01-24,2016-12-26,5,51,0
48079,2017,Cochran,16,2017-01-10,2017-12-04,8,50,0
48079,2018,Cochran,21,2018-01-10,2018-12-01,12,61,0
48079,2019,Cochran,17,2019-01-06,2019-12-27,9,58,0
48079,2020,Cochran,22,2020-01-14,2020-12-11,8,68,0
48079,2021,Cochran,19,2021-02-03,2021-12-28,6,55,0
48079,2022,Cochran,17,2022-03-04,2022-12-29,8,60,0
48079,2023,Cochran,22,2023-01-01,2023-12-24,8,73,0
48079,2024,Cochran,23,2024-02-01,2024-12-31,11,77,0
48079,2025,Cochran,23,2025-02-03,2025-12-28,6,62,0
48081,2015,Coke,11,2015-01-27,2015-12-24,4,27,0
48081,2016,Coke,9,2016-01-31,2016-12-29,6,32,2
48081,2017,Coke,11,2017-01-01,2017-12-04,7,32,0
48081,2018,Coke,11,2018-01-07,2018-12-01,3,23,0
48081,2019,Coke,6,2019-01-06,2019-12-28,14,27,0
48081,2020,Coke,8,2020-01-09,2020-09-01,3,17,0
48081,2021,Coke,8,2021-03-11,2021-12-29,7,27,0
48081,2022,Coke,11,2022-03-04,2022-12-10,6,37,0
48081,2023,Coke,17,2023-01-01,2023-12-23,5,45,0
48081,2024,Coke,14,2024-02-21,2024-12-24,3,34,0
48081,2025,Coke,15,2025-02-02,2025-12-28,6,44,0
48083,2015,Coleman,20,2015-01-27,2015-12-26,6,67,0
48083,2016,Coleman,16,2016-01-30,2016-12-29,14,71,0
48083,2017,Coleman,23,2017-01-01,2017-12-04,8,64,0
48083,2018,Coleman,22,2018-02-15,2018-12-26,9,73,0
48083,2019,Coleman,12,2019-01-06,2019-12-28,16,54,0
48083,2020,Coleman,18,2020-01-09,2020-12-30,7,63,0
48083,2021,Coleman,13,2021-03-10,2022-01-01,10,49,0
48083,2022,Coleman,19,2022-03-04,2022-12-13,15,81,0
48083,2023,Coleman,29,2023-01-01,2023-12-24,12,118,0
48083,2024,Coleman,27,2024-02-01,2024-12-31,7,93,0
48083,2025,Coleman,18,2025-02-02,2025-12-28,9,64,0
48085,2015,Collin,16,2015-01-27,2015-12-27,7,49,0
48085,2016,Collin,21,2016-01-30,2017-01-02,10,72,0
48085,2017,Collin,19,2017-01-10,2017-12-04,7,59,0
48085,2018,Collin,11,2018-01-20,2018-12-26,6,36,0
48085,2019,Collin,13,2019-01-06,2019-12-28,10,44,0
48085,2020,Collin,20,2020-01-09,2020-12-29,4,49,0
48085,2021,Collin,16,2021-01-24,2021-12-31,9,59,0
48085,2022,Collin,17,2022-01-13,2023-01-03,8,54,0
48085,2023,Collin,24,2023-01-06,2023-12-23,10,87,0
48085,2024,Collin,29,2024-01-30,2024-12-30,15,112,0
48085,2025,Collin,20,2025-01-29,2025-12-28,9,70,0
48087,2015,Collingsworth,18,2015-01-18,2015-12-24,6,61,0
48087,2016,Collingsworth,17,2016-01-28,2016-12-25,11,60,1
48087,2017,Collingsworth,18,2017-01-10,2017-12-04,6,52,7
48087,2018,Collingsworth,12,2018-01-09,2018-11-30,8,34,22
48087,2019,Collingsworth,10,2019-01-06,2019-12-27,9,32,32
48087,2020,Collingsworth,14,2020-01-09,2020-12-23,4,35,35
48087,2021,Collingsworth,12,2021-02-03,2021-12-31,9,40,40
48087,2022,Collingsworth,11,2022-03-04,2022-12-13,13,45,45
48087,2023,Collingsworth,20,2023-01-01,2023-12-24,6,64,64
48087,2024,Collingsworth,22,2024-01-30,2024-12-31,5,64,64
48087,2025,Collingsworth,13,2025-02-02,2025-12-28,9,47,47
48089,2015,Colorado,22,2015-04-01,2015-12-27,12,77,0
48089,2016,Colorado,17,2016-01-31,2016-12-29,15,91,0
48089,2017,Colorado,32,2017-01-01,2017-12-20,8,94,0
48089,2018,Colorado,20,2018-02-15,2018-12-27,7,73,0
48089,2019,Colorado,23,2019-01-07,2019-12-28,9,77,0
48089,2020,Colorado,17,2020-01-14,2020-12-30,8,57,0
48089,2021,Colorado,19,2021-01-22,2022-01-01,10,70,0
48089,2022,Colorado,22,2022-03-05,2022-12-14,10,91,0
48089,2023,Colorado,26,2023-01-02,2023-12-23,20,128,0
48089,2024,Colorado,28,2024-01-23,2024-12-24,11,113,0
48089,2025,Colorado,18,2025-01-03,2025-12-28,10,80,0
48091,2015,Comal,12,2015-01-28,2015-12-27,5,31,2
48091,2016,Comal,17,2016-01-25,2016-12-29,8,60,0
48091,2017,Comal,28,2017-01-01,2017-12-05,7,81,0
48091,2018,Comal,18,2018-02-16,2018-12-27,5,46,0
48091,2019,Comal,14,2019-01-07,2019-12-28,15,52,0
48091,2020,Comal,17,2020-01-10,2020-12-30,5,55,10
48091,2021,Comal,14,2021-03-11,2022-01-01,9,46,2
48091,2022,Comal,21,2022-03-05,2022-12-30,9,68,1
48091,2023,Comal,20,2023-01-01,2023-12-24,12,88,2
48091,2024,Comal,22,2024-02-09,2024-12-25,13,92,27
48091,2025,Comal,14,2025-02-03,2025-12-28,8,55,8
48093,2015,Comanche,15,2015-01-27,2015-12-26,7,52,0
48093,2016,Comanche,19,2016-01-29,2016-12-29,8,72,1
48093,2017,Comanche,20,2017-01-01,2017-12-04,7,56,0
48093,2018,Comanche,16,2018-01-20,2018-12-26,10,50,0
48093,2019,Comanche,15,2019-01-05,2019-12-28,17,55,0
48093,2020,Comanche,22,2020-01-09,2020-12-11,5,59,6
48093,2021,Comanche,17,2021-01-24,2021-12-31,10,64,0
48093,2022,Comanche,28,2022-01-13,2023-01-03,15,122,0
48093,2023,Comanche,21,2023-01-06,2023-12-24,18,133,4
48093,2024,Comanche,30,2024-01-31,2024-12-30,15,132,0
48093,2025,Comanche,30,2025-02-02,2025-12-28,9,101,0
48095,2015,Concho,6,2015-01-28,2015-12-27,5,16,0
48095,2016,Concho,10,2016-01-30,2016-12-29,6,32,0
48095,2017,Concho,15,2017-01-01,2017-12-04,7,44,0
48095,2018,Concho,9,2018-02-15,2018-12-27,3,21,0
48095,2019,Concho,8,2019-01-07,2019-12-28,10,28,0
48095,2020,Concho,16,2020-01-10,2020-12-28,5,45,0
48095,2021,Concho,11,2021-03-11,2022-01-01,9,38,0
48095,2022,Concho,14,2022-03-04,2022-12-11,14,51,0
48095,2023,Concho,20,2023-01-02,2023-12-24,10,67,0
48095,2024,Concho,19,2024-02-02,2024-12-31,5,48,0
48095,2025,Concho,12,2025-02-03,2025-12-29,7,41,0
48097,2015,Cooke,12,2015-01-27,2015-12-26,6,40,0
48097,2016,Cooke,13,2016-01-30,2016-12-29,9,43,0
48097,2017,Cooke,16,2017-01-01,2017-12-21,8,45,0
48097,2018,Cooke,10,2018-02-15,2018-12-01,7,34,0
48097,2019,Cooke,6,2019-01-06,2019-12-28,10,26,0
48097,2020,Cooke,13,2020-01-09,2020-12-23,5,34,0
48097,2021,Cooke,7,2021-03-10,2021-12-31,9,32,0
48097,2022,Cooke,14,2022-03-03,2022-12-10,9,48,0
48097,2023,Cooke,21,2023-01-01,2023-12-24,5,60,0
48097,2024,Cooke,21,2024-01-30,2024-12-31,9,75,0
48097,2025,Cooke,15,2025-02-03,2025-12-28,8,46,10
48099,2015,Coryell,20,2015-01-27,2015-12-26,6,60,0
48099,2016,Coryell,23,2016-01-30,2017-01-02,10,92,0
48099,2017,Coryell,34,2017-01-10,2017-12-21,7,106,0
48099,2018,Coryell,18,2018-01-20,2018-12-27,9,66,0
48099,2019,Coryell,13,2019-01-06,2019-12-28,18,53,0
48099,2020,Coryell,17,2020-01-09,2020-11-21,6,55,0
48099,2021,Coryell,18,2021-01-24,2021-12-31,9,57,0
48099,2022,Coryell,23,2022-01-18,2023-01-03,14,80,2
48099,2023,Coryell,23,2023-01-06,2023-12-24,14,97,3
48099,2024,Coryell,26,2024-01-31,2024-12-30,10,98,0
48099,2025,Coryell,18,2025-02-02,2025-12-28,9,68,1
48101,2015,Cottle,17,2015-01-19,2015-12-24,7,53,0
48101,2016,Cottle,17,2016-01-29,2016-12-26,6,50,0
48101,2017,Cottle,20,2017-01-10,2017-12-21,7,56,0
48101,2018,Cottle,18,2018-01-09,2018-12-01,9,62,0
48101,2019,Cottle,16,2019-01-05,2019-12-26,9,60,0
48101,2020,Cottle,19,2020-01-09,2020-12-10,7,58,2
48101,2021,Cottle,15,2021-03-09,2021-12-29,7,50,0
48101,2022,Cottle,19,2022-01-13,2022-12-06,14,66,1
48101,2023,Cottle,22,2023-01-01,2023-12-23,6,72,0
48101,2024,Cottle,21,2024-01-30,2024-12-30,8,73,0
48101,2025,Cottle,13,2025-02-02,2025-12-28,9,49,0
48103,2015,Crane,9,2015-02-08,2015-12-26,6,28,0
48103,2016,Crane,20,2016-02-18,2016-11-18,8,64,0
48103,2017,Crane,15,2017-01-01,2017-12-05,8,55,0
48103,2018,Crane,20,2018-02-15,2018-12-01,9,67,1
48103,2019,Crane,21,2019-01-07,2019-12-26,9,66,0
48103,2020,Crane,22,2020-03-11,2020-12-30,6,60,0
48103,2021,Crane,20,2021-01-24,2022-01-01,7,60,0
48103,2022,Crane,18,2022-02-21,2022-12-30,8,60,0
48103,2023,Crane,28,2023-01-02,2023-12-25,12,115,0
48103,2024,Crane,31,2024-01-24,2025-01-01,9,106,0
48103,2025,Crane,27,2025-02-03,2025-12-29,9,91,0
48105,2015,Crockett,19,2015-01-28,2015-12-26,6,55,0
48105,2016,Crockett,16,2016-01-31,2016-12-29,8,68,0
48105,2017,Crockett,17,2017-01-01,2017-12-22,9,67,0
48105,2018,Crockett,16,2018-02-18,2018-12-26,5,43,0
48105,2019,Crockett,12,2019-01-07,2019-12-28,15,49,0
48105,2020,Crockett,21,2020-01-14,2020-12-29,5,56,0
48105,2021,Crockett,14,2021-02-03,2021-12-31,10,49,0
48105,2022,Crockett,15,2022-01-13,2023-01-04,14,61,0
48105,2023,Crockett,20,2023-01-06,2023-12-23,12,95,0
48105,2024,Crockett,25,2024-02-01,2024-12-30,8,97,0
48105,2025,Crockett,23,2025-02-02,2025-12-28,8,76,2
48107,2015,Crosby,15,2015-01-19,2015-12-26,7,50,0
48107,2016,Crosby,19,2016-01-30,2016-12-26,11,64,0
48107,2017,Crosby,21,2017-01-02,2017-12-22,6,59,0
48107,2018,Crosby,19,2018-01-10,2018-12-01,11,68,0
48107,2019,Crosby,17,2019-01-06,2019-12-27,9,63,0
48107,2020,Crosby,23,2020-01-14,2020-12-11,12,73,0
48107,2021,Crosby,16,2021-02-03,2021-12-31,8,60,0
48107,2022,Crosby,20,2022-01-14,2022-12-09,13,77,0
48107,2023,Crosby,25,2023-01-01,2023-12-24,7,74,0
48107,2024,Crosby,25,2024-02-01,2024-12-31,15,86,0
48107,2025,Crosby,20,2025-02-03,2025-12-28,7,57,0
48109,2015,Culberson,17,2015-01-19,2015-12-25,6,52,0
48109,2016,Culberson,16,2016-01-30,2016-12-28,5,60,0
48109,2017,Culberson,20,2017-01-09,2017-12-30,9,78,0
48109,2018,Culberson,19,2018-01-06,2018-12-25,11,71,0
48109,2019,Culberson,17,2019-01-06,2019-12-15,5,51,0
48109,2020,Culberson,16,2020-01-13,2020-12-28,7,62,0
48109,2021,Culberson,16,2021-02-02,2021-12-27,9,64,0
48109,2022,Culberson,17,2022-01-07,2022-12-10,6,54,0
48109,2023,Culberson,17,2023-01-09,2023-12-23,11,63,0
48109,2024,Culberson,19,2024-02-20,2024-12-30,5,56,0
48109,2025,Culberson,10,2025-01-02,2025-12-27,13,48,0
48111,2015,Dallam,15,2015-01-27,2015-12-12,6,48,5
48111,2016,Dallam,14,2016-01-30,2016-11-17,5,41,3
48111,2017,Dallam,23,2017-01-10,2017-12-21,5,62,18
48111,2018,Dallam,21,2018-01-10,2018-12-26,9,71,63
48111,2019,Dallam,17,2019-01-06,2019-12-27,9,70,68
48111,2020,Dallam,15,2020-02-02,2020-11-20,9,60,48
48111,2021,Dallam,20,2021-02-03,2021-12-31,10,68,44
48111,2022,Dallam,20,2022-03-03,2023-01-03,14,91,90
48111,2023,Dallam,27,2023-01-10,2023-12-24,10,117,117
48111,2024,Dallam,29,2024-01-29,2024-12-30,15,137,137
48111,2025,Dallam,21,2025-02-02,2025-12-28,10,86,86
48113,2015,Dallas,16,2015-01-27,2015-12-26,6,45,0
48113,2016,Dallas,24,2016-01-30,2017-01-02,10,84,0
48113,2017,Dallas,24,2017-01-10,2017-12-21,8,67,0
48113,2018,Dallas,13,2018-01-20,2018-12-26,9,43,0
48113,2019,Dallas,8,2019-01-06,2019-12-28,17,37,0
48113,2020,Dallas,15,2020-01-09,2020-11-21,5,41,0
48113,2021,Dallas,14,2021-01-24,2021-12-31,9,46,0
48113,2022,Dallas,11,2022-03-04,2023-01-03,9,39,0
48113,2023,Dallas,14,2023-01-06,2023-12-24,5,47,0
48113,2024,Dallas,20,2024-02-01,2024-12-30,12,70,0
48113,2025,Dallas,17,2025-02-02,2025-12-28,9,59,0
48115,2015,Dawson,13,2015-01-28,2015-12-26,4,35,3
48115,2016,Dawson,13,2016-01-30,2016-12-26,8,42,1
48115,2017,Dawson,18,2017-01-10,2017-12-22,11,58,5
48115,2018,Dawson,19,2018-01-10,2018-12-27,8,62,13
48115,2019,Dawson,18,2019-01-06,2019-12-28,16,85,77
48115,2020,Dawson,23,2020-01-09,2020-12-30,11,86,82
48115,2021,Dawson,18,2021-02-03,2021-12-31,9,75,75
48115,2022,Dawson,20,2022-03-04,2023-01-03,13,98,98
48115,2023,Dawson,24,2023-01-06,2023-12-24,15,124,124
48115,2024,Dawson,28,2024-01-30,2024-12-31,15,129,129
48115,2025,Dawson,22,2025-02-02,2025-12-28,10,94,94
48117,2015,Deaf Smith,22,2015-01-19,2015-12-24,6,70,0
48117,2016,Deaf Smith,23,2016-01-24,2016-12-29,5,61,1
48117,2017,Deaf Smith,22,2017-01-02,2017-11-28,8,65,12
48117,2018,Deaf Smith,21,2018-01-10,2018-12-27,8,69,0
48117,2019,Deaf Smith,19,2019-01-06,2019-12-27,7,68,0
48117,2020,Deaf Smith,19,2020-02-03,2020-12-11,11,68,3
48117,2021,Deaf Smith,20,2021-02-03,2021-12-31,9,64,38
48117,2022,Deaf Smith,22,2022-03-27,2022-12-29,12,89,8
48117,2023,Deaf Smith,31,2023-01-01,2023-12-22,13,118,25
48117,2024,Deaf Smith,19,2024-02-01,2024-12-31,8,62,1
48117,2025,Deaf Smith,21,2025-02-03,2025-12-28,7,68,14
48119,2015,Delta,20,2015-01-27,2015-12-27,7,67,67
48119,2016,Delta,21,2016-01-30,2016-12-29,9,86,86
48119,2017,Delta,20,2017-01-01,2017-12-22,7,65,65
48119,2018,Delta,17,2018-02-15,2018-12-27,8,54,54
48119,2019,Delta,14,2019-01-06,2019-12-28,13,52,52
48119,2020,Delta,21,2020-01-09,2020-12-30,6,56,56
48119,2021,Delta,14,2021-03-10,2022-01-01,9,48,48
48119,2022,Delta,17,2022-02-16,2023-01-03,14,60,60
48119,2023,Delta,24,2023-01-10,2023-12-24,9,90,90
48119,2024,Delta,22,2024-01-31,2024-12-28,13,87,87
48119,2025,Delta,16,2025-02-03,2025-12-28,9,62,62
48121,2015,Denton,13,2015-01-27,2015-12-26,7,45,0
48121,2016,Denton,23,2016-01-29,2016-12-28,12,71,0
48121,2017,Denton,21,2017-01-10,2017-12-21,8,65,0
48121,2018,Denton,13,2018-01-20,2018-12-26,6,37,0
48121,2019,Denton,9,2019-01-06,2019-12-28,16,40,0
48121,2020,Denton,19,2020-01-09,2020-12-11,5,50,0
48121,2021,Denton,13,2021-01-24,2021-12-31,9,47,0
48121,2022,Denton,17,2022-03-04,2023-01-03,14,57,0
48121,2023,Denton,26,2023-01-06,2023-12-24,9,97,0
48121,2024,Denton,30,2024-01-30,2024-12-30,12,102,0
48121,2025,Denton,19,2025-01-29,2025-12-28,9,70,0
48123,2015,DeWitt,16,2015-04-02,2015-12-27,5,45,0
48123,2016,DeWitt,19,2016-02-01,2016-12-29,10,77,0
48123,2017,DeWitt,26,2017-01-11,2017-12-05,9,90,0
48123,2018,DeWitt,21,2018-02-16,2018-12-27,9,71,0
48123,2019,DeWitt,21,2019-01-07,2019-12-29,17,92,0
48123,2020,DeWitt,18,2020-01-10,2020-12-30,11,68,0
48123,2021,DeWitt,15,2021-01-25,2022-01-01,9,44,0
48123,2022,DeWitt,24,2022-03-05,2022-12-14,9,85,0
48123,2023,DeWitt,24,2023-01-02,2023-12-24,16,135,0
48123,2024,DeWitt,28,2024-02-09,2024-12-25,13,141,0
48123,2025,DeWitt,31,2025-01-04,2025-12-28,10,126,8
48125,2015,Dickens,10,2015-01-26,2015-12-13,5,32,0
48125,2016,Dickens,15,2016-01-30,2016-12-26,6,44,0
48125,2017,Dickens,19,2017-01-10,2017-12-05,7,54,0
48125,2018,Dickens,14,2018-01-10,2018-12-01,9,51,0
48125,2019,Dickens,17,2019-01-06,2019-12-27,10,59,0
48125,2020,Dickens,23,2020-01-14,2020-12-11,10,70,0
48125,2021,Dickens,13,2021-02-03,2021-12-29,6,42,0
48125,2022,Dickens,19,2022-01-14,2022-12-09,9,63,0
48125,2023,Dickens,26,2023-01-01,2023-12-24,4,64,0
48125,2024,Dickens,22,2024-02-02,2024-12-31,7,73,0
48125,2025,Dickens,19,2025-02-03,2025-12-28,7,60,0
48127,2015,Dimmit,5,2015-09-06,2015-12-25,3,12,0
48127,2016,Dimmit,12,2016-02-19,2016-12-29,7,39,0
48127,2017,Dimmit,10,2017-01-11,2017-12-05,7,27,0
48127,2018,Dimmit,13,2018-02-16,2018-12-27,6,40,0
48127,2019,Dimmit,18,2019-01-07,2019-12-28,10,55,0
48127,2020,Dimmit,15,2020-01-09,2020-12-30,5,48,1
48127,2021,Dimmit,12,2021-01-22,2022-01-01,10,44,0
48127,2022,Dimmit,15,2022-03-04,2022-12-13,7,54,0
48127,2023,Dimmit,21,2023-01-01,2023-12-24,11,99,0
48127,2024,Dimmit,27,2024-02-02,2024-12-31,8,90,0
48127,2025,Dimmit,18,2025-02-03,2025-12-28,10,81,0
48129,2015,Donley,17,2015-01-19,2015-12-24,6,53,0
48129,2016,Donley,18,2016-01-30,2016-12-25,5,50,0
48129,2017,Donley,21,2017-01-02,2017-12-21,5,56,26
48129,2018,Donley,21,2018-01-09,2018-12-27,8,70,70
48129,2019,Donley,16,2019-01-06,2019-12-27,9,58,58
48129,2020,Donley,21,2020-01-09,2020-12-11,7,66,66
48129,2021,Donley,17,2021-02-03,2021-12-31,9,61,61
48129,2022,Donley,19,2022-03-04,2022-12-29,13,69,69
48129,2023,Donley,29,2023-01-01,2023-12-24,8,99,99
48129,2024,Donley,27,2024-01-30,2024-12-31,15,117,117
48129,2025,Donley,23,2025-02-02,2025-12-28,9,80,80
48131,2015,Duval,9,2015-07-18,2015-12-27,8,38,1
48131,2016,Duval,11,2016-02-01,2016-12-28,6,30,0
48131,2017,Duval,15,2017-01-10,2017-12-05,8,53,0
48131,2018,Duval,17,2018-02-16,2018-12-27,6,43,0
48131,2019,Duval,22,2019-01-08,2019-12-29,10,68,0
48131,2020,Duval,18,2020-01-10,2020-12-30,10,58,0
48131,2021,Duval,13,2021-01-05,2022-01-01,9,46,0
48131,2022,Duval,16,2022-02-22,2022-12-14,9,58,1
48131,2023,Duval,26,2023-01-01,2023-12-24,20,125,0
48131,2024,Duval,28,2024-02-10,2024-12-31,11,112,0
48131,2025,Duval,24,2025-02-03,2025-12-29,13,126,0
48133,2015,Eastland,21,2015-01-27,2015-12-26,7,70,70
48133,2016,Eastland,19,2016-01-30,2016-12-29,10,83,83
48133,2017,Eastland,21,2017-01-01,2017-12-04,10,73,73
48133,2018,Eastland,20,2018-02-15,2018-12-27,8,78,78
48133,2019,Eastland,16,2019-01-06,2019-12-28,16,62,62
48133,2020,Eastland,19,2020-01-09,2020-12-30,5,59,59
48133,2021,Eastland,18,2021-01-24,2022-01-01,10,65,65
48133,2022,Eastland,23,2022-03-04,2022-12-13,15,104,104
48133,2023,Eastland,26,2023-01-01,2023-12-24,15,118,118
48133,2024,Eastland,27,2024-02-01,2024-12-30,14,120,120
48133,2025,Eastland,23,2025-02-02,2025-12-28,9,85,85
48135,2015,Ector,9,2015-02-07,2015-12-25,4,25,0
48135,2016,Ector,16,2016-01-30,2017-01-01,11,55,0
48135,2017,Ector,23,2017-01-09,2017-12-21,8,70,0
48135,2018,Ector,17,2018-01-09,2018-12-26,8,53,0
48135,2019,Ector,17,2019-01-06,2019-12-27,8,56,0
48135,2020,Ector,17,2020-01-13,2020-12-11,7,51,0
48135,2021,Ector,14,2021-01-22,2021-12-31,10,51,0
48135,2022,Ector,17,2022-03-04,2023-01-02,14,67,0
48135,2023,Ector,24,2023-01-09,2023-12-23,9,96,0
48135,2024,Ector,26,2024-02-01,2024-12-30,16,99,0
48135,2025,Ector,20,2025-02-02,2025-12-28,8,64,0
48137,2015,Edwards,10,2015-01-19,2015-12-26,4,25,6
48137,2016,Edwards,15,2016-01-31,2017-01-03,6,47,2
48137,2017,Edwards,18,2017-01-10,2017-12-05,6,59,25
48137,2018,Edwards,11,2018-01-08,2018-12-02,4,26,0
48137,2019,Edwards,14,2019-01-05,2019-12-28,8,41,0
48137,2020,Edwards,16,2020-01-05,2020-12-29,5,44,0
48137,2021,Edwards,8,2021-02-08,2022-01-01,11,32,0
48137,2022,Edwards,15,2022-01-13,2023-01-02,8,50,16
48137,2023,Edwards,19,2023-01-05,2023-12-23,6,61,0
48137,2024,Edwards,26,2024-01-23,2024-12-24,7,94,11
48137,2025,Edwards,12,2025-02-01,2025-12-28,8,54,22
48139,2015,Ellis,14,2015-01-27,2015-12-26,6,40,0
48139,2016,Ellis,21,2016-01-30,2017-01-02,9,71,0
48139,2017,Ellis,16,2017-01-10,2017-12-21,7,52,0
48139,2018,Ellis,10,2018-03-16,2018-12-26,6,33,0
48139,2019,Ellis,15,2019-01-05,2019-12-28,8,52,0
48139,2020,Ellis,17,2020-01-09,2020-12-29,5,48,0
48139,2021,Ellis,15,2021-01-24,2021-12-31,9,51,0
48139,2022,Ellis,19,2022-01-13,2023-01-03,14,78,0
48139,2023,Ellis,21,2023-01-06,2023-12-23,5,63,0
48139,2024,Ellis,22,2024-01-30,2024-12-30,13,85,0
48139,2025,Ellis,18,2025-01-29,2025-12-28,10,66,0
48141,2015,El Paso,5,2015-01-27,2015-12-25,4,13,0
48141,2016,El Paso,6,2016-02-18,2016-12-24,5,20,0
48141,2017,El Paso,24,2017-01-04,2017-12-27,10,98,0
48141,2018,El Paso,19,2018-01-09,2018-12-19,7,69,0
48141,2019,El Paso,28,2019-01-10,2019-12-15,7,86,0
48141,2020,El Paso,18,2020-01-15,2020-11-23,9,60,0
48141,2021,El Paso,18,2021-01-29,2021-12-28,7,49,0
48141,2022,El Paso,17,2022-01-07,2023-01-02,9,54,0
48141,2023,El Paso,20,2023-01-09,2023-12-23,12,80,0
48141,2024,El Paso,24,2024-01-23,2024-12-31,10,83,0
48141,2025,El Paso,27,2025-01-03,2025-12-28,14,110,0
48143,2015,Erath,13,2015-01-27,2015-12-26,7,44,0
48143,2016,Erath,23,2016-01-30,2017-01-02,11,87,2
48143,2017,Erath,20,2017-01-10,2017-12-21,8,71,1
48143,2018,Erath,19,2018-01-20,2018-12-26,11,69,1
48143,2019,Erath,11,2019-01-06,2019-12-28,17,44,0
48143,2020,Erath,17,2020-01-09,2020-11-21,5,51,0
48143,2021,Erath,18,2021-01-24,2021-12-31,9,61,0
48143,2022,Erath,26,2022-01-13,2023-01-03,14,109,0
48143,2023,Erath,25,2023-01-06,2023-12-24,14,113,1
48143,2024,Erath,28,2024-01-30,2024-12-30,10,94,0
48143,2025,Erath,23,2025-02-02,2025-12-28,9,74,2
48145,2015,Falls,11,2015-04-01,2015-12-27,6,29,0
48145,2016,Falls,13,2016-01-31,2016-12-28,8,50,46
48145,2017,Falls,13,2017-01-10,2017-12-04,7,40,40
48145,2018,Falls,14,2018-02-15,2018-12-27,6,40,40
48145,2019,Falls,9,2019-01-06,2019-12-28,15,40,40
48145,2020,Falls,14,2020-01-09,2020-11-21,5,36,36
48145,2021,Falls,14,2021-01-24,2022-01-01,10,46,46
48145,2022,Falls,17,2022-03-05,2022-12-13,9,61,61
48145,2023,Falls,22,2023-01-01,2023-12-24,12,90,90
48145,2024,Falls,25,2024-02-08,2024-12-28,13,98,98
48145,2025,Falls,15,2025-02-03,2025-12-28,9,56,56
48147,2015,Fannin,17,2015-01-27,2015-12-27,13,73,0
48147,2016,Fannin,20,2016-01-30,2016-12-29,11,86,0
48147,2017,Fannin,22,2017-01-01,2017-12-04,8,63,0
48147,2018,Fannin,10,2018-02-15,2018-12-27,7,30,0
48147,2019,Fannin,16,2019-01-06,2019-12-28,12,55,0
48147,2020,Fannin,15,2020-01-09,2020-12-30,6,43,0
48147,2021,Fannin,16,2021-03-10,2021-12-31,9,54,0
48147,2022,Fannin,16,2022-03-05,2022-12-30,13,57,0
48147,2023,Fannin,20,2023-01-01,2023-12-24,4,56,0
48147,2024,Fannin,28,2024-02-01,2024-12-31,16,127,1
48147,2025,Fannin,18,2025-01-04,2025-12-28,9,72,0
48149,2015,Fayette,13,2015-01-20,2015-12-27,5,41,0
48149,2016,Fayette,13,2016-01-31,2016-12-29,9,54,0
48149,2017,Fayette,21,2017-01-10,2017-12-20,8,65,0
48149,2018,Fayette,10,2018-02-15,2018-12-26,4,23,0
48149,2019,Fayette,13,2019-01-07,2019-12-28,15,53,0
48149,2020,Fayette,21,2020-01-09,2020-12-30,8,75,0
48149,2021,Fayette,18,2021-01-24,2021-12-31,9,63,0
48149,2022,Fayette,18,2022-03-05,2022-12-13,9,74,0
48149,2023,Fayette,22,2023-01-01,2023-12-23,13,87,0
48149,2024,Fayette,20,2024-02-08,2024-12-24,11,71,0
48149,2025,Fayette,16,2025-02-03,2025-12-28,9,61,7
48151,2015,Fisher,19,2015-01-27,2015-12-26,7,59,4
48151,2016,Fisher,18,2016-01-30,2016-12-26,7,55,2
48151,2017,Fisher,21,2017-01-01,2017-12-04,5,54,0
48151,2018,Fisher,22,2018-01-09,2018-12-26,13,80,2
48151,2019,Fisher,16,2019-01-06,2019-12-28,11,52,21
48151,2020,Fisher,15,2020-01-14,2020-11-21,4,38,20
48151,2021,Fisher,10,2021-02-03,2021-12-31,8,33,33
48151,2022,Fisher,12,2022-03-04,2022-12-09,6,36,36
48151,2023,Fisher,19,2023-01-01,2023-12-24,5,58,58
48151,2024,Fisher,18,2024-02-01,2024-12-24,5,47,47
48151,2025,Fisher,11,2025-02-02,2025-12-28,7,35,35
48153,2015,Floyd,13,2015-01-19,2015-12-24,5,39,0
48153,2016,Floyd,14,2016-01-30,2016-12-28,7,46,0
48153,2017,Floyd,16,2017-01-02,2017-12-04,6,45,0
48153,2018,Floyd,17,2018-01-10,2018-12-01,8,46,0
48153,2019,Floyd,14,2019-01-06,2019-12-27,6,49,0
48153,2020,Floyd,16,2020-01-14,2020-12-28,6,48,0
48153,2021,Floyd,20,2021-02-03,2022-01-01,5,53,0
48153,2022,Floyd,18,2022-01-14,2022-12-29,6,57,0
48153,2023,Floyd,22,2023-01-01,2023-12-24,5,68,0
48153,2024,Floyd,24,2024-01-31,2024-12-31,7,70,0
48153,2025,Floyd,17,2025-02-02,2025-12-28,7,51,0
48155,2015,Foard,19,2015-01-19,2015-12-26,7,61,61
48155,2016,Foard,17,2016-01-29,2016-12-28,10,65,65
48155,2017,Foard,24,2017-01-02,2017-12-21,8,69,69
48155,2018,Foard,21,2018-01-09,2018-12-27,8,64,64
48155,2019,Foard,16,2019-01-06,2019-12-28,11,55,55
48155,2020,Foard,21,2020-01-09,2020-12-11,7,64,64
48155,2021,Foard,15,2021-02-03,2022-01-01,10,58,58
48155,2022,Foard,20,2022-03-04,2022-12-13,13,80,80
48155,2023,Foard,26,2023-01-01,2023-12-24,8,96,96
48155,2024,Foard,29,2024-01-30,2024-12-31,9,107,107
48155,2025,Foard,23,2025-02-02,2025-12-28,9,73,73
48157,2015,Fort Bend,19,2015-02-21,2015-12-27,5,48,0
48157,2016,Fort Bend,17,2016-01-31,2016-12-29,7,60,0
48157,2017,Fort Bend,24,2017-01-01,2017-12-20,9,81,0
48157,2018,Fort Bend,23,2018-01-20,2018-12-27,15,85,0
48157,2019,Fort Bend,16,2019-01-07,2019-12-29,9,58,0
48157,2020,Fort Bend,23,2020-01-09,2020-12-30,7,78,0
48157,2021,Fort Bend,25,2021-01-21,2022-01-01,10,89,0
48157,2022,Fort Bend,18,2022-01-08,2022-12-13,10,71,0
48157,2023,Fort Bend,24,2023-01-01,2023-12-09,19,119,1
48157,2024,Fort Bend,24,2024-01-23,2024-12-17,11,113,0
48157,2025,Fort Bend,19,2025-02-03,2025-12-28,9,77,0
48159,2015,Franklin,15,2015-01-28,2015-12-27,7,47,0
48159,2016,Franklin,23,2016-01-14,2016-12-29,10,93,0
48159,2017,Franklin,24,2017-01-01,2017-12-22,5,63,0
48159,2018,Franklin,19,2018-01-21,2018-12-27,6,51,0
48159,2019,Franklin,11,2019-01-07,2019-12-29,12,47,0
48159,2020,Franklin,19,2020-01-10,2020-12-11,4,46,0
48159,2021,Franklin,14,2021-03-11,2022-01-01,9,48,0
48159,2022,Franklin,17,2022-03-04,2022-12-11,6,53,1
48159,2023,Franklin,27,2023-01-01,2023-12-09,7,81,47
48159,2024,Franklin,18,2024-02-02,2024-12-26,8,58,0
48159,2025,Franklin,10,2025-02-03,2025-12-28,8,39,0
48161,2015,Freestone,9,2015-01-28,2015-12-27,6,30,30
48161,2016,Freestone,14,2016-01-31,2016-12-28,7,54,54
48161,2017,Freestone,10,2017-01-10,2017-12-21,7,34,34
48161,2018,Freestone,10,2018-02-15,2018-12-01,5,29,29
48161,2019,Freestone,10,2019-01-07,2019-12-28,14,39,39
48161,2020,Freestone,11,2020-01-09,2020-12-30,5,30,30
48161,2021,Freestone,11,2021-03-11,2022-01-01,10,37,37
48161,2022,Freestone,10,2022-03-05,2022-12-13,8,40,40
48161,2023,Freestone,20,2023-01-01,2023-12-24,12,79,79
48161,2024,Freestone,22,2024-02-08,2024-12-28,13,89,89
48161,2025,Freestone,14,2025-02-03,2025-12-28,9,54,54
48163,2015,Frio,16,2015-04-01,2015-12-28,12,71,0
48163,2016,Frio,15,2016-01-07,2016-12-30,14,72,0
48163,2017,Frio,24,2017-01-02,2017-12-22,8,80,0
48163,2018,Frio,14,2018-02-04,2018-12-27,4,37,0
48163,2019,Frio,7,2019-01-07,2019-12-28,6,24,24
48163,2020,Frio,11,2020-01-14,2020-12-30,5,30,30
48163,2021,Frio,13,2021-01-05,2022-01-01,9,44,19
48163,2022,Frio,11,2022-01-18,2022-12-13,7,36,25
48163,2023,Frio,18,2023-01-01,2023-12-25,12,82,23
48163,2024,Frio,24,2024-02-02,2024-12-26,12,81,20
48163,2025,Frio,10,2025-02-03,2025-12-28,8,46,46
48165,2015,Gaines,14,2015-01-19,2015-12-25,6,48,0
48165,2016,Gaines,12,2016-01-24,2017-01-02,8,38,0
48165,2017,Gaines,16,2017-01-10,2017-12-05,11,58,0
48165,2018,Gaines,14,2018-01-09,2018-11-30,12,53,0
48165,2019,Gaines,17,2019-01-06,2019-12-28,10,55,0
48165,2020,Gaines,18,2020-01-14,2020-12-11,11,60,0
48165,2021,Gaines,17,2021-02-03,2021-12-31,10,63,0
48165,2022,Gaines,20,2022-03-04,2023-01-02,11,77,0
48165,2023,Gaines,22,2023-01-06,2023-12-23,17,96,0
48165,2024,Gaines,26,2024-02-01,2024-12-30,9,95,0
48165,2025,Gaines,24,2025-02-02,2025-12-28,9,89,2
48167,2015,Galveston,20,2015-02-08,2015-12-27,5,63,0
48167,2016,Galveston,22,2016-01-31,2017-01-03,13,91,0
48167,2017,Galveston,30,2017-01-10,2017-12-21,13,117,0
48167,2018,Galveston,18,2018-02-14,2018-12-27,16,84,0
48167,2019,Galveston,23,2019-01-07,2019-11-30,17,92,0
48167,2020,Galveston,25,2020-01-09,2020-12-30,12,104,0
48167,2021,Galveston,28,2021-01-21,2022-01-01,10,91,0
48167,2022,Galveston,21,2022-01-08,2022-12-30,19,108,0
48167,2023,Galveston,23,2023-01-01,2023-12-09,16,133,0
48167,2024,Galveston,24,2024-02-08,2024-12-28,10,97,0
48167,2025,Galveston,21,2025-02-03,2025-12-28,8,83,0
48169,2015,Garza,18,2015-01-27,2015-12-24,7,54,0
48169,2016,Garza,15,2016-01-30,2016-12-26,11,55,0
48169,2017,Garza,19,2017-01-10,2017-11-06,11,54,0
48169,2018,Garza,16,2018-01-10,2018-12-01,10,58,0
48169,2019,Garza,14,2019-01-06,2019-12-27,9,55,0
48169,2020,Garza,22,2020-01-14,2020-12-11,10,63,0
48169,2021,Garza,19,2021-02-03,2022-01-01,9,67,0
48169,2022,Garza,17,2022-01-14,2022-12-09,13,63,0
48169,2023,Garza,29,2023-01-01,2023-12-24,11,95,0
48169,2024,Garza,24,2024-02-02,2024-12-31,12,97,0
48169,2025,Garza,25,2025-02-03,2025-12-28,8,73,0
48171,2015,Gillespie,7,2015-03-24,2015-12-27,5,17,0
48171,2016,Gillespie,7,2016-02-19,2016-12-29,6,26,0
48171,2017,Gillespie,11,2017-01-01,2017-11-18,6,33,0
48171,2018,Gillespie,12,2018-02-15,2018-12-01,3,27,0
48171,2019,Gillespie,6,2019-01-06,2019-12-28,15,32,0
48171,2020,Gillespie,14,2020-01-09,2020-12-30,6,41,0
48171,2021,Gillespie,6,2021-03-11,2022-01-01,10,25,0
48171,2022,Gillespie,15,2022-03-04,2022-12-13,15,61,0
48171,2023,Gillespie,18,2023-01-01,2023-12-24,8,70,0
48171,2024,Gillespie,15,2024-02-09,2024-12-18,9,58,0
48171,2025,Gillespie,10,2025-01-04,2025-12-28,8,42,0
48173,2015,Glasscock,18,2015-01-28,2015-12-26,6,58,58
48173,2016,Glasscock,15,2016-01-30,2016-12-29,11,69,69
48173,2017,Glasscock,16,2017-01-01,2017-12-04,10,54,54
48173,2018,Glasscock,16,2018-01-09,2018-12-01,10,65,65
48173,2019,Glasscock,18,2019-01-06,2019-12-28,16,68,68
48173,2020,Glasscock,16,2020-01-09,2020-12-29,8,53,53
48173,2021,Glasscock,15,2021-02-03,2021-12-31,9,58,58
48173,2022,Glasscock,15,2022-03-04,2022-12-13,13,71,71
48173,2023,Glasscock,23,2023-01-01,2023-12-24,12,96,96
48173,2024,Glasscock,25,2024-02-01,2024-12-30,16,101,101
48173,2025,Glasscock,15,2025-02-02,2025-12-28,13,69,69
48175,2015,Goliad,4,2015-08-13,2015-12-27,4,11,0
48175,2016,Goliad,6,2016-02-01,2016-12-29,6,20,0
48175,2017,Goliad,7,2017-01-11,2017-11-08,7,27,0
48175,2018,Goliad,7,2018-02-16,2018-12-27,3,16,0
48175,2019,Goliad,9,2019-01-07,2019-12-29,5,27,0
48175,2020,Goliad,12,2020-01-14,2020-11-15,5,35,0
48175,2021,Goliad,8,2021-01-25,2022-01-01,8,27,0
48175,2022,Goliad,7,2022-05-08,2022-12-14,9,26,0
48175,2023,Goliad,27,2023-01-02,2023-12-24,7,88,1
48175,2024,Goliad,14,2024-02-09,2024-12-29,6,51,0
48175,2025,Goliad,9,2025-02-04,2025-12-28,7,37,2
48177,2015,Gonzales,9,2015-05-10,2015-12-27,5,25,0
48177,2016,Gonzales,16,2016-02-01,2016-12-29,8,59,0
48177,2017,Gonzales,22,2017-01-11,2017-12-05,7,62,0
48177,2018,Gonzales,20,2018-01-27,2018-12-27,8,57,0
48177,2019,Gonzales,15,2019-01-07,2019-12-28,17,72,0
48177,2020,Gonzales,20,2020-01-09,2020-12-30,6,72,0
48177,2021,Gonzales,14,2021-01-24,2022-01-01,9,45,0
48177,2022,Gonzales,19,2022-02-21,2022-12-14,13,79,0
48177,2023,Gonzales,23,2023-01-02,2023-12-24,14,107,0
48177,2024,Gonzales,27,2024-02-08,2024-12-31,13,113,0
48177,2025,Gonzales,26,2025-01-04,2025-12-28,12,115,0
48179,2015,Gray,20,2015-01-19,2015-12-23,5,61,0
48179,2016,Gray,17,2016-01-30,2016-12-25,5,48,0
48179,2017,Gray,15,2017-01-10,2017-11-28,5,38,0
48179,2018,Gray,18,2018-01-10,2018-09-21,8,54,0
48179,2019,Gray,17,2019-01-06,2019-12-27,7,56,0
48179,2020,Gray,15,2020-01-09,2020-12-23,6,49,0
48179,2021,Gray,16,2021-02-03,2021-12-27,5,45,0
48179,2022,Gray,20,2022-03-04,2022-12-29,6,58,0
48179,2023,Gray,23,2023-01-01,2023-12-24,8,73,0
48179,2024,Gray,26,2024-01-31,2024-12-31,8,90,0
48179,2025,Gray,18,2025-02-03,2025-12-28,9,55,0
48181,2015,Grayson,21,2015-01-27,2015-12-26,7,69,0
48181,2016,Grayson,23,2016-02-14,2017-01-02,13,82,0
48181,2017,Grayson,21,2017-01-10,2017-12-21,5,64,0
48181,2018,Grayson,16,2018-01-20,2018-12-26,7,53,0
48181,2019,Grayson,13,2019-01-06,2019-12-28,13,51,0
48181,2020,Grayson,15,2020-01-09,2020-12-10,6,40,0
48181,2021,Grayson,14,2021-03-10,2021-12-31,9,50,0
48181,2022,Grayson,19,2022-01-13,2023-01-02,8,57,0
48181,2023,Grayson,29,2023-01-06,2023-12-23,6,87,0
48181,2024,Grayson,26,2024-01-29,2024-12-24,15,93,0
48181,2025,Grayson,19,2025-02-02,2025-12-28,9,65,0
48183,2015,Gregg,20,2015-01-28,2015-12-28,7,59,0
48183,2016,Gregg,21,2016-01-31,2016-12-29,9,82,0
48183,2017,Gregg,26,2017-01-01,2017-12-22,8,82,0
48183,2018,Gregg,20,2018-01-21,2018-12-27,9,80,0
48183,2019,Gregg,20,2019-01-07,2019-12-29,13,77,0
48183,2020,Gregg,15,2020-01-15,2020-11-10,5,44,0
48183,2021,Gregg,13,2021-03-11,2022-01-01,9,44,0
48183,2022,Gregg,17,2022-03-05,2023-01-03,14,63,0
48183,2023,Gregg,23,2023-01-07,2023-12-24,12,95,0
48183,2024,Gregg,25,2024-01-24,2024-12-31,10,107,0
48183,2025,Gregg,18,2025-01-04,2025-12-28,9,80,0
48185,2015,Grimes,16,2015-01-28,2015-12-27,7,52,52
48185,2016,Grimes,16,2016-01-31,2016-12-29,14,80,80
48185,2017,Grimes,24,2017-01-01,2017-12-21,8,74,74
48185,2018,Grimes,20,2018-02-15,2018-12-27,7,59,59
48185,2019,Grimes,14,2019-01-07,2019-12-28,16,52,52
48185,2020,Grimes,20,2020-01-09,2020-12-30,5,61,61
48185,2021,Grimes,17,2021-01-24,2022-01-01,10,55,55
48185,2022,Grimes,21,2022-03-05,2022-12-30,10,81,81
48185,2023,Grimes,25,2023-01-01,2023-12-24,15,121,121
48185,2024,Grimes,26,2024-02-08,2024-12-28,13,106,106
48185,2025,Grimes,18,2025-02-03,2025-12-28,10,71,71
48187,2015,Guadalupe,17,2015-02-08,2015-12-27,7,54,0
48187,2016,Guadalupe,16,2016-01-31,2016-12-29,8,62,0
48187,2017,Guadalupe,23,2017-01-01,2017-12-05,7,74,0
48187,2018,Guadalupe,23,2018-02-15,2018-12-27,5,60,0
48187,2019,Guadalupe,15,2019-01-07,2019-12-28,16,64,0
48187,2020,Guadalupe,26,2020-01-09,2020-12-30,8,92,0
48187,2021,Guadalupe,15,2021-01-05,2022-01-01,9,53,0
48187,2022,Guadalupe,24,2022-03-04,2022-12-30,13,95,0
48187,2023,Guadalupe,24,2023-01-02,2023-12-24,15,119,0
48187,2024,Guadalupe,25,2024-02-02,2024-12-31,12,99,0
48187,2025,Guadalupe,17,2025-01-04,2025-12-28,9,68,0
48189,2015,Hale,17,2015-01-19,2015-12-24,5,49,0
48189,2016,Hale,19,2016-01-30,2016-12-25,5,54,0
48189,2017,Hale,18,2017-01-10,2017-12-04,6,48,0
48189,2018,Hale,16,2018-01-10,2018-12-01,8,52,0
48189,2019,Hale,12,2019-01-06,2019-12-27,7,48,0
48189,2020,Hale,16,2020-02-03,2020-12-11,6,51,0
48189,2021,Hale,14,2021-02-03,2021-12-27,6,46,0
48189,2022,Hale,17,2022-03-04,2022-12-29,6,58,0
48189,2023,Hale,20,2023-01-01,2023-12-24,8,67,0
48189,2024,Hale,21,2024-01-31,2024-12-31,9,72,0
48189,2025,Hale,17,2025-02-03,2025-12-28,7,54,0
48191,2015,Hall,17,2015-01-19,2015-12-24,5,52,0
48191,2016,Hall,18,2016-01-29,2016-12-26,6,56,0
48191,2017,Hall,17,2017-01-10,2017-12-05,6,44,0
48191,2018,Hall,17,2018-01-10,2018-11-30,9,51,0
48191,2019,Hall,12,2019-01-06,2019-12-27,9,49,0
48191,2020,Hall,19,2020-01-09,2020-12-11,5,53,0
48191,2021,Hall,18,2021-02-03,2022-01-01,6,48,0
48191,2022,Hall,14,2022-03-04,2022-12-07,13,52,0
48191,2023,Hall,24,2023-01-01,2023-12-24,5,72,0
48191,2024,Hall,27,2024-01-30,2024-12-31,9,82,0
48191,2025,Hall,15,2025-02-02,2025-12-28,7,50,0
48193,2015,Hamilton,13,2015-01-20,2015-12-27,7,37,27
48193,2016,Hamilton,19,2016-01-30,2016-12-29,8,68,48
48193,2017,Hamilton,20,2017-01-01,2017-12-04,8,67,67
48193,2018,Hamilton,18,2018-02-15,2018-12-27,8,55,55
48193,2019,Hamilton,11,2019-01-06,2019-12-28,17,46,46
48193,2020,Hamilton,17,2020-01-09,2020-12-30,5,52,52
48193,2021,Hamilton,16,2021-01-24,2022-01-01,10,50,50
48193,2022,Hamilton,24,2022-03-04,2023-01-03,15,94,13
48193,2023,Hamilton,24,2023-01-06,2023-12-24,15,120,12
48193,2024,Hamilton,27,2024-01-29,2024-12-30,10,102,6
48193,2025,Hamilton,21,2025-02-02,2025-12-28,9,67,4
48195,2015,Hansford,16,2015-01-19,2015-12-22,5,41,0
48195,2016,Hansford,13,2016-01-30,2016-11-22,5,34,0
48195,2017,Hansford,13,2017-01-10,2017-11-28,3,31,0
48195,2018,Hansford,12,2018-01-10,2018-10-04,8,38,0
48195,2019,Hansford,19,2019-01-07,2019-12-27,7,57,0
48195,2020,Hansford,13,2020-03-10,2020-12-23,6,40,0
48195,2021,Hansford,21,2021-02-03,2021-12-27,4,54,0
48195,2022,Hansford,19,2022-03-03,2022-12-29,6,57,0
48195,2023,Hansford,17,2023-01-01,2023-12-24,8,53,0
48195,2024,Hansford,19,2024-01-30,2024-12-31,8,66,0
48195,2025,Hansford,18,2025-02-03,2025-12-28,6,54,0
48197,2015,Hardeman,15,2015-01-19,2015-12-26,7,48,48
48197,2016,Hardeman,13,2016-01-29,2016-12-28,10,48,48
48197,2017,Hardeman,21,2017-01-02,2017-12-21,8,58,58
48197,2018,Hardeman,15,2018-01-09,2018-12-27,8,50,50
48197,2019,Hardeman,12,2019-01-05,2019-12-28,10,42,42
48197,2020,Hardeman,18,2020-01-09,2020-12-23,5,48,48
48197,2021,Hardeman,13,2021-02-03,2022-01-01,10,51,51
48197,2022,Hardeman,16,2022-03-04,2022-12-13,14,59,59
48197,2023,Hardeman,25,2023-01-01,2023-12-24,8,79,79
48197,2024,Hardeman,27,2024-01-29,2024-12-31,9,89,89
48197,2025,Hardeman,17,2025-02-02,2025-12-28,9,59,59
48199,2015,Hardin,14,2015-03-18,2015-12-28,9,51,1
48199,2016,Hardin,20,2016-01-31,2016-12-29,8,71,0
48199,2017,Hardin,19,2017-01-11,2017-12-20,12,69,0
48199,2018,Hardin,14,2018-02-15,2018-12-01,11,62,0
48199,2019,Hardin,13,2019-01-07,2019-12-29,9,49,0
48199,2020,Hardin,23,2020-01-10,2020-12-31,6,63,1
48199,2021,Hardin,20,2021-01-20,2022-01-01,8,74,0
48199,2022,Hardin,21,2022-01-09,2023-01-04,13,85,0
48199,2023,Hardin,25,2023-01-07,2023-12-24,15,135,0
48199,2024,Hardin,23,2024-02-09,2024-12-29,16,94,0
48199,2025,Hardin,22,2025-01-04,2025-12-28,9,82,1
48201,2015,Harris,21,2015-02-08,2015-12-27,10,63,0
48201,2016,Harris,18,2016-01-31,2016-12-28,19,94,0
48201,2017,Harris,26,2017-01-10,2017-12-20,12,101,0
48201,2018,Harris,19,2018-02-14,2018-12-27,8,62,0
48201,2019,Harris,15,2019-01-07,2019-11-30,11,60,0
48201,2020,Harris,24,2020-01-09,2020-12-30,12,83,0
48201,2021,Harris,21,2021-01-24,2022-01-01,9,79,0
48201,2022,Harris,20,2022-01-08,2022-12-13,9,73,0
48201,2023,Harris,24,2023-01-01,2023-12-09,16,127,0
48201,2024,Harris,27,2024-01-23,2024-12-28,13,114,0
48201,2025,Harris,15,2025-02-03,2025-12-28,8,64,0
48203,2015,Harrison,13,2015-01-28,2015-12-27,5,35,0
48203,2016,Harrison,17,2016-01-08,2016-12-28,5,49,0
48203,2017,Harrison,20,2017-01-02,2017-12-22,7,58,0
48203,2018,Harrison,16,2018-01-21,2018-12-27,8,51,0
48203,2019,Harrison,10,2019-01-07,2019-12-28,11,36,0
48203,2020,Harrison,13,2020-01-10,2020-12-31,5,38,0
48203,2021,Harrison,16,2021-01-25,2022-01-01,9,50,0
48203,2022,Harrison,18,2022-03-05,2023-01-03,8,53,0
48203,2023,Harrison,24,2023-01-07,2023-12-24,9,76,0
48203,2024,Harrison,20,2024-01-24,2024-12-26,16,72,0
48203,2025,Harrison,16,2025-01-30,2025-12-28,9,65,0
48205,2015,Hartley,19,2015-01-18,2015-12-23,6,67,0
48205,2016,Hartley,20,2016-01-24,2016-12-25,11,70,0
48205,2017,Hartley,24,2017-01-10,2017-12-20,8,73,0
48205,2018,Hartley,18,2018-01-09,2018-12-26,9,64,0
48205,2019,Hartley,18,2019-01-06,2019-12-25,7,61,0
48205,2020,Hartley,22,2020-02-01,2020-12-22,7,66,0
48205,2021,Hartley,22,2021-02-02,2021-12-27,6,63,0
48205,2022,Hartley,20,2022-01-13,2023-01-02,9,68,0
48205,2023,Hartley,21,2023-01-10,2023-12-23,7,74,0
48205,2024,Hartley,26,2024-01-29,2024-12-30,10,95,0
48205,2025,Hartley,17,2025-02-02,2025-12-28,7,62,0
48207,2015,Haskell,15,2015-01-27,2015-12-26,11,65,10
48207,2016,Haskell,23,2016-01-29,2016-12-29,10,93,5
48207,2017,Haskell,17,2017-01-02,2017-12-04,6,46,17
48207,2018,Haskell,12,2018-01-10,2018-12-01,3,29,17
48207,2019,Haskell,6,2019-01-06,2019-12-28,9,24,0
48207,2020,Haskell,12,2020-01-14,2020-12-11,4,29,0
48207,2021,Haskell,12,2021-03-10,2022-01-01,9,38,0
48207,2022,Haskell,18,2022-03-04,2022-12-07,7,54,0
48207,2023,Haskell,26,2023-01-01,2023-12-24,8,80,0
48207,2024,Haskell,26,2024-01-30,2024-12-31,9,85,0
48207,2025,Haskell,18,2025-02-03,2025-12-28,6,51,0
48209,2015,Hays,11,2015-04-01,2015-12-27,5,36,0
48209,2016,Hays,14,2016-01-31,2016-12-29,8,58,0
48209,2017,Hays,20,2017-01-01,2017-12-05,7,58,0
48209,2018,Hays,12,2018-02-19,2018-10-07,4,31,0
48209,2019,Hays,10,2019-01-07,2019-12-28,15,44,0
48209,2020,Hays,16,2020-01-09,2020-12-29,5,50,0
48209,2021,Hays,10,2021-01-24,2022-01-01,9,33,0
48209,2022,Hays,17,2022-03-05,2022-12-13,11,65,0
48209,2023,Hays,24,2023-01-01,2023-12-24,8,81,0
48209,2024,Hays,23,2024-02-08,2024-12-28,9,77,0
48209,2025,Hays,18,2025-02-02,2025-12-28,9,70,0
48211,2015,Hemphill,20,2015-01-19,2015-12-24,6,70,70
48211,2016,Hemphill,15,2016-01-29,2016-12-26,10,52,52
48211,2017,Hemphill,23,2017-01-10,2017-12-21,8,64,64
48211,2018,Hemphill,17,2018-01-09,2018-12-26,8,52,52
48211,2019,Hemphill,15,2019-01-05,2019-12-27,9,53,53
48211,2020,Hemphill,17,2020-01-09,2020-12-23,5,50,50
48211,2021,Hemphill,15,2021-02-03,2021-12-29,8,51,51
48211,2022,Hemphill,18,2022-03-03,2023-01-03,12,61,61
48211,2023,Hemphill,28,2023-01-06,2023-12-24,8,99,99
48211,2024,Hemphill,28,2024-01-29,2024-12-31,13,103,103
48211,2025,Hemphill,22,2025-02-02,2025-12-28,10,75,75
48213,2015,Henderson,20,2015-01-28,2015-12-27,7,70,0
48213,2016,Henderson,26,2016-01-07,2016-12-29,11,108,0
48213,2017,Henderson,28,2017-01-01,2017-12-20,8,82,0
48213,2018,Henderson,21,2018-02-15,2018-12-27,9,72,0
48213,2019,Henderson,16,2019-01-06,2019-12-28,16,61,0
48213,2020,Henderson,11,2020-03-10,2020-12-30,5,31,0
48213,2021,Henderson,9,2021-03-11,2022-01-01,9,34,0
48213,2022,Henderson,14,2022-03-05,2023-01-03,8,48,0
48213,2023,Henderson,22,2023-01-10,2023-12-24,5,73,0
48213,2024,Henderson,20,2024-02-02,2024-12-28,13,73,0
48213,2025,Henderson,22,2025-01-04,2025-12-28,10,88,0
48215,2015,Hidalgo,7,2015-04-23,2015-12-27,7,26,0
48215,2016,Hidalgo,19,2016-02-20,2016-12-29,18,91,0
48215,2017,Hidalgo,21,2017-01-11,2017-12-22,8,71,0
48215,2018,Hidalgo,25,2018-02-15,2018-11-08,6,77,0
48215,2019,Hidalgo,18,2019-01-07,2019-12-28,15,94,0
48215,2020,Hidalgo,23,2020-01-09,2020-12-30,8,83,0
48215,2021,Hidalgo,15,2021-01-24,2022-01-01,8,49,0
48215,2022,Hidalgo,14,2022-04-05,2022-12-13,9,49,0
48215,2023,Hidalgo,23,2023-01-01,2023-11-09,23,129,0
48215,2024,Hidalgo,22,2024-02-09,2024-12-28,10,99,0
48215,2025,Hidalgo,18,2025-02-03,2025-12-28,13,98,0
48217,2015,Hill,9,2015-01-28,2015-12-27,6,25,0
48217,2016,Hill,14,2016-01-30,2016-12-29,10,50,0
48217,2017,Hill,17,2017-01-10,2017-12-04,8,50,0
48217,2018,Hill,13,2018-02-15,2018-12-27,7,40,0
48217,2019,Hill,10,2019-01-06,2019-12-28,17,41,0
48217,2020,Hill,13,2020-01-09,2020-11-22,4,32,0
48217,2021,Hill,13,2021-01-24,2022-01-01,10,46,0
48217,2022,Hill,18,2022-03-04,2022-12-13,8,63,0
48217,2023,Hill,22,2023-01-01,2023-12-24,15,103,0
48217,2024,Hill,30,2024-02-02,2024-12-25,15,110,0
48217,2025,Hill,17,2025-01-04,2025-12-28,9,61,0
48219,2015,Hockley,15,2015-01-19,2015-12-24,5,39,0
48219,2016,Hockley,16,2016-01-30,2016-12-25,6,44,0
48219,2017,Hockley,12,2017-01-10,2017-12-04,8,40,0
48219,2018,Hockley,12,2018-01-10,2018-12-01,7,37,0
48219,2019,Hockley,14,2019-01-06,2019-12-28,6,48,0
48219,2020,Hockley,19,2020-01-14,2020-12-11,6,54,0
48219,2021,Hockley,14,2021-02-03,2021-12-29,6,40,0
48219,2022,Hockley,12,2022-03-28,2022-12-07,5,34,0
48219,2023,Hockley,19,2023-01-01,2023-12-24,7,58,0
48219,2024,Hockley,19,2024-02-02,2024-12-31,5,58,0
48219,2025,Hockley,16,2025-02-03,2025-12-28,7,45,0
48221,2015,Hood,20,2015-01-27,2015-12-27,9,72,0
48221,2016,Hood,23,2016-01-30,2016-12-29,18,110,0
48221,2017,Hood,26,2017-01-01,2017-12-04,8,79,0
48221,2018,Hood,23,2018-01-20,2018-12-27,9,81,0
48221,2019,Hood,17,2019-01-06,2019-12-28,17,71,1
48221,2020,Hood,18,2020-01-09,2020-12-30,6,56,0
48221,2021,Hood,23,2021-01-24,2021-12-31,8,75,0
48221,2022,Hood,16,2022-03-05,2022-12-13,14,72,0
48221,2023,Hood,25,2023-01-01,2023-12-24,13,92,1
48221,2024,Hood,31,2024-02-01,2024-12-30,8,96,1
48221,2025,Hood,18,2025-01-29,2025-12-28,7,51,0
48223,2015,Hopkins,20,2015-01-28,2015-12-28,8,68,0
48223,2016,Hopkins,22,2016-01-30,2016-12-29,10,94,0
48223,2017,Hopkins,24,2017-01-01,2017-12-05,7,64,0
48223,2018,Hopkins,20,2018-01-21,2018-12-27,8,62,0
48223,2019,Hopkins,12,2019-01-06,2019-12-29,13,58,0
48223,2020,Hopkins,20,2020-01-10,2020-12-28,4,50,0
48223,2021,Hopkins,14,2021-03-11,2022-01-01,9,43,1
48223,2022,Hopkins,19,2022-01-14,2023-01-03,7,59,0
48223,2023,Hopkins,23,2023-01-07,2023-12-24,5,69,0
48223,2024,Hopkins,21,2024-02-02,2024-12-25,9,71,0
48223,2025,Hopkins,12,2025-02-03,2025-12-28,9,54,0
48225,2015,Houston,21,2015-01-28,2015-12-28,7,71,0
48225,2016,Houston,22,2016-01-30,2016-12-29,12,97,1
48225,2017,Houston,25,2017-01-01,2017-12-20,7,71,0
48225,2018,Houston,15,2018-02-15,2018-12-27,7,46,0
48225,2019,Houston,15,2019-01-07,2019-12-29,9,47,0
48225,2020,Houston,16,2020-01-14,2020-12-30,5,45,0
48225,2021,Houston,16,2021-01-24,2022-01-01,9,53,0
48225,2022,Houston,13,2022-03-05,2022-12-30,9,51,0
48225,2023,Houston,23,2023-01-01,2023-12-24,8,79,0
48225,2024,Houston,19,2024-02-09,2024-12-26,12,71,0
48225,2025,Houston,16,2025-02-03,2025-12-28,9,62,0
48227,2015,Howard,15,2015-01-28,2015-12-25,6,45,0
48227,2016,Howard,15,2016-01-30,2016-12-28,12,63,0
48227,2017,Howard,13,2017-01-10,2017-12-04,9,44,0
48227,2018,Howard,16,2018-01-09,2018-12-26,9,50,0
48227,2019,Howard,14,2019-01-06,2019-12-28,9,42,0
48227,2020,Howard,16,2020-01-09,2020-11-20,8,49,0
48227,2021,Howard,14,2021-02-02,2021-12-29,7,45,0
48227,2022,Howard,17,2022-03-04,2023-01-02,7,62,0
48227,2023,Howard,20,2023-01-09,2023-12-23,8,74,0
48227,2024,Howard,25,2024-02-01,2024-12-30,7,80,0
48227,2025,Howard,14,2025-02-02,2025-12-28,10,55,0
48229,2015,Hudspeth,32,2015-01-20,2015-12-13,10,111,0
48229,2016,Hudspeth,17,2016-02-18,2016-12-26,14,79,0
48229,2017,Hudspeth,26,2017-01-04,2017-12-27,9,93,0
48229,2018,Hudspeth,34,2018-01-10,2018-12-26,11,135,0
48229,2019,Hudspeth,37,2019-01-09,2019-12-28,10,122,0
48229,2020,Hudspeth,32,2020-01-15,2020-12-29,12,105,1
48229,2021,Hudspeth,31,2021-01-29,2021-12-29,8,106,1
48229,2022,Hudspeth,21,2022-01-08,2022-12-30,13,80,0
48229,2023,Hudspeth,34,2023-01-01,2023-12-24,15,129,0
48229,2024,Hudspeth,28,2024-01-30,2024-12-31,16,127,0
48229,2025,Hudspeth,33,2025-01-04,2025-12-29,15,140,0
48231,2015,Hunt,21,2015-01-27,2015-12-27,7,73,0
48231,2016,Hunt,25,2016-01-14,2017-01-02,10,99,0
48231,2017,Hunt,25,2017-01-10,2017-12-22,10,92,0
48231,2018,Hunt,23,2018-01-20,2018-12-27,12,92,0
48231,2019,Hunt,18,2019-01-06,2019-12-28,17,74,0
48231,2020,Hunt,22,2020-01-02,2020-12-30,6,64,0
48231,2021,Hunt,14,2021-03-10,2021-12-31,9,47,0
48231,2022,Hunt,18,2022-01-08,2023-01-03,8,55,0
48231,2023,Hunt,20,2023-01-10,2023-12-24,5,64,0
48231,2024,Hunt,25,2024-01-30,2024-12-27,13,85,0
48231,2025,Hunt,19,2025-02-02,2025-12-28,9,68,0
48233,2015,Hutchinson,14,2015-01-26,2015-12-23,5,43,0
48233,2016,Hutchinson,21,2016-01-23,2016-12-25,9,63,0
48233,2017,Hutchinson,23,2017-01-09,2017-12-04,7,70,0
48233,2018,Hutchinson,24,2018-01-09,2018-12-19,8,73,0
48233,2019,Hutchinson,16,2019-01-05,2019-12-26,7,62,0
48233,2020,Hutchinson,19,2020-01-08,2020-12-22,8,67,0
48233,2021,Hutchinson,21,2021-02-02,2021-12-26,5,63,0
48233,2022,Hutchinson,22,2022-02-15,2023-01-02,7,72,0
48233,2023,Hutchinson,24,2023-01-09,2023-12-23,7,83,0
48233,2024,Hutchinson,24,2024-01-31,2024-12-30,10,90,0
48233,2025,Hutchinson,18,2025-02-01,2025-12-27,8,60,0
48235,2015,Irion,11,2015-02-10,2015-12-27,5,30,3
48235,2016,Irion,14,2016-02-19,2016-12-27,11,53,3
48235,2017,Irion,23,2017-01-01,2017-12-22,7,60,0
48235,2018,Irion,15,2018-02-15,2018-12-27,6,51,2
48235,2019,Irion,12,2019-01-07,2019-12-27,14,41,0
48235,2020,Irion,17,2020-01-09,2020-12-30,5,49,2
48235,2021,Irion,12,2021-04-27,2022-01-01,10,43,0
48235,2022,Irion,16,2022-02-16,2022-12-11,14,59,0
48235,2023,Irion,23,2023-01-01,2023-12-25,8,79,0
48235,2024,Irion,21,2024-02-01,2024-12-30,8,69,69
48235,2025,Irion,13,2025-01-04,2025-12-28,9,50,50
48237,2015,Jack,18,2015-01-28,2015-12-27,7,55,5
48237,2016,Jack,17,2016-01-30,2016-12-27,9,53,8
48237,2017,Jack,14,2017-01-02,2017-12-04,7,37,4
48237,2018,Jack,11,2018-02-15,2018-12-01,5,26,1
48237,2019,Jack,6,2019-01-06,2019-12-28,12,28,2
48237,2020,Jack,11,2020-01-14,2020-11-22,4,28,0
48237,2021,Jack,6,2021-03-11,2022-01-01,9,22,1
48237,2022,Jack,13,2022-03-05,2022-12-09,4,39,0
48237,2023,Jack,24,2023-01-01,2023-12-24,5,63,1
48237,2024,Jack,21,2024-02-02,2024-12-31,6,58,7
48237,2025,Jack,10,2025-02-03,2025-12-28,6,28,1
48239,2015,Jackson,14,2015-04-01,2015-12-27,6,44,44
48239,2016,Jackson,17,2016-01-31,2016-12-29,15,89,89
48239,2017,Jackson,26,2017-01-10,2017-12-20,8,87,87
48239,2018,Jackson,19,2018-02-15,2018-12-27,8,66,66
48239,2019,Jackson,14,2019-01-07,2019-12-28,16,69,69
48239,2020,Jackson,23,2020-01-09,2020-12-30,7,74,74
48239,2021,Jackson,16,2021-01-24,2022-01-01,9,58,58
48239,2022,Jackson,20,2022-03-05,2022-12-13,13,88,88
48239,2023,Jackson,25,2023-01-01,2023-12-24,19,143,143
48239,2024,Jackson,25,2024-02-08,2024-12-28,13,113,113
48239,2025,Jackson,17,2025-01-04,2025-12-28,9,77,77
48241,2015,Jasper,21,2015-01-29,2015-12-28,16,81,5
48241,2016,Jasper,18,2016-01-31,2016-12-29,17,100,4
48241,2017,Jasper,27,2017-01-11,2017-12-20,9,96,2
48241,2018,Jasper,21,2018-01-21,2018-12-28,19,86,1
48241,2019,Jasper,27,2019-01-06,2019-12-29,10,88,0
48241,2020,Jasper,24,2020-01-06,2020-12-31,5,75,2
48241,2021,Jasper,17,2021-01-06,2022-01-01,9,58,11
48241,2022,Jasper,17,2022-04-05,2023-01-04,10,75,7
48241,2023,Jasper,26,2023-01-06,2023-12-24,17,132,10
48241,2024,Jasper,27,2024-02-09,2024-12-31,9,93,9
48241,2025,Jasper,19,2025-01-30,2025-12-28,9,66,13
48243,2015,Jeff Davis,27,2015-01-27,2015-12-26,6,83,0
48243,2016,Jeff Davis,24,2016-01-30,2016-12-29,8,90,0
48243,2017,Jeff Davis,27,2017-01-09,2017-12-31,10,107,0
48243,2018,Jeff Davis,26,2018-01-09,2018-12-26,11,100,0
48243,2019,Jeff Davis,23,2019-01-06,2019-12-16,15,90,0
48243,2020,Jeff Davis,25,2020-01-09,2020-12-30,12,105,0
48243,2021,Jeff Davis,21,2021-02-03,2022-01-01,8,78,0
48243,2022,Jeff Davis,15,2022-01-05,2022-12-10,14,68,0
48243,2023,Jeff Davis,24,2023-01-01,2023-12-24,19,124,0
48243,2024,Jeff Davis,29,2024-01-30,2024-12-31,10,114,0
48243,2025,Jeff Davis,27,2025-01-03,2025-12-28,12,99,0
48245,2015,Jefferson,17,2015-03-18,2015-12-27,9,65,0
48245,2016,Jefferson,21,2016-01-31,2016-12-29,9,86,0
48245,2017,Jefferson,26,2017-01-01,2017-12-20,13,94,0
48245,2018,Jefferson,18,2018-02-15,2018-12-27,11,78,0
48245,2019,Jefferson,23,2019-01-07,2019-12-29,11,78,0
48245,2020,Jefferson,16,2020-01-10,2020-12-31,6,54,0
48245,2021,Jefferson,20,2021-01-21,2022-01-01,9,67,0
48245,2022,Jefferson,16,2022-03-05,2022-12-30,11,55,0
48245,2023,Jefferson,23,2023-01-01,2023-11-09,13,112,0
48245,2024,Jefferson,21,2024-01-24,2024-12-28,15,99,0
48245,2025,Jefferson,16,2025-02-03,2025-12-28,10,69,0
48247,2015,Jim Hogg,6,2015-08-08,2015-12-27,5,18,18
48247,2016,Jim Hogg,9,2016-02-01,2016-12-29,7,33,33
48247,2017,Jim Hogg,10,2017-01-11,2017-12-04,7,30,30
48247,2018,Jim Hogg,5,2018-02-19,2018-12-27,5,13,13
48247,2019,Jim Hogg,11,2019-01-07,2019-12-28,10,49,49
48247,2020,Jim Hogg,11,2020-01-09,2020-12-30,7,31,31
48247,2021,Jim Hogg,9,2021-01-24,2022-01-01,9,32,32
48247,2022,Jim Hogg,8,2022-04-12,2022-12-13,10,36,36
48247,2023,Jim Hogg,18,2023-01-01,2023-11-09,16,91,91
48247,2024,Jim Hogg,13,2024-03-14,2024-12-26,7,50,50
48247,2025,Jim Hogg,9,2025-02-03,2025-12-28,11,48,48
48249,2015,Jim Wells,11,2015-04-02,2015-12-27,5,28,0
48249,2016,Jim Wells,15,2016-02-21,2016-12-29,6,47,0
48249,2017,Jim Wells,17,2017-01-10,2017-12-05,8,52,0
48249,2018,Jim Wells,11,2018-02-16,2018-11-08,5,29,0
48249,2019,Jim Wells,15,2019-01-07,2019-12-28,8,66,0
48249,2020,Jim Wells,17,2020-01-09,2020-12-30,9,63,0
48249,2021,Jim Wells,15,2021-01-05,2022-01-01,8,47,0
48249,2022,Jim Wells,17,2022-03-05,2022-12-30,8,50,0
48249,2023,Jim Wells,23,2023-01-01,2023-12-23,15,98,0
48249,2024,Jim Wells,22,2024-02-09,2024-12-18,8,76,0
48249,2025,Jim Wells,19,2025-01-04,2025-12-28,11,80,0
48251,2015,Johnson,7,2015-01-27,2015-12-27,7,25,0
48251,2016,Johnson,17,2016-01-30,2016-12-29,8,53,0
48251,2017,Johnson,16,2017-01-01,2017-12-04,8,47,0
48251,2018,Johnson,7,2018-02-15,2018-12-26,4,19,0
48251,2019,Johnson,6,2019-01-06,2019-12-27,16,31,0
48251,2020,Johnson,14,2020-01-09,2020-12-30,4,33,0
48251,2021,Johnson,9,2021-01-24,2021-12-31,8,31,0
48251,2022,Johnson,10,2022-03-27,2022-12-11,7,36,0
48251,2023,Johnson,19,2023-01-01,2023-12-24,5,53,0
48251,2024,Johnson,16,2024-02-01,2024-12-18,11,58,0
48251,2025,Johnson,14,2025-02-02,2025-12-28,8,45,0
48253,2015,Jones,12,2015-01-27,2015-12-25,6,38,0
48253,2016,Jones,17,2016-01-30,2016-12-26,9,51,0
48253,2017,Jones,16,2017-01-02,2017-12-04,7,44,0
48253,2018,Jones,15,2018-02-15,2018-12-01,5,38,0
48253,2019,Jones,10,2019-01-06,2019-12-26,11,35,0
48253,2020,Jones,12,2020-01-13,2020-11-10,5,36,0
48253,2021,Jones,10,2021-03-11,2022-01-01,9,44,0
48253,2022,Jones,14,2022-02-16,2022-12-07,9,50,0
48253,2023,Jones,22,2023-01-01,2023-12-24,5,62,0
48253,2024,Jones,22,2024-02-01,2024-12-31,4,57,0
48253,2025,Jones,14,2025-02-03,2025-12-28,7,42,0
48255,2015,Karnes,9,2015-04-02,2015-12-27,5,24,24
48255,2016,Karnes,11,2016-02-01,2016-12-29,6,39,39
48255,2017,Karnes,15,2017-01-11,2017-12-05,7,45,45
48255,2018,Karnes,8,2018-02-19,2018-12-27,3,19,19
48255,2019,Karnes,9,2019-01-07,2019-12-28,11,39,39
48255,2020,Karnes,13,2020-01-14,2020-12-30,7,45,45
48255,2021,Karnes,11,2021-01-24,2022-01-01,9,36,36
48255,2022,Karnes,17,2022-03-05,2022-12-13,8,55,55
48255,2023,Karnes,25,2023-01-02,2023-12-24,13,98,98
48255,2024,Karnes,18,2024-02-09,2024-12-28,9,70,70
48255,2025,Karnes,12,2025-01-04,2025-12-28,9,56,56
48257,2015,Kaufman,12,2015-01-27,2015-12-27,7,49,0
48257,2016,Kaufman,21,2016-01-30,2017-01-02,7,70,0
48257,2017,Kaufman,23,2017-01-10,2017-12-04,7,67,0
48257,2018,Kaufman,18,2018-01-20,2018-12-27,6,53,0
48257,2019,Kaufman,15,2019-01-06,2019-12-28,17,60,0
48257,2020,Kaufman,14,2020-01-09,2020-11-21,6,44,0
48257,2021,Kaufman,13,2021-02-27,2021-12-31,9,44,0
48257,2022,Kaufman,15,2022-01-08,2023-01-03,7,55,0
48257,2023,Kaufman,21,2023-01-06,2023-12-24,5,60,0
48257,2024,Kaufman,22,2024-01-30,2024-12-27,13,75,0
48257,2025,Kaufman,17,2025-01-29,2025-12-28,9,62,0
48259,2015,Kendall,14,2015-02-09,2015-12-27,7,46,0
48259,2016,Kendall,17,2016-01-08,2016-12-29,9,66,0
48259,2017,Kendall,26,2017-01-01,2017-12-22,8,83,0
48259,2018,Kendall,27,2018-02-16,2018-12-27,13,92,0
48259,2019,Kendall,21,2019-01-07,2019-12-28,16,100,0
48259,2020,Kendall,19,2020-01-09,2020-12-30,9,68,0
48259,2021,Kendall,25,2021-01-22,2022-01-01,10,101,0
48259,2022,Kendall,24,2022-02-01,2022-12-30,40,153,0
48259,2023,Kendall,21,2023-01-01,2023-12-24,24,146,0
48259,2024,Kendall,25,2024-02-02,2024-12-31,12,118,0
48259,2025,Kendall,27,2025-01-04,2025-12-28,13,111,0
48261,2015,Kenedy,16,2015-04-03,2015-12-27,7,42,0
48261,2016,Kenedy,20,2016-02-01,2016-12-29,11,83,0
48261,2017,Kenedy,22,2017-01-11,2017-11-18,8,69,9
48261,2018,Kenedy,13,2018-02-19,2018-12-27,8,39,39
48261,2019,Kenedy,10,2019-01-07,2019-12-28,16,61,61
48261,2020,Kenedy,20,2020-01-09,2020-12-31,12,71,65
48261,2021,Kenedy,27,2021-01-24,2022-01-02,10,92,8
48261,2022,Kenedy,19,2022-02-22,2022-12-14,10,81,1
48261,2023,Kenedy,27,2023-01-02,2023-12-24,18,136,1
48261,2024,Kenedy,28,2024-01-26,2024-12-28,13,118,7
48261,2025,Kenedy,23,2025-02-04,2025-12-29,12,103,6
48263,2015,Kent,18,2015-01-27,2015-12-24,7,54,0
48263,2016,Kent,21,2016-01-30,2016-12-26,10,66,0
48263,2017,Kent,29,2017-01-02,2017-12-22,11,88,0
48263,2018,Kent,21,2018-01-10,2018-12-01,9,78,0
48263,2019,Kent,13,2019-01-06,2019-12-27,11,63,0
48263,2020,Kent,16,2020-01-14,2020-12-11,10,54,0
48263,2021,Kent,13,2021-02-03,2022-01-01,9,49,0
48263,2022,Kent,22,2022-01-14,2022-12-07,14,94,0
48263,2023,Kent,28,2023-01-01,2023-12-24,7,95,0
48263,2024,Kent,24,2024-02-02,2024-12-31,15,90,0
48263,2025,Kent,23,2025-02-03,2025-12-28,7,69,0
48265,2015,Kerr,9,2015-02-08,2015-12-27,5,26,0
48265,2016,Kerr,10,2016-01-31,2016-12-29,6,41,0
48265,2017,Kerr,18,2017-01-01,2017-12-05,8,61,0
48265,2018,Kerr,16,2018-02-15,2018-10-07,4,44,0
48265,2019,Kerr,14,2019-01-07,2019-12-28,15,53,0
48265,2020,Kerr,18,2020-01-09,2020-12-30,6,57,0
48265,2021,Kerr,11,2021-01-22,2022-01-01,9,36,0
48265,2022,Kerr,21,2022-03-04,2022-12-13,15,85,0
48265,2023,Kerr,26,2023-01-02,2023-12-24,11,96,0
48265,2024,Kerr,23,2024-01-23,2024-12-29,10,88,0
48265,2025,Kerr,18,2025-01-04,2025-12-28,8,69,0
48267,2015,Kimble,14,2015-03-24,2015-12-26,4,35,0
48267,2016,Kimble,14,2016-02-19,2016-12-29,14,63,0
48267,2017,Kimble,24,2017-01-01,2017-12-22,8,87,0
48267,2018,Kimble,19,2018-02-17,2018-12-27,5,57,0
48267,2019,Kimble,19,2019-01-07,2019-12-28,16,74,0
48267,2020,Kimble,16,2020-01-14,2020-11-25,6,55,0
48267,2021,Kimble,10,2021-01-22,2022-01-01,10,36,0
48267,2022,Kimble,17,2022-03-04,2022-12-12,15,77,0
48267,2023,Kimble,23,2023-01-01,2023-12-24,8,73,0
48267,2024,Kimble,25,2024-01-23,2024-12-31,8,83,0
48267,2025,Kimble,12,2025-01-04,2025-12-28,8,45,0
48269,2015,King,13,2015-01-27,2015-12-24,5,41,0
48269,2016,King,16,2016-01-30,2016-12-26,9,53,0
48269,2017,King,23,2017-01-10,2017-12-22,6,65,0
48269,2018,King,18,2018-01-10,2018-11-30,8,55,0
48269,2019,King,15,2019-01-06,2019-12-27,9,55,0
48269,2020,King,18,2020-01-14,2020-12-11,5,54,0
48269,2021,King,17,2021-02-03,2022-01-01,9,48,0
48269,2022,King,19,2022-03-04,2022-12-07,13,68,0
48269,2023,King,26,2023-01-01,2023-12-24,5,78,0
48269,2024,King,23,2024-01-30,2024-12-31,9,84,0
48269,2025,King,14,2025-02-02,2025-12-28,7,45,0
48271,2015,Kinney,4,2015-02-09,2015-12-26,3,9,0
48271,2016,Kinney,6,2016-01-31,2016-12-29,6,21,0
48271,2017,Kinney,11,2017-01-01,2017-12-04,7,34,0
48271,2018,Kinney,10,2018-02-18,2018-06-25,5,27,0
48271,2019,Kinney,9,2019-01-07,2019-12-16,15,34,0
48271,2020,Kinney,8,2020-01-14,2020-11-24,5,28,5
48271,2021,Kinney,6,2021-01-23,2022-01-01,9,21,9
48271,2022,Kinney,12,2022-04-11,2022-12-13,8,45,45
48271,2023,Kinney,19,2023-01-01,2023-12-24,11,75,75
48271,2024,Kinney,18,2024-02-09,2024-12-24,9,58,58
48271,2025,Kinney,11,2025-02-03,2025-12-28,8,43,43
48273,2015,Kleberg,10,2015-04-08,2015-12-27,5,28,0
48273,2016,Kleberg,16,2016-02-01,2016-12-29,9,54,0
48273,2017,Kleberg,23,2017-01-10,2017-12-05,8,76,0
48273,2018,Kleberg,24,2018-02-16,2018-12-27,5,69,0
48273,2019,Kleberg,19,2019-01-07,2019-12-28,8,76,0
48273,2020,Kleberg,20,2020-01-09,2020-12-30,9,75,0
48273,2021,Kleberg,18,2021-01-05,2022-01-01,9,62,0
48273,2022,Kleberg,15,2022-03-05,2022-12-13,8,59,0
48273,2023,Kleberg,25,2023-01-01,2023-12-23,23,144,0
48273,2024,Kleberg,24,2024-02-09,2024-12-28,12,114,0
48273,2025,Kleberg,18,2025-02-03,2025-12-28,11,77,0
48275,2015,Knox,13,2015-01-19,2015-12-24,5,35,5
48275,2016,Knox,18,2016-01-29,2016-12-28,5,56,1
48275,2017,Knox,16,2017-01-10,2017-12-04,7,45,31
48275,2018,Knox,17,2018-01-10,2018-12-27,10,56,11
48275,2019,Knox,10,2019-01-06,2019-12-27,11,46,2
48275,2020,Knox,17,2020-01-14,2020-12-30,4,46,1
48275,2021,Knox,14,2021-03-10,2022-01-01,9,40,0
48275,2022,Knox,20,2022-03-04,2022-11-10,9,68,1
48275,2023,Knox,22,2023-01-01,2023-12-22,8,69,0
48275,2024,Knox,22,2024-02-01,2024-12-31,9,72,0
48275,2025,Knox,15,2025-02-02,2025-12-28,7,47,0
48277,2015,Lamar,16,2015-01-27,2015-12-27,7,49,0
48277,2016,Lamar,17,2016-01-30,2016-12-29,9,56,0
48277,2017,Lamar,21,2017-01-01,2017-12-22,5,54,0
48277,2018,Lamar,11,2018-02-15,2018-12-27,7,37,0
48277,2019,Lamar,7,2019-01-06,2019-12-28,11,30,0
48277,2020,Lamar,18,2020-01-09,2020-12-11,6,46,0
48277,2021,Lamar,12,2021-03-10,2022-01-01,9,43,0
48277,2022,Lamar,12,2022-03-04,2023-01-03,6,42,0
48277,2023,Lamar,18,2023-01-10,2023-12-24,5,54,0
48277,2024,Lamar,23,2024-01-30,2024-12-28,9,83,0
48277,2025,Lamar,15,2025-02-03,2025-12-28,9,56,1
48279,2015,Lamb,21,2015-01-19,2015-12-24,5,54,0
48279,2016,Lamb,17,2016-01-24,2016-12-25,7,52,0
48279,2017,Lamb,18,2017-01-10,2017-12-04,6,50,0
48279,2018,Lamb,23,2018-01-10,2018-12-01,8,67,0
48279,2019,Lamb,17,2019-01-06,2019-12-27,10,63,0
48279,2020,Lamb,19,2020-02-03,2020-12-11,8,66,0
48279,2021,Lamb,17,2021-02-03,2021-12-28,7,52,0
48279,2022,Lamb,17,2022-03-04,2022-12-29,6,50,0
48279,2023,Lamb,20,2023-01-01,2023-12-24,7,65,0
48279,2024,Lamb,24,2024-01-31,2024-12-31,6,71,0
48279,2025,Lamb,19,2025-02-03,2025-12-28,7,60,0
48281,2015,Lampasas,13,2015-01-27,2015-12-27,7,45,45
48281,2016,Lampasas,17,2016-01-30,2016-12-29,8,67,67
48281,2017,Lampasas,22,2017-01-01,2017-12-22,8,75,75
48281,2018,Lampasas,17,2018-02-15,2018-12-27,6,49,49
48281,2019,Lampasas,12,2019-01-06,2019-12-28,18,53,53
48281,2020,Lampasas,19,2020-01-09,2020-12-30,6,55,55
48281,2021,Lampasas,14,2021-01-24,2022-01-01,10,46,46
48281,2022,Lampasas,20,2022-02-21,2023-01-03,15,66,19
48281,2023,Lampasas,23,2023-01-06,2023-12-24,12,90,3
48281,2024,Lampasas,30,2024-01-29,2024-12-30,9,113,90
48281,2025,Lampasas,19,2025-02-02,2025-12-28,8,65,43
48283,2015,La Salle,23,2015-01-28,2015-12-27,10,89,0
48283,2016,La Salle,27,2016-01-31,2017-01-03,14,122,0
48283,2017,La Salle,26,2017-01-10,2017-12-04,8,88,0
48283,2018,La Salle,15,2018-01-27,2018-12-27,6,37,0
48283,2019,La Salle,25,2019-01-07,2019-12-28,17,116,0
48283,2020,La Salle,29,2020-01-09,2020-12-30,10,103,0
48283,2021,La Salle,33,2021-01-05,2022-01-01,12,131,0
48283,2022,La Salle,31,2022-01-31,2023-01-03,14,139,0
48283,2023,La Salle,31,2023-01-05,2023-12-24,20,162,0
48283,2024,La Salle,33,2024-02-01,2024-12-30,20,146,1
48283,2025,La Salle,27,2025-01-04,2025-12-28,14,110,0
48285,2015,Lavaca,17,2015-02-09,2015-12-26,4,48,0
48285,2016,Lavaca,18,2016-01-31,2016-12-28,9,67,0
48285,2017,Lavaca,32,2017-01-01,2017-12-21,11,124,0
48285,2018,Lavaca,28,2018-02-15,2018-12-27,14,108,0
48285,2019,Lavaca,25,2019-01-06,2019-12-28,17,126,0
48285,2020,Lavaca,23,2020-01-09,2020-12-30,7,91,0
48285,2021,Lavaca,24,2021-01-24,2022-01-01,10,89,0
48285,2022,Lavaca,24,2022-03-04,2022-12-13,13,113,0
48285,2023,Lavaca,27,2023-01-01,2023-12-24,20,152,0
48285,2024,Lavaca,28,2024-02-08,2024-12-17,13,122,0
48285,2025,Lavaca,21,2025-01-29,2025-12-28,14,87,1
48287,2015,Lee,11,2015-03-31,2015-12-27,5,32,0
48287,2016,Lee,17,2016-01-31,2016-12-29,8,61,0
48287,2017,Lee,25,2017-01-01,2017-12-20,7,74,0
48287,2018,Lee,10,2018-02-19,2018-12-26,4,25,0
48287,2019,Lee,19,2019-01-07,2019-12-28,28,92,0
48287,2020,Lee,19,2020-01-09,2020-12-30,6,62,0
48287,2021,Lee,14,2021-01-05,2022-01-01,10,42,0
48287,2022,Lee,18,2022-03-04,2022-12-13,9,63,0
48287,2023,Lee,23,2023-01-01,2023-12-24,10,97,0
48287,2024,Lee,24,2024-02-08,2024-12-28,9,78,16
48287,2025,Lee,20,2025-01-29,2025-12-28,8,72,0
48289,2015,Leon,12,2015-03-20,2015-12-28,7,37,0
48289,2016,Leon,11,2016-01-31,2016-12-30,7,43,0
48289,2017,Leon,17,2017-01-02,2017-11-18,7,55,0
48289,2018,Leon,10,2018-01-21,2018-12-01,6,30,0
48289,2019,Leon,6,2019-02-02,2019-11-22,9,24,0
48289,2020,Leon,9,2020-01-15,2020-12-31,4,28,0
48289,2021,Leon,11,2021-01-30,2022-01-01,9,38,1
48289,2022,Leon,9,2022-03-29,2022-12-10,5,29,1
48289,2023,Leon,18,2023-01-02,2023-10-29,11,74,1
48289,2024,Leon,17,2024-02-10,2024-12-31,8,73,0
48289,2025,Leon,17,2025-02-02,2025-12-28,9,67,1
48291,2015,Liberty,13,2015-04-02,2015-12-27,6,36,0
48291,2016,Liberty,17,2016-01-31,2016-12-29,15,83,0
48291,2017,Liberty,19,2017-01-01,2017-11-17,10,62,0
48291,2018,Liberty,20,2018-02-15,2018-12-27,7,62,0
48291,2019,Liberty,17,2019-01-07,2019-12-28,9,54,0
48291,2020,Liberty,14,2020-01-14,2020-12-30,10,58,0
48291,2021,Liberty,16,2021-01-24,2022-01-01,9,56,0
48291,2022,Liberty,15,2022-03-05,2023-01-03,9,55,0
48291,2023,Liberty,18,2023-01-06,2023-11-09,17,112,0
48291,2024,Liberty,21,2024-02-08,2024-12-25,14,90,0
48291,2025,Liberty,20,2025-02-03,2025-12-28,9,76,1
48293,2015,Limestone,12,2015-01-28,2015-12-27,7,45,45
48293,2016,Limestone,17,2016-01-30,2016-12-29,14,70,70
48293,2017,Limestone,22,2017-01-01,2017-12-21,8,71,71
48293,2018,Limestone,15,2018-02-15,2018-12-27,8,52,52
48293,2019,Limestone,12,2019-01-06,2019-12-28,15,50,50
48293,2020,Limestone,20,2020-01-09,2020-12-30,5,55,55
48293,2021,Limestone,14,2021-01-24,2022-01-01,10,53,53
48293,2022,Limestone,20,2022-03-05,2023-01-03,9,75,15
48293,2023,Limestone,24,2023-01-06,2023-12-23,14,109,2
48293,2024,Limestone,31,2024-01-30,2024-12-28,17,116,0
48293,2025,Limestone,19,2025-01-03,2025-12-28,9,67,11
48295,2015,Lipscomb,20,2015-01-19,2015-12-23,6,67,0
48295,2016,Lipscomb,17,2016-01-29,2016-12-25,11,51,0
48295,2017,Lipscomb,25,2017-01-09,2017-12-20,8,68,2
48295,2018,Lipscomb,14,2018-01-09,2018-12-19,9,46,0
48295,2019,Lipscomb,13,2019-01-06,2019-12-26,8,42,0
48295,2020,Lipscomb,13,2020-02-02,2020-12-27,6,41,0
48295,2021,Lipscomb,16,2021-03-09,2021-12-27,5,45,0
48295,2022,Lipscomb,18,2022-01-13,2022-12-29,6,54,0
48295,2023,Lipscomb,24,2023-01-01,2023-12-24,9,77,0
48295,2024,Lipscomb,31,2024-01-29,2024-12-31,8,93,0
48295,2025,Lipscomb,18,2025-02-02,2025-12-28,10,59,1
48297,2015,Live Oak,12,2015-02-08,2015-12-27,7,34,0
48297,2016,Live Oak,13,2016-02-19,2016-12-29,8,51,0
48297,2017,Live Oak,22,2017-01-10,2017-12-05,8,65,0
48297,2018,Live Oak,12,2018-02-16,2018-12-27,5,33,0
48297,2019,Live Oak,13,2019-01-07,2019-12-29,8,51,0
48297,2020,Live Oak,21,2020-01-09,2020-12-30,7,61,0
48297,2021,Live Oak,15,2021-01-05,2022-01-01,10,51,0
48297,2022,Live Oak,19,2022-03-05,2022-12-13,8,63,0
48297,2023,Live Oak,22,2023-01-01,2023-12-24,12,104,0
48297,2024,Live Oak,27,2024-02-09,2024-12-31,12,123,0
48297,2025,Live Oak,27,2025-01-04,2025-12-29,13,118,0
48299,2015,Llano,18,2015-01-27,2015-12-27,7,55,0
48299,2016,Llano,16,2016-01-07,2017-01-03,8,57,0
48299,2017,Llano,22,2017-01-10,2017-12-04,9,79,0
48299,2018,Llano,21,2018-01-20,2018-12-27,5,53,0
48299,2019,Llano,15,2019-01-06,2019-12-28,18,56,0
48299,2020,Llano,16,2020-01-09,2020-12-30,5,48,0
48299,2021,Llano,12,2021-01-24,2022-01-01,10,40,0
48299,2022,Llano,19,2022-02-21,2022-12-13,9,65,0
48299,2023,Llano,26,2023-01-01,2023-12-24,12,97,0
48299,2024,Llano,17,2024-02-08,2024-12-30,8,56,0
48299,2025,Llano,14,2025-02-02,2025-12-28,8,53,0
48301,2015,Loving,18,2015-01-28,2015-12-26,5,56,56
48301,2016,Loving,15,2016-01-30,2016-12-29,11,55,55
48301,2017,Loving,17,2017-01-01,2017-12-04,10,61,61
48301,2018,Loving,15,2018-01-07,2018-12-26,12,64,64
48301,2019,Loving,19,2019-01-06,2019-12-27,11,65,65
48301,2020,Loving,19,2020-01-09,2020-12-29,7,64,64
48301,2021,Loving,16,2021-02-03,2021-12-31,10,61,61
48301,2022,Loving,18,2022-03-04,2023-01-03,14,81,81
48301,2023,Loving,24,2023-01-06,2023-12-24,16,115,115
48301,2024,Loving,25,2024-01-31,2024-12-30,15,103,103
48301,2025,Loving,14,2025-02-02,2025-12-28,13,72,72
48303,2015,Lubbock,13,2015-01-26,2015-12-25,5,43,0
48303,2016,Lubbock,16,2016-01-29,2016-12-26,11,54,0
48303,2017,Lubbock,23,2017-01-09,2017-12-21,6,66,0
48303,2018,Lubbock,20,2018-01-09,2018-11-30,9,62,0
48303,2019,Lubbock,16,2019-01-05,2019-12-27,6,56,0
48303,2020,Lubbock,17,2020-01-13,2020-12-10,7,50,0
48303,2021,Lubbock,17,2021-02-02,2021-12-31,9,59,0
48303,2022,Lubbock,22,2022-01-13,2023-01-02,6,65,0
48303,2023,Lubbock,24,2023-01-09,2023-12-23,7,80,0
48303,2024,Lubbock,24,2024-01-31,2024-12-30,12,87,0
48303,2025,Lubbock,28,2025-02-01,2025-12-27,8,83,0
48305,2015,Lynn,15,2015-01-27,2015-12-26,7,51,0
48305,2016,Lynn,18,2016-01-29,2016-12-26,11,62,0
48305,2017,Lynn,20,2017-01-02,2017-12-05,10,63,0
48305,2018,Lynn,20,2018-01-10,2018-12-23,9,72,0
48305,2019,Lynn,20,2019-01-06,2019-12-28,6,65,0
48305,2020,Lynn,19,2020-01-14,2020-12-11,7,55,0
48305,2021,Lynn,17,2021-02-03,2022-01-01,6,55,0
48305,2022,Lynn,17,2022-01-14,2022-12-09,12,58,0
48305,2023,Lynn,19,2023-01-01,2023-12-24,7,64,0
48305,2024,Lynn,21,2024-02-01,2024-12-31,6,72,0
48305,2025,Lynn,18,2025-02-03,2025-12-28,7,55,0
48307,2015,McCulloch,16,2015-01-27,2015-12-26,7,54,0
48307,2016,McCulloch,15,2016-01-30,2017-01-01,10,58,0
48307,2017,McCulloch,16,2017-01-10,2017-12-21,7,53,0
48307,2018,McCulloch,9,2018-02-14,2018-12-26,4,21,0
48307,2019,McCulloch,11,2019-01-06,2019-12-28,10,37,0
48307,2020,McCulloch,15,2020-01-09,2020-12-29,5,45,0
48307,2021,McCulloch,9,2021-02-03,2021-12-31,9,35,0
48307,2022,McCulloch,11,2022-03-04,2023-01-02,15,48,0
48307,2023,McCulloch,15,2023-01-10,2023-12-09,6,49,0
48307,2024,McCulloch,24,2024-02-22,2024-12-31,5,66,0
48307,2025,McCulloch,17,2025-02-03,2025-12-28,7,58,13
48309,2015,McLennan,16,2015-01-27,2015-12-26,7,46,0
48309,2016,McLennan,24,2016-01-30,2017-01-02,8,91,0
48309,2017,McLennan,24,2017-01-10,2017-12-04,8,79,0
48309,2018,McLennan,18,2018-02-15,2018-12-27,8,64,0
48309,2019,McLennan,9,2019-01-06,2019-12-28,17,41,0
48309,2020,McLennan,17,2020-01-09,2020-11-22,5,47,0
48309,2021,McLennan,17,2021-01-24,2021-12-31,9,59,0
48309,2022,McLennan,20,2022-01-18,2023-01-03,15,81,0
48309,2023,McLennan,18,2023-01-10,2023-12-24,11,71,0
48309,2024,McLennan,29,2024-02-01,2024-12-30,10,99,0
48309,2025,McLennan,19,2025-01-03,2025-12-28,9,68,0
48311,2015,McMullen,8,2015-04-09,2015-12-27,7,24,0
48311,2016,McMullen,16,2016-02-19,2016-12-29,8,50,2
48311,2017,McMullen,18,2017-01-11,2017-12-05,7,57,0
48311,2018,McMullen,11,2018-02-16,2018-12-27,7,36,0
48311,2019,McMullen,24,2019-01-07,2019-12-29,7,69,0
48311,2020,McMullen,14,2020-01-10,2020-12-30,6,44,0
48311,2021,McMullen,11,2021-01-25,2022-01-01,9,38,0
48311,2022,McMullen,15,2022-03-05,2022-12-14,9,51,0
48311,2023,McMullen,20,2023-01-02,2023-12-24,8,76,0
48311,2024,McMullen,17,2024-02-02,2024-12-26,9,55,0
48311,2025,McMullen,15,2025-01-04,2025-12-29,9,64,0
48313,2015,Madison,4,2015-10-22,2015-12-27,6,14,0
48313,2016,Madison,10,2016-01-31,2016-12-29,6,29,1
48313,2017,Madison,9,2017-01-01,2017-11-18,7,28,1
48313,2018,Madison,9,2018-02-19,2018-12-27,6,25,0
48313,2019,Madison,10,2019-01-08,2019-12-29,7,30,1
48313,2020,Madison,12,2020-01-15,2020-12-31,6,37,3
48313,2021,Madison,9,2021-03-11,2022-01-01,8,30,3
48313,2022,Madison,12,2022-03-29,2022-12-14,9,43,10
48313,2023,Madison,19,2023-01-02,2023-12-24,6,57,5
48313,2024,Madison,19,2024-02-09,2024-12-26,9,64,13
48313,2025,Madison,12,2025-01-04,2025-12-28,9,53,5
48315,2015,Marion,19,2015-01-28,2015-12-28,6,57,20
48315,2016,Marion,22,2016-01-31,2016-12-29,8,74,2
48315,2017,Marion,22,2017-01-02,2017-12-23,8,63,3
48315,2018,Marion,21,2018-01-21,2018-12-27,9,68,0
48315,2019,Marion,15,2019-01-07,2019-12-29,12,59,10
48315,2020,Marion,14,2020-01-10,2020-12-31,5,36,0
48315,2021,Marion,17,2021-01-25,2022-01-01,9,52,1
48315,2022,Marion,15,2022-04-24,2023-01-04,6,50,1
48315,2023,Marion,21,2023-01-11,2023-12-24,9,76,2
48315,2024,Marion,19,2024-01-24,2024-12-29,7,60,3
48315,2025,Marion,14,2025-01-30,2025-12-28,9,57,5
48317,2015,Martin,17,2015-01-27,2015-12-26,5,54,54
48317,2016,Martin,15,2016-01-30,2016-12-29,11,66,66
48317,2017,Martin,17,2017-01-01,2017-12-04,10,62,62
48317,2018,Martin,18,2018-01-09,2018-12-26,12,70,70
48317,2019,Martin,17,2019-01-06,2019-12-28,11,62,62
48317,2020,Martin,18,2020-01-09,2020-12-11,10,58,58
48317,2021,Martin,15,2021-02-03,2021-12-31,9,60,60
48317,2022,Martin,20,2022-03-04,2023-01-03,14,85,85
48317,2023,Martin,24,2023-01-06,2023-12-24,15,111,111
48317,2024,Martin,25,2024-02-01,2024-12-30,15,102,102
48317,2025,Martin,17,2025-02-02,2025-12-28,14,75,75
48319,2015,Mason,16,2015-01-28,2015-12-26,6,49,0
48319,2016,Mason,18,2016-01-30,2016-12-29,7,68,1
48319,2017,Mason,26,2017-01-01,2017-12-22,8,88,0
48319,2018,Mason,25,2018-02-15,2018-12-27,7,65,0
48319,2019,Mason,18,2019-01-06,2019-12-28,18,61,0
48319,2020,Mason,19,2020-01-09,2020-12-30,7,65,0
48319,2021,Mason,19,2021-01-24,2022-01-01,11,65,0
48319,2022,Mason,25,2022-03-04,2022-12-13,15,107,0
48319,2023,Mason,22,2023-01-01,2023-12-23,15,118,0
48319,2024,Mason,30,2024-01-25,2024-12-31,14,115,0
48319,2025,Mason,23,2025-02-02,2025-12-28,8,82,0
48321,2015,Matagorda,19,2015-03-17,2015-12-27,6,60,0
48321,2016,Matagorda,16,2016-01-31,2016-12-29,9,64,0
48321,2017,Matagorda,16,2017-01-01,2017-12-20,9,54,0
48321,2018,Matagorda,17,2018-02-15,2018-12-01,7,57,0
48321,2019,Matagorda,18,2019-01-07,2019-12-28,9,70,0
48321,2020,Matagorda,17,2020-01-09,2020-12-30,8,66,0
48321,2021,Matagorda,13,2021-01-20,2022-01-01,9,47,0
48321,2022,Matagorda,16,2022-03-05,2022-12-13,12,71,0
48321,2023,Matagorda,18,2023-01-01,2023-10-28,30,123,0
48321,2024,Matagorda,22,2024-01-23,2024-12-28,8,77,0
48321,2025,Matagorda,18,2025-01-04,2025-12-28,9,69,0
48323,2015,Maverick,5,2015-04-03,2015-12-27,4,12,0
48323,2016,Maverick,6,2016-02-20,2016-12-26,3,15,0
48323,2017,Maverick,8,2017-01-11,2017-12-05,7,25,0
48323,2018,Maverick,10,2018-02-15,2018-12-27,7,25,4
48323,2019,Maverick,4,2019-01-07,2019-12-28,3,11,11
48323,2020,Maverick,3,2020-01-14,2020-12-30,3,7,7
48323,2021,Maverick,6,2021-01-24,2022-01-01,10,24,24
48323,2022,Maverick,2,2022-11-08,2022-12-13,8,12,12
48323,2023,Maverick,12,2023-01-01,2023-12-24,5,36,36
48323,2024,Maverick,8,2024-02-26,2024-12-26,5,24,24
48323,2025,Maverick,5,2025-02-03,2025-12-28,9,29,29
48325,2015,Medina,10,2015-04-02,2015-12-27,5,30,0
48325,2016,Medina,14,2016-02-18,2016-12-29,8,56,0
48325,2017,Medina,23,2017-01-01,2017-12-05,11,82,0
48325,2018,Medina,17,2018-02-15,2018-11-07,9,53,0
48325,2019,Medina,11,2019-01-07,2019-12-28,15,50,0
48325,2020,Medina,16,2020-01-09,2020-12-29,6,54,0
48325,2021,Medina,15,2021-01-24,2022-01-01,9,51,0
48325,2022,Medina,29,2022-02-21,2022-12-13,9,106,0
48325,2023,Medina,20,2023-01-02,2023-12-24,8,74,0
48325,2024,Medina,24,2024-02-08,2024-12-24,8,95,0
48325,2025,Medina,17,2025-02-03,2025-12-28,8,71,0
48327,2015,Menard,11,2015-01-28,2015-12-27,5,33,0
48327,2016,Menard,9,2016-01-31,2016-12-29,7,37,0
48327,2017,Menard,15,2017-01-10,2017-12-05,7,48,0
48327,2018,Menard,11,2018-02-15,2018-12-27,4,26,0
48327,2019,Menard,10,2019-02-02,2019-12-28,14,39,2
48327,2020,Menard,15,2020-01-10,2020-12-30,5,37,1
48327,2021,Menard,12,2021-01-23,2022-01-01,10,38,4
48327,2022,Menard,11,2022-03-05,2022-12-12,14,47,1
48327,2023,Menard,15,2023-01-06,2023-12-24,11,62,1
48327,2024,Menard,18,2024-02-02,2024-12-26,5,55,0
48327,2025,Menard,12,2025-02-04,2025-12-29,8,44,0
48329,2015,Midland,18,2015-01-27,2015-12-25,7,59,0
48329,2016,Midland,23,2016-01-29,2017-01-02,13,98,0
48329,2017,Midland,21,2017-01-09,2017-12-04,11,73,0
48329,2018,Midland,17,2018-01-09,2018-12-26,12,77,0
48329,2019,Midland,20,2019-01-06,2019-12-28,15,78,0
48329,2020,Midland,20,2020-01-09,2020-12-11,11,62,0
48329,2021,Midland,16,2021-01-23,2021-12-31,10,63,0
48329,2022,Midland,14,2022-03-27,2023-01-02,12,60,0
48329,2023,Midland,21,2023-01-06,2023-12-23,12,90,0
48329,2024,Midland,22,2024-02-01,2024-12-30,20,91,0
48329,2025,Midland,23,2025-02-02,2025-12-28,14,91,0
48331,2015,Milam,8,2015-04-01,2015-12-27,5,23,23
48331,2016,Milam,10,2016-01-30,2016-12-29,8,39,37
48331,2017,Milam,9,2017-01-10,2017-11-17,6,32,21
48331,2018,Milam,20,2018-01-20,2018-12-26,8,61,0
48331,2019,Milam,15,2019-01-07,2019-12-28,17,54,0
48331,2020,Milam,21,2020-01-09,2020-12-29,5,60,0
48331,2021,Milam,16,2021-01-24,2021-12-31,9,57,0
48331,2022,Milam,20,2022-03-05,2023-01-03,10,72,9
48331,2023,Milam,21,2023-01-06,2023-12-24,14,95,5
48331,2024,Milam,25,2024-02-02,2024-12-24,8,80,0
48331,2025,Milam,17,2025-02-02,2025-12-28,9,65,0
48333,2015,Mills,9,2015-01-28,2015-12-27,5,27,0
48333,2016,Mills,15,2016-01-31,2016-12-29,7,48,0
48333,2017,Mills,15,2017-01-11,2017-12-05,7,45,0
48333,2018,Mills,9,2018-02-15,2018-12-27,6,24,0
48333,2019,Mills,10,2019-01-07,2019-12-28,16,44,0
48333,2020,Mills,15,2020-01-14,2020-11-22,5,42,0
48333,2021,Mills,10,2021-03-12,2022-01-01,9,33,0
48333,2022,Mills,16,2022-03-05,2023-01-03,15,60,0
48333,2023,Mills,22,2023-01-10,2023-12-24,13,79,1
48333,2024,Mills,19,2024-02-01,2024-12-25,8,68,0
48333,2025,Mills,15,2025-02-03,2025-12-28,9,55,30
48335,2015,Mitchell,12,2015-01-28,2015-12-26,6,38,38
48335,2016,Mitchell,13,2016-01-31,2016-12-29,10,51,51
48335,2017,Mitchell,18,2017-01-01,2017-12-04,7,51,51
48335,2018,Mitchell,16,2018-01-09,2018-12-27,4,41,41
48335,2019,Mitchell,12,2019-01-06,2019-12-28,11,46,46
48335,2020,Mitchell,16,2020-01-09,2020-12-11,5,43,43
48335,2021,Mitchell,14,2021-02-03,2021-12-31,9,51,51
48335,2022,Mitchell,15,2022-03-04,2022-12-13,13,56,56
48335,2023,Mitchell,21,2023-01-01,2023-12-24,7,75,75
48335,2024,Mitchell,27,2024-02-01,2024-12-30,7,78,78
48335,2025,Mitchell,13,2025-02-02,2025-12-28,9,49,49
48337,2015,Montague,12,2015-01-27,2015-12-27,5,41,0
48337,2016,Montague,15,2016-01-30,2016-12-29,10,45,0
48337,2017,Montague,14,2017-01-10,2017-12-22,8,42,0
48337,2018,Montague,11,2018-02-15,2018-12-01,7,35,0
48337,2019,Montague,7,2019-01-06,2019-12-28,12,30,0
48337,2020,Montague,18,2020-01-09,2020-12-30,4,43,0
48337,2021,Montague,10,2021-03-10,2021-12-31,9,37,0
48337,2022,Montague,13,2022-03-28,2022-12-10,6,42,0
48337,2023,Montague,22,2023-01-01,2023-12-24,5,67,0
48337,2024,Montague,21,2024-01-31,2024-12-30,6,61,0
48337,2025,Montague,9,2025-02-02,2025-12-27,8,30,0
48339,2015,Montgomery,16,2015-01-28,2015-12-27,7,47,0
48339,2016,Montgomery,16,2016-01-30,2016-12-29,17,93,0
48339,2017,Montgomery,28,2017-01-01,2017-12-20,8,85,0
48339,2018,Montgomery,20,2018-02-15,2018-12-27,7,57,0
48339,2019,Montgomery,16,2019-01-07,2019-12-28,9,58,0
48339,2020,Montgomery,20,2020-01-09,2020-12-30,9,64,0
48339,2021,Montgomery,17,2021-01-24,2022-01-01,10,54,0
48339,2022,Montgomery,14,2022-03-05,2023-01-03,10,63,0
48339,2023,Montgomery,23,2023-01-06,2023-12-24,16,119,0
48339,2024,Montgomery,23,2024-01-23,2024-12-26,10,79,0
48339,2025,Montgomery,19,2025-01-29,2025-12-28,9,74,0
48341,2015,Moore,19,2015-01-19,2015-12-22,6,64,0
48341,2016,Moore,24,2016-01-24,2016-12-28,5,65,5
48341,2017,Moore,25,2017-01-10,2017-12-21,9,75,63
48341,2018,Moore,18,2018-01-10,2018-11-30,8,60,0
48341,2019,Moore,21,2019-01-06,2019-12-27,5,59,2
48341,2020,Moore,19,2020-02-02,2020-12-23,7,61,1
48341,2021,Moore,23,2021-02-03,2021-12-27,6,65,13
48341,2022,Moore,25,2022-02-20,2023-01-02,6,72,3
48341,2023,Moore,30,2023-01-06,2023-12-24,10,125,125
48341,2024,Moore,28,2024-01-29,2024-12-31,15,139,139
48341,2025,Moore,22,2025-02-01,2025-12-28,12,94,94
48343,2015,Morris,14,2015-02-08,2015-12-27,5,37,0
48343,2016,Morris,12,2016-01-30,2016-12-28,8,45,0
48343,2017,Morris,14,2017-01-02,2017-12-22,7,44,0
48343,2018,Morris,10,2018-01-21,2018-12-27,6,28,0
48343,2019,Morris,9,2019-01-07,2019-12-28,8,30,0
48343,2020,Morris,15,2020-01-10,2020-12-30,4,35,0
48343,2021,Morris,14,2021-03-11,2022-01-01,10,45,0
48343,2022,Morris,11,2022-01-08,2023-01-03,6,33,2
48343,2023,Morris,15,2023-01-10,2023-12-24,4,42,1
48343,2024,Morris,15,2024-01-23,2024-12-27,8,53,0
48343,2025,Morris,9,2025-02-03,2025-12-28,8,37,0
48345,2015,Motley,13,2015-01-19,2015-12-24,5,37,0
48345,2016,Motley,12,2016-01-30,2016-12-26,4,30,0
48345,2017,Motley,13,2017-01-10,2017-12-04,5,36,0
48345,2018,Motley,20,2018-01-10,2018-12-01,9,58,0
48345,2019,Motley,8,2019-01-06,2019-12-27,8,30,0
48345,2020,Motley,16,2020-01-14,2020-12-11,5,41,0
48345,2021,Motley,17,2021-03-10,2021-12-27,4,44,0
48345,2022,Motley,17,2022-03-03,2022-12-07,9,59,0
48345,2023,Motley,18,2023-01-01,2023-12-24,5,53,0
48345,2024,Motley,22,2024-01-29,2024-12-31,10,76,0
48345,2025,Motley,15,2025-02-02,2025-12-28,7,45,0
48347,2015,Nacogdoches,10,2015-04-01,2015-12-27,6,30,2
48347,2016,Nacogdoches,8,2016-01-30,2016-11-05,4,20,0
48347,2017,Nacogdoches,10,2017-01-09,2017-12-20,9,39,0
48347,2018,Nacogdoches,9,2018-02-14,2018-12-27,5,26,0
48347,2019,Nacogdoches,7,2019-01-07,2019-12-28,6,21,0
48347,2020,Nacogdoches,9,2020-01-16,2020-12-30,5,27,0
48347,2021,Nacogdoches,13,2021-01-24,2022-01-01,10,42,0
48347,2022,Nacogdoches,13,2022-03-05,2023-01-03,18,56,0
48347,2023,Nacogdoches,19,2023-01-11,2023-12-24,7,63,0
48347,2024,Nacogdoches,21,2024-02-08,2024-12-28,6,66,4
48347,2025,Nacogdoches,17,2025-02-03,2025-12-28,9,64,0
48349,2015,Navarro,20,2015-01-28,2015-12-27,7,62,0
48349,2016,Navarro,25,2016-01-30,2016-12-29,9,97,0
48349,2017,Navarro,31,2017-01-01,2017-12-22,7,89,0
48349,2018,Navarro,20,2018-02-15,2018-12-27,6,53,0
48349,2019,Navarro,10,2019-01-06,2019-12-28,16,41,0
48349,2020,Navarro,16,2020-01-09,2020-12-30,5,48,0
48349,2021,Navarro,16,2021-01-24,2022-01-01,10,51,0
48349,2022,Navarro,18,2022-03-05,2022-12-30,14,66,0
48349,2023,Navarro,20,2023-01-01,2023-12-24,14,77,0
48349,2024,Navarro,27,2024-01-31,2024-12-31,14,104,0
48349,2025,Navarro,19,2025-01-04,2025-12-28,9,70,0
48351,2015,Newton,24,2015-02-08,2015-12-27,7,81,0
48351,2016,Newton,28,2016-01-07,2016-12-28,12,104,2
48351,2017,Newton,28,2017-01-01,2017-12-20,13,98,0
48351,2018,Newton,20,2018-02-14,2018-12-27,11,77,0
48351,2019,Newton,19,2019-01-07,2019-12-28,9,66,0
48351,2020,Newton,19,2020-01-14,2020-12-31,8,72,1
48351,2021,Newton,16,2021-01-24,2022-01-01,9,64,0
48351,2022,Newton,22,2022-02-01,2023-01-03,17,89,0
48351,2023,Newton,26,2023-01-07,2023-12-23,19,149,1
48351,2024,Newton,22,2024-01-23,2024-12-28,20,114,0
48351,2025,Newton,19,2025-01-29,2025-12-28,8,80,2
48353,2015,Nolan,13,2015-01-28,2015-12-24,5,37,2
48353,2016,Nolan,18,2016-02-19,2016-12-26,8,62,1
48353,2017,Nolan,19,2017-01-02,2017-12-22,11,55,1
48353,2018,Nolan,19,2018-01-10,2018-12-27,9,68,2
48353,2019,Nolan,16,2019-01-06,2019-12-28,10,57,4
48353,2020,Nolan,20,2020-01-14,2020-12-11,5,63,5
48353,2021,Nolan,14,2021-02-03,2022-01-01,9,51,0
48353,2022,Nolan,21,2022-01-14,2022-12-09,14,69,0
48353,2023,Nolan,27,2023-01-01,2023-12-24,8,88,0
48353,2024,Nolan,23,2024-02-01,2024-12-31,8,82,0
48353,2025,Nolan,24,2025-02-03,2025-12-28,8,68,0
48355,2015,Nueces,9,2015-04-08,2015-12-27,5,25,0
48355,2016,Nueces,19,2016-01-31,2016-12-29,8,78,0
48355,2017,Nueces,24,2017-01-11,2017-12-05,9,81,0
48355,2018,Nueces,15,2018-02-16,2018-12-27,5,44,0
48355,2019,Nueces,20,2019-01-07,2019-12-28,9,84,0
48355,2020,Nueces,18,2020-01-09,2020-12-30,9,67,0
48355,2021,Nueces,19,2021-01-23,2022-01-01,9,64,0
48355,2022,Nueces,8,2022-04-05,2022-12-13,8,31,0
48355,2023,Nueces,25,2023-01-02,2023-12-24,12,106,0
48355,2024,Nueces,26,2024-02-09,2024-12-28,18,143,0
48355,2025,Nueces,20,2025-01-04,2025-12-28,13,94,0
48357,2015,Ochiltree,26,2015-01-19,2015-12-24,7,89,11
48357,2016,Ochiltree,27,2016-01-29,2016-12-24,12,107,2
48357,2017,Ochiltree,24,2017-01-10,2017-12-21,8,82,18
48357,2018,Ochiltree,17,2018-01-08,2018-12-20,12,74,0
48357,2019,Ochiltree,16,2019-01-05,2019-12-26,6,52,0
48357,2020,Ochiltree,15,2020-01-13,2020-12-22,7,43,0
48357,2021,Ochiltree,21,2021-01-30,2021-12-29,5,56,6
48357,2022,Ochiltree,21,2022-03-03,2023-01-03,9,84,70
48357,2023,Ochiltree,28,2023-01-09,2023-12-24,13,131,131
48357,2024,Ochiltree,28,2024-01-29,2024-12-31,15,148,148
48357,2025,Ochiltree,28,2025-02-01,2025-12-28,13,106,106
48359,2015,Oldham,14,2015-01-26,2015-12-20,6,43,0
48359,2016,Oldham,19,2016-01-23,2016-12-25,8,57,0
48359,2017,Oldham,18,2017-01-09,2017-12-04,7,53,0
48359,2018,Oldham,17,2018-01-09,2018-12-26,7,46,0
48359,2019,Oldham,15,2019-01-06,2019-12-25,7,51,0
48359,2020,Oldham,14,2020-02-02,2020-11-20,6,47,0
48359,2021,Oldham,12,2021-02-03,2021-12-26,4,38,0
48359,2022,Oldham,14,2022-03-04,2022-12-29,10,52,0
48359,2023,Oldham,20,2023-01-01,2023-12-24,7,63,0
48359,2024,Oldham,20,2024-01-31,2024-12-30,6,62,0
48359,2025,Oldham,16,2025-02-02,2025-12-28,9,54,0
48361,2015,Orange,15,2015-02-09,2015-12-28,8,47,0
48361,2016,Orange,21,2016-01-08,2016-12-29,5,64,1
48361,2017,Orange,19,2017-01-11,2017-12-20,9,61,1
48361,2018,Orange,17,2018-02-15,2018-12-27,11,59,2
48361,2019,Orange,20,2019-01-08,2019-12-29,8,73,3
48361,2020,Orange,16,2020-01-10,2020-11-11,10,63,7
48361,2021,Orange,12,2021-01-24,2022-01-01,8,46,1
48361,2022,Orange,17,2022-01-09,2023-01-04,7,54,1
48361,2023,Orange,20,2023-01-11,2023-11-10,14,109,1
48361,2024,Orange,25,2024-01-24,2024-12-29,13,100,1
48361,2025,Orange,16,2025-01-04,2025-12-28,9,63,3
48363,2015,Palo Pinto,21,2015-01-26,2015-12-26,8,68,1
48363,2016,Palo Pinto,25,2016-01-29,2017-01-02,13,96,3
48363,2017,Palo Pinto,25,2017-01-10,2017-12-21,9,76,2
48363,2018,Palo Pinto,24,2018-01-06,2018-12-26,9,76,0
48363,2019,Palo Pinto,14,2019-01-06,2019-12-28,14,54,5
48363,2020,Palo Pinto,20,2020-01-13,2020-12-27,5,55,0
48363,2021,Palo Pinto,12,2021-03-10,2021-12-31,9,46,1
48363,2022,Palo Pinto,23,2022-01-13,2023-01-02,14,78,1
48363,2023,Palo Pinto,25,2023-01-06,2023-12-24,14,99,0
48363,2024,Palo Pinto,28,2024-01-29,2024-12-30,12,112,2
48363,2025,Palo Pinto,21,2025-02-02,2025-12-28,9,68,1
48365,2015,Panola,16,2015-01-28,2015-12-28,9,57,0
48365,2016,Panola,19,2016-01-31,2016-12-29,12,86,0
48365,2017,Panola,24,2017-01-02,2017-12-05,8,73,0
48365,2018,Panola,20,2018-01-21,2018-12-27,9,68,0
48365,2019,Panola,17,2019-02-03,2019-12-29,11,65,0
48365,2020,Panola,20,2020-01-10,2020-12-31,6,55,2
48365,2021,Panola,19,2021-01-25,2022-01-01,9,63,0
48365,2022,Panola,16,2022-03-29,2022-12-14,13,59,7
48365,2023,Panola,21,2023-01-01,2023-12-24,10,72,5
48365,2024,Panola,21,2024-01-24,2024-12-26,11,75,2
48365,2025,Panola,17,2025-01-30,2025-12-28,9,58,0
48367,2015,Parker,9,2015-01-28,2015-12-26,6,31,0
48367,2016,Parker,18,2016-01-30,2016-12-29,10,58,0
48367,2017,Parker,21,2017-01-01,2017-12-04,8,58,0
48367,2018,Parker,12,2018-01-26,2018-12-01,5,34,0
48367,2019,Parker,7,2019-01-06,2019-12-28,16,34,0
48367,2020,Parker,12,2020-01-09,2020-12-30,5,30,0
48367,2021,Parker,11,2021-01-24,2021-12-31,9,40,0
48367,2022,Parker,19,2022-03-04,2022-12-13,8,64,1
48367,2023,Parker,26,2023-01-01,2023-12-24,12,86,0
48367,2024,Parker,26,2024-02-01,2024-12-31,7,84,0
48367,2025,Parker,15,2025-02-02,2025-12-28,8,50,0
48369,2015,Parmer,22,2015-01-19,2015-12-24,7,75,0
48369,2016,Parmer,22,2016-01-24,2016-12-25,8,61,0
48369,2017,Parmer,19,2017-01-10,2017-11-28,7,53,0
48369,2018,Parmer,19,2018-01-10,2018-12-01,12,61,0
48369,2019,Parmer,17,2019-01-06,2019-12-27,9,73,0
48369,2020,Parmer,17,2020-03-11,2020-12-11,7,57,0
48369,2021,Parmer,17,2021-02-03,2021-12-27,5,55,0
48369,2022,Parmer,16,2022-03-04,2022-12-29,15,73,0
48369,2023,Parmer,22,2023-01-01,2023-12-24,13,94,0
48369,2024,Parmer,27,2024-01-31,2024-12-31,15,101,0
48369,2025,Parmer,27,2025-02-03,2025-12-28,9,87,0
48371,2015,Pecos,16,2015-01-28,2015-12-25,5,46,0
48371,2016,Pecos,18,2016-01-30,2017-01-02,9,62,0
48371,2017,Pecos,16,2017-01-09,2017-12-21,8,56,0
48371,2018,Pecos,12,2018-01-09,2018-12-26,5,38,0
48371,2019,Pecos,16,2019-01-06,2019-12-28,6,51,0
48371,2020,Pecos,20,2020-01-13,2020-12-29,7,64,0
48371,2021,Pecos,19,2021-01-21,2022-01-01,11,69,0
48371,2022,Pecos,19,2022-01-04,2023-01-02,9,61,0
48371,2023,Pecos,27,2023-01-06,2023-12-24,15,115,0
48371,2024,Pecos,27,2024-02-01,2024-12-30,8,105,0
48371,2025,Pecos,29,2025-01-04,2025-12-28,9,99,0
48373,2015,Polk,16,2015-01-29,2015-12-28,5,46,19
48373,2016,Polk,17,2016-01-31,2016-12-29,7,70,48
48373,2017,Polk,17,2017-01-01,2017-11-18,8,52,46
48373,2018,Polk,16,2018-02-15,2018-12-27,8,45,20
48373,2019,Polk,11,2019-01-07,2019-12-29,14,41,37
48373,2020,Polk,11,2020-01-14,2020-12-30,5,38,38
48373,2021,Polk,13,2021-01-24,2022-01-01,9,44,44
48373,2022,Polk,16,2022-03-05,2023-01-03,9,62,62
48373,2023,Polk,19,2023-01-07,2023-11-09,21,104,104
48373,2024,Polk,19,2024-02-08,2024-12-28,8,72,72
48373,2025,Polk,12,2025-02-03,2025-12-28,9,53,53
48375,2015,Potter,11,2015-01-26,2015-12-23,5,36,0
48375,2016,Potter,16,2016-01-24,2016-12-25,9,52,0
48375,2017,Potter,20,2017-01-10,2017-12-04,8,54,0
48375,2018,Potter,15,2018-01-09,2018-11-30,8,49,0
48375,2019,Potter,9,2019-01-05,2019-12-26,7,38,0
48375,2020,Potter,14,2020-02-02,2020-12-22,8,52,0
48375,2021,Potter,18,2021-02-03,2021-12-28,6,52,0
48375,2022,Potter,16,2022-01-13,2022-12-29,6,49,0
48375,2023,Potter,22,2023-01-01,2023-12-23,7,72,0
48375,2024,Potter,26,2024-01-30,2024-12-30,9,84,0
48375,2025,Potter,16,2025-02-02,2025-12-27,9,53,0
48377,2015,Presidio,6,2015-01-29,2015-12-26,5,18,0
48377,2016,Presidio,8,2016-02-18,2016-12-29,6,27,6
48377,2017,Presidio,8,2017-01-04,2017-12-26,7,30,0
48377,2018,Presidio,13,2018-01-09,2018-12-26,6,36,0
48377,2019,Presidio,24,2019-01-06,2019-12-15,8,83,0
48377,2020,Presidio,27,2020-01-14,2020-12-29,9,109,0
48377,2021,Presidio,27,2021-01-22,2022-01-01,11,99,0
48377,2022,Presidio,33,2022-01-06,2022-12-29,14,156,0
48377,2023,Presidio,28,2023-01-01,2023-12-24,48,193,12
48377,2024,Presidio,18,2024-02-25,2025-01-01,29,131,0
48377,2025,Presidio,31,2025-01-03,2025-12-29,32,225,0
48379,2015,Rains,13,2015-01-28,2015-12-27,5,40,0
48379,2016,Rains,23,2016-01-08,2016-12-29,5,70,0
48379,2017,Rains,24,2017-01-01,2017-12-05,5,59,0
48379,2018,Rains,13,2018-01-21,2018-12-27,6,36,0
48379,2019,Rains,11,2019-01-08,2019-12-29,11,39,3
48379,2020,Rains,14,2020-01-10,2020-11-22,5,35,0
48379,2021,Rains,14,2021-03-10,2022-01-01,9,44,0
48379,2022,Rains,15,2022-03-28,2022-12-14,13,55,0
48379,2023,Rains,21,2023-01-01,2023-12-24,6,63,0
48379,2024,Rains,22,2024-02-02,2024-12-29,8,82,2
48379,2025,Rains,13,2025-02-03,2025-12-28,8,51,0
48381,2015,Randall,16,2015-01-27,2015-12-24,5,43,0
48381,2016,Randall,13,2016-02-18,2016-12-25,3,32,1
48381,2017,Randall,12,2017-01-10,2017-12-04,5,29,0
48381,2018,Randall,16,2018-01-10,2018-12-25,8,48,4
48381,2019,Randall,13,2019-01-05,2019-12-27,7,48,0
48381,2020,Randall,12,2020-02-02,2020-12-10,7,33,3
48381,2021,Randall,14,2021-02-03,2021-12-27,5,40,6
48381,2022,Randall,15,2022-03-04,2022-12-29,8,51,10
48381,2023,Randall,19,2023-01-01,2023-11-08,6,61,11
48381,2024,Randall,18,2024-02-01,2024-12-30,9,56,0
48381,2025,Randall,15,2025-02-02,2025-12-28,6,45,11
48383,2015,Reagan,14,2015-01-28,2015-12-26,7,46,0
48383,2016,Reagan,16,2016-01-30,2016-12-29,8,60,0
48383,2017,Reagan,26,2017-01-01,2017-12-22,8,83,0
48383,2018,Reagan,20,2018-01-31,2018-12-27,10,66,0
48383,2019,Reagan,19,2019-01-06,2019-12-28,14,62,0
48383,2020,Reagan,21,2020-01-13,2020-12-30,6,66,0
48383,2021,Reagan,19,2021-01-22,2022-01-01,7,61,4
48383,2022,Reagan,20,2022-02-16,2022-12-13,18,91,4
48383,2023,Reagan,20,2023-01-01,2023-12-24,13,89,4
48383,2024,Reagan,22,2024-02-02,2024-12-31,17,113,10
48383,2025,Reagan,19,2025-02-03,2025-12-29,10,71,5
48385,2015,Real,6,2015-09-08,2015-12-26,7,21,6
48385,2016,Real,9,2016-01-10,2016-12-29,4,26,2
48385,2017,Real,10,2017-01-11,2017-12-05,6,31,0
48385,2018,Real,5,2018-02-16,2018-07-24,4,12,1
48385,2019,Real,8,2019-02-04,2019-12-27,8,28,1
48385,2020,Real,10,2020-01-10,2020-11-22,5,32,8
48385,2021,Real,5,2021-01-30,2022-01-01,8,18,0
48385,2022,Real,13,2022-02-21,2022-12-13,9,51,0
48385,2023,Real,16,2023-01-01,2023-12-24,7,59,0
48385,2024,Real,24,2024-02-08,2024-12-30,8,93,0
48385,2025,Real,12,2025-02-04,2025-12-28,11,56,11
48387,2015,Red River,24,2015-01-19,2015-12-27,13,99,1
48387,2016,Red River,26,2016-01-07,2016-12-28,12,112,2
48387,2017,Red River,23,2017-01-10,2017-12-21,7,79,1
48387,2018,Red River,15,2018-01-20,2018-12-27,16,65,0
48387,2019,Red River,14,2019-01-06,2019-12-28,12,58,0
48387,2020,Red River,22,2020-01-09,2020-12-10,7,61,0
48387,2021,Red River,16,2021-03-10,2021-12-31,9,60,0
48387,2022,Red River,21,2022-01-13,2023-01-03,13,80,0
48387,2023,Red River,26,2023-01-10,2023-12-24,9,94,0
48387,2024,Red River,29,2024-01-24,2024-12-27,7,100,0
48387,2025,Red River,22,2025-02-02,2025-12-28,9,79,0
48389,2015,Reeves,17,2015-01-19,2015-12-25,8,51,0
48389,2016,Reeves,20,2016-01-31,2017-01-03,11,65,0
48389,2017,Reeves,15,2017-01-10,2017-12-22,8,58,0
48389,2018,Reeves,14,2018-01-09,2018-12-01,7,40,0
48389,2019,Reeves,19,2019-01-16,2019-12-25,12,67,0
48389,2020,Reeves,19,2020-01-26,2020-12-28,7,60,0
48389,2021,Reeves,14,2021-02-03,2021-12-29,8,43,0
48389,2022,Reeves,17,2022-03-28,2023-01-02,13,61,0
48389,2023,Reeves,23,2023-01-09,2023-12-24,14,98,0
48389,2024,Reeves,18,2024-02-01,2024-12-30,18,95,2
48389,2025,Reeves,16,2025-02-02,2025-12-28,14,70,15
48391,2015,Refugio,8,2015-04-08,2015-12-27,4,25,1
48391,2016,Refugio,12,2016-02-01,2016-12-29,6,43,0
48391,2017,Refugio,16,2017-01-11,2017-12-05,8,48,3
48391,2018,Refugio,10,2018-02-18,2018-12-27,4,27,0
48391,2019,Refugio,15,2019-01-07,2019-12-01,10,48,0
48391,2020,Refugio,13,2020-01-14,2020-11-28,7,40,0
48391,2021,Refugio,14,2021-01-25,2022-01-01,9,43,0
48391,2022,Refugio,13,2022-01-09,2022-12-14,9,46,0
48391,2023,Refugio,27,2023-01-02,2023-12-24,14,105,0
48391,2024,Refugio,26,2024-02-09,2024-12-27,11,91,0
48391,2025,Refugio,15,2025-02-04,2025-12-29,9,76,16
48393,2015,Roberts,22,2015-01-19,2015-12-24,6,74,74
48393,2016,Roberts,19,2016-01-29,2016-12-26,10,68,68
48393,2017,Roberts,27,2017-01-10,2017-12-21,8,76,76
48393,2018,Roberts,20,2018-01-09,2018-12-26,13,76,76
48393,2019,Roberts,18,2019-01-05,2019-12-27,9,65,65
48393,2020,Roberts,17,2020-01-09,2020-12-10,7,56,56
48393,2021,Roberts,21,2021-01-05,2021-12-29,7,64,64
48393,2022,Roberts,21,2022-01-13,2023-01-03,12,85,85
48393,2023,Roberts,27,2023-01-10,2023-12-24,10,114,114
48393,2024,Roberts,26,2024-01-29,2024-12-31,15,126,126
48393,2025,Roberts,24,2025-02-02,2025-12-28,9,82,82
48395,2015,Robertson,15,2015-03-17,2015-12-27,5,45,0
48395,2016,Robertson,20,2016-01-30,2017-01-01,14,70,7
48395,2017,Robertson,18,2017-01-10,2017-11-17,8,54,2
48395,2018,Robertson,18,2018-02-15,2018-12-27,6,47,4
48395,2019,Robertson,18,2019-01-07,2019-12-28,17,68,1
48395,2020,Robertson,26,2020-01-09,2020-12-30,5,76,0
48395,2021,Robertson,19,2021-01-24,2022-01-01,9,75,18
48395,2022,Robertson,24,2022-03-04,2023-01-03,10,89,1
48395,2023,Robertson,22,2023-01-06,2023-12-24,13,105,0
48395,2024,Robertson,28,2024-02-08,2024-12-24,14,108,2
48395,2025,Robertson,22,2025-01-03,2025-12-28,9,86,0
48397,2015,Rockwall,16,2015-01-27,2015-12-27,7,56,56
48397,2016,Rockwall,25,2016-01-07,2017-01-02,9,95,90
48397,2017,Rockwall,22,2017-01-10,2017-12-21,8,70,53
48397,2018,Rockwall,17,2018-01-26,2018-12-27,6,51,0
48397,2019,Rockwall,14,2019-01-05,2019-12-28,17,61,0
48397,2020,Rockwall,19,2020-01-09,2020-12-10,4,46,1
48397,2021,Rockwall,14,2021-01-24,2021-12-31,9,50,0
48397,2022,Rockwall,18,2022-01-13,2023-01-03,8,57,0
48397,2023,Rockwall,25,2023-01-06,2023-12-24,8,94,2
48397,2024,Rockwall,28,2024-01-29,2024-12-27,13,101,0
48397,2025,Rockwall,20,2025-01-29,2025-12-28,9,72,0
48399,2015,Runnels,9,2015-01-28,2015-12-27,5,24,0
48399,2016,Runnels,13,2016-01-31,2016-12-29,6,48,0
48399,2017,Runnels,14,2017-01-01,2017-12-05,8,42,0
48399,2018,Runnels,10,2018-01-10,2018-12-27,4,22,0
48399,2019,Runnels,8,2019-01-07,2019-12-28,15,37,0
48399,2020,Runnels,10,2020-01-10,2020-11-10,5,26,0
48399,2021,Runnels,10,2021-03-12,2022-01-01,9,34,0
48399,2022,Runnels,17,2022-03-05,2022-12-10,6,54,0
48399,2023,Runnels,21,2023-01-02,2023-12-24,10,72,0
48399,2024,Runnels,23,2024-02-02,2024-12-25,10,81,0
48399,2025,Runnels,17,2025-02-02,2025-12-29,8,57,0
48401,2015,Rusk,12,2015-01-28,2015-12-27,5,34,0
48401,2016,Rusk,18,2016-01-31,2016-12-29,6,53,0
48401,2017,Rusk,21,2017-01-01,2017-12-22,8,68,0
48401,2018,Rusk,19,2018-02-15,2018-12-27,9,65,0
48401,2019,Rusk,14,2019-01-06,2019-12-29,11,55,0
48401,2020,Rusk,11,2020-01-14,2020-12-30,4,31,0
48401,2021,Rusk,14,2021-03-11,2022-01-01,9,44,0
48401,2022,Rusk,15,2022-02-21,2022-12-13,8,47,0
48401,2023,Rusk,22,2023-01-01,2023-12-24,6,71,0
48401,2024,Rusk,24,2024-01-24,2024-12-28,8,84,0
48401,2025,Rusk,14,2025-02-03,2025-12-28,9,60,0
48403,2015,Sabine,15,2015-01-28,2015-12-28,8,53,2
48403,2016,Sabine,18,2016-01-30,2016-12-28,9,66,2
48403,2017,Sabine,27,2017-01-01,2017-12-20,12,84,1
48403,2018,Sabine,21,2018-02-14,2018-12-27,9,80,0
48403,2019,Sabine,15,2019-01-07,2019-12-28,9,53,1
48403,2020,Sabine,21,2020-01-09,2020-12-30,6,63,0
48403,2021,Sabine,17,2021-01-24,2022-01-01,9,58,0
48403,2022,Sabine,26,2022-01-08,2023-01-03,14,95,1
48403,2023,Sabine,21,2023-01-11,2023-12-24,15,114,1
48403,2024,Sabine,21,2024-01-23,2024-12-28,10,86,0
48403,2025,Sabine,17,2025-02-03,2025-12-28,10,75,0
48405,2015,San Augustine,12,2015-01-28,2015-12-28,8,38,13
48405,2016,San Augustine,14,2016-01-07,2016-12-29,6,43,21
48405,2017,San Augustine,20,2017-01-11,2017-12-23,7,64,7
48405,2018,San Augustine,19,2018-02-15,2018-12-27,10,72,5
48405,2019,San Augustine,13,2019-01-07,2019-12-29,6,36,1
48405,2020,San Augustine,15,2020-01-10,2020-12-31,5,44,0
48405,2021,San Augustine,16,2021-01-25,2022-01-01,9,48,1
48405,2022,San Augustine,19,2022-02-22,2023-01-03,9,66,0
48405,2023,San Augustine,23,2023-01-11,2023-12-24,12,92,1
48405,2024,San Augustine,23,2024-01-24,2024-12-29,8,81,0
48405,2025,San Augustine,17,2025-01-04,2025-12-28,9,60,1
48407,2015,San Jacinto,16,2015-02-08,2015-12-27,12,57,57
48407,2016,San Jacinto,15,2016-01-31,2016-12-29,15,79,79
48407,2017,San Jacinto,25,2017-01-01,2017-12-20,8,71,71
48407,2018,San Jacinto,21,2018-02-15,2018-12-27,8,68,68
48407,2019,San Jacinto,12,2019-01-07,2019-12-28,15,55,55
48407,2020,San Jacinto,18,2020-01-09,2020-12-30,5,58,58
48407,2021,San Jacinto,16,2021-01-24,2022-01-01,9,53,53
48407,2022,San Jacinto,18,2022-03-05,2022-12-30,10,77,77
48407,2023,San Jacinto,22,2023-01-01,2023-12-24,21,115,115
48407,2024,San Jacinto,23,2024-02-08,2024-12-28,13,92,92
48407,2025,San Jacinto,16,2025-02-03,2025-12-28,9,64,64
48409,2015,San Patricio,15,2015-04-03,2015-12-27,7,53,0
48409,2016,San Patricio,23,2016-02-01,2016-12-29,10,83,0
48409,2017,San Patricio,12,2017-01-11,2017-12-05,8,44,0
48409,2018,San Patricio,14,2018-02-16,2018-12-27,5,36,0
48409,2019,San Patricio,14,2019-02-03,2019-12-28,5,44,0
48409,2020,San Patricio,13,2020-01-14,2020-12-30,10,45,8
48409,2021,San Patricio,15,2021-01-23,2022-01-01,9,48,2
48409,2022,San Patricio,16,2022-03-05,2022-12-13,8,58,5
48409,2023,San Patricio,33,2023-01-02,2023-12-24,15,126,5
48409,2024,San Patricio,23,2024-02-09,2024-12-29,12,102,0
48409,2025,San Patricio,22,2025-01-04,2025-12-29,13,92,5
48411,2015,San Saba,13,2015-01-28,2015-12-26,5,38,0
48411,2016,San Saba,11,2016-01-30,2016-12-29,6,39,2
48411,2017,San Saba,18,2017-01-01,2017-12-22,8,58,0
48411,2018,San Saba,13,2018-02-15,2018-12-27,4,31,0
48411,2019,San Saba,10,2019-01-06,2019-12-28,17,47,0
48411,2020,San Saba,18,2020-01-09,2020-12-29,5,50,0
48411,2021,San Saba,8,2021-01-24,2022-01-01,10,30,0
48411,2022,San Saba,14,2022-03-27,2022-12-11,15,53,0
48411,2023,San Saba,25,2023-01-01,2023-12-24,11,96,0
48411,2024,San Saba,24,2024-02-01,2024-12-31,9,84,0
48411,2025,San Saba,16,2025-01-04,2025-12-28,9,57,0
48413,2015,Schleicher,15,2015-01-20,2015-12-27,7,41,0
48413,2016,Schleicher,12,2016-01-31,2016-12-29,13,49,0
48413,2017,Schleicher,14,2017-01-11,2017-12-05,9,54,0
48413,2018,Schleicher,14,2018-01-10,2018-12-01,3,32,0
48413,2019,Schleicher,13,2019-01-06,2019-12-28,11,45,0
48413,2020,Schleicher,16,2020-01-10,2020-11-22,5,45,0
48413,2021,Schleicher,12,2021-01-23,2022-01-01,10,44,0
48413,2022,Schleicher,13,2022-01-14,2022-12-13,14,51,0
48413,2023,Schleicher,22,2023-01-01,2023-12-24,13,84,0
48413,2024,Schleicher,28,2024-02-02,2024-12-30,6,80,5
48413,2025,Schleicher,15,2025-02-03,2025-12-29,8,49,1
48415,2015,Scurry,15,2015-01-27,2015-12-26,7,48,0
48415,2016,Scurry,16,2016-01-30,2016-12-26,9,57,1
48415,2017,Scurry,20,2017-01-01,2017-12-04,7,55,1
48415,2018,Scurry,17,2018-01-09,2018-12-27,9,56,0
48415,2019,Scurry,21,2019-01-06,2019-12-28,11,83,0
48415,2020,Scurry,18,2020-01-09,2020-11-22,10,66,0
48415,2021,Scurry,16,2021-02-03,2021-12-31,10,67,0
48415,2022,Scurry,16,2022-03-04,2022-12-29,14,67,0
48415,2023,Scurry,23,2023-01-01,2023-12-24,8,84,0
48415,2024,Scurry,25,2024-01-31,2024-12-30,16,108,0
48415,2025,Scurry,19,2025-02-02,2025-12-28,8,69,0
48417,2015,Shackelford,10,2015-01-27,2015-12-25,4,26,0
48417,2016,Shackelford,11,2016-02-19,2016-12-27,8,34,0
48417,2017,Shackelford,15,2017-01-01,2017-12-05,8,43,0
48417,2018,Shackelford,11,2018-02-15,2018-12-01,4,29,0
48417,2019,Shackelford,5,2019-01-06,2019-12-28,10,24,0
48417,2020,Shackelford,19,2020-01-14,2020-12-23,5,47,0
48417,2021,Shackelford,12,2021-03-10,2022-01-01,9,37,0
48417,2022,Shackelford,19,2022-03-05,2022-12-10,7,71,0
48417,2023,Shackelford,27,2023-01-01,2023-12-24,13,87,0
48417,2024,Shackelford,24,2024-02-02,2024-12-31,9,81,0
48417,2025,Shackelford,14,2025-02-03,2025-12-28,7,43,0
48419,2015,Shelby,16,2015-03-31,2015-12-28,7,52,0
48419,2016,Shelby,25,2016-01-08,2016-12-29,7,80,0
48419,2017,Shelby,20,2017-01-02,2017-12-05,8,61,0
48419,2018,Shelby,22,2018-01-21,2018-12-27,9,68,0
48419,2019,Shelby,16,2019-01-07,2019-12-28,14,58,2
48419,2020,Shelby,16,2020-01-14,2020-12-30,5,48,48
48419,2021,Shelby,12,2021-02-27,2022-01-01,9,41,41
48419,2022,Shelby,15,2022-03-05,2023-01-03,9,62,62
48419,2023,Shelby,21,2023-01-07,2023-12-24,8,78,78
48419,2024,Shelby,19,2024-01-24,2024-12-28,8,76,76
48419,2025,Shelby,12,2025-02-03,2025-12-28,9,51,51
48421,2015,Sherman,20,2015-01-18,2015-12-22,9,71,0
48421,2016,Sherman,24,2016-01-23,2016-12-25,5,67,1
48421,2017,Sherman,21,2017-01-09,2017-12-03,6,59,0
48421,2018,Sherman,20,2018-01-09,2018-12-27,6,53,2
48421,2019,Sherman,18,2019-01-06,2019-12-27,16,89,65
48421,2020,Sherman,31,2020-01-09,2020-12-28,11,118,118
48421,2021,Sherman,32,2021-01-05,2021-12-31,10,113,113
48421,2022,Sherman,24,2022-01-13,2023-01-03,29,125,125
48421,2023,Sherman,26,2023-01-09,2023-12-24,22,154,154
48421,2024,Sherman,32,2024-01-25,2024-12-31,15,174,174
48421,2025,Sherman,29,2025-02-01,2025-12-28,13,123,123
48423,2015,Smith,20,2015-01-27,2015-12-27,8,69,0
48423,2016,Smith,24,2016-01-07,2017-01-02,13,99,0
48423,2017,Smith,23,2017-01-10,2017-12-21,7,68,0
48423,2018,Smith,18,2018-02-15,2018-12-27,10,62,0
48423,2019,Smith,18,2019-01-07,2019-12-28,16,65,0
48423,2020,Smith,18,2020-01-09,2020-12-30,5,50,0
48423,2021,Smith,14,2021-01-24,2022-01-01,9,46,0
48423,2022,Smith,10,2022-03-05,2023-01-03,6,39,0
48423,2023,Smith,19,2023-01-07,2023-12-24,8,66,0
48423,2024,Smith,23,2024-02-08,2024-12-26,8,76,0
48423,2025,Smith,15,2025-02-03,2025-12-28,8,55,0
48425,2015,Somervell,9,2015-04-01,2015-12-27,5,26,3
48425,2016,Somervell,23,2016-01-31,2016-12-29,7,68,30
48425,2017,Somervell,15,2017-01-11,2017-12-05,8,48,15
48425,2018,Somervell,12,2018-02-15,2018-12-27,4,30,25
48425,2019,Somervell,7,2019-01-06,2019-12-28,16,34,3
48425,2020,Somervell,15,2020-01-14,2020-11-22,4,38,1
48425,2021,Somervell,10,2021-03-11,2022-01-01,9,34,4
48425,2022,Somervell,17,2022-03-05,2022-12-14,14,65,2
48425,2023,Somervell,21,2023-01-01,2023-12-24,7,66,2
48425,2024,Somervell,19,2024-02-01,2024-12-31,11,59,6
48425,2025,Somervell,11,2025-02-03,2025-12-28,9,40,2
48427,2015,Starr,9,2015-07-19,2015-12-27,7,31,0
48427,2016,Starr,18,2016-01-31,2016-12-29,16,77,0
48427,2017,Starr,21,2017-01-01,2017-12-22,11,88,0
48427,2018,Starr,22,2018-02-15,2018-12-27,12,85,0
48427,2019,Starr,26,2019-01-06,2019-12-28,29,137,0
48427,2020,Starr,26,2020-01-09,2020-12-30,9,102,0
48427,2021,Starr,18,2021-01-18,2022-01-01,9,69,0
48427,2022,Starr,17,2022-02-22,2022-12-14,10,65,0
48427,2023,Starr,20,2023-01-01,2023-11-09,19,118,0
48427,2024,Starr,23,2024-02-02,2024-12-28,8,78,0
48427,2025,Starr,24,2025-01-04,2025-12-29,11,94,0
48429,2015,Stephens,6,2015-02-10,2015-12-24,3,14,0
48429,2016,Stephens,12,2016-02-21,2016-12-27,4,33,1
48429,2017,Stephens,19,2017-01-02,2017-12-22,7,48,0
48429,2018,Stephens,14,2018-01-21,2018-12-27,7,42,0
48429,2019,Stephens,8,2019-01-07,2019-12-28,8,28,0
48429,2020,Stephens,12,2020-01-15,2020-11-22,5,29,0
48429,2021,Stephens,10,2021-03-11,2021-12-30,7,29,0
48429,2022,Stephens,21,2022-02-16,2022-12-13,7,77,0
48429,2023,Stephens,22,2023-01-01,2023-12-24,7,83,1
48429,2024,Stephens,21,2024-02-01,2024-12-30,8,81,1
48429,2025,Stephens,24,2025-01-29,2025-12-28,9,83,0
48431,2015,Sterling,9,2015-03-29,2015-12-27,5,28,2
48431,2016,Sterling,17,2016-01-31,2016-12-29,6,60,1
48431,2017,Sterling,14,2017-01-01,2017-12-22,4,38,1
48431,2018,Sterling,15,2018-01-10,2018-12-27,5,43,43
48431,2019,Sterling,12,2019-01-06,2019-12-28,16,50,44
48431,2020,Sterling,16,2020-01-09,2020-12-30,5,41,41
48431,2021,Sterling,14,2021-02-03,2022-01-01,10,53,53
48431,2022,Sterling,15,2022-03-04,2022-12-13,13,68,68
48431,2023,Sterling,24,2023-01-01,2023-12-24,12,93,93
48431,2024,Sterling,25,2024-02-01,2024-12-30,15,84,84
48431,2025,Sterling,11,2025-02-02,2025-12-28,9,49,49
48433,2015,Stonewall,16,2015-01-27,2015-12-24,5,48,0
48433,2016,Stonewall,22,2016-01-30,2016-12-27,11,74,0
48433,2017,Stonewall,24,2017-01-02,2017-12-22,6,61,0
48433,2018,Stonewall,19,2018-01-10,2018-12-01,8,58,0
48433,2019,Stonewall,14,2019-01-06,2019-12-28,11,54,0
48433,2020,Stonewall,17,2020-01-14,2020-12-11,4,41,0
48433,2021,Stonewall,11,2021-02-03,2022-01-01,9,40,0
48433,2022,Stonewall,20,2022-01-14,2022-12-07,9,64,0
48433,2023,Stonewall,22,2023-01-01,2023-12-24,5,63,0
48433,2024,Stonewall,25,2024-01-30,2024-12-31,8,73,0
48433,2025,Stonewall,15,2025-02-03,2025-12-28,7,51,0
48435,2015,Sutton,14,2015-02-20,2015-12-27,5,39,5
48435,2016,Sutton,15,2016-02-18,2016-12-29,9,57,14
48435,2017,Sutton,17,2017-01-01,2017-12-22,9,67,51
48435,2018,Sutton,18,2018-01-10,2018-12-27,4,47,47
48435,2019,Sutton,11,2019-01-06,2019-12-28,15,48,48
48435,2020,Sutton,21,2020-01-09,2020-12-30,6,56,56
48435,2021,Sutton,12,2021-01-22,2022-01-01,10,47,47
48435,2022,Sutton,17,2022-03-04,2022-12-13,15,71,71
48435,2023,Sutton,23,2023-01-01,2023-12-24,11,95,95
48435,2024,Sutton,22,2024-02-01,2024-12-18,8,77,7
48435,2025,Sutton,14,2025-02-06,2025-12-29,8,43,2
48437,2015,Swisher,17,2015-01-19,2015-12-24,5,46,0
48437,2016,Swisher,12,2016-01-30,2016-12-25,5,35,0
48437,2017,Swisher,15,2017-01-10,2017-12-04,7,42,0
48437,2018,Swisher,20,2018-01-10,2018-12-01,8,60,0
48437,2019,Swisher,16,2019-01-06,2019-12-27,7,56,0
48437,2020,Swisher,16,2020-03-11,2020-11-22,11,60,0
48437,2021,Swisher,20,2021-02-03,2021-12-27,5,56,0
48437,2022,Swisher,17,2022-03-04,2022-12-29,6,58,0
48437,2023,Swisher,27,2023-01-01,2023-12-24,8,85,0
48437,2024,Swisher,24,2024-01-31,2024-12-31,15,88,0
48437,2025,Swisher,19,2025-02-02,2025-12-28,7,66,0
48439,2015,Tarrant,18,2015-01-27,2015-12-27,8,67,0
48439,2016,Tarrant,26,2016-01-30,2017-01-02,11,99,0
48439,2017,Tarrant,22,2017-01-10,2017-12-21,8,68,0
48439,2018,Tarrant,14,2018-02-15,2018-12-27,5,39,0
48439,2019,Tarrant,12,2019-01-06,2019-12-28,16,45,0
48439,2020,Tarrant,16,2020-01-09,2020-12-11,4,44,0
48439,2021,Tarrant,14,2021-01-24,2021-12-31,9,57,0
48439,2022,Tarrant,17,2022-03-05,2023-01-03,14,61,0
48439,2023,Tarrant,24,2023-01-06,2023-12-24,12,89,0
48439,2024,Tarrant,25,2024-01-30,2024-12-30,13,100,0
48439,2025,Tarrant,20,2025-02-02,2025-12-28,9,68,0
48441,2015,Taylor,10,2015-01-27,2015-12-24,5,27,0
48441,2016,Taylor,10,2016-02-18,2016-12-26,7,31,0
48441,2017,Taylor,13,2017-01-10,2017-12-04,7,37,0
48441,2018,Taylor,9,2018-02-15,2018-12-26,5,24,0
48441,2019,Taylor,7,2019-01-06,2019-12-28,14,36,0
48441,2020,Taylor,13,2020-01-09,2020-12-10,5,35,0
48441,2021,Taylor,13,2021-02-03,2021-12-31,9,47,0
48441,2022,Taylor,19,2022-03-04,2022-12-13,14,77,0
48441,2023,Taylor,25,2023-01-01,2023-12-24,7,88,0
48441,2024,Taylor,21,2024-01-31,2024-12-30,15,78,0
48441,2025,Taylor,19,2025-02-01,2025-12-28,8,62,0
48443,2015,Terrell,24,2015-01-19,2015-12-26,20,122,0
48443,2016,Terrell,24,2016-01-29,2017-01-03,20,123,1
48443,2017,Terrell,28,2017-01-10,2017-12-21,8,123,0
48443,2018,Terrell,21,2018-01-08,2018-12-27,10,74,2
48443,2019,Terrell,24,2019-01-06,2019-12-28,16,92,0
48443,2020,Terrell,29,2020-01-05,2020-11-24,6,94,2
48443,2021,Terrell,20,2021-01-30,2022-01-01,11,63,0
48443,2022,Terrell,19,2022-01-18,2023-01-02,11,88,0
48443,2023,Terrell,24,2023-01-06,2023-12-24,12,86,0
48443,2024,Terrell,28,2024-01-31,2024-12-30,14,102,5
48443,2025,Terrell,33,2025-02-03,2025-12-28,13,135,0
48445,2015,Terry,16,2015-01-28,2015-12-24,6,56,0
48445,2016,Terry,19,2016-01-30,2016-12-25,9,57,0
48445,2017,Terry,18,2017-01-10,2017-12-05,10,58,0
48445,2018,Terry,19,2018-01-10,2018-12-01,12,70,0
48445,2019,Terry,15,2019-01-07,2019-12-28,7,55,0
48445,2020,Terry,19,2020-02-03,2020-11-22,8,59,0
48445,2021,Terry,19,2021-02-03,2021-12-29,7,64,0
48445,2022,Terry,14,2022-03-28,2022-12-07,6,50,0
48445,2023,Terry,19,2023-01-01,2023-12-24,8,58,0
48445,2024,Terry,19,2024-02-02,2024-12-31,12,78,0
48445,2025,Terry,22,2025-02-03,2025-12-28,7,71,0
48447,2015,Throckmorton,10,2015-01-27,2015-12-24,5,31,8
48447,2016,Throckmorton,12,2016-01-29,2016-12-26,9,42,12
48447,2017,Throckmorton,19,2017-01-10,2017-12-21,6,53,17
48447,2018,Throckmorton,8,2018-02-15,2018-12-01,4,19,6
48447,2019,Throckmorton,5,2019-01-06,2019-12-28,11,24,6
48447,2020,Throckmorton,14,2020-01-09,2020-12-23,5,34,9
48447,2021,Throckmorton,11,2021-03-11,2021-12-31,9,40,11
48447,2022,Throckmorton,11,2022-03-28,2022-11-10,14,41,14
48447,2023,Throckmorton,22,2023-01-01,2023-12-24,6,67,1
48447,2024,Throckmorton,30,2024-01-31,2024-12-30,8,94,93
48447,2025,Throckmorton,19,2025-02-02,2025-12-28,9,62,62
48449,2015,Titus,24,2015-01-28,2015-12-28,20,103,0
48449,2016,Titus,29,2016-01-30,2016-12-29,15,122,2
48449,2017,Titus,24,2017-01-01,2017-12-05,8,79,2
48449,2018,Titus,15,2018-01-21,2018-12-27,9,58,0
48449,2019,Titus,11,2019-01-08,2019-12-29,13,50,3
48449,2020,Titus,21,2020-01-10,2020-11-22,5,53,0
48449,2021,Titus,14,2021-01-25,2022-01-01,7,40,0
48449,2022,Titus,22,2022-03-29,2023-01-04,13,84,2
48449,2023,Titus,27,2023-01-07,2023-12-25,13,110,0
48449,2024,Titus,28,2024-01-24,2024-12-31,8,95,0
48449,2025,Titus,27,2025-01-30,2025-12-29,14,115,2
48451,2015,Tom Green,17,2015-01-28,2015-12-26,6,52,0
48451,2016,Tom Green,15,2016-01-30,2016-12-29,8,63,0
48451,2017,Tom Green,25,2017-01-01,2017-12-22,7,76,0
48451,2018,Tom Green,20,2018-01-10,2018-12-27,9,64,0
48451,2019,Tom Green,14,2019-01-06,2019-12-28,16,60,0
48451,2020,Tom Green,26,2020-01-09,2020-12-30,6,74,0
48451,2021,Tom Green,16,2021-01-24,2022-01-01,10,58,0
48451,2022,Tom Green,20,2022-02-21,2022-12-13,14,81,0
48451,2023,Tom Green,26,2023-01-01,2023-12-24,12,100,0
48451,2024,Tom Green,25,2024-02-02,2024-12-24,8,100,0
48451,2025,Tom Green,20,2025-02-02,2025-12-28,8,63,0
48453,2015,Travis,6,2015-01-27,2015-12-26,4,20,0
48453,2016,Travis,10,2016-01-31,2016-12-29,7,39,0
48453,2017,Travis,15,2017-01-01,2017-11-18,8,44,0
48453,2018,Travis,6,2018-02-19,2018-12-26,4,14,0
48453,2019,Travis,10,2019-01-07,2019-12-28,16,37,0
48453,2020,Travis,12,2020-01-09,2020-12-29,5,36,0
48453,2021,Travis,11,2021-01-24,2021-12-31,9,38,0
48453,2022,Travis,23,2022-02-21,2022-12-13,6,62,0
48453,2023,Travis,19,2023-01-01,2023-12-24,12,68,0
48453,2024,Travis,18,2024-02-08,2024-12-28,9,67,0
48453,2025,Travis,15,2025-02-03,2025-12-28,8,54,0
48455,2015,Trinity,13,2015-01-28,2015-12-27,6,39,39
48455,2016,Trinity,14,2016-01-31,2016-12-29,8,58,58
48455,2017,Trinity,19,2017-01-01,2017-12-20,8,58,58
48455,2018,Trinity,13,2018-02-15,2018-12-27,7,39,39
48455,2019,Trinity,9,2019-01-07,2019-12-28,15,41,41
48455,2020,Trinity,15,2020-01-14,2020-12-30,5,44,44
48455,2021,Trinity,15,2021-01-24,2022-01-01,9,47,47
48455,2022,Trinity,15,2022-03-05,2023-01-03,9,51,51
48455,2023,Trinity,19,2023-01-07,2023-12-24,11,87,87
48455,2024,Trinity,19,2024-02-09,2024-12-26,12,77,77
48455,2025,Trinity,15,2025-02-03,2025-12-28,10,60,60
48457,2015,Tyler,17,2015-03-18,2015-12-27,8,67,0
48457,2016,Tyler,19,2016-01-31,2016-12-29,15,95,0
48457,2017,Tyler,23,2017-01-01,2017-12-20,11,78,0
48457,2018,Tyler,17,2018-02-15,2018-12-27,8,62,0
48457,2019,Tyler,15,2019-01-07,2019-12-29,9,56,0
48457,2020,Tyler,15,2020-01-14,2020-12-31,6,53,0
48457,2021,Tyler,17,2021-01-21,2022-01-01,9,65,0
48457,2022,Tyler,18,2022-03-05,2023-01-03,11,73,0
48457,2023,Tyler,20,2023-01-07,2023-12-24,23,129,0
48457,2024,Tyler,22,2024-01-24,2024-12-26,17,96,0
48457,2025,Tyler,20,2025-01-29,2025-12-28,9,78,0
48459,2015,Upshur,18,2015-01-28,2015-12-28,8,51,0
48459,2016,Upshur,26,2016-01-30,2016-12-28,7,87,0
48459,2017,Upshur,25,2017-01-01,2017-12-22,8,77,0
48459,2018,Upshur,21,2018-01-21,2018-12-27,9,72,0
48459,2019,Upshur,16,2019-01-06,2019-12-28,15,70,0
48459,2020,Upshur,21,2020-01-09,2020-12-30,5,59,0
48459,2021,Upshur,17,2021-03-10,2022-01-01,10,63,0
48459,2022,Upshur,16,2022-02-21,2023-01-03,14,69,0
48459,2023,Upshur,26,2023-01-07,2023-12-24,10,95,0
48459,2024,Upshur,26,2024-01-24,2024-12-26,9,92,0
48459,2025,Upshur,19,2025-02-03,2025-12-28,9,70,0
48461,2015,Upton,19,2015-01-29,2015-12-27,8,63,2
48461,2016,Upton,23,2016-01-31,2016-12-29,12,80,0
48461,2017,Upton,26,2017-01-01,2017-12-22,7,84,1
48461,2018,Upton,25,2018-01-10,2018-12-02,10,71,0
48461,2019,Upton,20,2019-01-06,2019-12-28,12,75,2
48461,2020,Upton,18,2020-01-09,2020-12-30,7,58,1
48461,2021,Upton,22,2021-02-03,2022-01-02,7,67,2
48461,2022,Upton,15,2022-03-05,2023-01-02,9,55,4
48461,2023,Upton,18,2023-01-09,2023-12-23,9,68,16
48461,2024,Upton,16,2024-02-26,2024-12-29,5,39,10
48461,2025,Upton,11,2025-02-02,2025-12-28,9,38,19
48463,2015,Uvalde,7,2015-02-08,2015-12-26,4,21,0
48463,2016,Uvalde,9,2016-01-31,2017-01-01,7,33,0
48463,2017,Uvalde,18,2017-01-10,2017-12-04,7,56,0
48463,2018,Uvalde,16,2018-02-15,2018-12-26,6,40,0
48463,2019,Uvalde,14,2019-01-06,2019-12-28,10,48,0
48463,2020,Uvalde,17,2020-01-09,2020-12-30,9,62,0
48463,2021,Uvalde,10,2021-01-22,2022-01-01,9,38,0
48463,2022,Uvalde,18,2022-02-21,2022-12-13,8,65,1
48463,2023,Uvalde,20,2023-01-01,2023-12-24,7,69,0
48463,2024,Uvalde,26,2024-01-23,2024-12-28,8,93,0
48463,2025,Uvalde,18,2025-01-04,2025-12-28,9,62,0
48465,2015,Val Verde,16,2015-01-20,2015-12-26,6,48,0
48465,2016,Val Verde,17,2016-01-07,2016-12-29,14,77,0
48465,2017,Val Verde,23,2017-01-01,2017-12-22,9,86,0
48465,2018,Val Verde,24,2018-01-09,2018-12-27,8,77,0
48465,2019,Val Verde,19,2019-01-06,2019-12-28,17,90,0
48465,2020,Val Verde,28,2020-01-09,2020-12-30,9,103,0
48465,2021,Val Verde,24,2021-01-23,2022-01-01,10,83,0
48465,2022,Val Verde,23,2022-02-21,2023-01-03,9,85,0
48465,2023,Val Verde,27,2023-01-05,2023-12-24,16,130,0
48465,2024,Val Verde,32,2024-01-25,2024-12-31,22,181,0
48465,2025,Val Verde,24,2025-01-04,2025-12-28,13,135,0
48467,2015,Van Zandt,17,2015-01-28,2015-12-27,6,47,0
48467,2016,Van Zandt,24,2016-01-08,2016-12-29,9,86,0
48467,2017,Van Zandt,22,2017-01-01,2017-12-05,7,62,0
48467,2018,Van Zandt,19,2018-01-21,2018-12-27,8,57,0
48467,2019,Van Zandt,10,2019-01-06,2019-12-29,17,46,0
48467,2020,Van Zandt,18,2020-01-10,2020-12-31,4,44,0
48467,2021,Van Zandt,13,2021-03-11,2022-01-01,9,43,0
48467,2022,Van Zandt,17,2022-03-04,2022-12-14,6,62,0
48467,2023,Van Zandt,23,2023-01-01,2023-12-24,6,69,0
48467,2024,Van Zandt,21,2024-01-31,2024-12-25,8,66,0
48467,2025,Van Zandt,19,2025-02-03,2025-12-28,9,60,21
48469,2015,Victoria,12,2015-04-02,2015-12-27,5,32,0
48469,2016,Victoria,11,2016-01-31,2016-12-29,7,49,0
48469,2017,Victoria,16,2017-01-10,2017-11-18,8,49,0
48469,2018,Victoria,15,2018-02-16,2018-12-27,5,41,0
48469,2019,Victoria,15,2019-01-07,2019-12-28,7,59,0
48469,2020,Victoria,22,2020-01-14,2020-12-30,9,68,0
48469,2021,Victoria,17,2021-01-22,2022-01-01,10,54,0
48469,2022,Victoria,16,2022-02-21,2022-12-13,11,64,0
48469,2023,Victoria,24,2023-01-01,2023-12-24,22,135,0
48469,2024,Victoria,30,2024-01-23,2024-12-31,11,107,0
48469,2025,Victoria,17,2025-01-04,2025-12-28,10,65,0
48471,2015,Walker,15,2015-01-28,2015-12-27,6,42,0
48471,2016,Walker,13,2016-01-30,2016-12-29,8,50,0
48471,2017,Walker,21,2017-01-01,2017-12-04,8,60,0
48471,2018,Walker,13,2018-02-15,2018-12-27,7,34,0
48471,2019,Walker,13,2019-01-07,2019-12-28,10,43,0
48471,2020,Walker,16,2020-01-09,2020-12-30,9,54,0
48471,2021,Walker,17,2021-01-24,2022-01-01,10,56,0
48471,2022,Walker,16,2022-03-05,2022-12-30,12,68,0
48471,2023,Walker,22,2023-01-01,2023-12-24,16,116,0
48471,2024,Walker,17,2024-02-08,2024-12-26,12,70,0
48471,2025,Walker,17,2025-02-03,2025-12-28,9,62,0
48473,2015,Waller,16,2015-01-28,2015-12-27,7,51,51
48473,2016,Waller,17,2016-01-31,2016-12-29,15,86,86
48473,2017,Waller,30,2017-01-01,2017-12-22,11,101,101
48473,2018,Waller,20,2018-02-15,2018-12-27,7,62,62
48473,2019,Waller,14,2019-01-07,2019-12-28,17,58,58
48473,2020,Waller,20,2020-01-09,2020-12-30,6,65,65
48473,2021,Waller,16,2021-01-24,2022-01-01,9,58,58
48473,2022,Waller,21,2022-03-05,2022-12-30,10,89,89
48473,2023,Waller,25,2023-01-01,2023-12-24,19,128,128
48473,2024,Waller,27,2024-02-08,2024-12-28,11,112,112
48473,2025,Waller,17,2025-02-03,2025-12-28,9,69,69
48475,2015,Ward,17,2015-01-28,2015-12-25,6,47,0
48475,2016,Ward,19,2016-01-29,2017-01-01,11,61,1
48475,2017,Ward,19,2017-01-10,2017-12-04,9,65,1
48475,2018,Ward,18,2018-01-09,2018-12-26,11,57,0
48475,2019,Ward,21,2019-01-06,2019-12-28,11,76,0
48475,2020,Ward,20,2020-01-12,2020-12-29,4,56,0
48475,2021,Ward,18,2021-01-21,2021-12-29,8,66,0
48475,2022,Ward,15,2022-02-15,2023-01-02,10,57,0
48475,2023,Ward,21,2023-01-09,2023-12-24,8,85,0
48475,2024,Ward,27,2024-01-31,2024-12-30,7,90,1
48475,2025,Ward,18,2025-01-03,2025-12-28,11,75,0
48477,2015,Washington,11,2015-03-31,2015-12-27,6,35,0
48477,2016,Washington,16,2016-01-31,2016-12-29,14,73,0
48477,2017,Washington,26,2017-01-01,2017-12-20,8,74,0
48477,2018,Washington,14,2018-02-16,2018-12-27,7,42,0
48477,2019,Washington,14,2019-01-07,2019-12-29,10,47,0
48477,2020,Washington,15,2020-01-14,2020-12-30,5,46,0
48477,2021,Washington,14,2021-01-24,2022-01-01,10,53,0
48477,2022,Washington,18,2022-02-21,2022-12-30,9,72,0
48477,2023,Washington,24,2023-01-01,2023-12-24,12,104,0
48477,2024,Washington,26,2024-02-09,2024-12-26,10,96,0
48477,2025,Washington,18,2025-01-30,2025-12-28,9,66,0
48479,2015,Webb,10,2015-07-18,2015-12-26,6,33,0
48479,2016,Webb,18,2016-01-31,2017-01-02,8,73,0
48479,2017,Webb,13,2017-01-10,2017-12-05,8,57,0
48479,2018,Webb,13,2018-02-16,2018-12-27,5,34,0
48479,2019,Webb,27,2019-01-07,2019-12-29,8,85,0
48479,2020,Webb,20,2020-01-14,2020-12-30,8,64,0
48479,2021,Webb,25,2021-01-22,2022-01-01,10,94,0
48479,2022,Webb,24,2022-02-21,2022-12-13,13,91,0
48479,2023,Webb,24,2023-01-01,2023-12-24,16,132,0
48479,2024,Webb,30,2024-02-02,2024-12-26,9,103,0
48479,2025,Webb,19,2025-02-03,2025-12-28,14,92,0
48481,2015,Wharton,12,2015-04-02,2015-12-27,5,34,0
48481,2016,Wharton,19,2016-01-31,2016-12-29,24,94,0
48481,2017,Wharton,19,2017-01-01,2017-12-05,7,59,0
48481,2018,Wharton,14,2018-02-16,2018-12-27,6,40,0
48481,2019,Wharton,16,2019-01-07,2019-12-29,7,54,0
48481,2020,Wharton,16,2020-01-14,2020-12-30,8,56,0
48481,2021,Wharton,14,2021-01-23,2022-01-01,9,47,0
48481,2022,Wharton,13,2022-03-05,2022-12-13,11,51,0
48481,2023,Wharton,26,2023-01-02,2023-12-24,13,114,0
48481,2024,Wharton,26,2024-02-09,2024-12-26,10,93,0
48481,2025,Wharton,14,2025-01-04,2025-12-28,12,63,0
48483,2015,Wheeler,19,2015-01-19,2015-12-22,5,53,6
48483,2016,Wheeler,18,2016-01-29,2016-12-26,5,53,2
48483,2017,Wheeler,12,2017-01-21,2017-12-04,6,39,7
48483,2018,Wheeler,19,2018-01-08,2018-12-27,10,66,11
48483,2019,Wheeler,19,2019-01-05,2019-12-28,9,64,64
48483,2020,Wheeler,21,2020-01-09,2020-12-28,7,68,68
48483,2021,Wheeler,19,2021-01-05,2021-12-31,10,65,65
48483,2022,Wheeler,21,2022-03-04,2023-01-03,13,68,68
48483,2023,Wheeler,29,2023-01-09,2023-12-24,8,108,108
48483,2024,Wheeler,29,2024-01-29,2024-12-31,12,116,116
48483,2025,Wheeler,22,2025-02-02,2025-12-28,10,77,77
48485,2015,Wichita,14,2015-01-17,2015-12-24,6,41,0
48485,2016,Wichita,15,2016-01-29,2016-12-26,10,47,0
48485,2017,Wichita,16,2017-01-10,2017-12-21,5,44,0
48485,2018,Wichita,10,2018-01-20,2018-12-01,4,28,0
48485,2019,Wichita,5,2019-01-06,2019-12-27,11,25,0
48485,2020,Wichita,12,2020-01-09,2020-12-10,4,27,0
48485,2021,Wichita,9,2021-03-09,2021-12-31,9,36,0
48485,2022,Wichita,21,2022-01-13,2023-01-02,6,59,0
48485,2023,Wichita,20,2023-01-09,2023-12-24,5,61,0
48485,2024,Wichita,23,2024-01-30,2024-12-30,10,78,0
48485,2025,Wichita,7,2025-02-02,2025-12-27,9,32,0
48487,2015,Wilbarger,15,2015-01-19,2015-12-26,7,46,46
48487,2016,Wilbarger,12,2016-01-29,2016-12-28,10,47,47
48487,2017,Wilbarger,21,2017-01-02,2017-12-21,8,58,58
48487,2018,Wilbarger,13,2018-01-09,2018-12-27,7,41,41
48487,2019,Wilbarger,11,2019-01-06,2019-12-28,11,40,40
48487,2020,Wilbarger,17,2020-01-09,2020-12-30,5,45,45
48487,2021,Wilbarger,13,2021-02-03,2022-01-01,10,47,47
48487,2022,Wilbarger,16,2022-03-04,2022-12-13,13,59,59
48487,2023,Wilbarger,24,2023-01-01,2023-12-24,7,80,80
48487,2024,Wilbarger,23,2024-01-30,2024-12-31,6,76,76
48487,2025,Wilbarger,17,2025-02-02,2025-12-28,9,59,59
48489,2015,Willacy,10,2015-04-26,2015-12-27,7,30,3
48489,2016,Willacy,23,2016-02-01,2016-12-29,14,92,1
48489,2017,Willacy,17,2017-01-11,2017-11-06,8,58,3
48489,2018,Willacy,13,2018-02-19,2018-08-29,9,46,46
48489,2019,Willacy,10,2019-01-07,2019-10-02,15,62,62
48489,2020,Willacy,11,2020-01-14,2020-12-30,9,45,42
48489,2021,Willacy,21,2021-01-24,2022-01-01,9,75,1
48489,2022,Willacy,13,2022-02-22,2022-12-14,9,50,0
48489,2023,Willacy,20,2023-01-02,2023-11-09,26,132,0
48489,2024,Willacy,18,2024-02-27,2024-12-28,18,89,0
48489,2025,Willacy,19,2025-02-06,2025-12-29,14,93,0
48491,2015,Williamson,16,2015-01-28,2015-12-27,5,48,0
48491,2016,Williamson,19,2016-01-31,2016-12-29,8,65,0
48491,2017,Williamson,26,2017-01-01,2017-12-22,7,85,0
48491,2018,Williamson,17,2018-02-19,2018-12-27,5,48,0
48491,2019,Williamson,11,2019-01-07,2019-12-28,17,46,0
48491,2020,Williamson,15,2020-01-09,2020-12-30,5,44,0
48491,2021,Williamson,16,2021-01-24,2022-01-01,10,53,0
48491,2022,Williamson,22,2022-02-21,2022-12-13,8,79,0
48491,2023,Williamson,22,2023-01-01,2023-12-24,13,90,0
48491,2024,Williamson,25,2024-02-02,2024-12-31,13,96,0
48491,2025,Williamson,21,2025-01-04,2025-12-28,8,74,0
48493,2015,Wilson,7,2015-02-21,2015-12-27,6,24,0
48493,2016,Wilson,15,2016-02-01,2016-12-29,7,48,2
48493,2017,Wilson,16,2017-01-10,2017-12-05,8,47,0
48493,2018,Wilson,8,2018-02-17,2018-12-28,5,24,0
48493,2019,Wilson,10,2019-01-07,2019-12-28,6,31,12
48493,2020,Wilson,9,2020-01-14,2020-12-30,5,29,29
48493,2021,Wilson,7,2021-01-24,2022-01-01,9,26,26
48493,2022,Wilson,9,2022-03-05,2022-12-13,8,29,29
48493,2023,Wilson,17,2023-01-01,2023-12-24,11,65,65
48493,2024,Wilson,15,2024-02-09,2024-12-25,6,46,46
48493,2025,Wilson,6,2025-01-04,2025-12-28,9,36,36
48495,2015,Winkler,11,2015-01-28,2015-12-12,4,26,0
48495,2016,Winkler,9,2016-02-18,2016-12-25,6,29,0
48495,2017,Winkler,14,2017-01-01,2017-12-04,9,47,0
48495,2018,Winkler,9,2018-01-07,2018-11-30,7,32,0
48495,2019,Winkler,13,2019-02-02,2019-12-27,12,41,0
48495,2020,Winkler,8,2020-03-10,2020-11-24,6,24,0
48495,2021,Winkler,10,2021-02-03,2021-12-29,8,37,1
48495,2022,Winkler,11,2022-03-28,2023-01-02,10,44,0
48495,2023,Winkler,16,2023-01-10,2023-12-24,14,80,5
48495,2024,Winkler,24,2024-01-31,2024-12-30,11,94,0
48495,2025,Winkler,12,2025-02-02,2025-12-28,11,58,32
48497,2015,Wise,9,2015-01-27,2015-12-26,6,34,0
48497,2016,Wise,17,2016-01-30,2016-12-29,8,53,0
48497,2017,Wise,19,2017-01-10,2017-12-21,8,56,0
48497,2018,Wise,17,2018-02-15,2018-12-27,6,48,0
48497,2019,Wise,8,2019-01-06,2019-12-28,13,33,0
48497,2020,Wise,18,2020-01-09,2020-12-23,4,47,0
48497,2021,Wise,15,2021-03-10,2021-12-31,10,55,0
48497,2022,Wise,25,2022-01-13,2023-01-02,8,75,0
48497,2023,Wise,26,2023-01-06,2023-12-24,6,92,0
48497,2024,Wise,27,2024-01-29,2024-12-30,12,95,0
48497,2025,Wise,19,2025-02-02,2025-12-28,9,59,0
48499,2015,Wood,13,2015-01-28,2015-12-28,8,38,0
48499,2016,Wood,21,2016-01-08,2016-12-29,8,68,0
48499,2017,Wood,19,2017-01-01,2017-12-22,7,59,0
48499,2018,Wood,10,2018-03-24,2018-12-27,6,34,0
48499,2019,Wood,12,2019-01-06,2019-12-29,14,46,0
48499,2020,Wood,14,2020-01-10,2020-11-22,5,36,0
48499,2021,Wood,9,2021-03-11,2022-01-01,9,32,0
48499,2022,Wood,12,2022-03-28,2022-12-14,6,37,0
48499,2023,Wood,22,2023-01-01,2023-12-24,4,60,0
48499,2024,Wood,21,2024-01-31,2024-12-26,7,66,0
48499,2025,Wood,18,2025-02-03,2025-12-28,9,62,0
48501,2015,Yoakum,21,2015-01-19,2015-12-26,5,59,0
48501,2016,Yoakum,15,2016-01-30,2016-12-25,11,55,0
48501,2017,Yoakum,18,2017-01-10,2017-12-05,10,70,0
48501,2018,Yoakum,22,2018-01-10,2018-12-23,13,74,0
48501,2019,Yoakum,19,2019-01-06,2019-12-28,11,70,0
48501,2020,Yoakum,21,2020-01-14,2020-12-11,8,67,0
48501,2021,Yoakum,18,2021-02-03,2022-01-01,7,63,0
48501,2022,Yoakum,18,2022-03-28,2022-12-13,7,69,0
48501,2023,Yoakum,26,2023-01-01,2023-12-24,11,101,0
48501,2024,Yoakum,27,2024-01-23,2024-12-31,16,107,0
48501,2025,Yoakum,27,2025-02-03,2025-12-28,9,102,0
48503,2015,Young,15,2015-01-27,2015-12-26,7,45,1
48503,2016,Young,24,2016-01-29,2017-01-02,11,74,0
48503,2017,Young,24,2017-01-09,2017-12-21,9,72,1
48503,2018,Young,15,2018-01-20,2018-12-26,7,44,0
48503,2019,Young,5,2019-01-05,2019-12-28,13,29,0
48503,2020,Young,16,2020-01-09,2020-11-21,4,41,0
48503,2021,Young,10,2021-03-10,2021-12-29,7,32,11
48503,2022,Young,23,2022-01-31,2023-01-02,7,71,0
48503,2023,Young,24,2023-01-06,2023-12-24,5,70,0
48503,2024,Young,26,2024-02-01,2024-12-30,10,86,1
48503,2025,Young,19,2025-01-29,2025-12-28,9,57,0
48505,2015,Zapata,7,2015-08-23,2015-12-27,4,18,2
48505,2016,Zapata,14,2016-02-01,2016-12-29,7,45,1
48505,2017,Zapata,16,2017-01-02,2017-11-18,7,45,6
48505,2019,Zapata,3,2019-02-05,2019-12-28,2,6,6
48505,2020,Zapata,3,2020-01-14,2020-12-30,5,10,10
48505,2021,Zapata,3,2021-12-03,2022-01-01,9,15,15
48505,2022,Zapata,1,2022-12-06,2022-12-13,8,9,9
48505,2023,Zapata,5,2023-02-28,2023-09-25,3,12,12
48505,2024,Zapata,4,2024-09-20,2024-12-17,3,10,10
48505,2025,Zapata,3,2025-02-04,2025-12-28,8,20,20
48507,2015,Zavala,1,2015-12-23,2015-12-26,4,4,4
48507,2016,Zavala,3,2016-02-20,2016-12-29,6,10,10
48507,2017,Zavala,5,2017-01-11,2017-11-18,6,16,16
48507,2019,Zavala,4,2019-01-07,2019-12-27,4,11,11
48507,2020,Zavala,3,2020-01-14,2020-09-01,3,7,7
48507,2021,Zavala,7,2021-01-24,2022-01-01,9,24,24
48507,2022,Zavala,5,2022-04-12,2022-12-13,8,20,20
48507,2023,Zavala,11,2023-01-02,2023-12-24,4,31,31
48507,2024,Zavala,7,2024-02-26,2024-12-24,4,18,18
48507,2025,Zavala,5,2025-02-03,2025-12-28,7,26,26
