county_fips,year,month,heatwave_events_started,heatwave_events_active,longest_event_duration_days,heatwave_days,heatwave_days_imputed
48001,2015,1,1,1,3,3,0
48001,2015,8,1,1,3,3,0
48001,2015,10,1,1,5,5,0
48001,2015,12,1,1,2,2,0
48001,2016,3,1,1,2,2,0
48001,2016,11,2,2,2,4,0
48001,2016,12,1,1,2,2,0
48001,2017,1,1,1,3,3,0
48001,2017,2,2,2,2,4,0
48001,2017,3,1,1,3,3,0
48001,2017,4,1,1,2,2,0
48001,2017,11,1,1,5,5,0
48001,2018,3,1,1,2,2,0
48001,2018,5,2,2,6,10,0
48001,2018,7,1,1,3,3,0
48001,2019,4,1,1,2,2,0
48001,2019,9,1,1,3,3,0
48001,2019,10,1,1,6,6,0
48001,2020,3,1,1,4,4,0
48001,2020,4,1,1,3,3,0
48001,2020,8,1,1,2,2,0
48001,2021,10,1,1,3,3,0
48001,2021,12,3,3,8,12,0
48001,2022,1,0,1,8,1,0
48001,2022,3,1,1,3,3,0
48001,2022,5,1,1,2,2,0
48001,2022,6,2,2,9,11,0
48001,2022,7,3,3,5,13,0
48001,2022,9,1,1,4,4,0
48001,2022,11,1,1,3,3,0
48001,2022,12,1,1,5,5,0
48001,2023,2,1,1,3,3,0
48001,2023,7,2,2,16,5,0
48001,2023,8,1,2,16,25,0
48001,2023,9,2,2,4,6,0
48001,2024,2,1,1,3,3,0
48001,2024,10,3,3,7,11,0
48001,2024,11,1,1,2,2,0
48001,2024,12,1,1,3,3,0
48001,2025,2,1,1,3,3,0
48001,2025,3,3,3,4,8,0
48001,2025,5,1,1,3,3,0
48001,2025,10,2,2,4,7,0
48001,2025,11,1,1,6,6,0
48001,2025,12,2,2,3,5,0
48003,2015,8,2,2,2,4,0
48003,2015,12,1,1,2,2,0
48003,2016,2,1,1,3,3,0
48003,2016,7,2,2,5,9,0
48003,2016,10,1,1,3,3,0
48003,2016,11,1,1,2,2,0
48003,2017,2,2,2,3,5,0
48003,2017,3,2,2,4,6,0
48003,2017,6,1,1,3,3,0
48003,2017,9,1,1,2,2,0
48003,2017,11,2,2,5,7,0
48003,2017,12,1,1,2,2,0
48003,2018,3,1,1,3,3,0
48003,2018,5,2,2,7,8,0
48003,2018,6,0,1,7,1,0
48003,2018,7,1,1,5,5,0
48003,2018,10,1,1,2,2,0
48003,2019,8,3,3,2,6,0
48003,2020,3,1,1,2,2,0
48003,2020,5,1,1,2,2,0
48003,2020,7,1,1,8,8,0
48003,2020,8,3,3,5,10,0
48003,2020,9,1,1,2,2,0
48003,2020,10,3,3,3,7,0
48003,2020,11,1,1,2,2,0
48003,2021,10,1,1,3,3,0
48003,2021,11,2,2,2,4,0
48003,2021,12,3,3,3,8,0
48003,2022,3,1,1,4,4,0
48003,2022,4,1,1,2,2,0
48003,2022,5,1,1,3,3,0
48003,2022,7,1,1,2,2,0
48003,2023,6,2,2,4,6,0
48003,2023,7,2,2,4,6,0
48003,2023,8,3,3,5,11,0
48003,2023,9,1,1,6,6,0
48003,2023,11,1,1,3,3,0
48003,2023,12,1,1,2,2,0
48003,2024,2,2,2,2,4,0
48003,2024,8,1,1,4,4,0
48003,2024,10,1,1,4,4,4
48003,2024,12,1,1,2,2,0
48003,2025,2,2,2,4,6,0
48003,2025,4,1,1,2,2,0
48003,2025,10,1,1,2,2,0
48003,2025,11,2,2,4,7,0
48003,2025,12,1,1,6,6,0
48005,2015,1,1,1,2,2,0
48005,2015,8,1,1,3,3,0
48005,2015,10,1,1,5,5,0
48005,2015,12,1,1,2,2,0
48005,2016,3,1,1,2,2,0
48005,2016,11,1,1,3,3,0
48005,2016,12,1,1,3,3,0
48005,2017,1,1,1,5,5,0
48005,2017,2,4,4,3,9,0
48005,2017,3,1,1,2,2,0
48005,2017,11,1,1,6,6,0
48005,2018,3,1,1,2,2,0
48005,2018,5,3,3,4,10,0
48005,2018,6,1,1,2,2,0
48005,2018,7,1,1,2,2,0
48005,2019,9,1,1,4,4,0
48005,2019,10,1,1,6,6,0
48005,2020,3,1,1,4,4,0
48005,2020,8,1,1,2,2,0
48005,2021,2,1,1,2,2,0
48005,2021,9,1,1,2,2,0
48005,2021,12,3,3,7,12,0
48005,2022,1,0,1,7,1,0
48005,2022,3,1,1,2,2,0
48005,2022,5,1,1,6,6,0
48005,2022,6,3,3,9,13,0
48005,2022,7,3,3,6,13,0
48005,2022,11,2,2,3,5,0
48005,2022,12,1,1,6,6,0
48005,2023,2,2,2,4,7,0
48005,2023,3,1,1,2,2,0
48005,2023,6,1,1,3,3,0
48005,2023,7,3,3,17,8,0
48005,2023,8,1,2,17,25,0
48005,2023,9,2,2,3,5,0
48005,2023,10,1,1,2,2,0
48005,2023,11,1,1,2,2,0
48005,2024,2,1,1,3,3,0
48005,2024,6,1,1,2,2,0
48005,2024,10,3,3,2,6,0
48005,2024,12,1,1,3,3,0
48005,2025,2,1,1,6,6,0
48005,2025,3,2,2,2,4,0
48005,2025,5,1,1,3,3,0
48005,2025,10,2,2,4,6,0
48005,2025,11,2,2,6,8,0
48007,2015,7,1,1,3,2,0
48007,2015,8,2,3,3,5,0
48007,2015,11,1,1,3,3,0
48007,2015,12,1,1,4,4,0
48007,2016,2,2,2,2,4,0
48007,2016,6,1,1,3,3,0
48007,2016,9,1,1,3,3,0
48007,2016,10,3,3,5,10,0
48007,2016,11,1,1,5,5,0
48007,2016,12,1,1,4,4,0
48007,2017,1,4,4,3,10,0
48007,2017,2,4,4,4,12,0
48007,2017,3,0,1,3,1,0
48007,2017,4,1,1,2,2,0
48007,2017,5,1,1,2,2,0
48007,2017,6,2,2,3,5,0
48007,2017,7,2,2,4,6,0
48007,2017,10,1,1,2,2,0
48007,2017,11,1,1,6,6,0
48007,2017,12,2,2,3,5,0
48007,2018,2,1,1,2,2,1
48007,2018,3,1,1,2,2,0
48007,2018,5,1,1,8,8,0
48007,2018,11,1,1,4,4,0
48007,2018,12,1,1,2,2,0
48007,2019,4,1,1,2,2,0
48007,2019,6,1,1,2,2,0
48007,2019,7,1,1,3,3,0
48007,2019,9,2,2,2,4,0
48007,2019,10,5,5,3,12,0
48007,2019,12,2,2,3,5,0
48007,2020,1,1,1,4,4,0
48007,2020,2,1,1,2,2,0
48007,2020,3,3,3,5,9,0
48007,2020,4,4,4,4,10,0
48007,2020,5,2,2,3,6,0
48007,2020,7,1,1,2,2,0
48007,2020,8,3,3,3,7,0
48007,2020,9,1,1,2,2,0
48007,2020,10,1,1,3,3,0
48007,2020,11,1,1,2,2,0
48007,2021,1,1,1,2,2,0
48007,2021,12,5,5,5,17,0
48007,2022,1,1,2,2,3,0
48007,2022,5,2,2,6,8,0
48007,2022,6,3,3,10,14,0
48007,2022,7,2,3,8,12,0
48007,2022,10,1,1,2,2,0
48007,2022,11,1,1,2,2,0
48007,2022,12,1,1,2,2,0
48007,2023,1,1,1,5,5,0
48007,2023,2,1,1,7,7,0
48007,2023,3,2,2,6,9,0
48007,2023,6,1,1,13,9,0
48007,2023,7,1,2,37,20,0
48007,2023,8,1,2,37,29,0
48007,2023,9,1,2,23,21,0
48007,2024,5,2,2,13,16,0
48007,2024,6,2,2,10,16,0
48007,2024,7,3,3,3,7,0
48007,2024,8,3,3,10,16,0
48007,2024,9,0,1,2,1,0
48007,2024,10,2,2,4,7,0
48007,2024,11,3,3,4,11,0
48007,2024,12,2,2,4,7,0
48007,2025,2,1,1,3,3,0
48007,2025,3,2,2,2,4,0
48007,2025,5,1,1,6,6,0
48007,2025,7,1,1,2,2,0
48007,2025,8,2,2,4,6,0
48007,2025,9,2,2,3,5,0
48007,2025,10,2,2,3,5,0
48007,2025,11,2,2,9,11,0
48007,2025,12,2,2,5,8,0
48009,2015,1,1,1,2,2,2
48009,2015,10,1,1,2,2,2
48009,2015,12,1,1,2,2,2
48009,2016,2,1,1,2,2,2
48009,2016,11,2,2,3,5,0
48009,2017,2,1,1,2,2,0
48009,2017,3,1,1,6,6,0
48009,2017,5,1,1,2,2,0
48009,2017,12,1,1,2,2,2
48009,2018,5,1,1,2,2,2
48009,2018,7,1,1,4,4,4
48009,2019,10,1,1,2,2,2
48009,2020,8,1,1,2,2,2
48009,2021,10,1,1,3,3,3
48009,2021,12,2,2,4,7,7
48009,2022,3,1,1,3,3,3
48009,2022,5,2,2,3,5,5
48009,2022,6,2,2,3,5,5
48009,2022,7,1,1,3,3,3
48009,2023,1,2,2,2,4,4
48009,2023,2,1,1,2,2,2
48009,2023,6,1,1,5,5,5
48009,2023,7,1,1,2,2,2
48009,2023,8,3,3,5,13,13
48009,2023,9,1,1,9,9,9
48009,2023,11,1,1,3,3,3
48009,2024,2,1,1,3,3,3
48009,2024,8,2,2,2,4,4
48009,2024,10,2,2,4,6,6
48009,2025,10,1,1,2,2,2
48009,2025,11,1,1,6,6,6
48009,2025,12,1,1,6,6,6
48011,2015,1,1,1,2,2,2
48011,2015,2,1,1,4,4,4
48011,2015,9,1,1,2,2,2
48011,2015,10,1,1,3,3,3
48011,2015,12,1,1,3,3,3
48011,2016,1,1,1,2,2,2
48011,2016,2,1,1,4,4,4
48011,2016,7,2,2,3,5,5
48011,2016,10,1,1,3,3,3
48011,2016,11,2,2,2,4,4
48011,2017,2,2,2,2,4,4
48011,2017,3,1,1,5,5,5
48011,2017,6,1,1,2,2,2
48011,2017,12,1,1,3,3,3
48011,2018,1,1,1,2,2,2
48011,2018,3,1,1,2,2,2
48011,2018,4,1,1,2,2,2
48011,2018,5,2,2,6,9,9
48011,2018,7,1,1,5,5,5
48011,2019,8,4,4,4,11,11
48011,2020,3,1,1,2,2,2
48011,2020,7,1,1,7,7,7
48011,2020,8,1,1,4,4,4
48011,2020,10,1,1,7,7,7
48011,2020,11,1,1,2,2,2
48011,2020,12,1,1,2,2,2
48011,2021,9,1,1,2,2,2
48011,2021,10,1,1,3,3,3
48011,2021,11,2,2,2,4,4
48011,2021,12,3,3,4,11,11
48011,2022,3,1,1,3,3,3
48011,2022,4,1,1,2,2,2
48011,2022,5,2,2,4,7,7
48011,2022,6,1,1,4,4,4
48011,2022,7,2,2,4,6,6
48011,2022,8,1,1,2,2,2
48011,2023,1,2,2,2,4,4
48011,2023,6,2,2,2,4,4
48011,2023,8,3,3,6,14,14
48011,2023,9,1,1,9,9,9
48011,2023,10,1,1,2,2,2
48011,2023,11,1,1,3,3,3
48011,2024,2,2,2,3,5,5
48011,2024,6,1,1,2,2,2
48011,2024,8,3,3,10,14,14
48011,2024,9,1,1,2,2,2
48011,2024,10,2,2,5,8,8
48011,2025,2,2,2,2,4,4
48011,2025,3,1,1,3,3,3
48011,2025,4,1,1,2,2,2
48011,2025,8,1,1,3,3,3
48011,2025,10,1,1,3,3,3
48011,2025,11,2,2,3,5,5
48011,2025,12,2,2,6,8,8
48013,2015,8,1,1,5,5,0
48013,2015,9,1,1,2,2,0
48013,2015,10,1,1,4,4,0
48013,2016,3,1,1,2,2,0
48013,2016,7,1,1,2,2,0
48013,2016,8,1,1,2,2,0
48013,2016,11,1,1,3,3,0
48013,2016,12,1,1,2,2,0
48013,2017,1,1,1,4,4,0
48013,2017,2,2,2,3,5,0
48013,2017,6,2,2,2,4,0
48013,2017,7,1,1,2,2,0
48013,2017,11,1,1,5,5,0
48013,2017,12,1,1,2,2,0
48013,2018,5,3,3,3,7,0
48013,2018,7,1,1,3,3,0
48013,2018,10,1,1,2,2,0
48013,2019,6,1,1,2,2,0
48013,2019,8,2,2,3,5,0
48013,2019,9,2,2,3,6,0
48013,2019,10,1,1,4,4,0
48013,2020,3,2,2,2,4,0
48013,2020,7,1,1,5,5,0
48013,2020,8,2,2,4,7,0
48013,2020,10,1,1,3,3,0
48013,2021,4,1,1,2,2,0
48013,2021,12,5,5,4,14,0
48013,2022,1,0,1,3,1,0
48013,2022,3,1,1,4,4,0
48013,2022,4,1,1,2,2,0
48013,2022,5,3,3,7,13,0
48013,2022,6,2,2,8,10,0
48013,2022,7,2,2,6,8,0
48013,2022,8,1,1,3,3,0
48013,2023,1,2,2,4,6,0
48013,2023,2,2,2,3,3,0
48013,2023,3,0,1,3,2,0
48013,2023,6,2,2,6,10,0
48013,2023,7,2,2,6,11,0
48013,2023,8,2,2,18,21,0
48013,2023,9,3,3,6,10,0
48013,2023,10,1,1,2,2,0
48013,2024,5,1,1,3,3,0
48013,2024,8,1,1,3,3,0
48013,2024,10,4,4,3,9,0
48013,2024,11,1,1,3,3,0
48013,2024,12,1,1,2,2,0
48013,2025,2,1,1,3,3,0
48013,2025,3,2,2,3,5,0
48013,2025,5,1,1,3,3,0
48013,2025,9,1,1,2,2,0
48013,2025,10,1,1,2,2,0
48013,2025,11,1,1,2,2,0
48013,2025,12,1,1,3,3,0
48015,2015,12,1,1,4,4,0
48015,2016,3,1,1,3,3,0
48015,2016,10,1,1,2,2,0
48015,2017,1,1,1,3,3,0
48015,2017,2,3,3,3,7,0
48015,2017,3,2,2,4,7,0
48015,2017,11,1,1,4,4,0
48015,2018,5,1,1,2,2,0
48015,2018,11,1,1,2,2,0
48015,2019,9,1,1,3,3,3
48015,2019,10,1,1,7,7,0
48015,2020,3,1,1,4,4,0
48015,2021,12,2,2,3,5,3
48015,2022,1,1,1,2,2,0
48015,2022,5,2,2,3,5,3
48015,2022,6,2,2,10,13,9
48015,2022,7,1,1,4,4,0
48015,2022,12,1,1,3,3,0
48015,2023,2,1,1,2,2,0
48015,2023,8,3,3,11,19,0
48015,2023,9,1,1,10,10,0
48015,2023,10,1,1,3,3,0
48015,2024,2,1,1,3,3,2
48015,2024,10,2,2,2,4,2
48015,2024,11,1,1,2,2,2
48015,2024,12,1,1,2,2,2
48015,2025,2,1,1,2,2,0
48015,2025,3,1,1,2,2,0
48015,2025,5,1,1,3,3,1
48015,2025,10,2,2,4,7,3
48015,2025,11,2,2,8,10,4
48015,2025,12,2,2,3,5,5
48017,2015,2,1,1,2,2,0
48017,2015,12,1,1,2,2,0
48017,2016,1,1,1,2,2,0
48017,2016,2,1,1,3,3,0
48017,2016,7,2,2,4,7,0
48017,2017,2,2,2,2,4,0
48017,2017,3,1,1,5,5,0
48017,2017,11,1,1,2,2,0
48017,2017,12,1,1,3,3,0
48017,2018,3,1,1,2,2,0
48017,2018,5,2,2,4,7,0
48017,2019,1,1,1,2,2,0
48017,2019,7,1,1,2,2,0
48017,2019,8,1,1,3,3,0
48017,2020,5,1,1,2,2,0
48017,2020,7,1,1,6,6,0
48017,2020,8,1,1,4,4,0
48017,2020,9,1,1,2,2,0
48017,2020,10,2,2,3,5,0
48017,2020,11,1,1,3,3,0
48017,2021,10,1,1,2,2,0
48017,2021,11,1,1,2,2,0
48017,2021,12,3,3,3,7,0
48017,2022,3,1,1,3,3,0
48017,2022,4,1,1,2,2,0
48017,2022,5,2,2,3,5,0
48017,2022,6,1,1,3,3,0
48017,2022,7,1,1,2,2,0
48017,2022,8,1,1,2,2,0
48017,2023,7,2,2,3,6,0
48017,2023,8,3,3,3,9,0
48017,2023,9,2,2,3,6,0
48017,2023,11,1,1,3,3,0
48017,2024,2,2,2,2,4,0
48017,2024,8,1,1,3,3,0
48017,2024,9,1,1,2,2,0
48017,2024,10,2,2,5,7,0
48017,2025,2,2,2,3,5,0
48017,2025,3,1,1,2,2,0
48017,2025,8,1,1,5,5,0
48017,2025,10,1,1,2,2,0
48017,2025,11,1,1,5,5,0
48017,2025,12,3,3,6,10,0
48019,2015,1,1,1,2,2,0
48019,2015,2,1,1,2,2,0
48019,2015,8,1,1,3,3,0
48019,2015,9,1,1,2,2,0
48019,2015,10,2,2,3,5,0
48019,2016,1,1,1,3,1,0
48019,2016,2,0,1,3,2,0
48019,2016,3,1,1,2,2,0
48019,2016,8,1,1,3,3,0
48019,2016,10,1,1,3,3,0
48019,2016,11,1,1,2,2,0
48019,2017,1,1,1,3,3,0
48019,2017,2,2,2,2,4,0
48019,2017,3,1,1,2,2,0
48019,2017,5,1,1,2,2,0
48019,2017,6,2,2,2,4,0
48019,2017,7,2,2,5,8,0
48019,2017,9,1,1,2,2,0
48019,2017,11,1,1,6,6,0
48019,2018,5,1,1,5,5,0
48019,2018,6,4,4,3,9,0
48019,2018,7,2,2,3,5,0
48019,2019,8,2,2,3,5,0
48019,2019,10,2,2,7,9,0
48019,2019,12,1,1,2,2,0
48019,2020,3,1,1,3,3,0
48019,2020,7,1,1,4,4,0
48019,2020,8,2,2,4,6,0
48019,2020,9,0,1,4,1,0
48019,2020,10,1,1,3,3,0
48019,2021,4,1,1,2,2,0
48019,2021,12,3,3,2,6,0
48019,2022,2,1,1,2,2,0
48019,2022,3,1,1,3,3,0
48019,2022,4,2,2,2,4,0
48019,2022,5,3,3,6,13,0
48019,2022,6,4,4,4,14,0
48019,2022,7,3,3,9,14,0
48019,2022,11,1,1,2,2,0
48019,2023,1,1,1,2,2,0
48019,2023,2,2,2,2,4,0
48019,2023,6,2,2,5,10,0
48019,2023,7,2,2,13,14,0
48019,2023,8,3,4,11,23,0
48019,2023,9,2,2,11,13,0
48019,2024,2,1,1,3,3,0
48019,2024,5,1,1,4,4,4
48019,2024,8,1,1,4,4,4
48019,2024,10,2,2,7,9,9
48019,2024,12,1,1,3,3,3
48019,2025,3,1,1,2,2,2
48019,2025,5,1,1,4,4,4
48019,2025,10,1,1,3,3,3
48019,2025,11,2,2,5,8,8
48019,2025,12,2,2,3,5,5
48021,2015,1,1,1,2,2,0
48021,2015,8,1,1,2,2,0
48021,2015,10,1,1,5,5,0
48021,2016,3,1,1,2,2,0
48021,2016,11,1,1,3,3,0
48021,2016,12,1,1,4,4,0
48021,2017,1,2,2,3,5,0
48021,2017,2,1,1,2,2,0
48021,2017,3,1,1,3,3,0
48021,2017,5,1,1,2,2,0
48021,2017,7,1,1,2,2,0
48021,2017,11,1,1,4,4,0
48021,2018,5,2,2,2,4,0
48021,2018,7,1,1,6,6,0
48021,2019,9,1,1,2,2,0
48021,2019,10,1,1,6,6,0
48021,2020,3,1,1,4,4,0
48021,2020,7,1,1,2,2,0
48021,2020,8,1,1,2,2,0
48021,2020,10,1,1,2,2,0
48021,2020,12,1,1,2,2,0
48021,2021,12,4,4,4,12,0
48021,2022,1,0,1,4,1,0
48021,2022,2,1,1,2,2,0
48021,2022,3,1,1,3,3,0
48021,2022,5,2,2,6,10,0
48021,2022,6,3,3,4,11,0
48021,2022,7,1,1,5,5,0
48021,2022,11,2,2,2,4,0
48021,2022,12,1,1,5,5,0
48021,2023,1,3,3,2,6,0
48021,2023,2,2,2,2,4,0
48021,2023,3,1,1,2,2,0
48021,2023,6,1,1,4,4,0
48021,2023,7,2,2,15,5,0
48021,2023,8,2,3,15,25,0
48021,2023,9,1,1,9,9,0
48021,2023,10,2,2,4,6,0
48021,2023,11,1,1,2,2,0
48021,2024,5,1,1,4,4,0
48021,2024,8,1,1,5,5,0
48021,2024,10,1,1,15,15,0
48021,2024,11,3,3,2,6,0
48021,2024,12,1,1,2,2,0
48021,2025,2,1,1,2,2,0
48021,2025,3,2,2,3,6,0
48021,2025,4,2,2,2,4,0
48021,2025,5,2,2,5,9,0
48021,2025,9,1,1,2,2,0
48021,2025,10,4,4,4,11,0
48021,2025,11,3,3,4,8,0
48021,2025,12,2,2,3,6,0
48023,2015,1,1,1,2,2,0
48023,2015,2,1,1,3,3,0
48023,2015,3,1,1,2,2,0
48023,2015,9,1,1,2,2,0
48023,2015,10,1,1,2,2,0
48023,2015,12,1,1,2,2,0
48023,2016,2,1,1,4,4,0
48023,2016,11,1,1,2,2,0
48023,2017,2,1,1,2,2,0
48023,2017,3,1,1,5,5,0
48023,2017,12,1,1,2,2,0
48023,2018,3,1,1,2,2,0
48023,2018,5,1,1,2,2,0
48023,2018,7,1,1,4,4,0
48023,2020,3,1,1,2,2,0
48023,2020,5,1,1,2,2,0
48023,2020,7,1,1,2,2,0
48023,2020,8,1,1,2,2,0
48023,2020,10,1,1,2,2,0
48023,2021,10,1,1,3,3,0
48023,2021,12,3,3,5,10,0
48023,2022,3,1,1,3,3,0
48023,2022,5,3,3,3,8,0
48023,2022,6,1,1,2,2,0
48023,2022,7,2,2,3,5,0
48023,2022,8,1,1,2,2,0
48023,2023,1,2,2,2,4,0
48023,2023,6,2,2,5,7,0
48023,2023,7,2,2,3,5,0
48023,2023,8,4,4,7,20,0
48023,2023,9,1,1,9,9,0
48023,2023,10,1,1,2,2,0
48023,2023,11,1,1,3,3,0
48023,2024,2,2,2,4,6,0
48023,2024,6,1,1,2,2,0
48023,2024,8,2,2,9,11,0
48023,2024,10,3,3,5,10,0
48023,2025,2,1,1,2,2,0
48023,2025,3,1,1,2,2,0
48023,2025,10,1,1,3,3,0
48023,2025,11,2,2,6,8,0
48023,2025,12,1,1,6,6,0
48025,2015,12,2,2,2,4,0
48025,2016,3,1,1,2,2,0
48025,2016,10,1,1,2,2,0
48025,2016,11,1,1,3,3,0
48025,2017,1,2,2,3,5,0
48025,2017,2,3,3,4,8,0
48025,2017,4,1,1,2,2,0
48025,2017,7,1,1,2,2,0
48025,2017,11,1,1,6,6,0
48025,2017,12,1,1,2,2,0
48025,2018,5,2,2,5,8,0
48025,2018,6,2,2,2,4,0
48025,2018,11,1,1,2,2,0
48025,2019,10,2,2,2,4,0
48025,2019,12,1,1,2,2,0
48025,2020,1,1,1,2,2,0
48025,2020,3,2,2,3,6,0
48025,2020,4,1,1,2,2,0
48025,2020,7,1,1,2,2,0
48025,2020,9,1,1,4,4,0
48025,2020,10,1,1,2,2,0
48025,2021,3,1,1,2,2,0
48025,2021,12,2,2,2,4,0
48025,2022,1,1,1,2,2,0
48025,2022,2,1,1,2,2,0
48025,2022,3,1,1,2,2,0
48025,2022,5,2,2,3,6,0
48025,2022,6,3,3,2,6,0
48025,2022,7,1,1,2,2,0
48025,2022,12,1,1,2,2,0
48025,2023,1,1,1,2,2,0
48025,2023,2,1,1,3,3,0
48025,2023,3,4,4,3,10,0
48025,2023,6,2,2,6,9,0
48025,2023,7,1,1,14,14,0
48025,2023,8,4,4,8,16,0
48025,2023,9,4,4,5,16,0
48025,2023,10,1,1,2,2,0
48025,2023,11,1,1,2,2,0
48025,2024,2,1,1,2,2,0
48025,2024,5,1,1,4,4,4
48025,2024,6,1,1,2,2,0
48025,2024,8,1,1,2,2,0
48025,2024,10,1,1,3,3,0
48025,2024,11,2,2,3,5,0
48025,2025,2,1,1,2,2,0
48025,2025,3,3,3,3,7,0
48025,2025,4,1,1,2,2,0
48025,2025,5,2,2,3,5,0
48025,2025,9,1,1,2,2,0
48025,2025,10,2,2,2,4,0
48027,2015,8,1,1,2,2,0
48027,2015,10,1,1,5,5,0
48027,2015,12,1,1,2,2,0
48027,2016,1,1,1,2,2,0
48027,2016,3,1,1,2,2,0
48027,2016,11,1,1,2,2,0
48027,2016,12,1,1,3,3,0
48027,2017,1,1,1,2,2,0
48027,2017,2,1,1,2,2,0
48027,2017,11,1,1,5,5,0
48027,2018,5,1,1,6,6,0
48027,2018,7,1,1,8,8,0
48027,2019,9,1,1,2,2,0
48027,2019,10,2,2,6,8,0
48027,2020,3,1,1,2,2,0
48027,2020,7,1,1,4,4,0
48027,2020,8,2,2,4,6,0
48027,2021,12,3,3,5,8,0
48027,2022,1,0,1,5,1,0
48027,2022,3,1,1,4,4,0
48027,2022,5,2,2,5,7,0
48027,2022,6,3,3,4,11,0
48027,2022,7,2,2,6,10,0
48027,2022,12,1,1,5,5,0
48027,2023,1,3,3,2,6,0
48027,2023,2,1,1,3,3,0
48027,2023,6,2,2,6,10,0
48027,2023,7,3,3,15,13,0
48027,2023,8,2,3,15,23,0
48027,2023,9,2,2,9,11,0
48027,2023,10,2,2,2,4,0
48027,2024,2,1,1,3,3,0
48027,2024,5,1,1,3,3,0
48027,2024,8,1,1,4,4,0
48027,2024,10,2,2,6,10,0
48027,2024,11,1,1,2,2,0
48027,2024,12,2,2,4,6,0
48027,2025,2,2,2,3,6,0
48027,2025,3,3,3,4,10,0
48027,2025,4,1,1,2,2,0
48027,2025,5,2,2,3,5,0
48027,2025,11,2,2,4,6,0
48027,2025,12,2,2,3,6,0
48029,2015,1,1,1,2,2,0
48029,2015,8,1,1,4,4,0
48029,2015,9,1,1,4,4,0
48029,2015,10,1,1,5,5,0
48029,2015,12,1,1,2,2,0
48029,2016,3,1,1,2,2,0
48029,2016,7,1,1,2,2,0
48029,2016,11,2,2,3,5,0
48029,2016,12,1,1,4,4,0
48029,2017,1,3,3,4,8,0
48029,2017,2,3,4,4,9,0
48029,2017,7,1,1,3,3,0
48029,2017,11,2,2,6,8,0
48029,2017,12,1,1,3,3,0
48029,2018,3,1,1,2,2,0
48029,2018,5,2,2,6,8,0
48029,2018,7,1,1,3,3,0
48029,2019,9,1,1,2,2,0
48029,2019,10,1,1,6,6,0
48029,2019,12,1,1,3,3,0
48029,2020,3,1,1,4,4,0
48029,2020,7,1,1,4,4,0
48029,2020,8,1,1,2,2,0
48029,2020,10,1,1,3,3,0
48029,2021,4,1,1,2,2,0
48029,2021,12,2,2,4,6,0
48029,2022,1,0,1,4,1,0
48029,2022,2,1,1,2,2,0
48029,2022,3,1,1,4,4,0
48029,2022,5,3,3,4,9,0
48029,2022,6,3,3,4,9,0
48029,2022,7,2,2,5,7,0
48029,2022,8,1,1,2,2,0
48029,2022,12,1,1,3,3,0
48029,2023,1,3,3,4,8,0
48029,2023,2,2,2,3,4,0
48029,2023,3,0,1,3,1,0
48029,2023,6,2,2,6,10,0
48029,2023,7,1,1,11,11,0
48029,2023,8,2,2,18,21,0
48029,2023,9,2,2,10,12,0
48029,2023,10,2,2,2,4,0
48029,2024,2,1,1,3,3,0
48029,2024,5,1,1,5,5,0
48029,2024,8,1,1,4,4,0
48029,2024,10,3,3,7,13,0
48029,2024,11,2,2,2,4,0
48029,2024,12,2,2,4,6,0
48029,2025,2,1,1,3,3,0
48029,2025,3,2,2,3,6,0
48029,2025,5,3,3,5,10,0
48029,2025,10,2,2,3,5,0
48029,2025,11,2,2,6,8,0
48029,2025,12,2,2,3,5,0
48031,2015,1,1,1,3,3,0
48031,2015,8,1,1,4,4,0
48031,2015,10,2,2,5,7,0
48031,2016,3,1,1,2,2,0
48031,2017,1,1,1,2,2,0
48031,2017,2,1,1,2,2,0
48031,2017,7,1,1,2,2,0
48031,2017,11,1,1,6,6,0
48031,2018,7,1,1,6,6,0
48031,2019,10,1,1,6,6,0
48031,2019,12,1,1,2,2,0
48031,2020,3,1,1,2,2,0
48031,2020,7,1,1,3,3,0
48031,2020,8,1,1,3,3,1
48031,2020,12,1,1,2,2,2
48031,2021,12,3,3,4,7,0
48031,2022,1,0,1,4,2,0
48031,2022,2,1,1,2,2,0
48031,2022,3,1,1,4,4,0
48031,2022,4,1,1,2,2,0
48031,2022,5,3,3,8,16,0
48031,2022,6,2,2,11,21,0
48031,2022,7,2,2,9,12,0
48031,2022,8,3,3,4,8,0
48031,2022,9,1,1,2,2,0
48031,2022,10,1,1,2,2,0
48031,2022,11,1,1,2,2,0
48031,2022,12,1,1,3,3,0
48031,2023,1,3,3,3,7,0
48031,2023,2,2,2,3,5,0
48031,2023,3,0,1,3,1,0
48031,2023,6,2,2,6,10,0
48031,2023,7,2,2,23,20,0
48031,2023,8,2,3,23,26,0
48031,2023,9,2,3,11,14,0
48031,2023,10,2,2,3,5,0
48031,2024,2,1,1,3,3,3
48031,2024,3,1,1,2,2,0
48031,2024,5,1,1,3,3,3
48031,2024,8,1,1,5,5,0
48031,2024,10,1,1,14,14,0
48031,2024,11,3,3,4,8,0
48031,2024,12,2,2,5,9,0
48031,2025,2,1,1,3,3,0
48031,2025,3,2,2,4,7,7
48031,2025,5,2,2,5,9,9
48031,2025,10,1,1,3,3,3
48031,2025,11,2,2,6,9,9
48031,2025,12,2,2,3,5,5
48033,2015,3,1,1,2,2,0
48033,2016,2,1,1,3,3,0
48033,2016,10,1,1,2,2,0
48033,2016,11,1,1,2,2,1
48033,2016,12,1,1,2,2,0
48033,2017,2,2,2,2,4,1
48033,2017,3,1,1,3,3,0
48033,2017,9,1,1,2,2,1
48033,2017,11,1,1,2,2,0
48033,2018,5,2,2,4,5,0
48033,2018,6,1,2,4,3,0
48033,2018,7,1,1,5,5,3
48033,2019,8,3,3,4,8,0
48033,2020,3,1,1,2,2,0
48033,2020,7,1,1,5,5,0
48033,2020,8,1,1,5,5,1
48033,2020,10,1,1,2,2,0
48033,2020,11,1,1,2,2,0
48033,2021,10,1,1,4,4,0
48033,2021,11,1,1,2,2,0
48033,2021,12,4,4,3,9,0
48033,2022,3,1,1,4,4,0
48033,2022,4,1,1,2,2,0
48033,2022,5,2,2,4,6,0
48033,2022,6,1,1,2,2,0
48033,2022,7,1,1,2,2,0
48033,2022,8,1,1,2,2,1
48033,2023,6,3,3,3,7,2
48033,2023,7,2,2,4,7,1
48033,2023,8,3,3,6,11,0
48033,2023,9,2,2,9,11,5
48033,2023,11,1,1,3,3,0
48033,2024,2,2,2,2,4,1
48033,2024,8,2,2,9,11,11
48033,2024,10,1,1,5,5,1
48033,2025,2,3,3,3,7,2
48033,2025,3,1,1,2,2,1
48033,2025,4,1,1,2,2,0
48033,2025,10,1,1,2,2,0
48033,2025,11,2,2,2,4,2
48033,2025,12,1,1,6,6,1
48035,2015,8,1,1,3,3,0
48035,2015,10,1,1,2,2,0
48035,2016,11,1,1,2,2,0
48035,2016,12,1,1,2,2,0
48035,2017,2,2,2,3,5,2
48035,2017,11,1,1,2,2,1
48035,2018,3,1,1,2,2,0
48035,2018,5,1,1,2,2,2
48035,2018,7,1,1,7,7,4
48035,2019,10,2,2,3,5,1
48035,2020,3,1,1,2,2,1
48035,2020,12,1,1,2,2,1
48035,2021,12,3,3,7,12,10
48035,2022,3,1,1,2,2,1
48035,2022,5,1,1,3,3,3
48035,2022,6,2,2,4,7,5
48035,2022,7,2,2,6,10,2
48035,2023,1,1,1,3,3,2
48035,2023,2,1,1,3,3,0
48035,2023,6,2,2,5,8,2
48035,2023,7,3,3,16,9,2
48035,2023,8,2,3,16,24,12
48035,2023,9,1,1,7,7,4
48035,2023,10,1,1,3,3,0
48035,2023,11,1,1,2,2,2
48035,2024,2,2,2,3,5,5
48035,2024,10,1,1,2,2,2
48035,2025,2,1,1,2,2,2
48035,2025,3,2,2,3,5,5
48035,2025,11,1,1,4,4,4
48035,2025,12,1,1,6,6,6
48037,2015,1,1,1,2,2,0
48037,2015,8,1,1,2,2,0
48037,2015,10,2,2,5,7,0
48037,2015,12,2,2,6,9,0
48037,2016,1,1,1,3,2,0
48037,2016,2,1,2,3,3,0
48037,2016,3,1,1,2,2,0
48037,2016,7,1,1,2,2,0
48037,2016,10,1,1,2,2,0
48037,2016,11,2,2,3,5,0
48037,2016,12,1,1,2,2,0
48037,2017,1,2,2,3,4,0
48037,2017,2,1,2,2,3,0
48037,2017,3,1,1,4,4,0
48037,2017,10,1,1,2,2,0
48037,2017,11,1,1,4,4,0
48037,2017,12,1,1,2,2,0
48037,2018,5,3,3,6,10,0
48037,2018,7,1,1,3,3,0
48037,2018,10,1,1,2,2,0
48037,2019,9,2,2,5,7,0
48037,2019,10,1,1,3,3,0
48037,2020,3,1,1,4,4,0
48037,2021,10,1,1,2,2,0
48037,2021,12,3,3,6,12,0
48037,2022,1,1,1,2,2,0
48037,2022,5,1,1,2,2,0
48037,2022,6,1,1,5,5,0
48037,2022,7,3,3,4,8,0
48037,2022,12,1,1,2,2,0
48037,2023,1,3,3,2,6,0
48037,2023,2,1,1,2,2,0
48037,2023,8,2,2,4,6,0
48037,2023,9,1,1,2,2,0
48037,2023,10,1,1,2,2,0
48037,2023,11,1,1,3,3,0
48037,2024,2,2,2,4,7,0
48037,2024,10,2,2,2,4,0
48037,2024,12,1,1,2,2,0
48037,2025,3,1,1,2,2,0
48037,2025,4,1,1,2,2,0
48037,2025,10,1,1,2,2,0
48037,2025,11,2,2,3,5,0
48037,2025,12,2,2,3,5,0
48039,2015,7,1,1,5,3,0
48039,2015,8,1,2,5,7,0
48039,2015,10,1,1,3,3,0
48039,2015,11,1,1,2,2,0
48039,2015,12,2,2,4,7,0
48039,2016,2,1,1,2,2,0
48039,2016,3,1,1,2,2,0
48039,2016,6,1,1,3,3,0
48039,2016,7,1,1,3,3,0
48039,2016,8,1,1,5,5,0
48039,2016,9,2,2,4,6,0
48039,2016,10,2,2,5,9,0
48039,2016,11,2,2,5,7,0
48039,2016,12,1,1,5,5,0
48039,2017,1,5,5,3,12,0
48039,2017,2,5,5,3,12,0
48039,2017,3,2,3,6,12,0
48039,2017,4,1,1,2,2,0
48039,2017,10,2,2,3,5,0
48039,2017,11,2,2,6,8,0
48039,2017,12,1,1,3,3,0
48039,2018,2,2,2,4,6,0
48039,2018,3,1,1,3,3,0
48039,2018,5,2,2,6,9,0
48039,2018,8,1,1,2,2,0
48039,2018,10,1,1,3,3,0
48039,2018,11,1,1,2,2,0
48039,2018,12,1,1,2,2,0
48039,2019,6,1,1,3,3,0
48039,2019,9,1,1,3,3,0
48039,2019,10,1,1,5,5,0
48039,2020,1,1,1,2,2,0
48039,2020,3,2,2,6,9,0
48039,2020,4,2,2,3,6,0
48039,2020,9,1,1,2,2,0
48039,2020,11,1,1,2,2,0
48039,2021,6,1,1,2,2,0
48039,2021,12,4,4,5,11,0
48039,2022,1,0,1,5,1,0
48039,2022,3,1,1,2,2,0
48039,2022,5,1,1,3,3,0
48039,2022,6,2,2,5,7,0
48039,2022,7,1,1,4,4,0
48039,2022,9,1,1,2,2,0
48039,2022,10,1,1,2,2,0
48039,2022,11,1,1,2,2,0
48039,2022,12,1,1,5,5,0
48039,2023,1,3,3,7,11,0
48039,2023,2,1,1,9,9,0
48039,2023,3,3,3,4,8,0
48039,2023,6,2,2,3,5,0
48039,2023,7,2,2,3,3,0
48039,2023,8,3,4,8,21,0
48039,2023,9,1,1,12,12,0
48039,2023,10,1,1,2,2,0
48039,2024,5,1,1,2,2,0
48039,2024,8,1,1,3,3,0
48039,2024,10,2,2,2,4,0
48039,2024,11,2,2,3,5,0
48039,2024,12,1,1,5,5,0
48039,2025,2,1,1,7,7,0
48039,2025,3,1,1,2,2,0
48039,2025,10,2,2,2,4,0
48039,2025,11,1,1,2,2,0
48039,2025,12,3,3,2,6,0
48041,2015,1,1,1,2,2,0
48041,2015,8,1,1,3,3,0
48041,2015,10,1,1,5,5,0
48041,2016,11,1,1,3,3,0
48041,2016,12,1,1,2,2,0
48041,2017,1,1,1,4,4,0
48041,2017,2,4,4,2,8,0
48041,2017,4,1,1,2,2,0
48041,2017,11,1,1,4,4,0
48041,2019,10,2,2,6,8,0
48041,2020,3,1,1,4,4,0
48041,2021,12,4,4,7,13,0
48041,2022,1,0,1,7,1,0
48041,2022,2,1,1,2,2,0
48041,2022,3,1,1,3,3,0
48041,2022,5,3,3,4,8,0
48041,2022,6,2,2,9,11,0
48041,2022,7,4,4,8,21,0
48041,2022,8,1,1,3,3,0
48041,2022,10,1,1,2,2,0
48041,2022,11,2,2,2,4,0
48041,2022,12,1,1,5,5,0
48041,2023,1,2,2,2,4,0
48041,2023,2,1,1,4,4,0
48041,2023,3,1,1,2,2,0
48041,2023,6,1,1,3,3,0
48041,2023,7,4,4,29,12,0
48041,2023,8,0,1,29,27,0
48041,2023,9,3,3,10,15,0
48041,2023,10,1,2,3,4,0
48041,2023,11,1,1,2,2,0
48041,2024,3,1,1,2,2,0
48041,2024,10,2,2,7,11,0
48041,2024,11,3,3,3,7,0
48041,2024,12,1,1,3,3,0
48041,2025,2,1,1,2,2,0
48041,2025,3,2,2,3,6,0
48041,2025,5,2,2,3,6,0
48041,2025,10,2,2,2,4,0
48041,2025,12,1,1,3,3,0
48043,2015,8,1,1,6,6,0
48043,2015,9,1,1,2,2,0
48043,2015,11,1,1,2,2,0
48043,2015,12,1,1,2,2,0
48043,2016,2,1,1,4,4,0
48043,2016,7,2,2,4,8,0
48043,2016,10,1,1,4,4,0
48043,2016,11,1,1,2,2,0
48043,2017,1,1,1,3,3,0
48043,2017,2,1,1,2,2,0
48043,2017,3,2,2,5,7,0
48043,2017,6,2,2,2,3,0
48043,2017,7,0,1,2,1,0
48043,2017,11,2,2,5,7,0
48043,2018,3,1,1,3,3,0
48043,2018,5,1,1,7,5,0
48043,2018,6,0,1,7,2,0
48043,2019,8,4,4,9,16,0
48043,2020,3,1,1,4,4,0
48043,2020,7,1,1,8,8,0
48043,2020,8,3,3,5,10,0
48043,2020,9,0,1,4,1,0
48043,2020,10,1,1,2,2,0
48043,2021,6,1,1,5,5,0
48043,2021,10,1,1,3,3,0
48043,2021,12,4,4,5,15,0
48043,2022,3,1,1,3,3,0
48043,2022,4,1,1,3,3,0
48043,2022,5,2,2,3,5,0
48043,2022,6,1,1,2,2,0
48043,2022,7,1,1,2,2,0
48043,2022,8,1,1,2,2,0
48043,2023,6,1,1,9,9,0
48043,2023,7,2,2,7,10,0
48043,2023,8,1,1,10,10,0
48043,2023,9,2,2,8,13,0
48043,2023,11,1,1,2,2,0
48043,2024,2,2,2,3,5,0
48043,2024,5,2,2,3,6,0
48043,2024,8,1,1,2,2,0
48043,2024,9,1,1,2,2,0
48043,2024,11,1,1,2,2,0
48043,2025,2,2,2,6,8,0
48043,2025,4,1,1,4,4,0
48043,2025,8,1,1,2,2,0
48043,2025,11,2,2,5,9,0
48043,2025,12,1,1,10,10,0
48045,2015,1,1,1,2,2,0
48045,2015,2,1,1,3,3,0
48045,2015,10,1,1,2,2,0
48045,2016,1,1,1,2,2,0
48045,2016,2,1,1,3,3,0
48045,2016,7,1,1,2,2,0
48045,2016,10,1,1,3,3,0
48045,2016,11,1,1,2,2,0
48045,2017,2,2,2,2,4,0
48045,2017,3,1,1,2,2,0
48045,2018,1,1,1,2,2,0
48045,2018,3,1,1,2,2,0
48045,2018,4,1,1,2,2,0
48045,2018,5,1,1,2,2,0
48045,2018,7,1,1,5,5,0
48045,2019,7,1,1,3,3,0
48045,2019,8,3,3,5,12,0
48045,2020,3,1,1,2,2,0
48045,2020,7,3,3,4,8,0
48045,2020,9,1,1,2,2,0
48045,2020,10,2,2,3,5,0
48045,2020,12,1,1,2,2,0
48045,2021,4,1,1,2,2,0
48045,2021,9,1,1,3,3,0
48045,2021,10,1,1,3,3,0
48045,2021,11,2,2,2,4,0
48045,2021,12,3,3,2,6,0
48045,2022,3,1,1,2,2,0
48045,2022,4,2,2,2,4,0
48045,2022,5,2,2,4,6,0
48045,2022,6,1,1,2,2,0
48045,2022,7,2,2,3,6,0
48045,2022,8,1,1,5,5,0
48045,2023,6,1,1,2,2,0
48045,2023,7,1,1,2,2,0
48045,2023,8,3,3,4,11,0
48045,2023,9,2,2,5,7,0
48045,2023,11,1,1,3,3,0
48045,2024,2,2,2,3,5,0
48045,2024,7,1,1,2,2,0
48045,2024,8,3,3,15,20,0
48045,2024,9,2,2,2,4,0
48045,2024,10,2,2,5,7,0
48045,2025,2,1,1,2,2,0
48045,2025,3,2,2,2,4,0
48045,2025,4,1,1,2,2,0
48045,2025,7,1,1,2,2,0
48045,2025,8,1,1,4,4,0
48045,2025,9,1,1,2,2,0
48045,2025,10,1,1,3,3,0
48045,2025,11,2,2,3,5,0
48045,2025,12,1,1,6,6,0
48047,2016,2,1,1,2,2,2
48047,2016,3,1,1,2,2,0
48047,2016,10,1,1,2,2,0
48047,2016,11,1,1,4,4,0
48047,2017,2,3,3,3,6,3
48047,2017,3,0,1,2,1,0
48047,2017,4,1,1,2,2,0
48047,2017,11,1,1,2,2,2
48047,2018,5,1,1,2,2,0
48047,2019,8,1,1,2,2,0
48047,2019,12,1,1,2,2,0
48047,2020,3,1,1,2,2,1
48047,2022,3,1,1,2,2,1
48047,2023,6,2,2,4,7,7
48047,2023,8,2,2,2,4,4
48047,2023,9,1,1,6,6,6
48047,2025,3,1,1,2,2,2
48049,2015,1,1,1,2,2,0
48049,2015,3,2,2,2,4,0
48049,2015,8,1,1,7,7,0
48049,2015,9,1,1,2,2,0
48049,2015,10,2,2,2,4,0
48049,2016,11,1,1,4,4,0
48049,2017,2,1,1,2,2,0
48049,2017,3,1,1,2,2,0
48049,2017,11,2,2,2,4,0
48049,2018,3,1,1,3,3,0
48049,2018,4,1,1,2,2,0
48049,2018,5,1,1,6,6,0
48049,2018,6,2,2,3,5,0
48049,2018,7,3,3,7,12,0
48049,2019,10,2,2,4,6,0
48049,2020,10,1,1,3,3,0
48049,2021,12,4,4,4,11,0
48049,2022,3,1,1,4,4,0
48049,2022,5,2,2,7,11,0
48049,2022,6,1,1,4,4,0
48049,2022,7,3,3,3,8,0
48049,2022,11,1,1,2,2,0
48049,2023,1,2,2,2,4,0
48049,2023,2,1,1,2,2,0
48049,2023,6,1,1,4,4,0
48049,2023,7,2,2,4,7,0
48049,2023,8,2,2,10,14,0
48049,2023,9,1,1,10,10,0
48049,2023,10,1,1,2,2,0
48049,2023,11,1,1,2,2,0
48049,2024,2,1,1,8,8,0
48049,2024,3,1,1,2,2,0
48049,2024,8,1,1,4,4,0
48049,2024,10,1,1,2,2,0
48049,2025,2,2,2,4,7,0
48049,2025,3,2,2,2,4,0
48049,2025,11,2,2,4,6,0
48049,2025,12,1,1,2,2,0
48051,2015,1,1,1,2,2,0
48051,2015,2,1,1,2,2,0
48051,2015,8,1,1,2,2,0
48051,2015,10,1,1,5,5,0
48051,2015,12,1,1,4,4,0
48051,2016,3,1,1,3,3,0
48051,2016,10,2,2,2,4,0
48051,2016,11,2,2,3,5,0
48051,2016,12,1,1,4,4,1
48051,2017,1,1,1,3,3,0
48051,2017,2,3,3,2,6,6
48051,2017,3,2,2,4,7,0
48051,2017,7,1,1,2,2,0
48051,2017,11,1,1,5,5,2
48051,2017,12,1,1,2,2,0
48051,2018,5,2,2,5,7,2
48051,2018,7,1,1,2,2,0
48051,2018,11,1,1,2,2,0
48051,2019,8,1,1,2,2,0
48051,2019,9,2,2,9,11,0
48051,2019,10,3,3,7,11,0
48051,2019,11,1,1,2,2,0
48051,2020,3,1,1,3,3,0
48051,2021,12,3,3,7,11,4
48051,2022,1,0,1,7,1,1
48051,2022,3,1,1,3,3,2
48051,2022,5,3,3,3,7,2
48051,2022,6,1,1,3,3,1
48051,2022,7,2,2,4,6,0
48051,2023,1,1,1,2,2,2
48051,2023,2,2,2,3,5,1
48051,2023,3,1,1,2,2,0
48051,2023,6,1,1,2,2,0
48051,2023,8,3,3,4,12,0
48051,2023,9,1,1,8,8,8
48051,2023,10,1,1,2,2,2
48051,2024,2,1,1,3,3,1
48051,2024,5,1,1,4,4,0
48051,2024,10,2,2,3,5,2
48051,2024,11,1,1,2,2,1
48051,2024,12,1,1,2,2,0
48051,2025,2,1,1,4,4,0
48051,2025,3,1,1,3,3,0
48051,2025,5,1,1,2,2,0
48051,2025,11,1,1,2,2,0
48051,2025,12,2,2,3,5,4
48053,2015,1,1,1,2,2,0
48053,2015,3,1,1,2,2,0
48053,2015,7,1,1,2,2,0
48053,2015,8,1,1,5,5,0
48053,2015,10,1,1,5,5,0
48053,2016,1,1,1,2,2,0
48053,2016,3,1,1,2,2,0
48053,2016,11,1,1,2,2,0
48053,2017,2,1,1,2,2,0
48053,2017,7,1,1,2,2,0
48053,2017,11,1,1,5,5,0
48053,2018,3,1,1,2,2,0
48053,2018,5,1,1,6,6,0
48053,2018,7,1,1,8,8,0
48053,2019,8,1,1,2,2,0
48053,2019,9,1,1,2,2,0
48053,2019,10,1,1,6,6,0
48053,2020,3,1,1,3,3,0
48053,2020,4,1,1,2,2,0
48053,2020,5,1,1,2,2,0
48053,2020,7,2,2,5,7,0
48053,2020,8,1,1,4,4,0
48053,2020,12,1,1,2,2,0
48053,2021,12,3,3,4,7,0
48053,2022,1,0,1,4,1,0
48053,2022,3,1,1,3,3,0
48053,2022,5,3,3,9,15,0
48053,2022,6,3,3,5,11,0
48053,2022,7,2,2,7,12,0
48053,2022,8,1,1,2,2,0
48053,2022,12,1,1,3,3,0
48053,2023,1,2,2,2,4,0
48053,2023,2,2,2,2,3,0
48053,2023,3,0,1,2,1,0
48053,2023,4,1,1,2,2,0
48053,2023,6,2,2,6,11,0
48053,2023,7,2,2,23,20,0
48053,2023,8,1,2,23,25,0
48053,2023,9,1,1,10,10,0
48053,2023,10,2,2,2,4,0
48053,2023,11,1,1,2,2,0
48053,2024,2,1,1,3,3,0
48053,2024,3,1,1,2,2,0
48053,2024,8,1,1,4,4,0
48053,2024,10,1,1,15,15,0
48053,2024,12,1,1,4,4,0
48053,2025,2,2,2,2,4,0
48053,2025,3,2,2,4,7,0
48053,2025,4,1,1,2,2,0
48053,2025,5,2,2,5,9,0
48053,2025,10,1,1,3,3,0
48053,2025,11,2,2,4,7,0
48053,2025,12,2,2,3,5,0
48055,2015,1,1,1,2,2,0
48055,2015,8,1,1,5,5,0
48055,2015,10,1,1,6,6,0
48055,2015,12,1,1,2,2,0
48055,2016,3,1,1,2,2,0
48055,2016,8,1,1,2,2,0
48055,2016,10,1,1,2,2,0
48055,2016,11,2,2,3,5,0
48055,2016,12,1,1,2,2,0
48055,2017,1,1,1,4,4,0
48055,2017,2,3,3,3,7,0
48055,2017,4,1,1,2,2,0
48055,2017,6,1,1,2,2,0
48055,2017,7,2,2,3,5,0
48055,2017,11,2,2,2,4,0
48055,2018,3,1,1,2,2,0
48055,2018,5,2,2,6,8,0
48055,2018,6,1,1,2,2,0
48055,2018,7,1,1,4,4,0
48055,2018,9,1,1,2,2,0
48055,2019,8,2,2,7,11,0
48055,2019,9,2,2,5,7,0
48055,2019,10,4,4,6,12,0
48055,2020,1,1,1,2,2,0
48055,2020,3,2,2,5,9,0
48055,2020,4,1,1,2,2,0
48055,2020,5,1,1,2,2,0
48055,2020,7,1,1,5,5,0
48055,2020,8,2,2,11,13,0
48055,2020,10,1,1,2,2,0
48055,2021,3,1,1,2,2,0
48055,2021,4,1,1,2,2,0
48055,2021,12,3,3,4,7,0
48055,2022,1,0,1,4,1,0
48055,2022,2,1,1,2,2,0
48055,2022,3,1,1,4,4,0
48055,2022,4,1,1,2,2,0
48055,2022,5,3,3,8,18,0
48055,2022,6,3,3,10,17,0
48055,2022,7,4,4,7,20,0
48055,2022,8,1,1,3,3,0
48055,2022,10,1,1,2,2,0
48055,2022,11,1,1,2,2,0
48055,2022,12,1,1,5,5,0
48055,2023,1,3,3,2,6,0
48055,2023,2,2,2,3,4,0
48055,2023,3,0,1,3,1,0
48055,2023,6,2,2,4,8,0
48055,2023,7,2,2,22,12,0
48055,2023,8,2,3,22,27,0
48055,2023,9,1,2,12,14,0
48055,2023,10,2,2,4,6,0
48055,2024,5,2,2,4,7,0
48055,2024,8,1,1,3,3,0
48055,2024,10,2,2,10,14,0
48055,2024,11,1,1,3,3,0
48055,2024,12,2,2,2,4,0
48055,2025,3,1,1,3,3,0
48055,2025,4,1,1,2,2,0
48055,2025,5,3,3,6,11,0
48055,2025,9,1,1,3,3,0
48055,2025,10,2,2,11,13,0
48055,2025,11,2,2,8,10,0
48055,2025,12,2,2,3,6,0
48057,2015,1,1,1,3,3,0
48057,2015,7,1,1,2,1,0
48057,2015,8,0,1,2,1,0
48057,2015,10,1,1,2,2,0
48057,2015,12,1,1,2,2,0
48057,2016,11,1,1,5,5,0
48057,2017,1,2,2,4,6,0
48057,2017,2,4,4,4,10,0
48057,2017,3,1,2,5,6,0
48057,2017,6,1,1,2,2,0
48057,2017,11,1,1,2,2,0
48057,2018,5,2,2,6,8,0
48057,2018,12,1,1,2,2,0
48057,2019,4,1,1,2,2,0
48057,2019,6,1,1,2,2,0
48057,2019,7,1,1,2,2,0
48057,2019,10,2,2,2,4,0
48057,2020,3,2,2,5,7,0
48057,2020,4,2,2,3,5,0
48057,2020,5,2,2,2,4,0
48057,2020,6,1,1,2,2,0
48057,2020,8,1,1,2,2,0
48057,2021,1,1,1,2,2,0
48057,2021,12,5,5,6,17,0
48057,2022,1,1,2,2,3,0
48057,2022,5,1,1,2,2,0
48057,2022,7,1,1,2,2,0
48057,2022,12,1,1,7,7,0
48057,2023,1,2,2,5,8,0
48057,2023,2,1,1,7,7,0
48057,2023,3,3,3,3,8,0
48057,2023,6,1,1,2,2,0
48057,2023,7,2,2,3,5,0
48057,2023,8,3,3,16,10,0
48057,2023,9,2,3,16,15,0
48057,2023,10,1,1,2,2,0
48057,2024,5,1,1,11,11,0
48057,2024,8,1,1,4,4,0
48057,2024,10,3,3,3,8,0
48057,2024,11,3,3,5,12,0
48057,2024,12,2,2,5,7,0
48057,2025,2,1,1,6,6,0
48057,2025,3,2,2,3,5,0
48057,2025,5,1,1,3,3,0
48057,2025,7,1,1,2,2,0
48057,2025,9,1,1,3,3,0
48057,2025,10,3,3,3,8,0
48057,2025,11,2,2,3,6,0
48057,2025,12,2,2,4,7,0
48059,2015,1,1,1,2,2,0
48059,2015,3,1,1,2,2,0
48059,2015,9,1,1,2,2,0
48059,2015,10,1,1,5,5,0
48059,2015,12,1,1,2,2,0
48059,2016,2,1,1,2,2,0
48059,2016,11,1,1,2,2,0
48059,2017,2,1,1,2,2,0
48059,2017,3,1,1,4,4,0
48059,2017,9,1,1,2,2,0
48059,2017,12,1,1,2,2,0
48059,2018,5,1,1,8,6,0
48059,2018,6,1,2,8,4,0
48059,2018,7,1,1,5,5,0
48059,2019,8,1,1,2,2,0
48059,2019,10,1,1,3,3,0
48059,2020,3,1,1,2,2,0
48059,2020,5,2,2,2,4,0
48059,2020,7,1,1,3,3,0
48059,2020,8,1,1,4,4,0
48059,2020,12,1,1,2,2,0
48059,2021,10,1,1,3,3,0
48059,2021,12,4,4,7,16,0
48059,2022,3,1,1,4,4,0
48059,2022,5,3,3,8,14,0
48059,2022,6,2,2,3,5,0
48059,2022,7,2,2,7,10,0
48059,2023,1,2,2,2,4,0
48059,2023,2,1,1,2,2,0
48059,2023,6,2,2,5,7,0
48059,2023,7,2,2,3,5,0
48059,2023,8,3,3,10,17,0
48059,2023,9,1,1,10,10,0
48059,2023,11,1,1,4,4,0
48059,2024,2,2,2,4,6,0
48059,2024,8,2,2,7,9,0
48059,2024,10,1,1,5,5,0
48059,2025,2,1,1,3,3,0
48059,2025,3,1,1,2,2,0
48059,2025,9,1,1,2,2,0
48059,2025,10,1,1,3,3,0
48059,2025,11,2,2,5,7,0
48059,2025,12,1,1,7,7,0
48061,2015,10,1,1,3,3,0
48061,2015,11,1,1,3,3,0
48061,2015,12,1,1,5,5,0
48061,2016,3,1,1,3,3,0
48061,2016,8,1,1,5,5,0
48061,2016,9,3,3,4,9,0
48061,2016,10,2,2,5,9,0
48061,2016,11,1,1,6,6,0
48061,2017,1,4,4,2,8,0
48061,2017,2,5,5,4,14,0
48061,2017,3,0,1,3,1,0
48061,2017,4,2,2,2,4,0
48061,2017,5,1,1,3,3,0
48061,2017,6,2,2,4,6,0
48061,2017,10,1,1,2,2,0
48061,2017,11,1,1,7,7,0
48061,2017,12,2,2,4,6,0
48061,2018,2,3,3,5,10,0
48061,2018,3,3,3,4,9,0
48061,2018,5,2,2,13,10,0
48061,2018,6,0,1,13,6,0
48061,2018,7,3,3,3,8,0
48061,2018,8,1,1,2,2,0
48061,2018,9,1,1,3,3,0
48061,2018,11,1,1,4,4,0
48061,2019,6,2,2,3,5,0
48061,2019,7,1,1,4,4,0
48061,2019,8,4,4,5,12,0
48061,2019,10,1,1,3,3,0
48061,2019,12,1,1,3,3,0
48061,2020,1,1,1,2,2,0
48061,2020,3,2,2,9,11,0
48061,2020,4,2,2,3,5,0
48061,2020,5,2,2,2,4,0
48061,2020,7,1,1,3,3,0
48061,2020,8,2,2,4,4,0
48061,2020,9,0,1,4,3,0
48061,2020,10,1,1,2,2,0
48061,2020,11,1,1,2,2,0
48061,2021,1,1,1,2,2,0
48061,2021,9,1,1,7,7,0
48061,2021,12,3,3,5,10,0
48061,2022,1,0,1,5,1,0
48061,2022,4,1,1,2,2,0
48061,2022,5,1,1,2,2,0
48061,2022,6,1,1,2,2,0
48061,2022,7,2,2,5,7,0
48061,2023,1,4,4,3,10,0
48061,2023,2,1,1,9,7,0
48061,2023,3,2,3,9,6,0
48061,2023,6,1,1,15,13,0
48061,2023,7,3,4,21,14,0
48061,2023,8,2,3,21,24,0
48061,2023,9,2,3,14,20,0
48061,2023,10,1,1,5,5,0
48061,2024,5,2,2,13,16,0
48061,2024,6,1,1,2,2,0
48061,2024,11,2,2,4,6,0
48061,2024,12,1,1,5,5,0
48061,2025,3,1,1,2,2,0
48061,2025,5,1,1,3,3,0
48061,2025,8,1,1,4,4,0
48061,2025,10,3,3,3,8,0
48061,2025,11,4,4,3,9,0
48061,2025,12,2,2,4,6,0
48063,2015,1,1,1,3,3,0
48063,2015,3,3,3,2,6,0
48063,2015,8,1,1,2,2,0
48063,2015,9,1,1,3,3,0
48063,2015,10,2,2,5,7,2
48063,2015,12,3,3,4,10,1
48063,2016,1,1,1,3,3,0
48063,2016,2,1,1,2,2,0
48063,2016,3,1,1,2,2,0
48063,2016,7,1,1,2,2,0
48063,2016,8,1,1,3,3,0
48063,2016,11,2,2,4,7,0
48063,2016,12,1,1,2,2,0
48063,2017,1,2,2,4,5,0
48063,2017,2,1,2,2,3,0
48063,2017,3,1,1,3,3,0
48063,2017,11,1,1,4,4,4
48063,2017,12,1,1,2,2,2
48063,2018,5,1,1,6,6,6
48063,2018,7,1,1,4,4,4
48063,2019,9,1,1,4,4,4
48063,2019,10,1,1,3,3,3
48063,2020,3,1,1,3,3,3
48063,2021,12,4,4,5,12,12
48063,2022,3,1,1,2,2,2
48063,2022,5,1,1,3,3,3
48063,2022,6,1,1,5,5,5
48063,2022,7,2,2,3,6,6
48063,2022,12,1,1,2,2,2
48063,2023,1,3,3,2,6,6
48063,2023,2,1,1,2,2,2
48063,2023,8,3,3,5,12,12
48063,2023,9,1,1,4,4,4
48063,2023,10,1,1,3,3,3
48063,2023,11,1,1,2,2,2
48063,2024,2,2,2,2,4,4
48063,2025,2,1,1,3,3,3
48063,2025,3,2,2,2,4,4
48063,2025,10,1,1,2,2,2
48063,2025,11,1,1,6,6,6
48063,2025,12,2,2,3,5,5
48065,2015,2,1,1,2,2,0
48065,2015,3,1,1,4,4,0
48065,2015,12,1,1,2,2,1
48065,2016,1,1,1,2,2,0
48065,2016,2,1,1,2,2,0
48065,2016,10,1,1,2,2,1
48065,2016,11,1,1,2,2,0
48065,2017,2,2,2,3,6,1
48065,2017,3,1,1,3,3,0
48065,2017,12,1,1,3,3,3
48065,2018,1,1,1,2,2,2
48065,2018,3,1,1,2,2,2
48065,2018,5,1,1,3,3,3
48065,2018,7,1,1,4,4,4
48065,2019,8,1,1,4,4,4
48065,2020,3,1,1,2,2,2
48065,2020,7,1,1,5,5,5
48065,2020,8,1,1,2,2,2
48065,2020,10,1,1,6,6,6
48065,2020,11,1,1,2,2,2
48065,2020,12,1,1,2,2,2
48065,2021,10,1,1,2,2,2
48065,2021,11,1,1,2,2,2
48065,2021,12,3,3,4,9,9
48065,2022,3,1,1,2,2,2
48065,2022,4,1,1,2,2,2
48065,2022,5,2,2,4,6,6
48065,2022,6,1,1,2,2,2
48065,2022,7,1,1,2,2,2
48065,2023,1,1,1,2,2,2
48065,2023,8,3,3,5,11,11
48065,2023,9,2,2,5,8,8
48065,2023,11,1,1,3,3,3
48065,2023,12,1,1,2,2,2
48065,2024,2,1,1,3,3,3
48065,2024,8,1,1,9,9,9
48065,2024,10,2,2,5,7,7
48065,2025,2,1,1,2,2,2
48065,2025,3,1,1,2,2,2
48065,2025,8,1,1,2,2,2
48065,2025,10,1,1,3,3,3
48065,2025,11,2,2,3,5,5
48065,2025,12,1,1,6,6,6
48067,2015,1,1,1,2,2,0
48067,2015,4,1,1,2,2,0
48067,2015,8,1,1,4,4,0
48067,2015,10,2,2,2,4,0
48067,2015,12,2,2,2,4,0
48067,2016,1,1,1,4,2,0
48067,2016,2,1,2,4,4,0
48067,2016,3,1,1,2,2,0
48067,2016,7,1,1,2,2,0
48067,2016,10,1,1,3,3,0
48067,2016,11,2,2,4,6,0
48067,2017,1,1,1,2,2,0
48067,2017,3,1,1,3,3,0
48067,2017,10,2,2,2,4,0
48067,2017,11,1,1,5,5,0
48067,2018,5,3,3,3,7,0
48067,2018,7,1,1,3,3,0
48067,2019,9,1,1,4,4,0
48067,2019,10,1,1,4,4,0
48067,2020,3,1,1,2,2,0
48067,2020,4,1,1,2,2,1
48067,2021,12,4,4,5,12,0
48067,2022,5,1,1,4,4,0
48067,2022,6,1,1,4,4,0
48067,2022,7,2,2,4,6,0
48067,2022,12,1,1,3,3,0
48067,2023,1,3,3,2,6,0
48067,2023,2,1,1,2,2,0
48067,2023,8,2,2,5,8,0
48067,2023,9,1,1,3,3,0
48067,2023,10,1,1,2,2,0
48067,2023,11,1,1,2,2,0
48067,2024,2,2,2,3,5,0
48067,2024,10,1,1,2,2,0
48067,2025,2,1,1,2,2,0
48067,2025,3,1,1,2,2,0
48067,2025,11,2,2,3,5,0
48067,2025,12,1,1,3,3,0
48069,2015,1,1,1,2,2,0
48069,2015,2,2,2,2,4,0
48069,2015,12,1,1,2,2,0
48069,2016,1,1,1,2,2,0
48069,2016,2,1,1,4,4,0
48069,2016,7,2,2,2,4,0
48069,2016,10,1,1,3,3,0
48069,2016,11,2,2,2,4,0
48069,2017,2,1,1,2,2,0
48069,2017,3,1,1,3,3,0
48069,2017,6,1,1,2,2,0
48069,2018,1,2,2,2,3,0
48069,2018,2,0,1,2,1,0
48069,2018,3,1,1,2,2,0
48069,2018,4,1,1,2,2,0
48069,2018,5,2,2,3,5,0
48069,2018,7,1,1,5,5,0
48069,2019,7,1,1,2,2,0
48069,2019,8,2,2,4,6,0
48069,2020,3,1,1,2,2,0
48069,2020,7,1,1,6,6,0
48069,2020,8,1,1,4,4,0
48069,2020,10,1,1,3,3,0
48069,2020,11,1,1,2,2,0
48069,2020,12,1,1,2,2,0
48069,2021,11,2,2,2,4,0
48069,2021,12,3,3,2,6,0
48069,2022,3,1,1,2,2,0
48069,2022,6,1,1,2,2,0
48069,2023,7,2,2,2,4,0
48069,2023,8,2,2,3,5,0
48069,2023,9,1,1,2,2,0
48069,2023,11,1,1,3,3,0
48069,2024,2,2,2,2,4,0
48069,2024,8,3,3,5,9,0
48069,2024,9,1,1,2,2,0
48069,2024,10,1,1,4,4,0
48069,2025,2,3,3,3,7,0
48069,2025,8,1,1,4,4,0
48069,2025,10,1,1,3,3,0
48069,2025,11,1,1,3,3,0
48069,2025,12,2,2,6,8,0
48071,2015,3,1,1,2,2,0
48071,2015,8,1,1,4,4,0
48071,2015,12,1,1,2,2,0
48071,2016,3,1,1,4,4,0
48071,2016,11,1,1,5,5,0
48071,2017,1,1,1,2,2,0
48071,2017,10,1,1,2,2,0
48071,2017,11,1,1,2,2,0
48071,2018,2,1,1,2,2,0
48071,2018,3,1,1,2,2,0
48071,2018,5,2,2,2,4,0
48071,2018,11,1,1,2,2,0
48071,2018,12,1,1,2,2,0
48071,2019,9,1,1,2,2,0
48071,2019,10,1,1,3,3,0
48071,2021,12,1,1,5,4,0
48071,2022,1,0,1,5,1,0
48071,2022,5,1,1,2,2,0
48071,2022,6,1,1,2,2,0
48071,2022,11,1,1,2,2,0
48071,2022,12,1,1,6,6,0
48071,2023,1,2,2,2,4,0
48071,2023,2,1,1,4,4,0
48071,2023,7,2,2,2,3,0
48071,2023,8,3,4,3,8,0
48071,2023,9,1,1,3,3,0
48071,2024,11,1,1,2,2,0
48071,2025,2,2,2,4,6,0
48071,2025,3,1,1,3,3,0
48071,2025,7,1,1,2,2,0
48071,2025,10,2,2,2,4,0
48071,2025,12,1,1,2,2,1
48073,2015,1,1,1,3,3,0
48073,2015,10,2,2,2,4,0
48073,2015,12,1,1,3,3,0
48073,2016,3,1,1,2,2,0
48073,2016,11,2,2,3,5,0
48073,2016,12,1,1,2,2,0
48073,2017,1,1,1,4,4,0
48073,2017,2,1,1,2,2,0
48073,2017,3,1,1,2,2,0
48073,2017,10,1,1,3,3,0
48073,2017,11,1,1,5,5,0
48073,2018,3,1,1,2,2,0
48073,2018,5,2,2,2,4,0
48073,2018,7,1,1,2,2,0
48073,2019,10,2,2,4,6,0
48073,2020,3,1,1,4,4,0
48073,2020,4,1,1,2,2,0
48073,2021,12,3,3,7,11,0
48073,2022,1,0,1,7,2,0
48073,2022,3,1,1,2,2,0
48073,2022,6,1,1,7,7,0
48073,2022,7,2,2,2,4,0
48073,2022,12,1,1,3,3,0
48073,2023,2,1,1,3,3,0
48073,2023,8,4,4,6,22,0
48073,2023,9,2,2,2,4,0
48073,2024,2,1,1,3,3,0
48073,2024,10,2,2,2,4,0
48073,2025,2,1,1,5,5,0
48073,2025,3,1,1,2,2,0
48073,2025,12,1,1,2,2,0
48075,2015,1,1,1,2,2,0
48075,2015,2,1,1,4,4,0
48075,2015,9,1,1,2,2,0
48075,2015,10,1,1,2,2,0
48075,2015,12,1,1,4,4,0
48075,2016,1,1,1,3,3,0
48075,2016,2,1,1,3,3,0
48075,2016,10,1,1,2,2,0
48075,2016,11,2,2,2,4,0
48075,2017,1,1,1,2,2,0
48075,2017,2,2,2,2,4,0
48075,2017,3,1,1,3,3,0
48075,2017,12,1,1,3,3,0
48075,2018,1,1,1,2,2,0
48075,2018,3,1,1,2,2,0
48075,2018,5,2,2,2,4,0
48075,2018,7,1,1,5,5,0
48075,2019,8,3,3,3,7,0
48075,2019,9,1,1,2,2,0
48075,2019,12,1,1,2,2,0
48075,2020,3,1,1,2,2,0
48075,2020,6,1,1,2,1,0
48075,2020,7,1,2,4,5,0
48075,2020,8,1,1,3,3,0
48075,2020,12,1,1,2,2,0
48075,2021,9,1,1,3,3,0
48075,2021,10,1,1,3,3,0
48075,2021,12,3,3,5,11,0
48075,2022,3,1,1,2,2,0
48075,2022,4,1,1,2,2,0
48075,2022,5,3,3,5,10,0
48075,2022,6,1,1,3,3,0
48075,2022,7,2,2,4,6,0
48075,2022,8,1,1,3,3,0
48075,2023,1,2,2,2,4,0
48075,2023,2,1,1,2,2,0
48075,2023,6,1,1,2,2,0
48075,2023,8,3,3,6,13,0
48075,2023,9,2,2,5,8,0
48075,2023,11,1,1,3,3,0
48075,2024,2,2,2,3,6,0
48075,2024,8,2,2,14,16,0
48075,2024,9,2,2,3,5,0
48075,2024,10,2,2,5,9,0
48075,2025,10,1,1,4,4,0
48075,2025,11,1,1,3,3,0
48075,2025,12,1,1,6,6,0
48077,2015,1,1,1,2,2,2
48077,2015,10,1,1,2,2,2
48077,2015,12,1,1,2,2,2
48077,2016,1,1,1,2,2,2
48077,2016,2,1,1,2,2,2
48077,2016,11,2,2,2,4,4
48077,2017,1,1,1,2,2,2
48077,2017,2,2,2,2,4,4
48077,2017,3,1,1,4,4,4
48077,2017,5,1,1,2,2,2
48077,2017,12,1,1,2,2,2
48077,2018,5,1,1,6,6,6
48077,2018,6,1,1,2,2,2
48077,2018,7,1,1,4,4,4
48077,2019,10,1,1,2,2,2
48077,2020,3,1,1,3,3,3
48077,2020,12,1,1,2,2,2
48077,2021,10,1,1,3,3,3
48077,2021,12,3,3,6,12,12
48077,2022,3,1,1,3,3,3
48077,2022,5,2,2,3,5,5
48077,2022,6,2,2,3,5,5
48077,2022,7,1,1,3,3,3
48077,2023,1,2,2,2,4,4
48077,2023,2,1,1,2,2,2
48077,2023,6,1,1,5,5,5
48077,2023,7,1,1,2,2,2
48077,2023,8,4,4,6,18,18
48077,2023,9,1,1,7,7,7
48077,2023,11,1,1,3,3,3
48077,2024,2,2,2,3,5,5
48077,2024,5,1,1,2,2,2
48077,2024,10,2,2,4,6,6
48077,2025,2,1,1,2,2,2
48077,2025,3,1,1,2,2,2
48077,2025,10,1,1,2,2,2
48077,2025,11,2,2,6,10,10
48077,2025,12,1,1,6,6,6
48079,2015,2,1,1,2,2,0
48079,2015,9,1,1,2,2,0
48079,2015,10,1,1,2,2,0
48079,2016,1,1,1,2,2,0
48079,2016,2,1,1,3,3,0
48079,2016,7,2,2,5,9,0
48079,2016,11,1,1,2,2,0
48079,2017,2,2,2,2,4,0
48079,2017,3,2,2,3,5,0
48079,2017,6,1,1,2,2,0
48079,2017,11,1,1,2,2,0
48079,2018,3,1,1,2,2,0
48079,2018,4,2,2,2,4,0
48079,2018,5,2,2,2,4,0
48079,2018,7,1,1,2,2,0
48079,2019,3,1,1,2,2,0
48079,2019,8,2,2,2,4,0
48079,2020,3,1,1,2,2,0
48079,2020,4,1,1,2,2,0
48079,2020,5,1,1,2,2,0
48079,2020,7,2,2,7,9,0
48079,2020,8,1,1,5,5,0
48079,2020,9,1,1,2,2,0
48079,2020,10,3,3,3,8,0
48079,2020,11,1,1,3,3,0
48079,2020,12,1,1,2,2,0
48079,2021,6,1,1,2,2,0
48079,2021,10,1,1,2,2,0
48079,2021,11,2,2,2,4,0
48079,2021,12,3,3,4,8,0
48079,2022,3,1,1,3,3,0
48079,2022,4,1,1,2,2,0
48079,2022,5,1,1,3,3,0
48079,2022,6,1,1,2,2,0
48079,2022,7,2,2,4,6,0
48079,2022,8,1,1,2,2,0
48079,2023,7,2,2,3,5,0
48079,2023,8,3,3,6,13,0
48079,2023,9,1,1,9,9,0
48079,2023,11,1,1,3,3,0
48079,2024,2,1,1,2,2,0
48079,2024,8,2,2,3,5,0
48079,2024,9,1,1,2,2,0
48079,2024,10,1,1,4,4,0
48079,2025,2,3,3,3,7,0
48079,2025,4,1,1,2,2,0
48079,2025,5,1,1,3,3,0
48079,2025,10,1,1,2,2,0
48079,2025,11,2,2,4,6,0
48079,2025,12,3,3,6,11,0
48081,2015,12,1,1,2,2,0
48081,2016,1,1,1,3,2,0
48081,2016,2,0,1,3,1,0
48081,2016,11,1,1,2,2,0
48081,2017,2,1,1,2,2,0
48081,2017,3,1,1,3,3,0
48081,2017,11,1,1,5,5,0
48081,2018,5,1,1,2,2,0
48081,2018,6,1,1,2,2,0
48081,2018,7,1,1,6,6,0
48081,2019,10,2,2,2,4,0
48081,2020,3,1,1,2,2,0
48081,2020,7,1,1,5,5,0
48081,2020,8,1,1,5,5,0
48081,2020,10,1,1,2,2,0
48081,2021,11,1,1,2,2,0
48081,2021,12,3,3,5,11,0
48081,2022,3,1,1,4,4,1
48081,2022,5,3,3,6,12,0
48081,2022,7,2,2,4,7,0
48081,2023,1,2,2,2,4,0
48081,2023,2,1,1,2,2,0
48081,2023,6,2,2,5,8,0
48081,2023,7,2,2,2,4,0
48081,2023,8,2,2,8,11,0
48081,2023,9,1,1,9,9,0
48081,2023,11,1,1,3,3,0
48081,2024,2,2,2,3,5,0
48081,2024,8,2,2,6,8,0
48081,2024,10,1,1,4,4,0
48081,2025,2,2,2,4,6,0
48081,2025,3,1,1,2,2,0
48081,2025,10,1,1,2,2,0
48081,2025,11,2,2,4,6,0
48081,2025,12,1,1,3,3,0
48083,2015,3,2,2,3,5,0
48083,2015,8,1,1,2,2,0
48083,2015,9,1,1,3,3,0
48083,2015,10,1,1,6,6,0
48083,2015,12,2,2,3,5,0
48083,2016,1,1,1,3,2,0
48083,2016,2,1,2,3,3,0
48083,2016,11,1,1,2,2,0
48083,2017,1,2,2,2,4,0
48083,2017,2,2,2,3,5,0
48083,2017,3,1,1,4,4,0
48083,2017,6,1,1,2,2,0
48083,2017,11,1,1,5,5,0
48083,2018,1,1,1,2,2,0
48083,2018,3,1,1,3,3,0
48083,2018,4,1,1,2,2,0
48083,2018,5,1,1,6,6,0
48083,2018,6,3,3,3,7,0
48083,2018,7,2,2,7,10,0
48083,2019,8,2,2,3,6,0
48083,2019,10,2,2,3,5,0
48083,2020,3,1,1,2,2,0
48083,2020,5,2,2,2,4,0
48083,2020,7,1,1,5,5,0
48083,2020,8,2,2,4,7,0
48083,2020,10,2,2,2,4,0
48083,2020,12,1,1,3,3,0
48083,2021,11,1,1,2,2,0
48083,2021,12,4,4,7,17,0
48083,2022,3,1,1,4,4,0
48083,2022,5,3,3,10,16,0
48083,2022,6,3,3,4,9,0
48083,2022,7,2,2,7,10,0
48083,2022,11,1,1,2,2,0
48083,2022,12,1,1,2,2,0
48083,2023,1,2,2,2,4,0
48083,2023,2,1,1,2,2,0
48083,2023,4,1,1,2,2,0
48083,2023,6,2,2,6,8,0
48083,2023,7,1,1,9,9,0
48083,2023,8,2,2,14,19,0
48083,2023,9,1,1,9,9,0
48083,2023,11,1,1,4,4,0
48083,2024,2,2,2,3,5,0
48083,2024,8,2,2,5,7,0
48083,2024,10,1,1,5,5,0
48083,2024,12,1,1,2,2,0
48083,2025,2,2,2,3,5,0
48083,2025,3,1,1,2,2,0
48083,2025,4,1,1,2,2,0
48083,2025,10,1,1,2,2,0
48083,2025,11,2,2,5,9,0
48083,2025,12,1,1,7,7,0
48085,2015,1,1,1,2,2,0
48085,2015,8,1,1,2,2,0
48085,2015,10,2,2,2,4,0
48085,2015,12,1,1,2,2,0
48085,2016,3,1,1,2,2,0
48085,2016,11,1,1,2,2,0
48085,2017,1,1,1,3,3,0
48085,2017,3,1,1,2,2,0
48085,2017,11,1,1,2,2,0
48085,2017,12,1,1,3,3,0
48085,2018,5,1,1,6,6,0
48085,2018,7,1,1,4,4,0
48085,2019,4,1,1,2,2,0
48085,2019,10,2,2,3,5,0
48085,2020,3,2,2,3,5,0
48085,2020,4,1,1,2,2,0
48085,2020,8,1,1,2,2,0
48085,2020,12,1,1,2,2,0
48085,2021,10,1,1,2,2,0
48085,2021,12,4,4,6,15,0
48085,2022,1,1,1,2,2,0
48085,2022,3,1,1,3,3,0
48085,2022,5,2,2,3,5,0
48085,2022,6,2,2,6,8,0
48085,2022,7,2,2,4,6,0
48085,2022,12,1,1,2,2,0
48085,2023,1,3,3,2,6,0
48085,2023,2,1,1,3,3,0
48085,2023,4,1,1,2,2,0
48085,2023,7,1,1,3,1,0
48085,2023,8,4,5,5,17,0
48085,2023,9,1,1,4,4,0
48085,2023,11,1,1,3,3,0
48085,2024,1,1,1,3,3,0
48085,2024,2,2,2,3,6,0
48085,2024,5,1,1,2,2,0
48085,2024,8,1,1,2,2,0
48085,2024,10,2,2,5,7,0
48085,2024,12,1,1,2,2,0
48085,2025,3,1,1,2,2,0
48085,2025,4,1,1,2,2,0
48085,2025,5,2,2,3,5,0
48085,2025,7,1,1,2,2,0
48085,2025,11,1,1,5,5,0
48085,2025,12,1,1,6,6,0
48087,2015,1,2,2,3,6,0
48087,2015,2,1,1,2,2,0
48087,2015,3,1,1,2,2,0
48087,2015,4,1,1,2,2,0
48087,2015,9,1,1,2,2,0
48087,2015,10,1,1,3,3,0
48087,2016,1,1,1,2,2,0
48087,2016,2,1,1,2,2,0
48087,2016,10,3,3,3,8,0
48087,2016,11,2,2,2,4,0
48087,2017,2,1,1,2,2,0
48087,2017,3,1,1,2,2,2
48087,2017,11,1,1,2,2,0
48087,2017,12,1,1,2,2,0
48087,2018,2,1,1,2,2,0
48087,2018,4,2,2,3,5,0
48087,2020,3,1,1,2,2,2
48087,2020,12,1,1,2,2,2
48087,2021,10,1,1,3,3,3
48087,2021,12,3,3,4,11,11
48087,2022,5,1,1,2,2,2
48087,2023,8,1,1,2,2,2
48087,2023,9,2,2,4,6,6
48087,2023,11,1,1,2,2,2
48087,2024,2,1,1,2,2,2
48087,2024,8,1,1,3,3,3
48087,2024,10,1,1,4,4,4
48087,2025,2,1,1,2,2,2
48087,2025,10,1,1,2,2,2
48087,2025,11,1,1,3,3,3
48087,2025,12,1,1,6,6,6
48089,2015,12,1,1,2,2,0
48089,2016,11,1,1,2,2,0
48089,2017,1,1,1,3,3,0
48089,2017,2,3,3,2,6,0
48089,2017,3,1,1,2,2,0
48089,2017,7,1,1,2,2,0
48089,2017,11,1,1,5,5,0
48089,2018,5,2,2,6,8,0
48089,2020,3,1,1,3,3,0
48089,2021,12,1,1,3,3,0
48089,2022,1,1,1,2,2,0
48089,2022,5,3,3,6,11,0
48089,2022,6,3,3,9,15,0
48089,2022,7,1,1,5,5,0
48089,2022,12,1,1,4,4,0
48089,2023,2,2,2,2,4,0
48089,2023,6,1,1,4,4,0
48089,2023,8,3,3,5,12,0
48089,2023,9,1,1,4,4,0
48089,2023,10,1,1,2,2,0
48089,2024,2,1,1,2,2,0
48089,2024,10,2,2,3,5,0
48089,2024,11,1,1,2,2,0
48089,2024,12,1,1,2,2,0
48089,2025,2,1,1,5,5,0
48089,2025,3,2,2,2,4,0
48089,2025,5,2,2,5,7,0
48089,2025,10,2,2,3,6,0
48089,2025,11,2,2,2,4,0
48089,2025,12,2,2,3,6,0
48091,2015,1,1,1,2,2,0
48091,2015,8,1,1,2,2,0
48091,2015,10,2,2,3,5,0
48091,2016,3,1,1,2,2,0
48091,2016,11,1,1,3,3,0
48091,2016,12,1,1,2,2,0
48091,2017,1,1,1,3,3,0
48091,2017,2,3,3,2,6,0
48091,2017,3,1,1,2,2,0
48091,2017,4,1,1,2,2,0
48091,2017,6,1,1,2,2,0
48091,2017,7,2,2,3,6,0
48091,2017,11,1,1,2,2,0
48091,2018,5,2,2,2,4,0
48091,2018,6,1,1,2,2,0
48091,2018,7,1,1,7,7,0
48091,2019,8,1,1,2,2,0
48091,2019,9,1,1,2,2,0
48091,2019,10,2,2,7,9,0
48091,2020,3,2,2,4,6,0
48091,2020,4,1,1,2,2,0
48091,2020,7,1,1,4,4,0
48091,2020,8,1,1,2,2,0
48091,2020,10,1,1,2,2,0
48091,2021,4,1,1,2,2,0
48091,2021,12,1,1,3,2,1
48091,2022,1,0,1,3,1,1
48091,2022,2,1,1,2,2,0
48091,2022,3,1,1,2,2,0
48091,2022,4,1,1,2,2,0
48091,2022,5,1,1,3,3,0
48091,2022,6,3,3,4,8,4
48091,2022,7,2,2,5,7,0
48091,2023,6,2,2,4,7,0
48091,2023,7,1,1,10,10,0
48091,2023,8,4,4,11,19,0
48091,2023,9,2,2,10,12,0
48091,2023,10,2,2,2,4,0
48091,2024,2,1,1,2,2,0
48091,2024,8,1,1,4,4,4
48091,2024,10,2,2,4,6,0
48091,2025,3,2,2,2,4,1
48091,2025,4,1,1,2,2,0
48091,2025,5,1,1,5,5,0
48091,2025,9,1,1,2,2,2
48091,2025,10,1,1,2,2,0
48091,2025,11,1,1,2,2,0
48091,2025,12,1,1,6,6,6
48093,2015,10,2,2,2,4,0
48093,2015,12,1,1,2,2,0
48093,2016,11,1,1,2,2,0
48093,2017,2,2,2,2,4,0
48093,2017,3,1,1,2,2,0
48093,2017,11,1,1,2,2,0
48093,2018,2,1,1,2,2,0
48093,2018,3,1,1,3,3,0
48093,2018,5,2,2,3,6,0
48093,2018,6,2,2,12,11,0
48093,2018,7,1,2,12,10,0
48093,2019,10,2,2,3,5,0
48093,2020,1,1,1,2,2,0
48093,2020,5,1,1,2,2,0
48093,2020,7,1,1,4,4,0
48093,2020,8,2,2,4,6,0
48093,2020,12,1,1,2,2,0
48093,2021,11,1,1,3,3,0
48093,2021,12,4,4,8,15,0
48093,2022,1,1,1,2,2,0
48093,2022,3,1,1,4,4,0
48093,2022,5,3,3,8,19,0
48093,2022,6,2,2,11,15,0
48093,2022,7,2,2,11,21,0
48093,2022,9,1,1,5,5,0
48093,2022,10,1,1,3,3,0
48093,2023,1,2,2,2,4,0
48093,2023,2,1,1,2,2,0
48093,2023,4,1,1,2,2,0
48093,2023,6,3,3,7,14,0
48093,2023,7,2,2,22,22,0
48093,2023,8,2,3,22,25,0
48093,2023,9,2,3,10,14,0
48093,2023,10,2,2,3,5,0
48093,2023,11,1,1,2,2,0
48093,2024,2,2,2,3,5,0
48093,2024,5,1,1,2,2,0
48093,2024,6,1,1,6,6,0
48093,2024,8,3,3,14,20,0
48093,2024,10,1,1,5,5,0
48093,2024,12,1,1,2,2,0
48093,2025,2,3,3,4,9,0
48093,2025,3,3,3,2,6,0
48093,2025,4,1,1,2,2,0
48093,2025,5,2,2,5,7,0
48093,2025,9,2,2,3,5,0
48093,2025,10,1,1,3,3,0
48093,2025,11,2,2,7,9,0
48093,2025,12,1,1,6,6,0
48095,2015,1,1,1,2,2,0
48095,2015,10,1,1,2,2,0
48095,2016,1,1,1,2,2,0
48095,2016,11,1,1,3,3,0
48095,2016,12,1,1,2,2,0
48095,2017,1,2,2,2,4,0
48095,2017,2,1,1,3,3,0
48095,2017,3,1,1,2,2,0
48095,2017,11,1,1,5,5,0
48095,2018,5,1,1,2,2,0
48095,2018,6,1,1,3,3,0
48095,2018,7,1,1,6,6,0
48095,2019,8,2,2,3,5,0
48095,2019,12,1,1,2,2,0
48095,2020,5,1,1,2,2,0
48095,2020,7,1,1,7,7,0
48095,2020,8,2,2,5,7,0
48095,2020,9,1,1,2,2,0
48095,2020,10,1,1,2,2,0
48095,2021,11,1,1,2,2,0
48095,2021,12,3,3,5,10,0
48095,2022,3,1,1,4,4,0
48095,2022,4,1,1,2,2,0
48095,2022,5,3,3,4,8,0
48095,2022,6,2,2,2,4,0
48095,2022,7,1,1,2,2,0
48095,2022,8,1,1,3,3,0
48095,2023,1,1,1,2,2,0
48095,2023,2,1,1,3,3,0
48095,2023,6,2,2,5,8,0
48095,2023,7,2,2,4,7,0
48095,2023,8,3,3,14,23,0
48095,2023,9,2,2,10,12,0
48095,2023,11,1,1,3,3,0
48095,2024,2,2,2,2,4,0
48095,2024,8,2,2,3,6,0
48095,2024,10,1,1,5,5,0
48095,2024,12,2,2,2,4,0
48095,2025,2,2,2,4,6,0
48095,2025,3,1,1,2,2,0
48095,2025,9,1,1,2,2,0
48095,2025,10,1,1,3,3,0
48095,2025,11,2,2,7,9,0
48095,2025,12,1,1,4,4,0
48097,2015,1,1,1,2,2,0
48097,2015,10,1,1,4,4,0
48097,2015,12,1,1,2,2,0
48097,2016,11,1,1,2,2,0
48097,2017,2,1,1,3,3,0
48097,2017,3,1,1,2,2,0
48097,2017,5,1,1,2,2,0
48097,2017,12,1,1,3,3,0
48097,2018,5,1,1,2,2,0
48097,2018,6,1,1,3,3,0
48097,2018,7,1,1,6,6,0
48097,2019,10,1,1,2,2,0
48097,2020,3,1,1,2,2,0
48097,2020,12,1,1,2,2,0
48097,2021,10,1,1,2,2,0
48097,2021,12,3,3,6,11,0
48097,2022,3,1,1,2,2,0
48097,2022,6,1,1,3,3,0
48097,2022,7,1,1,3,3,0
48097,2023,1,2,2,3,5,0
48097,2023,2,1,1,2,2,0
48097,2023,6,1,1,3,3,0
48097,2023,7,1,1,2,2,0
48097,2023,8,3,3,4,9,0
48097,2023,9,1,1,6,6,0
48097,2023,10,1,1,4,4,0
48097,2023,11,1,1,2,2,0
48097,2024,2,1,1,3,3,0
48097,2024,8,1,1,2,2,0
48097,2024,10,2,2,5,7,0
48097,2025,4,1,1,2,2,2
48097,2025,11,1,1,3,3,0
48097,2025,12,1,1,6,6,0
48099,2015,1,1,1,2,2,0
48099,2015,3,1,1,2,2,0
48099,2015,8,1,1,4,4,0
48099,2015,9,1,1,2,2,0
48099,2015,10,1,1,5,5,0
48099,2015,12,1,1,2,2,0
48099,2016,1,1,1,2,2,0
48099,2016,3,1,1,2,2,0
48099,2016,11,2,2,2,4,0
48099,2016,12,1,1,2,2,0
48099,2017,1,2,2,2,3,0
48099,2017,2,2,3,2,5,0
48099,2017,3,1,1,2,2,0
48099,2017,6,1,1,2,2,0
48099,2017,7,1,1,2,2,0
48099,2017,11,1,1,6,6,0
48099,2018,5,3,3,3,8,0
48099,2018,6,1,1,2,1,0
48099,2018,7,1,2,9,10,0
48099,2019,9,1,1,3,3,0
48099,2019,10,2,2,6,8,0
48099,2020,3,1,1,2,2,0
48099,2020,4,1,1,2,2,0
48099,2020,7,1,1,4,4,0
48099,2020,8,2,2,5,7,0
48099,2021,12,5,5,5,19,0
48099,2022,1,0,1,5,1,0
48099,2022,3,1,1,2,2,0
48099,2022,5,1,1,5,5,0
48099,2022,6,2,2,8,16,0
48099,2022,7,4,4,6,14,0
48099,2022,12,1,1,3,3,0
48099,2023,1,3,3,2,6,0
48099,2023,2,1,1,3,3,0
48099,2023,6,2,2,6,8,0
48099,2023,7,3,3,15,9,0
48099,2023,8,2,3,15,23,0
48099,2023,9,1,1,8,8,0
48099,2023,11,1,1,2,2,0
48099,2024,2,2,2,3,5,0
48099,2024,5,1,1,2,2,0
48099,2024,8,1,1,4,4,0
48099,2024,10,1,1,4,4,0
48099,2025,2,2,2,3,5,0
48099,2025,3,1,1,4,4,0
48099,2025,4,1,1,3,3,0
48099,2025,5,2,2,2,4,0
48099,2025,11,2,2,4,8,0
48099,2025,12,2,2,3,6,0
48101,2015,1,1,1,2,2,0
48101,2015,2,1,1,2,2,0
48101,2015,9,1,1,4,4,0
48101,2015,10,1,1,2,2,0
48101,2015,12,1,1,2,2,0
48101,2016,1,1,1,2,2,0
48101,2016,2,1,1,2,2,0
48101,2016,7,1,1,2,2,0
48101,2016,10,2,2,2,4,0
48101,2016,11,2,2,2,4,0
48101,2017,1,1,1,2,2,0
48101,2017,2,2,2,2,4,0
48101,2017,3,1,1,3,3,0
48101,2017,5,1,1,2,2,0
48101,2017,11,1,1,2,2,0
48101,2018,3,1,1,4,4,0
48101,2018,5,1,1,2,2,0
48101,2018,7,1,1,5,5,0
48101,2019,8,1,1,3,3,0
48101,2019,9,1,1,2,2,0
48101,2020,3,1,1,2,2,0
48101,2020,5,1,1,2,2,0
48101,2020,6,1,1,3,2,0
48101,2020,7,1,2,4,5,0
48101,2020,8,1,1,2,2,0
48101,2020,10,2,2,2,4,0
48101,2020,12,1,1,3,3,0
48101,2021,9,1,1,2,2,0
48101,2021,10,1,1,3,3,0
48101,2021,11,1,1,2,2,0
48101,2021,12,4,4,4,12,0
48101,2022,3,1,1,3,3,1
48101,2022,4,1,1,2,2,0
48101,2022,5,3,3,3,8,0
48101,2022,6,1,1,3,3,0
48101,2022,7,1,1,4,4,0
48101,2022,8,1,1,4,4,0
48101,2023,1,2,2,2,4,0
48101,2023,6,1,1,2,2,0
48101,2023,7,2,2,2,4,0
48101,2023,8,3,3,6,15,0
48101,2023,9,1,1,9,9,0
48101,2023,11,1,1,4,4,0
48101,2023,12,1,1,2,2,0
48101,2024,2,2,2,3,5,0
48101,2024,8,3,3,6,11,0
48101,2024,10,2,2,5,7,0
48101,2025,10,1,1,3,3,0
48101,2025,11,1,1,4,4,0
48101,2025,12,1,1,6,6,0
48103,2015,8,1,1,4,4,0
48103,2015,12,1,1,2,2,0
48103,2016,7,1,1,2,2,0
48103,2016,10,1,1,3,3,0
48103,2016,11,1,1,2,2,0
48103,2016,12,1,1,2,2,0
48103,2017,1,1,1,3,3,0
48103,2017,2,2,2,2,4,0
48103,2017,3,1,1,4,4,0
48103,2017,4,1,1,2,2,0
48103,2017,6,1,1,3,3,0
48103,2017,9,2,2,2,4,0
48103,2017,11,1,1,5,5,0
48103,2018,3,1,1,2,2,0
48103,2018,5,1,1,8,5,0
48103,2018,6,1,2,8,5,0
48103,2018,7,2,2,3,5,0
48103,2019,4,1,1,2,2,0
48103,2019,8,3,3,4,9,0
48103,2019,10,2,2,2,4,0
48103,2019,12,1,1,2,2,0
48103,2020,3,1,1,2,2,0
48103,2020,4,1,1,2,2,0
48103,2020,5,2,2,3,6,0
48103,2020,7,1,1,6,6,0
48103,2020,8,2,2,4,5,0
48103,2020,9,0,1,4,1,0
48103,2020,10,2,2,3,5,0
48103,2020,11,2,2,3,5,0
48103,2021,10,1,1,4,4,0
48103,2021,11,1,1,2,2,0
48103,2021,12,2,2,5,7,0
48103,2022,3,1,1,4,4,0
48103,2022,5,2,2,3,5,0
48103,2022,6,1,1,2,2,0
48103,2022,7,1,1,2,2,0
48103,2023,2,1,1,2,2,0
48103,2023,6,1,1,9,9,0
48103,2023,7,2,2,7,10,0
48103,2023,8,2,2,12,15,0
48103,2023,9,2,2,11,18,0
48103,2023,10,1,1,2,2,0
48103,2023,11,1,1,4,4,0
48103,2023,12,1,1,2,2,0
48103,2024,2,2,2,3,6,0
48103,2024,5,2,2,4,7,0
48103,2024,8,2,2,4,6,0
48103,2024,10,1,1,5,5,0
48103,2024,12,1,1,2,1,0
48103,2025,1,0,1,2,1,0
48103,2025,2,2,2,7,10,0
48103,2025,3,2,2,4,6,0
48103,2025,4,2,2,3,5,0
48103,2025,9,1,1,2,2,0
48103,2025,11,2,2,5,8,0
48103,2025,12,2,2,6,8,0
48105,2015,3,1,1,2,2,0
48105,2015,8,2,2,7,10,0
48105,2015,10,2,2,4,7,0
48105,2015,12,2,2,3,5,0
48105,2016,1,1,1,2,1,0
48105,2016,2,0,1,2,1,0
48105,2016,8,1,1,2,2,0
48105,2016,10,1,1,2,2,0
48105,2016,11,1,1,2,2,0
48105,2017,2,2,2,2,4,0
48105,2017,3,2,2,3,5,0
48105,2017,11,1,1,5,5,0
48105,2017,12,1,1,2,2,0
48105,2018,5,1,1,3,3,0
48105,2018,6,1,1,2,2,0
48105,2018,7,1,1,7,7,0
48105,2018,11,1,1,2,2,0
48105,2019,8,4,4,4,11,0
48105,2019,9,1,1,2,2,0
48105,2019,10,2,2,6,8,0
48105,2019,12,1,1,2,2,0
48105,2020,3,1,1,3,3,0
48105,2020,5,2,2,2,4,0
48105,2020,7,1,1,5,5,0
48105,2020,8,2,2,3,5,0
48105,2020,10,1,1,2,2,0
48105,2020,12,1,1,2,2,0
48105,2021,11,1,1,3,3,0
48105,2021,12,3,3,7,13,0
48105,2022,1,1,1,2,2,0
48105,2022,3,1,1,4,4,0
48105,2022,5,3,3,7,13,0
48105,2022,6,2,2,3,5,0
48105,2022,7,3,3,4,9,0
48105,2022,8,1,1,2,2,0
48105,2023,1,2,2,3,5,0
48105,2023,6,1,1,17,17,0
48105,2023,7,2,2,11,13,0
48105,2023,8,2,2,11,15,0
48105,2023,9,2,2,10,12,0
48105,2023,11,1,1,3,3,0
48105,2024,2,2,2,3,5,0
48105,2024,5,2,2,4,6,0
48105,2024,6,1,1,3,3,0
48105,2024,8,2,2,4,6,0
48105,2024,10,1,1,7,7,0
48105,2024,12,1,1,2,2,0
48105,2025,2,3,3,3,8,1
48105,2025,4,1,1,2,2,0
48105,2025,10,1,1,2,2,0
48105,2025,11,2,2,7,9,0
48105,2025,12,2,2,4,6,0
48107,2015,1,1,1,3,3,0
48107,2015,10,1,1,2,2,0
48107,2015,12,1,1,2,2,0
48107,2016,1,1,1,2,2,0
48107,2016,2,1,1,3,3,0
48107,2016,7,2,2,4,6,0
48107,2016,10,1,1,2,2,0
48107,2016,11,2,2,2,4,0
48107,2017,2,2,2,2,4,0
48107,2017,3,1,1,3,3,0
48107,2017,11,2,2,2,4,0
48107,2018,2,1,1,2,2,0
48107,2018,4,1,1,2,2,0
48107,2018,5,3,3,4,8,0
48107,2018,6,0,1,4,2,0
48107,2018,7,1,1,5,5,0
48107,2019,6,1,1,2,2,0
48107,2019,8,3,3,4,8,0
48107,2020,3,1,1,2,2,0
48107,2020,5,1,1,2,2,0
48107,2020,6,1,1,3,1,0
48107,2020,7,1,2,9,11,0
48107,2020,8,2,2,5,7,0
48107,2020,10,2,2,2,4,0
48107,2020,11,1,1,2,2,0
48107,2020,12,1,1,3,3,0
48107,2021,4,1,1,2,2,0
48107,2021,10,1,1,4,4,0
48107,2021,11,1,1,2,2,0
48107,2021,12,3,3,4,8,0
48107,2022,3,1,1,3,3,0
48107,2022,4,2,2,2,4,0
48107,2022,5,4,4,4,11,0
48107,2022,6,1,1,2,2,0
48107,2022,7,5,5,4,13,0
48107,2022,8,1,1,2,2,0
48107,2023,1,1,1,2,2,0
48107,2023,6,2,2,3,5,0
48107,2023,7,2,2,2,4,0
48107,2023,8,3,3,7,16,0
48107,2023,9,1,1,9,9,0
48107,2023,11,1,1,3,3,0
48107,2024,2,2,2,2,4,0
48107,2024,8,3,3,10,16,0
48107,2024,10,2,2,4,6,0
48107,2025,2,3,3,3,7,0
48107,2025,4,1,1,2,2,0
48107,2025,10,1,1,2,2,0
48107,2025,11,2,2,3,5,0
48107,2025,12,2,2,3,5,0
48109,2015,2,1,1,3,3,0
48109,2016,2,1,1,4,4,0
48109,2017,2,1,1,2,2,0
48109,2017,3,1,1,5,5,0
48109,2018,5,1,1,2,2,0
48109,2018,10,1,1,3,3,0
48109,2020,7,1,1,2,2,0
48109,2020,8,1,1,2,2,0
48109,2021,10,1,1,3,3,0
48109,2021,11,1,1,4,4,0
48109,2022,3,1,1,2,2,0
48109,2022,11,1,1,2,2,0
48109,2023,6,1,1,3,3,0
48109,2023,8,1,1,2,2,0
48109,2023,11,1,1,3,3,0
48109,2024,2,1,1,2,2,0
48109,2025,2,1,1,6,6,0
48109,2025,12,1,1,3,3,0
48111,2015,1,1,1,2,2,0
48111,2015,2,1,1,4,4,0
48111,2015,9,3,3,3,7,0
48111,2015,11,1,1,2,2,0
48111,2015,12,1,1,3,3,3
48111,2016,1,1,1,2,2,0
48111,2016,2,1,1,2,2,0
48111,2016,3,1,1,2,2,0
48111,2016,7,4,4,3,11,1
48111,2016,10,1,1,3,3,0
48111,2016,11,1,1,2,2,0
48111,2017,2,2,2,3,5,0
48111,2017,3,1,1,3,3,0
48111,2017,4,1,1,2,2,0
48111,2017,6,3,3,3,9,0
48111,2017,7,2,2,3,5,0
48111,2017,11,1,1,2,2,2
48111,2017,12,1,1,3,3,3
48111,2018,1,1,1,2,2,0
48111,2018,3,1,1,2,2,0
48111,2018,4,2,2,2,4,0
48111,2018,5,2,2,3,6,6
48111,2018,7,1,1,4,4,4
48111,2019,7,1,1,2,2,2
48111,2019,8,2,2,5,7,7
48111,2019,12,1,1,2,2,2
48111,2020,3,1,1,3,3,3
48111,2020,7,1,1,7,7,4
48111,2020,8,3,3,3,7,7
48111,2020,9,1,1,2,2,0
48111,2020,10,1,1,7,7,1
48111,2020,11,1,1,2,2,1
48111,2021,6,1,1,2,2,0
48111,2021,8,3,3,3,8,3
48111,2021,9,1,1,4,4,0
48111,2021,10,1,1,2,2,1
48111,2021,11,1,1,2,2,2
48111,2021,12,3,3,5,11,11
48111,2022,3,1,1,3,3,3
48111,2022,4,1,1,2,2,2
48111,2022,5,3,3,4,9,9
48111,2022,6,1,1,3,3,3
48111,2022,7,1,1,5,5,5
48111,2023,1,1,1,2,2,2
48111,2023,7,2,2,2,4,4
48111,2023,8,3,3,6,14,14
48111,2023,9,2,2,5,8,8
48111,2023,10,1,1,3,3,3
48111,2023,11,1,1,4,4,4
48111,2023,12,1,1,2,2,2
48111,2024,2,2,2,3,6,6
48111,2024,4,1,1,2,2,2
48111,2024,5,1,1,2,2,2
48111,2024,7,2,2,3,4,4
48111,2024,8,1,2,9,10,10
48111,2024,10,1,1,6,6,6
48111,2025,3,1,1,5,5,5
48111,2025,4,1,1,2,2,2
48111,2025,8,1,1,3,3,3
48111,2025,10,1,1,3,3,3
48111,2025,11,1,1,5,5,5
48111,2025,12,1,1,6,6,6
48113,2015,1,1,1,2,2,0
48113,2015,8,1,1,2,2,0
48113,2015,10,2,2,2,4,0
48113,2015,12,2,2,3,5,0
48113,2016,3,1,1,2,2,0
48113,2016,11,2,2,2,4,0
48113,2016,12,1,1,2,2,0
48113,2017,1,2,2,3,5,0
48113,2017,2,1,2,3,3,0
48113,2017,3,1,1,6,6,0
48113,2017,11,1,1,2,2,0
48113,2017,12,1,1,3,3,0
48113,2018,5,1,1,6,6,0
48113,2018,6,1,1,2,2,0
48113,2018,7,1,1,7,7,0
48113,2019,4,1,1,2,2,0
48113,2019,9,1,1,3,3,0
48113,2019,10,2,2,3,5,0
48113,2020,3,1,1,2,2,0
48113,2020,8,1,1,2,2,0
48113,2020,12,1,1,2,2,0
48113,2021,12,4,4,6,13,0
48113,2022,3,1,1,3,3,0
48113,2022,5,1,1,3,3,0
48113,2022,6,2,2,4,6,0
48113,2022,7,2,2,4,6,0
48113,2022,12,1,1,3,3,0
48113,2023,1,3,3,2,6,0
48113,2023,2,1,1,2,2,0
48113,2023,7,2,2,6,4,0
48113,2023,8,3,4,6,18,0
48113,2023,9,1,1,6,6,0
48113,2023,11,1,1,2,2,0
48113,2024,2,2,2,3,5,0
48113,2024,5,1,1,2,2,0
48113,2024,8,1,1,2,2,0
48113,2024,10,1,1,2,2,0
48113,2024,12,1,1,2,2,0
48113,2025,3,1,1,2,2,0
48113,2025,10,1,1,2,2,0
48113,2025,11,1,1,5,5,0
48113,2025,12,1,1,6,6,0
48115,2015,1,1,1,2,2,0
48115,2015,3,1,1,2,2,0
48115,2016,1,1,1,2,2,0
48115,2016,2,1,1,3,3,0
48115,2016,7,1,1,4,4,0
48115,2016,10,1,1,2,2,0
48115,2016,11,1,1,2,2,0
48115,2017,2,2,2,2,4,0
48115,2017,3,1,1,3,3,0
48115,2017,6,2,2,2,3,0
48115,2017,7,0,1,2,1,0
48115,2017,9,1,1,2,2,0
48115,2017,11,1,1,2,2,0
48115,2018,1,1,1,2,2,0
48115,2018,3,1,1,2,2,0
48115,2018,5,1,1,4,2,0
48115,2018,6,0,1,4,2,0
48115,2018,7,1,1,3,3,1
48115,2019,8,1,1,3,3,3
48115,2020,3,1,1,2,2,2
48115,2020,7,1,1,7,7,7
48115,2020,8,1,1,4,4,4
48115,2020,10,1,1,2,2,2
48115,2020,11,1,1,2,2,2
48115,2021,10,1,1,3,3,3
48115,2021,12,3,3,5,11,11
48115,2022,3,1,1,3,3,3
48115,2022,5,1,1,3,3,3
48115,2022,7,1,1,3,3,3
48115,2023,1,1,1,2,2,2
48115,2023,6,1,1,2,2,2
48115,2023,7,2,2,3,6,6
48115,2023,8,3,3,5,12,12
48115,2023,9,1,1,9,9,9
48115,2023,11,1,1,3,3,3
48115,2024,2,2,2,3,5,5
48115,2024,8,1,1,5,5,5
48115,2024,10,1,1,4,4,4
48115,2025,2,2,2,3,5,5
48115,2025,10,1,1,2,2,2
48115,2025,11,2,2,5,9,9
48115,2025,12,1,1,6,6,6
48117,2015,2,1,1,2,2,0
48117,2015,9,2,2,3,5,0
48117,2015,12,1,1,2,2,0
48117,2016,1,1,1,2,2,0
48117,2016,2,1,1,4,4,0
48117,2016,7,2,2,4,7,0
48117,2016,10,1,1,3,3,1
48117,2016,11,2,2,2,4,0
48117,2017,2,1,1,3,3,0
48117,2017,3,1,1,3,3,3
48117,2017,6,1,1,3,3,0
48117,2017,11,1,1,2,2,0
48117,2018,3,1,1,2,2,0
48117,2018,4,1,1,2,2,0
48117,2018,5,2,2,4,7,0
48117,2018,7,1,1,5,5,0
48117,2019,7,1,1,3,3,0
48117,2019,8,4,4,4,12,0
48117,2020,3,1,1,2,2,0
48117,2020,7,1,1,7,7,0
48117,2020,8,2,2,2,4,0
48117,2020,9,1,1,2,2,0
48117,2020,10,2,2,3,6,0
48117,2020,12,1,1,2,2,2
48117,2021,4,1,1,2,2,0
48117,2021,9,1,1,3,3,3
48117,2021,10,1,1,3,3,0
48117,2021,11,2,2,3,5,0
48117,2021,12,3,3,4,8,6
48117,2022,3,1,1,2,2,1
48117,2022,4,2,2,2,4,2
48117,2022,5,1,1,5,5,0
48117,2022,6,1,1,5,5,1
48117,2022,7,2,2,4,6,0
48117,2023,6,1,1,2,2,0
48117,2023,7,3,3,2,6,0
48117,2023,8,3,3,5,10,0
48117,2023,9,1,1,9,9,9
48117,2023,11,1,1,5,5,0
48117,2024,2,2,2,2,4,0
48117,2024,7,1,1,2,1,0
48117,2024,8,2,3,6,10,0
48117,2024,9,1,1,2,2,0
48117,2024,10,1,1,5,5,0
48117,2025,2,2,2,2,4,0
48117,2025,8,1,1,4,4,0
48117,2025,10,1,1,3,3,0
48117,2025,11,1,1,3,3,0
48117,2025,12,2,2,6,8,0
48119,2015,1,1,1,2,2,2
48119,2015,3,1,1,2,2,2
48119,2015,8,1,1,2,2,2
48119,2015,10,1,1,5,5,5
48119,2015,12,2,2,5,9,9
48119,2016,1,1,1,2,2,2
48119,2016,2,1,1,2,2,2
48119,2016,3,1,1,3,3,3
48119,2016,11,2,2,3,5,5
48119,2016,12,1,1,3,3,3
48119,2017,1,2,2,2,3,3
48119,2017,2,2,3,2,5,5
48119,2017,3,1,1,3,3,3
48119,2017,11,1,1,4,4,4
48119,2017,12,1,1,3,3,3
48119,2018,5,2,2,6,8,8
48119,2018,6,1,1,2,2,2
48119,2018,7,1,1,5,5,5
48119,2019,2,1,1,2,2,2
48119,2019,9,1,1,2,2,2
48119,2019,10,1,1,4,4,4
48119,2020,3,1,1,3,3,3
48119,2020,12,1,1,2,2,2
48119,2021,10,1,1,3,3,3
48119,2021,12,4,4,9,20,20
48119,2022,1,0,1,9,1,1
48119,2022,3,1,1,3,3,3
48119,2022,5,2,2,4,7,7
48119,2022,6,2,2,6,8,8
48119,2022,7,3,3,5,13,13
48119,2022,12,1,1,2,2,2
48119,2023,1,3,3,3,8,8
48119,2023,2,1,1,2,2,2
48119,2023,8,4,4,5,16,16
48119,2023,9,1,1,4,4,4
48119,2023,10,1,1,3,3,3
48119,2023,11,1,1,2,2,2
48119,2024,2,2,2,3,5,5
48119,2024,5,1,1,2,2,2
48119,2024,10,1,1,2,2,2
48119,2025,3,2,2,2,4,4
48119,2025,4,1,1,2,2,2
48119,2025,10,1,1,2,2,2
48119,2025,11,2,2,6,9,9
48119,2025,12,1,1,6,6,6
48121,2015,1,1,1,2,2,0
48121,2015,3,1,1,2,2,0
48121,2015,9,1,1,2,2,0
48121,2015,10,2,2,2,4,0
48121,2015,12,1,1,2,2,0
48121,2016,1,1,1,2,2,0
48121,2016,2,1,1,2,2,0
48121,2016,11,2,2,2,4,0
48121,2017,1,2,2,2,4,0
48121,2017,2,2,2,2,4,0
48121,2017,3,1,1,7,7,0
48121,2017,5,1,1,2,2,0
48121,2017,11,1,1,2,2,0
48121,2017,12,1,1,3,3,0
48121,2018,5,1,1,6,6,0
48121,2018,6,1,1,4,4,0
48121,2018,7,1,1,7,7,0
48121,2019,10,1,1,6,6,0
48121,2020,3,2,2,2,4,0
48121,2020,12,1,1,2,2,0
48121,2021,10,1,1,3,3,0
48121,2021,12,4,4,6,17,0
48121,2022,3,1,1,3,3,0
48121,2022,4,1,1,2,2,0
48121,2022,5,2,2,4,7,0
48121,2022,6,2,2,7,10,0
48121,2022,7,2,2,4,6,0
48121,2023,1,3,3,2,6,0
48121,2023,2,1,1,2,2,0
48121,2023,6,1,1,6,6,0
48121,2023,7,3,3,8,7,0
48121,2023,8,3,4,8,19,0
48121,2023,9,1,1,7,7,0
48121,2023,10,1,1,2,2,0
48121,2023,11,1,1,3,3,0
48121,2024,1,1,1,2,2,0
48121,2024,2,1,1,3,3,0
48121,2024,5,1,1,2,2,0
48121,2024,8,1,1,3,3,0
48121,2024,10,2,2,2,4,0
48121,2024,12,1,1,2,2,0
48121,2025,3,2,2,3,6,0
48121,2025,11,1,1,6,6,0
48121,2025,12,1,1,7,7,0
48123,2015,8,1,1,6,6,0
48123,2015,10,2,2,5,7,0
48123,2015,12,2,2,2,4,0
48123,2016,3,1,1,2,2,0
48123,2016,8,1,1,3,3,0
48123,2016,10,2,2,6,8,0
48123,2016,11,2,2,3,5,0
48123,2016,12,1,1,4,4,0
48123,2017,1,1,1,5,5,0
48123,2017,2,3,3,3,7,0
48123,2017,3,2,2,4,6,0
48123,2017,6,1,1,2,2,0
48123,2017,7,1,1,3,3,0
48123,2017,11,1,1,6,6,0
48123,2018,3,1,1,4,4,0
48123,2018,5,2,2,6,11,0
48123,2018,6,1,1,6,6,0
48123,2018,7,1,1,2,2,0
48123,2018,8,1,1,5,5,0
48123,2018,9,1,1,2,2,0
48123,2018,11,1,1,2,2,0
48123,2019,4,1,1,2,2,0
48123,2019,8,1,1,5,5,0
48123,2019,9,2,2,5,8,0
48123,2019,10,3,3,6,10,0
48123,2019,12,1,1,2,2,0
48123,2020,1,1,1,2,2,0
48123,2020,3,3,3,5,12,0
48123,2020,4,2,2,2,4,0
48123,2020,7,1,1,5,5,0
48123,2020,8,2,2,6,9,0
48123,2020,10,1,1,2,2,0
48123,2021,3,1,1,2,2,0
48123,2021,12,3,3,5,10,0
48123,2022,1,1,1,2,2,0
48123,2022,2,1,1,2,2,0
48123,2022,3,1,1,3,3,0
48123,2022,5,3,3,5,12,0
48123,2022,6,2,2,12,17,0
48123,2022,7,2,2,8,10,0
48123,2022,10,1,1,2,2,0
48123,2022,11,1,1,2,2,0
48123,2022,12,1,1,2,2,0
48123,2023,1,1,1,2,2,0
48123,2023,2,2,2,3,4,0
48123,2023,3,1,2,4,5,0
48123,2023,6,2,2,6,11,0
48123,2023,7,2,2,26,20,0
48123,2023,8,2,3,26,27,0
48123,2023,9,2,3,13,18,0
48123,2023,10,2,2,2,4,0
48123,2023,11,1,1,2,2,0
48123,2024,2,1,1,4,4,0
48123,2024,3,1,1,2,2,0
48123,2024,5,2,2,7,11,0
48123,2024,8,1,1,3,3,0
48123,2024,9,1,1,4,4,0
48123,2024,10,2,2,16,22,0
48123,2024,11,5,5,5,15,0
48123,2024,12,2,2,3,5,0
48123,2025,2,2,2,7,9,0
48123,2025,3,3,3,4,10,0
48123,2025,4,2,2,2,4,0
48123,2025,5,2,2,7,9,0
48123,2025,8,2,2,3,5,0
48123,2025,9,2,2,3,5,0
48123,2025,10,5,5,11,21,0
48123,2025,11,2,2,10,14,0
48123,2025,12,1,1,3,3,3
48125,2015,1,1,1,2,2,0
48125,2015,3,1,1,2,2,0
48125,2015,10,1,1,2,2,0
48125,2016,1,1,1,2,2,0
48125,2016,2,1,1,3,3,0
48125,2016,7,2,2,2,4,0
48125,2016,10,1,1,2,2,0
48125,2016,11,1,1,2,2,0
48125,2017,2,2,2,2,4,0
48125,2017,3,1,1,4,4,0
48125,2017,11,2,2,2,4,0
48125,2018,2,1,1,2,2,0
48125,2018,4,1,1,2,2,0
48125,2018,5,1,1,3,2,0
48125,2018,6,0,1,3,1,0
48125,2018,7,1,1,3,3,0
48125,2019,8,3,3,3,8,0
48125,2020,3,1,1,2,2,0
48125,2020,5,1,1,2,2,0
48125,2020,7,1,1,5,5,0
48125,2020,8,2,2,5,7,0
48125,2020,10,1,1,2,2,0
48125,2020,11,1,1,2,2,0
48125,2020,12,1,1,2,2,0
48125,2021,4,1,1,2,2,0
48125,2021,10,1,1,4,4,0
48125,2021,11,1,1,2,2,0
48125,2021,12,3,3,2,6,0
48125,2022,3,1,1,3,3,0
48125,2022,4,2,2,2,4,0
48125,2022,5,4,4,3,11,0
48125,2022,6,1,1,2,2,0
48125,2022,7,1,1,4,4,0
48125,2022,8,1,1,3,3,0
48125,2023,1,1,1,2,2,0
48125,2023,6,2,2,3,5,0
48125,2023,7,2,2,2,4,0
48125,2023,8,3,3,5,12,0
48125,2023,9,2,2,5,7,0
48125,2023,11,1,1,3,3,0
48125,2024,2,2,2,2,4,0
48125,2024,8,3,3,9,13,0
48125,2024,10,1,1,4,4,0
48125,2025,2,2,2,3,5,0
48125,2025,4,1,1,2,2,0
48125,2025,10,1,1,2,2,0
48125,2025,11,2,2,3,5,0
48125,2025,12,1,1,6,6,0
48127,2015,10,1,1,2,2,0
48127,2016,3,1,1,2,2,0
48127,2016,7,2,2,4,6,0
48127,2016,11,1,1,2,2,0
48127,2017,1,1,1,2,2,0
48127,2017,2,2,2,4,6,0
48127,2017,6,2,2,2,4,0
48127,2017,7,1,1,2,2,0
48127,2017,9,1,1,2,2,0
48127,2017,11,1,1,2,2,0
48127,2018,5,1,1,2,2,0
48127,2018,7,1,1,6,6,0
48127,2019,4,1,1,2,2,0
48127,2019,6,2,2,3,5,0
48127,2019,8,2,2,6,10,0
48127,2019,10,1,1,2,2,0
48127,2019,12,1,1,3,3,0
48127,2020,3,1,1,2,2,0
48127,2020,7,2,2,5,7,0
48127,2020,10,1,1,2,2,0
48127,2021,4,1,1,2,2,0
48127,2021,12,4,4,3,8,0
48127,2022,1,0,1,3,1,0
48127,2022,3,1,1,4,4,0
48127,2022,5,2,2,5,8,0
48127,2022,6,1,1,3,3,0
48127,2022,7,1,1,2,2,0
48127,2022,11,1,1,2,2,0
48127,2023,1,1,1,3,3,0
48127,2023,2,2,2,3,4,0
48127,2023,3,2,3,3,6,0
48127,2023,6,1,1,13,13,0
48127,2023,7,1,1,10,10,0
48127,2023,8,2,2,11,14,0
48127,2023,9,1,1,2,2,0
48127,2024,2,2,2,4,6,0
48127,2024,5,1,1,6,6,0
48127,2024,8,1,1,3,3,0
48127,2024,10,3,3,3,8,0
48127,2024,11,2,2,5,8,0
48127,2024,12,2,2,5,7,0
48127,2025,2,3,3,3,7,0
48127,2025,3,3,3,4,9,0
48127,2025,4,2,2,2,4,0
48127,2025,5,2,2,5,10,0
48127,2025,9,1,1,2,2,0
48127,2025,11,2,2,4,7,0
48127,2025,12,1,1,5,5,0
48129,2015,1,1,1,2,2,0
48129,2015,2,1,1,2,2,0
48129,2015,4,1,1,3,3,0
48129,2015,10,1,1,2,2,0
48129,2016,1,1,1,2,2,0
48129,2016,10,1,1,3,3,0
48129,2016,11,2,2,2,4,0
48129,2017,2,2,2,3,5,0
48129,2017,3,1,1,2,2,0
48129,2018,3,1,1,2,2,2
48129,2018,4,1,1,2,2,2
48129,2018,7,1,1,3,3,3
48129,2019,8,1,1,3,3,3
48129,2020,3,1,1,2,2,2
48129,2020,7,1,1,4,4,4
48129,2020,8,1,1,3,3,3
48129,2020,10,1,1,3,3,3
48129,2021,10,1,1,3,3,3
48129,2021,12,3,3,4,10,10
48129,2022,3,1,1,2,2,2
48129,2022,4,1,1,2,2,2
48129,2022,5,1,1,3,3,3
48129,2022,6,1,1,2,2,2
48129,2023,6,1,1,2,2,2
48129,2023,8,2,2,3,5,5
48129,2023,9,2,2,4,6,6
48129,2023,11,1,1,2,2,2
48129,2024,2,2,2,2,4,4
48129,2024,8,1,1,9,9,9
48129,2024,10,2,2,5,7,7
48129,2025,2,1,1,2,2,2
48129,2025,10,1,1,3,3,3
48129,2025,11,1,1,3,3,3
48129,2025,12,1,1,6,6,6
48131,2015,10,2,2,3,6,0
48131,2015,12,1,1,2,2,0
48131,2017,1,1,1,2,2,0
48131,2017,2,2,2,3,5,0
48131,2017,9,1,1,2,2,0
48131,2017,11,1,1,5,5,0
48131,2018,3,1,1,2,2,0
48131,2019,6,1,1,4,4,0
48131,2019,8,1,1,2,2,0
48131,2019,10,2,2,3,5,0
48131,2019,12,1,1,2,2,0
48131,2020,1,1,1,2,2,0
48131,2020,3,1,1,4,4,0
48131,2020,9,1,1,2,2,0
48131,2020,10,1,1,2,2,0
48131,2021,4,1,1,2,2,0
48131,2021,12,3,3,5,7,0
48131,2022,1,0,1,5,2,0
48131,2022,3,1,1,2,2,0
48131,2022,4,1,1,2,2,0
48131,2022,6,1,1,3,3,0
48131,2022,7,1,1,5,5,0
48131,2022,10,1,1,2,2,0
48131,2023,1,2,2,3,5,0
48131,2023,2,2,2,4,4,0
48131,2023,3,2,3,4,7,0
48131,2023,6,1,1,18,18,0
48131,2023,7,2,2,3,5,0
48131,2023,8,1,1,16,16,0
48131,2023,9,4,4,7,16,0
48131,2023,10,1,1,2,2,0
48131,2024,2,1,1,3,3,0
48131,2024,5,1,1,7,7,0
48131,2024,8,1,1,3,3,0
48131,2024,10,4,4,3,11,0
48131,2024,11,2,2,3,5,0
48131,2024,12,1,1,3,3,0
48131,2025,2,1,1,4,4,0
48131,2025,3,1,1,3,3,0
48131,2025,4,1,1,3,3,0
48131,2025,5,1,1,6,6,0
48131,2025,9,1,1,5,5,0
48131,2025,10,4,4,4,11,0
48131,2025,11,2,2,5,7,0
48131,2025,12,1,1,4,4,0
48133,2015,1,1,1,3,3,3
48133,2015,3,1,1,2,2,2
48133,2015,9,1,1,2,2,2
48133,2015,10,1,1,4,4,4
48133,2015,12,1,1,2,2,2
48133,2016,1,1,1,2,2,2
48133,2016,2,1,1,2,2,2
48133,2016,11,1,1,2,2,2
48133,2017,1,1,1,2,2,2
48133,2017,2,2,2,3,5,5
48133,2017,3,1,1,4,4,4
48133,2017,5,1,1,2,2,2
48133,2017,11,2,2,2,4,4
48133,2017,12,1,1,2,2,2
48133,2018,3,1,1,2,2,2
48133,2018,5,1,1,8,6,6
48133,2018,6,2,3,8,7,7
48133,2018,7,1,1,6,6,6
48133,2019,10,2,2,3,5,5
48133,2020,3,1,1,3,3,3
48133,2020,5,1,1,2,2,2
48133,2020,7,1,1,4,4,4
48133,2020,8,1,1,4,4,4
48133,2020,12,1,1,2,2,2
48133,2021,10,1,1,3,3,3
48133,2021,11,1,1,2,2,2
48133,2021,12,4,4,7,17,17
48133,2022,3,1,1,4,4,4
48133,2022,5,3,3,9,16,16
48133,2022,6,3,3,7,13,13
48133,2022,7,3,3,9,16,16
48133,2022,8,1,1,3,3,3
48133,2023,1,2,2,2,4,4
48133,2023,2,1,1,2,2,2
48133,2023,6,2,2,7,10,10
48133,2023,7,4,4,15,11,11
48133,2023,8,2,3,15,22,22
48133,2023,9,2,2,10,12,12
48133,2023,11,1,1,2,2,2
48133,2024,2,2,2,3,5,5
48133,2024,5,1,1,2,2,2
48133,2024,8,1,1,6,6,6
48133,2024,10,2,2,4,6,6
48133,2024,12,1,1,2,2,2
48133,2025,2,2,2,3,5,5
48133,2025,3,3,3,2,6,6
48133,2025,4,1,1,2,2,2
48133,2025,10,1,1,3,3,3
48133,2025,11,2,2,7,11,11
48133,2025,12,1,1,6,6,6
48135,2015,3,1,1,2,2,0
48135,2015,12,1,1,2,2,0
48135,2016,1,1,1,2,2,0
48135,2016,2,1,1,3,3,0
48135,2016,7,1,1,3,3,0
48135,2016,10,1,1,3,3,0
48135,2016,12,1,1,2,2,0
48135,2017,1,1,1,3,3,0
48135,2017,2,2,2,3,5,0
48135,2017,3,2,2,4,6,0
48135,2017,4,1,1,2,2,0
48135,2017,6,2,2,2,4,0
48135,2017,11,1,1,5,5,0
48135,2017,12,1,1,2,2,0
48135,2018,1,1,1,2,2,0
48135,2018,3,1,1,4,4,0
48135,2018,5,2,2,4,5,0
48135,2018,6,0,1,4,1,0
48135,2019,4,1,1,2,2,0
48135,2019,7,1,1,2,2,0
48135,2019,8,3,3,4,8,0
48135,2019,10,1,1,2,2,0
48135,2019,12,1,1,2,2,0
48135,2020,3,1,1,2,2,0
48135,2020,7,2,2,4,6,0
48135,2020,8,2,2,4,6,0
48135,2020,10,2,2,3,5,0
48135,2020,11,1,1,2,2,0
48135,2021,10,1,1,3,3,0
48135,2021,11,1,1,2,2,0
48135,2021,12,2,2,6,9,0
48135,2022,3,1,1,4,4,0
48135,2022,4,1,1,2,2,0
48135,2022,5,2,2,5,7,0
48135,2022,7,1,1,2,2,0
48135,2023,6,1,1,9,9,0
48135,2023,7,2,2,6,9,0
48135,2023,8,3,3,5,13,0
48135,2023,9,3,3,10,15,0
48135,2023,11,1,1,3,3,0
48135,2023,12,1,1,2,2,0
48135,2024,2,2,2,3,5,0
48135,2024,4,1,1,2,2,0
48135,2024,8,2,2,3,5,0
48135,2024,10,1,1,4,4,0
48135,2024,12,1,1,2,2,0
48135,2025,2,1,1,6,6,0
48135,2025,4,1,1,2,2,0
48135,2025,11,2,2,4,7,0
48135,2025,12,2,2,3,5,0
48137,2015,1,1,1,2,2,0
48137,2015,10,1,1,2,2,0
48137,2015,12,1,1,3,3,3
48137,2016,1,1,1,2,2,2
48137,2017,2,1,1,2,2,0
48137,2017,6,1,1,2,2,0
48137,2017,7,1,1,2,2,2
48137,2017,9,1,1,2,2,2
48137,2017,11,1,1,5,5,5
48137,2018,11,1,1,2,2,0
48137,2019,2,1,1,2,2,0
48137,2019,10,2,2,2,4,0
48137,2019,12,1,1,2,2,0
48137,2020,7,1,1,3,3,0
48137,2020,10,1,1,2,2,0
48137,2021,12,4,4,3,10,0
48137,2022,1,0,1,3,1,0
48137,2022,2,1,1,2,2,0
48137,2022,3,1,1,4,4,4
48137,2023,1,2,2,2,4,0
48137,2023,2,2,2,3,4,0
48137,2023,3,0,1,3,1,0
48137,2023,6,2,2,5,8,0
48137,2023,8,2,2,7,10,0
48137,2023,9,2,2,8,10,0
48137,2024,2,1,1,3,3,0
48137,2024,5,1,1,4,4,0
48137,2024,8,1,1,3,3,0
48137,2024,10,3,3,4,9,0
48137,2024,12,1,1,3,3,3
48137,2025,2,1,1,2,2,0
48137,2025,3,3,3,3,8,0
48137,2025,5,1,1,3,3,0
48137,2025,9,1,1,2,2,2
48137,2025,10,2,2,4,6,6
48137,2025,11,2,2,7,11,11
48137,2025,12,2,2,6,8,8
48139,2015,1,1,1,2,2,0
48139,2015,10,1,1,2,2,0
48139,2015,12,2,2,2,4,0
48139,2016,1,1,1,2,2,0
48139,2016,3,1,1,2,2,0
48139,2016,11,2,2,2,4,0
48139,2016,12,1,1,4,4,0
48139,2017,1,2,2,3,5,0
48139,2017,2,1,2,3,3,0
48139,2017,3,1,1,2,2,0
48139,2017,11,1,1,2,2,0
48139,2017,12,1,1,3,3,0
48139,2018,5,2,2,6,8,0
48139,2018,6,2,2,2,3,0
48139,2018,7,2,3,7,10,0
48139,2019,9,2,2,5,7,0
48139,2019,10,2,2,3,5,0
48139,2020,3,2,2,2,4,0
48139,2020,4,1,1,2,2,0
48139,2020,8,1,1,2,2,0
48139,2020,12,1,1,2,2,0
48139,2021,10,1,1,3,3,0
48139,2021,12,4,4,7,17,0
48139,2022,1,1,1,2,2,0
48139,2022,3,1,1,3,3,0
48139,2022,5,3,3,5,11,0
48139,2022,6,2,2,11,15,0
48139,2022,7,3,3,9,22,0
48139,2022,12,1,1,4,4,0
48139,2023,1,3,3,2,6,0
48139,2023,2,1,1,3,3,0
48139,2023,7,1,1,3,3,0
48139,2023,8,4,4,6,19,0
48139,2023,9,2,2,8,10,0
48139,2023,11,1,1,2,2,0
48139,2024,1,1,1,2,2,0
48139,2024,2,2,2,3,5,0
48139,2024,3,1,1,2,2,0
48139,2024,5,1,1,2,2,0
48139,2024,8,1,1,2,2,0
48139,2024,9,1,1,2,2,0
48139,2024,10,1,1,2,2,0
48139,2024,12,1,1,3,3,0
48139,2025,2,1,1,3,3,0
48139,2025,3,1,1,3,3,0
48139,2025,5,1,1,3,3,0
48139,2025,10,1,1,3,3,0
48139,2025,11,1,1,5,5,0
48139,2025,12,1,1,6,6,0
48141,2015,3,1,1,2,2,0
48141,2015,12,1,1,2,2,0
48141,2016,2,1,1,4,4,0
48141,2016,12,1,1,2,2,0
48141,2017,1,2,2,3,5,0
48141,2017,2,1,1,3,3,0
48141,2017,3,2,2,10,12,0
48141,2017,6,1,1,2,2,0
48141,2017,10,1,1,2,2,0
48141,2017,11,2,2,3,5,0
48141,2017,12,3,3,2,6,0
48141,2018,3,1,1,4,4,0
48141,2018,4,1,1,2,2,0
48141,2018,5,1,1,3,3,0
48141,2018,6,1,1,2,2,0
48141,2018,10,1,1,2,2,0
48141,2019,3,1,1,2,2,0
48141,2019,4,1,1,3,3,0
48141,2019,8,4,4,4,11,0
48141,2019,12,1,1,2,2,0
48141,2020,1,1,1,2,2,0
48141,2020,3,1,1,2,2,0
48141,2020,4,1,1,3,3,0
48141,2020,5,1,1,2,2,0
48141,2020,7,1,1,7,7,0
48141,2020,8,4,4,7,14,0
48141,2020,9,1,1,2,2,0
48141,2020,10,1,1,5,5,0
48141,2020,11,2,2,5,9,0
48141,2021,10,1,1,2,2,0
48141,2021,11,1,1,2,2,0
48141,2021,12,3,3,4,8,0
48141,2022,3,1,1,3,3,0
48141,2022,4,1,1,3,3,0
48141,2022,5,2,2,2,4,0
48141,2022,6,1,1,2,2,0
48141,2022,7,1,1,3,3,0
48141,2022,8,1,1,3,3,0
48141,2022,11,1,1,2,2,0
48141,2022,12,1,1,2,2,0
48141,2023,1,1,1,2,2,0
48141,2023,6,1,1,3,3,0
48141,2023,7,2,2,6,10,0
48141,2023,8,2,2,4,6,0
48141,2023,9,1,1,11,11,0
48141,2023,10,1,1,2,2,0
48141,2023,11,1,1,5,5,0
48141,2023,12,1,1,2,2,0
48141,2024,2,2,2,2,4,0
48141,2024,5,1,1,3,3,0
48141,2024,6,2,2,2,4,0
48141,2024,8,1,1,5,5,0
48141,2024,10,1,1,4,4,0
48141,2025,1,1,1,2,2,0
48141,2025,2,2,2,7,10,0
48141,2025,3,1,1,4,4,0
48141,2025,4,2,2,3,5,0
48141,2025,5,1,1,2,2,0
48141,2025,6,1,1,3,3,0
48141,2025,8,1,1,8,8,0
48141,2025,11,2,2,4,7,0
48141,2025,12,2,2,10,12,0
48143,2015,1,1,1,2,2,0
48143,2015,3,1,1,2,2,0
48143,2015,10,2,2,2,4,0
48143,2015,12,2,2,3,5,0
48143,2016,1,1,1,3,3,0
48143,2016,10,1,1,3,3,0
48143,2016,11,2,2,2,4,2
48143,2017,1,2,2,2,4,0
48143,2017,2,3,3,2,6,0
48143,2017,3,1,1,3,3,0
48143,2017,11,2,2,2,4,0
48143,2018,1,1,1,2,2,0
48143,2018,2,1,1,2,2,0
48143,2018,3,1,1,3,3,0
48143,2018,5,1,1,7,7,0
48143,2018,6,4,4,4,10,0
48143,2018,7,1,2,7,10,0
48143,2019,2,1,1,2,2,0
48143,2019,10,2,2,6,8,0
48143,2020,2,1,1,2,2,0
48143,2020,5,1,1,2,2,0
48143,2020,7,1,1,2,2,0
48143,2020,8,2,2,5,7,0
48143,2020,12,1,1,2,2,0
48143,2021,11,1,1,3,3,0
48143,2021,12,4,4,8,17,0
48143,2022,3,1,1,4,4,0
48143,2022,5,3,3,9,15,0
48143,2022,6,3,3,8,14,0
48143,2022,7,4,4,6,18,0
48143,2022,8,1,1,2,2,0
48143,2022,11,2,2,2,4,0
48143,2022,12,1,1,2,2,0
48143,2023,1,2,2,2,4,0
48143,2023,2,1,1,2,2,0
48143,2023,6,2,2,6,8,0
48143,2023,7,4,4,15,11,0
48143,2023,8,2,3,15,21,1
48143,2023,9,2,2,9,11,0
48143,2023,10,1,1,2,2,0
48143,2023,11,1,1,3,3,0
48143,2024,2,2,2,3,6,0
48143,2024,5,1,1,2,2,0
48143,2024,8,1,1,2,2,0
48143,2024,10,1,1,2,2,0
48143,2024,12,1,1,3,3,0
48143,2025,2,3,3,3,7,0
48143,2025,3,3,3,3,7,0
48143,2025,4,1,1,2,2,0
48143,2025,9,1,1,2,2,0
48143,2025,11,2,2,7,9,0
48143,2025,12,1,1,6,6,0
48145,2015,1,1,1,2,2,0
48145,2015,10,2,2,3,5,0
48145,2015,12,1,1,2,2,0
48145,2016,2,1,1,2,2,0
48145,2016,3,1,1,2,2,0
48145,2016,11,1,1,2,2,2
48145,2017,1,1,1,2,2,2
48145,2017,2,1,1,2,2,2
48145,2017,3,1,1,2,2,2
48145,2017,11,1,1,2,2,2
48145,2018,5,2,2,7,10,10
48145,2018,7,1,1,7,7,7
48145,2019,10,1,1,6,6,6
48145,2020,3,1,1,3,3,3
48145,2020,7,1,1,2,2,2
48145,2020,8,1,1,3,3,3
48145,2020,12,1,1,2,2,2
48145,2021,12,3,3,9,14,14
48145,2022,1,0,1,9,1,1
48145,2022,3,1,1,3,3,3
48145,2022,5,3,3,8,16,16
48145,2022,6,2,2,8,11,11
48145,2022,7,3,3,6,14,14
48145,2022,8,1,1,2,2,2
48145,2022,12,1,1,2,2,2
48145,2023,1,2,2,2,4,4
48145,2023,2,1,1,2,2,2
48145,2023,6,2,2,5,7,7
48145,2023,7,4,4,16,14,14
48145,2023,8,2,3,16,24,24
48145,2023,9,1,1,9,9,9
48145,2023,10,2,2,4,6,6
48145,2023,11,1,1,2,2,2
48145,2024,2,1,1,3,3,3
48145,2024,5,1,1,3,3,3
48145,2024,10,2,2,7,11,11
48145,2024,11,1,1,2,2,2
48145,2024,12,1,1,2,2,2
48145,2025,2,1,1,3,3,3
48145,2025,3,2,2,3,5,5
48145,2025,4,1,1,2,2,2
48145,2025,5,1,1,3,3,3
48145,2025,10,1,1,3,3,3
48145,2025,11,1,1,4,4,4
48145,2025,12,1,1,6,6,6
48147,2015,1,1,1,3,3,0
48147,2015,8,1,1,3,3,0
48147,2015,9,1,1,2,2,0
48147,2015,10,1,1,4,4,0
48147,2015,12,2,2,4,6,0
48147,2016,1,1,1,2,2,0
48147,2016,10,1,1,2,2,0
48147,2016,11,2,2,3,5,0
48147,2017,1,2,2,2,3,0
48147,2017,2,2,3,3,6,0
48147,2017,3,1,1,2,2,0
48147,2017,5,1,1,2,2,0
48147,2017,11,1,1,2,2,0
48147,2017,12,1,1,3,3,0
48147,2018,5,1,1,6,6,0
48147,2018,7,1,1,5,5,0
48147,2019,2,1,1,2,2,0
48147,2019,9,1,1,4,4,0
48147,2019,10,1,1,3,3,0
48147,2020,3,1,1,3,3,0
48147,2020,12,1,1,2,2,0
48147,2021,10,1,1,3,3,0
48147,2021,12,4,4,6,17,0
48147,2022,3,1,1,2,2,0
48147,2022,5,1,1,2,2,0
48147,2022,6,2,2,3,5,0
48147,2022,7,3,3,3,8,0
48147,2023,1,2,2,2,4,0
48147,2023,8,3,3,4,10,0
48147,2023,9,1,1,3,3,0
48147,2023,10,1,1,4,4,0
48147,2023,11,1,1,3,3,0
48147,2024,1,1,1,2,2,0
48147,2024,2,2,2,2,4,0
48147,2024,5,2,2,2,4,0
48147,2024,6,2,2,5,7,0
48147,2024,8,1,1,4,4,0
48147,2024,9,1,1,3,3,0
48147,2024,10,3,3,7,11,0
48147,2025,2,1,1,2,2,0
48147,2025,3,2,2,2,4,0
48147,2025,4,1,1,2,2,0
48147,2025,5,1,1,2,2,0
48147,2025,10,3,3,2,6,0
48147,2025,11,2,2,6,8,0
48147,2025,12,1,1,6,6,0
48149,2015,1,1,1,2,2,0
48149,2015,8,1,1,3,3,0
48149,2015,10,1,1,5,5,0
48149,2016,3,1,1,2,2,0
48149,2016,10,1,1,3,3,0
48149,2016,11,1,1,3,3,0
48149,2016,12,1,1,4,4,0
48149,2017,1,1,1,4,4,0
48149,2017,2,4,4,3,10,0
48149,2017,3,1,1,3,3,0
48149,2017,7,1,1,2,2,0
48149,2017,11,1,1,5,5,0
48149,2018,5,2,2,2,4,0
48149,2019,9,1,1,5,5,0
48149,2019,10,3,3,6,10,0
48149,2020,3,1,1,5,5,0
48149,2020,4,1,1,2,2,0
48149,2020,7,1,1,2,2,0
48149,2020,8,2,2,3,6,0
48149,2020,10,1,1,2,2,0
48149,2020,11,1,1,3,3,0
48149,2021,12,5,5,6,15,0
48149,2022,1,0,1,2,1,0
48149,2022,3,1,1,4,4,0
48149,2022,5,3,3,7,17,0
48149,2022,6,3,3,10,17,0
48149,2022,7,3,3,5,9,0
48149,2022,10,1,1,2,2,0
48149,2022,11,2,2,2,4,0
48149,2022,12,1,1,5,5,0
48149,2023,1,1,1,2,2,0
48149,2023,2,2,2,3,5,0
48149,2023,3,1,1,2,2,0
48149,2023,6,1,1,3,3,0
48149,2023,7,3,3,15,11,0
48149,2023,8,2,3,15,23,0
48149,2023,9,1,1,9,9,0
48149,2023,10,2,2,2,4,0
48149,2024,5,1,1,2,2,0
48149,2024,8,1,1,3,3,0
48149,2024,10,2,2,4,8,0
48149,2024,11,3,3,3,7,0
48149,2024,12,1,1,3,3,0
48149,2025,2,1,1,5,5,0
48149,2025,3,2,2,3,6,0
48149,2025,4,1,1,2,2,0
48149,2025,5,2,2,3,5,0
48149,2025,10,2,2,5,8,0
48149,2025,11,2,2,9,11,0
48149,2025,12,2,2,3,5,5
48151,2015,1,1,1,2,2,0
48151,2015,3,2,2,2,4,0
48151,2015,8,1,1,2,2,0
48151,2015,9,1,1,3,3,0
48151,2015,10,1,1,2,2,0
48151,2016,1,1,1,2,2,1
48151,2016,10,2,2,2,4,0
48151,2017,2,1,1,2,2,0
48151,2017,3,1,1,3,3,0
48151,2017,11,2,2,2,4,0
48151,2018,5,1,1,6,6,0
48151,2018,7,1,1,6,6,0
48151,2019,8,1,1,3,3,0
48151,2020,3,1,1,2,2,2
48151,2020,5,1,1,2,2,0
48151,2020,7,1,1,4,4,4
48151,2020,8,1,1,6,6,0
48151,2020,10,1,1,2,2,2
48151,2021,10,1,1,3,3,3
48151,2021,12,2,2,4,8,8
48151,2022,3,1,1,3,3,3
48151,2022,5,2,2,3,5,5
48151,2022,6,1,1,2,2,2
48151,2022,7,1,1,3,3,3
48151,2023,6,2,2,2,4,4
48151,2023,7,2,2,3,5,5
48151,2023,8,3,3,5,12,12
48151,2023,9,1,1,9,9,9
48151,2023,11,1,1,3,3,3
48151,2024,2,2,2,2,4,4
48151,2024,8,1,1,6,6,6
48151,2024,10,1,1,4,4,4
48151,2025,2,1,1,2,2,2
48151,2025,10,1,1,2,2,2
48151,2025,11,1,1,3,3,3
48151,2025,12,1,1,6,6,6
48153,2015,1,1,1,2,2,0
48153,2015,2,1,1,2,2,0
48153,2016,1,1,1,2,2,0
48153,2016,2,1,1,3,3,0
48153,2016,7,2,2,3,5,0
48153,2016,11,2,2,2,4,0
48153,2017,2,2,2,2,4,0
48153,2017,3,1,1,2,2,0
48153,2017,11,2,2,2,4,0
48153,2018,1,1,1,2,2,0
48153,2018,2,1,1,2,2,0
48153,2018,3,1,1,2,2,0
48153,2018,4,1,1,2,2,0
48153,2018,5,2,2,3,5,0
48153,2018,7,1,1,2,2,0
48153,2019,8,1,1,4,4,0
48153,2020,3,1,1,2,2,0
48153,2020,7,1,1,4,4,0
48153,2020,8,2,2,4,6,0
48153,2020,10,1,1,3,3,0
48153,2020,11,1,1,2,2,0
48153,2020,12,1,1,2,2,0
48153,2021,10,1,1,3,3,0
48153,2021,12,3,3,4,8,0
48153,2022,3,1,1,3,3,0
48153,2022,4,1,1,2,2,0
48153,2022,5,1,1,2,2,0
48153,2022,6,1,1,2,2,0
48153,2022,7,1,1,2,2,0
48153,2023,6,2,2,2,4,0
48153,2023,7,1,1,2,2,0
48153,2023,8,2,2,3,5,0
48153,2023,9,2,2,5,7,0
48153,2023,11,1,1,3,3,0
48153,2024,2,2,2,2,4,0
48153,2024,8,2,2,4,6,0
48153,2024,10,1,1,4,4,0
48153,2025,2,2,2,2,4,0
48153,2025,4,1,1,2,2,0
48153,2025,11,2,2,3,5,0
48153,2025,12,2,2,6,8,0
48155,2015,1,1,1,2,2,2
48155,2015,2,1,1,3,3,3
48155,2015,3,1,1,2,2,2
48155,2015,9,1,1,2,2,2
48155,2015,10,1,1,2,2,2
48155,2015,12,1,1,3,3,3
48155,2016,1,1,1,3,3,3
48155,2016,2,1,1,4,4,4
48155,2016,10,1,1,3,3,3
48155,2016,11,2,2,2,4,4
48155,2017,1,1,1,3,3,3
48155,2017,2,2,2,3,5,5
48155,2017,3,1,1,6,6,6
48155,2017,11,1,1,2,2,2
48155,2017,12,1,1,3,3,3
48155,2018,3,1,1,4,4,4
48155,2018,4,1,1,2,2,2
48155,2018,5,2,2,3,5,5
48155,2018,7,1,1,5,5,5
48155,2019,8,1,1,3,3,3
48155,2019,9,1,1,2,2,2
48155,2020,3,1,1,2,2,2
48155,2020,4,1,1,2,2,2
48155,2020,5,1,1,2,2,2
48155,2020,7,1,1,4,4,4
48155,2020,8,1,1,4,4,4
48155,2020,10,1,1,2,2,2
48155,2020,12,1,1,2,2,2
48155,2021,10,1,1,3,3,3
48155,2021,12,3,3,4,11,11
48155,2022,3,1,1,4,4,4
48155,2022,4,2,2,2,4,4
48155,2022,5,4,4,4,12,12
48155,2022,6,2,2,4,6,6
48155,2022,7,2,2,4,7,7
48155,2022,8,1,1,4,4,4
48155,2023,1,2,2,2,4,4
48155,2023,2,2,2,2,4,4
48155,2023,6,2,2,2,4,4
48155,2023,7,2,2,3,5,5
48155,2023,8,3,3,7,18,18
48155,2023,9,2,2,9,11,11
48155,2023,11,1,1,4,4,4
48155,2024,2,2,2,3,5,5
48155,2024,8,2,2,10,12,12
48155,2024,10,3,3,4,10,10
48155,2025,2,2,2,2,4,4
48155,2025,3,2,2,2,4,4
48155,2025,4,1,1,2,2,2
48155,2025,10,1,1,4,4,4
48155,2025,11,2,2,6,10,10
48155,2025,12,2,2,6,8,8
48157,2015,1,1,1,3,3,0
48157,2015,4,1,1,3,3,0
48157,2015,8,1,1,2,2,0
48157,2015,10,1,1,2,2,0
48157,2015,12,2,2,2,4,0
48157,2016,3,1,1,2,2,0
48157,2016,10,1,1,2,2,0
48157,2016,11,1,1,2,2,0
48157,2016,12,1,1,5,5,0
48157,2017,1,1,1,2,2,0
48157,2017,2,3,3,3,7,0
48157,2017,3,3,3,4,9,0
48157,2017,4,1,1,2,2,0
48157,2017,10,1,1,2,2,0
48157,2017,11,1,1,5,5,0
48157,2017,12,1,1,2,2,0
48157,2018,2,4,4,3,10,0
48157,2018,3,2,2,4,6,0
48157,2018,5,2,2,7,10,0
48157,2018,10,2,2,7,9,0
48157,2018,11,1,1,2,2,0
48157,2019,9,1,1,2,2,0
48157,2019,10,1,1,3,3,0
48157,2020,3,1,1,4,4,0
48157,2020,11,1,1,2,2,0
48157,2021,1,1,1,3,3,0
48157,2021,2,2,2,3,5,0
48157,2021,3,1,1,2,2,0
48157,2021,12,4,4,9,18,0
48157,2022,1,0,1,9,1,0
48157,2022,3,2,2,3,5,0
48157,2022,5,1,1,2,2,0
48157,2022,6,3,3,4,9,0
48157,2022,7,1,1,5,5,0
48157,2022,11,2,2,4,6,0
48157,2022,12,1,1,6,6,0
48157,2023,1,2,2,2,4,0
48157,2023,2,1,1,9,8,0
48157,2023,3,2,3,9,6,0
48157,2023,4,0,1,2,1,0
48157,2023,6,1,1,13,13,0
48157,2023,7,2,2,21,6,0
48157,2023,8,2,3,21,28,0
48157,2023,9,3,4,6,15,0
48157,2023,10,1,1,2,2,0
48157,2023,11,1,1,2,2,0
48157,2024,2,1,1,2,2,0
48157,2024,9,1,1,2,2,0
48157,2024,10,4,4,3,10,0
48157,2024,11,1,1,3,3,0
48157,2024,12,1,1,4,4,0
48157,2025,2,1,1,7,7,0
48157,2025,3,2,2,3,5,0
48157,2025,5,2,2,4,6,0
48157,2025,10,2,2,5,8,0
48157,2025,11,2,2,7,9,0
48157,2025,12,2,2,3,6,0
48159,2015,1,1,1,2,2,0
48159,2015,8,1,1,2,2,0
48159,2015,10,3,3,2,6,0
48159,2015,12,2,2,2,4,0
48159,2016,1,1,1,2,2,0
48159,2016,3,1,1,2,2,0
48159,2016,7,1,1,3,3,0
48159,2016,10,2,2,2,4,0
48159,2016,11,2,2,3,5,0
48159,2016,12,1,1,2,2,0
48159,2017,1,1,1,3,3,0
48159,2017,2,1,1,2,2,0
48159,2017,3,1,1,3,3,0
48159,2017,10,1,1,2,2,0
48159,2017,11,1,1,5,5,0
48159,2017,12,1,1,3,3,0
48159,2018,5,2,2,3,5,0
48159,2018,6,1,1,2,2,0
48159,2018,7,1,1,5,5,0
48159,2019,2,1,1,3,3,0
48159,2019,10,2,2,4,6,0
48159,2020,3,1,1,4,4,0
48159,2020,12,1,1,2,2,0
48159,2021,10,1,1,2,2,0
48159,2021,12,4,4,5,14,0
48159,2022,3,1,1,3,3,0
48159,2022,5,1,1,2,2,0
48159,2022,6,1,1,4,4,0
48159,2022,7,3,3,6,13,0
48159,2022,12,1,1,2,2,0
48159,2023,1,3,3,2,6,0
48159,2023,2,1,1,2,2,0
48159,2023,3,1,1,2,2,0
48159,2023,8,2,2,3,6,6
48159,2023,9,1,1,3,3,3
48159,2023,10,1,1,3,3,3
48159,2023,11,1,1,2,2,2
48159,2024,2,1,1,3,3,0
48159,2024,10,1,1,2,2,0
48159,2024,11,1,1,2,2,0
48159,2025,2,1,1,3,3,0
48159,2025,3,1,1,3,3,0
48159,2025,11,2,2,3,5,0
48159,2025,12,2,2,3,5,0
48161,2015,1,1,1,2,2,2
48161,2015,10,1,1,5,5,5
48161,2015,12,1,1,2,2,2
48161,2016,1,1,1,2,2,2
48161,2016,3,1,1,2,2,2
48161,2016,11,1,1,2,2,2
48161,2017,1,1,1,2,2,2
48161,2017,2,1,1,2,2,2
48161,2017,3,1,1,2,2,2
48161,2017,11,1,1,4,4,4
48161,2018,5,1,1,6,6,6
48161,2018,7,1,1,4,4,4
48161,2019,10,1,1,6,6,6
48161,2020,3,1,1,3,3,3
48161,2021,12,3,3,9,13,13
48161,2022,1,0,1,9,1,1
48161,2022,3,1,1,3,3,3
48161,2022,5,1,1,4,4,4
48161,2022,6,3,3,4,8,8
48161,2022,7,2,2,5,9,9
48161,2022,12,1,1,2,2,2
48161,2023,1,1,1,2,2,2
48161,2023,2,1,1,2,2,2
48161,2023,7,2,2,7,3,3
48161,2023,8,3,4,7,20,20
48161,2023,9,1,1,7,7,7
48161,2023,10,1,1,2,2,2
48161,2023,11,1,1,2,2,2
48161,2024,2,1,1,3,3,3
48161,2024,10,2,2,7,9,9
48161,2024,11,1,1,2,2,2
48161,2025,2,1,1,3,3,3
48161,2025,3,2,2,2,4,4
48161,2025,5,1,1,2,2,2
48161,2025,10,1,1,2,2,2
48161,2025,11,2,2,5,7,7
48161,2025,12,1,1,6,6,6
48163,2015,9,1,1,3,3,0
48163,2015,10,3,3,4,8,0
48163,2015,11,1,1,5,5,0
48163,2015,12,3,3,5,9,0
48163,2016,1,1,1,2,2,0
48163,2016,7,4,4,6,13,0
48163,2016,8,2,2,2,4,0
48163,2016,11,2,2,3,6,0
48163,2016,12,1,1,2,2,0
48163,2017,1,3,3,3,8,0
48163,2017,2,3,3,5,11,0
48163,2018,2,1,1,2,2,0
48163,2018,6,1,1,2,2,0
48163,2018,7,1,1,2,2,0
48163,2020,7,1,1,2,2,2
48163,2022,1,1,1,2,2,0
48163,2022,7,1,1,3,3,3
48163,2023,3,1,1,3,3,0
48163,2023,6,2,2,5,9,0
48163,2023,7,1,1,8,8,0
48163,2023,8,2,2,10,12,2
48163,2023,9,1,1,3,3,3
48163,2024,2,1,1,3,3,0
48163,2024,5,1,1,5,5,1
48163,2024,10,2,2,2,4,0
48163,2025,3,1,1,2,2,2
48163,2025,12,1,1,2,2,2
48165,2015,9,1,1,2,2,0
48165,2015,12,1,1,2,2,0
48165,2016,1,1,1,2,2,0
48165,2016,2,1,1,2,2,0
48165,2016,7,2,2,3,6,0
48165,2017,2,2,2,2,4,0
48165,2017,3,1,1,5,5,0
48165,2017,9,1,1,2,2,0
48165,2017,11,1,1,4,4,0
48165,2017,12,1,1,2,2,0
48165,2018,2,1,1,2,2,0
48165,2018,3,1,1,2,2,0
48165,2018,5,3,3,4,8,0
48165,2018,6,0,1,4,1,0
48165,2018,7,1,1,2,2,0
48165,2019,8,2,2,2,4,0
48165,2020,5,1,1,2,2,0
48165,2020,7,1,1,7,7,0
48165,2020,8,3,3,5,9,0
48165,2020,10,1,1,2,2,0
48165,2020,11,1,1,3,3,0
48165,2021,6,1,1,2,2,0
48165,2021,10,1,1,2,2,0
48165,2021,12,3,3,5,10,0
48165,2022,3,1,1,4,4,0
48165,2022,4,1,1,2,2,0
48165,2022,5,3,3,2,6,0
48165,2022,7,1,1,2,2,0
48165,2022,8,1,1,2,2,0
48165,2023,1,1,1,2,2,0
48165,2023,6,2,2,5,8,0
48165,2023,7,2,2,4,7,0
48165,2023,8,3,3,5,10,0
48165,2023,9,1,1,6,6,0
48165,2023,11,1,1,5,5,0
48165,2023,12,1,1,2,2,0
48165,2024,2,2,2,2,4,0
48165,2024,8,2,2,4,6,0
48165,2024,10,1,1,4,4,0
48165,2025,2,3,3,4,8,0
48165,2025,4,1,1,2,2,0
48165,2025,8,1,1,3,3,0
48165,2025,11,2,2,4,8,0
48165,2025,12,2,2,6,8,0
48167,2015,7,1,1,3,3,0
48167,2015,8,1,1,5,5,0
48167,2015,10,1,1,4,4,0
48167,2015,11,1,1,2,2,0
48167,2015,12,2,2,3,5,0
48167,2016,10,2,2,3,5,0
48167,2016,11,3,3,4,8,0
48167,2016,12,1,1,5,5,0
48167,2017,1,6,6,4,16,0
48167,2017,2,5,6,4,16,0
48167,2017,3,1,2,12,13,0
48167,2017,4,2,2,3,5,0
48167,2017,7,1,1,2,2,0
48167,2017,10,3,3,4,10,0
48167,2017,11,1,1,7,7,0
48167,2018,2,2,2,12,14,0
48167,2018,3,1,1,4,4,0
48167,2018,5,2,2,6,9,0
48167,2018,8,1,1,2,2,0
48167,2018,10,2,2,6,8,0
48167,2018,11,1,1,3,3,0
48167,2018,12,1,1,2,2,0
48167,2019,4,1,1,2,2,0
48167,2019,6,1,1,2,2,0
48167,2019,7,1,1,2,2,0
48167,2019,9,3,3,7,12,0
48167,2019,10,1,1,7,7,0
48167,2020,1,1,1,2,2,0
48167,2020,3,2,2,10,13,0
48167,2020,4,2,2,2,4,0
48167,2020,5,1,1,3,3,0
48167,2020,6,1,1,3,3,0
48167,2020,7,1,1,2,2,0
48167,2020,8,1,1,2,2,0
48167,2020,9,2,2,3,6,0
48167,2020,10,1,1,3,3,0
48167,2020,11,1,1,2,2,0
48167,2021,1,1,1,3,3,0
48167,2021,3,2,2,2,4,0
48167,2021,6,1,1,5,5,0
48167,2021,9,1,1,2,2,0
48167,2021,10,2,2,2,4,0
48167,2021,12,4,4,9,21,0
48167,2022,1,2,3,9,5,0
48167,2022,2,1,1,2,2,0
48167,2022,3,1,1,3,3,0
48167,2022,4,1,1,2,2,0
48167,2022,5,2,2,7,13,0
48167,2022,6,2,2,14,19,0
48167,2022,7,2,2,6,8,0
48167,2022,9,1,1,2,2,0
48167,2022,10,1,1,2,2,0
48167,2022,11,1,1,2,2,0
48167,2022,12,1,1,6,6,0
48167,2023,1,4,4,2,8,0
48167,2023,2,1,1,10,9,0
48167,2023,3,2,3,10,10,0
48167,2023,6,1,1,4,4,0
48167,2023,7,2,2,2,3,0
48167,2023,8,3,4,3,8,0
48167,2023,9,1,1,2,2,0
48167,2023,10,1,1,2,2,0
48167,2023,11,1,1,3,3,0
48167,2024,2,1,1,2,2,0
48167,2024,5,1,1,2,2,0
48167,2024,8,1,1,3,3,0
48167,2024,10,3,3,3,7,0
48167,2024,11,3,3,4,8,0
48167,2024,12,1,1,2,2,0
48167,2025,2,1,1,7,7,0
48167,2025,3,1,1,3,3,0
48167,2025,4,1,1,2,2,0
48167,2025,5,1,1,3,3,0
48167,2025,7,1,1,2,2,0
48167,2025,9,1,1,3,3,0
48167,2025,10,3,3,2,6,0
48167,2025,11,3,3,2,6,0
48167,2025,12,1,1,2,2,0
48169,2015,1,1,1,2,2,0
48169,2015,3,2,2,2,4,0
48169,2015,8,2,2,6,8,0
48169,2015,12,1,1,2,2,0
48169,2016,1,1,1,2,2,0
48169,2016,2,1,1,3,3,0
48169,2016,7,3,3,4,8,0
48169,2016,8,2,2,4,6,0
48169,2016,10,1,1,3,3,0
48169,2016,11,1,1,2,2,0
48169,2017,2,2,2,2,4,0
48169,2017,3,1,1,3,3,0
48169,2017,6,1,1,2,1,0
48169,2017,7,0,1,2,1,0
48169,2017,9,1,1,2,2,0
48169,2017,11,2,2,2,4,0
48169,2018,5,2,2,4,4,0
48169,2018,6,1,2,4,4,0
48169,2018,7,1,1,5,5,0
48169,2019,2,1,1,2,2,0
48169,2019,7,1,1,2,2,0
48169,2019,8,4,4,5,13,0
48169,2020,3,1,1,2,2,0
48169,2020,5,1,1,2,2,0
48169,2020,7,2,2,9,11,0
48169,2020,8,1,1,5,5,0
48169,2020,10,2,2,2,4,0
48169,2020,11,1,1,2,2,0
48169,2021,10,1,1,4,4,0
48169,2021,11,1,1,2,2,0
48169,2021,12,3,3,4,8,0
48169,2022,3,1,1,4,4,0
48169,2022,4,2,2,2,4,0
48169,2022,5,4,4,3,10,0
48169,2022,6,1,1,2,2,0
48169,2022,7,5,5,4,12,0
48169,2022,8,1,1,3,3,0
48169,2023,1,1,1,3,3,0
48169,2023,6,2,2,3,5,0
48169,2023,7,3,3,3,7,0
48169,2023,8,3,3,7,17,0
48169,2023,9,2,2,10,12,0
48169,2023,11,1,1,3,3,0
48169,2024,2,2,2,2,4,0
48169,2024,5,1,1,2,2,0
48169,2024,8,3,3,9,13,0
48169,2024,10,1,1,5,5,0
48169,2024,12,1,1,2,2,0
48169,2025,2,3,3,3,7,0
48169,2025,4,1,1,2,2,0
48169,2025,9,1,1,2,2,0
48169,2025,10,1,1,3,3,0
48169,2025,11,2,2,3,5,0
48169,2025,12,1,1,6,6,0
48171,2015,8,1,1,3,3,0
48171,2015,10,1,1,4,4,0
48171,2015,12,1,1,2,2,0
48171,2016,1,1,1,2,2,0
48171,2016,11,1,1,2,2,0
48171,2017,2,1,1,3,3,0
48171,2017,11,1,1,6,6,0
48171,2018,5,1,1,6,6,0
48171,2018,7,1,1,6,6,0
48171,2019,10,2,2,3,5,0
48171,2019,12,1,1,3,3,0
48171,2020,3,1,1,2,2,0
48171,2020,7,1,1,2,2,0
48171,2020,8,1,1,2,2,0
48171,2020,10,1,1,3,3,0
48171,2020,12,1,1,2,2,0
48171,2021,12,4,4,4,11,0
48171,2022,1,0,1,4,1,0
48171,2022,3,1,1,3,3,0
48171,2022,4,1,1,2,2,0
48171,2022,5,3,3,6,11,0
48171,2022,6,2,2,3,5,0
48171,2022,7,1,1,6,6,0
48171,2022,11,1,1,2,2,0
48171,2023,1,2,2,2,4,0
48171,2023,2,1,1,2,1,0
48171,2023,3,0,1,2,1,0
48171,2023,6,2,2,4,7,0
48171,2023,7,1,1,12,12,0
48171,2023,8,3,3,18,23,0
48171,2023,9,2,2,11,13,0
48171,2024,2,1,1,2,2,0
48171,2024,5,1,1,2,2,0
48171,2024,8,1,1,4,4,0
48171,2024,10,1,1,7,7,0
48171,2024,12,1,1,4,4,0
48171,2025,3,2,2,3,5,0
48171,2025,5,1,1,4,4,0
48171,2025,10,1,1,2,2,0
48171,2025,11,2,2,4,7,0
48171,2025,12,1,1,2,2,0
48173,2015,3,1,1,2,2,2
48173,2015,8,1,1,5,5,5
48173,2015,12,1,1,2,2,2
48173,2016,1,1,1,2,2,2
48173,2016,2,1,1,2,2,2
48173,2016,10,1,1,3,3,3
48173,2016,11,1,1,2,2,2
48173,2017,1,1,1,2,2,2
48173,2017,2,2,2,2,4,4
48173,2017,3,1,1,3,3,3
48173,2017,6,1,1,2,2,2
48173,2017,9,1,1,2,2,2
48173,2017,11,1,1,5,5,5
48173,2018,3,1,1,3,3,3
48173,2018,5,1,1,6,6,6
48173,2018,7,1,1,5,5,5
48173,2019,8,2,2,3,6,6
48173,2020,3,1,1,2,2,2
48173,2020,5,1,1,2,2,2
48173,2020,7,1,1,7,7,7
48173,2020,8,2,2,5,7,7
48173,2020,10,1,1,2,2,2
48173,2021,10,1,1,3,3,3
48173,2021,12,4,4,5,13,13
48173,2022,3,1,1,4,4,4
48173,2022,5,3,3,6,10,10
48173,2022,6,1,1,2,2,2
48173,2022,7,3,3,3,7,7
48173,2022,8,1,1,3,3,3
48173,2023,1,2,2,2,4,4
48173,2023,2,1,1,2,2,2
48173,2023,6,2,2,5,9,9
48173,2023,7,2,2,3,6,6
48173,2023,8,2,2,13,18,18
48173,2023,9,2,2,10,12,12
48173,2023,11,1,1,3,3,3
48173,2024,2,1,1,3,3,3
48173,2024,8,2,2,6,8,8
48173,2024,10,1,1,4,4,4
48173,2025,2,2,2,3,5,5
48173,2025,3,1,1,2,2,2
48173,2025,10,1,1,2,2,2
48173,2025,11,2,2,5,8,8
48173,2025,12,1,1,6,6,6
48175,2016,11,1,1,2,2,0
48175,2017,2,2,2,2,4,0
48175,2022,5,1,1,3,3,0
48175,2023,8,1,1,3,3,0
48175,2023,9,2,2,5,7,0
48175,2023,10,1,1,2,2,0
48175,2024,11,1,1,4,4,0
48175,2024,12,1,1,2,1,0
48175,2025,1,0,1,2,1,0
48175,2025,3,1,1,2,2,0
48175,2025,11,1,1,2,2,0
48177,2015,1,1,1,2,2,0
48177,2015,8,1,1,4,4,0
48177,2015,10,2,2,5,7,0
48177,2015,12,1,1,2,2,0
48177,2016,3,1,1,2,2,0
48177,2016,8,1,1,2,2,0
48177,2016,10,2,2,5,8,0
48177,2016,11,2,2,4,6,0
48177,2016,12,1,1,4,4,0
48177,2017,1,1,1,4,4,0
48177,2017,2,3,3,3,7,0
48177,2017,3,1,1,3,3,0
48177,2017,4,1,1,2,2,0
48177,2017,7,1,1,2,2,0
48177,2017,11,2,2,5,7,0
48177,2017,12,1,1,2,2,0
48177,2018,5,2,2,6,9,0
48177,2018,6,2,2,3,5,0
48177,2018,7,1,1,2,2,0
48177,2019,8,2,2,3,6,0
48177,2019,9,2,2,5,8,0
48177,2019,10,1,1,6,6,0
48177,2020,1,1,1,2,2,0
48177,2020,3,1,1,4,4,0
48177,2020,7,1,1,3,3,0
48177,2020,8,1,1,3,3,0
48177,2020,10,1,1,2,2,0
48177,2021,12,3,3,8,11,0
48177,2022,1,0,1,8,1,0
48177,2022,3,1,1,3,3,0
48177,2022,4,1,1,2,2,0
48177,2022,5,3,3,7,13,0
48177,2022,6,3,3,6,16,0
48177,2022,7,1,1,6,6,0
48177,2022,10,1,1,2,2,0
48177,2022,12,1,1,5,5,0
48177,2023,1,1,1,3,3,0
48177,2023,2,2,2,3,4,0
48177,2023,3,2,3,3,6,0
48177,2023,6,2,2,3,5,0
48177,2023,7,2,2,22,16,0
48177,2023,8,1,2,22,26,0
48177,2023,9,2,2,11,17,0
48177,2023,10,1,1,5,5,0
48177,2024,2,1,1,2,2,0
48177,2024,5,2,2,6,8,0
48177,2024,8,1,1,2,2,0
48177,2024,10,1,1,15,15,0
48177,2024,11,2,2,7,9,0
48177,2024,12,2,2,3,5,0
48177,2025,2,1,1,6,6,0
48177,2025,3,2,2,4,8,0
48177,2025,5,2,2,5,10,0
48177,2025,9,1,1,2,2,0
48177,2025,10,2,2,11,15,0
48177,2025,11,2,2,7,9,0
48177,2025,12,1,1,6,6,0
48179,2015,1,2,2,3,5,0
48179,2015,2,1,1,3,3,0
48179,2015,10,1,1,2,2,0
48179,2016,1,1,1,2,2,0
48179,2016,10,1,1,3,3,0
48179,2016,11,2,2,2,4,0
48179,2017,2,2,2,3,5,0
48179,2017,3,1,1,2,2,0
48179,2017,6,1,1,2,2,0
48179,2018,1,1,1,2,2,0
48179,2018,3,1,1,2,2,0
48179,2018,4,1,1,2,2,0
48179,2018,5,2,2,2,4,0
48179,2018,7,1,1,4,4,0
48179,2019,1,1,1,2,2,0
48179,2019,8,3,3,3,7,0
48179,2020,3,1,1,2,2,0
48179,2020,7,1,1,2,2,0
48179,2020,10,1,1,6,6,0
48179,2021,9,1,1,2,2,0
48179,2021,10,1,1,3,3,0
48179,2021,11,2,2,2,4,0
48179,2021,12,3,3,4,9,0
48179,2022,3,1,1,2,2,0
48179,2022,4,1,1,2,2,0
48179,2022,5,2,2,3,5,0
48179,2022,6,1,1,2,2,0
48179,2023,6,1,1,2,2,0
48179,2023,8,1,1,3,3,0
48179,2023,9,1,1,4,4,0
48179,2023,10,1,1,3,3,0
48179,2023,11,1,1,3,3,0
48179,2024,2,1,1,3,3,0
48179,2024,5,1,1,3,3,0
48179,2024,7,1,1,3,3,0
48179,2024,8,4,4,4,11,0
48179,2024,9,2,2,2,4,0
48179,2024,10,2,2,5,7,0
48179,2025,2,2,2,2,4,0
48179,2025,3,2,2,2,4,0
48179,2025,4,1,1,2,2,0
48179,2025,8,1,1,4,4,0
48179,2025,10,1,1,3,3,0
48179,2025,11,1,1,3,3,0
48179,2025,12,1,1,6,6,0
48181,2015,1,1,1,2,2,0
48181,2015,3,1,1,2,2,0
48181,2015,8,1,1,2,2,0
48181,2015,10,1,1,5,5,0
48181,2015,12,2,2,2,4,0
48181,2016,1,1,1,3,3,0
48181,2016,11,2,2,2,4,0
48181,2017,1,2,2,2,4,0
48181,2017,2,1,1,2,2,0
48181,2017,3,1,1,3,3,0
48181,2017,5,1,1,2,2,0
48181,2017,11,1,1,2,2,0
48181,2017,12,1,1,3,3,0
48181,2018,5,2,2,6,8,0
48181,2018,6,1,1,5,5,0
48181,2018,7,1,1,6,6,0
48181,2019,4,1,1,2,2,0
48181,2019,9,1,1,2,2,0
48181,2019,10,2,2,3,5,0
48181,2020,3,2,2,3,5,0
48181,2020,12,1,1,2,2,0
48181,2021,10,1,1,2,2,0
48181,2021,12,4,4,6,17,0
48181,2022,3,1,1,2,2,0
48181,2022,5,1,1,2,2,0
48181,2022,6,3,3,3,8,0
48181,2022,7,3,3,4,10,0
48181,2022,9,1,1,2,2,0
48181,2023,1,2,2,3,5,0
48181,2023,2,1,1,3,3,0
48181,2023,3,1,1,2,2,0
48181,2023,6,1,1,2,2,0
48181,2023,7,1,1,6,2,0
48181,2023,8,2,3,10,17,0
48181,2023,9,1,1,6,6,0
48181,2023,10,2,2,4,6,0
48181,2023,11,1,1,4,4,0
48181,2024,1,1,1,2,2,0
48181,2024,2,2,2,3,6,0
48181,2024,5,1,1,2,2,0
48181,2024,6,2,2,4,7,0
48181,2024,10,2,2,4,6,0
48181,2025,3,2,2,2,4,0
48181,2025,4,1,1,2,2,0
48181,2025,5,1,1,2,2,0
48181,2025,11,2,2,7,10,0
48181,2025,12,1,1,6,6,0
48183,2015,1,1,1,2,2,0
48183,2015,8,1,1,4,4,0
48183,2015,10,1,1,5,5,0
48183,2015,12,2,2,2,4,0
48183,2016,1,1,1,2,2,0
48183,2016,10,1,1,2,2,0
48183,2016,11,2,2,4,8,0
48183,2017,1,1,1,3,3,0
48183,2017,2,1,1,2,2,0
48183,2017,3,2,2,5,8,0
48183,2017,10,1,1,2,2,0
48183,2017,11,1,1,4,4,0
48183,2017,12,1,1,3,3,0
48183,2018,5,2,2,7,11,0
48183,2018,7,2,2,4,6,0
48183,2018,10,1,1,2,2,0
48183,2019,2,1,1,2,2,0
48183,2019,4,1,1,2,2,0
48183,2019,9,2,2,8,11,0
48183,2019,10,1,1,4,4,0
48183,2020,3,1,1,4,4,0
48183,2021,10,1,1,3,3,0
48183,2021,12,4,4,8,14,0
48183,2022,1,0,1,8,1,0
48183,2022,3,1,1,3,3,0
48183,2022,5,1,1,2,2,0
48183,2022,6,2,2,7,11,0
48183,2022,7,2,2,2,4,0
48183,2022,12,1,1,3,3,0
48183,2023,1,2,2,2,4,0
48183,2023,2,1,1,2,2,0
48183,2023,3,1,1,2,2,0
48183,2023,7,1,1,8,1,0
48183,2023,8,2,3,10,22,0
48183,2023,9,1,1,4,4,0
48183,2023,10,1,1,4,4,0
48183,2023,11,1,1,2,2,0
48183,2024,2,2,2,4,7,0
48183,2024,10,3,3,4,8,0
48183,2024,12,1,1,2,2,0
48183,2025,2,1,1,3,3,0
48183,2025,3,2,2,2,4,0
48183,2025,4,1,1,2,2,0
48183,2025,11,2,2,8,10,0
48183,2025,12,1,1,6,6,0
48185,2015,1,1,1,2,2,2
48185,2015,8,1,1,3,3,3
48185,2015,10,1,1,5,5,5
48185,2015,12,2,2,4,7,7
48185,2016,1,1,1,2,2,2
48185,2016,3,1,1,3,3,3
48185,2016,10,2,2,2,4,4
48185,2016,11,2,2,3,5,5
48185,2016,12,1,1,4,4,4
48185,2017,1,1,1,3,3,3
48185,2017,2,3,3,3,7,7
48185,2017,3,2,2,5,8,8
48185,2017,11,1,1,6,6,6
48185,2018,5,2,2,6,9,9
48185,2018,7,1,1,2,2,2
48185,2019,9,1,1,5,5,5
48185,2019,10,1,1,6,6,6
48185,2020,3,1,1,4,4,4
48185,2020,4,1,1,2,2,2
48185,2020,12,1,1,2,2,2
48185,2021,12,4,4,9,18,18
48185,2022,1,0,1,9,1,1
48185,2022,3,1,1,4,4,4
48185,2022,5,3,3,6,13,13
48185,2022,6,3,3,9,14,14
48185,2022,7,3,3,6,13,13
48185,2022,8,1,1,2,2,2
48185,2022,11,1,1,3,3,3
48185,2022,12,1,1,5,5,5
48185,2023,1,2,2,3,5,5
48185,2023,2,2,2,4,6,6
48185,2023,3,1,2,3,3,3
48185,2023,6,2,2,4,6,6
48185,2023,7,3,3,17,9,9
48185,2023,8,1,2,17,26,26
48185,2023,9,2,2,10,12,12
48185,2023,10,2,2,2,4,4
48185,2023,11,1,1,2,2,2
48185,2024,2,1,1,3,3,3
48185,2024,5,1,1,3,3,3
48185,2024,10,2,2,7,13,13
48185,2024,11,2,2,2,4,4
48185,2024,12,1,1,2,2,2
48185,2025,2,1,1,6,6,6
48185,2025,3,2,2,4,7,7
48185,2025,4,1,1,2,2,2
48185,2025,5,2,2,3,5,5
48185,2025,10,2,2,4,7,7
48185,2025,11,2,2,7,9,9
48185,2025,12,1,1,6,6,6
48187,2015,8,1,1,5,5,0
48187,2015,9,1,1,4,4,0
48187,2015,10,2,2,6,8,0
48187,2016,3,1,1,2,2,0
48187,2016,10,1,1,3,3,0
48187,2016,11,2,2,3,5,0
48187,2016,12,1,1,4,4,0
48187,2017,1,2,2,3,5,0
48187,2017,2,4,4,3,9,0
48187,2017,3,1,1,4,4,0
48187,2017,7,1,1,3,3,0
48187,2017,11,2,2,6,8,0
48187,2018,5,2,2,6,8,0
48187,2018,7,1,1,7,7,0
48187,2019,8,1,1,3,3,0
48187,2019,9,3,3,3,7,0
48187,2019,10,1,1,6,6,0
48187,2019,12,1,1,2,2,0
48187,2020,3,2,2,4,6,0
48187,2020,4,2,2,2,4,0
48187,2020,7,1,1,5,5,0
48187,2020,8,2,2,5,7,0
48187,2020,10,2,2,2,4,0
48187,2020,11,2,2,2,4,0
48187,2020,12,1,1,2,2,0
48187,2021,4,1,1,2,2,0
48187,2021,12,2,2,3,5,0
48187,2022,1,0,1,3,1,0
48187,2022,3,1,1,3,3,0
48187,2022,5,3,3,7,15,0
48187,2022,6,3,3,8,15,0
48187,2022,7,3,3,7,15,0
48187,2022,8,1,1,2,2,0
48187,2022,10,2,2,2,4,0
48187,2022,12,1,1,5,5,0
48187,2023,1,1,1,3,3,0
48187,2023,2,2,2,3,5,0
48187,2023,6,2,2,6,9,0
48187,2023,7,2,2,22,16,0
48187,2023,8,2,3,22,26,0
48187,2023,9,1,2,12,16,0
48187,2023,10,2,2,4,7,0
48187,2024,2,1,1,2,2,0
48187,2024,3,1,1,2,2,0
48187,2024,5,1,1,9,9,0
48187,2024,8,1,1,4,4,0
48187,2024,10,1,1,15,15,0
48187,2024,11,3,3,5,10,0
48187,2024,12,1,1,5,5,0
48187,2025,2,2,2,3,5,0
48187,2025,3,2,2,4,8,0
48187,2025,4,1,1,2,2,0
48187,2025,5,2,2,6,8,0
48187,2025,9,1,1,3,3,0
48187,2025,10,2,2,4,7,0
48187,2025,11,2,2,6,8,0
48187,2025,12,2,2,2,4,0
48189,2015,1,1,1,2,2,0
48189,2015,2,1,1,5,5,0
48189,2015,8,1,1,2,2,0
48189,2015,10,1,1,2,2,0
48189,2015,12,1,1,2,2,0
48189,2016,1,1,1,2,2,0
48189,2016,2,1,1,3,3,0
48189,2016,7,2,2,4,6,0
48189,2016,10,1,1,2,2,0
48189,2016,11,2,2,2,4,0
48189,2017,2,2,2,2,4,0
48189,2017,3,1,1,3,3,0
48189,2017,11,1,1,2,2,0
48189,2018,1,1,1,2,2,0
48189,2018,2,1,1,2,2,0
48189,2018,3,1,1,2,2,0
48189,2018,4,1,1,2,2,0
48189,2018,5,3,3,3,8,0
48189,2018,7,1,1,5,5,0
48189,2019,3,1,1,2,2,0
48189,2019,8,2,2,4,6,0
48189,2020,3,1,1,2,2,0
48189,2020,5,2,2,2,4,0
48189,2020,7,1,1,6,6,0
48189,2020,8,1,1,4,4,0
48189,2020,10,1,1,2,2,0
48189,2020,11,1,1,2,2,0
48189,2020,12,1,1,2,2,0
48189,2021,4,1,1,2,2,0
48189,2021,9,1,1,2,2,0
48189,2021,10,1,1,3,3,0
48189,2021,11,2,2,2,4,0
48189,2021,12,3,3,4,8,0
48189,2022,3,1,1,4,4,0
48189,2022,4,1,1,2,2,0
48189,2022,5,2,2,4,6,0
48189,2022,6,1,1,2,2,0
48189,2022,7,1,1,4,4,0
48189,2022,8,1,1,4,4,0
48189,2023,6,2,2,2,4,0
48189,2023,7,2,2,2,4,0
48189,2023,8,3,3,4,12,0
48189,2023,9,2,2,6,8,0
48189,2023,11,1,1,3,3,0
48189,2024,2,2,2,2,4,0
48189,2024,8,3,3,9,14,0
48189,2024,9,2,2,2,4,0
48189,2024,10,1,1,5,5,0
48189,2025,2,3,3,3,7,0
48189,2025,3,3,3,2,6,0
48189,2025,4,1,1,2,2,0
48189,2025,8,1,1,2,2,0
48189,2025,10,1,1,3,3,0
48189,2025,11,2,2,3,5,0
48189,2025,12,2,2,6,8,0
48191,2015,1,2,2,3,5,0
48191,2015,2,1,1,5,5,0
48191,2015,4,1,1,2,2,0
48191,2015,10,1,1,3,3,0
48191,2016,1,1,1,2,2,0
48191,2016,2,1,1,3,3,0
48191,2016,7,1,1,3,3,0
48191,2016,10,1,1,3,3,0
48191,2016,11,2,2,2,4,0
48191,2017,2,2,2,3,5,0
48191,2017,3,1,1,2,2,0
48191,2017,11,1,1,2,2,0
48191,2017,12,1,1,2,2,0
48191,2018,1,1,1,2,2,0
48191,2018,2,1,1,2,2,0
48191,2018,3,1,1,2,2,0
48191,2018,4,1,1,2,2,0
48191,2018,5,2,2,3,5,0
48191,2018,7,1,1,5,5,0
48191,2019,8,4,4,4,11,0
48191,2019,9,1,1,2,2,0
48191,2020,3,1,1,2,2,0
48191,2020,5,1,1,2,2,0
48191,2020,6,1,1,3,1,0
48191,2020,7,1,2,4,6,0
48191,2020,8,2,2,3,5,0
48191,2020,9,1,1,2,2,0
48191,2020,12,1,1,3,3,0
48191,2021,9,2,2,2,4,0
48191,2021,10,1,1,3,3,0
48191,2021,11,1,1,2,2,0
48191,2021,12,3,3,3,7,0
48191,2022,3,1,1,2,2,0
48191,2022,4,2,2,2,4,0
48191,2022,5,2,2,4,6,0
48191,2022,6,1,1,2,2,0
48191,2022,7,2,2,5,7,0
48191,2022,8,1,1,4,4,0
48191,2023,8,3,3,3,7,0
48191,2023,9,3,3,5,9,0
48191,2023,11,1,1,3,3,0
48191,2024,2,2,2,3,5,0
48191,2024,8,2,2,10,12,0
48191,2024,9,1,1,2,2,0
48191,2024,10,1,1,5,5,0
48191,2025,2,1,1,2,2,0
48191,2025,3,1,1,2,2,0
48191,2025,4,1,1,2,2,0
48191,2025,8,1,1,2,2,0
48191,2025,10,1,1,3,3,0
48191,2025,11,1,1,3,3,0
48191,2025,12,1,1,6,6,0
48193,2015,1,1,1,2,2,0
48193,2015,2,1,1,2,2,0
48193,2015,3,1,1,3,3,0
48193,2015,8,1,1,3,3,3
48193,2015,9,1,1,2,2,2
48193,2015,10,1,1,4,4,4
48193,2015,12,1,1,2,2,2
48193,2016,1,1,1,2,2,2
48193,2016,11,1,1,2,2,2
48193,2017,1,1,1,2,2,2
48193,2017,2,2,2,2,4,4
48193,2017,3,1,1,2,2,2
48193,2017,11,1,1,5,5,5
48193,2018,5,1,1,6,6,6
48193,2018,7,1,1,7,7,7
48193,2019,10,1,1,6,6,6
48193,2020,3,1,1,3,3,3
48193,2020,7,1,1,2,2,2
48193,2020,8,1,1,4,4,4
48193,2020,12,1,1,2,2,2
48193,2021,12,4,4,7,17,17
48193,2022,3,1,1,3,3,3
48193,2022,5,3,3,11,17,0
48193,2022,6,2,2,7,11,0
48193,2022,7,4,4,6,16,0
48193,2022,8,1,1,4,4,0
48193,2022,12,1,1,5,5,0
48193,2023,1,3,3,2,6,0
48193,2023,2,1,1,3,3,0
48193,2023,6,2,2,8,11,0
48193,2023,7,4,4,16,13,0
48193,2023,8,2,3,16,22,4
48193,2023,9,2,2,9,11,2
48193,2023,10,2,2,4,6,0
48193,2023,11,1,1,3,3,0
48193,2024,2,2,2,3,5,0
48193,2024,5,1,1,2,2,0
48193,2024,6,1,1,2,2,0
48193,2024,8,1,1,5,5,0
48193,2024,10,1,1,4,4,0
48193,2024,12,1,1,3,3,0
48193,2025,2,2,2,3,5,0
48193,2025,3,3,3,4,8,0
48193,2025,4,1,1,2,2,0
48193,2025,5,2,2,2,4,0
48193,2025,11,2,2,5,7,0
48193,2025,12,1,1,6,6,0
48195,2015,1,1,1,3,3,0
48195,2015,2,1,1,3,3,0
48195,2016,1,1,1,2,2,0
48195,2016,7,3,3,3,7,0
48195,2016,10,1,1,3,3,0
48195,2016,11,1,1,3,3,0
48195,2017,2,2,2,3,6,0
48195,2017,3,1,1,2,2,0
48195,2017,6,2,2,3,5,0
48195,2018,1,1,1,2,2,0
48195,2018,4,1,1,2,2,0
48195,2018,7,1,1,3,3,0
48195,2019,7,1,1,3,3,0
48195,2019,8,2,2,2,4,0
48195,2019,12,1,1,2,2,0
48195,2020,3,1,1,2,2,0
48195,2020,6,1,1,2,1,0
48195,2020,7,1,2,7,8,0
48195,2020,8,1,1,2,2,0
48195,2020,9,1,1,2,2,0
48195,2020,10,2,2,5,7,0
48195,2020,11,1,1,2,2,0
48195,2021,4,1,1,2,2,0
48195,2021,6,1,1,2,2,0
48195,2021,8,1,1,2,2,0
48195,2021,9,1,1,4,4,0
48195,2021,10,1,1,2,2,0
48195,2021,11,1,1,3,3,0
48195,2021,12,2,2,4,6,0
48195,2022,4,1,1,2,2,0
48195,2022,5,2,2,3,5,0
48195,2022,6,1,1,2,2,0
48195,2022,7,3,3,3,7,0
48195,2022,9,1,1,2,2,0
48195,2023,4,2,2,2,4,0
48195,2023,7,1,1,2,2,0
48195,2023,8,2,2,2,4,0
48195,2023,9,1,1,5,5,0
48195,2023,11,1,1,3,3,0
48195,2023,12,1,1,2,2,0
48195,2024,2,2,2,3,5,0
48195,2024,7,2,2,4,4,0
48195,2024,8,2,3,5,10,0
48195,2024,10,2,2,3,5,0
48195,2025,2,1,1,2,2,0
48195,2025,3,1,1,5,5,0
48195,2025,4,1,1,2,2,0
48195,2025,8,1,1,2,2,0
48195,2025,10,1,1,3,3,0
48195,2025,12,2,2,6,8,0
48197,2015,1,1,1,2,2,2
48197,2015,10,1,1,2,2,2
48197,2015,12,1,1,2,2,2
48197,2016,1,1,1,2,2,2
48197,2016,2,1,1,3,3,3
48197,2016,10,1,1,2,2,2
48197,2016,11,2,2,2,4,4
48197,2017,1,1,1,3,3,3
48197,2017,2,2,2,2,4,4
48197,2017,3,1,1,3,3,3
48197,2017,12,1,1,2,2,2
48197,2018,3,1,1,2,2,2
48197,2018,4,1,1,2,2,2
48197,2018,5,1,1,2,2,2
48197,2018,7,1,1,4,4,4
48197,2020,3,1,1,2,2,2
48197,2020,7,1,1,2,2,2
48197,2020,8,1,1,2,2,2
48197,2020,12,1,1,2,2,2
48197,2021,10,1,1,3,3,3
48197,2021,12,3,3,4,11,11
48197,2022,3,1,1,3,3,3
48197,2022,4,1,1,2,2,2
48197,2022,5,3,3,3,8,8
48197,2022,6,1,1,2,2,2
48197,2022,7,1,1,3,3,3
48197,2023,1,2,2,2,4,4
48197,2023,2,1,1,2,2,2
48197,2023,6,1,1,2,2,2
48197,2023,8,3,3,4,9,9
48197,2023,9,1,1,8,8,8
48197,2023,11,1,1,4,4,4
48197,2024,2,2,2,3,5,5
48197,2024,8,2,2,3,5,5
48197,2024,10,2,2,4,6,6
48197,2025,3,1,1,2,2,2
48197,2025,10,1,1,2,2,2
48197,2025,11,2,2,5,7,7
48197,2025,12,2,2,6,8,8
48199,2015,1,1,1,2,2,0
48199,2015,3,1,1,2,2,0
48199,2015,4,1,1,2,2,0
48199,2015,8,1,1,7,7,0
48199,2015,10,1,1,3,3,0
48199,2015,11,1,1,5,5,0
48199,2015,12,2,2,6,9,1
48199,2016,2,2,2,3,5,0
48199,2016,3,2,2,3,5,0
48199,2016,11,1,1,5,5,0
48199,2016,12,1,1,4,4,0
48199,2017,1,2,2,4,6,0
48199,2017,2,4,4,3,10,0
48199,2017,3,2,2,6,9,0
48199,2017,10,2,2,3,5,0
48199,2017,11,1,1,6,6,0
48199,2018,2,1,1,2,2,0
48199,2018,3,1,1,3,3,0
48199,2018,5,2,2,3,6,0
48199,2018,11,1,1,2,2,0
48199,2019,9,1,1,2,2,0
48199,2019,10,2,2,3,5,0
48199,2020,3,2,2,5,7,0
48199,2021,3,1,1,4,4,0
48199,2021,4,1,1,2,2,0
48199,2021,6,1,1,2,2,0
48199,2021,9,2,2,2,4,0
48199,2021,12,5,5,6,15,0
48199,2022,1,0,1,5,2,0
48199,2022,3,1,1,3,3,0
48199,2022,4,1,1,2,2,0
48199,2022,5,3,3,7,13,0
48199,2022,6,4,4,5,16,0
48199,2022,7,2,2,4,7,0
48199,2022,9,1,1,3,3,0
48199,2022,10,1,1,3,3,0
48199,2022,11,1,1,3,3,0
48199,2022,12,1,1,6,6,0
48199,2023,1,3,3,3,7,0
48199,2023,2,2,2,8,7,0
48199,2023,3,3,4,8,9,0
48199,2023,6,2,2,8,9,0
48199,2023,7,2,3,46,22,0
48199,2023,8,1,2,46,29,0
48199,2023,9,3,4,6,16,0
48199,2023,10,2,2,3,5,0
48199,2023,11,1,1,4,4,0
48199,2024,5,1,1,3,3,0
48199,2024,10,1,1,2,2,0
48199,2024,12,1,1,2,2,0
48199,2025,2,1,1,7,7,0
48199,2025,4,1,1,2,2,0
48199,2025,10,3,3,4,9,1
48199,2025,11,2,2,2,4,0
48199,2025,12,1,1,2,2,0
48201,2015,1,1,1,2,2,0
48201,2015,3,1,1,2,2,0
48201,2015,7,1,1,3,3,0
48201,2015,8,1,1,4,4,0
48201,2015,10,1,1,5,5,0
48201,2015,11,1,1,2,2,0
48201,2015,12,2,2,4,6,0
48201,2016,3,1,1,2,2,0
48201,2016,9,1,1,2,2,0
48201,2016,10,1,1,3,3,0
48201,2016,11,2,2,4,6,0
48201,2016,12,1,1,5,5,0
48201,2017,1,2,2,4,6,0
48201,2017,2,5,5,3,12,0
48201,2017,3,2,3,6,10,0
48201,2017,7,1,1,2,2,0
48201,2017,10,2,2,3,6,0
48201,2017,11,1,1,6,6,0
48201,2018,2,4,4,2,8,0
48201,2018,3,1,1,2,2,0
48201,2018,5,2,2,4,8,0
48201,2018,11,1,1,3,3,0
48201,2019,4,1,1,2,2,0
48201,2019,8,1,1,3,3,0
48201,2019,9,2,2,8,10,0
48201,2019,10,1,1,6,6,0
48201,2020,1,1,1,2,2,0
48201,2020,3,1,1,5,5,0
48201,2020,4,2,2,2,4,0
48201,2020,5,1,1,3,3,0
48201,2020,9,1,1,2,2,0
48201,2020,10,1,1,2,2,0
48201,2020,11,1,1,4,4,0
48201,2021,1,1,1,2,2,0
48201,2021,3,1,1,2,2,0
48201,2021,6,1,1,3,3,0
48201,2021,10,1,1,2,2,0
48201,2021,12,4,4,9,19,0
48201,2022,1,0,1,9,1,0
48201,2022,3,1,1,3,3,0
48201,2022,5,3,3,7,12,0
48201,2022,6,3,3,10,18,0
48201,2022,7,3,3,7,14,0
48201,2022,8,1,1,3,3,0
48201,2022,9,1,1,2,2,0
48201,2022,10,1,1,2,2,0
48201,2022,11,2,2,4,6,0
48201,2022,12,1,1,6,6,0
48201,2023,1,2,2,2,4,0
48201,2023,2,2,2,5,7,0
48201,2023,3,3,4,5,8,0
48201,2023,4,0,1,2,1,0
48201,2023,6,2,2,7,11,0
48201,2023,7,2,3,23,13,0
48201,2023,8,2,3,23,28,0
48201,2023,9,1,2,14,17,0
48201,2023,10,2,2,2,4,0
48201,2023,11,1,1,2,2,0
48201,2024,2,1,1,3,3,0
48201,2024,5,1,1,3,3,0
48201,2024,9,1,1,2,2,0
48201,2024,10,4,4,4,11,0
48201,2024,11,1,1,3,3,0
48201,2024,12,1,1,3,3,0
48201,2025,2,1,1,7,7,0
48201,2025,3,2,2,3,6,0
48201,2025,5,1,1,2,2,0
48201,2025,10,2,2,2,4,0
48201,2025,11,2,2,4,6,0
48201,2025,12,2,2,4,7,0
48203,2015,1,1,1,2,2,0
48203,2015,8,1,1,3,3,0
48203,2015,10,2,2,5,7,0
48203,2015,12,3,3,3,7,0
48203,2016,1,1,1,2,2,0
48203,2016,3,1,1,2,2,0
48203,2016,11,1,1,3,3,0
48203,2017,1,1,1,3,3,0
48203,2017,2,1,1,2,2,0
48203,2017,3,1,1,3,3,0
48203,2017,10,2,2,3,5,0
48203,2017,11,1,1,5,5,0
48203,2017,12,1,1,3,3,0
48203,2018,5,2,2,7,11,0
48203,2018,6,1,1,2,2,0
48203,2018,7,1,1,4,4,0
48203,2019,2,1,1,2,2,0
48203,2019,9,1,1,5,5,0
48203,2019,10,1,1,6,6,0
48203,2020,3,1,1,4,4,0
48203,2021,10,1,1,3,3,0
48203,2021,12,5,5,9,17,0
48203,2022,1,0,1,9,2,0
48203,2022,3,1,1,2,2,0
48203,2022,5,1,1,2,2,0
48203,2022,6,2,2,6,8,0
48203,2022,7,3,3,2,6,0
48203,2022,11,1,1,2,2,0
48203,2022,12,1,1,4,4,0
48203,2023,1,3,3,2,6,0
48203,2023,2,2,2,3,4,0
48203,2023,3,0,1,3,1,0
48203,2023,8,3,3,10,19,0
48203,2023,9,1,1,3,3,0
48203,2023,10,1,1,3,3,0
48203,2023,11,1,1,2,2,0
48203,2024,2,2,2,3,6,0
48203,2024,10,3,3,4,8,0
48203,2024,12,1,1,3,3,0
48203,2025,2,1,1,4,4,0
48203,2025,3,2,2,3,5,0
48203,2025,4,1,1,4,4,0
48203,2025,5,1,1,2,2,0
48203,2025,10,1,1,2,2,0
48203,2025,11,2,2,4,7,0
48203,2025,12,1,1,6,6,0
48205,2015,1,1,1,2,2,0
48205,2015,2,1,1,3,3,0
48205,2015,9,2,2,7,11,0
48205,2015,11,1,1,2,2,0
48205,2015,12,1,1,3,3,0
48205,2016,1,1,1,2,2,0
48205,2016,2,2,2,3,5,0
48205,2016,7,4,4,4,12,0
48205,2016,10,1,1,3,3,0
48205,2016,11,1,1,2,2,0
48205,2017,1,1,1,2,2,0
48205,2017,2,2,2,3,5,0
48205,2017,3,1,1,3,3,0
48205,2017,6,3,3,2,6,0
48205,2017,12,1,1,3,3,0
48205,2018,5,2,2,3,5,0
48205,2018,7,1,1,4,4,0
48205,2018,8,1,1,2,1,0
48205,2018,9,0,1,2,1,0
48205,2018,10,1,1,3,3,0
48205,2019,3,1,1,2,2,0
48205,2019,7,2,2,5,6,0
48205,2019,8,2,3,3,6,0
48205,2019,9,2,2,3,6,0
48205,2019,12,1,1,2,2,0
48205,2020,3,1,1,2,2,0
48205,2020,4,1,1,2,1,0
48205,2020,5,1,2,3,4,0
48205,2020,6,3,3,5,9,0
48205,2020,7,2,2,2,4,0
48205,2020,8,2,2,7,10,0
48205,2020,9,2,2,2,4,0
48205,2020,10,1,1,7,7,0
48205,2020,11,2,2,3,5,0
48205,2021,4,1,1,2,2,0
48205,2021,8,2,2,3,5,0
48205,2021,9,1,1,4,4,0
48205,2021,10,1,1,2,2,0
48205,2021,11,1,1,2,2,0
48205,2021,12,3,3,3,7,0
48205,2022,4,2,2,2,4,0
48205,2022,5,2,2,4,6,0
48205,2022,6,1,1,3,3,0
48205,2022,7,1,1,3,3,0
48205,2022,9,1,1,2,2,0
48205,2022,12,1,1,2,2,0
48205,2023,2,1,1,2,2,0
48205,2023,4,2,2,2,4,0
48205,2023,7,1,1,4,4,0
48205,2023,8,2,2,2,4,0
48205,2023,9,3,3,4,8,0
48205,2023,10,1,1,4,4,0
48205,2023,11,1,1,3,3,0
48205,2024,2,2,2,3,5,0
48205,2024,4,1,1,2,2,0
48205,2024,6,2,2,3,5,0
48205,2024,7,2,2,5,8,0
48205,2024,8,1,2,4,4,0
48205,2024,9,1,1,3,3,0
48205,2024,10,2,2,6,8,0
48205,2025,2,2,2,2,4,0
48205,2025,3,1,1,4,4,0
48205,2025,4,1,1,2,2,0
48205,2025,8,2,2,4,6,0
48205,2025,10,1,1,4,4,0
48205,2025,11,1,1,2,2,0
48205,2025,12,1,1,6,6,0
48207,2015,1,1,1,2,2,0
48207,2015,8,2,2,2,4,0
48207,2015,10,1,1,5,5,0
48207,2016,1,1,1,2,2,0
48207,2016,2,2,2,2,4,0
48207,2016,11,2,2,3,5,0
48207,2017,2,2,2,2,4,2
48207,2017,3,1,1,3,3,0
48207,2017,5,1,1,3,3,0
48207,2017,11,2,2,2,4,4
48207,2018,5,1,1,2,2,2
48207,2018,7,1,1,5,5,5
48207,2019,8,1,1,2,2,0
48207,2020,3,1,1,2,2,0
48207,2020,5,1,1,2,2,0
48207,2020,7,1,1,2,2,0
48207,2020,8,1,1,4,4,0
48207,2021,10,1,1,4,4,0
48207,2021,11,1,1,2,2,0
48207,2021,12,3,3,2,6,0
48207,2022,3,1,1,3,3,0
48207,2022,4,1,1,2,2,0
48207,2022,5,3,3,3,8,0
48207,2022,6,1,1,3,3,0
48207,2022,7,1,1,2,2,0
48207,2023,1,2,2,2,4,0
48207,2023,2,1,1,2,2,0
48207,2023,6,2,2,5,8,0
48207,2023,7,2,2,3,5,0
48207,2023,8,3,3,5,13,0
48207,2023,9,2,2,5,7,0
48207,2023,11,1,1,3,3,0
48207,2023,12,1,1,2,2,0
48207,2024,2,2,2,3,5,0
48207,2024,8,2,2,7,9,0
48207,2024,10,1,1,4,4,0
48207,2025,2,2,2,2,4,0
48207,2025,5,1,1,2,2,0
48207,2025,10,1,1,2,2,0
48207,2025,11,1,1,5,5,0
48207,2025,12,1,1,6,6,0
48209,2015,1,1,1,2,2,0
48209,2015,8,1,1,3,3,0
48209,2015,10,1,1,4,4,0
48209,2016,3,1,1,2,2,0
48209,2016,11,1,1,2,2,0
48209,2016,12,1,1,5,5,0
48209,2017,1,2,2,3,5,0
48209,2017,2,1,1,3,3,0
48209,2017,6,1,1,2,2,0
48209,2017,7,1,1,3,3,0
48209,2018,5,1,1,5,5,0
48209,2018,7,1,1,3,3,0
48209,2019,9,1,1,2,2,0
48209,2019,10,2,2,6,8,0
48209,2020,3,1,1,4,4,0
48209,2020,4,1,1,2,2,0
48209,2020,7,1,1,3,3,0
48209,2020,8,1,1,3,3,0
48209,2021,12,2,2,3,5,0
48209,2022,2,1,1,2,2,0
48209,2022,3,1,1,2,2,0
48209,2022,4,1,1,2,2,0
48209,2022,5,3,3,8,13,0
48209,2022,6,3,3,5,11,0
48209,2022,7,2,2,6,11,0
48209,2022,12,1,1,3,3,0
48209,2023,1,2,2,2,4,0
48209,2023,2,2,2,3,4,0
48209,2023,3,0,1,3,1,0
48209,2023,6,2,2,4,7,0
48209,2023,7,3,3,11,14,0
48209,2023,8,4,5,11,21,0
48209,2023,9,2,2,10,12,0
48209,2023,10,2,2,4,6,0
48209,2024,2,1,1,2,2,0
48209,2024,8,1,1,3,3,0
48209,2024,10,2,2,4,6,0
48209,2024,11,2,2,2,4,0
48209,2024,12,2,2,2,4,0
48209,2025,3,1,1,3,3,0
48209,2025,4,1,1,2,2,0
48209,2025,5,3,3,5,10,0
48209,2025,10,2,2,3,5,0
48209,2025,11,2,2,4,6,0
48209,2025,12,2,2,2,4,0
48211,2015,1,2,2,3,5,5
48211,2015,2,1,1,3,3,3
48211,2015,10,1,1,2,2,2
48211,2015,12,1,1,4,4,4
48211,2016,1,1,1,2,2,2
48211,2016,2,1,1,2,2,2
48211,2016,10,1,1,3,3,3
48211,2016,11,2,2,2,4,4
48211,2017,2,2,2,2,4,4
48211,2017,3,1,1,3,3,3
48211,2017,12,1,1,2,2,2
48211,2018,3,1,1,2,2,2
48211,2018,7,1,1,4,4,4
48211,2020,3,1,1,2,2,2
48211,2020,10,2,2,2,4,4
48211,2021,10,1,1,2,2,2
48211,2021,12,3,3,4,10,10
48211,2022,4,1,1,2,2,2
48211,2022,5,1,1,3,3,3
48211,2022,6,1,1,2,2,2
48211,2022,7,1,1,3,3,3
48211,2023,1,1,1,2,2,2
48211,2023,8,1,1,2,2,2
48211,2023,9,1,1,4,4,4
48211,2023,11,1,1,3,3,3
48211,2024,2,2,2,3,5,5
48211,2024,8,2,2,4,6,6
48211,2024,10,2,2,4,6,6
48211,2025,2,2,2,2,4,4
48211,2025,3,1,1,2,2,2
48211,2025,10,1,1,3,3,3
48211,2025,11,1,1,3,3,3
48211,2025,12,1,1,6,6,6
48213,2015,1,1,1,2,2,0
48213,2015,8,1,1,3,3,0
48213,2015,10,1,1,5,5,0
48213,2015,12,3,3,2,6,0
48213,2016,1,1,1,2,2,0
48213,2016,3,1,1,3,3,0
48213,2016,11,2,2,2,4,0
48213,2016,12,1,1,4,4,0
48213,2017,1,1,1,3,3,0
48213,2017,2,2,2,2,4,0
48213,2017,3,1,1,2,2,0
48213,2017,10,1,1,2,2,0
48213,2017,11,1,1,2,2,0
48213,2017,12,1,1,4,4,0
48213,2018,3,1,1,2,2,0
48213,2018,5,2,2,6,9,0
48213,2018,7,1,1,7,7,0
48213,2019,9,1,1,4,4,0
48213,2019,10,2,2,6,8,0
48213,2020,3,1,1,3,3,0
48213,2021,12,3,3,8,11,0
48213,2022,1,0,1,8,1,0
48213,2022,3,1,1,2,2,0
48213,2022,6,1,1,8,8,0
48213,2022,7,2,2,5,8,0
48213,2022,12,1,1,3,3,0
48213,2023,2,1,1,2,2,0
48213,2023,7,1,1,4,1,0
48213,2023,8,2,3,10,18,0
48213,2023,9,1,1,4,4,0
48213,2024,2,1,1,2,2,0
48213,2024,10,2,2,7,9,0
48213,2025,2,1,1,3,3,0
48213,2025,3,2,2,2,4,0
48213,2025,10,1,1,3,3,0
48213,2025,11,2,2,4,6,0
48213,2025,12,2,2,3,6,0
48215,2015,10,1,1,2,2,0
48215,2015,12,1,1,3,3,0
48215,2016,1,1,1,2,1,0
48215,2016,2,0,1,2,1,0
48215,2016,8,1,1,7,7,0
48215,2016,9,1,1,4,4,0
48215,2016,10,2,2,8,12,0
48215,2016,11,1,1,5,5,0
48215,2016,12,1,1,2,2,0
48215,2017,1,2,2,2,4,0
48215,2017,2,3,3,3,7,0
48215,2017,4,1,1,2,2,0
48215,2017,5,1,1,2,2,0
48215,2017,6,2,2,4,7,0
48215,2017,7,1,1,6,3,0
48215,2017,8,1,2,6,5,0
48215,2017,10,1,1,2,2,0
48215,2017,11,1,1,7,7,0
48215,2017,12,2,2,4,6,0
48215,2018,3,2,2,3,5,0
48215,2018,5,2,2,8,10,0
48215,2018,6,1,1,6,6,0
48215,2018,7,2,2,4,7,0
48215,2018,8,2,2,4,6,0
48215,2018,9,1,1,4,4,0
48215,2018,11,1,1,4,4,0
48215,2019,2,1,1,2,2,0
48215,2019,6,2,2,4,6,0
48215,2019,8,3,3,9,15,0
48215,2019,10,3,3,3,7,0
48215,2019,12,1,1,3,3,0
48215,2020,1,2,2,4,7,0
48215,2020,3,1,1,5,5,0
48215,2020,4,3,3,4,8,0
48215,2020,5,1,1,2,2,0
48215,2020,7,1,1,4,4,0
48215,2020,9,1,1,3,3,0
48215,2020,10,1,1,3,3,0
48215,2020,11,1,1,2,2,0
48215,2021,1,1,1,2,2,0
48215,2021,4,2,2,3,5,0
48215,2021,9,1,1,2,2,0
48215,2021,12,1,1,5,3,0
48215,2022,1,0,1,5,2,0
48215,2022,4,2,2,2,4,0
48215,2022,7,1,1,5,5,0
48215,2022,10,1,1,2,2,0
48215,2022,11,1,1,2,2,0
48215,2023,1,2,2,3,5,0
48215,2023,2,2,2,5,7,0
48215,2023,3,2,3,5,7,0
48215,2023,6,1,1,17,17,0
48215,2023,7,2,2,19,9,0
48215,2023,8,1,2,19,19,0
48215,2023,9,1,2,16,20,0
48215,2023,10,1,1,5,5,0
48215,2023,11,1,1,2,2,0
48215,2024,5,3,3,10,15,0
48215,2024,6,2,2,6,10,0
48215,2024,8,1,1,3,3,0
48215,2024,11,4,4,4,10,0
48215,2024,12,1,1,6,6,0
48215,2025,2,1,1,2,2,0
48215,2025,3,2,2,3,5,0
48215,2025,5,2,2,2,4,0
48215,2025,8,2,2,3,5,0
48215,2025,9,1,1,3,3,0
48215,2025,10,3,3,4,8,0
48215,2025,11,4,4,2,8,0
48215,2025,12,2,2,3,5,0
48217,2015,1,1,1,3,3,0
48217,2015,10,1,1,4,4,0
48217,2016,1,1,1,2,2,0
48217,2016,3,1,1,3,3,0
48217,2016,11,2,2,3,5,0
48217,2016,12,1,1,4,4,0
48217,2017,1,2,2,2,3,0
48217,2017,2,1,2,2,3,0
48217,2017,3,1,1,3,3,0
48217,2017,11,2,2,2,4,0
48217,2018,3,1,1,2,2,0
48217,2018,5,1,1,6,6,0
48217,2018,6,2,2,5,8,0
48217,2018,7,1,1,7,7,0
48217,2019,9,1,1,3,3,0
48217,2019,10,1,1,6,6,0
48217,2020,3,1,1,2,2,0
48217,2020,12,1,1,2,2,0
48217,2021,12,4,4,9,18,0
48217,2022,1,0,1,9,1,0
48217,2022,3,1,1,3,3,0
48217,2022,5,2,2,5,9,0
48217,2022,6,1,1,16,16,0
48217,2022,7,3,3,6,17,0
48217,2022,12,1,1,3,3,0
48217,2023,1,3,3,3,8,0
48217,2023,2,2,2,2,3,0
48217,2023,3,0,1,2,1,0
48217,2023,6,2,2,6,8,0
48217,2023,7,4,4,17,15,0
48217,2023,8,1,2,17,25,0
48217,2023,9,2,2,10,12,0
48217,2023,10,1,1,4,4,0
48217,2023,11,1,1,2,2,0
48217,2024,2,1,1,3,3,0
48217,2024,5,1,1,2,2,0
48217,2024,6,1,1,4,4,0
48217,2024,8,1,1,2,2,0
48217,2024,9,1,1,2,2,0
48217,2024,10,2,2,7,11,0
48217,2025,2,1,1,2,2,0
48217,2025,3,2,2,4,7,0
48217,2025,5,1,1,2,2,0
48217,2025,11,2,2,6,9,0
48217,2025,12,1,1,6,6,0
48219,2015,2,1,1,2,2,0
48219,2016,2,1,1,3,3,0
48219,2016,7,2,2,4,6,0
48219,2016,10,1,1,2,2,0
48219,2016,11,1,1,2,2,0
48219,2017,2,1,1,2,2,0
48219,2017,3,1,1,3,3,0
48219,2017,11,1,1,2,2,0
48219,2018,3,1,1,2,2,0
48219,2018,4,1,1,2,2,0
48219,2018,5,2,2,3,5,0
48219,2019,4,1,1,2,2,0
48219,2019,8,1,1,2,2,0
48219,2020,3,1,1,2,2,0
48219,2020,5,1,1,2,2,0
48219,2020,7,1,1,6,6,0
48219,2020,8,1,1,2,2,0
48219,2020,10,2,2,3,5,0
48219,2020,11,1,1,2,2,0
48219,2021,11,1,1,2,2,0
48219,2021,12,3,3,2,6,0
48219,2022,3,1,1,2,2,0
48219,2022,4,2,2,2,4,0
48219,2022,6,1,1,2,2,0
48219,2023,7,1,1,2,2,0
48219,2023,8,2,2,2,4,0
48219,2023,9,1,1,2,2,0
48219,2023,11,1,1,3,3,0
48219,2024,2,1,1,2,2,0
48219,2024,8,1,1,3,3,0
48219,2024,10,1,1,4,4,0
48219,2025,2,2,2,3,5,0
48219,2025,4,1,1,2,2,0
48219,2025,11,1,1,3,3,0
48219,2025,12,2,2,6,8,0
48221,2015,1,1,1,3,3,0
48221,2015,3,1,1,2,2,0
48221,2015,8,1,1,3,3,0
48221,2015,9,1,1,2,2,0
48221,2015,10,2,2,2,4,0
48221,2015,12,2,2,4,7,0
48221,2016,1,1,1,2,2,0
48221,2016,2,1,1,2,2,0
48221,2016,3,1,1,2,2,0
48221,2016,11,2,2,3,5,0
48221,2016,12,1,1,2,2,0
48221,2017,1,3,3,3,6,0
48221,2017,2,4,5,2,9,0
48221,2017,3,1,1,6,6,0
48221,2017,5,1,1,2,2,0
48221,2017,7,1,1,2,2,0
48221,2017,11,1,1,3,3,0
48221,2017,12,1,1,3,3,0
48221,2018,3,1,1,2,2,0
48221,2018,5,2,2,9,9,0
48221,2018,6,3,4,11,15,0
48221,2018,7,2,3,11,12,0
48221,2019,9,1,1,2,2,0
48221,2019,10,1,1,6,6,0
48221,2020,3,1,1,3,3,0
48221,2020,4,1,1,2,2,0
48221,2020,5,1,1,2,2,0
48221,2020,8,2,2,4,6,0
48221,2020,12,1,1,2,2,0
48221,2021,10,1,1,3,3,0
48221,2021,11,1,1,3,3,0
48221,2021,12,4,4,6,14,0
48221,2022,3,1,1,3,3,0
48221,2022,5,4,4,6,14,0
48221,2022,6,2,2,9,16,0
48221,2022,7,3,3,9,22,0
48221,2022,8,1,1,3,3,0
48221,2023,1,3,3,3,7,0
48221,2023,2,1,1,2,2,0
48221,2023,6,1,1,7,7,0
48221,2023,7,3,3,15,7,0
48221,2023,8,2,3,15,22,0
48221,2023,9,2,2,10,12,0
48221,2023,10,1,1,4,4,0
48221,2023,11,1,1,2,2,0
48221,2024,2,2,2,3,5,0
48221,2024,5,1,1,3,3,0
48221,2024,6,1,1,2,2,0
48221,2024,8,2,2,3,5,0
48221,2024,10,2,2,3,5,0
48221,2024,12,1,1,3,3,0
48221,2025,2,1,1,3,3,0
48221,2025,3,2,2,3,5,0
48221,2025,4,1,1,2,2,0
48221,2025,5,1,1,2,2,0
48221,2025,10,1,1,2,2,0
48221,2025,11,2,2,6,8,0
48221,2025,12,2,2,3,5,0
48223,2015,1,1,1,2,2,0
48223,2015,10,2,2,2,4,0
48223,2015,12,2,2,2,4,0
48223,2016,1,1,1,2,2,0
48223,2016,3,1,1,2,2,0
48223,2016,11,2,2,3,5,0
48223,2016,12,1,1,2,2,0
48223,2017,1,2,2,3,4,0
48223,2017,2,1,2,3,4,0
48223,2017,3,1,1,3,3,0
48223,2017,11,1,1,2,2,0
48223,2017,12,1,1,3,3,0
48223,2018,5,1,1,5,5,0
48223,2018,6,1,1,2,2,0
48223,2018,7,1,1,4,4,0
48223,2019,10,2,2,4,6,0
48223,2020,3,1,1,4,4,0
48223,2020,12,1,1,2,2,0
48223,2021,12,3,3,5,10,0
48223,2022,3,1,1,3,3,0
48223,2022,5,1,1,2,2,0
48223,2022,6,3,3,6,10,0
48223,2022,7,1,1,3,3,0
48223,2023,1,3,3,2,6,0
48223,2023,2,1,1,2,2,0
48223,2023,8,2,2,4,8,0
48223,2023,9,1,1,3,3,0
48223,2023,10,1,1,2,2,0
48223,2024,2,2,2,2,4,0
48223,2024,11,1,1,2,2,0
48223,2025,3,1,1,2,2,0
48223,2025,5,1,1,2,2,0
48223,2025,11,1,1,6,6,0
48223,2025,12,2,2,3,5,0
48225,2015,1,1,1,2,2,0
48225,2015,8,1,1,3,3,0
48225,2015,9,1,1,2,2,0
48225,2015,10,1,1,5,5,0
48225,2015,12,2,2,5,8,0
48225,2016,1,1,1,3,2,0
48225,2016,2,1,2,3,3,0
48225,2016,3,1,1,3,3,0
48225,2016,4,1,1,2,2,0
48225,2016,11,2,2,3,5,0
48225,2016,12,1,1,2,2,0
48225,2017,1,1,1,4,4,0
48225,2017,2,3,3,2,6,0
48225,2017,3,1,1,5,5,0
48225,2017,10,1,1,2,2,0
48225,2017,11,1,1,5,5,0
48225,2018,5,2,2,3,5,0
48225,2019,9,1,1,4,4,0
48225,2019,10,1,1,6,6,0
48225,2020,3,1,1,3,3,0
48225,2020,11,1,1,3,3,0
48225,2021,12,3,3,7,10,0
48225,2022,1,0,1,7,2,0
48225,2022,3,1,1,2,2,0
48225,2022,6,1,1,3,3,0
48225,2022,7,1,1,5,5,0
48225,2022,11,1,1,3,3,0
48225,2022,12,1,1,3,3,0
48225,2023,2,2,2,3,5,0
48225,2023,7,1,1,5,1,0
48225,2023,8,4,5,5,20,0
48225,2023,9,2,2,4,6,0
48225,2024,2,1,1,2,2,0
48225,2024,10,1,1,2,2,0
48225,2024,12,1,1,2,2,0
48225,2025,2,1,1,6,6,0
48225,2025,3,2,2,2,4,0
48225,2025,10,1,1,2,2,0
48225,2025,11,1,1,2,2,0
48225,2025,12,2,2,4,6,0
48227,2015,3,2,2,2,4,0
48227,2016,1,1,1,2,2,0
48227,2016,2,1,1,2,2,0
48227,2016,10,2,2,2,4,0
48227,2016,11,1,1,2,2,0
48227,2017,1,1,1,2,2,0
48227,2017,2,1,1,2,2,0
48227,2017,3,2,2,3,5,0
48227,2017,11,1,1,3,3,0
48227,2018,1,1,1,2,2,0
48227,2018,3,1,1,2,2,0
48227,2018,5,1,1,7,6,0
48227,2018,6,1,2,7,3,0
48227,2018,7,1,1,5,5,0
48227,2019,8,2,2,3,5,0
48227,2019,10,1,1,2,2,0
48227,2020,6,1,1,2,1,0
48227,2020,7,1,2,7,8,0
48227,2020,8,2,2,6,8,0
48227,2020,10,1,1,2,2,0
48227,2021,4,1,1,2,2,0
48227,2021,10,1,1,4,4,0
48227,2021,12,4,4,5,14,0
48227,2022,3,1,1,4,4,0
48227,2022,4,1,1,2,2,0
48227,2022,5,3,3,6,12,0
48227,2022,6,1,1,2,2,0
48227,2022,7,1,1,3,3,0
48227,2022,8,1,1,3,3,0
48227,2023,1,2,2,2,4,0
48227,2023,6,1,1,10,10,0
48227,2023,7,2,2,5,8,0
48227,2023,8,2,2,10,13,0
48227,2023,9,1,1,10,10,0
48227,2023,11,1,1,3,3,0
48227,2024,2,2,2,2,4,0
48227,2024,8,2,2,8,10,0
48227,2024,10,1,1,4,4,0
48227,2025,2,2,2,4,6,0
48227,2025,4,1,1,2,2,0
48227,2025,11,2,2,4,7,0
48227,2025,12,1,1,6,6,0
48229,2015,1,2,2,2,4,0
48229,2015,2,2,2,4,7,0
48229,2015,3,1,1,3,3,0
48229,2015,8,2,2,3,6,0
48229,2015,9,3,3,4,10,0
48229,2015,10,1,1,4,4,0
48229,2015,12,1,1,2,2,0
48229,2016,2,2,2,5,7,0
48229,2016,7,3,3,6,10,0
48229,2016,11,1,1,2,2,0
48229,2016,12,1,1,3,3,0
48229,2017,1,1,1,4,4,0
48229,2017,2,2,2,3,5,0
48229,2017,3,2,2,10,13,0
48229,2017,4,1,1,2,2,0
48229,2017,6,1,1,2,2,0
48229,2017,9,1,1,2,2,0
48229,2017,10,1,1,2,2,0
48229,2017,11,1,1,3,3,0
48229,2017,12,1,1,4,4,0
48229,2018,3,1,1,4,4,0
48229,2018,4,1,1,2,2,0
48229,2018,5,3,3,10,13,0
48229,2018,6,1,2,10,5,0
48229,2018,7,1,1,3,3,0
48229,2018,10,1,1,3,3,0
48229,2019,3,1,1,2,2,0
48229,2019,4,1,1,4,4,0
48229,2019,8,4,4,3,9,0
48229,2019,12,1,1,2,2,0
48229,2020,1,1,1,2,2,0
48229,2020,3,1,1,2,2,0
48229,2020,4,1,1,3,3,0
48229,2020,5,2,2,3,5,0
48229,2020,7,1,1,8,8,0
48229,2020,8,4,4,6,13,0
48229,2020,9,2,2,2,4,0
48229,2020,10,4,4,6,12,0
48229,2020,11,2,2,6,10,0
48229,2021,6,1,1,4,4,0
48229,2021,10,1,1,2,2,0
48229,2021,11,2,2,3,5,0
48229,2021,12,3,3,4,10,0
48229,2022,1,1,1,2,2,0
48229,2022,3,1,1,3,3,0
48229,2022,4,2,2,5,7,0
48229,2022,5,2,2,4,7,0
48229,2022,6,2,2,4,6,0
48229,2022,7,1,1,4,4,0
48229,2022,8,1,1,3,3,0
48229,2022,11,1,1,2,2,0
48229,2023,1,1,1,2,2,0
48229,2023,2,2,2,2,4,0
48229,2023,6,1,1,8,8,0
48229,2023,7,3,3,8,16,0
48229,2023,8,1,1,7,7,0
48229,2023,9,2,2,11,14,0
48229,2023,10,2,2,5,7,0
48229,2023,11,1,1,5,5,0
48229,2023,12,1,1,2,2,0
48229,2024,2,2,2,4,6,0
48229,2024,4,2,2,3,5,0
48229,2024,5,1,1,4,4,0
48229,2024,6,2,2,6,9,0
48229,2024,8,2,2,2,4,0
48229,2024,9,2,2,3,5,0
48229,2024,10,4,4,5,12,0
48229,2024,11,1,1,2,2,0
48229,2024,12,1,1,3,2,0
48229,2025,1,1,2,3,4,0
48229,2025,2,2,2,8,11,0
48229,2025,3,1,1,2,2,0
48229,2025,4,3,3,4,10,0
48229,2025,5,1,1,3,3,0
48229,2025,6,1,1,4,4,0
48229,2025,8,2,2,4,7,0
48229,2025,11,2,2,6,9,0
48229,2025,12,2,2,10,12,0
48231,2015,1,1,1,2,2,0
48231,2015,4,1,1,2,2,0
48231,2015,8,1,1,2,2,0
48231,2015,10,1,1,5,5,0
48231,2015,12,2,2,6,11,0
48231,2016,1,1,1,2,2,0
48231,2016,3,1,1,3,3,0
48231,2016,10,1,1,2,2,0
48231,2016,11,2,2,2,4,0
48231,2016,12,1,1,4,4,0
48231,2017,1,2,2,2,3,0
48231,2017,2,1,2,2,3,0
48231,2017,3,1,1,2,2,0
48231,2017,10,1,1,2,2,0
48231,2017,11,1,1,5,5,0
48231,2017,12,1,1,4,4,0
48231,2018,5,2,2,6,8,0
48231,2018,6,1,1,4,4,0
48231,2018,7,2,2,7,9,0
48231,2019,2,1,1,2,2,0
48231,2019,4,1,1,2,2,0
48231,2019,10,1,1,6,6,0
48231,2020,3,2,2,3,5,0
48231,2020,8,1,1,2,2,0
48231,2020,12,1,1,2,2,0
48231,2021,10,1,1,3,3,0
48231,2021,12,4,4,7,15,0
48231,2022,3,1,1,3,3,0
48231,2022,5,1,1,2,2,0
48231,2022,6,3,3,7,12,0
48231,2022,7,3,3,6,14,0
48231,2022,12,1,1,2,2,0
48231,2023,1,3,3,3,7,0
48231,2023,2,1,1,3,3,0
48231,2023,8,2,2,3,5,0
48231,2023,9,1,1,4,4,0
48231,2023,11,1,1,3,3,0
48231,2024,1,1,1,2,2,0
48231,2024,2,2,2,3,6,0
48231,2024,5,1,1,2,2,0
48231,2024,10,1,1,2,2,0
48231,2024,11,1,1,2,2,0
48231,2025,3,2,2,2,4,0
48231,2025,11,1,1,5,5,0
48231,2025,12,2,2,3,5,0
48233,2015,1,1,1,2,2,0
48233,2015,2,1,1,3,3,0
48233,2015,9,1,1,2,2,0
48233,2015,12,1,1,2,2,0
48233,2016,1,1,1,2,2,0
48233,2016,2,1,1,2,2,0
48233,2016,7,2,2,3,5,0
48233,2016,10,1,1,3,3,0
48233,2016,11,1,1,3,3,0
48233,2017,2,2,2,3,5,0
48233,2017,3,1,1,4,4,0
48233,2017,6,1,1,3,3,0
48233,2017,12,1,1,3,3,0
48233,2018,1,1,1,2,2,0
48233,2018,2,1,1,2,2,0
48233,2018,5,2,2,4,7,0
48233,2018,7,1,1,5,5,0
48233,2018,10,1,1,3,3,0
48233,2019,1,1,1,2,2,0
48233,2019,7,1,1,2,2,0
48233,2019,8,3,3,5,9,0
48233,2019,9,2,2,2,4,0
48233,2019,12,1,1,3,3,0
48233,2020,3,1,1,2,2,0
48233,2020,4,1,1,2,1,0
48233,2020,5,0,1,2,1,0
48233,2020,6,2,2,2,4,0
48233,2020,7,2,2,6,8,0
48233,2020,8,2,2,3,5,0
48233,2020,9,1,1,2,2,0
48233,2020,10,1,1,6,6,0
48233,2020,11,1,1,4,4,0
48233,2021,6,2,2,2,4,0
48233,2021,8,1,1,2,2,0
48233,2021,9,1,1,3,3,0
48233,2021,10,1,1,2,2,0
48233,2021,11,1,1,3,3,0
48233,2021,12,3,3,4,10,0
48233,2022,3,1,1,2,2,0
48233,2022,4,2,2,2,4,0
48233,2022,5,2,2,4,7,0
48233,2022,6,1,1,4,4,0
48233,2022,7,2,2,5,7,0
48233,2022,9,1,1,2,2,0
48233,2023,4,1,1,2,2,0
48233,2023,7,1,1,4,4,0
48233,2023,8,2,2,5,9,0
48233,2023,9,2,2,5,7,0
48233,2023,10,2,2,3,5,0
48233,2023,11,1,1,3,3,0
48233,2024,2,2,2,3,5,0
48233,2024,4,1,1,2,2,0
48233,2024,5,1,1,2,2,0
48233,2024,7,2,2,4,5,0
48233,2024,8,1,2,10,11,0
48233,2024,9,2,2,2,4,0
48233,2024,10,1,1,5,5,0
48233,2025,3,1,1,4,4,0
48233,2025,4,1,1,2,2,0
48233,2025,8,1,1,3,3,0
48233,2025,10,1,1,3,3,0
48233,2025,11,1,1,2,2,0
48233,2025,12,1,1,6,6,0
48235,2015,1,1,1,2,2,0
48235,2015,2,1,1,2,2,0
48235,2015,8,2,2,3,5,1
48235,2015,12,1,1,2,2,0
48235,2016,1,1,1,4,2,0
48235,2016,2,0,1,4,2,0
48235,2016,7,2,2,3,6,0
48235,2016,10,2,2,3,5,0
48235,2016,11,1,1,3,3,0
48235,2017,1,1,1,2,2,0
48235,2017,2,1,1,2,2,0
48235,2017,3,1,1,4,4,0
48235,2017,5,1,1,3,3,0
48235,2017,6,1,1,2,2,0
48235,2017,9,1,1,2,2,0
48235,2017,10,1,1,2,2,0
48235,2017,11,1,1,6,6,0
48235,2018,3,2,2,4,6,0
48235,2018,5,1,1,5,5,0
48235,2018,6,2,2,3,5,0
48235,2018,7,1,1,6,6,0
48235,2019,8,5,5,4,14,0
48235,2019,10,3,3,4,8,0
48235,2019,12,1,1,3,3,0
48235,2020,3,1,1,2,2,0
48235,2020,4,1,1,2,2,0
48235,2020,5,2,2,4,7,0
48235,2020,6,1,1,2,2,0
48235,2020,7,1,1,5,5,0
48235,2020,8,2,2,5,8,0
48235,2020,9,0,1,5,2,0
48235,2020,10,1,1,2,2,0
48235,2020,12,2,2,2,4,0
48235,2021,4,1,1,2,2,0
48235,2021,10,1,1,4,4,0
48235,2021,11,1,1,2,2,0
48235,2021,12,3,3,6,14,0
48235,2022,3,1,1,4,4,0
48235,2022,4,1,1,2,2,0
48235,2022,5,3,3,8,14,0
48235,2022,6,2,2,3,5,0
48235,2022,7,3,3,4,10,0
48235,2022,8,1,1,2,2,0
48235,2023,1,2,2,3,6,0
48235,2023,2,1,1,2,2,0
48235,2023,6,1,1,12,12,0
48235,2023,7,1,1,12,12,0
48235,2023,8,2,2,10,14,0
48235,2023,9,2,2,9,11,0
48235,2023,11,1,1,3,3,0
48235,2024,2,2,2,3,5,5
48235,2024,5,1,1,2,2,2
48235,2024,8,1,1,6,6,6
48235,2024,10,1,1,5,5,5
48235,2025,2,3,3,3,7,7
48235,2025,3,1,1,2,2,2
48235,2025,10,1,1,2,2,2
48235,2025,11,2,2,5,8,8
48235,2025,12,2,2,6,8,8
48237,2015,1,1,1,2,2,0
48237,2015,3,1,1,2,2,0
48237,2015,10,1,1,5,5,0
48237,2016,1,1,1,2,2,0
48237,2016,2,1,1,2,2,0
48237,2016,11,1,1,3,3,0
48237,2017,2,1,1,2,2,0
48237,2017,3,1,1,3,3,0
48237,2017,11,2,2,2,4,0
48237,2017,12,1,1,2,2,0
48237,2018,2,1,1,2,2,0
48237,2018,4,1,1,2,2,0
48237,2018,6,1,1,2,2,0
48237,2018,7,1,1,5,5,0
48237,2019,10,1,1,2,2,1
48237,2020,3,1,1,2,2,0
48237,2020,5,1,1,3,3,0
48237,2020,12,1,1,2,2,0
48237,2021,12,4,4,4,10,1
48237,2022,3,1,1,2,2,0
48237,2022,5,1,1,3,3,0
48237,2022,6,2,2,3,5,0
48237,2022,7,1,1,4,4,0
48237,2022,10,1,1,2,2,0
48237,2023,1,2,2,2,4,0
48237,2023,2,1,1,2,2,0
48237,2023,6,2,2,6,8,0
48237,2023,7,2,2,3,5,0
48237,2023,8,4,4,7,18,0
48237,2023,9,2,2,6,8,0
48237,2023,11,1,1,3,3,0
48237,2024,2,2,2,3,5,0
48237,2024,10,1,1,4,4,0
48237,2025,2,1,1,2,2,0
48237,2025,11,2,2,2,4,0
48237,2025,12,1,1,6,6,1
48239,2015,1,1,1,2,2,2
48239,2015,8,1,1,5,5,5
48239,2015,10,1,1,5,5,5
48239,2015,12,2,2,4,6,6
48239,2016,3,1,1,2,2,2
48239,2016,10,2,2,4,6,6
48239,2016,11,2,2,4,6,6
48239,2016,12,1,1,4,4,4
48239,2017,1,3,3,3,7,7
48239,2017,2,3,3,3,9,9
48239,2017,3,2,2,5,9,9
48239,2017,7,1,1,2,2,2
48239,2017,11,1,1,6,6,6
48239,2017,12,1,1,2,2,2
48239,2018,5,2,2,6,9,9
48239,2018,7,1,1,2,2,2
48239,2018,11,1,1,2,2,2
48239,2019,8,1,1,2,2,2
48239,2019,9,2,2,3,6,6
48239,2019,10,1,1,6,6,6
48239,2020,3,1,1,5,5,5
48239,2020,5,1,1,2,2,2
48239,2020,7,1,1,2,2,2
48239,2020,8,1,1,2,2,2
48239,2020,10,1,1,2,2,2
48239,2021,12,4,4,9,17,17
48239,2022,1,0,1,9,1,1
48239,2022,3,1,1,3,3,3
48239,2022,5,3,3,7,16,16
48239,2022,6,3,3,9,15,15
48239,2022,7,1,1,7,7,7
48239,2022,11,1,1,2,2,2
48239,2022,12,1,1,5,5,5
48239,2023,1,3,3,3,8,8
48239,2023,2,2,2,3,5,5
48239,2023,3,3,4,3,8,8
48239,2023,6,2,2,6,11,11
48239,2023,7,2,2,23,15,15
48239,2023,8,1,2,23,29,29
48239,2023,9,1,2,20,16,16
48239,2023,10,1,1,4,4,4
48239,2023,11,1,1,2,2,2
48239,2024,2,1,1,3,3,3
48239,2024,3,1,1,2,2,2
48239,2024,5,2,2,4,6,6
48239,2024,8,1,1,3,3,3
48239,2024,10,1,1,15,15,15
48239,2024,11,3,3,4,8,8
48239,2024,12,1,1,3,3,3
48239,2025,2,1,1,7,7,7
48239,2025,3,3,3,4,9,9
48239,2025,5,2,2,4,6,6
48239,2025,9,1,1,2,2,2
48239,2025,10,2,2,4,7,7
48239,2025,11,2,2,8,11,11
48239,2025,12,1,1,6,6,6
48241,2015,8,1,1,3,3,0
48241,2015,10,1,1,2,2,0
48241,2015,11,1,1,2,2,0
48241,2015,12,1,1,5,5,1
48241,2016,3,1,1,2,2,0
48241,2016,10,1,1,4,4,0
48241,2016,11,1,1,4,4,0
48241,2016,12,2,2,3,6,3
48241,2017,1,1,1,4,4,0
48241,2017,2,3,3,4,9,0
48241,2017,3,2,2,5,7,0
48241,2017,10,1,1,5,5,0
48241,2017,11,1,1,6,6,0
48241,2018,2,2,2,7,10,0
48241,2018,3,1,1,2,2,0
48241,2018,5,1,1,2,2,1
48241,2019,1,1,1,2,2,0
48241,2019,10,1,1,3,3,0
48241,2019,12,1,1,2,2,1
48241,2020,1,1,1,2,2,0
48241,2020,3,2,2,5,7,0
48241,2021,4,1,1,2,2,0
48241,2021,12,2,2,8,12,4
48241,2022,1,0,1,8,1,1
48241,2022,5,1,1,2,2,0
48241,2022,6,3,3,8,12,1
48241,2022,7,2,2,2,4,0
48241,2022,11,1,1,2,2,1
48241,2022,12,1,1,4,4,0
48241,2023,1,3,3,8,14,1
48241,2023,2,2,2,4,5,0
48241,2023,3,2,3,4,7,0
48241,2023,6,1,1,2,1,0
48241,2023,7,2,3,4,9,3
48241,2023,8,3,3,13,23,0
48241,2023,9,2,2,3,5,0
48241,2023,10,1,1,3,3,0
48241,2023,11,1,1,2,2,0
48241,2024,2,1,1,2,2,0
48241,2024,3,1,1,2,2,0
48241,2025,2,1,1,3,3,0
48241,2025,5,1,1,2,2,1
48241,2025,12,1,1,4,4,3
48243,2015,1,1,1,2,2,0
48243,2015,8,1,1,5,5,0
48243,2015,9,2,2,6,9,0
48243,2015,10,1,1,3,3,0
48243,2015,12,1,1,3,3,0
48243,2016,2,2,2,4,6,0
48243,2016,7,3,3,5,12,0
48243,2016,10,1,1,2,2,0
48243,2016,11,1,1,2,2,0
48243,2016,12,2,2,5,7,0
48243,2017,1,1,1,5,5,0
48243,2017,2,2,2,3,5,0
48243,2017,3,1,1,10,10,0
48243,2017,6,3,3,3,7,0
48243,2017,7,0,1,3,1,0
48243,2017,9,1,1,2,2,0
48243,2017,10,1,1,2,2,0
48243,2017,11,2,2,5,7,0
48243,2017,12,2,2,3,5,0
48243,2018,2,1,1,2,2,0
48243,2018,3,1,1,3,3,0
48243,2018,4,1,1,2,2,0
48243,2018,5,2,2,8,10,0
48243,2018,6,1,2,8,4,0
48243,2018,7,1,1,3,3,0
48243,2018,10,1,1,2,2,0
48243,2019,1,1,1,2,2,0
48243,2019,3,1,1,2,2,0
48243,2019,4,1,1,3,3,0
48243,2019,8,5,5,5,17,0
48243,2020,1,1,1,2,2,0
48243,2020,3,1,1,2,2,0
48243,2020,4,1,1,3,3,0
48243,2020,7,1,1,7,7,0
48243,2020,8,3,3,12,18,0
48243,2020,9,1,1,2,2,0
48243,2020,10,3,3,7,14,0
48243,2020,11,2,2,5,8,0
48243,2021,6,1,1,4,4,0
48243,2021,10,1,1,4,4,0
48243,2021,11,1,1,4,4,0
48243,2021,12,4,4,5,11,0
48243,2022,3,1,1,4,4,0
48243,2022,4,1,1,3,3,0
48243,2022,5,1,1,2,2,0
48243,2022,6,1,1,3,3,0
48243,2022,7,1,1,2,2,0
48243,2022,12,1,1,2,2,0
48243,2023,1,2,2,2,4,0
48243,2023,6,1,1,6,6,0
48243,2023,7,2,2,8,13,0
48243,2023,8,1,1,9,9,0
48243,2023,9,2,2,8,13,0
48243,2023,10,2,2,2,4,0
48243,2023,11,1,1,6,6,0
48243,2024,2,2,2,3,5,0
48243,2024,4,1,1,2,2,0
48243,2024,5,2,2,2,4,0
48243,2024,6,1,1,2,2,0
48243,2024,8,1,1,2,2,0
48243,2024,9,1,1,3,3,0
48243,2024,10,2,2,4,7,0
48243,2024,12,1,1,2,2,0
48243,2025,1,1,1,2,2,0
48243,2025,2,2,2,8,10,0
48243,2025,4,3,3,4,9,0
48243,2025,5,1,1,3,3,0
48243,2025,8,2,2,3,5,0
48243,2025,11,2,2,4,7,0
48243,2025,12,2,2,10,12,0
48245,2015,7,1,1,3,3,0
48245,2015,8,1,1,4,4,0
48245,2015,10,1,1,2,2,0
48245,2015,12,2,2,4,7,0
48245,2016,10,1,1,2,2,0
48245,2016,11,1,1,4,4,0
48245,2016,12,1,1,4,4,0
48245,2017,1,2,2,3,6,0
48245,2017,2,4,4,4,12,0
48245,2017,3,2,2,6,9,0
48245,2017,4,1,1,2,2,0
48245,2017,10,2,2,3,5,0
48245,2017,11,1,1,5,5,0
48245,2018,2,2,2,6,9,0
48245,2018,3,1,1,2,2,0
48245,2018,5,2,2,5,9,0
48245,2018,10,1,1,2,2,0
48245,2018,11,1,1,2,2,0
48245,2018,12,1,1,2,2,0
48245,2019,9,2,2,3,5,0
48245,2019,10,1,1,7,7,0
48245,2020,1,1,1,2,2,0
48245,2020,3,2,2,7,9,0
48245,2021,12,3,3,9,16,0
48245,2022,1,0,1,9,2,0
48245,2022,6,2,2,6,11,0
48245,2022,7,1,1,3,3,0
48245,2022,9,1,1,2,2,0
48245,2022,11,1,1,3,3,0
48245,2022,12,1,1,5,5,0
48245,2023,1,2,2,2,4,0
48245,2023,2,1,1,7,7,0
48245,2023,3,2,2,3,6,0
48245,2023,7,3,3,5,9,0
48245,2023,8,3,4,18,28,0
48245,2023,9,1,2,12,12,0
48245,2023,10,1,1,2,2,0
48245,2023,11,1,1,3,3,0
48245,2024,2,1,1,2,2,0
48245,2024,5,1,1,2,2,0
48245,2024,10,3,3,3,7,0
48245,2024,11,2,2,3,5,0
48245,2024,12,1,1,2,2,0
48245,2025,2,1,1,7,7,0
48245,2025,3,2,2,3,5,0
48245,2025,7,1,1,2,2,0
48245,2025,10,2,2,3,6,0
48245,2025,11,1,1,3,3,0
48245,2025,12,1,1,4,4,0
48247,2017,2,1,1,2,2,2
48247,2017,11,1,1,2,2,2
48247,2018,7,1,1,2,2,2
48247,2019,8,1,1,3,3,3
48247,2020,3,1,1,2,2,2
48247,2020,7,1,1,3,3,3
48247,2022,7,1,1,4,4,4
48247,2023,2,1,1,2,2,2
48247,2023,6,2,2,5,9,9
48247,2023,7,2,2,4,6,6
48247,2023,8,2,2,11,15,15
48247,2023,9,2,2,7,9,9
48247,2024,8,1,1,3,3,3
48247,2024,12,1,1,2,2,2
48247,2025,3,1,1,3,3,3
48247,2025,12,1,1,3,3,3
48249,2015,10,2,2,4,6,0
48249,2015,12,1,1,2,2,0
48249,2016,3,1,1,2,2,0
48249,2016,8,1,1,3,3,0
48249,2016,10,2,2,2,4,0
48249,2016,11,1,1,3,3,0
48249,2017,1,2,2,2,4,0
48249,2017,2,3,3,3,7,0
48249,2017,6,1,1,3,3,0
48249,2017,11,1,1,5,5,0
48249,2017,12,1,1,3,3,0
48249,2018,5,2,2,3,5,0
48249,2018,6,1,1,2,2,0
48249,2019,8,1,1,5,5,0
48249,2019,10,2,2,2,4,0
48249,2019,12,1,1,3,3,0
48249,2020,3,2,2,5,7,0
48249,2020,4,1,1,3,3,0
48249,2020,7,1,1,2,2,0
48249,2020,10,1,1,3,3,0
48249,2021,12,3,3,8,13,0
48249,2022,1,0,1,8,1,0
48249,2022,3,1,1,2,2,0
48249,2022,5,2,2,2,4,0
48249,2022,6,1,1,3,3,0
48249,2022,7,1,1,4,4,0
48249,2023,1,2,2,3,5,0
48249,2023,2,2,2,4,5,0
48249,2023,3,2,3,3,6,0
48249,2023,6,4,4,5,14,0
48249,2023,7,1,1,9,9,0
48249,2023,8,1,1,17,17,0
48249,2023,9,3,3,4,9,0
48249,2024,2,1,1,2,2,0
48249,2024,10,2,2,2,4,0
48249,2024,11,3,3,4,8,0
48249,2024,12,1,1,4,4,0
48249,2025,2,1,1,4,4,0
48249,2025,3,1,1,4,4,0
48249,2025,4,1,1,3,3,0
48249,2025,5,1,1,2,2,0
48249,2025,9,1,1,2,2,0
48249,2025,10,1,1,4,4,0
48249,2025,11,2,2,4,6,0
48249,2025,12,1,1,3,3,0
48251,2015,1,1,1,3,3,0
48251,2015,10,1,1,2,2,0
48251,2016,1,1,1,2,2,0
48251,2016,11,1,1,2,2,0
48251,2016,12,1,1,2,2,0
48251,2017,1,2,2,2,3,0
48251,2017,2,1,2,2,3,0
48251,2017,3,1,1,2,2,0
48251,2017,11,1,1,5,5,0
48251,2018,5,1,1,2,2,0
48251,2018,7,1,1,7,7,0
48251,2019,10,1,1,6,6,0
48251,2020,3,1,1,2,2,0
48251,2020,4,1,1,2,2,0
48251,2021,12,4,4,7,16,0
48251,2022,3,1,1,2,2,0
48251,2022,5,1,1,2,2,0
48251,2022,6,2,2,4,7,0
48251,2022,7,1,1,4,4,0
48251,2023,1,1,1,2,2,0
48251,2023,2,1,1,2,2,0
48251,2023,6,1,1,2,2,0
48251,2023,7,1,1,3,3,0
48251,2023,8,4,4,5,14,0
48251,2023,9,1,1,7,7,0
48251,2023,11,1,1,2,2,0
48251,2024,2,1,1,3,3,0
48251,2024,10,1,1,2,2,0
48251,2024,12,1,1,2,2,0
48251,2025,2,1,1,2,2,0
48251,2025,3,2,2,3,5,0
48251,2025,4,1,1,2,2,0
48251,2025,11,2,2,2,4,0
48251,2025,12,1,1,5,5,0
48253,2015,1,1,1,2,2,0
48253,2015,3,2,2,2,4,0
48253,2015,10,1,1,2,2,0
48253,2016,1,1,1,2,2,0
48253,2016,2,1,1,3,3,0
48253,2016,10,1,1,2,2,0
48253,2016,11,1,1,3,3,0
48253,2017,2,2,2,2,4,0
48253,2017,3,1,1,3,3,0
48253,2017,5,1,1,3,3,0
48253,2017,11,2,2,2,4,0
48253,2018,3,1,1,2,2,0
48253,2018,5,2,2,3,5,0
48253,2018,6,0,1,3,1,0
48253,2018,7,1,1,5,5,0
48253,2019,8,1,1,2,2,0
48253,2019,10,1,1,3,3,0
48253,2020,3,1,1,2,2,0
48253,2020,5,1,1,2,2,0
48253,2020,7,1,1,2,2,0
48253,2020,8,1,1,3,3,0
48253,2020,10,1,1,2,2,0
48253,2020,12,1,1,2,2,0
48253,2021,4,1,1,2,2,0
48253,2021,10,1,1,4,4,0
48253,2021,11,1,1,2,2,0
48253,2021,12,4,4,4,12,0
48253,2022,1,1,1,2,2,0
48253,2022,3,1,1,3,3,0
48253,2022,4,1,1,2,2,0
48253,2022,5,3,3,4,9,0
48253,2022,6,1,1,4,4,0
48253,2022,7,1,1,3,3,0
48253,2022,12,1,1,2,2,0
48253,2023,1,2,2,3,5,0
48253,2023,2,1,1,2,2,0
48253,2023,6,2,2,5,8,0
48253,2023,7,2,2,2,4,0
48253,2023,8,4,4,6,15,0
48253,2023,9,2,2,10,12,0
48253,2023,11,1,1,3,3,0
48253,2024,2,2,2,2,4,0
48253,2024,8,3,3,7,11,0
48253,2024,10,1,1,4,4,0
48253,2025,2,3,3,2,6,0
48253,2025,10,1,1,3,3,0
48253,2025,11,3,3,3,7,0
48253,2025,12,1,1,6,6,0
48255,2015,10,1,1,4,4,4
48255,2016,11,1,1,2,2,2
48255,2017,1,1,1,2,2,2
48255,2017,2,1,1,2,2,2
48255,2017,11,1,1,5,5,5
48255,2018,5,1,1,5,5,5
48255,2019,10,1,1,3,3,3
48255,2020,3,1,1,3,3,3
48255,2020,7,1,1,2,2,2
48255,2021,12,2,2,3,4,4
48255,2022,1,0,1,3,1,1
48255,2022,3,1,1,2,2,2
48255,2022,5,2,2,2,4,4
48255,2022,6,2,2,3,5,5
48255,2022,7,1,1,4,4,4
48255,2023,2,1,1,3,3,3
48255,2023,6,2,2,4,7,7
48255,2023,7,1,1,4,4,4
48255,2023,8,3,3,18,24,24
48255,2023,9,1,1,10,10,10
48255,2024,2,1,1,2,2,2
48255,2024,5,1,1,3,3,3
48255,2024,8,1,1,2,2,2
48255,2024,10,3,3,3,8,8
48255,2024,11,1,1,2,2,2
48255,2025,2,1,1,2,2,2
48255,2025,3,2,2,3,5,5
48255,2025,10,1,1,3,3,3
48255,2025,11,2,2,4,6,6
48255,2025,12,1,1,3,3,3
48257,2015,1,1,1,2,2,0
48257,2015,3,2,2,2,4,0
48257,2015,10,2,2,2,4,0
48257,2015,12,1,1,4,4,0
48257,2016,1,1,1,3,3,0
48257,2016,3,1,1,2,2,0
48257,2016,12,1,1,2,2,0
48257,2017,1,2,2,3,5,0
48257,2017,2,2,3,3,5,0
48257,2017,3,1,1,2,2,0
48257,2017,4,1,1,2,2,0
48257,2017,10,1,1,2,2,0
48257,2017,11,1,1,2,2,0
48257,2017,12,1,1,3,3,0
48257,2018,5,1,1,6,6,0
48257,2018,6,1,1,2,2,0
48257,2018,7,1,1,5,5,0
48257,2019,10,1,1,6,6,0
48257,2020,3,2,2,4,6,0
48257,2020,12,1,1,2,2,0
48257,2021,10,1,1,2,2,0
48257,2021,12,4,4,5,12,0
48257,2022,1,1,1,2,2,0
48257,2022,3,1,1,3,3,0
48257,2022,5,1,1,2,2,0
48257,2022,6,3,3,8,13,0
48257,2022,7,3,3,4,9,0
48257,2022,12,1,1,2,2,0
48257,2023,1,3,3,2,6,0
48257,2023,2,1,1,2,2,0
48257,2023,7,2,2,4,4,0
48257,2023,8,3,4,5,15,0
48257,2023,9,1,1,4,4,0
48257,2024,1,1,1,2,2,0
48257,2024,2,2,2,2,4,0
48257,2024,10,1,1,2,2,0
48257,2024,11,1,1,2,2,0
48257,2025,3,1,1,2,2,0
48257,2025,10,1,1,2,2,0
48257,2025,11,1,1,5,5,0
48257,2025,12,2,2,3,5,0
48259,2015,1,1,1,2,2,0
48259,2015,8,1,1,3,3,0
48259,2015,10,2,2,5,7,0
48259,2015,12,2,2,2,4,0
48259,2016,1,1,1,2,1,0
48259,2016,2,0,1,2,1,0
48259,2016,3,1,1,2,2,0
48259,2016,11,1,1,3,3,0
48259,2016,12,1,1,2,2,0
48259,2017,1,1,1,2,2,0
48259,2017,2,2,2,2,4,0
48259,2017,7,1,1,2,2,0
48259,2017,11,2,2,3,5,0
48259,2018,5,1,1,6,6,0
48259,2018,6,3,3,8,8,0
48259,2018,7,2,3,8,14,0
48259,2019,8,2,2,7,9,0
48259,2019,9,3,3,4,10,0
48259,2019,10,2,2,7,9,0
48259,2019,12,1,1,2,2,0
48259,2020,1,1,1,2,2,0
48259,2020,3,2,2,4,6,0
48259,2020,4,3,3,2,6,0
48259,2020,5,1,1,4,4,0
48259,2020,7,1,1,4,4,0
48259,2020,8,1,1,3,3,0
48259,2020,10,1,1,2,2,0
48259,2020,12,1,1,2,2,0
48259,2021,4,1,1,3,3,0
48259,2021,9,1,1,2,2,0
48259,2021,12,5,5,4,11,0
48259,2022,1,0,1,4,2,0
48259,2022,3,1,1,4,4,0
48259,2022,4,1,1,3,3,0
48259,2022,5,3,3,6,13,0
48259,2022,6,1,2,23,24,0
48259,2022,7,2,2,16,30,0
48259,2022,8,2,2,4,7,0
48259,2022,10,2,2,2,4,0
48259,2022,11,1,1,3,3,0
48259,2022,12,1,1,3,3,0
48259,2023,1,3,3,6,10,0
48259,2023,2,2,2,3,3,0
48259,2023,3,0,1,3,2,0
48259,2023,6,1,1,15,15,0
48259,2023,7,2,2,23,22,0
48259,2023,8,2,3,23,26,0
48259,2023,9,1,2,12,17,0
48259,2023,10,2,2,4,7,0
48259,2023,11,1,1,2,2,0
48259,2024,2,1,1,2,2,0
48259,2024,3,1,1,2,2,0
48259,2024,5,2,2,5,8,0
48259,2024,6,1,1,2,2,0
48259,2024,8,1,1,3,3,0
48259,2024,10,1,1,15,15,0
48259,2024,12,1,1,5,5,0
48259,2025,2,2,2,2,4,0
48259,2025,3,3,3,4,10,0
48259,2025,4,2,2,2,4,0
48259,2025,5,2,2,7,13,0
48259,2025,8,2,2,2,4,0
48259,2025,9,1,1,2,2,0
48259,2025,10,3,3,7,15,0
48259,2025,11,2,2,8,12,0
48259,2025,12,1,1,7,7,0
48261,2015,10,2,2,2,4,0
48261,2015,12,2,2,5,8,0
48261,2016,3,2,2,3,4,0
48261,2016,4,0,1,2,1,0
48261,2016,5,1,1,2,2,0
48261,2016,8,1,1,2,2,0
48261,2016,10,2,2,6,9,0
48261,2016,11,2,2,4,6,0
48261,2016,12,1,1,4,4,0
48261,2017,1,3,3,4,9,1
48261,2017,2,4,4,4,10,0
48261,2017,3,2,3,2,5,0
48261,2017,4,3,3,3,7,0
48261,2017,6,2,2,3,6,0
48261,2017,9,1,1,2,2,0
48261,2017,11,1,1,4,4,4
48261,2018,5,1,1,4,4,4
48261,2018,7,1,1,2,2,2
48261,2019,8,2,2,3,5,5
48261,2019,10,1,1,3,3,3
48261,2020,3,1,1,3,3,3
48261,2020,7,1,1,3,3,3
48261,2020,9,1,1,2,2,2
48261,2020,10,1,1,3,3,3
48261,2020,12,2,2,2,4,0
48261,2021,1,1,1,2,2,0
48261,2021,4,2,2,2,4,1
48261,2021,8,1,1,10,1,0
48261,2021,9,2,3,10,12,0
48261,2021,10,1,2,2,3,0
48261,2021,12,4,4,8,18,0
48261,2022,1,1,2,8,4,0
48261,2022,2,1,1,2,2,0
48261,2022,3,2,2,3,5,0
48261,2022,4,3,3,2,6,0
48261,2022,5,2,2,8,10,0
48261,2022,7,3,3,5,11,0
48261,2022,8,1,1,3,3,0
48261,2022,11,3,3,3,7,0
48261,2022,12,1,1,9,9,0
48261,2023,1,4,4,3,11,0
48261,2023,2,3,3,6,9,0
48261,2023,3,3,4,5,12,0
48261,2023,6,1,1,21,21,0
48261,2023,7,2,2,11,13,0
48261,2023,8,3,3,17,21,0
48261,2023,9,2,2,16,21,0
48261,2023,10,2,2,3,5,0
48261,2023,11,1,1,4,4,0
48261,2023,12,1,1,2,2,0
48261,2024,2,1,1,3,3,0
48261,2024,5,3,3,13,17,0
48261,2024,6,2,2,4,6,0
48261,2024,8,1,1,4,4,0
48261,2024,10,1,1,2,2,0
48261,2024,11,3,3,6,14,0
48261,2024,12,1,1,6,6,0
48261,2025,1,1,1,2,2,0
48261,2025,2,2,2,3,5,0
48261,2025,3,4,4,4,12,0
48261,2025,4,1,1,3,3,0
48261,2025,5,2,2,4,6,1
48261,2025,6,1,1,2,2,0
48261,2025,8,2,2,2,3,0
48261,2025,9,1,2,4,5,0
48261,2025,10,3,3,4,9,0
48261,2025,11,3,3,7,12,0
48261,2025,12,3,3,3,7,0
48263,2015,1,1,1,3,3,0
48263,2015,3,1,1,3,3,0
48263,2015,8,1,1,5,5,0
48263,2015,10,1,1,2,2,0
48263,2015,11,1,1,2,2,0
48263,2016,1,1,1,2,2,0
48263,2016,2,1,1,3,3,0
48263,2016,7,1,1,2,2,0
48263,2016,10,2,2,3,5,0
48263,2016,11,2,2,2,4,0
48263,2017,2,2,2,2,4,0
48263,2017,3,1,1,6,6,0
48263,2017,4,1,1,2,2,0
48263,2017,5,1,1,3,3,0
48263,2017,6,2,2,2,3,0
48263,2017,7,0,1,2,1,0
48263,2017,9,1,1,2,2,0
48263,2017,10,1,1,2,2,0
48263,2017,11,2,2,2,4,0
48263,2018,1,1,1,2,2,0
48263,2018,3,1,1,2,2,0
48263,2018,4,2,2,2,4,0
48263,2018,5,2,2,4,5,0
48263,2018,6,0,1,4,2,0
48263,2018,7,1,1,5,5,0
48263,2019,8,4,4,4,12,0
48263,2020,3,1,1,2,2,0
48263,2020,5,1,1,2,2,0
48263,2020,7,1,1,6,6,0
48263,2020,8,1,1,5,5,0
48263,2020,10,1,1,2,2,0
48263,2020,11,1,1,2,2,0
48263,2020,12,1,1,2,2,0
48263,2021,4,1,1,3,3,0
48263,2021,10,2,2,4,6,0
48263,2021,11,1,1,2,2,0
48263,2021,12,4,4,4,11,0
48263,2022,1,1,1,2,2,0
48263,2022,3,1,1,4,4,0
48263,2022,4,2,2,2,4,0
48263,2022,5,4,4,4,12,0
48263,2022,6,2,2,4,6,0
48263,2022,7,4,4,4,11,0
48263,2022,8,1,1,5,5,0
48263,2022,12,1,1,2,2,0
48263,2023,1,2,2,3,5,0
48263,2023,2,1,1,2,2,0
48263,2023,4,1,1,2,2,0
48263,2023,6,1,1,3,3,0
48263,2023,7,2,2,2,4,0
48263,2023,8,4,4,6,18,0
48263,2023,9,1,1,9,9,0
48263,2023,10,1,1,2,2,0
48263,2023,11,1,1,3,3,0
48263,2024,2,2,2,2,4,0
48263,2024,5,1,1,2,2,0
48263,2024,8,3,3,10,15,0
48263,2024,10,1,1,3,3,0
48263,2025,2,3,3,3,7,0
48263,2025,4,1,1,2,2,0
48263,2025,10,1,1,3,3,0
48263,2025,11,3,3,3,7,0
48263,2025,12,1,1,6,6,0
48265,2015,1,1,1,2,2,0
48265,2015,8,1,1,2,2,0
48265,2015,10,1,1,4,4,0
48265,2016,3,1,1,2,2,0
48265,2016,11,1,1,2,2,0
48265,2016,12,1,1,2,2,0
48265,2017,1,1,1,2,2,0
48265,2017,2,1,1,3,3,0
48265,2017,3,1,1,2,2,0
48265,2017,11,1,1,6,6,0
48265,2018,5,1,1,3,3,0
48265,2018,6,1,1,2,2,0
48265,2018,7,1,1,2,2,0
48265,2019,10,1,1,7,7,0
48265,2019,12,1,1,3,3,0
48265,2020,3,1,1,2,2,0
48265,2020,7,1,1,4,4,0
48265,2020,8,1,1,2,2,0
48265,2020,10,1,1,3,3,0
48265,2020,12,1,1,2,2,0
48265,2021,12,4,4,4,10,0
48265,2022,1,0,1,4,1,0
48265,2022,3,1,1,3,3,0
48265,2022,4,1,1,2,2,0
48265,2022,5,3,3,6,11,0
48265,2022,6,3,3,4,12,0
48265,2022,7,1,1,6,6,0
48265,2023,1,2,2,2,4,0
48265,2023,2,2,2,3,4,0
48265,2023,3,0,1,2,1,0
48265,2023,6,1,1,14,14,0
48265,2023,7,2,2,9,11,0
48265,2023,8,2,2,17,21,0
48265,2023,9,2,2,10,12,0
48265,2024,2,1,1,2,2,0
48265,2024,5,1,1,4,4,0
48265,2024,8,1,1,3,3,0
48265,2024,10,3,3,7,11,0
48265,2024,11,1,1,2,2,0
48265,2024,12,1,1,3,3,0
48265,2025,2,1,1,2,2,0
48265,2025,3,3,3,4,9,0
48265,2025,5,2,2,6,10,0
48265,2025,10,1,1,3,3,0
48265,2025,11,2,2,4,8,0
48265,2025,12,1,1,2,2,0
48267,2015,1,1,1,2,2,0
48267,2015,3,1,1,2,2,0
48267,2015,8,1,1,4,4,0
48267,2015,10,1,1,4,4,0
48267,2015,12,1,1,3,3,0
48267,2016,1,1,1,3,2,0
48267,2016,2,0,1,3,1,0
48267,2016,8,1,1,3,3,0
48267,2016,11,1,1,3,3,0
48267,2017,2,2,2,3,6,0
48267,2017,7,1,1,2,2,0
48267,2017,9,1,1,3,3,0
48267,2017,11,1,1,7,7,0
48267,2018,3,1,1,2,2,0
48267,2018,5,1,1,5,5,0
48267,2018,6,1,1,2,2,0
48267,2018,7,1,1,8,8,0
48267,2018,11,1,1,2,2,0
48267,2019,8,3,3,4,8,0
48267,2019,9,1,1,2,2,0
48267,2019,10,1,1,6,6,0
48267,2019,12,1,1,3,3,0
48267,2020,1,1,1,2,2,0
48267,2020,5,1,1,2,2,0
48267,2020,7,1,1,5,5,0
48267,2020,8,2,2,3,6,0
48267,2020,10,1,1,7,7,0
48267,2020,12,1,1,2,2,0
48267,2021,11,1,1,2,2,0
48267,2021,12,3,3,10,16,0
48267,2022,1,0,1,10,1,0
48267,2022,3,1,1,3,3,0
48267,2022,4,1,1,2,2,0
48267,2022,5,3,3,8,13,0
48267,2022,6,2,2,4,7,0
48267,2022,7,2,2,6,9,0
48267,2022,11,1,1,2,2,0
48267,2023,1,1,1,2,2,0
48267,2023,2,2,2,2,4,0
48267,2023,6,2,2,9,13,0
48267,2023,7,2,2,15,16,0
48267,2023,8,2,3,17,22,0
48267,2023,9,1,1,10,10,0
48267,2023,11,1,1,2,2,0
48267,2024,2,2,2,3,6,0
48267,2024,4,1,1,3,3,0
48267,2024,5,1,1,5,5,0
48267,2024,8,1,1,3,3,0
48267,2024,10,1,1,7,7,0
48267,2024,12,1,1,2,2,0
48267,2025,2,3,3,2,6,0
48267,2025,3,1,1,4,4,0
48267,2025,4,1,1,2,2,0
48267,2025,5,1,1,2,2,0
48267,2025,10,1,1,3,3,0
48267,2025,11,2,2,6,10,0
48267,2025,12,2,2,3,5,0
48269,2015,1,1,1,3,3,0
48269,2015,2,1,1,2,2,0
48269,2015,3,1,1,2,2,0
48269,2015,9,1,1,2,2,0
48269,2015,10,1,1,2,2,0
48269,2015,12,1,1,2,2,0
48269,2016,1,1,1,2,2,0
48269,2016,7,1,1,2,2,0
48269,2016,10,1,1,2,2,0
48269,2016,11,2,2,2,4,0
48269,2017,2,2,2,3,5,0
48269,2017,3,1,1,2,2,0
48269,2017,11,1,1,2,2,0
48269,2017,12,1,1,2,2,0
48269,2018,2,1,1,2,2,0
48269,2018,3,1,1,2,2,0
48269,2018,4,1,1,2,2,0
48269,2018,5,1,1,2,2,0
48269,2018,7,1,1,5,5,0
48269,2019,8,3,3,3,7,0
48269,2020,3,1,1,2,2,0
48269,2020,7,1,1,4,4,0
48269,2020,8,1,1,3,3,0
48269,2020,12,1,1,3,3,0
48269,2021,10,1,1,3,3,0
48269,2021,12,3,3,2,6,0
48269,2022,3,1,1,3,3,0
48269,2022,4,1,1,2,2,0
48269,2022,5,4,4,4,11,0
48269,2022,6,1,1,2,2,0
48269,2022,7,3,3,4,8,0
48269,2022,8,1,1,3,3,0
48269,2023,1,1,1,2,2,0
48269,2023,6,1,1,2,2,0
48269,2023,7,1,1,2,2,0
48269,2023,8,3,3,3,8,0
48269,2023,9,2,2,6,8,0
48269,2023,11,1,1,3,3,0
48269,2024,2,2,2,2,4,0
48269,2024,8,2,2,8,11,0
48269,2024,10,3,3,4,9,0
48269,2025,2,1,1,2,2,0
48269,2025,4,1,1,2,2,0
48269,2025,10,1,1,3,3,0
48269,2025,11,3,3,3,7,0
48269,2025,12,1,1,6,6,0
48271,2016,1,1,1,2,1,0
48271,2016,2,0,1,2,1,0
48271,2017,2,1,1,3,3,0
48271,2017,9,1,1,2,2,0
48271,2018,5,1,1,2,2,0
48271,2018,7,1,1,2,2,0
48271,2019,12,1,1,2,2,0
48271,2020,7,1,1,5,5,4
48271,2020,8,1,1,3,3,3
48271,2020,10,1,1,2,2,1
48271,2021,12,1,1,2,2,1
48271,2022,3,1,1,2,2,1
48271,2022,5,2,2,2,4,4
48271,2022,7,2,2,4,6,6
48271,2023,6,2,2,4,8,8
48271,2023,7,2,2,3,6,6
48271,2023,8,4,4,11,20,20
48271,2023,9,1,1,10,10,10
48271,2023,11,1,1,2,2,2
48271,2024,2,1,1,2,2,2
48271,2024,5,1,1,2,2,2
48271,2024,8,1,1,4,4,4
48271,2024,10,1,1,5,5,5
48271,2025,10,1,1,3,3,3
48271,2025,11,2,2,5,8,8
48271,2025,12,1,1,3,3,3
48273,2015,10,2,2,2,4,0
48273,2015,12,1,1,3,3,0
48273,2016,3,1,1,2,2,0
48273,2016,10,2,2,3,5,0
48273,2016,11,1,1,3,3,0
48273,2017,1,2,2,2,4,0
48273,2017,2,3,3,3,7,0
48273,2017,6,1,1,3,3,0
48273,2017,7,1,1,3,3,0
48273,2017,11,2,2,5,8,0
48273,2017,12,1,1,3,3,0
48273,2018,5,2,2,5,7,0
48273,2018,6,1,1,2,2,0
48273,2018,7,1,1,2,2,0
48273,2019,7,1,1,2,2,0
48273,2019,8,1,1,2,2,0
48273,2019,10,1,1,2,2,0
48273,2019,12,2,2,3,5,0
48273,2020,3,2,2,5,7,0
48273,2020,4,1,1,3,3,0
48273,2020,5,1,1,2,2,0
48273,2020,7,1,1,2,2,0
48273,2020,9,1,1,4,4,0
48273,2020,10,1,1,4,4,0
48273,2020,12,1,1,2,2,0
48273,2021,1,2,2,2,4,0
48273,2021,4,1,1,2,2,0
48273,2021,9,1,1,3,3,0
48273,2021,12,5,5,5,13,0
48273,2022,1,0,1,2,1,0
48273,2022,3,1,1,2,2,0
48273,2022,5,4,4,2,8,0
48273,2022,6,1,1,3,3,0
48273,2022,7,1,1,5,5,0
48273,2023,1,4,4,3,10,0
48273,2023,2,3,3,4,7,0
48273,2023,3,2,3,3,7,0
48273,2023,6,1,1,22,22,0
48273,2023,7,3,3,20,14,0
48273,2023,8,2,3,20,24,0
48273,2023,9,3,3,13,18,0
48273,2024,2,1,1,2,2,0
48273,2024,5,2,2,2,4,0
48273,2024,6,3,3,3,7,0
48273,2024,8,1,1,3,3,0
48273,2024,10,2,2,2,4,0
48273,2024,11,3,3,2,6,0
48273,2024,12,1,1,5,5,0
48273,2025,1,1,1,2,2,0
48273,2025,2,1,1,4,4,0
48273,2025,3,1,1,4,4,0
48273,2025,4,1,1,2,2,0
48273,2025,5,1,1,3,3,0
48273,2025,12,2,2,3,5,0
48275,2015,1,1,1,2,2,0
48275,2015,3,1,1,2,2,0
48275,2015,9,1,1,3,3,0
48275,2016,1,1,1,4,3,0
48275,2016,2,0,1,4,1,0
48275,2016,11,2,2,2,4,0
48275,2016,12,2,2,4,6,0
48275,2017,2,1,1,2,2,0
48275,2017,3,1,1,2,2,2
48275,2017,12,2,2,2,4,0
48275,2018,2,2,2,2,4,1
48275,2018,7,1,1,5,5,0
48275,2019,9,1,1,2,2,0
48275,2019,10,1,1,2,2,0
48275,2020,3,1,1,2,2,0
48275,2020,7,1,1,2,2,2
48275,2020,8,1,1,5,5,0
48275,2020,12,1,1,2,2,0
48275,2021,10,1,1,4,4,0
48275,2021,12,4,4,2,8,0
48275,2022,3,1,1,3,3,0
48275,2022,4,1,1,3,3,0
48275,2022,5,3,3,4,9,1
48275,2022,6,2,2,3,5,0
48275,2022,7,2,2,5,8,0
48275,2022,8,1,1,3,3,0
48275,2023,1,1,1,2,2,0
48275,2023,6,2,2,3,5,0
48275,2023,7,1,1,2,2,0
48275,2023,8,4,4,6,19,0
48275,2023,9,2,2,5,7,0
48275,2023,11,1,1,3,3,0
48275,2024,2,2,2,3,5,0
48275,2024,8,2,2,9,12,0
48275,2024,10,4,4,4,12,0
48275,2025,2,1,1,2,2,0
48275,2025,3,1,1,2,2,0
48275,2025,10,1,1,2,2,0
48275,2025,11,3,3,3,8,0
48275,2025,12,1,1,6,6,0
48277,2015,1,1,1,2,2,0
48277,2015,10,1,1,2,2,0
48277,2015,12,2,2,5,9,0
48277,2016,1,1,1,2,2,0
48277,2016,11,2,2,2,4,0
48277,2017,1,1,1,3,3,0
48277,2017,2,2,2,2,4,0
48277,2017,3,1,1,2,2,0
48277,2017,11,1,1,2,2,0
48277,2017,12,1,1,2,2,0
48277,2018,5,1,1,3,3,0
48277,2018,7,1,1,4,4,0
48277,2019,2,1,1,2,2,0
48277,2019,10,1,1,3,3,0
48277,2020,3,1,1,3,3,0
48277,2020,12,1,1,2,2,0
48277,2021,10,1,1,3,3,0
48277,2021,12,4,4,5,14,0
48277,2022,6,1,1,3,3,0
48277,2022,7,3,3,5,10,0
48277,2022,9,1,1,2,2,0
48277,2023,1,2,2,2,4,0
48277,2023,2,1,1,2,2,0
48277,2023,8,2,2,4,6,0
48277,2023,9,1,1,3,3,0
48277,2023,11,1,1,2,2,0
48277,2024,1,1,1,2,2,0
48277,2024,2,2,2,2,4,0
48277,2024,6,1,1,3,3,0
48277,2025,3,2,2,2,4,0
48277,2025,11,2,2,6,8,0
48277,2025,12,1,1,6,6,0
48279,2015,1,1,1,2,2,0
48279,2015,2,1,1,2,2,0
48279,2015,10,1,1,2,2,0
48279,2015,12,1,1,2,2,0
48279,2016,1,1,1,2,2,0
48279,2016,2,1,1,3,3,0
48279,2016,7,2,2,4,7,0
48279,2016,10,1,1,2,2,0
48279,2016,11,1,1,2,2,0
48279,2017,2,2,2,3,5,0
48279,2017,3,2,2,3,5,0
48279,2017,11,1,1,2,2,0
48279,2018,1,3,3,2,5,0
48279,2018,2,0,1,2,1,0
48279,2018,3,1,1,2,2,0
48279,2018,4,1,1,2,2,0
48279,2018,5,2,2,4,7,0
48279,2018,7,1,1,5,5,0
48279,2019,3,1,1,2,2,0
48279,2019,7,1,1,2,2,0
48279,2019,8,2,2,4,6,0
48279,2020,3,1,1,2,2,0
48279,2020,5,1,1,2,2,0
48279,2020,7,1,1,7,7,0
48279,2020,8,1,1,5,5,0
48279,2020,10,2,2,3,5,0
48279,2020,11,1,1,2,2,0
48279,2020,12,1,1,2,2,0
48279,2021,4,1,1,2,2,0
48279,2021,6,1,1,2,2,0
48279,2021,9,1,1,2,2,0
48279,2021,10,1,1,3,3,0
48279,2021,11,2,2,2,4,0
48279,2021,12,3,3,4,8,0
48279,2022,3,1,1,2,2,0
48279,2022,4,1,1,2,2,0
48279,2022,5,1,1,3,3,0
48279,2022,6,1,1,2,2,0
48279,2022,7,1,1,4,4,0
48279,2023,6,1,1,2,2,0
48279,2023,7,2,2,2,4,0
48279,2023,8,3,3,4,9,0
48279,2023,9,2,2,4,6,0
48279,2023,11,1,1,3,3,0
48279,2024,2,2,2,2,4,0
48279,2024,8,4,4,4,11,0
48279,2024,9,2,2,2,4,0
48279,2024,10,1,1,5,5,0
48279,2025,2,3,3,3,7,0
48279,2025,4,1,1,2,2,0
48279,2025,8,1,1,4,4,0
48279,2025,10,1,1,3,3,0
48279,2025,11,1,1,3,3,0
48279,2025,12,2,2,6,8,0
48281,2015,8,1,1,3,3,3
48281,2015,10,1,1,4,4,4
48281,2015,12,1,1,2,2,2
48281,2016,1,1,1,2,2,2
48281,2016,3,1,1,2,2,2
48281,2016,11,1,1,2,2,2
48281,2017,1,1,1,2,2,2
48281,2017,2,2,2,2,4,4
48281,2017,3,1,1,2,2,2
48281,2017,11,1,1,5,5,5
48281,2018,5,1,1,6,6,6
48281,2018,7,1,1,7,7,7
48281,2019,10,1,1,6,6,6
48281,2020,3,1,1,3,3,3
48281,2020,7,1,1,4,4,4
48281,2020,8,1,1,3,3,3
48281,2020,12,1,1,2,2,2
48281,2021,12,4,4,9,15,15
48281,2022,1,0,1,9,1,1
48281,2022,3,1,1,3,3,3
48281,2022,5,2,2,7,9,0
48281,2022,6,2,2,4,8,0
48281,2022,7,2,2,5,8,0
48281,2022,12,1,1,2,2,0
48281,2023,1,3,3,2,6,0
48281,2023,2,1,1,3,3,0
48281,2023,6,2,2,6,9,0
48281,2023,7,3,3,16,17,0
48281,2023,8,2,3,16,23,2
48281,2023,9,1,1,9,9,0
48281,2023,11,1,1,2,2,0
48281,2024,2,2,2,3,6,0
48281,2024,3,1,1,2,2,0
48281,2024,5,1,1,2,2,2
48281,2024,8,1,1,5,5,5
48281,2024,10,1,1,6,6,6
48281,2024,12,1,1,2,2,2
48281,2025,2,1,1,3,3,3
48281,2025,3,2,2,3,5,5
48281,2025,4,1,1,2,2,2
48281,2025,10,1,1,2,2,0
48281,2025,11,2,2,4,8,0
48281,2025,12,1,1,7,7,0
48283,2015,1,1,1,2,2,0
48283,2015,8,1,1,4,4,0
48283,2015,9,1,1,4,4,0
48283,2015,10,1,1,3,3,0
48283,2015,12,1,1,2,2,0
48283,2016,1,1,1,3,2,0
48283,2016,2,0,1,3,1,0
48283,2016,3,1,1,2,2,0
48283,2016,7,2,2,3,5,0
48283,2016,8,1,1,4,4,0
48283,2016,9,1,1,2,2,0
48283,2016,10,1,1,3,3,0
48283,2016,11,2,2,3,6,0
48283,2016,12,1,1,2,2,0
48283,2017,1,4,4,6,12,0
48283,2017,2,3,4,3,8,0
48283,2017,4,2,2,2,4,0
48283,2017,5,1,1,4,4,0
48283,2017,6,2,2,2,4,0
48283,2017,7,1,1,2,2,0
48283,2017,11,3,3,3,7,0
48283,2018,5,2,2,3,5,0
48283,2018,7,1,1,3,3,0
48283,2019,6,1,1,2,2,0
48283,2019,8,2,2,6,10,0
48283,2019,9,1,1,2,2,0
48283,2019,10,3,3,3,7,0
48283,2019,12,1,1,2,2,0
48283,2020,3,3,3,3,7,0
48283,2020,7,2,2,6,9,0
48283,2020,8,1,1,4,4,0
48283,2020,10,2,2,3,5,0
48283,2020,12,1,1,2,2,0
48283,2021,3,1,1,2,2,0
48283,2021,4,2,2,2,4,0
48283,2021,5,1,1,2,2,0
48283,2021,9,3,3,5,11,0
48283,2021,10,1,1,6,6,0
48283,2021,11,1,1,2,2,0
48283,2021,12,5,5,6,18,0
48283,2022,1,0,1,4,1,0
48283,2022,2,1,1,2,2,0
48283,2022,3,1,1,5,5,0
48283,2022,4,1,1,2,2,0
48283,2022,5,3,3,8,13,0
48283,2022,6,2,2,4,7,0
48283,2022,7,4,4,11,27,0
48283,2022,8,2,2,4,7,0
48283,2022,10,1,1,2,2,0
48283,2022,12,1,1,3,3,0
48283,2023,1,2,2,2,4,0
48283,2023,2,2,2,4,4,0
48283,2023,3,3,4,4,9,0
48283,2023,6,3,3,14,17,0
48283,2023,7,1,2,11,12,0
48283,2023,8,2,2,16,18,0
48283,2023,9,3,3,7,16,0
48283,2023,10,1,1,2,2,0
48283,2023,11,1,1,2,2,0
48283,2024,2,1,1,2,2,0
48283,2024,5,2,2,4,6,0
48283,2024,8,1,1,4,4,0
48283,2024,10,3,3,3,7,0
48283,2024,11,2,2,3,5,0
48283,2024,12,1,1,4,4,0
48283,2025,2,1,1,3,3,0
48283,2025,3,1,1,3,3,0
48283,2025,5,3,3,5,9,0
48283,2025,11,2,2,2,4,0
48283,2025,12,1,1,3,3,0
48285,2015,7,1,1,2,2,0
48285,2015,8,1,1,7,7,0
48285,2015,10,1,1,4,4,0
48285,2015,12,1,1,2,2,0
48285,2016,3,1,1,2,2,0
48285,2016,10,2,2,5,9,0
48285,2016,11,2,2,3,5,0
48285,2016,12,1,1,4,4,0
48285,2017,1,1,1,5,5,0
48285,2017,2,4,4,3,10,0
48285,2017,3,2,2,5,9,0
48285,2017,4,1,1,2,2,0
48285,2017,7,1,1,3,3,0
48285,2017,10,1,1,2,2,0
48285,2017,11,2,2,6,8,0
48285,2018,2,1,1,2,2,0
48285,2018,3,1,1,4,4,0
48285,2018,5,2,2,7,12,0
48285,2018,6,1,1,6,6,0
48285,2018,10,1,1,4,4,0
48285,2018,11,1,1,2,2,0
48285,2019,4,1,1,2,2,0
48285,2019,8,2,2,4,7,0
48285,2019,9,1,1,8,8,0
48285,2019,10,4,4,6,12,0
48285,2020,1,1,1,2,2,0
48285,2020,3,2,2,5,9,0
48285,2020,4,1,1,2,2,0
48285,2020,5,1,1,3,3,0
48285,2020,7,1,1,2,2,0
48285,2020,8,1,1,2,2,0
48285,2020,10,1,1,2,2,0
48285,2021,12,5,5,5,14,0
48285,2022,1,0,1,2,1,0
48285,2022,3,1,1,2,2,0
48285,2022,5,3,3,6,17,0
48285,2022,6,2,2,13,19,0
48285,2022,7,3,3,11,16,0
48285,2022,8,1,1,2,2,0
48285,2022,9,1,1,2,2,0
48285,2022,10,1,1,2,2,0
48285,2022,11,2,2,2,4,0
48285,2022,12,1,1,5,5,0
48285,2023,1,3,3,3,7,0
48285,2023,2,2,2,3,6,0
48285,2023,3,1,1,4,4,0
48285,2023,6,3,3,6,11,0
48285,2023,7,2,3,23,18,0
48285,2023,8,2,3,23,29,0
48285,2023,9,1,2,14,14,0
48285,2023,10,1,1,2,2,0
48285,2023,11,1,1,2,2,0
48285,2024,2,1,1,3,3,0
48285,2024,4,1,1,2,2,0
48285,2024,5,2,2,2,4,0
48285,2024,8,1,1,3,3,0
48285,2024,9,1,1,2,2,0
48285,2024,10,2,2,8,12,0
48285,2024,11,3,3,4,9,0
48285,2025,3,1,1,2,2,0
48285,2025,4,1,1,2,2,0
48285,2025,5,2,2,6,10,0
48285,2025,9,1,1,2,2,0
48285,2025,10,2,2,3,5,0
48285,2025,11,2,2,9,12,0
48285,2025,12,1,1,7,7,1
48287,2015,8,1,1,2,2,0
48287,2015,10,1,1,5,5,0
48287,2016,3,1,1,2,2,0
48287,2016,11,2,2,2,4,0
48287,2016,12,1,1,3,3,0
48287,2017,1,2,2,4,7,0
48287,2017,2,3,3,2,6,0
48287,2017,7,1,1,2,2,0
48287,2017,11,1,1,5,5,0
48287,2018,5,2,2,6,8,0
48287,2019,8,3,3,13,17,0
48287,2019,9,2,2,5,10,0
48287,2019,10,1,1,6,6,0
48287,2020,3,1,1,3,3,0
48287,2020,7,1,1,7,7,0
48287,2020,8,1,1,3,3,0
48287,2020,10,1,1,3,3,0
48287,2020,11,1,1,2,2,0
48287,2020,12,1,1,2,2,0
48287,2021,12,3,3,4,7,0
48287,2022,1,0,1,4,1,0
48287,2022,2,1,1,2,2,0
48287,2022,5,2,2,4,7,0
48287,2022,6,3,3,4,10,0
48287,2022,7,1,1,5,5,0
48287,2022,11,1,1,2,2,0
48287,2022,12,1,1,5,5,0
48287,2023,1,1,1,2,2,0
48287,2023,2,1,1,2,2,0
48287,2023,6,1,1,4,4,0
48287,2023,7,1,1,7,7,0
48287,2023,8,3,3,7,13,0
48287,2023,9,1,1,8,8,0
48287,2023,10,1,1,2,2,0
48287,2023,12,1,1,2,2,0
48287,2024,8,1,1,2,2,2
48287,2024,10,2,2,4,7,0
48287,2024,11,2,2,2,4,0
48287,2024,12,1,1,3,3,0
48287,2025,3,1,1,3,3,0
48287,2025,4,1,1,2,2,0
48287,2025,5,2,2,4,7,0
48287,2025,10,2,2,3,6,0
48287,2025,11,3,3,2,6,0
48287,2025,12,1,1,3,3,0
48289,2015,1,1,1,2,2,1
48289,2015,2,1,1,2,2,0
48289,2015,8,1,1,3,3,0
48289,2015,10,1,1,6,6,0
48289,2015,12,1,1,2,2,0
48289,2016,2,1,1,2,2,0
48289,2016,3,1,1,2,2,0
48289,2016,11,1,1,4,4,0
48289,2017,1,2,2,2,4,0
48289,2017,2,2,2,2,4,0
48289,2017,3,1,1,3,3,0
48289,2017,11,2,2,4,6,0
48289,2017,12,1,1,2,2,0
48289,2018,3,1,1,4,4,0
48289,2018,7,1,1,4,4,0
48289,2019,10,3,3,4,10,0
48289,2020,3,1,1,4,4,0
48289,2021,12,2,2,5,4,0
48289,2022,1,0,1,5,3,0
48289,2022,4,1,1,2,2,0
48289,2022,5,1,1,2,2,0
48289,2022,7,2,2,3,5,0
48289,2022,10,1,1,3,3,1
48289,2022,11,1,1,3,3,0
48289,2022,12,3,3,3,7,1
48289,2023,2,1,1,4,4,0
48289,2023,3,1,1,2,2,0
48289,2023,7,2,2,6,3,0
48289,2023,8,4,5,6,23,0
48289,2023,9,1,1,7,7,0
48289,2023,10,1,1,2,2,0
48289,2024,2,1,1,4,4,0
48289,2024,3,1,1,4,4,0
48289,2024,10,3,3,6,13,0
48289,2024,11,1,1,2,2,0
48289,2024,12,2,2,2,4,0
48289,2025,2,1,1,3,3,0
48289,2025,3,3,3,3,8,0
48289,2025,4,1,1,2,2,0
48289,2025,5,1,1,4,4,0
48289,2025,11,1,1,2,2,0
48289,2025,12,1,1,2,2,0
48291,2015,8,1,1,4,4,0
48291,2015,10,1,1,4,4,0
48291,2015,12,2,2,3,6,0
48291,2016,3,1,1,3,3,0
48291,2016,10,2,2,3,5,0
48291,2016,11,2,2,4,7,0
48291,2016,12,1,1,4,4,0
48291,2017,1,1,1,4,4,0
48291,2017,2,3,3,3,8,0
48291,2017,3,2,2,5,7,0
48291,2017,11,1,1,5,5,0
48291,2018,3,1,1,2,2,0
48291,2018,5,2,2,6,11,0
48291,2018,11,1,1,2,2,0
48291,2019,9,2,2,9,11,0
48291,2019,10,1,1,6,6,0
48291,2019,12,1,1,2,2,0
48291,2020,1,1,1,2,2,0
48291,2020,3,1,1,4,4,0
48291,2020,5,1,1,2,2,0
48291,2020,10,1,1,2,2,0
48291,2020,11,1,1,2,2,0
48291,2021,9,1,1,2,2,0
48291,2021,12,3,3,9,13,0
48291,2022,1,0,1,9,2,0
48291,2022,2,1,1,3,3,0
48291,2022,3,1,1,3,3,0
48291,2022,5,2,2,3,5,0
48291,2022,6,2,2,12,14,0
48291,2022,7,2,2,4,7,0
48291,2022,11,1,1,4,4,0
48291,2022,12,1,1,6,6,0
48291,2023,2,1,1,9,8,0
48291,2023,3,2,3,9,5,0
48291,2023,6,3,3,4,8,0
48291,2023,7,2,2,18,14,0
48291,2023,8,1,2,18,26,0
48291,2023,9,2,2,7,10,0
48291,2023,10,1,1,2,2,0
48291,2023,11,1,1,3,3,0
48291,2024,2,1,1,3,3,0
48291,2024,5,1,1,2,2,0
48291,2024,10,2,2,4,7,0
48291,2024,11,1,1,2,2,0
48291,2024,12,1,1,2,2,0
48291,2025,2,1,1,6,6,0
48291,2025,3,3,3,3,7,0
48291,2025,10,2,2,5,8,0
48291,2025,11,3,3,4,8,0
48291,2025,12,2,2,4,7,1
48293,2015,1,1,1,2,2,2
48293,2015,12,1,1,2,2,2
48293,2016,1,1,1,2,2,2
48293,2016,3,1,1,2,2,2
48293,2016,11,1,1,2,2,2
48293,2016,12,1,1,2,2,2
48293,2017,1,1,1,2,2,2
48293,2017,2,3,3,2,6,6
48293,2017,3,1,1,2,2,2
48293,2017,11,1,1,2,2,2
48293,2018,5,1,1,6,6,6
48293,2018,7,1,1,5,5,5
48293,2019,10,1,1,6,6,6
48293,2020,3,1,1,3,3,3
48293,2020,12,1,1,2,2,2
48293,2021,12,3,3,9,15,15
48293,2022,1,0,1,9,1,1
48293,2022,3,1,1,3,3,3
48293,2022,5,1,1,2,2,0
48293,2022,6,1,1,4,4,0
48293,2022,7,2,2,5,8,0
48293,2022,11,1,1,2,2,0
48293,2022,12,1,1,5,5,0
48293,2023,1,3,3,2,6,0
48293,2023,2,1,1,3,3,0
48293,2023,7,3,3,4,7,0
48293,2023,8,3,4,11,23,0
48293,2023,9,1,1,4,4,0
48293,2023,10,2,2,4,6,0
48293,2024,2,1,1,2,2,0
48293,2024,3,1,1,2,2,0
48293,2024,10,1,1,2,2,0
48293,2024,11,1,1,2,2,0
48293,2024,12,1,1,3,3,0
48293,2025,2,1,1,3,3,0
48293,2025,3,1,1,2,2,0
48293,2025,12,1,1,2,2,0
48295,2015,1,2,2,3,5,0
48295,2015,2,1,1,3,3,0
48295,2015,8,1,1,2,2,0
48295,2015,9,1,1,2,2,0
48295,2015,10,1,1,2,2,0
48295,2015,12,1,1,2,2,0
48295,2016,1,1,1,2,2,0
48295,2016,2,1,1,2,2,0
48295,2016,10,1,1,2,2,0
48295,2016,11,1,1,3,3,0
48295,2017,1,1,1,2,2,0
48295,2017,2,2,2,3,5,1
48295,2017,3,1,1,2,2,0
48295,2017,12,1,1,2,2,0
48295,2018,5,1,1,3,3,0
48295,2019,1,1,1,2,2,0
48295,2019,8,2,2,2,4,0
48295,2019,9,1,1,2,2,0
48295,2019,12,1,1,3,3,0
48295,2020,3,1,1,2,2,0
48295,2020,10,1,1,5,5,0
48295,2021,6,1,1,3,3,0
48295,2021,9,1,1,3,3,0
48295,2021,10,1,1,2,2,0
48295,2021,11,2,2,2,4,0
48295,2021,12,3,3,3,8,0
48295,2022,4,1,1,2,2,0
48295,2022,5,2,2,2,4,0
48295,2022,6,2,2,3,5,0
48295,2022,7,3,3,3,7,0
48295,2023,9,1,1,4,4,0
48295,2023,11,1,1,2,2,0
48295,2024,1,1,1,2,2,0
48295,2024,2,2,2,4,6,0
48295,2024,4,1,1,2,2,0
48295,2024,8,2,2,3,6,0
48295,2024,9,1,1,2,2,0
48295,2024,10,2,2,2,4,0
48295,2024,11,1,1,2,2,0
48295,2025,2,1,1,2,2,0
48295,2025,3,2,2,4,6,0
48295,2025,10,1,1,2,2,0
48295,2025,11,1,1,3,3,0
48295,2025,12,1,1,6,6,0
48297,2015,10,1,1,3,3,0
48297,2015,12,1,1,2,2,0
48297,2016,11,1,1,2,2,0
48297,2017,1,2,2,3,5,0
48297,2017,2,4,4,3,9,0
48297,2017,6,1,1,2,2,0
48297,2017,11,1,1,5,5,0
48297,2018,3,1,1,2,2,0
48297,2019,12,1,1,2,2,0
48297,2020,3,1,1,2,2,0
48297,2021,12,4,4,5,11,0
48297,2022,1,0,1,2,1,0
48297,2022,3,1,1,2,2,0
48297,2022,5,3,3,3,7,0
48297,2022,6,1,1,3,3,0
48297,2022,7,1,1,3,3,0
48297,2023,1,1,1,3,3,0
48297,2023,2,2,2,3,4,0
48297,2023,3,0,1,3,2,0
48297,2023,6,2,2,8,12,0
48297,2023,7,1,1,5,5,0
48297,2023,8,2,2,11,15,0
48297,2023,9,2,2,5,8,0
48297,2024,2,1,1,3,3,0
48297,2024,5,2,2,2,4,0
48297,2024,8,1,1,3,3,0
48297,2024,10,1,1,10,10,0
48297,2024,11,2,2,4,7,0
48297,2024,12,1,1,3,3,0
48297,2025,2,1,1,4,4,0
48297,2025,3,2,2,4,6,0
48297,2025,4,1,1,2,2,0
48297,2025,5,2,2,4,8,0
48297,2025,8,3,3,3,7,0
48297,2025,9,2,2,3,5,0
48297,2025,10,4,4,5,16,0
48297,2025,11,2,2,10,13,0
48297,2025,12,1,1,7,7,0
48299,2015,8,1,1,4,4,0
48299,2015,9,1,1,2,2,0
48299,2015,10,1,1,5,5,0
48299,2015,12,2,2,3,5,0
48299,2016,1,1,1,2,2,0
48299,2016,3,1,1,2,2,0
48299,2016,11,1,1,2,2,0
48299,2017,2,1,1,2,2,0
48299,2017,11,1,1,5,5,0
48299,2018,5,1,1,7,7,0
48299,2018,6,1,1,2,2,0
48299,2018,7,1,1,8,8,0
48299,2018,11,1,1,2,2,0
48299,2019,10,1,1,6,6,0
48299,2019,12,1,1,2,2,0
48299,2020,3,1,1,2,2,0
48299,2020,5,1,1,2,2,0
48299,2020,7,1,1,5,5,0
48299,2020,8,1,1,3,3,0
48299,2020,12,1,1,2,2,0
48299,2021,12,4,4,4,10,0
48299,2022,1,0,1,4,1,0
48299,2022,2,1,1,2,2,0
48299,2022,3,1,1,3,3,0
48299,2022,5,3,3,7,16,0
48299,2022,6,2,2,3,6,0
48299,2022,7,2,2,7,10,0
48299,2023,1,2,2,2,4,0
48299,2023,2,1,1,2,2,0
48299,2023,6,2,2,5,9,0
48299,2023,7,1,1,11,11,0
48299,2023,8,3,3,14,22,0
48299,2023,9,1,1,10,10,0
48299,2023,11,1,1,2,2,0
48299,2024,2,1,1,3,3,0
48299,2024,8,1,1,3,3,0
48299,2024,10,1,1,4,4,0
48299,2024,11,1,1,2,2,0
48299,2024,12,2,2,2,4,0
48299,2025,2,3,3,3,7,0
48299,2025,3,2,2,4,8,0
48299,2025,4,1,1,2,2,0
48299,2025,5,2,2,5,7,0
48299,2025,10,1,1,3,3,0
48299,2025,11,2,2,4,8,0
48299,2025,12,1,1,7,7,0
48301,2015,8,1,1,5,5,5
48301,2015,12,1,1,3,3,3
48301,2016,1,1,1,2,2,2
48301,2016,2,1,1,3,3,3
48301,2016,7,2,2,4,7,7
48301,2016,10,1,1,2,2,2
48301,2016,11,1,1,2,2,2
48301,2017,1,1,1,3,3,3
48301,2017,2,2,2,2,4,4
48301,2017,3,1,1,7,7,7
48301,2017,6,1,1,3,3,3
48301,2017,9,1,1,2,2,2
48301,2017,11,1,1,5,5,5
48301,2017,12,1,1,2,2,2
48301,2018,3,1,1,3,3,3
48301,2018,5,1,1,8,6,6
48301,2018,6,0,1,8,2,2
48301,2018,7,1,1,5,5,5
48301,2019,8,3,3,7,12,12
48301,2020,3,1,1,3,3,3
48301,2020,4,1,1,2,2,2
48301,2020,5,1,1,3,3,3
48301,2020,7,1,1,7,7,7
48301,2020,8,2,2,5,8,8
48301,2020,10,1,1,3,3,3
48301,2020,11,1,1,3,3,3
48301,2021,10,1,1,4,4,4
48301,2021,11,1,1,2,2,2
48301,2021,12,4,4,5,13,13
48301,2022,3,1,1,4,4,4
48301,2022,4,1,1,2,2,2
48301,2022,5,3,3,6,11,11
48301,2022,6,1,1,3,3,3
48301,2022,7,1,1,3,3,3
48301,2022,8,1,1,2,2,2
48301,2023,1,2,2,2,4,4
48301,2023,6,1,1,10,10,10
48301,2023,7,2,2,4,8,8
48301,2023,8,2,2,13,16,16
48301,2023,9,2,2,10,13,13
48301,2023,11,1,1,3,3,3
48301,2023,12,1,1,2,2,2
48301,2024,2,2,2,3,5,5
48301,2024,4,1,1,2,2,2
48301,2024,5,2,2,2,4,4
48301,2024,8,2,2,5,7,7
48301,2024,10,1,1,5,5,5
48301,2025,2,2,2,6,8,8
48301,2025,3,1,1,2,2,2
48301,2025,4,1,1,2,2,2
48301,2025,10,1,1,2,2,2
48301,2025,11,2,2,5,8,8
48301,2025,12,1,1,7,7,7
48303,2015,2,1,1,2,2,0
48303,2015,8,1,1,2,2,0
48303,2015,12,1,1,2,2,0
48303,2016,1,1,1,2,2,0
48303,2016,2,1,1,3,3,0
48303,2016,7,2,2,4,6,0
48303,2016,10,1,1,2,2,0
48303,2016,11,1,1,2,2,0
48303,2017,2,2,2,2,4,0
48303,2017,3,2,2,3,5,0
48303,2017,11,2,2,2,4,0
48303,2017,12,1,1,2,2,0
48303,2018,1,1,1,2,2,0
48303,2018,2,1,1,2,2,0
48303,2018,3,1,1,2,2,0
48303,2018,4,1,1,2,2,0
48303,2018,5,3,3,4,8,0
48303,2018,6,0,1,4,1,0
48303,2018,7,1,1,2,2,0
48303,2019,4,2,2,2,4,0
48303,2019,8,3,3,4,8,0
48303,2020,3,1,1,2,2,0
48303,2020,5,1,1,2,2,0
48303,2020,7,1,1,4,4,0
48303,2020,8,1,1,5,5,0
48303,2020,10,3,3,3,8,0
48303,2020,11,1,1,2,2,0
48303,2020,12,1,1,2,2,0
48303,2021,10,1,1,3,3,0
48303,2021,11,1,1,2,2,0
48303,2021,12,3,3,3,7,0
48303,2022,3,1,1,3,3,0
48303,2022,4,1,1,2,2,0
48303,2022,5,1,1,2,2,0
48303,2022,6,1,1,2,2,0
48303,2022,7,1,1,3,3,0
48303,2022,8,1,1,2,2,0
48303,2023,6,2,2,3,5,0
48303,2023,7,2,2,2,4,0
48303,2023,8,3,3,6,12,0
48303,2023,9,2,2,8,10,0
48303,2023,11,1,1,3,3,0
48303,2024,2,2,2,2,4,0
48303,2024,8,2,2,5,7,0
48303,2024,10,3,3,4,8,0
48303,2025,2,3,3,3,7,0
48303,2025,4,1,1,2,2,0
48303,2025,8,1,1,3,3,0
48303,2025,10,1,1,3,3,0
48303,2025,11,2,2,3,5,0
48303,2025,12,2,2,6,8,0
48305,2015,1,1,1,2,2,0
48305,2015,3,1,1,2,2,0
48305,2015,12,1,1,2,2,0
48305,2016,1,1,1,2,2,0
48305,2016,2,1,1,3,3,0
48305,2016,7,1,1,4,4,0
48305,2016,11,1,1,2,2,0
48305,2017,2,2,2,3,5,0
48305,2017,3,1,1,3,3,0
48305,2017,9,1,1,2,2,0
48305,2017,11,1,1,2,2,0
48305,2018,1,1,1,2,2,0
48305,2018,3,1,1,2,2,0
48305,2018,4,1,1,2,2,0
48305,2018,5,3,3,4,6,0
48305,2018,6,0,1,4,2,0
48305,2018,7,1,1,5,5,0
48305,2019,7,1,1,2,2,0
48305,2019,8,2,2,4,6,0
48305,2020,3,1,1,2,2,0
48305,2020,5,1,1,2,2,0
48305,2020,7,1,1,7,7,0
48305,2020,8,1,1,4,4,0
48305,2020,10,1,1,2,2,0
48305,2020,11,1,1,2,2,0
48305,2020,12,1,1,2,2,0
48305,2021,10,1,1,3,3,0
48305,2021,11,1,1,2,2,0
48305,2021,12,3,3,4,9,0
48305,2022,3,1,1,3,3,0
48305,2022,4,2,2,2,4,0
48305,2022,5,3,3,3,7,0
48305,2022,6,1,1,2,2,0
48305,2022,7,1,1,3,3,0
48305,2022,8,1,1,2,2,0
48305,2022,12,1,1,2,2,0
48305,2023,6,2,2,3,5,0
48305,2023,7,2,2,3,5,0
48305,2023,8,3,3,6,12,0
48305,2023,9,2,2,5,7,0
48305,2023,11,1,1,3,3,0
48305,2024,2,2,2,2,4,0
48305,2024,5,1,1,3,3,0
48305,2024,8,2,2,4,6,0
48305,2024,10,2,2,5,7,0
48305,2025,2,3,3,3,7,0
48305,2025,4,1,1,2,2,0
48305,2025,10,1,1,2,2,0
48305,2025,11,2,2,3,5,0
48305,2025,12,3,3,3,7,0
48307,2015,1,1,1,2,2,0
48307,2015,3,1,1,2,2,0
48307,2015,8,2,2,2,4,0
48307,2015,9,1,1,3,3,0
48307,2015,10,2,2,2,4,0
48307,2015,12,1,1,2,2,0
48307,2016,1,1,1,3,2,0
48307,2016,2,0,1,3,1,0
48307,2016,3,1,1,3,3,0
48307,2017,2,1,1,2,2,0
48307,2017,11,1,1,6,6,0
48307,2018,5,1,1,2,2,0
48307,2018,7,1,1,6,6,0
48307,2019,12,1,1,2,2,0
48307,2020,5,1,1,2,2,0
48307,2020,8,2,2,3,5,0
48307,2021,12,3,3,4,9,0
48307,2022,3,1,1,2,2,0
48307,2022,5,2,2,3,6,0
48307,2022,6,1,1,2,2,0
48307,2022,7,1,1,2,2,0
48307,2023,1,1,1,2,2,0
48307,2023,2,1,1,2,2,0
48307,2023,6,2,2,5,8,0
48307,2023,7,2,2,2,4,0
48307,2023,8,2,2,5,7,0
48307,2023,9,2,2,5,7,0
48307,2024,2,2,2,3,5,0
48307,2024,5,2,2,4,7,0
48307,2024,7,1,1,2,2,0
48307,2024,8,1,1,3,3,0
48307,2024,10,1,1,4,4,0
48307,2024,12,2,2,2,4,0
48307,2025,2,3,3,3,8,0
48307,2025,3,2,2,2,4,0
48307,2025,4,1,1,3,3,0
48307,2025,10,1,1,2,2,2
48307,2025,11,1,1,5,5,0
48307,2025,12,1,1,3,3,3
48309,2015,1,1,1,2,2,0
48309,2015,3,1,1,2,2,0
48309,2015,8,1,1,3,3,0
48309,2015,10,1,1,6,6,0
48309,2015,12,2,2,2,4,0
48309,2016,1,1,1,2,2,0
48309,2016,3,1,1,2,2,0
48309,2016,11,2,2,2,4,0
48309,2016,12,1,1,2,2,0
48309,2017,1,2,2,3,4,0
48309,2017,2,3,4,2,7,0
48309,2017,3,1,1,4,4,0
48309,2017,4,1,1,2,2,0
48309,2017,7,1,1,2,2,0
48309,2017,11,1,1,5,5,0
48309,2018,5,2,2,6,8,0
48309,2018,6,2,2,8,8,0
48309,2018,7,2,3,9,16,0
48309,2019,9,1,1,4,4,0
48309,2019,10,1,1,6,6,0
48309,2020,3,1,1,4,4,0
48309,2020,4,1,1,2,2,0
48309,2020,5,1,1,2,2,0
48309,2020,8,2,2,5,7,0
48309,2020,12,1,1,3,3,0
48309,2021,3,1,1,2,2,0
48309,2021,12,4,4,9,18,0
48309,2022,1,1,2,9,3,0
48309,2022,3,1,1,4,4,0
48309,2022,4,1,1,2,2,0
48309,2022,5,3,3,9,18,0
48309,2022,6,2,2,9,18,0
48309,2022,7,2,2,15,21,0
48309,2022,8,1,1,2,2,0
48309,2022,9,1,1,2,2,0
48309,2022,12,2,2,5,6,0
48309,2023,1,2,3,4,8,0
48309,2023,2,2,2,3,3,0
48309,2023,3,0,1,3,2,0
48309,2023,6,1,1,5,5,0
48309,2023,7,4,4,16,15,0
48309,2023,8,2,3,16,23,0
48309,2023,9,1,1,10,10,0
48309,2023,11,1,1,2,2,0
48309,2024,1,1,1,2,2,0
48309,2024,2,1,1,3,3,0
48309,2024,3,1,1,2,2,0
48309,2024,5,1,1,3,3,0
48309,2024,6,1,1,2,2,0
48309,2024,8,1,1,4,4,0
48309,2024,9,1,1,2,2,0
48309,2024,10,2,2,7,11,0
48309,2024,11,1,1,2,2,0
48309,2024,12,1,1,4,4,0
48309,2025,2,2,2,3,6,0
48309,2025,3,1,1,3,3,0
48309,2025,5,1,1,3,3,0
48309,2025,11,2,2,7,11,0
48309,2025,12,1,1,7,7,0
48311,2015,10,1,1,2,2,0
48311,2015,12,1,1,2,2,0
48311,2016,8,1,1,2,2,0
48311,2016,11,1,1,3,3,0
48311,2016,12,1,1,2,2,0
48311,2017,1,1,1,3,3,0
48311,2017,2,3,3,3,7,0
48311,2017,4,1,1,2,2,0
48311,2017,6,2,2,2,4,0
48311,2017,7,1,1,2,2,0
48311,2017,11,1,1,6,6,0
48311,2017,12,1,1,2,2,0
48311,2018,3,1,1,2,2,0
48311,2018,5,1,1,2,2,0
48311,2018,7,1,1,2,2,0
48311,2019,6,1,1,2,2,0
48311,2019,8,1,1,2,2,0
48311,2019,9,1,1,2,2,0
48311,2019,10,1,1,2,2,0
48311,2019,12,1,1,2,2,0
48311,2020,1,1,1,2,2,0
48311,2020,3,3,3,2,6,0
48311,2020,10,1,1,2,2,0
48311,2021,4,1,1,2,2,0
48311,2021,12,5,5,4,12,0
48311,2022,1,0,1,3,2,0
48311,2022,2,1,1,2,2,0
48311,2022,3,1,1,2,2,0
48311,2022,4,1,1,2,2,0
48311,2022,5,2,2,3,5,0
48311,2022,6,1,1,2,2,0
48311,2022,7,2,2,4,6,0
48311,2022,8,1,1,2,2,0
48311,2023,1,1,1,3,3,0
48311,2023,2,1,1,2,2,0
48311,2023,3,2,2,2,4,0
48311,2023,6,2,2,8,11,0
48311,2023,7,3,3,2,6,0
48311,2023,8,1,1,16,16,0
48311,2023,9,3,3,4,8,0
48311,2024,2,1,1,2,2,0
48311,2024,5,2,2,2,4,0
48311,2024,8,1,1,3,3,0
48311,2024,10,2,2,2,4,0
48311,2024,11,1,1,3,3,0
48311,2024,12,1,1,3,3,0
48311,2025,2,1,1,3,3,0
48311,2025,3,1,1,3,3,0
48311,2025,5,1,1,3,3,0
48311,2025,9,1,1,3,3,0
48311,2025,10,1,1,2,2,0
48311,2025,11,2,2,2,4,0
48311,2025,12,1,1,3,3,0
48313,2015,1,1,1,2,2,0
48313,2015,8,1,1,3,3,0
48313,2017,1,1,1,2,2,0
48313,2017,2,3,3,2,6,0
48313,2017,11,1,1,5,5,0
48313,2018,7,1,1,2,2,0
48313,2018,11,1,1,2,2,0
48313,2019,9,1,1,3,3,0
48313,2019,10,1,1,7,7,1
48313,2020,3,1,1,3,3,0
48313,2020,11,1,1,2,2,0
48313,2021,12,3,3,3,5,0
48313,2022,1,0,1,3,2,0
48313,2022,6,1,1,2,2,0
48313,2022,7,2,2,5,8,1
48313,2022,11,1,1,2,2,0
48313,2023,8,2,2,4,8,2
48313,2023,9,1,1,4,4,1
48313,2023,10,1,1,2,2,0
48313,2023,12,1,1,2,2,0
48313,2024,2,1,1,2,2,0
48313,2024,10,2,2,2,4,1
48313,2024,11,1,1,2,2,0
48313,2024,12,1,1,2,2,0
48313,2025,2,1,1,3,3,0
48313,2025,3,1,1,2,2,0
48313,2025,12,1,1,3,3,0
48315,2015,1,1,1,2,2,1
48315,2015,7,1,1,2,1,0
48315,2015,8,1,2,4,5,2
48315,2015,10,2,2,5,8,0
48315,2015,12,3,3,2,6,0
48315,2016,1,1,1,3,2,0
48315,2016,2,1,2,3,3,0
48315,2016,3,1,1,2,2,0
48315,2016,11,1,1,3,3,0
48315,2016,12,1,1,3,3,0
48315,2017,1,2,2,2,4,0
48315,2017,3,1,1,3,3,0
48315,2017,10,2,2,3,5,1
48315,2017,11,1,1,5,5,0
48315,2017,12,1,1,3,3,0
48315,2018,2,1,1,2,2,0
48315,2018,3,1,1,2,2,0
48315,2018,5,1,1,6,6,0
48315,2018,7,1,1,4,4,0
48315,2019,9,1,1,5,5,0
48315,2019,10,1,1,4,4,0
48315,2019,12,1,1,2,2,0
48315,2020,3,1,1,4,4,0
48315,2020,4,1,1,2,2,0
48315,2020,12,1,1,2,2,0
48315,2021,2,1,1,2,2,0
48315,2021,12,3,3,6,10,0
48315,2022,1,1,1,2,2,0
48315,2022,6,1,1,3,3,0
48315,2022,7,2,2,2,4,0
48315,2022,11,1,1,2,2,0
48315,2022,12,1,1,3,3,0
48315,2023,1,1,1,2,2,0
48315,2023,2,1,1,3,3,0
48315,2023,8,4,4,5,14,0
48315,2023,9,1,1,3,3,1
48315,2023,10,1,1,2,2,0
48315,2024,2,2,2,3,5,0
48315,2024,10,2,2,2,4,0
48315,2024,12,1,1,2,2,0
48315,2025,2,1,1,4,4,0
48315,2025,11,1,1,2,2,0
48315,2025,12,1,1,3,3,1
48317,2015,3,2,2,2,4,4
48317,2015,8,1,1,5,5,5
48317,2015,12,1,1,3,3,3
48317,2016,1,1,1,2,2,2
48317,2016,2,1,1,3,3,3
48317,2016,7,2,2,3,5,5
48317,2016,10,1,1,3,3,3
48317,2016,11,1,1,2,2,2
48317,2017,1,1,1,3,3,3
48317,2017,2,2,2,2,4,4
48317,2017,3,1,1,6,6,6
48317,2017,6,1,1,2,2,2
48317,2017,9,2,2,2,4,4
48317,2017,11,1,1,5,5,5
48317,2018,3,1,1,4,4,4
48317,2018,5,1,1,8,6,6
48317,2018,6,0,1,8,2,2
48317,2018,7,1,1,5,5,5
48317,2019,8,3,3,5,11,11
48317,2020,3,1,1,3,3,3
48317,2020,5,2,2,3,5,5
48317,2020,7,1,1,8,8,8
48317,2020,8,2,2,6,9,9
48317,2020,10,2,2,3,5,5
48317,2020,11,1,1,2,2,2
48317,2020,12,1,1,2,2,2
48317,2021,4,1,1,2,2,2
48317,2021,10,1,1,4,4,4
48317,2021,12,4,4,5,14,14
48317,2022,3,1,1,4,4,4
48317,2022,5,3,3,6,12,12
48317,2022,6,1,1,3,3,3
48317,2022,7,2,2,3,5,5
48317,2022,8,1,1,3,3,3
48317,2023,1,2,2,2,4,4
48317,2023,2,1,1,2,2,2
48317,2023,6,2,2,6,10,10
48317,2023,7,2,2,4,7,7
48317,2023,8,2,2,13,18,18
48317,2023,9,2,2,10,12,12
48317,2023,11,1,1,3,3,3
48317,2024,2,2,2,3,6,6
48317,2024,4,1,1,2,2,2
48317,2024,5,1,1,2,2,2
48317,2024,8,2,2,6,8,8
48317,2024,10,1,1,5,5,5
48317,2025,2,2,2,3,5,5
48317,2025,3,1,1,2,2,2
48317,2025,4,1,1,2,2,2
48317,2025,10,1,1,2,2,2
48317,2025,11,2,2,6,10,10
48317,2025,12,1,1,6,6,6
48319,2015,3,1,1,2,2,0
48319,2015,7,1,1,2,2,0
48319,2015,8,1,1,3,3,0
48319,2015,9,1,1,2,2,0
48319,2015,10,1,1,4,4,0
48319,2015,12,1,1,3,3,0
48319,2016,1,1,1,2,2,0
48319,2016,8,1,1,2,2,0
48319,2016,9,1,1,2,2,0
48319,2016,11,1,1,2,2,0
48319,2017,2,1,1,2,2,0
48319,2017,7,1,1,2,2,0
48319,2017,9,1,1,2,2,0
48319,2017,11,1,1,5,5,0
48319,2018,3,1,1,2,2,0
48319,2018,5,1,1,6,6,0
48319,2018,6,2,2,2,4,0
48319,2018,7,3,3,8,13,0
48319,2018,11,1,1,2,2,0
48319,2019,10,2,2,6,8,0
48319,2019,12,1,1,2,2,0
48319,2020,3,1,1,2,2,0
48319,2020,5,2,2,2,4,0
48319,2020,7,1,1,5,5,0
48319,2020,8,2,2,3,6,0
48319,2020,10,1,1,3,3,0
48319,2020,12,1,1,2,2,0
48319,2021,4,1,1,2,2,0
48319,2021,9,1,1,3,3,0
48319,2021,12,4,4,5,13,0
48319,2022,1,0,1,4,1,0
48319,2022,3,1,1,3,3,0
48319,2022,4,1,1,3,3,0
48319,2022,5,3,3,9,15,0
48319,2022,6,3,3,6,11,0
48319,2022,7,4,4,9,17,0
48319,2022,8,1,1,2,2,0
48319,2022,11,1,1,3,3,0
48319,2023,1,2,2,2,4,0
48319,2023,2,2,2,2,4,0
48319,2023,4,1,1,2,2,0
48319,2023,6,2,2,7,13,0
48319,2023,7,2,2,16,17,0
48319,2023,8,2,3,16,24,0
48319,2023,9,2,2,9,12,0
48319,2023,10,2,2,2,4,0
48319,2023,11,1,1,2,2,0
48319,2024,2,2,2,3,6,0
48319,2024,5,1,1,2,2,0
48319,2024,8,1,1,5,5,0
48319,2024,10,1,1,7,7,0
48319,2024,12,1,1,2,2,0
48319,2025,2,3,3,3,8,0
48319,2025,3,3,3,4,9,0
48319,2025,4,2,2,2,4,0
48319,2025,5,2,2,5,8,0
48319,2025,10,1,1,3,3,0
48319,2025,11,2,2,6,10,0
48319,2025,12,1,1,3,3,0
48321,2015,4,1,1,2,2,0
48321,2015,7,1,1,5,3,0
48321,2015,8,1,2,7,9,0
48321,2015,12,1,1,5,5,0
48321,2016,6,1,1,2,2,0
48321,2016,7,1,1,3,3,0
48321,2016,11,1,1,5,5,0
48321,2016,12,1,1,4,4,0
48321,2017,1,2,2,7,9,0
48321,2017,2,4,4,4,10,0
48321,2017,3,3,4,5,10,0
48321,2017,10,1,1,2,2,0
48321,2017,11,2,2,6,8,0
48321,2017,12,2,2,3,6,0
48321,2018,2,2,2,7,12,0
48321,2018,3,1,2,6,3,0
48321,2018,5,2,2,7,10,0
48321,2018,7,1,1,3,3,0
48321,2018,8,1,1,2,2,0
48321,2018,10,1,1,3,3,0
48321,2018,11,1,1,3,3,0
48321,2018,12,1,1,2,2,0
48321,2019,4,1,1,2,2,0
48321,2019,6,1,1,2,2,0
48321,2019,7,1,1,3,3,0
48321,2019,8,1,1,2,2,0
48321,2019,9,2,2,2,4,0
48321,2019,10,1,1,7,7,0
48321,2020,1,1,1,3,3,0
48321,2020,2,1,1,2,2,0
48321,2020,3,2,2,8,11,0
48321,2020,4,4,4,4,10,0
48321,2020,6,1,1,2,2,0
48321,2020,11,1,1,3,3,0
48321,2021,1,1,1,2,2,0
48321,2021,3,1,1,2,2,0
48321,2021,6,1,1,2,2,0
48321,2021,12,3,3,6,13,0
48321,2022,1,0,1,6,1,0
48321,2022,5,4,4,3,11,0
48321,2022,6,2,2,13,15,0
48321,2022,7,2,2,7,11,0
48321,2022,11,1,1,2,2,0
48321,2022,12,1,1,6,6,0
48321,2023,1,2,2,7,9,0
48321,2023,2,1,1,9,8,0
48321,2023,3,2,3,9,11,0
48321,2023,7,1,1,38,17,0
48321,2023,8,1,2,38,29,0
48321,2023,9,1,2,21,16,0
48321,2023,10,1,1,3,3,0
48321,2024,3,1,1,2,2,0
48321,2024,4,1,1,2,2,0
48321,2024,5,1,1,7,7,0
48321,2024,8,1,1,2,2,0
48321,2024,10,3,3,4,9,0
48321,2024,11,2,2,3,6,0
48321,2024,12,1,1,4,4,0
48321,2025,1,1,1,2,2,0
48321,2025,2,1,1,7,7,0
48321,2025,3,2,2,3,5,0
48321,2025,5,1,1,4,4,0
48321,2025,10,2,2,3,6,0
48321,2025,11,2,2,2,4,0
48321,2025,12,1,1,7,7,0
48323,2016,11,1,1,2,2,0
48323,2017,2,1,1,2,2,0
48323,2017,3,1,1,2,2,0
48323,2018,3,1,1,2,2,0
48323,2018,5,2,2,6,8,0
48323,2021,12,4,4,3,8,8
48323,2022,1,0,1,3,1,1
48323,2023,6,1,1,2,2,2
48323,2023,8,2,2,9,12,12
48323,2023,9,1,1,5,5,5
48323,2024,2,1,1,2,2,2
48323,2024,8,1,1,2,2,2
48323,2025,11,2,2,3,5,5
48323,2025,12,1,1,6,6,6
48325,2015,8,1,1,3,3,0
48325,2015,9,1,1,2,2,0
48325,2015,10,1,1,4,4,0
48325,2016,1,1,1,2,1,0
48325,2016,2,0,1,2,1,0
48325,2016,3,1,1,2,2,0
48325,2016,10,1,1,3,3,0
48325,2016,11,2,2,3,5,0
48325,2016,12,1,1,4,4,0
48325,2017,1,3,3,5,9,0
48325,2017,2,2,2,3,5,0
48325,2017,7,2,2,5,9,0
48325,2017,9,1,1,2,2,0
48325,2017,11,2,2,6,8,0
48325,2017,12,1,1,3,3,0
48325,2018,3,1,1,3,3,0
48325,2018,7,3,3,8,13,0
48325,2018,12,1,1,2,2,0
48325,2019,3,1,1,2,2,0
48325,2019,8,2,2,2,4,0
48325,2019,9,1,1,3,3,0
48325,2019,10,1,1,6,6,0
48325,2019,12,1,1,2,2,0
48325,2020,3,1,1,4,4,0
48325,2020,4,2,2,2,4,0
48325,2020,7,1,1,5,5,0
48325,2020,8,1,1,3,3,0
48325,2020,10,3,3,4,9,0
48325,2020,12,1,1,2,2,0
48325,2021,4,1,1,3,3,0
48325,2021,12,3,3,4,8,0
48325,2022,1,0,1,4,1,0
48325,2022,2,1,1,2,2,0
48325,2022,3,1,1,5,5,0
48325,2022,4,1,1,2,2,0
48325,2022,5,3,3,8,14,0
48325,2022,6,5,5,5,17,0
48325,2022,7,5,6,7,17,0
48325,2022,8,1,1,3,3,0
48325,2022,10,1,1,2,2,0
48325,2022,11,1,1,2,2,0
48325,2022,12,1,1,2,2,0
48325,2023,1,3,3,3,7,0
48325,2023,2,2,2,4,6,0
48325,2023,3,2,3,4,5,0
48325,2023,6,2,2,6,10,0
48325,2023,7,3,3,9,12,0
48325,2023,8,2,3,18,22,0
48325,2023,9,2,2,10,12,0
48325,2023,11,1,1,2,2,0
48325,2024,2,1,1,3,3,0
48325,2024,5,1,1,4,4,0
48325,2024,8,1,1,5,5,0
48325,2024,10,2,2,5,8,0
48325,2024,11,2,2,2,4,0
48325,2024,12,1,1,5,5,0
48325,2025,2,1,1,2,2,0
48325,2025,3,2,2,2,4,1
48325,2025,4,1,1,2,2,0
48325,2025,5,2,2,6,10,0
48325,2025,9,1,1,3,3,0
48325,2025,10,1,1,3,3,0
48325,2025,11,2,2,2,4,0
48325,2025,12,1,1,6,6,0
48327,2015,8,1,1,5,5,0
48327,2015,9,1,1,2,2,0
48327,2015,10,2,2,2,4,0
48327,2015,12,1,1,2,2,0
48327,2016,11,1,1,2,2,0
48327,2017,1,1,1,2,2,0
48327,2017,2,1,1,2,2,0
48327,2017,7,1,1,2,2,0
48327,2017,9,1,1,2,2,0
48327,2017,11,1,1,6,6,0
48327,2018,3,1,1,2,2,0
48327,2018,4,1,1,2,2,0
48327,2018,5,1,1,3,3,0
48327,2018,6,1,1,2,2,0
48327,2018,7,2,2,3,5,0
48327,2018,11,1,1,2,2,0
48327,2019,4,1,1,2,2,0
48327,2019,10,1,1,2,2,0
48327,2019,12,1,1,2,2,0
48327,2020,3,1,1,2,2,0
48327,2020,5,1,1,2,2,0
48327,2020,7,1,1,3,3,0
48327,2020,8,1,1,2,2,0
48327,2020,9,1,1,2,2,0
48327,2020,10,1,1,2,2,0
48327,2021,12,3,3,5,11,0
48327,2022,3,1,1,3,3,0
48327,2022,4,1,1,2,2,0
48327,2022,5,3,3,6,11,0
48327,2022,6,2,2,3,5,0
48327,2022,7,2,2,2,4,0
48327,2023,1,2,2,2,4,0
48327,2023,2,1,1,2,2,0
48327,2023,6,1,1,15,15,0
48327,2023,7,2,2,3,5,0
48327,2023,8,2,2,9,12,1
48327,2023,9,2,2,10,12,0
48327,2023,11,1,1,2,2,0
48327,2023,12,1,1,2,2,0
48327,2024,2,2,2,3,5,0
48327,2024,5,1,1,4,4,0
48327,2024,8,1,1,2,2,0
48327,2024,10,2,2,4,6,0
48327,2024,11,1,1,2,2,0
48327,2024,12,1,1,2,2,0
48327,2025,2,3,3,3,9,0
48327,2025,3,2,2,2,4,0
48327,2025,4,1,1,2,2,0
48327,2025,5,1,1,2,2,0
48327,2025,10,1,1,2,2,0
48327,2025,11,2,2,4,6,0
48327,2025,12,1,1,4,4,0
48329,2015,8,2,2,6,8,0
48329,2015,12,1,1,2,2,0
48329,2016,1,1,1,2,2,0
48329,2016,2,1,1,3,3,0
48329,2016,7,2,2,6,10,0
48329,2016,10,1,1,2,2,0
48329,2016,11,1,1,2,2,0
48329,2017,1,1,1,2,2,0
48329,2017,2,2,2,2,4,0
48329,2017,3,1,1,6,6,0
48329,2017,6,1,1,2,2,0
48329,2017,9,2,2,3,5,0
48329,2017,11,1,1,5,5,0
48329,2018,3,1,1,4,4,0
48329,2018,5,2,2,7,8,0
48329,2018,6,1,2,7,3,0
48329,2018,7,1,1,6,6,0
48329,2018,10,1,1,3,3,0
48329,2019,4,1,1,2,2,0
48329,2019,7,1,1,2,2,0
48329,2019,8,3,3,4,10,0
48329,2019,10,2,2,2,4,0
48329,2019,12,1,1,2,2,0
48329,2020,3,1,1,2,2,0
48329,2020,4,1,1,2,2,0
48329,2020,5,2,2,3,5,0
48329,2020,7,1,1,7,7,0
48329,2020,8,3,3,4,8,0
48329,2020,10,1,1,3,3,0
48329,2020,11,1,1,2,2,0
48329,2021,4,1,1,2,2,0
48329,2021,10,1,1,4,4,0
48329,2021,12,3,3,6,11,0
48329,2022,3,1,1,4,4,0
48329,2022,5,2,2,5,7,0
48329,2022,7,1,1,2,2,0
48329,2022,8,1,1,2,2,0
48329,2023,1,1,1,2,2,0
48329,2023,6,1,1,10,10,0
48329,2023,7,2,2,6,9,0
48329,2023,8,2,2,10,13,0
48329,2023,9,2,2,9,11,0
48329,2023,11,1,1,3,3,0
48329,2024,2,1,1,3,3,0
48329,2024,4,1,1,2,2,0
48329,2024,5,1,1,2,2,0
48329,2024,8,2,2,4,6,0
48329,2024,10,1,1,4,4,0
48329,2025,2,2,2,6,8,0
48329,2025,4,1,1,2,2,0
48329,2025,11,2,2,5,8,0
48329,2025,12,1,1,6,6,0
48331,2015,1,1,1,2,2,2
48331,2015,8,1,1,3,3,3
48331,2015,10,1,1,5,5,5
48331,2016,3,1,1,2,2,2
48331,2016,11,2,2,3,5,5
48331,2017,1,1,1,2,2,2
48331,2017,2,3,3,3,7,7
48331,2017,3,1,1,2,2,2
48331,2017,11,1,1,5,5,0
48331,2018,5,2,2,6,9,0
48331,2018,7,1,1,7,7,0
48331,2019,9,1,1,6,6,0
48331,2019,10,2,2,6,8,0
48331,2020,3,1,1,4,4,0
48331,2020,7,1,1,2,2,0
48331,2020,8,2,2,3,5,0
48331,2020,10,1,1,2,2,0
48331,2021,9,1,1,2,2,0
48331,2021,12,4,4,4,9,0
48331,2022,1,0,1,4,1,0
48331,2022,2,1,1,2,2,0
48331,2022,3,1,1,3,3,3
48331,2022,5,3,3,7,15,5
48331,2022,6,3,3,5,12,0
48331,2022,7,3,3,6,16,0
48331,2022,8,1,1,3,3,0
48331,2022,9,1,1,2,2,0
48331,2022,11,1,1,2,2,0
48331,2022,12,1,1,4,4,0
48331,2023,1,1,1,2,2,0
48331,2023,2,1,1,3,3,0
48331,2023,6,2,2,4,7,0
48331,2023,7,3,3,16,10,0
48331,2023,8,2,3,16,24,0
48331,2023,9,1,1,9,9,0
48331,2023,10,2,2,4,6,4
48331,2024,2,1,1,2,2,0
48331,2024,8,1,1,3,3,0
48331,2024,9,1,1,2,2,0
48331,2024,10,3,3,7,13,0
48331,2024,11,2,2,3,5,0
48331,2024,12,1,1,3,3,0
48331,2025,2,1,1,3,3,0
48331,2025,3,2,2,3,5,0
48331,2025,4,2,2,2,4,0
48331,2025,5,1,1,3,3,0
48331,2025,10,2,2,4,7,0
48331,2025,11,1,1,7,7,0
48331,2025,12,1,1,4,4,0
48333,2015,1,1,1,2,2,0
48333,2015,8,1,1,2,2,0
48333,2015,10,1,1,6,6,0
48333,2015,12,2,2,2,4,0
48333,2016,1,1,1,2,1,0
48333,2016,2,0,1,2,1,0
48333,2016,11,1,1,3,3,0
48333,2017,1,1,1,2,2,0
48333,2017,2,2,2,2,4,0
48333,2017,11,1,1,6,6,0
48333,2018,5,2,2,3,5,1
48333,2018,7,1,1,7,7,0
48333,2019,2,1,1,2,2,0
48333,2019,10,2,2,3,6,0
48333,2020,7,1,1,3,3,0
48333,2020,8,1,1,2,2,0
48333,2020,10,1,1,2,2,0
48333,2020,12,1,1,2,2,0
48333,2021,12,5,5,4,13,0
48333,2022,3,1,1,3,3,0
48333,2022,4,2,2,2,4,0
48333,2022,5,2,2,10,14,0
48333,2022,6,2,2,2,4,0
48333,2022,7,2,2,6,9,0
48333,2023,1,2,2,3,5,0
48333,2023,2,1,1,2,2,0
48333,2023,6,2,2,4,7,0
48333,2023,7,2,2,10,12,1
48333,2023,8,3,3,15,22,0
48333,2023,9,1,1,10,10,0
48333,2023,10,1,1,2,2,0
48333,2023,11,1,1,2,2,0
48333,2024,2,2,2,2,4,0
48333,2024,8,1,1,3,3,0
48333,2024,10,1,1,5,5,0
48333,2025,2,2,2,3,5,0
48333,2025,3,4,4,3,9,1
48333,2025,5,1,1,2,2,0
48333,2025,9,1,1,2,2,2
48333,2025,10,1,1,3,3,3
48333,2025,11,2,2,6,10,10
48333,2025,12,1,1,6,6,6
48335,2015,12,1,1,2,2,2
48335,2016,1,1,1,2,2,2
48335,2016,2,1,1,2,2,2
48335,2016,11,1,1,2,2,2
48335,2017,1,1,1,2,2,2
48335,2017,2,1,1,2,2,2
48335,2017,3,1,1,3,3,3
48335,2017,11,1,1,2,2,2
48335,2018,5,1,1,6,6,6
48335,2018,7,1,1,5,5,5
48335,2019,8,2,2,3,5,5
48335,2020,3,1,1,2,2,2
48335,2020,5,1,1,2,2,2
48335,2020,7,1,1,4,4,4
48335,2020,8,1,1,5,5,5
48335,2020,10,1,1,2,2,2
48335,2021,10,1,1,3,3,3
48335,2021,12,3,3,4,10,10
48335,2022,3,1,1,4,4,4
48335,2022,5,4,4,3,9,9
48335,2022,6,1,1,2,2,2
48335,2022,7,2,2,3,5,5
48335,2022,8,1,1,3,3,3
48335,2023,1,1,1,2,2,2
48335,2023,6,2,2,5,7,7
48335,2023,7,2,2,3,6,6
48335,2023,8,2,2,13,18,18
48335,2023,9,2,2,10,12,12
48335,2023,11,1,1,2,2,2
48335,2024,2,1,1,2,2,2
48335,2024,8,2,2,6,8,8
48335,2024,10,1,1,4,4,4
48335,2025,2,1,1,3,3,3
48335,2025,3,1,1,2,2,2
48335,2025,10,1,1,2,2,2
48335,2025,11,2,2,4,6,6
48335,2025,12,1,1,6,6,6
48337,2015,1,1,1,3,3,0
48337,2015,9,1,1,2,2,0
48337,2015,10,1,1,2,2,0
48337,2015,12,1,1,4,4,0
48337,2016,2,1,1,2,2,0
48337,2016,11,2,2,2,4,0
48337,2016,12,1,1,2,2,0
48337,2017,1,1,1,2,2,0
48337,2017,2,2,2,2,4,0
48337,2017,3,1,1,4,4,0
48337,2017,5,1,1,2,2,0
48337,2017,11,1,1,2,2,0
48337,2017,12,1,1,4,4,0
48337,2018,5,1,1,5,5,0
48337,2018,6,1,1,4,4,0
48337,2018,7,1,1,5,5,0
48337,2019,10,1,1,4,4,0
48337,2020,3,1,1,2,2,0
48337,2020,8,1,1,2,2,0
48337,2020,12,1,1,2,2,0
48337,2021,10,1,1,2,2,0
48337,2021,12,3,3,7,13,0
48337,2022,3,1,1,2,2,0
48337,2022,5,1,1,3,3,0
48337,2022,6,2,2,2,4,0
48337,2022,7,1,1,3,3,0
48337,2023,1,2,2,2,4,0
48337,2023,2,1,1,2,2,0
48337,2023,6,1,1,6,6,0
48337,2023,7,3,3,6,6,0
48337,2023,8,3,4,6,16,0
48337,2023,9,2,2,7,9,0
48337,2023,10,1,1,3,3,0
48337,2023,11,1,1,3,3,0
48337,2024,2,2,2,3,5,0
48337,2024,8,1,1,3,3,0
48337,2024,10,3,3,3,7,0
48337,2025,3,1,1,2,2,0
48337,2025,5,1,1,2,2,0
48337,2025,11,2,2,3,6,0
48337,2025,12,1,1,6,6,0
48339,2015,1,1,1,2,2,0
48339,2015,7,1,1,2,2,0
48339,2015,8,1,1,3,3,0
48339,2015,10,1,1,5,5,0
48339,2015,12,1,1,4,4,0
48339,2016,2,1,1,2,2,0
48339,2016,3,1,1,2,2,0
48339,2016,10,2,2,3,5,0
48339,2016,11,1,1,3,3,0
48339,2016,12,1,1,5,5,0
48339,2017,1,1,1,4,4,0
48339,2017,2,5,5,3,12,0
48339,2017,3,2,2,6,9,0
48339,2017,11,1,1,6,6,0
48339,2018,3,2,2,2,4,0
48339,2018,5,2,2,5,9,0
48339,2018,11,1,1,2,2,0
48339,2019,9,1,1,7,7,0
48339,2019,10,1,1,6,6,0
48339,2020,1,1,1,2,2,0
48339,2020,3,1,1,4,4,0
48339,2020,8,1,1,2,2,0
48339,2020,10,1,1,2,2,0
48339,2020,11,1,1,2,2,0
48339,2021,12,4,4,7,14,0
48339,2022,1,0,1,7,1,0
48339,2022,3,1,1,3,3,0
48339,2022,5,2,2,5,8,0
48339,2022,6,2,2,9,14,0
48339,2022,7,3,3,6,13,0
48339,2022,8,1,1,2,2,0
48339,2022,10,1,1,2,2,0
48339,2022,11,1,1,3,3,0
48339,2022,12,1,1,5,5,0
48339,2023,1,2,2,3,5,0
48339,2023,2,1,1,9,8,0
48339,2023,3,1,2,9,3,0
48339,2023,6,2,2,4,8,0
48339,2023,7,2,2,29,8,0
48339,2023,8,0,1,29,27,0
48339,2023,9,3,3,5,11,0
48339,2023,10,1,1,2,2,0
48339,2023,11,1,1,2,2,0
48339,2024,2,1,1,2,2,0
48339,2024,3,1,1,2,2,0
48339,2024,5,1,1,3,3,0
48339,2024,10,3,3,4,9,0
48339,2024,11,1,1,2,2,0
48339,2024,12,1,1,3,3,0
48339,2025,2,1,1,6,6,0
48339,2025,3,2,2,2,4,0
48339,2025,5,2,2,3,5,0
48339,2025,10,2,2,7,10,0
48339,2025,11,2,2,6,8,0
48339,2025,12,2,2,4,7,0
48341,2015,1,1,1,2,2,0
48341,2015,2,1,1,2,2,0
48341,2015,9,1,1,2,2,0
48341,2015,11,1,1,2,2,0
48341,2016,1,1,1,2,2,0
48341,2016,2,1,1,2,2,0
48341,2016,3,1,1,2,2,0
48341,2016,7,3,3,3,8,0
48341,2016,10,2,2,3,5,0
48341,2016,11,1,1,3,3,0
48341,2017,2,2,2,3,5,0
48341,2017,3,1,1,5,5,5
48341,2017,6,1,1,2,2,2
48341,2017,11,1,1,2,2,2
48341,2017,12,1,1,3,3,3
48341,2018,1,1,1,2,2,0
48341,2018,4,1,1,2,2,0
48341,2018,7,1,1,4,4,0
48341,2018,8,1,1,2,1,0
48341,2018,9,0,1,2,1,0
48341,2018,10,1,1,2,2,0
48341,2019,3,1,1,2,2,0
48341,2019,7,1,1,2,2,1
48341,2019,8,3,3,2,6,0
48341,2019,9,1,1,2,2,0
48341,2020,3,1,1,2,2,0
48341,2020,6,1,1,2,2,0
48341,2020,7,1,1,3,3,0
48341,2020,9,1,1,2,2,0
48341,2020,10,1,1,5,5,0
48341,2020,11,2,2,4,6,0
48341,2021,8,1,1,3,3,0
48341,2021,9,1,1,2,2,0
48341,2021,10,1,1,2,2,0
48341,2021,11,2,2,3,5,0
48341,2021,12,2,2,2,4,0
48341,2022,3,1,1,3,3,0
48341,2022,4,2,2,2,4,0
48341,2022,5,2,2,3,5,0
48341,2022,6,1,1,4,4,0
48341,2022,7,4,4,3,9,0
48341,2023,1,1,1,2,2,2
48341,2023,7,2,2,2,4,4
48341,2023,8,3,3,5,12,12
48341,2023,9,2,2,5,8,8
48341,2023,11,1,1,3,3,3
48341,2023,12,1,1,2,2,2
48341,2024,2,2,2,3,6,6
48341,2024,4,1,1,2,2,2
48341,2024,7,2,2,3,3,3
48341,2024,8,1,2,9,11,11
48341,2024,10,1,1,4,4,4
48341,2025,2,1,1,2,2,2
48341,2025,3,1,1,5,5,5
48341,2025,8,1,1,3,3,3
48341,2025,10,1,1,3,3,3
48341,2025,11,2,2,3,5,5
48341,2025,12,1,1,6,6,6
48343,2015,1,1,1,2,2,0
48343,2015,8,1,1,2,2,0
48343,2015,10,1,1,4,4,0
48343,2015,12,3,3,2,6,0
48343,2016,1,1,1,2,2,0
48343,2016,11,2,2,3,5,0
48343,2017,1,1,1,3,3,0
48343,2017,3,1,1,2,2,0
48343,2017,11,1,1,6,6,0
48343,2017,12,1,1,2,2,0
48343,2018,5,1,1,4,4,0
48343,2019,9,1,1,4,4,0
48343,2019,10,1,1,3,3,0
48343,2020,3,1,1,3,3,0
48343,2020,12,1,1,2,2,0
48343,2021,2,1,1,2,2,0
48343,2021,10,1,1,2,2,0
48343,2021,12,3,3,6,10,0
48343,2022,2,1,1,2,2,0
48343,2022,6,1,1,3,3,0
48343,2022,7,2,2,4,6,0
48343,2022,12,1,1,3,3,0
48343,2023,1,1,1,2,2,0
48343,2023,2,1,1,2,2,0
48343,2023,8,3,3,5,10,0
48343,2023,9,2,2,3,5,0
48343,2023,11,1,1,2,2,0
48343,2024,2,2,2,3,6,0
48343,2024,10,2,2,2,4,0
48343,2024,12,1,1,2,2,0
48343,2025,2,1,1,2,2,0
48343,2025,3,1,1,2,2,0
48343,2025,11,1,1,2,2,0
48343,2025,12,2,2,3,5,0
48345,2015,2,1,1,2,2,0
48345,2015,10,1,1,2,2,0
48345,2016,1,1,1,2,2,0
48345,2016,7,2,2,3,5,0
48345,2016,11,1,1,2,2,0
48345,2017,2,2,2,2,4,0
48345,2017,3,1,1,2,2,0
48345,2017,11,1,1,2,2,0
48345,2018,2,1,1,2,2,0
48345,2018,4,1,1,2,2,0
48345,2018,5,1,1,2,2,0
48345,2018,7,1,1,5,5,0
48345,2019,8,2,2,4,6,0
48345,2020,3,1,1,2,2,0
48345,2020,5,1,1,2,2,0
48345,2020,7,3,3,4,8,0
48345,2020,8,1,1,3,3,0
48345,2020,9,1,1,2,2,0
48345,2020,10,2,2,3,5,0
48345,2020,11,1,1,2,2,0
48345,2020,12,1,1,2,2,0
48345,2021,9,1,1,2,2,0
48345,2021,10,1,1,3,3,0
48345,2021,11,1,1,2,2,0
48345,2021,12,3,3,4,8,0
48345,2022,3,1,1,2,2,0
48345,2022,4,2,2,2,4,0
48345,2022,5,2,2,4,6,0
48345,2022,6,1,1,2,2,0
48345,2022,7,2,2,4,6,0
48345,2022,8,1,1,4,4,0
48345,2023,4,1,1,2,2,0
48345,2023,7,1,1,2,2,0
48345,2023,8,3,3,4,10,0
48345,2023,9,3,3,3,7,0
48345,2023,11,1,1,3,3,0
48345,2024,2,2,2,2,4,0
48345,2024,8,4,4,7,14,0
48345,2024,9,1,1,2,2,0
48345,2024,10,1,1,5,5,0
48345,2025,2,1,1,2,2,0
48345,2025,10,1,1,3,3,0
48345,2025,11,2,2,3,5,0
48345,2025,12,1,1,6,6,0
48347,2015,12,1,1,3,3,1
48347,2016,3,1,1,2,2,0
48347,2016,9,1,1,2,2,0
48347,2017,2,1,1,2,2,0
48347,2019,10,1,1,3,3,0
48347,2019,12,1,1,7,7,0
48347,2020,3,1,1,3,3,0
48347,2021,12,3,3,7,11,0
48347,2022,1,0,1,7,1,0
48347,2022,5,1,1,4,4,0
48347,2022,6,3,3,7,14,0
48347,2022,7,2,2,2,4,0
48347,2022,11,1,1,2,2,0
48347,2022,12,1,1,2,2,0
48347,2023,2,1,1,2,2,0
48347,2023,6,1,1,3,3,0
48347,2023,7,2,2,3,5,0
48347,2023,8,5,5,5,19,0
48347,2023,9,1,1,2,2,0
48347,2024,2,1,1,2,2,0
48347,2024,9,1,1,2,2,0
48347,2025,2,1,1,5,5,0
48347,2025,3,2,2,2,4,0
48347,2025,10,1,1,2,2,0
48347,2025,11,2,2,8,10,0
48347,2025,12,2,2,3,6,0
48349,2015,1,1,1,2,2,0
48349,2015,8,1,1,2,2,0
48349,2015,10,1,1,5,5,0
48349,2015,12,2,2,3,5,0
48349,2016,1,1,1,2,2,0
48349,2016,3,1,1,2,2,0
48349,2016,11,2,2,2,4,0
48349,2016,12,1,1,3,3,0
48349,2017,1,1,1,2,2,0
48349,2017,2,1,1,2,2,0
48349,2017,11,1,1,2,2,0
48349,2017,12,1,1,3,3,0
48349,2018,5,1,1,5,5,0
48349,2018,7,2,2,7,9,0
48349,2019,9,1,1,3,3,0
48349,2019,10,1,1,6,6,0
48349,2020,3,1,1,3,3,0
48349,2020,4,1,1,2,2,0
48349,2021,12,4,4,9,14,0
48349,2022,1,0,1,9,1,0
48349,2022,3,1,1,2,2,0
48349,2022,5,1,1,3,3,0
48349,2022,6,2,2,8,10,0
48349,2022,7,3,3,5,11,0
48349,2022,12,1,1,3,3,0
48349,2023,1,2,2,3,5,0
48349,2023,2,1,1,2,2,0
48349,2023,7,2,2,16,5,0
48349,2023,8,2,3,16,23,0
48349,2023,9,1,1,7,7,0
48349,2023,10,1,1,4,4,0
48349,2024,2,2,2,3,6,0
48349,2024,8,1,1,2,2,0
48349,2024,10,2,2,4,6,0
48349,2024,11,1,1,2,2,0
48349,2025,2,1,1,2,2,0
48349,2025,3,2,2,3,5,0
48349,2025,5,1,1,2,2,0
48349,2025,10,1,1,2,2,0
48349,2025,11,1,1,4,4,0
48349,2025,12,1,1,6,6,0
48351,2015,7,1,1,2,2,0
48351,2015,8,2,2,5,7,0
48351,2015,10,1,1,4,4,0
48351,2015,11,1,1,2,2,0
48351,2015,12,2,2,5,8,0
48351,2016,3,1,1,2,2,0
48351,2016,10,2,2,3,5,0
48351,2016,11,2,2,4,7,0
48351,2016,12,1,1,4,4,0
48351,2017,1,2,2,4,6,0
48351,2017,2,4,4,3,9,0
48351,2017,3,1,1,4,4,0
48351,2017,10,2,2,3,5,0
48351,2017,11,1,1,6,6,0
48351,2018,2,2,2,3,5,0
48351,2018,3,1,1,3,3,0
48351,2018,5,1,1,4,4,0
48351,2018,11,1,1,2,2,0
48351,2019,4,1,1,2,2,0
48351,2019,9,1,1,3,3,0
48351,2019,10,1,1,6,6,0
48351,2020,3,1,1,3,3,0
48351,2020,11,1,1,2,2,0
48351,2021,3,1,1,2,2,0
48351,2021,12,4,4,5,11,0
48351,2022,1,0,1,5,1,0
48351,2022,3,1,1,2,2,0
48351,2022,6,2,2,5,8,0
48351,2022,11,1,1,4,4,0
48351,2022,12,1,1,3,3,0
48351,2023,1,2,2,2,4,0
48351,2023,2,2,2,6,8,0
48351,2023,3,1,1,2,2,0
48351,2023,6,1,1,2,2,0
48351,2023,7,2,2,31,18,0
48351,2023,8,0,1,31,27,0
48351,2023,9,3,3,4,8,0
48351,2023,10,1,2,3,4,0
48351,2023,11,2,2,3,5,0
48351,2024,1,1,1,2,2,0
48351,2024,10,3,3,4,9,0
48351,2024,11,1,1,2,2,0
48351,2024,12,1,1,3,3,0
48351,2025,2,1,1,5,5,0
48351,2025,3,2,2,2,4,0
48351,2025,10,2,2,4,6,0
48351,2025,11,3,3,2,6,0
48351,2025,12,2,2,3,5,1
48353,2015,3,1,1,2,2,0
48353,2015,10,1,1,3,3,1
48353,2016,10,1,1,2,2,0
48353,2017,2,2,2,2,4,0
48353,2017,3,1,1,3,3,0
48353,2017,9,2,2,2,4,0
48353,2017,11,1,1,2,2,0
48353,2018,1,1,1,2,2,0
48353,2018,2,1,1,2,2,0
48353,2018,5,2,2,3,5,1
48353,2018,6,1,1,2,2,0
48353,2018,7,1,1,5,5,0
48353,2019,8,3,3,4,8,0
48353,2019,10,2,2,3,5,0
48353,2020,3,1,1,2,2,0
48353,2020,5,2,2,3,6,0
48353,2020,7,1,1,5,5,0
48353,2020,8,2,2,5,7,0
48353,2020,10,1,1,2,2,2
48353,2021,4,1,1,3,3,0
48353,2021,10,2,2,4,6,0
48353,2021,12,3,3,4,11,0
48353,2022,3,1,1,4,4,0
48353,2022,4,1,1,2,2,0
48353,2022,5,3,3,7,13,0
48353,2022,6,1,1,3,3,0
48353,2022,7,2,2,3,6,0
48353,2022,8,1,1,3,3,0
48353,2023,1,2,2,2,4,0
48353,2023,6,3,3,3,7,0
48353,2023,7,2,2,3,6,0
48353,2023,8,2,2,11,14,0
48353,2023,9,1,1,10,10,0
48353,2023,11,1,1,3,3,0
48353,2024,2,2,2,3,5,0
48353,2024,5,1,1,2,2,0
48353,2024,8,2,2,6,8,0
48353,2024,10,1,1,4,4,0
48353,2025,2,1,1,4,4,0
48353,2025,9,1,1,2,2,0
48353,2025,10,1,1,3,3,0
48353,2025,11,2,2,2,4,0
48353,2025,12,1,1,6,6,0
48355,2016,10,1,1,2,2,0
48355,2016,11,1,1,3,3,0
48355,2017,1,2,2,2,4,0
48355,2017,2,3,3,3,7,0
48355,2017,4,1,1,2,2,0
48355,2017,6,1,1,2,2,0
48355,2017,11,2,2,5,7,0
48355,2017,12,1,1,3,3,0
48355,2018,5,1,1,6,6,0
48355,2018,11,1,1,3,3,0
48355,2019,4,1,1,2,2,0
48355,2019,6,1,1,3,3,0
48355,2019,7,1,1,3,3,0
48355,2019,10,1,1,2,2,0
48355,2019,12,1,1,2,2,0
48355,2020,3,1,1,5,5,0
48355,2020,4,1,1,3,3,0
48355,2020,5,1,1,2,2,0
48355,2020,10,1,1,3,3,0
48355,2021,1,1,1,2,2,0
48355,2021,12,4,4,4,10,0
48355,2022,1,0,1,3,2,0
48355,2022,3,1,1,2,2,0
48355,2022,7,1,1,2,2,0
48355,2023,1,1,1,3,3,0
48355,2023,2,3,3,4,8,0
48355,2023,3,2,3,3,6,0
48355,2023,6,2,2,3,5,0
48355,2023,8,2,2,2,4,0
48355,2023,9,4,4,3,10,0
48355,2024,2,1,1,2,2,0
48355,2024,5,3,3,5,10,0
48355,2024,6,1,1,3,3,0
48355,2024,7,1,1,2,2,0
48355,2024,8,2,2,3,5,0
48355,2024,10,2,2,2,4,0
48355,2024,11,3,3,5,12,0
48355,2024,12,2,2,4,7,0
48355,2025,3,1,1,4,4,0
48355,2025,5,1,1,3,3,0
48355,2025,8,1,1,2,2,0
48355,2025,10,1,1,2,2,0
48355,2025,11,2,2,2,4,0
48355,2025,12,1,1,3,3,0
48357,2015,1,1,1,3,3,0
48357,2015,2,1,1,2,2,0
48357,2015,9,1,1,2,2,1
48357,2015,10,1,1,2,2,0
48357,2015,12,1,1,2,2,0
48357,2016,1,1,1,2,2,2
48357,2016,7,1,1,3,3,0
48357,2016,8,1,1,2,2,0
48357,2016,10,2,2,3,5,0
48357,2016,11,1,1,3,3,0
48357,2017,1,1,1,2,2,0
48357,2017,2,2,2,3,5,0
48357,2017,3,1,1,3,3,0
48357,2017,6,1,1,3,3,0
48357,2017,12,1,1,3,3,3
48357,2018,1,2,2,2,4,0
48357,2018,4,2,2,2,4,0
48357,2018,6,1,1,2,2,0
48357,2018,7,1,1,3,3,0
48357,2019,4,2,2,2,4,0
48357,2020,3,1,1,2,2,0
48357,2020,6,1,1,2,2,0
48357,2020,9,1,1,2,2,0
48357,2020,10,1,1,5,5,0
48357,2021,6,2,2,2,4,0
48357,2021,9,1,1,3,3,0
48357,2021,10,1,1,3,3,0
48357,2021,12,3,3,4,8,0
48357,2022,4,1,1,2,2,0
48357,2022,5,2,2,2,4,0
48357,2022,6,1,1,2,2,0
48357,2022,7,1,1,2,2,2
48357,2023,1,1,1,2,2,2
48357,2023,8,2,2,3,5,5
48357,2023,9,1,1,4,4,4
48357,2023,11,1,1,3,3,3
48357,2023,12,1,1,2,2,2
48357,2024,2,2,2,3,5,5
48357,2024,8,2,2,4,8,8
48357,2024,10,2,2,4,6,6
48357,2025,2,2,2,2,4,4
48357,2025,3,1,1,5,5,5
48357,2025,4,1,1,2,2,2
48357,2025,10,1,1,3,3,3
48357,2025,11,1,1,3,3,3
48357,2025,12,1,1,6,6,6
48359,2015,1,1,1,2,2,0
48359,2015,2,1,1,4,4,0
48359,2015,3,1,1,2,2,0
48359,2015,9,2,2,2,4,0
48359,2015,11,1,1,2,2,0
48359,2015,12,1,1,2,2,0
48359,2016,1,2,2,2,4,0
48359,2016,2,1,1,4,4,0
48359,2016,3,1,1,2,2,0
48359,2016,7,3,3,5,11,0
48359,2016,10,2,2,3,5,0
48359,2016,11,1,1,2,2,0
48359,2017,2,2,2,3,5,0
48359,2017,3,1,1,3,3,0
48359,2017,4,1,1,2,2,0
48359,2017,6,1,1,3,3,0
48359,2018,1,2,2,2,4,0
48359,2018,4,2,2,2,4,0
48359,2018,5,2,2,2,4,0
48359,2018,7,1,1,5,5,0
48359,2019,7,1,1,2,2,0
48359,2019,8,3,3,4,9,0
48359,2020,7,1,1,6,6,0
48359,2020,10,1,1,6,6,0
48359,2020,11,1,1,3,3,0
48359,2021,9,1,1,3,3,0
48359,2021,10,1,1,2,2,0
48359,2021,11,1,1,2,2,0
48359,2021,12,1,1,2,2,0
48359,2022,4,2,2,2,4,0
48359,2022,5,2,2,5,7,0
48359,2022,6,1,1,4,4,0
48359,2022,7,2,2,2,4,0
48359,2023,4,1,1,2,2,0
48359,2023,7,2,2,2,4,0
48359,2023,8,1,1,4,4,0
48359,2023,9,2,2,4,6,0
48359,2023,11,1,1,4,4,0
48359,2024,2,1,1,3,3,0
48359,2024,7,2,2,3,4,0
48359,2024,8,2,3,4,7,0
48359,2024,9,1,1,3,3,0
48359,2024,10,1,1,3,3,0
48359,2025,3,1,1,4,4,0
48359,2025,4,1,1,2,2,0
48359,2025,8,1,1,4,4,0
48359,2025,10,1,1,2,2,0
48359,2025,11,1,1,2,2,0
48359,2025,12,1,1,6,6,0
48361,2015,8,1,1,4,4,0
48361,2015,11,1,1,2,2,0
48361,2015,12,1,1,3,3,0
48361,2016,11,1,1,4,4,0
48361,2016,12,1,1,2,2,0
48361,2017,1,1,1,3,3,0
48361,2017,2,2,2,2,4,0
48361,2017,10,1,1,2,2,0
48361,2017,11,1,1,6,6,0
48361,2018,2,2,2,4,6,0
48361,2018,3,1,1,2,2,0
48361,2018,5,2,2,3,6,0
48361,2018,11,1,1,2,2,0
48361,2019,6,2,2,3,5,0
48361,2019,8,1,1,4,2,0
48361,2019,9,2,3,5,10,0
48361,2019,10,1,1,4,4,0
48361,2020,3,1,1,7,7,0
48361,2021,12,2,2,5,5,0
48361,2022,1,0,1,5,2,0
48361,2022,6,2,2,6,8,0
48361,2022,11,1,1,4,4,0
48361,2022,12,1,1,4,4,0
48361,2023,2,1,1,6,5,0
48361,2023,3,1,2,6,4,0
48361,2023,7,2,2,4,4,0
48361,2023,8,4,5,6,21,0
48361,2023,9,2,2,4,8,0
48361,2023,10,1,1,3,3,0
48361,2024,3,1,1,3,3,0
48361,2024,10,2,2,4,6,0
48361,2025,2,1,1,6,6,0
48361,2025,3,1,1,2,2,0
48363,2015,1,1,1,2,2,0
48363,2015,3,2,2,2,4,0
48363,2015,9,1,1,3,3,0
48363,2015,10,1,1,5,5,0
48363,2016,1,1,1,2,2,0
48363,2016,2,1,1,2,2,1
48363,2016,10,2,2,2,4,0
48363,2016,11,2,2,2,4,0
48363,2016,12,1,1,2,2,0
48363,2017,1,2,2,2,4,0
48363,2017,2,2,2,2,4,0
48363,2017,3,1,1,6,6,0
48363,2017,5,1,1,3,3,0
48363,2017,9,1,1,2,2,0
48363,2017,11,2,2,2,4,0
48363,2017,12,1,1,3,3,1
48363,2018,2,1,1,2,2,0
48363,2018,5,1,1,9,7,0
48363,2018,6,3,4,9,9,0
48363,2018,7,1,1,6,6,0
48363,2019,9,1,1,2,2,0
48363,2019,10,2,2,3,5,0
48363,2020,3,1,1,2,2,0
48363,2020,5,1,1,3,3,0
48363,2020,7,1,1,3,3,0
48363,2020,8,2,2,5,7,0
48363,2020,10,1,1,2,2,0
48363,2020,12,1,1,2,2,0
48363,2021,11,1,1,2,2,0
48363,2021,12,3,3,7,11,0
48363,2022,3,1,1,2,2,0
48363,2022,5,4,4,4,11,0
48363,2022,6,4,4,4,11,0
48363,2022,7,1,1,4,4,0
48363,2022,10,1,1,2,2,0
48363,2023,1,3,3,2,6,0
48363,2023,2,1,1,2,2,0
48363,2023,6,2,2,6,8,0
48363,2023,7,3,3,14,8,0
48363,2023,8,2,3,14,20,0
48363,2023,9,2,2,9,11,0
48363,2023,10,2,2,4,6,0
48363,2023,11,1,1,3,3,0
48363,2024,2,2,2,3,5,1
48363,2024,5,1,1,2,2,0
48363,2024,8,2,2,4,6,0
48363,2024,10,2,2,4,8,0
48363,2024,12,1,1,2,2,0
48363,2025,2,1,1,2,2,0
48363,2025,3,1,1,2,2,0
48363,2025,4,1,1,2,2,0
48363,2025,9,1,1,2,2,0
48363,2025,10,1,1,3,3,0
48363,2025,11,3,3,3,7,0
48363,2025,12,1,1,6,6,0
48365,2015,1,1,1,4,4,0
48365,2015,10,2,2,3,5,0
48365,2015,12,2,2,5,7,0
48365,2016,3,1,1,3,3,0
48365,2016,11,1,1,4,4,0
48365,2016,12,1,1,2,2,0
48365,2017,1,1,1,3,3,0
48365,2017,2,1,1,2,2,0
48365,2017,3,1,1,3,3,0
48365,2017,11,1,1,5,5,0
48365,2018,3,1,1,2,2,0
48365,2018,5,2,2,6,8,0
48365,2018,7,1,1,5,5,0
48365,2019,9,1,1,3,3,0
48365,2019,10,1,1,4,4,0
48365,2020,3,1,1,4,4,0
48365,2021,12,3,3,9,12,0
48365,2022,1,0,1,9,2,0
48365,2022,6,1,1,2,2,0
48365,2022,12,1,1,2,2,0
48365,2023,2,1,1,2,2,0
48365,2023,8,3,3,11,23,2
48365,2023,9,1,1,2,2,0
48365,2023,12,1,1,3,3,0
48365,2024,2,1,1,2,2,0
48365,2024,3,1,1,2,2,0
48365,2024,5,1,1,2,2,0
48365,2025,2,1,1,3,3,0
48365,2025,12,1,1,3,3,0
48367,2015,1,1,1,2,2,0
48367,2015,10,1,1,2,2,0
48367,2015,12,1,1,2,2,0
48367,2016,2,1,1,2,2,0
48367,2016,11,1,1,2,2,0
48367,2016,12,1,1,2,2,0
48367,2017,1,1,1,3,3,0
48367,2017,2,4,4,3,9,0
48367,2017,3,1,1,6,6,0
48367,2017,5,1,1,2,2,0
48367,2017,12,1,1,3,3,0
48367,2018,3,1,1,2,2,0
48367,2018,5,2,2,3,6,0
48367,2018,6,2,2,3,6,0
48367,2018,7,2,2,6,8,0
48367,2019,10,1,1,6,6,0
48367,2020,3,1,1,2,2,0
48367,2020,8,2,2,3,5,0
48367,2020,12,1,1,2,2,0
48367,2021,11,1,1,2,2,0
48367,2021,12,4,4,6,17,0
48367,2022,3,1,1,3,3,0
48367,2022,5,4,4,4,11,0
48367,2022,6,3,3,7,13,0
48367,2022,7,3,3,9,18,0
48367,2023,1,2,2,2,4,0
48367,2023,2,1,1,2,2,0
48367,2023,3,1,1,2,2,0
48367,2023,6,2,2,5,7,0
48367,2023,7,3,3,14,7,0
48367,2023,8,2,3,14,21,0
48367,2023,9,2,2,9,11,0
48367,2023,10,1,1,4,4,0
48367,2023,11,1,1,2,2,0
48367,2024,2,1,1,3,3,0
48367,2024,5,1,1,2,2,0
48367,2024,8,1,1,2,2,0
48367,2024,10,2,2,3,5,0
48367,2024,12,1,1,3,3,0
48367,2025,2,1,1,3,3,0
48367,2025,3,2,2,2,4,0
48367,2025,4,1,1,2,2,0
48367,2025,10,2,2,2,4,0
48367,2025,11,2,2,4,7,0
48367,2025,12,1,1,7,7,0
48369,2015,2,2,2,2,4,0
48369,2015,8,1,1,2,2,0
48369,2015,9,3,3,3,7,0
48369,2015,10,1,1,2,2,0
48369,2016,1,1,1,2,2,0
48369,2016,2,1,1,2,2,0
48369,2016,7,3,3,5,11,0
48369,2016,10,1,1,3,3,0
48369,2016,11,1,1,2,2,0
48369,2017,2,2,2,2,4,0
48369,2017,3,1,1,3,3,0
48369,2017,6,2,2,3,5,0
48369,2018,1,1,1,2,1,0
48369,2018,2,0,1,2,1,0
48369,2018,3,1,1,2,2,0
48369,2018,4,1,1,2,2,0
48369,2018,5,2,2,4,7,0
48369,2018,7,1,1,4,4,0
48369,2019,7,1,1,3,3,0
48369,2019,8,5,5,7,18,0
48369,2019,9,0,1,6,4,0
48369,2020,5,1,1,2,2,0
48369,2020,7,1,1,7,7,0
48369,2020,8,1,1,4,4,0
48369,2020,10,2,2,3,5,0
48369,2020,11,1,1,3,3,0
48369,2021,6,1,1,2,2,0
48369,2021,11,2,2,3,5,0
48369,2022,3,1,1,4,4,0
48369,2022,4,1,1,3,3,0
48369,2022,5,2,2,2,4,0
48369,2022,6,1,1,4,4,0
48369,2022,7,1,1,3,3,0
48369,2023,4,1,1,2,2,0
48369,2023,6,1,1,2,2,0
48369,2023,7,3,3,3,8,0
48369,2023,8,4,4,4,11,0
48369,2023,9,1,1,9,9,0
48369,2023,10,1,1,2,2,0
48369,2023,11,1,1,4,4,0
48369,2024,2,2,2,2,4,0
48369,2024,5,1,1,3,3,0
48369,2024,6,1,1,2,2,0
48369,2024,7,2,2,3,3,0
48369,2024,8,1,2,10,12,0
48369,2024,10,1,1,5,5,0
48369,2025,2,3,3,3,7,0
48369,2025,3,1,1,2,2,0
48369,2025,4,2,2,2,4,0
48369,2025,10,1,1,3,3,0
48369,2025,11,1,1,3,3,0
48369,2025,12,2,2,6,8,0
48371,2015,3,1,1,2,2,0
48371,2015,8,1,1,5,5,0
48371,2015,10,1,1,2,2,0
48371,2015,12,1,1,2,2,0
48371,2016,2,1,1,3,3,0
48371,2016,7,2,2,4,8,0
48371,2016,10,1,1,3,3,0
48371,2016,11,1,1,2,2,0
48371,2017,1,1,1,3,3,0
48371,2017,2,2,2,2,4,0
48371,2017,3,1,1,4,4,0
48371,2017,6,1,1,3,3,0
48371,2017,11,1,1,5,5,0
48371,2018,3,1,1,2,2,0
48371,2018,5,1,1,8,6,0
48371,2018,6,0,1,8,2,0
48371,2019,4,1,1,2,2,0
48371,2019,8,3,3,4,10,0
48371,2019,12,1,1,2,2,0
48371,2020,3,1,1,3,3,0
48371,2020,4,1,1,2,2,0
48371,2020,5,1,1,2,2,0
48371,2020,7,1,1,7,7,0
48371,2020,8,3,3,4,9,0
48371,2020,9,1,2,3,3,0
48371,2020,10,2,2,3,5,0
48371,2020,11,1,1,2,2,0
48371,2021,6,1,1,3,3,0
48371,2021,10,2,2,4,6,0
48371,2021,11,2,2,2,4,0
48371,2021,12,4,4,7,15,0
48371,2022,3,1,1,4,4,0
48371,2022,5,3,3,5,11,0
48371,2022,6,2,2,3,5,0
48371,2022,7,1,1,2,2,0
48371,2023,1,2,2,2,4,0
48371,2023,2,1,1,3,3,0
48371,2023,3,1,1,2,2,0
48371,2023,6,1,1,13,13,0
48371,2023,7,2,2,7,11,0
48371,2023,8,2,2,12,14,0
48371,2023,9,4,4,8,15,0
48371,2023,11,1,1,3,3,0
48371,2023,12,1,1,2,2,0
48371,2024,2,2,2,3,6,0
48371,2024,5,2,2,4,6,0
48371,2024,7,2,2,3,5,0
48371,2024,8,2,2,4,6,0
48371,2024,9,1,1,2,2,0
48371,2024,10,1,1,4,4,0
48371,2024,11,2,2,2,4,0
48371,2025,2,2,2,6,8,0
48371,2025,3,1,1,2,2,0
48371,2025,4,2,2,2,4,0
48371,2025,5,1,1,2,2,0
48371,2025,8,1,1,2,2,0
48371,2025,10,1,1,2,2,0
48371,2025,11,2,2,7,11,0
48371,2025,12,2,2,6,8,0
48373,2015,1,1,1,3,3,0
48373,2015,2,2,2,2,4,0
48373,2015,3,1,1,2,2,0
48373,2015,5,1,1,2,2,0
48373,2015,12,1,1,2,2,2
48373,2016,3,1,1,3,3,0
48373,2016,4,1,1,5,5,0
48373,2016,8,1,1,5,5,0
48373,2016,11,1,1,3,3,3
48373,2017,1,1,1,2,2,2
48373,2017,2,1,1,2,2,2
48373,2017,3,1,1,4,4,4
48373,2017,11,1,1,4,4,2
48373,2018,5,1,1,3,3,3
48373,2019,9,1,1,2,2,2
48373,2019,10,1,1,6,6,6
48373,2020,3,1,1,3,3,3
48373,2021,12,3,3,8,12,12
48373,2022,1,0,1,8,1,1
48373,2022,3,1,1,2,2,2
48373,2022,5,1,1,6,6,6
48373,2022,6,2,2,4,7,7
48373,2022,7,2,2,5,7,7
48373,2022,12,1,1,4,4,4
48373,2023,2,2,2,3,4,4
48373,2023,3,0,1,3,1,1
48373,2023,7,2,2,17,4,4
48373,2023,8,1,2,17,26,26
48373,2023,9,2,2,5,8,8
48373,2023,10,1,1,2,2,2
48373,2023,11,1,1,2,2,2
48373,2024,2,1,1,2,2,2
48373,2024,5,1,1,3,3,3
48373,2024,10,2,2,3,5,5
48373,2024,12,1,1,2,2,2
48373,2025,2,1,1,3,3,3
48373,2025,3,2,2,2,4,4
48373,2025,5,1,1,3,3,3
48373,2025,10,2,2,3,5,5
48373,2025,11,1,1,4,4,4
48373,2025,12,2,2,3,5,5
48375,2015,2,1,1,3,3,0
48375,2016,2,1,1,3,3,0
48375,2016,7,2,2,4,7,0
48375,2016,10,1,1,2,2,0
48375,2016,11,1,1,2,2,0
48375,2017,2,2,2,2,4,0
48375,2017,3,1,1,3,3,0
48375,2017,6,1,1,2,2,0
48375,2017,11,1,1,2,2,0
48375,2017,12,1,1,3,3,0
48375,2018,5,3,3,3,7,0
48375,2018,6,0,1,2,1,0
48375,2018,7,1,1,4,4,0
48375,2019,8,3,3,5,9,0
48375,2019,12,1,1,2,2,0
48375,2020,7,1,1,6,6,0
48375,2020,8,1,1,2,2,0
48375,2020,10,1,1,6,6,0
48375,2020,11,1,1,2,2,0
48375,2021,8,2,2,2,4,0
48375,2021,9,1,1,3,3,0
48375,2021,10,1,1,2,2,0
48375,2021,11,1,1,2,2,0
48375,2021,12,3,3,4,10,0
48375,2022,4,2,2,2,4,0
48375,2022,5,2,2,4,6,0
48375,2022,6,1,1,4,4,0
48375,2023,8,3,3,5,12,0
48375,2023,9,2,2,4,6,0
48375,2023,10,1,1,3,3,0
48375,2023,11,1,1,3,3,0
48375,2024,2,1,1,3,3,0
48375,2024,7,2,2,3,4,0
48375,2024,8,2,3,9,12,0
48375,2024,9,2,2,3,5,0
48375,2024,10,1,1,5,5,0
48375,2025,3,1,1,2,2,0
48375,2025,8,1,1,4,4,0
48375,2025,10,1,1,2,2,0
48375,2025,11,1,1,3,3,0
48375,2025,12,1,1,6,6,0
48377,2015,1,1,1,2,2,0
48377,2016,2,1,1,3,3,0
48377,2017,1,1,1,3,3,0
48377,2017,2,1,1,2,2,0
48377,2017,3,1,1,4,4,0
48377,2017,11,1,1,5,5,0
48377,2018,5,1,1,2,2,0
48377,2019,4,1,1,3,3,0
48377,2019,8,3,3,2,6,0
48377,2019,11,1,1,2,2,0
48377,2019,12,1,1,2,2,0
48377,2020,3,1,1,2,2,0
48377,2020,7,1,1,6,6,0
48377,2020,8,2,2,6,9,0
48377,2020,9,0,1,4,1,0
48377,2020,10,1,1,3,3,0
48377,2021,10,1,1,2,2,0
48377,2021,11,2,2,3,5,0
48377,2021,12,5,5,5,14,0
48377,2022,1,0,1,2,1,0
48377,2022,3,1,1,4,4,0
48377,2022,4,1,1,4,4,0
48377,2022,5,3,3,4,11,0
48377,2022,6,2,2,3,5,0
48377,2022,7,1,1,3,3,0
48377,2022,8,1,1,2,2,0
48377,2022,11,1,1,3,3,0
48377,2023,1,1,1,2,2,0
48377,2023,6,1,1,10,10,0
48377,2023,7,1,1,13,13,0
48377,2023,8,2,2,11,13,0
48377,2023,9,2,2,9,13,0
48377,2023,10,1,1,2,2,0
48377,2023,11,1,1,2,2,2
48377,2024,7,2,2,2,4,0
48377,2024,8,4,4,4,12,0
48377,2024,9,1,1,4,4,0
48377,2024,10,1,1,4,4,0
48377,2024,11,2,2,2,4,0
48377,2025,2,2,2,7,9,0
48377,2025,4,3,3,5,10,0
48377,2025,5,1,1,3,3,0
48377,2025,6,2,2,2,4,0
48377,2025,8,2,2,4,7,0
48377,2025,9,1,1,3,3,0
48377,2025,10,1,1,2,2,0
48377,2025,11,2,2,5,9,0
48377,2025,12,1,1,9,9,0
48379,2015,1,1,1,2,2,0
48379,2015,10,2,2,2,4,0
48379,2015,12,2,2,3,5,0
48379,2016,1,1,1,2,2,0
48379,2016,11,1,1,2,2,0
48379,2016,12,1,1,2,2,0
48379,2017,1,1,1,2,2,0
48379,2017,2,1,1,2,2,0
48379,2017,3,1,1,3,3,0
48379,2017,4,1,1,2,2,0
48379,2017,12,1,1,3,3,0
48379,2018,5,1,1,5,5,0
48379,2018,6,1,1,3,3,0
48379,2018,7,1,1,5,5,0
48379,2019,10,2,2,4,6,0
48379,2020,3,1,1,3,3,0
48379,2020,12,1,1,2,2,0
48379,2021,12,3,3,5,10,0
48379,2022,3,1,1,2,2,0
48379,2022,5,2,2,5,7,0
48379,2022,6,3,3,7,12,0
48379,2022,7,3,3,4,8,0
48379,2023,1,2,2,2,4,0
48379,2023,2,1,1,3,3,0
48379,2023,8,4,4,4,11,0
48379,2023,9,1,1,4,4,0
48379,2023,12,1,1,2,2,0
48379,2024,2,2,2,3,5,0
48379,2024,10,1,1,2,2,0
48379,2024,11,1,1,2,2,0
48379,2025,3,1,1,2,2,0
48379,2025,11,1,1,2,2,0
48379,2025,12,2,2,3,5,0
48381,2015,2,1,1,2,2,0
48381,2015,3,1,1,2,2,0
48381,2015,10,1,1,2,2,0
48381,2016,2,1,1,3,3,0
48381,2016,7,2,2,4,7,1
48381,2016,10,3,3,3,6,0
48381,2016,11,1,2,3,4,0
48381,2017,3,1,1,2,2,0
48381,2017,6,1,1,3,3,0
48381,2018,3,1,1,2,2,0
48381,2018,4,1,1,2,2,0
48381,2018,5,2,2,4,8,0
48381,2018,7,1,1,4,4,0
48381,2019,1,1,1,2,2,0
48381,2019,3,1,1,2,2,0
48381,2019,7,1,1,2,2,0
48381,2019,8,2,2,4,7,0
48381,2020,7,1,1,6,6,0
48381,2020,8,1,1,3,3,0
48381,2020,9,1,1,2,2,0
48381,2020,10,1,1,3,3,0
48381,2020,11,1,1,2,2,0
48381,2021,9,1,1,3,3,0
48381,2021,10,1,1,3,3,0
48381,2021,11,2,2,3,5,0
48381,2021,12,2,2,3,5,0
48381,2022,4,1,1,2,2,0
48381,2022,5,1,1,2,2,0
48381,2022,6,1,1,2,2,0
48381,2023,1,1,1,2,2,2
48381,2023,4,1,1,2,2,0
48381,2023,7,1,1,2,2,0
48381,2023,8,4,4,4,11,0
48381,2023,9,1,1,4,4,0
48381,2023,10,1,1,3,3,0
48381,2023,11,1,1,4,4,0
48381,2024,2,2,2,2,4,0
48381,2024,7,1,1,2,1,0
48381,2024,8,3,4,6,12,0
48381,2024,9,1,1,2,2,0
48381,2024,10,1,1,5,5,0
48381,2025,2,2,2,3,5,0
48381,2025,3,1,1,2,2,0
48381,2025,8,1,1,2,2,0
48381,2025,10,1,1,3,3,0
48381,2025,11,1,1,3,3,0
48381,2025,12,1,1,6,6,0
48383,2015,1,1,1,2,2,0
48383,2015,3,1,1,2,2,0
48383,2015,8,1,1,3,3,0
48383,2015,9,1,1,2,2,0
48383,2015,10,1,1,2,2,0
48383,2015,12,1,1,2,2,0
48383,2016,1,1,1,2,2,0
48383,2016,10,1,1,3,3,0
48383,2016,11,1,1,2,2,0
48383,2016,12,1,1,2,2,0
48383,2017,1,2,2,4,6,0
48383,2017,2,2,2,2,4,0
48383,2017,3,1,1,4,4,0
48383,2017,6,2,2,3,4,0
48383,2017,7,0,1,2,1,0
48383,2017,9,1,1,2,2,0
48383,2017,10,1,1,2,2,0
48383,2017,11,2,2,6,8,0
48383,2017,12,1,1,2,2,0
48383,2018,3,1,1,3,3,0
48383,2018,5,2,2,2,4,0
48383,2018,6,2,2,3,5,0
48383,2018,7,2,2,2,4,0
48383,2019,2,1,1,2,2,0
48383,2019,4,1,1,2,2,0
48383,2019,6,1,1,2,2,0
48383,2019,8,5,5,3,11,0
48383,2019,10,1,1,2,2,0
48383,2019,12,1,1,2,2,0
48383,2020,3,1,1,2,2,0
48383,2020,4,1,1,2,2,0
48383,2020,5,2,2,3,5,0
48383,2020,6,1,1,2,2,0
48383,2020,7,1,1,7,7,0
48383,2020,8,2,2,5,7,0
48383,2020,9,1,1,2,2,0
48383,2020,10,2,2,2,4,0
48383,2021,9,1,1,4,4,0
48383,2021,10,2,2,4,6,1
48383,2021,11,1,1,3,3,0
48383,2021,12,4,4,7,19,2
48383,2022,3,1,1,5,5,0
48383,2022,4,4,4,3,9,0
48383,2022,5,3,3,8,15,2
48383,2022,6,2,2,3,5,0
48383,2022,7,3,3,4,10,0
48383,2022,8,1,1,3,3,0
48383,2023,1,1,1,2,2,0
48383,2023,2,1,1,2,2,0
48383,2023,6,1,1,13,13,1
48383,2023,7,2,2,5,9,0
48383,2023,8,2,2,12,15,0
48383,2023,9,2,2,9,11,1
48383,2023,11,1,1,3,3,0
48383,2024,2,2,2,3,6,0
48383,2024,5,1,1,5,5,0
48383,2024,6,1,1,2,2,0
48383,2024,7,2,2,3,3,0
48383,2024,8,2,3,11,15,5
48383,2024,10,1,1,11,11,0
48383,2024,11,2,2,2,4,0
48383,2024,12,3,3,4,10,0
48383,2025,2,2,2,7,10,0
48383,2025,3,3,3,3,7,0
48383,2025,8,2,2,3,5,0
48383,2025,10,1,1,2,2,0
48383,2025,11,2,2,4,7,1
48383,2025,12,1,1,9,9,1
48385,2015,1,1,1,2,2,0
48385,2015,10,1,1,3,3,0
48385,2017,2,3,3,3,7,0
48385,2017,3,1,1,2,2,0
48385,2017,6,1,1,4,4,0
48385,2017,11,2,2,2,4,0
48385,2018,7,1,1,2,2,1
48385,2019,10,1,1,2,2,0
48385,2019,12,2,2,2,4,0
48385,2020,3,1,1,3,3,0
48385,2020,7,1,1,4,4,0
48385,2020,10,1,1,2,2,0
48385,2021,4,1,1,2,2,0
48385,2021,12,3,3,3,7,0
48385,2022,3,1,1,3,3,0
48385,2022,4,2,2,2,4,0
48385,2022,5,3,3,3,7,0
48385,2022,6,2,2,4,6,0
48385,2023,1,2,2,2,4,0
48385,2023,2,2,2,3,4,0
48385,2023,3,0,1,3,1,0
48385,2023,6,2,2,5,7,0
48385,2023,8,3,3,3,7,0
48385,2023,9,1,1,9,9,0
48385,2023,11,1,1,2,2,0
48385,2024,2,1,1,3,3,0
48385,2024,5,2,2,4,6,0
48385,2024,6,1,1,4,4,0
48385,2024,8,2,2,6,9,0
48385,2024,9,1,1,11,1,0
48385,2024,10,1,2,11,14,0
48385,2024,11,1,1,2,2,0
48385,2024,12,1,1,2,2,0
48385,2025,3,3,3,3,7,0
48385,2025,5,1,1,5,5,0
48385,2025,9,1,1,2,2,0
48385,2025,10,2,2,3,5,0
48385,2025,11,2,2,5,8,8
48385,2025,12,2,2,2,4,0
48387,2015,1,1,1,2,2,0
48387,2015,8,1,1,2,2,0
48387,2015,10,2,2,2,4,0
48387,2015,12,3,3,2,6,0
48387,2016,1,1,1,3,3,0
48387,2016,3,1,1,2,2,0
48387,2016,7,1,1,2,2,0
48387,2016,10,2,2,3,5,0
48387,2016,11,2,2,3,5,0
48387,2016,12,1,1,2,2,0
48387,2017,1,2,2,3,5,0
48387,2017,2,1,2,3,3,0
48387,2017,3,1,1,3,3,0
48387,2017,10,2,2,2,4,0
48387,2017,11,1,1,4,4,0
48387,2017,12,1,1,3,3,0
48387,2018,5,1,1,9,9,0
48387,2018,7,1,1,4,4,0
48387,2019,2,1,1,3,3,0
48387,2019,4,1,1,2,2,0
48387,2019,9,1,1,2,2,0
48387,2019,10,1,1,3,3,0
48387,2020,3,1,1,4,4,0
48387,2020,12,1,1,2,2,0
48387,2021,2,1,1,2,2,0
48387,2021,10,1,1,3,3,0
48387,2021,12,5,5,5,14,0
48387,2022,5,2,2,3,5,0
48387,2022,6,1,1,5,5,0
48387,2022,7,4,4,5,16,0
48387,2023,1,3,3,2,6,0
48387,2023,2,1,1,2,2,0
48387,2023,8,2,2,3,5,0
48387,2023,9,1,1,3,3,0
48387,2023,11,1,1,3,3,0
48387,2024,2,2,2,3,5,0
48387,2024,5,1,1,2,2,0
48387,2024,10,1,1,2,2,0
48387,2025,2,1,1,2,2,0
48387,2025,3,1,1,2,2,0
48387,2025,10,1,1,2,2,0
48387,2025,11,2,2,3,5,0
48387,2025,12,1,1,6,6,0
48389,2015,8,2,2,6,8,0
48389,2015,12,1,1,2,2,0
48389,2016,2,2,2,3,5,0
48389,2016,3,1,1,2,2,0
48389,2016,7,2,2,4,7,0
48389,2016,11,1,1,2,2,0
48389,2017,1,1,1,4,4,0
48389,2017,2,2,2,2,4,0
48389,2017,3,2,2,5,7,0
48389,2017,6,1,1,2,2,0
48389,2017,9,1,1,2,2,0
48389,2017,11,1,1,5,5,0
48389,2018,5,2,2,6,8,0
48389,2019,8,2,2,2,4,0
48389,2020,3,1,1,2,2,0
48389,2020,7,1,1,7,7,0
48389,2020,8,2,2,4,6,0
48389,2020,10,1,1,2,2,0
48389,2020,11,1,1,3,3,0
48389,2021,6,1,1,3,3,0
48389,2021,10,1,1,3,3,0
48389,2021,11,1,1,2,2,0
48389,2021,12,3,3,6,10,0
48389,2022,3,1,1,4,4,0
48389,2022,4,1,1,4,4,0
48389,2022,5,2,2,3,5,0
48389,2022,6,1,1,2,2,0
48389,2022,7,1,1,2,2,0
48389,2023,1,1,1,2,2,0
48389,2023,6,1,1,11,11,0
48389,2023,7,2,2,7,10,0
48389,2023,8,2,2,9,11,0
48389,2023,9,3,3,8,13,0
48389,2023,11,1,1,3,3,0
48389,2023,12,1,1,2,2,0
48389,2024,2,2,2,3,5,0
48389,2024,4,2,2,2,4,0
48389,2024,5,2,2,3,5,0
48389,2024,6,1,1,2,2,0
48389,2024,7,1,1,2,2,0
48389,2024,8,1,1,5,5,0
48389,2024,10,1,1,4,4,0
48389,2024,11,1,1,2,2,0
48389,2025,2,2,2,6,8,0
48389,2025,8,2,2,3,6,0
48389,2025,10,1,1,2,2,0
48389,2025,11,2,2,4,8,0
48389,2025,12,2,2,3,5,0
48391,2015,8,1,1,2,2,0
48391,2015,10,1,1,2,2,0
48391,2016,11,1,1,2,2,0
48391,2017,1,1,1,2,2,0
48391,2017,2,2,2,3,5,0
48391,2017,12,1,1,2,2,0
48391,2020,4,1,1,2,2,0
48391,2021,12,3,3,2,6,0
48391,2022,1,1,1,2,2,0
48391,2022,12,1,1,2,2,0
48391,2023,9,1,1,2,2,0
48391,2024,11,2,2,2,4,0
48391,2024,12,1,1,3,3,0
48391,2025,5,1,1,3,3,3
48391,2025,11,1,1,2,2,0
48393,2015,1,1,1,2,2,2
48393,2015,2,1,1,4,4,4
48393,2015,10,1,1,2,2,2
48393,2015,12,1,1,4,4,4
48393,2016,1,1,1,3,3,3
48393,2016,2,1,1,4,4,4
48393,2016,10,1,1,3,3,3
48393,2016,11,1,1,2,2,2
48393,2017,1,1,1,2,2,2
48393,2017,2,2,2,3,5,5
48393,2017,3,1,1,3,3,3
48393,2017,6,1,1,2,2,2
48393,2017,12,1,1,3,3,3
48393,2018,1,1,1,2,2,2
48393,2018,3,1,1,2,2,2
48393,2018,5,2,2,3,5,5
48393,2018,7,1,1,4,4,4
48393,2019,8,2,2,3,5,5
48393,2020,3,1,1,2,2,2
48393,2020,7,1,1,5,5,5
48393,2020,10,1,1,6,6,6
48393,2021,9,1,1,3,3,3
48393,2021,10,1,1,2,2,2
48393,2021,11,1,1,2,2,2
48393,2021,12,3,3,3,9,9
48393,2022,4,1,1,2,2,2
48393,2022,5,3,3,4,9,9
48393,2022,6,1,1,4,4,4
48393,2022,7,1,1,6,6,6
48393,2023,1,1,1,2,2,2
48393,2023,6,1,1,2,2,2
48393,2023,7,2,2,2,4,4
48393,2023,8,3,3,5,12,12
48393,2023,9,2,2,5,8,8
48393,2023,11,1,1,3,3,3
48393,2023,12,1,1,2,2,2
48393,2024,2,2,2,3,5,5
48393,2024,7,1,1,2,2,2
48393,2024,8,3,3,9,13,13
48393,2024,10,2,2,5,7,7
48393,2025,2,2,2,2,4,4
48393,2025,3,1,1,5,5,5
48393,2025,8,1,1,3,3,3
48393,2025,10,1,1,3,3,3
48393,2025,11,1,1,3,3,3
48393,2025,12,1,1,6,6,6
48395,2015,1,1,1,2,2,0
48395,2015,8,1,1,2,2,0
48395,2015,10,1,1,6,6,0
48395,2015,12,1,1,2,2,0
48395,2016,3,1,1,2,2,0
48395,2016,11,1,1,2,2,0
48395,2016,12,1,1,2,2,0
48395,2017,1,1,1,4,4,0
48395,2017,2,4,4,2,8,0
48395,2017,4,1,1,2,2,0
48395,2017,11,1,1,5,5,0
48395,2018,5,2,2,6,10,0
48395,2019,9,1,1,7,7,0
48395,2019,10,2,2,6,8,0
48395,2020,3,1,1,4,4,0
48395,2020,7,1,1,4,4,0
48395,2020,8,1,1,2,2,0
48395,2020,12,1,1,2,2,0
48395,2021,2,1,1,2,2,0
48395,2021,12,3,3,9,14,14
48395,2022,1,0,1,9,1,1
48395,2022,3,1,1,3,3,0
48395,2022,5,4,4,5,11,0
48395,2022,6,3,3,5,12,0
48395,2022,7,3,3,6,13,0
48395,2022,8,1,1,2,2,0
48395,2022,11,2,2,4,6,0
48395,2022,12,1,1,6,6,0
48395,2023,1,2,2,2,4,0
48395,2023,2,1,1,3,3,0
48395,2023,3,1,1,2,2,0
48395,2023,7,3,3,4,7,0
48395,2023,8,2,3,11,24,0
48395,2023,9,2,2,9,11,0
48395,2023,10,2,2,4,6,0
48395,2023,11,1,1,2,2,0
48395,2024,2,1,1,2,2,0
48395,2024,3,1,1,2,2,0
48395,2024,9,1,1,2,2,0
48395,2024,10,3,3,7,15,0
48395,2024,11,2,2,3,5,0
48395,2024,12,1,1,3,3,0
48395,2025,2,2,2,3,5,0
48395,2025,3,2,2,4,7,0
48395,2025,4,1,1,2,2,0
48395,2025,5,2,2,4,6,0
48395,2025,10,3,3,5,10,0
48395,2025,11,1,1,7,7,0
48395,2025,12,1,1,7,7,0
48397,2015,1,1,1,3,3,3
48397,2015,8,1,1,3,3,3
48397,2015,10,1,1,4,4,4
48397,2015,12,2,2,4,8,8
48397,2016,1,1,1,3,3,0
48397,2016,3,1,1,2,2,2
48397,2016,11,2,2,3,5,5
48397,2016,12,1,1,2,2,2
48397,2017,1,2,2,3,4,4
48397,2017,2,2,3,3,6,6
48397,2017,3,1,1,5,5,5
48397,2017,11,1,1,2,2,0
48397,2017,12,1,1,3,3,0
48397,2018,5,1,1,6,6,0
48397,2018,6,1,1,2,2,0
48397,2018,7,1,1,5,5,0
48397,2019,2,1,1,3,3,0
48397,2019,9,1,1,2,2,0
48397,2019,10,2,2,3,5,0
48397,2020,3,2,2,4,6,0
48397,2020,4,1,1,2,2,0
48397,2020,12,1,1,2,2,0
48397,2021,12,4,4,5,12,0
48397,2022,1,1,1,2,2,0
48397,2022,3,1,1,3,3,0
48397,2022,6,3,3,4,8,0
48397,2022,7,2,2,4,6,0
48397,2022,11,1,1,2,2,0
48397,2022,12,1,1,3,3,0
48397,2023,1,3,3,2,6,0
48397,2023,2,1,1,2,2,0
48397,2023,7,2,2,7,4,0
48397,2023,8,3,4,7,18,0
48397,2023,9,2,2,7,9,0
48397,2023,10,1,1,2,2,0
48397,2023,11,1,1,2,2,0
48397,2024,1,1,1,2,2,0
48397,2024,2,2,2,3,5,0
48397,2024,5,1,1,2,2,0
48397,2024,10,1,1,2,2,0
48397,2024,11,1,1,2,2,0
48397,2025,3,1,1,2,2,0
48397,2025,11,2,2,5,7,0
48397,2025,12,1,1,6,6,0
48399,2015,3,1,1,2,2,0
48399,2015,10,1,1,2,2,0
48399,2015,12,1,1,2,2,0
48399,2016,8,1,1,2,2,0
48399,2016,10,1,1,2,2,0
48399,2016,11,1,1,3,3,0
48399,2017,2,1,1,2,2,0
48399,2017,3,1,1,3,3,0
48399,2017,5,1,1,3,3,0
48399,2017,11,1,1,3,3,0
48399,2018,5,1,1,2,2,0
48399,2018,6,1,1,2,2,0
48399,2018,7,1,1,6,6,0
48399,2019,8,1,1,2,2,0
48399,2019,10,2,2,3,5,0
48399,2020,3,1,1,2,2,0
48399,2020,5,1,1,3,3,0
48399,2020,7,1,1,3,3,0
48399,2020,8,2,2,4,6,0
48399,2020,9,1,1,2,2,0
48399,2020,10,1,1,2,2,0
48399,2020,12,1,1,2,2,0
48399,2021,10,1,1,2,2,0
48399,2021,11,1,1,2,2,0
48399,2021,12,3,3,6,13,0
48399,2022,3,1,1,4,4,0
48399,2022,5,3,3,4,10,0
48399,2022,6,1,1,2,2,0
48399,2022,7,2,2,5,8,0
48399,2023,1,2,2,2,4,0
48399,2023,2,1,1,2,2,0
48399,2023,6,2,2,5,8,0
48399,2023,7,2,2,4,8,0
48399,2023,8,3,3,13,18,0
48399,2023,9,2,2,10,13,0
48399,2023,11,1,1,3,3,0
48399,2024,2,2,2,3,5,0
48399,2024,6,1,1,2,2,0
48399,2024,8,2,2,5,7,0
48399,2024,10,1,1,5,5,0
48399,2024,12,2,2,3,4,0
48399,2025,1,0,1,2,1,0
48399,2025,2,2,2,3,5,0
48399,2025,3,2,2,2,4,0
48399,2025,4,1,1,3,3,0
48399,2025,9,1,1,2,2,0
48399,2025,10,2,2,3,5,0
48399,2025,11,2,2,6,8,0
48399,2025,12,1,1,7,7,0
48401,2015,1,1,1,2,2,0
48401,2015,8,1,1,2,2,0
48401,2015,10,1,1,4,4,0
48401,2015,12,2,2,5,8,0
48401,2016,3,1,1,2,2,0
48401,2016,11,2,2,4,6,0
48401,2016,12,1,1,2,2,0
48401,2017,1,1,1,3,3,0
48401,2017,2,1,1,2,2,0
48401,2017,3,1,1,2,2,0
48401,2017,10,1,1,2,2,0
48401,2017,11,1,1,4,4,0
48401,2017,12,1,1,3,3,0
48401,2018,5,2,2,6,9,0
48401,2018,6,1,1,3,3,0
48401,2018,7,1,1,2,2,0
48401,2019,9,2,2,5,7,0
48401,2019,10,1,1,6,6,0
48401,2020,3,1,1,4,4,0
48401,2020,11,1,1,3,3,0
48401,2021,12,4,4,8,16,0
48401,2022,1,0,1,8,1,0
48401,2022,3,1,1,2,2,0
48401,2022,6,2,2,4,7,0
48401,2022,7,1,1,2,2,0
48401,2022,12,1,1,3,3,0
48401,2023,1,1,1,2,2,0
48401,2023,2,2,2,2,3,0
48401,2023,3,0,1,2,1,0
48401,2023,7,1,1,6,1,0
48401,2023,8,2,3,10,20,0
48401,2023,9,1,1,3,3,0
48401,2023,10,2,2,2,4,0
48401,2023,11,1,1,2,2,0
48401,2024,2,2,2,4,6,0
48401,2024,10,2,2,7,9,0
48401,2024,12,1,1,2,2,0
48401,2025,2,1,1,4,4,0
48401,2025,3,3,3,3,7,0
48401,2025,4,2,2,2,4,0
48401,2025,5,1,1,2,2,0
48401,2025,11,1,1,7,7,0
48401,2025,12,1,1,6,6,0
48403,2015,1,1,1,3,3,0
48403,2015,3,2,2,3,5,0
48403,2015,8,2,2,2,4,0
48403,2015,10,1,1,4,4,0
48403,2015,11,1,1,2,2,0
48403,2015,12,2,2,3,6,1
48403,2016,1,1,1,3,3,0
48403,2016,2,1,1,2,2,0
48403,2016,3,1,1,2,2,0
48403,2016,4,1,1,2,2,0
48403,2016,10,1,1,3,3,0
48403,2016,11,2,2,4,6,0
48403,2016,12,1,1,3,3,0
48403,2017,1,2,2,3,5,0
48403,2017,2,4,5,3,9,0
48403,2017,3,2,2,3,6,0
48403,2017,10,1,1,2,2,0
48403,2017,11,2,2,6,8,0
48403,2018,2,2,2,2,4,0
48403,2018,3,2,2,2,4,0
48403,2018,5,2,2,4,6,0
48403,2018,6,1,1,2,2,0
48403,2018,7,1,1,2,2,0
48403,2019,9,1,1,5,5,0
48403,2019,10,1,1,6,6,0
48403,2019,12,1,1,2,2,0
48403,2020,3,1,1,4,4,0
48403,2020,12,1,1,2,2,0
48403,2021,2,1,1,2,2,0
48403,2021,12,4,4,9,19,0
48403,2022,1,0,1,9,1,1
48403,2022,2,1,1,2,2,0
48403,2022,3,1,1,4,4,0
48403,2022,4,1,1,2,2,0
48403,2022,5,2,2,5,7,0
48403,2022,6,2,2,6,8,0
48403,2022,7,2,2,6,9,0
48403,2022,11,2,2,4,6,0
48403,2022,12,1,1,6,6,0
48403,2023,1,2,2,2,4,0
48403,2023,2,2,2,4,5,0
48403,2023,3,1,2,4,3,0
48403,2023,6,1,1,8,7,0
48403,2023,7,3,4,9,10,0
48403,2023,8,2,3,11,24,0
48403,2023,9,2,2,3,5,0
48403,2023,10,2,2,2,4,0
48403,2023,11,1,1,3,3,0
48403,2024,2,1,1,3,3,0
48403,2024,3,1,1,2,2,0
48403,2024,5,1,1,2,2,0
48403,2025,2,1,1,5,5,0
48403,2025,3,2,2,2,4,0
48403,2025,4,2,2,3,5,0
48403,2025,10,2,2,2,4,0
48403,2025,11,2,2,2,4,0
48405,2015,1,1,1,2,2,2
48405,2015,8,1,1,8,8,0
48405,2015,11,2,2,2,4,0
48405,2015,12,3,3,5,11,0
48405,2016,2,1,1,2,2,0
48405,2016,11,1,1,2,2,0
48405,2016,12,2,2,4,7,0
48405,2017,1,1,1,3,3,0
48405,2017,2,3,3,3,7,0
48405,2017,3,1,1,3,3,1
48405,2017,10,2,2,3,5,1
48405,2017,11,1,1,6,6,0
48405,2017,12,2,2,3,6,0
48405,2018,2,3,3,3,6,0
48405,2018,3,2,3,3,7,0
48405,2018,5,4,4,8,17,0
48405,2018,6,1,2,7,6,0
48405,2018,7,2,2,5,8,0
48405,2018,11,1,1,3,3,1
48405,2019,10,1,1,7,7,0
48405,2020,3,1,1,3,3,0
48405,2021,12,4,4,7,15,0
48405,2022,1,1,2,7,4,0
48405,2022,2,1,1,2,2,0
48405,2022,3,1,1,4,4,0
48405,2022,6,2,2,6,8,0
48405,2022,7,3,3,6,13,0
48405,2022,11,2,2,3,5,0
48405,2022,12,1,1,6,6,0
48405,2023,2,1,1,2,2,0
48405,2023,3,1,1,2,2,0
48405,2023,6,1,1,3,3,0
48405,2023,7,3,3,19,10,0
48405,2023,8,1,2,19,26,0
48405,2023,9,2,2,3,5,1
48405,2023,10,1,1,3,3,0
48405,2024,2,1,1,3,3,0
48405,2024,3,1,1,2,2,0
48405,2024,10,1,1,2,2,0
48405,2024,12,1,1,4,4,0
48405,2025,2,1,1,6,6,0
48405,2025,3,2,2,4,6,0
48405,2025,5,1,1,2,2,0
48405,2025,10,2,2,6,8,1
48405,2025,11,1,1,5,5,0
48407,2015,1,1,1,2,2,2
48407,2015,10,1,1,4,4,4
48407,2015,12,2,2,2,4,4
48407,2016,3,1,1,3,3,3
48407,2016,11,1,1,3,3,3
48407,2017,1,1,1,3,3,3
48407,2017,2,3,3,2,6,6
48407,2017,3,2,2,5,7,7
48407,2017,11,1,1,5,5,5
48407,2018,5,2,2,6,9,9
48407,2019,9,1,1,4,4,4
48407,2019,10,1,1,6,6,6
48407,2020,3,1,1,4,4,4
48407,2021,12,3,3,8,13,13
48407,2022,1,0,1,8,1,1
48407,2022,3,1,1,4,4,4
48407,2022,5,3,3,6,11,11
48407,2022,6,2,2,9,11,11
48407,2022,7,2,2,6,10,10
48407,2022,11,1,1,3,3,3
48407,2022,12,1,1,4,4,4
48407,2023,2,2,2,3,5,5
48407,2023,3,0,1,3,1,1
48407,2023,6,1,1,3,3,3
48407,2023,7,2,2,17,7,7
48407,2023,8,2,3,17,25,25
48407,2023,9,1,1,9,9,9
48407,2023,10,1,1,2,2,2
48407,2023,11,1,1,2,2,2
48407,2024,2,1,1,3,3,3
48407,2024,5,1,1,3,3,3
48407,2024,10,2,2,4,8,8
48407,2024,12,1,1,2,2,2
48407,2025,2,1,1,6,6,6
48407,2025,3,2,2,4,6,6
48407,2025,5,1,1,3,3,3
48407,2025,10,2,2,3,6,6
48407,2025,11,2,2,5,7,7
48407,2025,12,2,2,3,5,5
48409,2015,10,2,2,2,4,0
48409,2016,11,1,1,2,2,0
48409,2017,1,1,1,2,2,0
48409,2017,2,2,2,4,6,0
48409,2017,5,2,2,2,4,0
48409,2017,6,1,1,3,3,0
48409,2017,11,1,1,4,4,0
48409,2017,12,1,1,2,2,0
48409,2018,5,1,1,4,4,0
48409,2019,4,1,1,2,2,0
48409,2020,4,1,1,3,3,3
48409,2020,5,1,1,2,2,1
48409,2020,10,1,1,2,2,0
48409,2021,1,1,1,2,2,0
48409,2021,9,2,2,2,4,0
48409,2021,12,2,2,2,4,0
48409,2022,3,1,1,2,2,0
48409,2022,5,2,2,3,6,0
48409,2022,6,2,2,3,5,0
48409,2022,7,1,1,3,3,0
48409,2022,10,1,1,2,2,0
48409,2023,1,1,1,2,2,0
48409,2023,2,2,2,2,3,0
48409,2023,3,2,3,2,5,0
48409,2023,6,2,2,2,4,0
48409,2023,7,3,3,4,8,0
48409,2023,8,2,3,22,16,8
48409,2023,9,1,2,22,21,0
48409,2023,10,1,1,2,2,0
48409,2024,2,1,1,2,2,0
48409,2024,3,1,1,2,2,0
48409,2024,5,4,4,4,13,0
48409,2024,8,1,1,4,4,0
48409,2024,10,3,3,3,9,0
48409,2024,12,1,1,3,3,0
48409,2025,3,2,2,3,5,0
48409,2025,7,1,1,2,2,0
48409,2025,8,1,1,2,2,0
48409,2025,9,1,1,3,3,0
48409,2025,10,1,1,2,2,0
48409,2025,11,3,3,4,10,4
48409,2025,12,2,2,4,6,0
48411,2015,8,1,1,3,3,0
48411,2015,10,1,1,5,5,0
48411,2015,12,1,1,2,2,0
48411,2016,1,1,1,2,2,0
48411,2016,11,1,1,2,2,0
48411,2017,2,1,1,2,2,0
48411,2017,11,1,1,5,5,0
48411,2018,5,1,1,6,6,0
48411,2018,6,1,1,2,2,0
48411,2018,7,1,1,7,7,0
48411,2019,8,1,1,2,2,0
48411,2019,10,1,1,6,6,0
48411,2019,12,1,1,2,2,0
48411,2020,3,1,1,2,2,0
48411,2020,5,1,1,2,2,0
48411,2020,7,1,1,2,2,0
48411,2020,8,2,2,4,6,0
48411,2021,12,4,4,9,15,0
48411,2022,1,0,1,9,1,0
48411,2022,3,1,1,3,3,0
48411,2022,5,2,2,8,11,0
48411,2022,6,2,2,3,6,0
48411,2022,7,2,2,6,8,0
48411,2023,1,2,2,2,4,0
48411,2023,2,1,1,2,2,0
48411,2023,6,2,2,6,11,0
48411,2023,7,2,2,12,14,0
48411,2023,8,3,3,14,22,0
48411,2023,9,1,1,10,10,0
48411,2023,11,1,1,2,2,0
48411,2024,2,2,2,3,5,0
48411,2024,8,1,1,4,4,0
48411,2024,10,1,1,6,6,0
48411,2025,2,3,3,3,7,0
48411,2025,3,2,2,4,7,0
48411,2025,5,1,1,2,2,0
48411,2025,11,1,1,4,4,0
48411,2025,12,1,1,6,6,0
48413,2015,1,1,1,2,2,0
48413,2015,8,2,2,3,5,0
48413,2015,10,2,2,3,5,1
48413,2016,10,1,1,3,3,0
48413,2016,11,1,1,3,3,0
48413,2017,1,1,1,2,2,0
48413,2017,2,1,1,2,2,0
48413,2017,9,1,1,2,2,0
48413,2017,11,1,1,6,6,0
48413,2018,3,1,1,2,2,0
48413,2018,5,1,1,2,2,0
48413,2018,6,2,2,2,4,0
48413,2018,7,1,1,5,5,0
48413,2019,4,1,1,2,2,0
48413,2019,8,1,1,2,2,0
48413,2019,10,2,2,3,5,0
48413,2019,12,1,1,2,2,0
48413,2020,3,1,1,3,3,0
48413,2020,7,1,1,2,2,0
48413,2020,8,2,2,3,5,0
48413,2020,9,1,1,2,2,0
48413,2020,10,1,1,2,2,0
48413,2021,12,2,2,5,9,0
48413,2022,1,1,1,2,2,0
48413,2022,3,1,1,3,3,0
48413,2022,4,1,1,2,2,0
48413,2022,5,1,1,4,4,0
48413,2022,7,1,1,2,2,0
48413,2023,1,2,2,2,4,0
48413,2023,6,1,1,16,16,0
48413,2023,7,2,2,4,6,0
48413,2023,8,2,2,11,14,0
48413,2023,9,1,1,7,7,0
48413,2023,11,1,1,2,2,0
48413,2024,2,2,2,3,5,0
48413,2024,5,1,1,4,4,0
48413,2024,6,1,1,2,2,0
48413,2024,8,2,2,4,6,0
48413,2024,10,1,1,2,2,0
48413,2024,12,2,2,2,4,0
48413,2025,2,2,2,3,6,0
48413,2025,3,1,1,2,2,0
48413,2025,11,3,3,4,8,0
48413,2025,12,1,1,5,5,0
48415,2015,8,1,1,2,2,0
48415,2015,12,1,1,2,2,0
48415,2016,1,1,1,2,2,0
48415,2016,2,1,1,2,2,0
48415,2016,10,1,1,3,3,0
48415,2017,2,1,1,2,2,0
48415,2017,3,1,1,3,3,0
48415,2017,5,1,1,2,2,0
48415,2017,6,1,1,2,2,0
48415,2017,9,1,1,2,2,0
48415,2018,5,2,2,3,5,0
48415,2018,6,1,1,2,2,0
48415,2018,7,1,1,4,4,0
48415,2019,2,1,1,2,2,0
48415,2019,6,1,1,2,2,0
48415,2019,7,2,2,2,4,0
48415,2019,8,3,3,8,15,0
48415,2019,10,1,1,2,2,0
48415,2020,3,1,1,3,3,0
48415,2020,5,1,1,2,2,0
48415,2020,7,1,1,9,9,0
48415,2020,8,2,2,5,8,0
48415,2020,10,2,2,2,4,0
48415,2020,12,1,1,2,2,0
48415,2021,4,1,1,2,2,0
48415,2021,9,1,1,2,2,0
48415,2021,10,1,1,3,3,0
48415,2021,12,4,4,5,13,0
48415,2022,3,1,1,4,4,0
48415,2022,5,2,2,7,10,0
48415,2022,6,1,1,3,3,0
48415,2022,7,1,1,3,3,0
48415,2022,8,1,1,3,3,0
48415,2023,6,2,2,6,8,0
48415,2023,7,2,2,3,6,0
48415,2023,8,2,2,12,17,0
48415,2023,9,1,1,10,10,0
48415,2023,11,1,1,3,3,0
48415,2024,2,1,1,3,3,0
48415,2024,4,1,1,2,2,0
48415,2024,7,1,1,3,3,0
48415,2024,8,2,2,9,11,0
48415,2024,10,1,1,4,4,0
48415,2025,2,1,1,3,3,0
48415,2025,3,1,1,2,2,0
48415,2025,5,1,1,2,2,0
48415,2025,11,3,3,3,8,0
48415,2025,12,1,1,4,4,0
48417,2015,1,1,1,2,2,0
48417,2015,3,2,2,2,4,0
48417,2015,10,1,1,2,2,0
48417,2016,1,1,1,2,2,0
48417,2016,2,1,1,2,2,0
48417,2016,10,1,1,2,2,0
48417,2016,11,1,1,3,3,0
48417,2017,2,2,2,2,4,0
48417,2017,3,1,1,3,3,0
48417,2017,5,1,1,2,2,0
48417,2017,11,2,2,2,4,0
48417,2018,2,1,1,2,2,0
48417,2018,5,2,2,5,5,0
48417,2018,6,0,1,5,3,0
48417,2018,7,1,1,4,4,0
48417,2019,10,2,2,4,6,0
48417,2020,3,1,1,2,2,0
48417,2020,5,2,2,3,5,0
48417,2020,7,1,1,2,2,0
48417,2020,8,2,2,5,7,0
48417,2020,10,1,1,2,2,0
48417,2020,12,1,1,2,2,0
48417,2021,10,1,1,4,4,0
48417,2021,11,1,1,2,2,0
48417,2021,12,4,4,4,12,0
48417,2022,3,1,1,3,3,0
48417,2022,4,1,1,2,2,0
48417,2022,5,3,3,4,9,0
48417,2022,6,2,2,2,4,0
48417,2022,7,3,3,5,11,0
48417,2022,8,1,1,3,3,0
48417,2023,1,2,2,3,5,0
48417,2023,2,1,1,2,2,0
48417,2023,6,2,2,6,8,0
48417,2023,7,3,3,4,9,0
48417,2023,8,3,3,14,23,0
48417,2023,9,1,1,10,10,0
48417,2023,10,2,2,3,5,0
48417,2023,11,1,1,3,3,0
48417,2024,2,2,2,3,5,0
48417,2024,5,1,1,2,2,0
48417,2024,6,1,1,3,3,0
48417,2024,8,3,3,9,14,0
48417,2024,10,2,2,5,7,0
48417,2025,2,2,2,2,4,0
48417,2025,9,1,1,2,2,0
48417,2025,10,1,1,3,3,0
48417,2025,11,3,3,3,8,0
48417,2025,12,1,1,7,7,0
48419,2015,8,1,1,2,2,0
48419,2015,10,1,1,2,2,0
48419,2015,12,2,2,5,7,0
48419,2016,3,1,1,2,2,0
48419,2016,11,1,1,4,4,0
48419,2016,12,1,1,3,3,0
48419,2017,1,1,1,2,2,0
48419,2017,2,3,3,2,6,0
48419,2017,3,1,1,2,2,0
48419,2017,10,1,1,2,2,0
48419,2017,11,1,1,5,5,0
48419,2018,3,2,2,2,4,0
48419,2018,5,2,2,3,5,0
48419,2018,7,2,2,3,5,0
48419,2019,4,1,1,2,2,0
48419,2019,10,1,1,7,7,0
48419,2020,3,1,1,4,4,4
48419,2021,12,2,2,8,10,10
48419,2022,1,0,1,8,1,1
48419,2022,3,1,1,2,2,2
48419,2022,5,1,1,4,4,4
48419,2022,6,1,1,5,5,5
48419,2022,7,2,2,5,7,7
48419,2022,12,1,1,3,3,3
48419,2023,2,1,1,2,2,2
48419,2023,6,1,1,2,2,2
48419,2023,8,4,4,5,18,18
48419,2023,9,1,1,3,3,3
48419,2023,10,1,1,2,2,2
48419,2024,2,1,1,2,2,2
48419,2025,2,1,1,3,3,3
48419,2025,3,2,2,2,4,4
48419,2025,5,1,1,2,2,2
48419,2025,11,1,1,2,2,2
48419,2025,12,1,1,3,3,3
48421,2015,1,1,1,2,2,0
48421,2015,2,1,1,4,4,0
48421,2015,9,3,3,2,6,0
48421,2015,11,1,1,2,2,0
48421,2015,12,1,1,4,4,0
48421,2016,1,1,1,2,2,0
48421,2016,2,1,1,2,2,0
48421,2016,3,1,1,2,2,0
48421,2016,7,3,3,3,8,0
48421,2016,10,2,2,3,5,0
48421,2016,11,1,1,2,2,0
48421,2017,1,1,1,2,2,0
48421,2017,2,2,2,3,5,0
48421,2017,3,1,1,3,3,0
48421,2017,6,1,1,3,3,0
48421,2017,11,1,1,2,2,0
48421,2018,4,1,1,3,3,1
48421,2018,5,1,1,3,3,0
48421,2018,7,1,1,4,4,0
48421,2018,10,1,1,3,3,0
48421,2019,3,1,1,2,2,0
48421,2019,7,1,1,4,4,0
48421,2019,8,4,4,5,11,11
48421,2020,3,1,1,2,2,2
48421,2020,7,1,1,7,7,7
48421,2020,8,1,1,2,2,2
48421,2020,10,1,1,6,6,6
48421,2020,11,1,1,2,2,2
48421,2021,9,1,1,3,3,3
48421,2021,10,1,1,2,2,2
48421,2021,11,1,1,2,2,2
48421,2021,12,3,3,4,9,9
48421,2022,3,1,1,3,3,3
48421,2022,4,1,1,2,2,2
48421,2022,5,2,2,4,7,7
48421,2022,6,1,1,3,3,3
48421,2022,7,2,2,6,8,8
48421,2023,6,1,1,2,2,2
48421,2023,7,2,2,2,4,4
48421,2023,8,3,3,6,12,12
48421,2023,9,2,2,5,8,8
48421,2023,11,1,1,3,3,3
48421,2023,12,1,1,2,2,2
48421,2024,2,2,2,3,5,5
48421,2024,5,1,1,2,2,2
48421,2024,7,2,2,3,3,3
48421,2024,8,2,3,9,13,13
48421,2024,10,2,2,5,7,7
48421,2025,2,1,1,2,2,2
48421,2025,3,1,1,5,5,5
48421,2025,4,1,1,2,2,2
48421,2025,8,1,1,3,3,3
48421,2025,10,1,1,3,3,3
48421,2025,11,1,1,3,3,3
48421,2025,12,1,1,6,6,6
48423,2015,1,1,1,2,2,0
48423,2015,8,1,1,3,3,0
48423,2015,10,2,2,5,7,0
48423,2015,12,2,2,3,5,0
48423,2016,1,1,1,3,3,0
48423,2016,3,1,1,2,2,0
48423,2016,8,1,1,2,2,0
48423,2016,10,1,1,2,2,0
48423,2016,11,2,2,2,4,0
48423,2016,12,1,1,2,2,0
48423,2017,1,2,2,4,6,0
48423,2017,2,2,2,2,4,0
48423,2017,3,1,1,3,3,0
48423,2017,10,1,1,2,2,0
48423,2017,11,1,1,5,5,0
48423,2017,12,1,1,3,3,0
48423,2018,3,1,1,2,2,0
48423,2018,5,2,2,7,10,0
48423,2018,7,2,2,5,7,0
48423,2019,9,2,2,5,7,0
48423,2019,10,1,1,6,6,0
48423,2020,3,1,1,4,4,0
48423,2021,12,2,2,8,10,0
48423,2022,1,0,1,8,1,0
48423,2022,3,1,1,2,2,0
48423,2022,6,1,1,6,6,0
48423,2022,7,1,1,5,5,0
48423,2022,11,1,1,2,2,0
48423,2022,12,1,1,2,2,0
48423,2023,1,1,1,2,2,0
48423,2023,2,1,1,2,2,0
48423,2023,7,1,1,8,2,0
48423,2023,8,2,3,10,21,0
48423,2023,9,1,1,3,3,0
48423,2023,11,1,1,2,2,0
48423,2024,2,1,1,3,3,0
48423,2024,10,2,2,7,9,0
48423,2024,12,1,1,2,2,0
48423,2025,2,1,1,4,4,0
48423,2025,3,2,2,2,4,0
48423,2025,10,2,2,2,4,0
48423,2025,11,1,1,6,6,0
48423,2025,12,2,2,3,5,0
48425,2015,1,1,1,2,2,0
48425,2015,10,2,2,2,4,0
48425,2016,11,1,1,3,3,0
48425,2017,1,1,1,2,2,1
48425,2017,2,1,1,2,2,2
48425,2017,11,2,2,2,4,1
48425,2018,7,1,1,6,6,6
48425,2019,10,2,2,2,4,0
48425,2021,12,3,3,6,11,4
48425,2022,3,1,1,2,2,0
48425,2022,5,3,3,4,9,0
48425,2022,6,4,4,4,12,3
48425,2022,7,2,2,5,9,0
48425,2023,1,2,2,2,4,0
48425,2023,2,1,1,2,2,0
48425,2023,6,1,1,5,5,0
48425,2023,7,1,1,3,3,0
48425,2023,8,3,3,4,8,0
48425,2023,9,1,1,5,5,0
48425,2023,11,1,1,2,2,0
48425,2024,2,2,2,3,5,0
48425,2024,12,1,1,2,2,0
48425,2025,3,1,1,2,2,0
48425,2025,11,1,1,2,2,0
48425,2025,12,1,1,6,6,0
48427,2015,7,1,1,3,3,0
48427,2015,10,1,1,2,2,0
48427,2015,12,2,2,3,5,0
48427,2016,1,1,1,2,1,0
48427,2016,2,0,1,2,1,0
48427,2016,7,1,1,2,2,0
48427,2016,8,1,1,3,3,0
48427,2016,9,1,1,4,4,0
48427,2016,10,2,2,5,8,0
48427,2016,11,1,1,4,4,0
48427,2017,1,2,2,4,6,0
48427,2017,2,4,4,5,12,0
48427,2017,4,1,1,3,3,0
48427,2017,6,2,2,3,6,0
48427,2017,7,1,1,2,2,0
48427,2017,8,1,1,2,2,0
48427,2017,9,1,1,2,2,0
48427,2017,10,3,3,3,7,0
48427,2017,11,2,2,6,9,0
48427,2017,12,2,2,4,6,0
48427,2018,2,1,1,3,3,0
48427,2018,3,3,3,4,9,0
48427,2018,7,3,3,3,8,0
48427,2018,8,4,4,4,11,0
48427,2018,9,1,1,4,4,0
48427,2018,10,1,1,4,4,0
48427,2018,11,1,1,4,4,0
48427,2019,4,1,1,2,2,0
48427,2019,5,1,1,2,2,0
48427,2019,6,2,2,4,7,0
48427,2019,7,2,2,6,8,0
48427,2019,8,3,3,9,16,0
48427,2019,9,2,2,4,7,0
48427,2019,10,4,4,2,8,0
48427,2019,12,1,1,4,4,0
48427,2020,1,3,3,3,7,0
48427,2020,3,1,1,4,4,0
48427,2020,4,1,1,3,3,0
48427,2020,5,1,1,2,2,0
48427,2020,7,2,2,6,8,0
48427,2020,9,1,1,3,3,0
48427,2020,10,1,1,4,4,0
48427,2021,2,1,1,2,2,0
48427,2021,4,2,2,3,5,0
48427,2021,9,2,2,3,5,0
48427,2021,10,2,2,3,5,0
48427,2021,12,3,3,3,7,0
48427,2022,1,1,1,2,2,0
48427,2022,2,1,1,2,2,0
48427,2022,7,2,2,4,6,0
48427,2022,11,1,1,2,2,0
48427,2023,1,2,2,2,4,0
48427,2023,2,2,2,5,6,0
48427,2023,3,1,2,5,5,0
48427,2023,6,2,2,12,15,0
48427,2023,7,1,1,4,4,0
48427,2023,8,3,3,8,12,0
48427,2023,9,2,2,15,18,0
48427,2023,10,1,1,5,5,0
48427,2024,5,2,2,2,4,0
48427,2024,11,1,1,5,5,0
48427,2024,12,1,1,3,2,0
48427,2025,1,1,2,3,3,0
48427,2025,2,1,1,3,3,0
48427,2025,3,1,1,3,3,0
48427,2025,4,1,1,2,2,0
48427,2025,5,2,2,3,5,0
48427,2025,11,1,1,2,2,0
48427,2025,12,2,2,4,7,0
48429,2015,1,1,1,2,2,0
48429,2015,3,1,1,2,2,0
48429,2015,10,1,1,2,2,0
48429,2016,11,1,1,3,3,0
48429,2017,2,2,2,2,4,0
48429,2017,3,1,1,4,4,0
48429,2017,5,1,1,3,3,0
48429,2017,11,2,2,2,4,0
48429,2017,12,1,1,3,3,0
48429,2018,2,1,1,2,2,0
48429,2018,5,1,1,7,6,0
48429,2018,6,2,3,7,6,0
48429,2018,7,1,1,5,5,0
48429,2019,10,2,2,4,6,0
48429,2020,3,1,1,2,2,0
48429,2020,5,1,1,3,3,0
48429,2020,7,1,1,2,2,0
48429,2020,8,2,2,5,7,0
48429,2020,10,1,1,2,2,0
48429,2020,12,1,1,2,2,0
48429,2021,11,1,1,2,2,0
48429,2021,12,4,4,6,12,0
48429,2022,3,1,1,2,2,0
48429,2022,5,4,4,6,15,0
48429,2022,6,2,2,3,6,0
48429,2022,7,4,4,4,12,0
48429,2022,8,1,1,2,2,0
48429,2023,1,2,2,2,4,0
48429,2023,2,1,1,2,2,0
48429,2023,6,2,2,5,7,0
48429,2023,7,2,2,4,7,0
48429,2023,8,3,3,13,21,0
48429,2023,9,2,2,10,12,0
48429,2023,11,1,1,3,3,0
48429,2024,2,1,1,2,2,0
48429,2024,8,2,2,7,9,0
48429,2024,10,2,2,4,6,0
48429,2025,2,3,3,4,8,0
48429,2025,3,1,1,2,2,0
48429,2025,4,1,1,2,2,0
48429,2025,9,2,2,2,4,0
48429,2025,10,2,2,3,5,0
48429,2025,11,3,3,3,7,0
48429,2025,12,1,1,7,7,0
48431,2016,10,1,1,2,2,0
48431,2016,12,1,1,2,2,0
48431,2017,1,1,1,3,3,0
48431,2017,2,1,1,2,2,0
48431,2017,3,1,1,2,2,0
48431,2017,5,1,1,6,6,0
48431,2017,6,1,1,4,4,0
48431,2017,9,2,2,3,5,0
48431,2017,11,1,1,5,5,0
48431,2018,5,1,1,2,2,2
48431,2018,7,1,1,5,5,5
48431,2019,8,2,2,3,5,5
48431,2020,3,1,1,2,2,2
48431,2020,7,1,1,5,5,5
48431,2020,8,1,1,4,4,4
48431,2020,10,1,1,2,2,2
48431,2021,10,1,1,3,3,3
48431,2021,12,3,3,4,10,10
48431,2022,3,1,1,4,4,4
48431,2022,5,2,2,3,5,5
48431,2022,6,1,1,3,3,3
48431,2022,7,3,3,3,8,8
48431,2022,8,1,1,2,2,2
48431,2023,1,1,1,2,2,2
48431,2023,2,1,1,2,2,2
48431,2023,6,2,2,6,10,10
48431,2023,7,2,2,3,6,6
48431,2023,8,2,2,13,18,18
48431,2023,9,2,2,10,12,12
48431,2023,11,1,1,2,2,2
48431,2024,2,2,2,3,5,5
48431,2024,8,2,2,8,10,10
48431,2024,10,1,1,4,4,4
48431,2025,2,1,1,3,3,3
48431,2025,3,1,1,2,2,2
48431,2025,10,1,1,2,2,2
48431,2025,11,2,2,5,7,7
48431,2025,12,1,1,6,6,6
48433,2015,1,1,1,2,2,0
48433,2015,3,2,2,2,4,0
48433,2015,10,1,1,2,2,0
48433,2016,1,1,1,2,2,0
48433,2016,2,1,1,3,3,0
48433,2016,10,2,2,3,5,0
48433,2016,11,2,2,2,4,0
48433,2017,2,2,2,2,4,0
48433,2017,3,1,1,3,3,0
48433,2017,11,2,2,2,4,0
48433,2018,1,1,1,2,2,0
48433,2018,3,1,1,2,2,0
48433,2018,5,1,1,3,2,0
48433,2018,6,0,1,3,1,0
48433,2018,7,1,1,5,5,0
48433,2019,8,3,3,3,7,0
48433,2020,3,1,1,2,2,0
48433,2020,5,1,1,2,2,0
48433,2020,7,1,1,4,4,0
48433,2020,8,1,1,3,3,0
48433,2021,4,1,1,2,2,0
48433,2021,10,1,1,4,4,0
48433,2021,11,1,1,2,2,0
48433,2021,12,4,4,4,10,0
48433,2022,3,1,1,3,3,0
48433,2022,4,1,1,2,2,0
48433,2022,5,4,4,3,11,0
48433,2022,6,1,1,2,2,0
48433,2022,7,1,1,3,3,0
48433,2022,8,1,1,3,3,0
48433,2023,1,2,2,2,4,0
48433,2023,2,1,1,2,2,0
48433,2023,6,2,2,2,4,0
48433,2023,7,1,1,2,2,0
48433,2023,8,3,3,3,7,0
48433,2023,9,2,2,5,7,0
48433,2023,11,1,1,3,3,0
48433,2024,2,2,2,2,4,0
48433,2024,8,3,3,10,14,0
48433,2024,10,1,1,4,4,0
48433,2025,2,3,3,2,6,0
48433,2025,10,1,1,3,3,0
48433,2025,11,3,3,3,7,0
48433,2025,12,1,1,6,6,0
48435,2015,8,1,1,2,2,0
48435,2015,10,1,1,2,2,0
48435,2015,12,1,1,2,2,0
48435,2016,8,1,1,3,3,0
48435,2017,2,2,2,3,5,4
48435,2017,11,1,1,5,5,5
48435,2018,5,1,1,2,2,2
48435,2018,7,1,1,6,6,6
48435,2019,8,2,2,3,5,5
48435,2019,12,1,1,2,2,2
48435,2020,3,1,1,2,2,2
48435,2020,7,1,1,4,4,4
48435,2020,8,1,1,4,4,4
48435,2020,12,1,1,2,2,2
48435,2021,11,1,1,2,2,2
48435,2021,12,4,4,10,18,18
48435,2022,1,0,1,10,1,1
48435,2022,3,1,1,4,4,4
48435,2022,5,2,2,6,8,8
48435,2022,6,1,1,3,3,3
48435,2022,7,2,2,4,6,6
48435,2023,1,2,2,2,4,4
48435,2023,2,1,1,2,2,2
48435,2023,6,2,2,6,11,11
48435,2023,7,2,2,4,7,7
48435,2023,8,2,2,14,19,19
48435,2023,9,1,1,10,10,10
48435,2023,11,1,1,2,2,2
48435,2024,2,2,2,3,5,0
48435,2024,4,1,1,2,2,0
48435,2024,5,1,1,4,4,0
48435,2024,8,1,1,3,3,0
48435,2024,10,1,1,7,7,1
48435,2024,11,1,1,2,2,0
48435,2024,12,3,3,5,10,0
48435,2025,2,2,2,4,7,1
48435,2025,3,2,2,3,5,0
48435,2025,5,2,2,4,6,0
48435,2025,11,2,2,7,11,0
48435,2025,12,2,2,4,6,0
48437,2015,2,2,2,2,4,0
48437,2016,1,1,1,2,2,0
48437,2016,7,2,2,4,6,0
48437,2016,10,1,1,3,3,0
48437,2016,11,2,2,2,4,0
48437,2017,2,2,2,2,4,0
48437,2017,3,1,1,2,2,0
48437,2018,1,2,2,2,4,0
48437,2018,3,1,1,2,2,0
48437,2018,4,1,1,2,2,0
48437,2018,5,3,3,3,8,0
48437,2018,7,1,1,5,5,0
48437,2019,7,1,1,3,3,0
48437,2019,8,4,4,4,12,0
48437,2020,3,1,1,2,2,0
48437,2020,7,2,2,6,8,0
48437,2020,8,2,2,3,5,0
48437,2020,9,1,1,2,2,0
48437,2020,10,1,1,5,5,0
48437,2020,11,1,1,2,2,0
48437,2020,12,1,1,2,2,0
48437,2021,4,1,1,2,2,0
48437,2021,9,1,1,2,2,0
48437,2021,10,1,1,3,3,0
48437,2021,11,2,2,2,4,0
48437,2021,12,3,3,3,8,0
48437,2022,3,1,1,3,3,0
48437,2022,4,1,1,2,2,0
48437,2022,5,2,2,4,6,0
48437,2022,6,1,1,4,4,0
48437,2022,7,1,1,5,5,0
48437,2023,6,1,1,2,2,0
48437,2023,7,1,1,2,2,0
48437,2023,8,3,3,5,12,0
48437,2023,9,2,2,5,7,0
48437,2023,10,1,1,2,2,0
48437,2023,11,1,1,3,3,0
48437,2024,2,2,2,3,5,0
48437,2024,7,1,1,2,2,0
48437,2024,8,4,4,10,16,0
48437,2024,9,2,2,3,5,0
48437,2024,10,1,1,5,5,0
48437,2025,2,2,2,2,4,0
48437,2025,3,1,1,2,2,0
48437,2025,4,1,1,2,2,0
48437,2025,7,1,1,2,2,0
48437,2025,8,1,1,4,4,0
48437,2025,10,1,1,3,3,0
48437,2025,11,1,1,3,3,0
48437,2025,12,2,2,6,8,0
48439,2015,1,1,1,3,3,0
48439,2015,8,1,1,2,2,0
48439,2015,9,1,1,2,2,0
48439,2015,10,1,1,5,5,0
48439,2015,12,2,2,4,6,0
48439,2016,1,1,1,3,3,0
48439,2016,2,1,1,2,2,0
48439,2016,3,1,1,2,2,0
48439,2016,11,2,2,3,5,0
48439,2016,12,1,1,2,2,0
48439,2017,1,2,2,3,4,0
48439,2017,2,3,4,3,8,0
48439,2017,3,1,1,6,6,0
48439,2017,5,1,1,2,2,0
48439,2017,11,1,1,2,2,0
48439,2017,12,1,1,3,3,0
48439,2018,5,1,1,6,6,0
48439,2018,6,2,2,4,6,0
48439,2018,7,1,1,6,6,0
48439,2019,9,1,1,2,2,0
48439,2019,10,1,1,6,6,0
48439,2020,3,2,2,3,5,0
48439,2020,8,1,1,2,2,0
48439,2020,12,1,1,2,2,0
48439,2021,10,1,1,3,3,0
48439,2021,11,1,1,2,2,0
48439,2021,12,4,4,7,18,0
48439,2022,3,1,1,3,3,0
48439,2022,5,2,2,4,6,0
48439,2022,6,2,2,7,10,0
48439,2022,7,3,3,5,10,0
48439,2022,12,1,1,2,2,0
48439,2023,1,3,3,2,6,0
48439,2023,2,1,1,2,2,0
48439,2023,6,1,1,5,5,0
48439,2023,7,3,3,8,8,0
48439,2023,8,3,4,8,20,0
48439,2023,9,1,1,6,6,0
48439,2023,10,1,1,4,4,0
48439,2023,11,1,1,3,3,0
48439,2024,1,1,1,2,2,0
48439,2024,2,2,2,3,6,0
48439,2024,5,1,1,2,2,0
48439,2024,8,1,1,2,2,0
48439,2024,10,1,1,2,2,0
48439,2024,12,1,1,3,3,0
48439,2025,2,2,2,3,5,0
48439,2025,3,2,2,3,5,0
48439,2025,4,1,1,2,2,0
48439,2025,5,1,1,2,2,0
48439,2025,9,1,1,2,2,0
48439,2025,11,2,2,6,8,0
48439,2025,12,1,1,6,6,0
48441,2015,10,1,1,4,4,0
48441,2015,12,1,1,2,2,0
48441,2016,11,1,1,2,2,0
48441,2017,2,1,1,2,2,0
48441,2017,3,1,1,4,4,0
48441,2017,5,1,1,2,2,0
48441,2017,11,1,1,2,2,0
48441,2018,5,1,1,6,6,0
48441,2018,7,1,1,5,5,0
48441,2019,8,1,1,2,2,0
48441,2019,10,2,2,3,5,0
48441,2020,5,2,2,3,6,0
48441,2020,7,1,1,4,4,0
48441,2020,8,2,2,5,7,0
48441,2020,10,1,1,2,2,0
48441,2021,4,1,1,2,2,0
48441,2021,10,1,1,3,3,0
48441,2021,12,4,4,7,15,0
48441,2022,3,1,1,4,4,0
48441,2022,5,3,3,9,16,0
48441,2022,6,3,3,6,12,0
48441,2022,7,3,3,13,19,0
48441,2022,8,0,1,13,6,0
48441,2023,1,2,2,2,4,0
48441,2023,2,1,1,2,2,0
48441,2023,6,2,2,5,7,0
48441,2023,7,2,2,4,6,0
48441,2023,8,3,3,13,22,0
48441,2023,9,1,1,10,10,0
48441,2023,10,1,1,2,2,0
48441,2023,11,1,1,3,3,0
48441,2024,2,2,2,4,6,0
48441,2024,8,3,3,10,16,0
48441,2024,10,1,1,4,4,0
48441,2025,2,1,1,3,3,0
48441,2025,3,2,2,2,4,0
48441,2025,9,2,2,2,4,0
48441,2025,10,1,1,4,4,0
48441,2025,11,2,2,6,9,0
48441,2025,12,1,1,6,6,0
48443,2015,1,2,2,2,4,0
48443,2015,3,1,1,2,2,0
48443,2015,7,1,1,3,3,0
48443,2015,8,1,1,10,10,0
48443,2015,9,2,2,5,7,0
48443,2015,10,3,3,2,6,0
48443,2015,12,1,1,4,4,0
48443,2016,1,1,1,3,2,0
48443,2016,2,1,2,3,3,0
48443,2016,4,1,1,2,2,0
48443,2016,6,1,1,2,2,0
48443,2016,7,2,2,5,9,0
48443,2016,10,1,1,2,2,0
48443,2016,11,1,1,2,2,0
48443,2017,1,2,2,2,3,0
48443,2017,2,3,4,3,8,0
48443,2017,3,2,2,2,4,0
48443,2017,6,3,3,3,7,0
48443,2017,9,1,1,2,2,0
48443,2017,10,1,1,2,2,0
48443,2017,11,1,1,7,7,0
48443,2018,3,1,1,2,2,0
48443,2018,5,1,1,5,5,0
48443,2018,6,2,2,2,4,0
48443,2018,7,2,2,3,6,0
48443,2019,2,1,1,2,2,0
48443,2019,4,1,1,2,2,0
48443,2019,7,1,1,2,2,0
48443,2019,8,3,3,9,15,0
48443,2019,9,2,2,2,4,0
48443,2019,10,2,2,2,4,0
48443,2019,12,2,2,3,5,0
48443,2020,1,1,1,2,2,0
48443,2020,3,1,1,2,2,0
48443,2020,5,2,2,3,5,0
48443,2020,7,1,1,6,6,0
48443,2020,8,2,2,2,4,0
48443,2020,9,1,1,2,2,0
48443,2020,10,1,1,3,3,0
48443,2021,11,1,1,2,2,0
48443,2021,12,4,4,4,12,0
48443,2022,3,1,1,2,2,0
48443,2022,4,1,1,2,2,0
48443,2022,5,3,3,6,12,0
48443,2022,6,2,2,4,6,0
48443,2022,7,2,2,7,10,0
48443,2023,1,1,1,2,2,0
48443,2023,6,1,1,14,14,0
48443,2023,7,2,2,4,7,0
48443,2023,8,2,2,10,12,0
48443,2023,9,1,1,2,2,0
48443,2024,2,1,1,3,3,0
48443,2024,5,1,1,12,12,0
48443,2024,6,1,1,2,2,0
48443,2024,8,1,1,3,3,0
48443,2024,10,1,1,2,2,2
48443,2024,12,1,1,2,2,0
48443,2025,2,2,2,4,6,0
48443,2025,3,1,1,2,2,0
48443,2025,4,1,1,3,3,0
48443,2025,5,3,3,5,10,0
48443,2025,8,1,1,3,3,0
48443,2025,9,2,2,2,4,0
48443,2025,10,1,1,2,2,0
48443,2025,11,2,2,4,8,0
48443,2025,12,3,3,4,8,0
48445,2015,8,1,1,2,2,0
48445,2016,1,1,1,2,2,0
48445,2016,2,1,1,3,3,0
48445,2016,7,2,2,4,8,0
48445,2016,11,1,1,2,2,0
48445,2017,2,2,2,2,4,0
48445,2017,3,2,2,3,5,0
48445,2017,6,1,1,2,2,0
48445,2017,9,1,1,2,2,0
48445,2017,11,1,1,2,2,0
48445,2017,12,1,1,2,2,0
48445,2018,2,1,1,2,2,0
48445,2018,3,1,1,2,2,0
48445,2018,4,1,1,2,2,0
48445,2018,5,2,2,8,9,0
48445,2018,6,0,1,8,2,0
48445,2018,7,1,1,5,5,0
48445,2019,7,1,1,2,2,0
48445,2019,8,2,2,4,6,0
48445,2020,3,1,1,2,2,0
48445,2020,5,1,1,2,2,0
48445,2020,7,1,1,7,7,0
48445,2020,8,1,1,5,5,0
48445,2020,10,1,1,3,3,0
48445,2020,11,1,1,2,2,0
48445,2021,10,1,1,2,2,0
48445,2021,11,1,1,2,2,0
48445,2021,12,3,3,3,7,0
48445,2022,3,1,1,3,3,0
48445,2022,4,1,1,2,2,0
48445,2022,5,1,1,3,3,0
48445,2022,6,1,1,2,2,0
48445,2022,7,1,1,3,3,0
48445,2022,8,1,1,2,2,0
48445,2023,6,2,2,2,4,0
48445,2023,7,2,2,4,7,0
48445,2023,8,3,3,4,9,0
48445,2023,9,1,1,7,7,0
48445,2023,11,1,1,3,3,0
48445,2024,2,1,1,2,2,0
48445,2024,8,2,2,5,7,0
48445,2024,10,2,2,5,7,0
48445,2025,2,3,3,4,8,0
48445,2025,4,1,1,2,2,0
48445,2025,10,1,1,2,2,0
48445,2025,11,2,2,3,5,0
48445,2025,12,3,3,3,7,0
48447,2015,3,1,1,2,2,1
48447,2015,12,1,1,2,2,1
48447,2016,1,1,1,2,2,1
48447,2016,2,1,1,2,2,0
48447,2016,11,1,1,2,2,0
48447,2016,12,1,1,2,2,0
48447,2017,2,1,1,3,3,1
48447,2017,3,1,1,3,3,1
48447,2017,11,1,1,3,3,0
48447,2018,7,1,1,5,5,0
48447,2019,4,1,1,2,2,0
48447,2020,3,1,1,4,4,2
48447,2020,8,1,1,3,3,0
48447,2020,10,2,2,2,4,0
48447,2021,10,1,1,4,4,1
48447,2021,11,1,1,3,3,1
48447,2021,12,2,2,4,6,2
48447,2022,3,1,1,3,3,0
48447,2022,5,3,3,3,7,1
48447,2022,7,1,1,4,4,1
48447,2023,1,2,2,3,6,0
48447,2023,6,2,2,6,10,0
48447,2023,7,2,2,3,6,0
48447,2023,8,4,4,6,18,0
48447,2023,9,3,3,5,10,0
48447,2023,10,2,2,3,6,0
48447,2023,11,1,1,4,4,0
48447,2024,2,2,2,2,4,4
48447,2024,8,1,1,4,4,4
48447,2024,10,1,1,4,4,4
48447,2025,3,1,1,2,2,2
48447,2025,11,1,1,6,6,6
48447,2025,12,1,1,6,6,6
48449,2015,1,1,1,2,2,0
48449,2015,3,1,1,2,2,0
48449,2015,4,1,1,2,2,0
48449,2015,7,2,2,2,4,0
48449,2015,8,1,1,2,2,0
48449,2015,10,1,1,2,2,0
48449,2015,12,2,2,2,4,0
48449,2016,1,1,1,3,2,0
48449,2016,2,1,2,3,3,0
48449,2016,3,1,1,2,2,0
48449,2016,6,2,2,3,5,0
48449,2016,7,1,1,3,3,0
48449,2016,8,1,1,5,5,0
48449,2016,10,1,1,2,2,0
48449,2016,11,2,2,4,6,0
48449,2016,12,2,2,2,4,0
48449,2017,1,1,1,4,4,0
48449,2017,2,1,1,2,2,0
48449,2017,3,1,1,2,2,0
48449,2017,10,2,2,2,4,0
48449,2017,11,1,1,5,5,0
48449,2017,12,1,1,3,3,0
48449,2018,5,1,1,5,5,0
48449,2018,7,1,1,4,4,0
48449,2018,10,1,1,4,4,0
48449,2019,9,1,1,2,2,0
48449,2019,10,1,1,3,3,0
48449,2020,3,1,1,4,4,0
48449,2020,12,1,1,2,2,0
48449,2021,2,1,1,2,2,0
48449,2021,12,3,3,4,9,0
48449,2022,5,4,4,5,13,0
48449,2022,6,1,1,5,5,5
48449,2022,7,3,3,11,25,0
48449,2022,8,2,2,4,7,0
48449,2022,9,2,2,4,6,0
48449,2022,12,1,1,2,2,0
48449,2023,1,3,3,2,6,0
48449,2023,2,1,1,2,2,0
48449,2023,5,1,1,3,3,0
48449,2023,6,2,2,3,5,0
48449,2023,8,3,3,10,17,0
48449,2023,9,2,2,2,4,0
48449,2023,10,1,1,4,4,0
48449,2023,11,1,1,3,3,0
48449,2024,2,2,2,3,6,0
48449,2024,5,1,1,2,2,0
48449,2024,10,2,2,4,6,0
48449,2025,3,1,1,2,2,0
48449,2025,7,1,1,4,3,0
48449,2025,8,1,2,4,3,0
48449,2025,10,2,2,3,6,0
48449,2025,11,2,2,7,9,0
48449,2025,12,2,2,3,5,0
48451,2015,1,1,1,2,2,0
48451,2015,3,2,2,2,4,0
48451,2015,8,1,1,6,6,0
48451,2015,9,1,1,2,2,0
48451,2015,10,1,1,2,2,0
48451,2015,12,1,1,4,4,0
48451,2016,1,1,1,3,2,0
48451,2016,2,1,2,3,3,0
48451,2016,10,1,1,3,3,0
48451,2016,11,2,2,2,4,0
48451,2017,1,1,1,2,2,0
48451,2017,2,3,3,3,7,0
48451,2017,3,1,1,6,6,0
48451,2017,5,1,1,2,2,0
48451,2017,6,1,1,3,3,0
48451,2017,7,1,1,2,2,0
48451,2017,9,2,2,3,5,0
48451,2017,11,1,1,5,5,0
48451,2017,12,1,1,3,3,0
48451,2018,3,1,1,3,3,0
48451,2018,5,1,1,5,5,0
48451,2018,6,2,2,3,5,0
48451,2018,7,2,2,7,10,0
48451,2019,6,1,1,2,2,0
48451,2019,8,4,4,7,15,0
48451,2019,9,1,1,2,2,0
48451,2019,10,1,1,7,7,0
48451,2019,12,3,3,3,7,0
48451,2020,3,1,1,3,3,0
48451,2020,4,1,1,2,2,0
48451,2020,5,2,2,3,5,0
48451,2020,6,1,1,2,1,0
48451,2020,7,1,2,7,8,0
48451,2020,8,3,3,6,11,0
48451,2020,9,0,1,6,2,0
48451,2020,10,1,1,3,3,0
48451,2020,12,1,1,2,2,0
48451,2021,4,1,1,3,3,0
48451,2021,10,2,2,3,5,0
48451,2021,11,1,1,2,2,0
48451,2021,12,4,4,8,18,0
48451,2022,3,1,1,4,4,0
48451,2022,4,1,1,2,2,0
48451,2022,5,3,3,7,13,0
48451,2022,6,2,2,3,5,0
48451,2022,7,2,2,7,9,0
48451,2022,8,1,1,2,2,0
48451,2023,1,2,2,2,4,0
48451,2023,2,1,1,2,2,0
48451,2023,6,1,1,14,14,0
48451,2023,7,1,1,11,11,0
48451,2023,8,2,2,14,19,0
48451,2023,9,2,2,10,12,0
48451,2023,11,1,1,3,3,0
48451,2024,2,2,2,4,7,0
48451,2024,5,1,1,3,3,0
48451,2024,6,1,1,2,2,0
48451,2024,7,1,1,2,2,0
48451,2024,8,2,2,9,11,0
48451,2024,10,1,1,5,5,0
48451,2024,11,1,1,2,2,0
48451,2025,2,3,3,3,7,0
48451,2025,3,3,3,2,6,0
48451,2025,4,1,1,2,2,0
48451,2025,5,1,1,3,3,0
48451,2025,11,2,2,7,10,0
48451,2025,12,2,2,6,8,0
48453,2015,1,1,1,3,3,0
48453,2015,8,1,1,3,3,0
48453,2015,10,1,1,5,5,0
48453,2016,3,1,1,2,2,0
48453,2016,11,1,1,2,2,0
48453,2017,1,1,1,3,3,0
48453,2017,2,3,3,3,7,0
48453,2017,7,1,1,2,2,0
48453,2017,11,1,1,2,2,0
48453,2018,5,1,1,6,6,0
48453,2018,7,1,1,6,6,0
48453,2019,9,1,1,3,3,0
48453,2019,10,1,1,6,6,0
48453,2020,3,1,1,4,4,0
48453,2020,7,1,1,3,3,0
48453,2020,8,1,1,3,3,0
48453,2021,12,1,1,4,3,0
48453,2022,1,0,1,4,1,0
48453,2022,2,1,1,2,2,0
48453,2022,3,1,1,3,3,0
48453,2022,4,1,1,2,2,0
48453,2022,5,3,3,8,16,0
48453,2022,6,3,3,9,15,0
48453,2022,7,3,3,7,14,0
48453,2022,8,1,1,3,3,0
48453,2022,12,1,1,3,3,0
48453,2023,1,2,2,2,4,0
48453,2023,2,1,1,2,2,0
48453,2023,6,2,2,4,7,0
48453,2023,7,2,2,15,16,0
48453,2023,8,2,3,15,24,0
48453,2023,9,2,2,10,12,0
48453,2023,10,2,2,4,6,0
48453,2024,2,1,1,3,3,0
48453,2024,5,1,1,3,3,0
48453,2024,8,1,1,3,3,0
48453,2024,10,2,2,7,13,0
48453,2024,11,1,1,2,2,0
48453,2024,12,2,2,2,4,0
48453,2025,3,2,2,3,6,0
48453,2025,4,1,1,2,2,0
48453,2025,5,2,2,5,9,0
48453,2025,9,1,1,2,2,0
48453,2025,10,1,1,3,3,0
48453,2025,11,2,2,4,6,0
48453,2025,12,2,2,2,4,0
48455,2015,1,1,1,2,2,2
48455,2015,10,1,1,4,4,4
48455,2015,12,1,1,2,2,2
48455,2016,3,1,1,2,2,2
48455,2016,11,1,1,3,3,3
48455,2017,1,1,1,3,3,3
48455,2017,2,3,3,2,6,6
48455,2017,11,1,1,4,4,4
48455,2018,5,1,1,5,5,5
48455,2019,9,1,1,2,2,2
48455,2019,10,1,1,6,6,6
48455,2020,3,1,1,3,3,3
48455,2021,12,2,2,8,10,10
48455,2022,1,0,1,8,1,1
48455,2022,3,1,1,2,2,2
48455,2022,5,1,1,2,2,2
48455,2022,6,1,1,4,4,4
48455,2022,7,1,1,5,5,5
48455,2022,11,1,1,3,3,3
48455,2022,12,1,1,4,4,4
48455,2023,2,2,2,2,4,4
48455,2023,7,1,1,8,1,1
48455,2023,8,2,3,11,24,24
48455,2023,9,2,2,5,7,7
48455,2023,10,1,1,2,2,2
48455,2023,11,1,1,2,2,2
48455,2024,2,1,1,2,2,2
48455,2024,10,1,1,2,2,2
48455,2024,12,1,1,2,2,2
48455,2025,2,1,1,3,3,3
48455,2025,3,2,2,2,4,4
48455,2025,5,1,1,2,2,2
48455,2025,10,1,1,3,3,3
48455,2025,11,1,1,5,5,5
48455,2025,12,2,2,3,5,5
48457,2015,1,1,1,2,2,0
48457,2015,7,1,1,2,2,0
48457,2015,8,1,1,4,4,0
48457,2015,10,1,1,4,4,0
48457,2015,12,2,2,5,7,0
48457,2016,1,1,1,2,2,0
48457,2016,3,1,1,3,3,0
48457,2016,4,1,1,3,3,0
48457,2016,10,2,2,3,5,0
48457,2016,11,2,2,4,6,0
48457,2016,12,1,1,5,5,0
48457,2017,1,1,1,4,4,0
48457,2017,2,3,3,2,6,0
48457,2017,3,2,2,5,7,0
48457,2017,10,2,2,2,4,0
48457,2017,11,1,1,7,7,0
48457,2018,2,1,1,2,2,0
48457,2018,3,1,1,2,2,0
48457,2018,5,2,2,5,8,0
48457,2018,10,1,1,2,2,0
48457,2018,11,1,1,2,2,0
48457,2019,9,1,1,3,3,0
48457,2019,10,1,1,6,6,0
48457,2020,3,2,2,4,6,0
48457,2020,5,1,1,2,2,0
48457,2021,3,1,1,2,2,0
48457,2021,12,3,3,8,12,0
48457,2022,1,0,1,8,1,0
48457,2022,3,1,1,2,2,0
48457,2022,5,1,1,4,4,0
48457,2022,6,2,2,5,7,0
48457,2022,7,2,2,5,8,0
48457,2022,10,1,1,2,2,0
48457,2022,11,1,1,3,3,0
48457,2022,12,1,1,4,4,0
48457,2023,1,1,1,2,2,0
48457,2023,2,1,1,7,6,0
48457,2023,3,1,2,7,3,0
48457,2023,6,1,1,5,4,0
48457,2023,7,2,3,30,17,0
48457,2023,8,0,1,30,27,0
48457,2023,9,1,1,8,8,0
48457,2023,10,2,2,2,4,0
48457,2023,11,1,1,3,3,0
48457,2024,2,1,1,3,3,0
48457,2024,5,1,1,2,2,0
48457,2024,10,2,2,4,7,0
48457,2025,2,1,1,6,6,0
48457,2025,3,3,3,2,6,0
48457,2025,4,1,1,2,2,0
48457,2025,5,1,1,2,2,0
48457,2025,10,1,1,10,10,0
48457,2025,11,1,1,5,5,0
48457,2025,12,1,1,2,2,0
48459,2015,1,1,1,2,2,0
48459,2015,10,1,1,4,4,0
48459,2015,12,2,2,3,5,0
48459,2016,1,1,1,2,2,0
48459,2016,3,1,1,3,3,0
48459,2016,11,2,2,3,5,0
48459,2016,12,1,1,2,2,0
48459,2017,1,1,1,3,3,0
48459,2017,3,1,1,4,4,0
48459,2017,10,1,1,2,2,0
48459,2017,11,1,1,4,4,0
48459,2017,12,1,1,4,4,0
48459,2018,5,1,1,4,4,0
48459,2018,7,1,1,4,4,0
48459,2019,4,1,1,3,3,0
48459,2019,9,1,1,5,5,0
48459,2019,10,2,2,3,5,0
48459,2020,3,1,1,4,4,0
48459,2021,12,3,3,9,14,0
48459,2022,1,0,1,9,1,0
48459,2022,3,1,1,2,2,0
48459,2022,6,1,1,11,11,0
48459,2022,7,3,3,3,7,0
48459,2022,12,1,1,3,3,0
48459,2023,1,3,3,3,8,0
48459,2023,2,1,1,2,2,0
48459,2023,8,2,2,11,17,0
48459,2023,9,1,1,3,3,0
48459,2023,10,1,1,3,3,0
48459,2023,11,1,1,2,2,0
48459,2024,1,1,1,2,2,0
48459,2024,2,2,2,2,4,0
48459,2024,3,1,1,2,2,0
48459,2024,12,1,1,2,2,0
48459,2025,2,1,1,3,3,0
48459,2025,3,2,2,2,4,0
48459,2025,11,1,1,5,5,0
48459,2025,12,1,1,4,4,0
48461,2015,3,1,1,2,2,0
48461,2015,8,1,1,10,10,0
48461,2016,7,2,2,4,6,0
48461,2016,10,2,2,3,5,0
48461,2016,11,1,1,2,2,0
48461,2016,12,1,1,2,2,0
48461,2017,1,1,1,2,2,0
48461,2017,2,1,1,3,3,0
48461,2017,3,1,1,3,3,0
48461,2017,6,2,2,3,4,0
48461,2017,7,0,1,2,1,0
48461,2017,9,1,1,2,2,0
48461,2017,11,1,1,6,6,0
48461,2018,3,1,1,2,2,0
48461,2018,5,1,1,7,6,0
48461,2018,6,0,1,7,1,0
48461,2018,7,1,1,2,2,0
48461,2019,4,1,1,2,2,0
48461,2019,8,3,3,3,7,0
48461,2019,10,2,2,2,4,0
48461,2019,12,1,1,2,2,0
48461,2020,3,1,1,2,2,0
48461,2020,5,2,2,2,4,0
48461,2020,6,1,1,2,2,0
48461,2020,7,1,1,7,7,0
48461,2020,8,2,2,3,4,0
48461,2020,9,0,1,2,1,0
48461,2020,10,3,3,3,8,0
48461,2020,12,1,1,2,2,0
48461,2021,10,2,2,5,7,0
48461,2021,11,1,1,2,2,0
48461,2021,12,3,3,6,14,0
48461,2022,3,1,1,4,4,2
48461,2022,5,3,3,2,6,0
48461,2022,7,3,3,3,7,2
48461,2023,2,2,2,2,4,0
48461,2023,3,1,1,2,2,0
48461,2023,6,1,1,10,10,2
48461,2023,7,3,3,3,8,5
48461,2023,8,2,2,12,17,1
48461,2023,9,2,2,11,15,2
48461,2023,11,1,1,2,2,1
48461,2024,2,1,1,2,2,2
48461,2024,4,2,2,3,5,0
48461,2024,8,2,2,3,5,0
48461,2024,11,1,1,2,2,0
48461,2025,2,3,3,3,9,1
48461,2025,4,1,1,2,2,0
48461,2025,9,1,1,2,2,0
48461,2025,11,1,1,5,5,4
48461,2025,12,1,1,6,6,6
48463,2015,1,1,1,2,2,0
48463,2016,1,1,1,2,1,0
48463,2016,2,0,1,2,1,0
48463,2016,3,1,1,2,2,0
48463,2017,1,1,1,3,3,0
48463,2017,2,2,2,2,4,0
48463,2018,7,2,2,3,6,0
48463,2019,8,2,2,5,7,0
48463,2019,9,1,1,2,2,0
48463,2019,10,2,2,2,4,0
48463,2019,12,1,1,3,3,0
48463,2020,3,1,1,3,3,0
48463,2020,7,1,1,4,4,0
48463,2020,8,1,1,3,3,0
48463,2020,10,1,1,3,3,0
48463,2021,4,1,1,2,2,0
48463,2021,12,3,3,4,8,0
48463,2022,1,0,1,4,1,0
48463,2022,2,1,1,2,2,0
48463,2022,3,1,1,5,5,0
48463,2022,5,2,2,3,5,0
48463,2022,6,1,1,3,3,0
48463,2022,7,1,1,2,2,0
48463,2023,1,2,2,2,4,0
48463,2023,2,2,2,4,5,0
48463,2023,3,1,2,4,4,0
48463,2023,6,2,2,5,9,4
48463,2023,8,2,2,10,17,0
48463,2023,9,2,2,7,9,0
48463,2024,2,1,1,2,2,0
48463,2024,8,1,1,3,3,0
48463,2024,11,1,1,2,2,0
48463,2024,12,1,1,4,4,0
48463,2025,3,3,3,3,7,0
48463,2025,4,1,1,2,2,0
48463,2025,5,1,1,2,2,0
48463,2025,11,2,2,3,5,0
48463,2025,12,2,2,4,6,0
48465,2015,1,1,1,2,2,0
48465,2015,8,1,1,8,8,0
48465,2015,10,2,2,3,5,0
48465,2015,12,2,2,3,5,0
48465,2016,1,1,1,3,2,0
48465,2016,2,0,1,3,1,0
48465,2016,3,1,1,2,2,0
48465,2016,7,1,1,2,2,0
48465,2016,8,1,1,2,2,0
48465,2016,11,1,1,2,2,0
48465,2017,1,1,1,2,2,0
48465,2017,2,2,2,3,5,0
48465,2017,3,1,1,2,2,0
48465,2017,7,1,1,2,2,0
48465,2017,9,1,1,2,2,0
48465,2017,11,1,1,2,2,0
48465,2017,12,1,1,4,4,0
48465,2018,3,2,2,2,4,0
48465,2018,5,1,1,6,6,0
48465,2018,6,2,2,2,4,0
48465,2018,7,1,1,8,8,0
48465,2018,12,1,1,2,2,0
48465,2019,2,1,1,2,2,0
48465,2019,4,1,1,2,2,0
48465,2019,8,2,2,14,16,0
48465,2019,9,1,1,3,3,0
48465,2019,10,3,3,3,7,0
48465,2019,11,1,1,2,2,0
48465,2019,12,1,1,3,3,0
48465,2020,3,1,1,3,3,0
48465,2020,4,1,1,3,3,0
48465,2020,5,1,1,2,2,0
48465,2020,6,1,1,2,2,0
48465,2020,7,2,2,6,8,0
48465,2020,8,2,2,7,9,0
48465,2020,9,0,1,7,3,0
48465,2020,10,1,1,3,3,0
48465,2020,11,1,1,2,2,0
48465,2020,12,1,1,4,4,0
48465,2021,4,1,1,2,2,0
48465,2021,9,3,3,7,12,0
48465,2021,10,3,3,2,6,0
48465,2021,11,1,1,3,3,0
48465,2021,12,4,4,5,13,0
48465,2022,1,0,1,5,2,0
48465,2022,2,1,1,2,2,0
48465,2022,3,1,1,4,4,0
48465,2022,4,2,2,3,5,0
48465,2022,5,3,3,3,7,0
48465,2022,6,2,2,3,6,0
48465,2022,7,2,2,4,7,0
48465,2022,8,1,1,2,2,0
48465,2023,1,3,3,3,7,0
48465,2023,2,2,2,4,5,0
48465,2023,3,1,2,4,4,0
48465,2023,6,2,2,6,10,0
48465,2023,7,1,1,14,14,0
48465,2023,8,2,2,18,20,0
48465,2023,9,2,2,8,11,0
48465,2023,10,1,1,4,4,0
48465,2023,11,1,1,2,2,0
48465,2024,2,2,2,3,5,0
48465,2024,3,2,2,2,3,0
48465,2024,4,0,1,2,1,0
48465,2024,5,3,3,6,11,0
48465,2024,6,1,1,2,2,0
48465,2024,8,2,2,11,13,0
48465,2024,10,3,3,8,13,0
48465,2024,11,2,2,4,7,0
48465,2024,12,3,3,3,7,0
48465,2025,2,2,2,3,5,0
48465,2025,3,3,3,3,9,0
48465,2025,4,1,1,3,3,0
48465,2025,5,1,1,4,4,0
48465,2025,9,1,1,2,2,0
48465,2025,10,1,1,2,2,0
48465,2025,11,2,2,5,9,0
48465,2025,12,1,1,4,4,0
48467,2015,1,1,1,2,2,0
48467,2015,3,1,1,2,2,0
48467,2015,10,1,1,5,5,0
48467,2015,12,2,2,4,6,0
48467,2016,1,1,1,2,2,0
48467,2016,3,1,1,2,2,0
48467,2016,11,2,2,2,4,0
48467,2016,12,1,1,2,2,0
48467,2017,1,1,1,3,3,0
48467,2017,2,1,1,2,2,0
48467,2017,3,1,1,3,3,0
48467,2017,4,1,1,2,2,0
48467,2017,11,1,1,2,2,0
48467,2017,12,1,1,3,3,0
48467,2018,5,2,2,8,11,0
48467,2018,6,2,2,3,5,0
48467,2018,7,3,3,7,13,0
48467,2019,10,1,1,7,7,0
48467,2020,3,1,1,4,4,0
48467,2020,8,1,1,2,2,0
48467,2020,12,1,1,2,2,0
48467,2021,9,1,1,2,2,0
48467,2021,10,1,1,2,2,0
48467,2021,12,4,4,5,12,0
48467,2022,3,1,1,3,3,0
48467,2022,6,3,3,7,11,0
48467,2022,7,3,3,8,18,0
48467,2022,12,1,1,3,3,0
48467,2023,1,3,3,2,6,0
48467,2023,2,1,1,2,2,0
48467,2023,8,3,3,5,12,0
48467,2023,9,2,2,4,6,0
48467,2023,10,1,1,2,2,0
48467,2024,2,2,2,2,4,0
48467,2024,10,1,1,2,2,0
48467,2024,11,1,1,2,2,0
48467,2025,3,1,1,2,2,0
48467,2025,4,1,1,2,2,2
48467,2025,10,1,1,3,3,0
48467,2025,11,2,2,5,7,7
48467,2025,12,1,1,6,6,0
48469,2015,1,1,1,2,2,0
48469,2015,7,1,1,2,2,0
48469,2015,8,1,1,4,4,0
48469,2015,10,1,1,4,4,0
48469,2015,12,1,1,3,3,0
48469,2016,3,1,1,2,2,0
48469,2016,7,1,1,3,3,0
48469,2016,8,1,1,4,4,0
48469,2016,10,2,2,3,5,0
48469,2016,11,2,2,5,7,0
48469,2016,12,1,1,3,3,0
48469,2017,1,3,3,6,9,0
48469,2017,2,4,5,3,11,0
48469,2017,3,1,1,3,3,0
48469,2017,6,1,1,3,3,0
48469,2017,7,1,1,4,4,0
48469,2017,11,1,1,5,5,0
48469,2017,12,1,1,2,2,0
48469,2018,5,2,2,7,10,0
48469,2018,6,1,1,3,3,0
48469,2018,11,1,1,2,2,0
48469,2019,8,1,1,2,2,0
48469,2019,9,2,2,4,7,0
48469,2019,10,1,1,4,4,0
48469,2019,12,1,1,2,2,0
48469,2020,1,1,1,2,2,0
48469,2020,3,1,1,5,5,0
48469,2020,4,4,4,3,9,0
48469,2020,7,1,1,2,2,0
48469,2020,8,1,1,2,2,0
48469,2020,10,1,1,3,3,0
48469,2020,11,1,1,3,3,0
48469,2021,12,5,5,5,15,0
48469,2022,1,0,1,2,1,0
48469,2022,2,1,1,2,2,0
48469,2022,3,1,1,3,3,0
48469,2022,5,4,4,6,15,0
48469,2022,6,2,2,12,16,0
48469,2022,7,2,2,3,5,0
48469,2022,10,1,1,2,2,0
48469,2022,12,1,1,5,5,0
48469,2023,1,3,3,4,9,0
48469,2023,2,2,2,4,6,0
48469,2023,3,2,2,3,5,0
48469,2023,6,3,3,5,10,0
48469,2023,7,2,2,25,12,0
48469,2023,8,1,2,25,29,0
48469,2023,9,1,2,22,16,0
48469,2023,10,1,1,4,4,0
48469,2024,3,1,1,2,2,0
48469,2024,4,1,1,2,2,0
48469,2024,5,2,2,6,8,0
48469,2024,8,1,1,2,2,0
48469,2024,10,2,2,11,14,0
48469,2024,11,3,3,7,14,0
48469,2024,12,2,2,4,8,0
48469,2025,2,1,1,6,6,0
48469,2025,3,2,2,4,7,0
48469,2025,9,1,1,3,3,0
48469,2025,10,2,2,3,5,0
48469,2025,11,2,2,7,9,0
48469,2025,12,1,1,6,6,0
48471,2015,1,1,1,2,2,0
48471,2015,8,1,1,3,3,0
48471,2015,10,1,1,5,5,0
48471,2015,12,1,1,4,4,0
48471,2016,3,1,1,2,2,0
48471,2016,11,1,1,3,3,0
48471,2016,12,1,1,3,3,0
48471,2017,1,1,1,3,3,0
48471,2017,2,3,3,3,7,0
48471,2017,11,1,1,4,4,0
48471,2018,5,2,2,3,5,0
48471,2019,9,1,1,6,6,0
48471,2019,10,1,1,6,6,0
48471,2020,3,1,1,3,3,0
48471,2020,11,1,1,2,2,0
48471,2021,9,1,1,4,4,0
48471,2021,12,4,4,7,13,0
48471,2022,1,0,1,7,1,0
48471,2022,3,1,1,2,2,0
48471,2022,5,2,2,4,6,0
48471,2022,6,3,3,9,13,0
48471,2022,7,3,3,6,14,0
48471,2022,8,2,2,2,4,0
48471,2022,11,1,1,4,4,0
48471,2022,12,1,1,5,5,0
48471,2023,1,1,1,2,2,0
48471,2023,2,2,2,4,6,0
48471,2023,3,0,1,4,1,0
48471,2023,7,3,3,17,10,0
48471,2023,8,1,2,17,26,0
48471,2023,9,1,1,8,8,0
48471,2023,10,1,1,2,2,0
48471,2024,2,1,1,2,2,0
48471,2024,5,1,1,2,2,0
48471,2024,10,2,2,3,5,0
48471,2024,12,1,1,2,2,0
48471,2025,2,1,1,6,6,0
48471,2025,3,2,2,2,4,0
48471,2025,5,1,1,3,3,0
48471,2025,10,2,2,4,7,0
48471,2025,11,1,1,5,5,0
48471,2025,12,1,1,8,8,0
48473,2015,1,1,1,2,2,2
48473,2015,8,1,1,5,5,5
48473,2015,10,1,1,5,5,5
48473,2015,12,2,2,5,8,8
48473,2016,2,1,1,2,2,2
48473,2016,3,1,1,3,3,3
48473,2016,10,2,2,4,6,6
48473,2016,11,2,2,3,5,5
48473,2016,12,1,1,4,4,4
48473,2017,1,1,1,3,3,3
48473,2017,2,3,3,3,8,8
48473,2017,3,2,2,5,8,8
48473,2017,11,1,1,6,6,6
48473,2017,12,1,1,2,2,2
48473,2018,5,2,2,6,9,9
48473,2018,11,1,1,2,2,2
48473,2019,9,1,1,5,5,5
48473,2019,10,1,1,6,6,6
48473,2020,3,1,1,5,5,5
48473,2020,12,1,1,2,2,2
48473,2021,12,4,4,9,18,18
48473,2022,1,0,1,9,1,1
48473,2022,3,1,1,3,3,3
48473,2022,5,3,3,6,13,13
48473,2022,6,3,3,9,14,14
48473,2022,7,3,3,6,12,12
48473,2022,8,1,1,2,2,2
48473,2022,11,1,1,3,3,3
48473,2022,12,1,1,5,5,5
48473,2023,1,2,2,3,5,5
48473,2023,2,2,2,3,5,5
48473,2023,3,0,1,3,1,1
48473,2023,6,2,2,4,7,7
48473,2023,7,3,3,23,9,9
48473,2023,8,1,2,23,27,27
48473,2023,9,2,2,10,12,12
48473,2023,10,2,2,2,4,4
48473,2023,11,1,1,2,2,2
48473,2024,2,1,1,3,3,3
48473,2024,5,1,1,3,3,3
48473,2024,10,3,3,6,12,12
48473,2024,11,2,2,2,4,4
48473,2024,12,1,1,3,3,3
48473,2025,2,1,1,6,6,6
48473,2025,3,2,2,4,6,6
48473,2025,4,1,1,2,2,2
48473,2025,5,2,2,3,5,5
48473,2025,10,2,2,4,7,7
48473,2025,11,2,2,9,11,11
48473,2025,12,1,1,6,6,6
48475,2015,8,1,1,2,2,0
48475,2015,12,1,1,2,2,0
48475,2016,1,1,1,2,2,0
48475,2016,2,1,1,3,3,0
48475,2016,7,2,2,4,6,0
48475,2016,10,1,1,2,2,0
48475,2016,12,1,1,2,2,0
48475,2017,2,2,2,2,4,0
48475,2017,3,2,2,4,6,0
48475,2017,9,1,1,2,2,0
48475,2017,11,1,1,4,4,0
48475,2018,1,1,1,2,2,0
48475,2018,3,1,1,2,2,0
48475,2018,5,1,1,7,6,0
48475,2018,6,0,1,7,1,0
48475,2019,4,1,1,2,2,0
48475,2019,8,3,3,3,7,0
48475,2019,12,1,1,2,2,0
48475,2020,3,1,1,2,2,0
48475,2020,4,1,1,2,2,0
48475,2020,7,1,1,7,7,0
48475,2020,8,1,1,4,4,0
48475,2020,10,1,1,3,3,0
48475,2020,11,1,1,2,2,0
48475,2021,10,1,1,3,3,0
48475,2021,11,1,1,2,2,0
48475,2021,12,2,2,5,7,0
48475,2022,3,1,1,3,3,0
48475,2022,4,1,1,2,2,0
48475,2022,5,2,2,2,4,0
48475,2023,6,1,1,9,9,0
48475,2023,7,2,2,3,5,0
48475,2023,8,2,2,4,7,0
48475,2023,9,1,1,6,6,0
48475,2023,11,1,1,3,3,0
48475,2023,12,1,1,2,2,0
48475,2024,2,2,2,2,4,0
48475,2024,8,1,1,3,3,0
48475,2024,10,1,1,3,3,0
48475,2025,2,2,2,6,8,0
48475,2025,4,1,1,2,2,0
48475,2025,11,2,2,4,7,0
48475,2025,12,1,1,3,3,0
48477,2015,1,1,1,2,2,0
48477,2015,8,1,1,3,3,0
48477,2015,10,1,1,5,5,0
48477,2015,12,2,2,5,8,0
48477,2016,2,1,1,2,2,0
48477,2016,3,1,1,3,3,0
48477,2016,10,1,1,3,3,0
48477,2016,11,2,2,3,5,0
48477,2016,12,1,1,3,3,0
48477,2017,1,1,1,4,4,0
48477,2017,2,3,3,3,8,0
48477,2017,3,2,2,5,9,0
48477,2017,11,1,1,5,5,0
48477,2018,5,2,2,2,4,0
48477,2018,11,1,1,2,2,0
48477,2019,10,1,1,6,6,0
48477,2020,3,1,1,3,3,0
48477,2021,12,4,4,6,12,0
48477,2022,1,0,1,6,1,0
48477,2022,3,1,1,2,2,0
48477,2022,5,2,2,5,7,0
48477,2022,6,1,1,4,4,0
48477,2022,7,3,3,6,14,0
48477,2022,11,1,1,3,3,0
48477,2022,12,1,1,5,5,0
48477,2023,1,1,1,3,3,0
48477,2023,2,2,2,3,5,0
48477,2023,6,1,1,2,2,0
48477,2023,8,3,3,5,14,0
48477,2023,9,2,2,5,7,0
48477,2023,10,1,1,2,2,0
48477,2024,3,1,1,2,2,0
48477,2024,5,1,1,2,2,0
48477,2024,10,2,2,3,5,0
48477,2024,11,2,2,2,4,0
48477,2024,12,1,1,2,2,0
48477,2025,2,1,1,5,5,0
48477,2025,3,1,1,2,2,0
48477,2025,5,1,1,2,2,0
48477,2025,10,2,2,2,4,0
48477,2025,11,2,2,5,7,0
48477,2025,12,1,1,6,6,0
48479,2015,7,1,1,2,2,0
48479,2015,12,2,2,2,4,0
48479,2016,1,1,1,2,1,0
48479,2016,2,0,1,2,1,0
48479,2016,3,1,1,2,2,0
48479,2016,8,1,1,3,3,0
48479,2016,11,1,1,3,3,0
48479,2017,1,1,1,3,3,0
48479,2017,2,4,4,3,9,0
48479,2017,6,1,1,2,2,0
48479,2017,7,1,1,2,2,0
48479,2017,9,1,1,2,2,0
48479,2017,11,1,1,6,6,0
48479,2018,3,2,2,2,4,0
48479,2018,7,1,1,2,2,0
48479,2019,4,1,1,2,2,0
48479,2019,6,1,1,3,3,0
48479,2019,8,1,1,9,9,0
48479,2019,11,1,1,2,1,0
48479,2019,12,1,2,3,4,0
48479,2020,1,1,1,2,2,0
48479,2020,3,1,1,3,3,0
48479,2020,7,1,1,5,5,0
48479,2020,10,1,1,2,2,0
48479,2021,2,1,1,2,2,0
48479,2021,4,1,1,2,2,0
48479,2021,9,2,2,2,4,0
48479,2021,12,5,5,4,13,0
48479,2022,1,0,1,3,1,0
48479,2022,2,1,1,2,2,0
48479,2022,3,1,1,2,2,0
48479,2022,4,1,1,2,2,0
48479,2022,5,3,3,4,8,0
48479,2022,6,1,1,2,2,0
48479,2022,7,2,2,5,8,0
48479,2022,8,1,1,2,2,0
48479,2022,11,1,1,2,2,0
48479,2023,1,3,3,2,6,0
48479,2023,2,2,2,4,4,0
48479,2023,3,2,3,4,6,0
48479,2023,6,1,1,14,14,0
48479,2023,7,1,1,13,13,0
48479,2023,8,2,2,11,15,0
48479,2023,9,3,3,4,9,0
48479,2023,10,1,1,2,2,0
48479,2024,2,1,1,3,3,0
48479,2024,5,1,1,7,7,0
48479,2024,8,1,1,3,3,0
48479,2024,10,1,1,2,2,0
48479,2024,11,2,2,5,7,0
48479,2024,12,2,2,4,6,0
48479,2025,2,1,1,4,4,0
48479,2025,3,1,1,4,4,0
48479,2025,4,1,1,3,3,0
48479,2025,5,1,1,2,2,0
48479,2025,8,2,2,3,5,0
48479,2025,9,1,1,3,3,0
48479,2025,11,2,2,7,9,0
48479,2025,12,1,1,8,8,0
48481,2015,7,1,1,2,2,0
48481,2015,8,1,1,5,5,0
48481,2015,10,1,1,5,5,0
48481,2015,12,1,1,3,3,0
48481,2016,3,1,1,2,2,0
48481,2016,7,1,1,4,4,0
48481,2016,8,1,1,2,2,0
48481,2016,11,2,2,4,6,0
48481,2016,12,1,1,5,5,0
48481,2017,1,1,1,3,3,0
48481,2017,2,3,3,3,7,0
48481,2017,3,1,1,4,4,0
48481,2017,7,1,1,2,2,0
48481,2017,11,1,1,3,3,0
48481,2017,12,1,1,3,3,0
48481,2018,5,2,2,5,8,0
48481,2018,7,1,1,2,2,0
48481,2019,10,1,1,4,4,0
48481,2020,1,1,1,2,2,0
48481,2020,3,1,1,5,5,0
48481,2020,11,1,1,2,2,0
48481,2021,12,3,3,4,7,0
48481,2022,1,0,1,4,2,0
48481,2022,5,3,3,2,6,0
48481,2022,6,1,1,10,10,0
48481,2022,7,1,1,4,4,0
48481,2022,11,1,1,2,2,0
48481,2022,12,1,1,5,5,0
48481,2023,1,2,2,3,5,0
48481,2023,2,2,2,3,5,0
48481,2023,3,2,2,3,5,0
48481,2023,6,2,2,3,5,0
48481,2023,7,3,3,5,9,0
48481,2023,8,3,4,14,18,0
48481,2023,9,0,1,14,13,0
48481,2023,10,1,1,4,4,0
48481,2024,3,1,1,2,2,0
48481,2024,5,1,1,4,4,0
48481,2024,10,3,3,4,8,0
48481,2024,12,1,1,4,4,0
48481,2025,2,1,1,4,4,0
48481,2025,3,1,1,2,2,0
48481,2025,5,1,1,3,3,0
48481,2025,9,1,1,2,2,0
48481,2025,10,2,2,4,8,0
48481,2025,11,1,1,5,5,0
48481,2025,12,1,1,6,6,0
48483,2015,1,2,2,3,5,0
48483,2015,2,1,1,2,2,0
48483,2015,4,1,1,2,2,0
48483,2015,9,1,1,2,2,1
48483,2015,10,1,1,2,2,0
48483,2016,1,1,1,2,2,0
48483,2016,10,1,1,3,3,0
48483,2016,11,2,2,2,4,0
48483,2017,2,2,2,3,5,0
48483,2017,3,1,1,2,2,0
48483,2018,2,1,1,2,2,0
48483,2018,4,1,1,2,2,0
48483,2018,7,1,1,4,4,0
48483,2020,3,1,1,2,2,2
48483,2020,7,1,1,4,4,4
48483,2020,10,1,1,2,2,2
48483,2020,12,1,1,2,2,2
48483,2021,10,1,1,3,3,3
48483,2021,12,3,3,4,11,11
48483,2022,3,1,1,2,2,2
48483,2022,4,1,1,2,2,2
48483,2022,5,3,3,4,9,9
48483,2022,6,1,1,2,2,2
48483,2022,7,1,1,2,2,2
48483,2023,1,1,1,2,2,2
48483,2023,2,1,1,2,2,2
48483,2023,6,1,1,2,2,2
48483,2023,8,1,1,3,3,3
48483,2023,9,2,2,4,6,6
48483,2023,11,1,1,3,3,3
48483,2024,2,2,2,3,5,5
48483,2024,8,2,2,3,6,6
48483,2024,10,2,2,5,7,7
48483,2025,2,2,2,2,4,4
48483,2025,3,1,1,2,2,2
48483,2025,10,1,1,3,3,3
48483,2025,11,1,1,3,3,3
48483,2025,12,1,1,6,6,6
48485,2015,1,1,1,2,2,0
48485,2015,9,1,1,2,2,0
48485,2015,10,1,1,2,2,0
48485,2016,1,1,1,2,2,0
48485,2016,11,1,1,2,2,0
48485,2017,2,2,2,2,4,0
48485,2017,3,1,1,5,5,0
48485,2017,11,2,2,2,4,0
48485,2017,12,1,1,2,2,0
48485,2018,5,1,1,2,2,0
48485,2018,6,1,1,2,2,0
48485,2018,7,1,1,5,5,0
48485,2020,3,1,1,2,2,0
48485,2020,5,1,1,3,3,0
48485,2020,12,1,1,2,2,0
48485,2021,10,1,1,3,3,0
48485,2021,12,4,4,4,11,0
48485,2022,3,1,1,2,2,0
48485,2022,4,1,1,2,2,0
48485,2022,5,2,2,2,4,0
48485,2022,6,1,1,2,2,0
48485,2022,7,1,1,4,4,0
48485,2022,8,1,1,3,3,0
48485,2022,10,1,1,2,2,0
48485,2023,1,2,2,2,4,0
48485,2023,6,3,3,3,7,0
48485,2023,7,4,4,5,7,0
48485,2023,8,3,4,6,15,0
48485,2023,9,2,2,3,5,0
48485,2023,10,1,1,3,3,0
48485,2023,11,1,1,3,3,0
48485,2024,2,2,2,3,5,0
48485,2024,8,1,1,4,4,0
48485,2024,9,1,1,2,2,0
48485,2024,10,3,3,5,10,0
48485,2025,2,2,2,2,4,0
48485,2025,3,1,1,2,2,0
48485,2025,11,2,2,3,5,0
48485,2025,12,1,1,6,6,0
48487,2015,1,1,1,2,2,2
48487,2015,10,1,1,2,2,2
48487,2015,12,1,1,2,2,2
48487,2016,1,1,1,2,2,2
48487,2016,2,1,1,2,2,2
48487,2016,11,2,2,2,4,4
48487,2017,1,1,1,2,2,2
48487,2017,2,2,2,2,4,4
48487,2017,3,1,1,3,3,3
48487,2017,12,1,1,2,2,2
48487,2018,4,1,1,2,2,2
48487,2018,5,1,1,2,2,2
48487,2018,7,1,1,4,4,4
48487,2020,3,1,1,2,2,2
48487,2020,8,1,1,2,2,2
48487,2020,12,1,1,2,2,2
48487,2021,10,1,1,3,3,3
48487,2021,12,3,3,5,12,12
48487,2022,3,1,1,3,3,3
48487,2022,4,1,1,2,2,2
48487,2022,5,2,2,3,5,5
48487,2022,6,1,1,2,2,2
48487,2022,7,1,1,3,3,3
48487,2023,1,2,2,2,4,4
48487,2023,2,1,1,2,2,2
48487,2023,6,1,1,3,3,3
48487,2023,8,3,3,5,15,15
48487,2023,9,1,1,8,8,8
48487,2023,11,1,1,3,3,3
48487,2024,2,2,2,3,5,5
48487,2024,8,2,2,3,5,5
48487,2024,10,2,2,4,6,6
48487,2025,3,1,1,2,2,2
48487,2025,10,1,1,2,2,2
48487,2025,11,2,2,6,10,10
48487,2025,12,1,1,6,6,6
48489,2015,10,1,1,2,2,0
48489,2016,10,3,3,5,10,0
48489,2016,11,2,2,4,6,0
48489,2017,2,1,1,4,4,0
48489,2017,3,1,1,2,2,0
48489,2017,4,1,1,2,2,0
48489,2017,5,1,1,3,3,0
48489,2017,6,2,2,4,6,0
48489,2017,11,1,1,4,4,4
48489,2018,5,2,2,20,11,11
48489,2018,6,0,1,20,13,13
48489,2018,7,2,2,7,9,9
48489,2018,9,1,1,2,2,2
48489,2019,6,2,2,3,5,5
48489,2019,8,1,1,10,10,10
48489,2019,10,2,2,3,5,5
48489,2019,12,1,1,2,2,2
48489,2020,3,1,1,5,5,5
48489,2020,4,1,1,2,2,2
48489,2020,5,3,3,2,6,6
48489,2020,6,1,1,2,2,2
48489,2020,7,1,1,5,5,5
48489,2020,9,1,1,2,2,2
48489,2020,10,1,1,3,3,3
48489,2021,1,2,2,2,4,0
48489,2021,4,1,1,2,2,0
48489,2021,10,1,1,2,2,0
48489,2021,12,2,2,8,8,0
48489,2022,1,0,1,8,2,0
48489,2022,5,1,1,2,2,2
48489,2022,6,1,1,2,2,0
48489,2022,11,1,1,2,2,0
48489,2023,1,1,1,3,3,0
48489,2023,2,1,1,3,3,0
48489,2023,3,2,2,3,5,0
48489,2023,6,2,2,12,14,0
48489,2023,7,4,4,2,8,0
48489,2023,8,3,3,3,8,0
48489,2023,9,2,2,8,11,0
48489,2023,10,1,1,6,6,0
48489,2023,11,1,1,2,2,0
48489,2024,2,1,1,3,3,0
48489,2024,5,4,4,7,13,0
48489,2024,6,2,2,5,8,0
48489,2024,8,1,1,2,2,0
48489,2024,11,2,2,5,7,0
48489,2024,12,1,1,2,2,0
48489,2025,3,2,2,3,5,0
48489,2025,10,2,2,5,8,0
48489,2025,11,1,1,5,5,0
48489,2025,12,2,2,3,5,0
48491,2015,1,1,1,2,2,0
48491,2015,8,1,1,3,3,0
48491,2015,10,2,2,4,6,0
48491,2015,12,1,1,2,2,0
48491,2016,3,1,1,2,2,0
48491,2016,11,1,1,2,2,0
48491,2016,12,1,1,2,2,0
48491,2017,1,1,1,4,4,0
48491,2017,2,2,2,2,4,0
48491,2017,11,1,1,2,2,0
48491,2018,5,2,2,6,8,0
48491,2018,7,1,1,7,7,0
48491,2019,9,1,1,3,3,0
48491,2019,10,1,1,6,6,0
48491,2020,3,1,1,3,3,0
48491,2020,7,1,1,2,2,0
48491,2020,8,1,1,3,3,0
48491,2020,12,1,1,2,2,0
48491,2021,12,2,2,3,4,0
48491,2022,1,0,1,3,1,0
48491,2022,3,1,1,3,3,0
48491,2022,5,2,2,5,9,0
48491,2022,6,3,3,9,15,0
48491,2022,7,3,3,6,12,0
48491,2022,8,1,1,3,3,0
48491,2022,12,1,1,3,3,0
48491,2023,1,3,3,2,6,0
48491,2023,2,1,1,2,2,0
48491,2023,6,2,2,3,6,0
48491,2023,7,2,2,16,16,0
48491,2023,8,2,3,16,26,0
48491,2023,9,1,1,10,10,0
48491,2023,10,1,1,4,4,0
48491,2024,2,1,1,3,3,0
48491,2024,3,1,1,2,2,0
48491,2024,5,1,1,3,3,0
48491,2024,8,1,1,4,4,0
48491,2024,10,2,2,8,14,0
48491,2024,11,2,2,2,4,0
48491,2024,12,1,1,3,3,0
48491,2025,2,1,1,2,2,0
48491,2025,3,2,2,4,8,0
48491,2025,4,1,1,2,2,0
48491,2025,5,2,2,4,7,0
48491,2025,10,1,1,8,8,0
48491,2025,11,2,2,4,6,0
48491,2025,12,1,1,5,5,0
48493,2015,10,1,1,3,3,0
48493,2016,3,1,1,2,2,2
48493,2016,8,1,1,2,2,0
48493,2016,10,1,1,2,2,0
48493,2016,11,1,1,2,2,0
48493,2017,1,1,1,3,3,0
48493,2017,11,1,1,3,3,0
48493,2020,3,1,1,3,3,3
48493,2020,7,1,1,2,2,2
48493,2021,12,1,1,2,1,1
48493,2022,1,0,1,2,1,1
48493,2022,3,1,1,2,2,2
48493,2022,6,1,1,3,3,3
48493,2022,7,1,1,4,4,4
48493,2023,6,2,2,3,6,6
48493,2023,7,2,2,3,5,5
48493,2023,8,3,3,11,18,18
48493,2023,9,1,1,10,10,10
48493,2024,2,1,1,2,2,2
48493,2024,8,1,1,2,2,2
48493,2024,10,1,1,3,3,3
48493,2025,3,1,1,2,2,2
48493,2025,12,1,1,2,2,2
48495,2015,9,1,1,2,2,0
48495,2016,2,1,1,3,3,0
48495,2016,7,2,2,3,6,0
48495,2016,10,1,1,2,2,0
48495,2016,11,1,1,2,2,0
48495,2016,12,1,1,2,2,0
48495,2017,1,1,1,2,2,0
48495,2017,2,2,2,2,4,0
48495,2017,3,1,1,2,2,0
48495,2017,6,1,1,3,3,0
48495,2017,11,1,1,5,5,0
48495,2018,3,1,1,2,2,0
48495,2018,5,1,1,6,6,0
48495,2019,8,2,2,2,4,0
48495,2020,7,1,1,6,6,0
48495,2020,8,1,1,4,4,0
48495,2020,10,1,1,2,2,0
48495,2020,11,1,1,2,2,0
48495,2021,10,1,1,3,3,0
48495,2021,12,2,2,5,7,0
48495,2022,3,1,1,3,3,0
48495,2022,4,1,1,3,3,0
48495,2022,6,1,1,3,3,0
48495,2023,6,1,1,10,10,3
48495,2023,8,3,3,5,12,0
48495,2023,9,2,2,7,10,0
48495,2023,11,1,1,3,3,0
48495,2023,12,1,1,2,2,0
48495,2024,2,2,2,2,4,0
48495,2024,5,1,1,2,2,0
48495,2024,8,1,1,4,4,0
48495,2024,10,1,1,3,3,0
48495,2025,2,2,2,6,8,0
48495,2025,4,1,1,2,2,0
48495,2025,11,2,2,3,5,5
48495,2025,12,1,1,5,5,5
48497,2015,1,1,1,2,2,0
48497,2015,10,1,1,2,2,0
48497,2015,12,1,1,2,2,0
48497,2016,11,1,1,2,2,0
48497,2016,12,1,1,2,2,0
48497,2017,2,2,2,2,4,0
48497,2017,3,1,1,5,5,0
48497,2017,12,1,1,3,3,0
48497,2018,5,2,2,2,4,0
48497,2018,6,2,2,3,5,0
48497,2018,7,1,1,6,6,0
48497,2019,10,1,1,2,2,0
48497,2020,3,1,1,2,2,0
48497,2020,12,1,1,2,2,0
48497,2021,12,4,4,9,15,0
48497,2022,3,1,1,3,3,0
48497,2022,5,1,1,3,3,0
48497,2022,6,2,2,3,6,0
48497,2022,7,1,1,3,3,0
48497,2023,1,2,2,2,4,0
48497,2023,2,1,1,2,2,0
48497,2023,6,2,2,6,8,0
48497,2023,7,3,3,7,6,0
48497,2023,8,3,4,7,18,0
48497,2023,9,1,1,6,6,0
48497,2023,11,1,1,3,3,0
48497,2024,2,2,2,3,5,0
48497,2024,5,1,1,2,2,0
48497,2024,8,1,1,3,3,0
48497,2025,2,1,1,2,2,0
48497,2025,11,2,2,2,4,0
48497,2025,12,1,1,6,6,0
48499,2015,1,1,1,2,2,0
48499,2015,3,1,1,2,2,0
48499,2015,10,1,1,2,2,0
48499,2015,12,2,2,4,6,0
48499,2016,1,1,1,2,2,0
48499,2016,3,1,1,2,2,0
48499,2016,11,1,1,2,2,0
48499,2016,12,1,1,4,4,0
48499,2017,1,1,1,3,3,0
48499,2017,2,1,1,2,2,0
48499,2017,3,1,1,2,2,0
48499,2017,12,1,1,2,2,0
48499,2018,5,1,1,5,5,0
48499,2018,7,1,1,4,4,0
48499,2019,10,1,1,4,4,0
48499,2020,3,1,1,4,4,0
48499,2021,12,3,3,5,10,0
48499,2022,6,2,2,3,5,0
48499,2022,7,2,2,2,4,0
48499,2023,1,2,2,2,4,0
48499,2023,8,2,2,5,9,0
48499,2023,9,1,1,2,2,0
48499,2023,10,1,1,2,2,0
48499,2024,2,2,2,2,4,0
48499,2025,3,2,2,3,5,0
48499,2025,11,1,1,4,4,0
48499,2025,12,1,1,7,7,0
48501,2015,1,1,1,2,2,0
48501,2015,3,1,1,2,2,0
48501,2015,8,2,2,2,4,0
48501,2015,9,1,1,2,2,0
48501,2015,12,1,1,2,2,0
48501,2016,1,1,1,2,2,0
48501,2016,2,1,1,3,3,0
48501,2016,7,2,2,5,8,0
48501,2016,10,1,1,3,3,0
48501,2016,11,1,1,2,2,0
48501,2017,2,2,2,2,4,0
48501,2017,3,2,2,3,5,0
48501,2017,6,1,1,2,2,0
48501,2017,10,1,1,2,2,0
48501,2017,11,1,1,4,4,0
48501,2017,12,1,1,2,2,0
48501,2018,2,1,1,2,2,0
48501,2018,3,1,1,2,2,0
48501,2018,4,1,1,2,2,0
48501,2018,5,2,2,6,10,0
48501,2018,7,1,1,2,2,0
48501,2019,3,1,1,2,2,0
48501,2019,4,1,1,2,2,0
48501,2019,7,1,1,2,2,0
48501,2019,8,3,3,4,8,0
48501,2020,3,1,1,2,2,0
48501,2020,4,1,1,2,2,0
48501,2020,5,1,1,2,2,0
48501,2020,7,1,1,7,7,0
48501,2020,8,3,3,6,10,0
48501,2020,9,1,1,2,2,0
48501,2020,10,3,3,3,7,0
48501,2020,11,2,2,2,4,0
48501,2020,12,1,1,2,2,0
48501,2021,6,1,1,3,3,0
48501,2021,9,1,1,2,2,0
48501,2021,10,1,1,2,2,0
48501,2021,11,2,2,2,4,0
48501,2021,12,3,3,4,8,0
48501,2022,3,1,1,3,3,0
48501,2022,4,1,1,3,3,0
48501,2022,6,1,1,3,3,0
48501,2022,7,1,1,3,3,0
48501,2022,8,1,1,2,2,0
48501,2023,6,1,1,4,4,0
48501,2023,7,2,2,4,7,0
48501,2023,8,3,3,5,11,0
48501,2023,9,2,2,9,11,0
48501,2023,11,2,2,3,5,0
48501,2023,12,1,1,2,2,0
48501,2024,2,2,2,2,4,0
48501,2024,8,3,3,4,8,0
48501,2024,10,2,2,5,7,0
48501,2025,2,3,3,4,8,0
48501,2025,4,1,1,2,2,0
48501,2025,8,1,1,6,6,0
48501,2025,10,1,1,3,3,0
48501,2025,11,2,2,4,6,0
48501,2025,12,3,3,6,11,0
48503,2015,1,1,1,2,2,0
48503,2015,3,1,1,2,2,0
48503,2015,10,1,1,2,2,0
48503,2016,1,1,1,2,2,0
48503,2016,2,1,1,3,3,0
48503,2016,10,1,1,2,2,0
48503,2016,11,2,2,2,4,0
48503,2016,12,1,1,2,2,0
48503,2017,1,1,1,2,2,0
48503,2017,2,2,2,2,4,0
48503,2017,3,1,1,6,6,0
48503,2017,5,1,1,3,3,0
48503,2017,11,2,2,2,4,0
48503,2017,12,1,1,3,3,0
48503,2018,1,1,1,2,2,0
48503,2018,2,1,1,2,2,0
48503,2018,5,2,2,4,6,0
48503,2018,6,1,2,4,4,0
48503,2018,7,1,1,5,5,0
48503,2019,10,2,2,3,5,0
48503,2020,3,1,1,2,2,0
48503,2020,8,1,1,3,3,0
48503,2020,12,1,1,2,2,0
48503,2021,12,2,2,4,6,0
48503,2022,3,1,1,2,2,0
48503,2022,5,2,2,4,6,0
48503,2022,6,2,2,3,5,0
48503,2022,7,1,1,3,3,0
48503,2023,1,2,2,2,4,0
48503,2023,6,2,2,6,8,0
48503,2023,7,2,2,3,5,0
48503,2023,8,4,4,6,18,0
48503,2023,9,2,2,3,5,0
48503,2023,11,1,1,3,3,0
48503,2024,2,2,2,3,5,1
48503,2024,8,1,1,4,4,0
48503,2024,10,2,2,4,6,0
48503,2025,2,1,1,2,2,0
48503,2025,10,1,1,2,2,0
48503,2025,11,3,3,2,6,0
48503,2025,12,1,1,6,6,0
48505,2015,12,1,1,2,2,0
48505,2016,4,1,1,2,2,0
48505,2016,8,1,1,3,3,0
48505,2016,10,2,2,3,5,0
48505,2016,11,1,1,4,4,0
48505,2017,1,1,1,3,3,0
48505,2017,2,1,1,2,2,0
48505,2017,4,1,1,2,2,0
48505,2017,6,2,2,2,4,0
48505,2017,9,1,1,2,2,0
48505,2023,6,1,1,4,4,4
48505,2023,8,2,2,9,12,12
48505,2023,9,1,1,3,3,3
48507,2016,11,1,1,2,2,2
48507,2017,2,1,1,2,2,2
48507,2018,7,1,1,3,3,3
48507,2020,7,1,1,3,3,3
48507,2020,10,1,1,2,2,2
48507,2021,12,3,3,3,6,6
48507,2022,1,0,1,3,1,1
48507,2022,7,2,2,5,7,7
48507,2023,6,2,2,4,8,8
48507,2023,7,2,2,3,6,6
48507,2023,8,2,2,9,12,12
48507,2023,9,1,1,7,7,7
48507,2023,11,1,1,2,2,2
48507,2024,2,1,1,2,2,2
48507,2024,8,1,1,2,2,2
48507,2024,11,1,1,2,2,2
48507,2025,3,1,1,2,2,2
48507,2025,11,2,2,4,7,7
48507,2025,12,2,2,3,5,5
