county_fips,year,county_name,heatwave_events_started,first_event_start_date,last_event_end_date,longest_event_duration_days,heatwave_days,heatwave_days_imputed
48001,2015,Anderson,10,2015-03-30,2015-12-27,5,39,0
48001,2016,Anderson,13,2016-02-19,2016-12-28,11,64,0
48001,2017,Anderson,11,2017-01-10,2017-11-17,8,55,0
48001,2018,Anderson,12,2018-03-24,2018-10-08,10,57,0
48001,2019,Anderson,7,2019-02-02,2019-12-28,7,33,0
48001,2020,Anderson,11,2020-01-14,2020-12-29,6,44,0
48001,2021,Anderson,7,2021-01-22,2021-12-29,7,26,0
48001,2022,Anderson,12,2022-04-21,2022-12-13,9,58,0
48001,2023,Anderson,12,2023-01-01,2023-12-23,14,74,0
48001,2024,Anderson,12,2024-01-23,2024-12-28,10,50,0
48001,2025,Anderson,10,2025-02-03,2025-12-27,9,47,0
48003,2015,Andrews,1,2015-09-06,2015-09-09,4,4,0
48003,2016,Andrews,4,2016-02-18,2016-11-07,12,25,0
48003,2017,Andrews,8,2017-01-10,2017-10-06,5,29,0
48003,2018,Andrews,8,2018-03-23,2018-12-01,8,33,0
48003,2019,Andrews,9,2019-01-06,2019-12-28,8,40,5
48003,2020,Andrews,7,2020-03-01,2020-08-15,5,26,0
48003,2021,Andrews,7,2021-02-02,2021-12-29,8,27,0
48003,2022,Andrews,13,2022-03-27,2023-01-04,9,64,9
48003,2023,Andrews,15,2023-01-15,2023-12-24,8,69,0
48003,2024,Andrews,14,2024-02-25,2024-12-30,9,58,6
48003,2025,Andrews,9,2025-03-25,2025-12-28,7,37,1
48005,2015,Angelina,13,2015-03-19,2015-12-26,5,44,0
48005,2016,Angelina,15,2016-01-30,2016-12-28,7,66,0
48005,2017,Angelina,13,2017-01-10,2017-11-17,13,60,0
48005,2018,Angelina,10,2018-03-16,2018-12-27,11,45,0
48005,2019,Angelina,12,2019-02-03,2019-11-30,7,49,0
48005,2020,Angelina,14,2020-01-14,2020-10-20,7,65,0
48005,2021,Angelina,13,2021-01-21,2022-01-01,9,55,0
48005,2022,Angelina,15,2022-04-30,2023-01-03,9,67,0
48005,2023,Angelina,14,2023-02-20,2023-12-24,24,97,0
48005,2024,Angelina,15,2024-02-08,2024-12-26,9,74,0
48005,2025,Angelina,12,2025-02-03,2025-12-28,8,52,0
48007,2015,Aransas,9,2015-04-06,2015-12-26,4,32,0
48007,2016,Aransas,11,2016-02-20,2016-12-29,9,51,0
48007,2017,Aransas,12,2017-01-10,2017-11-07,8,51,0
48007,2018,Aransas,11,2018-02-04,2018-12-27,6,39,0
48007,2019,Aransas,10,2019-02-03,2019-12-28,8,44,0
48007,2020,Aransas,9,2020-01-13,2020-10-22,11,50,0
48007,2021,Aransas,12,2021-01-22,2022-01-01,9,49,0
48007,2022,Aransas,8,2022-04-20,2022-12-13,13,42,0
48007,2023,Aransas,14,2023-02-21,2023-12-23,10,70,0
48007,2024,Aransas,14,2024-02-08,2024-12-26,10,70,0
48007,2025,Aransas,14,2025-02-04,2025-12-28,10,81,0
48009,2015,Archer,5,2015-02-08,2015-12-13,5,19,19
48009,2016,Archer,5,2016-02-18,2016-12-28,9,27,11
48009,2017,Archer,7,2017-01-20,2017-12-04,6,29,17
48009,2018,Archer,10,2018-03-23,2018-12-01,9,43,43
48009,2019,Archer,6,2019-01-06,2019-12-28,13,35,35
48009,2020,Archer,6,2020-01-14,2020-08-15,6,22,22
48009,2021,Archer,6,2021-01-19,2021-12-31,8,30,30
48009,2022,Archer,10,2022-04-21,2022-12-13,13,54,54
48009,2023,Archer,14,2023-01-01,2023-12-24,8,60,60
48009,2024,Archer,20,2024-01-24,2024-12-28,10,82,82
48009,2025,Archer,7,2025-01-29,2025-12-27,8,35,35
48011,2015,Armstrong,14,2015-01-26,2015-12-26,7,65,65
48011,2016,Armstrong,14,2016-02-18,2016-12-26,15,66,66
48011,2017,Armstrong,13,2017-01-10,2017-12-04,10,68,68
48011,2018,Armstrong,15,2018-03-23,2018-12-27,11,71,71
48011,2019,Armstrong,11,2019-01-06,2019-12-28,25,68,68
48011,2020,Armstrong,10,2020-03-08,2020-11-24,10,53,53
48011,2021,Armstrong,11,2021-01-21,2021-12-31,8,47,47
48011,2022,Armstrong,14,2022-04-21,2022-12-13,12,85,85
48011,2023,Armstrong,23,2023-01-01,2023-12-24,8,99,99
48011,2024,Armstrong,21,2024-01-23,2024-12-30,15,113,113
48011,2025,Armstrong,11,2025-03-02,2025-12-28,16,62,62
48013,2015,Atascosa,12,2015-03-31,2015-11-06,8,52,0
48013,2016,Atascosa,9,2016-02-19,2016-12-29,9,39,0
48013,2017,Atascosa,15,2017-01-10,2017-12-05,8,55,0
48013,2018,Atascosa,10,2018-02-15,2018-12-27,8,40,0
48013,2019,Atascosa,13,2019-01-08,2019-12-29,11,75,0
48013,2020,Atascosa,11,2020-01-14,2020-12-30,10,57,0
48013,2021,Atascosa,18,2021-01-20,2022-01-01,8,81,0
48013,2022,Atascosa,16,2022-04-11,2022-12-13,12,85,0
48013,2023,Atascosa,16,2023-02-22,2023-12-24,13,80,0
48013,2024,Atascosa,17,2024-02-09,2024-12-26,12,77,2
48013,2025,Atascosa,10,2025-02-04,2025-12-28,10,53,0
48015,2015,Austin,6,2015-04-07,2015-12-27,5,23,4
48015,2016,Austin,9,2016-01-31,2016-12-29,7,38,11
48015,2017,Austin,14,2017-01-01,2017-11-18,7,49,1
48015,2018,Austin,7,2018-03-17,2018-12-01,6,30,5
48015,2019,Austin,8,2019-02-02,2019-10-02,18,48,18
48015,2020,Austin,15,2020-01-14,2020-12-30,12,74,19
48015,2021,Austin,15,2021-01-22,2022-01-01,9,61,8
48015,2022,Austin,15,2022-04-11,2022-12-13,13,81,9
48015,2023,Austin,15,2023-01-02,2023-12-24,17,103,27
48015,2024,Austin,15,2024-01-23,2024-12-26,12,76,39
48015,2025,Austin,9,2025-02-03,2025-12-28,8,46,21
48017,2015,Bailey,4,2015-01-27,2015-10-23,7,20,0
48017,2016,Bailey,5,2016-03-13,2016-11-08,9,26,0
48017,2017,Bailey,11,2017-01-10,2017-12-04,7,46,0
48017,2018,Bailey,8,2018-02-15,2018-12-01,5,30,0
48017,2019,Bailey,10,2019-01-15,2019-12-28,10,42,0
48017,2020,Bailey,5,2020-03-11,2020-11-24,9,31,0
48017,2021,Bailey,5,2021-04-26,2021-12-26,4,17,0
48017,2022,Bailey,8,2022-06-10,2023-01-02,7,35,0
48017,2023,Bailey,13,2023-02-20,2023-12-24,11,62,0
48017,2024,Bailey,8,2024-01-24,2024-12-30,9,40,0
48017,2025,Bailey,6,2025-04-23,2025-12-28,9,31,0
48019,2015,Bandera,6,2015-03-31,2015-10-24,5,22,0
48019,2016,Bandera,10,2016-02-19,2017-01-02,13,61,0
48019,2017,Bandera,8,2017-01-10,2017-11-16,10,42,0
48019,2018,Bandera,8,2018-02-15,2018-10-09,6,33,0
48019,2019,Bandera,10,2019-01-07,2019-12-28,7,41,0
48019,2020,Bandera,6,2020-01-14,2020-10-23,9,33,0
48019,2021,Bandera,9,2021-01-22,2022-01-01,9,35,0
48019,2022,Bandera,8,2022-03-04,2022-12-14,8,38,0
48019,2023,Bandera,12,2023-03-07,2023-12-24,7,47,0
48019,2024,Bandera,18,2024-02-02,2024-12-26,11,93,79
48019,2025,Bandera,11,2025-02-04,2025-12-28,7,56,56
48021,2015,Bastrop,12,2015-03-31,2015-12-27,8,57,0
48021,2016,Bastrop,13,2016-02-19,2017-01-02,15,72,0
48021,2017,Bastrop,15,2017-01-10,2017-11-18,10,79,0
48021,2018,Bastrop,11,2018-03-25,2018-12-27,9,54,0
48021,2019,Bastrop,11,2019-01-07,2019-12-29,22,76,0
48021,2020,Bastrop,13,2020-01-14,2020-12-29,13,66,0
48021,2021,Bastrop,12,2021-01-21,2021-12-31,9,54,0
48021,2022,Bastrop,13,2022-03-04,2022-12-13,15,88,1
48021,2023,Bastrop,16,2023-01-01,2023-12-24,14,108,0
48021,2024,Bastrop,19,2024-01-23,2024-12-25,8,85,0
48021,2025,Bastrop,14,2025-02-03,2025-12-28,8,72,0
48023,2015,Baylor,12,2015-01-27,2015-12-13,6,51,0
48023,2016,Baylor,16,2016-02-18,2016-12-26,17,80,0
48023,2017,Baylor,12,2017-01-16,2017-12-04,9,61,0
48023,2018,Baylor,11,2018-03-23,2018-12-01,9,56,0
48023,2019,Baylor,9,2019-01-06,2019-12-28,12,46,0
48023,2020,Baylor,9,2020-03-01,2020-12-29,5,33,0
48023,2021,Baylor,9,2021-01-19,2021-12-31,8,40,0
48023,2022,Baylor,12,2022-04-21,2022-12-13,13,67,0
48023,2023,Baylor,13,2023-01-01,2023-12-24,10,66,0
48023,2024,Baylor,20,2024-01-24,2024-12-30,10,88,0
48023,2025,Baylor,9,2025-01-29,2025-12-28,7,39,0
48025,2015,Bee,2,2015-04-07,2015-11-06,4,7,0
48025,2016,Bee,7,2016-02-20,2016-12-29,8,32,0
48025,2017,Bee,8,2017-01-11,2017-11-18,7,30,0
48025,2018,Bee,6,2018-02-16,2018-11-08,6,23,0
48025,2019,Bee,7,2019-02-02,2019-12-29,6,30,0
48025,2020,Bee,11,2020-01-14,2020-11-15,5,38,3
48025,2021,Bee,8,2021-01-22,2022-01-01,8,34,0
48025,2022,Bee,6,2022-04-21,2022-12-14,9,30,0
48025,2023,Bee,10,2023-02-22,2023-12-24,6,46,0
48025,2024,Bee,9,2024-03-14,2024-12-18,8,40,26
48025,2025,Bee,7,2025-02-04,2025-12-28,7,36,1
48027,2015,Bell,9,2015-01-28,2015-12-26,6,34,0
48027,2016,Bell,14,2016-02-19,2016-12-29,9,73,0
48027,2017,Bell,13,2017-01-10,2017-11-17,6,52,0
48027,2018,Bell,11,2018-03-24,2018-12-27,7,46,0
48027,2019,Bell,7,2019-02-01,2019-12-28,15,39,0
48027,2020,Bell,11,2020-01-13,2020-12-29,10,52,1
48027,2021,Bell,8,2021-01-21,2021-12-31,9,37,0
48027,2022,Bell,14,2022-04-20,2022-12-13,10,71,0
48027,2023,Bell,19,2023-01-01,2023-12-24,14,104,0
48027,2024,Bell,21,2024-01-23,2024-12-30,12,97,0
48027,2025,Bell,12,2025-01-28,2025-12-28,8,54,0
48029,2015,Bexar,9,2015-03-31,2015-11-06,8,41,0
48029,2016,Bexar,12,2016-02-18,2017-01-01,13,76,0
48029,2017,Bexar,13,2017-01-10,2017-11-18,8,52,0
48029,2018,Bexar,8,2018-02-15,2018-10-08,6,30,0
48029,2019,Bexar,9,2019-01-07,2019-12-28,7,42,0
48029,2020,Bexar,6,2020-01-14,2020-10-22,10,32,0
48029,2021,Bexar,8,2021-01-23,2022-01-01,9,31,0
48029,2022,Bexar,9,2022-03-04,2022-12-13,8,38,0
48029,2023,Bexar,9,2023-03-06,2023-12-24,10,45,0
48029,2024,Bexar,16,2024-02-08,2024-12-25,7,69,0
48029,2025,Bexar,10,2025-02-03,2025-12-28,8,54,0
48031,2015,Blanco,8,2015-03-31,2015-10-24,7,32,0
48031,2016,Blanco,12,2016-02-19,2016-12-29,8,59,11
48031,2017,Blanco,11,2017-01-10,2017-12-04,8,41,0
48031,2018,Blanco,3,2018-03-24,2018-10-09,5,11,0
48031,2019,Blanco,8,2019-02-02,2019-12-29,6,32,0
48031,2020,Blanco,9,2020-03-02,2020-12-30,7,38,10
48031,2021,Blanco,11,2021-01-21,2022-01-01,8,44,27
48031,2022,Blanco,13,2022-04-29,2022-12-13,9,70,2
48031,2023,Blanco,11,2023-06-13,2023-12-24,15,85,0
48031,2024,Blanco,19,2024-02-08,2024-12-26,8,89,17
48031,2025,Blanco,13,2025-01-03,2025-12-28,8,63,53
48033,2015,Borden,5,2015-01-27,2015-09-18,4,17,6
48033,2016,Borden,9,2016-02-18,2016-12-26,9,35,14
48033,2017,Borden,6,2017-01-10,2017-10-06,5,21,2
48033,2018,Borden,8,2018-05-12,2018-12-01,5,28,5
48033,2019,Borden,5,2019-02-02,2019-12-28,12,32,0
48033,2020,Borden,7,2020-03-01,2020-12-11,8,30,1
48033,2021,Borden,6,2021-03-09,2021-12-31,9,29,1
48033,2022,Borden,15,2022-03-27,2023-01-04,13,72,9
48033,2023,Borden,16,2023-01-15,2023-12-24,8,70,16
48033,2024,Borden,15,2024-02-02,2024-12-28,16,74,26
48033,2025,Borden,6,2025-02-02,2025-12-27,6,24,6
48035,2015,Bosque,4,2015-04-07,2015-12-27,5,16,7
48035,2016,Bosque,11,2016-02-19,2016-12-29,8,49,28
48035,2017,Bosque,11,2017-01-11,2017-11-18,5,37,26
48035,2018,Bosque,7,2018-03-24,2018-12-27,7,32,22
48035,2019,Bosque,6,2019-02-01,2019-12-28,15,33,23
48035,2020,Bosque,8,2020-01-14,2020-10-23,5,27,13
48035,2021,Bosque,6,2021-01-20,2021-12-31,9,32,24
48035,2022,Bosque,9,2022-04-20,2022-12-14,9,43,26
48035,2023,Bosque,15,2023-01-16,2023-12-24,16,92,52
48035,2024,Bosque,17,2024-01-24,2024-12-28,10,70,70
48035,2025,Bosque,7,2025-02-03,2025-12-28,8,40,40
48037,2015,Bowie,7,2015-04-07,2015-12-27,7,27,0
48037,2016,Bowie,10,2016-02-19,2016-12-28,8,48,0
48037,2017,Bowie,11,2017-01-01,2017-12-21,12,49,0
48037,2018,Bowie,11,2018-01-08,2018-12-27,9,51,0
48037,2019,Bowie,6,2019-02-02,2019-12-29,13,32,0
48037,2020,Bowie,8,2020-01-14,2020-10-23,5,31,0
48037,2021,Bowie,12,2021-01-21,2022-01-01,9,52,0
48037,2022,Bowie,11,2022-04-22,2023-01-03,13,57,0
48037,2023,Bowie,14,2023-01-16,2023-12-24,8,63,0
48037,2024,Bowie,17,2024-01-23,2024-12-30,8,80,0
48037,2025,Bowie,12,2025-02-03,2025-12-28,8,54,0
48039,2015,Brazoria,12,2015-03-19,2015-12-27,7,53,0
48039,2016,Brazoria,19,2016-02-20,2016-12-29,26,119,0
48039,2017,Brazoria,15,2017-01-10,2017-11-07,9,75,0
48039,2018,Brazoria,17,2018-02-04,2018-11-08,7,71,0
48039,2019,Brazoria,13,2019-02-02,2019-11-30,11,70,0
48039,2020,Brazoria,13,2020-01-13,2020-12-30,9,65,0
48039,2021,Brazoria,18,2021-01-19,2022-01-01,9,81,0
48039,2022,Brazoria,15,2022-03-04,2022-12-13,9,60,0
48039,2023,Brazoria,17,2023-01-01,2023-12-23,13,99,0
48039,2024,Brazoria,19,2024-01-23,2024-12-28,12,94,0
48039,2025,Brazoria,12,2025-02-03,2025-12-28,12,69,0
48041,2015,Brazos,6,2015-05-08,2015-12-26,4,20,0
48041,2016,Brazos,9,2016-02-19,2016-12-28,6,39,0
48041,2017,Brazos,9,2017-01-10,2017-11-06,8,37,0
48041,2018,Brazos,5,2018-03-24,2018-12-27,4,16,0
48041,2019,Brazos,13,2019-02-01,2019-12-28,7,51,0
48041,2020,Brazos,10,2020-01-14,2020-10-22,7,42,0
48041,2021,Brazos,9,2021-01-22,2021-12-31,9,35,0
48041,2022,Brazos,13,2022-04-20,2022-12-13,14,81,1
48041,2023,Brazos,16,2023-02-20,2023-12-24,17,109,0
48041,2024,Brazos,17,2024-01-23,2024-12-26,8,72,0
48041,2025,Brazos,11,2025-02-03,2025-12-27,7,50,0
48043,2015,Brewster,9,2015-01-28,2015-12-25,6,40,0
48043,2016,Brewster,14,2016-02-18,2017-01-02,8,62,0
48043,2017,Brewster,9,2017-01-10,2017-12-04,9,44,0
48043,2018,Brewster,12,2018-02-15,2018-10-08,10,56,0
48043,2019,Brewster,12,2019-01-07,2019-12-28,12,63,0
48043,2020,Brewster,14,2020-01-15,2020-11-24,9,55,0
48043,2021,Brewster,11,2021-01-21,2022-01-01,10,49,0
48043,2022,Brewster,14,2022-04-11,2022-12-13,9,66,0
48043,2023,Brewster,15,2023-01-01,2023-12-24,24,131,0
48043,2024,Brewster,21,2024-01-31,2024-12-31,17,123,0
48043,2025,Brewster,14,2025-02-03,2025-12-28,14,94,0
48045,2015,Briscoe,10,2015-01-26,2015-12-26,5,40,0
48045,2016,Briscoe,10,2016-02-19,2016-11-17,7,42,0
48045,2017,Briscoe,12,2017-01-10,2017-12-04,7,54,0
48045,2018,Briscoe,11,2018-04-30,2018-12-01,9,48,0
48045,2019,Briscoe,11,2019-01-06,2019-12-28,9,50,0
48045,2020,Briscoe,7,2020-03-08,2020-11-24,7,31,0
48045,2021,Briscoe,10,2021-01-20,2021-12-26,5,35,0
48045,2022,Briscoe,9,2022-04-21,2022-12-10,6,37,0
48045,2023,Briscoe,8,2023-01-15,2023-12-24,8,35,0
48045,2024,Briscoe,22,2024-01-24,2024-12-31,12,114,0
48045,2025,Briscoe,12,2025-03-12,2025-12-28,11,68,0
48047,2015,Brooks,2,2015-11-05,2015-12-27,3,6,5
48047,2016,Brooks,5,2016-03-16,2016-12-29,14,33,19
48047,2017,Brooks,8,2017-01-11,2017-11-06,7,34,15
48047,2018,Brooks,4,2018-02-16,2018-11-08,5,14,10
48047,2019,Brooks,9,2019-02-03,2019-12-28,8,41,25
48047,2020,Brooks,8,2020-01-14,2020-09-04,9,41,28
48047,2021,Brooks,7,2021-01-24,2022-01-01,9,29,13
48047,2022,Brooks,8,2022-04-21,2022-12-13,8,36,27
48047,2023,Brooks,14,2023-02-21,2023-12-24,13,74,74
48047,2024,Brooks,14,2024-02-09,2024-12-17,7,56,56
48047,2025,Brooks,8,2025-02-04,2025-12-28,8,40,40
48049,2015,Brown,6,2015-01-30,2015-10-24,5,21,2
48049,2016,Brown,8,2016-03-07,2016-12-29,8,41,1
48049,2017,Brown,13,2017-01-01,2017-12-05,8,50,2
48049,2018,Brown,10,2018-03-24,2018-10-08,10,51,0
48049,2019,Brown,10,2019-01-10,2019-12-28,14,45,3
48049,2020,Brown,12,2020-01-13,2020-12-30,8,49,41
48049,2021,Brown,10,2021-01-05,2022-01-01,10,51,1
48049,2022,Brown,12,2022-03-04,2022-12-14,21,94,2
48049,2023,Brown,16,2023-01-02,2023-12-24,16,99,1
48049,2024,Brown,18,2024-01-24,2024-12-25,12,73,0
48049,2025,Brown,8,2025-02-03,2025-12-28,10,40,0
48051,2015,Burleson,3,2015-04-07,2015-12-27,5,11,0
48051,2016,Burleson,5,2016-02-20,2016-12-29,6,21,3
48051,2017,Burleson,13,2017-01-11,2017-12-22,7,58,20
48051,2019,Burleson,2,2019-02-04,2019-12-28,4,7,3
48051,2020,Burleson,9,2020-01-15,2020-12-30,12,44,1
48051,2021,Burleson,12,2021-01-19,2022-01-01,9,61,15
48051,2022,Burleson,14,2022-01-31,2022-12-13,13,79,9
48051,2023,Burleson,16,2023-01-01,2023-12-24,13,102,31
48051,2024,Burleson,14,2024-02-08,2024-12-28,8,63,12
48051,2025,Burleson,13,2025-01-02,2025-12-28,10,73,15
48053,2015,Burnet,9,2015-03-31,2015-12-26,5,33,0
48053,2016,Burnet,11,2016-02-18,2016-12-31,10,57,0
48053,2017,Burnet,15,2017-01-10,2017-12-04,10,61,0
48053,2018,Burnet,11,2018-03-03,2018-12-27,9,51,0
48053,2019,Burnet,10,2019-01-07,2019-12-28,19,66,0
48053,2020,Burnet,12,2020-01-13,2020-12-30,11,57,0
48053,2021,Burnet,9,2021-01-22,2021-12-31,9,41,0
48053,2022,Burnet,12,2022-04-11,2022-12-13,11,69,0
48053,2023,Burnet,18,2023-01-02,2023-12-24,17,111,0
48053,2024,Burnet,22,2024-01-23,2024-12-30,7,91,0
48053,2025,Burnet,10,2025-02-03,2025-12-28,8,53,0
48055,2015,Caldwell,11,2015-03-30,2015-12-26,7,44,0
48055,2016,Caldwell,10,2016-02-19,2016-12-28,8,48,0
48055,2017,Caldwell,15,2017-01-10,2017-11-17,7,61,0
48055,2018,Caldwell,13,2018-02-27,2018-10-09,11,64,0
48055,2019,Caldwell,12,2019-01-16,2019-12-28,14,71,0
48055,2020,Caldwell,11,2020-01-13,2020-10-22,11,60,0
48055,2021,Caldwell,12,2021-01-20,2021-12-31,9,52,0
48055,2022,Caldwell,13,2022-04-20,2022-12-13,12,77,0
48055,2023,Caldwell,16,2023-01-01,2023-12-23,14,103,0
48055,2024,Caldwell,19,2024-01-23,2024-12-25,7,83,0
48055,2025,Caldwell,14,2025-02-03,2025-12-27,10,74,0
48057,2015,Calhoun,6,2015-04-06,2015-12-26,4,21,0
48057,2016,Calhoun,16,2016-02-19,2016-12-28,8,79,0
48057,2017,Calhoun,16,2017-01-10,2017-11-18,9,70,0
48057,2018,Calhoun,9,2018-02-15,2018-10-09,6,35,0
48057,2019,Calhoun,12,2019-02-02,2019-10-03,10,60,0
48057,2020,Calhoun,9,2020-01-15,2020-09-04,10,47,0
48057,2021,Calhoun,12,2021-01-24,2022-01-01,9,51,0
48057,2022,Calhoun,9,2022-04-11,2022-12-13,13,46,0
48057,2023,Calhoun,13,2023-01-16,2023-12-23,10,57,0
48057,2024,Calhoun,15,2024-02-08,2024-12-26,9,66,0
48057,2025,Calhoun,11,2025-02-04,2025-12-28,10,75,0
48059,2015,Callahan,5,2015-04-01,2015-09-19,5,17,0
48059,2016,Callahan,11,2016-02-19,2016-12-26,10,49,0
48059,2017,Callahan,9,2017-01-10,2017-12-04,6,36,0
48059,2018,Callahan,9,2018-03-24,2018-10-05,7,36,0
48059,2019,Callahan,7,2019-01-06,2019-12-28,12,40,0
48059,2020,Callahan,3,2020-05-02,2020-08-15,6,14,0
48059,2021,Callahan,4,2021-03-10,2021-12-29,6,17,0
48059,2022,Callahan,11,2022-04-21,2022-12-13,20,74,0
48059,2023,Callahan,12,2023-01-15,2023-12-24,8,58,0
48059,2024,Callahan,13,2024-02-02,2024-12-25,13,58,0
48059,2025,Callahan,6,2025-02-02,2025-12-28,5,24,0
48061,2015,Cameron,9,2015-04-08,2015-12-26,6,38,0
48061,2016,Cameron,15,2016-02-20,2016-12-29,14,89,0
48061,2017,Cameron,12,2017-01-11,2017-11-06,8,61,0
48061,2018,Cameron,16,2018-02-04,2018-12-28,9,73,0
48061,2019,Cameron,16,2019-01-07,2019-10-02,9,75,0
48061,2020,Cameron,11,2020-01-13,2020-12-30,8,55,0
48061,2021,Cameron,11,2021-01-23,2022-01-01,9,47,0
48061,2022,Cameron,8,2022-04-12,2022-12-13,10,50,0
48061,2023,Cameron,18,2023-01-01,2023-10-29,16,100,0
48061,2024,Cameron,12,2024-02-09,2024-12-28,17,78,0
48061,2025,Cameron,16,2025-01-01,2025-12-28,10,82,0
48063,2015,Camp,16,2015-03-13,2015-12-28,17,88,16
48063,2016,Camp,22,2016-01-11,2016-12-27,18,116,1
48063,2017,Camp,10,2017-01-10,2017-11-18,13,54,16
48063,2018,Camp,11,2018-03-24,2018-10-09,9,56,56
48063,2019,Camp,7,2019-02-02,2019-12-29,16,44,44
48063,2020,Camp,8,2020-01-15,2020-10-22,6,28,28
48063,2021,Camp,6,2021-01-21,2022-01-01,9,29,29
48063,2022,Camp,10,2022-04-21,2023-01-03,12,57,57
48063,2023,Camp,14,2023-01-16,2023-12-24,13,69,69
48063,2024,Camp,15,2024-02-02,2024-12-30,7,74,74
48063,2025,Camp,11,2025-01-29,2025-12-28,8,50,50
48065,2015,Carson,15,2015-01-19,2015-12-23,7,66,10
48065,2016,Carson,12,2016-02-18,2016-12-25,6,50,13
48065,2017,Carson,10,2017-01-15,2017-12-04,6,41,14
48065,2018,Carson,16,2018-03-23,2018-12-27,12,97,97
48065,2019,Carson,11,2019-01-06,2019-12-28,26,77,77
48065,2020,Carson,14,2020-01-14,2020-11-24,10,72,72
48065,2021,Carson,13,2021-04-04,2021-12-31,18,72,72
48065,2022,Carson,13,2022-04-20,2023-01-03,20,96,96
48065,2023,Carson,21,2023-01-10,2023-12-24,16,115,115
48065,2024,Carson,23,2024-01-23,2024-12-31,15,133,133
48065,2025,Carson,14,2025-02-06,2025-12-28,11,76,76
48067,2015,Cass,8,2015-04-07,2015-12-28,5,31,0
48067,2016,Cass,10,2016-02-20,2016-12-29,8,47,3
48067,2017,Cass,17,2017-01-01,2017-12-22,13,68,0
48067,2018,Cass,11,2018-01-08,2018-10-10,10,58,0
48067,2019,Cass,10,2019-02-02,2019-12-29,13,68,0
48067,2020,Cass,11,2020-01-15,2020-10-23,6,45,1
48067,2021,Cass,12,2021-01-20,2022-01-01,8,55,1
48067,2022,Cass,11,2022-04-23,2023-01-03,8,56,0
48067,2023,Cass,15,2023-01-17,2023-12-25,9,71,0
48067,2024,Cass,15,2024-01-24,2024-12-31,11,69,0
48067,2025,Cass,11,2025-01-29,2025-12-28,9,55,0
48069,2015,Castro,7,2015-01-27,2015-12-24,6,33,0
48069,2016,Castro,9,2016-02-18,2016-12-25,11,42,0
48069,2017,Castro,10,2017-01-10,2017-12-04,7,47,0
48069,2018,Castro,8,2018-04-30,2018-10-05,5,31,0
48069,2019,Castro,8,2019-01-16,2019-12-28,15,47,0
48069,2020,Castro,12,2020-03-09,2020-11-24,8,55,0
48069,2021,Castro,6,2021-05-22,2021-12-27,7,26,0
48069,2022,Castro,13,2022-03-03,2022-12-10,10,59,0
48069,2023,Castro,16,2023-01-01,2023-12-24,11,86,0
48069,2024,Castro,14,2024-01-24,2024-12-30,10,68,0
48069,2025,Castro,10,2025-03-26,2025-12-28,10,54,0
48071,2015,Chambers,13,2015-03-19,2015-12-26,6,53,0
48071,2016,Chambers,13,2016-01-30,2016-12-29,9,61,0
48071,2017,Chambers,11,2017-01-10,2017-12-20,13,56,0
48071,2018,Chambers,12,2018-02-14,2018-12-27,16,66,0
48071,2019,Chambers,11,2019-02-02,2019-11-30,7,53,0
48071,2020,Chambers,14,2020-01-13,2020-12-30,9,58,0
48071,2021,Chambers,12,2021-01-19,2022-01-01,9,54,0
48071,2022,Chambers,10,2022-04-20,2023-01-04,11,45,0
48071,2023,Chambers,15,2023-01-16,2023-12-24,10,84,0
48071,2024,Chambers,14,2024-01-23,2024-12-26,14,65,0
48071,2025,Chambers,10,2025-02-03,2025-12-28,9,56,1
48073,2015,Cherokee,6,2015-07-17,2015-12-27,6,23,0
48073,2016,Cherokee,9,2016-02-20,2016-12-29,9,42,0
48073,2017,Cherokee,8,2017-01-11,2017-11-18,7,36,0
48073,2018,Cherokee,4,2018-03-17,2018-10-09,8,23,0
48073,2019,Cherokee,5,2019-02-03,2019-12-29,6,20,0
48073,2020,Cherokee,7,2020-03-02,2020-11-10,6,28,0
48073,2021,Cherokee,7,2021-01-22,2022-01-01,8,30,0
48073,2022,Cherokee,10,2022-04-22,2023-01-03,8,50,0
48073,2023,Cherokee,12,2023-01-16,2023-11-09,13,61,0
48073,2024,Cherokee,10,2024-01-24,2024-12-18,10,49,0
48073,2025,Cherokee,5,2025-02-04,2025-12-28,8,29,0
48075,2015,Childress,6,2015-01-26,2015-12-13,6,27,0
48075,2016,Childress,11,2016-01-29,2016-11-29,8,44,0
48075,2017,Childress,7,2017-01-18,2017-12-04,5,29,0
48075,2018,Childress,10,2018-04-30,2018-10-05,8,42,0
48075,2019,Childress,8,2019-01-06,2019-12-28,9,37,0
48075,2020,Childress,6,2020-05-02,2020-11-24,6,22,0
48075,2021,Childress,8,2021-04-27,2021-12-29,6,36,0
48075,2022,Childress,14,2022-04-10,2022-12-13,11,60,0
48075,2023,Childress,10,2023-01-10,2023-12-24,8,50,0
48075,2024,Childress,15,2024-01-29,2024-12-27,15,84,0
48075,2025,Childress,11,2025-01-29,2025-12-28,6,45,0
48077,2015,Clay,10,2015-01-28,2015-12-26,5,38,38
48077,2016,Clay,14,2016-02-14,2017-01-03,16,72,72
48077,2017,Clay,13,2017-01-10,2017-12-21,9,65,65
48077,2018,Clay,12,2018-03-23,2018-12-27,10,65,65
48077,2019,Clay,10,2019-01-06,2019-12-28,13,53,53
48077,2020,Clay,13,2020-01-14,2020-12-30,8,50,50
48077,2021,Clay,8,2021-01-19,2021-12-31,9,39,39
48077,2022,Clay,12,2022-04-21,2023-01-03,16,66,66
48077,2023,Clay,18,2023-01-10,2023-12-24,10,87,87
48077,2024,Clay,22,2024-01-24,2024-12-30,14,103,103
48077,2025,Clay,8,2025-01-29,2025-12-28,8,46,46
48079,2015,Cochran,5,2015-01-29,2015-12-12,5,20,0
48079,2016,Cochran,9,2016-02-19,2016-11-08,4,30,0
48079,2017,Cochran,10,2017-01-10,2017-12-04,7,41,0
48079,2018,Cochran,8,2018-03-24,2018-12-01,8,35,0
48079,2019,Cochran,8,2019-01-15,2019-12-28,9,35,0
48079,2020,Cochran,9,2020-01-14,2020-11-24,11,43,0
48079,2021,Cochran,6,2021-01-19,2021-12-29,7,23,0
48079,2022,Cochran,9,2022-05-09,2023-01-02,6,37,0
48079,2023,Cochran,12,2023-02-20,2023-12-24,7,59,0
48079,2024,Cochran,14,2024-02-01,2024-12-30,10,59,0
48079,2025,Cochran,11,2025-02-03,2025-12-28,6,46,0
48081,2015,Coke,3,2015-01-29,2015-09-19,3,9,0
48081,2016,Coke,6,2016-02-19,2016-12-31,9,32,0
48081,2017,Coke,8,2017-01-11,2017-11-17,7,34,0
48081,2018,Coke,2,2018-02-14,2018-10-03,4,7,0
48081,2019,Coke,3,2019-01-09,2019-10-02,13,22,0
48081,2020,Coke,3,2020-03-01,2020-04-08,4,10,0
48081,2021,Coke,5,2021-01-21,2021-12-28,5,18,0
48081,2022,Coke,7,2022-04-20,2022-12-12,8,30,0
48081,2023,Coke,7,2023-03-22,2023-12-24,6,27,0
48081,2024,Coke,5,2024-04-30,2024-12-25,5,17,0
48081,2025,Coke,5,2025-01-28,2025-12-28,6,21,0
48083,2015,Coleman,10,2015-01-27,2015-09-21,10,53,0
48083,2016,Coleman,20,2016-02-19,2017-01-03,12,90,0
48083,2017,Coleman,14,2017-01-10,2017-12-04,9,63,0
48083,2018,Coleman,11,2018-03-24,2018-12-27,9,61,0
48083,2019,Coleman,11,2019-01-06,2019-12-29,15,59,0
48083,2020,Coleman,9,2020-03-11,2020-12-29,8,39,0
48083,2021,Coleman,9,2021-01-22,2021-12-31,8,39,0
48083,2022,Coleman,13,2022-04-20,2022-12-13,24,90,0
48083,2023,Coleman,13,2023-01-02,2023-12-24,18,99,0
48083,2024,Coleman,20,2024-01-24,2024-12-31,16,93,0
48083,2025,Coleman,12,2025-01-29,2025-12-28,8,55,0
48085,2015,Collin,10,2015-03-13,2015-12-27,7,42,0
48085,2016,Collin,12,2016-02-19,2017-01-02,8,59,0
48085,2017,Collin,13,2017-01-10,2017-12-04,8,57,0
48085,2018,Collin,13,2018-03-23,2018-12-01,10,63,0
48085,2019,Collin,12,2019-01-06,2019-12-28,12,71,0
48085,2020,Collin,12,2020-01-14,2020-12-29,9,49,0
48085,2021,Collin,12,2021-01-19,2021-12-31,9,51,0
48085,2022,Collin,14,2022-04-20,2023-01-03,13,77,0
48085,2023,Collin,15,2023-01-15,2023-12-23,14,81,0
48085,2024,Collin,17,2024-02-01,2024-12-30,15,84,0
48085,2025,Collin,10,2025-01-28,2025-12-27,8,51,0
48087,2015,Collingsworth,9,2015-01-19,2015-12-12,7,37,0
48087,2016,Collingsworth,7,2016-02-16,2016-11-08,8,33,2
48087,2017,Collingsworth,8,2017-03-17,2017-12-04,6,32,5
48087,2018,Collingsworth,7,2018-04-30,2018-12-01,7,27,26
48087,2019,Collingsworth,8,2019-01-06,2019-12-28,9,37,37
48087,2020,Collingsworth,6,2020-03-02,2020-11-24,7,25,25
48087,2021,Collingsworth,6,2021-01-21,2021-12-31,8,26,26
48087,2022,Collingsworth,13,2022-04-21,2022-12-13,9,58,58
48087,2023,Collingsworth,12,2023-01-01,2023-12-24,8,55,55
48087,2024,Collingsworth,16,2024-01-24,2024-12-30,11,75,75
48087,2025,Collingsworth,8,2025-02-06,2025-12-28,7,38,38
48089,2015,Colorado,16,2015-04-01,2015-12-26,7,72,0
48089,2016,Colorado,20,2016-01-31,2016-12-29,13,118,0
48089,2017,Colorado,20,2017-01-10,2017-11-18,13,108,0
48089,2018,Colorado,19,2018-02-15,2018-12-27,12,102,0
48089,2019,Colorado,17,2019-02-01,2019-12-28,9,91,0
48089,2020,Colorado,14,2020-01-14,2020-12-30,11,77,0
48089,2021,Colorado,17,2021-01-20,2022-01-01,10,83,0
48089,2022,Colorado,17,2022-04-04,2022-12-14,14,94,0
48089,2023,Colorado,18,2023-01-10,2023-12-24,17,126,0
48089,2024,Colorado,23,2024-01-23,2024-12-26,11,111,0
48089,2025,Colorado,18,2025-01-03,2025-12-28,10,86,0
48091,2015,Comal,6,2015-03-30,2015-12-26,6,24,1
48091,2016,Comal,12,2016-02-18,2017-01-02,11,61,0
48091,2017,Comal,9,2017-01-11,2017-11-18,8,44,0
48091,2018,Comal,9,2018-03-24,2018-10-09,8,40,0
48091,2019,Comal,12,2019-01-07,2019-12-29,14,64,0
48091,2020,Comal,11,2020-01-14,2020-12-30,10,55,0
48091,2021,Comal,10,2021-01-22,2022-01-01,9,42,1
48091,2022,Comal,14,2022-04-21,2022-12-14,9,74,1
48091,2023,Comal,16,2023-01-02,2023-12-24,17,116,1
48091,2024,Comal,19,2024-02-08,2024-12-26,9,86,23
48091,2025,Comal,8,2025-02-04,2025-12-28,11,48,7
48093,2015,Comanche,11,2015-01-27,2015-12-24,7,48,0
48093,2016,Comanche,18,2016-01-06,2017-01-03,13,81,0
48093,2017,Comanche,9,2017-01-10,2017-12-21,7,42,0
48093,2018,Comanche,9,2018-03-23,2018-12-01,10,40,0
48093,2019,Comanche,8,2019-01-06,2019-12-28,15,50,0
48093,2020,Comanche,12,2020-01-02,2020-12-29,7,49,6
48093,2021,Comanche,8,2021-01-03,2021-12-31,9,38,0
48093,2022,Comanche,14,2022-04-10,2023-01-04,21,88,11
48093,2023,Comanche,14,2023-01-10,2023-12-24,15,95,5
48093,2024,Comanche,21,2024-01-24,2024-12-30,8,84,3
48093,2025,Comanche,7,2025-01-28,2025-12-27,8,34,0
48095,2015,Concho,3,2015-04-01,2015-09-07,3,9,0
48095,2016,Concho,6,2016-03-07,2016-12-29,7,33,0
48095,2017,Concho,8,2017-01-10,2017-12-04,7,34,0
48095,2018,Concho,8,2018-02-15,2018-10-04,8,34,0
48095,2019,Concho,5,2019-01-07,2019-10-02,13,36,0
48095,2020,Concho,9,2020-01-14,2020-10-23,6,35,0
48095,2021,Concho,6,2021-01-21,2021-12-29,6,25,0
48095,2022,Concho,9,2022-03-27,2022-12-14,18,56,0
48095,2023,Concho,9,2023-01-16,2023-12-24,13,50,0
48095,2024,Concho,11,2024-02-02,2024-12-26,4,36,0
48095,2025,Concho,4,2025-02-03,2025-12-28,7,22,0
48097,2015,Cooke,6,2015-04-01,2015-12-26,5,21,0
48097,2016,Cooke,8,2016-02-19,2016-12-26,7,33,0
48097,2017,Cooke,10,2017-01-10,2017-12-21,8,39,0
48097,2018,Cooke,11,2018-05-01,2018-12-27,8,47,0
48097,2019,Cooke,6,2019-01-06,2019-12-28,13,32,0
48097,2020,Cooke,8,2020-01-14,2020-12-29,4,26,0
48097,2021,Cooke,5,2021-01-19,2021-12-31,9,28,0
48097,2022,Cooke,11,2022-04-21,2022-12-13,8,53,0
48097,2023,Cooke,13,2023-01-01,2023-12-24,9,53,0
48097,2024,Cooke,19,2024-01-24,2024-12-28,8,78,0
48097,2025,Cooke,7,2025-04-17,2025-12-28,8,33,3
48099,2015,Coryell,12,2015-03-30,2015-12-26,5,41,0
48099,2016,Coryell,18,2016-02-19,2016-12-28,8,85,0
48099,2017,Coryell,19,2017-01-10,2017-11-17,7,83,0
48099,2018,Coryell,13,2018-03-23,2018-12-27,12,67,0
48099,2019,Coryell,14,2019-02-01,2019-12-28,10,62,0
48099,2020,Coryell,12,2020-01-13,2020-10-22,8,48,0
48099,2021,Coryell,9,2021-01-19,2021-12-31,9,41,0
48099,2022,Coryell,14,2022-04-20,2022-12-13,15,85,1
48099,2023,Coryell,16,2023-01-01,2023-12-24,14,100,0
48099,2024,Coryell,19,2024-01-23,2024-12-26,13,91,0
48099,2025,Coryell,9,2025-02-03,2025-12-28,6,39,2
48101,2015,Cottle,7,2015-01-25,2015-12-13,7,30,0
48101,2016,Cottle,9,2016-02-18,2016-11-29,8,37,0
48101,2017,Cottle,9,2017-01-20,2017-12-04,5,36,0
48101,2018,Cottle,10,2018-03-23,2018-10-06,7,45,0
48101,2019,Cottle,9,2019-01-06,2019-12-28,10,50,0
48101,2020,Cottle,10,2020-01-02,2020-11-24,7,41,0
48101,2021,Cottle,7,2021-01-19,2021-12-29,6,32,0
48101,2022,Cottle,14,2022-04-10,2022-12-13,10,67,0
48101,2023,Cottle,11,2023-01-15,2023-12-24,7,50,0
48101,2024,Cottle,13,2024-02-01,2024-12-27,6,48,0
48101,2025,Cottle,9,2025-03-27,2025-12-28,6,38,0
48103,2015,Crane,3,2015-07-26,2015-09-04,4,10,0
48103,2016,Crane,9,2016-02-19,2016-11-05,6,44,0
48103,2017,Crane,8,2017-01-11,2017-12-05,7,36,0
48103,2018,Crane,17,2018-02-14,2018-10-09,10,74,1
48103,2019,Crane,12,2019-01-10,2019-12-29,9,54,0
48103,2020,Crane,10,2020-01-09,2020-11-24,9,52,0
48103,2021,Crane,8,2021-01-22,2021-12-29,6,33,0
48103,2022,Crane,9,2022-04-11,2022-12-13,8,50,0
48103,2023,Crane,14,2023-01-02,2023-12-25,15,88,0
48103,2024,Crane,14,2024-02-02,2024-12-25,8,62,0
48103,2025,Crane,10,2025-02-04,2025-12-29,7,47,0
48105,2015,Crockett,8,2015-01-29,2015-11-27,5,33,0
48105,2016,Crockett,14,2016-02-19,2017-01-02,11,74,0
48105,2017,Crockett,13,2017-01-10,2017-12-05,8,65,0
48105,2018,Crockett,7,2018-02-14,2018-10-07,8,39,0
48105,2019,Crockett,10,2019-01-07,2019-10-03,14,58,0
48105,2020,Crockett,9,2020-01-14,2020-11-23,7,36,0
48105,2021,Crockett,8,2021-01-21,2021-12-31,10,39,0
48105,2022,Crockett,13,2022-04-20,2023-01-04,9,58,0
48105,2023,Crockett,13,2023-01-09,2023-12-23,15,80,0
48105,2024,Crockett,14,2024-02-01,2024-12-30,8,64,0
48105,2025,Crockett,10,2025-01-28,2025-12-28,7,46,1
48107,2015,Crosby,8,2015-01-19,2015-12-26,5,29,0
48107,2016,Crosby,13,2016-02-19,2016-12-26,15,68,0
48107,2017,Crosby,9,2017-01-19,2017-12-04,8,40,0
48107,2018,Crosby,11,2018-03-17,2018-10-06,12,63,0
48107,2019,Crosby,9,2019-01-07,2019-12-28,15,57,0
48107,2020,Crosby,10,2020-03-02,2020-11-24,13,56,0
48107,2021,Crosby,10,2021-01-23,2022-01-01,9,44,0
48107,2022,Crosby,14,2022-04-21,2022-12-10,9,66,0
48107,2023,Crosby,15,2023-01-01,2023-12-24,13,76,0
48107,2024,Crosby,16,2024-01-24,2024-12-30,11,79,0
48107,2025,Crosby,9,2025-02-03,2025-12-28,7,44,0
48109,2015,Culberson,9,2015-02-06,2015-12-25,7,45,0
48109,2016,Culberson,11,2016-02-11,2016-12-16,15,65,0
48109,2017,Culberson,14,2017-01-09,2017-12-30,9,72,0
48109,2018,Culberson,12,2018-01-06,2018-12-19,13,72,0
48109,2019,Culberson,13,2019-02-01,2019-10-01,6,50,0
48109,2020,Culberson,14,2020-01-13,2020-11-21,8,66,0
48109,2021,Culberson,17,2021-01-21,2021-12-30,9,73,0
48109,2022,Culberson,13,2022-03-02,2022-12-10,7,57,0
48109,2023,Culberson,17,2023-01-09,2023-12-23,15,78,0
48109,2024,Culberson,17,2024-01-30,2024-12-30,9,75,0
48109,2025,Culberson,8,2025-02-02,2025-12-27,13,53,0
48111,2015,Dallam,10,2015-01-27,2015-12-23,6,40,8
48111,2016,Dallam,3,2016-02-18,2016-07-24,3,9,1
48111,2017,Dallam,6,2017-01-21,2017-12-04,5,22,8
48111,2018,Dallam,11,2018-04-30,2018-12-27,9,52,52
48111,2019,Dallam,12,2019-01-06,2019-12-28,16,62,62
48111,2020,Dallam,11,2020-03-08,2020-11-24,7,48,43
48111,2021,Dallam,6,2021-08-11,2021-12-29,7,30,24
48111,2022,Dallam,11,2022-04-20,2022-12-10,16,72,72
48111,2023,Dallam,21,2023-01-10,2023-12-24,9,91,91
48111,2024,Dallam,20,2024-01-23,2024-12-30,15,113,113
48111,2025,Dallam,11,2025-03-02,2025-12-28,15,65,65
48113,2015,Dallas,8,2015-03-31,2015-12-26,8,35,0
48113,2016,Dallas,11,2016-02-19,2017-01-02,14,57,0
48113,2017,Dallas,15,2017-01-10,2017-12-21,8,62,0
48113,2018,Dallas,12,2018-03-23,2018-10-08,9,63,0
48113,2019,Dallas,8,2019-01-06,2019-12-28,16,48,0
48113,2020,Dallas,9,2020-01-14,2020-08-15,5,31,0
48113,2021,Dallas,8,2021-01-21,2021-12-31,9,37,0
48113,2022,Dallas,11,2022-04-21,2023-01-03,11,62,0
48113,2023,Dallas,13,2023-01-15,2023-12-24,14,67,0
48113,2024,Dallas,18,2024-02-01,2024-12-26,10,67,0
48113,2025,Dallas,6,2025-01-28,2025-12-27,8,35,0
48115,2015,Dawson,5,2015-01-28,2015-12-26,6,21,1
48115,2016,Dawson,9,2016-02-19,2016-12-31,11,39,1
48115,2017,Dawson,6,2017-01-11,2017-11-15,6,26,1
48115,2018,Dawson,9,2018-05-02,2018-12-27,8,40,16
48115,2019,Dawson,14,2019-01-06,2019-12-28,28,115,104
48115,2020,Dawson,16,2020-01-14,2020-12-30,24,105,104
48115,2021,Dawson,17,2021-01-19,2022-01-01,10,93,93
48115,2022,Dawson,17,2022-03-28,2023-01-04,27,128,128
48115,2023,Dawson,17,2023-01-10,2023-12-24,29,138,138
48115,2024,Dawson,25,2024-01-23,2024-12-31,21,157,157
48115,2025,Dawson,18,2025-02-02,2025-12-28,14,110,110
48117,2015,Deaf Smith,10,2015-01-26,2015-12-25,7,47,0
48117,2016,Deaf Smith,6,2016-02-17,2016-11-08,6,24,1
48117,2017,Deaf Smith,10,2017-01-01,2017-11-18,8,55,8
48117,2018,Deaf Smith,9,2018-03-16,2018-10-04,5,34,0
48117,2019,Deaf Smith,9,2019-01-16,2019-12-28,13,52,0
48117,2020,Deaf Smith,8,2020-03-09,2020-11-24,8,37,0
48117,2021,Deaf Smith,11,2021-01-04,2021-12-31,18,59,50
48117,2022,Deaf Smith,13,2022-04-27,2023-01-03,19,75,9
48117,2023,Deaf Smith,18,2023-01-09,2023-12-22,12,85,19
48117,2024,Deaf Smith,14,2024-01-24,2024-12-30,7,55,1
48117,2025,Deaf Smith,12,2025-04-02,2025-12-28,8,51,16
48119,2015,Delta,11,2015-03-31,2015-12-27,9,46,46
48119,2016,Delta,15,2016-02-19,2016-12-29,12,77,77
48119,2017,Delta,17,2017-01-01,2017-12-21,13,76,76
48119,2018,Delta,14,2018-03-24,2018-12-27,10,74,74
48119,2019,Delta,10,2019-02-02,2019-12-29,17,71,71
48119,2020,Delta,12,2020-01-14,2020-11-10,6,44,44
48119,2021,Delta,9,2021-01-20,2022-01-01,9,41,41
48119,2022,Delta,13,2022-04-21,2023-01-03,13,75,75
48119,2023,Delta,18,2023-01-16,2023-12-24,10,84,84
48119,2024,Delta,18,2024-01-24,2024-12-30,8,88,88
48119,2025,Delta,11,2025-01-29,2025-12-28,8,54,54
48121,2015,Denton,9,2015-03-31,2015-12-26,5,32,0
48121,2016,Denton,10,2016-02-14,2016-12-29,15,53,0
48121,2017,Denton,12,2017-01-10,2017-12-21,8,54,0
48121,2018,Denton,11,2018-05-01,2018-12-01,10,63,0
48121,2019,Denton,9,2019-01-06,2019-12-28,15,54,0
48121,2020,Denton,10,2020-01-14,2020-12-29,6,38,0
48121,2021,Denton,9,2021-01-19,2021-12-31,9,41,0
48121,2022,Denton,13,2022-04-21,2023-01-03,13,73,0
48121,2023,Denton,16,2023-01-15,2023-12-24,10,85,0
48121,2024,Denton,18,2024-02-01,2024-12-30,14,90,0
48121,2025,Denton,8,2025-01-29,2025-12-27,8,40,0
48123,2015,DeWitt,8,2015-03-31,2015-12-27,6,31,0
48123,2016,DeWitt,10,2016-02-21,2016-12-29,9,50,0
48123,2017,DeWitt,12,2017-01-11,2017-11-17,7,53,0
48123,2018,DeWitt,16,2018-03-17,2018-11-08,7,71,0
48123,2019,DeWitt,11,2019-02-01,2019-12-29,17,76,0
48123,2020,DeWitt,11,2020-01-14,2020-10-23,13,71,0
48123,2021,DeWitt,10,2021-01-22,2022-01-01,8,44,0
48123,2022,DeWitt,11,2022-04-21,2022-12-14,9,55,0
48123,2023,DeWitt,13,2023-02-21,2023-12-24,15,110,0
48123,2024,DeWitt,21,2024-01-23,2024-12-26,11,109,0
48123,2025,DeWitt,18,2025-02-04,2025-12-28,10,92,8
48125,2015,Dickens,5,2015-01-26,2015-12-12,7,21,0
48125,2016,Dickens,8,2016-02-19,2016-11-09,9,38,0
48125,2017,Dickens,8,2017-01-19,2017-11-16,8,35,0
48125,2018,Dickens,9,2018-03-24,2018-10-06,7,42,0
48125,2019,Dickens,7,2019-01-06,2019-12-29,14,40,0
48125,2020,Dickens,9,2020-03-02,2020-11-24,10,44,0
48125,2021,Dickens,8,2021-01-20,2021-12-29,6,35,0
48125,2022,Dickens,13,2022-04-21,2022-12-13,15,67,0
48125,2023,Dickens,9,2023-01-01,2023-12-24,11,44,0
48125,2024,Dickens,12,2024-01-23,2024-12-31,10,63,0
48125,2025,Dickens,6,2025-03-27,2025-12-28,6,25,0
48127,2015,Dimmit,1,2015-10-22,2015-10-24,3,3,0
48127,2016,Dimmit,7,2016-02-19,2017-01-02,11,41,0
48127,2017,Dimmit,3,2017-01-13,2017-07-25,5,14,0
48127,2018,Dimmit,7,2018-02-16,2018-10-09,9,38,0
48127,2019,Dimmit,9,2019-01-07,2019-12-28,14,51,0
48127,2020,Dimmit,7,2020-01-09,2020-10-23,6,27,2
48127,2021,Dimmit,6,2021-01-21,2022-01-01,10,31,0
48127,2022,Dimmit,14,2022-03-04,2022-12-13,9,68,0
48127,2023,Dimmit,17,2023-02-22,2023-12-24,14,95,0
48127,2024,Dimmit,18,2024-02-09,2024-12-26,9,91,0
48127,2025,Dimmit,10,2025-02-04,2025-12-29,11,62,0
48129,2015,Donley,7,2015-01-26,2015-12-24,7,30,1
48129,2016,Donley,7,2016-02-19,2016-11-08,6,26,0
48129,2017,Donley,7,2017-01-19,2017-12-04,7,35,22
48129,2018,Donley,16,2018-03-23,2018-12-27,11,80,80
48129,2019,Donley,13,2019-01-06,2019-12-28,26,73,73
48129,2020,Donley,10,2020-01-14,2020-11-24,10,52,52
48129,2021,Donley,13,2021-01-19,2021-12-31,8,64,64
48129,2022,Donley,15,2022-04-21,2022-12-13,13,89,89
48129,2023,Donley,21,2023-01-01,2023-12-24,13,110,110
48129,2024,Donley,21,2024-01-23,2024-12-31,15,118,118
48129,2025,Donley,11,2025-02-06,2025-12-28,16,67,67
48131,2015,Duval,8,2015-03-30,2015-12-27,7,33,0
48131,2016,Duval,8,2016-02-19,2016-12-29,6,35,1
48131,2017,Duval,12,2017-01-11,2017-11-18,7,47,0
48131,2018,Duval,2,2018-02-16,2018-10-10,6,10,0
48131,2019,Duval,10,2019-02-02,2019-12-29,7,44,0
48131,2020,Duval,8,2020-01-14,2020-11-15,9,40,0
48131,2021,Duval,9,2021-01-23,2022-01-01,9,43,0
48131,2022,Duval,8,2022-04-21,2022-12-14,9,43,0
48131,2023,Duval,12,2023-02-21,2023-12-24,10,77,0
48131,2024,Duval,16,2024-02-09,2024-12-26,9,75,0
48131,2025,Duval,14,2025-02-04,2025-12-28,11,84,0
48133,2015,Eastland,13,2015-01-28,2015-12-26,8,59,59
48133,2016,Eastland,15,2016-02-19,2017-01-03,15,91,91
48133,2017,Eastland,15,2017-01-10,2017-12-21,9,73,73
48133,2018,Eastland,14,2018-03-23,2018-12-27,16,86,86
48133,2019,Eastland,11,2019-01-06,2019-12-28,14,65,65
48133,2020,Eastland,13,2020-01-14,2020-12-30,10,56,56
48133,2021,Eastland,10,2021-01-20,2021-12-31,8,45,45
48133,2022,Eastland,13,2022-04-11,2023-01-03,24,88,88
48133,2023,Eastland,19,2023-01-10,2023-12-24,15,120,120
48133,2024,Eastland,24,2024-01-24,2024-12-30,16,113,113
48133,2025,Eastland,11,2025-01-29,2025-12-28,9,60,60
48135,2015,Ector,7,2015-01-28,2015-10-23,6,29,0
48135,2016,Ector,15,2016-02-18,2017-01-02,12,69,0
48135,2017,Ector,13,2017-01-10,2017-12-05,9,58,0
48135,2018,Ector,11,2018-02-14,2018-10-05,9,45,0
48135,2019,Ector,11,2019-01-06,2019-12-28,9,65,0
48135,2020,Ector,8,2020-03-08,2020-11-09,10,41,0
48135,2021,Ector,7,2021-01-21,2021-12-31,9,34,0
48135,2022,Ector,12,2022-04-10,2023-01-03,19,76,0
48135,2023,Ector,16,2023-01-09,2023-12-24,15,103,0
48135,2024,Ector,21,2024-01-31,2024-12-30,18,101,0
48135,2025,Ector,15,2025-02-02,2025-12-28,15,80,0
48137,2015,Edwards,9,2015-01-19,2015-11-06,5,34,1
48137,2016,Edwards,9,2016-02-18,2016-12-30,8,47,0
48137,2017,Edwards,13,2017-01-10,2017-11-18,7,52,16
48137,2018,Edwards,10,2018-01-08,2018-12-27,7,35,0
48137,2019,Edwards,6,2019-01-05,2019-12-28,8,34,0
48137,2020,Edwards,8,2020-01-13,2020-11-24,11,40,0
48137,2021,Edwards,8,2021-01-22,2021-12-31,10,36,0
48137,2022,Edwards,5,2022-04-21,2023-01-03,9,23,4
48137,2023,Edwards,13,2023-01-05,2023-12-24,9,57,0
48137,2024,Edwards,16,2024-02-08,2024-12-26,7,69,11
48137,2025,Edwards,7,2025-02-01,2025-12-28,8,37,11
48139,2015,Ellis,9,2015-01-27,2015-12-26,4,31,0
48139,2016,Ellis,11,2016-02-19,2017-01-02,8,45,0
48139,2017,Ellis,13,2017-01-10,2017-12-21,8,57,0
48139,2018,Ellis,10,2018-03-24,2018-12-01,8,46,0
48139,2019,Ellis,6,2019-01-05,2019-12-28,15,38,0
48139,2020,Ellis,9,2020-01-14,2020-12-29,5,31,0
48139,2021,Ellis,11,2021-01-22,2021-12-31,9,45,0
48139,2022,Ellis,12,2022-04-10,2023-01-03,13,74,0
48139,2023,Ellis,14,2023-01-15,2023-12-23,14,70,0
48139,2024,Ellis,14,2024-01-24,2024-12-30,11,62,0
48139,2025,Ellis,8,2025-01-28,2025-12-27,9,44,0
48141,2015,El Paso,2,2015-01-29,2015-10-20,3,6,0
48141,2016,El Paso,3,2016-11-01,2017-01-02,5,12,0
48141,2017,El Paso,13,2017-01-13,2017-12-05,8,59,0
48141,2018,El Paso,15,2018-02-03,2018-12-19,7,66,0
48141,2019,El Paso,20,2019-01-09,2019-12-16,10,84,0
48141,2020,El Paso,13,2020-01-15,2020-11-24,6,46,0
48141,2021,El Paso,4,2021-02-02,2021-12-28,5,15,0
48141,2022,El Paso,8,2022-01-08,2023-01-03,8,32,0
48141,2023,El Paso,10,2023-01-15,2023-12-24,12,53,0
48141,2024,El Paso,10,2024-01-30,2024-12-07,7,41,0
48141,2025,El Paso,17,2025-02-10,2025-12-29,14,80,0
48143,2015,Erath,11,2015-01-27,2015-12-26,6,44,0
48143,2016,Erath,12,2016-02-18,2017-01-02,11,64,3
48143,2017,Erath,13,2017-01-10,2017-12-21,9,58,1
48143,2018,Erath,12,2018-03-23,2018-12-01,10,63,0
48143,2019,Erath,7,2019-01-06,2019-12-28,15,38,0
48143,2020,Erath,11,2020-01-13,2020-09-01,6,41,0
48143,2021,Erath,10,2021-01-21,2021-12-31,9,41,0
48143,2022,Erath,11,2022-04-20,2022-12-13,21,81,0
48143,2023,Erath,14,2023-01-01,2023-12-24,14,87,1
48143,2024,Erath,21,2024-01-24,2024-12-30,8,84,0
48143,2025,Erath,5,2025-02-03,2025-12-27,6,24,0
48145,2015,Falls,5,2015-04-07,2015-12-27,4,17,0
48145,2016,Falls,5,2016-07-03,2016-12-29,7,28,28
48145,2017,Falls,10,2017-01-10,2017-11-17,8,38,38
48145,2018,Falls,8,2018-03-24,2018-12-27,10,33,33
48145,2019,Falls,7,2019-02-01,2019-12-28,14,41,41
48145,2020,Falls,8,2020-01-14,2020-10-22,9,37,37
48145,2021,Falls,7,2021-01-21,2021-12-31,9,32,32
48145,2022,Falls,9,2022-04-21,2022-12-13,20,63,63
48145,2023,Falls,14,2023-01-01,2023-12-24,15,83,83
48145,2024,Falls,15,2024-01-24,2024-12-26,10,67,67
48145,2025,Falls,6,2025-02-03,2025-12-28,8,34,34
48147,2015,Fannin,9,2015-03-31,2015-12-27,9,41,0
48147,2016,Fannin,12,2016-02-19,2016-12-29,6,51,0
48147,2017,Fannin,13,2017-01-19,2017-12-21,8,49,0
48147,2018,Fannin,9,2018-06-10,2018-12-27,7,40,0
48147,2019,Fannin,9,2019-02-02,2019-12-28,15,51,0
48147,2020,Fannin,6,2020-01-14,2020-11-10,5,21,0
48147,2021,Fannin,11,2021-01-21,2021-12-31,9,47,0
48147,2022,Fannin,15,2022-04-21,2023-01-03,8,71,0
48147,2023,Fannin,14,2023-01-16,2023-12-25,7,60,0
48147,2024,Fannin,22,2024-01-24,2024-12-30,16,113,1
48147,2025,Fannin,8,2025-02-02,2025-12-28,8,44,0
48149,2015,Fayette,13,2015-03-17,2015-12-27,5,48,0
48149,2016,Fayette,12,2016-02-20,2016-12-29,13,53,0
48149,2017,Fayette,10,2017-01-10,2017-11-07,8,40,0
48149,2018,Fayette,5,2018-03-24,2018-12-27,4,17,0
48149,2019,Fayette,10,2019-02-02,2019-12-28,17,57,0
48149,2020,Fayette,12,2020-01-14,2020-10-22,13,61,0
48149,2021,Fayette,14,2021-01-22,2021-12-31,9,59,0
48149,2022,Fayette,11,2022-04-11,2022-12-13,9,56,0
48149,2023,Fayette,13,2023-01-01,2023-12-24,15,87,0
48149,2024,Fayette,15,2024-01-23,2024-12-26,8,66,0
48149,2025,Fayette,11,2025-02-03,2025-12-28,7,50,7
48151,2015,Fisher,6,2015-02-08,2015-12-12,6,27,1
48151,2016,Fisher,10,2016-02-18,2017-01-02,15,54,1
48151,2017,Fisher,14,2017-01-10,2017-12-04,8,59,1
48151,2018,Fisher,15,2018-01-09,2018-12-27,12,85,2
48151,2019,Fisher,7,2019-02-02,2019-12-28,13,43,15
48151,2020,Fisher,6,2020-03-11,2020-11-22,6,23,11
48151,2021,Fisher,5,2021-01-22,2021-12-31,8,23,23
48151,2022,Fisher,10,2022-04-21,2022-12-13,9,47,47
48151,2023,Fisher,11,2023-01-01,2023-12-24,7,53,53
48151,2024,Fisher,10,2024-02-01,2024-12-26,14,52,52
48151,2025,Fisher,5,2025-02-03,2025-12-28,7,26,26
48153,2015,Floyd,9,2015-01-28,2015-12-26,5,36,0
48153,2016,Floyd,10,2016-02-19,2016-12-26,6,39,0
48153,2017,Floyd,9,2017-01-10,2017-12-04,7,41,0
48153,2018,Floyd,6,2018-04-30,2018-10-06,6,28,0
48153,2019,Floyd,9,2019-01-16,2019-12-28,10,47,0
48153,2020,Floyd,5,2020-03-09,2020-11-24,7,24,0
48153,2021,Floyd,6,2021-01-23,2021-12-29,6,26,0
48153,2022,Floyd,11,2022-04-21,2022-12-10,10,54,0
48153,2023,Floyd,10,2023-01-01,2023-12-24,8,46,0
48153,2024,Floyd,9,2024-01-31,2024-12-30,14,51,0
48153,2025,Floyd,8,2025-04-26,2025-12-28,10,40,0
48155,2015,Foard,8,2015-01-27,2015-12-26,5,33,33
48155,2016,Foard,11,2016-02-18,2016-12-28,14,52,52
48155,2017,Foard,12,2017-01-10,2017-12-04,8,54,54
48155,2018,Foard,11,2018-03-23,2018-12-01,10,59,59
48155,2019,Foard,11,2019-01-06,2019-12-28,15,59,59
48155,2020,Foard,11,2020-01-14,2020-12-29,9,49,49
48155,2021,Foard,9,2021-01-19,2022-01-01,9,43,43
48155,2022,Foard,13,2022-04-21,2022-12-13,15,77,77
48155,2023,Foard,17,2023-01-01,2023-12-24,10,84,84
48155,2024,Foard,20,2024-01-24,2024-12-30,15,87,87
48155,2025,Foard,8,2025-02-06,2025-12-28,10,47,47
48157,2015,Fort Bend,8,2015-04-07,2015-12-27,5,29,0
48157,2016,Fort Bend,11,2016-01-31,2016-12-29,8,47,0
48157,2017,Fort Bend,17,2017-01-11,2017-11-18,8,68,0
48157,2018,Fort Bend,17,2018-02-04,2018-12-27,9,73,0
48157,2019,Fort Bend,13,2019-02-01,2019-12-29,7,61,0
48157,2020,Fort Bend,15,2020-01-14,2020-12-30,9,71,0
48157,2021,Fort Bend,18,2021-01-19,2022-01-01,11,95,0
48157,2022,Fort Bend,15,2022-03-04,2022-12-13,9,75,0
48157,2023,Fort Bend,16,2023-01-10,2023-12-23,14,88,0
48157,2024,Fort Bend,18,2024-02-08,2024-12-26,8,88,0
48157,2025,Fort Bend,12,2025-02-03,2025-12-28,12,71,0
48159,2015,Franklin,7,2015-03-31,2015-12-27,7,29,0
48159,2016,Franklin,11,2016-03-08,2016-12-29,8,54,0
48159,2017,Franklin,12,2017-01-01,2017-12-22,12,53,0
48159,2018,Franklin,8,2018-05-02,2018-10-10,10,38,0
48159,2019,Franklin,6,2019-02-02,2019-12-29,13,36,0
48159,2020,Franklin,4,2020-03-02,2020-10-23,6,15,0
48159,2021,Franklin,7,2021-01-22,2022-01-01,9,29,0
48159,2022,Franklin,10,2022-04-21,2023-01-03,9,48,0
48159,2023,Franklin,10,2023-02-21,2023-12-24,7,47,32
48159,2024,Franklin,11,2024-02-08,2024-12-27,5,38,0
48159,2025,Franklin,9,2025-01-29,2025-12-28,8,39,0
48161,2015,Freestone,5,2015-04-07,2015-12-27,5,19,19
48161,2016,Freestone,9,2016-06-14,2016-12-29,6,41,41
48161,2017,Freestone,9,2017-01-11,2017-11-17,6,37,37
48161,2018,Freestone,9,2018-03-25,2018-10-09,10,47,47
48161,2019,Freestone,8,2019-02-02,2019-10-02,14,43,43
48161,2020,Freestone,6,2020-01-14,2020-09-01,8,29,29
48161,2021,Freestone,8,2021-01-22,2021-12-31,8,33,33
48161,2022,Freestone,10,2022-04-21,2022-12-13,13,60,60
48161,2023,Freestone,13,2023-01-01,2023-12-24,14,73,73
48161,2024,Freestone,13,2024-01-24,2024-12-26,10,58,58
48161,2025,Freestone,7,2025-02-03,2025-12-28,8,39,39
48163,2015,Frio,17,2015-04-01,2015-12-26,11,83,0
48163,2016,Frio,11,2016-01-06,2016-12-29,12,68,3
48163,2017,Frio,25,2017-01-11,2017-12-01,9,118,1
48163,2018,Frio,12,2018-02-27,2018-12-27,7,45,7
48163,2019,Frio,11,2019-01-07,2019-12-28,15,64,61
48163,2020,Frio,10,2020-01-14,2020-12-30,9,53,53
48163,2021,Frio,11,2021-01-21,2022-01-01,9,49,21
48163,2022,Frio,13,2022-04-11,2022-12-13,9,75,64
48163,2023,Frio,19,2023-01-07,2023-12-25,19,112,35
48163,2024,Frio,23,2024-02-01,2024-12-26,11,114,29
48163,2025,Frio,9,2025-02-04,2025-12-28,10,56,56
48165,2015,Gaines,9,2015-01-28,2015-12-25,6,38,0
48165,2016,Gaines,9,2016-02-18,2017-01-03,15,45,0
48165,2017,Gaines,11,2017-01-10,2017-11-15,8,52,0
48165,2018,Gaines,12,2018-03-24,2018-10-08,10,59,0
48165,2019,Gaines,7,2019-01-06,2019-12-28,15,50,0
48165,2020,Gaines,11,2020-01-15,2020-12-29,14,64,0
48165,2021,Gaines,10,2021-01-20,2021-12-31,9,48,0
48165,2022,Gaines,16,2022-04-11,2023-01-04,25,93,0
48165,2023,Gaines,20,2023-01-15,2023-12-24,15,110,0
48165,2024,Gaines,20,2024-01-22,2024-12-30,11,102,0
48165,2025,Gaines,15,2025-02-02,2025-12-28,9,69,2
48167,2015,Galveston,9,2015-03-19,2015-12-26,4,31,0
48167,2016,Galveston,13,2016-02-19,2016-12-29,8,61,0
48167,2017,Galveston,11,2017-01-10,2017-11-07,13,53,0
48167,2018,Galveston,7,2018-02-15,2018-10-09,7,37,0
48167,2019,Galveston,10,2019-02-02,2019-12-28,14,59,0
48167,2020,Galveston,15,2020-01-14,2020-12-30,9,69,0
48167,2021,Galveston,12,2021-01-19,2022-01-01,10,50,0
48167,2022,Galveston,13,2022-04-11,2022-12-13,9,57,0
48167,2023,Galveston,11,2023-02-20,2023-10-28,15,72,0
48167,2024,Galveston,13,2024-02-08,2024-12-17,8,53,0
48167,2025,Galveston,10,2025-02-03,2025-12-28,9,58,0
48169,2015,Garza,6,2015-01-27,2015-12-24,4,22,0
48169,2016,Garza,13,2016-02-19,2016-12-26,9,49,0
48169,2017,Garza,7,2017-01-10,2017-10-06,6,29,0
48169,2018,Garza,11,2018-03-23,2018-12-01,11,56,0
48169,2019,Garza,9,2019-01-07,2019-12-28,12,48,0
48169,2020,Garza,8,2020-03-02,2020-11-22,11,42,0
48169,2021,Garza,9,2021-01-23,2022-01-01,9,41,0
48169,2022,Garza,12,2022-04-21,2022-12-13,9,63,0
48169,2023,Garza,17,2023-01-01,2023-12-24,11,76,0
48169,2024,Garza,15,2024-02-01,2024-12-30,15,83,0
48169,2025,Garza,10,2025-02-02,2025-12-28,6,45,0
48171,2015,Gillespie,6,2015-03-30,2015-11-06,5,20,0
48171,2016,Gillespie,7,2016-02-19,2016-12-29,9,39,0
48171,2017,Gillespie,6,2017-01-10,2017-11-18,9,30,0
48171,2018,Gillespie,6,2018-03-24,2018-10-08,7,24,0
48171,2019,Gillespie,8,2019-02-01,2019-12-28,14,39,0
48171,2020,Gillespie,9,2020-01-14,2020-12-30,9,41,0
48171,2021,Gillespie,7,2021-01-22,2021-12-31,8,30,0
48171,2022,Gillespie,10,2022-04-21,2022-12-13,8,43,0
48171,2023,Gillespie,13,2023-01-01,2023-12-24,14,71,0
48171,2024,Gillespie,17,2024-03-13,2024-12-25,7,65,0
48171,2025,Gillespie,8,2025-02-03,2025-12-28,7,37,0
48173,2015,Glasscock,10,2015-01-29,2015-12-26,6,43,43
48173,2016,Glasscock,13,2016-02-18,2017-01-03,13,78,78
48173,2017,Glasscock,14,2017-01-10,2017-12-04,8,66,66
48173,2018,Glasscock,16,2018-02-18,2018-12-01,9,80,80
48173,2019,Glasscock,10,2019-01-06,2019-12-28,15,67,67
48173,2020,Glasscock,11,2020-01-13,2020-11-24,11,59,59
48173,2021,Glasscock,8,2021-01-21,2021-12-31,9,36,36
48173,2022,Glasscock,11,2022-04-20,2022-12-13,23,84,84
48173,2023,Glasscock,18,2023-01-01,2023-12-24,15,108,108
48173,2024,Glasscock,23,2024-01-23,2024-12-30,16,106,106
48173,2025,Glasscock,11,2025-02-03,2025-12-28,7,58,58
48175,2015,Goliad,7,2015-04-08,2015-12-27,4,22,0
48175,2016,Goliad,6,2016-02-21,2016-12-29,8,29,0
48175,2017,Goliad,4,2017-01-11,2017-11-05,7,16,0
48175,2018,Goliad,3,2018-02-16,2018-06-26,4,10,0
48175,2019,Goliad,7,2019-01-07,2019-08-28,7,34,0
48175,2020,Goliad,10,2020-01-14,2020-11-15,5,41,0
48175,2021,Goliad,9,2021-01-22,2022-01-01,8,37,0
48175,2022,Goliad,11,2022-04-21,2022-12-14,9,48,0
48175,2023,Goliad,15,2023-02-21,2023-12-24,14,91,0
48175,2024,Goliad,21,2024-01-24,2024-12-28,10,127,0
48175,2025,Goliad,9,2025-02-04,2025-12-28,8,46,4
48177,2015,Gonzales,5,2015-03-31,2015-12-27,4,16,0
48177,2016,Gonzales,10,2016-02-20,2016-12-29,13,54,0
48177,2017,Gonzales,13,2017-01-11,2017-11-18,7,52,0
48177,2018,Gonzales,13,2018-03-25,2018-12-27,9,60,0
48177,2019,Gonzales,13,2019-02-01,2019-12-28,17,76,0
48177,2020,Gonzales,16,2020-01-14,2020-11-22,14,80,0
48177,2021,Gonzales,8,2021-03-11,2021-12-31,8,36,0
48177,2022,Gonzales,13,2022-04-21,2022-12-14,9,67,0
48177,2023,Gonzales,13,2023-02-26,2023-12-24,13,87,0
48177,2024,Gonzales,20,2024-01-24,2024-12-26,8,92,0
48177,2025,Gonzales,21,2025-01-03,2025-12-28,10,112,0
48179,2015,Gray,11,2015-01-19,2015-12-24,5,43,0
48179,2016,Gray,12,2016-02-17,2016-11-08,9,47,0
48179,2017,Gray,5,2017-01-21,2017-10-21,5,20,0
48179,2018,Gray,8,2018-04-30,2018-10-04,9,41,0
48179,2019,Gray,10,2019-02-03,2019-12-27,8,46,0
48179,2020,Gray,6,2020-03-09,2020-11-22,5,24,0
48179,2021,Gray,6,2021-05-23,2021-12-29,6,25,0
48179,2022,Gray,9,2022-05-08,2022-09-21,10,40,0
48179,2023,Gray,8,2023-01-10,2023-12-24,7,36,0
48179,2024,Gray,13,2024-01-23,2024-12-30,9,59,0
48179,2025,Gray,7,2025-03-27,2025-12-28,8,33,0
48181,2015,Grayson,11,2015-01-27,2015-12-26,8,45,0
48181,2016,Grayson,12,2016-02-18,2017-01-02,15,60,0
48181,2017,Grayson,12,2017-01-10,2017-12-21,7,49,0
48181,2018,Grayson,12,2018-02-27,2018-12-01,10,58,0
48181,2019,Grayson,8,2019-02-03,2019-12-28,13,45,0
48181,2020,Grayson,5,2020-03-01,2020-07-17,5,17,0
48181,2021,Grayson,7,2021-01-21,2021-12-31,9,33,0
48181,2022,Grayson,15,2022-04-10,2023-01-02,9,72,0
48181,2023,Grayson,14,2023-01-15,2023-12-24,6,59,0
48181,2024,Grayson,17,2024-01-31,2024-12-28,9,71,0
48181,2025,Grayson,7,2025-03-26,2025-12-27,8,33,0
48183,2015,Gregg,12,2015-04-07,2015-12-27,10,56,0
48183,2016,Gregg,14,2016-02-19,2016-12-29,8,70,0
48183,2017,Gregg,16,2017-01-01,2017-12-21,13,78,0
48183,2018,Gregg,14,2018-03-17,2018-12-27,11,85,0
48183,2019,Gregg,10,2019-02-03,2019-12-29,13,58,0
48183,2020,Gregg,12,2020-01-15,2020-12-30,8,50,0
48183,2021,Gregg,8,2021-01-21,2022-01-01,9,35,0
48183,2022,Gregg,11,2022-04-11,2022-12-14,12,66,0
48183,2023,Gregg,14,2023-01-01,2023-12-24,14,81,4
48183,2024,Gregg,16,2024-01-24,2024-12-30,11,91,0
48183,2025,Gregg,9,2025-01-29,2025-12-28,8,50,0
48185,2015,Grimes,9,2015-04-01,2015-12-27,6,35,35
48185,2016,Grimes,11,2016-01-31,2016-12-29,13,69,69
48185,2017,Grimes,12,2017-01-10,2017-11-18,13,69,69
48185,2018,Grimes,12,2018-03-24,2018-12-27,10,58,58
48185,2019,Grimes,11,2019-02-02,2019-12-28,8,57,57
48185,2020,Grimes,11,2020-01-14,2020-10-22,12,66,66
48185,2021,Grimes,14,2021-01-20,2022-01-01,9,64,64
48185,2022,Grimes,13,2022-04-11,2022-12-13,20,93,93
48185,2023,Grimes,16,2023-01-01,2023-12-24,16,113,113
48185,2024,Grimes,17,2024-01-23,2024-12-26,12,90,90
48185,2025,Grimes,14,2025-02-03,2025-12-28,9,69,69
48187,2015,Guadalupe,10,2015-03-31,2015-09-19,8,45,0
48187,2016,Guadalupe,12,2016-02-19,2017-01-02,13,66,0
48187,2017,Guadalupe,14,2017-01-10,2017-11-18,8,58,0
48187,2018,Guadalupe,11,2018-03-24,2018-10-08,8,51,0
48187,2019,Guadalupe,11,2019-02-01,2019-12-28,14,68,0
48187,2020,Guadalupe,13,2020-01-14,2020-11-10,11,72,0
48187,2021,Guadalupe,10,2021-01-20,2022-01-01,9,44,0
48187,2022,Guadalupe,12,2022-04-11,2022-12-13,8,49,0
48187,2023,Guadalupe,14,2023-01-10,2023-12-24,12,98,0
48187,2024,Guadalupe,13,2024-02-09,2024-12-26,7,57,0
48187,2025,Guadalupe,11,2025-01-03,2025-12-28,10,57,0
48189,2015,Hale,6,2015-01-27,2015-12-12,5,26,0
48189,2016,Hale,12,2016-02-19,2016-11-29,4,40,0
48189,2017,Hale,8,2017-01-19,2017-12-04,5,29,0
48189,2018,Hale,7,2018-03-24,2018-12-01,5,28,0
48189,2019,Hale,8,2019-01-16,2019-12-28,10,41,0
48189,2020,Hale,7,2020-03-09,2020-11-24,7,34,0
48189,2021,Hale,5,2021-01-23,2021-12-26,6,20,0
48189,2022,Hale,11,2022-04-21,2022-12-10,8,49,0
48189,2023,Hale,10,2023-01-01,2023-12-24,7,42,0
48189,2024,Hale,12,2024-02-01,2024-12-30,7,53,0
48189,2025,Hale,7,2025-03-26,2025-12-28,10,34,0
48191,2015,Hall,8,2015-01-19,2015-12-13,5,28,0
48191,2016,Hall,5,2016-02-18,2016-11-08,8,23,0
48191,2017,Hall,8,2017-01-19,2017-12-04,5,30,0
48191,2018,Hall,6,2018-03-24,2018-08-29,7,25,0
48191,2019,Hall,5,2019-07-17,2019-12-28,9,28,0
48191,2020,Hall,6,2020-05-02,2020-11-24,6,24,0
48191,2021,Hall,5,2021-06-10,2021-12-29,6,19,0
48191,2022,Hall,9,2022-05-08,2022-12-10,7,42,0
48191,2023,Hall,11,2023-01-10,2023-12-24,6,42,0
48191,2024,Hall,12,2024-01-24,2024-12-31,7,51,0
48191,2025,Hall,8,2025-03-13,2025-12-28,7,38,0
48193,2015,Hamilton,6,2015-04-07,2015-12-26,5,21,18
48193,2016,Hamilton,12,2016-02-19,2016-12-29,9,59,49
48193,2017,Hamilton,12,2017-01-10,2017-12-04,7,47,47
48193,2018,Hamilton,12,2018-03-24,2018-12-27,10,58,58
48193,2019,Hamilton,7,2019-02-01,2019-12-28,15,45,45
48193,2020,Hamilton,10,2020-01-14,2020-12-30,9,43,43
48193,2021,Hamilton,8,2021-01-21,2021-12-31,9,38,38
48193,2022,Hamilton,13,2022-04-21,2022-12-13,21,84,4
48193,2023,Hamilton,14,2023-01-01,2023-12-24,15,85,9
48193,2024,Hamilton,20,2024-01-23,2024-12-25,9,83,8
48193,2025,Hamilton,3,2025-02-02,2025-12-27,7,17,4
48195,2015,Hansford,5,2015-01-26,2015-12-23,6,22,0
48195,2016,Hansford,3,2016-05-22,2016-11-03,6,12,0
48195,2017,Hansford,8,2017-02-10,2017-11-15,6,28,0
48195,2018,Hansford,7,2018-03-24,2018-10-04,7,26,0
48195,2019,Hansford,6,2019-01-06,2019-10-02,6,30,0
48195,2020,Hansford,5,2020-03-08,2020-11-24,6,20,0
48195,2021,Hansford,4,2021-05-22,2021-12-26,4,13,0
48195,2022,Hansford,8,2022-05-08,2022-12-29,9,35,0
48195,2023,Hansford,7,2023-01-10,2023-12-24,7,30,0
48195,2024,Hansford,13,2024-01-24,2024-12-31,7,48,0
48195,2025,Hansford,5,2025-06-21,2025-12-28,9,25,0
48197,2015,Hardeman,8,2015-01-19,2015-12-26,7,37,37
48197,2016,Hardeman,8,2016-01-06,2016-12-29,12,45,45
48197,2017,Hardeman,11,2017-01-10,2017-12-04,8,54,54
48197,2018,Hardeman,8,2018-03-23,2018-12-01,7,39,39
48197,2019,Hardeman,8,2019-01-06,2019-12-28,12,45,45
48197,2020,Hardeman,12,2020-01-14,2020-12-30,6,43,43
48197,2021,Hardeman,8,2021-01-19,2021-12-31,8,38,38
48197,2022,Hardeman,14,2022-04-21,2023-01-03,9,62,62
48197,2023,Hardeman,14,2023-01-10,2023-12-24,8,64,64
48197,2024,Hardeman,17,2024-01-23,2024-12-31,12,80,80
48197,2025,Hardeman,10,2025-01-29,2025-12-28,9,56,56
48199,2015,Hardin,10,2015-03-20,2015-12-27,6,35,1
48199,2016,Hardin,13,2016-01-31,2016-12-29,7,55,0
48199,2017,Hardin,10,2017-01-11,2017-11-08,11,44,0
48199,2018,Hardin,11,2018-01-09,2018-11-08,11,52,0
48199,2019,Hardin,15,2019-02-03,2019-12-29,9,60,0
48199,2020,Hardin,15,2020-01-14,2020-11-11,8,70,0
48199,2021,Hardin,12,2021-01-20,2022-01-01,8,50,0
48199,2022,Hardin,9,2022-04-21,2023-01-03,11,44,0
48199,2023,Hardin,11,2023-02-21,2023-10-29,14,80,0
48199,2024,Hardin,13,2024-01-24,2024-12-29,13,63,2
48199,2025,Hardin,9,2025-02-04,2025-12-28,10,57,1
48201,2015,Harris,9,2015-03-19,2015-12-26,5,33,0
48201,2016,Harris,11,2016-02-19,2016-12-28,13,58,0
48201,2017,Harris,13,2017-01-10,2017-11-17,9,59,0
48201,2018,Harris,12,2018-02-15,2018-12-27,8,52,0
48201,2019,Harris,11,2019-02-01,2019-10-03,7,52,0
48201,2020,Harris,14,2020-01-13,2020-12-30,12,69,0
48201,2021,Harris,14,2021-01-19,2022-01-01,9,62,0
48201,2022,Harris,13,2022-04-11,2022-12-13,9,61,0
48201,2023,Harris,14,2023-01-01,2023-12-23,14,94,0
48201,2024,Harris,18,2024-01-23,2024-12-26,12,83,0
48201,2025,Harris,12,2025-02-03,2025-12-28,12,63,0
48203,2015,Harrison,4,2015-06-19,2015-12-27,4,14,0
48203,2016,Harrison,8,2016-02-20,2016-12-28,7,35,0
48203,2017,Harrison,8,2017-01-01,2017-11-18,11,36,0
48203,2018,Harrison,6,2018-03-25,2018-10-09,7,26,0
48203,2019,Harrison,2,2019-02-02,2019-10-01,6,11,0
48203,2020,Harrison,9,2020-01-15,2020-11-10,6,33,0
48203,2021,Harrison,9,2021-01-21,2022-01-01,9,36,0
48203,2022,Harrison,6,2022-05-09,2023-01-03,8,25,0
48203,2023,Harrison,5,2023-02-21,2023-10-29,6,28,0
48203,2024,Harrison,11,2024-02-08,2024-12-30,9,51,0
48203,2025,Harrison,11,2025-02-04,2025-12-28,8,49,0
48205,2015,Hartley,15,2015-01-18,2015-12-23,8,71,0
48205,2016,Hartley,6,2016-02-11,2016-11-04,11,30,0
48205,2017,Hartley,12,2017-01-15,2017-11-28,6,47,0
48205,2018,Hartley,7,2018-03-24,2018-10-03,8,31,0
48205,2019,Hartley,6,2019-01-06,2019-10-02,5,23,0
48205,2020,Hartley,7,2020-01-21,2020-11-24,7,30,0
48205,2021,Hartley,3,2021-05-21,2021-12-26,4,11,0
48205,2022,Hartley,6,2022-06-11,2022-11-10,9,27,0
48205,2023,Hartley,7,2023-01-10,2023-12-24,12,35,0
48205,2024,Hartley,7,2024-02-01,2024-12-25,8,33,0
48205,2025,Hartley,6,2025-03-26,2025-12-28,9,30,0
48207,2015,Haskell,11,2015-01-28,2015-12-26,10,57,7
48207,2016,Haskell,16,2016-02-18,2016-12-28,14,88,2
48207,2017,Haskell,10,2017-01-10,2017-12-04,7,39,23
48207,2018,Haskell,4,2018-03-24,2018-10-06,4,15,11
48207,2019,Haskell,4,2019-02-03,2019-12-28,9,19,0
48207,2020,Haskell,3,2020-04-07,2020-07-16,3,9,0
48207,2021,Haskell,4,2021-01-22,2022-01-01,8,18,0
48207,2022,Haskell,9,2022-04-21,2022-12-13,8,48,0
48207,2023,Haskell,12,2023-01-01,2023-12-24,7,53,0
48207,2024,Haskell,17,2024-01-24,2024-12-28,7,65,0
48207,2025,Haskell,7,2025-03-28,2025-12-28,5,25,0
48209,2015,Hays,8,2015-03-31,2015-12-26,5,29,0
48209,2016,Hays,11,2016-02-19,2016-12-29,9,62,0
48209,2017,Hays,10,2017-01-10,2017-11-18,7,40,0
48209,2018,Hays,6,2018-03-24,2018-10-08,7,26,0
48209,2019,Hays,11,2019-01-07,2019-12-29,8,55,0
48209,2020,Hays,8,2020-01-14,2020-10-22,10,37,0
48209,2021,Hays,7,2021-01-22,2022-01-01,9,30,0
48209,2022,Hays,10,2022-04-21,2022-12-13,8,49,0
48209,2023,Hays,14,2023-01-01,2023-12-24,15,88,0
48209,2024,Hays,15,2024-02-08,2024-12-26,7,65,0
48209,2025,Hays,10,2025-02-03,2025-12-28,8,46,0
48211,2015,Hemphill,12,2015-01-19,2015-12-26,6,50,50
48211,2016,Hemphill,9,2016-02-18,2016-12-26,12,43,43
48211,2017,Hemphill,11,2017-01-15,2017-12-04,10,58,58
48211,2018,Hemphill,11,2018-03-23,2018-12-27,8,47,47
48211,2019,Hemphill,11,2019-01-06,2019-12-28,9,57,57
48211,2020,Hemphill,10,2020-01-14,2020-11-24,6,40,40
48211,2021,Hemphill,9,2021-01-23,2021-12-29,6,35,35
48211,2022,Hemphill,12,2022-04-21,2023-01-03,11,69,69
48211,2023,Hemphill,19,2023-01-10,2023-12-24,8,86,86
48211,2024,Hemphill,20,2024-01-23,2024-12-31,14,104,104
48211,2025,Hemphill,11,2025-02-06,2025-12-28,12,63,63
48213,2015,Henderson,12,2015-03-18,2015-12-27,6,49,0
48213,2016,Henderson,18,2016-02-19,2016-12-29,8,86,0
48213,2017,Henderson,15,2017-01-10,2017-11-18,8,71,0
48213,2018,Henderson,16,2018-03-24,2018-12-27,10,87,0
48213,2019,Henderson,11,2019-02-02,2019-12-28,19,68,0
48213,2020,Henderson,6,2020-03-10,2020-12-30,5,23,0
48213,2021,Henderson,8,2021-01-22,2022-01-01,9,34,0
48213,2022,Henderson,12,2022-04-21,2023-01-03,13,70,0
48213,2023,Henderson,16,2023-01-16,2023-12-24,14,89,0
48213,2024,Henderson,13,2024-01-24,2024-12-30,8,61,0
48213,2025,Henderson,13,2025-01-28,2025-12-27,9,65,0
48215,2015,Hidalgo,11,2015-04-08,2015-12-27,8,46,0
48215,2016,Hidalgo,12,2016-03-01,2016-12-29,14,62,0
48215,2017,Hidalgo,11,2017-01-11,2017-11-18,11,55,0
48215,2018,Hidalgo,12,2018-02-15,2018-11-08,9,50,0
48215,2019,Hidalgo,16,2019-01-07,2019-12-28,9,71,0
48215,2020,Hidalgo,10,2020-01-13,2020-11-27,8,54,0
48215,2021,Hidalgo,10,2021-01-24,2022-01-01,8,37,0
48215,2022,Hidalgo,10,2022-04-11,2022-12-13,10,49,0
48215,2023,Hidalgo,14,2023-01-07,2023-10-29,16,93,0
48215,2024,Hidalgo,15,2024-01-24,2024-12-27,16,81,0
48215,2025,Hidalgo,19,2025-01-03,2025-12-28,11,90,0
48217,2015,Hill,6,2015-03-31,2015-12-26,6,23,0
48217,2016,Hill,10,2016-02-19,2016-12-29,6,39,0
48217,2017,Hill,10,2017-01-10,2017-11-17,6,39,0
48217,2018,Hill,10,2018-03-24,2018-12-27,10,48,0
48217,2019,Hill,7,2019-02-01,2019-12-28,17,40,0
48217,2020,Hill,10,2020-01-14,2020-11-22,5,36,0
48217,2021,Hill,8,2021-01-22,2021-12-31,9,34,0
48217,2022,Hill,8,2022-04-21,2022-12-13,21,78,0
48217,2023,Hill,13,2023-01-16,2023-12-24,16,88,0
48217,2024,Hill,14,2024-01-24,2024-12-26,10,55,0
48217,2025,Hill,8,2025-02-03,2025-12-28,8,40,0
48219,2015,Hockley,6,2015-01-28,2015-12-26,5,27,0
48219,2016,Hockley,9,2016-02-19,2016-12-25,11,42,0
48219,2017,Hockley,8,2017-01-10,2017-11-15,8,35,0
48219,2018,Hockley,9,2018-03-24,2018-10-08,8,40,0
48219,2019,Hockley,8,2019-01-15,2019-12-28,10,45,0
48219,2020,Hockley,12,2020-03-02,2020-11-24,7,48,0
48219,2021,Hockley,7,2021-01-20,2021-12-29,7,29,0
48219,2022,Hockley,9,2022-04-21,2023-01-04,6,36,0
48219,2023,Hockley,10,2023-07-12,2023-12-24,8,48,0
48219,2024,Hockley,11,2024-01-23,2024-12-30,9,51,0
48219,2025,Hockley,7,2025-02-03,2025-12-28,9,38,0
48221,2015,Hood,12,2015-03-31,2015-12-26,9,56,0
48221,2016,Hood,18,2016-02-19,2016-12-29,17,103,0
48221,2017,Hood,15,2017-01-10,2017-12-19,9,74,0
48221,2018,Hood,13,2018-05-01,2018-10-08,16,87,0
48221,2019,Hood,12,2019-02-01,2019-12-28,13,64,0
48221,2020,Hood,12,2020-01-14,2020-11-22,12,57,0
48221,2021,Hood,10,2021-01-21,2021-12-29,6,42,0
48221,2022,Hood,12,2022-04-21,2022-12-13,21,79,0
48221,2023,Hood,14,2023-01-01,2023-12-24,14,81,1
48221,2024,Hood,17,2024-01-24,2024-12-28,13,73,1
48221,2025,Hood,6,2025-01-28,2025-12-28,6,26,0
48223,2015,Hopkins,10,2015-03-31,2015-12-28,24,65,0
48223,2016,Hopkins,16,2016-02-20,2016-12-29,14,82,0
48223,2017,Hopkins,16,2017-01-01,2017-12-22,7,70,0
48223,2018,Hopkins,13,2018-05-02,2018-10-31,10,76,0
48223,2019,Hopkins,11,2019-01-06,2019-12-29,17,75,0
48223,2020,Hopkins,8,2020-01-15,2020-11-22,5,30,0
48223,2021,Hopkins,8,2021-01-21,2022-01-01,9,37,0
48223,2022,Hopkins,11,2022-04-11,2023-01-03,13,70,0
48223,2023,Hopkins,16,2023-01-10,2023-12-24,7,72,0
48223,2024,Hopkins,16,2024-01-24,2024-12-30,8,74,0
48223,2025,Hopkins,9,2025-01-29,2025-12-28,9,45,0
48225,2015,Houston,12,2015-03-31,2015-12-27,5,42,0
48225,2016,Houston,16,2016-01-31,2017-01-02,8,66,1
48225,2017,Houston,10,2017-01-10,2017-11-18,13,52,0
48225,2018,Houston,6,2018-03-25,2018-10-09,7,26,0
48225,2019,Houston,6,2019-02-02,2019-12-29,6,22,0
48225,2020,Houston,9,2020-01-14,2020-12-30,7,38,0
48225,2021,Houston,10,2021-01-23,2022-01-01,9,41,0
48225,2022,Houston,12,2022-04-21,2023-01-03,9,61,0
48225,2023,Houston,16,2023-01-16,2023-12-24,14,93,0
48225,2024,Houston,16,2024-01-23,2024-12-30,9,73,0
48225,2025,Houston,11,2025-02-03,2025-12-28,8,50,0
48227,2015,Howard,5,2015-01-28,2015-09-09,4,18,0
48227,2016,Howard,10,2016-02-18,2016-12-31,17,59,0
48227,2017,Howard,6,2017-01-10,2017-10-06,7,25,0
48227,2018,Howard,11,2018-03-22,2018-10-04,11,55,0
48227,2019,Howard,10,2019-01-06,2019-12-28,8,49,0
48227,2020,Howard,7,2020-03-01,2020-11-23,9,34,0
48227,2021,Howard,5,2021-02-02,2021-12-28,5,20,0
48227,2022,Howard,14,2022-03-27,2022-12-12,8,66,0
48227,2023,Howard,12,2023-01-01,2023-12-23,12,56,0
48227,2024,Howard,10,2024-03-29,2024-12-26,9,45,0
48227,2025,Howard,6,2025-04-12,2025-12-28,9,30,0
48229,2015,Hudspeth,16,2015-01-28,2015-11-29,12,92,0
48229,2016,Hudspeth,11,2016-06-22,2016-12-25,7,57,0
48229,2017,Hudspeth,9,2017-01-13,2017-12-06,6,39,0
48229,2018,Hudspeth,20,2018-03-23,2018-12-18,12,106,0
48229,2019,Hudspeth,21,2019-01-09,2019-12-10,24,109,0
48229,2020,Hudspeth,21,2020-01-15,2020-11-24,13,98,1
48229,2021,Hudspeth,16,2021-01-19,2021-12-29,21,86,1
48229,2022,Hudspeth,14,2022-04-10,2022-12-10,12,81,0
48229,2023,Hudspeth,15,2023-01-15,2023-12-24,9,67,0
48229,2024,Hudspeth,19,2024-01-31,2024-12-07,6,78,0
48229,2025,Hudspeth,20,2025-02-09,2025-12-29,18,112,0
48231,2015,Hunt,16,2015-02-08,2015-12-27,6,60,0
48231,2016,Hunt,14,2016-02-19,2017-01-02,8,61,0
48231,2017,Hunt,19,2017-01-10,2017-12-21,8,85,0
48231,2018,Hunt,15,2018-01-20,2018-12-27,15,99,0
48231,2019,Hunt,12,2019-01-06,2019-12-28,16,70,0
48231,2020,Hunt,14,2020-01-14,2020-12-30,6,50,0
48231,2021,Hunt,9,2021-01-21,2021-12-31,9,38,0
48231,2022,Hunt,16,2022-04-10,2023-01-03,13,79,0
48231,2023,Hunt,15,2023-01-10,2023-12-24,12,75,0
48231,2024,Hunt,17,2024-01-23,2024-12-30,8,70,0
48231,2025,Hunt,8,2025-01-29,2025-12-27,9,46,0
48233,2015,Hutchinson,8,2015-01-25,2015-12-23,6,34,0
48233,2016,Hutchinson,7,2016-02-16,2016-11-03,7,28,0
48233,2017,Hutchinson,6,2017-02-10,2017-11-25,8,29,0
48233,2018,Hutchinson,7,2018-04-30,2018-10-03,8,29,0
48233,2019,Hutchinson,7,2019-02-02,2019-12-26,7,32,0
48233,2020,Hutchinson,6,2020-03-08,2020-11-23,6,25,0
48233,2021,Hutchinson,8,2021-04-26,2021-12-26,6,29,0
48233,2022,Hutchinson,13,2022-05-08,2022-12-29,9,54,0
48233,2023,Hutchinson,9,2023-01-15,2023-12-23,8,38,0
48233,2024,Hutchinson,17,2024-02-01,2024-12-26,9,70,0
48233,2025,Hutchinson,10,2025-03-26,2025-12-27,9,44,0
48235,2015,Irion,7,2015-01-29,2015-10-24,4,22,3
48235,2016,Irion,9,2016-02-19,2016-12-29,10,43,3
48235,2017,Irion,9,2017-02-06,2017-12-05,8,44,0
48235,2018,Irion,11,2018-02-14,2018-10-08,11,63,3
48235,2019,Irion,5,2019-02-04,2019-10-02,9,27,0
48235,2020,Irion,10,2020-01-13,2020-11-10,6,36,1
48235,2021,Irion,6,2021-03-10,2021-12-29,6,26,0
48235,2022,Irion,12,2022-03-27,2022-12-13,8,62,0
48235,2023,Irion,11,2023-01-10,2023-12-25,8,56,0
48235,2024,Irion,15,2024-01-24,2024-12-26,10,68,68
48235,2025,Irion,7,2025-02-03,2025-12-28,7,33,33
48237,2015,Jack,7,2015-04-01,2015-12-24,6,28,0
48237,2016,Jack,8,2016-02-19,2016-12-26,14,45,3
48237,2017,Jack,6,2017-01-19,2017-11-17,7,26,4
48237,2018,Jack,7,2018-03-03,2018-10-06,5,27,0
48237,2019,Jack,6,2019-02-02,2019-12-28,13,33,3
48237,2020,Jack,4,2020-01-14,2020-11-22,3,12,0
48237,2021,Jack,4,2021-03-10,2021-12-28,5,16,1
48237,2022,Jack,11,2022-04-11,2022-12-13,8,49,1
48237,2023,Jack,11,2023-01-01,2023-12-24,5,39,1
48237,2024,Jack,13,2024-02-02,2024-12-26,9,52,6
48237,2025,Jack,5,2025-01-29,2025-12-28,8,22,5
48239,2015,Jackson,11,2015-03-31,2015-12-27,6,44,44
48239,2016,Jackson,13,2016-01-31,2016-12-29,13,71,71
48239,2017,Jackson,16,2017-01-10,2017-11-18,9,69,69
48239,2018,Jackson,13,2018-02-15,2018-11-08,8,58,58
48239,2019,Jackson,12,2019-02-01,2019-12-28,14,75,75
48239,2020,Jackson,12,2020-01-14,2020-10-22,12,70,70
48239,2021,Jackson,13,2021-01-20,2022-01-01,9,61,61
48239,2022,Jackson,14,2022-04-11,2022-12-13,12,83,83
48239,2023,Jackson,18,2023-01-01,2023-12-24,23,122,122
48239,2024,Jackson,19,2024-01-23,2024-12-26,11,97,97
48239,2025,Jackson,16,2025-02-04,2025-12-28,10,80,80
48241,2015,Jasper,11,2015-03-19,2015-12-27,7,47,2
48241,2016,Jasper,13,2016-01-31,2016-12-29,14,67,5
48241,2017,Jasper,13,2017-01-11,2017-11-07,12,64,0
48241,2018,Jasper,15,2018-02-05,2019-01-03,19,92,1
48241,2019,Jasper,13,2019-02-02,2019-12-29,10,75,0
48241,2020,Jasper,20,2020-01-15,2020-12-31,19,104,2
48241,2021,Jasper,13,2021-01-21,2022-01-01,9,59,9
48241,2022,Jasper,12,2022-04-11,2023-01-03,12,50,3
48241,2023,Jasper,15,2023-01-16,2023-11-09,11,84,5
48241,2024,Jasper,12,2024-01-24,2024-12-18,17,68,5
48241,2025,Jasper,12,2025-02-04,2025-12-28,9,54,12
48243,2015,Jeff Davis,13,2015-01-27,2015-12-26,10,60,0
48243,2016,Jeff Davis,12,2016-01-30,2016-11-06,5,46,0
48243,2017,Jeff Davis,14,2017-01-09,2017-12-04,9,73,0
48243,2018,Jeff Davis,12,2018-03-22,2018-12-01,10,69,0
48243,2019,Jeff Davis,14,2019-02-01,2019-12-16,15,77,0
48243,2020,Jeff Davis,17,2020-01-13,2020-11-24,10,84,0
48243,2021,Jeff Davis,12,2021-02-03,2022-01-01,11,57,0
48243,2022,Jeff Davis,14,2022-01-05,2022-12-10,15,75,0
48243,2023,Jeff Davis,16,2023-01-09,2023-12-24,15,106,0
48243,2024,Jeff Davis,23,2024-01-30,2024-12-31,6,94,0
48243,2025,Jeff Davis,16,2025-01-03,2025-12-28,11,78,0
48245,2015,Jefferson,13,2015-03-18,2015-12-27,7,53,0
48245,2016,Jefferson,14,2016-01-31,2016-12-29,13,65,0
48245,2017,Jefferson,17,2017-01-10,2017-11-07,13,82,0
48245,2018,Jefferson,11,2018-02-15,2018-10-09,15,73,0
48245,2019,Jefferson,18,2019-02-02,2019-12-29,8,89,0
48245,2020,Jefferson,16,2020-01-14,2020-12-31,8,72,0
48245,2021,Jefferson,16,2021-01-20,2022-01-01,9,73,0
48245,2022,Jefferson,13,2022-04-21,2022-12-13,11,60,0
48245,2023,Jefferson,14,2023-01-01,2023-10-28,11,83,0
48245,2024,Jefferson,17,2024-01-24,2024-12-18,14,85,0
48245,2025,Jefferson,10,2025-02-03,2025-12-28,9,60,0
48247,2015,Jim Hogg,4,2015-07-26,2015-12-27,7,18,18
48247,2016,Jim Hogg,7,2016-02-20,2016-12-29,13,42,42
48247,2017,Jim Hogg,10,2017-01-11,2017-11-18,7,42,42
48247,2018,Jim Hogg,2,2018-02-16,2018-08-29,5,9,9
48247,2019,Jim Hogg,12,2019-01-07,2019-12-28,9,52,52
48247,2020,Jim Hogg,8,2020-01-14,2020-09-03,8,42,42
48247,2021,Jim Hogg,7,2021-01-23,2022-01-01,9,29,29
48247,2022,Jim Hogg,8,2022-04-21,2022-12-13,8,40,40
48247,2023,Jim Hogg,15,2023-01-10,2023-12-24,16,82,82
48247,2024,Jim Hogg,14,2024-02-09,2024-12-26,7,56,56
48247,2025,Jim Hogg,12,2025-02-04,2025-12-28,10,58,58
48249,2015,Jim Wells,8,2015-04-07,2015-12-27,4,29,0
48249,2016,Jim Wells,5,2016-03-15,2016-12-29,7,27,0
48249,2017,Jim Wells,8,2017-01-11,2017-11-18,7,30,0
48249,2018,Jim Wells,7,2018-02-16,2018-11-08,5,27,0
48249,2019,Jim Wells,11,2019-02-02,2019-12-29,8,54,0
48249,2020,Jim Wells,9,2020-01-14,2020-09-04,8,40,0
48249,2021,Jim Wells,7,2021-01-22,2022-01-01,8,34,0
48249,2022,Jim Wells,7,2022-04-11,2022-12-13,9,32,0
48249,2023,Jim Wells,11,2023-01-10,2023-12-24,8,53,0
48249,2024,Jim Wells,15,2024-01-24,2024-12-18,10,63,0
48249,2025,Jim Wells,13,2025-01-03,2025-12-28,11,71,0
48251,2015,Johnson,6,2015-04-01,2015-10-24,5,20,0
48251,2016,Johnson,9,2016-02-19,2016-12-29,9,44,0
48251,2017,Johnson,11,2017-01-01,2017-12-21,8,38,0
48251,2018,Johnson,9,2018-03-24,2018-12-27,9,37,0
48251,2019,Johnson,5,2019-02-01,2019-12-28,16,32,0
48251,2020,Johnson,5,2020-01-14,2020-08-15,5,20,0
48251,2021,Johnson,7,2021-01-22,2021-12-31,9,34,0
48251,2022,Johnson,8,2022-05-08,2022-12-13,20,60,0
48251,2023,Johnson,13,2023-01-01,2023-12-24,14,72,0
48251,2024,Johnson,13,2024-02-08,2024-12-26,5,44,1
48251,2025,Johnson,7,2025-02-03,2025-12-28,8,34,0
48253,2015,Jones,4,2015-04-01,2015-12-13,4,14,0
48253,2016,Jones,8,2016-02-19,2016-12-26,14,38,0
48253,2017,Jones,8,2017-01-19,2017-11-18,7,34,0
48253,2018,Jones,8,2018-03-24,2018-10-06,7,33,0
48253,2019,Jones,8,2019-01-07,2019-12-28,13,46,0
48253,2020,Jones,4,2020-03-02,2020-08-16,9,23,0
48253,2021,Jones,5,2021-01-23,2022-01-01,9,23,0
48253,2022,Jones,10,2022-04-21,2022-12-13,14,55,0
48253,2023,Jones,10,2023-01-01,2023-12-24,6,40,0
48253,2024,Jones,13,2024-02-01,2024-12-30,8,54,0
48253,2025,Jones,7,2025-03-26,2025-12-28,5,31,0
48255,2015,Karnes,5,2015-04-07,2015-12-27,7,23,23
48255,2016,Karnes,8,2016-02-20,2016-12-29,13,45,45
48255,2017,Karnes,11,2017-01-11,2017-11-18,7,43,43
48255,2018,Karnes,7,2018-03-25,2018-10-09,8,28,28
48255,2019,Karnes,9,2019-02-02,2019-10-03,9,56,56
48255,2020,Karnes,9,2020-01-14,2020-10-22,11,52,52
48255,2021,Karnes,12,2021-01-22,2022-01-01,9,48,48
48255,2022,Karnes,12,2022-04-21,2022-12-13,8,61,61
48255,2023,Karnes,13,2023-02-21,2023-12-24,18,91,91
48255,2024,Karnes,17,2024-02-09,2024-12-26,7,75,75
48255,2025,Karnes,10,2025-02-04,2025-12-28,9,50,50
48257,2015,Kaufman,11,2015-03-17,2015-12-26,7,44,0
48257,2016,Kaufman,9,2016-02-19,2017-01-02,8,40,0
48257,2017,Kaufman,11,2017-01-10,2017-12-04,12,49,0
48257,2018,Kaufman,13,2018-03-23,2018-12-01,12,66,0
48257,2019,Kaufman,10,2019-01-06,2019-12-28,18,55,0
48257,2020,Kaufman,7,2020-01-14,2020-10-22,5,24,0
48257,2021,Kaufman,8,2021-01-21,2021-12-29,7,32,0
48257,2022,Kaufman,11,2022-04-20,2022-12-13,13,63,0
48257,2023,Kaufman,12,2023-01-01,2023-12-24,14,62,0
48257,2024,Kaufman,14,2024-01-24,2024-12-26,7,51,0
48257,2025,Kaufman,7,2025-01-28,2025-12-27,9,39,0
48259,2015,Kendall,6,2015-03-31,2015-10-24,7,23,0
48259,2016,Kendall,11,2016-02-19,2016-12-30,12,61,0
48259,2017,Kendall,8,2017-01-10,2017-12-05,11,41,0
48259,2018,Kendall,13,2018-03-24,2018-10-08,12,70,0
48259,2019,Kendall,12,2019-01-07,2019-12-28,27,92,0
48259,2020,Kendall,11,2020-01-14,2020-12-30,10,52,0
48259,2021,Kendall,16,2021-01-19,2022-01-01,10,81,0
48259,2022,Kendall,17,2022-03-04,2022-12-13,14,107,0
48259,2023,Kendall,13,2023-02-21,2023-12-24,17,99,0
48259,2024,Kendall,17,2024-02-02,2024-12-26,10,83,0
48259,2025,Kendall,12,2025-01-03,2025-12-28,10,70,0
48261,2015,Kenedy,13,2015-04-02,2015-12-27,5,44,0
48261,2016,Kenedy,11,2016-02-28,2016-12-29,13,58,0
48261,2017,Kenedy,13,2017-01-11,2017-11-18,7,58,11
48261,2018,Kenedy,10,2018-02-16,2018-10-09,5,41,41
48261,2019,Kenedy,13,2019-02-02,2019-10-03,11,68,68
48261,2020,Kenedy,8,2020-01-14,2020-10-22,12,50,50
48261,2021,Kenedy,12,2021-01-20,2022-01-01,9,55,8
48261,2022,Kenedy,6,2022-03-04,2022-12-14,15,50,2
48261,2023,Kenedy,15,2023-01-07,2023-10-29,10,77,0
48261,2024,Kenedy,13,2024-01-24,2024-12-28,13,70,3
48261,2025,Kenedy,10,2025-01-02,2025-12-28,10,56,3
48263,2015,Kent,7,2015-01-28,2015-12-12,5,29,0
48263,2016,Kent,10,2016-02-19,2016-11-29,14,52,0
48263,2017,Kent,9,2017-01-10,2017-11-18,8,41,0
48263,2018,Kent,10,2018-03-23,2018-12-01,10,52,0
48263,2019,Kent,9,2019-01-06,2019-12-27,12,54,0
48263,2020,Kent,6,2020-03-10,2020-11-23,11,35,0
48263,2021,Kent,5,2021-01-19,2022-01-01,9,26,0
48263,2022,Kent,12,2022-04-21,2022-12-13,11,68,0
48263,2023,Kent,15,2023-01-01,2023-12-24,9,72,0
48263,2024,Kent,15,2024-01-24,2024-12-30,11,73,0
48263,2025,Kent,5,2025-03-27,2025-12-28,6,22,0
48265,2015,Kerr,7,2015-04-01,2015-10-24,4,23,0
48265,2016,Kerr,11,2016-02-20,2016-12-29,13,59,0
48265,2017,Kerr,11,2017-01-10,2017-11-18,10,49,0
48265,2018,Kerr,6,2018-02-15,2018-10-08,9,33,0
48265,2019,Kerr,10,2019-01-09,2019-12-28,14,65,0
48265,2020,Kerr,10,2020-01-14,2020-10-23,10,49,0
48265,2021,Kerr,8,2021-01-22,2021-12-29,6,30,0
48265,2022,Kerr,15,2022-03-04,2022-12-13,8,63,0
48265,2023,Kerr,11,2023-03-06,2023-12-24,14,71,0
48265,2024,Kerr,18,2024-02-08,2024-12-25,9,77,0
48265,2025,Kerr,8,2025-02-04,2025-12-28,7,41,0
48267,2015,Kimble,8,2015-03-31,2015-11-27,7,32,0
48267,2016,Kimble,11,2016-03-07,2016-12-31,13,68,0
48267,2017,Kimble,11,2017-01-10,2017-11-18,9,59,0
48267,2018,Kimble,13,2018-02-15,2018-11-07,8,60,0
48267,2019,Kimble,12,2019-01-09,2019-12-28,15,64,0
48267,2020,Kimble,12,2020-01-14,2020-11-25,6,50,0
48267,2021,Kimble,9,2021-01-20,2021-12-29,6,38,0
48267,2022,Kimble,12,2022-04-11,2022-12-12,10,65,0
48267,2023,Kimble,9,2023-03-22,2023-12-24,11,46,0
48267,2024,Kimble,11,2024-02-07,2024-12-26,7,49,0
48267,2025,Kimble,4,2025-01-28,2025-12-28,6,18,0
48269,2015,King,9,2015-01-28,2015-12-24,5,37,0
48269,2016,King,9,2016-02-19,2016-12-26,15,46,0
48269,2017,King,10,2017-01-10,2017-12-04,8,50,0
48269,2018,King,10,2018-03-24,2018-10-06,11,57,0
48269,2019,King,10,2019-01-06,2019-12-28,16,55,0
48269,2020,King,11,2020-01-02,2020-11-24,11,51,0
48269,2021,King,10,2021-01-20,2022-01-01,9,46,0
48269,2022,King,14,2022-04-21,2022-12-13,15,86,0
48269,2023,King,15,2023-01-01,2023-12-24,9,68,0
48269,2024,King,15,2024-01-31,2024-12-31,11,74,0
48269,2025,King,7,2025-03-27,2025-12-28,7,37,0
48271,2015,Kinney,4,2015-03-31,2015-09-19,4,13,0
48271,2016,Kinney,7,2016-02-18,2016-12-29,7,31,0
48271,2017,Kinney,12,2017-01-11,2017-12-04,8,45,0
48271,2018,Kinney,4,2018-02-18,2018-10-07,8,18,0
48271,2019,Kinney,5,2019-01-07,2019-10-03,16,33,0
48271,2020,Kinney,9,2020-01-14,2020-11-24,9,37,15
48271,2021,Kinney,7,2021-01-23,2021-12-29,6,25,14
48271,2022,Kinney,11,2022-04-11,2022-12-13,9,46,46
48271,2023,Kinney,8,2023-06-16,2023-12-24,13,54,54
48271,2024,Kinney,17,2024-02-08,2024-12-25,8,72,72
48271,2025,Kinney,5,2025-02-04,2025-12-28,6,27,27
48273,2015,Kleberg,11,2015-04-01,2015-12-27,5,38,0
48273,2016,Kleberg,11,2016-02-20,2016-12-29,7,46,0
48273,2017,Kleberg,15,2017-01-11,2017-11-18,7,57,0
48273,2018,Kleberg,12,2018-02-15,2018-12-27,6,45,0
48273,2019,Kleberg,11,2019-02-01,2019-10-01,9,55,0
48273,2020,Kleberg,10,2020-01-14,2020-11-15,9,48,0
48273,2021,Kleberg,9,2021-01-22,2022-01-01,8,39,0
48273,2022,Kleberg,9,2022-04-11,2022-12-13,9,46,0
48273,2023,Kleberg,19,2023-01-01,2023-12-24,13,97,0
48273,2024,Kleberg,21,2024-02-09,2024-12-18,18,106,0
48273,2025,Kleberg,10,2025-01-03,2025-12-28,9,56,0
48275,2015,Knox,5,2015-01-25,2015-10-23,7,22,2
48275,2016,Knox,12,2016-02-19,2016-12-29,8,54,7
48275,2017,Knox,9,2017-01-10,2017-11-18,8,40,31
48275,2018,Knox,8,2018-03-24,2018-10-06,10,43,4
48275,2019,Knox,10,2019-01-06,2019-12-28,11,48,11
48275,2020,Knox,8,2020-03-02,2020-12-29,6,29,4
48275,2021,Knox,7,2021-01-20,2022-01-01,9,35,0
48275,2022,Knox,11,2022-05-08,2022-12-13,10,63,0
48275,2023,Knox,15,2023-01-01,2023-12-24,7,61,0
48275,2024,Knox,12,2024-01-24,2024-12-31,9,54,0
48275,2025,Knox,5,2025-03-27,2025-12-28,7,24,0
48277,2015,Lamar,8,2015-03-31,2015-12-27,5,28,0
48277,2016,Lamar,11,2016-02-19,2016-12-29,10,56,0
48277,2017,Lamar,14,2017-01-01,2017-12-21,8,58,0
48277,2018,Lamar,7,2018-05-12,2018-12-27,7,30,0
48277,2019,Lamar,5,2019-02-02,2019-12-28,13,33,0
48277,2020,Lamar,6,2020-01-14,2020-11-10,4,20,0
48277,2021,Lamar,5,2021-01-21,2022-01-01,9,24,0
48277,2022,Lamar,12,2022-04-10,2023-01-03,8,53,0
48277,2023,Lamar,12,2023-01-16,2023-12-24,9,52,0
48277,2024,Lamar,16,2024-02-01,2024-12-30,8,73,0
48277,2025,Lamar,9,2025-01-29,2025-12-28,8,42,1
48279,2015,Lamb,6,2015-01-26,2015-12-12,7,28,0
48279,2016,Lamb,7,2016-02-19,2016-11-08,11,34,0
48279,2017,Lamb,12,2017-01-10,2017-12-04,8,51,0
48279,2018,Lamb,12,2018-02-15,2018-12-19,8,49,0
48279,2019,Lamb,9,2019-01-06,2019-12-28,15,57,0
48279,2020,Lamb,11,2020-03-08,2020-11-24,8,53,0
48279,2021,Lamb,6,2021-04-26,2021-12-26,8,25,0
48279,2022,Lamb,8,2022-05-29,2022-12-10,6,42,0
48279,2023,Lamb,11,2023-01-01,2023-12-24,10,56,0
48279,2024,Lamb,14,2024-01-24,2024-12-30,7,59,0
48279,2025,Lamb,7,2025-03-27,2025-12-28,11,40,0
48281,2015,Lampasas,7,2015-01-29,2015-12-27,5,27,27
48281,2016,Lampasas,14,2016-01-06,2016-12-29,9,69,69
48281,2017,Lampasas,13,2017-01-10,2017-12-04,13,62,62
48281,2018,Lampasas,12,2018-03-24,2018-12-27,7,45,45
48281,2019,Lampasas,10,2019-01-06,2019-12-28,15,56,56
48281,2020,Lampasas,12,2020-01-14,2020-12-30,13,58,58
48281,2021,Lampasas,8,2021-01-21,2021-12-31,9,39,39
48281,2022,Lampasas,12,2022-04-11,2022-12-13,9,61,7
48281,2023,Lampasas,15,2023-01-01,2023-12-24,13,83,2
48281,2024,Lampasas,21,2024-01-23,2024-12-28,10,98,72
48281,2025,Lampasas,9,2025-02-03,2025-12-28,7,43,30
48283,2015,La Salle,19,2015-01-29,2015-12-26,10,84,0
48283,2016,La Salle,20,2016-02-18,2017-01-02,14,117,0
48283,2017,La Salle,14,2017-01-10,2017-11-17,12,70,0
48283,2018,La Salle,10,2018-01-26,2018-11-08,6,34,0
48283,2019,La Salle,12,2019-01-07,2019-12-28,29,96,0
48283,2020,La Salle,13,2020-01-13,2020-11-25,8,62,0
48283,2021,La Salle,15,2021-01-21,2022-01-01,9,78,0
48283,2022,La Salle,15,2022-03-04,2022-12-13,22,111,1
48283,2023,La Salle,20,2023-01-06,2023-12-23,18,145,2
48283,2024,La Salle,23,2024-02-08,2024-12-25,10,124,2
48283,2025,La Salle,17,2025-01-03,2025-12-28,10,90,0
48285,2015,Lavaca,7,2015-04-06,2015-12-26,4,22,0
48285,2016,Lavaca,8,2016-01-31,2016-12-28,6,36,0
48285,2017,Lavaca,15,2017-01-10,2017-11-06,8,61,0
48285,2018,Lavaca,16,2018-03-17,2018-12-27,11,79,0
48285,2019,Lavaca,12,2019-02-01,2019-12-28,21,81,0
48285,2020,Lavaca,12,2020-01-13,2020-10-22,21,69,0
48285,2021,Lavaca,17,2021-01-22,2021-12-31,12,84,0
48285,2022,Lavaca,16,2022-04-11,2022-12-13,12,92,0
48285,2023,Lavaca,17,2023-01-01,2023-12-24,27,123,0
48285,2024,Lavaca,19,2024-02-08,2024-12-26,11,89,0
48285,2025,Lavaca,11,2025-02-04,2025-12-27,9,58,1
48287,2015,Lee,7,2015-03-31,2015-12-27,4,25,0
48287,2016,Lee,10,2016-02-19,2017-01-02,8,52,0
48287,2017,Lee,13,2017-01-10,2017-11-18,9,59,0
48287,2018,Lee,5,2018-02-27,2018-10-08,4,16,0
48287,2019,Lee,11,2019-02-02,2019-12-29,25,69,0
48287,2020,Lee,12,2020-01-15,2020-12-30,7,55,0
48287,2021,Lee,9,2021-01-22,2022-01-01,10,37,0
48287,2022,Lee,12,2022-03-04,2022-12-13,9,51,0
48287,2023,Lee,15,2023-01-01,2023-12-24,12,84,0
48287,2024,Lee,18,2024-01-23,2024-12-26,11,79,17
48287,2025,Lee,12,2025-02-03,2025-12-28,8,56,0
48289,2015,Leon,5,2015-03-31,2015-12-27,6,21,0
48289,2016,Leon,4,2016-07-06,2016-12-29,11,29,0
48289,2017,Leon,10,2017-01-10,2017-11-18,8,46,0
48289,2018,Leon,7,2018-03-17,2018-10-10,11,36,0
48289,2019,Leon,4,2019-02-02,2019-10-03,6,22,0
48289,2020,Leon,8,2020-01-15,2020-08-16,4,29,0
48289,2021,Leon,8,2021-01-19,2022-01-01,9,34,1
48289,2022,Leon,6,2022-05-03,2022-12-10,5,23,4
48289,2023,Leon,8,2023-02-21,2023-12-24,14,55,0
48289,2024,Leon,15,2024-01-25,2024-12-27,8,61,0
48289,2025,Leon,9,2025-02-03,2025-12-28,8,49,1
48291,2015,Liberty,9,2015-03-19,2015-12-27,6,33,0
48291,2016,Liberty,10,2016-01-31,2016-12-29,12,52,0
48291,2017,Liberty,8,2017-01-11,2017-11-07,12,37,0
48291,2018,Liberty,10,2018-02-15,2018-12-01,11,56,0
48291,2019,Liberty,10,2019-02-02,2019-11-30,8,51,0
48291,2020,Liberty,14,2020-01-14,2020-12-31,8,60,0
48291,2021,Liberty,9,2021-01-20,2022-01-01,9,41,0
48291,2022,Liberty,11,2022-04-21,2023-01-03,11,49,0
48291,2023,Liberty,14,2023-01-10,2023-12-24,10,83,0
48291,2024,Liberty,14,2024-01-23,2024-12-26,13,67,0
48291,2025,Liberty,10,2025-02-03,2025-12-28,9,50,1
48293,2015,Limestone,10,2015-03-31,2015-12-27,5,37,37
48293,2016,Limestone,12,2016-02-19,2016-12-29,9,67,67
48293,2017,Limestone,16,2017-01-01,2017-12-21,13,75,75
48293,2018,Limestone,12,2018-03-24,2018-12-27,10,65,65
48293,2019,Limestone,12,2019-02-01,2019-12-28,18,62,62
48293,2020,Limestone,11,2020-01-14,2020-10-22,9,52,52
48293,2021,Limestone,10,2021-01-20,2022-01-01,10,47,47
48293,2022,Limestone,12,2022-04-21,2022-12-13,11,72,6
48293,2023,Limestone,18,2023-01-01,2023-12-24,14,104,0
48293,2024,Limestone,20,2024-01-23,2024-12-30,12,103,4
48293,2025,Limestone,13,2025-01-28,2025-12-27,8,60,10
48295,2015,Lipscomb,9,2015-01-25,2015-12-24,5,34,0
48295,2016,Lipscomb,7,2016-04-14,2016-11-07,9,30,1
48295,2017,Lipscomb,9,2017-01-15,2017-10-05,8,49,1
48295,2018,Lipscomb,5,2018-04-30,2018-09-20,7,24,0
48295,2019,Lipscomb,7,2019-02-02,2019-12-26,8,34,0
48295,2020,Lipscomb,4,2020-03-10,2020-11-21,5,15,0
48295,2021,Lipscomb,8,2021-04-26,2021-12-27,4,29,0
48295,2022,Lipscomb,8,2022-05-08,2022-09-20,9,34,0
48295,2023,Lipscomb,9,2023-01-14,2023-12-24,9,49,0
48295,2024,Lipscomb,11,2024-01-23,2024-12-31,19,62,0
48295,2025,Lipscomb,9,2025-01-30,2025-12-28,14,52,0
48297,2015,Live Oak,9,2015-03-31,2015-12-27,4,29,0
48297,2016,Live Oak,8,2016-03-15,2016-12-29,14,49,0
48297,2017,Live Oak,15,2017-01-11,2017-12-05,7,57,0
48297,2018,Live Oak,14,2018-02-15,2018-11-08,8,55,0
48297,2019,Live Oak,14,2019-01-07,2019-12-29,8,74,0
48297,2020,Live Oak,12,2020-01-09,2020-12-30,8,52,0
48297,2021,Live Oak,11,2021-01-22,2022-01-01,9,48,0
48297,2022,Live Oak,10,2022-04-11,2022-12-14,10,52,0
48297,2023,Live Oak,18,2023-02-21,2023-12-24,14,100,0
48297,2024,Live Oak,18,2024-01-23,2024-12-26,16,94,0
48297,2025,Live Oak,13,2025-02-03,2025-12-28,10,77,0
48299,2015,Llano,8,2015-01-29,2015-11-06,6,33,0
48299,2016,Llano,13,2016-02-18,2017-01-03,9,62,0
48299,2017,Llano,13,2017-01-10,2017-11-17,10,59,0
48299,2018,Llano,6,2018-02-14,2018-10-09,8,28,0
48299,2019,Llano,10,2019-01-15,2019-12-28,16,54,0
48299,2020,Llano,12,2020-01-13,2020-12-30,11,53,0
48299,2021,Llano,8,2021-01-19,2021-12-29,7,33,0
48299,2022,Llano,12,2022-03-04,2022-12-13,11,59,0
48299,2023,Llano,11,2023-01-01,2023-12-24,15,79,0
48299,2024,Llano,12,2024-01-23,2024-12-26,7,47,0
48299,2025,Llano,7,2025-01-28,2025-12-28,7,35,0
48301,2015,Loving,12,2015-01-28,2015-12-26,6,54,54
48301,2016,Loving,12,2016-02-18,2017-01-02,13,69,69
48301,2017,Loving,14,2017-01-10,2017-12-04,12,69,69
48301,2018,Loving,15,2018-02-18,2018-10-08,12,71,71
48301,2019,Loving,13,2019-01-07,2019-12-28,15,78,78
48301,2020,Loving,10,2020-03-01,2020-11-24,12,61,61
48301,2021,Loving,10,2021-01-21,2021-12-29,7,44,44
48301,2022,Loving,12,2022-04-20,2023-01-03,23,82,82
48301,2023,Loving,14,2023-01-10,2023-12-24,25,122,122
48301,2024,Loving,23,2024-01-23,2024-12-30,19,116,116
48301,2025,Loving,14,2025-02-03,2025-12-28,14,78,78
48303,2015,Lubbock,9,2015-01-27,2015-12-25,6,36,0
48303,2016,Lubbock,14,2016-01-30,2016-12-26,11,60,0
48303,2017,Lubbock,12,2017-01-09,2017-12-04,8,51,0
48303,2018,Lubbock,11,2018-03-16,2018-12-01,9,55,0
48303,2019,Lubbock,10,2019-01-06,2019-12-28,11,52,0
48303,2020,Lubbock,9,2020-03-08,2020-12-29,11,49,0
48303,2021,Lubbock,13,2021-01-19,2021-12-31,9,53,0
48303,2022,Lubbock,11,2022-04-20,2023-01-04,8,52,0
48303,2023,Lubbock,14,2023-01-14,2023-12-23,8,68,0
48303,2024,Lubbock,16,2024-01-24,2024-12-30,12,74,0
48303,2025,Lubbock,11,2025-02-02,2025-12-27,10,52,0
48305,2015,Lynn,8,2015-01-28,2015-12-26,5,30,0
48305,2016,Lynn,15,2016-02-18,2016-12-26,14,67,0
48305,2017,Lynn,8,2017-01-19,2017-12-04,8,33,0
48305,2018,Lynn,10,2018-03-23,2018-10-05,9,52,0
48305,2019,Lynn,9,2019-01-07,2019-12-28,14,49,0
48305,2020,Lynn,8,2020-03-02,2020-11-24,6,34,0
48305,2021,Lynn,6,2021-03-10,2022-01-01,9,30,0
48305,2022,Lynn,10,2022-03-28,2022-12-12,10,48,0
48305,2023,Lynn,11,2023-01-01,2023-12-24,7,48,0
48305,2024,Lynn,12,2024-02-01,2024-12-30,7,58,0
48305,2025,Lynn,8,2025-02-03,2025-12-28,10,40,0
48307,2015,McCulloch,10,2015-01-29,2015-12-25,6,41,0
48307,2016,McCulloch,10,2016-02-18,2016-12-29,7,43,0
48307,2017,McCulloch,12,2017-01-10,2017-12-04,6,47,0
48307,2018,McCulloch,8,2018-02-14,2018-10-07,10,44,0
48307,2019,McCulloch,8,2019-01-06,2019-12-28,14,45,0
48307,2020,McCulloch,12,2020-01-13,2020-12-29,6,46,1
48307,2021,McCulloch,7,2021-01-21,2021-12-31,9,34,0
48307,2022,McCulloch,12,2022-04-21,2022-12-13,10,67,0
48307,2023,McCulloch,14,2023-01-01,2023-12-23,13,76,1
48307,2024,McCulloch,10,2024-03-30,2024-12-25,4,33,0
48307,2025,McCulloch,4,2025-02-03,2025-12-28,6,20,6
48309,2015,McLennan,11,2015-03-31,2015-12-26,7,43,0
48309,2016,McLennan,15,2016-02-19,2016-12-31,11,70,0
48309,2017,McLennan,15,2017-01-10,2017-11-17,8,69,0
48309,2018,McLennan,14,2018-03-23,2018-12-27,9,64,0
48309,2019,McLennan,6,2019-02-01,2019-10-06,17,44,0
48309,2020,McLennan,10,2020-03-01,2020-12-29,9,43,0
48309,2021,McLennan,9,2021-01-19,2021-12-31,9,43,0
48309,2022,McLennan,12,2022-04-20,2022-12-13,21,85,0
48309,2023,McLennan,10,2023-01-01,2023-12-24,14,59,0
48309,2024,McLennan,19,2024-01-23,2024-12-30,6,70,0
48309,2025,McLennan,9,2025-02-03,2025-12-28,9,43,0
48311,2015,McMullen,12,2015-01-30,2015-12-27,7,47,0
48311,2016,McMullen,10,2016-02-19,2016-12-29,14,56,1
48311,2017,McMullen,9,2017-01-11,2017-11-07,7,39,0
48311,2018,McMullen,9,2018-02-16,2018-10-08,6,32,0
48311,2019,McMullen,11,2019-01-08,2019-12-29,9,60,0
48311,2020,McMullen,9,2020-01-14,2020-11-15,8,44,0
48311,2021,McMullen,9,2021-01-22,2022-01-01,9,38,0
48311,2022,McMullen,8,2022-04-21,2022-12-14,9,43,0
48311,2023,McMullen,12,2023-03-07,2023-12-24,9,69,0
48311,2024,McMullen,13,2024-01-24,2024-12-26,10,63,0
48311,2025,McMullen,12,2025-01-03,2025-12-28,9,60,0
48313,2015,Madison,4,2015-04-01,2015-12-27,5,14,0
48313,2016,Madison,7,2016-02-20,2016-12-29,6,29,0
48313,2017,Madison,7,2017-01-11,2017-11-07,4,22,1
48313,2018,Madison,4,2018-03-25,2018-10-09,6,18,0
48313,2019,Madison,3,2019-02-02,2019-10-01,6,12,0
48313,2020,Madison,8,2020-03-02,2020-10-21,9,38,7
48313,2021,Madison,6,2021-01-21,2022-01-01,8,26,3
48313,2022,Madison,9,2022-05-02,2022-12-14,10,51,10
48313,2023,Madison,12,2023-02-21,2023-12-24,14,72,7
48313,2024,Madison,10,2024-02-09,2024-12-26,6,41,5
48313,2025,Madison,6,2025-02-03,2025-12-28,7,33,3
48315,2015,Marion,10,2015-04-07,2015-12-27,12,44,22
48315,2016,Marion,13,2016-02-20,2016-12-29,8,62,3
48315,2017,Marion,14,2017-01-01,2017-12-22,13,55,1
48315,2018,Marion,10,2018-02-16,2018-10-10,9,49,0
48315,2019,Marion,6,2019-02-02,2019-12-29,6,23,7
48315,2020,Marion,8,2020-01-27,2020-10-23,6,31,1
48315,2021,Marion,8,2021-01-20,2022-01-01,9,36,0
48315,2022,Marion,11,2022-04-11,2023-01-03,9,43,1
48315,2023,Marion,10,2023-02-20,2023-12-25,6,45,2
48315,2024,Marion,13,2024-02-03,2024-12-30,6,51,2
48315,2025,Marion,5,2025-02-04,2025-12-28,8,30,5
48317,2015,Martin,10,2015-01-28,2015-12-26,5,39,39
48317,2016,Martin,14,2016-02-18,2017-01-03,15,77,77
48317,2017,Martin,12,2017-01-10,2017-12-04,8,60,60
48317,2018,Martin,13,2018-03-23,2018-10-08,9,70,70
48317,2019,Martin,9,2019-01-06,2019-12-28,17,68,68
48317,2020,Martin,10,2020-03-01,2020-11-24,11,57,57
48317,2021,Martin,10,2021-01-21,2021-12-31,9,48,48
48317,2022,Martin,11,2022-04-20,2023-01-04,25,93,93
48317,2023,Martin,17,2023-01-10,2023-12-24,15,109,109
48317,2024,Martin,23,2024-01-23,2024-12-30,17,116,116
48317,2025,Martin,10,2025-02-03,2025-12-28,14,63,63
48319,2015,Mason,12,2015-01-29,2015-12-26,6,45,0
48319,2016,Mason,12,2016-03-07,2016-12-31,9,64,0
48319,2017,Mason,16,2017-01-10,2017-12-05,13,77,0
48319,2018,Mason,11,2018-02-15,2018-10-08,9,43,0
48319,2019,Mason,12,2019-01-07,2019-12-28,14,60,0
48319,2020,Mason,10,2020-01-14,2020-10-22,11,46,0
48319,2021,Mason,10,2021-01-22,2021-12-31,10,44,0
48319,2022,Mason,13,2022-04-11,2022-12-13,18,83,0
48319,2023,Mason,15,2023-01-01,2023-12-23,14,90,0
48319,2024,Mason,21,2024-01-23,2024-12-26,8,87,0
48319,2025,Mason,7,2025-02-03,2025-12-28,7,38,0
48321,2015,Matagorda,11,2015-03-19,2015-12-26,6,46,0
48321,2016,Matagorda,10,2016-01-31,2016-12-29,8,48,0
48321,2017,Matagorda,8,2017-01-10,2017-11-07,9,37,0
48321,2018,Matagorda,6,2018-02-15,2018-11-08,7,26,0
48321,2019,Matagorda,10,2019-02-01,2019-11-30,6,41,0
48321,2020,Matagorda,9,2020-01-14,2020-12-30,8,44,0
48321,2021,Matagorda,9,2021-01-20,2022-01-01,9,39,0
48321,2022,Matagorda,10,2022-04-20,2022-12-13,9,44,0
48321,2023,Matagorda,12,2023-01-01,2023-10-28,11,69,0
48321,2024,Matagorda,7,2024-02-08,2024-12-16,7,30,0
48321,2025,Matagorda,8,2025-02-04,2025-12-28,8,45,0
48323,2015,Maverick,1,2015-04-02,2015-04-08,7,7,0
48323,2016,Maverick,3,2016-11-06,2016-12-28,5,11,0
48323,2017,Maverick,1,2017-05-17,2017-05-20,4,4,0
48323,2018,Maverick,1,2018-02-15,2018-02-21,7,7,0
48323,2019,Maverick,4,2019-02-02,2019-12-28,6,18,18
48323,2020,Maverick,3,2020-01-14,2020-04-09,4,10,10
48323,2021,Maverick,4,2021-01-22,2022-01-01,9,20,20
48323,2022,Maverick,2,2022-11-08,2022-12-13,9,13,13
48323,2023,Maverick,7,2023-07-11,2023-12-24,6,27,27
48323,2024,Maverick,9,2024-02-08,2024-12-26,7,37,37
48323,2025,Maverick,4,2025-02-04,2025-12-28,7,22,22
48325,2015,Medina,6,2015-03-31,2015-09-19,6,23,0
48325,2016,Medina,8,2016-02-19,2016-12-29,13,51,0
48325,2017,Medina,10,2017-01-11,2017-11-18,11,50,0
48325,2018,Medina,11,2018-02-15,2018-10-09,10,51,0
48325,2019,Medina,12,2019-01-07,2019-12-28,7,57,0
48325,2020,Medina,10,2020-01-14,2020-11-24,10,48,0
48325,2021,Medina,11,2021-03-10,2022-01-01,9,44,0
48325,2022,Medina,14,2022-03-04,2022-12-13,9,69,1
48325,2023,Medina,11,2023-02-22,2023-12-23,9,51,0
48325,2024,Medina,17,2024-02-08,2024-12-17,9,87,0
48325,2025,Medina,11,2025-02-04,2025-12-28,7,62,0
48327,2015,Menard,6,2015-04-01,2015-10-24,5,20,0
48327,2016,Menard,9,2016-02-19,2016-12-29,8,47,0
48327,2017,Menard,10,2017-01-11,2017-12-05,7,40,0
48327,2018,Menard,4,2018-06-23,2018-10-05,5,15,0
48327,2019,Menard,5,2019-02-01,2019-10-02,12,30,1
48327,2020,Menard,10,2020-01-13,2020-11-10,7,42,1
48327,2021,Menard,6,2021-01-23,2021-12-29,6,23,1
48327,2022,Menard,10,2022-04-21,2022-12-12,8,47,0
48327,2023,Menard,7,2023-06-26,2023-12-25,15,49,1
48327,2024,Menard,13,2024-02-02,2024-12-26,6,50,0
48327,2025,Menard,6,2025-02-04,2025-12-28,6,26,0
48329,2015,Midland,12,2015-01-28,2015-12-12,6,46,0
48329,2016,Midland,13,2016-02-18,2017-01-02,25,89,0
48329,2017,Midland,12,2017-01-10,2017-12-04,10,58,0
48329,2018,Midland,14,2018-04-30,2018-12-01,16,81,0
48329,2019,Midland,9,2019-01-06,2019-12-28,16,71,0
48329,2020,Midland,10,2020-03-01,2020-11-23,10,50,0
48329,2021,Midland,8,2021-01-21,2021-12-29,7,36,0
48329,2022,Midland,12,2022-04-20,2023-01-04,12,70,0
48329,2023,Midland,15,2023-01-15,2023-12-24,15,100,0
48329,2024,Midland,16,2024-02-01,2024-12-30,20,83,0
48329,2025,Midland,11,2025-02-02,2025-12-28,14,66,0
48331,2015,Milam,5,2015-04-01,2015-12-27,5,18,18
48331,2016,Milam,6,2016-06-12,2016-12-29,6,26,26
48331,2017,Milam,8,2017-01-10,2017-11-17,8,31,23
48331,2018,Milam,9,2018-03-16,2018-12-01,6,34,0
48331,2019,Milam,9,2019-02-01,2019-12-28,8,43,0
48331,2020,Milam,11,2020-01-14,2020-12-29,6,47,0
48331,2021,Milam,9,2021-01-22,2021-12-31,9,36,0
48331,2022,Milam,13,2022-04-20,2022-12-13,14,71,4
48331,2023,Milam,16,2023-01-01,2023-12-24,18,90,0
48331,2024,Milam,16,2024-01-23,2024-12-26,5,57,0
48331,2025,Milam,10,2025-02-03,2025-12-27,8,45,1
48333,2015,Mills,5,2015-04-01,2015-12-26,5,19,0
48333,2016,Mills,7,2016-06-12,2016-12-29,6,31,0
48333,2017,Mills,7,2017-01-11,2017-11-18,5,23,0
48333,2018,Mills,6,2018-03-25,2018-10-08,5,23,1
48333,2019,Mills,6,2019-01-07,2019-12-28,12,34,0
48333,2020,Mills,6,2020-01-14,2020-10-23,5,22,0
48333,2021,Mills,3,2021-03-11,2022-01-01,9,15,0
48333,2022,Mills,10,2022-04-21,2022-12-14,11,58,0
48333,2023,Mills,11,2023-01-10,2023-12-24,14,66,1
48333,2024,Mills,10,2024-01-24,2024-12-26,6,36,0
48333,2025,Mills,5,2025-02-04,2025-12-28,8,26,14
48335,2015,Mitchell,8,2015-01-28,2015-12-26,5,31,31
48335,2016,Mitchell,11,2016-01-06,2017-01-03,13,60,60
48335,2017,Mitchell,10,2017-01-10,2017-12-04,8,50,50
48335,2018,Mitchell,9,2018-03-23,2018-12-01,8,40,40
48335,2019,Mitchell,10,2019-01-06,2019-12-28,14,59,59
48335,2020,Mitchell,8,2020-01-14,2020-11-24,9,39,39
48335,2021,Mitchell,7,2021-01-19,2021-12-31,8,33,33
48335,2022,Mitchell,9,2022-04-21,2022-12-13,22,64,64
48335,2023,Mitchell,15,2023-01-01,2023-12-24,14,82,82
48335,2024,Mitchell,20,2024-01-23,2024-12-30,15,90,90
48335,2025,Mitchell,9,2025-02-03,2025-12-28,9,54,54
48337,2015,Montague,5,2015-02-08,2015-10-23,4,17,0
48337,2016,Montague,6,2016-02-19,2016-11-08,12,32,0
48337,2017,Montague,6,2017-02-05,2017-12-21,7,25,0
48337,2018,Montague,8,2018-05-12,2018-10-08,8,37,0
48337,2019,Montague,3,2019-02-01,2019-12-28,13,23,0
48337,2020,Montague,6,2020-03-01,2020-11-10,4,20,0
48337,2021,Montague,5,2021-01-20,2021-12-29,6,24,0
48337,2022,Montague,10,2022-04-21,2022-12-13,8,49,0
48337,2023,Montague,13,2023-01-01,2023-12-24,6,52,0
48337,2024,Montague,12,2024-01-24,2024-12-26,6,47,0
48337,2025,Montague,2,2025-11-17,2025-12-27,8,12,0
48339,2015,Montgomery,9,2015-04-01,2015-12-27,7,35,0
48339,2016,Montgomery,11,2016-02-19,2016-12-28,13,64,0
48339,2017,Montgomery,13,2017-01-10,2017-11-07,13,57,0
48339,2018,Montgomery,9,2018-03-24,2018-12-27,7,40,0
48339,2019,Montgomery,12,2019-02-01,2019-12-28,9,56,0
48339,2020,Montgomery,14,2020-01-14,2020-12-30,9,68,0
48339,2021,Montgomery,10,2021-01-19,2022-01-01,10,43,0
48339,2022,Montgomery,11,2022-05-02,2022-12-13,9,55,0
48339,2023,Montgomery,14,2023-01-01,2023-12-24,14,88,0
48339,2024,Montgomery,13,2024-01-23,2024-12-26,7,61,0
48339,2025,Montgomery,9,2025-02-03,2025-12-28,8,45,0
48341,2015,Moore,13,2015-01-26,2015-12-23,7,58,0
48341,2016,Moore,8,2016-02-17,2016-12-26,9,36,4
48341,2017,Moore,11,2017-01-21,2017-12-04,8,53,49
48341,2018,Moore,7,2018-04-30,2018-09-21,8,37,0
48341,2019,Moore,7,2019-02-04,2019-12-26,6,28,1
48341,2020,Moore,9,2020-03-08,2020-11-24,7,43,0
48341,2021,Moore,13,2021-03-08,2021-12-28,8,54,13
48341,2022,Moore,10,2022-05-09,2023-01-03,11,52,1
48341,2023,Moore,18,2023-01-10,2023-12-24,12,88,88
48341,2024,Moore,25,2024-01-23,2024-12-30,12,122,122
48341,2025,Moore,11,2025-03-02,2025-12-28,16,65,65
48343,2015,Morris,8,2015-04-07,2015-12-27,5,28,0
48343,2016,Morris,9,2016-02-19,2016-12-29,7,39,0
48343,2017,Morris,7,2017-01-01,2017-11-17,13,33,0
48343,2018,Morris,7,2018-03-24,2018-10-09,7,30,0
48343,2019,Morris,4,2019-02-02,2019-12-29,13,29,0
48343,2020,Morris,8,2020-01-14,2020-11-10,4,25,0
48343,2021,Morris,6,2021-03-10,2022-01-01,9,26,0
48343,2022,Morris,6,2022-07-07,2023-01-03,8,25,1
48343,2023,Morris,6,2023-01-16,2023-12-24,6,27,1
48343,2024,Morris,11,2024-01-23,2024-12-28,5,39,0
48343,2025,Morris,5,2025-02-03,2025-12-27,8,30,0
48345,2015,Motley,5,2015-01-25,2015-12-12,6,22,0
48345,2016,Motley,7,2016-01-29,2016-11-29,4,22,0
48345,2017,Motley,6,2017-01-19,2017-10-06,5,24,0
48345,2018,Motley,3,2018-05-10,2018-08-28,5,14,0
48345,2019,Motley,4,2019-01-06,2019-10-02,8,19,0
48345,2020,Motley,3,2020-06-29,2020-11-22,4,11,0
48345,2021,Motley,5,2021-06-10,2021-12-31,8,21,0
48345,2022,Motley,11,2022-03-03,2022-12-08,7,43,0
48345,2023,Motley,6,2023-01-15,2023-12-24,5,23,0
48345,2024,Motley,10,2024-01-29,2024-12-27,12,46,0
48345,2025,Motley,6,2025-02-01,2025-12-28,6,22,0
48347,2015,Nacogdoches,7,2015-03-18,2015-12-13,5,23,0
48347,2016,Nacogdoches,4,2016-01-31,2016-12-26,4,13,0
48347,2017,Nacogdoches,8,2017-01-09,2017-11-06,10,50,0
48347,2018,Nacogdoches,10,2018-02-18,2018-12-27,7,43,0
48347,2019,Nacogdoches,4,2019-02-04,2019-10-01,4,14,0
48347,2020,Nacogdoches,4,2020-03-10,2020-12-30,6,18,0
48347,2021,Nacogdoches,11,2021-01-19,2021-12-31,8,45,0
48347,2022,Nacogdoches,11,2022-04-21,2023-01-03,11,48,0
48347,2023,Nacogdoches,11,2023-01-16,2023-12-24,10,55,0
48347,2024,Nacogdoches,12,2024-01-23,2024-12-27,8,49,2
48347,2025,Nacogdoches,8,2025-02-04,2025-12-28,7,37,0
48349,2015,Navarro,15,2015-03-18,2015-12-27,6,58,0
48349,2016,Navarro,17,2016-02-19,2017-01-03,10,92,0
48349,2017,Navarro,17,2017-01-10,2017-12-21,13,87,0
48349,2018,Navarro,15,2018-02-27,2018-10-09,10,71,0
48349,2019,Navarro,8,2019-01-07,2019-10-06,19,46,0
48349,2020,Navarro,9,2020-01-14,2020-10-12,7,39,0
48349,2021,Navarro,9,2021-01-20,2022-01-01,10,40,0
48349,2022,Navarro,14,2022-04-21,2023-01-03,13,90,0
48349,2023,Navarro,13,2023-03-06,2023-12-24,14,84,0
48349,2024,Navarro,17,2024-01-24,2024-12-26,13,90,0
48349,2025,Navarro,13,2025-02-06,2025-12-28,8,58,0
48351,2015,Newton,15,2015-03-18,2015-12-27,7,59,0
48351,2016,Newton,17,2016-02-19,2016-12-28,7,70,3
48351,2017,Newton,14,2017-01-10,2017-11-07,13,72,0
48351,2018,Newton,13,2018-02-14,2018-12-27,11,66,0
48351,2019,Newton,13,2019-02-01,2019-11-30,6,58,0
48351,2020,Newton,13,2020-01-13,2020-09-17,9,67,0
48351,2021,Newton,14,2021-01-20,2022-01-01,9,62,0
48351,2022,Newton,8,2022-05-02,2023-01-03,11,35,0
48351,2023,Newton,10,2023-02-21,2023-10-28,16,78,0
48351,2024,Newton,17,2024-01-23,2024-12-18,13,82,0
48351,2025,Newton,9,2025-02-03,2025-12-28,8,50,1
48353,2015,Nolan,6,2015-04-01,2015-12-24,5,21,1
48353,2016,Nolan,10,2016-02-19,2016-12-26,12,45,0
48353,2017,Nolan,5,2017-01-19,2017-09-26,12,26,2
48353,2018,Nolan,9,2018-03-23,2018-10-06,8,43,1
48353,2019,Nolan,7,2019-02-01,2019-12-28,13,41,1
48353,2020,Nolan,7,2020-03-01,2020-08-29,10,32,1
48353,2021,Nolan,5,2021-03-10,2022-01-01,9,22,0
48353,2022,Nolan,11,2022-03-28,2022-12-13,10,63,0
48353,2023,Nolan,11,2023-01-15,2023-12-24,8,51,0
48353,2024,Nolan,14,2024-02-01,2024-12-25,8,56,0
48353,2025,Nolan,8,2025-03-26,2025-12-28,7,37,0
48355,2015,Nueces,10,2015-04-07,2015-12-27,6,40,0
48355,2016,Nueces,18,2016-02-20,2016-12-29,17,113,0
48355,2017,Nueces,17,2017-01-11,2017-11-18,8,75,0
48355,2018,Nueces,13,2018-02-16,2018-11-08,9,63,0
48355,2019,Nueces,16,2019-01-07,2019-12-28,9,85,0
48355,2020,Nueces,12,2020-01-13,2020-12-30,9,60,0
48355,2021,Nueces,10,2021-01-22,2022-01-01,9,44,0
48355,2022,Nueces,10,2022-04-11,2022-12-13,8,47,0
48355,2023,Nueces,17,2023-01-16,2023-12-24,14,96,0
48355,2024,Nueces,18,2024-02-09,2024-12-26,18,101,0
48355,2025,Nueces,18,2025-02-03,2025-12-28,11,100,0
48357,2015,Ochiltree,17,2015-01-19,2015-12-26,9,88,14
48357,2016,Ochiltree,17,2016-01-06,2016-11-17,12,91,2
48357,2017,Ochiltree,13,2017-01-15,2017-12-04,16,80,18
48357,2018,Ochiltree,14,2018-03-03,2018-10-04,9,65,0
48357,2019,Ochiltree,12,2019-01-06,2019-12-27,9,55,0
48357,2020,Ochiltree,5,2020-01-23,2020-11-24,6,19,0
48357,2021,Ochiltree,5,2021-03-06,2021-12-26,6,25,5
48357,2022,Ochiltree,11,2022-04-21,2023-01-03,14,67,59
48357,2023,Ochiltree,21,2023-01-09,2023-12-24,13,119,119
48357,2024,Ochiltree,24,2024-01-22,2024-12-31,21,151,151
48357,2025,Ochiltree,19,2025-01-30,2025-12-28,18,109,109
48359,2015,Oldham,7,2015-01-26,2015-10-22,6,32,0
48359,2016,Oldham,5,2016-02-18,2016-11-07,7,22,0
48359,2017,Oldham,9,2017-01-09,2017-11-25,7,43,0
48359,2018,Oldham,9,2018-03-23,2018-12-27,4,29,0
48359,2019,Oldham,7,2019-02-03,2019-10-02,7,27,0
48359,2020,Oldham,9,2020-03-08,2020-11-24,6,35,0
48359,2021,Oldham,6,2021-01-23,2021-12-26,4,21,0
48359,2022,Oldham,9,2022-05-08,2022-11-10,10,41,0
48359,2023,Oldham,9,2023-01-15,2023-12-24,7,39,0
48359,2024,Oldham,10,2024-01-24,2024-12-30,8,40,0
48359,2025,Oldham,6,2025-03-27,2025-12-27,9,27,0
48361,2015,Orange,8,2015-03-19,2015-12-27,6,29,0
48361,2016,Orange,10,2016-03-08,2016-12-29,6,40,1
48361,2017,Orange,11,2017-01-11,2017-11-08,12,55,0
48361,2018,Orange,8,2018-02-15,2018-10-09,16,41,0
48361,2019,Orange,12,2019-02-02,2019-12-01,8,58,3
48361,2020,Orange,11,2020-01-14,2020-11-11,11,54,7
48361,2021,Orange,13,2021-01-21,2022-01-01,8,56,1
48361,2022,Orange,10,2022-05-01,2023-01-03,10,44,1
48361,2023,Orange,12,2023-02-21,2023-10-29,13,83,0
48361,2024,Orange,11,2024-01-24,2024-12-18,13,62,1
48361,2025,Orange,7,2025-02-04,2025-12-28,9,39,2
48363,2015,Palo Pinto,11,2015-01-27,2015-12-13,8,45,0
48363,2016,Palo Pinto,16,2016-01-06,2016-12-26,15,73,2
48363,2017,Palo Pinto,14,2017-01-10,2017-12-20,9,59,1
48363,2018,Palo Pinto,15,2018-03-23,2018-12-01,8,69,0
48363,2019,Palo Pinto,8,2019-01-06,2019-12-28,15,56,5
48363,2020,Palo Pinto,14,2020-01-01,2020-12-29,5,46,0
48363,2021,Palo Pinto,7,2021-01-21,2021-12-31,8,30,0
48363,2022,Palo Pinto,14,2022-04-10,2023-01-03,15,78,0
48363,2023,Palo Pinto,19,2023-01-09,2023-12-23,11,93,1
48363,2024,Palo Pinto,19,2024-01-24,2024-12-30,11,88,2
48363,2025,Palo Pinto,9,2025-01-28,2025-12-27,5,34,0
48365,2015,Panola,10,2015-06-22,2015-12-13,12,54,0
48365,2016,Panola,15,2016-01-06,2016-12-29,6,68,0
48365,2017,Panola,14,2017-01-11,2017-11-18,12,68,0
48365,2018,Panola,10,2018-03-17,2018-10-10,11,65,0
48365,2019,Panola,6,2019-02-02,2019-10-04,9,34,0
48365,2020,Panola,10,2020-01-15,2020-12-31,9,52,0
48365,2021,Panola,13,2021-01-20,2022-01-01,16,67,0
48365,2022,Panola,10,2022-05-09,2022-12-14,9,54,3
48365,2023,Panola,12,2023-02-21,2023-12-25,13,61,4
48365,2024,Panola,13,2024-01-24,2024-12-28,9,62,0
48365,2025,Panola,7,2025-02-04,2025-12-28,9,39,0
48367,2015,Parker,5,2015-04-01,2015-10-24,5,18,0
48367,2016,Parker,10,2016-02-19,2016-12-29,11,49,0
48367,2017,Parker,11,2017-01-10,2017-12-04,7,40,0
48367,2018,Parker,9,2018-05-01,2018-10-09,10,43,0
48367,2019,Parker,4,2019-01-07,2019-12-29,12,26,0
48367,2020,Parker,7,2020-01-14,2020-12-30,6,27,0
48367,2021,Parker,6,2021-01-21,2021-12-29,6,27,0
48367,2022,Parker,10,2022-04-21,2022-12-13,24,65,1
48367,2023,Parker,18,2023-01-01,2023-12-24,8,75,0
48367,2024,Parker,17,2024-01-24,2024-12-28,7,70,0
48367,2025,Parker,6,2025-01-29,2025-12-27,8,31,1
48369,2015,Parmer,14,2015-01-28,2015-12-24,7,60,0
48369,2016,Parmer,4,2016-02-17,2016-12-26,6,18,0
48369,2017,Parmer,10,2017-01-10,2017-11-28,7,42,0
48369,2018,Parmer,3,2018-04-30,2018-10-04,8,15,0
48369,2019,Parmer,8,2019-02-03,2019-12-28,9,38,0
48369,2020,Parmer,5,2020-03-09,2020-11-24,6,25,0
48369,2021,Parmer,7,2021-05-22,2021-12-29,6,29,0
48369,2022,Parmer,8,2022-05-08,2022-12-08,10,48,0
48369,2023,Parmer,14,2023-01-01,2023-12-24,8,60,0
48369,2024,Parmer,14,2024-01-25,2024-12-30,15,79,0
48369,2025,Parmer,10,2025-02-06,2025-12-28,10,44,0
48371,2015,Pecos,8,2015-01-28,2015-12-25,6,33,0
48371,2016,Pecos,12,2016-02-18,2017-01-02,11,61,0
48371,2017,Pecos,11,2017-01-09,2017-12-04,9,51,0
48371,2018,Pecos,11,2018-01-09,2018-12-01,8,44,0
48371,2019,Pecos,9,2019-02-02,2019-12-28,6,39,0
48371,2020,Pecos,13,2020-01-14,2020-12-11,7,48,0
48371,2021,Pecos,8,2021-01-21,2021-12-31,10,40,0
48371,2022,Pecos,11,2022-03-04,2023-01-04,8,49,0
48371,2023,Pecos,15,2023-01-09,2023-12-24,15,98,0
48371,2024,Pecos,20,2024-01-23,2024-12-30,7,87,0
48371,2025,Pecos,17,2025-02-02,2025-12-28,8,79,0
48373,2015,Polk,11,2015-03-18,2015-12-27,9,43,29
48373,2016,Polk,10,2016-01-31,2016-12-29,6,43,39
48373,2017,Polk,8,2017-01-10,2017-11-07,9,36,33
48373,2018,Polk,6,2018-02-19,2018-10-10,8,25,9
48373,2019,Polk,10,2019-02-02,2019-10-03,7,45,41
48373,2020,Polk,9,2020-01-14,2020-09-03,9,43,43
48373,2021,Polk,9,2021-01-22,2022-01-01,9,36,36
48373,2022,Polk,13,2022-04-21,2022-12-13,9,61,61
48373,2023,Polk,14,2023-01-01,2023-10-28,15,85,85
48373,2024,Polk,13,2024-01-24,2024-12-17,8,64,64
48373,2025,Polk,10,2025-02-03,2025-12-28,8,45,45
48375,2015,Potter,5,2015-01-26,2015-12-12,6,23,0
48375,2016,Potter,3,2016-02-18,2016-11-03,4,10,0
48375,2017,Potter,10,2017-01-19,2017-12-04,6,39,0
48375,2018,Potter,4,2018-05-07,2018-10-03,7,18,0
48375,2019,Potter,6,2019-02-03,2019-12-27,9,27,0
48375,2020,Potter,5,2020-03-08,2020-11-24,7,21,0
48375,2021,Potter,8,2021-05-22,2021-12-28,5,27,0
48375,2022,Potter,5,2022-06-11,2022-09-20,6,24,0
48375,2023,Potter,10,2023-01-09,2023-12-24,7,41,0
48375,2024,Potter,13,2024-01-24,2024-12-27,9,58,0
48375,2025,Potter,9,2025-03-26,2025-12-27,6,38,0
48377,2015,Presidio,5,2015-01-29,2015-10-22,5,19,0
48377,2016,Presidio,10,2016-01-04,2016-12-31,10,39,13
48377,2017,Presidio,7,2017-01-13,2017-10-06,5,25,0
48377,2018,Presidio,10,2018-01-09,2018-11-25,7,38,0
48377,2019,Presidio,18,2019-01-06,2019-12-27,26,123,0
48377,2020,Presidio,22,2020-01-14,2020-12-30,19,151,0
48377,2021,Presidio,25,2021-01-19,2022-01-01,11,119,0
48377,2022,Presidio,25,2022-01-07,2023-01-03,21,173,2
48377,2023,Presidio,24,2023-01-10,2023-12-24,50,210,9
48377,2024,Presidio,15,2024-06-15,2025-01-01,29,139,0
48377,2025,Presidio,25,2025-01-03,2025-12-31,33,245,1
48379,2015,Rains,8,2015-03-31,2015-12-27,5,30,0
48379,2016,Rains,11,2016-02-19,2016-12-29,8,56,0
48379,2017,Rains,14,2017-01-01,2017-12-22,7,58,0
48379,2018,Rains,9,2018-03-24,2018-12-27,10,47,0
48379,2019,Rains,6,2019-02-02,2019-12-29,16,39,6
48379,2020,Rains,8,2020-01-15,2020-10-23,6,29,0
48379,2021,Rains,8,2021-01-21,2022-01-01,9,34,0
48379,2022,Rains,14,2022-04-11,2023-01-03,9,67,0
48379,2023,Rains,11,2023-03-06,2023-12-24,6,50,0
48379,2024,Rains,16,2024-01-24,2024-12-31,8,62,2
48379,2025,Rains,9,2025-01-29,2025-12-28,8,45,0
48381,2015,Randall,3,2015-01-28,2015-12-25,4,10,0
48381,2016,Randall,4,2016-02-19,2016-11-03,3,12,0
48381,2017,Randall,5,2017-01-19,2017-10-06,4,18,1
48381,2018,Randall,3,2018-05-10,2018-08-28,4,11,0
48381,2019,Randall,6,2019-07-16,2019-12-27,8,31,0
48381,2020,Randall,2,2020-11-21,2020-12-29,4,7,3
48381,2021,Randall,7,2021-04-26,2021-12-29,6,27,3
48381,2022,Randall,8,2022-06-09,2022-12-10,9,38,8
48381,2023,Randall,11,2023-01-01,2023-10-26,6,42,11
48381,2024,Randall,13,2024-01-24,2024-12-26,7,49,1
48381,2025,Randall,6,2025-04-24,2025-12-28,6,27,6
48383,2015,Reagan,9,2015-01-28,2015-12-25,6,37,0
48383,2016,Reagan,10,2016-01-06,2017-01-04,14,50,0
48383,2017,Reagan,10,2017-01-11,2017-12-05,11,63,0
48383,2018,Reagan,12,2018-03-23,2018-10-08,9,57,0
48383,2019,Reagan,10,2019-01-06,2019-12-28,14,48,0
48383,2020,Reagan,14,2020-01-13,2020-11-24,10,70,0
48383,2021,Reagan,6,2021-01-22,2021-12-29,6,24,2
48383,2022,Reagan,11,2022-04-21,2022-12-13,18,62,3
48383,2023,Reagan,13,2023-01-01,2023-12-24,14,77,3
48383,2024,Reagan,14,2024-02-02,2024-12-26,11,72,9
48383,2025,Reagan,11,2025-02-06,2025-12-28,7,41,10
48385,2015,Real,4,2015-09-05,2015-12-26,10,20,6
48385,2016,Real,9,2016-02-18,2016-12-30,7,41,1
48385,2017,Real,4,2017-01-13,2017-11-15,4,14,0
48385,2018,Real,1,2018-02-14,2018-02-16,3,3,0
48385,2019,Real,5,2019-01-09,2019-10-02,7,22,1
48385,2020,Real,7,2020-01-14,2020-11-24,9,33,5
48385,2021,Real,4,2021-08-19,2021-12-29,5,14,0
48385,2022,Real,10,2022-04-21,2022-12-13,11,46,0
48385,2023,Real,9,2023-03-06,2023-12-24,11,46,0
48385,2024,Real,18,2024-02-08,2024-12-25,8,81,0
48385,2025,Real,9,2025-02-05,2025-12-28,10,42,10
48387,2015,Red River,11,2015-01-27,2015-12-27,27,68,1
48387,2016,Red River,13,2016-02-18,2017-01-02,8,65,2
48387,2017,Red River,17,2017-01-10,2017-12-21,13,79,1
48387,2018,Red River,13,2018-01-20,2018-12-01,9,59,0
48387,2019,Red River,10,2019-01-06,2019-12-28,14,48,0
48387,2020,Red River,9,2020-01-14,2020-10-22,6,35,0
48387,2021,Red River,8,2021-01-19,2021-12-31,9,38,0
48387,2022,Red River,15,2022-04-21,2023-01-03,13,67,0
48387,2023,Red River,14,2023-01-16,2023-12-24,10,68,1
48387,2024,Red River,17,2024-01-23,2024-12-30,8,78,0
48387,2025,Red River,9,2025-01-29,2025-12-27,8,42,0
48389,2015,Reeves,11,2015-01-28,2015-12-14,6,43,0
48389,2016,Reeves,10,2016-02-19,2017-01-03,11,51,0
48389,2017,Reeves,11,2017-01-10,2017-11-07,7,56,0
48389,2018,Reeves,10,2018-03-16,2018-12-01,7,48,0
48389,2019,Reeves,13,2019-01-07,2019-12-28,16,72,0
48389,2020,Reeves,11,2020-03-08,2020-11-24,12,56,0
48389,2021,Reeves,10,2021-03-11,2021-12-29,8,42,0
48389,2022,Reeves,11,2022-04-10,2023-01-04,17,56,0
48389,2023,Reeves,18,2023-01-15,2023-12-24,15,106,0
48389,2024,Reeves,16,2024-01-23,2024-12-30,22,107,16
48389,2025,Reeves,16,2025-02-03,2025-12-28,14,84,40
48391,2015,Refugio,6,2015-04-07,2015-12-27,5,23,0
48391,2016,Refugio,13,2016-03-16,2016-12-29,9,65,1
48391,2017,Refugio,13,2017-01-11,2017-12-05,8,54,8
48391,2018,Refugio,16,2018-02-16,2018-10-15,13,75,0
48391,2019,Refugio,13,2019-02-03,2019-12-29,19,93,0
48391,2020,Refugio,13,2020-01-14,2020-10-23,9,68,0
48391,2021,Refugio,16,2021-01-20,2022-01-01,9,78,0
48391,2022,Refugio,14,2022-04-16,2022-12-14,14,80,0
48391,2023,Refugio,18,2023-01-10,2023-12-24,23,125,0
48391,2024,Refugio,24,2024-02-08,2024-12-28,15,130,0
48391,2025,Refugio,14,2025-02-04,2025-12-28,14,86,9
48393,2015,Roberts,14,2015-01-19,2015-12-26,7,63,63
48393,2016,Roberts,13,2016-01-06,2016-12-26,14,56,56
48393,2017,Roberts,11,2017-01-15,2017-12-04,10,57,57
48393,2018,Roberts,10,2018-03-23,2018-12-27,11,52,52
48393,2019,Roberts,10,2019-01-06,2019-12-28,12,54,54
48393,2020,Roberts,10,2020-03-08,2020-11-24,6,41,41
48393,2021,Roberts,7,2021-05-22,2021-12-31,8,34,34
48393,2022,Roberts,10,2022-04-21,2022-12-13,14,67,67
48393,2023,Roberts,19,2023-01-01,2023-12-24,8,80,80
48393,2024,Roberts,21,2024-01-23,2024-12-30,15,110,110
48393,2025,Roberts,13,2025-02-06,2025-12-28,12,68,68
48395,2015,Robertson,8,2015-03-31,2015-12-26,4,30,0
48395,2016,Robertson,12,2016-02-19,2016-12-28,6,49,5
48395,2017,Robertson,10,2017-01-10,2017-11-17,8,43,2
48395,2018,Robertson,5,2018-03-24,2018-10-08,7,21,2
48395,2019,Robertson,11,2019-02-01,2019-12-28,7,49,0
48395,2020,Robertson,14,2020-01-14,2020-12-29,10,62,0
48395,2021,Robertson,13,2021-01-22,2021-12-31,8,53,15
48395,2022,Robertson,12,2022-03-04,2022-12-13,20,81,0
48395,2023,Robertson,15,2023-01-01,2023-12-24,14,98,0
48395,2024,Robertson,16,2024-01-23,2024-12-26,11,78,0
48395,2025,Robertson,12,2025-02-03,2025-12-28,9,56,1
48397,2015,Rockwall,12,2015-03-17,2015-12-27,7,51,51
48397,2016,Rockwall,15,2016-02-19,2017-01-02,12,80,80
48397,2017,Rockwall,19,2017-01-10,2017-12-21,8,84,64
48397,2018,Rockwall,20,2018-02-27,2018-12-27,10,97,0
48397,2019,Rockwall,12,2019-01-06,2019-12-28,17,79,0
48397,2020,Rockwall,11,2020-01-14,2020-08-15,9,50,0
48397,2021,Rockwall,13,2021-01-21,2021-12-31,9,55,0
48397,2022,Rockwall,17,2022-04-10,2023-01-03,13,92,0
48397,2023,Rockwall,16,2023-01-15,2023-12-24,14,92,2
48397,2024,Rockwall,23,2024-01-24,2024-12-30,13,115,0
48397,2025,Rockwall,12,2025-01-28,2025-12-27,9,59,1
48399,2015,Runnels,3,2015-04-01,2015-10-24,3,9,0
48399,2016,Runnels,6,2016-03-07,2016-12-29,9,32,0
48399,2017,Runnels,8,2017-01-01,2017-12-04,6,30,0
48399,2018,Runnels,3,2018-05-29,2018-10-08,6,13,0
48399,2019,Runnels,5,2019-01-09,2019-12-28,14,31,0
48399,2020,Runnels,3,2020-03-02,2020-09-02,3,9,0
48399,2021,Runnels,4,2021-01-22,2021-12-29,5,17,0
48399,2022,Runnels,9,2022-04-21,2022-12-14,18,56,0
48399,2023,Runnels,9,2023-01-16,2023-12-24,11,49,0
48399,2024,Runnels,13,2024-01-24,2024-12-26,10,59,0
48399,2025,Runnels,10,2025-01-28,2025-12-28,5,41,0
48401,2015,Rusk,9,2015-04-07,2015-12-27,6,34,0
48401,2016,Rusk,8,2016-02-19,2016-12-29,7,40,0
48401,2017,Rusk,12,2017-01-01,2017-11-18,7,52,0
48401,2018,Rusk,11,2018-03-17,2018-12-27,8,50,0
48401,2019,Rusk,7,2019-02-02,2019-12-29,8,34,0
48401,2020,Rusk,8,2020-01-14,2020-12-30,5,29,0
48401,2021,Rusk,10,2021-01-21,2022-01-01,9,41,0
48401,2022,Rusk,10,2022-04-21,2023-01-03,11,53,0
48401,2023,Rusk,17,2023-01-16,2023-12-24,13,80,0
48401,2024,Rusk,14,2024-01-23,2024-12-28,9,61,0
48401,2025,Rusk,7,2025-02-03,2025-12-28,8,38,0
48403,2015,Sabine,11,2015-03-18,2015-12-27,7,45,1
48403,2016,Sabine,14,2016-01-30,2016-12-28,8,60,2
48403,2017,Sabine,14,2017-01-10,2017-11-07,13,68,0
48403,2018,Sabine,16,2018-01-08,2018-12-27,11,77,0
48403,2019,Sabine,12,2019-02-04,2019-12-28,9,48,1
48403,2020,Sabine,13,2020-01-14,2020-12-31,10,71,0
48403,2021,Sabine,12,2021-01-19,2022-01-01,9,49,0
48403,2022,Sabine,14,2022-04-21,2022-12-31,11,69,1
48403,2023,Sabine,11,2023-02-20,2023-10-28,17,78,0
48403,2024,Sabine,14,2024-01-23,2024-12-27,14,76,0
48403,2025,Sabine,8,2025-02-03,2025-12-28,8,41,0
48405,2015,San Augustine,10,2015-04-01,2015-12-24,7,38,19
48405,2016,San Augustine,11,2016-02-19,2016-12-29,7,49,24
48405,2017,San Augustine,8,2017-01-11,2017-11-07,13,56,9
48405,2018,San Augustine,10,2018-02-19,2018-10-06,5,36,3
48405,2019,San Augustine,6,2019-02-04,2019-12-29,4,21,1
48405,2020,San Augustine,12,2020-01-15,2020-12-31,9,50,0
48405,2021,San Augustine,11,2021-01-21,2022-01-01,9,45,1
48405,2022,San Augustine,9,2022-04-23,2022-12-14,12,43,0
48405,2023,San Augustine,10,2023-02-21,2023-12-25,13,58,1
48405,2024,San Augustine,16,2024-01-24,2024-12-28,13,73,0
48405,2025,San Augustine,10,2025-02-04,2025-12-28,7,44,1
48407,2015,San Jacinto,13,2015-04-01,2015-12-27,7,56,56
48407,2016,San Jacinto,12,2016-01-31,2016-12-29,14,78,78
48407,2017,San Jacinto,12,2017-01-10,2017-11-07,11,62,62
48407,2018,San Jacinto,11,2018-02-15,2018-10-09,10,62,62
48407,2019,San Jacinto,9,2019-02-02,2019-12-28,16,66,66
48407,2020,San Jacinto,14,2020-01-14,2020-12-30,13,72,72
48407,2021,San Jacinto,11,2021-01-21,2022-01-01,9,53,53
48407,2022,San Jacinto,14,2022-04-11,2023-01-03,13,88,88
48407,2023,San Jacinto,14,2023-01-16,2023-12-24,23,104,104
48407,2024,San Jacinto,16,2024-01-23,2024-12-26,12,83,83
48407,2025,San Jacinto,13,2025-02-03,2025-12-28,8,61,61
48409,2015,San Patricio,14,2015-04-01,2015-12-27,7,56,0
48409,2016,San Patricio,11,2016-02-20,2016-12-29,14,58,0
48409,2017,San Patricio,11,2017-01-11,2017-11-07,8,49,0
48409,2018,San Patricio,6,2018-02-16,2018-12-01,5,22,0
48409,2019,San Patricio,8,2019-02-02,2019-12-28,7,40,0
48409,2020,San Patricio,8,2020-01-14,2020-10-21,9,38,5
48409,2021,San Patricio,8,2021-01-20,2022-01-01,8,37,0
48409,2022,San Patricio,7,2022-04-21,2022-12-14,9,33,1
48409,2023,San Patricio,15,2023-01-10,2023-12-24,10,70,0
48409,2024,San Patricio,12,2024-02-09,2024-12-27,9,55,0
48409,2025,San Patricio,14,2025-01-03,2025-12-28,10,71,4
48411,2015,San Saba,7,2015-04-06,2015-12-26,5,26,0
48411,2016,San Saba,7,2016-02-19,2016-12-29,8,40,2
48411,2017,San Saba,12,2017-01-10,2017-12-04,9,55,0
48411,2018,San Saba,7,2018-02-27,2018-10-08,7,30,0
48411,2019,San Saba,8,2019-01-06,2019-12-28,15,45,0
48411,2020,San Saba,10,2020-01-13,2020-11-22,8,44,0
48411,2021,San Saba,7,2021-01-22,2021-12-31,9,31,0
48411,2022,San Saba,12,2022-04-11,2023-01-03,14,75,0
48411,2023,San Saba,14,2023-01-16,2023-12-24,14,88,0
48411,2024,San Saba,17,2024-02-01,2024-12-26,7,71,0
48411,2025,San Saba,6,2025-02-03,2025-12-28,6,31,0
48413,2015,Schleicher,3,2015-04-06,2015-12-26,4,11,0
48413,2016,Schleicher,9,2016-02-19,2016-12-29,10,43,0
48413,2017,Schleicher,12,2017-01-11,2017-12-05,8,51,0
48413,2018,Schleicher,9,2018-02-18,2018-10-08,11,44,0
48413,2019,Schleicher,4,2019-02-01,2019-12-28,14,29,0
48413,2020,Schleicher,11,2020-01-13,2020-11-24,12,50,0
48413,2021,Schleicher,7,2021-01-22,2022-01-01,10,34,0
48413,2022,Schleicher,12,2022-04-21,2022-12-13,8,57,0
48413,2023,Schleicher,12,2023-01-02,2023-12-24,15,81,0
48413,2024,Schleicher,15,2024-01-23,2024-12-17,16,73,1
48413,2025,Schleicher,5,2025-02-03,2025-12-28,6,28,1
48415,2015,Scurry,9,2015-01-29,2015-12-26,5,35,0
48415,2016,Scurry,15,2016-02-18,2016-12-31,15,73,1
48415,2017,Scurry,9,2017-01-10,2017-12-04,8,42,1
48415,2018,Scurry,12,2018-01-09,2018-10-08,14,80,0
48415,2019,Scurry,9,2019-01-06,2019-12-28,17,66,0
48415,2020,Scurry,8,2020-01-25,2020-11-24,11,45,0
48415,2021,Scurry,9,2021-01-21,2021-12-31,8,44,0
48415,2022,Scurry,11,2022-03-28,2022-12-13,24,85,0
48415,2023,Scurry,14,2023-01-01,2023-12-24,17,93,0
48415,2024,Scurry,17,2024-01-29,2024-12-28,20,108,0
48415,2025,Scurry,13,2025-02-03,2025-12-27,11,64,0
48417,2015,Shackelford,2,2015-01-27,2015-04-03,3,6,0
48417,2016,Shackelford,8,2016-02-19,2016-11-29,8,33,0
48417,2017,Shackelford,6,2017-01-20,2017-10-07,6,24,0
48417,2018,Shackelford,3,2018-05-31,2018-10-08,4,11,0
48417,2019,Shackelford,3,2019-02-01,2019-12-28,10,19,0
48417,2020,Shackelford,4,2020-03-02,2020-08-15,6,16,0
48417,2021,Shackelford,5,2021-01-22,2022-01-01,9,22,0
48417,2022,Shackelford,11,2022-04-22,2022-12-13,13,64,0
48417,2023,Shackelford,15,2023-01-01,2023-12-24,8,65,0
48417,2024,Shackelford,14,2024-02-02,2024-12-31,11,64,0
48417,2025,Shackelford,4,2025-04-27,2025-12-28,5,17,0
48419,2015,Shelby,13,2015-03-18,2015-12-27,10,63,0
48419,2016,Shelby,15,2016-01-31,2016-12-29,8,73,0
48419,2017,Shelby,11,2017-01-01,2017-11-18,12,52,0
48419,2018,Shelby,11,2018-02-16,2018-10-09,10,52,0
48419,2019,Shelby,3,2019-02-04,2019-10-04,7,17,0
48419,2020,Shelby,10,2020-01-14,2020-10-22,8,46,46
48419,2021,Shelby,11,2021-01-21,2022-01-01,9,47,47
48419,2022,Shelby,12,2022-04-21,2023-01-03,9,59,59
48419,2023,Shelby,15,2023-01-16,2023-12-24,13,80,80
48419,2024,Shelby,14,2024-01-24,2024-12-28,9,64,64
48419,2025,Shelby,9,2025-02-03,2025-12-28,9,45,45
48421,2015,Sherman,13,2015-01-18,2015-12-24,6,56,1
48421,2016,Sherman,7,2016-02-11,2016-11-03,7,26,2
48421,2017,Sherman,9,2017-01-14,2017-11-30,6,34,0
48421,2018,Sherman,7,2018-01-09,2018-12-27,6,26,1
48421,2019,Sherman,11,2019-01-06,2019-12-29,28,85,69
48421,2020,Sherman,22,2020-01-14,2020-12-23,12,123,123
48421,2021,Sherman,22,2021-01-21,2021-12-31,20,115,115
48421,2022,Sherman,18,2022-04-10,2023-01-03,19,118,118
48421,2023,Sherman,24,2023-01-10,2023-12-24,17,159,159
48421,2024,Sherman,27,2024-01-23,2024-12-31,15,166,166
48421,2025,Sherman,26,2025-01-30,2025-12-28,18,142,142
48423,2015,Smith,10,2015-04-01,2015-12-27,5,42,0
48423,2016,Smith,15,2016-02-19,2016-12-29,8,81,0
48423,2017,Smith,15,2017-01-10,2017-11-17,7,53,0
48423,2018,Smith,12,2018-03-24,2018-12-27,10,65,0
48423,2019,Smith,8,2019-02-02,2019-12-28,9,39,0
48423,2020,Smith,10,2020-01-14,2020-12-29,7,43,0
48423,2021,Smith,8,2021-03-10,2021-12-31,8,32,0
48423,2022,Smith,12,2022-04-21,2023-01-03,12,67,0
48423,2023,Smith,15,2023-01-16,2023-12-24,15,81,0
48423,2024,Smith,14,2024-01-23,2024-12-30,11,63,0
48423,2025,Smith,8,2025-02-03,2025-12-28,8,40,0
48425,2015,Somervell,6,2015-07-20,2015-10-24,6,25,12
48425,2016,Somervell,14,2016-02-19,2016-12-29,8,67,25
48425,2017,Somervell,15,2017-01-11,2017-12-21,10,69,26
48425,2018,Somervell,14,2018-03-24,2018-12-27,11,77,71
48425,2019,Somervell,7,2019-02-01,2019-12-28,13,35,2
48425,2020,Somervell,11,2020-01-14,2020-11-22,7,45,1
48425,2021,Somervell,7,2021-01-20,2021-12-29,6,30,5
48425,2022,Somervell,10,2022-04-11,2022-12-14,21,79,6
48425,2023,Somervell,12,2023-01-01,2023-12-24,13,66,2
48425,2024,Somervell,13,2024-01-24,2024-12-28,6,55,13
48425,2025,Somervell,7,2025-01-29,2025-12-28,8,34,0
48427,2015,Starr,10,2015-04-07,2015-12-27,8,43,0
48427,2016,Starr,15,2016-02-18,2016-12-29,16,74,0
48427,2017,Starr,12,2017-01-11,2017-11-18,13,61,0
48427,2018,Starr,12,2018-02-15,2018-12-26,9,57,0
48427,2019,Starr,21,2019-01-06,2019-12-28,11,107,0
48427,2020,Starr,10,2020-01-13,2020-11-28,8,54,0
48427,2021,Starr,10,2021-01-22,2022-01-01,9,46,0
48427,2022,Starr,8,2022-04-11,2022-12-13,15,64,0
48427,2023,Starr,17,2023-02-21,2023-12-23,11,92,0
48427,2024,Starr,15,2024-01-24,2024-12-26,12,72,1
48427,2025,Starr,12,2025-01-02,2025-12-28,9,55,1
48429,2015,Stephens,2,2015-04-07,2015-09-08,3,6,0
48429,2016,Stephens,5,2016-03-07,2016-11-29,8,25,0
48429,2017,Stephens,5,2017-01-20,2017-09-26,7,21,0
48429,2018,Stephens,4,2018-05-28,2018-12-01,7,21,0
48429,2019,Stephens,5,2019-02-01,2019-12-28,8,26,0
48429,2020,Stephens,2,2020-07-12,2020-08-15,8,13,0
48429,2021,Stephens,3,2021-03-11,2021-12-29,5,12,0
48429,2022,Stephens,13,2022-04-11,2022-12-13,24,79,0
48429,2023,Stephens,17,2023-01-01,2023-12-24,11,84,1
48429,2024,Stephens,18,2024-01-24,2024-12-30,10,80,0
48429,2025,Stephens,11,2025-01-28,2025-12-27,7,48,0
48431,2015,Sterling,5,2015-01-29,2015-12-26,6,22,2
48431,2016,Sterling,14,2016-02-19,2017-01-03,9,61,1
48431,2017,Sterling,5,2017-03-20,2017-12-05,7,25,0
48431,2018,Sterling,10,2018-03-24,2018-10-08,9,45,45
48431,2019,Sterling,9,2019-01-06,2019-12-28,14,56,50
48431,2020,Sterling,11,2020-01-14,2020-11-24,10,56,56
48431,2021,Sterling,7,2021-01-19,2021-12-31,8,34,34
48431,2022,Sterling,10,2022-04-21,2022-12-13,23,69,69
48431,2023,Sterling,16,2023-01-01,2023-12-24,14,84,84
48431,2024,Sterling,17,2024-02-01,2024-12-28,16,79,79
48431,2025,Sterling,10,2025-02-03,2025-12-28,7,49,49
48433,2015,Stonewall,7,2015-01-27,2015-12-24,5,26,0
48433,2016,Stonewall,11,2016-02-19,2016-12-26,12,52,0
48433,2017,Stonewall,10,2017-01-10,2017-11-18,7,44,0
48433,2018,Stonewall,7,2018-05-10,2018-10-06,7,37,0
48433,2019,Stonewall,8,2019-01-06,2019-12-28,13,44,0
48433,2020,Stonewall,7,2020-03-02,2020-11-24,9,34,0
48433,2021,Stonewall,5,2021-01-20,2022-01-01,9,26,0
48433,2022,Stonewall,10,2022-04-21,2022-12-13,9,54,0
48433,2023,Stonewall,10,2023-01-01,2023-12-24,6,38,0
48433,2024,Stonewall,11,2024-01-30,2024-12-30,8,47,0
48433,2025,Stonewall,5,2025-03-13,2025-12-28,7,22,0
48435,2015,Sutton,7,2015-03-31,2015-11-27,6,27,2
48435,2016,Sutton,11,2016-02-18,2016-12-30,10,55,9
48435,2017,Sutton,15,2017-01-11,2017-12-05,10,70,57
48435,2018,Sutton,11,2018-02-15,2018-12-27,9,63,63
48435,2019,Sutton,10,2019-01-07,2019-12-28,15,63,63
48435,2020,Sutton,11,2020-01-14,2020-11-24,11,58,58
48435,2021,Sutton,8,2021-01-19,2022-01-01,10,42,42
48435,2022,Sutton,11,2022-04-11,2022-12-13,20,69,69
48435,2023,Sutton,15,2023-01-01,2023-12-24,14,93,93
48435,2024,Sutton,10,2024-01-23,2024-12-26,8,48,14
48435,2025,Sutton,3,2025-02-06,2025-12-28,5,13,2
48437,2015,Swisher,6,2015-01-26,2015-12-12,5,24,0
48437,2016,Swisher,10,2016-02-19,2016-12-25,4,33,0
48437,2017,Swisher,9,2017-01-10,2017-11-15,6,38,0
48437,2018,Swisher,9,2018-04-30,2018-12-01,8,38,0
48437,2019,Swisher,8,2019-02-03,2019-12-28,8,44,0
48437,2020,Swisher,6,2020-03-17,2020-11-24,7,27,0
48437,2021,Swisher,10,2021-04-26,2021-12-26,7,39,0
48437,2022,Swisher,7,2022-05-08,2022-08-08,8,36,0
48437,2023,Swisher,12,2023-01-15,2023-12-24,8,51,0
48437,2024,Swisher,13,2024-01-25,2024-12-27,9,56,0
48437,2025,Swisher,9,2025-03-26,2025-12-28,6,40,0
48439,2015,Tarrant,10,2015-03-31,2015-12-26,6,45,0
48439,2016,Tarrant,15,2016-02-18,2016-12-29,16,80,0
48439,2017,Tarrant,15,2017-01-10,2017-12-21,9,68,0
48439,2018,Tarrant,14,2018-03-24,2018-12-27,8,68,0
48439,2019,Tarrant,6,2019-02-01,2019-12-28,18,45,0
48439,2020,Tarrant,10,2020-01-14,2020-12-29,5,34,0
48439,2021,Tarrant,9,2021-01-21,2021-12-31,9,39,0
48439,2022,Tarrant,14,2022-04-21,2023-01-03,13,83,0
48439,2023,Tarrant,18,2023-01-10,2023-12-24,15,100,0
48439,2024,Tarrant,20,2024-01-24,2024-12-28,12,93,0
48439,2025,Tarrant,9,2025-01-28,2025-12-27,8,45,0
48441,2015,Taylor,2,2015-04-01,2015-04-09,3,6,0
48441,2016,Taylor,4,2016-02-18,2016-12-26,12,24,0
48441,2017,Taylor,5,2017-01-10,2017-12-04,5,18,0
48441,2018,Taylor,5,2018-03-24,2018-10-06,4,16,0
48441,2019,Taylor,5,2019-02-01,2019-12-28,13,34,0
48441,2020,Taylor,3,2020-05-02,2020-08-15,6,14,0
48441,2021,Taylor,4,2021-03-10,2021-12-31,8,18,0
48441,2022,Taylor,9,2022-04-21,2022-12-13,20,59,0
48441,2023,Taylor,11,2023-01-15,2023-12-24,8,46,0
48441,2024,Taylor,13,2024-02-07,2024-12-28,14,59,0
48441,2025,Taylor,7,2025-03-12,2025-12-28,6,27,0
48443,2015,Terrell,18,2015-01-27,2015-12-26,15,115,0
48443,2016,Terrell,17,2016-01-05,2017-01-03,13,96,0
48443,2017,Terrell,18,2017-01-11,2017-12-05,9,94,1
48443,2018,Terrell,9,2018-02-14,2018-12-27,8,41,1
48443,2019,Terrell,13,2019-01-06,2019-12-28,15,66,0
48443,2020,Terrell,9,2020-03-08,2020-11-24,11,50,2
48443,2021,Terrell,9,2021-01-21,2022-01-01,11,42,0
48443,2022,Terrell,15,2022-03-04,2023-01-02,11,81,0
48443,2023,Terrell,12,2023-01-09,2023-12-24,9,58,0
48443,2024,Terrell,10,2024-04-15,2024-12-31,10,52,0
48443,2025,Terrell,18,2025-02-04,2025-12-28,12,85,0
48445,2015,Terry,8,2015-01-28,2015-10-23,6,37,0
48445,2016,Terry,14,2016-02-19,2016-11-29,9,61,0
48445,2017,Terry,9,2017-01-11,2017-11-15,8,40,0
48445,2018,Terry,12,2018-03-23,2018-10-06,9,57,0
48445,2019,Terry,10,2019-01-07,2019-12-28,15,54,0
48445,2020,Terry,9,2020-03-02,2020-11-24,11,47,0
48445,2021,Terry,6,2021-01-20,2022-01-01,9,27,0
48445,2022,Terry,13,2022-04-21,2023-01-02,11,65,0
48445,2023,Terry,9,2023-07-12,2023-12-24,7,39,0
48445,2024,Terry,17,2024-01-24,2024-12-30,11,79,0
48445,2025,Terry,9,2025-02-02,2025-12-28,13,55,0
48447,2015,Throckmorton,5,2015-01-28,2015-12-13,5,18,5
48447,2016,Throckmorton,6,2016-02-18,2016-12-26,9,32,6
48447,2017,Throckmorton,10,2017-01-18,2017-12-04,5,37,14
48447,2018,Throckmorton,6,2018-05-12,2018-10-06,5,22,6
48447,2019,Throckmorton,5,2019-02-02,2019-12-28,11,25,10
48447,2020,Throckmorton,3,2020-03-01,2020-08-13,4,10,2
48447,2021,Throckmorton,5,2021-01-19,2021-12-31,8,23,6
48447,2022,Throckmorton,10,2022-04-21,2022-12-13,8,47,16
48447,2023,Throckmorton,11,2023-01-01,2023-12-24,6,43,1
48447,2024,Throckmorton,23,2024-01-24,2024-12-30,14,107,102
48447,2025,Throckmorton,8,2025-02-03,2025-12-28,9,51,51
48449,2015,Titus,15,2015-03-31,2015-12-28,11,82,0
48449,2016,Titus,9,2016-02-20,2016-12-29,9,45,3
48449,2017,Titus,9,2017-01-01,2017-11-18,13,40,0
48449,2018,Titus,13,2018-03-01,2018-10-10,10,56,0
48449,2019,Titus,6,2019-02-03,2019-12-29,14,35,5
48449,2020,Titus,5,2020-01-27,2020-10-23,6,24,0
48449,2021,Titus,6,2021-01-20,2022-01-01,7,25,0
48449,2022,Titus,12,2022-04-21,2023-01-03,9,53,1
48449,2023,Titus,15,2023-01-16,2023-12-25,8,64,0
48449,2024,Titus,15,2024-01-24,2024-12-31,8,70,0
48449,2025,Titus,10,2025-01-29,2025-12-28,8,52,0
48451,2015,Tom Green,7,2015-01-30,2015-09-19,5,27,0
48451,2016,Tom Green,12,2016-02-19,2017-01-03,12,69,0
48451,2017,Tom Green,10,2017-01-10,2017-12-05,8,55,0
48451,2018,Tom Green,11,2018-02-14,2018-10-08,9,56,0
48451,2019,Tom Green,8,2019-01-09,2019-10-03,14,44,0
48451,2020,Tom Green,11,2020-03-01,2020-11-24,9,49,0
48451,2021,Tom Green,9,2021-01-21,2021-12-29,6,34,0
48451,2022,Tom Green,14,2022-03-27,2022-12-13,15,76,0
48451,2023,Tom Green,15,2023-01-01,2023-12-24,14,77,0
48451,2024,Tom Green,18,2024-01-23,2024-12-26,8,68,0
48451,2025,Tom Green,8,2025-02-03,2025-12-28,6,38,0
48453,2015,Travis,5,2015-03-31,2015-12-26,4,18,0
48453,2016,Travis,7,2016-02-19,2016-12-28,6,31,0
48453,2017,Travis,5,2017-01-10,2017-11-17,5,18,0
48453,2018,Travis,3,2018-05-31,2018-10-08,4,10,0
48453,2019,Travis,6,2019-02-01,2019-12-28,15,40,0
48453,2020,Travis,8,2020-01-13,2020-10-22,5,35,0
48453,2021,Travis,7,2021-01-22,2021-12-31,9,31,0
48453,2022,Travis,8,2022-03-04,2022-12-13,8,34,0
48453,2023,Travis,12,2023-02-21,2023-12-24,14,69,0
48453,2024,Travis,15,2024-02-08,2024-12-26,7,60,0
48453,2025,Travis,7,2025-02-03,2025-12-28,8,36,0
48455,2015,Trinity,12,2015-03-18,2015-12-27,6,46,46
48455,2016,Trinity,13,2016-01-31,2016-12-29,13,72,72
48455,2017,Trinity,10,2017-01-10,2017-11-18,13,55,55
48455,2018,Trinity,12,2018-02-15,2018-12-27,10,68,68
48455,2019,Trinity,9,2019-02-02,2019-12-28,16,52,52
48455,2020,Trinity,14,2020-01-14,2020-12-30,10,64,64
48455,2021,Trinity,12,2021-01-21,2022-01-01,9,52,52
48455,2022,Trinity,13,2022-04-21,2023-01-03,13,79,79
48455,2023,Trinity,15,2023-01-10,2023-12-24,22,101,101
48455,2024,Trinity,18,2024-01-23,2024-12-28,11,89,89
48455,2025,Trinity,12,2025-02-03,2025-12-28,8,56,56
48457,2015,Tyler,11,2015-03-19,2015-12-27,8,44,0
48457,2016,Tyler,13,2016-01-31,2016-12-29,14,70,0
48457,2017,Tyler,12,2017-01-11,2017-11-07,12,61,0
48457,2018,Tyler,9,2018-02-15,2018-12-27,11,47,0
48457,2019,Tyler,13,2019-02-02,2019-11-30,6,55,0
48457,2020,Tyler,13,2020-01-14,2020-10-21,9,64,0
48457,2021,Tyler,9,2021-01-20,2022-01-01,9,41,0
48457,2022,Tyler,9,2022-05-01,2023-01-03,11,43,0
48457,2023,Tyler,10,2023-01-16,2023-10-28,17,80,0
48457,2024,Tyler,12,2024-01-23,2024-12-18,14,75,0
48457,2025,Tyler,11,2025-02-03,2025-12-28,9,58,0
48459,2015,Upshur,15,2015-03-30,2015-12-27,6,60,0
48459,2016,Upshur,16,2016-02-19,2016-12-29,9,79,0
48459,2017,Upshur,13,2017-01-10,2017-12-22,13,60,0
48459,2018,Upshur,13,2018-02-28,2018-12-27,9,61,0
48459,2019,Upshur,8,2019-02-02,2019-12-28,14,52,0
48459,2020,Upshur,11,2020-01-14,2020-11-10,7,44,0
48459,2021,Upshur,13,2021-01-20,2022-01-01,10,57,0
48459,2022,Upshur,14,2022-04-21,2023-01-03,10,75,0
48459,2023,Upshur,18,2023-01-10,2023-12-24,13,86,0
48459,2024,Upshur,15,2024-01-23,2024-12-30,9,74,0
48459,2025,Upshur,11,2025-02-03,2025-12-28,9,57,0
48461,2015,Upton,13,2015-01-29,2015-12-27,6,54,1
48461,2016,Upton,11,2016-02-18,2016-12-30,13,66,0
48461,2017,Upton,13,2017-01-10,2017-12-05,12,67,1
48461,2018,Upton,13,2018-01-10,2018-10-06,10,62,0
48461,2019,Upton,9,2019-01-09,2019-10-07,11,48,0
48461,2020,Upton,9,2020-01-09,2020-11-24,11,50,0
48461,2021,Upton,7,2021-03-10,2022-01-02,6,28,1
48461,2022,Upton,12,2022-03-05,2022-12-12,10,68,5
48461,2023,Upton,10,2023-06-21,2023-12-23,12,50,16
48461,2024,Upton,6,2024-01-31,2024-11-12,11,37,8
48461,2025,Upton,5,2025-02-04,2025-12-28,6,22,14
48463,2015,Uvalde,7,2015-03-17,2015-10-23,5,26,0
48463,2016,Uvalde,7,2016-02-18,2017-01-01,10,37,0
48463,2017,Uvalde,11,2017-01-11,2017-11-06,10,48,0
48463,2018,Uvalde,6,2018-02-15,2018-10-08,6,23,0
48463,2019,Uvalde,7,2019-01-07,2019-12-28,10,34,0
48463,2020,Uvalde,9,2020-01-13,2020-11-24,8,39,0
48463,2021,Uvalde,8,2021-01-21,2022-01-01,9,33,0
48463,2022,Uvalde,12,2022-03-04,2022-12-13,11,57,1
48463,2023,Uvalde,10,2023-01-06,2023-12-24,9,52,1
48463,2024,Uvalde,15,2024-02-08,2024-12-17,8,72,0
48463,2025,Uvalde,7,2025-02-03,2025-12-28,9,43,2
48465,2015,Val Verde,12,2015-01-30,2015-12-26,7,49,0
48465,2016,Val Verde,12,2016-02-18,2017-01-02,13,75,0
48465,2017,Val Verde,13,2017-01-11,2017-12-05,8,61,0
48465,2018,Val Verde,10,2018-02-15,2018-10-08,13,54,0
48465,2019,Val Verde,11,2019-01-07,2019-12-28,17,71,0
48465,2020,Val Verde,16,2020-01-09,2020-11-24,13,85,0
48465,2021,Val Verde,12,2021-01-21,2022-01-01,9,60,0
48465,2022,Val Verde,18,2022-03-04,2022-12-13,11,89,0
48465,2023,Val Verde,20,2023-01-06,2023-12-24,18,124,0
48465,2024,Val Verde,25,2024-01-23,2024-12-28,20,146,0
48465,2025,Val Verde,19,2025-01-03,2025-12-29,12,115,0
48467,2015,Van Zandt,9,2015-03-31,2015-12-27,5,33,0
48467,2016,Van Zandt,10,2016-03-08,2016-12-29,9,57,0
48467,2017,Van Zandt,12,2017-01-01,2017-12-22,7,51,0
48467,2018,Van Zandt,9,2018-03-24,2018-10-09,9,43,0
48467,2019,Van Zandt,6,2019-01-07,2019-12-29,11,34,0
48467,2020,Van Zandt,7,2020-01-15,2020-12-30,4,23,0
48467,2021,Van Zandt,5,2021-01-21,2022-01-01,9,24,0
48467,2022,Van Zandt,11,2022-04-11,2023-01-03,12,60,0
48467,2023,Van Zandt,13,2023-01-16,2023-12-24,13,68,0
48467,2024,Van Zandt,12,2024-01-24,2024-12-31,8,60,0
48467,2025,Van Zandt,6,2025-02-04,2025-12-28,8,32,15
48469,2015,Victoria,6,2015-04-06,2015-12-27,4,21,0
48469,2016,Victoria,9,2016-03-15,2016-12-28,9,39,0
48469,2017,Victoria,7,2017-01-12,2017-11-07,6,27,0
48469,2018,Victoria,6,2018-02-15,2018-11-08,5,22,0
48469,2019,Victoria,9,2019-02-01,2019-10-02,8,45,0
48469,2020,Victoria,11,2020-01-14,2020-09-03,7,48,0
48469,2021,Victoria,11,2021-01-22,2022-01-01,9,45,0
48469,2022,Victoria,10,2022-04-20,2022-12-13,9,45,0
48469,2023,Victoria,16,2023-01-01,2023-12-24,11,84,0
48469,2024,Victoria,14,2024-02-08,2024-12-26,8,62,0
48469,2025,Victoria,11,2025-01-03,2025-12-28,9,54,0
48471,2015,Walker,8,2015-03-18,2015-12-27,6,30,0
48471,2016,Walker,8,2016-01-31,2016-12-28,8,42,0
48471,2017,Walker,11,2017-01-10,2017-11-17,8,51,0
48471,2018,Walker,4,2018-03-25,2018-10-09,9,22,0
48471,2019,Walker,8,2019-02-02,2019-12-28,7,31,0
48471,2020,Walker,11,2020-01-14,2020-12-30,9,51,0
48471,2021,Walker,12,2021-01-20,2022-01-01,9,50,0
48471,2022,Walker,10,2022-05-08,2023-01-03,13,75,0
48471,2023,Walker,14,2023-01-16,2023-12-24,19,108,0
48471,2024,Walker,11,2024-02-08,2024-12-18,7,52,0
48471,2025,Walker,8,2025-02-03,2025-12-28,8,42,0
48473,2015,Waller,11,2015-03-31,2015-12-27,7,45,45
48473,2016,Waller,14,2016-01-31,2016-12-29,13,82,82
48473,2017,Waller,18,2017-01-10,2017-11-18,11,80,80
48473,2018,Waller,15,2018-02-15,2018-12-27,11,73,73
48473,2019,Waller,11,2019-02-01,2019-12-28,13,70,70
48473,2020,Waller,14,2020-01-14,2020-12-30,13,80,80
48473,2021,Waller,16,2021-01-20,2022-01-01,9,76,76
48473,2022,Waller,13,2022-04-11,2022-12-13,20,92,92
48473,2023,Waller,16,2023-01-01,2023-12-24,23,114,114
48473,2024,Waller,18,2024-01-23,2024-12-26,12,95,95
48473,2025,Waller,15,2025-02-03,2025-12-28,8,70,70
48475,2015,Ward,15,2015-01-28,2015-12-25,7,67,0
48475,2016,Ward,16,2016-02-18,2017-01-03,19,90,1
48475,2017,Ward,16,2017-01-10,2017-12-05,12,88,1
48475,2018,Ward,11,2018-02-14,2018-12-27,12,57,0
48475,2019,Ward,13,2019-01-06,2019-12-28,12,81,0
48475,2020,Ward,14,2020-02-29,2020-11-24,12,73,0
48475,2021,Ward,14,2021-01-21,2021-12-29,7,58,0
48475,2022,Ward,14,2022-03-26,2023-01-03,20,76,0
48475,2023,Ward,14,2023-01-14,2023-12-24,18,104,0
48475,2024,Ward,17,2024-01-29,2024-12-24,19,104,1
48475,2025,Ward,15,2025-02-03,2025-12-28,14,73,0
48477,2015,Washington,6,2015-04-01,2015-12-27,6,24,0
48477,2016,Washington,13,2016-01-31,2016-12-29,13,64,0
48477,2017,Washington,15,2017-01-10,2017-11-18,13,74,0
48477,2018,Washington,11,2018-03-25,2018-12-27,8,49,0
48477,2019,Washington,12,2019-02-02,2019-12-29,8,50,0
48477,2020,Washington,15,2020-01-14,2020-12-30,11,75,0
48477,2021,Washington,13,2021-01-20,2022-01-01,10,57,0
48477,2022,Washington,13,2022-04-11,2022-12-13,15,85,0
48477,2023,Washington,16,2023-01-01,2023-12-24,23,120,0
48477,2024,Washington,20,2024-01-23,2024-12-26,12,95,0
48477,2025,Washington,12,2025-02-04,2025-12-28,8,57,0
48479,2015,Webb,7,2015-05-07,2015-12-26,7,28,0
48479,2016,Webb,16,2016-02-17,2016-12-29,14,88,0
48479,2017,Webb,10,2017-01-10,2017-12-05,9,52,0
48479,2018,Webb,8,2018-02-15,2018-12-27,6,31,0
48479,2019,Webb,17,2019-01-07,2019-12-29,10,89,0
48479,2020,Webb,12,2020-01-14,2020-11-27,10,59,0
48479,2021,Webb,14,2021-01-23,2022-01-01,10,65,0
48479,2022,Webb,14,2022-03-04,2022-12-13,16,98,0
48479,2023,Webb,20,2023-01-01,2023-12-24,31,152,0
48479,2024,Webb,12,2024-02-09,2024-12-26,11,64,0
48479,2025,Webb,13,2025-02-04,2025-12-28,12,79,0
48481,2015,Wharton,4,2015-04-07,2015-12-27,5,14,0
48481,2016,Wharton,14,2016-03-08,2016-12-29,11,75,0
48481,2017,Wharton,13,2017-01-10,2017-11-18,9,57,0
48481,2018,Wharton,9,2018-02-16,2018-11-08,5,33,0
48481,2019,Wharton,12,2019-02-01,2019-12-29,10,68,0
48481,2020,Wharton,15,2020-01-14,2020-12-30,8,63,0
48481,2021,Wharton,12,2021-01-20,2022-01-01,9,53,0
48481,2022,Wharton,14,2022-04-21,2022-12-13,8,59,0
48481,2023,Wharton,18,2023-01-16,2023-12-24,12,100,0
48481,2024,Wharton,14,2024-02-09,2024-12-26,7,60,0
48481,2025,Wharton,11,2025-02-04,2025-12-28,12,61,0
48483,2015,Wheeler,5,2015-01-26,2015-12-26,6,22,0
48483,2016,Wheeler,7,2016-02-19,2016-11-08,6,27,0
48483,2017,Wheeler,9,2017-01-19,2017-12-04,7,40,4
48483,2018,Wheeler,11,2018-05-01,2018-12-27,6,43,12
48483,2019,Wheeler,10,2019-01-06,2019-12-28,9,47,47
48483,2020,Wheeler,14,2020-01-14,2020-11-24,7,54,54
48483,2021,Wheeler,9,2021-01-21,2021-12-31,8,41,41
48483,2022,Wheeler,13,2022-04-21,2023-01-03,11,70,70
48483,2023,Wheeler,20,2023-01-10,2023-12-24,9,87,87
48483,2024,Wheeler,20,2024-01-23,2024-12-30,15,112,112
48483,2025,Wheeler,10,2025-01-29,2025-12-28,15,65,65
48485,2015,Wichita,3,2015-04-06,2015-10-23,3,9,0
48485,2016,Wichita,6,2016-02-18,2016-11-08,8,28,0
48485,2017,Wichita,8,2017-01-19,2017-12-04,5,28,0
48485,2018,Wichita,5,2018-05-30,2018-10-04,5,19,0
48485,2019,Wichita,3,2019-02-01,2019-12-28,11,21,0
48485,2020,Wichita,3,2020-03-17,2020-12-29,3,9,0
48485,2021,Wichita,5,2021-01-19,2021-12-29,6,24,0
48485,2022,Wichita,8,2022-04-10,2022-12-13,9,35,0
48485,2023,Wichita,7,2023-01-16,2023-12-24,6,28,0
48485,2024,Wichita,13,2024-02-01,2024-12-25,6,51,0
48485,2025,Wichita,4,2025-01-29,2025-12-27,5,15,0
48487,2015,Wilbarger,7,2015-01-28,2015-12-26,5,28,28
48487,2016,Wilbarger,7,2016-02-18,2016-12-29,15,46,46
48487,2017,Wilbarger,12,2017-01-10,2017-12-04,8,56,56
48487,2018,Wilbarger,10,2018-03-23,2018-12-27,7,45,45
48487,2019,Wilbarger,10,2019-01-06,2019-12-28,13,46,46
48487,2020,Wilbarger,10,2020-01-14,2020-12-30,4,34,34
48487,2021,Wilbarger,7,2021-01-19,2021-12-31,8,33,33
48487,2022,Wilbarger,12,2022-04-21,2022-12-13,9,59,59
48487,2023,Wilbarger,17,2023-01-01,2023-12-24,6,68,68
48487,2024,Wilbarger,21,2024-01-23,2024-12-30,8,88,88
48487,2025,Wilbarger,9,2025-01-29,2025-12-28,9,47,47
48489,2015,Willacy,10,2015-04-08,2015-12-27,5,34,2
48489,2016,Willacy,12,2016-03-01,2016-12-29,15,70,1
48489,2017,Willacy,9,2017-01-11,2017-09-30,12,52,1
48489,2019,Willacy,5,2019-02-04,2019-10-01,6,19,19
48489,2020,Willacy,5,2020-01-14,2020-12-30,7,21,18
48489,2021,Willacy,13,2021-01-24,2022-01-01,9,52,1
48489,2022,Willacy,9,2022-03-05,2022-12-14,9,42,0
48489,2023,Willacy,18,2023-01-07,2023-12-24,17,110,0
48489,2024,Willacy,10,2024-03-06,2024-11-05,17,59,0
48489,2025,Willacy,12,2025-04-24,2025-12-28,11,60,0
48491,2015,Williamson,8,2015-03-31,2015-12-26,5,31,0
48491,2016,Williamson,17,2016-01-07,2017-01-03,9,73,0
48491,2017,Williamson,14,2017-01-11,2017-11-18,8,69,0
48491,2018,Williamson,6,2018-03-24,2018-10-08,9,36,0
48491,2019,Williamson,11,2019-01-07,2019-12-28,21,69,0
48491,2020,Williamson,12,2020-01-14,2020-12-30,11,58,0
48491,2021,Williamson,12,2021-01-22,2021-12-31,9,53,0
48491,2022,Williamson,11,2022-04-22,2022-12-13,22,72,0
48491,2023,Williamson,15,2023-01-01,2023-12-24,21,109,0
48491,2024,Williamson,19,2024-01-23,2024-12-26,8,91,0
48491,2025,Williamson,12,2025-02-03,2025-12-28,8,64,0
48493,2015,Wilson,6,2015-03-31,2015-12-27,7,28,0
48493,2016,Wilson,5,2016-02-19,2016-12-29,10,33,0
48493,2017,Wilson,6,2017-01-11,2017-11-07,7,25,0
48493,2018,Wilson,4,2018-03-16,2018-10-09,10,21,4
48493,2019,Wilson,13,2019-01-07,2019-12-28,7,55,33
48493,2020,Wilson,8,2020-01-14,2020-10-22,7,36,36
48493,2021,Wilson,7,2021-01-22,2022-01-01,9,30,30
48493,2022,Wilson,11,2022-04-11,2022-12-13,8,49,49
48493,2023,Wilson,13,2023-01-10,2023-12-24,13,71,71
48493,2024,Wilson,16,2024-01-24,2024-12-26,7,64,64
48493,2025,Wilson,7,2025-02-04,2025-12-28,10,37,37
48495,2015,Winkler,6,2015-01-29,2015-11-16,6,23,0
48495,2016,Winkler,7,2016-02-20,2016-12-31,7,30,0
48495,2017,Winkler,8,2017-01-12,2017-12-04,6,33,0
48495,2018,Winkler,6,2018-01-07,2018-10-05,7,26,0
48495,2019,Winkler,10,2019-02-02,2019-12-28,6,39,0
48495,2020,Winkler,3,2020-03-10,2020-11-24,6,14,0
48495,2021,Winkler,4,2021-01-21,2021-12-29,6,19,0
48495,2022,Winkler,7,2022-04-21,2022-12-14,21,50,0
48495,2023,Winkler,12,2023-01-14,2023-12-24,16,93,13
48495,2024,Winkler,12,2024-01-31,2024-12-07,19,73,1
48495,2025,Winkler,7,2025-04-11,2025-12-28,14,49,34
48497,2015,Wise,9,2015-02-08,2015-10-23,6,38,0
48497,2016,Wise,11,2016-02-19,2016-12-26,10,53,0
48497,2017,Wise,13,2017-01-19,2017-12-21,10,59,0
48497,2018,Wise,11,2018-05-12,2018-12-27,15,68,0
48497,2019,Wise,11,2019-01-06,2019-12-28,14,59,0
48497,2020,Wise,10,2020-01-14,2020-11-21,9,44,0
48497,2021,Wise,12,2021-01-19,2021-12-31,9,55,0
48497,2022,Wise,13,2022-04-10,2022-12-13,17,75,0
48497,2023,Wise,15,2023-01-15,2023-12-24,10,76,0
48497,2024,Wise,20,2024-01-24,2024-12-30,10,89,0
48497,2025,Wise,9,2025-01-28,2025-12-27,8,38,0
48499,2015,Wood,8,2015-03-31,2015-12-27,4,29,0
48499,2016,Wood,11,2016-02-20,2016-12-29,8,60,0
48499,2017,Wood,13,2017-01-01,2017-11-18,12,57,0
48499,2018,Wood,12,2018-03-24,2018-10-10,10,64,0
48499,2019,Wood,9,2019-01-07,2019-12-29,17,52,0
48499,2020,Wood,6,2020-01-15,2020-10-23,6,26,0
48499,2021,Wood,7,2021-01-21,2022-01-01,9,31,0
48499,2022,Wood,13,2022-04-11,2023-01-03,13,62,0
48499,2023,Wood,13,2023-02-20,2023-11-09,13,72,0
48499,2024,Wood,18,2024-01-24,2024-12-30,7,77,0
48499,2025,Wood,10,2025-01-29,2025-12-28,8,47,0
48501,2015,Yoakum,9,2015-01-28,2015-12-12,5,36,0
48501,2016,Yoakum,10,2016-02-18,2016-11-08,14,51,0
48501,2017,Yoakum,13,2017-01-10,2017-12-04,8,66,0
48501,2018,Yoakum,14,2018-02-15,2018-10-08,13,71,0
48501,2019,Yoakum,7,2019-01-10,2019-12-28,16,52,0
48501,2020,Yoakum,11,2020-03-01,2020-11-24,8,52,0
48501,2021,Yoakum,8,2021-01-19,2022-01-01,9,38,0
48501,2022,Yoakum,15,2022-04-11,2023-01-02,19,81,0
48501,2023,Yoakum,17,2023-01-16,2023-12-24,22,106,0
48501,2024,Yoakum,21,2024-02-01,2024-12-30,19,112,0
48501,2025,Yoakum,14,2025-02-02,2025-12-28,13,81,0
48503,2015,Young,7,2015-04-07,2015-11-05,5,23,2
48503,2016,Young,9,2016-02-18,2016-12-26,12,47,0
48503,2017,Young,15,2017-01-10,2017-12-21,8,63,2
48503,2018,Young,9,2018-03-23,2018-12-01,10,48,0
48503,2019,Young,7,2019-01-06,2019-12-28,13,35,0
48503,2020,Young,9,2020-01-13,2020-11-21,5,29,0
48503,2021,Young,6,2021-01-19,2021-12-29,6,24,7
48503,2022,Young,12,2022-04-10,2022-12-13,18,69,0
48503,2023,Young,16,2023-01-15,2023-12-24,6,62,0
48503,2024,Young,24,2024-01-23,2024-12-28,10,101,1
48503,2025,Young,10,2025-01-28,2025-12-27,5,34,0
48505,2015,Zapata,3,2015-05-18,2015-12-27,4,10,1
48505,2016,Zapata,6,2016-02-20,2016-12-29,13,36,1
48505,2017,Zapata,7,2017-01-01,2017-07-05,7,27,0
48505,2019,Zapata,2,2019-02-04,2019-10-01,3,6,6
48505,2020,Zapata,4,2020-01-14,2020-09-02,4,13,13
48505,2021,Zapata,2,2021-12-15,2022-01-01,9,12,12
48505,2022,Zapata,1,2022-12-06,2022-12-13,8,9,9
48505,2023,Zapata,6,2023-07-11,2023-12-24,8,27,27
48505,2024,Zapata,4,2024-05-21,2024-12-17,7,20,20
48505,2025,Zapata,4,2025-02-04,2025-12-28,6,20,20
48507,2016,Zavala,2,2016-11-02,2016-12-28,6,11,11
48507,2017,Zavala,1,2017-01-11,2017-01-16,6,6,6
48507,2019,Zavala,3,2019-02-03,2019-12-28,4,10,10
48507,2020,Zavala,3,2020-01-14,2020-09-02,3,9,9
48507,2021,Zavala,4,2021-01-23,2022-01-01,9,18,18
48507,2022,Zavala,2,2022-11-08,2022-12-13,8,12,12
48507,2023,Zavala,5,2023-07-11,2023-12-24,8,26,26
48507,2024,Zavala,6,2024-04-16,2024-12-17,6,22,22
48507,2025,Zavala,5,2025-02-04,2025-12-28,6,24,24
