county_fips,year,county_name,heatwave_events_started,first_event_start_date,last_event_end_date,longest_event_duration_days,heatwave_days,heatwave_days_imputed
48001,2015,Anderson,9,2015-03-17,2015-11-06,5,35,0
48001,2016,Anderson,11,2016-02-19,2016-12-28,15,63,0
48001,2017,Anderson,12,2017-01-10,2017-11-17,13,63,0
48001,2018,Anderson,10,2018-03-24,2018-10-08,9,48,0
48001,2019,Anderson,8,2019-02-03,2019-10-06,7,37,0
48001,2020,Anderson,10,2020-01-14,2020-12-29,7,42,0
48001,2021,Anderson,9,2021-01-22,2021-12-29,6,34,0
48001,2022,Anderson,11,2022-04-21,2022-12-13,9,58,0
48001,2023,Anderson,11,2023-01-01,2023-11-08,14,68,0
48001,2024,Anderson,12,2024-01-23,2024-12-26,5,41,0
48001,2025,Anderson,11,2025-02-03,2025-12-27,8,49,0
48003,2015,Andrews,3,2015-09-06,2015-12-12,4,10,0
48003,2016,Andrews,6,2016-02-18,2016-11-08,8,29,0
48003,2017,Andrews,6,2017-01-10,2017-12-04,5,23,0
48003,2018,Andrews,4,2018-03-23,2018-10-08,8,20,0
48003,2019,Andrews,8,2019-01-06,2019-10-03,5,29,3
48003,2020,Andrews,6,2020-03-17,2020-08-15,5,22,0
48003,2021,Andrews,5,2021-06-09,2021-12-29,8,21,0
48003,2022,Andrews,13,2022-03-27,2023-01-02,9,55,9
48003,2023,Andrews,13,2023-01-15,2023-11-08,10,63,0
48003,2024,Andrews,10,2024-02-25,2024-12-30,10,45,6
48003,2025,Andrews,6,2025-03-25,2025-12-27,7,28,2
48005,2015,Angelina,11,2015-03-18,2015-12-13,5,39,0
48005,2016,Angelina,16,2016-01-30,2016-12-28,8,70,0
48005,2017,Angelina,10,2017-01-10,2017-11-06,13,50,0
48005,2018,Angelina,8,2018-02-18,2018-10-09,9,40,0
48005,2019,Angelina,10,2019-02-04,2019-10-06,7,42,0
48005,2020,Angelina,11,2020-01-14,2020-09-15,7,53,0
48005,2021,Angelina,13,2021-01-19,2022-01-01,9,59,0
48005,2022,Angelina,14,2022-04-21,2023-01-03,11,66,0
48005,2023,Angelina,13,2023-01-16,2023-12-24,24,92,0
48005,2024,Angelina,12,2024-02-08,2024-12-17,9,68,0
48005,2025,Angelina,13,2025-02-03,2025-12-28,8,54,0
48007,2015,Aransas,6,2015-05-17,2015-12-26,4,20,0
48007,2016,Aransas,11,2016-02-20,2016-12-28,10,54,0
48007,2017,Aransas,12,2017-01-12,2017-11-07,6,51,0
48007,2018,Aransas,8,2018-02-15,2018-11-08,6,32,0
48007,2019,Aransas,7,2019-02-04,2019-10-03,13,38,0
48007,2020,Aransas,8,2020-01-13,2020-10-20,9,43,0
48007,2021,Aransas,11,2021-01-22,2022-01-01,9,46,0
48007,2022,Aransas,9,2022-04-20,2022-12-13,6,37,0
48007,2023,Aransas,13,2023-02-21,2023-12-23,9,64,0
48007,2024,Aransas,12,2024-02-08,2024-12-17,9,52,0
48007,2025,Aransas,14,2025-02-04,2025-12-28,9,70,0
48009,2015,Archer,3,2015-04-07,2015-12-13,5,12,12
48009,2016,Archer,7,2016-02-18,2016-12-28,9,30,11
48009,2017,Archer,6,2017-01-20,2017-12-04,5,22,12
48009,2018,Archer,7,2018-03-23,2018-10-08,8,36,36
48009,2019,Archer,8,2019-02-02,2019-12-28,9,36,36
48009,2020,Archer,7,2020-01-14,2020-08-14,5,24,24
48009,2021,Archer,7,2021-01-19,2021-12-29,7,32,32
48009,2022,Archer,12,2022-04-21,2022-12-13,16,60,60
48009,2023,Archer,15,2023-01-01,2023-12-24,9,64,64
48009,2024,Archer,15,2024-01-24,2024-12-26,10,61,61
48009,2025,Archer,6,2025-03-26,2025-12-28,8,33,33
48011,2015,Armstrong,13,2015-01-19,2015-12-24,8,60,60
48011,2016,Armstrong,12,2016-02-18,2016-11-08,8,58,58
48011,2017,Armstrong,10,2017-01-17,2017-12-04,9,52,52
48011,2018,Armstrong,9,2018-03-23,2018-10-06,9,49,49
48011,2019,Armstrong,15,2019-01-06,2019-12-28,8,62,62
48011,2020,Armstrong,10,2020-03-09,2020-11-22,9,49,49
48011,2021,Armstrong,14,2021-01-21,2021-12-29,6,55,55
48011,2022,Armstrong,15,2022-04-21,2022-12-13,12,87,87
48011,2023,Armstrong,19,2023-01-01,2023-12-24,9,84,84
48011,2024,Armstrong,20,2024-01-24,2024-12-30,15,100,100
48011,2025,Armstrong,9,2025-03-26,2025-12-28,14,56,56
48013,2015,Atascosa,11,2015-04-07,2015-11-06,8,46,0
48013,2016,Atascosa,8,2016-02-19,2016-12-29,9,37,0
48013,2017,Atascosa,14,2017-01-11,2017-12-05,7,53,0
48013,2018,Atascosa,7,2018-02-15,2018-10-09,9,34,0
48013,2019,Atascosa,12,2019-01-08,2019-10-03,11,71,0
48013,2020,Atascosa,11,2020-01-14,2020-10-22,10,58,0
48013,2021,Atascosa,17,2021-01-20,2022-01-01,14,88,0
48013,2022,Atascosa,15,2022-04-21,2022-12-13,12,81,0
48013,2023,Atascosa,16,2023-02-21,2023-12-24,15,89,0
48013,2024,Atascosa,18,2024-02-09,2024-12-18,8,79,2
48013,2025,Atascosa,9,2025-02-04,2025-12-28,8,51,0
48015,2015,Austin,5,2015-05-08,2015-12-27,4,17,4
48015,2016,Austin,11,2016-01-31,2016-12-29,6,46,10
48015,2017,Austin,16,2017-01-01,2017-12-05,8,56,1
48015,2018,Austin,7,2018-03-16,2018-10-09,8,35,6
48015,2019,Austin,8,2019-02-03,2019-10-07,18,53,19
48015,2020,Austin,12,2020-01-14,2020-09-04,12,66,16
48015,2021,Austin,13,2021-01-22,2022-01-01,9,53,15
48015,2022,Austin,15,2022-05-02,2022-12-13,13,76,7
48015,2023,Austin,16,2023-01-02,2023-12-24,18,109,26
48015,2024,Austin,14,2024-01-23,2024-12-17,13,74,34
48015,2025,Austin,11,2025-02-04,2025-12-28,8,49,22
48017,2015,Bailey,5,2015-01-19,2015-10-12,5,20,0
48017,2016,Bailey,6,2016-03-13,2016-11-08,8,30,0
48017,2017,Bailey,7,2017-01-18,2017-12-04,6,31,0
48017,2018,Bailey,5,2018-02-15,2018-10-08,8,23,0
48017,2019,Bailey,6,2019-01-15,2019-12-06,7,25,0
48017,2020,Bailey,4,2020-03-11,2020-11-24,10,31,0
48017,2021,Bailey,6,2021-04-26,2021-09-05,5,22,0
48017,2022,Bailey,9,2022-06-11,2023-01-02,7,37,0
48017,2023,Bailey,11,2023-02-20,2023-12-15,13,52,0
48017,2024,Bailey,10,2024-01-24,2024-12-27,11,44,0
48017,2025,Bailey,5,2025-03-26,2025-12-27,10,26,0
48019,2015,Bandera,5,2015-03-18,2015-10-24,4,17,0
48019,2016,Bandera,8,2016-02-19,2016-12-29,13,50,0
48019,2017,Bandera,7,2017-01-12,2017-11-16,8,33,0
48019,2018,Bandera,7,2018-02-15,2018-10-09,9,34,0
48019,2019,Bandera,10,2019-01-07,2019-12-28,7,46,0
48019,2020,Bandera,6,2020-01-14,2020-10-23,9,36,0
48019,2021,Bandera,9,2021-01-22,2022-01-01,8,35,0
48019,2022,Bandera,6,2022-04-21,2022-12-14,12,35,0
48019,2023,Bandera,11,2023-03-07,2023-12-24,8,45,0
48019,2024,Bandera,16,2024-03-13,2024-12-25,11,84,77
48019,2025,Bandera,11,2025-02-04,2025-12-28,7,53,53
48021,2015,Bastrop,13,2015-03-31,2015-12-26,8,57,0
48021,2016,Bastrop,12,2016-02-19,2016-12-28,14,72,0
48021,2017,Bastrop,14,2017-01-10,2017-11-18,10,71,0
48021,2018,Bastrop,9,2018-03-24,2018-12-27,9,48,0
48021,2019,Bastrop,12,2019-01-07,2019-10-04,22,82,0
48021,2020,Bastrop,11,2020-01-14,2020-11-14,13,60,0
48021,2021,Bastrop,12,2021-01-21,2021-12-31,9,57,0
48021,2022,Bastrop,12,2022-04-20,2022-12-13,15,85,0
48021,2023,Bastrop,13,2023-02-20,2023-12-23,16,96,0
48021,2024,Bastrop,21,2024-01-23,2024-12-25,7,94,0
48021,2025,Bastrop,16,2025-02-03,2025-12-28,8,77,0
48023,2015,Baylor,11,2015-01-27,2015-12-15,9,50,0
48023,2016,Baylor,15,2016-02-18,2016-11-17,11,78,0
48023,2017,Baylor,10,2017-01-18,2017-12-05,8,50,0
48023,2018,Baylor,9,2018-03-23,2018-10-08,8,45,0
48023,2019,Baylor,10,2019-01-06,2019-12-28,7,39,0
48023,2020,Baylor,6,2020-03-17,2020-11-09,7,23,0
48023,2021,Baylor,10,2021-01-19,2021-12-31,8,45,0
48023,2022,Baylor,12,2022-04-21,2022-12-13,9,58,0
48023,2023,Baylor,15,2023-01-01,2023-12-24,7,60,0
48023,2024,Baylor,17,2024-01-24,2024-12-30,13,83,0
48023,2025,Baylor,9,2025-01-29,2025-12-28,7,44,0
48025,2016,Bee,7,2016-02-20,2016-12-28,8,31,0
48025,2017,Bee,6,2017-01-11,2017-11-06,7,23,0
48025,2018,Bee,6,2018-02-16,2018-11-08,6,24,0
48025,2019,Bee,6,2019-02-03,2019-12-29,7,27,0
48025,2020,Bee,9,2020-01-14,2020-11-15,5,32,3
48025,2021,Bee,9,2021-01-22,2022-01-01,8,38,0
48025,2022,Bee,5,2022-04-21,2022-12-14,9,25,0
48025,2023,Bee,11,2023-02-21,2023-12-24,6,48,0
48025,2024,Bee,9,2024-03-14,2024-12-18,8,42,25
48025,2025,Bee,7,2025-02-04,2025-12-28,7,36,1
48027,2015,Bell,7,2015-01-27,2015-11-06,6,27,0
48027,2016,Bell,13,2016-02-19,2016-12-28,10,66,0
48027,2017,Bell,11,2017-01-10,2017-11-17,7,48,0
48027,2018,Bell,10,2018-03-24,2018-10-08,8,48,0
48027,2019,Bell,7,2019-01-16,2019-10-06,9,47,0
48027,2020,Bell,8,2020-01-13,2020-10-22,10,42,1
48027,2021,Bell,8,2021-01-21,2021-12-31,9,39,0
48027,2022,Bell,11,2022-04-20,2022-12-13,12,74,0
48027,2023,Bell,19,2023-01-01,2023-12-24,15,100,0
48027,2024,Bell,17,2024-01-23,2024-12-25,19,89,0
48027,2025,Bell,10,2025-01-28,2025-12-27,8,47,0
48029,2015,Bexar,11,2015-01-29,2015-11-06,8,43,0
48029,2016,Bexar,12,2016-02-18,2016-12-28,13,73,0
48029,2017,Bexar,12,2017-01-10,2017-11-17,8,51,0
48029,2018,Bexar,5,2018-02-15,2018-10-08,8,22,0
48029,2019,Bexar,5,2019-02-02,2019-10-03,6,22,0
48029,2020,Bexar,6,2020-01-14,2020-10-22,7,28,0
48029,2021,Bexar,7,2021-01-23,2022-01-01,8,28,0
48029,2022,Bexar,6,2022-04-11,2022-12-13,9,27,0
48029,2023,Bexar,8,2023-06-12,2023-12-23,10,39,0
48029,2024,Bexar,15,2024-02-08,2024-12-25,7,66,0
48029,2025,Bexar,10,2025-02-03,2025-12-28,8,49,0
48031,2015,Blanco,7,2015-04-07,2015-09-19,7,28,0
48031,2016,Blanco,10,2016-02-19,2016-12-29,8,53,12
48031,2017,Blanco,8,2017-01-10,2017-12-04,10,33,0
48031,2018,Blanco,2,2018-03-24,2018-10-09,9,13,0
48031,2019,Blanco,7,2019-02-02,2019-12-29,7,33,0
48031,2020,Blanco,6,2020-01-15,2020-09-04,11,32,6
48031,2021,Blanco,11,2021-01-21,2021-12-29,5,45,30
48031,2022,Blanco,10,2022-05-02,2022-12-12,9,56,0
48031,2023,Blanco,13,2023-02-20,2023-12-24,15,91,0
48031,2024,Blanco,18,2024-02-08,2024-12-26,8,90,15
48031,2025,Blanco,13,2025-01-03,2025-12-28,8,65,55
48033,2015,Borden,4,2015-01-27,2015-09-18,5,14,5
48033,2016,Borden,7,2016-02-18,2016-11-17,8,29,10
48033,2017,Borden,4,2017-01-18,2017-10-06,5,18,1
48033,2018,Borden,7,2018-05-25,2018-10-05,9,32,4
48033,2019,Borden,6,2019-02-02,2019-10-03,9,27,0
48033,2020,Borden,5,2020-06-28,2020-12-11,8,24,0
48033,2021,Borden,5,2021-01-23,2021-12-29,5,22,1
48033,2022,Borden,14,2022-03-27,2023-01-02,13,70,10
48033,2023,Borden,12,2023-01-15,2023-12-24,8,59,16
48033,2024,Borden,13,2024-02-25,2024-11-04,7,52,19
48033,2025,Borden,7,2025-03-25,2025-12-27,6,35,9
48035,2015,Bosque,1,2015-09-05,2015-09-09,5,5,2
48035,2016,Bosque,10,2016-02-19,2016-12-26,5,38,25
48035,2017,Bosque,11,2017-01-11,2017-11-17,8,44,31
48035,2018,Bosque,6,2018-03-24,2018-10-08,7,27,20
48035,2019,Bosque,6,2019-02-01,2019-10-06,6,27,23
48035,2020,Bosque,8,2020-01-14,2020-09-01,5,30,15
48035,2021,Bosque,7,2021-01-20,2021-12-29,6,32,21
48035,2022,Bosque,9,2022-04-20,2022-12-14,9,41,25
48035,2023,Bosque,14,2023-01-16,2023-12-24,16,88,51
48035,2024,Bosque,16,2024-01-24,2024-12-26,10,70,70
48035,2025,Bosque,8,2025-02-03,2025-12-28,8,41,41
48037,2015,Bowie,6,2015-07-22,2015-12-27,7,28,0
48037,2016,Bowie,9,2016-02-19,2016-12-28,7,43,0
48037,2017,Bowie,11,2017-01-01,2017-12-21,12,54,0
48037,2018,Bowie,8,2018-03-24,2018-10-09,9,42,0
48037,2019,Bowie,6,2019-02-04,2019-12-29,7,27,0
48037,2020,Bowie,6,2020-01-14,2020-09-05,6,29,0
48037,2021,Bowie,13,2021-01-20,2022-01-01,9,52,0
48037,2022,Bowie,13,2022-04-22,2023-01-03,8,54,0
48037,2023,Bowie,15,2023-01-16,2023-12-24,8,68,0
48037,2024,Bowie,14,2024-02-08,2024-12-30,8,68,0
48037,2025,Bowie,14,2025-02-03,2025-12-28,8,67,0
48039,2015,Brazoria,9,2015-03-19,2015-12-26,7,38,0
48039,2016,Brazoria,19,2016-02-19,2016-12-28,27,123,0
48039,2017,Brazoria,15,2017-01-10,2017-11-07,13,82,0
48039,2018,Brazoria,14,2018-02-15,2018-11-08,9,67,0
48039,2019,Brazoria,11,2019-02-03,2019-10-05,11,65,0
48039,2020,Brazoria,12,2020-01-14,2020-12-30,9,61,0
48039,2021,Brazoria,19,2021-01-19,2022-01-01,9,84,0
48039,2022,Brazoria,14,2022-04-11,2022-12-13,9,57,0
48039,2023,Brazoria,14,2023-01-01,2023-12-23,13,83,0
48039,2024,Brazoria,17,2024-02-08,2024-12-26,17,98,0
48039,2025,Brazoria,13,2025-02-03,2025-12-28,12,69,0
48041,2015,Brazos,5,2015-05-08,2015-12-12,4,16,0
48041,2016,Brazos,8,2016-02-19,2016-12-28,6,32,0
48041,2017,Brazos,6,2017-01-10,2017-11-06,8,27,0
48041,2018,Brazos,5,2018-03-16,2018-10-08,7,20,0
48041,2019,Brazos,10,2019-02-02,2019-10-06,9,41,0
48041,2020,Brazos,8,2020-01-14,2020-09-01,7,35,0
48041,2021,Brazos,11,2021-01-22,2021-12-31,9,45,0
48041,2022,Brazos,12,2022-04-20,2022-12-13,14,76,1
48041,2023,Brazos,16,2023-01-01,2023-12-23,17,110,0
48041,2024,Brazos,16,2024-02-08,2024-12-17,11,74,0
48041,2025,Brazos,12,2025-02-03,2025-12-27,7,54,0
48043,2015,Brewster,7,2015-01-28,2015-12-12,7,29,0
48043,2016,Brewster,9,2016-02-18,2017-01-02,8,43,0
48043,2017,Brewster,6,2017-01-10,2017-12-05,7,37,0
48043,2018,Brewster,9,2018-02-15,2018-10-08,8,42,0
48043,2019,Brewster,12,2019-01-07,2019-12-10,11,60,0
48043,2020,Brewster,8,2020-01-15,2020-11-10,9,41,0
48043,2021,Brewster,12,2021-01-21,2022-01-01,9,51,0
48043,2022,Brewster,13,2022-04-20,2022-12-13,12,65,0
48043,2023,Brewster,14,2023-01-01,2023-12-24,21,109,0
48043,2024,Brewster,15,2024-02-21,2024-12-30,18,88,0
48043,2025,Brewster,13,2025-02-03,2025-12-28,17,87,0
48045,2015,Briscoe,9,2015-01-26,2015-12-13,5,37,0
48045,2016,Briscoe,8,2016-02-19,2016-11-08,8,39,0
48045,2017,Briscoe,10,2017-01-10,2017-12-04,7,43,0
48045,2018,Briscoe,10,2018-03-25,2018-10-05,6,39,0
48045,2019,Briscoe,7,2019-01-16,2019-09-12,8,34,0
48045,2020,Briscoe,6,2020-03-09,2020-11-22,5,24,0
48045,2021,Briscoe,8,2021-01-20,2021-12-26,5,29,0
48045,2022,Briscoe,10,2022-04-21,2022-12-10,6,39,0
48045,2023,Briscoe,11,2023-01-15,2023-12-24,5,44,0
48045,2024,Briscoe,20,2024-01-24,2024-12-31,12,95,0
48045,2025,Briscoe,12,2025-03-25,2025-12-28,14,68,0
48047,2015,Brooks,2,2015-09-05,2015-11-07,5,8,5
48047,2016,Brooks,5,2016-03-16,2016-12-29,14,34,21
48047,2017,Brooks,8,2017-01-11,2017-11-06,8,34,17
48047,2018,Brooks,9,2018-02-16,2018-11-08,5,31,21
48047,2019,Brooks,8,2019-02-04,2019-10-03,8,38,21
48047,2020,Brooks,7,2020-01-14,2020-09-05,9,34,24
48047,2021,Brooks,8,2021-02-27,2022-01-01,8,32,13
48047,2022,Brooks,6,2022-04-21,2022-12-13,8,29,26
48047,2023,Brooks,11,2023-02-21,2023-10-28,15,74,74
48047,2024,Brooks,14,2024-04-16,2024-12-17,8,62,62
48047,2025,Brooks,10,2025-02-04,2025-12-28,8,46,46
48049,2015,Brown,5,2015-01-30,2015-10-24,5,17,1
48049,2016,Brown,9,2016-02-20,2016-12-29,9,46,1
48049,2017,Brown,10,2017-01-01,2017-12-05,8,42,1
48049,2018,Brown,7,2018-03-24,2018-10-08,10,41,0
48049,2019,Brown,9,2019-02-02,2019-12-28,9,44,3
48049,2020,Brown,11,2020-01-14,2020-12-30,9,47,38
48049,2021,Brown,10,2021-01-20,2022-01-01,9,46,1
48049,2022,Brown,10,2022-03-27,2022-12-14,26,92,2
48049,2023,Brown,14,2023-01-01,2023-12-24,16,97,1
48049,2024,Brown,16,2024-01-24,2024-12-25,12,67,0
48049,2025,Brown,9,2025-01-29,2025-12-28,6,42,0
48051,2016,Burleson,6,2016-02-20,2016-12-29,6,23,3
48051,2017,Burleson,11,2017-01-11,2017-12-06,7,45,17
48051,2018,Burleson,1,2018-03-25,2018-03-27,3,3,0
48051,2019,Burleson,1,2019-02-05,2019-02-07,3,3,0
48051,2020,Burleson,8,2020-01-15,2020-10-23,12,43,1
48051,2021,Burleson,15,2021-01-19,2022-01-01,9,65,12
48051,2022,Burleson,15,2022-04-21,2022-12-13,13,83,11
48051,2023,Burleson,15,2023-01-01,2023-12-24,16,98,25
48051,2024,Burleson,15,2024-02-08,2024-12-27,9,75,12
48051,2025,Burleson,14,2025-01-02,2025-12-28,9,77,19
48053,2015,Burnet,9,2015-01-27,2015-11-06,5,32,0
48053,2016,Burnet,10,2016-02-18,2016-12-28,10,51,0
48053,2017,Burnet,14,2017-01-10,2017-12-04,8,57,0
48053,2018,Burnet,10,2018-03-23,2018-10-08,10,50,0
48053,2019,Burnet,12,2019-01-16,2019-12-28,19,72,0
48053,2020,Burnet,9,2020-01-13,2020-10-22,10,46,0
48053,2021,Burnet,9,2021-01-22,2021-12-31,9,41,0
48053,2022,Burnet,12,2022-04-11,2022-12-13,11,71,0
48053,2023,Burnet,16,2023-01-16,2023-12-24,17,100,0
48053,2024,Burnet,19,2024-01-23,2024-12-26,9,84,0
48053,2025,Burnet,10,2025-02-04,2025-12-28,9,53,0
48055,2015,Caldwell,7,2015-03-30,2015-10-23,7,31,0
48055,2016,Caldwell,10,2016-02-18,2016-12-28,8,53,0
48055,2017,Caldwell,15,2017-01-10,2017-11-17,9,61,0
48055,2018,Caldwell,12,2018-03-16,2018-10-09,9,59,0
48055,2019,Caldwell,11,2019-02-02,2019-12-28,16,62,0
48055,2020,Caldwell,10,2020-01-13,2020-10-22,11,58,0
48055,2021,Caldwell,14,2021-01-21,2021-12-31,8,55,0
48055,2022,Caldwell,14,2022-04-20,2022-12-13,12,76,0
48055,2023,Caldwell,16,2023-01-01,2023-12-23,15,102,0
48055,2024,Caldwell,18,2024-01-23,2024-12-25,11,88,0
48055,2025,Caldwell,15,2025-02-03,2025-12-27,8,82,0
48057,2015,Calhoun,3,2015-08-05,2015-12-26,4,11,0
48057,2016,Calhoun,17,2016-02-19,2016-12-28,8,85,0
48057,2017,Calhoun,13,2017-01-10,2017-11-07,9,62,0
48057,2018,Calhoun,5,2018-02-15,2018-10-09,8,26,0
48057,2019,Calhoun,9,2019-02-02,2019-10-04,14,54,0
48057,2020,Calhoun,8,2020-01-15,2020-09-04,9,45,0
48057,2021,Calhoun,12,2021-01-24,2022-01-01,9,49,0
48057,2022,Calhoun,9,2022-04-21,2022-12-13,9,46,0
48057,2023,Calhoun,13,2023-01-16,2023-12-23,9,56,0
48057,2024,Calhoun,10,2024-03-14,2024-12-26,9,47,0
48057,2025,Calhoun,15,2025-02-04,2025-12-28,10,71,0
48059,2015,Callahan,5,2015-03-31,2015-09-19,5,17,0
48059,2016,Callahan,9,2016-02-18,2016-11-08,8,40,0
48059,2017,Callahan,5,2017-01-10,2017-12-04,5,18,0
48059,2018,Callahan,6,2018-03-23,2018-10-07,9,39,0
48059,2019,Callahan,10,2019-01-06,2019-12-28,8,44,0
48059,2020,Callahan,2,2020-07-11,2020-08-15,10,16,0
48059,2021,Callahan,4,2021-03-10,2021-12-29,6,18,0
48059,2022,Callahan,12,2022-03-27,2022-12-13,23,72,0
48059,2023,Callahan,15,2023-01-15,2023-12-24,9,72,0
48059,2024,Callahan,8,2024-02-25,2024-12-16,13,41,0
48059,2025,Callahan,5,2025-04-25,2025-12-28,6,21,0
48061,2015,Cameron,7,2015-04-23,2015-12-26,6,29,0
48061,2016,Cameron,14,2016-02-20,2016-12-29,14,88,0
48061,2017,Cameron,14,2017-01-11,2017-11-06,8,67,0
48061,2018,Cameron,11,2018-02-15,2018-11-08,10,60,0
48061,2019,Cameron,15,2019-01-07,2019-10-02,10,74,0
48061,2020,Cameron,10,2020-01-13,2020-11-27,8,46,0
48061,2021,Cameron,13,2021-01-23,2022-01-01,8,51,0
48061,2022,Cameron,8,2022-04-16,2022-12-13,11,48,0
48061,2023,Cameron,13,2023-01-16,2023-10-27,16,82,0
48061,2024,Cameron,12,2024-02-26,2024-12-17,10,64,0
48061,2025,Cameron,16,2025-01-01,2025-12-28,9,72,0
48063,2015,Camp,11,2015-03-13,2015-12-27,17,71,7
48063,2016,Camp,19,2016-02-18,2016-12-27,12,110,1
48063,2017,Camp,13,2017-01-10,2017-12-05,13,67,29
48063,2018,Camp,7,2018-03-24,2018-10-09,9,47,47
48063,2019,Camp,8,2019-02-03,2019-10-06,8,39,39
48063,2020,Camp,9,2020-01-15,2020-08-16,5,30,30
48063,2021,Camp,11,2021-01-21,2022-01-01,9,46,46
48063,2022,Camp,9,2022-04-21,2023-01-03,12,51,51
48063,2023,Camp,11,2023-01-16,2023-12-24,13,61,61
48063,2024,Camp,13,2024-02-08,2024-12-30,7,60,60
48063,2025,Camp,11,2025-01-29,2025-12-28,8,55,55
48065,2015,Carson,16,2015-01-19,2015-12-23,7,65,10
48065,2016,Carson,10,2016-02-18,2016-11-07,7,41,7
48065,2017,Carson,11,2017-01-15,2017-12-04,6,45,19
48065,2018,Carson,13,2018-03-23,2018-10-05,14,79,79
48065,2019,Carson,14,2019-01-06,2019-12-28,14,76,76
48065,2020,Carson,13,2020-01-26,2020-11-22,11,69,69
48065,2021,Carson,15,2021-04-26,2021-12-29,11,74,74
48065,2022,Carson,16,2022-04-20,2022-12-13,20,103,103
48065,2023,Carson,19,2023-01-01,2023-12-24,16,101,101
48065,2024,Carson,25,2024-01-23,2024-12-30,15,130,130
48065,2025,Carson,9,2025-03-26,2025-12-28,17,65,65
48067,2015,Cass,5,2015-06-18,2015-12-14,8,28,0
48067,2016,Cass,10,2016-02-20,2016-12-29,7,39,0
48067,2017,Cass,13,2017-01-01,2017-12-22,12,60,0
48067,2018,Cass,12,2018-03-17,2018-12-02,10,62,0
48067,2019,Cass,10,2019-02-03,2019-12-29,11,63,0
48067,2020,Cass,9,2020-01-15,2020-10-23,5,37,0
48067,2021,Cass,12,2021-01-20,2022-01-01,8,48,1
48067,2022,Cass,12,2022-04-22,2023-01-03,9,57,0
48067,2023,Cass,13,2023-01-17,2023-11-09,8,63,0
48067,2024,Cass,16,2024-02-09,2024-12-31,6,63,0
48067,2025,Cass,13,2025-02-04,2025-12-28,7,58,0
48069,2015,Castro,5,2015-01-27,2015-12-24,6,24,0
48069,2016,Castro,8,2016-02-17,2016-11-08,9,38,0
48069,2017,Castro,8,2017-01-18,2017-12-04,7,36,0
48069,2018,Castro,5,2018-03-23,2018-10-06,6,22,0
48069,2019,Castro,10,2019-02-03,2019-12-28,6,44,0
48069,2020,Castro,8,2020-03-17,2020-11-24,8,42,0
48069,2021,Castro,8,2021-04-27,2021-12-27,7,32,0
48069,2022,Castro,11,2022-06-11,2022-12-10,10,52,0
48069,2023,Castro,14,2023-01-01,2023-12-24,13,73,0
48069,2024,Castro,15,2024-01-24,2024-12-30,10,67,0
48069,2025,Castro,8,2025-03-26,2025-12-28,7,47,0
48071,2015,Chambers,11,2015-03-19,2015-12-26,6,43,0
48071,2016,Chambers,11,2016-01-30,2016-12-28,6,51,0
48071,2017,Chambers,11,2017-01-10,2017-12-20,13,57,0
48071,2018,Chambers,12,2018-02-14,2018-11-08,15,66,0
48071,2019,Chambers,10,2019-02-03,2019-10-06,10,49,0
48071,2020,Chambers,13,2020-01-14,2020-12-30,10,60,0
48071,2021,Chambers,13,2021-01-19,2022-01-01,9,59,0
48071,2022,Chambers,8,2022-04-20,2022-12-13,11,38,0
48071,2023,Chambers,13,2023-01-01,2023-10-28,10,69,0
48071,2024,Chambers,13,2024-01-23,2024-12-17,11,59,0
48071,2025,Chambers,11,2025-02-03,2025-12-28,9,63,1
48073,2015,Cherokee,7,2015-03-18,2015-12-27,5,28,0
48073,2016,Cherokee,8,2016-02-20,2016-12-29,9,39,0
48073,2017,Cherokee,8,2017-01-11,2017-11-18,12,43,0
48073,2018,Cherokee,5,2018-03-17,2018-10-09,9,22,0
48073,2019,Cherokee,4,2019-02-03,2019-10-06,6,17,0
48073,2020,Cherokee,6,2020-03-12,2020-08-16,6,25,0
48073,2021,Cherokee,8,2021-01-22,2022-01-01,8,32,0
48073,2022,Cherokee,10,2022-04-22,2023-01-03,12,53,0
48073,2023,Cherokee,11,2023-01-16,2023-11-09,13,59,0
48073,2024,Cherokee,10,2024-01-24,2024-12-18,8,47,0
48073,2025,Cherokee,8,2025-02-04,2025-12-28,8,42,0
48075,2015,Childress,4,2015-01-26,2015-12-13,6,19,0
48075,2016,Childress,7,2016-01-29,2016-11-08,8,29,0
48075,2017,Childress,6,2017-01-18,2017-12-04,5,25,0
48075,2018,Childress,10,2018-03-23,2018-10-05,6,43,0
48075,2019,Childress,7,2019-01-06,2019-10-02,5,26,0
48075,2020,Childress,8,2020-03-26,2020-11-21,4,26,0
48075,2021,Childress,7,2021-04-27,2021-12-29,6,30,0
48075,2022,Childress,12,2022-04-21,2022-12-13,14,59,0
48075,2023,Childress,11,2023-01-10,2023-12-24,7,49,0
48075,2024,Childress,15,2024-01-29,2024-12-26,10,67,0
48075,2025,Childress,10,2025-01-29,2025-12-28,7,47,0
48077,2015,Clay,8,2015-01-27,2015-12-13,5,32,32
48077,2016,Clay,11,2016-02-18,2016-12-28,10,57,57
48077,2017,Clay,15,2017-01-01,2017-12-21,8,61,61
48077,2018,Clay,9,2018-03-23,2018-10-08,8,51,51
48077,2019,Clay,9,2019-01-06,2019-12-28,16,53,53
48077,2020,Clay,9,2020-01-14,2020-11-10,9,37,37
48077,2021,Clay,9,2021-01-19,2021-12-31,8,42,42
48077,2022,Clay,12,2022-04-21,2022-12-13,17,69,69
48077,2023,Clay,19,2023-01-01,2023-12-24,14,90,90
48077,2024,Clay,19,2024-01-24,2024-12-30,14,94,94
48077,2025,Clay,8,2025-01-29,2025-12-28,8,52,52
48079,2015,Cochran,4,2015-01-29,2015-12-12,5,15,0
48079,2016,Cochran,8,2016-02-19,2016-11-08,8,34,0
48079,2017,Cochran,7,2017-01-10,2017-12-04,8,38,0
48079,2018,Cochran,7,2018-03-23,2018-10-08,8,31,0
48079,2019,Cochran,5,2019-01-15,2019-12-28,5,21,0
48079,2020,Cochran,7,2020-03-12,2020-11-09,7,28,0
48079,2021,Cochran,7,2021-01-19,2021-12-29,7,26,0
48079,2022,Cochran,10,2022-05-09,2022-12-10,6,43,0
48079,2023,Cochran,10,2023-02-20,2023-12-24,6,47,0
48079,2024,Cochran,8,2024-06-07,2024-12-30,10,35,0
48079,2025,Cochran,7,2025-03-27,2025-12-28,7,31,0
48081,2015,Coke,2,2015-01-29,2015-04-02,5,8,0
48081,2016,Coke,7,2016-02-19,2016-12-26,9,31,0
48081,2017,Coke,7,2017-02-06,2017-12-04,5,26,0
48081,2018,Coke,4,2018-02-14,2018-10-08,8,19,0
48081,2019,Coke,4,2019-01-09,2019-10-03,6,19,0
48081,2020,Coke,1,2020-03-11,2020-03-13,3,3,0
48081,2021,Coke,4,2021-01-21,2021-12-17,4,13,0
48081,2022,Coke,8,2022-04-20,2022-12-12,8,31,0
48081,2023,Coke,6,2023-03-22,2023-12-23,5,22,0
48081,2024,Coke,5,2024-01-24,2024-11-04,6,19,0
48081,2025,Coke,4,2025-01-28,2025-12-27,6,17,0
48083,2015,Coleman,11,2015-01-27,2015-09-20,6,48,0
48083,2016,Coleman,14,2016-02-19,2016-12-29,10,72,0
48083,2017,Coleman,14,2017-01-01,2017-12-04,8,56,0
48083,2018,Coleman,10,2018-03-24,2018-10-08,11,63,0
48083,2019,Coleman,11,2019-01-06,2019-12-29,16,65,0
48083,2020,Coleman,9,2020-03-11,2020-11-10,9,43,0
48083,2021,Coleman,9,2021-01-22,2021-12-31,8,40,0
48083,2022,Coleman,12,2022-04-20,2022-12-13,25,79,0
48083,2023,Coleman,15,2023-01-02,2023-12-24,14,100,0
48083,2024,Coleman,15,2024-01-24,2024-12-31,16,70,0
48083,2025,Coleman,10,2025-01-29,2025-12-28,7,47,0
48085,2015,Collin,5,2015-03-17,2015-11-05,8,25,0
48085,2016,Collin,12,2016-02-19,2017-01-02,8,60,0
48085,2017,Collin,13,2017-01-10,2017-12-04,8,59,0
48085,2018,Collin,12,2018-03-23,2018-10-09,9,59,0
48085,2019,Collin,11,2019-02-02,2019-12-28,8,51,0
48085,2020,Collin,8,2020-01-14,2020-08-15,9,38,0
48085,2021,Collin,11,2021-01-19,2021-12-29,7,48,0
48085,2022,Collin,10,2022-04-20,2022-12-13,17,66,0
48085,2023,Collin,16,2023-01-01,2023-12-23,14,80,0
48085,2024,Collin,17,2024-02-02,2024-12-30,15,77,0
48085,2025,Collin,11,2025-01-28,2025-12-27,8,56,0
48087,2015,Collingsworth,6,2015-01-19,2015-12-12,7,25,0
48087,2016,Collingsworth,7,2016-02-16,2016-11-08,8,34,2
48087,2017,Collingsworth,7,2017-02-18,2017-12-04,6,30,4
48087,2018,Collingsworth,6,2018-05-12,2018-10-06,6,23,23
48087,2019,Collingsworth,7,2019-02-03,2019-12-28,6,30,30
48087,2020,Collingsworth,5,2020-06-28,2020-11-21,7,20,20
48087,2021,Collingsworth,6,2021-06-10,2021-12-29,6,27,27
48087,2022,Collingsworth,10,2022-04-21,2022-12-13,10,49,49
48087,2023,Collingsworth,15,2023-01-01,2023-12-24,7,59,59
48087,2024,Collingsworth,12,2024-01-24,2024-12-30,12,52,52
48087,2025,Collingsworth,7,2025-03-26,2025-12-28,6,39,39
48089,2015,Colorado,17,2015-03-18,2015-12-26,9,79,0
48089,2016,Colorado,20,2016-01-31,2016-12-29,13,115,0
48089,2017,Colorado,19,2017-01-10,2017-11-18,13,102,0
48089,2018,Colorado,15,2018-02-15,2018-11-08,15,93,0
48089,2019,Colorado,11,2019-02-02,2019-10-07,19,91,0
48089,2020,Colorado,13,2020-01-14,2020-11-11,11,77,0
48089,2021,Colorado,16,2021-01-20,2022-01-01,9,84,0
48089,2022,Colorado,15,2022-04-11,2022-12-14,15,101,0
48089,2023,Colorado,19,2023-01-10,2023-12-24,17,121,0
48089,2024,Colorado,23,2024-01-23,2024-12-26,11,119,0
48089,2025,Colorado,17,2025-01-03,2025-12-28,8,89,0
48091,2015,Comal,3,2015-04-07,2015-11-06,7,13,0
48091,2016,Comal,11,2016-02-18,2016-12-29,8,56,0
48091,2017,Comal,10,2017-01-11,2017-11-18,7,37,0
48091,2018,Comal,11,2018-03-17,2018-10-09,8,48,0
48091,2019,Comal,11,2019-02-02,2019-12-28,12,68,0
48091,2020,Comal,10,2020-01-14,2020-12-30,10,52,0
48091,2021,Comal,10,2021-01-22,2022-01-01,9,43,1
48091,2022,Comal,9,2022-04-21,2022-12-14,9,52,1
48091,2023,Comal,16,2023-01-16,2023-12-24,17,109,1
48091,2024,Comal,19,2024-02-09,2024-12-26,8,83,24
48091,2025,Comal,10,2025-02-04,2025-12-28,8,49,8
48093,2015,Comanche,9,2015-01-17,2015-12-24,7,44,0
48093,2016,Comanche,12,2016-01-29,2016-12-29,9,56,0
48093,2017,Comanche,12,2017-01-01,2017-12-05,8,51,0
48093,2018,Comanche,5,2018-03-23,2018-10-08,10,35,0
48093,2019,Comanche,9,2019-01-06,2019-12-28,11,47,0
48093,2020,Comanche,9,2020-03-09,2020-09-01,10,44,9
48093,2021,Comanche,7,2021-01-21,2021-12-31,8,35,0
48093,2022,Comanche,13,2022-03-27,2023-01-04,25,84,15
48093,2023,Comanche,16,2023-01-15,2023-12-24,15,97,4
48093,2024,Comanche,18,2024-01-24,2024-12-30,7,73,3
48093,2025,Comanche,6,2025-01-28,2025-12-27,7,26,0
48095,2015,Concho,2,2015-01-29,2015-09-09,5,8,0
48095,2016,Concho,5,2016-05-23,2016-11-09,9,32,1
48095,2017,Concho,10,2017-01-01,2017-12-04,8,40,0
48095,2018,Concho,8,2018-02-15,2018-10-07,7,35,1
48095,2019,Concho,4,2019-02-02,2019-10-03,14,33,0
48095,2020,Concho,7,2020-01-14,2020-09-02,10,36,0
48095,2021,Concho,8,2021-01-21,2021-12-29,6,32,0
48095,2022,Concho,10,2022-03-27,2022-12-14,18,60,0
48095,2023,Concho,11,2023-01-16,2023-12-24,13,58,0
48095,2024,Concho,7,2024-02-25,2024-12-18,5,25,0
48095,2025,Concho,4,2025-02-03,2025-12-28,6,20,0
48097,2015,Cooke,4,2015-03-31,2015-09-08,5,15,0
48097,2016,Cooke,9,2016-02-19,2016-11-05,6,36,0
48097,2017,Cooke,7,2017-01-10,2017-12-21,8,28,0
48097,2018,Cooke,6,2018-03-24,2018-10-09,9,34,0
48097,2019,Cooke,7,2019-02-02,2019-12-28,7,31,0
48097,2020,Cooke,3,2020-03-26,2020-07-16,4,10,0
48097,2021,Cooke,7,2021-01-22,2021-12-29,6,32,0
48097,2022,Cooke,12,2022-04-21,2022-12-13,10,61,0
48097,2023,Cooke,14,2023-01-01,2023-12-24,9,64,0
48097,2024,Cooke,14,2024-01-30,2024-12-26,7,55,0
48097,2025,Cooke,9,2025-01-29,2025-12-28,8,39,0
48099,2015,Coryell,9,2015-01-29,2015-11-06,5,32,0
48099,2016,Coryell,15,2016-02-19,2016-12-28,16,78,0
48099,2017,Coryell,19,2017-01-10,2017-12-04,10,88,0
48099,2018,Coryell,10,2018-03-23,2018-10-08,9,54,0
48099,2019,Coryell,11,2019-02-01,2019-10-06,12,62,0
48099,2020,Coryell,10,2020-01-13,2020-09-01,8,42,0
48099,2021,Coryell,10,2021-01-21,2021-12-29,7,40,0
48099,2022,Coryell,13,2022-03-27,2022-12-13,21,88,1
48099,2023,Coryell,16,2023-01-01,2023-12-24,22,101,0
48099,2024,Coryell,16,2024-01-23,2024-12-25,7,69,0
48099,2025,Coryell,9,2025-01-28,2025-12-28,6,38,2
48101,2015,Cottle,5,2015-01-25,2015-12-13,7,21,0
48101,2016,Cottle,5,2016-02-18,2016-11-08,8,24,0
48101,2017,Cottle,6,2017-03-17,2017-12-04,5,25,0
48101,2018,Cottle,11,2018-03-23,2018-10-06,7,51,0
48101,2019,Cottle,10,2019-01-06,2019-12-28,6,41,0
48101,2020,Cottle,5,2020-06-27,2020-11-21,7,21,0
48101,2021,Cottle,7,2021-04-26,2021-12-29,6,31,0
48101,2022,Cottle,13,2022-04-20,2022-12-13,10,61,0
48101,2023,Cottle,10,2023-01-15,2023-12-24,9,43,0
48101,2024,Cottle,9,2024-02-25,2024-12-27,5,32,0
48101,2025,Cottle,8,2025-03-27,2025-12-28,8,38,0
48103,2015,Crane,4,2015-01-28,2015-09-04,5,14,0
48103,2016,Crane,10,2016-02-19,2016-11-08,9,53,0
48103,2017,Crane,8,2017-03-17,2017-12-05,7,34,0
48103,2018,Crane,15,2018-02-18,2018-10-09,9,73,1
48103,2019,Crane,8,2019-02-03,2019-10-05,9,40,0
48103,2020,Crane,11,2020-01-09,2020-11-21,11,51,0
48103,2021,Crane,9,2021-01-22,2021-12-29,6,36,0
48103,2022,Crane,9,2022-04-11,2022-12-13,8,48,0
48103,2023,Crane,13,2023-01-02,2023-12-25,15,83,0
48103,2024,Crane,11,2024-02-03,2024-11-05,8,54,0
48103,2025,Crane,11,2025-03-27,2025-12-29,8,50,0
48105,2015,Crockett,7,2015-01-29,2015-11-27,5,25,0
48105,2016,Crockett,13,2016-02-19,2017-01-02,11,66,0
48105,2017,Crockett,11,2017-01-13,2017-12-05,8,51,0
48105,2018,Crockett,7,2018-02-14,2018-10-08,8,41,0
48105,2019,Crockett,12,2019-01-07,2019-10-03,8,56,0
48105,2020,Crockett,8,2020-01-14,2020-10-22,7,33,0
48105,2021,Crockett,9,2021-01-21,2021-12-31,10,40,0
48105,2022,Crockett,11,2022-04-20,2023-01-04,9,50,0
48105,2023,Crockett,13,2023-01-09,2023-12-23,15,84,0
48105,2024,Crockett,16,2024-02-02,2024-12-30,7,66,0
48105,2025,Crockett,9,2025-01-28,2025-12-28,6,41,1
48107,2015,Crosby,6,2015-01-28,2015-12-12,8,28,0
48107,2016,Crosby,9,2016-02-19,2016-11-09,9,50,0
48107,2017,Crosby,9,2017-01-19,2017-12-04,8,39,0
48107,2018,Crosby,12,2018-03-17,2018-10-06,10,54,0
48107,2019,Crosby,12,2019-01-16,2019-12-28,8,50,0
48107,2020,Crosby,6,2020-03-11,2020-11-22,12,38,0
48107,2021,Crosby,11,2021-01-23,2021-12-29,6,46,0
48107,2022,Crosby,11,2022-04-21,2022-12-10,10,52,0
48107,2023,Crosby,13,2023-01-01,2023-12-24,13,63,0
48107,2024,Crosby,15,2024-01-24,2024-12-30,11,71,0
48107,2025,Crosby,9,2025-03-26,2025-12-28,14,50,0
48109,2015,Culberson,9,2015-02-07,2015-11-04,8,40,0
48109,2016,Culberson,13,2016-02-11,2016-12-14,11,62,0
48109,2017,Culberson,13,2017-01-09,2017-12-04,9,66,0
48109,2018,Culberson,8,2018-03-22,2018-10-07,11,54,0
48109,2019,Culberson,13,2019-02-03,2019-09-19,9,52,0
48109,2020,Culberson,13,2020-01-13,2020-11-21,13,70,0
48109,2021,Culberson,14,2021-01-21,2021-12-27,11,65,0
48109,2022,Culberson,13,2022-03-26,2022-12-10,9,60,0
48109,2023,Culberson,15,2023-01-09,2023-12-23,15,75,0
48109,2024,Culberson,13,2024-02-20,2024-10-29,6,47,0
48109,2025,Culberson,10,2025-02-03,2025-12-27,13,64,0
48111,2015,Dallam,5,2015-01-27,2015-12-12,5,20,5
48111,2016,Dallam,6,2016-02-18,2016-11-08,4,20,1
48111,2017,Dallam,7,2017-04-18,2017-12-04,7,31,12
48111,2018,Dallam,6,2018-05-10,2018-10-05,9,32,32
48111,2019,Dallam,11,2019-01-06,2019-12-06,7,46,46
48111,2020,Dallam,10,2020-03-09,2020-11-09,5,40,38
48111,2021,Dallam,6,2021-05-25,2021-12-29,6,26,17
48111,2022,Dallam,14,2022-04-20,2022-12-10,16,84,84
48111,2023,Dallam,16,2023-01-10,2023-12-24,10,73,73
48111,2024,Dallam,19,2024-01-23,2024-12-30,15,99,99
48111,2025,Dallam,8,2025-03-26,2025-12-28,17,55,55
48113,2015,Dallas,5,2015-03-30,2015-09-08,9,27,0
48113,2016,Dallas,10,2016-02-19,2017-01-02,9,53,0
48113,2017,Dallas,15,2017-01-10,2017-12-04,8,64,0
48113,2018,Dallas,11,2018-03-23,2018-10-08,11,60,0
48113,2019,Dallas,8,2019-02-02,2019-12-28,8,41,0
48113,2020,Dallas,5,2020-01-14,2020-08-15,6,21,0
48113,2021,Dallas,8,2021-01-21,2021-12-31,9,37,0
48113,2022,Dallas,11,2022-04-20,2023-01-03,13,65,0
48113,2023,Dallas,13,2023-01-16,2023-12-23,14,71,0
48113,2024,Dallas,14,2024-02-08,2024-12-26,9,54,0
48113,2025,Dallas,8,2025-01-28,2025-12-27,8,40,0
48115,2015,Dawson,3,2015-01-28,2015-12-13,4,11,0
48115,2016,Dawson,7,2016-02-19,2016-12-31,11,35,0
48115,2017,Dawson,5,2017-01-18,2017-12-04,6,24,1
48115,2018,Dawson,8,2018-05-12,2018-11-07,9,38,15
48115,2019,Dawson,16,2019-01-06,2019-12-28,23,116,111
48115,2020,Dawson,14,2020-01-14,2020-11-22,24,95,94
48115,2021,Dawson,16,2021-01-19,2022-01-01,10,82,82
48115,2022,Dawson,18,2022-03-27,2023-01-04,27,131,131
48115,2023,Dawson,18,2023-01-10,2023-12-24,29,131,131
48115,2024,Dawson,26,2024-01-23,2024-12-30,23,158,158
48115,2025,Dawson,16,2025-01-29,2025-12-28,18,100,100
48117,2015,Deaf Smith,8,2015-01-26,2015-12-24,7,40,0
48117,2016,Deaf Smith,9,2016-02-17,2016-11-08,8,41,0
48117,2017,Deaf Smith,9,2017-01-10,2017-12-04,8,50,8
48117,2018,Deaf Smith,9,2018-03-17,2018-10-05,6,36,0
48117,2019,Deaf Smith,9,2019-01-16,2019-10-03,7,40,0
48117,2020,Deaf Smith,8,2020-03-09,2020-11-24,8,36,0
48117,2021,Deaf Smith,11,2021-01-04,2021-12-29,11,56,50
48117,2022,Deaf Smith,12,2022-04-27,2022-12-29,19,78,8
48117,2023,Deaf Smith,16,2023-01-01,2023-12-22,8,66,15
48117,2024,Deaf Smith,8,2024-01-24,2024-10-20,7,30,1
48117,2025,Deaf Smith,7,2025-04-23,2025-12-28,8,34,8
48119,2015,Delta,11,2015-03-31,2015-12-27,9,53,53
48119,2016,Delta,15,2016-02-19,2016-12-29,9,83,83
48119,2017,Delta,15,2017-01-01,2017-12-21,13,75,75
48119,2018,Delta,10,2018-03-24,2018-10-09,9,67,67
48119,2019,Delta,9,2019-02-02,2019-12-28,11,55,55
48119,2020,Delta,9,2020-01-14,2020-11-10,6,35,35
48119,2021,Delta,9,2021-01-20,2022-01-01,9,44,44
48119,2022,Delta,12,2022-04-21,2023-01-03,13,70,70
48119,2023,Delta,15,2023-01-16,2023-12-24,14,79,79
48119,2024,Delta,16,2024-01-24,2024-12-30,13,79,79
48119,2025,Delta,12,2025-01-29,2025-12-28,8,61,61
48121,2015,Denton,6,2015-03-30,2015-11-05,5,25,0
48121,2016,Denton,9,2016-02-18,2016-12-26,8,44,0
48121,2017,Denton,12,2017-01-10,2017-12-21,8,51,0
48121,2018,Denton,10,2018-03-23,2018-10-08,9,55,0
48121,2019,Denton,9,2019-01-06,2019-12-28,16,54,0
48121,2020,Denton,7,2020-01-14,2020-08-15,8,33,0
48121,2021,Denton,9,2021-01-19,2021-12-29,7,39,0
48121,2022,Denton,12,2022-04-21,2022-12-13,17,72,0
48121,2023,Denton,17,2023-01-01,2023-12-24,10,85,0
48121,2024,Denton,15,2024-02-01,2024-12-28,15,79,0
48121,2025,Denton,10,2025-01-29,2025-12-27,8,43,0
48123,2015,DeWitt,7,2015-04-08,2015-10-24,7,27,0
48123,2016,DeWitt,10,2016-02-21,2016-12-29,10,52,0
48123,2017,DeWitt,12,2017-01-11,2017-11-07,7,54,0
48123,2018,DeWitt,13,2018-03-17,2018-11-08,10,67,0
48123,2019,DeWitt,11,2019-02-02,2019-12-29,17,72,0
48123,2020,DeWitt,11,2020-01-14,2020-10-23,13,71,0
48123,2021,DeWitt,12,2021-01-22,2022-01-01,8,48,0
48123,2022,DeWitt,10,2022-04-21,2022-12-14,10,48,0
48123,2023,DeWitt,15,2023-02-21,2023-12-24,24,109,0
48123,2024,DeWitt,20,2024-01-23,2024-12-26,11,101,0
48123,2025,DeWitt,17,2025-02-04,2025-12-28,9,83,7
48125,2015,Dickens,2,2015-01-26,2015-12-12,6,9,0
48125,2016,Dickens,8,2016-02-19,2016-11-09,9,38,0
48125,2017,Dickens,5,2017-01-19,2017-10-06,8,24,0
48125,2018,Dickens,8,2018-03-24,2018-10-06,11,41,0
48125,2019,Dickens,4,2019-05-26,2019-10-03,5,17,0
48125,2020,Dickens,6,2020-06-17,2020-11-22,10,32,0
48125,2021,Dickens,9,2021-01-20,2021-12-29,6,38,0
48125,2022,Dickens,10,2022-04-21,2022-12-13,14,54,0
48125,2023,Dickens,8,2023-01-01,2023-12-24,12,38,0
48125,2024,Dickens,10,2024-01-23,2024-12-28,11,53,0
48125,2025,Dickens,6,2025-03-26,2025-12-28,6,25,0
48127,2016,Dimmit,6,2016-02-19,2016-12-29,8,37,0
48127,2017,Dimmit,4,2017-01-13,2017-10-05,5,15,0
48127,2018,Dimmit,8,2018-02-16,2018-10-09,9,43,0
48127,2019,Dimmit,10,2019-01-08,2019-12-28,9,44,0
48127,2020,Dimmit,5,2020-01-14,2020-09-02,8,24,2
48127,2021,Dimmit,7,2021-01-23,2022-01-01,5,25,0
48127,2022,Dimmit,11,2022-04-16,2022-12-13,10,55,0
48127,2023,Dimmit,16,2023-02-22,2023-12-24,11,90,0
48127,2024,Dimmit,18,2024-02-09,2024-12-18,10,90,0
48127,2025,Dimmit,10,2025-02-05,2025-12-28,11,58,0
48129,2015,Donley,6,2015-01-26,2015-12-24,6,25,0
48129,2016,Donley,6,2016-02-18,2016-11-08,9,27,0
48129,2017,Donley,8,2017-01-19,2017-12-04,6,34,17
48129,2018,Donley,11,2018-03-23,2018-10-06,11,66,66
48129,2019,Donley,15,2019-01-06,2019-12-28,17,77,77
48129,2020,Donley,10,2020-01-14,2020-11-22,9,50,50
48129,2021,Donley,12,2021-01-19,2021-12-31,8,53,53
48129,2022,Donley,15,2022-04-21,2022-12-13,13,87,87
48129,2023,Donley,18,2023-01-01,2023-12-24,10,85,85
48129,2024,Donley,19,2024-01-23,2024-12-30,15,105,105
48129,2025,Donley,9,2025-03-26,2025-12-28,14,57,57
48131,2015,Duval,6,2015-01-29,2015-11-06,6,22,0
48131,2016,Duval,6,2016-02-19,2016-12-28,6,27,0
48131,2017,Duval,9,2017-01-11,2017-11-18,7,38,0
48131,2018,Duval,4,2018-02-16,2018-11-08,9,22,0
48131,2019,Duval,8,2019-02-04,2019-10-04,8,41,0
48131,2020,Duval,8,2020-01-14,2020-11-15,9,40,0
48131,2021,Duval,10,2021-01-23,2022-01-01,8,44,0
48131,2022,Duval,7,2022-04-21,2022-12-14,9,38,0
48131,2023,Duval,13,2023-02-21,2023-12-24,10,80,0
48131,2024,Duval,17,2024-03-14,2024-12-26,9,81,0
48131,2025,Duval,13,2025-02-04,2025-12-28,11,90,0
48133,2015,Eastland,8,2015-01-28,2015-12-13,13,45,45
48133,2016,Eastland,14,2016-02-18,2016-12-29,14,81,81
48133,2017,Eastland,17,2017-01-01,2017-12-21,8,73,73
48133,2018,Eastland,11,2018-03-23,2018-10-08,11,74,74
48133,2019,Eastland,10,2019-01-16,2019-12-28,17,66,66
48133,2020,Eastland,10,2020-01-14,2020-11-10,10,48,48
48133,2021,Eastland,10,2021-01-19,2021-12-31,8,51,51
48133,2022,Eastland,12,2022-04-21,2022-12-13,25,93,93
48133,2023,Eastland,16,2023-01-01,2023-12-24,15,108,108
48133,2024,Eastland,18,2024-01-24,2024-12-30,19,99,99
48133,2025,Eastland,11,2025-01-29,2025-12-28,8,60,60
48135,2015,Ector,5,2015-01-28,2015-10-03,6,20,0
48135,2016,Ector,7,2016-02-18,2016-11-08,10,38,0
48135,2017,Ector,14,2017-01-10,2017-12-05,8,57,0
48135,2018,Ector,8,2018-03-22,2018-10-07,9,42,0
48135,2019,Ector,10,2019-01-06,2019-12-27,9,58,0
48135,2020,Ector,8,2020-03-11,2020-11-09,10,38,0
48135,2021,Ector,8,2021-01-21,2021-12-31,9,38,0
48135,2022,Ector,12,2022-03-27,2022-12-13,24,83,0
48135,2023,Ector,16,2023-01-01,2023-12-23,15,94,0
48135,2024,Ector,18,2024-01-31,2024-12-30,18,87,0
48135,2025,Ector,12,2025-02-03,2025-12-28,14,67,0
48137,2015,Edwards,7,2015-01-19,2015-10-23,6,28,0
48137,2016,Edwards,10,2016-02-18,2016-12-28,7,44,0
48137,2017,Edwards,17,2017-01-01,2017-12-05,7,62,25
48137,2018,Edwards,6,2018-02-14,2018-10-06,8,27,0
48137,2019,Edwards,7,2019-01-05,2019-12-28,7,34,0
48137,2020,Edwards,7,2020-01-13,2020-09-02,7,28,0
48137,2021,Edwards,8,2021-01-22,2021-12-31,10,37,0
48137,2022,Edwards,6,2022-04-21,2022-12-13,9,27,4
48137,2023,Edwards,14,2023-01-01,2023-12-23,12,57,0
48137,2024,Edwards,12,2024-02-08,2024-12-17,7,51,7
48137,2025,Edwards,6,2025-02-03,2025-12-28,7,34,9
48139,2015,Ellis,8,2015-01-27,2015-11-06,6,31,0
48139,2016,Ellis,10,2016-02-19,2016-12-28,8,52,0
48139,2017,Ellis,11,2017-01-10,2017-12-04,8,48,0
48139,2018,Ellis,9,2018-03-24,2018-10-09,10,55,0
48139,2019,Ellis,10,2019-01-05,2019-12-28,8,52,0
48139,2020,Ellis,5,2020-01-14,2020-08-15,6,20,0
48139,2021,Ellis,8,2021-01-22,2021-12-31,9,37,0
48139,2022,Ellis,12,2022-04-20,2023-01-02,13,71,0
48139,2023,Ellis,11,2023-01-15,2023-12-23,14,61,0
48139,2024,Ellis,12,2024-01-24,2024-12-27,6,47,0
48139,2025,Ellis,8,2025-01-28,2025-12-27,9,44,0
48141,2015,El Paso,2,2015-01-29,2015-09-09,4,7,0
48141,2016,El Paso,2,2016-02-19,2016-11-06,6,9,0
48141,2017,El Paso,11,2017-01-13,2017-12-06,6,45,0
48141,2018,El Paso,10,2018-02-14,2018-12-19,7,42,0
48141,2019,El Paso,11,2019-01-09,2019-12-10,12,64,0
48141,2020,El Paso,12,2020-01-15,2020-11-09,4,37,0
48141,2021,El Paso,4,2021-06-21,2021-12-28,5,17,0
48141,2022,El Paso,8,2022-04-10,2023-01-03,8,31,0
48141,2023,El Paso,10,2023-01-15,2023-12-23,12,51,0
48141,2024,El Paso,9,2024-02-25,2024-12-07,7,34,0
48141,2025,El Paso,14,2025-02-10,2025-12-29,17,74,0
48143,2015,Erath,8,2015-01-27,2015-10-23,6,30,0
48143,2016,Erath,13,2016-02-18,2017-01-02,9,62,3
48143,2017,Erath,14,2017-01-10,2017-12-04,7,60,1
48143,2018,Erath,11,2018-03-23,2018-10-08,10,56,0
48143,2019,Erath,7,2019-02-01,2019-12-28,17,41,0
48143,2020,Erath,7,2020-03-11,2020-09-01,7,29,0
48143,2021,Erath,9,2021-01-21,2021-12-29,6,36,0
48143,2022,Erath,13,2022-03-27,2022-12-13,21,82,0
48143,2023,Erath,19,2023-01-01,2023-12-23,14,93,1
48143,2024,Erath,17,2024-01-24,2024-12-25,7,69,0
48143,2025,Erath,6,2025-02-03,2025-12-27,7,31,1
48145,2015,Falls,3,2015-04-07,2015-09-09,4,10,0
48145,2016,Falls,7,2016-02-20,2016-12-28,8,35,32
48145,2017,Falls,9,2017-01-10,2017-11-17,7,35,35
48145,2018,Falls,4,2018-03-24,2018-10-08,8,18,18
48145,2019,Falls,7,2019-02-02,2019-10-06,9,39,39
48145,2020,Falls,7,2020-01-14,2020-09-01,8,36,36
48145,2021,Falls,7,2021-01-21,2021-12-31,8,32,32
48145,2022,Falls,9,2022-04-21,2022-12-13,20,61,61
48145,2023,Falls,15,2023-01-01,2023-12-24,15,82,82
48145,2024,Falls,13,2024-01-23,2024-12-26,10,59,59
48145,2025,Falls,8,2025-02-03,2025-12-28,8,40,40
48147,2015,Fannin,7,2015-03-31,2015-12-15,9,35,0
48147,2016,Fannin,13,2016-02-19,2016-12-26,6,56,0
48147,2017,Fannin,9,2017-01-19,2017-12-21,8,37,0
48147,2018,Fannin,8,2018-06-11,2018-10-09,9,41,0
48147,2019,Fannin,7,2019-02-02,2019-10-06,7,41,0
48147,2020,Fannin,6,2020-01-14,2020-11-10,5,22,0
48147,2021,Fannin,10,2021-01-21,2021-12-29,6,41,0
48147,2022,Fannin,11,2022-04-21,2022-12-13,13,60,0
48147,2023,Fannin,14,2023-01-01,2023-12-24,6,54,0
48147,2024,Fannin,17,2024-01-24,2024-12-30,20,95,1
48147,2025,Fannin,10,2025-02-03,2025-12-28,8,52,0
48149,2015,Fayette,14,2015-03-17,2015-12-12,5,51,0
48149,2016,Fayette,12,2016-02-19,2016-12-28,13,59,0
48149,2017,Fayette,9,2017-01-10,2017-11-07,8,36,0
48149,2018,Fayette,5,2018-03-17,2018-10-09,8,22,0
48149,2019,Fayette,7,2019-02-02,2019-10-07,20,60,0
48149,2020,Fayette,12,2020-01-14,2020-10-22,13,64,0
48149,2021,Fayette,15,2021-01-22,2021-12-31,8,60,0
48149,2022,Fayette,10,2022-04-20,2022-12-13,9,50,0
48149,2023,Fayette,13,2023-02-20,2023-12-23,15,83,0
48149,2024,Fayette,13,2024-02-08,2024-12-17,8,62,0
48149,2025,Fayette,10,2025-02-03,2025-12-28,7,50,7
48151,2015,Fisher,6,2015-03-23,2015-12-12,8,31,1
48151,2016,Fisher,6,2016-02-18,2016-11-08,12,38,2
48151,2017,Fisher,13,2017-01-01,2017-12-04,5,50,1
48151,2018,Fisher,14,2018-02-18,2018-12-27,10,72,1
48151,2019,Fisher,10,2019-02-02,2019-12-28,6,47,12
48151,2020,Fisher,3,2020-03-26,2020-08-17,10,16,3
48151,2021,Fisher,6,2021-01-22,2021-12-29,6,25,25
48151,2022,Fisher,11,2022-04-21,2022-12-13,9,48,48
48151,2023,Fisher,13,2023-01-01,2023-12-24,9,56,56
48151,2024,Fisher,9,2024-01-24,2024-12-26,6,33,33
48151,2025,Fisher,5,2025-03-26,2025-12-28,7,29,29
48153,2015,Floyd,6,2015-01-26,2015-12-12,6,26,0
48153,2016,Floyd,9,2016-02-19,2016-11-08,8,36,0
48153,2017,Floyd,8,2017-01-10,2017-12-04,7,36,0
48153,2018,Floyd,7,2018-03-23,2018-10-06,7,34,0
48153,2019,Floyd,9,2019-01-16,2019-12-28,10,45,0
48153,2020,Floyd,4,2020-06-28,2020-11-22,6,18,0
48153,2021,Floyd,6,2021-01-23,2021-12-29,6,27,0
48153,2022,Floyd,10,2022-04-21,2022-12-10,8,46,0
48153,2023,Floyd,11,2023-01-01,2023-12-24,10,46,0
48153,2024,Floyd,8,2024-02-25,2024-12-28,14,45,0
48153,2025,Floyd,8,2025-03-27,2025-12-28,7,38,0
48155,2015,Foard,6,2015-01-27,2015-12-13,6,29,29
48155,2016,Foard,9,2016-02-18,2016-11-09,9,43,43
48155,2017,Foard,12,2017-01-10,2017-12-05,8,57,57
48155,2018,Foard,9,2018-03-23,2018-10-08,11,57,57
48155,2019,Foard,12,2019-01-06,2019-12-28,8,52,52
48155,2020,Foard,10,2020-01-14,2020-11-21,9,44,44
48155,2021,Foard,11,2021-01-20,2022-01-01,9,49,49
48155,2022,Foard,13,2022-04-21,2022-12-13,11,71,71
48155,2023,Foard,17,2023-01-01,2023-12-24,9,74,74
48155,2024,Foard,17,2024-01-23,2024-12-30,15,89,89
48155,2025,Foard,8,2025-01-29,2025-12-28,14,50,50
48157,2015,Fort Bend,5,2015-05-08,2015-12-27,5,19,0
48157,2016,Fort Bend,9,2016-02-19,2016-12-28,8,44,0
48157,2017,Fort Bend,13,2017-01-11,2017-11-07,12,60,0
48157,2018,Fort Bend,12,2018-02-15,2018-11-08,9,52,0
48157,2019,Fort Bend,10,2019-02-04,2019-10-07,10,51,0
48157,2020,Fort Bend,12,2020-01-14,2020-11-22,9,60,0
48157,2021,Fort Bend,21,2021-01-19,2022-01-01,9,101,0
48157,2022,Fort Bend,14,2022-04-11,2022-12-13,9,67,0
48157,2023,Fort Bend,14,2023-02-20,2023-12-23,14,93,0
48157,2024,Fort Bend,19,2024-02-08,2024-12-26,7,85,0
48157,2025,Fort Bend,11,2025-02-03,2025-12-28,12,61,0
48159,2015,Franklin,6,2015-07-18,2015-12-27,7,28,0
48159,2016,Franklin,10,2016-02-20,2016-12-29,6,42,0
48159,2017,Franklin,13,2017-01-01,2017-12-22,12,58,0
48159,2018,Franklin,8,2018-03-27,2018-10-10,10,43,0
48159,2019,Franklin,8,2019-02-03,2019-12-29,7,38,0
48159,2020,Franklin,3,2020-01-15,2020-08-12,5,13,0
48159,2021,Franklin,9,2021-01-22,2022-01-01,9,37,0
48159,2022,Franklin,8,2022-04-21,2023-01-03,12,45,0
48159,2023,Franklin,12,2023-01-17,2023-12-24,13,61,43
48159,2024,Franklin,9,2024-02-08,2024-12-30,6,32,0
48159,2025,Franklin,8,2025-01-29,2025-12-28,8,35,0
48161,2015,Freestone,4,2015-07-06,2015-12-13,5,16,16
48161,2016,Freestone,9,2016-02-20,2016-12-28,11,48,48
48161,2017,Freestone,10,2017-01-11,2017-11-17,7,45,45
48161,2018,Freestone,7,2018-03-24,2018-10-09,9,45,45
48161,2019,Freestone,8,2019-02-03,2019-10-06,9,47,47
48161,2020,Freestone,5,2020-01-15,2020-08-15,9,27,27
48161,2021,Freestone,8,2021-01-22,2022-01-01,9,33,33
48161,2022,Freestone,10,2022-04-21,2022-12-13,13,64,64
48161,2023,Freestone,13,2023-01-01,2023-12-24,14,79,79
48161,2024,Freestone,11,2024-04-16,2024-12-26,11,53,53
48161,2025,Freestone,8,2025-02-03,2025-12-28,8,44,44
48163,2015,Frio,16,2015-03-31,2015-12-26,11,80,0
48163,2016,Frio,11,2016-01-06,2016-12-29,13,74,0
48163,2017,Frio,27,2017-01-11,2017-12-05,9,114,1
48163,2018,Frio,8,2018-02-27,2018-10-09,9,35,9
48163,2019,Frio,10,2019-01-07,2019-10-03,9,48,45
48163,2020,Frio,8,2020-01-14,2020-10-22,8,45,45
48163,2021,Frio,12,2021-01-21,2022-01-01,9,53,21
48163,2022,Frio,11,2022-04-21,2022-12-13,9,64,53
48163,2023,Frio,20,2023-01-10,2023-12-24,19,106,31
48163,2024,Frio,23,2024-02-02,2024-12-25,15,116,28
48163,2025,Frio,12,2025-02-04,2025-12-28,7,56,56
48165,2015,Gaines,7,2015-01-27,2015-12-12,6,28,0
48165,2016,Gaines,9,2016-02-18,2016-11-08,8,40,0
48165,2017,Gaines,14,2017-01-10,2017-12-04,8,58,0
48165,2018,Gaines,8,2018-03-24,2018-10-08,9,46,0
48165,2019,Gaines,10,2019-01-07,2019-12-28,14,53,0
48165,2020,Gaines,8,2020-01-15,2020-11-09,14,49,0
48165,2021,Gaines,10,2021-01-20,2021-12-31,9,50,0
48165,2022,Gaines,16,2022-03-28,2022-12-12,25,96,0
48165,2023,Gaines,19,2023-01-01,2023-12-23,15,96,0
48165,2024,Gaines,20,2024-01-22,2024-12-30,13,91,0
48165,2025,Gaines,15,2025-02-25,2025-12-27,9,69,2
48167,2015,Galveston,6,2015-03-19,2015-12-26,4,21,0
48167,2016,Galveston,14,2016-02-19,2016-12-28,8,65,0
48167,2017,Galveston,12,2017-01-10,2017-11-07,13,60,0
48167,2018,Galveston,7,2018-02-15,2018-11-08,7,37,0
48167,2019,Galveston,9,2019-02-04,2019-10-06,10,48,0
48167,2020,Galveston,13,2020-01-14,2020-12-30,9,68,0
48167,2021,Galveston,12,2021-01-19,2022-01-01,9,50,0
48167,2022,Galveston,10,2022-04-20,2022-12-13,11,48,0
48167,2023,Galveston,13,2023-01-01,2023-10-28,15,81,0
48167,2024,Galveston,9,2024-02-08,2024-12-17,8,39,0
48167,2025,Galveston,11,2025-02-03,2025-12-28,9,50,0
48169,2015,Garza,4,2015-01-27,2015-12-12,5,15,0
48169,2016,Garza,11,2016-02-19,2016-11-17,8,46,0
48169,2017,Garza,6,2017-01-10,2017-12-04,5,23,0
48169,2018,Garza,8,2018-03-23,2018-10-06,10,46,0
48169,2019,Garza,12,2019-01-07,2019-12-28,6,51,0
48169,2020,Garza,5,2020-03-24,2020-08-16,11,32,0
48169,2021,Garza,9,2021-01-23,2022-01-01,9,41,0
48169,2022,Garza,13,2022-03-28,2022-12-13,10,73,0
48169,2023,Garza,12,2023-01-01,2023-12-24,16,65,0
48169,2024,Garza,14,2024-02-02,2024-12-30,15,76,0
48169,2025,Garza,7,2025-03-26,2025-12-28,8,39,0
48171,2015,Gillespie,2,2015-04-07,2015-05-10,3,6,0
48171,2016,Gillespie,6,2016-02-19,2016-12-29,9,37,0
48171,2017,Gillespie,6,2017-01-10,2017-11-15,6,21,0
48171,2018,Gillespie,3,2018-03-24,2018-10-08,8,16,0
48171,2019,Gillespie,9,2019-02-02,2019-12-28,6,39,0
48171,2020,Gillespie,7,2020-01-14,2020-09-03,9,38,0
48171,2021,Gillespie,7,2021-01-22,2021-12-29,6,25,0
48171,2022,Gillespie,8,2022-04-21,2022-12-13,9,35,0
48171,2023,Gillespie,9,2023-01-01,2023-12-24,14,62,0
48171,2024,Gillespie,12,2024-04-15,2024-12-17,8,50,0
48171,2025,Gillespie,6,2025-02-04,2025-12-28,7,32,0
48173,2015,Glasscock,8,2015-01-28,2015-12-13,6,32,32
48173,2016,Glasscock,13,2016-02-18,2017-01-03,12,65,65
48173,2017,Glasscock,15,2017-01-10,2017-12-05,8,65,65
48173,2018,Glasscock,14,2018-02-18,2018-10-08,9,74,74
48173,2019,Glasscock,11,2019-01-06,2019-12-28,18,71,71
48173,2020,Glasscock,8,2020-01-14,2020-09-02,11,47,47
48173,2021,Glasscock,9,2021-01-21,2021-12-29,6,41,41
48173,2022,Glasscock,13,2022-03-28,2022-12-13,25,87,87
48173,2023,Glasscock,16,2023-01-01,2023-12-24,15,90,90
48173,2024,Glasscock,17,2024-01-23,2024-12-30,18,84,84
48173,2025,Glasscock,9,2025-02-03,2025-12-28,8,52,52
48175,2015,Goliad,7,2015-04-08,2015-12-27,4,22,0
48175,2016,Goliad,7,2016-02-21,2016-12-29,8,30,0
48175,2017,Goliad,4,2017-01-12,2017-11-07,6,17,0
48175,2018,Goliad,5,2018-03-17,2018-10-09,4,19,0
48175,2019,Goliad,8,2019-02-03,2019-10-04,7,38,0
48175,2020,Goliad,9,2020-01-14,2020-11-15,5,37,0
48175,2021,Goliad,13,2021-01-22,2022-01-01,8,52,0
48175,2022,Goliad,13,2022-04-21,2022-12-14,9,57,0
48175,2023,Goliad,14,2023-02-21,2023-12-24,24,96,0
48175,2024,Goliad,19,2024-01-23,2024-12-28,21,128,0
48175,2025,Goliad,8,2025-02-04,2025-12-28,7,39,0
48177,2015,Gonzales,3,2015-05-09,2015-08-15,3,9,0
48177,2016,Gonzales,10,2016-02-20,2016-12-29,13,56,0
48177,2017,Gonzales,14,2017-01-11,2017-11-18,8,58,0
48177,2018,Gonzales,9,2018-03-25,2018-10-09,11,47,0
48177,2019,Gonzales,11,2019-02-02,2019-10-03,17,65,0
48177,2020,Gonzales,13,2020-01-14,2020-11-14,14,72,0
48177,2021,Gonzales,10,2021-03-11,2022-01-01,8,43,0
48177,2022,Gonzales,13,2022-04-21,2022-12-14,12,70,0
48177,2023,Gonzales,14,2023-02-22,2023-12-24,13,82,0
48177,2024,Gonzales,16,2024-01-24,2024-12-26,8,78,0
48177,2025,Gonzales,21,2025-01-03,2025-12-28,9,110,0
48179,2015,Gray,10,2015-01-19,2015-12-23,6,41,0
48179,2016,Gray,8,2016-02-17,2016-11-08,4,25,0
48179,2017,Gray,2,2017-03-17,2017-10-06,6,11,0
48179,2018,Gray,7,2018-03-24,2018-10-04,10,37,0
48179,2019,Gray,7,2019-07-18,2019-10-02,6,27,0
48179,2020,Gray,2,2020-07-10,2020-08-10,5,8,0
48179,2021,Gray,6,2021-05-22,2021-12-29,6,25,0
48179,2022,Gray,8,2022-05-09,2022-10-07,14,44,0
48179,2023,Gray,7,2023-01-15,2023-12-24,7,33,0
48179,2024,Gray,10,2024-01-23,2024-12-30,6,45,0
48179,2025,Gray,7,2025-03-26,2025-12-28,6,34,0
48181,2015,Grayson,6,2015-01-27,2015-11-05,9,29,0
48181,2016,Grayson,13,2016-02-18,2017-01-02,8,58,0
48181,2017,Grayson,7,2017-01-18,2017-12-21,8,32,0
48181,2018,Grayson,9,2018-03-23,2018-10-08,8,45,0
48181,2019,Grayson,10,2019-02-03,2019-12-28,8,50,0
48181,2020,Grayson,3,2020-03-23,2020-07-17,6,16,0
48181,2021,Grayson,7,2021-03-10,2021-12-31,9,33,0
48181,2022,Grayson,12,2022-04-21,2023-01-02,16,67,0
48181,2023,Grayson,14,2023-01-15,2023-12-23,6,61,0
48181,2024,Grayson,15,2024-01-31,2024-12-28,12,65,0
48181,2025,Grayson,7,2025-03-26,2025-12-27,8,32,0
48183,2015,Gregg,9,2015-04-07,2015-12-27,14,52,0
48183,2016,Gregg,12,2016-02-19,2016-12-28,9,63,0
48183,2017,Gregg,17,2017-01-01,2017-12-05,13,82,0
48183,2018,Gregg,11,2018-03-17,2018-10-09,12,72,0
48183,2019,Gregg,13,2019-02-03,2019-12-29,9,57,0
48183,2020,Gregg,10,2020-01-15,2020-12-30,8,46,0
48183,2021,Gregg,8,2021-01-21,2022-01-01,9,35,0
48183,2022,Gregg,11,2022-03-28,2022-12-14,12,70,0
48183,2023,Gregg,13,2023-01-01,2023-12-24,14,72,4
48183,2024,Gregg,18,2024-01-24,2024-12-30,8,83,0
48183,2025,Gregg,12,2025-01-29,2025-12-28,8,61,0
48185,2015,Grimes,10,2015-03-18,2015-12-27,6,38,38
48185,2016,Grimes,11,2016-02-19,2016-12-28,13,66,66
48185,2017,Grimes,15,2017-01-10,2017-12-05,13,75,75
48185,2018,Grimes,7,2018-03-24,2018-10-09,10,49,49
48185,2019,Grimes,10,2019-02-02,2019-10-06,9,54,54
48185,2020,Grimes,11,2020-01-14,2020-10-22,12,62,62
48185,2021,Grimes,12,2021-01-20,2022-01-01,9,57,57
48185,2022,Grimes,10,2022-04-21,2022-12-13,20,83,83
48185,2023,Grimes,16,2023-01-01,2023-12-24,16,110,110
48185,2024,Grimes,18,2024-01-23,2024-12-26,12,91,91
48185,2025,Grimes,14,2025-02-03,2025-12-28,8,68,68
48187,2015,Guadalupe,12,2015-03-31,2015-09-18,8,51,0
48187,2016,Guadalupe,12,2016-02-19,2016-12-29,13,61,0
48187,2017,Guadalupe,11,2017-01-11,2017-12-05,12,53,0
48187,2018,Guadalupe,9,2018-03-24,2018-10-08,8,49,0
48187,2019,Guadalupe,11,2019-02-02,2019-12-28,14,73,0
48187,2020,Guadalupe,14,2020-01-14,2020-11-14,9,71,0
48187,2021,Guadalupe,12,2021-01-20,2022-01-01,8,50,0
48187,2022,Guadalupe,10,2022-04-21,2022-12-13,9,44,0
48187,2023,Guadalupe,17,2023-01-10,2023-12-24,17,101,0
48187,2024,Guadalupe,13,2024-02-09,2024-12-26,8,57,0
48187,2025,Guadalupe,11,2025-01-03,2025-12-28,8,55,0
48189,2015,Hale,4,2015-01-27,2015-12-12,5,19,0
48189,2016,Hale,8,2016-02-19,2016-11-08,8,39,0
48189,2017,Hale,6,2017-01-19,2017-12-04,6,24,0
48189,2018,Hale,7,2018-03-23,2018-10-06,7,31,0
48189,2019,Hale,9,2019-01-16,2019-12-28,6,37,0
48189,2020,Hale,5,2020-06-27,2020-11-22,7,24,0
48189,2021,Hale,6,2021-01-23,2021-12-26,6,23,0
48189,2022,Hale,11,2022-04-21,2022-12-10,8,46,0
48189,2023,Hale,13,2023-01-01,2023-12-24,5,50,0
48189,2024,Hale,9,2024-03-30,2024-12-28,9,40,0
48189,2025,Hale,6,2025-03-26,2025-12-28,7,33,0
48191,2015,Hall,6,2015-01-19,2015-12-13,6,23,0
48191,2016,Hall,5,2016-01-29,2016-11-08,8,24,0
48191,2017,Hall,7,2017-01-19,2017-12-04,6,31,0
48191,2018,Hall,8,2018-03-24,2018-10-05,7,35,0
48191,2019,Hall,5,2019-07-17,2019-10-03,5,21,0
48191,2020,Hall,5,2020-06-28,2020-11-22,4,19,0
48191,2021,Hall,4,2021-04-27,2021-12-28,5,17,0
48191,2022,Hall,9,2022-05-08,2022-12-10,6,36,0
48191,2023,Hall,11,2023-01-10,2023-12-24,5,41,0
48191,2024,Hall,12,2024-01-25,2024-12-27,5,43,0
48191,2025,Hall,8,2025-03-26,2025-12-28,6,42,0
48193,2015,Hamilton,4,2015-08-05,2015-12-13,5,16,16
48193,2016,Hamilton,10,2016-02-19,2016-12-29,9,53,41
48193,2017,Hamilton,14,2017-01-10,2017-12-05,8,60,60
48193,2018,Hamilton,8,2018-03-24,2018-10-08,10,50,50
48193,2019,Hamilton,9,2019-02-02,2019-12-28,17,57,57
48193,2020,Hamilton,9,2020-01-14,2020-09-01,9,43,43
48193,2021,Hamilton,9,2021-01-21,2021-12-31,8,39,39
48193,2022,Hamilton,10,2022-04-21,2022-12-13,23,72,4
48193,2023,Hamilton,16,2023-01-01,2023-12-23,15,93,8
48193,2024,Hamilton,16,2024-01-23,2024-12-25,7,63,2
48193,2025,Hamilton,5,2025-02-02,2025-12-27,6,22,4
48195,2015,Hansford,2,2015-01-26,2015-09-06,6,10,0
48195,2016,Hansford,7,2016-02-19,2016-11-08,6,24,0
48195,2017,Hansford,6,2017-01-20,2017-10-06,6,22,0
48195,2018,Hansford,4,2018-03-24,2018-10-04,7,19,0
48195,2019,Hansford,9,2019-01-06,2019-10-02,6,33,0
48195,2020,Hansford,6,2020-03-24,2020-11-21,4,21,0
48195,2021,Hansford,4,2021-05-22,2021-12-26,4,13,0
48195,2022,Hansford,8,2022-06-12,2022-10-07,8,34,0
48195,2023,Hansford,7,2023-01-10,2023-12-24,5,26,0
48195,2024,Hansford,8,2024-01-24,2024-12-26,9,36,0
48195,2025,Hansford,6,2025-03-26,2025-12-28,9,30,0
48197,2015,Hardeman,7,2015-01-19,2015-12-13,6,29,29
48197,2016,Hardeman,8,2016-01-29,2016-12-26,9,33,33
48197,2017,Hardeman,11,2017-01-10,2017-12-05,8,54,54
48197,2018,Hardeman,5,2018-03-23,2018-10-08,8,28,28
48197,2019,Hardeman,11,2019-01-06,2019-12-28,5,40,40
48197,2020,Hardeman,11,2020-01-14,2020-11-21,4,35,35
48197,2021,Hardeman,9,2021-01-19,2021-12-31,8,43,43
48197,2022,Hardeman,14,2022-04-21,2022-12-13,10,61,61
48197,2023,Hardeman,13,2023-01-01,2023-12-24,9,57,57
48197,2024,Hardeman,17,2024-01-23,2024-12-30,9,76,76
48197,2025,Hardeman,7,2025-01-29,2025-12-28,14,47,47
48199,2015,Hardin,10,2015-03-18,2015-12-27,6,36,1
48199,2016,Hardin,13,2016-01-31,2016-12-29,7,58,0
48199,2017,Hardin,10,2017-01-11,2017-11-08,12,48,0
48199,2018,Hardin,9,2018-02-15,2018-11-08,15,51,0
48199,2019,Hardin,12,2019-02-03,2019-10-07,7,49,1
48199,2020,Hardin,11,2020-01-14,2020-11-11,11,62,0
48199,2021,Hardin,10,2021-01-20,2022-01-01,8,42,0
48199,2022,Hardin,8,2022-04-21,2023-01-03,11,37,0
48199,2023,Hardin,11,2023-02-21,2023-10-28,14,78,0
48199,2024,Hardin,13,2024-01-24,2024-12-18,12,62,1
48199,2025,Hardin,9,2025-02-04,2025-12-28,12,56,1
48201,2015,Harris,5,2015-03-18,2015-07-08,4,17,0
48201,2016,Harris,11,2016-02-19,2016-12-28,13,56,0
48201,2017,Harris,12,2017-01-10,2017-11-17,13,61,0
48201,2018,Harris,9,2018-02-15,2018-11-08,9,46,0
48201,2019,Harris,12,2019-02-03,2019-10-06,8,53,0
48201,2020,Harris,12,2020-01-14,2020-11-11,12,66,0
48201,2021,Harris,16,2021-01-19,2022-01-01,9,69,0
48201,2022,Harris,13,2022-04-20,2022-12-13,9,58,0
48201,2023,Harris,12,2023-01-01,2023-10-28,16,93,0
48201,2024,Harris,16,2024-02-08,2024-12-17,12,84,0
48201,2025,Harris,14,2025-02-03,2025-12-28,11,71,0
48203,2015,Harrison,5,2015-06-20,2015-12-27,6,18,0
48203,2016,Harrison,8,2016-02-20,2016-12-28,6,32,0
48203,2017,Harrison,6,2017-01-01,2017-11-07,11,35,0
48203,2018,Harrison,6,2018-02-19,2018-10-09,9,28,0
48203,2019,Harrison,3,2019-02-04,2019-10-06,6,13,0
48203,2020,Harrison,9,2020-01-15,2020-11-10,7,34,0
48203,2021,Harrison,9,2021-01-21,2022-01-01,9,36,0
48203,2022,Harrison,5,2022-05-19,2023-01-03,11,24,0
48203,2023,Harrison,6,2023-02-20,2023-11-09,12,35,0
48203,2024,Harrison,9,2024-02-09,2024-12-30,12,48,0
48203,2025,Harrison,11,2025-02-04,2025-12-28,7,48,0
48205,2015,Hartley,15,2015-01-18,2015-12-23,8,66,0
48205,2016,Hartley,6,2016-02-18,2016-11-08,8,32,0
48205,2017,Hartley,9,2017-01-15,2017-12-04,6,35,0
48205,2018,Hartley,4,2018-03-24,2018-10-05,6,17,0
48205,2019,Hartley,7,2019-01-06,2019-10-02,5,27,0
48205,2020,Hartley,5,2020-03-16,2020-11-23,5,19,0
48205,2021,Hartley,4,2021-05-21,2021-12-26,7,18,0
48205,2022,Hartley,7,2022-05-28,2022-11-10,8,33,0
48205,2023,Hartley,6,2023-01-15,2023-12-24,6,22,0
48205,2024,Hartley,8,2024-01-29,2024-12-25,12,37,0
48205,2025,Hartley,6,2025-03-26,2025-12-28,8,30,0
48207,2015,Haskell,8,2015-01-28,2015-12-25,11,46,0
48207,2016,Haskell,13,2016-02-18,2016-12-13,17,79,0
48207,2017,Haskell,9,2017-01-10,2017-12-04,5,31,21
48207,2018,Haskell,4,2018-03-23,2018-10-06,6,19,13
48207,2019,Haskell,4,2019-02-03,2019-10-03,4,13,0
48207,2020,Haskell,3,2020-07-14,2020-11-10,3,9,0
48207,2021,Haskell,6,2021-01-22,2022-01-01,8,27,0
48207,2022,Haskell,9,2022-04-21,2022-12-13,9,50,0
48207,2023,Haskell,14,2023-01-01,2023-12-24,10,61,0
48207,2024,Haskell,14,2024-01-24,2024-12-26,7,52,0
48207,2025,Haskell,7,2025-03-27,2025-12-28,6,30,0
48209,2015,Hays,5,2015-04-23,2015-09-09,5,20,0
48209,2016,Hays,12,2016-02-19,2016-12-29,9,61,0
48209,2017,Hays,10,2017-01-10,2017-11-18,8,38,0
48209,2018,Hays,5,2018-03-24,2018-10-09,9,24,0
48209,2019,Hays,9,2019-02-02,2019-10-04,10,50,0
48209,2020,Hays,8,2020-01-14,2020-10-22,10,45,0
48209,2021,Hays,8,2021-01-22,2022-01-01,9,33,0
48209,2022,Hays,9,2022-04-21,2022-12-13,9,46,0
48209,2023,Hays,13,2023-01-01,2023-12-23,16,86,0
48209,2024,Hays,13,2024-02-08,2024-12-25,8,62,0
48209,2025,Hays,11,2025-02-03,2025-12-28,8,55,0
48211,2015,Hemphill,10,2015-01-19,2015-12-24,7,43,43
48211,2016,Hemphill,7,2016-02-18,2016-11-08,8,34,34
48211,2017,Hemphill,9,2017-01-17,2017-12-04,8,49,49
48211,2018,Hemphill,9,2018-03-23,2018-10-05,9,46,46
48211,2019,Hemphill,16,2019-01-06,2019-12-28,7,60,60
48211,2020,Hemphill,9,2020-03-11,2020-11-21,6,34,34
48211,2021,Hemphill,9,2021-05-22,2021-12-29,6,39,39
48211,2022,Hemphill,11,2022-04-21,2022-12-13,11,62,62
48211,2023,Hemphill,16,2023-01-01,2023-12-24,7,66,66
48211,2024,Hemphill,19,2024-01-23,2024-12-30,11,94,94
48211,2025,Hemphill,9,2025-03-26,2025-12-28,15,59,59
48213,2015,Henderson,11,2015-03-18,2015-12-26,7,44,0
48213,2016,Henderson,16,2016-02-19,2016-12-28,12,83,0
48213,2017,Henderson,13,2017-01-10,2017-11-17,13,74,0
48213,2018,Henderson,14,2018-03-24,2018-10-09,10,80,0
48213,2019,Henderson,10,2019-02-02,2019-10-06,9,58,0
48213,2020,Henderson,5,2020-03-10,2020-11-10,5,21,0
48213,2021,Henderson,9,2021-01-21,2022-01-01,9,40,0
48213,2022,Henderson,12,2022-04-21,2023-01-03,13,68,0
48213,2023,Henderson,14,2023-01-16,2023-12-24,14,78,0
48213,2024,Henderson,14,2024-01-23,2024-12-28,11,60,0
48213,2025,Henderson,14,2025-02-03,2025-12-27,9,66,0
48215,2015,Hidalgo,9,2015-04-23,2015-12-26,8,40,0
48215,2016,Hidalgo,11,2016-02-20,2016-12-29,14,61,0
48215,2017,Hidalgo,13,2017-01-11,2017-11-18,8,59,0
48215,2018,Hidalgo,12,2018-02-15,2018-11-08,9,53,0
48215,2019,Hidalgo,14,2019-01-07,2019-10-03,9,64,0
48215,2020,Hidalgo,10,2020-01-13,2020-11-27,8,50,0
48215,2021,Hidalgo,10,2021-01-24,2022-01-01,8,40,0
48215,2022,Hidalgo,10,2022-04-19,2022-12-13,10,44,0
48215,2023,Hidalgo,12,2023-01-16,2023-10-27,16,81,0
48215,2024,Hidalgo,13,2024-04-16,2024-12-26,17,74,0
48215,2025,Hidalgo,16,2025-01-03,2025-12-28,9,78,0
48217,2015,Hill,5,2015-03-31,2015-12-24,5,19,0
48217,2016,Hill,8,2016-02-19,2016-12-28,8,33,0
48217,2017,Hill,12,2017-01-10,2017-12-05,8,49,0
48217,2018,Hill,9,2018-03-24,2018-10-08,10,50,0
48217,2019,Hill,7,2019-02-03,2019-10-06,9,40,0
48217,2020,Hill,7,2020-01-14,2020-09-01,8,30,0
48217,2021,Hill,8,2021-01-22,2021-12-29,7,34,0
48217,2022,Hill,8,2022-04-21,2022-12-13,20,71,0
48217,2023,Hill,14,2023-01-01,2023-12-24,20,95,0
48217,2024,Hill,12,2024-02-08,2024-12-26,10,51,0
48217,2025,Hill,7,2025-02-06,2025-12-28,8,35,0
48219,2015,Hockley,3,2015-01-28,2015-12-13,5,14,0
48219,2016,Hockley,10,2016-02-19,2016-11-08,8,41,0
48219,2017,Hockley,7,2017-01-10,2017-12-04,10,41,0
48219,2018,Hockley,5,2018-03-24,2018-10-08,8,26,0
48219,2019,Hockley,9,2019-01-15,2019-12-28,10,44,0
48219,2020,Hockley,7,2020-03-12,2020-08-16,6,27,0
48219,2021,Hockley,5,2021-01-20,2021-12-29,6,22,0
48219,2022,Hockley,10,2022-04-20,2023-01-04,6,41,0
48219,2023,Hockley,12,2023-01-16,2023-12-24,5,46,0
48219,2024,Hockley,10,2024-01-23,2024-12-30,9,42,0
48219,2025,Hockley,6,2025-03-27,2025-12-28,11,36,0
48221,2015,Hood,12,2015-03-29,2015-11-05,9,55,0
48221,2016,Hood,14,2016-02-19,2016-12-29,18,97,0
48221,2017,Hood,18,2017-01-10,2017-12-19,8,80,0
48221,2018,Hood,14,2018-05-12,2018-10-08,10,84,0
48221,2019,Hood,12,2019-02-01,2019-12-28,9,65,1
48221,2020,Hood,8,2020-01-14,2020-08-15,12,42,0
48221,2021,Hood,10,2021-01-21,2021-12-29,6,47,0
48221,2022,Hood,10,2022-04-21,2022-12-13,24,73,0
48221,2023,Hood,16,2023-01-01,2023-12-23,14,85,1
48221,2024,Hood,14,2024-01-24,2024-12-26,13,62,1
48221,2025,Hood,8,2025-01-28,2025-12-28,5,30,0
48223,2015,Hopkins,10,2015-03-31,2015-12-27,24,73,0
48223,2016,Hopkins,15,2016-02-20,2016-12-29,9,80,0
48223,2017,Hopkins,16,2017-01-01,2017-12-22,12,76,0
48223,2018,Hopkins,12,2018-03-27,2018-12-02,10,79,0
48223,2019,Hopkins,13,2019-01-06,2019-12-29,19,82,0
48223,2020,Hopkins,7,2020-01-15,2020-10-23,5,29,0
48223,2021,Hopkins,10,2021-01-21,2021-12-29,6,41,0
48223,2022,Hopkins,13,2022-04-11,2023-01-03,13,73,0
48223,2023,Hopkins,17,2023-01-10,2023-12-24,8,78,0
48223,2024,Hopkins,15,2024-01-24,2024-12-30,9,68,0
48223,2025,Hopkins,12,2025-01-29,2025-12-28,8,53,0
48225,2015,Houston,11,2015-03-18,2015-12-27,5,38,0
48225,2016,Houston,12,2016-01-31,2016-12-28,7,55,1
48225,2017,Houston,9,2017-01-10,2017-11-06,13,47,0
48225,2018,Houston,5,2018-03-25,2018-10-09,9,24,0
48225,2019,Houston,6,2019-02-03,2019-10-04,4,22,0
48225,2020,Houston,6,2020-01-14,2020-09-01,6,30,0
48225,2021,Houston,12,2021-01-20,2022-01-01,9,54,0
48225,2022,Houston,11,2022-04-21,2023-01-03,11,58,0
48225,2023,Houston,14,2023-01-16,2023-12-24,15,91,0
48225,2024,Houston,15,2024-01-23,2024-12-26,8,75,0
48225,2025,Houston,12,2025-02-04,2025-12-28,8,54,0
48227,2015,Howard,7,2015-01-28,2015-11-05,6,27,0
48227,2016,Howard,6,2016-02-18,2016-11-11,11,35,0
48227,2017,Howard,5,2017-01-10,2017-10-06,7,21,0
48227,2018,Howard,8,2018-03-22,2018-10-07,8,42,0
48227,2019,Howard,9,2019-01-09,2019-12-28,7,38,0
48227,2020,Howard,6,2020-03-11,2020-11-10,9,28,0
48227,2021,Howard,5,2021-03-09,2021-12-28,5,20,0
48227,2022,Howard,11,2022-03-27,2022-12-12,9,59,0
48227,2023,Howard,10,2023-01-15,2023-12-23,12,48,0
48227,2024,Howard,6,2024-03-29,2024-12-25,6,23,0
48227,2025,Howard,6,2025-03-25,2025-12-27,6,30,1
48229,2015,Hudspeth,17,2015-01-27,2015-10-21,10,81,0
48229,2016,Hudspeth,12,2016-02-18,2016-12-23,8,60,0
48229,2017,Hudspeth,9,2017-01-13,2017-12-06,7,44,0
48229,2018,Hudspeth,16,2018-02-15,2018-12-18,15,85,0
48229,2019,Hudspeth,13,2019-01-09,2019-12-10,17,81,0
48229,2020,Hudspeth,20,2020-01-15,2020-11-21,12,103,0
48229,2021,Hudspeth,14,2021-01-19,2021-12-28,10,75,1
48229,2022,Hudspeth,12,2022-04-10,2022-12-10,11,82,0
48229,2023,Hudspeth,13,2023-01-15,2023-12-23,8,63,0
48229,2024,Hudspeth,16,2024-01-31,2024-12-07,11,69,0
48229,2025,Hudspeth,18,2025-02-09,2025-12-29,16,99,0
48231,2015,Hunt,13,2015-03-17,2015-12-15,8,59,0
48231,2016,Hunt,13,2016-02-19,2017-01-02,14,73,0
48231,2017,Hunt,17,2017-01-10,2017-12-21,8,79,0
48231,2018,Hunt,14,2018-01-20,2018-10-09,12,89,0
48231,2019,Hunt,12,2019-02-01,2019-12-28,11,64,0
48231,2020,Hunt,7,2020-01-14,2020-11-10,7,30,0
48231,2021,Hunt,9,2021-01-21,2021-12-29,7,38,0
48231,2022,Hunt,12,2022-04-21,2023-01-03,13,63,0
48231,2023,Hunt,13,2023-01-16,2023-12-24,13,70,0
48231,2024,Hunt,14,2024-01-23,2024-12-30,8,52,0
48231,2025,Hunt,9,2025-01-29,2025-12-27,8,48,0
48233,2015,Hutchinson,9,2015-01-26,2015-12-23,6,35,0
48233,2016,Hutchinson,9,2016-02-16,2016-11-07,6,31,0
48233,2017,Hutchinson,7,2017-02-10,2017-10-06,8,31,0
48233,2018,Hutchinson,7,2018-03-23,2018-10-03,5,25,0
48233,2019,Hutchinson,7,2019-07-16,2019-12-26,7,28,0
48233,2020,Hutchinson,7,2020-03-08,2020-11-20,5,26,0
48233,2021,Hutchinson,10,2021-04-26,2021-12-26,6,34,0
48233,2022,Hutchinson,10,2022-05-28,2022-11-10,9,46,0
48233,2023,Hutchinson,9,2023-01-15,2023-12-21,4,30,0
48233,2024,Hutchinson,14,2024-02-05,2024-12-26,5,55,0
48233,2025,Hutchinson,8,2025-03-26,2025-12-27,7,40,0
48235,2015,Irion,5,2015-01-29,2015-10-24,3,15,5
48235,2016,Irion,12,2016-02-19,2016-12-27,5,43,2
48235,2017,Irion,10,2017-02-06,2017-12-05,8,44,0
48235,2018,Irion,8,2018-05-27,2018-10-08,11,55,3
48235,2019,Irion,6,2019-02-04,2019-10-04,6,28,0
48235,2020,Irion,7,2020-03-09,2020-11-10,5,26,0
48235,2021,Irion,10,2021-03-10,2021-12-29,6,38,0
48235,2022,Irion,14,2022-03-27,2022-12-13,9,68,0
48235,2023,Irion,11,2023-01-15,2023-12-25,8,56,0
48235,2024,Irion,11,2024-01-24,2024-12-26,10,50,50
48235,2025,Irion,7,2025-02-03,2025-12-28,7,36,36
48237,2015,Jack,7,2015-03-31,2015-12-24,6,30,0
48237,2016,Jack,8,2016-02-19,2016-12-26,9,42,6
48237,2017,Jack,7,2017-01-19,2017-12-05,7,27,4
48237,2018,Jack,4,2018-06-14,2018-10-08,8,20,0
48237,2019,Jack,5,2019-02-02,2019-10-03,5,20,2
48237,2020,Jack,2,2020-01-14,2020-08-13,6,9,0
48237,2021,Jack,4,2021-03-10,2021-12-28,5,16,1
48237,2022,Jack,8,2022-04-22,2022-12-13,9,42,1
48237,2023,Jack,12,2023-01-01,2023-12-24,5,42,1
48237,2024,Jack,8,2024-03-30,2024-12-26,6,32,6
48237,2025,Jack,5,2025-01-29,2025-12-28,6,20,5
48239,2015,Jackson,10,2015-04-07,2015-12-26,6,38,38
48239,2016,Jackson,11,2016-02-19,2016-12-29,13,68,68
48239,2017,Jackson,15,2017-01-10,2017-12-05,13,72,72
48239,2018,Jackson,10,2018-02-15,2018-11-08,9,50,50
48239,2019,Jackson,9,2019-02-02,2019-10-06,20,73,73
48239,2020,Jackson,11,2020-01-14,2020-10-22,12,68,68
48239,2021,Jackson,16,2021-01-20,2022-01-01,9,70,70
48239,2022,Jackson,11,2022-04-11,2022-12-13,20,76,76
48239,2023,Jackson,17,2023-01-01,2023-12-24,15,113,113
48239,2024,Jackson,17,2024-01-23,2024-12-26,11,87,87
48239,2025,Jackson,15,2025-02-04,2025-12-28,8,77,77
48241,2015,Jasper,11,2015-03-18,2015-12-27,7,46,3
48241,2016,Jasper,13,2016-01-31,2016-12-29,14,70,5
48241,2017,Jasper,14,2017-01-11,2017-11-07,14,76,0
48241,2018,Jasper,13,2018-02-15,2018-10-10,15,76,0
48241,2019,Jasper,10,2019-01-01,2019-10-07,13,61,1
48241,2020,Jasper,16,2020-01-15,2020-12-31,19,88,2
48241,2021,Jasper,17,2021-01-20,2022-01-01,9,66,10
48241,2022,Jasper,7,2022-04-22,2023-01-03,12,35,3
48241,2023,Jasper,13,2023-01-16,2023-11-09,10,69,4
48241,2024,Jasper,11,2024-02-09,2024-12-18,13,61,5
48241,2025,Jasper,11,2025-02-04,2025-12-28,8,52,12
48243,2015,Jeff Davis,13,2015-01-27,2015-12-12,8,54,0
48243,2016,Jeff Davis,8,2016-02-18,2016-11-06,6,37,0
48243,2017,Jeff Davis,14,2017-01-09,2017-12-04,9,70,0
48243,2018,Jeff Davis,10,2018-02-18,2018-10-08,9,55,0
48243,2019,Jeff Davis,14,2019-02-03,2019-12-15,14,72,0
48243,2020,Jeff Davis,15,2020-01-13,2020-11-24,13,77,0
48243,2021,Jeff Davis,11,2021-03-10,2022-01-01,11,50,0
48243,2022,Jeff Davis,11,2022-01-05,2022-12-10,15,71,0
48243,2023,Jeff Davis,15,2023-01-09,2023-12-23,15,97,0
48243,2024,Jeff Davis,21,2024-01-30,2024-12-30,7,85,0
48243,2025,Jeff Davis,16,2025-01-03,2025-12-28,11,79,0
48245,2015,Jefferson,12,2015-03-18,2015-12-27,7,47,0
48245,2016,Jefferson,16,2016-02-20,2016-12-29,13,75,0
48245,2017,Jefferson,16,2017-01-11,2017-11-07,12,77,0
48245,2018,Jefferson,12,2018-02-15,2018-11-08,15,74,0
48245,2019,Jefferson,13,2019-02-04,2019-10-07,12,75,0
48245,2020,Jefferson,12,2020-01-14,2020-11-11,8,60,0
48245,2021,Jefferson,15,2021-01-20,2022-01-01,9,66,0
48245,2022,Jefferson,10,2022-04-21,2022-12-13,11,48,0
48245,2023,Jefferson,13,2023-01-01,2023-10-28,14,84,0
48245,2024,Jefferson,16,2024-01-23,2024-12-18,14,82,0
48245,2025,Jefferson,12,2025-02-04,2025-12-28,9,64,0
48247,2015,Jim Hogg,3,2015-07-26,2015-09-11,8,16,16
48247,2016,Jim Hogg,8,2016-02-20,2016-12-29,13,46,46
48247,2017,Jim Hogg,8,2017-01-11,2017-11-06,7,35,35
48247,2018,Jim Hogg,5,2018-02-16,2018-10-09,8,23,23
48247,2019,Jim Hogg,10,2019-02-04,2019-10-03,9,46,46
48247,2020,Jim Hogg,8,2020-01-14,2020-09-04,8,41,41
48247,2021,Jim Hogg,9,2021-01-23,2022-01-01,9,35,35
48247,2022,Jim Hogg,8,2022-04-21,2022-12-13,9,40,40
48247,2023,Jim Hogg,13,2023-02-21,2023-12-24,19,85,85
48247,2024,Jim Hogg,16,2024-04-16,2024-12-26,8,69,69
48247,2025,Jim Hogg,11,2025-02-04,2025-12-28,8,54,54
48249,2015,Jim Wells,5,2015-04-23,2015-07-09,4,19,0
48249,2016,Jim Wells,7,2016-04-26,2016-12-29,8,39,0
48249,2017,Jim Wells,9,2017-01-12,2017-12-05,6,33,0
48249,2018,Jim Wells,8,2018-02-16,2018-11-08,5,31,0
48249,2019,Jim Wells,12,2019-02-03,2019-10-05,8,57,0
48249,2020,Jim Wells,8,2020-01-14,2020-09-04,8,40,0
48249,2021,Jim Wells,8,2021-01-22,2022-01-01,8,36,0
48249,2022,Jim Wells,5,2022-04-21,2022-12-13,9,26,0
48249,2023,Jim Wells,9,2023-01-10,2023-10-28,10,48,0
48249,2024,Jim Wells,15,2024-02-09,2024-12-18,9,65,0
48249,2025,Jim Wells,12,2025-01-03,2025-12-28,11,65,0
48251,2015,Johnson,5,2015-03-30,2015-09-08,4,17,0
48251,2016,Johnson,9,2016-02-19,2016-12-29,9,40,0
48251,2017,Johnson,9,2017-01-01,2017-12-05,8,34,0
48251,2018,Johnson,5,2018-03-24,2018-10-08,9,29,0
48251,2019,Johnson,6,2019-02-02,2019-10-06,8,31,0
48251,2020,Johnson,4,2020-01-14,2020-08-15,5,17,0
48251,2021,Johnson,8,2021-01-22,2021-12-29,6,33,0
48251,2022,Johnson,7,2022-05-08,2022-12-13,24,60,0
48251,2023,Johnson,12,2023-01-01,2023-12-24,14,75,0
48251,2024,Johnson,9,2024-02-25,2024-12-26,8,37,1
48251,2025,Johnson,6,2025-03-26,2025-12-28,8,31,0
48253,2015,Jones,3,2015-08-06,2015-12-13,5,13,0
48253,2016,Jones,8,2016-02-19,2016-11-09,9,37,0
48253,2017,Jones,7,2017-01-19,2017-11-18,5,27,0
48253,2018,Jones,7,2018-03-23,2018-10-06,8,33,0
48253,2019,Jones,7,2019-02-02,2019-10-03,9,40,0
48253,2020,Jones,4,2020-03-25,2020-11-10,9,21,0
48253,2021,Jones,5,2021-01-23,2022-01-01,8,22,0
48253,2022,Jones,9,2022-04-21,2022-12-13,16,50,0
48253,2023,Jones,10,2023-01-01,2023-12-24,9,44,0
48253,2024,Jones,9,2024-03-30,2024-12-16,8,37,0
48253,2025,Jones,8,2025-03-26,2025-12-28,5,36,0
48255,2015,Karnes,3,2015-07-06,2015-09-10,6,14,14
48255,2016,Karnes,8,2016-02-20,2016-12-29,13,47,47
48255,2017,Karnes,9,2017-01-11,2017-11-07,7,37,37
48255,2018,Karnes,6,2018-03-24,2018-10-09,9,30,30
48255,2019,Karnes,8,2019-02-02,2019-10-04,9,46,46
48255,2020,Karnes,9,2020-01-14,2020-09-03,12,52,52
48255,2021,Karnes,12,2021-01-22,2022-01-01,9,49,49
48255,2022,Karnes,11,2022-04-21,2022-12-13,9,58,58
48255,2023,Karnes,13,2023-02-21,2023-12-24,24,100,100
48255,2024,Karnes,18,2024-02-09,2024-12-26,10,82,82
48255,2025,Karnes,13,2025-02-04,2025-12-28,7,55,55
48257,2015,Kaufman,7,2015-03-17,2015-12-13,5,27,0
48257,2016,Kaufman,9,2016-02-19,2017-01-02,8,40,0
48257,2017,Kaufman,11,2017-01-10,2017-12-04,7,50,0
48257,2018,Kaufman,13,2018-03-23,2018-10-08,11,68,0
48257,2019,Kaufman,9,2019-02-01,2019-12-28,9,54,0
48257,2020,Kaufman,5,2020-01-14,2020-07-11,5,18,0
48257,2021,Kaufman,8,2021-01-21,2021-12-29,7,34,0
48257,2022,Kaufman,11,2022-04-20,2022-12-13,13,63,0
48257,2023,Kaufman,11,2023-01-01,2023-12-23,14,56,0
48257,2024,Kaufman,11,2024-01-24,2024-12-26,10,43,0
48257,2025,Kaufman,6,2025-02-03,2025-12-27,8,33,0
48259,2015,Kendall,4,2015-03-18,2015-09-11,7,16,0
48259,2016,Kendall,10,2016-02-19,2016-12-29,12,58,0
48259,2017,Kendall,10,2017-01-11,2017-12-05,7,45,0
48259,2018,Kendall,12,2018-03-17,2018-10-09,12,64,0
48259,2019,Kendall,11,2019-01-07,2019-12-28,25,82,0
48259,2020,Kendall,6,2020-01-14,2020-09-03,10,32,0
48259,2021,Kendall,17,2021-01-19,2022-01-01,10,86,0
48259,2022,Kendall,15,2022-04-11,2022-12-13,14,102,0
48259,2023,Kendall,14,2023-02-21,2023-12-24,17,99,0
48259,2024,Kendall,18,2024-02-08,2024-12-25,9,85,0
48259,2025,Kendall,14,2025-01-03,2025-12-28,10,75,0
48261,2015,Kenedy,12,2015-04-08,2015-12-27,5,40,0
48261,2016,Kenedy,10,2016-02-28,2016-12-29,13,57,0
48261,2017,Kenedy,13,2017-01-11,2017-11-07,7,54,9
48261,2018,Kenedy,10,2018-02-16,2018-11-08,9,45,45
48261,2019,Kenedy,9,2019-02-03,2019-10-04,17,58,58
48261,2020,Kenedy,7,2020-01-14,2020-09-04,12,46,46
48261,2021,Kenedy,13,2021-01-20,2022-01-01,9,60,9
48261,2022,Kenedy,6,2022-04-11,2022-12-14,11,49,3
48261,2023,Kenedy,13,2023-01-07,2023-10-27,16,83,0
48261,2024,Kenedy,12,2024-01-24,2024-12-28,7,58,2
48261,2025,Kenedy,9,2025-01-02,2025-12-28,10,53,3
48263,2015,Kent,4,2015-01-28,2015-12-13,6,18,0
48263,2016,Kent,8,2016-02-19,2016-11-09,9,42,0
48263,2017,Kent,11,2017-01-10,2017-12-04,7,42,0
48263,2018,Kent,10,2018-03-23,2018-12-14,8,49,0
48263,2019,Kent,9,2019-01-07,2019-12-27,6,42,0
48263,2020,Kent,5,2020-03-25,2020-08-13,11,30,0
48263,2021,Kent,6,2021-01-19,2022-01-01,9,28,0
48263,2022,Kent,10,2022-04-21,2022-12-13,11,56,0
48263,2023,Kent,13,2023-01-01,2023-12-24,9,57,0
48263,2024,Kent,14,2024-01-24,2024-12-28,13,68,0
48263,2025,Kent,8,2025-03-27,2025-12-28,6,35,0
48265,2015,Kerr,4,2015-04-07,2015-09-19,5,14,0
48265,2016,Kerr,10,2016-02-20,2016-12-29,13,56,0
48265,2017,Kerr,9,2017-01-10,2017-12-05,7,39,0
48265,2018,Kerr,5,2018-02-18,2018-10-09,9,30,0
48265,2019,Kerr,8,2019-02-02,2019-12-28,11,54,0
48265,2020,Kerr,7,2020-01-14,2020-09-02,11,46,0
48265,2021,Kerr,8,2021-01-22,2021-12-29,6,31,0
48265,2022,Kerr,11,2022-04-21,2022-12-13,11,50,0
48265,2023,Kerr,12,2023-02-22,2023-12-24,14,72,0
48265,2024,Kerr,16,2024-02-08,2024-12-17,9,72,0
48265,2025,Kerr,8,2025-02-04,2025-12-28,9,41,0
48267,2015,Kimble,4,2015-04-07,2015-09-19,4,13,0
48267,2016,Kimble,10,2016-03-07,2016-12-29,13,64,0
48267,2017,Kimble,15,2017-01-12,2017-12-05,6,57,0
48267,2018,Kimble,10,2018-02-18,2018-11-07,10,49,0
48267,2019,Kimble,15,2019-01-09,2019-12-28,11,68,0
48267,2020,Kimble,8,2020-01-14,2020-09-02,10,44,0
48267,2021,Kimble,9,2021-01-21,2021-12-29,6,39,0
48267,2022,Kimble,11,2022-04-20,2022-12-12,11,57,0
48267,2023,Kimble,9,2023-03-22,2023-12-24,11,44,0
48267,2024,Kimble,9,2024-03-12,2024-12-17,9,40,0
48267,2025,Kimble,6,2025-01-28,2025-12-28,6,26,0
48269,2015,King,4,2015-01-27,2015-12-13,6,20,0
48269,2016,King,8,2016-02-19,2016-11-09,9,39,0
48269,2017,King,9,2017-01-19,2017-12-06,7,47,0
48269,2018,King,10,2018-03-24,2018-10-06,11,57,0
48269,2019,King,9,2019-05-26,2019-12-28,6,37,0
48269,2020,King,7,2020-06-17,2020-11-22,11,36,0
48269,2021,King,10,2021-01-20,2021-12-29,6,42,0
48269,2022,King,17,2022-04-21,2022-12-13,11,81,0
48269,2023,King,13,2023-01-01,2023-12-24,7,59,0
48269,2024,King,12,2024-02-02,2024-12-30,7,63,0
48269,2025,King,8,2025-03-26,2025-12-28,7,42,0
48271,2015,Kinney,1,2015-09-05,2015-09-07,3,3,0
48271,2016,Kinney,5,2016-02-18,2016-12-29,7,25,0
48271,2017,Kinney,8,2017-01-11,2017-12-05,5,29,0
48271,2018,Kinney,4,2018-03-24,2018-10-07,7,20,0
48271,2019,Kinney,5,2019-02-05,2019-10-03,16,31,0
48271,2020,Kinney,6,2020-01-14,2020-11-14,4,20,7
48271,2021,Kinney,5,2021-01-23,2021-12-29,6,19,10
48271,2022,Kinney,9,2022-04-21,2022-12-13,9,38,38
48271,2023,Kinney,9,2023-02-21,2023-12-24,13,56,56
48271,2024,Kinney,13,2024-04-15,2024-12-17,7,54,54
48271,2025,Kinney,6,2025-02-04,2025-12-28,7,29,29
48273,2015,Kleberg,6,2015-04-23,2015-11-06,4,21,0
48273,2016,Kleberg,9,2016-02-20,2016-12-29,9,43,0
48273,2017,Kleberg,13,2017-01-11,2017-11-18,7,50,0
48273,2018,Kleberg,11,2018-02-16,2018-11-08,5,42,0
48273,2019,Kleberg,12,2019-02-02,2019-10-05,9,63,0
48273,2020,Kleberg,8,2020-01-14,2020-11-15,9,46,0
48273,2021,Kleberg,12,2021-01-23,2022-01-01,7,48,0
48273,2022,Kleberg,7,2022-04-15,2022-12-13,9,32,0
48273,2023,Kleberg,18,2023-01-01,2023-12-24,14,93,0
48273,2024,Kleberg,21,2024-02-09,2024-12-18,12,108,0
48273,2025,Kleberg,9,2025-01-03,2025-12-28,9,47,0
48275,2015,Knox,4,2015-01-25,2015-09-09,7,20,0
48275,2016,Knox,8,2016-02-19,2016-12-18,11,43,3
48275,2017,Knox,8,2017-01-10,2017-11-18,8,35,31
48275,2018,Knox,8,2018-03-23,2018-12-07,10,46,12
48275,2019,Knox,10,2019-01-06,2019-12-28,5,36,9
48275,2020,Knox,3,2020-07-13,2020-11-10,6,12,3
48275,2021,Knox,6,2021-01-20,2022-01-01,8,32,0
48275,2022,Knox,12,2022-05-08,2022-12-13,11,64,1
48275,2023,Knox,14,2023-01-01,2023-12-24,14,65,0
48275,2024,Knox,12,2024-02-07,2024-12-27,5,41,0
48275,2025,Knox,6,2025-03-27,2025-12-28,6,30,0
48277,2015,Lamar,7,2015-03-31,2015-12-27,6,33,0
48277,2016,Lamar,12,2016-02-19,2016-12-26,7,52,0
48277,2017,Lamar,12,2017-01-01,2017-12-20,8,51,0
48277,2018,Lamar,6,2018-03-26,2018-10-09,9,29,0
48277,2019,Lamar,6,2019-02-02,2019-12-28,7,29,0
48277,2020,Lamar,6,2020-01-14,2020-11-10,4,19,0
48277,2021,Lamar,7,2021-01-21,2022-01-01,9,32,0
48277,2022,Lamar,10,2022-04-21,2022-12-13,8,43,0
48277,2023,Lamar,14,2023-01-01,2023-12-24,8,60,0
48277,2024,Lamar,13,2024-02-08,2024-12-30,7,48,0
48277,2025,Lamar,9,2025-01-29,2025-12-28,8,44,1
48279,2015,Lamb,6,2015-01-19,2015-12-12,6,26,0
48279,2016,Lamb,9,2016-02-19,2016-11-08,8,38,0
48279,2017,Lamb,10,2017-01-10,2017-12-04,8,45,0
48279,2018,Lamb,8,2018-02-15,2018-10-06,6,34,0
48279,2019,Lamb,9,2019-01-16,2019-12-28,8,41,0
48279,2020,Lamb,8,2020-03-17,2020-11-24,10,38,0
48279,2021,Lamb,7,2021-01-19,2021-12-26,7,31,0
48279,2022,Lamb,9,2022-05-28,2022-12-10,10,49,0
48279,2023,Lamb,11,2023-01-01,2023-12-24,10,46,0
48279,2024,Lamb,11,2024-01-24,2024-12-30,7,48,0
48279,2025,Lamb,7,2025-03-26,2025-12-28,11,41,0
48281,2015,Lampasas,6,2015-01-29,2015-12-13,5,22,22
48281,2016,Lampasas,10,2016-02-18,2016-12-29,9,58,58
48281,2017,Lampasas,13,2017-01-10,2017-12-05,13,68,68
48281,2018,Lampasas,9,2018-03-24,2018-10-08,10,51,51
48281,2019,Lampasas,10,2019-01-16,2019-12-28,9,58,58
48281,2020,Lampasas,9,2020-01-14,2020-09-02,8,44,44
48281,2021,Lampasas,9,2021-01-19,2021-12-31,8,44,44
48281,2022,Lampasas,10,2022-04-21,2022-12-13,9,53,4
48281,2023,Lampasas,12,2023-01-01,2023-12-23,13,75,2
48281,2024,Lampasas,19,2024-01-23,2024-12-26,8,79,60
48281,2025,Lampasas,10,2025-02-03,2025-12-28,7,48,34
48283,2015,La Salle,14,2015-01-29,2015-11-12,11,57,0
48283,2016,La Salle,17,2016-02-18,2016-12-29,14,103,0
48283,2017,La Salle,13,2017-01-11,2017-12-05,11,57,0
48283,2018,La Salle,7,2018-01-26,2018-11-07,8,32,0
48283,2019,La Salle,12,2019-01-07,2019-12-28,33,99,0
48283,2020,La Salle,12,2020-01-13,2020-11-14,11,61,0
48283,2021,La Salle,19,2021-01-21,2022-01-01,9,97,0
48283,2022,La Salle,16,2022-04-11,2022-12-13,22,111,1
48283,2023,La Salle,20,2023-01-06,2023-12-23,24,147,2
48283,2024,La Salle,23,2024-02-08,2024-12-25,10,125,1
48283,2025,La Salle,12,2025-02-03,2025-12-28,13,76,0
48285,2015,Lavaca,4,2015-04-06,2015-12-12,3,12,0
48285,2016,Lavaca,9,2016-01-31,2016-12-28,6,39,0
48285,2017,Lavaca,15,2017-01-10,2017-11-06,8,60,0
48285,2018,Lavaca,11,2018-03-17,2018-11-07,11,64,0
48285,2019,Lavaca,11,2019-02-02,2019-10-04,26,82,0
48285,2020,Lavaca,11,2020-01-14,2020-10-22,21,67,0
48285,2021,Lavaca,17,2021-01-21,2021-12-31,14,87,0
48285,2022,Lavaca,15,2022-04-20,2022-12-13,9,78,0
48285,2023,Lavaca,16,2023-01-01,2023-12-24,27,118,0
48285,2024,Lavaca,18,2024-02-08,2024-12-26,11,87,0
48285,2025,Lavaca,12,2025-02-04,2025-12-27,9,64,1
48287,2015,Lee,9,2015-03-18,2015-12-12,4,32,0
48287,2016,Lee,11,2016-02-19,2016-12-29,7,54,0
48287,2017,Lee,12,2017-01-10,2017-11-18,10,58,0
48287,2018,Lee,4,2018-03-24,2018-10-08,6,18,0
48287,2019,Lee,9,2019-02-02,2019-10-07,28,70,0
48287,2020,Lee,11,2020-01-15,2020-11-14,7,52,0
48287,2021,Lee,8,2021-01-22,2022-01-01,10,34,0
48287,2022,Lee,10,2022-04-21,2022-12-13,12,48,0
48287,2023,Lee,14,2023-01-01,2023-12-24,12,76,0
48287,2024,Lee,16,2024-01-23,2024-12-17,8,74,20
48287,2025,Lee,13,2025-02-03,2025-12-28,8,61,0
48289,2015,Leon,3,2015-03-18,2015-12-13,6,13,0
48289,2016,Leon,4,2016-02-21,2016-12-29,13,29,0
48289,2017,Leon,9,2017-01-10,2017-11-18,8,46,0
48289,2018,Leon,5,2018-03-17,2018-10-10,10,29,0
48289,2019,Leon,4,2019-02-02,2019-10-06,6,19,0
48289,2020,Leon,8,2020-01-15,2020-08-16,7,34,0
48289,2021,Leon,8,2021-01-19,2022-01-01,9,34,1
48289,2022,Leon,6,2022-04-23,2022-12-10,8,25,8
48289,2023,Leon,8,2023-02-21,2023-12-24,14,56,0
48289,2024,Leon,13,2024-01-25,2024-12-27,6,53,0
48289,2025,Leon,7,2025-02-03,2025-12-27,8,42,1
48291,2015,Liberty,7,2015-03-19,2015-12-27,6,24,0
48291,2016,Liberty,11,2016-01-31,2016-12-29,7,45,0
48291,2017,Liberty,7,2017-01-11,2017-11-07,12,34,0
48291,2018,Liberty,10,2018-02-15,2018-11-08,9,54,0
48291,2019,Liberty,9,2019-02-03,2019-10-06,7,41,0
48291,2020,Liberty,10,2020-01-14,2020-11-11,8,49,0
48291,2021,Liberty,9,2021-01-20,2022-01-01,9,41,0
48291,2022,Liberty,10,2022-04-21,2022-12-13,11,46,0
48291,2023,Liberty,15,2023-01-01,2023-12-24,10,79,0
48291,2024,Liberty,13,2024-02-08,2024-12-17,12,69,0
48291,2025,Liberty,11,2025-02-03,2025-12-28,9,57,1
48293,2015,Limestone,11,2015-03-18,2015-12-27,5,40,40
48293,2016,Limestone,12,2016-02-19,2016-12-29,10,66,66
48293,2017,Limestone,15,2017-01-10,2017-12-05,13,75,75
48293,2018,Limestone,9,2018-03-24,2018-10-09,9,57,57
48293,2019,Limestone,8,2019-02-02,2019-10-06,9,48,48
48293,2020,Limestone,10,2020-01-14,2020-09-02,9,49,49
48293,2021,Limestone,10,2021-01-20,2022-01-01,9,46,46
48293,2022,Limestone,14,2022-04-21,2022-12-13,12,81,6
48293,2023,Limestone,19,2023-01-01,2023-12-24,14,98,0
48293,2024,Limestone,21,2024-01-23,2024-12-30,10,97,0
48293,2025,Limestone,11,2025-01-28,2025-12-27,8,51,11
48295,2015,Lipscomb,7,2015-01-25,2015-12-23,7,28,0
48295,2016,Lipscomb,8,2016-04-14,2016-11-07,6,31,1
48295,2017,Lipscomb,8,2017-01-17,2017-12-04,8,45,1
48295,2018,Lipscomb,7,2018-04-30,2018-10-03,6,29,0
48295,2019,Lipscomb,6,2019-03-26,2019-12-07,5,23,0
48295,2020,Lipscomb,3,2020-03-23,2020-11-21,5,12,0
48295,2021,Lipscomb,7,2021-04-26,2021-12-27,5,26,0
48295,2022,Lipscomb,7,2022-05-29,2022-11-03,8,30,0
48295,2023,Lipscomb,7,2023-01-14,2023-12-24,9,35,0
48295,2024,Lipscomb,10,2024-01-23,2024-12-30,18,56,0
48295,2025,Lipscomb,10,2025-03-26,2025-12-28,11,54,1
48297,2015,Live Oak,7,2015-04-23,2015-09-11,4,22,0
48297,2016,Live Oak,10,2016-02-19,2016-12-29,15,58,0
48297,2017,Live Oak,12,2017-01-11,2017-12-05,7,47,0
48297,2018,Live Oak,11,2018-02-16,2018-11-08,9,53,0
48297,2019,Live Oak,12,2019-01-07,2019-12-28,9,64,0
48297,2020,Live Oak,8,2020-01-14,2020-09-03,8,41,0
48297,2021,Live Oak,13,2021-01-22,2022-01-01,9,53,0
48297,2022,Live Oak,10,2022-04-21,2022-12-14,10,52,0
48297,2023,Live Oak,18,2023-02-21,2023-12-24,14,101,0
48297,2024,Live Oak,22,2024-01-23,2024-12-26,9,101,0
48297,2025,Live Oak,14,2025-02-04,2025-12-28,8,76,0
48299,2015,Llano,8,2015-01-29,2015-11-06,7,31,0
48299,2016,Llano,12,2016-02-18,2017-01-02,10,60,0
48299,2017,Llano,12,2017-01-10,2017-12-05,10,55,0
48299,2018,Llano,7,2018-02-15,2018-10-09,9,38,0
48299,2019,Llano,10,2019-01-16,2019-10-06,9,53,0
48299,2020,Llano,9,2020-01-13,2020-09-02,7,38,0
48299,2021,Llano,8,2021-01-19,2021-12-29,7,36,0
48299,2022,Llano,10,2022-04-21,2022-12-13,11,51,0
48299,2023,Llano,12,2023-01-01,2023-12-24,15,82,0
48299,2024,Llano,13,2024-01-23,2024-12-26,5,51,0
48299,2025,Llano,7,2025-01-28,2025-12-28,6,35,0
48301,2015,Loving,6,2015-01-28,2015-12-13,6,28,28
48301,2016,Loving,8,2016-02-18,2016-11-10,13,58,58
48301,2017,Loving,13,2017-01-01,2017-12-05,8,59,59
48301,2018,Loving,9,2018-02-18,2018-10-08,9,53,53
48301,2019,Loving,14,2019-01-07,2019-12-28,9,78,78
48301,2020,Loving,8,2020-03-09,2020-11-09,12,52,52
48301,2021,Loving,11,2021-01-21,2021-12-29,6,51,51
48301,2022,Loving,12,2022-03-28,2022-12-13,24,88,88
48301,2023,Loving,14,2023-01-01,2023-12-24,24,101,101
48301,2024,Loving,17,2024-01-23,2024-12-30,20,92,92
48301,2025,Loving,11,2025-02-03,2025-12-28,13,66,66
48303,2015,Lubbock,7,2015-01-27,2015-12-12,6,27,0
48303,2016,Lubbock,9,2016-02-18,2016-11-07,7,40,0
48303,2017,Lubbock,8,2017-01-09,2017-12-04,8,36,0
48303,2018,Lubbock,10,2018-03-22,2018-10-05,10,48,0
48303,2019,Lubbock,13,2019-01-06,2019-12-27,7,52,0
48303,2020,Lubbock,7,2020-01-21,2020-11-21,11,36,0
48303,2021,Lubbock,10,2021-01-19,2021-12-29,7,40,0
48303,2022,Lubbock,13,2022-04-20,2023-01-04,9,57,0
48303,2023,Lubbock,15,2023-01-15,2023-12-23,11,73,0
48303,2024,Lubbock,15,2024-01-24,2024-12-30,12,72,0
48303,2025,Lubbock,9,2025-03-25,2025-12-27,14,50,0
48305,2015,Lynn,6,2015-01-28,2015-12-12,5,21,0
48305,2016,Lynn,13,2016-02-19,2016-11-17,8,56,0
48305,2017,Lynn,8,2017-01-19,2017-12-04,8,38,0
48305,2018,Lynn,9,2018-03-23,2018-10-06,9,47,0
48305,2019,Lynn,9,2019-01-07,2019-12-28,6,38,0
48305,2020,Lynn,5,2020-06-29,2020-08-16,6,21,0
48305,2021,Lynn,5,2021-06-10,2021-12-29,6,21,0
48305,2022,Lynn,10,2022-03-28,2022-12-12,10,48,0
48305,2023,Lynn,9,2023-01-16,2023-12-24,6,41,0
48305,2024,Lynn,8,2024-02-08,2024-12-30,8,40,0
48305,2025,Lynn,6,2025-03-26,2025-12-28,12,38,0
48307,2015,McCulloch,10,2015-01-29,2015-09-19,7,43,0
48307,2016,McCulloch,12,2016-02-18,2016-12-28,8,49,0
48307,2017,McCulloch,14,2017-01-10,2017-12-04,6,52,0
48307,2018,McCulloch,5,2018-03-23,2018-10-07,8,29,0
48307,2019,McCulloch,9,2019-02-01,2019-12-28,7,45,0
48307,2020,McCulloch,9,2020-03-09,2020-11-10,7,42,1
48307,2021,McCulloch,6,2021-01-21,2021-12-29,7,27,0
48307,2022,McCulloch,12,2022-04-21,2022-12-13,14,67,0
48307,2023,McCulloch,12,2023-01-01,2023-12-23,15,72,1
48307,2024,McCulloch,8,2024-03-30,2024-12-17,6,31,0
48307,2025,McCulloch,4,2025-02-03,2025-12-28,6,20,6
48309,2015,McLennan,6,2015-03-31,2015-11-06,6,23,0
48309,2016,McLennan,12,2016-02-19,2016-12-29,10,57,0
48309,2017,McLennan,16,2017-01-10,2017-12-04,8,74,0
48309,2018,McLennan,13,2018-03-23,2018-10-09,10,65,0
48309,2019,McLennan,7,2019-02-01,2019-10-06,9,47,0
48309,2020,McLennan,8,2020-03-11,2020-10-22,9,38,0
48309,2021,McLennan,10,2021-01-19,2021-12-29,7,44,0
48309,2022,McLennan,12,2022-04-20,2022-12-13,21,77,0
48309,2023,McLennan,10,2023-01-01,2023-11-09,17,61,0
48309,2024,McLennan,13,2024-01-23,2024-12-25,6,50,0
48309,2025,McLennan,8,2025-02-03,2025-12-28,7,42,0
48311,2015,McMullen,8,2015-04-23,2015-10-24,7,33,0
48311,2016,McMullen,10,2016-02-19,2016-12-29,14,59,1
48311,2017,McMullen,5,2017-01-11,2017-11-07,7,23,0
48311,2018,McMullen,8,2018-02-16,2018-10-09,8,35,0
48311,2019,McMullen,10,2019-02-03,2019-12-29,9,52,0
48311,2020,McMullen,7,2020-01-14,2020-09-03,8,37,0
48311,2021,McMullen,11,2021-01-22,2022-01-01,9,44,0
48311,2022,McMullen,8,2022-04-21,2022-12-14,9,44,0
48311,2023,McMullen,13,2023-02-21,2023-12-24,9,71,0
48311,2024,McMullen,12,2024-02-09,2024-12-18,9,56,0
48311,2025,McMullen,11,2025-01-03,2025-12-28,7,53,0
48313,2015,Madison,1,2015-10-22,2015-10-24,3,3,0
48313,2016,Madison,7,2016-02-20,2016-12-29,6,34,0
48313,2017,Madison,4,2017-01-11,2017-11-07,4,13,1
48313,2018,Madison,6,2018-03-25,2018-10-10,10,31,0
48313,2019,Madison,3,2019-02-03,2019-08-14,5,11,0
48313,2020,Madison,8,2020-03-02,2020-10-20,9,42,8
48313,2021,Madison,9,2021-01-22,2022-01-01,8,33,7
48313,2022,Madison,9,2022-05-08,2022-12-14,12,53,8
48313,2023,Madison,10,2023-02-21,2023-12-24,15,67,6
48313,2024,Madison,11,2024-02-09,2024-12-18,7,47,6
48313,2025,Madison,7,2025-02-03,2025-12-28,7,35,3
48315,2015,Marion,7,2015-06-18,2015-12-14,12,36,17
48315,2016,Marion,13,2016-02-20,2016-12-29,8,58,2
48315,2017,Marion,13,2017-01-01,2017-11-18,12,56,2
48315,2018,Marion,7,2018-02-20,2018-10-10,10,44,0
48315,2019,Marion,6,2019-02-02,2019-10-04,6,24,11
48315,2020,Marion,7,2020-01-15,2020-08-16,6,27,1
48315,2021,Marion,9,2021-01-20,2022-01-01,8,38,1
48315,2022,Marion,8,2022-04-22,2023-01-03,11,41,1
48315,2023,Marion,8,2023-02-20,2023-10-29,7,40,1
48315,2024,Marion,11,2024-02-09,2024-12-30,7,44,1
48315,2025,Marion,5,2025-02-04,2025-12-28,7,31,5
48317,2015,Martin,6,2015-01-28,2015-12-13,6,25,25
48317,2016,Martin,9,2016-02-18,2016-11-09,12,53,53
48317,2017,Martin,13,2017-01-01,2017-12-05,8,54,54
48317,2018,Martin,10,2018-03-23,2018-10-08,9,57,57
48317,2019,Martin,15,2019-01-06,2019-12-28,9,77,77
48317,2020,Martin,9,2020-03-09,2020-11-21,12,50,50
48317,2021,Martin,10,2021-01-21,2021-12-29,6,46,46
48317,2022,Martin,12,2022-03-28,2022-12-13,26,91,91
48317,2023,Martin,17,2023-01-01,2023-12-24,15,91,91
48317,2024,Martin,19,2024-01-23,2024-12-30,20,99,99
48317,2025,Martin,8,2025-02-03,2025-12-28,14,57,57
48319,2015,Mason,8,2015-01-29,2015-12-13,6,29,0
48319,2016,Mason,11,2016-03-07,2017-01-02,10,56,0
48319,2017,Mason,13,2017-01-10,2017-12-05,8,65,0
48319,2018,Mason,9,2018-02-15,2018-10-08,9,49,0
48319,2019,Mason,11,2019-01-07,2019-12-28,17,67,0
48319,2020,Mason,9,2020-01-14,2020-09-02,7,40,0
48319,2021,Mason,10,2021-01-22,2021-12-31,8,45,0
48319,2022,Mason,13,2022-04-11,2022-12-13,21,84,0
48319,2023,Mason,14,2023-01-01,2023-12-23,15,90,0
48319,2024,Mason,19,2024-01-23,2024-12-26,8,77,0
48319,2025,Mason,8,2025-01-28,2025-12-28,7,43,0
48321,2015,Matagorda,10,2015-03-18,2015-12-26,5,39,0
48321,2016,Matagorda,12,2016-02-20,2016-12-28,8,50,0
48321,2017,Matagorda,7,2017-01-10,2017-11-07,9,36,0
48321,2018,Matagorda,7,2018-02-15,2018-11-08,9,33,0
48321,2019,Matagorda,8,2019-02-02,2019-10-04,8,34,0
48321,2020,Matagorda,7,2020-01-14,2020-09-03,8,37,0
48321,2021,Matagorda,10,2021-01-20,2022-01-01,9,42,0
48321,2022,Matagorda,10,2022-04-20,2022-12-13,9,43,0
48321,2023,Matagorda,10,2023-01-01,2023-10-28,13,61,0
48321,2024,Matagorda,7,2024-02-08,2024-12-16,7,28,0
48321,2025,Matagorda,10,2025-02-04,2025-12-28,8,49,0
48323,2015,Maverick,1,2015-04-04,2015-04-06,3,3,0
48323,2016,Maverick,2,2016-11-02,2016-12-26,3,6,0
48323,2017,Maverick,2,2017-01-14,2017-10-05,3,6,0
48323,2018,Maverick,2,2018-02-15,2018-10-08,7,14,7
48323,2019,Maverick,2,2019-02-03,2019-10-03,4,8,8
48323,2020,Maverick,3,2020-01-14,2020-03-19,4,10,10
48323,2021,Maverick,4,2021-01-23,2022-01-01,9,18,18
48323,2022,Maverick,3,2022-04-21,2022-12-13,9,17,17
48323,2023,Maverick,8,2023-02-21,2023-12-24,8,34,34
48323,2024,Maverick,6,2024-04-16,2024-12-17,7,24,24
48323,2025,Maverick,5,2025-02-04,2025-12-28,6,24,24
48325,2015,Medina,4,2015-05-08,2015-09-19,6,16,0
48325,2016,Medina,9,2016-02-19,2016-12-29,13,56,0
48325,2017,Medina,9,2017-01-12,2017-12-05,8,41,0
48325,2018,Medina,9,2018-02-15,2018-10-09,9,44,0
48325,2019,Medina,10,2019-01-09,2019-10-03,6,48,0
48325,2020,Medina,9,2020-01-14,2020-10-22,8,45,0
48325,2021,Medina,11,2021-03-10,2022-01-01,8,46,0
48325,2022,Medina,12,2022-04-20,2022-12-13,11,60,1
48325,2023,Medina,11,2023-02-22,2023-12-23,9,52,0
48325,2024,Medina,16,2024-03-13,2024-12-17,7,79,0
48325,2025,Medina,11,2025-02-04,2025-12-28,8,57,0
48327,2015,Menard,5,2015-04-01,2015-09-19,5,18,0
48327,2016,Menard,10,2016-02-19,2016-12-29,9,55,0
48327,2017,Menard,10,2017-01-11,2017-12-05,7,39,0
48327,2018,Menard,5,2018-03-24,2018-10-07,7,28,0
48327,2019,Menard,5,2019-02-02,2019-10-03,13,30,1
48327,2020,Menard,9,2020-01-14,2020-11-10,7,38,1
48327,2021,Menard,6,2021-01-23,2021-12-26,4,21,1
48327,2022,Menard,10,2022-04-21,2022-12-12,12,47,0
48327,2023,Menard,7,2023-06-26,2023-12-24,15,49,2
48327,2024,Menard,10,2024-03-13,2024-12-25,7,39,0
48327,2025,Menard,5,2025-02-04,2025-12-28,6,23,0
48329,2015,Midland,7,2015-01-28,2015-12-13,7,32,0
48329,2016,Midland,13,2016-02-18,2017-01-02,13,68,0
48329,2017,Midland,13,2017-01-10,2017-12-04,10,64,0
48329,2018,Midland,13,2018-02-18,2018-10-08,9,65,0
48329,2019,Midland,12,2019-01-09,2019-12-28,15,66,0
48329,2020,Midland,7,2020-03-09,2020-09-01,12,42,0
48329,2021,Midland,7,2021-01-21,2021-12-29,7,32,0
48329,2022,Midland,13,2022-04-20,2023-01-03,26,81,0
48329,2023,Midland,16,2023-01-15,2023-12-23,15,90,0
48329,2024,Midland,14,2024-02-25,2024-12-30,21,78,0
48329,2025,Midland,12,2025-02-04,2025-12-28,14,68,0
48331,2015,Milam,1,2015-09-05,2015-09-08,4,4,4
48331,2016,Milam,6,2016-02-19,2016-12-28,5,27,27
48331,2017,Milam,6,2017-01-11,2017-11-17,5,20,12
48331,2018,Milam,7,2018-03-16,2018-10-08,7,31,0
48331,2019,Milam,8,2019-02-01,2019-10-06,9,44,0
48331,2020,Milam,9,2020-01-14,2020-10-21,5,36,0
48331,2021,Milam,8,2021-01-22,2021-12-31,9,32,0
48331,2022,Milam,12,2022-04-20,2022-12-13,14,71,3
48331,2023,Milam,15,2023-01-16,2023-12-23,18,87,0
48331,2024,Milam,12,2024-02-08,2024-12-17,9,48,0
48331,2025,Milam,11,2025-02-03,2025-12-27,8,49,1
48333,2015,Mills,2,2015-08-12,2015-09-08,4,8,0
48333,2016,Mills,6,2016-02-20,2016-12-28,7,29,0
48333,2017,Mills,7,2017-01-11,2017-12-05,5,23,0
48333,2018,Mills,7,2018-03-25,2018-10-08,8,30,1
48333,2019,Mills,7,2019-02-03,2019-10-06,8,38,0
48333,2020,Mills,7,2020-01-14,2020-11-10,4,22,0
48333,2021,Mills,4,2021-03-11,2021-12-29,6,16,0
48333,2022,Mills,10,2022-04-21,2022-12-14,11,53,0
48333,2023,Mills,10,2023-02-21,2023-12-24,15,66,1
48333,2024,Mills,10,2024-01-24,2024-12-26,6,40,0
48333,2025,Mills,6,2025-02-04,2025-12-28,6,26,10
48335,2015,Mitchell,5,2015-01-27,2015-12-13,5,22,22
48335,2016,Mitchell,11,2016-02-19,2017-01-03,12,52,52
48335,2017,Mitchell,9,2017-01-10,2017-12-05,8,46,46
48335,2018,Mitchell,7,2018-03-23,2018-10-08,8,33,33
48335,2019,Mitchell,12,2019-01-07,2019-12-28,9,55,55
48335,2020,Mitchell,6,2020-01-14,2020-08-15,10,31,31
48335,2021,Mitchell,7,2021-01-21,2021-12-31,8,35,35
48335,2022,Mitchell,12,2022-04-20,2022-12-13,24,73,73
48335,2023,Mitchell,14,2023-01-01,2023-12-24,14,69,69
48335,2024,Mitchell,15,2024-01-23,2024-12-28,10,66,66
48335,2025,Mitchell,6,2025-03-26,2025-12-28,8,38,38
48337,2015,Montague,3,2015-03-31,2015-09-09,5,11,0
48337,2016,Montague,6,2016-02-19,2016-11-09,9,31,0
48337,2017,Montague,7,2017-02-11,2017-12-21,8,27,0
48337,2018,Montague,8,2018-03-24,2018-10-08,8,38,0
48337,2019,Montague,5,2019-02-02,2019-12-28,12,30,0
48337,2020,Montague,5,2020-03-24,2020-11-10,5,21,0
48337,2021,Montague,6,2021-01-20,2021-12-29,6,27,0
48337,2022,Montague,10,2022-04-21,2022-12-13,16,54,0
48337,2023,Montague,13,2023-01-01,2023-12-24,8,55,0
48337,2024,Montague,11,2024-02-02,2024-12-26,6,42,0
48337,2025,Montague,6,2025-03-26,2025-12-27,8,27,0
48339,2015,Montgomery,9,2015-03-18,2015-11-06,7,33,0
48339,2016,Montgomery,11,2016-01-30,2016-12-28,11,63,0
48339,2017,Montgomery,11,2017-01-10,2017-11-07,13,52,0
48339,2018,Montgomery,8,2018-03-24,2018-10-09,9,39,0
48339,2019,Montgomery,10,2019-02-03,2019-10-07,10,52,0
48339,2020,Montgomery,11,2020-01-14,2020-10-21,9,59,0
48339,2021,Montgomery,11,2021-01-19,2022-01-01,9,50,0
48339,2022,Montgomery,10,2022-04-21,2022-12-13,11,55,0
48339,2023,Montgomery,14,2023-01-01,2023-11-09,14,82,0
48339,2024,Montgomery,13,2024-01-23,2024-12-17,7,57,0
48339,2025,Montgomery,11,2025-02-03,2025-12-28,8,53,0
48341,2015,Moore,10,2015-01-26,2015-12-12,6,47,0
48341,2016,Moore,7,2016-02-17,2016-11-03,7,34,0
48341,2017,Moore,9,2017-01-21,2017-12-04,9,46,42
48341,2018,Moore,7,2018-03-23,2018-10-04,8,34,0
48341,2019,Moore,7,2019-03-28,2019-09-19,6,26,4
48341,2020,Moore,10,2020-03-08,2020-11-09,7,42,0
48341,2021,Moore,13,2021-01-29,2021-12-28,7,51,13
48341,2022,Moore,10,2022-05-09,2022-10-07,11,57,0
48341,2023,Moore,20,2023-01-01,2023-12-24,9,82,82
48341,2024,Moore,21,2024-01-23,2024-12-30,13,105,105
48341,2025,Moore,10,2025-03-26,2025-12-28,17,62,62
48343,2015,Morris,7,2015-04-07,2015-12-27,6,26,0
48343,2016,Morris,9,2016-02-19,2016-12-28,5,34,0
48343,2017,Morris,5,2017-01-10,2017-11-06,13,30,0
48343,2018,Morris,5,2018-03-24,2018-10-09,9,25,0
48343,2019,Morris,4,2019-02-04,2019-10-06,7,19,0
48343,2020,Morris,4,2020-03-10,2020-11-10,5,15,0
48343,2021,Morris,5,2021-03-10,2022-01-01,9,22,0
48343,2022,Morris,5,2022-07-18,2023-01-03,8,22,1
48343,2023,Morris,8,2023-01-16,2023-12-24,5,32,1
48343,2024,Morris,10,2024-01-23,2024-12-28,5,36,0
48343,2025,Morris,6,2025-02-03,2025-12-27,8,30,0
48345,2015,Motley,5,2015-01-25,2015-12-12,6,22,0
48345,2016,Motley,7,2016-01-29,2016-11-08,4,23,0
48345,2017,Motley,3,2017-01-19,2017-10-06,5,13,0
48345,2018,Motley,6,2018-03-23,2018-10-05,5,24,0
48345,2019,Motley,4,2019-01-06,2019-12-06,4,13,0
48345,2020,Motley,2,2020-06-27,2020-07-15,5,9,0
48345,2021,Motley,7,2021-06-10,2021-12-29,6,28,0
48345,2022,Motley,10,2022-05-08,2022-12-08,7,41,0
48345,2023,Motley,7,2023-01-15,2023-11-08,6,27,0
48345,2024,Motley,10,2024-01-29,2024-12-27,5,39,0
48345,2025,Motley,3,2025-08-07,2025-12-28,6,13,0
48347,2015,Nacogdoches,6,2015-03-18,2015-12-13,7,22,0
48347,2016,Nacogdoches,4,2016-01-30,2016-06-16,4,14,0
48347,2017,Nacogdoches,8,2017-01-09,2017-11-06,10,60,0
48347,2018,Nacogdoches,11,2018-02-14,2018-10-08,8,51,0
48347,2019,Nacogdoches,5,2019-02-04,2019-10-06,6,19,0
48347,2020,Nacogdoches,4,2020-02-16,2020-06-30,6,16,0
48347,2021,Nacogdoches,11,2021-01-19,2021-12-31,8,43,0
48347,2022,Nacogdoches,8,2022-04-21,2022-12-13,11,42,0
48347,2023,Nacogdoches,12,2023-01-01,2023-12-24,10,56,0
48347,2024,Nacogdoches,12,2024-01-24,2024-12-18,9,54,3
48347,2025,Nacogdoches,9,2025-02-04,2025-12-28,7,40,0
48349,2015,Navarro,13,2015-03-18,2015-12-26,6,51,0
48349,2016,Navarro,17,2016-02-19,2016-12-29,11,92,0
48349,2017,Navarro,19,2017-01-01,2017-12-21,8,86,0
48349,2018,Navarro,10,2018-03-24,2018-10-09,9,58,0
48349,2019,Navarro,7,2019-02-02,2019-10-06,9,42,0
48349,2020,Navarro,6,2020-01-14,2020-09-01,9,31,0
48349,2021,Navarro,11,2021-01-20,2022-01-01,10,51,0
48349,2022,Navarro,11,2022-04-21,2022-12-13,13,82,0
48349,2023,Navarro,15,2023-01-01,2023-12-24,19,94,0
48349,2024,Navarro,19,2024-01-24,2024-12-26,14,93,0
48349,2025,Navarro,13,2025-02-06,2025-12-28,8,59,0
48351,2015,Newton,10,2015-03-18,2015-12-26,6,40,0
48351,2016,Newton,16,2016-02-19,2016-12-28,6,63,3
48351,2017,Newton,14,2017-01-10,2017-11-07,13,69,0
48351,2018,Newton,12,2018-02-14,2018-11-08,11,60,0
48351,2019,Newton,10,2019-02-03,2019-10-06,6,40,0
48351,2020,Newton,11,2020-01-14,2020-11-10,9,58,1
48351,2021,Newton,13,2021-01-20,2022-01-01,9,57,0
48351,2022,Newton,6,2022-05-08,2023-01-03,11,28,0
48351,2023,Newton,11,2023-01-16,2023-10-28,16,84,0
48351,2024,Newton,16,2024-01-23,2024-12-18,12,80,0
48351,2025,Newton,11,2025-02-04,2025-12-28,9,56,3
48353,2015,Nolan,3,2015-08-07,2015-12-12,5,12,1
48353,2016,Nolan,8,2016-02-19,2016-11-08,8,37,1
48353,2017,Nolan,7,2017-01-19,2017-10-06,5,26,2
48353,2018,Nolan,6,2018-03-23,2018-10-06,9,37,3
48353,2019,Nolan,8,2019-02-02,2019-10-03,8,35,2
48353,2020,Nolan,3,2020-06-28,2020-08-16,11,25,0
48353,2021,Nolan,5,2021-03-10,2021-12-29,6,23,0
48353,2022,Nolan,12,2022-03-28,2022-12-13,10,64,0
48353,2023,Nolan,13,2023-01-15,2023-12-24,9,63,0
48353,2024,Nolan,10,2024-02-25,2024-12-25,8,39,0
48353,2025,Nolan,7,2025-03-26,2025-12-28,6,30,0
48355,2015,Nueces,9,2015-04-24,2015-12-26,6,35,0
48355,2016,Nueces,16,2016-02-20,2016-12-28,14,107,0
48355,2017,Nueces,16,2017-01-11,2017-11-07,8,72,0
48355,2018,Nueces,12,2018-02-16,2018-11-08,9,62,0
48355,2019,Nueces,10,2019-02-03,2019-10-05,14,67,0
48355,2020,Nueces,9,2020-01-14,2020-10-22,9,51,0
48355,2021,Nueces,11,2021-01-22,2022-01-01,9,45,0
48355,2022,Nueces,9,2022-04-16,2022-12-13,9,42,0
48355,2023,Nueces,17,2023-01-16,2023-12-24,15,99,0
48355,2024,Nueces,16,2024-03-14,2024-12-17,11,90,0
48355,2025,Nueces,17,2025-01-02,2025-12-28,12,90,0
48357,2015,Ochiltree,13,2015-01-25,2015-12-24,11,72,13
48357,2016,Ochiltree,16,2016-01-06,2016-11-08,12,77,2
48357,2017,Ochiltree,12,2017-01-15,2017-12-05,16,78,18
48357,2018,Ochiltree,10,2018-03-24,2018-10-04,9,52,0
48357,2019,Ochiltree,11,2019-01-06,2019-10-02,9,42,0
48357,2020,Ochiltree,4,2020-01-23,2020-11-22,4,13,0
48357,2021,Ochiltree,4,2021-04-26,2021-12-26,6,15,0
48357,2022,Ochiltree,11,2022-04-21,2022-12-13,17,76,72
48357,2023,Ochiltree,20,2023-01-01,2023-12-24,14,113,113
48357,2024,Ochiltree,20,2024-01-23,2024-12-31,19,134,134
48357,2025,Ochiltree,14,2025-01-29,2025-12-28,17,82,82
48359,2015,Oldham,6,2015-01-26,2015-12-12,8,27,0
48359,2016,Oldham,5,2016-02-18,2016-11-07,7,25,0
48359,2017,Oldham,9,2017-01-09,2017-12-04,7,39,0
48359,2018,Oldham,6,2018-02-17,2018-10-05,5,21,0
48359,2019,Oldham,5,2019-03-27,2019-10-02,4,16,0
48359,2020,Oldham,6,2020-06-06,2020-11-24,5,20,0
48359,2021,Oldham,4,2021-05-21,2021-12-26,7,17,0
48359,2022,Oldham,11,2022-04-20,2022-11-10,9,48,0
48359,2023,Oldham,7,2023-01-15,2023-12-24,6,29,0
48359,2024,Oldham,9,2024-01-24,2024-12-30,7,33,0
48359,2025,Oldham,8,2025-03-26,2025-12-27,8,35,0
48361,2015,Orange,9,2015-03-19,2015-12-27,6,32,0
48361,2016,Orange,11,2016-02-20,2016-12-29,5,44,1
48361,2017,Orange,11,2017-01-11,2017-11-08,12,55,0
48361,2018,Orange,8,2018-02-15,2018-10-09,15,42,0
48361,2019,Orange,9,2019-02-04,2019-10-07,8,42,2
48361,2020,Orange,9,2020-01-14,2020-11-11,8,43,6
48361,2021,Orange,13,2021-01-20,2022-01-01,8,57,1
48361,2022,Orange,8,2022-05-19,2023-01-03,10,38,1
48361,2023,Orange,12,2023-02-21,2023-10-28,13,79,0
48361,2024,Orange,12,2024-01-24,2024-12-17,11,66,1
48361,2025,Orange,10,2025-02-04,2025-12-28,7,46,2
48363,2015,Palo Pinto,11,2015-01-27,2015-12-13,9,55,0
48363,2016,Palo Pinto,18,2016-01-29,2016-12-26,10,82,2
48363,2017,Palo Pinto,11,2017-01-10,2017-12-04,9,49,1
48363,2018,Palo Pinto,11,2018-03-23,2018-10-08,8,52,0
48363,2019,Palo Pinto,9,2019-01-06,2019-12-28,13,63,5
48363,2020,Palo Pinto,9,2020-01-13,2020-11-21,9,36,0
48363,2021,Palo Pinto,8,2021-01-21,2021-12-31,8,40,0
48363,2022,Palo Pinto,15,2022-04-10,2023-01-02,16,80,0
48363,2023,Palo Pinto,13,2023-01-15,2023-12-23,20,85,0
48363,2024,Palo Pinto,17,2024-01-30,2024-12-28,11,79,1
48363,2025,Palo Pinto,9,2025-01-28,2025-12-27,6,35,0
48365,2015,Panola,9,2015-06-22,2015-12-13,9,49,0
48365,2016,Panola,16,2016-01-06,2016-12-29,7,74,0
48365,2017,Panola,14,2017-01-11,2017-12-05,12,70,0
48365,2018,Panola,11,2018-03-17,2018-12-02,10,64,0
48365,2019,Panola,6,2019-02-03,2019-10-04,8,31,0
48365,2020,Panola,7,2020-01-15,2020-11-11,9,40,0
48365,2021,Panola,10,2021-01-20,2022-01-01,8,45,0
48365,2022,Panola,9,2022-05-09,2023-01-03,12,54,3
48365,2023,Panola,11,2023-02-21,2023-11-09,13,61,4
48365,2024,Panola,15,2024-01-24,2024-12-28,7,70,0
48365,2025,Panola,9,2025-02-04,2025-12-28,8,47,0
48367,2015,Parker,2,2015-08-05,2015-09-09,5,9,0
48367,2016,Parker,9,2016-02-19,2016-12-29,9,44,0
48367,2017,Parker,10,2017-01-10,2017-12-04,8,37,0
48367,2018,Parker,7,2018-03-24,2018-10-08,8,33,0
48367,2019,Parker,4,2019-02-01,2019-12-28,16,31,0
48367,2020,Parker,5,2020-01-14,2020-08-15,9,22,0
48367,2021,Parker,8,2021-01-21,2021-12-29,6,33,0
48367,2022,Parker,9,2022-04-21,2022-12-13,24,61,1
48367,2023,Parker,17,2023-01-16,2023-12-24,8,73,0
48367,2024,Parker,12,2024-01-24,2024-12-26,7,52,0
48367,2025,Parker,7,2025-01-29,2025-12-27,7,30,2
48369,2015,Parmer,8,2015-01-28,2015-12-24,7,35,0
48369,2016,Parmer,4,2016-02-17,2016-11-08,8,23,0
48369,2017,Parmer,7,2017-01-10,2017-11-15,6,32,0
48369,2018,Parmer,3,2018-05-11,2018-10-05,5,14,0
48369,2019,Parmer,6,2019-02-03,2019-10-03,6,27,0
48369,2020,Parmer,7,2020-03-11,2020-11-24,6,28,0
48369,2021,Parmer,5,2021-05-22,2021-12-29,7,22,0
48369,2022,Parmer,8,2022-04-21,2022-12-08,10,40,0
48369,2023,Parmer,16,2023-01-01,2023-12-22,6,63,0
48369,2024,Parmer,15,2024-01-25,2024-12-30,15,73,0
48369,2025,Parmer,11,2025-02-06,2025-12-28,7,51,0
48371,2015,Pecos,6,2015-01-28,2015-12-25,6,25,0
48371,2016,Pecos,11,2016-02-18,2017-01-02,8,46,0
48371,2017,Pecos,8,2017-01-09,2017-12-04,7,38,0
48371,2018,Pecos,5,2018-02-18,2018-10-07,9,28,0
48371,2019,Pecos,9,2019-02-03,2019-12-28,8,37,0
48371,2020,Pecos,9,2020-01-25,2020-12-11,7,34,0
48371,2021,Pecos,6,2021-03-11,2021-12-29,8,26,0
48371,2022,Pecos,7,2022-04-21,2023-01-02,16,41,0
48371,2023,Pecos,14,2023-01-09,2023-12-24,15,90,0
48371,2024,Pecos,20,2024-01-23,2024-12-30,7,75,0
48371,2025,Pecos,14,2025-02-02,2025-12-28,8,70,0
48373,2015,Polk,13,2015-03-18,2015-12-27,9,48,32
48373,2016,Polk,10,2016-02-19,2016-12-28,6,47,44
48373,2017,Polk,9,2017-01-11,2017-11-07,12,43,38
48373,2018,Polk,7,2018-02-19,2018-10-10,8,33,14
48373,2019,Polk,8,2019-02-03,2019-10-06,8,43,39
48373,2020,Polk,9,2020-01-14,2020-09-03,9,47,47
48373,2021,Polk,11,2021-01-20,2022-01-01,9,48,48
48373,2022,Polk,9,2022-04-21,2022-12-13,12,58,58
48373,2023,Polk,12,2023-01-01,2023-11-09,20,87,87
48373,2024,Polk,12,2024-01-23,2024-12-17,9,62,62
48373,2025,Polk,10,2025-02-04,2025-12-28,8,47,47
48375,2015,Potter,5,2015-01-26,2015-12-12,6,19,0
48375,2016,Potter,3,2016-02-18,2016-11-03,4,10,0
48375,2017,Potter,7,2017-01-17,2017-12-04,8,34,0
48375,2018,Potter,5,2018-03-23,2018-10-05,5,18,0
48375,2019,Potter,5,2019-02-03,2019-10-02,4,18,0
48375,2020,Potter,3,2020-06-27,2020-11-09,3,9,0
48375,2021,Potter,5,2021-05-22,2021-12-26,4,16,0
48375,2022,Potter,4,2022-06-12,2022-11-03,8,20,0
48375,2023,Potter,10,2023-01-09,2023-12-23,5,36,0
48375,2024,Potter,11,2024-01-25,2024-12-27,7,41,0
48375,2025,Potter,8,2025-03-26,2025-12-27,6,36,0
48377,2015,Presidio,5,2015-01-28,2015-10-06,4,17,0
48377,2016,Presidio,7,2016-01-04,2016-12-29,7,33,12
48377,2017,Presidio,3,2017-03-19,2017-11-07,6,14,0
48377,2018,Presidio,7,2018-02-14,2018-10-07,7,26,0
48377,2019,Presidio,18,2019-01-06,2019-12-11,17,105,0
48377,2020,Presidio,20,2020-01-15,2020-11-23,19,136,0
48377,2021,Presidio,17,2021-01-19,2022-01-01,11,93,0
48377,2022,Presidio,22,2022-01-07,2022-12-12,22,162,0
48377,2023,Presidio,20,2023-01-01,2023-12-24,66,191,10
48377,2024,Presidio,19,2024-02-25,2024-12-30,16,134,0
48377,2025,Presidio,21,2025-01-16,2025-12-30,27,224,2
48379,2015,Rains,10,2015-03-18,2015-12-16,7,44,0
48379,2016,Rains,12,2016-02-19,2016-12-29,11,66,1
48379,2017,Rains,14,2017-01-01,2017-12-05,7,59,0
48379,2018,Rains,9,2018-03-17,2018-12-02,9,47,0
48379,2019,Rains,7,2019-02-02,2019-12-29,6,28,5
48379,2020,Rains,5,2020-01-15,2020-08-12,7,21,0
48379,2021,Rains,11,2021-01-20,2021-12-29,6,45,0
48379,2022,Rains,8,2022-04-21,2022-12-14,13,52,0
48379,2023,Rains,14,2023-01-01,2023-12-24,6,53,0
48379,2024,Rains,13,2024-01-24,2024-12-26,5,44,0
48379,2025,Rains,9,2025-01-29,2025-12-28,8,46,0
48381,2015,Randall,2,2015-01-26,2015-09-05,6,9,1
48381,2016,Randall,4,2016-02-19,2016-11-03,5,14,0
48381,2017,Randall,5,2017-01-19,2017-12-04,4,18,0
48381,2018,Randall,5,2018-05-10,2018-10-06,5,20,0
48381,2019,Randall,6,2019-03-27,2019-09-10,6,24,0
48381,2020,Randall,1,2020-07-10,2020-07-14,5,5,0
48381,2021,Randall,6,2021-04-26,2021-12-27,7,23,3
48381,2022,Randall,8,2022-06-10,2022-12-10,12,42,8
48381,2023,Randall,9,2023-01-01,2023-11-08,5,31,8
48381,2024,Randall,8,2024-01-24,2024-10-20,7,30,1
48381,2025,Randall,7,2025-03-27,2025-12-28,8,35,8
48383,2015,Reagan,6,2015-01-28,2015-12-13,6,24,0
48383,2016,Reagan,10,2016-02-19,2017-01-03,12,54,0
48383,2017,Reagan,12,2017-01-11,2017-12-05,8,57,0
48383,2018,Reagan,10,2018-02-18,2018-10-08,8,49,0
48383,2019,Reagan,7,2019-02-01,2019-10-07,10,44,0
48383,2020,Reagan,11,2020-01-14,2020-09-02,10,57,0
48383,2021,Reagan,6,2021-01-22,2021-12-29,6,24,3
48383,2022,Reagan,10,2022-04-21,2022-12-13,18,54,1
48383,2023,Reagan,10,2023-01-01,2023-12-24,14,70,3
48383,2024,Reagan,11,2024-05-19,2024-12-25,12,54,7
48383,2025,Reagan,9,2025-02-06,2025-12-28,13,44,7
48385,2015,Real,2,2015-09-05,2015-09-20,8,11,0
48385,2016,Real,8,2016-02-18,2016-12-29,8,38,1
48385,2017,Real,5,2017-01-13,2017-12-05,4,17,0
48385,2018,Real,1,2018-10-01,2018-10-07,7,7,0
48385,2019,Real,4,2019-02-02,2019-10-03,7,17,1
48385,2020,Real,8,2020-01-14,2020-10-23,5,29,0
48385,2021,Real,5,2021-08-19,2021-12-29,5,17,0
48385,2022,Real,9,2022-04-21,2022-12-13,11,43,0
48385,2023,Real,8,2023-06-12,2023-12-23,11,38,0
48385,2024,Real,18,2024-02-08,2024-12-25,8,79,0
48385,2025,Real,9,2025-02-05,2025-12-28,8,42,8
48387,2015,Red River,11,2015-01-27,2015-12-27,20,64,1
48387,2016,Red River,12,2016-02-18,2017-01-02,8,57,2
48387,2017,Red River,14,2017-01-10,2017-12-21,13,69,1
48387,2018,Red River,7,2018-01-20,2018-10-09,9,36,0
48387,2019,Red River,10,2019-01-06,2019-12-28,8,44,0
48387,2020,Red River,5,2020-01-14,2020-07-17,6,20,0
48387,2021,Red River,9,2021-01-19,2021-12-31,9,43,0
48387,2022,Red River,12,2022-04-21,2023-01-03,8,55,0
48387,2023,Red River,14,2023-01-16,2023-12-24,9,73,1
48387,2024,Red River,20,2024-01-23,2024-12-28,7,77,0
48387,2025,Red River,12,2025-01-29,2025-12-27,8,53,0
48389,2015,Reeves,9,2015-01-28,2015-12-14,5,36,0
48389,2016,Reeves,9,2016-02-19,2016-11-11,11,49,0
48389,2017,Reeves,10,2017-01-01,2017-11-07,15,57,0
48389,2018,Reeves,7,2018-03-16,2018-10-08,8,35,0
48389,2019,Reeves,13,2019-01-07,2019-12-15,19,80,0
48389,2020,Reeves,13,2020-03-09,2020-09-01,11,68,0
48389,2021,Reeves,8,2021-03-11,2021-12-29,6,33,0
48389,2022,Reeves,10,2022-04-10,2023-01-04,17,57,0
48389,2023,Reeves,12,2023-01-15,2023-11-20,16,79,0
48389,2024,Reeves,14,2024-01-23,2024-12-06,21,93,11
48389,2025,Reeves,11,2025-02-06,2025-12-28,13,59,32
48391,2015,Refugio,6,2015-04-08,2015-12-27,7,23,0
48391,2016,Refugio,12,2016-02-20,2016-12-29,9,63,2
48391,2017,Refugio,13,2017-01-11,2017-12-05,8,58,3
48391,2018,Refugio,13,2018-02-16,2018-10-15,16,73,0
48391,2019,Refugio,11,2019-02-04,2019-10-07,15,84,0
48391,2020,Refugio,14,2020-01-14,2020-10-23,11,75,0
48391,2021,Refugio,17,2021-01-20,2022-01-01,9,74,0
48391,2022,Refugio,14,2022-04-16,2022-12-14,12,75,0
48391,2023,Refugio,15,2023-01-10,2023-12-24,23,128,0
48391,2024,Refugio,23,2024-02-09,2024-12-28,14,131,1
48391,2025,Refugio,20,2025-02-04,2025-12-28,11,95,18
48393,2015,Roberts,12,2015-01-19,2015-12-24,6,53,53
48393,2016,Roberts,9,2016-02-18,2016-11-08,8,41,41
48393,2017,Roberts,10,2017-01-16,2017-12-04,9,55,55
48393,2018,Roberts,7,2018-03-23,2018-10-05,9,41,41
48393,2019,Roberts,14,2019-01-06,2019-12-28,5,51,51
48393,2020,Roberts,7,2020-03-09,2020-11-22,6,30,30
48393,2021,Roberts,7,2021-05-22,2021-12-29,6,31,31
48393,2022,Roberts,12,2022-04-21,2022-12-13,14,70,70
48393,2023,Roberts,15,2023-01-01,2023-12-24,6,62,62
48393,2024,Roberts,22,2024-01-23,2024-12-30,13,109,109
48393,2025,Roberts,9,2025-03-26,2025-12-28,17,59,59
48395,2015,Robertson,7,2015-03-30,2015-10-23,4,24,0
48395,2016,Robertson,11,2016-02-19,2016-12-28,6,48,5
48395,2017,Robertson,9,2017-01-10,2017-11-17,8,39,1
48395,2018,Robertson,7,2018-03-16,2018-10-08,8,29,3
48395,2019,Robertson,9,2019-02-02,2019-10-06,9,46,0
48395,2020,Robertson,12,2020-01-14,2020-10-21,10,59,0
48395,2021,Robertson,12,2021-01-22,2021-12-31,8,54,14
48395,2022,Robertson,12,2022-04-20,2022-12-13,20,80,0
48395,2023,Robertson,14,2023-01-01,2023-12-24,15,96,0
48395,2024,Robertson,17,2024-01-23,2024-12-25,11,74,0
48395,2025,Robertson,11,2025-02-03,2025-12-27,8,49,1
48397,2015,Rockwall,10,2015-03-17,2015-12-13,8,45,45
48397,2016,Rockwall,14,2016-02-19,2016-12-29,11,75,75
48397,2017,Rockwall,17,2017-01-10,2017-12-21,8,75,53
48397,2018,Rockwall,15,2018-03-23,2018-12-14,14,89,0
48397,2019,Rockwall,15,2019-01-06,2019-12-28,9,75,0
48397,2020,Rockwall,8,2020-01-14,2020-08-15,9,44,0
48397,2021,Rockwall,11,2021-01-21,2021-12-31,9,48,0
48397,2022,Rockwall,14,2022-04-20,2023-01-03,13,81,0
48397,2023,Rockwall,16,2023-01-15,2023-12-24,20,95,2
48397,2024,Rockwall,23,2024-01-24,2024-12-30,13,108,0
48397,2025,Rockwall,15,2025-01-28,2025-12-27,9,71,1
48399,2016,Runnels,6,2016-02-19,2016-12-29,10,31,0
48399,2017,Runnels,8,2017-01-01,2017-12-05,4,27,0
48399,2018,Runnels,4,2018-03-24,2018-10-08,8,19,0
48399,2019,Runnels,5,2019-02-04,2019-12-28,5,17,0
48399,2020,Runnels,1,2020-08-31,2020-09-02,3,3,0
48399,2021,Runnels,6,2021-01-22,2021-12-29,5,23,0
48399,2022,Runnels,9,2022-04-21,2022-12-14,18,54,0
48399,2023,Runnels,10,2023-01-16,2023-12-24,11,49,0
48399,2024,Runnels,15,2024-01-24,2024-12-26,10,60,0
48399,2025,Runnels,7,2025-01-28,2025-12-28,7,36,0
48401,2015,Rusk,6,2015-06-20,2015-12-27,6,24,0
48401,2016,Rusk,10,2016-02-19,2016-12-28,6,43,0
48401,2017,Rusk,12,2017-01-01,2017-11-18,12,53,0
48401,2018,Rusk,7,2018-03-17,2018-10-09,9,41,0
48401,2019,Rusk,8,2019-02-03,2019-10-04,8,31,0
48401,2020,Rusk,6,2020-01-15,2020-12-30,5,22,0
48401,2021,Rusk,8,2021-01-20,2022-01-01,9,33,0
48401,2022,Rusk,8,2022-04-21,2022-12-13,11,51,0
48401,2023,Rusk,16,2023-01-01,2023-12-24,14,72,0
48401,2024,Rusk,14,2024-01-23,2024-12-18,8,60,0
48401,2025,Rusk,8,2025-02-03,2025-12-28,8,42,0
48403,2015,Sabine,8,2015-03-18,2015-12-27,7,35,1
48403,2016,Sabine,11,2016-01-30,2016-12-28,8,48,2
48403,2017,Sabine,14,2017-01-10,2017-11-07,13,69,0
48403,2018,Sabine,12,2018-02-15,2018-10-09,10,64,0
48403,2019,Sabine,11,2019-02-04,2019-10-06,9,44,1
48403,2020,Sabine,10,2020-01-14,2020-11-10,9,57,0
48403,2021,Sabine,8,2021-01-19,2022-01-01,9,38,0
48403,2022,Sabine,13,2022-04-21,2023-01-03,11,63,1
48403,2023,Sabine,11,2023-01-16,2023-10-28,17,82,0
48403,2024,Sabine,13,2024-01-23,2024-12-26,14,76,0
48403,2025,Sabine,10,2025-02-03,2025-12-28,8,48,0
48405,2015,San Augustine,6,2015-06-19,2015-12-23,7,24,7
48405,2016,San Augustine,10,2016-02-19,2016-12-29,9,48,24
48405,2017,San Augustine,9,2017-01-11,2017-11-07,13,58,9
48405,2018,San Augustine,9,2018-02-19,2018-10-10,10,43,4
48405,2019,San Augustine,4,2019-02-04,2019-10-07,6,18,0
48405,2020,San Augustine,9,2020-01-15,2020-09-04,9,44,0
48405,2021,San Augustine,8,2021-01-21,2022-01-01,9,32,0
48405,2022,San Augustine,7,2022-04-23,2023-01-03,12,34,0
48405,2023,San Augustine,9,2023-02-21,2023-10-29,13,59,1
48405,2024,San Augustine,15,2024-01-24,2024-12-28,13,71,0
48405,2025,San Augustine,10,2025-02-04,2025-12-28,7,45,1
48407,2015,San Jacinto,14,2015-03-18,2015-12-27,7,55,55
48407,2016,San Jacinto,12,2016-02-19,2016-12-28,15,76,76
48407,2017,San Jacinto,12,2017-01-10,2017-11-07,13,66,66
48407,2018,San Jacinto,9,2018-03-17,2018-10-09,9,56,56
48407,2019,San Jacinto,9,2019-02-03,2019-10-06,12,59,59
48407,2020,San Jacinto,10,2020-01-14,2020-10-21,12,64,64
48407,2021,San Jacinto,13,2021-01-20,2022-01-01,9,63,63
48407,2022,San Jacinto,10,2022-04-21,2022-12-13,13,72,72
48407,2023,San Jacinto,14,2023-01-01,2023-12-24,22,103,103
48407,2024,San Jacinto,16,2024-01-23,2024-12-26,12,85,85
48407,2025,San Jacinto,14,2025-02-03,2025-12-28,8,65,65
48409,2015,San Patricio,13,2015-04-07,2015-12-26,7,51,0
48409,2016,San Patricio,11,2016-02-20,2016-12-29,14,64,0
48409,2017,San Patricio,11,2017-01-11,2017-11-07,8,46,0
48409,2018,San Patricio,5,2018-02-16,2018-11-07,5,20,0
48409,2019,San Patricio,9,2019-02-03,2019-10-04,8,43,0
48409,2020,San Patricio,6,2020-01-14,2020-09-04,9,32,0
48409,2021,San Patricio,11,2021-01-20,2022-01-01,8,47,4
48409,2022,San Patricio,6,2022-04-21,2022-12-14,9,31,1
48409,2023,San Patricio,14,2023-01-16,2023-12-24,11,80,0
48409,2024,San Patricio,14,2024-02-09,2024-12-18,9,68,0
48409,2025,San Patricio,13,2025-01-03,2025-12-28,10,70,3
48411,2015,San Saba,5,2015-01-28,2015-11-06,5,18,0
48411,2016,San Saba,7,2016-02-19,2016-12-29,9,41,2
48411,2017,San Saba,12,2017-01-10,2017-12-04,8,57,0
48411,2018,San Saba,7,2018-03-24,2018-10-08,8,38,0
48411,2019,San Saba,10,2019-01-16,2019-12-28,17,59,0
48411,2020,San Saba,7,2020-01-13,2020-09-01,8,32,0
48411,2021,San Saba,6,2021-01-22,2021-12-29,6,26,0
48411,2022,San Saba,12,2022-04-11,2022-12-13,13,65,0
48411,2023,San Saba,16,2023-01-01,2023-12-24,14,85,0
48411,2024,San Saba,16,2024-02-02,2024-12-26,8,65,0
48411,2025,San Saba,8,2025-01-29,2025-12-28,6,38,0
48413,2015,Schleicher,1,2015-09-07,2015-09-09,3,3,0
48413,2016,Schleicher,8,2016-02-19,2016-12-29,8,40,0
48413,2017,Schleicher,10,2017-01-11,2017-12-05,8,45,0
48413,2018,Schleicher,8,2018-02-18,2018-10-08,11,43,0
48413,2019,Schleicher,5,2019-02-02,2019-12-28,14,32,0
48413,2020,Schleicher,8,2020-01-14,2020-09-02,12,38,0
48413,2021,Schleicher,8,2021-01-22,2021-12-29,8,38,0
48413,2022,Schleicher,12,2022-03-27,2022-12-13,11,55,0
48413,2023,Schleicher,12,2023-01-02,2023-12-24,16,82,0
48413,2024,Schleicher,11,2024-01-23,2024-12-17,15,58,1
48413,2025,Schleicher,6,2025-02-05,2025-12-28,6,28,1
48415,2015,Scurry,10,2015-01-29,2015-12-13,6,39,0
48415,2016,Scurry,10,2016-02-18,2017-01-02,11,52,1
48415,2017,Scurry,8,2017-01-10,2017-12-05,9,41,2
48415,2018,Scurry,13,2018-03-22,2018-10-08,12,71,0
48415,2019,Scurry,11,2019-01-08,2019-12-28,16,55,0
48415,2020,Scurry,7,2020-01-25,2020-11-10,14,47,0
48415,2021,Scurry,7,2021-01-21,2021-12-31,8,34,0
48415,2022,Scurry,10,2022-03-28,2022-12-13,24,75,0
48415,2023,Scurry,17,2023-01-01,2023-12-24,17,91,0
48415,2024,Scurry,15,2024-01-29,2024-12-28,28,94,0
48415,2025,Scurry,9,2025-03-25,2025-12-27,13,57,0
48417,2015,Shackelford,1,2015-01-27,2015-01-29,3,3,0
48417,2016,Shackelford,6,2016-02-19,2016-11-09,9,28,0
48417,2017,Shackelford,4,2017-01-20,2017-10-07,6,17,0
48417,2018,Shackelford,5,2018-03-24,2018-10-08,8,24,0
48417,2019,Shackelford,2,2019-02-02,2019-10-03,6,11,0
48417,2020,Shackelford,3,2020-03-26,2020-08-15,8,15,0
48417,2021,Shackelford,6,2021-01-22,2022-01-01,9,27,0
48417,2022,Shackelford,9,2022-04-22,2022-12-13,17,59,0
48417,2023,Shackelford,14,2023-01-16,2023-12-24,10,63,0
48417,2024,Shackelford,11,2024-02-03,2024-12-28,9,47,0
48417,2025,Shackelford,6,2025-01-29,2025-12-28,6,27,0
48419,2015,Shelby,10,2015-03-18,2015-12-13,9,53,0
48419,2016,Shelby,16,2016-01-31,2016-12-29,8,78,0
48419,2017,Shelby,11,2017-01-01,2017-11-18,12,55,0
48419,2018,Shelby,10,2018-02-20,2018-10-09,9,46,0
48419,2019,Shelby,4,2019-02-04,2019-10-04,8,19,0
48419,2020,Shelby,8,2020-01-14,2020-09-03,8,43,43
48419,2021,Shelby,10,2021-01-20,2022-01-01,9,43,43
48419,2022,Shelby,9,2022-04-21,2023-01-03,12,55,55
48419,2023,Shelby,13,2023-01-16,2023-12-24,14,75,75
48419,2024,Shelby,15,2024-01-24,2024-12-18,8,71,71
48419,2025,Shelby,10,2025-02-04,2025-12-28,7,48,48
48421,2015,Sherman,11,2015-01-18,2015-12-12,6,49,0
48421,2016,Sherman,7,2016-02-16,2016-11-07,7,33,2
48421,2017,Sherman,6,2017-01-15,2017-10-06,6,26,0
48421,2018,Sherman,6,2018-03-23,2018-10-03,6,22,3
48421,2019,Sherman,11,2019-01-06,2019-12-28,22,81,67
48421,2020,Sherman,19,2020-01-14,2020-11-24,13,110,110
48421,2021,Sherman,17,2021-01-19,2021-12-31,12,94,94
48421,2022,Sherman,15,2022-04-20,2022-12-13,28,116,116
48421,2023,Sherman,22,2023-01-01,2023-12-24,21,138,138
48421,2024,Sherman,23,2024-01-23,2024-12-30,22,159,159
48421,2025,Sherman,17,2025-02-06,2025-12-28,17,102,102
48423,2015,Smith,7,2015-04-07,2015-09-09,10,37,0
48423,2016,Smith,12,2016-02-19,2016-12-28,9,66,0
48423,2017,Smith,11,2017-01-10,2017-11-17,8,50,0
48423,2018,Smith,8,2018-03-24,2018-10-09,10,50,0
48423,2019,Smith,8,2019-02-03,2019-10-04,8,38,0
48423,2020,Smith,7,2020-01-14,2020-11-10,9,34,0
48423,2021,Smith,7,2021-03-10,2022-01-01,9,30,0
48423,2022,Smith,11,2022-04-21,2023-01-03,12,63,0
48423,2023,Smith,13,2023-01-16,2023-12-24,16,79,0
48423,2024,Smith,17,2024-01-23,2024-12-26,7,65,0
48423,2025,Smith,7,2025-02-03,2025-12-28,8,36,0
48425,2015,Somervell,4,2015-07-20,2015-09-19,10,23,14
48425,2016,Somervell,14,2016-02-19,2016-12-29,11,67,25
48425,2017,Somervell,14,2017-01-11,2017-12-05,8,61,20
48425,2018,Somervell,13,2018-03-24,2018-12-27,10,74,70
48425,2019,Somervell,6,2019-02-01,2019-10-06,16,40,3
48425,2020,Somervell,7,2020-01-14,2020-09-09,10,33,0
48425,2021,Somervell,7,2021-01-22,2021-12-29,6,28,5
48425,2022,Somervell,10,2022-04-11,2022-12-14,24,81,5
48425,2023,Somervell,12,2023-01-01,2023-12-24,13,65,2
48425,2024,Somervell,13,2024-01-24,2024-12-26,6,51,5
48425,2025,Somervell,6,2025-01-29,2025-12-28,8,29,3
48427,2015,Starr,8,2015-05-08,2015-12-27,8,34,0
48427,2016,Starr,16,2016-02-18,2016-12-29,15,79,0
48427,2017,Starr,15,2017-01-11,2017-11-18,7,66,0
48427,2018,Starr,11,2018-02-15,2018-11-08,9,54,0
48427,2019,Starr,19,2019-01-07,2019-12-28,11,99,0
48427,2020,Starr,10,2020-01-13,2020-11-28,8,52,0
48427,2021,Starr,10,2021-01-23,2021-12-29,6,41,0
48427,2022,Starr,10,2022-04-16,2022-12-13,11,54,0
48427,2023,Starr,16,2023-02-21,2023-12-15,11,90,0
48427,2024,Starr,14,2024-01-24,2024-12-26,8,66,0
48427,2025,Starr,10,2025-01-02,2025-12-28,9,48,1
48429,2015,Stephens,2,2015-04-07,2015-09-08,3,6,0
48429,2016,Stephens,2,2016-07-12,2016-11-07,7,10,0
48429,2017,Stephens,6,2017-02-06,2017-12-05,5,22,0
48429,2018,Stephens,4,2018-03-23,2018-10-08,8,22,0
48429,2019,Stephens,4,2019-02-02,2019-10-03,8,22,0
48429,2020,Stephens,3,2020-06-29,2020-08-15,8,16,0
48429,2021,Stephens,4,2021-03-11,2021-12-29,5,15,0
48429,2022,Stephens,12,2022-04-11,2022-12-13,24,82,0
48429,2023,Stephens,16,2023-01-01,2023-12-24,11,78,1
48429,2024,Stephens,16,2024-01-24,2024-12-28,10,70,0
48429,2025,Stephens,10,2025-01-28,2025-12-27,6,44,0
48431,2015,Sterling,4,2015-01-29,2015-09-09,7,19,1
48431,2016,Sterling,10,2016-02-19,2016-12-03,12,53,1
48431,2017,Sterling,7,2017-01-01,2017-12-05,5,24,1
48431,2018,Sterling,8,2018-03-23,2018-10-08,9,50,50
48431,2019,Sterling,10,2019-01-07,2019-12-28,17,60,57
48431,2020,Sterling,8,2020-01-14,2020-09-02,10,42,42
48431,2021,Sterling,7,2021-01-21,2021-12-29,6,31,31
48431,2022,Sterling,12,2022-04-20,2022-12-13,25,77,77
48431,2023,Sterling,15,2023-01-01,2023-12-24,14,79,79
48431,2024,Sterling,13,2024-01-23,2024-12-26,10,59,59
48431,2025,Sterling,8,2025-02-03,2025-12-28,7,46,46
48433,2015,Stonewall,5,2015-01-27,2015-12-13,6,22,0
48433,2016,Stonewall,10,2016-02-19,2016-12-26,9,45,0
48433,2017,Stonewall,9,2017-01-10,2017-10-06,7,40,0
48433,2018,Stonewall,8,2018-03-24,2018-10-08,10,46,0
48433,2019,Stonewall,9,2019-01-06,2019-12-28,6,38,0
48433,2020,Stonewall,3,2020-07-10,2020-11-10,9,19,0
48433,2021,Stonewall,6,2021-01-20,2022-01-01,9,32,0
48433,2022,Stonewall,10,2022-04-21,2022-12-13,11,52,0
48433,2023,Stonewall,10,2023-01-01,2023-12-24,9,43,0
48433,2024,Stonewall,10,2024-02-02,2024-12-28,10,43,0
48433,2025,Stonewall,5,2025-03-13,2025-12-28,5,19,0
48435,2015,Sutton,7,2015-02-20,2015-09-19,6,27,3
48435,2016,Sutton,11,2016-02-18,2016-12-29,10,57,10
48435,2017,Sutton,11,2017-01-12,2017-12-05,9,55,45
48435,2018,Sutton,8,2018-02-15,2018-10-08,9,52,52
48435,2019,Sutton,10,2019-01-07,2019-12-28,17,59,59
48435,2020,Sutton,8,2020-01-14,2020-11-10,11,51,51
48435,2021,Sutton,8,2021-01-21,2022-01-01,9,39,39
48435,2022,Sutton,11,2022-04-21,2022-12-13,24,71,71
48435,2023,Sutton,14,2023-01-01,2023-12-24,15,86,86
48435,2024,Sutton,8,2024-01-23,2024-12-18,6,33,11
48435,2025,Sutton,2,2025-02-06,2025-12-28,5,8,1
48437,2015,Swisher,5,2015-01-26,2015-12-12,6,20,0
48437,2016,Swisher,9,2016-02-19,2016-11-08,6,32,0
48437,2017,Swisher,8,2017-01-10,2017-12-04,6,37,0
48437,2018,Swisher,5,2018-05-11,2018-10-05,5,25,0
48437,2019,Swisher,8,2019-02-03,2019-12-28,6,36,0
48437,2020,Swisher,5,2020-03-17,2020-11-22,6,21,0
48437,2021,Swisher,8,2021-04-26,2021-12-26,5,31,0
48437,2022,Swisher,8,2022-04-21,2022-12-08,10,38,0
48437,2023,Swisher,10,2023-01-15,2023-12-24,6,39,0
48437,2024,Swisher,11,2024-01-25,2024-12-27,8,39,0
48437,2025,Swisher,9,2025-03-26,2025-12-28,7,45,0
48439,2015,Tarrant,10,2015-03-30,2015-11-05,9,46,0
48439,2016,Tarrant,15,2016-02-19,2016-12-29,10,75,0
48439,2017,Tarrant,18,2017-01-01,2017-12-21,8,71,0
48439,2018,Tarrant,9,2018-03-23,2018-10-08,8,50,0
48439,2019,Tarrant,6,2019-02-01,2019-10-06,9,45,0
48439,2020,Tarrant,6,2020-01-14,2020-08-15,8,26,0
48439,2021,Tarrant,10,2021-01-21,2021-12-31,9,43,0
48439,2022,Tarrant,12,2022-04-21,2023-01-03,17,79,0
48439,2023,Tarrant,16,2023-01-15,2023-12-24,15,92,0
48439,2024,Tarrant,15,2024-01-24,2024-12-26,14,73,0
48439,2025,Tarrant,11,2025-01-28,2025-12-27,8,56,0
48441,2015,Taylor,3,2015-04-07,2015-09-08,4,10,0
48441,2016,Taylor,4,2016-02-18,2016-11-08,8,22,0
48441,2017,Taylor,5,2017-01-10,2017-12-04,5,19,0
48441,2018,Taylor,5,2018-03-23,2018-10-06,8,24,0
48441,2019,Taylor,6,2019-02-02,2019-12-28,7,28,0
48441,2020,Taylor,2,2020-07-11,2020-08-15,6,11,0
48441,2021,Taylor,7,2021-03-10,2021-12-31,8,27,0
48441,2022,Taylor,9,2022-04-21,2022-12-13,25,63,0
48441,2023,Taylor,11,2023-01-15,2023-12-24,8,45,0
48441,2024,Taylor,9,2024-01-31,2024-12-16,14,48,0
48441,2025,Taylor,7,2025-03-12,2025-12-28,6,32,0
48443,2015,Terrell,16,2015-01-27,2015-12-26,9,87,0
48443,2016,Terrell,17,2016-01-05,2017-01-03,11,83,1
48443,2017,Terrell,18,2017-01-11,2017-12-05,8,86,1
48443,2018,Terrell,6,2018-02-15,2018-10-08,8,36,0
48443,2019,Terrell,11,2019-01-06,2019-12-28,9,54,0
48443,2020,Terrell,9,2020-03-10,2020-11-24,10,41,2
48443,2021,Terrell,9,2021-01-21,2022-01-01,9,38,0
48443,2022,Terrell,14,2022-04-16,2022-12-12,13,79,0
48443,2023,Terrell,10,2023-03-07,2023-12-23,10,49,0
48443,2024,Terrell,13,2024-02-21,2024-12-31,8,62,0
48443,2025,Terrell,13,2025-02-04,2025-12-28,13,79,0
48445,2015,Terry,6,2015-01-28,2015-12-12,5,25,0
48445,2016,Terry,15,2016-02-19,2016-11-08,8,66,0
48445,2017,Terry,7,2017-01-19,2017-12-04,8,37,0
48445,2018,Terry,10,2018-03-23,2018-10-08,8,51,0
48445,2019,Terry,9,2019-01-07,2019-12-28,6,35,0
48445,2020,Terry,4,2020-06-27,2020-08-16,11,25,0
48445,2021,Terry,6,2021-01-20,2021-12-29,6,25,0
48445,2022,Terry,11,2022-04-20,2022-12-12,11,64,0
48445,2023,Terry,11,2023-02-20,2023-12-24,7,44,0
48445,2024,Terry,14,2024-01-24,2024-12-30,10,65,0
48445,2025,Terry,10,2025-02-03,2025-12-28,13,55,0
48447,2015,Throckmorton,4,2015-01-28,2015-12-13,5,14,5
48447,2016,Throckmorton,5,2016-02-18,2016-11-09,9,22,4
48447,2017,Throckmorton,8,2017-01-18,2017-12-04,5,29,13
48447,2018,Throckmorton,5,2018-03-23,2018-10-08,8,26,5
48447,2019,Throckmorton,4,2019-02-02,2019-10-03,5,15,9
48447,2020,Throckmorton,4,2020-03-26,2020-11-10,4,13,5
48447,2021,Throckmorton,4,2021-03-11,2021-12-31,8,17,5
48447,2022,Throckmorton,10,2022-04-21,2022-12-13,9,46,14
48447,2023,Throckmorton,10,2023-01-01,2023-12-24,6,40,1
48447,2024,Throckmorton,18,2024-02-02,2024-12-30,10,83,83
48447,2025,Throckmorton,8,2025-01-29,2025-12-28,10,48,48
48449,2015,Titus,12,2015-03-31,2015-12-26,11,67,0
48449,2016,Titus,10,2016-02-20,2016-12-29,9,50,0
48449,2017,Titus,10,2017-01-01,2017-11-18,12,49,2
48449,2018,Titus,10,2018-02-16,2018-12-02,10,48,1
48449,2019,Titus,8,2019-02-03,2019-10-04,7,35,7
48449,2020,Titus,4,2020-01-27,2020-09-03,7,21,0
48449,2021,Titus,8,2021-01-20,2022-01-01,7,32,0
48449,2022,Titus,9,2022-04-21,2023-01-03,15,55,1
48449,2023,Titus,12,2023-01-16,2023-12-24,8,53,0
48449,2024,Titus,13,2024-02-03,2024-12-30,8,56,0
48449,2025,Titus,12,2025-01-29,2025-12-28,8,57,0
48451,2015,Tom Green,5,2015-01-29,2015-09-19,7,23,0
48451,2016,Tom Green,14,2016-02-19,2017-01-03,10,66,0
48451,2017,Tom Green,12,2017-01-10,2017-12-05,8,58,0
48451,2018,Tom Green,11,2018-02-14,2018-10-08,9,63,0
48451,2019,Tom Green,8,2019-01-09,2019-10-06,10,42,0
48451,2020,Tom Green,8,2020-03-11,2020-09-02,10,39,0
48451,2021,Tom Green,10,2021-01-21,2021-12-29,6,38,0
48451,2022,Tom Green,13,2022-03-27,2022-12-13,21,80,0
48451,2023,Tom Green,15,2023-01-01,2023-12-24,14,81,0
48451,2024,Tom Green,12,2024-01-23,2024-12-25,10,54,0
48451,2025,Tom Green,7,2025-02-06,2025-12-28,7,30,0
48453,2015,Travis,2,2015-04-23,2015-08-15,4,8,0
48453,2016,Travis,7,2016-02-19,2016-12-28,6,32,0
48453,2017,Travis,6,2017-01-10,2017-11-07,5,21,0
48453,2018,Travis,3,2018-03-24,2018-10-08,7,14,0
48453,2019,Travis,7,2019-02-01,2019-10-04,8,41,0
48453,2020,Travis,8,2020-01-14,2020-10-22,7,36,0
48453,2021,Travis,6,2021-03-10,2021-12-31,8,26,0
48453,2022,Travis,6,2022-04-21,2022-12-13,9,30,0
48453,2023,Travis,13,2023-02-21,2023-12-24,14,72,0
48453,2024,Travis,13,2024-02-08,2024-12-25,7,53,0
48453,2025,Travis,7,2025-02-03,2025-12-28,8,40,0
48455,2015,Trinity,12,2015-03-18,2015-12-27,7,45,45
48455,2016,Trinity,12,2016-01-31,2016-12-28,14,69,69
48455,2017,Trinity,13,2017-01-10,2017-12-05,13,66,66
48455,2018,Trinity,8,2018-03-24,2018-10-09,9,51,51
48455,2019,Trinity,9,2019-02-03,2019-10-06,9,51,51
48455,2020,Trinity,9,2020-01-14,2020-09-03,9,50,50
48455,2021,Trinity,12,2021-01-20,2022-01-01,9,51,51
48455,2022,Trinity,10,2022-04-21,2022-12-13,13,65,65
48455,2023,Trinity,16,2023-01-01,2023-12-24,20,103,103
48455,2024,Trinity,15,2024-01-23,2024-12-26,12,81,81
48455,2025,Trinity,11,2025-02-03,2025-12-28,8,58,58
48457,2015,Tyler,13,2015-03-19,2015-12-27,8,48,0
48457,2016,Tyler,13,2016-01-31,2016-12-28,14,64,0
48457,2017,Tyler,13,2017-01-11,2017-11-07,12,64,0
48457,2018,Tyler,7,2018-02-15,2018-10-09,10,48,0
48457,2019,Tyler,10,2019-02-03,2019-10-06,6,40,0
48457,2020,Tyler,11,2020-01-14,2020-09-17,9,62,0
48457,2021,Tyler,12,2021-01-20,2022-01-01,9,51,0
48457,2022,Tyler,7,2022-06-09,2023-01-03,11,37,0
48457,2023,Tyler,9,2023-01-16,2023-10-28,21,79,0
48457,2024,Tyler,13,2024-01-23,2024-12-18,13,74,0
48457,2025,Tyler,12,2025-02-04,2025-12-28,8,54,0
48459,2015,Upshur,7,2015-06-17,2015-12-27,7,34,0
48459,2016,Upshur,15,2016-02-19,2016-12-28,7,71,0
48459,2017,Upshur,15,2017-01-10,2017-12-22,13,69,0
48459,2018,Upshur,10,2018-02-23,2018-10-09,9,56,0
48459,2019,Upshur,11,2019-02-03,2019-10-06,8,50,0
48459,2020,Upshur,13,2020-01-14,2020-11-10,8,50,0
48459,2021,Upshur,13,2021-01-19,2022-01-01,10,61,0
48459,2022,Upshur,11,2022-04-21,2023-01-03,14,70,0
48459,2023,Upshur,13,2023-01-16,2023-12-24,13,73,0
48459,2024,Upshur,19,2024-01-23,2024-12-30,7,84,0
48459,2025,Upshur,10,2025-02-03,2025-12-28,8,52,0
48461,2015,Upton,6,2015-01-29,2015-10-17,8,29,0
48461,2016,Upton,11,2016-02-18,2016-12-25,10,53,0
48461,2017,Upton,10,2017-01-11,2017-12-05,10,47,0
48461,2018,Upton,11,2018-01-10,2018-10-09,10,58,0
48461,2019,Upton,8,2019-02-02,2019-10-07,13,52,0
48461,2020,Upton,9,2020-01-09,2020-11-22,10,47,0
48461,2021,Upton,7,2021-01-22,2022-01-02,6,29,1
48461,2022,Upton,11,2022-03-05,2022-12-12,15,71,6
48461,2023,Upton,7,2023-06-21,2023-12-23,13,43,13
48461,2024,Upton,6,2024-06-26,2024-12-05,11,29,6
48461,2025,Upton,5,2025-02-04,2025-12-28,7,23,13
48463,2015,Uvalde,5,2015-03-17,2015-10-23,5,17,0
48463,2016,Uvalde,6,2016-02-19,2016-12-29,9,32,0
48463,2017,Uvalde,7,2017-01-11,2017-11-07,8,30,0
48463,2018,Uvalde,4,2018-02-15,2018-10-08,8,22,0
48463,2019,Uvalde,7,2019-01-09,2019-10-03,6,27,0
48463,2020,Uvalde,10,2020-01-13,2020-10-22,8,44,0
48463,2021,Uvalde,8,2021-01-22,2022-01-01,9,34,0
48463,2022,Uvalde,10,2022-04-16,2022-12-13,11,50,1
48463,2023,Uvalde,9,2023-02-20,2023-12-24,9,51,1
48463,2024,Uvalde,19,2024-02-08,2024-12-17,9,87,0
48463,2025,Uvalde,6,2025-02-04,2025-12-28,10,40,0
48465,2015,Val Verde,5,2015-01-29,2015-11-06,8,23,0
48465,2016,Val Verde,11,2016-02-18,2016-12-30,11,69,0
48465,2017,Val Verde,10,2017-01-11,2017-12-05,8,44,0
48465,2018,Val Verde,10,2018-02-15,2018-10-08,8,60,0
48465,2019,Val Verde,11,2019-01-07,2019-12-28,18,82,0
48465,2020,Val Verde,12,2020-01-13,2020-11-24,11,69,0
48465,2021,Val Verde,10,2021-01-22,2022-01-01,9,52,0
48465,2022,Val Verde,15,2022-03-04,2022-12-13,12,75,0
48465,2023,Val Verde,19,2023-01-07,2023-12-24,18,109,0
48465,2024,Val Verde,23,2024-01-24,2024-12-24,20,123,0
48465,2025,Val Verde,16,2025-01-26,2025-12-28,13,105,0
48467,2015,Van Zandt,7,2015-03-31,2015-11-07,5,26,0
48467,2016,Van Zandt,12,2016-02-20,2016-12-29,9,65,0
48467,2017,Van Zandt,14,2017-01-01,2017-12-22,7,58,0
48467,2018,Van Zandt,8,2018-03-24,2018-10-09,9,50,0
48467,2019,Van Zandt,5,2019-02-02,2019-12-29,7,25,0
48467,2020,Van Zandt,4,2020-01-15,2020-07-16,4,13,0
48467,2021,Van Zandt,9,2021-01-20,2022-01-01,9,39,0
48467,2022,Van Zandt,9,2022-04-21,2022-12-14,12,52,0
48467,2023,Van Zandt,13,2023-01-01,2023-12-24,13,64,0
48467,2024,Van Zandt,10,2024-01-24,2024-12-30,8,48,0
48467,2025,Van Zandt,7,2025-02-04,2025-12-28,8,34,16
48469,2015,Victoria,3,2015-04-07,2015-05-20,4,10,0
48469,2016,Victoria,9,2016-02-20,2016-12-28,9,39,0
48469,2017,Victoria,8,2017-01-12,2017-11-07,6,33,0
48469,2018,Victoria,5,2018-02-15,2018-11-08,8,25,0
48469,2019,Victoria,9,2019-02-02,2019-10-04,8,43,0
48469,2020,Victoria,10,2020-01-14,2020-09-03,6,44,0
48469,2021,Victoria,10,2021-01-19,2022-01-01,9,42,0
48469,2022,Victoria,9,2022-04-20,2022-12-13,9,39,0
48469,2023,Victoria,14,2023-01-01,2023-12-24,14,79,0
48469,2024,Victoria,14,2024-02-08,2024-12-26,8,60,0
48469,2025,Victoria,12,2025-02-04,2025-12-28,9,55,0
48471,2015,Walker,9,2015-03-18,2015-12-27,5,32,0
48471,2016,Walker,8,2016-01-31,2016-12-28,8,40,0
48471,2017,Walker,10,2017-01-10,2017-11-17,10,50,0
48471,2018,Walker,5,2018-03-25,2018-10-09,9,24,0
48471,2019,Walker,7,2019-02-03,2019-10-07,10,34,0
48471,2020,Walker,8,2020-01-14,2020-10-22,9,48,0
48471,2021,Walker,11,2021-01-20,2022-01-01,9,49,0
48471,2022,Walker,11,2022-04-21,2022-12-13,13,73,0
48471,2023,Walker,14,2023-01-01,2023-12-24,38,110,0
48471,2024,Walker,12,2024-02-26,2024-12-18,7,53,0
48471,2025,Walker,10,2025-02-04,2025-12-28,8,50,0
48473,2015,Waller,13,2015-03-18,2015-12-27,6,47,47
48473,2016,Waller,13,2016-02-19,2016-12-29,13,76,76
48473,2017,Waller,16,2017-01-10,2017-12-05,13,80,80
48473,2018,Waller,10,2018-02-15,2018-10-09,9,60,60
48473,2019,Waller,10,2019-02-02,2019-10-07,16,68,68
48473,2020,Waller,11,2020-01-14,2020-10-22,12,73,73
48473,2021,Waller,14,2021-01-19,2022-01-01,9,69,69
48473,2022,Waller,14,2022-04-11,2022-12-13,22,94,94
48473,2023,Waller,16,2023-01-01,2023-12-24,24,123,123
48473,2024,Waller,16,2024-01-23,2024-12-26,13,84,84
48473,2025,Waller,14,2025-02-03,2025-12-28,8,67,67
48475,2015,Ward,15,2015-01-28,2015-12-25,6,55,0
48475,2016,Ward,10,2016-02-18,2016-12-30,14,59,0
48475,2017,Ward,14,2017-01-10,2017-12-05,9,66,1
48475,2018,Ward,12,2018-02-14,2018-12-27,8,56,0
48475,2019,Ward,12,2019-01-06,2019-12-28,9,71,0
48475,2020,Ward,12,2020-03-08,2020-11-23,12,64,0
48475,2021,Ward,12,2021-01-21,2021-12-29,7,53,0
48475,2022,Ward,13,2022-03-26,2022-12-12,23,80,0
48475,2023,Ward,14,2023-01-01,2023-12-24,18,101,0
48475,2024,Ward,19,2024-01-29,2024-12-24,18,95,0
48475,2025,Ward,15,2025-02-03,2025-12-28,9,74,0
48477,2015,Washington,8,2015-03-18,2015-12-27,6,31,0
48477,2016,Washington,14,2016-01-31,2016-12-29,7,62,0
48477,2017,Washington,15,2017-01-10,2017-11-18,13,75,0
48477,2018,Washington,8,2018-03-24,2018-10-09,9,43,0
48477,2019,Washington,11,2019-02-02,2019-10-07,10,54,0
48477,2020,Washington,11,2020-01-14,2020-10-22,11,65,0
48477,2021,Washington,14,2021-01-20,2022-01-01,9,59,0
48477,2022,Washington,12,2022-04-21,2022-12-13,15,78,0
48477,2023,Washington,15,2023-01-01,2023-12-24,23,119,0
48477,2024,Washington,19,2024-01-23,2024-12-26,12,97,0
48477,2025,Washington,13,2025-02-04,2025-12-28,8,59,0
48479,2015,Webb,7,2015-04-23,2015-11-12,7,28,0
48479,2016,Webb,13,2016-02-17,2016-12-28,14,74,0
48479,2017,Webb,13,2017-01-10,2017-12-05,12,62,0
48479,2018,Webb,6,2018-02-15,2018-11-08,8,33,0
48479,2019,Webb,14,2019-02-04,2019-10-03,11,78,0
48479,2020,Webb,11,2020-01-14,2020-11-14,10,53,0
48479,2021,Webb,15,2021-01-23,2022-01-01,6,62,0
48479,2022,Webb,14,2022-04-15,2022-12-13,16,99,0
48479,2023,Webb,18,2023-01-01,2023-12-23,31,141,0
48479,2024,Webb,15,2024-02-09,2024-12-25,10,71,0
48479,2025,Webb,11,2025-02-04,2025-12-28,12,64,0
48481,2015,Wharton,3,2015-05-08,2015-12-27,4,10,0
48481,2016,Wharton,13,2016-02-21,2016-12-29,12,71,0
48481,2017,Wharton,13,2017-01-11,2017-11-07,11,63,0
48481,2018,Wharton,8,2018-02-16,2018-11-08,9,38,0
48481,2019,Wharton,10,2019-02-02,2019-10-04,10,58,0
48481,2020,Wharton,10,2020-01-14,2020-09-05,10,53,0
48481,2021,Wharton,13,2021-01-20,2022-01-01,9,58,0
48481,2022,Wharton,12,2022-04-21,2022-12-13,9,51,0
48481,2023,Wharton,18,2023-01-16,2023-12-24,12,92,0
48481,2024,Wharton,13,2024-02-09,2024-12-26,9,60,0
48481,2025,Wharton,10,2025-02-04,2025-12-28,12,52,0
48483,2015,Wheeler,4,2015-01-26,2015-12-13,6,18,4
48483,2016,Wheeler,6,2016-02-19,2016-11-08,8,24,1
48483,2017,Wheeler,7,2017-01-20,2017-12-04,8,35,0
48483,2018,Wheeler,9,2018-03-24,2018-10-06,6,39,7
48483,2019,Wheeler,10,2019-01-06,2019-12-28,7,44,44
48483,2020,Wheeler,11,2020-01-14,2020-11-22,7,48,48
48483,2021,Wheeler,11,2021-01-21,2021-12-31,8,48,48
48483,2022,Wheeler,12,2022-04-21,2022-12-13,12,71,71
48483,2023,Wheeler,18,2023-01-01,2023-12-24,10,81,81
48483,2024,Wheeler,19,2024-01-23,2024-12-30,15,100,100
48483,2025,Wheeler,10,2025-01-29,2025-12-28,15,61,61
48485,2015,Wichita,2,2015-09-16,2015-11-05,3,6,0
48485,2016,Wichita,6,2016-02-18,2016-11-08,8,26,0
48485,2017,Wichita,5,2017-01-20,2017-12-04,5,20,0
48485,2018,Wichita,5,2018-05-30,2018-10-05,5,20,0
48485,2019,Wichita,2,2019-02-01,2019-10-02,6,10,0
48485,2020,Wichita,1,2020-03-17,2020-03-19,3,3,0
48485,2021,Wichita,6,2021-03-10,2021-12-29,6,24,0
48485,2022,Wichita,11,2022-04-20,2022-12-13,9,46,0
48485,2023,Wichita,9,2023-01-16,2023-12-23,5,31,0
48485,2024,Wichita,9,2024-02-01,2024-12-25,6,33,0
48485,2025,Wichita,5,2025-01-29,2025-12-27,5,19,0
48487,2015,Wilbarger,6,2015-01-27,2015-12-13,5,25,25
48487,2016,Wilbarger,8,2016-02-18,2016-12-26,9,34,34
48487,2017,Wilbarger,12,2017-01-01,2017-12-05,8,53,53
48487,2018,Wilbarger,6,2018-03-23,2018-10-08,8,30,30
48487,2019,Wilbarger,10,2019-01-06,2019-12-28,5,37,37
48487,2020,Wilbarger,8,2020-01-14,2020-08-14,3,24,24
48487,2021,Wilbarger,8,2021-01-19,2021-12-31,8,39,39
48487,2022,Wilbarger,13,2022-04-21,2022-12-13,9,57,57
48487,2023,Wilbarger,15,2023-01-01,2023-12-24,9,64,64
48487,2024,Wilbarger,16,2024-01-23,2024-12-30,8,71,71
48487,2025,Wilbarger,8,2025-01-29,2025-12-28,8,44,44
48489,2015,Willacy,8,2015-04-25,2015-12-23,8,30,0
48489,2016,Willacy,13,2016-02-20,2016-12-03,14,69,0
48489,2017,Willacy,11,2017-01-12,2017-09-28,7,46,1
48489,2019,Willacy,5,2019-02-04,2019-10-02,7,20,20
48489,2020,Willacy,4,2020-01-14,2020-09-03,4,15,15
48489,2021,Willacy,14,2021-01-24,2022-01-01,8,55,1
48489,2022,Willacy,7,2022-04-21,2022-12-14,11,38,0
48489,2023,Willacy,17,2023-01-17,2023-12-24,17,93,0
48489,2024,Willacy,10,2024-04-16,2024-11-05,8,55,0
48489,2025,Willacy,9,2025-04-23,2025-12-28,11,49,0
48491,2015,Williamson,10,2015-03-18,2015-12-13,5,37,0
48491,2016,Williamson,14,2016-02-19,2016-12-29,9,61,0
48491,2017,Williamson,16,2017-01-01,2017-12-05,8,69,0
48491,2018,Williamson,9,2018-03-24,2018-10-09,9,53,0
48491,2019,Williamson,11,2019-02-02,2019-10-06,19,67,0
48491,2020,Williamson,8,2020-01-14,2020-10-22,11,45,0
48491,2021,Williamson,12,2021-01-21,2021-12-31,9,54,0
48491,2022,Williamson,10,2022-04-21,2022-12-13,22,74,0
48491,2023,Williamson,15,2023-01-01,2023-12-24,21,111,0
48491,2024,Williamson,19,2024-01-23,2024-12-25,9,86,0
48491,2025,Williamson,12,2025-02-03,2025-12-28,8,59,0
48493,2015,Wilson,3,2015-09-05,2015-12-26,7,15,0
48493,2016,Wilson,6,2016-02-19,2016-12-29,9,33,1
48493,2017,Wilson,6,2017-01-11,2017-11-07,7,25,0
48493,2018,Wilson,5,2018-03-16,2018-10-09,9,25,5
48493,2019,Wilson,7,2019-02-02,2019-10-03,7,35,18
48493,2020,Wilson,7,2020-01-14,2020-09-03,7,34,34
48493,2021,Wilson,7,2021-01-22,2022-01-01,9,31,31
48493,2022,Wilson,9,2022-04-21,2022-12-13,9,43,43
48493,2023,Wilson,14,2023-01-16,2023-12-24,13,72,72
48493,2024,Wilson,10,2024-04-15,2024-12-17,7,45,45
48493,2025,Wilson,8,2025-02-04,2025-12-28,7,39,39
48495,2015,Winkler,6,2015-01-28,2015-12-13,7,23,0
48495,2016,Winkler,5,2016-02-20,2016-11-11,11,25,0
48495,2017,Winkler,7,2017-01-13,2017-12-05,5,29,0
48495,2018,Winkler,4,2018-02-15,2018-10-08,8,19,0
48495,2019,Winkler,7,2019-02-02,2019-10-03,6,26,0
48495,2020,Winkler,2,2020-03-12,2020-04-29,4,7,0
48495,2021,Winkler,5,2021-01-21,2021-12-29,6,21,2
48495,2022,Winkler,8,2022-03-28,2022-12-14,23,53,0
48495,2023,Winkler,13,2023-01-15,2023-12-24,19,88,13
48495,2024,Winkler,12,2024-04-24,2024-12-07,21,75,1
48495,2025,Winkler,9,2025-03-26,2025-12-28,9,49,32
48497,2015,Wise,7,2015-03-30,2015-10-23,7,30,0
48497,2016,Wise,11,2016-02-19,2016-11-09,9,58,0
48497,2017,Wise,13,2017-01-19,2017-12-21,8,52,0
48497,2018,Wise,12,2018-03-24,2018-10-09,10,71,0
48497,2019,Wise,9,2019-02-02,2019-10-06,16,55,0
48497,2020,Wise,9,2020-01-14,2020-11-21,9,42,0
48497,2021,Wise,12,2021-01-19,2021-12-31,9,55,0
48497,2022,Wise,12,2022-04-20,2022-12-13,24,75,0
48497,2023,Wise,16,2023-01-15,2023-12-23,10,78,0
48497,2024,Wise,19,2024-02-01,2024-12-30,13,87,0
48497,2025,Wise,7,2025-01-28,2025-12-27,8,34,1
48499,2015,Wood,5,2015-08-06,2015-12-27,7,24,0
48499,2016,Wood,12,2016-02-20,2016-12-29,9,59,0
48499,2017,Wood,14,2017-01-01,2017-12-05,12,63,0
48499,2018,Wood,10,2018-03-24,2018-12-02,10,58,0
48499,2019,Wood,10,2019-01-07,2019-12-29,9,52,0
48499,2020,Wood,8,2020-01-15,2020-10-21,5,32,0
48499,2021,Wood,9,2021-01-21,2022-01-01,9,38,0
48499,2022,Wood,12,2022-03-28,2023-01-03,13,65,0
48499,2023,Wood,10,2023-02-20,2023-11-09,14,60,0
48499,2024,Wood,16,2024-01-24,2024-12-30,8,71,0
48499,2025,Wood,11,2025-01-29,2025-12-28,8,49,0
48501,2015,Yoakum,8,2015-01-27,2015-12-12,5,34,0
48501,2016,Yoakum,10,2016-02-18,2016-11-08,12,55,0
48501,2017,Yoakum,9,2017-01-10,2017-12-04,8,47,0
48501,2018,Yoakum,12,2018-02-15,2018-10-08,8,54,0
48501,2019,Yoakum,8,2019-01-10,2019-12-28,17,46,0
48501,2020,Yoakum,6,2020-03-11,2020-11-09,8,30,0
48501,2021,Yoakum,7,2021-01-19,2021-12-29,7,36,0
48501,2022,Yoakum,14,2022-04-21,2023-01-02,19,76,0
48501,2023,Yoakum,15,2023-01-16,2023-12-24,22,95,0
48501,2024,Yoakum,16,2024-02-02,2024-12-30,21,91,0
48501,2025,Yoakum,15,2025-02-03,2025-12-28,13,87,0
48503,2015,Young,5,2015-08-05,2015-11-05,6,18,2
48503,2016,Young,11,2016-02-18,2016-12-26,8,49,0
48503,2017,Young,12,2017-01-10,2017-12-21,8,49,1
48503,2018,Young,8,2018-03-23,2018-10-08,8,39,0
48503,2019,Young,7,2019-02-01,2019-10-03,9,34,0
48503,2020,Young,5,2020-03-17,2020-11-21,8,20,0
48503,2021,Young,4,2021-03-10,2021-12-29,6,19,9
48503,2022,Young,12,2022-04-10,2022-12-13,19,68,0
48503,2023,Young,14,2023-01-15,2023-12-23,10,67,0
48503,2024,Young,19,2024-01-23,2024-12-26,10,82,1
48503,2025,Young,8,2025-01-28,2025-12-27,6,36,0
48505,2015,Zapata,1,2015-09-05,2015-09-08,4,4,0
48505,2016,Zapata,5,2016-02-19,2016-12-29,13,35,1
48505,2017,Zapata,6,2017-01-01,2017-11-05,7,24,3
48505,2019,Zapata,2,2019-02-04,2019-10-02,4,7,7
48505,2020,Zapata,2,2020-01-14,2020-09-02,4,7,7
48505,2021,Zapata,3,2021-12-03,2021-12-29,5,12,12
48505,2022,Zapata,1,2022-12-06,2022-12-13,8,8,8
48505,2023,Zapata,6,2023-02-21,2023-10-27,8,27,27
48505,2024,Zapata,3,2024-05-21,2024-12-17,7,15,15
48505,2025,Zapata,3,2025-02-05,2025-12-28,6,14,14
48507,2016,Zavala,2,2016-11-02,2016-12-28,6,11,11
48507,2017,Zavala,1,2017-01-12,2017-01-16,5,5,5
48507,2018,Zavala,1,2018-10-05,2018-10-07,3,3,3
48507,2020,Zavala,2,2020-01-14,2020-09-02,3,6,6
48507,2021,Zavala,3,2021-12-03,2021-12-29,5,11,11
48507,2022,Zavala,3,2022-04-21,2022-12-13,9,16,16
48507,2023,Zavala,3,2023-07-11,2023-12-23,8,16,16
48507,2024,Zavala,4,2024-04-25,2024-12-17,7,18,18
48507,2025,Zavala,5,2025-02-04,2025-12-28,6,20,20
