state,run_id,definition_id,metric,percentile,minimum_duration,window,event_id,county_fips,county_name,climate_division,start_date,end_date,event_duration_days,months_touched,event_crosses_month,event_crosses_year,peak_day_date,peak_metric_value,peak_day_threshold_value,days_in_event,imputed_days_in_event,pct_event_days_imputed,temperature_imputation_pct,fully_imputed_county,data_complete,review_reason,disposition
TX,TMAX_P85_2D__month_pm7,TMAX_P85_2D,TMAX,85,2,month_pm7,48_321_2023_009_TMAX_P85_2D,48321,Matagorda,Upper Coast,2023-07-09,2023-09-15,69,3,True,False,2023-08-27,103.94,94.01,69,0,0.0,0.0,False,True,long event,"RETAINED - flagged for review, not deleted"
TX,TMAX_P85_3D__month_pm7,TMAX_P85_3D,TMAX,85,3,month_pm7,48_321_2023_007_TMAX_P85_3D,48321,Matagorda,Upper Coast,2023-07-09,2023-09-15,69,3,True,False,2023-08-27,103.94,94.01,69,0,0.0,0.0,False,True,long event,"RETAINED - flagged for review, not deleted"
TX,TMAX_P85_2D__month,TMAX_P85_2D,TMAX,85,2,month,48_201_2023_013_TMAX_P85_2D,48201,Harris,Upper Coast,2023-07-10,2023-09-13,66,3,True,False,2023-08-27,109.7,97.64,66,0,0.0,0.0,False,True,long event,"RETAINED - flagged for review, not deleted"
TX,TMAX_P85_2D__month,TMAX_P85_2D,TMAX,85,2,month,48_245_2023_011_TMAX_P85_2D,48245,Jefferson,Upper Coast,2023-07-10,2023-09-13,66,3,True,False,2023-08-27,107.36,95.5,66,0,0.0,0.0,False,True,long event,"RETAINED - flagged for review, not deleted"
TX,TMAX_P85_2D__month_pm7,TMAX_P85_2D,TMAX,85,2,month_pm7,48_201_2023_011_TMAX_P85_2D,48201,Harris,Upper Coast,2023-07-10,2023-09-13,66,3,True,False,2023-08-27,109.7,97.34,66,0,0.0,0.0,False,True,long event,"RETAINED - flagged for review, not deleted"
TX,TMAX_P85_2D__w05,TMAX_P85_2D,TMAX,85,2,w05,48_201_2023_013_TMAX_P85_2D,48201,Harris,Upper Coast,2023-07-10,2023-09-13,66,3,True,False,2023-08-27,109.7,96.76,66,0,0.0,0.0,False,True,long event,"RETAINED - flagged for review, not deleted"
TX,TMAX_P85_2D__w15,TMAX_P85_2D,TMAX,85,2,w15,48_201_2023_013_TMAX_P85_2D,48201,Harris,Upper Coast,2023-07-10,2023-09-13,66,3,True,False,2023-08-27,109.7,97.04,66,0,0.0,0.0,False,True,long event,"RETAINED - flagged for review, not deleted"
TX,TMAX_P85_3D__month,TMAX_P85_3D,TMAX,85,3,month,48_201_2023_006_TMAX_P85_3D,48201,Harris,Upper Coast,2023-07-10,2023-09-13,66,3,True,False,2023-08-27,109.7,97.64,66,0,0.0,0.0,False,True,long event,"RETAINED - flagged for review, not deleted"
TX,TMAX_P85_3D__month,TMAX_P85_3D,TMAX,85,3,month,48_245_2023_008_TMAX_P85_3D,48245,Jefferson,Upper Coast,2023-07-10,2023-09-13,66,3,True,False,2023-08-27,107.36,95.5,66,0,0.0,0.0,False,True,long event,"RETAINED - flagged for review, not deleted"
TX,TMAX_P85_3D__month_pm7,TMAX_P85_3D,TMAX,85,3,month_pm7,48_201_2023_006_TMAX_P85_3D,48201,Harris,Upper Coast,2023-07-10,2023-09-13,66,3,True,False,2023-08-27,109.7,97.34,66,0,0.0,0.0,False,True,long event,"RETAINED - flagged for review, not deleted"
TX,TMAX_P85_3D__w05,TMAX_P85_3D,TMAX,85,3,w05,48_201_2023_008_TMAX_P85_3D,48201,Harris,Upper Coast,2023-07-10,2023-09-13,66,3,True,False,2023-08-27,109.7,96.76,66,0,0.0,0.0,False,True,long event,"RETAINED - flagged for review, not deleted"
TX,TMAX_P85_3D__w15,TMAX_P85_3D,TMAX,85,3,w15,48_201_2023_007_TMAX_P85_3D,48201,Harris,Upper Coast,2023-07-10,2023-09-13,66,3,True,False,2023-08-27,109.7,97.04,66,0,0.0,0.0,False,True,long event,"RETAINED - flagged for review, not deleted"
TX,TMIN_P85_2D__month,TMIN_P85_2D,TMIN,85,2,month,48_377_2023_021_TMIN_P85_2D,48377,Presidio,Trans-Pecos,2023-06-17,2023-08-21,66,3,True,False,2023-08-09,87.08,71.72,66,0,0.0,2.2,False,True,long event,"RETAINED - flagged for review, not deleted"
TX,TMIN_P85_2D__month_pm7,TMIN_P85_2D,TMIN,85,2,month_pm7,48_377_2023_019_TMIN_P85_2D,48377,Presidio,Trans-Pecos,2023-06-17,2023-08-21,66,3,True,False,2023-08-09,87.08,71.51,66,0,0.0,2.2,False,True,long event,"RETAINED - flagged for review, not deleted"
TX,TMIN_P85_2D__w15,TMIN_P85_2D,TMIN,85,2,w15,48_377_2023_017_TMIN_P85_2D,48377,Presidio,Trans-Pecos,2023-06-17,2023-08-21,66,3,True,False,2023-08-09,87.08,72.5,66,0,0.0,2.2,False,True,long event,"RETAINED - flagged for review, not deleted"
TX,TMIN_P85_3D__month,TMIN_P85_3D,TMIN,85,3,month,48_377_2023_013_TMIN_P85_3D,48377,Presidio,Trans-Pecos,2023-06-17,2023-08-21,66,3,True,False,2023-08-09,87.08,71.72,66,0,0.0,2.2,False,True,long event,"RETAINED - flagged for review, not deleted"
TX,TMIN_P85_3D__month_pm7,TMIN_P85_3D,TMIN,85,3,month_pm7,48_377_2023_011_TMIN_P85_3D,48377,Presidio,Trans-Pecos,2023-06-17,2023-08-21,66,3,True,False,2023-08-09,87.08,71.51,66,0,0.0,2.2,False,True,long event,"RETAINED - flagged for review, not deleted"
TX,TMIN_P85_3D__w15,TMIN_P85_3D,TMIN,85,3,w15,48_377_2023_013_TMIN_P85_3D,48377,Presidio,Trans-Pecos,2023-06-17,2023-08-21,66,3,True,False,2023-08-09,87.08,72.5,66,0,0.0,2.2,False,True,long event,"RETAINED - flagged for review, not deleted"
TX,TMAX_P85_2D__w05,TMAX_P85_2D,TMAX,85,2,w05,48_319_2023_015_TMAX_P85_2D,48319,Mason,Edwards Plateau,2023-07-09,2023-09-11,65,3,True,False,2023-08-17,110.48,100.04,65,0,0.0,0.0,False,True,long event,"RETAINED - flagged for review, not deleted"
TX,TMAX_P85_2D__w05,TMAX_P85_2D,TMAX,85,2,w05,48_473_2023_015_TMAX_P85_2D,48473,Waller,East Texas,2023-07-10,2023-09-12,65,3,True,False,2023-08-27,105.71,98.0,65,65,100.0,100.0,True,False,long event AND >=50% imputed days,"RETAINED - flagged for review, not deleted"
TX,TMAX_P85_2D__w15,TMAX_P85_2D,TMAX,85,2,w15,48_319_2023_014_TMAX_P85_2D,48319,Mason,Edwards Plateau,2023-07-09,2023-09-11,65,3,True,False,2023-08-17,110.48,100.49,65,0,0.0,0.0,False,True,long event,"RETAINED - flagged for review, not deleted"
TX,TMAX_P85_3D__w05,TMAX_P85_3D,TMAX,85,3,w05,48_319_2023_010_TMAX_P85_3D,48319,Mason,Edwards Plateau,2023-07-09,2023-09-11,65,3,True,False,2023-08-17,110.48,100.04,65,0,0.0,0.0,False,True,long event,"RETAINED - flagged for review, not deleted"
TX,TMAX_P85_3D__w05,TMAX_P85_3D,TMAX,85,3,w05,48_473_2023_012_TMAX_P85_3D,48473,Waller,East Texas,2023-07-10,2023-09-12,65,3,True,False,2023-08-27,105.71,98.0,65,65,100.0,100.0,True,False,long event AND >=50% imputed days,"RETAINED - flagged for review, not deleted"
TX,TMAX_P85_3D__w15,TMAX_P85_3D,TMAX,85,3,w15,48_319_2023_010_TMAX_P85_3D,48319,Mason,Edwards Plateau,2023-07-09,2023-09-11,65,3,True,False,2023-08-17,110.48,100.49,65,0,0.0,0.0,False,True,long event,"RETAINED - flagged for review, not deleted"
TX,TMAX_P85_2D__month,TMAX_P85_2D,TMAX,85,2,month,48_319_2023_012_TMAX_P85_2D,48319,Mason,Edwards Plateau,2023-07-09,2023-08-28,51,2,True,False,2023-08-17,110.48,100.04,51,0,0.0,0.0,False,True,long event,"RETAINED - flagged for review, not deleted"
TX,TMAX_P85_2D__month_pm7,TMAX_P85_2D,TMAX,85,2,month_pm7,48_319_2023_012_TMAX_P85_2D,48319,Mason,Edwards Plateau,2023-07-09,2023-08-28,51,2,True,False,2023-08-17,110.48,100.04,51,0,0.0,0.0,False,True,long event,"RETAINED - flagged for review, not deleted"
TX,TMAX_P85_2D__w05,TMAX_P85_2D,TMAX,85,2,w05,48_291_2023_012_TMAX_P85_2D,48291,Liberty,Upper Coast,2023-07-09,2023-08-28,51,2,True,False,2023-08-20,107.72,97.34,51,0,0.0,0.0,False,True,long event,"RETAINED - flagged for review, not deleted"
TX,TMAX_P85_2D__w05,TMAX_P85_2D,TMAX,85,2,w05,48_471_2023_012_TMAX_P85_2D,48471,Walker,East Texas,2023-07-09,2023-08-28,51,2,True,False,2023-08-20,107.96,98.96,51,0,0.0,0.0,False,True,long event,"RETAINED - flagged for review, not deleted"
TX,TMAX_P85_3D__month,TMAX_P85_3D,TMAX,85,3,month,48_319_2023_009_TMAX_P85_3D,48319,Mason,Edwards Plateau,2023-07-09,2023-08-28,51,2,True,False,2023-08-17,110.48,100.04,51,0,0.0,0.0,False,True,long event,"RETAINED - flagged for review, not deleted"
TX,TMAX_P85_3D__month_pm7,TMAX_P85_3D,TMAX,85,3,month_pm7,48_319_2023_009_TMAX_P85_3D,48319,Mason,Edwards Plateau,2023-07-09,2023-08-28,51,2,True,False,2023-08-17,110.48,100.04,51,0,0.0,0.0,False,True,long event,"RETAINED - flagged for review, not deleted"
TX,TMAX_P85_3D__w05,TMAX_P85_3D,TMAX,85,3,w05,48_291_2023_008_TMAX_P85_3D,48291,Liberty,Upper Coast,2023-07-09,2023-08-28,51,2,True,False,2023-08-20,107.72,97.34,51,0,0.0,0.0,False,True,long event,"RETAINED - flagged for review, not deleted"
TX,TMAX_P85_3D__w05,TMAX_P85_3D,TMAX,85,3,w05,48_471_2023_011_TMAX_P85_3D,48471,Walker,East Texas,2023-07-09,2023-08-28,51,2,True,False,2023-08-20,107.96,98.96,51,0,0.0,0.0,False,True,long event,"RETAINED - flagged for review, not deleted"
TX,TMAX_P85_2D__month,TMAX_P85_2D,TMAX,85,2,month,48_339_2023_010_TMAX_P85_2D,48339,Montgomery,East Texas,2023-07-09,2023-08-27,50,2,True,False,2023-08-27,109.18,98.96,50,0,0.0,0.0,False,True,long event,"RETAINED - flagged for review, not deleted"
TX,TMAX_P85_2D__month,TMAX_P85_2D,TMAX,85,2,month,48_473_2023_012_TMAX_P85_2D,48473,Waller,East Texas,2023-07-10,2023-08-28,50,2,True,False,2023-08-27,105.71,98.64,50,50,100.0,100.0,True,False,long event AND >=50% imputed days,"RETAINED - flagged for review, not deleted"
TX,TMAX_P85_2D__month_pm7,TMAX_P85_2D,TMAX,85,2,month_pm7,48_291_2023_010_TMAX_P85_2D,48291,Liberty,Upper Coast,2023-07-10,2023-08-28,50,2,True,False,2023-08-20,107.72,96.74,50,0,0.0,0.0,False,True,long event,"RETAINED - flagged for review, not deleted"
TX,TMAX_P85_2D__w05,TMAX_P85_2D,TMAX,85,2,w05,48_407_2023_014_TMAX_P85_2D,48407,San Jacinto,East Texas,2023-07-10,2023-08-28,50,2,True,False,2023-08-20,106.6,100.04,50,50,100.0,100.0,True,False,long event AND >=50% imputed days,"RETAINED - flagged for review, not deleted"
TX,TMAX_P85_2D__w15,TMAX_P85_2D,TMAX,85,2,w15,48_339_2023_013_TMAX_P85_2D,48339,Montgomery,East Texas,2023-07-09,2023-08-27,50,2,True,False,2023-08-27,109.18,98.32,50,0,0.0,0.0,False,True,long event,"RETAINED - flagged for review, not deleted"
TX,TMAX_P85_2D__w15,TMAX_P85_2D,TMAX,85,2,w15,48_407_2023_013_TMAX_P85_2D,48407,San Jacinto,East Texas,2023-07-10,2023-08-28,50,2,True,False,2023-08-20,106.6,98.96,50,50,100.0,100.0,True,False,long event AND >=50% imputed days,"RETAINED - flagged for review, not deleted"
TX,TMAX_P85_2D__w15,TMAX_P85_2D,TMAX,85,2,w15,48_473_2023_014_TMAX_P85_2D,48473,Waller,East Texas,2023-07-10,2023-08-28,50,2,True,False,2023-08-27,105.71,98.14,50,50,100.0,100.0,True,False,long event AND >=50% imputed days,"RETAINED - flagged for review, not deleted"
TX,TMAX_P85_3D__month,TMAX_P85_3D,TMAX,85,3,month,48_339_2023_006_TMAX_P85_3D,48339,Montgomery,East Texas,2023-07-09,2023-08-27,50,2,True,False,2023-08-27,109.18,98.96,50,0,0.0,0.0,False,True,long event,"RETAINED - flagged for review, not deleted"
TX,TMAX_P85_3D__month,TMAX_P85_3D,TMAX,85,3,month,48_473_2023_010_TMAX_P85_3D,48473,Waller,East Texas,2023-07-10,2023-08-28,50,2,True,False,2023-08-27,105.71,98.64,50,50,100.0,100.0,True,False,long event AND >=50% imputed days,"RETAINED - flagged for review, not deleted"
TX,TMAX_P85_3D__month_pm7,TMAX_P85_3D,TMAX,85,3,month_pm7,48_291_2023_006_TMAX_P85_3D,48291,Liberty,Upper Coast,2023-07-10,2023-08-28,50,2,True,False,2023-08-20,107.72,96.74,50,0,0.0,0.0,False,True,long event,"RETAINED - flagged for review, not deleted"
TX,TMAX_P85_3D__w05,TMAX_P85_3D,TMAX,85,3,w05,48_407_2023_011_TMAX_P85_3D,48407,San Jacinto,East Texas,2023-07-10,2023-08-28,50,2,True,False,2023-08-20,106.6,100.04,50,50,100.0,100.0,True,False,long event AND >=50% imputed days,"RETAINED - flagged for review, not deleted"
TX,TMAX_P85_3D__w15,TMAX_P85_3D,TMAX,85,3,w15,48_339_2023_007_TMAX_P85_3D,48339,Montgomery,East Texas,2023-07-09,2023-08-27,50,2,True,False,2023-08-27,109.18,98.32,50,0,0.0,0.0,False,True,long event,"RETAINED - flagged for review, not deleted"
TX,TMAX_P85_3D__w15,TMAX_P85_3D,TMAX,85,3,w15,48_407_2023_010_TMAX_P85_3D,48407,San Jacinto,East Texas,2023-07-10,2023-08-28,50,2,True,False,2023-08-20,106.6,98.96,50,50,100.0,100.0,True,False,long event AND >=50% imputed days,"RETAINED - flagged for review, not deleted"
TX,TMAX_P85_3D__w15,TMAX_P85_3D,TMAX,85,3,w15,48_473_2023_012_TMAX_P85_3D,48473,Waller,East Texas,2023-07-10,2023-08-28,50,2,True,False,2023-08-27,105.71,98.14,50,50,100.0,100.0,True,False,long event AND >=50% imputed days,"RETAINED - flagged for review, not deleted"
TX,TMIN_P85_2D__w05,TMIN_P85_2D,TMIN,85,2,w05,48_377_2023_017_TMIN_P85_2D,48377,Presidio,Trans-Pecos,2023-07-03,2023-08-21,50,2,True,False,2023-08-09,87.08,73.13,50,0,0.0,2.2,False,True,long event,"RETAINED - flagged for review, not deleted"
TX,TMIN_P85_3D__w05,TMIN_P85_3D,TMIN,85,3,w05,48_377_2023_015_TMIN_P85_3D,48377,Presidio,Trans-Pecos,2023-07-03,2023-08-21,50,2,True,False,2023-08-09,87.08,73.13,50,0,0.0,2.2,False,True,long event,"RETAINED - flagged for review, not deleted"
TX,TMAX_P85_2D__month,TMAX_P85_2D,TMAX,85,2,month,48_041_2023_013_TMAX_P85_2D,48041,Brazos,East Texas,2023-07-10,2023-08-27,49,2,True,False,2023-08-20,111.92,100.94,49,0,0.0,0.1,False,True,long event,"RETAINED - flagged for review, not deleted"
TX,TMAX_P85_2D__month,TMAX_P85_2D,TMAX,85,2,month,48_185_2023_013_TMAX_P85_2D,48185,Grimes,East Texas,2023-07-10,2023-08-27,49,2,True,False,2023-08-20,106.98,99.11,49,49,100.0,100.0,True,False,long event AND >=50% imputed days,"RETAINED - flagged for review, not deleted"
TX,TMAX_P85_2D__month,TMAX_P85_2D,TMAX,85,2,month,48_471_2023_010_TMAX_P85_2D,48471,Walker,East Texas,2023-07-11,2023-08-28,49,2,True,False,2023-08-20,107.96,98.95,49,0,0.0,0.0,False,True,long event,"RETAINED - flagged for review, not deleted"
TX,TMAX_P85_2D__month_pm7,TMAX_P85_2D,TMAX,85,2,month_pm7,48_041_2023_013_TMAX_P85_2D,48041,Brazos,East Texas,2023-07-10,2023-08-27,49,2,True,False,2023-08-20,111.92,100.94,49,0,0.0,0.1,False,True,long event,"RETAINED - flagged for review, not deleted"
TX,TMAX_P85_2D__month_pm7,TMAX_P85_2D,TMAX,85,2,month_pm7,48_471_2023_010_TMAX_P85_2D,48471,Walker,East Texas,2023-07-11,2023-08-28,49,2,True,False,2023-08-20,107.96,98.51,49,0,0.0,0.0,False,True,long event,"RETAINED - flagged for review, not deleted"
TX,TMAX_P85_2D__month_pm7,TMAX_P85_2D,TMAX,85,2,month_pm7,48_473_2023_012_TMAX_P85_2D,48473,Waller,East Texas,2023-07-11,2023-08-28,49,2,True,False,2023-08-27,105.71,98.42,49,49,100.0,100.0,True,False,long event AND >=50% imputed days,"RETAINED - flagged for review, not deleted"
TX,TMAX_P85_2D__w05,TMAX_P85_2D,TMAX,85,2,w05,48_185_2023_014_TMAX_P85_2D,48185,Grimes,East Texas,2023-07-10,2023-08-27,49,2,True,False,2023-08-20,106.98,99.16,49,49,100.0,100.0,True,False,long event AND >=50% imputed days,"RETAINED - flagged for review, not deleted"
TX,TMAX_P85_2D__w15,TMAX_P85_2D,TMAX,85,2,w15,48_015_2023_012_TMAX_P85_2D,48015,Austin,South Central,2023-07-11,2023-08-28,49,2,True,False,2023-08-28,109.04,98.65,49,20,40.8,23.9,False,False,long event,"RETAINED - flagged for review, not deleted"
TX,TMAX_P85_2D__w15,TMAX_P85_2D,TMAX,85,2,w15,48_185_2023_013_TMAX_P85_2D,48185,Grimes,East Texas,2023-07-10,2023-08-27,49,2,True,False,2023-08-20,106.98,98.99,49,49,100.0,100.0,True,False,long event AND >=50% imputed days,"RETAINED - flagged for review, not deleted"
TX,TMAX_P85_2D__w15,TMAX_P85_2D,TMAX,85,2,w15,48_471_2023_012_TMAX_P85_2D,48471,Walker,East Texas,2023-07-11,2023-08-28,49,2,True,False,2023-08-20,107.96,98.95,49,0,0.0,0.0,False,True,long event,"RETAINED - flagged for review, not deleted"
TX,TMAX_P85_3D__month,TMAX_P85_3D,TMAX,85,3,month,48_041_2023_007_TMAX_P85_3D,48041,Brazos,East Texas,2023-07-10,2023-08-27,49,2,True,False,2023-08-20,111.92,100.94,49,0,0.0,0.1,False,True,long event,"RETAINED - flagged for review, not deleted"
TX,TMAX_P85_3D__month,TMAX_P85_3D,TMAX,85,3,month,48_185_2023_010_TMAX_P85_3D,48185,Grimes,East Texas,2023-07-10,2023-08-27,49,2,True,False,2023-08-20,106.98,99.11,49,49,100.0,100.0,True,False,long event AND >=50% imputed days,"RETAINED - flagged for review, not deleted"
TX,TMAX_P85_3D__month,TMAX_P85_3D,TMAX,85,3,month,48_471_2023_008_TMAX_P85_3D,48471,Walker,East Texas,2023-07-11,2023-08-28,49,2,True,False,2023-08-20,107.96,98.95,49,0,0.0,0.0,False,True,long event,"RETAINED - flagged for review, not deleted"
TX,TMAX_P85_3D__month_pm7,TMAX_P85_3D,TMAX,85,3,month_pm7,48_041_2023_006_TMAX_P85_3D,48041,Brazos,East Texas,2023-07-10,2023-08-27,49,2,True,False,2023-08-20,111.92,100.94,49,0,0.0,0.1,False,True,long event,"RETAINED - flagged for review, not deleted"
TX,TMAX_P85_3D__month_pm7,TMAX_P85_3D,TMAX,85,3,month_pm7,48_471_2023_008_TMAX_P85_3D,48471,Walker,East Texas,2023-07-11,2023-08-28,49,2,True,False,2023-08-20,107.96,98.51,49,0,0.0,0.0,False,True,long event,"RETAINED - flagged for review, not deleted"
TX,TMAX_P85_3D__month_pm7,TMAX_P85_3D,TMAX,85,3,month_pm7,48_473_2023_009_TMAX_P85_3D,48473,Waller,East Texas,2023-07-11,2023-08-28,49,2,True,False,2023-08-27,105.71,98.42,49,49,100.0,100.0,True,False,long event AND >=50% imputed days,"RETAINED - flagged for review, not deleted"
TX,TMAX_P85_3D__w05,TMAX_P85_3D,TMAX,85,3,w05,48_185_2023_010_TMAX_P85_3D,48185,Grimes,East Texas,2023-07-10,2023-08-27,49,2,True,False,2023-08-20,106.98,99.16,49,49,100.0,100.0,True,False,long event AND >=50% imputed days,"RETAINED - flagged for review, not deleted"
TX,TMAX_P85_3D__w15,TMAX_P85_3D,TMAX,85,3,w15,48_015_2023_009_TMAX_P85_3D,48015,Austin,South Central,2023-07-11,2023-08-28,49,2,True,False,2023-08-28,109.04,98.65,49,20,40.8,23.9,False,False,long event,"RETAINED - flagged for review, not deleted"
TX,TMAX_P85_3D__w15,TMAX_P85_3D,TMAX,85,3,w15,48_185_2023_010_TMAX_P85_3D,48185,Grimes,East Texas,2023-07-10,2023-08-27,49,2,True,False,2023-08-20,106.98,98.99,49,49,100.0,100.0,True,False,long event AND >=50% imputed days,"RETAINED - flagged for review, not deleted"
TX,TMAX_P85_3D__w15,TMAX_P85_3D,TMAX,85,3,w15,48_471_2023_010_TMAX_P85_3D,48471,Walker,East Texas,2023-07-11,2023-08-28,49,2,True,False,2023-08-20,107.96,98.95,49,0,0.0,0.0,False,True,long event,"RETAINED - flagged for review, not deleted"
TX,MHI_P85_2D__month,MHI_P85_2D,MHI,85,2,month,48_377_2023_014_MHI_P85_2D,48377,Presidio,Trans-Pecos,2023-07-05,2023-08-21,48,2,True,False,2023-07-13,99.55,87.57,48,0,0.0,2.2,False,True,long event,"RETAINED - flagged for review, not deleted"
TX,MHI_P85_2D__month_pm7,MHI_P85_2D,MHI,85,2,month_pm7,48_377_2023_012_MHI_P85_2D,48377,Presidio,Trans-Pecos,2023-07-05,2023-08-21,48,2,True,False,2023-07-13,99.55,87.38,48,0,0.0,2.2,False,True,long event,"RETAINED - flagged for review, not deleted"
TX,MHI_P85_2D__w05,MHI_P85_2D,MHI,85,2,w05,48_377_2023_017_MHI_P85_2D,48377,Presidio,Trans-Pecos,2023-07-05,2023-08-21,48,2,True,False,2023-07-13,99.55,87.38,48,0,0.0,2.2,False,True,long event,"RETAINED - flagged for review, not deleted"
TX,MHI_P85_2D__w15,MHI_P85_2D,MHI,85,2,w15,48_377_2023_016_MHI_P85_2D,48377,Presidio,Trans-Pecos,2023-07-05,2023-08-21,48,2,True,False,2023-07-13,99.55,87.61,48,0,0.0,2.2,False,True,long event,"RETAINED - flagged for review, not deleted"
TX,MHI_P90_2D__month,MHI_P90_2D,MHI,90,2,month,48_377_2023_012_MHI_P90_2D,48377,Presidio,Trans-Pecos,2023-07-05,2023-08-21,48,2,True,False,2023-07-13,99.55,88.58,48,0,0.0,2.2,False,True,long event,"RETAINED - flagged for review, not deleted"
TX,MHI_P90_2D__month_pm7,MHI_P90_2D,MHI,90,2,month_pm7,48_377_2023_012_MHI_P90_2D,48377,Presidio,Trans-Pecos,2023-07-05,2023-08-21,48,2,True,False,2023-07-13,99.55,88.5,48,0,0.0,2.2,False,True,long event,"RETAINED - flagged for review, not deleted"
TX,MHI_P90_2D__w05,MHI_P90_2D,MHI,90,2,w05,48_377_2023_016_MHI_P90_2D,48377,Presidio,Trans-Pecos,2023-07-05,2023-08-21,48,2,True,False,2023-07-13,99.55,88.51,48,0,0.0,2.2,False,True,long event,"RETAINED - flagged for review, not deleted"
TX,MHI_P90_2D__w15,MHI_P90_2D,MHI,90,2,w15,48_377_2023_016_MHI_P90_2D,48377,Presidio,Trans-Pecos,2023-07-05,2023-08-21,48,2,True,False,2023-07-13,99.55,88.85,48,0,0.0,2.2,False,True,long event,"RETAINED - flagged for review, not deleted"
TX,MHI_P90_3D__month,MHI_P90_3D,MHI,90,3,month,48_377_2023_006_MHI_P90_3D,48377,Presidio,Trans-Pecos,2023-07-05,2023-08-21,48,2,True,False,2023-07-13,99.55,88.58,48,0,0.0,2.2,False,True,long event,"RETAINED - flagged for review, not deleted"
TX,MHI_P90_3D__month_pm7,MHI_P90_3D,MHI,90,3,month_pm7,48_377_2023_006_MHI_P90_3D,48377,Presidio,Trans-Pecos,2023-07-05,2023-08-21,48,2,True,False,2023-07-13,99.55,88.5,48,0,0.0,2.2,False,True,long event,"RETAINED - flagged for review, not deleted"
TX,MHI_P90_3D__w05,MHI_P90_3D,MHI,90,3,w05,48_377_2023_006_MHI_P90_3D,48377,Presidio,Trans-Pecos,2023-07-05,2023-08-21,48,2,True,False,2023-07-13,99.55,88.51,48,0,0.0,2.2,False,True,long event,"RETAINED - flagged for review, not deleted"
TX,MHI_P90_3D__w15,MHI_P90_3D,MHI,90,3,w15,48_377_2023_008_MHI_P90_3D,48377,Presidio,Trans-Pecos,2023-07-05,2023-08-21,48,2,True,False,2023-07-13,99.55,88.85,48,0,0.0,2.2,False,True,long event,"RETAINED - flagged for review, not deleted"
TX,MHI_P95_2D__w05,MHI_P95_2D,MHI,95,2,w05,48_377_2023_011_MHI_P95_2D,48377,Presidio,Trans-Pecos,2023-07-05,2023-08-21,48,2,True,False,2023-07-13,99.55,91.08,48,0,0.0,2.2,False,True,long event,"RETAINED - flagged for review, not deleted"
TX,TMAX_P85_2D__month_pm7,TMAX_P85_2D,TMAX,85,2,month_pm7,48_185_2023_013_TMAX_P85_2D,48185,Grimes,East Texas,2023-07-11,2023-08-27,48,2,True,False,2023-08-20,106.98,98.95,48,48,100.0,100.0,True,False,long event AND >=50% imputed days,"RETAINED - flagged for review, not deleted"
TX,TMAX_P85_3D__month_pm7,TMAX_P85_3D,TMAX,85,3,month_pm7,48_185_2023_010_TMAX_P85_3D,48185,Grimes,East Texas,2023-07-11,2023-08-27,48,2,True,False,2023-08-20,106.98,98.95,48,48,100.0,100.0,True,False,long event AND >=50% imputed days,"RETAINED - flagged for review, not deleted"
TX,TMAX_P90_2D__month,TMAX_P90_2D,TMAX,90,2,month,48_473_2023_012_TMAX_P90_2D,48473,Waller,East Texas,2023-07-12,2023-08-28,48,2,True,False,2023-08-27,105.71,99.29,48,48,100.0,100.0,True,False,long event AND >=50% imputed days,"RETAINED - flagged for review, not deleted"
TX,TMAX_P90_2D__month_pm7,TMAX_P90_2D,TMAX,90,2,month_pm7,48_471_2023_007_TMAX_P90_2D,48471,Walker,East Texas,2023-07-12,2023-08-28,48,2,True,False,2023-08-20,107.96,99.05,48,0,0.0,0.0,False,True,long event,"RETAINED - flagged for review, not deleted"
TX,TMAX_P90_2D__w05,TMAX_P90_2D,TMAX,90,2,w05,48_473_2023_013_TMAX_P90_2D,48473,Waller,East Texas,2023-07-12,2023-08-28,48,2,True,False,2023-08-27,105.71,98.63,48,48,100.0,100.0,True,False,long event AND >=50% imputed days,"RETAINED - flagged for review, not deleted"
TX,TMAX_P90_3D__month,TMAX_P90_3D,TMAX,90,3,month,48_473_2023_010_TMAX_P90_3D,48473,Waller,East Texas,2023-07-12,2023-08-28,48,2,True,False,2023-08-27,105.71,99.29,48,48,100.0,100.0,True,False,long event AND >=50% imputed days,"RETAINED - flagged for review, not deleted"
TX,TMAX_P90_3D__month_pm7,TMAX_P90_3D,TMAX,90,3,month_pm7,48_471_2023_005_TMAX_P90_3D,48471,Walker,East Texas,2023-07-12,2023-08-28,48,2,True,False,2023-08-20,107.96,99.05,48,0,0.0,0.0,False,True,long event,"RETAINED - flagged for review, not deleted"
TX,TMAX_P90_3D__w05,TMAX_P90_3D,TMAX,90,3,w05,48_473_2023_011_TMAX_P90_3D,48473,Waller,East Texas,2023-07-12,2023-08-28,48,2,True,False,2023-08-27,105.71,98.63,48,48,100.0,100.0,True,False,long event AND >=50% imputed days,"RETAINED - flagged for review, not deleted"
TX,TMIN_P90_2D__month,TMIN_P90_2D,TMIN,90,2,month,48_377_2023_015_TMIN_P90_2D,48377,Presidio,Trans-Pecos,2023-07-05,2023-08-21,48,2,True,False,2023-08-09,87.08,73.04,48,0,0.0,2.2,False,True,long event,"RETAINED - flagged for review, not deleted"
TX,TMIN_P90_2D__month_pm7,TMIN_P90_2D,TMIN,90,2,month_pm7,48_377_2023_013_TMIN_P90_2D,48377,Presidio,Trans-Pecos,2023-07-05,2023-08-21,48,2,True,False,2023-08-09,87.08,72.73,48,0,0.0,2.2,False,True,long event,"RETAINED - flagged for review, not deleted"
TX,TMIN_P90_2D__w05,TMIN_P90_2D,TMIN,90,2,w05,48_377_2023_016_TMIN_P90_2D,48377,Presidio,Trans-Pecos,2023-07-05,2023-08-21,48,2,True,False,2023-08-09,87.08,74.53,48,0,0.0,2.2,False,True,long event,"RETAINED - flagged for review, not deleted"
TX,TMIN_P90_2D__w15,TMIN_P90_2D,TMIN,90,2,w15,48_377_2023_016_TMIN_P90_2D,48377,Presidio,Trans-Pecos,2023-07-05,2023-08-21,48,2,True,False,2023-08-09,87.08,73.95,48,0,0.0,2.2,False,True,long event,"RETAINED - flagged for review, not deleted"
TX,TMIN_P90_3D__month,TMIN_P90_3D,TMIN,90,3,month,48_377_2023_010_TMIN_P90_3D,48377,Presidio,Trans-Pecos,2023-07-05,2023-08-21,48,2,True,False,2023-08-09,87.08,73.04,48,0,0.0,2.2,False,True,long event,"RETAINED - flagged for review, not deleted"
TX,TMIN_P90_3D__month_pm7,TMIN_P90_3D,TMIN,90,3,month_pm7,48_377_2023_009_TMIN_P90_3D,48377,Presidio,Trans-Pecos,2023-07-05,2023-08-21,48,2,True,False,2023-08-09,87.08,72.73,48,0,0.0,2.2,False,True,long event,"RETAINED - flagged for review, not deleted"
TX,TMIN_P90_3D__w05,TMIN_P90_3D,TMIN,90,3,w05,48_377_2023_011_TMIN_P90_3D,48377,Presidio,Trans-Pecos,2023-07-05,2023-08-21,48,2,True,False,2023-08-09,87.08,74.53,48,0,0.0,2.2,False,True,long event,"RETAINED - flagged for review, not deleted"
TX,TMIN_P90_3D__w15,TMIN_P90_3D,TMIN,90,3,w15,48_377_2023_012_TMIN_P90_3D,48377,Presidio,Trans-Pecos,2023-07-05,2023-08-21,48,2,True,False,2023-08-09,87.08,73.95,48,0,0.0,2.2,False,True,long event,"RETAINED - flagged for review, not deleted"
TX,TMIN_P95_2D__month,TMIN_P95_2D,TMIN,95,2,month,48_377_2023_012_TMIN_P95_2D,48377,Presidio,Trans-Pecos,2023-07-05,2023-08-21,48,2,True,False,2023-08-09,87.08,75.27,48,0,0.0,2.2,False,True,long event,"RETAINED - flagged for review, not deleted"
TX,TMIN_P95_2D__month_pm7,TMIN_P95_2D,TMIN,95,2,month_pm7,48_377_2023_010_TMIN_P95_2D,48377,Presidio,Trans-Pecos,2023-07-05,2023-08-21,48,2,True,False,2023-08-09,87.08,74.93,48,0,0.0,2.2,False,True,long event,"RETAINED - flagged for review, not deleted"
TX,TMIN_P95_2D__w05,TMIN_P95_2D,TMIN,95,2,w05,48_377_2023_013_TMIN_P95_2D,48377,Presidio,Trans-Pecos,2023-07-05,2023-08-21,48,2,True,False,2023-08-09,87.08,76.57,48,0,0.0,2.2,False,True,long event,"RETAINED - flagged for review, not deleted"
TX,TMIN_P95_2D__w15,TMIN_P95_2D,TMIN,95,2,w15,48_377_2023_011_TMIN_P95_2D,48377,Presidio,Trans-Pecos,2023-07-05,2023-08-21,48,2,True,False,2023-08-09,87.08,76.01,48,0,0.0,2.2,False,True,long event,"RETAINED - flagged for review, not deleted"
TX,TMIN_P95_3D__month,TMIN_P95_3D,TMIN,95,3,month,48_377_2023_004_TMIN_P95_3D,48377,Presidio,Trans-Pecos,2023-07-05,2023-08-21,48,2,True,False,2023-08-09,87.08,75.27,48,0,0.0,2.2,False,True,long event,"RETAINED - flagged for review, not deleted"
TX,TMIN_P95_3D__month_pm7,TMIN_P95_3D,TMIN,95,3,month_pm7,48_377_2023_004_TMIN_P95_3D,48377,Presidio,Trans-Pecos,2023-07-05,2023-08-21,48,2,True,False,2023-08-09,87.08,74.93,48,0,0.0,2.2,False,True,long event,"RETAINED - flagged for review, not deleted"
TX,TMIN_P95_3D__w05,TMIN_P95_3D,TMIN,95,3,w05,48_377_2023_006_TMIN_P95_3D,48377,Presidio,Trans-Pecos,2023-07-05,2023-08-21,48,2,True,False,2023-08-09,87.08,76.57,48,0,0.0,2.2,False,True,long event,"RETAINED - flagged for review, not deleted"
TX,TMIN_P95_3D__w15,TMIN_P95_3D,TMIN,95,3,w15,48_377_2023_005_TMIN_P95_3D,48377,Presidio,Trans-Pecos,2023-07-05,2023-08-21,48,2,True,False,2023-08-09,87.08,76.01,48,0,0.0,2.2,False,True,long event,"RETAINED - flagged for review, not deleted"
TX,TMAX_P85_2D__month,TMAX_P85_2D,TMAX,85,2,month,48_015_2023_012_TMAX_P85_2D,48015,Austin,South Central,2023-07-13,2023-08-28,47,2,True,False,2023-08-28,109.04,98.96,47,20,42.6,23.9,False,False,long event,"RETAINED - flagged for review, not deleted"
TX,TMAX_P85_2D__month,TMAX_P85_2D,TMAX,85,2,month,48_407_2023_012_TMAX_P85_2D,48407,San Jacinto,East Texas,2023-07-12,2023-08-27,47,2,True,False,2023-08-20,106.6,98.96,47,47,100.0,100.0,True,False,long event AND >=50% imputed days,"RETAINED - flagged for review, not deleted"
TX,TMAX_P85_2D__month,TMAX_P85_2D,TMAX,85,2,month,48_457_2023_010_TMAX_P85_2D,48457,Tyler,East Texas,2023-07-13,2023-08-28,47,2,True,False,2023-08-20,108.32,97.44,47,0,0.0,0.0,False,True,long event,"RETAINED - flagged for review, not deleted"
TX,TMAX_P85_2D__month_pm7,TMAX_P85_2D,TMAX,85,2,month_pm7,48_015_2023_011_TMAX_P85_2D,48015,Austin,South Central,2023-07-13,2023-08-28,47,2,True,False,2023-08-28,109.04,98.96,47,20,42.6,23.9,False,False,long event,"RETAINED - flagged for review, not deleted"
TX,TMAX_P85_2D__month_pm7,TMAX_P85_2D,TMAX,85,2,month_pm7,48_245_2023_012_TMAX_P85_2D,48245,Jefferson,Upper Coast,2023-07-29,2023-09-13,47,3,True,False,2023-08-27,107.36,95.27,47,0,0.0,0.0,False,True,long event,"RETAINED - flagged for review, not deleted"
TX,TMAX_P85_2D__month_pm7,TMAX_P85_2D,TMAX,85,2,month_pm7,48_339_2023_010_TMAX_P85_2D,48339,Montgomery,East Texas,2023-07-12,2023-08-27,47,2,True,False,2023-08-27,109.18,98.96,47,0,0.0,0.0,False,True,long event,"RETAINED - flagged for review, not deleted"
TX,TMAX_P85_2D__month_pm7,TMAX_P85_2D,TMAX,85,2,month_pm7,48_407_2023_012_TMAX_P85_2D,48407,San Jacinto,East Texas,2023-07-12,2023-08-27,47,2,True,False,2023-08-20,106.6,98.93,47,47,100.0,100.0,True,False,long event AND >=50% imputed days,"RETAINED - flagged for review, not deleted"
TX,TMAX_P85_2D__month_pm7,TMAX_P85_2D,TMAX,85,2,month_pm7,48_457_2023_010_TMAX_P85_2D,48457,Tyler,East Texas,2023-07-13,2023-08-28,47,2,True,False,2023-08-20,108.32,97.02,47,0,0.0,0.0,False,True,long event,"RETAINED - flagged for review, not deleted"
TX,TMAX_P85_2D__w05,TMAX_P85_2D,TMAX,85,2,w05,48_245_2023_012_TMAX_P85_2D,48245,Jefferson,Upper Coast,2023-07-29,2023-09-13,47,3,True,False,2023-08-27,107.36,95.38,47,0,0.0,0.0,False,True,long event,"RETAINED - flagged for review, not deleted"
TX,TMAX_P85_2D__w05,TMAX_P85_2D,TMAX,85,2,w05,48_339_2023_013_TMAX_P85_2D,48339,Montgomery,East Texas,2023-07-12,2023-08-27,47,2,True,False,2023-08-27,109.18,98.24,47,0,0.0,0.0,False,True,long event,"RETAINED - flagged for review, not deleted"
TX,TMAX_P85_2D__w05,TMAX_P85_2D,TMAX,85,2,w05,48_457_2023_014_TMAX_P85_2D,48457,Tyler,East Texas,2023-07-13,2023-08-28,47,2,True,False,2023-08-20,108.32,97.31,47,0,0.0,0.0,False,True,long event,"RETAINED - flagged for review, not deleted"
TX,TMAX_P85_2D__w15,TMAX_P85_2D,TMAX,85,2,w15,48_245_2023_013_TMAX_P85_2D,48245,Jefferson,Upper Coast,2023-07-29,2023-09-13,47,3,True,False,2023-08-27,107.36,95.27,47,0,0.0,0.0,False,True,long event,"RETAINED - flagged for review, not deleted"
TX,TMAX_P85_2D__w15,TMAX_P85_2D,TMAX,85,2,w15,48_373_2023_011_TMAX_P85_2D,48373,Polk,East Texas,2023-07-12,2023-08-27,47,2,True,False,2023-08-20,106.6,98.96,47,47,100.0,86.0,False,False,long event AND >=50% imputed days,"RETAINED - flagged for review, not deleted"
TX,TMAX_P85_2D__w15,TMAX_P85_2D,TMAX,85,2,w15,48_457_2023_012_TMAX_P85_2D,48457,Tyler,East Texas,2023-07-13,2023-08-28,47,2,True,False,2023-08-20,108.32,97.03,47,0,0.0,0.0,False,True,long event,"RETAINED - flagged for review, not deleted"
TX,TMAX_P85_3D__month,TMAX_P85_3D,TMAX,85,3,month,48_015_2023_008_TMAX_P85_3D,48015,Austin,South Central,2023-07-13,2023-08-28,47,2,True,False,2023-08-28,109.04,98.96,47,20,42.6,23.9,False,False,long event,"RETAINED - flagged for review, not deleted"
TX,TMAX_P85_3D__month,TMAX_P85_3D,TMAX,85,3,month,48_407_2023_010_TMAX_P85_3D,48407,San Jacinto,East Texas,2023-07-12,2023-08-27,47,2,True,False,2023-08-20,106.6,98.96,47,47,100.0,100.0,True,False,long event AND >=50% imputed days,"RETAINED - flagged for review, not deleted"
TX,TMAX_P85_3D__month,TMAX_P85_3D,TMAX,85,3,month,48_457_2023_009_TMAX_P85_3D,48457,Tyler,East Texas,2023-07-13,2023-08-28,47,2,True,False,2023-08-20,108.32,97.44,47,0,0.0,0.0,False,True,long event,"RETAINED - flagged for review, not deleted"
TX,TMAX_P85_3D__month_pm7,TMAX_P85_3D,TMAX,85,3,month_pm7,48_015_2023_008_TMAX_P85_3D,48015,Austin,South Central,2023-07-13,2023-08-28,47,2,True,False,2023-08-28,109.04,98.96,47,20,42.6,23.9,False,False,long event,"RETAINED - flagged for review, not deleted"
TX,TMAX_P85_3D__month_pm7,TMAX_P85_3D,TMAX,85,3,month_pm7,48_245_2023_009_TMAX_P85_3D,48245,Jefferson,Upper Coast,2023-07-29,2023-09-13,47,3,True,False,2023-08-27,107.36,95.27,47,0,0.0,0.0,False,True,long event,"RETAINED - flagged for review, not deleted"
TX,TMAX_P85_3D__month_pm7,TMAX_P85_3D,TMAX,85,3,month_pm7,48_339_2023_006_TMAX_P85_3D,48339,Montgomery,East Texas,2023-07-12,2023-08-27,47,2,True,False,2023-08-27,109.18,98.96,47,0,0.0,0.0,False,True,long event,"RETAINED - flagged for review, not deleted"
TX,TMAX_P85_3D__month_pm7,TMAX_P85_3D,TMAX,85,3,month_pm7,48_407_2023_010_TMAX_P85_3D,48407,San Jacinto,East Texas,2023-07-12,2023-08-27,47,2,True,False,2023-08-20,106.6,98.93,47,47,100.0,100.0,True,False,long event AND >=50% imputed days,"RETAINED - flagged for review, not deleted"
TX,TMAX_P85_3D__month_pm7,TMAX_P85_3D,TMAX,85,3,month_pm7,48_457_2023_009_TMAX_P85_3D,48457,Tyler,East Texas,2023-07-13,2023-08-28,47,2,True,False,2023-08-20,108.32,97.02,47,0,0.0,0.0,False,True,long event,"RETAINED - flagged for review, not deleted"
TX,TMAX_P85_3D__w05,TMAX_P85_3D,TMAX,85,3,w05,48_245_2023_009_TMAX_P85_3D,48245,Jefferson,Upper Coast,2023-07-29,2023-09-13,47,3,True,False,2023-08-27,107.36,95.38,47,0,0.0,0.0,False,True,long event,"RETAINED - flagged for review, not deleted"
TX,TMAX_P85_3D__w05,TMAX_P85_3D,TMAX,85,3,w05,48_339_2023_008_TMAX_P85_3D,48339,Montgomery,East Texas,2023-07-12,2023-08-27,47,2,True,False,2023-08-27,109.18,98.24,47,0,0.0,0.0,False,True,long event,"RETAINED - flagged for review, not deleted"
TX,TMAX_P85_3D__w05,TMAX_P85_3D,TMAX,85,3,w05,48_457_2023_011_TMAX_P85_3D,48457,Tyler,East Texas,2023-07-13,2023-08-28,47,2,True,False,2023-08-20,108.32,97.31,47,0,0.0,0.0,False,True,long event,"RETAINED - flagged for review, not deleted"
TX,TMAX_P85_3D__w15,TMAX_P85_3D,TMAX,85,3,w15,48_245_2023_010_TMAX_P85_3D,48245,Jefferson,Upper Coast,2023-07-29,2023-09-13,47,3,True,False,2023-08-27,107.36,95.27,47,0,0.0,0.0,False,True,long event,"RETAINED - flagged for review, not deleted"
TX,TMAX_P85_3D__w15,TMAX_P85_3D,TMAX,85,3,w15,48_373_2023_009_TMAX_P85_3D,48373,Polk,East Texas,2023-07-12,2023-08-27,47,2,True,False,2023-08-20,106.6,98.96,47,47,100.0,86.0,False,False,long event AND >=50% imputed days,"RETAINED - flagged for review, not deleted"
TX,TMAX_P85_3D__w15,TMAX_P85_3D,TMAX,85,3,w15,48_457_2023_011_TMAX_P85_3D,48457,Tyler,East Texas,2023-07-13,2023-08-28,47,2,True,False,2023-08-20,108.32,97.03,47,0,0.0,0.0,False,True,long event,"RETAINED - flagged for review, not deleted"
TX,TMAX_P90_2D__month,TMAX_P90_2D,TMAX,90,2,month,48_185_2023_012_TMAX_P90_2D,48185,Grimes,East Texas,2023-07-12,2023-08-27,47,2,True,False,2023-08-20,106.98,99.74,47,47,100.0,100.0,True,False,long event AND >=50% imputed days,"RETAINED - flagged for review, not deleted"
TX,TMAX_P90_2D__month,TMAX_P90_2D,TMAX,90,2,month,48_245_2023_010_TMAX_P90_2D,48245,Jefferson,Upper Coast,2023-07-29,2023-09-13,47,3,True,False,2023-08-27,107.36,96.08,47,0,0.0,0.0,False,True,long event,"RETAINED - flagged for review, not deleted"
TX,TMAX_P90_2D__month,TMAX_P90_2D,TMAX,90,2,month,48_339_2023_010_TMAX_P90_2D,48339,Montgomery,East Texas,2023-07-12,2023-08-27,47,2,True,False,2023-08-27,109.18,100.04,47,0,0.0,0.0,False,True,long event,"RETAINED - flagged for review, not deleted"
TX,TMAX_P90_2D__month_pm7,TMAX_P90_2D,TMAX,90,2,month_pm7,48_185_2023_011_TMAX_P90_2D,48185,Grimes,East Texas,2023-07-12,2023-08-27,47,2,True,False,2023-08-20,106.98,99.6,47,47,100.0,100.0,True,False,long event AND >=50% imputed days,"RETAINED - flagged for review, not deleted"
TX,TMAX_P90_2D__month_pm7,TMAX_P90_2D,TMAX,90,2,month_pm7,48_201_2023_013_TMAX_P90_2D,48201,Harris,Upper Coast,2023-07-29,2023-09-13,47,3,True,False,2023-08-27,109.7,98.29,47,0,0.0,0.0,False,True,long event,"RETAINED - flagged for review, not deleted"
TX,TMAX_P90_2D__month_pm7,TMAX_P90_2D,TMAX,90,2,month_pm7,48_339_2023_011_TMAX_P90_2D,48339,Montgomery,East Texas,2023-07-12,2023-08-27,47,2,True,False,2023-08-27,109.18,99.63,47,0,0.0,0.0,False,True,long event,"RETAINED - flagged for review, not deleted"
TX,TMAX_P90_2D__w05,TMAX_P90_2D,TMAX,90,2,w05,48_201_2023_017_TMAX_P90_2D,48201,Harris,Upper Coast,2023-07-29,2023-09-13,47,3,True,False,2023-08-27,109.7,97.7,47,0,0.0,0.0,False,True,long event,"RETAINED - flagged for review, not deleted"
TX,TMAX_P90_2D__w15,TMAX_P90_2D,TMAX,90,2,w15,48_201_2023_015_TMAX_P90_2D,48201,Harris,Upper Coast,2023-07-29,2023-09-13,47,3,True,False,2023-08-27,109.7,97.75,47,0,0.0,0.0,False,True,long event,"RETAINED - flagged for review, not deleted"
TX,TMAX_P90_3D__month,TMAX_P90_3D,TMAX,90,3,month,48_185_2023_008_TMAX_P90_3D,48185,Grimes,East Texas,2023-07-12,2023-08-27,47,2,True,False,2023-08-20,106.98,99.74,47,47,100.0,100.0,True,False,long event AND >=50% imputed days,"RETAINED - flagged for review, not deleted"
TX,TMAX_P90_3D__month,TMAX_P90_3D,TMAX,90,3,month,48_245_2023_007_TMAX_P90_3D,48245,Jefferson,Upper Coast,2023-07-29,2023-09-13,47,3,True,False,2023-08-27,107.36,96.08,47,0,0.0,0.0,False,True,long event,"RETAINED - flagged for review, not deleted"
TX,TMAX_P90_3D__month,TMAX_P90_3D,TMAX,90,3,month,48_339_2023_006_TMAX_P90_3D,48339,Montgomery,East Texas,2023-07-12,2023-08-27,47,2,True,False,2023-08-27,109.18,100.04,47,0,0.0,0.0,False,True,long event,"RETAINED - flagged for review, not deleted"
TX,TMAX_P90_3D__month_pm7,TMAX_P90_3D,TMAX,90,3,month_pm7,48_185_2023_007_TMAX_P90_3D,48185,Grimes,East Texas,2023-07-12,2023-08-27,47,2,True,False,2023-08-20,106.98,99.6,47,47,100.0,100.0,True,False,long event AND >=50% imputed days,"RETAINED - flagged for review, not deleted"
TX,TMAX_P90_3D__month_pm7,TMAX_P90_3D,TMAX,90,3,month_pm7,48_201_2023_008_TMAX_P90_3D,48201,Harris,Upper Coast,2023-07-29,2023-09-13,47,3,True,False,2023-08-27,109.7,98.29,47,0,0.0,0.0,False,True,long event,"RETAINED - flagged for review, not deleted"
TX,TMAX_P90_3D__month_pm7,TMAX_P90_3D,TMAX,90,3,month_pm7,48_339_2023_006_TMAX_P90_3D,48339,Montgomery,East Texas,2023-07-12,2023-08-27,47,2,True,False,2023-08-27,109.18,99.63,47,0,0.0,0.0,False,True,long event,"RETAINED - flagged for review, not deleted"
TX,TMAX_P90_3D__w05,TMAX_P90_3D,TMAX,90,3,w05,48_201_2023_010_TMAX_P90_3D,48201,Harris,Upper Coast,2023-07-29,2023-09-13,47,3,True,False,2023-08-27,109.7,97.7,47,0,0.0,0.0,False,True,long event,"RETAINED - flagged for review, not deleted"
TX,TMAX_P90_3D__w15,TMAX_P90_3D,TMAX,90,3,w15,48_201_2023_009_TMAX_P90_3D,48201,Harris,Upper Coast,2023-07-29,2023-09-13,47,3,True,False,2023-08-27,109.7,97.75,47,0,0.0,0.0,False,True,long event,"RETAINED - flagged for review, not deleted"
TX,TMAX_P85_2D__month,TMAX_P85_2D,TMAX,85,2,month,48_199_2023_016_TMAX_P85_2D,48199,Hardin,East Texas,2023-07-14,2023-08-28,46,2,True,False,2023-08-21,111.02,97.7,46,0,0.0,1.3,False,True,long event,"RETAINED - flagged for review, not deleted"
TX,TMAX_P85_2D__month,TMAX_P85_2D,TMAX,85,2,month,48_351_2023_016_TMAX_P85_2D,48351,Newton,East Texas,2023-07-13,2023-08-27,46,2,True,False,2023-08-20,111.92,98.06,46,0,0.0,0.9,False,True,long event,"RETAINED - flagged for review, not deleted"
TX,TMAX_P85_2D__month,TMAX_P85_2D,TMAX,85,2,month,48_373_2023_012_TMAX_P85_2D,48373,Polk,East Texas,2023-07-13,2023-08-27,46,2,True,False,2023-08-20,106.6,98.96,46,46,100.0,86.0,False,False,long event AND >=50% imputed days,"RETAINED - flagged for review, not deleted"
TX,TMAX_P85_2D__month_pm7,TMAX_P85_2D,TMAX,85,2,month_pm7,48_199_2023_016_TMAX_P85_2D,48199,Hardin,East Texas,2023-07-14,2023-08-28,46,2,True,False,2023-08-21,111.02,97.22,46,0,0.0,1.3,False,True,long event,"RETAINED - flagged for review, not deleted"
TX,TMAX_P85_2D__month_pm7,TMAX_P85_2D,TMAX,85,2,month_pm7,48_351_2023_016_TMAX_P85_2D,48351,Newton,East Texas,2023-07-13,2023-08-27,46,2,True,False,2023-08-20,111.92,98.06,46,0,0.0,0.9,False,True,long event,"RETAINED - flagged for review, not deleted"
TX,TMAX_P85_2D__month_pm7,TMAX_P85_2D,TMAX,85,2,month_pm7,48_373_2023_011_TMAX_P85_2D,48373,Polk,East Texas,2023-07-13,2023-08-27,46,2,True,False,2023-08-20,106.6,98.96,46,46,100.0,86.0,False,False,long event AND >=50% imputed days,"RETAINED - flagged for review, not deleted"
TX,TMAX_P85_2D__w05,TMAX_P85_2D,TMAX,85,2,w05,48_199_2023_021_TMAX_P85_2D,48199,Hardin,East Texas,2023-07-14,2023-08-28,46,2,True,False,2023-08-21,111.02,97.75,46,0,0.0,1.3,False,True,long event,"RETAINED - flagged for review, not deleted"
TX,TMAX_P85_2D__w05,TMAX_P85_2D,TMAX,85,2,w05,48_351_2023_015_TMAX_P85_2D,48351,Newton,East Texas,2023-07-13,2023-08-27,46,2,True,False,2023-08-20,111.92,98.06,46,0,0.0,0.9,False,True,long event,"RETAINED - flagged for review, not deleted"
TX,TMAX_P85_2D__w05,TMAX_P85_2D,TMAX,85,2,w05,48_373_2023_012_TMAX_P85_2D,48373,Polk,East Texas,2023-07-13,2023-08-27,46,2,True,False,2023-08-20,106.6,98.96,46,46,100.0,86.0,False,False,long event AND >=50% imputed days,"RETAINED - flagged for review, not deleted"
TX,TMAX_P85_2D__w15,TMAX_P85_2D,TMAX,85,2,w15,48_199_2023_019_TMAX_P85_2D,48199,Hardin,East Texas,2023-07-14,2023-08-28,46,2,True,False,2023-08-21,111.02,97.37,46,0,0.0,1.3,False,True,long event,"RETAINED - flagged for review, not deleted"
TX,TMAX_P85_2D__w15,TMAX_P85_2D,TMAX,85,2,w15,48_351_2023_014_TMAX_P85_2D,48351,Newton,East Texas,2023-07-13,2023-08-27,46,2,True,False,2023-08-20,111.92,97.14,46,0,0.0,0.9,False,True,long event,"RETAINED - flagged for review, not deleted"
TX,TMAX_P85_3D__month,TMAX_P85_3D,TMAX,85,3,month,48_199_2023_011_TMAX_P85_3D,48199,Hardin,East Texas,2023-07-14,2023-08-28,46,2,True,False,2023-08-21,111.02,97.7,46,0,0.0,1.3,False,True,long event,"RETAINED - flagged for review, not deleted"
TX,TMAX_P85_3D__month,TMAX_P85_3D,TMAX,85,3,month,48_351_2023_010_TMAX_P85_3D,48351,Newton,East Texas,2023-07-13,2023-08-27,46,2,True,False,2023-08-20,111.92,98.06,46,0,0.0,0.9,False,True,long event,"RETAINED - flagged for review, not deleted"
TX,TMAX_P85_3D__month,TMAX_P85_3D,TMAX,85,3,month,48_373_2023_010_TMAX_P85_3D,48373,Polk,East Texas,2023-07-13,2023-08-27,46,2,True,False,2023-08-20,106.6,98.96,46,46,100.0,86.0,False,False,long event AND >=50% imputed days,"RETAINED - flagged for review, not deleted"
TX,TMAX_P85_3D__month_pm7,TMAX_P85_3D,TMAX,85,3,month_pm7,48_199_2023_011_TMAX_P85_3D,48199,Hardin,East Texas,2023-07-14,2023-08-28,46,2,True,False,2023-08-21,111.02,97.22,46,0,0.0,1.3,False,True,long event,"RETAINED - flagged for review, not deleted"
TX,TMAX_P85_3D__month_pm7,TMAX_P85_3D,TMAX,85,3,month_pm7,48_351_2023_010_TMAX_P85_3D,48351,Newton,East Texas,2023-07-13,2023-08-27,46,2,True,False,2023-08-20,111.92,98.06,46,0,0.0,0.9,False,True,long event,"RETAINED - flagged for review, not deleted"
TX,TMAX_P85_3D__month_pm7,TMAX_P85_3D,TMAX,85,3,month_pm7,48_373_2023_008_TMAX_P85_3D,48373,Polk,East Texas,2023-07-13,2023-08-27,46,2,True,False,2023-08-20,106.6,98.96,46,46,100.0,86.0,False,False,long event AND >=50% imputed days,"RETAINED - flagged for review, not deleted"
TX,TMAX_P85_3D__w05,TMAX_P85_3D,TMAX,85,3,w05,48_199_2023_012_TMAX_P85_3D,48199,Hardin,East Texas,2023-07-14,2023-08-28,46,2,True,False,2023-08-21,111.02,97.75,46,0,0.0,1.3,False,True,long event,"RETAINED - flagged for review, not deleted"
TX,TMAX_P85_3D__w05,TMAX_P85_3D,TMAX,85,3,w05,48_351_2023_010_TMAX_P85_3D,48351,Newton,East Texas,2023-07-13,2023-08-27,46,2,True,False,2023-08-20,111.92,98.06,46,0,0.0,0.9,False,True,long event,"RETAINED - flagged for review, not deleted"
TX,TMAX_P85_3D__w05,TMAX_P85_3D,TMAX,85,3,w05,48_373_2023_009_TMAX_P85_3D,48373,Polk,East Texas,2023-07-13,2023-08-27,46,2,True,False,2023-08-20,106.6,98.96,46,46,100.0,86.0,False,False,long event AND >=50% imputed days,"RETAINED - flagged for review, not deleted"
TX,TMAX_P85_3D__w15,TMAX_P85_3D,TMAX,85,3,w15,48_199_2023_012_TMAX_P85_3D,48199,Hardin,East Texas,2023-07-14,2023-08-28,46,2,True,False,2023-08-21,111.02,97.37,46,0,0.0,1.3,False,True,long event,"RETAINED - flagged for review, not deleted"
TX,TMAX_P85_3D__w15,TMAX_P85_3D,TMAX,85,3,w15,48_351_2023_008_TMAX_P85_3D,48351,Newton,East Texas,2023-07-13,2023-08-27,46,2,True,False,2023-08-20,111.92,97.14,46,0,0.0,0.9,False,True,long event,"RETAINED - flagged for review, not deleted"
TX,TMAX_P90_2D__month,TMAX_P90_2D,TMAX,90,2,month,48_199_2023_017_TMAX_P90_2D,48199,Hardin,East Texas,2023-07-14,2023-08-28,46,2,True,False,2023-08-21,111.02,98.17,46,0,0.0,1.3,False,True,long event,"RETAINED - flagged for review, not deleted"
TX,TMAX_P90_2D__month,TMAX_P90_2D,TMAX,90,2,month,48_351_2023_012_TMAX_P90_2D,48351,Newton,East Texas,2023-07-13,2023-08-27,46,2,True,False,2023-08-20,111.92,98.96,46,0,0.0,0.9,False,True,long event,"RETAINED - flagged for review, not deleted"
TX,TMAX_P90_2D__month,TMAX_P90_2D,TMAX,90,2,month,48_457_2023_008_TMAX_P90_2D,48457,Tyler,East Texas,2023-07-13,2023-08-27,46,2,True,False,2023-08-20,108.32,98.51,46,0,0.0,0.0,False,True,long event,"RETAINED - flagged for review, not deleted"
TX,TMAX_P90_2D__month_pm7,TMAX_P90_2D,TMAX,90,2,month_pm7,48_199_2023_015_TMAX_P90_2D,48199,Hardin,East Texas,2023-07-14,2023-08-28,46,2,True,False,2023-08-21,111.02,98.06,46,0,0.0,1.3,False,True,long event,"RETAINED - flagged for review, not deleted"
TX,TMAX_P90_2D__month_pm7,TMAX_P90_2D,TMAX,90,2,month_pm7,48_245_2023_009_TMAX_P90_2D,48245,Jefferson,Upper Coast,2023-07-30,2023-09-13,46,3,True,False,2023-08-27,107.36,95.99,46,0,0.0,0.0,False,True,long event,"RETAINED - flagged for review, not deleted"
TX,TMAX_P90_2D__month_pm7,TMAX_P90_2D,TMAX,90,2,month_pm7,48_351_2023_011_TMAX_P90_2D,48351,Newton,East Texas,2023-07-13,2023-08-27,46,2,True,False,2023-08-20,111.92,98.96,46,0,0.0,0.9,False,True,long event,"RETAINED - flagged for review, not deleted"
TX,TMAX_P90_2D__month_pm7,TMAX_P90_2D,TMAX,90,2,month_pm7,48_407_2023_008_TMAX_P90_2D,48407,San Jacinto,East Texas,2023-07-13,2023-08-27,46,2,True,False,2023-08-20,106.6,99.68,46,46,100.0,100.0,True,False,long event AND >=50% imputed days,"RETAINED - flagged for review, not deleted"
TX,TMAX_P90_2D__month_pm7,TMAX_P90_2D,TMAX,90,2,month_pm7,48_457_2023_008_TMAX_P90_2D,48457,Tyler,East Texas,2023-07-13,2023-08-27,46,2,True,False,2023-08-20,108.32,98.06,46,0,0.0,0.0,False,True,long event,"RETAINED - flagged for review, not deleted"
TX,TMAX_P90_2D__w05,TMAX_P90_2D,TMAX,90,2,w05,48_199_2023_020_TMAX_P90_2D,48199,Hardin,East Texas,2023-07-14,2023-08-28,46,2,True,False,2023-08-21,111.02,98.45,46,0,0.0,1.3,False,True,long event,"RETAINED - flagged for review, not deleted"
TX,TMAX_P90_2D__w05,TMAX_P90_2D,TMAX,90,2,w05,48_245_2023_012_TMAX_P90_2D,48245,Jefferson,Upper Coast,2023-07-30,2023-09-13,46,3,True,False,2023-08-27,107.36,96.08,46,0,0.0,0.0,False,True,long event,"RETAINED - flagged for review, not deleted"
TX,TMAX_P90_2D__w05,TMAX_P90_2D,TMAX,90,2,w05,48_351_2023_012_TMAX_P90_2D,48351,Newton,East Texas,2023-07-13,2023-08-27,46,2,True,False,2023-08-20,111.92,98.15,46,0,0.0,0.9,False,True,long event,"RETAINED - flagged for review, not deleted"
TX,TMAX_P90_2D__w05,TMAX_P90_2D,TMAX,90,2,w05,48_457_2023_008_TMAX_P90_2D,48457,Tyler,East Texas,2023-07-13,2023-08-27,46,2,True,False,2023-08-20,108.32,98.38,46,0,0.0,0.0,False,True,long event,"RETAINED - flagged for review, not deleted"
TX,TMAX_P90_2D__w15,TMAX_P90_2D,TMAX,90,2,w15,48_199_2023_018_TMAX_P90_2D,48199,Hardin,East Texas,2023-07-14,2023-08-28,46,2,True,False,2023-08-21,111.02,98.06,46,0,0.0,1.3,False,True,long event,"RETAINED - flagged for review, not deleted"
TX,TMAX_P90_2D__w15,TMAX_P90_2D,TMAX,90,2,w15,48_245_2023_011_TMAX_P90_2D,48245,Jefferson,Upper Coast,2023-07-30,2023-09-13,46,3,True,False,2023-08-27,107.36,96.08,46,0,0.0,0.0,False,True,long event,"RETAINED - flagged for review, not deleted"
TX,TMAX_P90_2D__w15,TMAX_P90_2D,TMAX,90,2,w15,48_351_2023_013_TMAX_P90_2D,48351,Newton,East Texas,2023-07-13,2023-08-27,46,2,True,False,2023-08-20,111.92,98.96,46,0,0.0,0.9,False,True,long event,"RETAINED - flagged for review, not deleted"
TX,TMAX_P90_2D__w15,TMAX_P90_2D,TMAX,90,2,w15,48_457_2023_006_TMAX_P90_2D,48457,Tyler,East Texas,2023-07-13,2023-08-27,46,2,True,False,2023-08-20,108.32,98.08,46,0,0.0,0.0,False,True,long event,"RETAINED - flagged for review, not deleted"
TX,TMAX_P90_3D__month,TMAX_P90_3D,TMAX,90,3,month,48_199_2023_009_TMAX_P90_3D,48199,Hardin,East Texas,2023-07-14,2023-08-28,46,2,True,False,2023-08-21,111.02,98.17,46,0,0.0,1.3,False,True,long event,"RETAINED - flagged for review, not deleted"
TX,TMAX_P90_3D__month,TMAX_P90_3D,TMAX,90,3,month,48_351_2023_006_TMAX_P90_3D,48351,Newton,East Texas,2023-07-13,2023-08-27,46,2,True,False,2023-08-20,111.92,98.96,46,0,0.0,0.9,False,True,long event,"RETAINED - flagged for review, not deleted"
TX,TMAX_P90_3D__month,TMAX_P90_3D,TMAX,90,3,month,48_457_2023_008_TMAX_P90_3D,48457,Tyler,East Texas,2023-07-13,2023-08-27,46,2,True,False,2023-08-20,108.32,98.51,46,0,0.0,0.0,False,True,long event,"RETAINED - flagged for review, not deleted"
TX,TMAX_P90_3D__month_pm7,TMAX_P90_3D,TMAX,90,3,month_pm7,48_199_2023_008_TMAX_P90_3D,48199,Hardin,East Texas,2023-07-14,2023-08-28,46,2,True,False,2023-08-21,111.02,98.06,46,0,0.0,1.3,False,True,long event,"RETAINED - flagged for review, not deleted"
TX,TMAX_P90_3D__month_pm7,TMAX_P90_3D,TMAX,90,3,month_pm7,48_245_2023_008_TMAX_P90_3D,48245,Jefferson,Upper Coast,2023-07-30,2023-09-13,46,3,True,False,2023-08-27,107.36,95.99,46,0,0.0,0.0,False,True,long event,"RETAINED - flagged for review, not deleted"
TX,TMAX_P90_3D__month_pm7,TMAX_P90_3D,TMAX,90,3,month_pm7,48_351_2023_006_TMAX_P90_3D,48351,Newton,East Texas,2023-07-13,2023-08-27,46,2,True,False,2023-08-20,111.92,98.96,46,0,0.0,0.9,False,True,long event,"RETAINED - flagged for review, not deleted"
TX,TMAX_P90_3D__month_pm7,TMAX_P90_3D,TMAX,90,3,month_pm7,48_407_2023_007_TMAX_P90_3D,48407,San Jacinto,East Texas,2023-07-13,2023-08-27,46,2,True,False,2023-08-20,106.6,99.68,46,46,100.0,100.0,True,False,long event AND >=50% imputed days,"RETAINED - flagged for review, not deleted"
TX,TMAX_P90_3D__month_pm7,TMAX_P90_3D,TMAX,90,3,month_pm7,48_457_2023_005_TMAX_P90_3D,48457,Tyler,East Texas,2023-07-13,2023-08-27,46,2,True,False,2023-08-20,108.32,98.06,46,0,0.0,0.0,False,True,long event,"RETAINED - flagged for review, not deleted"
TX,TMAX_P90_3D__w05,TMAX_P90_3D,TMAX,90,3,w05,48_199_2023_008_TMAX_P90_3D,48199,Hardin,East Texas,2023-07-14,2023-08-28,46,2,True,False,2023-08-21,111.02,98.45,46,0,0.0,1.3,False,True,long event,"RETAINED - flagged for review, not deleted"
TX,TMAX_P90_3D__w05,TMAX_P90_3D,TMAX,90,3,w05,48_245_2023_009_TMAX_P90_3D,48245,Jefferson,Upper Coast,2023-07-30,2023-09-13,46,3,True,False,2023-08-27,107.36,96.08,46,0,0.0,0.0,False,True,long event,"RETAINED - flagged for review, not deleted"
TX,TMAX_P90_3D__w05,TMAX_P90_3D,TMAX,90,3,w05,48_351_2023_005_TMAX_P90_3D,48351,Newton,East Texas,2023-07-13,2023-08-27,46,2,True,False,2023-08-20,111.92,98.15,46,0,0.0,0.9,False,True,long event,"RETAINED - flagged for review, not deleted"
TX,TMAX_P90_3D__w05,TMAX_P90_3D,TMAX,90,3,w05,48_457_2023_005_TMAX_P90_3D,48457,Tyler,East Texas,2023-07-13,2023-08-27,46,2,True,False,2023-08-20,108.32,98.38,46,0,0.0,0.0,False,True,long event,"RETAINED - flagged for review, not deleted"
TX,TMAX_P90_3D__w15,TMAX_P90_3D,TMAX,90,3,w15,48_199_2023_007_TMAX_P90_3D,48199,Hardin,East Texas,2023-07-14,2023-08-28,46,2,True,False,2023-08-21,111.02,98.06,46,0,0.0,1.3,False,True,long event,"RETAINED - flagged for review, not deleted"
TX,TMAX_P90_3D__w15,TMAX_P90_3D,TMAX,90,3,w15,48_245_2023_008_TMAX_P90_3D,48245,Jefferson,Upper Coast,2023-07-30,2023-09-13,46,3,True,False,2023-08-27,107.36,96.08,46,0,0.0,0.0,False,True,long event,"RETAINED - flagged for review, not deleted"
TX,TMAX_P90_3D__w15,TMAX_P90_3D,TMAX,90,3,w15,48_351_2023_006_TMAX_P90_3D,48351,Newton,East Texas,2023-07-13,2023-08-27,46,2,True,False,2023-08-20,111.92,98.96,46,0,0.0,0.9,False,True,long event,"RETAINED - flagged for review, not deleted"
TX,TMAX_P90_3D__w15,TMAX_P90_3D,TMAX,90,3,w15,48_457_2023_005_TMAX_P90_3D,48457,Tyler,East Texas,2023-07-13,2023-08-27,46,2,True,False,2023-08-20,108.32,98.08,46,0,0.0,0.0,False,True,long event,"RETAINED - flagged for review, not deleted"
TX,TMAX_P95_2D__month,TMAX_P95_2D,TMAX,95,2,month,48_199_2023_012_TMAX_P95_2D,48199,Hardin,East Texas,2023-07-14,2023-08-28,46,2,True,False,2023-08-21,111.02,99.88,46,0,0.0,1.3,False,True,long event,"RETAINED - flagged for review, not deleted"
TX,TMAX_P95_2D__month_pm7,TMAX_P95_2D,TMAX,95,2,month_pm7,48_199_2023_012_TMAX_P95_2D,48199,Hardin,East Texas,2023-07-14,2023-08-28,46,2,True,False,2023-08-21,111.02,99.55,46,0,0.0,1.3,False,True,long event,"RETAINED - flagged for review, not deleted"
TX,TMAX_P95_2D__w05,TMAX_P95_2D,TMAX,95,2,w05,48_351_2023_006_TMAX_P95_2D,48351,Newton,East Texas,2023-07-13,2023-08-27,46,2,True,False,2023-08-20,111.92,100.04,46,0,0.0,0.9,False,True,long event,"RETAINED - flagged for review, not deleted"
TX,TMAX_P95_3D__month,TMAX_P95_3D,TMAX,95,3,month,48_199_2023_005_TMAX_P95_3D,48199,Hardin,East Texas,2023-07-14,2023-08-28,46,2,True,False,2023-08-21,111.02,99.88,46,0,0.0,1.3,False,True,long event,"RETAINED - flagged for review, not deleted"
TX,TMAX_P95_3D__month_pm7,TMAX_P95_3D,TMAX,95,3,month_pm7,48_199_2023_005_TMAX_P95_3D,48199,Hardin,East Texas,2023-07-14,2023-08-28,46,2,True,False,2023-08-21,111.02,99.55,46,0,0.0,1.3,False,True,long event,"RETAINED - flagged for review, not deleted"
TX,TMAX_P95_3D__w05,TMAX_P95_3D,TMAX,95,3,w05,48_351_2023_003_TMAX_P95_3D,48351,Newton,East Texas,2023-07-13,2023-08-27,46,2,True,False,2023-08-20,111.92,100.04,46,0,0.0,0.9,False,True,long event,"RETAINED - flagged for review, not deleted"
TX,MHI_P85_2D__month_pm7,MHI_P85_2D,MHI,85,2,month_pm7,48_259_2022_015_MHI_P85_2D,48259,Kendall,Edwards Plateau,2022-07-01,2022-08-14,45,2,True,False,2022-07-20,106.18,88.91,45,0,0.0,0.8,False,True,long event,"RETAINED - flagged for review, not deleted"
TX,TMAX_P85_2D__month,TMAX_P85_2D,TMAX,85,2,month,48_031_2023_012_TMAX_P85_2D,48031,Blanco,Edwards Plateau,2023-07-08,2023-08-21,45,2,True,False,2023-08-17,109.94,99.95,45,0,0.0,19.2,False,False,long event,"RETAINED - flagged for review, not deleted"
TX,TMAX_P85_2D__month,TMAX_P85_2D,TMAX,85,2,month,48_053_2023_010_TMAX_P85_2D,48053,Burnet,Edwards Plateau,2023-07-09,2023-08-22,45,2,True,False,2023-08-18,106.46,99.2,45,0,0.0,0.0,False,True,long event,"RETAINED - flagged for review, not deleted"
TX,TMAX_P85_2D__month,TMAX_P85_2D,TMAX,85,2,month,48_055_2023_011_TMAX_P85_2D,48055,Caldwell,South Central,2023-07-08,2023-08-21,45,2,True,False,2023-08-17,109.49,102.02,45,0,0.0,0.1,False,True,long event,"RETAINED - flagged for review, not deleted"
TX,TMAX_P85_2D__month,TMAX_P85_2D,TMAX,85,2,month,48_259_2022_015_TMAX_P85_2D,48259,Kendall,Edwards Plateau,2022-06-30,2022-08-13,45,3,True,False,2022-07-11,109.04,96.98,45,0,0.0,0.8,False,True,long event,"RETAINED - flagged for review, not deleted"
TX,TMAX_P85_2D__month,TMAX_P85_2D,TMAX,85,2,month,48_299_2023_011_TMAX_P85_2D,48299,Llano,Edwards Plateau,2023-07-09,2023-08-22,45,2,True,False,2023-08-18,108.02,102.02,45,0,0.0,0.0,False,True,long event,"RETAINED - flagged for review, not deleted"
TX,TMAX_P85_2D__month_pm7,TMAX_P85_2D,TMAX,85,2,month_pm7,48_031_2023_012_TMAX_P85_2D,48031,Blanco,Edwards Plateau,2023-07-08,2023-08-21,45,2,True,False,2023-08-17,109.94,99.5,45,0,0.0,19.2,False,False,long event,"RETAINED - flagged for review, not deleted"
TX,TMAX_P85_2D__month_pm7,TMAX_P85_2D,TMAX,85,2,month_pm7,48_053_2023_010_TMAX_P85_2D,48053,Burnet,Edwards Plateau,2023-07-09,2023-08-22,45,2,True,False,2023-08-18,106.46,98.96,45,0,0.0,0.0,False,True,long event,"RETAINED - flagged for review, not deleted"
TX,TMAX_P85_2D__month_pm7,TMAX_P85_2D,TMAX,85,2,month_pm7,48_055_2023_011_TMAX_P85_2D,48055,Caldwell,South Central,2023-07-08,2023-08-21,45,2,True,False,2023-08-17,109.49,102.02,45,0,0.0,0.1,False,True,long event,"RETAINED - flagged for review, not deleted"
TX,TMAX_P85_2D__month_pm7,TMAX_P85_2D,TMAX,85,2,month_pm7,48_259_2022_016_TMAX_P85_2D,48259,Kendall,Edwards Plateau,2022-06-30,2022-08-13,45,3,True,False,2022-07-11,109.04,96.98,45,0,0.0,0.8,False,True,long event,"RETAINED - flagged for review, not deleted"
TX,TMAX_P85_2D__month_pm7,TMAX_P85_2D,TMAX,85,2,month_pm7,48_259_2023_010_TMAX_P85_2D,48259,Kendall,Edwards Plateau,2023-07-09,2023-08-22,45,2,True,False,2023-08-17,107.06,98.06,45,0,0.0,0.8,False,True,long event,"RETAINED - flagged for review, not deleted"
TX,TMAX_P85_2D__month_pm7,TMAX_P85_2D,TMAX,85,2,month_pm7,48_299_2023_011_TMAX_P85_2D,48299,Llano,Edwards Plateau,2023-07-09,2023-08-22,45,2,True,False,2023-08-18,108.02,102.02,45,0,0.0,0.0,False,True,long event,"RETAINED - flagged for review, not deleted"
TX,TMAX_P85_2D__w05,TMAX_P85_2D,TMAX,85,2,w05,48_031_2023_014_TMAX_P85_2D,48031,Blanco,Edwards Plateau,2023-07-08,2023-08-21,45,2,True,False,2023-08-17,109.94,99.95,45,0,0.0,19.2,False,False,long event,"RETAINED - flagged for review, not deleted"
TX,TMAX_P85_2D__w05,TMAX_P85_2D,TMAX,85,2,w05,48_123_2023_014_TMAX_P85_2D,48123,DeWitt,South Central,2023-07-09,2023-08-22,45,2,True,False,2023-08-18,108.95,101.48,45,0,0.0,1.4,False,True,long event,"RETAINED - flagged for review, not deleted"
TX,TMAX_P85_2D__w05,TMAX_P85_2D,TMAX,85,2,w05,48_259_2022_010_TMAX_P85_2D,48259,Kendall,Edwards Plateau,2022-06-30,2022-08-13,45,3,True,False,2022-07-11,109.04,96.08,45,0,0.0,0.8,False,True,long event,"RETAINED - flagged for review, not deleted"
TX,TMAX_P85_2D__w05,TMAX_P85_2D,TMAX,85,2,w05,48_259_2023_011_TMAX_P85_2D,48259,Kendall,Edwards Plateau,2023-07-09,2023-08-22,45,2,True,False,2023-08-17,107.06,98.96,45,0,0.0,0.8,False,True,long event,"RETAINED - flagged for review, not deleted"
TX,TMAX_P85_2D__w15,TMAX_P85_2D,TMAX,85,2,w15,48_031_2023_015_TMAX_P85_2D,48031,Blanco,Edwards Plateau,2023-07-08,2023-08-21,45,2,True,False,2023-08-17,109.94,99.95,45,0,0.0,19.2,False,False,long event,"RETAINED - flagged for review, not deleted"
TX,TMAX_P85_2D__w15,TMAX_P85_2D,TMAX,85,2,w15,48_053_2023_012_TMAX_P85_2D,48053,Burnet,Edwards Plateau,2023-07-09,2023-08-22,45,2,True,False,2023-08-18,106.46,99.2,45,0,0.0,0.0,False,True,long event,"RETAINED - flagged for review, not deleted"
TX,TMAX_P85_2D__w15,TMAX_P85_2D,TMAX,85,2,w15,48_123_2023_014_TMAX_P85_2D,48123,DeWitt,South Central,2023-07-09,2023-08-22,45,2,True,False,2023-08-18,108.95,101.48,45,0,0.0,1.4,False,True,long event,"RETAINED - flagged for review, not deleted"
TX,TMAX_P85_2D__w15,TMAX_P85_2D,TMAX,85,2,w15,48_259_2022_012_TMAX_P85_2D,48259,Kendall,Edwards Plateau,2022-06-30,2022-08-13,45,3,True,False,2022-07-11,109.04,96.98,45,0,0.0,0.8,False,True,long event,"RETAINED - flagged for review, not deleted"
TX,TMAX_P85_3D__month,TMAX_P85_3D,TMAX,85,3,month,48_031_2023_010_TMAX_P85_3D,48031,Blanco,Edwards Plateau,2023-07-08,2023-08-21,45,2,True,False,2023-08-17,109.94,99.95,45,0,0.0,19.2,False,False,long event,"RETAINED - flagged for review, not deleted"
TX,TMAX_P85_3D__month,TMAX_P85_3D,TMAX,85,3,month,48_053_2023_009_TMAX_P85_3D,48053,Burnet,Edwards Plateau,2023-07-09,2023-08-22,45,2,True,False,2023-08-18,106.46,99.2,45,0,0.0,0.0,False,True,long event,"RETAINED - flagged for review, not deleted"
TX,TMAX_P85_3D__month,TMAX_P85_3D,TMAX,85,3,month,48_055_2023_006_TMAX_P85_3D,48055,Caldwell,South Central,2023-07-08,2023-08-21,45,2,True,False,2023-08-17,109.49,102.02,45,0,0.0,0.1,False,True,long event,"RETAINED - flagged for review, not deleted"
TX,TMAX_P85_3D__month,TMAX_P85_3D,TMAX,85,3,month,48_259_2022_009_TMAX_P85_3D,48259,Kendall,Edwards Plateau,2022-06-30,2022-08-13,45,3,True,False,2022-07-11,109.04,96.98,45,0,0.0,0.8,False,True,long event,"RETAINED - flagged for review, not deleted"
TX,TMAX_P85_3D__month,TMAX_P85_3D,TMAX,85,3,month,48_299_2023_007_TMAX_P85_3D,48299,Llano,Edwards Plateau,2023-07-09,2023-08-22,45,2,True,False,2023-08-18,108.02,102.02,45,0,0.0,0.0,False,True,long event,"RETAINED - flagged for review, not deleted"
TX,TMAX_P85_3D__month_pm7,TMAX_P85_3D,TMAX,85,3,month_pm7,48_031_2023_010_TMAX_P85_3D,48031,Blanco,Edwards Plateau,2023-07-08,2023-08-21,45,2,True,False,2023-08-17,109.94,99.5,45,0,0.0,19.2,False,False,long event,"RETAINED - flagged for review, not deleted"
TX,TMAX_P85_3D__month_pm7,TMAX_P85_3D,TMAX,85,3,month_pm7,48_053_2023_009_TMAX_P85_3D,48053,Burnet,Edwards Plateau,2023-07-09,2023-08-22,45,2,True,False,2023-08-18,106.46,98.96,45,0,0.0,0.0,False,True,long event,"RETAINED - flagged for review, not deleted"
TX,TMAX_P85_3D__month_pm7,TMAX_P85_3D,TMAX,85,3,month_pm7,48_055_2023_006_TMAX_P85_3D,48055,Caldwell,South Central,2023-07-08,2023-08-21,45,2,True,False,2023-08-17,109.49,102.02,45,0,0.0,0.1,False,True,long event,"RETAINED - flagged for review, not deleted"
TX,TMAX_P85_3D__month_pm7,TMAX_P85_3D,TMAX,85,3,month_pm7,48_259_2022_010_TMAX_P85_3D,48259,Kendall,Edwards Plateau,2022-06-30,2022-08-13,45,3,True,False,2022-07-11,109.04,96.98,45,0,0.0,0.8,False,True,long event,"RETAINED - flagged for review, not deleted"
TX,TMAX_P85_3D__month_pm7,TMAX_P85_3D,TMAX,85,3,month_pm7,48_259_2023_007_TMAX_P85_3D,48259,Kendall,Edwards Plateau,2023-07-09,2023-08-22,45,2,True,False,2023-08-17,107.06,98.06,45,0,0.0,0.8,False,True,long event,"RETAINED - flagged for review, not deleted"
TX,TMAX_P85_3D__month_pm7,TMAX_P85_3D,TMAX,85,3,month_pm7,48_299_2023_007_TMAX_P85_3D,48299,Llano,Edwards Plateau,2023-07-09,2023-08-22,45,2,True,False,2023-08-18,108.02,102.02,45,0,0.0,0.0,False,True,long event,"RETAINED - flagged for review, not deleted"
TX,TMAX_P85_3D__w05,TMAX_P85_3D,TMAX,85,3,w05,48_031_2023_011_TMAX_P85_3D,48031,Blanco,Edwards Plateau,2023-07-08,2023-08-21,45,2,True,False,2023-08-17,109.94,99.95,45,0,0.0,19.2,False,False,long event,"RETAINED - flagged for review, not deleted"
TX,TMAX_P85_3D__w05,TMAX_P85_3D,TMAX,85,3,w05,48_123_2023_011_TMAX_P85_3D,48123,DeWitt,South Central,2023-07-09,2023-08-22,45,2,True,False,2023-08-18,108.95,101.48,45,0,0.0,1.4,False,True,long event,"RETAINED - flagged for review, not deleted"
TX,TMAX_P85_3D__w05,TMAX_P85_3D,TMAX,85,3,w05,48_259_2022_007_TMAX_P85_3D,48259,Kendall,Edwards Plateau,2022-06-30,2022-08-13,45,3,True,False,2022-07-11,109.04,96.08,45,0,0.0,0.8,False,True,long event,"RETAINED - flagged for review, not deleted"
TX,TMAX_P85_3D__w05,TMAX_P85_3D,TMAX,85,3,w05,48_259_2023_006_TMAX_P85_3D,48259,Kendall,Edwards Plateau,2023-07-09,2023-08-22,45,2,True,False,2023-08-17,107.06,98.96,45,0,0.0,0.8,False,True,long event,"RETAINED - flagged for review, not deleted"
TX,TMAX_P85_3D__w15,TMAX_P85_3D,TMAX,85,3,w15,48_031_2023_011_TMAX_P85_3D,48031,Blanco,Edwards Plateau,2023-07-08,2023-08-21,45,2,True,False,2023-08-17,109.94,99.95,45,0,0.0,19.2,False,False,long event,"RETAINED - flagged for review, not deleted"
TX,TMAX_P85_3D__w15,TMAX_P85_3D,TMAX,85,3,w15,48_053_2023_010_TMAX_P85_3D,48053,Burnet,Edwards Plateau,2023-07-09,2023-08-22,45,2,True,False,2023-08-18,106.46,99.2,45,0,0.0,0.0,False,True,long event,"RETAINED - flagged for review, not deleted"
TX,TMAX_P85_3D__w15,TMAX_P85_3D,TMAX,85,3,w15,48_123_2023_011_TMAX_P85_3D,48123,DeWitt,South Central,2023-07-09,2023-08-22,45,2,True,False,2023-08-18,108.95,101.48,45,0,0.0,1.4,False,True,long event,"RETAINED - flagged for review, not deleted"
TX,TMAX_P85_3D__w15,TMAX_P85_3D,TMAX,85,3,w15,48_259_2022_009_TMAX_P85_3D,48259,Kendall,Edwards Plateau,2022-06-30,2022-08-13,45,3,True,False,2022-07-11,109.04,96.98,45,0,0.0,0.8,False,True,long event,"RETAINED - flagged for review, not deleted"
TX,TMAX_P90_2D__month,TMAX_P90_2D,TMAX,90,2,month,48_031_2023_011_TMAX_P90_2D,48031,Blanco,Edwards Plateau,2023-07-08,2023-08-21,45,2,True,False,2023-08-17,109.94,100.49,45,0,0.0,19.2,False,False,long event,"RETAINED - flagged for review, not deleted"
TX,TMAX_P90_2D__month,TMAX_P90_2D,TMAX,90,2,month,48_055_2023_012_TMAX_P90_2D,48055,Caldwell,South Central,2023-07-08,2023-08-21,45,2,True,False,2023-08-17,109.49,102.47,45,0,0.0,0.1,False,True,long event,"RETAINED - flagged for review, not deleted"
TX,TMAX_P90_2D__month,TMAX_P90_2D,TMAX,90,2,month,48_259_2022_012_TMAX_P90_2D,48259,Kendall,Edwards Plateau,2022-06-30,2022-08-13,45,3,True,False,2022-07-11,109.04,98.06,45,0,0.0,0.8,False,True,long event,"RETAINED - flagged for review, not deleted"
TX,TMAX_P90_2D__month_pm7,TMAX_P90_2D,TMAX,90,2,month_pm7,48_031_2023_010_TMAX_P90_2D,48031,Blanco,Edwards Plateau,2023-07-08,2023-08-21,45,2,True,False,2023-08-17,109.94,100.49,45,0,0.0,19.2,False,False,long event,"RETAINED - flagged for review, not deleted"
TX,TMAX_P90_2D__month_pm7,TMAX_P90_2D,TMAX,90,2,month_pm7,48_259_2022_012_TMAX_P90_2D,48259,Kendall,Edwards Plateau,2022-06-30,2022-08-13,45,3,True,False,2022-07-11,109.04,98.06,45,0,0.0,0.8,False,True,long event,"RETAINED - flagged for review, not deleted"
TX,TMAX_P90_2D__w05,TMAX_P90_2D,TMAX,90,2,w05,48_031_2023_014_TMAX_P90_2D,48031,Blanco,Edwards Plateau,2023-07-08,2023-08-21,45,2,True,False,2023-08-17,109.94,100.49,45,0,0.0,19.2,False,False,long event,"RETAINED - flagged for review, not deleted"
TX,TMAX_P90_2D__w05,TMAX_P90_2D,TMAX,90,2,w05,48_123_2023_013_TMAX_P90_2D,48123,DeWitt,South Central,2023-07-09,2023-08-22,45,2,True,False,2023-08-18,108.95,102.47,45,0,0.0,1.4,False,True,long event,"RETAINED - flagged for review, not deleted"
TX,TMAX_P90_2D__w05,TMAX_P90_2D,TMAX,90,2,w05,48_319_2023_011_TMAX_P90_2D,48319,Mason,Edwards Plateau,2023-07-09,2023-08-22,45,2,True,False,2023-08-17,110.48,100.94,45,0,0.0,0.0,False,True,long event,"RETAINED - flagged for review, not deleted"
TX,TMAX_P90_3D__month,TMAX_P90_3D,TMAX,90,3,month,48_031_2023_008_TMAX_P90_3D,48031,Blanco,Edwards Plateau,2023-07-08,2023-08-21,45,2,True,False,2023-08-17,109.94,100.49,45,0,0.0,19.2,False,False,long event,"RETAINED - flagged for review, not deleted"
TX,TMAX_P90_3D__month,TMAX_P90_3D,TMAX,90,3,month,48_055_2023_007_TMAX_P90_3D,48055,Caldwell,South Central,2023-07-08,2023-08-21,45,2,True,False,2023-08-17,109.49,102.47,45,0,0.0,0.1,False,True,long event,"RETAINED - flagged for review, not deleted"
TX,TMAX_P90_3D__month,TMAX_P90_3D,TMAX,90,3,month,48_259_2022_007_TMAX_P90_3D,48259,Kendall,Edwards Plateau,2022-06-30,2022-08-13,45,3,True,False,2022-07-11,109.04,98.06,45,0,0.0,0.8,False,True,long event,"RETAINED - flagged for review, not deleted"
TX,TMAX_P90_3D__month_pm7,TMAX_P90_3D,TMAX,90,3,month_pm7,48_031_2023_007_TMAX_P90_3D,48031,Blanco,Edwards Plateau,2023-07-08,2023-08-21,45,2,True,False,2023-08-17,109.94,100.49,45,0,0.0,19.2,False,False,long event,"RETAINED - flagged for review, not deleted"
TX,TMAX_P90_3D__month_pm7,TMAX_P90_3D,TMAX,90,3,month_pm7,48_259_2022_007_TMAX_P90_3D,48259,Kendall,Edwards Plateau,2022-06-30,2022-08-13,45,3,True,False,2022-07-11,109.04,98.06,45,0,0.0,0.8,False,True,long event,"RETAINED - flagged for review, not deleted"
TX,TMAX_P90_3D__w05,TMAX_P90_3D,TMAX,90,3,w05,48_031_2023_010_TMAX_P90_3D,48031,Blanco,Edwards Plateau,2023-07-08,2023-08-21,45,2,True,False,2023-08-17,109.94,100.49,45,0,0.0,19.2,False,False,long event,"RETAINED - flagged for review, not deleted"
TX,TMAX_P90_3D__w05,TMAX_P90_3D,TMAX,90,3,w05,48_123_2023_009_TMAX_P90_3D,48123,DeWitt,South Central,2023-07-09,2023-08-22,45,2,True,False,2023-08-18,108.95,102.47,45,0,0.0,1.4,False,True,long event,"RETAINED - flagged for review, not deleted"
TX,TMAX_P90_3D__w05,TMAX_P90_3D,TMAX,90,3,w05,48_319_2023_008_TMAX_P90_3D,48319,Mason,Edwards Plateau,2023-07-09,2023-08-22,45,2,True,False,2023-08-17,110.48,100.94,45,0,0.0,0.0,False,True,long event,"RETAINED - flagged for review, not deleted"
TX,TMAX_P85_2D__month,TMAX_P85_2D,TMAX,85,2,month,48_007_2023_016_TMAX_P85_2D,48007,Aransas,South Central,2023-07-09,2023-08-21,44,2,True,False,2023-08-16,98.54,93.47,44,0,0.0,0.2,False,True,long event,"RETAINED - flagged for review, not deleted"
TX,TMAX_P85_2D__month,TMAX_P85_2D,TMAX,85,2,month,48_123_2023_014_TMAX_P85_2D,48123,DeWitt,South Central,2023-07-10,2023-08-22,44,2,True,False,2023-08-18,108.95,101.03,44,0,0.0,1.4,False,True,long event,"RETAINED - flagged for review, not deleted"
TX,TMAX_P85_2D__month,TMAX_P85_2D,TMAX,85,2,month,48_177_2023_012_TMAX_P85_2D,48177,Gonzales,South Central,2023-07-10,2023-08-22,44,2,True,False,2023-08-18,107.0,100.72,44,0,0.0,0.0,False,True,long event,"RETAINED - flagged for review, not deleted"
TX,TMAX_P85_2D__month,TMAX_P85_2D,TMAX,85,2,month,48_187_2023_012_TMAX_P85_2D,48187,Guadalupe,South Central,2023-07-09,2023-08-21,44,2,True,False,2023-08-10,107.06,100.94,44,0,0.0,0.0,False,True,long event,"RETAINED - flagged for review, not deleted"
TX,TMAX_P85_2D__month,TMAX_P85_2D,TMAX,85,2,month,48_259_2023_010_TMAX_P85_2D,48259,Kendall,Edwards Plateau,2023-07-09,2023-08-21,44,2,True,False,2023-08-17,107.06,98.96,44,0,0.0,0.8,False,True,long event,"RETAINED - flagged for review, not deleted"
TX,TMAX_P85_2D__month,TMAX_P85_2D,TMAX,85,2,month,48_285_2023_011_TMAX_P85_2D,48285,Lavaca,South Central,2023-07-09,2023-08-21,44,2,True,False,2023-08-17,109.04,100.04,44,0,0.0,0.8,False,True,long event,"RETAINED - flagged for review, not deleted"
TX,TMAX_P85_2D__month,TMAX_P85_2D,TMAX,85,2,month,48_321_2023_010_TMAX_P85_2D,48321,Matagorda,Upper Coast,2023-07-09,2023-08-21,44,2,True,False,2023-08-16,103.4,94.28,44,0,0.0,0.0,False,True,long event,"RETAINED - flagged for review, not deleted"
TX,TMAX_P85_2D__month,TMAX_P85_2D,TMAX,85,2,month,48_453_2023_011_TMAX_P85_2D,48453,Travis,South Central,2023-07-09,2023-08-21,44,2,True,False,2023-08-17,107.84,100.96,44,0,0.0,0.0,False,True,long event,"RETAINED - flagged for review, not deleted"
TX,TMAX_P85_2D__month_pm7,TMAX_P85_2D,TMAX,85,2,month_pm7,48_007_2023_012_TMAX_P85_2D,48007,Aransas,South Central,2023-07-09,2023-08-21,44,2,True,False,2023-08-16,98.54,93.38,44,0,0.0,0.2,False,True,long event,"RETAINED - flagged for review, not deleted"
TX,TMAX_P85_2D__month_pm7,TMAX_P85_2D,TMAX,85,2,month_pm7,48_123_2023_012_TMAX_P85_2D,48123,DeWitt,South Central,2023-07-10,2023-08-22,44,2,True,False,2023-08-18,108.95,100.94,44,0,0.0,1.4,False,True,long event,"RETAINED - flagged for review, not deleted"
TX,TMAX_P85_2D__month_pm7,TMAX_P85_2D,TMAX,85,2,month_pm7,48_177_2023_012_TMAX_P85_2D,48177,Gonzales,South Central,2023-07-10,2023-08-22,44,2,True,False,2023-08-18,107.0,100.49,44,0,0.0,0.0,False,True,long event,"RETAINED - flagged for review, not deleted"
TX,TMAX_P85_2D__month_pm7,TMAX_P85_2D,TMAX,85,2,month_pm7,48_187_2023_013_TMAX_P85_2D,48187,Guadalupe,South Central,2023-07-09,2023-08-21,44,2,True,False,2023-08-10,107.06,100.49,44,0,0.0,0.0,False,True,long event,"RETAINED - flagged for review, not deleted"
TX,TMAX_P85_2D__month_pm7,TMAX_P85_2D,TMAX,85,2,month_pm7,48_285_2023_011_TMAX_P85_2D,48285,Lavaca,South Central,2023-07-09,2023-08-21,44,2,True,False,2023-08-17,109.04,100.04,44,0,0.0,0.8,False,True,long event,"RETAINED - flagged for review, not deleted"
TX,TMAX_P85_2D__month_pm7,TMAX_P85_2D,TMAX,85,2,month_pm7,48_453_2023_011_TMAX_P85_2D,48453,Travis,South Central,2023-07-09,2023-08-21,44,2,True,False,2023-08-17,107.84,100.94,44,0,0.0,0.0,False,True,long event,"RETAINED - flagged for review, not deleted"
TX,TMAX_P85_2D__w05,TMAX_P85_2D,TMAX,85,2,w05,48_007_2023_014_TMAX_P85_2D,48007,Aransas,South Central,2023-07-09,2023-08-21,44,2,True,False,2023-08-16,98.54,93.57,44,0,0.0,0.2,False,True,long event,"RETAINED - flagged for review, not deleted"
TX,TMAX_P85_2D__w05,TMAX_P85_2D,TMAX,85,2,w05,48_239_2023_011_TMAX_P85_2D,48239,Jackson,Upper Coast,2023-07-09,2023-08-21,44,2,True,False,2023-08-20,103.74,98.07,44,44,100.0,100.0,True,False,long event AND >=50% imputed days,"RETAINED - flagged for review, not deleted"
TX,TMAX_P85_2D__w05,TMAX_P85_2D,TMAX,85,2,w05,48_321_2023_013_TMAX_P85_2D,48321,Matagorda,Upper Coast,2023-07-09,2023-08-21,44,2,True,False,2023-08-16,103.4,94.34,44,0,0.0,0.0,False,True,long event,"RETAINED - flagged for review, not deleted"
TX,TMAX_P85_2D__w15,TMAX_P85_2D,TMAX,85,2,w15,48_007_2023_014_TMAX_P85_2D,48007,Aransas,South Central,2023-07-09,2023-08-21,44,2,True,False,2023-08-16,98.54,93.52,44,0,0.0,0.2,False,True,long event,"RETAINED - flagged for review, not deleted"
TX,TMAX_P85_2D__w15,TMAX_P85_2D,TMAX,85,2,w15,48_259_2023_011_TMAX_P85_2D,48259,Kendall,Edwards Plateau,2023-07-09,2023-08-21,44,2,True,False,2023-08-17,107.06,98.96,44,0,0.0,0.8,False,True,long event,"RETAINED - flagged for review, not deleted"
TX,TMAX_P85_2D__w15,TMAX_P85_2D,TMAX,85,2,w15,48_321_2023_015_TMAX_P85_2D,48321,Matagorda,Upper Coast,2023-07-09,2023-08-21,44,2,True,False,2023-08-16,103.4,94.64,44,0,0.0,0.0,False,True,long event,"RETAINED - flagged for review, not deleted"
TX,TMAX_P85_3D__month,TMAX_P85_3D,TMAX,85,3,month,48_007_2023_010_TMAX_P85_3D,48007,Aransas,South Central,2023-07-09,2023-08-21,44,2,True,False,2023-08-16,98.54,93.47,44,0,0.0,0.2,False,True,long event,"RETAINED - flagged for review, not deleted"
TX,TMAX_P85_3D__month,TMAX_P85_3D,TMAX,85,3,month,48_123_2023_009_TMAX_P85_3D,48123,DeWitt,South Central,2023-07-10,2023-08-22,44,2,True,False,2023-08-18,108.95,101.03,44,0,0.0,1.4,False,True,long event,"RETAINED - flagged for review, not deleted"
TX,TMAX_P85_3D__month,TMAX_P85_3D,TMAX,85,3,month,48_177_2023_010_TMAX_P85_3D,48177,Gonzales,South Central,2023-07-10,2023-08-22,44,2,True,False,2023-08-18,107.0,100.72,44,0,0.0,0.0,False,True,long event,"RETAINED - flagged for review, not deleted"
TX,TMAX_P85_3D__month,TMAX_P85_3D,TMAX,85,3,month,48_187_2023_008_TMAX_P85_3D,48187,Guadalupe,South Central,2023-07-09,2023-08-21,44,2,True,False,2023-08-10,107.06,100.94,44,0,0.0,0.0,False,True,long event,"RETAINED - flagged for review, not deleted"
TX,TMAX_P85_3D__month,TMAX_P85_3D,TMAX,85,3,month,48_259_2023_007_TMAX_P85_3D,48259,Kendall,Edwards Plateau,2023-07-09,2023-08-21,44,2,True,False,2023-08-17,107.06,98.96,44,0,0.0,0.8,False,True,long event,"RETAINED - flagged for review, not deleted"
TX,TMAX_P85_3D__month,TMAX_P85_3D,TMAX,85,3,month,48_285_2023_009_TMAX_P85_3D,48285,Lavaca,South Central,2023-07-09,2023-08-21,44,2,True,False,2023-08-17,109.04,100.04,44,0,0.0,0.8,False,True,long event,"RETAINED - flagged for review, not deleted"
TX,TMAX_P85_3D__month,TMAX_P85_3D,TMAX,85,3,month,48_321_2023_007_TMAX_P85_3D,48321,Matagorda,Upper Coast,2023-07-09,2023-08-21,44,2,True,False,2023-08-16,103.4,94.28,44,0,0.0,0.0,False,True,long event,"RETAINED - flagged for review, not deleted"
TX,TMAX_P85_3D__month,TMAX_P85_3D,TMAX,85,3,month,48_453_2023_007_TMAX_P85_3D,48453,Travis,South Central,2023-07-09,2023-08-21,44,2,True,False,2023-08-17,107.84,100.96,44,0,0.0,0.0,False,True,long event,"RETAINED - flagged for review, not deleted"
TX,TMAX_P85_3D__month_pm7,TMAX_P85_3D,TMAX,85,3,month_pm7,48_007_2023_008_TMAX_P85_3D,48007,Aransas,South Central,2023-07-09,2023-08-21,44,2,True,False,2023-08-16,98.54,93.38,44,0,0.0,0.2,False,True,long event,"RETAINED - flagged for review, not deleted"
TX,TMAX_P85_3D__month_pm7,TMAX_P85_3D,TMAX,85,3,month_pm7,48_123_2023_008_TMAX_P85_3D,48123,DeWitt,South Central,2023-07-10,2023-08-22,44,2,True,False,2023-08-18,108.95,100.94,44,0,0.0,1.4,False,True,long event,"RETAINED - flagged for review, not deleted"
TX,TMAX_P85_3D__month_pm7,TMAX_P85_3D,TMAX,85,3,month_pm7,48_177_2023_009_TMAX_P85_3D,48177,Gonzales,South Central,2023-07-10,2023-08-22,44,2,True,False,2023-08-18,107.0,100.49,44,0,0.0,0.0,False,True,long event,"RETAINED - flagged for review, not deleted"
TX,TMAX_P85_3D__month_pm7,TMAX_P85_3D,TMAX,85,3,month_pm7,48_187_2023_008_TMAX_P85_3D,48187,Guadalupe,South Central,2023-07-09,2023-08-21,44,2,True,False,2023-08-10,107.06,100.49,44,0,0.0,0.0,False,True,long event,"RETAINED - flagged for review, not deleted"
TX,TMAX_P85_3D__month_pm7,TMAX_P85_3D,TMAX,85,3,month_pm7,48_285_2023_008_TMAX_P85_3D,48285,Lavaca,South Central,2023-07-09,2023-08-21,44,2,True,False,2023-08-17,109.04,100.04,44,0,0.0,0.8,False,True,long event,"RETAINED - flagged for review, not deleted"
TX,TMAX_P85_3D__month_pm7,TMAX_P85_3D,TMAX,85,3,month_pm7,48_453_2023_007_TMAX_P85_3D,48453,Travis,South Central,2023-07-09,2023-08-21,44,2,True,False,2023-08-17,107.84,100.94,44,0,0.0,0.0,False,True,long event,"RETAINED - flagged for review, not deleted"
TX,TMAX_P85_3D__w05,TMAX_P85_3D,TMAX,85,3,w05,48_007_2023_008_TMAX_P85_3D,48007,Aransas,South Central,2023-07-09,2023-08-21,44,2,True,False,2023-08-16,98.54,93.57,44,0,0.0,0.2,False,True,long event,"RETAINED - flagged for review, not deleted"
TX,TMAX_P85_3D__w05,TMAX_P85_3D,TMAX,85,3,w05,48_239_2023_010_TMAX_P85_3D,48239,Jackson,Upper Coast,2023-07-09,2023-08-21,44,2,True,False,2023-08-20,103.74,98.07,44,44,100.0,100.0,True,False,long event AND >=50% imputed days,"RETAINED - flagged for review, not deleted"
TX,TMAX_P85_3D__w05,TMAX_P85_3D,TMAX,85,3,w05,48_321_2023_010_TMAX_P85_3D,48321,Matagorda,Upper Coast,2023-07-09,2023-08-21,44,2,True,False,2023-08-16,103.4,94.34,44,0,0.0,0.0,False,True,long event,"RETAINED - flagged for review, not deleted"
TX,TMAX_P85_3D__w15,TMAX_P85_3D,TMAX,85,3,w15,48_007_2023_008_TMAX_P85_3D,48007,Aransas,South Central,2023-07-09,2023-08-21,44,2,True,False,2023-08-16,98.54,93.52,44,0,0.0,0.2,False,True,long event,"RETAINED - flagged for review, not deleted"
TX,TMAX_P85_3D__w15,TMAX_P85_3D,TMAX,85,3,w15,48_259_2023_006_TMAX_P85_3D,48259,Kendall,Edwards Plateau,2023-07-09,2023-08-21,44,2,True,False,2023-08-17,107.06,98.96,44,0,0.0,0.8,False,True,long event,"RETAINED - flagged for review, not deleted"
TX,TMAX_P85_3D__w15,TMAX_P85_3D,TMAX,85,3,w15,48_321_2023_012_TMAX_P85_3D,48321,Matagorda,Upper Coast,2023-07-09,2023-08-21,44,2,True,False,2023-08-16,103.4,94.64,44,0,0.0,0.0,False,True,long event,"RETAINED - flagged for review, not deleted"
TX,TMAX_P90_2D__month,TMAX_P90_2D,TMAX,90,2,month,48_123_2023_011_TMAX_P90_2D,48123,DeWitt,South Central,2023-07-10,2023-08-22,44,2,True,False,2023-08-18,108.95,102.02,44,0,0.0,1.4,False,True,long event,"RETAINED - flagged for review, not deleted"
TX,TMAX_P90_2D__month,TMAX_P90_2D,TMAX,90,2,month,48_259_2023_008_TMAX_P90_2D,48259,Kendall,Edwards Plateau,2023-07-09,2023-08-21,44,2,True,False,2023-08-17,107.06,98.96,44,0,0.0,0.8,False,True,long event,"RETAINED - flagged for review, not deleted"
TX,TMAX_P90_2D__month_pm7,TMAX_P90_2D,TMAX,90,2,month_pm7,48_123_2023_011_TMAX_P90_2D,48123,DeWitt,South Central,2023-07-10,2023-08-22,44,2,True,False,2023-08-18,108.95,102.02,44,0,0.0,1.4,False,True,long event,"RETAINED - flagged for review, not deleted"
TX,TMAX_P90_2D__month_pm7,TMAX_P90_2D,TMAX,90,2,month_pm7,48_259_2023_008_TMAX_P90_2D,48259,Kendall,Edwards Plateau,2023-07-09,2023-08-21,44,2,True,False,2023-08-17,107.06,98.96,44,0,0.0,0.8,False,True,long event,"RETAINED - flagged for review, not deleted"
TX,TMAX_P90_2D__w05,TMAX_P90_2D,TMAX,90,2,w05,48_259_2022_012_TMAX_P90_2D,48259,Kendall,Edwards Plateau,2022-07-01,2022-08-13,44,2,True,False,2022-07-11,109.04,96.98,44,0,0.0,0.8,False,True,long event,"RETAINED - flagged for review, not deleted"
TX,TMAX_P90_2D__w05,TMAX_P90_2D,TMAX,90,2,w05,48_259_2023_009_TMAX_P90_2D,48259,Kendall,Edwards Plateau,2023-07-09,2023-08-21,44,2,True,False,2023-08-17,107.06,99.5,44,0,0.0,0.8,False,True,long event,"RETAINED - flagged for review, not deleted"
TX,TMAX_P90_2D__w05,TMAX_P90_2D,TMAX,90,2,w05,48_321_2023_010_TMAX_P90_2D,48321,Matagorda,Upper Coast,2023-07-09,2023-08-21,44,2,True,False,2023-08-16,103.4,95.0,44,0,0.0,0.0,False,True,long event,"RETAINED - flagged for review, not deleted"
TX,TMAX_P90_2D__w15,TMAX_P90_2D,TMAX,90,2,w15,48_123_2023_013_TMAX_P90_2D,48123,DeWitt,South Central,2023-07-10,2023-08-22,44,2,True,False,2023-08-18,108.95,102.47,44,0,0.0,1.4,False,True,long event,"RETAINED - flagged for review, not deleted"
TX,TMAX_P90_2D__w15,TMAX_P90_2D,TMAX,90,2,w15,48_259_2022_012_TMAX_P90_2D,48259,Kendall,Edwards Plateau,2022-07-01,2022-08-13,44,2,True,False,2022-07-11,109.04,98.06,44,0,0.0,0.8,False,True,long event,"RETAINED - flagged for review, not deleted"
TX,TMAX_P90_2D__w15,TMAX_P90_2D,TMAX,90,2,w15,48_259_2023_009_TMAX_P90_2D,48259,Kendall,Edwards Plateau,2023-07-09,2023-08-21,44,2,True,False,2023-08-17,107.06,99.5,44,0,0.0,0.8,False,True,long event,"RETAINED - flagged for review, not deleted"
TX,TMAX_P90_2D__w15,TMAX_P90_2D,TMAX,90,2,w15,48_321_2023_010_TMAX_P90_2D,48321,Matagorda,Upper Coast,2023-07-09,2023-08-21,44,2,True,False,2023-08-16,103.4,95.0,44,0,0.0,0.0,False,True,long event,"RETAINED - flagged for review, not deleted"
TX,TMAX_P90_3D__month,TMAX_P90_3D,TMAX,90,3,month,48_123_2023_009_TMAX_P90_3D,48123,DeWitt,South Central,2023-07-10,2023-08-22,44,2,True,False,2023-08-18,108.95,102.02,44,0,0.0,1.4,False,True,long event,"RETAINED - flagged for review, not deleted"
TX,TMAX_P90_3D__month,TMAX_P90_3D,TMAX,90,3,month,48_259_2023_006_TMAX_P90_3D,48259,Kendall,Edwards Plateau,2023-07-09,2023-08-21,44,2,True,False,2023-08-17,107.06,98.96,44,0,0.0,0.8,False,True,long event,"RETAINED - flagged for review, not deleted"
TX,TMAX_P90_3D__month_pm7,TMAX_P90_3D,TMAX,90,3,month_pm7,48_123_2023_009_TMAX_P90_3D,48123,DeWitt,South Central,2023-07-10,2023-08-22,44,2,True,False,2023-08-18,108.95,102.02,44,0,0.0,1.4,False,True,long event,"RETAINED - flagged for review, not deleted"
TX,TMAX_P90_3D__month_pm7,TMAX_P90_3D,TMAX,90,3,month_pm7,48_259_2023_006_TMAX_P90_3D,48259,Kendall,Edwards Plateau,2023-07-09,2023-08-21,44,2,True,False,2023-08-17,107.06,98.96,44,0,0.0,0.8,False,True,long event,"RETAINED - flagged for review, not deleted"
TX,TMAX_P90_3D__w05,TMAX_P90_3D,TMAX,90,3,w05,48_259_2022_009_TMAX_P90_3D,48259,Kendall,Edwards Plateau,2022-07-01,2022-08-13,44,2,True,False,2022-07-11,109.04,96.98,44,0,0.0,0.8,False,True,long event,"RETAINED - flagged for review, not deleted"
TX,TMAX_P90_3D__w05,TMAX_P90_3D,TMAX,90,3,w05,48_259_2023_007_TMAX_P90_3D,48259,Kendall,Edwards Plateau,2023-07-09,2023-08-21,44,2,True,False,2023-08-17,107.06,99.5,44,0,0.0,0.8,False,True,long event,"RETAINED - flagged for review, not deleted"
TX,TMAX_P90_3D__w05,TMAX_P90_3D,TMAX,90,3,w05,48_321_2023_009_TMAX_P90_3D,48321,Matagorda,Upper Coast,2023-07-09,2023-08-21,44,2,True,False,2023-08-16,103.4,95.0,44,0,0.0,0.0,False,True,long event,"RETAINED - flagged for review, not deleted"
TX,TMAX_P90_3D__w15,TMAX_P90_3D,TMAX,90,3,w15,48_123_2023_009_TMAX_P90_3D,48123,DeWitt,South Central,2023-07-10,2023-08-22,44,2,True,False,2023-08-18,108.95,102.47,44,0,0.0,1.4,False,True,long event,"RETAINED - flagged for review, not deleted"
TX,TMAX_P90_3D__w15,TMAX_P90_3D,TMAX,90,3,w15,48_259_2022_008_TMAX_P90_3D,48259,Kendall,Edwards Plateau,2022-07-01,2022-08-13,44,2,True,False,2022-07-11,109.04,98.06,44,0,0.0,0.8,False,True,long event,"RETAINED - flagged for review, not deleted"
TX,TMAX_P90_3D__w15,TMAX_P90_3D,TMAX,90,3,w15,48_259_2023_006_TMAX_P90_3D,48259,Kendall,Edwards Plateau,2023-07-09,2023-08-21,44,2,True,False,2023-08-17,107.06,99.5,44,0,0.0,0.8,False,True,long event,"RETAINED - flagged for review, not deleted"
TX,TMAX_P90_3D__w15,TMAX_P90_3D,TMAX,90,3,w15,48_321_2023_009_TMAX_P90_3D,48321,Matagorda,Upper Coast,2023-07-09,2023-08-21,44,2,True,False,2023-08-16,103.4,95.0,44,0,0.0,0.0,False,True,long event,"RETAINED - flagged for review, not deleted"
TX,TMAX_P95_2D__w15,TMAX_P95_2D,TMAX,95,2,w15,48_199_2023_011_TMAX_P95_2D,48199,Hardin,East Texas,2023-07-16,2023-08-28,44,2,True,False,2023-08-21,111.02,99.89,44,0,0.0,1.3,False,True,long event,"RETAINED - flagged for review, not deleted"
TX,TMAX_P95_3D__w15,TMAX_P95_3D,TMAX,95,3,w15,48_199_2023_006_TMAX_P95_3D,48199,Hardin,East Texas,2023-07-16,2023-08-28,44,2,True,False,2023-08-21,111.02,99.89,44,0,0.0,1.3,False,True,long event,"RETAINED - flagged for review, not deleted"
TX,TMAX_P85_2D__month,TMAX_P85_2D,TMAX,85,2,month,48_025_2023_013_TMAX_P85_2D,48025,Bee,South Central,2023-07-11,2023-08-22,43,2,True,False,2023-08-10,105.98,100.04,43,0,0.0,4.0,False,True,long event,"RETAINED - flagged for review, not deleted"
TX,TMAX_P85_2D__month,TMAX_P85_2D,TMAX,85,2,month,48_239_2023_012_TMAX_P85_2D,48239,Jackson,Upper Coast,2023-07-10,2023-08-21,43,2,True,False,2023-08-20,103.74,98.02,43,43,100.0,100.0,True,False,long event AND >=50% imputed days,"RETAINED - flagged for review, not deleted"
TX,TMAX_P85_2D__month_pm7,TMAX_P85_2D,TMAX,85,2,month_pm7,48_025_2023_013_TMAX_P85_2D,48025,Bee,South Central,2023-07-11,2023-08-22,43,2,True,False,2023-08-10,105.98,100.04,43,0,0.0,4.0,False,True,long event,"RETAINED - flagged for review, not deleted"
TX,TMAX_P85_2D__month_pm7,TMAX_P85_2D,TMAX,85,2,month_pm7,48_239_2023_012_TMAX_P85_2D,48239,Jackson,Upper Coast,2023-07-10,2023-08-21,43,2,True,False,2023-08-20,103.74,97.82,43,43,100.0,100.0,True,False,long event AND >=50% imputed days,"RETAINED - flagged for review, not deleted"
TX,TMAX_P85_2D__w05,TMAX_P85_2D,TMAX,85,2,w05,48_469_2023_013_TMAX_P85_2D,48469,Victoria,Upper Coast,2023-07-10,2023-08-21,43,2,True,False,2023-08-16,105.98,98.68,43,0,0.0,0.0,False,True,long event,"RETAINED - flagged for review, not deleted"
TX,TMAX_P85_2D__w15,TMAX_P85_2D,TMAX,85,2,w15,48_239_2023_010_TMAX_P85_2D,48239,Jackson,Upper Coast,2023-07-10,2023-08-21,43,2,True,False,2023-08-20,103.74,97.92,43,43,100.0,100.0,True,False,long event AND >=50% imputed days,"RETAINED - flagged for review, not deleted"
TX,TMAX_P85_2D__w15,TMAX_P85_2D,TMAX,85,2,w15,48_469_2023_012_TMAX_P85_2D,48469,Victoria,Upper Coast,2023-07-10,2023-08-21,43,2,True,False,2023-08-16,105.98,98.96,43,0,0.0,0.0,False,True,long event,"RETAINED - flagged for review, not deleted"
TX,TMAX_P85_3D__month,TMAX_P85_3D,TMAX,85,3,month,48_025_2023_008_TMAX_P85_3D,48025,Bee,South Central,2023-07-11,2023-08-22,43,2,True,False,2023-08-10,105.98,100.04,43,0,0.0,4.0,False,True,long event,"RETAINED - flagged for review, not deleted"
TX,TMAX_P85_3D__month,TMAX_P85_3D,TMAX,85,3,month,48_239_2023_009_TMAX_P85_3D,48239,Jackson,Upper Coast,2023-07-10,2023-08-21,43,2,True,False,2023-08-20,103.74,98.02,43,43,100.0,100.0,True,False,long event AND >=50% imputed days,"RETAINED - flagged for review, not deleted"
TX,TMAX_P85_3D__month_pm7,TMAX_P85_3D,TMAX,85,3,month_pm7,48_025_2023_008_TMAX_P85_3D,48025,Bee,South Central,2023-07-11,2023-08-22,43,2,True,False,2023-08-10,105.98,100.04,43,0,0.0,4.0,False,True,long event,"RETAINED - flagged for review, not deleted"
TX,TMAX_P85_3D__month_pm7,TMAX_P85_3D,TMAX,85,3,month_pm7,48_239_2023_009_TMAX_P85_3D,48239,Jackson,Upper Coast,2023-07-10,2023-08-21,43,2,True,False,2023-08-20,103.74,97.82,43,43,100.0,100.0,True,False,long event AND >=50% imputed days,"RETAINED - flagged for review, not deleted"
TX,TMAX_P85_3D__w05,TMAX_P85_3D,TMAX,85,3,w05,48_469_2023_011_TMAX_P85_3D,48469,Victoria,Upper Coast,2023-07-10,2023-08-21,43,2,True,False,2023-08-16,105.98,98.68,43,0,0.0,0.0,False,True,long event,"RETAINED - flagged for review, not deleted"
TX,TMAX_P85_3D__w15,TMAX_P85_3D,TMAX,85,3,w15,48_239_2023_010_TMAX_P85_3D,48239,Jackson,Upper Coast,2023-07-10,2023-08-21,43,2,True,False,2023-08-20,103.74,97.92,43,43,100.0,100.0,True,False,long event AND >=50% imputed days,"RETAINED - flagged for review, not deleted"
TX,TMAX_P85_3D__w15,TMAX_P85_3D,TMAX,85,3,w15,48_469_2023_010_TMAX_P85_3D,48469,Victoria,Upper Coast,2023-07-10,2023-08-21,43,2,True,False,2023-08-16,105.98,98.96,43,0,0.0,0.0,False,True,long event,"RETAINED - flagged for review, not deleted"
TX,TMAX_P90_2D__month,TMAX_P90_2D,TMAX,90,2,month,48_321_2023_009_TMAX_P90_2D,48321,Matagorda,Upper Coast,2023-07-10,2023-08-21,43,2,True,False,2023-08-16,103.4,94.81,43,0,0.0,0.0,False,True,long event,"RETAINED - flagged for review, not deleted"
TX,TMAX_P90_2D__month_pm7,TMAX_P90_2D,TMAX,90,2,month_pm7,48_321_2023_009_TMAX_P90_2D,48321,Matagorda,Upper Coast,2023-07-10,2023-08-21,43,2,True,False,2023-08-16,103.4,94.65,43,0,0.0,0.0,False,True,long event,"RETAINED - flagged for review, not deleted"
TX,TMAX_P90_2D__w15,TMAX_P90_2D,TMAX,90,2,w15,48_239_2023_013_TMAX_P90_2D,48239,Jackson,Upper Coast,2023-07-10,2023-08-21,43,2,True,False,2023-08-20,103.74,98.5,43,43,100.0,100.0,True,False,long event AND >=50% imputed days,"RETAINED - flagged for review, not deleted"
TX,TMAX_P90_3D__month,TMAX_P90_3D,TMAX,90,3,month,48_321_2023_008_TMAX_P90_3D,48321,Matagorda,Upper Coast,2023-07-10,2023-08-21,43,2,True,False,2023-08-16,103.4,94.81,43,0,0.0,0.0,False,True,long event,"RETAINED - flagged for review, not deleted"
TX,TMAX_P90_3D__month_pm7,TMAX_P90_3D,TMAX,90,3,month_pm7,48_321_2023_008_TMAX_P90_3D,48321,Matagorda,Upper Coast,2023-07-10,2023-08-21,43,2,True,False,2023-08-16,103.4,94.65,43,0,0.0,0.0,False,True,long event,"RETAINED - flagged for review, not deleted"
TX,TMAX_P90_3D__w15,TMAX_P90_3D,TMAX,90,3,w15,48_239_2023_010_TMAX_P90_3D,48239,Jackson,Upper Coast,2023-07-10,2023-08-21,43,2,True,False,2023-08-20,103.74,98.5,43,43,100.0,100.0,True,False,long event AND >=50% imputed days,"RETAINED - flagged for review, not deleted"
TX,TMAX_P95_2D__w05,TMAX_P95_2D,TMAX,95,2,w05,48_199_2023_010_TMAX_P95_2D,48199,Hardin,East Texas,2023-07-17,2023-08-28,43,2,True,False,2023-08-21,111.02,99.99,43,0,0.0,1.3,False,True,long event,"RETAINED - flagged for review, not deleted"
TX,TMAX_P95_3D__w05,TMAX_P95_3D,TMAX,95,3,w05,48_199_2023_006_TMAX_P95_3D,48199,Hardin,East Texas,2023-07-17,2023-08-28,43,2,True,False,2023-08-21,111.02,99.99,43,0,0.0,1.3,False,True,long event,"RETAINED - flagged for review, not deleted"
TX,TMAX_P85_2D__month,TMAX_P85_2D,TMAX,85,2,month,48_005_2023_012_TMAX_P85_2D,48005,Angelina,East Texas,2023-07-17,2023-08-27,42,2,True,False,2023-08-27,110.48,98.36,42,0,0.0,0.0,False,True,long event,"RETAINED - flagged for review, not deleted"
TX,TMAX_P85_2D__month,TMAX_P85_2D,TMAX,85,2,month,48_395_2023_014_TMAX_P85_2D,48395,Robertson,East Texas,2023-07-17,2023-08-27,42,2,True,False,2023-08-27,111.02,100.94,42,0,0.0,5.3,False,True,long event,"RETAINED - flagged for review, not deleted"
TX,TMAX_P85_2D__month,TMAX_P85_2D,TMAX,85,2,month,48_469_2023_010_TMAX_P85_2D,48469,Victoria,Upper Coast,2023-07-11,2023-08-21,42,2,True,False,2023-08-16,105.98,98.73,42,0,0.0,0.0,False,True,long event,"RETAINED - flagged for review, not deleted"
TX,TMAX_P85_2D__month_pm7,TMAX_P85_2D,TMAX,85,2,month_pm7,48_005_2023_012_TMAX_P85_2D,48005,Angelina,East Texas,2023-07-17,2023-08-27,42,2,True,False,2023-08-27,110.48,98.06,42,0,0.0,0.0,False,True,long event,"RETAINED - flagged for review, not deleted"
TX,TMAX_P85_2D__month_pm7,TMAX_P85_2D,TMAX,85,2,month_pm7,48_395_2023_013_TMAX_P85_2D,48395,Robertson,East Texas,2023-07-17,2023-08-27,42,2,True,False,2023-08-27,111.02,100.04,42,0,0.0,5.3,False,True,long event,"RETAINED - flagged for review, not deleted"
TX,TMAX_P85_2D__month_pm7,TMAX_P85_2D,TMAX,85,2,month_pm7,48_469_2023_010_TMAX_P85_2D,48469,Victoria,Upper Coast,2023-07-11,2023-08-21,42,2,True,False,2023-08-16,105.98,98.31,42,0,0.0,0.0,False,True,long event,"RETAINED - flagged for review, not deleted"
TX,TMAX_P85_2D__w05,TMAX_P85_2D,TMAX,85,2,w05,48_395_2023_015_TMAX_P85_2D,48395,Robertson,East Texas,2023-07-17,2023-08-27,42,2,True,False,2023-08-27,111.02,100.04,42,0,0.0,5.3,False,True,long event,"RETAINED - flagged for review, not deleted"
TX,TMAX_P85_2D__w15,TMAX_P85_2D,TMAX,85,2,w15,48_395_2023_016_TMAX_P85_2D,48395,Robertson,East Texas,2023-07-17,2023-08-27,42,2,True,False,2023-08-27,111.02,100.04,42,0,0.0,5.3,False,True,long event,"RETAINED - flagged for review, not deleted"
TX,TMAX_P85_3D__month,TMAX_P85_3D,TMAX,85,3,month,48_005_2023_008_TMAX_P85_3D,48005,Angelina,East Texas,2023-07-17,2023-08-27,42,2,True,False,2023-08-27,110.48,98.36,42,0,0.0,0.0,False,True,long event,"RETAINED - flagged for review, not deleted"
TX,TMAX_P85_3D__month,TMAX_P85_3D,TMAX,85,3,month,48_395_2023_009_TMAX_P85_3D,48395,Robertson,East Texas,2023-07-17,2023-08-27,42,2,True,False,2023-08-27,111.02,100.94,42,0,0.0,5.3,False,True,long event,"RETAINED - flagged for review, not deleted"
TX,TMAX_P85_3D__month,TMAX_P85_3D,TMAX,85,3,month,48_469_2023_007_TMAX_P85_3D,48469,Victoria,Upper Coast,2023-07-11,2023-08-21,42,2,True,False,2023-08-16,105.98,98.73,42,0,0.0,0.0,False,True,long event,"RETAINED - flagged for review, not deleted"
TX,TMAX_P85_3D__month_pm7,TMAX_P85_3D,TMAX,85,3,month_pm7,48_005_2023_008_TMAX_P85_3D,48005,Angelina,East Texas,2023-07-17,2023-08-27,42,2,True,False,2023-08-27,110.48,98.06,42,0,0.0,0.0,False,True,long event,"RETAINED - flagged for review, not deleted"
TX,TMAX_P85_3D__month_pm7,TMAX_P85_3D,TMAX,85,3,month_pm7,48_395_2023_009_TMAX_P85_3D,48395,Robertson,East Texas,2023-07-17,2023-08-27,42,2,True,False,2023-08-27,111.02,100.04,42,0,0.0,5.3,False,True,long event,"RETAINED - flagged for review, not deleted"
TX,TMAX_P85_3D__month_pm7,TMAX_P85_3D,TMAX,85,3,month_pm7,48_469_2023_007_TMAX_P85_3D,48469,Victoria,Upper Coast,2023-07-11,2023-08-21,42,2,True,False,2023-08-16,105.98,98.31,42,0,0.0,0.0,False,True,long event,"RETAINED - flagged for review, not deleted"
TX,TMAX_P85_3D__w05,TMAX_P85_3D,TMAX,85,3,w05,48_395_2023_009_TMAX_P85_3D,48395,Robertson,East Texas,2023-07-17,2023-08-27,42,2,True,False,2023-08-27,111.02,100.04,42,0,0.0,5.3,False,True,long event,"RETAINED - flagged for review, not deleted"
TX,TMAX_P85_3D__w15,TMAX_P85_3D,TMAX,85,3,w15,48_395_2023_009_TMAX_P85_3D,48395,Robertson,East Texas,2023-07-17,2023-08-27,42,2,True,False,2023-08-27,111.02,100.04,42,0,0.0,5.3,False,True,long event,"RETAINED - flagged for review, not deleted"
TX,TMAX_P90_2D__month,TMAX_P90_2D,TMAX,90,2,month,48_239_2023_011_TMAX_P90_2D,48239,Jackson,Upper Coast,2023-07-11,2023-08-21,42,2,True,False,2023-08-20,103.74,98.54,42,42,100.0,100.0,True,False,long event AND >=50% imputed days,"RETAINED - flagged for review, not deleted"
TX,TMAX_P90_2D__month,TMAX_P90_2D,TMAX,90,2,month,48_469_2023_011_TMAX_P90_2D,48469,Victoria,Upper Coast,2023-07-11,2023-08-21,42,2,True,False,2023-08-16,105.98,99.28,42,0,0.0,0.0,False,True,long event,"RETAINED - flagged for review, not deleted"
TX,TMAX_P90_2D__month_pm7,TMAX_P90_2D,TMAX,90,2,month_pm7,48_239_2023_011_TMAX_P90_2D,48239,Jackson,Upper Coast,2023-07-11,2023-08-21,42,2,True,False,2023-08-20,103.74,98.38,42,42,100.0,100.0,True,False,long event AND >=50% imputed days,"RETAINED - flagged for review, not deleted"
TX,TMAX_P90_2D__w05,TMAX_P90_2D,TMAX,90,2,w05,48_239_2023_014_TMAX_P90_2D,48239,Jackson,Upper Coast,2023-07-11,2023-08-21,42,2,True,False,2023-08-20,103.74,98.51,42,42,100.0,100.0,True,False,long event AND >=50% imputed days,"RETAINED - flagged for review, not deleted"
TX,TMAX_P90_3D__month,TMAX_P90_3D,TMAX,90,3,month,48_239_2023_008_TMAX_P90_3D,48239,Jackson,Upper Coast,2023-07-11,2023-08-21,42,2,True,False,2023-08-20,103.74,98.54,42,42,100.0,100.0,True,False,long event AND >=50% imputed days,"RETAINED - flagged for review, not deleted"
TX,TMAX_P90_3D__month,TMAX_P90_3D,TMAX,90,3,month,48_469_2023_007_TMAX_P90_3D,48469,Victoria,Upper Coast,2023-07-11,2023-08-21,42,2,True,False,2023-08-16,105.98,99.28,42,0,0.0,0.0,False,True,long event,"RETAINED - flagged for review, not deleted"
TX,TMAX_P90_3D__month_pm7,TMAX_P90_3D,TMAX,90,3,month_pm7,48_239_2023_008_TMAX_P90_3D,48239,Jackson,Upper Coast,2023-07-11,2023-08-21,42,2,True,False,2023-08-20,103.74,98.38,42,42,100.0,100.0,True,False,long event AND >=50% imputed days,"RETAINED - flagged for review, not deleted"
TX,TMAX_P90_3D__w05,TMAX_P90_3D,TMAX,90,3,w05,48_239_2023_010_TMAX_P90_3D,48239,Jackson,Upper Coast,2023-07-11,2023-08-21,42,2,True,False,2023-08-20,103.74,98.51,42,42,100.0,100.0,True,False,long event AND >=50% imputed days,"RETAINED - flagged for review, not deleted"
TX,MHI_P85_2D__w05,MHI_P85_2D,MHI,85,2,w05,48_259_2022_013_MHI_P85_2D,48259,Kendall,Edwards Plateau,2022-07-01,2022-08-09,40,2,True,False,2022-07-20,106.18,88.62,40,0,0.0,0.8,False,True,long event,"RETAINED - flagged for review, not deleted"
TX,MHI_P85_2D__w15,MHI_P85_2D,MHI,85,2,w15,48_259_2022_014_MHI_P85_2D,48259,Kendall,Edwards Plateau,2022-07-01,2022-08-09,40,2,True,False,2022-07-20,106.18,88.92,40,0,0.0,0.8,False,True,long event,"RETAINED - flagged for review, not deleted"
TX,MHI_P90_2D__w05,MHI_P90_2D,MHI,90,2,w05,48_259_2022_012_MHI_P90_2D,48259,Kendall,Edwards Plateau,2022-07-01,2022-08-09,40,2,True,False,2022-07-20,106.18,89.22,40,0,0.0,0.8,False,True,long event,"RETAINED - flagged for review, not deleted"
TX,MHI_P90_3D__w05,MHI_P90_3D,MHI,90,3,w05,48_259_2022_010_MHI_P90_3D,48259,Kendall,Edwards Plateau,2022-07-01,2022-08-09,40,2,True,False,2022-07-20,106.18,89.22,40,0,0.0,0.8,False,True,long event,"RETAINED - flagged for review, not deleted"
TX,TMAX_P85_2D__month,TMAX_P85_2D,TMAX,85,2,month,48_027_2023_013_TMAX_P85_2D,48027,Bell,North Central,2023-07-08,2023-08-14,38,2,True,False,2023-08-10,107.28,100.94,38,0,0.0,0.1,False,True,long event,"RETAINED - flagged for review, not deleted"
TX,TMAX_P85_2D__month,TMAX_P85_2D,TMAX,85,2,month,48_331_2023_010_TMAX_P85_2D,48331,Milam,North Central,2023-07-08,2023-08-14,38,2,True,False,2023-08-09,107.06,100.04,38,0,0.0,26.7,False,False,long event,"RETAINED - flagged for review, not deleted"
TX,TMAX_P85_2D__month_pm7,TMAX_P85_2D,TMAX,85,2,month_pm7,48_027_2023_013_TMAX_P85_2D,48027,Bell,North Central,2023-07-08,2023-08-14,38,2,True,False,2023-08-10,107.28,100.8,38,0,0.0,0.1,False,True,long event,"RETAINED - flagged for review, not deleted"
TX,TMAX_P85_2D__month_pm7,TMAX_P85_2D,TMAX,85,2,month_pm7,48_331_2023_010_TMAX_P85_2D,48331,Milam,North Central,2023-07-08,2023-08-14,38,2,True,False,2023-08-09,107.06,100.04,38,0,0.0,26.7,False,False,long event,"RETAINED - flagged for review, not deleted"
TX,TMAX_P85_2D__w05,TMAX_P85_2D,TMAX,85,2,w05,48_007_2023_015_TMAX_P85_2D,48007,Aransas,South Central,2023-08-24,2023-09-30,38,2,True,False,2023-08-27,99.8,93.92,38,0,0.0,0.2,False,True,long event,"RETAINED - flagged for review, not deleted"
TX,TMAX_P85_2D__w05,TMAX_P85_2D,TMAX,85,2,w05,48_145_2023_012_TMAX_P85_2D,48145,Falls,North Central,2023-07-09,2023-08-15,38,2,True,False,2023-08-10,105.82,100.94,38,38,100.0,88.7,False,False,long event AND >=50% imputed days,"RETAINED - flagged for review, not deleted"
TX,TMAX_P85_2D__w05,TMAX_P85_2D,TMAX,85,2,w05,48_409_2023_017_TMAX_P85_2D,48409,San Patricio,South Central,2023-08-25,2023-10-01,38,3,True,False,2023-08-28,105.08,97.94,38,1,2.6,6.4,False,True,long event,"RETAINED - flagged for review, not deleted"
TX,TMAX_P85_2D__w15,TMAX_P85_2D,TMAX,85,2,w15,48_007_2023_015_TMAX_P85_2D,48007,Aransas,South Central,2023-08-24,2023-09-30,38,2,True,False,2023-08-27,99.8,93.56,38,0,0.0,0.2,False,True,long event,"RETAINED - flagged for review, not deleted"
TX,TMAX_P85_2D__w15,TMAX_P85_2D,TMAX,85,2,w15,48_409_2023_017_TMAX_P85_2D,48409,San Patricio,South Central,2023-08-25,2023-10-01,38,3,True,False,2023-08-28,105.08,97.07,38,1,2.6,6.4,False,True,long event,"RETAINED - flagged for review, not deleted"
TX,TMAX_P85_3D__month,TMAX_P85_3D,TMAX,85,3,month,48_027_2023_008_TMAX_P85_3D,48027,Bell,North Central,2023-07-08,2023-08-14,38,2,True,False,2023-08-10,107.28,100.94,38,0,0.0,0.1,False,True,long event,"RETAINED - flagged for review, not deleted"
TX,TMAX_P85_3D__month,TMAX_P85_3D,TMAX,85,3,month,48_331_2023_006_TMAX_P85_3D,48331,Milam,North Central,2023-07-08,2023-08-14,38,2,True,False,2023-08-09,107.06,100.04,38,0,0.0,26.7,False,False,long event,"RETAINED - flagged for review, not deleted"
TX,TMAX_P85_3D__month_pm7,TMAX_P85_3D,TMAX,85,3,month_pm7,48_027_2023_008_TMAX_P85_3D,48027,Bell,North Central,2023-07-08,2023-08-14,38,2,True,False,2023-08-10,107.28,100.8,38,0,0.0,0.1,False,True,long event,"RETAINED - flagged for review, not deleted"
TX,TMAX_P85_3D__month_pm7,TMAX_P85_3D,TMAX,85,3,month_pm7,48_331_2023_006_TMAX_P85_3D,48331,Milam,North Central,2023-07-08,2023-08-14,38,2,True,False,2023-08-09,107.06,100.04,38,0,0.0,26.7,False,False,long event,"RETAINED - flagged for review, not deleted"
TX,TMAX_P85_3D__w05,TMAX_P85_3D,TMAX,85,3,w05,48_007_2023_009_TMAX_P85_3D,48007,Aransas,South Central,2023-08-24,2023-09-30,38,2,True,False,2023-08-27,99.8,93.92,38,0,0.0,0.2,False,True,long event,"RETAINED - flagged for review, not deleted"
TX,TMAX_P85_3D__w05,TMAX_P85_3D,TMAX,85,3,w05,48_145_2023_007_TMAX_P85_3D,48145,Falls,North Central,2023-07-09,2023-08-15,38,2,True,False,2023-08-10,105.82,100.94,38,38,100.0,88.7,False,False,long event AND >=50% imputed days,"RETAINED - flagged for review, not deleted"
TX,TMAX_P85_3D__w05,TMAX_P85_3D,TMAX,85,3,w05,48_409_2023_012_TMAX_P85_3D,48409,San Patricio,South Central,2023-08-25,2023-10-01,38,3,True,False,2023-08-28,105.08,97.94,38,1,2.6,6.4,False,True,long event,"RETAINED - flagged for review, not deleted"
TX,TMAX_P85_3D__w15,TMAX_P85_3D,TMAX,85,3,w15,48_007_2023_009_TMAX_P85_3D,48007,Aransas,South Central,2023-08-24,2023-09-30,38,2,True,False,2023-08-27,99.8,93.56,38,0,0.0,0.2,False,True,long event,"RETAINED - flagged for review, not deleted"
TX,TMAX_P85_3D__w15,TMAX_P85_3D,TMAX,85,3,w15,48_409_2023_012_TMAX_P85_3D,48409,San Patricio,South Central,2023-08-25,2023-10-01,38,3,True,False,2023-08-28,105.08,97.07,38,1,2.6,6.4,False,True,long event,"RETAINED - flagged for review, not deleted"
TX,TMAX_P90_2D__w05,TMAX_P90_2D,TMAX,90,2,w05,48_007_2023_016_TMAX_P90_2D,48007,Aransas,South Central,2023-07-15,2023-08-21,38,2,True,False,2023-08-16,98.54,94.2,38,0,0.0,0.2,False,True,long event,"RETAINED - flagged for review, not deleted"
TX,TMAX_P90_2D__w15,TMAX_P90_2D,TMAX,90,2,w15,48_007_2023_015_TMAX_P90_2D,48007,Aransas,South Central,2023-07-15,2023-08-21,38,2,True,False,2023-08-16,98.54,94.01,38,0,0.0,0.2,False,True,long event,"RETAINED - flagged for review, not deleted"
TX,TMAX_P90_2D__w15,TMAX_P90_2D,TMAX,90,2,w15,48_007_2023_016_TMAX_P90_2D,48007,Aransas,South Central,2023-08-24,2023-09-30,38,2,True,False,2023-08-27,99.8,94.05,38,0,0.0,0.2,False,True,long event,"RETAINED - flagged for review, not deleted"
TX,TMAX_P90_3D__w05,TMAX_P90_3D,TMAX,90,3,w05,48_007_2023_010_TMAX_P90_3D,48007,Aransas,South Central,2023-07-15,2023-08-21,38,2,True,False,2023-08-16,98.54,94.2,38,0,0.0,0.2,False,True,long event,"RETAINED - flagged for review, not deleted"
TX,TMAX_P90_3D__w15,TMAX_P90_3D,TMAX,90,3,w15,48_007_2023_011_TMAX_P90_3D,48007,Aransas,South Central,2023-07-15,2023-08-21,38,2,True,False,2023-08-16,98.54,94.01,38,0,0.0,0.2,False,True,long event,"RETAINED - flagged for review, not deleted"
TX,TMAX_P90_3D__w15,TMAX_P90_3D,TMAX,90,3,w15,48_007_2023_012_TMAX_P90_3D,48007,Aransas,South Central,2023-08-24,2023-09-30,38,2,True,False,2023-08-27,99.8,94.05,38,0,0.0,0.2,False,True,long event,"RETAINED - flagged for review, not deleted"
TX,TMAX_P95_2D__month,TMAX_P95_2D,TMAX,95,2,month,48_321_2023_006_TMAX_P95_2D,48321,Matagorda,Upper Coast,2023-07-15,2023-08-21,38,2,True,False,2023-08-16,103.4,95.66,38,0,0.0,0.0,False,True,long event,"RETAINED - flagged for review, not deleted"
TX,TMAX_P95_2D__month_pm7,TMAX_P95_2D,TMAX,95,2,month_pm7,48_321_2023_006_TMAX_P95_2D,48321,Matagorda,Upper Coast,2023-07-15,2023-08-21,38,2,True,False,2023-08-16,103.4,95.5,38,0,0.0,0.0,False,True,long event,"RETAINED - flagged for review, not deleted"
TX,TMAX_P95_2D__w05,TMAX_P95_2D,TMAX,95,2,w05,48_321_2023_007_TMAX_P95_2D,48321,Matagorda,Upper Coast,2023-07-15,2023-08-21,38,2,True,False,2023-08-16,103.4,95.66,38,0,0.0,0.0,False,True,long event,"RETAINED - flagged for review, not deleted"
TX,TMAX_P95_3D__month,TMAX_P95_3D,TMAX,95,3,month,48_321_2023_005_TMAX_P95_3D,48321,Matagorda,Upper Coast,2023-07-15,2023-08-21,38,2,True,False,2023-08-16,103.4,95.66,38,0,0.0,0.0,False,True,long event,"RETAINED - flagged for review, not deleted"
TX,TMAX_P95_3D__month_pm7,TMAX_P95_3D,TMAX,95,3,month_pm7,48_321_2023_005_TMAX_P95_3D,48321,Matagorda,Upper Coast,2023-07-15,2023-08-21,38,2,True,False,2023-08-16,103.4,95.5,38,0,0.0,0.0,False,True,long event,"RETAINED - flagged for review, not deleted"
TX,TMAX_P95_3D__w05,TMAX_P95_3D,TMAX,95,3,w05,48_321_2023_006_TMAX_P95_3D,48321,Matagorda,Upper Coast,2023-07-15,2023-08-21,38,2,True,False,2023-08-16,103.4,95.66,38,0,0.0,0.0,False,True,long event,"RETAINED - flagged for review, not deleted"
TX,TMIN_P85_2D__month,TMIN_P85_2D,TMIN,85,2,month,48_471_2023_011_TMIN_P85_2D,48471,Walker,East Texas,2023-07-09,2023-08-15,38,2,True,False,2023-08-11,82.49,76.46,38,0,0.0,0.0,False,True,long event,"RETAINED - flagged for review, not deleted"
TX,TMIN_P85_2D__month_pm7,TMIN_P85_2D,TMIN,85,2,month_pm7,48_471_2023_012_TMIN_P85_2D,48471,Walker,East Texas,2023-07-09,2023-08-15,38,2,True,False,2023-08-11,82.49,76.01,38,0,0.0,0.0,False,True,long event,"RETAINED - flagged for review, not deleted"
TX,TMIN_P85_3D__month,TMIN_P85_3D,TMIN,85,3,month,48_471_2023_007_TMIN_P85_3D,48471,Walker,East Texas,2023-07-09,2023-08-15,38,2,True,False,2023-08-11,82.49,76.46,38,0,0.0,0.0,False,True,long event,"RETAINED - flagged for review, not deleted"
TX,TMIN_P85_3D__month_pm7,TMIN_P85_3D,TMIN,85,3,month_pm7,48_471_2023_008_TMIN_P85_3D,48471,Walker,East Texas,2023-07-09,2023-08-15,38,2,True,False,2023-08-11,82.49,76.01,38,0,0.0,0.0,False,True,long event,"RETAINED - flagged for review, not deleted"
TX,TMAX_P85_2D__month,TMAX_P85_2D,TMAX,85,2,month,48_007_2023_017_TMAX_P85_2D,48007,Aransas,South Central,2023-08-24,2023-09-29,37,2,True,False,2023-08-27,99.8,93.47,37,0,0.0,0.2,False,True,long event,"RETAINED - flagged for review, not deleted"
TX,TMAX_P85_2D__month,TMAX_P85_2D,TMAX,85,2,month,48_057_2023_015_TMAX_P85_2D,48057,Calhoun,Upper Coast,2023-07-16,2023-08-21,37,2,True,False,2023-08-16,99.32,94.46,37,0,0.0,0.1,False,True,long event,"RETAINED - flagged for review, not deleted"
TX,TMAX_P85_2D__month,TMAX_P85_2D,TMAX,85,2,month,48_145_2023_011_TMAX_P85_2D,48145,Falls,North Central,2023-07-10,2023-08-15,37,2,True,False,2023-08-10,105.82,100.04,37,37,100.0,88.7,False,False,long event AND >=50% imputed days,"RETAINED - flagged for review, not deleted"
TX,TMAX_P85_2D__month,TMAX_P85_2D,TMAX,85,2,month,48_281_2023_010_TMAX_P85_2D,48281,Lampasas,Edwards Plateau,2023-07-09,2023-08-14,37,2,True,False,2023-07-18,107.06,99.53,37,2,5.4,80.3,False,False,long event,"RETAINED - flagged for review, not deleted"
TX,TMAX_P85_2D__month,TMAX_P85_2D,TMAX,85,2,month,48_291_2023_012_TMAX_P85_2D,48291,Liberty,Upper Coast,2023-07-10,2023-08-15,37,2,True,False,2023-08-01,102.68,97.0,37,0,0.0,0.0,False,True,long event,"RETAINED - flagged for review, not deleted"
TX,TMAX_P85_2D__month_pm7,TMAX_P85_2D,TMAX,85,2,month_pm7,48_007_2023_013_TMAX_P85_2D,48007,Aransas,South Central,2023-08-24,2023-09-29,37,2,True,False,2023-08-27,99.8,93.38,37,0,0.0,0.2,False,True,long event,"RETAINED - flagged for review, not deleted"
TX,TMAX_P85_2D__month_pm7,TMAX_P85_2D,TMAX,85,2,month_pm7,48_057_2023_012_TMAX_P85_2D,48057,Calhoun,Upper Coast,2023-07-16,2023-08-21,37,2,True,False,2023-08-16,99.32,94.21,37,0,0.0,0.1,False,True,long event,"RETAINED - flagged for review, not deleted"
TX,TMAX_P85_2D__month_pm7,TMAX_P85_2D,TMAX,85,2,month_pm7,48_145_2023_011_TMAX_P85_2D,48145,Falls,North Central,2023-07-10,2023-08-15,37,2,True,False,2023-08-10,105.82,100.04,37,37,100.0,88.7,False,False,long event AND >=50% imputed days,"RETAINED - flagged for review, not deleted"
TX,TMAX_P85_2D__month_pm7,TMAX_P85_2D,TMAX,85,2,month_pm7,48_281_2023_009_TMAX_P85_2D,48281,Lampasas,Edwards Plateau,2023-07-09,2023-08-14,37,2,True,False,2023-07-18,107.06,99.84,37,2,5.4,80.3,False,False,long event,"RETAINED - flagged for review, not deleted"
TX,TMAX_P85_2D__w15,TMAX_P85_2D,TMAX,85,2,w15,48_057_2023_016_TMAX_P85_2D,48057,Calhoun,Upper Coast,2023-07-16,2023-08-21,37,2,True,False,2023-08-16,99.32,94.5,37,0,0.0,0.1,False,True,long event,"RETAINED - flagged for review, not deleted"
TX,TMAX_P85_2D__w15,TMAX_P85_2D,TMAX,85,2,w15,48_291_2023_012_TMAX_P85_2D,48291,Liberty,Upper Coast,2023-07-10,2023-08-15,37,2,True,False,2023-08-01,102.68,96.76,37,0,0.0,0.0,False,True,long event,"RETAINED - flagged for review, not deleted"
TX,TMAX_P85_2D__w15,TMAX_P85_2D,TMAX,85,2,w15,48_319_2022_011_TMAX_P85_2D,48319,Mason,Edwards Plateau,2022-07-01,2022-08-06,37,2,True,False,2022-07-11,109.49,99.24,37,0,0.0,0.0,False,True,long event,"RETAINED - flagged for review, not deleted"
TX,TMAX_P85_3D__month,TMAX_P85_3D,TMAX,85,3,month,48_007_2023_011_TMAX_P85_3D,48007,Aransas,South Central,2023-08-24,2023-09-29,37,2,True,False,2023-08-27,99.8,93.47,37,0,0.0,0.2,False,True,long event,"RETAINED - flagged for review, not deleted"
TX,TMAX_P85_3D__month,TMAX_P85_3D,TMAX,85,3,month,48_057_2023_009_TMAX_P85_3D,48057,Calhoun,Upper Coast,2023-07-16,2023-08-21,37,2,True,False,2023-08-16,99.32,94.46,37,0,0.0,0.1,False,True,long event,"RETAINED - flagged for review, not deleted"
TX,TMAX_P85_3D__month,TMAX_P85_3D,TMAX,85,3,month,48_145_2023_007_TMAX_P85_3D,48145,Falls,North Central,2023-07-10,2023-08-15,37,2,True,False,2023-08-10,105.82,100.04,37,37,100.0,88.7,False,False,long event AND >=50% imputed days,"RETAINED - flagged for review, not deleted"
TX,TMAX_P85_3D__month,TMAX_P85_3D,TMAX,85,3,month,48_281_2023_007_TMAX_P85_3D,48281,Lampasas,Edwards Plateau,2023-07-09,2023-08-14,37,2,True,False,2023-07-18,107.06,99.53,37,2,5.4,80.3,False,False,long event,"RETAINED - flagged for review, not deleted"
TX,TMAX_P85_3D__month,TMAX_P85_3D,TMAX,85,3,month,48_291_2023_006_TMAX_P85_3D,48291,Liberty,Upper Coast,2023-07-10,2023-08-15,37,2,True,False,2023-08-01,102.68,97.0,37,0,0.0,0.0,False,True,long event,"RETAINED - flagged for review, not deleted"
TX,TMAX_P85_3D__month_pm7,TMAX_P85_3D,TMAX,85,3,month_pm7,48_007_2023_009_TMAX_P85_3D,48007,Aransas,South Central,2023-08-24,2023-09-29,37,2,True,False,2023-08-27,99.8,93.38,37,0,0.0,0.2,False,True,long event,"RETAINED - flagged for review, not deleted"
TX,TMAX_P85_3D__month_pm7,TMAX_P85_3D,TMAX,85,3,month_pm7,48_057_2023_008_TMAX_P85_3D,48057,Calhoun,Upper Coast,2023-07-16,2023-08-21,37,2,True,False,2023-08-16,99.32,94.21,37,0,0.0,0.1,False,True,long event,"RETAINED - flagged for review, not deleted"
TX,TMAX_P85_3D__month_pm7,TMAX_P85_3D,TMAX,85,3,month_pm7,48_145_2023_007_TMAX_P85_3D,48145,Falls,North Central,2023-07-10,2023-08-15,37,2,True,False,2023-08-10,105.82,100.04,37,37,100.0,88.7,False,False,long event AND >=50% imputed days,"RETAINED - flagged for review, not deleted"
TX,TMAX_P85_3D__month_pm7,TMAX_P85_3D,TMAX,85,3,month_pm7,48_281_2023_007_TMAX_P85_3D,48281,Lampasas,Edwards Plateau,2023-07-09,2023-08-14,37,2,True,False,2023-07-18,107.06,99.84,37,2,5.4,80.3,False,False,long event,"RETAINED - flagged for review, not deleted"
TX,TMAX_P85_3D__w15,TMAX_P85_3D,TMAX,85,3,w15,48_057_2023_012_TMAX_P85_3D,48057,Calhoun,Upper Coast,2023-07-16,2023-08-21,37,2,True,False,2023-08-16,99.32,94.5,37,0,0.0,0.1,False,True,long event,"RETAINED - flagged for review, not deleted"
TX,TMAX_P85_3D__w15,TMAX_P85_3D,TMAX,85,3,w15,48_291_2023_008_TMAX_P85_3D,48291,Liberty,Upper Coast,2023-07-10,2023-08-15,37,2,True,False,2023-08-01,102.68,96.76,37,0,0.0,0.0,False,True,long event,"RETAINED - flagged for review, not deleted"
TX,TMAX_P85_3D__w15,TMAX_P85_3D,TMAX,85,3,w15,48_319_2022_009_TMAX_P85_3D,48319,Mason,Edwards Plateau,2022-07-01,2022-08-06,37,2,True,False,2022-07-11,109.49,99.24,37,0,0.0,0.0,False,True,long event,"RETAINED - flagged for review, not deleted"
TX,TMAX_P90_2D__month,TMAX_P90_2D,TMAX,90,2,month,48_007_2023_013_TMAX_P90_2D,48007,Aransas,South Central,2023-07-16,2023-08-21,37,2,True,False,2023-08-16,98.54,93.98,37,0,0.0,0.2,False,True,long event,"RETAINED - flagged for review, not deleted"
TX,TMAX_P90_2D__month,TMAX_P90_2D,TMAX,90,2,month,48_319_2023_010_TMAX_P90_2D,48319,Mason,Edwards Plateau,2023-07-09,2023-08-14,37,2,True,False,2023-08-09,108.5,101.48,37,0,0.0,0.0,False,True,long event,"RETAINED - flagged for review, not deleted"
TX,TMAX_P90_2D__month_pm7,TMAX_P90_2D,TMAX,90,2,month_pm7,48_007_2023_011_TMAX_P90_2D,48007,Aransas,South Central,2023-07-16,2023-08-21,37,2,True,False,2023-08-16,98.54,93.92,37,0,0.0,0.2,False,True,long event,"RETAINED - flagged for review, not deleted"
TX,TMAX_P90_2D__month_pm7,TMAX_P90_2D,TMAX,90,2,month_pm7,48_319_2023_010_TMAX_P90_2D,48319,Mason,Edwards Plateau,2023-07-09,2023-08-14,37,2,True,False,2023-08-09,108.5,101.03,37,0,0.0,0.0,False,True,long event,"RETAINED - flagged for review, not deleted"
TX,TMAX_P90_2D__w15,TMAX_P90_2D,TMAX,90,2,w15,48_319_2023_011_TMAX_P90_2D,48319,Mason,Edwards Plateau,2023-07-09,2023-08-14,37,2,True,False,2023-08-09,108.5,102.02,37,0,0.0,0.0,False,True,long event,"RETAINED - flagged for review, not deleted"
TX,TMAX_P90_3D__month,TMAX_P90_3D,TMAX,90,3,month,48_007_2023_010_TMAX_P90_3D,48007,Aransas,South Central,2023-07-16,2023-08-21,37,2,True,False,2023-08-16,98.54,93.98,37,0,0.0,0.2,False,True,long event,"RETAINED - flagged for review, not deleted"
TX,TMAX_P90_3D__month,TMAX_P90_3D,TMAX,90,3,month,48_319_2023_007_TMAX_P90_3D,48319,Mason,Edwards Plateau,2023-07-09,2023-08-14,37,2,True,False,2023-08-09,108.5,101.48,37,0,0.0,0.0,False,True,long event,"RETAINED - flagged for review, not deleted"
TX,TMAX_P90_3D__month_pm7,TMAX_P90_3D,TMAX,90,3,month_pm7,48_007_2023_009_TMAX_P90_3D,48007,Aransas,South Central,2023-07-16,2023-08-21,37,2,True,False,2023-08-16,98.54,93.92,37,0,0.0,0.2,False,True,long event,"RETAINED - flagged for review, not deleted"
TX,TMAX_P90_3D__month_pm7,TMAX_P90_3D,TMAX,90,3,month_pm7,48_319_2023_006_TMAX_P90_3D,48319,Mason,Edwards Plateau,2023-07-09,2023-08-14,37,2,True,False,2023-08-09,108.5,101.03,37,0,0.0,0.0,False,True,long event,"RETAINED - flagged for review, not deleted"
TX,TMAX_P90_3D__w15,TMAX_P90_3D,TMAX,90,3,w15,48_319_2023_007_TMAX_P90_3D,48319,Mason,Edwards Plateau,2023-07-09,2023-08-14,37,2,True,False,2023-08-09,108.5,102.02,37,0,0.0,0.0,False,True,long event,"RETAINED - flagged for review, not deleted"
TX,TMAX_P95_2D__month,TMAX_P95_2D,TMAX,95,2,month,48_007_2023_006_TMAX_P95_2D,48007,Aransas,South Central,2023-07-16,2023-08-21,37,2,True,False,2023-08-16,98.54,94.73,37,0,0.0,0.2,False,True,long event,"RETAINED - flagged for review, not deleted"
TX,TMAX_P95_2D__month_pm7,TMAX_P95_2D,TMAX,95,2,month_pm7,48_007_2023_006_TMAX_P95_2D,48007,Aransas,South Central,2023-07-16,2023-08-21,37,2,True,False,2023-08-16,98.54,94.64,37,0,0.0,0.2,False,True,long event,"RETAINED - flagged for review, not deleted"
TX,TMAX_P95_2D__w05,TMAX_P95_2D,TMAX,95,2,w05,48_007_2023_010_TMAX_P95_2D,48007,Aransas,South Central,2023-07-16,2023-08-21,37,2,True,False,2023-08-16,98.54,94.78,37,0,0.0,0.2,False,True,long event,"RETAINED - flagged for review, not deleted"
TX,TMAX_P95_2D__w15,TMAX_P95_2D,TMAX,95,2,w15,48_007_2023_010_TMAX_P95_2D,48007,Aransas,South Central,2023-07-16,2023-08-21,37,2,True,False,2023-08-16,98.54,94.73,37,0,0.0,0.2,False,True,long event,"RETAINED - flagged for review, not deleted"
TX,TMAX_P95_3D__month,TMAX_P95_3D,TMAX,95,3,month,48_007_2023_006_TMAX_P95_3D,48007,Aransas,South Central,2023-07-16,2023-08-21,37,2,True,False,2023-08-16,98.54,94.73,37,0,0.0,0.2,False,True,long event,"RETAINED - flagged for review, not deleted"
TX,TMAX_P95_3D__month_pm7,TMAX_P95_3D,TMAX,95,3,month_pm7,48_007_2023_005_TMAX_P95_3D,48007,Aransas,South Central,2023-07-16,2023-08-21,37,2,True,False,2023-08-16,98.54,94.64,37,0,0.0,0.2,False,True,long event,"RETAINED - flagged for review, not deleted"
TX,TMAX_P95_3D__w05,TMAX_P95_3D,TMAX,95,3,w05,48_007_2023_008_TMAX_P95_3D,48007,Aransas,South Central,2023-07-16,2023-08-21,37,2,True,False,2023-08-16,98.54,94.78,37,0,0.0,0.2,False,True,long event,"RETAINED - flagged for review, not deleted"
TX,TMAX_P95_3D__w15,TMAX_P95_3D,TMAX,95,3,w15,48_007_2023_007_TMAX_P95_3D,48007,Aransas,South Central,2023-07-16,2023-08-21,37,2,True,False,2023-08-16,98.54,94.73,37,0,0.0,0.2,False,True,long event,"RETAINED - flagged for review, not deleted"
TX,TMIN_P85_2D__month,TMIN_P85_2D,TMIN,85,2,month,48_115_2019_016_TMIN_P85_2D,48115,Dawson,High Plains,2019-09-01,2019-10-06,36,2,True,False,2019-10-01,70.95,55.94,36,36,100.0,65.2,False,False,long event AND >=50% imputed days,"RETAINED - flagged for review, not deleted"
TX,TMIN_P85_3D__month,TMIN_P85_3D,TMIN,85,3,month,48_115_2019_012_TMIN_P85_3D,48115,Dawson,High Plains,2019-09-01,2019-10-06,36,2,True,False,2019-10-01,70.95,55.94,36,36,100.0,65.2,False,False,long event AND >=50% imputed days,"RETAINED - flagged for review, not deleted"
TX,TMAX_P85_2D__w15,TMAX_P85_2D,TMAX,85,2,w15,48_187_2019_005_TMAX_P85_2D,48187,Guadalupe,South Central,2019-09-02,2019-10-06,35,2,True,False,2019-09-19,100.49,94.96,35,0,0.0,0.0,False,True,long event,"RETAINED - flagged for review, not deleted"
TX,TMAX_P85_3D__w15,TMAX_P85_3D,TMAX,85,3,w15,48_187_2019_004_TMAX_P85_3D,48187,Guadalupe,South Central,2019-09-02,2019-10-06,35,2,True,False,2019-09-19,100.49,94.96,35,0,0.0,0.0,False,True,long event,"RETAINED - flagged for review, not deleted"
TX,TMAX_P90_2D__month,TMAX_P90_2D,TMAX,90,2,month,48_407_2023_010_TMAX_P90_2D,48407,San Jacinto,East Texas,2023-07-12,2023-08-15,35,2,True,False,2023-08-11,104.0,100.04,35,35,100.0,100.0,True,False,long event AND >=50% imputed days,"RETAINED - flagged for review, not deleted"
TX,TMAX_P90_2D__month,TMAX_P90_2D,TMAX,90,2,month,48_471_2023_008_TMAX_P90_2D,48471,Walker,East Texas,2023-07-12,2023-08-15,35,2,True,False,2023-08-01,105.53,99.5,35,0,0.0,0.0,False,True,long event,"RETAINED - flagged for review, not deleted"
TX,TMAX_P90_2D__w05,TMAX_P90_2D,TMAX,90,2,w05,48_373_2023_010_TMAX_P90_2D,48373,Polk,East Texas,2023-07-24,2023-08-27,35,2,True,False,2023-08-20,106.6,100.04,35,35,100.0,86.0,False,False,long event AND >=50% imputed days,"RETAINED - flagged for review, not deleted"
TX,TMAX_P90_2D__w15,TMAX_P90_2D,TMAX,90,2,w15,48_407_2023_010_TMAX_P90_2D,48407,San Jacinto,East Texas,2023-07-12,2023-08-15,35,2,True,False,2023-08-11,104.0,100.04,35,35,100.0,100.0,True,False,long event AND >=50% imputed days,"RETAINED - flagged for review, not deleted"
TX,TMAX_P90_3D__month,TMAX_P90_3D,TMAX,90,3,month,48_407_2023_008_TMAX_P90_3D,48407,San Jacinto,East Texas,2023-07-12,2023-08-15,35,2,True,False,2023-08-11,104.0,100.04,35,35,100.0,100.0,True,False,long event AND >=50% imputed days,"RETAINED - flagged for review, not deleted"
TX,TMAX_P90_3D__month,TMAX_P90_3D,TMAX,90,3,month,48_471_2023_006_TMAX_P90_3D,48471,Walker,East Texas,2023-07-12,2023-08-15,35,2,True,False,2023-08-01,105.53,99.5,35,0,0.0,0.0,False,True,long event,"RETAINED - flagged for review, not deleted"
TX,TMAX_P90_3D__w05,TMAX_P90_3D,TMAX,90,3,w05,48_373_2023_007_TMAX_P90_3D,48373,Polk,East Texas,2023-07-24,2023-08-27,35,2,True,False,2023-08-20,106.6,100.04,35,35,100.0,86.0,False,False,long event AND >=50% imputed days,"RETAINED - flagged for review, not deleted"
TX,TMAX_P90_3D__w15,TMAX_P90_3D,TMAX,90,3,w15,48_407_2023_009_TMAX_P90_3D,48407,San Jacinto,East Texas,2023-07-12,2023-08-15,35,2,True,False,2023-08-11,104.0,100.04,35,35,100.0,100.0,True,False,long event AND >=50% imputed days,"RETAINED - flagged for review, not deleted"
TX,TMAX_P85_2D__month_pm7,TMAX_P85_2D,TMAX,85,2,month_pm7,48_489_2019_007_TMAX_P85_2D,48489,Willacy,Lower Valley,2019-07-28,2019-08-30,34,2,True,False,2019-08-13,101.47,96.64,34,34,100.0,30.0,False,False,long event AND >=50% imputed days,"RETAINED - flagged for review, not deleted"
TX,TMAX_P85_2D__w05,TMAX_P85_2D,TMAX,85,2,w05,48_005_2023_015_TMAX_P85_2D,48005,Angelina,East Texas,2023-07-13,2023-08-15,34,2,True,False,2023-08-10,105.98,98.13,34,0,0.0,0.0,False,True,long event,"RETAINED - flagged for review, not deleted"
TX,TMAX_P85_2D__w05,TMAX_P85_2D,TMAX,85,2,w05,48_187_2019_006_TMAX_P85_2D,48187,Guadalupe,South Central,2019-09-03,2019-10-06,34,2,True,False,2019-09-19,100.49,95.0,34,0,0.0,0.0,False,True,long event,"RETAINED - flagged for review, not deleted"
TX,TMAX_P85_3D__month_pm7,TMAX_P85_3D,TMAX,85,3,month_pm7,48_489_2019_006_TMAX_P85_3D,48489,Willacy,Lower Valley,2019-07-28,2019-08-30,34,2,True,False,2019-08-13,101.47,96.64,34,34,100.0,30.0,False,False,long event AND >=50% imputed days,"RETAINED - flagged for review, not deleted"
TX,TMAX_P85_3D__w05,TMAX_P85_3D,TMAX,85,3,w05,48_005_2023_006_TMAX_P85_3D,48005,Angelina,East Texas,2023-07-13,2023-08-15,34,2,True,False,2023-08-10,105.98,98.13,34,0,0.0,0.0,False,True,long event,"RETAINED - flagged for review, not deleted"
TX,TMAX_P85_3D__w05,TMAX_P85_3D,TMAX,85,3,w05,48_187_2019_005_TMAX_P85_3D,48187,Guadalupe,South Central,2019-09-03,2019-10-06,34,2,True,False,2019-09-19,100.49,95.0,34,0,0.0,0.0,False,True,long event,"RETAINED - flagged for review, not deleted"
TX,TMAX_P90_2D__w05,TMAX_P90_2D,TMAX,90,2,w05,48_407_2023_010_TMAX_P90_2D,48407,San Jacinto,East Texas,2023-07-13,2023-08-15,34,2,True,False,2023-08-11,104.0,100.04,34,34,100.0,100.0,True,False,long event AND >=50% imputed days,"RETAINED - flagged for review, not deleted"
TX,TMAX_P90_3D__w05,TMAX_P90_3D,TMAX,90,3,w05,48_407_2023_008_TMAX_P90_3D,48407,San Jacinto,East Texas,2023-07-13,2023-08-15,34,2,True,False,2023-08-11,104.0,100.04,34,34,100.0,100.0,True,False,long event AND >=50% imputed days,"RETAINED - flagged for review, not deleted"
TX,MHI_P85_2D__w15,MHI_P85_2D,MHI,85,2,w15,48_377_2025_021_MHI_P85_2D,48377,Presidio,Trans-Pecos,2025-07-25,2025-08-26,33,2,True,False,2025-08-05,98.19,88.06,33,0,0.0,2.2,False,True,long event,"RETAINED - flagged for review, not deleted"
TX,TMAX_P85_2D__month,TMAX_P85_2D,TMAX,85,2,month,48_409_2023_015_TMAX_P85_2D,48409,San Patricio,South Central,2023-08-25,2023-09-26,33,2,True,False,2023-08-28,105.08,97.52,33,1,3.0,6.4,False,True,long event,"RETAINED - flagged for review, not deleted"
TX,TMAX_P85_2D__month,TMAX_P85_2D,TMAX,85,2,month,48_443_2015_008_TMAX_P85_2D,48443,Terrell,Trans-Pecos,2015-07-18,2015-08-19,33,2,True,False,2015-08-14,105.98,98.96,33,0,0.0,2.6,False,True,long event,"RETAINED - flagged for review, not deleted"
TX,TMAX_P85_2D__month_pm7,TMAX_P85_2D,TMAX,85,2,month_pm7,48_443_2015_008_TMAX_P85_2D,48443,Terrell,Trans-Pecos,2015-07-18,2015-08-19,33,2,True,False,2015-08-14,105.98,99.05,33,0,0.0,2.6,False,True,long event,"RETAINED - flagged for review, not deleted"
TX,TMAX_P85_2D__w05,TMAX_P85_2D,TMAX,85,2,w05,48_443_2015_009_TMAX_P85_2D,48443,Terrell,Trans-Pecos,2015-07-18,2015-08-19,33,2,True,False,2015-08-14,105.98,98.96,33,0,0.0,2.6,False,True,long event,"RETAINED - flagged for review, not deleted"
TX,TMAX_P85_2D__w15,TMAX_P85_2D,TMAX,85,2,w15,48_443_2015_009_TMAX_P85_2D,48443,Terrell,Trans-Pecos,2015-07-18,2015-08-19,33,2,True,False,2015-08-14,105.98,99.05,33,0,0.0,2.6,False,True,long event,"RETAINED - flagged for review, not deleted"
TX,TMAX_P85_3D__month,TMAX_P85_3D,TMAX,85,3,month,48_409_2023_012_TMAX_P85_3D,48409,San Patricio,South Central,2023-08-25,2023-09-26,33,2,True,False,2023-08-28,105.08,97.52,33,1,3.0,6.4,False,True,long event,"RETAINED - flagged for review, not deleted"
TX,TMAX_P85_3D__month,TMAX_P85_3D,TMAX,85,3,month,48_443_2015_004_TMAX_P85_3D,48443,Terrell,Trans-Pecos,2015-07-18,2015-08-19,33,2,True,False,2015-08-14,105.98,98.96,33,0,0.0,2.6,False,True,long event,"RETAINED - flagged for review, not deleted"
TX,TMAX_P85_3D__month_pm7,TMAX_P85_3D,TMAX,85,3,month_pm7,48_443_2015_004_TMAX_P85_3D,48443,Terrell,Trans-Pecos,2015-07-18,2015-08-19,33,2,True,False,2015-08-14,105.98,99.05,33,0,0.0,2.6,False,True,long event,"RETAINED - flagged for review, not deleted"
TX,TMAX_P85_3D__w05,TMAX_P85_3D,TMAX,85,3,w05,48_443_2015_003_TMAX_P85_3D,48443,Terrell,Trans-Pecos,2015-07-18,2015-08-19,33,2,True,False,2015-08-14,105.98,98.96,33,0,0.0,2.6,False,True,long event,"RETAINED - flagged for review, not deleted"
TX,TMAX_P85_3D__w15,TMAX_P85_3D,TMAX,85,3,w15,48_443_2015_003_TMAX_P85_3D,48443,Terrell,Trans-Pecos,2015-07-18,2015-08-19,33,2,True,False,2015-08-14,105.98,99.05,33,0,0.0,2.6,False,True,long event,"RETAINED - flagged for review, not deleted"
TX,TMIN_P85_2D__month,TMIN_P85_2D,TMIN,85,2,month,48_283_2019_016_TMIN_P85_2D,48283,La Salle,South Texas,2019-08-03,2019-09-04,33,2,True,False,2019-08-15,80.96,75.92,33,0,0.0,0.7,False,True,long event,"RETAINED - flagged for review, not deleted"
TX,TMIN_P85_2D__month_pm7,TMIN_P85_2D,TMIN,85,2,month_pm7,48_283_2019_016_TMIN_P85_2D,48283,La Salle,South Texas,2019-08-03,2019-09-04,33,2,True,False,2019-08-15,80.96,75.92,33,0,0.0,0.7,False,True,long event,"RETAINED - flagged for review, not deleted"
TX,TMIN_P85_2D__w05,TMIN_P85_2D,TMIN,85,2,w05,48_377_2025_019_TMIN_P85_2D,48377,Presidio,Trans-Pecos,2025-07-25,2025-08-26,33,2,True,False,2025-08-02,82.04,72.5,33,0,0.0,2.2,False,True,long event,"RETAINED - flagged for review, not deleted"
TX,TMIN_P85_2D__w15,TMIN_P85_2D,TMIN,85,2,w15,48_377_2025_018_TMIN_P85_2D,48377,Presidio,Trans-Pecos,2025-07-25,2025-08-26,33,2,True,False,2025-08-02,82.04,73.34,33,0,0.0,2.2,False,True,long event,"RETAINED - flagged for review, not deleted"
TX,TMIN_P85_3D__month,TMIN_P85_3D,TMIN,85,3,month,48_283_2019_008_TMIN_P85_3D,48283,La Salle,South Texas,2019-08-03,2019-09-04,33,2,True,False,2019-08-15,80.96,75.92,33,0,0.0,0.7,False,True,long event,"RETAINED - flagged for review, not deleted"
TX,TMIN_P85_3D__month_pm7,TMIN_P85_3D,TMIN,85,3,month_pm7,48_283_2019_008_TMIN_P85_3D,48283,La Salle,South Texas,2019-08-03,2019-09-04,33,2,True,False,2019-08-15,80.96,75.92,33,0,0.0,0.7,False,True,long event,"RETAINED - flagged for review, not deleted"
TX,TMIN_P85_3D__w05,TMIN_P85_3D,TMIN,85,3,w05,48_377_2025_017_TMIN_P85_3D,48377,Presidio,Trans-Pecos,2025-07-25,2025-08-26,33,2,True,False,2025-08-02,82.04,72.5,33,0,0.0,2.2,False,True,long event,"RETAINED - flagged for review, not deleted"
TX,TMIN_P85_3D__w15,TMIN_P85_3D,TMIN,85,3,w15,48_377_2025_014_TMIN_P85_3D,48377,Presidio,Trans-Pecos,2025-07-25,2025-08-26,33,2,True,False,2025-08-02,82.04,73.34,33,0,0.0,2.2,False,True,long event,"RETAINED - flagged for review, not deleted"
TX,MHI_P85_2D__w05,MHI_P85_2D,MHI,85,2,w05,48_377_2025_020_MHI_P85_2D,48377,Presidio,Trans-Pecos,2025-07-25,2025-08-25,32,2,True,False,2025-08-05,98.19,88.49,32,0,0.0,2.2,False,True,long event,"RETAINED - flagged for review, not deleted"
TX,TMAX_P85_2D__w05,TMAX_P85_2D,TMAX,85,2,w05,48_057_2023_014_TMAX_P85_2D,48057,Calhoun,Upper Coast,2023-07-16,2023-08-16,32,2,True,False,2023-08-16,99.32,94.87,32,0,0.0,0.1,False,True,long event,"RETAINED - flagged for review, not deleted"
TX,TMAX_P85_2D__w05,TMAX_P85_2D,TMAX,85,2,w05,48_259_2022_009_TMAX_P85_2D,48259,Kendall,Edwards Plateau,2022-05-27,2022-06-27,32,2,True,False,2022-06-12,105.44,93.92,32,0,0.0,0.8,False,True,long event,"RETAINED - flagged for review, not deleted"
TX,TMAX_P85_2D__w15,TMAX_P85_2D,TMAX,85,2,w15,48_259_2022_011_TMAX_P85_2D,48259,Kendall,Edwards Plateau,2022-05-27,2022-06-27,32,2,True,False,2022-06-12,105.44,93.92,32,0,0.0,0.8,False,True,long event,"RETAINED - flagged for review, not deleted"
TX,TMAX_P85_3D__w05,TMAX_P85_3D,TMAX,85,3,w05,48_057_2023_011_TMAX_P85_3D,48057,Calhoun,Upper Coast,2023-07-16,2023-08-16,32,2,True,False,2023-08-16,99.32,94.87,32,0,0.0,0.1,False,True,long event,"RETAINED - flagged for review, not deleted"
TX,TMAX_P85_3D__w05,TMAX_P85_3D,TMAX,85,3,w05,48_259_2022_006_TMAX_P85_3D,48259,Kendall,Edwards Plateau,2022-05-27,2022-06-27,32,2,True,False,2022-06-12,105.44,93.92,32,0,0.0,0.8,False,True,long event,"RETAINED - flagged for review, not deleted"
TX,TMAX_P85_3D__w15,TMAX_P85_3D,TMAX,85,3,w15,48_259_2022_008_TMAX_P85_3D,48259,Kendall,Edwards Plateau,2022-05-27,2022-06-27,32,2,True,False,2022-06-12,105.44,93.92,32,0,0.0,0.8,False,True,long event,"RETAINED - flagged for review, not deleted"
TX,MHI_P85_2D__month,MHI_P85_2D,MHI,85,2,month,48_259_2022_015_MHI_P85_2D,48259,Kendall,Edwards Plateau,2022-07-01,2022-07-31,31,1,False,False,2022-07-20,106.18,88.8,31,0,0.0,0.8,False,True,long event,"RETAINED - flagged for review, not deleted"
TX,MHI_P85_2D__month,MHI_P85_2D,MHI,85,2,month,48_377_2025_021_MHI_P85_2D,48377,Presidio,Trans-Pecos,2025-07-25,2025-08-24,31,2,True,False,2025-08-05,98.19,87.17,31,0,0.0,2.2,False,True,long event,"RETAINED - flagged for review, not deleted"
TX,MHI_P85_2D__month_pm7,MHI_P85_2D,MHI,85,2,month_pm7,48_377_2025_021_MHI_P85_2D,48377,Presidio,Trans-Pecos,2025-07-25,2025-08-24,31,2,True,False,2025-08-05,98.19,86.93,31,0,0.0,2.2,False,True,long event,"RETAINED - flagged for review, not deleted"
TX,MHI_P90_2D__month,MHI_P90_2D,MHI,90,2,month,48_259_2022_013_MHI_P90_2D,48259,Kendall,Edwards Plateau,2022-07-01,2022-07-31,31,1,False,False,2022-07-20,106.18,89.66,31,0,0.0,0.8,False,True,long event,"RETAINED - flagged for review, not deleted"
TX,MHI_P90_2D__month_pm7,MHI_P90_2D,MHI,90,2,month_pm7,48_259_2022_012_MHI_P90_2D,48259,Kendall,Edwards Plateau,2022-07-01,2022-07-31,31,1,False,False,2022-07-20,106.18,89.8,31,0,0.0,0.8,False,True,long event,"RETAINED - flagged for review, not deleted"
TX,MHI_P90_2D__w15,MHI_P90_2D,MHI,90,2,w15,48_259_2022_013_MHI_P90_2D,48259,Kendall,Edwards Plateau,2022-07-01,2022-07-31,31,1,False,False,2022-07-20,106.18,89.71,31,0,0.0,0.8,False,True,long event,"RETAINED - flagged for review, not deleted"
TX,MHI_P90_3D__month,MHI_P90_3D,MHI,90,3,month,48_259_2022_010_MHI_P90_3D,48259,Kendall,Edwards Plateau,2022-07-01,2022-07-31,31,1,False,False,2022-07-20,106.18,89.66,31,0,0.0,0.8,False,True,long event,"RETAINED - flagged for review, not deleted"
TX,MHI_P90_3D__month_pm7,MHI_P90_3D,MHI,90,3,month_pm7,48_259_2022_009_MHI_P90_3D,48259,Kendall,Edwards Plateau,2022-07-01,2022-07-31,31,1,False,False,2022-07-20,106.18,89.8,31,0,0.0,0.8,False,True,long event,"RETAINED - flagged for review, not deleted"
TX,MHI_P90_3D__w15,MHI_P90_3D,MHI,90,3,w15,48_259_2022_010_MHI_P90_3D,48259,Kendall,Edwards Plateau,2022-07-01,2022-07-31,31,1,False,False,2022-07-20,106.18,89.71,31,0,0.0,0.8,False,True,long event,"RETAINED - flagged for review, not deleted"
TX,MHI_P95_2D__month,MHI_P95_2D,MHI,95,2,month,48_259_2022_009_MHI_P95_2D,48259,Kendall,Edwards Plateau,2022-07-01,2022-07-31,31,1,False,False,2022-07-20,106.18,90.82,31,0,0.0,0.8,False,True,long event,"RETAINED - flagged for review, not deleted"
TX,MHI_P95_2D__w05,MHI_P95_2D,MHI,95,2,w05,48_259_2022_010_MHI_P95_2D,48259,Kendall,Edwards Plateau,2022-07-01,2022-07-31,31,1,False,False,2022-07-20,106.18,89.88,31,0,0.0,0.8,False,True,long event,"RETAINED - flagged for review, not deleted"
TX,MHI_P95_2D__w15,MHI_P95_2D,MHI,95,2,w15,48_259_2022_010_MHI_P95_2D,48259,Kendall,Edwards Plateau,2022-07-01,2022-07-31,31,1,False,False,2022-07-20,106.18,90.83,31,0,0.0,0.8,False,True,long event,"RETAINED - flagged for review, not deleted"
TX,TMAX_P85_2D__month,TMAX_P85_2D,TMAX,85,2,month,48_491_2023_012_TMAX_P85_2D,48491,Williamson,North Central,2023-07-29,2023-08-28,31,2,True,False,2023-08-18,106.84,100.64,31,0,0.0,0.0,False,True,long event,"RETAINED - flagged for review, not deleted"
TX,TMAX_P85_2D__month_pm7,TMAX_P85_2D,TMAX,85,2,month_pm7,48_491_2023_012_TMAX_P85_2D,48491,Williamson,North Central,2023-07-29,2023-08-28,31,2,True,False,2023-08-18,106.84,100.45,31,0,0.0,0.0,False,True,long event,"RETAINED - flagged for review, not deleted"
TX,TMAX_P85_2D__w05,TMAX_P85_2D,TMAX,85,2,w05,48_007_2024_007_TMAX_P85_2D,48007,Aransas,South Central,2024-05-19,2024-06-18,31,2,True,False,2024-06-13,95.0,91.17,31,0,0.0,0.2,False,True,long event,"RETAINED - flagged for review, not deleted"
TX,TMAX_P85_2D__w05,TMAX_P85_2D,TMAX,85,2,w05,48_061_2024_009_TMAX_P85_2D,48061,Cameron,Lower Valley,2024-05-18,2024-06-17,31,2,True,False,2024-06-05,98.51,93.02,31,0,0.0,0.0,False,True,long event,"RETAINED - flagged for review, not deleted"
TX,TMAX_P85_2D__w05,TMAX_P85_2D,TMAX,85,2,w05,48_427_2019_014_TMAX_P85_2D,48427,Starr,South Texas,2019-08-02,2019-09-01,31,2,True,False,2019-08-08,111.02,105.35,31,0,0.0,2.1,False,True,long event,"RETAINED - flagged for review, not deleted"
TX,TMAX_P85_2D__w15,TMAX_P85_2D,TMAX,85,2,w15,48_007_2024_009_TMAX_P85_2D,48007,Aransas,South Central,2024-05-19,2024-06-18,31,2,True,False,2024-06-13,95.0,91.34,31,0,0.0,0.2,False,True,long event,"RETAINED - flagged for review, not deleted"
TX,TMAX_P85_2D__w15,TMAX_P85_2D,TMAX,85,2,w15,48_061_2024_008_TMAX_P85_2D,48061,Cameron,Lower Valley,2024-05-18,2024-06-17,31,2,True,False,2024-06-05,98.51,93.29,31,0,0.0,0.0,False,True,long event,"RETAINED - flagged for review, not deleted"
TX,TMAX_P85_2D__w15,TMAX_P85_2D,TMAX,85,2,w15,48_093_2022_012_TMAX_P85_2D,48093,Comanche,North Central,2022-06-29,2022-07-29,31,2,True,False,2022-07-09,111.02,100.04,31,3,9.7,3.9,False,True,long event,"RETAINED - flagged for review, not deleted"
TX,TMAX_P85_2D__w15,TMAX_P85_2D,TMAX,85,2,w15,48_491_2023_012_TMAX_P85_2D,48491,Williamson,North Central,2023-07-29,2023-08-28,31,2,True,False,2023-08-18,106.84,100.64,31,0,0.0,0.0,False,True,long event,"RETAINED - flagged for review, not deleted"
TX,TMAX_P85_3D__month,TMAX_P85_3D,TMAX,85,3,month,48_491_2023_010_TMAX_P85_3D,48491,Williamson,North Central,2023-07-29,2023-08-28,31,2,True,False,2023-08-18,106.84,100.64,31,0,0.0,0.0,False,True,long event,"RETAINED - flagged for review, not deleted"
TX,TMAX_P85_3D__month_pm7,TMAX_P85_3D,TMAX,85,3,month_pm7,48_491_2023_010_TMAX_P85_3D,48491,Williamson,North Central,2023-07-29,2023-08-28,31,2,True,False,2023-08-18,106.84,100.45,31,0,0.0,0.0,False,True,long event,"RETAINED - flagged for review, not deleted"
TX,TMAX_P85_3D__w05,TMAX_P85_3D,TMAX,85,3,w05,48_007_2024_005_TMAX_P85_3D,48007,Aransas,South Central,2024-05-19,2024-06-18,31,2,True,False,2024-06-13,95.0,91.17,31,0,0.0,0.2,False,True,long event,"RETAINED - flagged for review, not deleted"
TX,TMAX_P85_3D__w05,TMAX_P85_3D,TMAX,85,3,w05,48_061_2024_006_TMAX_P85_3D,48061,Cameron,Lower Valley,2024-05-18,2024-06-17,31,2,True,False,2024-06-05,98.51,93.02,31,0,0.0,0.0,False,True,long event,"RETAINED - flagged for review, not deleted"
TX,TMAX_P85_3D__w05,TMAX_P85_3D,TMAX,85,3,w05,48_427_2019_008_TMAX_P85_3D,48427,Starr,South Texas,2019-08-02,2019-09-01,31,2,True,False,2019-08-08,111.02,105.35,31,0,0.0,2.1,False,True,long event,"RETAINED - flagged for review, not deleted"
TX,TMAX_P85_3D__w15,TMAX_P85_3D,TMAX,85,3,w15,48_007_2024_004_TMAX_P85_3D,48007,Aransas,South Central,2024-05-19,2024-06-18,31,2,True,False,2024-06-13,95.0,91.34,31,0,0.0,0.2,False,True,long event,"RETAINED - flagged for review, not deleted"
TX,TMAX_P85_3D__w15,TMAX_P85_3D,TMAX,85,3,w15,48_061_2024_005_TMAX_P85_3D,48061,Cameron,Lower Valley,2024-05-18,2024-06-17,31,2,True,False,2024-06-05,98.51,93.29,31,0,0.0,0.0,False,True,long event,"RETAINED - flagged for review, not deleted"
TX,TMAX_P85_3D__w15,TMAX_P85_3D,TMAX,85,3,w15,48_093_2022_007_TMAX_P85_3D,48093,Comanche,North Central,2022-06-29,2022-07-29,31,2,True,False,2022-07-09,111.02,100.04,31,3,9.7,3.9,False,True,long event,"RETAINED - flagged for review, not deleted"
TX,TMAX_P85_3D__w15,TMAX_P85_3D,TMAX,85,3,w15,48_491_2023_010_TMAX_P85_3D,48491,Williamson,North Central,2023-07-29,2023-08-28,31,2,True,False,2023-08-18,106.84,100.64,31,0,0.0,0.0,False,True,long event,"RETAINED - flagged for review, not deleted"
TX,TMAX_P90_2D__w05,TMAX_P90_2D,TMAX,90,2,w05,48_007_2024_005_TMAX_P90_2D,48007,Aransas,South Central,2024-05-19,2024-06-18,31,2,True,False,2024-06-13,95.0,91.81,31,0,0.0,0.2,False,True,long event,"RETAINED - flagged for review, not deleted"
TX,TMAX_P90_3D__w05,TMAX_P90_3D,TMAX,90,3,w05,48_007_2024_003_TMAX_P90_3D,48007,Aransas,South Central,2024-05-19,2024-06-18,31,2,True,False,2024-06-13,95.0,91.81,31,0,0.0,0.2,False,True,long event,"RETAINED - flagged for review, not deleted"
TX,TMAX_P95_2D__month,TMAX_P95_2D,TMAX,95,2,month,48_351_2023_008_TMAX_P95_2D,48351,Newton,East Texas,2023-07-28,2023-08-27,31,2,True,False,2023-08-20,111.92,100.04,31,0,0.0,0.9,False,True,long event,"RETAINED - flagged for review, not deleted"
TX,TMAX_P95_2D__month_pm7,TMAX_P95_2D,TMAX,95,2,month_pm7,48_351_2023_008_TMAX_P95_2D,48351,Newton,East Texas,2023-07-28,2023-08-27,31,2,True,False,2023-08-20,111.92,100.04,31,0,0.0,0.9,False,True,long event,"RETAINED - flagged for review, not deleted"
TX,TMAX_P95_2D__w15,TMAX_P95_2D,TMAX,95,2,w15,48_351_2023_007_TMAX_P95_2D,48351,Newton,East Texas,2023-07-28,2023-08-27,31,2,True,False,2023-08-20,111.92,100.04,31,0,0.0,0.9,False,True,long event,"RETAINED - flagged for review, not deleted"
TX,TMAX_P95_3D__month,TMAX_P95_3D,TMAX,95,3,month,48_351_2023_003_TMAX_P95_3D,48351,Newton,East Texas,2023-07-28,2023-08-27,31,2,True,False,2023-08-20,111.92,100.04,31,0,0.0,0.9,False,True,long event,"RETAINED - flagged for review, not deleted"
TX,TMAX_P95_3D__month_pm7,TMAX_P95_3D,TMAX,95,3,month_pm7,48_351_2023_003_TMAX_P95_3D,48351,Newton,East Texas,2023-07-28,2023-08-27,31,2,True,False,2023-08-20,111.92,100.04,31,0,0.0,0.9,False,True,long event,"RETAINED - flagged for review, not deleted"
TX,TMAX_P95_3D__w15,TMAX_P95_3D,TMAX,95,3,w15,48_351_2023_004_TMAX_P95_3D,48351,Newton,East Texas,2023-07-28,2023-08-27,31,2,True,False,2023-08-20,111.92,100.04,31,0,0.0,0.9,False,True,long event,"RETAINED - flagged for review, not deleted"
TX,TMIN_P85_2D__month,TMIN_P85_2D,TMIN,85,2,month,48_479_2023_013_TMIN_P85_2D,48479,Webb,South Texas,2023-07-22,2023-08-21,31,2,True,False,2023-08-13,82.94,77.99,31,0,0.0,0.0,False,True,long event,"RETAINED - flagged for review, not deleted"
TX,TMIN_P85_2D__month_pm7,TMIN_P85_2D,TMIN,85,2,month_pm7,48_479_2023_013_TMIN_P85_2D,48479,Webb,South Texas,2023-07-22,2023-08-21,31,2,True,False,2023-08-13,82.94,77.76,31,0,0.0,0.0,False,True,long event,"RETAINED - flagged for review, not deleted"
TX,TMIN_P85_2D__w05,TMIN_P85_2D,TMIN,85,2,w05,48_479_2023_015_TMIN_P85_2D,48479,Webb,South Texas,2023-07-22,2023-08-21,31,2,True,False,2023-08-13,82.94,77.99,31,0,0.0,0.0,False,True,long event,"RETAINED - flagged for review, not deleted"
TX,TMIN_P85_2D__w15,TMIN_P85_2D,TMIN,85,2,w15,48_479_2023_015_TMIN_P85_2D,48479,Webb,South Texas,2023-07-22,2023-08-21,31,2,True,False,2023-08-13,82.94,78.08,31,0,0.0,0.0,False,True,long event,"RETAINED - flagged for review, not deleted"
TX,TMIN_P85_3D__month,TMIN_P85_3D,TMIN,85,3,month,48_479_2023_011_TMIN_P85_3D,48479,Webb,South Texas,2023-07-22,2023-08-21,31,2,True,False,2023-08-13,82.94,77.99,31,0,0.0,0.0,False,True,long event,"RETAINED - flagged for review, not deleted"
TX,TMIN_P85_3D__month_pm7,TMIN_P85_3D,TMIN,85,3,month_pm7,48_479_2023_011_TMIN_P85_3D,48479,Webb,South Texas,2023-07-22,2023-08-21,31,2,True,False,2023-08-13,82.94,77.76,31,0,0.0,0.0,False,True,long event,"RETAINED - flagged for review, not deleted"
TX,TMIN_P85_3D__w05,TMIN_P85_3D,TMIN,85,3,w05,48_479_2023_012_TMIN_P85_3D,48479,Webb,South Texas,2023-07-22,2023-08-21,31,2,True,False,2023-08-13,82.94,77.99,31,0,0.0,0.0,False,True,long event,"RETAINED - flagged for review, not deleted"
TX,TMIN_P85_3D__w15,TMIN_P85_3D,TMIN,85,3,w15,48_479_2023_012_TMIN_P85_3D,48479,Webb,South Texas,2023-07-22,2023-08-21,31,2,True,False,2023-08-13,82.94,78.08,31,0,0.0,0.0,False,True,long event,"RETAINED - flagged for review, not deleted"
TX,MHI_P85_2D__w05,MHI_P85_2D,MHI,85,2,w05,48_321_2023_013_MHI_P85_2D,48321,Matagorda,Upper Coast,2023-07-31,2023-08-29,30,2,True,False,2023-08-12,111.98,99.47,30,0,0.0,0.0,False,True,long event,"RETAINED - flagged for review, not deleted"
TX,TMAX_P85_2D__month,TMAX_P85_2D,TMAX,85,2,month,48_007_2022_015_TMAX_P85_2D,48007,Aransas,South Central,2022-06-15,2022-07-14,30,2,True,False,2022-07-10,97.25,92.48,30,0,0.0,0.2,False,True,long event,"RETAINED - flagged for review, not deleted"
TX,TMAX_P85_2D__w05,TMAX_P85_2D,TMAX,85,2,w05,48_093_2022_012_TMAX_P85_2D,48093,Comanche,North Central,2022-06-30,2022-07-29,30,2,True,False,2022-07-09,111.02,98.96,30,3,10.0,3.9,False,True,long event,"RETAINED - flagged for review, not deleted"
TX,TMAX_P85_2D__w05,TMAX_P85_2D,TMAX,85,2,w05,48_491_2023_013_TMAX_P85_2D,48491,Williamson,North Central,2023-07-30,2023-08-28,30,2,True,False,2023-08-18,106.84,100.5,30,0,0.0,0.0,False,True,long event,"RETAINED - flagged for review, not deleted"
TX,TMAX_P85_2D__w15,TMAX_P85_2D,TMAX,85,2,w15,48_427_2019_016_TMAX_P85_2D,48427,Starr,South Texas,2019-08-03,2019-09-01,30,2,True,False,2019-08-08,111.02,105.08,30,0,0.0,2.1,False,True,long event,"RETAINED - flagged for review, not deleted"
TX,TMAX_P85_3D__month,TMAX_P85_3D,TMAX,85,3,month,48_007_2022_010_TMAX_P85_3D,48007,Aransas,South Central,2022-06-15,2022-07-14,30,2,True,False,2022-07-10,97.25,92.48,30,0,0.0,0.2,False,True,long event,"RETAINED - flagged for review, not deleted"
TX,TMAX_P85_3D__w05,TMAX_P85_3D,TMAX,85,3,w05,48_093_2022_008_TMAX_P85_3D,48093,Comanche,North Central,2022-06-30,2022-07-29,30,2,True,False,2022-07-09,111.02,98.96,30,3,10.0,3.9,False,True,long event,"RETAINED - flagged for review, not deleted"
TX,TMAX_P85_3D__w05,TMAX_P85_3D,TMAX,85,3,w05,48_491_2023_011_TMAX_P85_3D,48491,Williamson,North Central,2023-07-30,2023-08-28,30,2,True,False,2023-08-18,106.84,100.5,30,0,0.0,0.0,False,True,long event,"RETAINED - flagged for review, not deleted"
TX,TMAX_P85_3D__w15,TMAX_P85_3D,TMAX,85,3,w15,48_427_2019_008_TMAX_P85_3D,48427,Starr,South Texas,2019-08-03,2019-09-01,30,2,True,False,2019-08-08,111.02,105.08,30,0,0.0,2.1,False,True,long event,"RETAINED - flagged for review, not deleted"
TX,TMAX_P90_2D__month_pm7,TMAX_P90_2D,TMAX,90,2,month_pm7,48_473_2023_012_TMAX_P90_2D,48473,Waller,East Texas,2023-07-30,2023-08-28,30,2,True,False,2023-08-27,105.71,99.09,30,30,100.0,100.0,True,False,long event AND >=50% imputed days,"RETAINED - flagged for review, not deleted"
TX,TMAX_P90_2D__w15,TMAX_P90_2D,TMAX,90,2,w15,48_473_2023_014_TMAX_P90_2D,48473,Waller,East Texas,2023-07-30,2023-08-28,30,2,True,False,2023-08-27,105.71,98.73,30,30,100.0,100.0,True,False,long event AND >=50% imputed days,"RETAINED - flagged for review, not deleted"
TX,TMAX_P90_3D__month_pm7,TMAX_P90_3D,TMAX,90,3,month_pm7,48_473_2023_010_TMAX_P90_3D,48473,Waller,East Texas,2023-07-30,2023-08-28,30,2,True,False,2023-08-27,105.71,99.09,30,30,100.0,100.0,True,False,long event AND >=50% imputed days,"RETAINED - flagged for review, not deleted"
TX,TMAX_P90_3D__w15,TMAX_P90_3D,TMAX,90,3,w15,48_473_2023_012_TMAX_P90_3D,48473,Waller,East Texas,2023-07-30,2023-08-28,30,2,True,False,2023-08-27,105.71,98.73,30,30,100.0,100.0,True,False,long event AND >=50% imputed days,"RETAINED - flagged for review, not deleted"
TX,TMAX_P95_2D__month,TMAX_P95_2D,TMAX,95,2,month,48_457_2023_006_TMAX_P95_2D,48457,Tyler,East Texas,2023-07-29,2023-08-27,30,2,True,False,2023-08-20,108.32,100.22,30,0,0.0,0.0,False,True,long event,"RETAINED - flagged for review, not deleted"
TX,TMAX_P95_2D__month_pm7,TMAX_P95_2D,TMAX,95,2,month_pm7,48_457_2023_007_TMAX_P95_2D,48457,Tyler,East Texas,2023-07-29,2023-08-27,30,2,True,False,2023-08-20,108.32,99.77,30,0,0.0,0.0,False,True,long event,"RETAINED - flagged for review, not deleted"
TX,TMAX_P95_2D__w05,TMAX_P95_2D,TMAX,95,2,w05,48_457_2023_005_TMAX_P95_2D,48457,Tyler,East Texas,2023-07-29,2023-08-27,30,2,True,False,2023-08-20,108.32,100.51,30,0,0.0,0.0,False,True,long event,"RETAINED - flagged for review, not deleted"
TX,TMAX_P95_2D__w15,TMAX_P95_2D,TMAX,95,2,w15,48_457_2023_005_TMAX_P95_2D,48457,Tyler,East Texas,2023-07-29,2023-08-27,30,2,True,False,2023-08-20,108.32,99.95,30,0,0.0,0.0,False,True,long event,"RETAINED - flagged for review, not deleted"
TX,TMAX_P95_3D__month,TMAX_P95_3D,TMAX,95,3,month,48_457_2023_004_TMAX_P95_3D,48457,Tyler,East Texas,2023-07-29,2023-08-27,30,2,True,False,2023-08-20,108.32,100.22,30,0,0.0,0.0,False,True,long event,"RETAINED - flagged for review, not deleted"
TX,TMAX_P95_3D__month_pm7,TMAX_P95_3D,TMAX,95,3,month_pm7,48_457_2023_005_TMAX_P95_3D,48457,Tyler,East Texas,2023-07-29,2023-08-27,30,2,True,False,2023-08-20,108.32,99.77,30,0,0.0,0.0,False,True,long event,"RETAINED - flagged for review, not deleted"
TX,TMAX_P95_3D__w05,TMAX_P95_3D,TMAX,95,3,w05,48_457_2023_004_TMAX_P95_3D,48457,Tyler,East Texas,2023-07-29,2023-08-27,30,2,True,False,2023-08-20,108.32,100.51,30,0,0.0,0.0,False,True,long event,"RETAINED - flagged for review, not deleted"
TX,TMAX_P95_3D__w15,TMAX_P95_3D,TMAX,95,3,w15,48_457_2023_004_TMAX_P95_3D,48457,Tyler,East Texas,2023-07-29,2023-08-27,30,2,True,False,2023-08-20,108.32,99.95,30,0,0.0,0.0,False,True,long event,"RETAINED - flagged for review, not deleted"
TX,TMIN_P85_2D__month,TMIN_P85_2D,TMIN,85,2,month,48_377_2024_018_TMIN_P85_2D,48377,Presidio,Trans-Pecos,2024-10-01,2024-10-30,30,1,False,False,2024-10-07,71.06,60.48,30,0,0.0,2.2,False,True,long event,"RETAINED - flagged for review, not deleted"
TX,TMIN_P85_3D__month,TMIN_P85_3D,TMIN,85,3,month,48_377_2024_012_TMIN_P85_3D,48377,Presidio,Trans-Pecos,2024-10-01,2024-10-30,30,1,False,False,2024-10-07,71.06,60.48,30,0,0.0,2.2,False,True,long event,"RETAINED - flagged for review, not deleted"
TX,MHI_P85_2D__month,MHI_P85_2D,MHI,85,2,month,48_421_2022_010_MHI_P85_2D,48421,Sherman,High Plains,2022-07-01,2022-07-29,29,1,False,False,2022-07-20,92.08,82.78,29,29,100.0,58.9,False,False,long event AND >=50% imputed days,"RETAINED - flagged for review, not deleted"
TX,MHI_P85_2D__month_pm7,MHI_P85_2D,MHI,85,2,month_pm7,48_421_2022_011_MHI_P85_2D,48421,Sherman,High Plains,2022-07-01,2022-07-29,29,1,False,False,2022-07-20,92.08,82.67,29,29,100.0,58.9,False,False,long event AND >=50% imputed days,"RETAINED - flagged for review, not deleted"
TX,MHI_P85_2D__w05,MHI_P85_2D,MHI,85,2,w05,48_377_2024_013_MHI_P85_2D,48377,Presidio,Trans-Pecos,2024-10-06,2024-11-03,29,2,True,False,2024-10-22,82.11,70.4,29,0,0.0,2.2,False,True,long event,"RETAINED - flagged for review, not deleted"
TX,MHI_P85_2D__w05,MHI_P85_2D,MHI,85,2,w05,48_421_2022_011_MHI_P85_2D,48421,Sherman,High Plains,2022-07-01,2022-07-29,29,1,False,False,2022-07-20,92.08,83.27,29,29,100.0,58.9,False,False,long event AND >=50% imputed days,"RETAINED - flagged for review, not deleted"
TX,MHI_P85_2D__w05,MHI_P85_2D,MHI,85,2,w05,48_427_2019_016_MHI_P85_2D,48427,Starr,South Texas,2019-08-04,2019-09-01,29,2,True,False,2019-08-12,116.29,102.62,29,0,0.0,2.1,False,True,long event,"RETAINED - flagged for review, not deleted"
TX,MHI_P85_2D__w15,MHI_P85_2D,MHI,85,2,w15,48_421_2022_011_MHI_P85_2D,48421,Sherman,High Plains,2022-07-01,2022-07-29,29,1,False,False,2022-07-20,92.08,83.21,29,29,100.0,58.9,False,False,long event AND >=50% imputed days,"RETAINED - flagged for review, not deleted"
TX,MHI_P85_2D__w15,MHI_P85_2D,MHI,85,2,w15,48_427_2019_016_MHI_P85_2D,48427,Starr,South Texas,2019-08-04,2019-09-01,29,2,True,False,2019-08-12,116.29,103.42,29,0,0.0,2.1,False,True,long event,"RETAINED - flagged for review, not deleted"
TX,TMAX_P85_2D__month,TMAX_P85_2D,TMAX,85,2,month,48_019_2023_010_TMAX_P85_2D,48019,Bandera,Edwards Plateau,2023-07-25,2023-08-22,29,2,True,False,2023-08-18,107.96,100.04,29,0,0.0,16.4,False,False,long event,"RETAINED - flagged for review, not deleted"
TX,TMAX_P85_2D__month_pm7,TMAX_P85_2D,TMAX,85,2,month_pm7,48_019_2023_012_TMAX_P85_2D,48019,Bandera,Edwards Plateau,2023-07-25,2023-08-22,29,2,True,False,2023-08-18,107.96,100.04,29,0,0.0,16.4,False,False,long event,"RETAINED - flagged for review, not deleted"
TX,TMAX_P85_2D__month_pm7,TMAX_P85_2D,TMAX,85,2,month_pm7,48_361_2023_015_TMAX_P85_2D,48361,Orange,Upper Coast,2023-07-31,2023-08-28,29,2,True,False,2023-08-28,107.06,94.84,29,0,0.0,2.5,False,True,long event,"RETAINED - flagged for review, not deleted"
TX,TMAX_P85_2D__w05,TMAX_P85_2D,TMAX,85,2,w05,48_041_2023_015_TMAX_P85_2D,48041,Brazos,East Texas,2023-07-30,2023-08-27,29,2,True,False,2023-08-20,111.92,100.94,29,0,0.0,0.1,False,True,long event,"RETAINED - flagged for review, not deleted"
TX,TMAX_P85_2D__w05,TMAX_P85_2D,TMAX,85,2,w05,48_273_2023_010_TMAX_P85_2D,48273,Kleberg,South Central,2023-06-08,2023-07-06,29,2,True,False,2023-06-21,109.49,97.14,29,0,0.0,0.0,False,True,long event,"RETAINED - flagged for review, not deleted"
TX,TMAX_P85_2D__w05,TMAX_P85_2D,TMAX,85,2,w05,48_489_2019_010_TMAX_P85_2D,48489,Willacy,Lower Valley,2019-08-04,2019-09-01,29,2,True,False,2019-08-13,101.47,96.99,29,29,100.0,30.0,False,False,long event AND >=50% imputed days,"RETAINED - flagged for review, not deleted"
TX,TMAX_P85_2D__w15,TMAX_P85_2D,TMAX,85,2,w15,48_041_2023_015_TMAX_P85_2D,48041,Brazos,East Texas,2023-07-30,2023-08-27,29,2,True,False,2023-08-20,111.92,100.94,29,0,0.0,0.1,False,True,long event,"RETAINED - flagged for review, not deleted"
TX,TMAX_P85_2D__w15,TMAX_P85_2D,TMAX,85,2,w15,48_273_2023_009_TMAX_P85_2D,48273,Kleberg,South Central,2023-06-08,2023-07-06,29,2,True,False,2023-06-21,109.49,97.52,29,0,0.0,0.0,False,True,long event,"RETAINED - flagged for review, not deleted"
TX,TMAX_P85_2D__w15,TMAX_P85_2D,TMAX,85,2,w15,48_489_2019_009_TMAX_P85_2D,48489,Willacy,Lower Valley,2019-08-04,2019-09-01,29,2,True,False,2019-08-13,101.47,96.98,29,29,100.0,30.0,False,False,long event AND >=50% imputed days,"RETAINED - flagged for review, not deleted"
TX,TMAX_P85_2D__w15,TMAX_P85_2D,TMAX,85,2,w15,48_491_2022_008_TMAX_P85_2D,48491,Williamson,North Central,2022-07-03,2022-07-31,29,1,False,False,2022-07-11,107.28,99.32,29,0,0.0,0.0,False,True,long event,"RETAINED - flagged for review, not deleted"
TX,TMAX_P85_3D__month,TMAX_P85_3D,TMAX,85,3,month,48_019_2023_006_TMAX_P85_3D,48019,Bandera,Edwards Plateau,2023-07-25,2023-08-22,29,2,True,False,2023-08-18,107.96,100.04,29,0,0.0,16.4,False,False,long event,"RETAINED - flagged for review, not deleted"
TX,TMAX_P85_3D__month_pm7,TMAX_P85_3D,TMAX,85,3,month_pm7,48_019_2023_008_TMAX_P85_3D,48019,Bandera,Edwards Plateau,2023-07-25,2023-08-22,29,2,True,False,2023-08-18,107.96,100.04,29,0,0.0,16.4,False,False,long event,"RETAINED - flagged for review, not deleted"
TX,TMAX_P85_3D__month_pm7,TMAX_P85_3D,TMAX,85,3,month_pm7,48_361_2023_009_TMAX_P85_3D,48361,Orange,Upper Coast,2023-07-31,2023-08-28,29,2,True,False,2023-08-28,107.06,94.84,29,0,0.0,2.5,False,True,long event,"RETAINED - flagged for review, not deleted"
TX,TMAX_P85_3D__w05,TMAX_P85_3D,TMAX,85,3,w05,48_041_2023_009_TMAX_P85_3D,48041,Brazos,East Texas,2023-07-30,2023-08-27,29,2,True,False,2023-08-20,111.92,100.94,29,0,0.0,0.1,False,True,long event,"RETAINED - flagged for review, not deleted"
TX,TMAX_P85_3D__w05,TMAX_P85_3D,TMAX,85,3,w05,48_273_2023_006_TMAX_P85_3D,48273,Kleberg,South Central,2023-06-08,2023-07-06,29,2,True,False,2023-06-21,109.49,97.14,29,0,0.0,0.0,False,True,long event,"RETAINED - flagged for review, not deleted"
TX,TMAX_P85_3D__w05,TMAX_P85_3D,TMAX,85,3,w05,48_489_2019_008_TMAX_P85_3D,48489,Willacy,Lower Valley,2019-08-04,2019-09-01,29,2,True,False,2019-08-13,101.47,96.99,29,29,100.0,30.0,False,False,long event AND >=50% imputed days,"RETAINED - flagged for review, not deleted"
TX,TMAX_P85_3D__w15,TMAX_P85_3D,TMAX,85,3,w15,48_041_2023_009_TMAX_P85_3D,48041,Brazos,East Texas,2023-07-30,2023-08-27,29,2,True,False,2023-08-20,111.92,100.94,29,0,0.0,0.1,False,True,long event,"RETAINED - flagged for review, not deleted"
TX,TMAX_P85_3D__w15,TMAX_P85_3D,TMAX,85,3,w15,48_273_2023_006_TMAX_P85_3D,48273,Kleberg,South Central,2023-06-08,2023-07-06,29,2,True,False,2023-06-21,109.49,97.52,29,0,0.0,0.0,False,True,long event,"RETAINED - flagged for review, not deleted"
TX,TMAX_P85_3D__w15,TMAX_P85_3D,TMAX,85,3,w15,48_489_2019_008_TMAX_P85_3D,48489,Willacy,Lower Valley,2019-08-04,2019-09-01,29,2,True,False,2019-08-13,101.47,96.98,29,29,100.0,30.0,False,False,long event AND >=50% imputed days,"RETAINED - flagged for review, not deleted"
TX,TMAX_P85_3D__w15,TMAX_P85_3D,TMAX,85,3,w15,48_491_2022_006_TMAX_P85_3D,48491,Williamson,North Central,2022-07-03,2022-07-31,29,1,False,False,2022-07-11,107.28,99.32,29,0,0.0,0.0,False,True,long event,"RETAINED - flagged for review, not deleted"
TX,TMAX_P90_2D__month,TMAX_P90_2D,TMAX,90,2,month,48_041_2023_012_TMAX_P90_2D,48041,Brazos,East Texas,2023-07-30,2023-08-27,29,2,True,False,2023-08-20,111.92,100.94,29,0,0.0,0.1,False,True,long event,"RETAINED - flagged for review, not deleted"
TX,TMAX_P90_2D__month_pm7,TMAX_P90_2D,TMAX,90,2,month_pm7,48_041_2023_012_TMAX_P90_2D,48041,Brazos,East Texas,2023-07-30,2023-08-27,29,2,True,False,2023-08-20,111.92,100.94,29,0,0.0,0.1,False,True,long event,"RETAINED - flagged for review, not deleted"
TX,TMAX_P90_2D__month_pm7,TMAX_P90_2D,TMAX,90,2,month_pm7,48_395_2023_014_TMAX_P90_2D,48395,Robertson,East Texas,2023-07-30,2023-08-27,29,2,True,False,2023-08-27,111.02,100.94,29,0,0.0,5.3,False,True,long event,"RETAINED - flagged for review, not deleted"
TX,TMAX_P90_2D__w05,TMAX_P90_2D,TMAX,90,2,w05,48_041_2023_013_TMAX_P90_2D,48041,Brazos,East Texas,2023-07-30,2023-08-27,29,2,True,False,2023-08-20,111.92,102.02,29,0,0.0,0.1,False,True,long event,"RETAINED - flagged for review, not deleted"
TX,TMAX_P90_2D__w05,TMAX_P90_2D,TMAX,90,2,w05,48_185_2023_013_TMAX_P90_2D,48185,Grimes,East Texas,2023-07-30,2023-08-27,29,2,True,False,2023-08-20,106.98,99.83,29,29,100.0,100.0,True,False,long event AND >=50% imputed days,"RETAINED - flagged for review, not deleted"
TX,TMAX_P90_2D__w05,TMAX_P90_2D,TMAX,90,2,w05,48_339_2023_012_TMAX_P90_2D,48339,Montgomery,East Texas,2023-07-30,2023-08-27,29,2,True,False,2023-08-27,109.18,99.02,29,0,0.0,0.0,False,True,long event,"RETAINED - flagged for review, not deleted"
TX,TMAX_P90_2D__w05,TMAX_P90_2D,TMAX,90,2,w05,48_395_2023_015_TMAX_P90_2D,48395,Robertson,East Texas,2023-07-30,2023-08-27,29,2,True,False,2023-08-27,111.02,100.94,29,0,0.0,5.3,False,True,long event,"RETAINED - flagged for review, not deleted"
TX,TMAX_P90_2D__w15,TMAX_P90_2D,TMAX,90,2,w15,48_041_2023_014_TMAX_P90_2D,48041,Brazos,East Texas,2023-07-30,2023-08-27,29,2,True,False,2023-08-20,111.92,100.94,29,0,0.0,0.1,False,True,long event,"RETAINED - flagged for review, not deleted"
TX,TMAX_P90_2D__w15,TMAX_P90_2D,TMAX,90,2,w15,48_185_2023_013_TMAX_P90_2D,48185,Grimes,East Texas,2023-07-30,2023-08-27,29,2,True,False,2023-08-20,106.98,99.51,29,29,100.0,100.0,True,False,long event AND >=50% imputed days,"RETAINED - flagged for review, not deleted"
TX,TMAX_P90_2D__w15,TMAX_P90_2D,TMAX,90,2,w15,48_339_2023_011_TMAX_P90_2D,48339,Montgomery,East Texas,2023-07-30,2023-08-27,29,2,True,False,2023-08-27,109.18,98.96,29,0,0.0,0.0,False,True,long event,"RETAINED - flagged for review, not deleted"
TX,TMAX_P90_3D__month,TMAX_P90_3D,TMAX,90,3,month,48_041_2023_007_TMAX_P90_3D,48041,Brazos,East Texas,2023-07-30,2023-08-27,29,2,True,False,2023-08-20,111.92,100.94,29,0,0.0,0.1,False,True,long event,"RETAINED - flagged for review, not deleted"
TX,TMAX_P90_3D__month_pm7,TMAX_P90_3D,TMAX,90,3,month_pm7,48_041_2023_006_TMAX_P90_3D,48041,Brazos,East Texas,2023-07-30,2023-08-27,29,2,True,False,2023-08-20,111.92,100.94,29,0,0.0,0.1,False,True,long event,"RETAINED - flagged for review, not deleted"
TX,TMAX_P90_3D__month_pm7,TMAX_P90_3D,TMAX,90,3,month_pm7,48_395_2023_008_TMAX_P90_3D,48395,Robertson,East Texas,2023-07-30,2023-08-27,29,2,True,False,2023-08-27,111.02,100.94,29,0,0.0,5.3,False,True,long event,"RETAINED - flagged for review, not deleted"
TX,TMAX_P90_3D__w05,TMAX_P90_3D,TMAX,90,3,w05,48_041_2023_006_TMAX_P90_3D,48041,Brazos,East Texas,2023-07-30,2023-08-27,29,2,True,False,2023-08-20,111.92,102.02,29,0,0.0,0.1,False,True,long event,"RETAINED - flagged for review, not deleted"
TX,TMAX_P90_3D__w05,TMAX_P90_3D,TMAX,90,3,w05,48_185_2023_010_TMAX_P90_3D,48185,Grimes,East Texas,2023-07-30,2023-08-27,29,2,True,False,2023-08-20,106.98,99.83,29,29,100.0,100.0,True,False,long event AND >=50% imputed days,"RETAINED - flagged for review, not deleted"
TX,TMAX_P90_3D__w05,TMAX_P90_3D,TMAX,90,3,w05,48_339_2023_006_TMAX_P90_3D,48339,Montgomery,East Texas,2023-07-30,2023-08-27,29,2,True,False,2023-08-27,109.18,99.02,29,0,0.0,0.0,False,True,long event,"RETAINED - flagged for review, not deleted"
TX,TMAX_P90_3D__w05,TMAX_P90_3D,TMAX,90,3,w05,48_395_2023_009_TMAX_P90_3D,48395,Robertson,East Texas,2023-07-30,2023-08-27,29,2,True,False,2023-08-27,111.02,100.94,29,0,0.0,5.3,False,True,long event,"RETAINED - flagged for review, not deleted"
TX,TMAX_P90_3D__w15,TMAX_P90_3D,TMAX,90,3,w15,48_041_2023_005_TMAX_P90_3D,48041,Brazos,East Texas,2023-07-30,2023-08-27,29,2,True,False,2023-08-20,111.92,100.94,29,0,0.0,0.1,False,True,long event,"RETAINED - flagged for review, not deleted"
TX,TMAX_P90_3D__w15,TMAX_P90_3D,TMAX,90,3,w15,48_185_2023_009_TMAX_P90_3D,48185,Grimes,East Texas,2023-07-30,2023-08-27,29,2,True,False,2023-08-20,106.98,99.51,29,29,100.0,100.0,True,False,long event AND >=50% imputed days,"RETAINED - flagged for review, not deleted"
TX,TMAX_P90_3D__w15,TMAX_P90_3D,TMAX,90,3,w15,48_339_2023_007_TMAX_P90_3D,48339,Montgomery,East Texas,2023-07-30,2023-08-27,29,2,True,False,2023-08-27,109.18,98.96,29,0,0.0,0.0,False,True,long event,"RETAINED - flagged for review, not deleted"
TX,TMAX_P95_2D__month,TMAX_P95_2D,TMAX,95,2,month,48_041_2023_009_TMAX_P95_2D,48041,Brazos,East Texas,2023-07-30,2023-08-27,29,2,True,False,2023-08-20,111.92,102.92,29,0,0.0,0.1,False,True,long event,"RETAINED - flagged for review, not deleted"
TX,TMAX_P95_2D__month,TMAX_P95_2D,TMAX,95,2,month,48_339_2023_008_TMAX_P95_2D,48339,Montgomery,East Texas,2023-07-30,2023-08-27,29,2,True,False,2023-08-27,109.18,101.0,29,0,0.0,0.0,False,True,long event,"RETAINED - flagged for review, not deleted"
TX,TMAX_P95_2D__month_pm7,TMAX_P95_2D,TMAX,95,2,month_pm7,48_041_2023_007_TMAX_P95_2D,48041,Brazos,East Texas,2023-07-30,2023-08-27,29,2,True,False,2023-08-20,111.92,102.92,29,0,0.0,0.1,False,True,long event,"RETAINED - flagged for review, not deleted"
TX,TMAX_P95_2D__month_pm7,TMAX_P95_2D,TMAX,95,2,month_pm7,48_339_2023_006_TMAX_P95_2D,48339,Montgomery,East Texas,2023-07-30,2023-08-27,29,2,True,False,2023-08-27,109.18,100.94,29,0,0.0,0.0,False,True,long event,"RETAINED - flagged for review, not deleted"
TX,TMAX_P95_2D__w05,TMAX_P95_2D,TMAX,95,2,w05,48_041_2023_009_TMAX_P95_2D,48041,Brazos,East Texas,2023-07-30,2023-08-27,29,2,True,False,2023-08-20,111.92,102.06,29,0,0.0,0.1,False,True,long event,"RETAINED - flagged for review, not deleted"
TX,TMAX_P95_2D__w05,TMAX_P95_2D,TMAX,95,2,w05,48_339_2023_009_TMAX_P95_2D,48339,Montgomery,East Texas,2023-07-30,2023-08-27,29,2,True,False,2023-08-27,109.18,100.04,29,0,0.0,0.0,False,True,long event,"RETAINED - flagged for review, not deleted"
TX,TMAX_P95_2D__w15,TMAX_P95_2D,TMAX,95,2,w15,48_041_2023_007_TMAX_P95_2D,48041,Brazos,East Texas,2023-07-30,2023-08-27,29,2,True,False,2023-08-20,111.92,102.02,29,0,0.0,0.1,False,True,long event,"RETAINED - flagged for review, not deleted"
TX,TMAX_P95_2D__w15,TMAX_P95_2D,TMAX,95,2,w15,48_339_2023_008_TMAX_P95_2D,48339,Montgomery,East Texas,2023-07-30,2023-08-27,29,2,True,False,2023-08-27,109.18,100.77,29,0,0.0,0.0,False,True,long event,"RETAINED - flagged for review, not deleted"
TX,TMAX_P95_3D__month,TMAX_P95_3D,TMAX,95,3,month,48_041_2023_006_TMAX_P95_3D,48041,Brazos,East Texas,2023-07-30,2023-08-27,29,2,True,False,2023-08-20,111.92,102.92,29,0,0.0,0.1,False,True,long event,"RETAINED - flagged for review, not deleted"
TX,TMAX_P95_3D__month,TMAX_P95_3D,TMAX,95,3,month,48_339_2023_006_TMAX_P95_3D,48339,Montgomery,East Texas,2023-07-30,2023-08-27,29,2,True,False,2023-08-27,109.18,101.0,29,0,0.0,0.0,False,True,long event,"RETAINED - flagged for review, not deleted"
TX,TMAX_P95_3D__month_pm7,TMAX_P95_3D,TMAX,95,3,month_pm7,48_041_2023_006_TMAX_P95_3D,48041,Brazos,East Texas,2023-07-30,2023-08-27,29,2,True,False,2023-08-20,111.92,102.92,29,0,0.0,0.1,False,True,long event,"RETAINED - flagged for review, not deleted"
TX,TMAX_P95_3D__month_pm7,TMAX_P95_3D,TMAX,95,3,month_pm7,48_339_2023_005_TMAX_P95_3D,48339,Montgomery,East Texas,2023-07-30,2023-08-27,29,2,True,False,2023-08-27,109.18,100.94,29,0,0.0,0.0,False,True,long event,"RETAINED - flagged for review, not deleted"
TX,TMAX_P95_3D__w05,TMAX_P95_3D,TMAX,95,3,w05,48_041_2023_003_TMAX_P95_3D,48041,Brazos,East Texas,2023-07-30,2023-08-27,29,2,True,False,2023-08-20,111.92,102.06,29,0,0.0,0.1,False,True,long event,"RETAINED - flagged for review, not deleted"
TX,TMAX_P95_3D__w05,TMAX_P95_3D,TMAX,95,3,w05,48_339_2023_006_TMAX_P95_3D,48339,Montgomery,East Texas,2023-07-30,2023-08-27,29,2,True,False,2023-08-27,109.18,100.04,29,0,0.0,0.0,False,True,long event,"RETAINED - flagged for review, not deleted"
TX,TMAX_P95_3D__w15,TMAX_P95_3D,TMAX,95,3,w15,48_041_2023_004_TMAX_P95_3D,48041,Brazos,East Texas,2023-07-30,2023-08-27,29,2,True,False,2023-08-20,111.92,102.02,29,0,0.0,0.1,False,True,long event,"RETAINED - flagged for review, not deleted"
TX,TMAX_P95_3D__w15,TMAX_P95_3D,TMAX,95,3,w15,48_339_2023_006_TMAX_P95_3D,48339,Montgomery,East Texas,2023-07-30,2023-08-27,29,2,True,False,2023-08-27,109.18,100.77,29,0,0.0,0.0,False,True,long event,"RETAINED - flagged for review, not deleted"
TX,TMIN_P85_2D__month,TMIN_P85_2D,TMIN,85,2,month,48_115_2023_015_TMIN_P85_2D,48115,Dawson,High Plains,2023-07-17,2023-08-14,29,2,True,False,2023-08-12,79.17,69.08,29,29,100.0,65.2,False,False,long event AND >=50% imputed days,"RETAINED - flagged for review, not deleted"
TX,TMIN_P85_2D__month_pm7,TMIN_P85_2D,TMIN,85,2,month_pm7,48_115_2023_015_TMIN_P85_2D,48115,Dawson,High Plains,2023-07-17,2023-08-14,29,2,True,False,2023-08-12,79.17,69.08,29,29,100.0,65.2,False,False,long event AND >=50% imputed days,"RETAINED - flagged for review, not deleted"
TX,TMIN_P85_2D__w05,TMIN_P85_2D,TMIN,85,2,w05,48_115_2023_016_TMIN_P85_2D,48115,Dawson,High Plains,2023-07-17,2023-08-14,29,2,True,False,2023-08-12,79.17,69.98,29,29,100.0,65.2,False,False,long event AND >=50% imputed days,"RETAINED - flagged for review, not deleted"
TX,TMIN_P85_2D__w05,TMIN_P85_2D,TMIN,85,2,w05,48_283_2019_015_TMIN_P85_2D,48283,La Salle,South Texas,2019-08-03,2019-08-31,29,1,False,False,2019-08-15,80.96,75.92,29,0,0.0,0.7,False,True,long event,"RETAINED - flagged for review, not deleted"
TX,TMIN_P85_2D__w05,TMIN_P85_2D,TMIN,85,2,w05,48_377_2024_018_TMIN_P85_2D,48377,Presidio,Trans-Pecos,2024-10-07,2024-11-04,29,2,True,False,2024-10-07,71.06,63.38,29,0,0.0,2.2,False,True,long event,"RETAINED - flagged for review, not deleted"
TX,TMIN_P85_2D__w15,TMIN_P85_2D,TMIN,85,2,w15,48_115_2023_016_TMIN_P85_2D,48115,Dawson,High Plains,2023-07-17,2023-08-14,29,2,True,False,2023-08-12,79.17,69.98,29,29,100.0,65.2,False,False,long event AND >=50% imputed days,"RETAINED - flagged for review, not deleted"
TX,TMIN_P85_2D__w15,TMIN_P85_2D,TMIN,85,2,w15,48_283_2019_015_TMIN_P85_2D,48283,La Salle,South Texas,2019-08-03,2019-08-31,29,1,False,False,2019-08-15,80.96,75.92,29,0,0.0,0.7,False,True,long event,"RETAINED - flagged for review, not deleted"
TX,TMIN_P85_3D__month,TMIN_P85_3D,TMIN,85,3,month,48_115_2023_009_TMIN_P85_3D,48115,Dawson,High Plains,2023-07-17,2023-08-14,29,2,True,False,2023-08-12,79.17,69.08,29,29,100.0,65.2,False,False,long event AND >=50% imputed days,"RETAINED - flagged for review, not deleted"
TX,TMIN_P85_3D__month_pm7,TMIN_P85_3D,TMIN,85,3,month_pm7,48_115_2023_009_TMIN_P85_3D,48115,Dawson,High Plains,2023-07-17,2023-08-14,29,2,True,False,2023-08-12,79.17,69.08,29,29,100.0,65.2,False,False,long event AND >=50% imputed days,"RETAINED - flagged for review, not deleted"
TX,TMIN_P85_3D__w05,TMIN_P85_3D,TMIN,85,3,w05,48_115_2023_009_TMIN_P85_3D,48115,Dawson,High Plains,2023-07-17,2023-08-14,29,2,True,False,2023-08-12,79.17,69.98,29,29,100.0,65.2,False,False,long event AND >=50% imputed days,"RETAINED - flagged for review, not deleted"
TX,TMIN_P85_3D__w05,TMIN_P85_3D,TMIN,85,3,w05,48_283_2019_009_TMIN_P85_3D,48283,La Salle,South Texas,2019-08-03,2019-08-31,29,1,False,False,2019-08-15,80.96,75.92,29,0,0.0,0.7,False,True,long event,"RETAINED - flagged for review, not deleted"
TX,TMIN_P85_3D__w05,TMIN_P85_3D,TMIN,85,3,w05,48_377_2024_011_TMIN_P85_3D,48377,Presidio,Trans-Pecos,2024-10-07,2024-11-04,29,2,True,False,2024-10-07,71.06,63.38,29,0,0.0,2.2,False,True,long event,"RETAINED - flagged for review, not deleted"
TX,TMIN_P85_3D__w15,TMIN_P85_3D,TMIN,85,3,w15,48_115_2023_010_TMIN_P85_3D,48115,Dawson,High Plains,2023-07-17,2023-08-14,29,2,True,False,2023-08-12,79.17,69.98,29,29,100.0,65.2,False,False,long event AND >=50% imputed days,"RETAINED - flagged for review, not deleted"
TX,TMIN_P85_3D__w15,TMIN_P85_3D,TMIN,85,3,w15,48_283_2019_010_TMIN_P85_3D,48283,La Salle,South Texas,2019-08-03,2019-08-31,29,1,False,False,2019-08-15,80.96,75.92,29,0,0.0,0.7,False,True,long event,"RETAINED - flagged for review, not deleted"
TX,TMIN_P90_2D__month,TMIN_P90_2D,TMIN,90,2,month,48_283_2019_011_TMIN_P90_2D,48283,La Salle,South Texas,2019-08-03,2019-08-31,29,1,False,False,2019-08-15,80.96,76.55,29,0,0.0,0.7,False,True,long event,"RETAINED - flagged for review, not deleted"
TX,TMIN_P90_2D__month_pm7,TMIN_P90_2D,TMIN,90,2,month_pm7,48_283_2019_011_TMIN_P90_2D,48283,La Salle,South Texas,2019-08-03,2019-08-31,29,1,False,False,2019-08-15,80.96,76.46,29,0,0.0,0.7,False,True,long event,"RETAINED - flagged for review, not deleted"
TX,TMIN_P90_3D__month,TMIN_P90_3D,TMIN,90,3,month,48_283_2019_005_TMIN_P90_3D,48283,La Salle,South Texas,2019-08-03,2019-08-31,29,1,False,False,2019-08-15,80.96,76.55,29,0,0.0,0.7,False,True,long event,"RETAINED - flagged for review, not deleted"
TX,TMIN_P90_3D__month_pm7,TMIN_P90_3D,TMIN,90,3,month_pm7,48_283_2019_005_TMIN_P90_3D,48283,La Salle,South Texas,2019-08-03,2019-08-31,29,1,False,False,2019-08-15,80.96,76.46,29,0,0.0,0.7,False,True,long event,"RETAINED - flagged for review, not deleted"
TX,MHI_P85_2D__month_pm7,MHI_P85_2D,MHI,85,2,month_pm7,48_259_2019_013_MHI_P85_2D,48259,Kendall,Edwards Plateau,2019-08-06,2019-09-02,28,2,True,False,2019-08-27,99.91,89.3,28,0,0.0,0.8,False,True,long event,"RETAINED - flagged for review, not deleted"
TX,MHI_P85_2D__month_pm7,MHI_P85_2D,MHI,85,2,month_pm7,48_287_2019_010_MHI_P85_2D,48287,Lee,South Central,2019-08-04,2019-08-31,28,1,False,False,2019-08-26,107.67,94.67,28,0,0.0,2.2,False,True,long event,"RETAINED - flagged for review, not deleted"
TX,MHI_P85_2D__w05,MHI_P85_2D,MHI,85,2,w05,48_287_2019_013_MHI_P85_2D,48287,Lee,South Central,2019-08-04,2019-08-31,28,1,False,False,2019-08-26,107.67,94.79,28,0,0.0,2.2,False,True,long event,"RETAINED - flagged for review, not deleted"
TX,MHI_P85_2D__w15,MHI_P85_2D,MHI,85,2,w15,48_287_2019_012_MHI_P85_2D,48287,Lee,South Central,2019-08-04,2019-08-31,28,1,False,False,2019-08-26,107.67,94.26,28,0,0.0,2.2,False,True,long event,"RETAINED - flagged for review, not deleted"
TX,TMAX_P85_2D__month,TMAX_P85_2D,TMAX,85,2,month,48_215_2019_015_TMAX_P85_2D,48215,Hidalgo,Lower Valley,2019-08-02,2019-08-29,28,1,False,False,2019-08-13,105.3,101.07,28,0,0.0,0.0,False,True,long event,"RETAINED - flagged for review, not deleted"
TX,TMAX_P85_2D__month_pm7,TMAX_P85_2D,TMAX,85,2,month_pm7,48_215_2019_013_TMAX_P85_2D,48215,Hidalgo,Lower Valley,2019-08-02,2019-08-29,28,1,False,False,2019-08-13,105.3,100.97,28,0,0.0,0.0,False,True,long event,"RETAINED - flagged for review, not deleted"
TX,TMAX_P85_2D__month_pm7,TMAX_P85_2D,TMAX,85,2,month_pm7,48_457_2015_009_TMAX_P85_2D,48457,Tyler,East Texas,2015-07-18,2015-08-14,28,2,True,False,2015-08-11,104.22,96.98,28,0,0.0,0.0,False,True,long event,"RETAINED - flagged for review, not deleted"
TX,TMAX_P85_2D__w05,TMAX_P85_2D,TMAX,85,2,w05,48_015_2023_016_TMAX_P85_2D,48015,Austin,South Central,2023-08-01,2023-08-28,28,1,False,False,2023-08-28,109.04,98.06,28,2,7.1,23.9,False,False,long event,"RETAINED - flagged for review, not deleted"
TX,TMAX_P85_2D__w05,TMAX_P85_2D,TMAX,85,2,w05,48_037_2018_004_TMAX_P85_2D,48037,Bowie,East Texas,2018-05-07,2018-06-03,28,2,True,False,2018-06-02,96.53,91.31,28,0,0.0,0.0,False,True,long event,"RETAINED - flagged for review, not deleted"
TX,TMAX_P85_2D__w15,TMAX_P85_2D,TMAX,85,2,w15,48_037_2018_002_TMAX_P85_2D,48037,Bowie,East Texas,2018-05-07,2018-06-03,28,2,True,False,2018-06-02,96.53,91.4,28,0,0.0,0.0,False,True,long event,"RETAINED - flagged for review, not deleted"
TX,TMAX_P85_2D__w15,TMAX_P85_2D,TMAX,85,2,w15,48_183_2018_002_TMAX_P85_2D,48183,Gregg,East Texas,2018-05-07,2018-06-03,28,2,True,False,2018-06-02,95.96,92.24,28,0,0.0,0.1,False,True,long event,"RETAINED - flagged for review, not deleted"
TX,TMAX_P85_3D__month,TMAX_P85_3D,TMAX,85,3,month,48_215_2019_006_TMAX_P85_3D,48215,Hidalgo,Lower Valley,2019-08-02,2019-08-29,28,1,False,False,2019-08-13,105.3,101.07,28,0,0.0,0.0,False,True,long event,"RETAINED - flagged for review, not deleted"
TX,TMAX_P85_3D__month_pm7,TMAX_P85_3D,TMAX,85,3,month_pm7,48_215_2019_006_TMAX_P85_3D,48215,Hidalgo,Lower Valley,2019-08-02,2019-08-29,28,1,False,False,2019-08-13,105.3,100.97,28,0,0.0,0.0,False,True,long event,"RETAINED - flagged for review, not deleted"
TX,TMAX_P85_3D__month_pm7,TMAX_P85_3D,TMAX,85,3,month_pm7,48_457_2015_003_TMAX_P85_3D,48457,Tyler,East Texas,2015-07-18,2015-08-14,28,2,True,False,2015-08-11,104.22,96.98,28,0,0.0,0.0,False,True,long event,"RETAINED - flagged for review, not deleted"
TX,TMAX_P85_3D__w05,TMAX_P85_3D,TMAX,85,3,w05,48_015_2023_011_TMAX_P85_3D,48015,Austin,South Central,2023-08-01,2023-08-28,28,1,False,False,2023-08-28,109.04,98.06,28,2,7.1,23.9,False,False,long event,"RETAINED - flagged for review, not deleted"
TX,TMAX_P85_3D__w05,TMAX_P85_3D,TMAX,85,3,w05,48_037_2018_001_TMAX_P85_3D,48037,Bowie,East Texas,2018-05-07,2018-06-03,28,2,True,False,2018-06-02,96.53,91.31,28,0,0.0,0.0,False,True,long event,"RETAINED - flagged for review, not deleted"
TX,TMAX_P85_3D__w15,TMAX_P85_3D,TMAX,85,3,w15,48_037_2018_001_TMAX_P85_3D,48037,Bowie,East Texas,2018-05-07,2018-06-03,28,2,True,False,2018-06-02,96.53,91.4,28,0,0.0,0.0,False,True,long event,"RETAINED - flagged for review, not deleted"
TX,TMAX_P85_3D__w15,TMAX_P85_3D,TMAX,85,3,w15,48_183_2018_001_TMAX_P85_3D,48183,Gregg,East Texas,2018-05-07,2018-06-03,28,2,True,False,2018-06-02,95.96,92.24,28,0,0.0,0.1,False,True,long event,"RETAINED - flagged for review, not deleted"
TX,TMIN_P85_2D__month,TMIN_P85_2D,TMIN,85,2,month,48_415_2024_014_TMIN_P85_2D,48415,Scurry,Low Rolling Plains,2024-07-30,2024-08-26,28,2,True,False,2024-08-16,80.06,73.04,28,0,0.0,0.3,False,True,long event,"RETAINED - flagged for review, not deleted"
TX,TMIN_P85_2D__month_pm7,TMIN_P85_2D,TMIN,85,2,month_pm7,48_287_2019_011_TMIN_P85_2D,48287,Lee,South Central,2019-08-01,2019-08-28,28,1,False,False,2019-08-27,82.94,75.47,28,0,0.0,2.2,False,True,long event,"RETAINED - flagged for review, not deleted"
TX,TMIN_P85_2D__month_pm7,TMIN_P85_2D,TMIN,85,2,month_pm7,48_415_2024_014_TMIN_P85_2D,48415,Scurry,Low Rolling Plains,2024-07-30,2024-08-26,28,2,True,False,2024-08-16,80.06,73.04,28,0,0.0,0.3,False,True,long event,"RETAINED - flagged for review, not deleted"
TX,TMIN_P85_2D__month_pm7,TMIN_P85_2D,TMIN,85,2,month_pm7,48_421_2022_009_TMIN_P85_2D,48421,Sherman,High Plains,2022-07-01,2022-07-28,28,1,False,False,2022-07-20,76.33,67.21,28,28,100.0,58.9,False,False,long event AND >=50% imputed days,"RETAINED - flagged for review, not deleted"
TX,TMIN_P85_2D__w05,TMIN_P85_2D,TMIN,85,2,w05,48_115_2019_016_TMIN_P85_2D,48115,Dawson,High Plains,2019-09-06,2019-10-03,28,2,True,False,2019-10-01,70.95,60.98,28,28,100.0,65.2,False,False,long event AND >=50% imputed days,"RETAINED - flagged for review, not deleted"
TX,TMIN_P85_2D__w05,TMIN_P85_2D,TMIN,85,2,w05,48_421_2019_013_TMIN_P85_2D,48421,Sherman,High Plains,2019-09-06,2019-10-03,28,2,True,False,2019-09-12,67.47,60.98,28,28,100.0,58.9,False,False,long event AND >=50% imputed days,"RETAINED - flagged for review, not deleted"
TX,TMIN_P85_2D__w15,TMIN_P85_2D,TMIN,85,2,w15,48_115_2019_015_TMIN_P85_2D,48115,Dawson,High Plains,2019-09-06,2019-10-03,28,2,True,False,2019-10-01,70.95,60.98,28,28,100.0,65.2,False,False,long event AND >=50% imputed days,"RETAINED - flagged for review, not deleted"
TX,TMIN_P85_2D__w15,TMIN_P85_2D,TMIN,85,2,w15,48_421_2019_013_TMIN_P85_2D,48421,Sherman,High Plains,2019-09-06,2019-10-03,28,2,True,False,2019-09-12,67.47,62.06,28,28,100.0,58.9,False,False,long event AND >=50% imputed days,"RETAINED - flagged for review, not deleted"
TX,TMIN_P85_2D__w15,TMIN_P85_2D,TMIN,85,2,w15,48_421_2022_010_TMIN_P85_2D,48421,Sherman,High Plains,2022-07-01,2022-07-28,28,1,False,False,2022-07-20,76.33,68.0,28,28,100.0,58.9,False,False,long event AND >=50% imputed days,"RETAINED - flagged for review, not deleted"
TX,TMIN_P85_3D__month,TMIN_P85_3D,TMIN,85,3,month,48_415_2024_010_TMIN_P85_3D,48415,Scurry,Low Rolling Plains,2024-07-30,2024-08-26,28,2,True,False,2024-08-16,80.06,73.04,28,0,0.0,0.3,False,True,long event,"RETAINED - flagged for review, not deleted"
TX,TMIN_P85_3D__month_pm7,TMIN_P85_3D,TMIN,85,3,month_pm7,48_287_2019_007_TMIN_P85_3D,48287,Lee,South Central,2019-08-01,2019-08-28,28,1,False,False,2019-08-27,82.94,75.47,28,0,0.0,2.2,False,True,long event,"RETAINED - flagged for review, not deleted"
TX,TMIN_P85_3D__month_pm7,TMIN_P85_3D,TMIN,85,3,month_pm7,48_415_2024_010_TMIN_P85_3D,48415,Scurry,Low Rolling Plains,2024-07-30,2024-08-26,28,2,True,False,2024-08-16,80.06,73.04,28,0,0.0,0.3,False,True,long event,"RETAINED - flagged for review, not deleted"
TX,TMIN_P85_3D__month_pm7,TMIN_P85_3D,TMIN,85,3,month_pm7,48_421_2022_007_TMIN_P85_3D,48421,Sherman,High Plains,2022-07-01,2022-07-28,28,1,False,False,2022-07-20,76.33,67.21,28,28,100.0,58.9,False,False,long event AND >=50% imputed days,"RETAINED - flagged for review, not deleted"
TX,TMIN_P85_3D__w05,TMIN_P85_3D,TMIN,85,3,w05,48_115_2019_012_TMIN_P85_3D,48115,Dawson,High Plains,2019-09-06,2019-10-03,28,2,True,False,2019-10-01,70.95,60.98,28,28,100.0,65.2,False,False,long event AND >=50% imputed days,"RETAINED - flagged for review, not deleted"
TX,TMIN_P85_3D__w05,TMIN_P85_3D,TMIN,85,3,w05,48_421_2019_009_TMIN_P85_3D,48421,Sherman,High Plains,2019-09-06,2019-10-03,28,2,True,False,2019-09-12,67.47,60.98,28,28,100.0,58.9,False,False,long event AND >=50% imputed days,"RETAINED - flagged for review, not deleted"
TX,TMIN_P85_3D__w15,TMIN_P85_3D,TMIN,85,3,w15,48_115_2019_012_TMIN_P85_3D,48115,Dawson,High Plains,2019-09-06,2019-10-03,28,2,True,False,2019-10-01,70.95,60.98,28,28,100.0,65.2,False,False,long event AND >=50% imputed days,"RETAINED - flagged for review, not deleted"
TX,TMIN_P85_3D__w15,TMIN_P85_3D,TMIN,85,3,w15,48_421_2019_009_TMIN_P85_3D,48421,Sherman,High Plains,2019-09-06,2019-10-03,28,2,True,False,2019-09-12,67.47,62.06,28,28,100.0,58.9,False,False,long event AND >=50% imputed days,"RETAINED - flagged for review, not deleted"
TX,TMIN_P85_3D__w15,TMIN_P85_3D,TMIN,85,3,w15,48_421_2022_005_TMIN_P85_3D,48421,Sherman,High Plains,2022-07-01,2022-07-28,28,1,False,False,2022-07-20,76.33,68.0,28,28,100.0,58.9,False,False,long event AND >=50% imputed days,"RETAINED - flagged for review, not deleted"
TX,MHI_P85_2D__month,MHI_P85_2D,MHI,85,2,month,48_131_2023_011_MHI_P85_2D,48131,Duval,South Texas,2023-06-10,2023-07-06,27,2,True,False,2023-06-22,111.65,96.32,27,0,0.0,0.7,False,True,long event,"RETAINED - flagged for review, not deleted"
TX,MHI_P85_2D__month,MHI_P85_2D,MHI,85,2,month,48_287_2019_008_MHI_P85_2D,48287,Lee,South Central,2019-08-04,2019-08-30,27,1,False,False,2019-08-26,107.67,95.1,27,0,0.0,2.2,False,True,long event,"RETAINED - flagged for review, not deleted"
TX,MHI_P85_2D__w15,MHI_P85_2D,MHI,85,2,w15,48_131_2023_010_MHI_P85_2D,48131,Duval,South Texas,2023-06-10,2023-07-06,27,2,True,False,2023-06-22,111.65,96.98,27,0,0.0,0.7,False,True,long event,"RETAINED - flagged for review, not deleted"
TX,MHI_P90_2D__month_pm7,MHI_P90_2D,MHI,90,2,month_pm7,48_287_2019_007_MHI_P90_2D,48287,Lee,South Central,2019-08-04,2019-08-30,27,1,False,False,2019-08-26,107.67,95.64,27,0,0.0,2.2,False,True,long event,"RETAINED - flagged for review, not deleted"
TX,MHI_P90_2D__w05,MHI_P90_2D,MHI,90,2,w05,48_287_2019_008_MHI_P90_2D,48287,Lee,South Central,2019-08-05,2019-08-31,27,1,False,False,2019-08-26,107.67,95.41,27,0,0.0,2.2,False,True,long event,"RETAINED - flagged for review, not deleted"
TX,MHI_P90_2D__w15,MHI_P90_2D,MHI,90,2,w15,48_287_2019_006_MHI_P90_2D,48287,Lee,South Central,2019-08-05,2019-08-31,27,1,False,False,2019-08-26,107.67,95.15,27,0,0.0,2.2,False,True,long event,"RETAINED - flagged for review, not deleted"
TX,MHI_P90_3D__month_pm7,MHI_P90_3D,MHI,90,3,month_pm7,48_287_2019_006_MHI_P90_3D,48287,Lee,South Central,2019-08-04,2019-08-30,27,1,False,False,2019-08-26,107.67,95.64,27,0,0.0,2.2,False,True,long event,"RETAINED - flagged for review, not deleted"
TX,MHI_P90_3D__w05,MHI_P90_3D,MHI,90,3,w05,48_287_2019_006_MHI_P90_3D,48287,Lee,South Central,2019-08-05,2019-08-31,27,1,False,False,2019-08-26,107.67,95.41,27,0,0.0,2.2,False,True,long event,"RETAINED - flagged for review, not deleted"
TX,MHI_P90_3D__w15,MHI_P90_3D,MHI,90,3,w15,48_287_2019_005_MHI_P90_3D,48287,Lee,South Central,2019-08-05,2019-08-31,27,1,False,False,2019-08-26,107.67,95.15,27,0,0.0,2.2,False,True,long event,"RETAINED - flagged for review, not deleted"
TX,TMAX_P85_2D__month,TMAX_P85_2D,TMAX,85,2,month,48_093_2022_015_TMAX_P85_2D,48093,Comanche,North Central,2022-07-05,2022-07-31,27,1,False,False,2022-07-09,111.02,100.04,27,5,18.5,3.9,False,True,long event,"RETAINED - flagged for review, not deleted"
TX,TMAX_P85_2D__month,TMAX_P85_2D,TMAX,85,2,month,48_167_2023_018_TMAX_P85_2D,48167,Galveston,Upper Coast,2023-08-18,2023-09-13,27,2,True,False,2023-08-27,100.94,93.62,27,0,0.0,0.0,False,True,long event,"RETAINED - flagged for review, not deleted"
TX,TMAX_P85_2D__month,TMAX_P85_2D,TMAX,85,2,month,48_249_2023_012_TMAX_P85_2D,48249,Jim Wells,South Texas,2023-07-26,2023-08-21,27,2,True,False,2023-08-17,107.51,100.49,27,0,0.0,0.0,False,True,long event,"RETAINED - flagged for review, not deleted"
TX,TMAX_P85_2D__month,TMAX_P85_2D,TMAX,85,2,month,48_457_2015_007_TMAX_P85_2D,48457,Tyler,East Texas,2015-07-17,2015-08-12,27,2,True,False,2015-08-11,104.22,97.51,27,0,0.0,0.0,False,True,long event,"RETAINED - flagged for review, not deleted"
TX,TMAX_P85_2D__month,TMAX_P85_2D,TMAX,85,2,month,48_489_2019_008_TMAX_P85_2D,48489,Willacy,Lower Valley,2019-08-04,2019-08-30,27,1,False,False,2019-08-13,101.47,96.98,27,27,100.0,30.0,False,False,long event AND >=50% imputed days,"RETAINED - flagged for review, not deleted"
TX,TMAX_P85_2D__month_pm7,TMAX_P85_2D,TMAX,85,2,month_pm7,48_093_2022_014_TMAX_P85_2D,48093,Comanche,North Central,2022-07-05,2022-07-31,27,1,False,False,2022-07-09,111.02,100.49,27,5,18.5,3.9,False,True,long event,"RETAINED - flagged for review, not deleted"
TX,TMAX_P85_2D__month_pm7,TMAX_P85_2D,TMAX,85,2,month_pm7,48_167_2023_018_TMAX_P85_2D,48167,Galveston,Upper Coast,2023-08-18,2023-09-13,27,2,True,False,2023-08-27,100.94,93.47,27,0,0.0,0.0,False,True,long event,"RETAINED - flagged for review, not deleted"
TX,TMAX_P85_2D__month_pm7,TMAX_P85_2D,TMAX,85,2,month_pm7,48_249_2023_011_TMAX_P85_2D,48249,Jim Wells,South Texas,2023-07-26,2023-08-21,27,2,True,False,2023-08-17,107.51,100.49,27,0,0.0,0.0,False,True,long event,"RETAINED - flagged for review, not deleted"
TX,TMAX_P85_2D__w05,TMAX_P85_2D,TMAX,85,2,w05,48_177_2025_018_TMAX_P85_2D,48177,Gonzales,South Central,2025-09-28,2025-10-24,27,2,True,False,2025-10-08,96.53,91.24,27,0,0.0,0.0,False,True,long event,"RETAINED - flagged for review, not deleted"
TX,TMAX_P85_2D__w05,TMAX_P85_2D,TMAX,85,2,w05,48_325_2022_015_TMAX_P85_2D,48325,Medina,South Central,2022-06-01,2022-06-27,27,1,False,False,2022-06-12,107.06,97.94,27,0,0.0,0.5,False,True,long event,"RETAINED - flagged for review, not deleted"
TX,TMAX_P85_2D__w05,TMAX_P85_2D,TMAX,85,2,w05,48_457_2015_006_TMAX_P85_2D,48457,Tyler,East Texas,2015-07-17,2015-08-12,27,2,True,False,2015-08-11,104.22,97.34,27,0,0.0,0.0,False,True,long event,"RETAINED - flagged for review, not deleted"
TX,TMAX_P85_2D__w15,TMAX_P85_2D,TMAX,85,2,w15,48_215_2019_014_TMAX_P85_2D,48215,Hidalgo,Lower Valley,2019-08-04,2019-08-30,27,1,False,False,2019-08-13,105.3,101.3,27,0,0.0,0.0,False,True,long event,"RETAINED - flagged for review, not deleted"
TX,TMAX_P85_2D__w15,TMAX_P85_2D,TMAX,85,2,w15,48_457_2015_006_TMAX_P85_2D,48457,Tyler,East Texas,2015-07-17,2015-08-12,27,2,True,False,2015-08-11,104.22,97.26,27,0,0.0,0.0,False,True,long event,"RETAINED - flagged for review, not deleted"
TX,TMAX_P85_3D__month,TMAX_P85_3D,TMAX,85,3,month,48_093_2022_009_TMAX_P85_3D,48093,Comanche,North Central,2022-07-05,2022-07-31,27,1,False,False,2022-07-09,111.02,100.04,27,5,18.5,3.9,False,True,long event,"RETAINED - flagged for review, not deleted"
TX,TMAX_P85_3D__month,TMAX_P85_3D,TMAX,85,3,month,48_167_2023_012_TMAX_P85_3D,48167,Galveston,Upper Coast,2023-08-18,2023-09-13,27,2,True,False,2023-08-27,100.94,93.62,27,0,0.0,0.0,False,True,long event,"RETAINED - flagged for review, not deleted"
TX,TMAX_P85_3D__month,TMAX_P85_3D,TMAX,85,3,month,48_249_2023_010_TMAX_P85_3D,48249,Jim Wells,South Texas,2023-07-26,2023-08-21,27,2,True,False,2023-08-17,107.51,100.49,27,0,0.0,0.0,False,True,long event,"RETAINED - flagged for review, not deleted"
TX,TMAX_P85_3D__month,TMAX_P85_3D,TMAX,85,3,month,48_457_2015_004_TMAX_P85_3D,48457,Tyler,East Texas,2015-07-17,2015-08-12,27,2,True,False,2015-08-11,104.22,97.51,27,0,0.0,0.0,False,True,long event,"RETAINED - flagged for review, not deleted"
TX,TMAX_P85_3D__month,TMAX_P85_3D,TMAX,85,3,month,48_489_2019_007_TMAX_P85_3D,48489,Willacy,Lower Valley,2019-08-04,2019-08-30,27,1,False,False,2019-08-13,101.47,96.98,27,27,100.0,30.0,False,False,long event AND >=50% imputed days,"RETAINED - flagged for review, not deleted"
TX,TMAX_P85_3D__month_pm7,TMAX_P85_3D,TMAX,85,3,month_pm7,48_093_2022_009_TMAX_P85_3D,48093,Comanche,North Central,2022-07-05,2022-07-31,27,1,False,False,2022-07-09,111.02,100.49,27,5,18.5,3.9,False,True,long event,"RETAINED - flagged for review, not deleted"
TX,TMAX_P85_3D__month_pm7,TMAX_P85_3D,TMAX,85,3,month_pm7,48_167_2023_011_TMAX_P85_3D,48167,Galveston,Upper Coast,2023-08-18,2023-09-13,27,2,True,False,2023-08-27,100.94,93.47,27,0,0.0,0.0,False,True,long event,"RETAINED - flagged for review, not deleted"
TX,TMAX_P85_3D__month_pm7,TMAX_P85_3D,TMAX,85,3,month_pm7,48_249_2023_009_TMAX_P85_3D,48249,Jim Wells,South Texas,2023-07-26,2023-08-21,27,2,True,False,2023-08-17,107.51,100.49,27,0,0.0,0.0,False,True,long event,"RETAINED - flagged for review, not deleted"
TX,TMAX_P85_3D__w05,TMAX_P85_3D,TMAX,85,3,w05,48_177_2025_012_TMAX_P85_3D,48177,Gonzales,South Central,2025-09-28,2025-10-24,27,2,True,False,2025-10-08,96.53,91.24,27,0,0.0,0.0,False,True,long event,"RETAINED - flagged for review, not deleted"
TX,TMAX_P85_3D__w05,TMAX_P85_3D,TMAX,85,3,w05,48_325_2022_010_TMAX_P85_3D,48325,Medina,South Central,2022-06-01,2022-06-27,27,1,False,False,2022-06-12,107.06,97.94,27,0,0.0,0.5,False,True,long event,"RETAINED - flagged for review, not deleted"
TX,TMAX_P85_3D__w05,TMAX_P85_3D,TMAX,85,3,w05,48_457_2015_005_TMAX_P85_3D,48457,Tyler,East Texas,2015-07-17,2015-08-12,27,2,True,False,2015-08-11,104.22,97.34,27,0,0.0,0.0,False,True,long event,"RETAINED - flagged for review, not deleted"
TX,TMAX_P85_3D__w15,TMAX_P85_3D,TMAX,85,3,w15,48_215_2019_008_TMAX_P85_3D,48215,Hidalgo,Lower Valley,2019-08-04,2019-08-30,27,1,False,False,2019-08-13,105.3,101.3,27,0,0.0,0.0,False,True,long event,"RETAINED - flagged for review, not deleted"
TX,TMAX_P85_3D__w15,TMAX_P85_3D,TMAX,85,3,w15,48_457_2015_005_TMAX_P85_3D,48457,Tyler,East Texas,2015-07-17,2015-08-12,27,2,True,False,2015-08-11,104.22,97.26,27,0,0.0,0.0,False,True,long event,"RETAINED - flagged for review, not deleted"
TX,TMIN_P85_2D__month,TMIN_P85_2D,TMIN,85,2,month,48_039_2016_012_TMIN_P85_2D,48039,Brazoria,Upper Coast,2016-07-02,2016-07-28,27,1,False,False,2016-07-05,82.72,77.0,27,0,0.0,0.0,False,True,long event,"RETAINED - flagged for review, not deleted"
TX,TMIN_P85_2D__month,TMIN_P85_2D,TMIN,85,2,month,48_115_2022_011_TMIN_P85_2D,48115,Dawson,High Plains,2022-07-16,2022-08-11,27,2,True,False,2022-07-20,77.97,69.98,27,27,100.0,65.2,False,False,long event AND >=50% imputed days,"RETAINED - flagged for review, not deleted"
TX,TMIN_P85_2D__month,TMIN_P85_2D,TMIN,85,2,month,48_285_2023_015_TMIN_P85_2D,48285,Lavaca,South Central,2023-08-03,2023-08-29,27,1,False,False,2023-08-09,82.94,75.92,27,0,0.0,0.8,False,True,long event,"RETAINED - flagged for review, not deleted"
TX,TMIN_P85_2D__month,TMIN_P85_2D,TMIN,85,2,month,48_377_2025_020_TMIN_P85_2D,48377,Presidio,Trans-Pecos,2025-09-01,2025-09-27,27,1,False,False,2025-09-23,77.0,68.54,27,0,0.0,2.2,False,True,long event,"RETAINED - flagged for review, not deleted"
TX,TMIN_P85_2D__month_pm7,TMIN_P85_2D,TMIN,85,2,month_pm7,48_039_2016_012_TMIN_P85_2D,48039,Brazoria,Upper Coast,2016-07-02,2016-07-28,27,1,False,False,2016-07-05,82.72,77.0,27,0,0.0,0.0,False,True,long event,"RETAINED - flagged for review, not deleted"
TX,TMIN_P85_2D__month_pm7,TMIN_P85_2D,TMIN,85,2,month_pm7,48_115_2022_011_TMIN_P85_2D,48115,Dawson,High Plains,2022-07-16,2022-08-11,27,2,True,False,2022-07-20,77.97,69.98,27,27,100.0,65.2,False,False,long event AND >=50% imputed days,"RETAINED - flagged for review, not deleted"
TX,TMIN_P85_2D__month_pm7,TMIN_P85_2D,TMIN,85,2,month_pm7,48_285_2023_016_TMIN_P85_2D,48285,Lavaca,South Central,2023-08-03,2023-08-29,27,1,False,False,2023-08-09,82.94,75.92,27,0,0.0,0.8,False,True,long event,"RETAINED - flagged for review, not deleted"
TX,TMIN_P85_2D__month_pm7,TMIN_P85_2D,TMIN,85,2,month_pm7,48_377_2025_020_TMIN_P85_2D,48377,Presidio,Trans-Pecos,2025-09-01,2025-09-27,27,1,False,False,2025-09-23,77.0,68.99,27,0,0.0,2.2,False,True,long event,"RETAINED - flagged for review, not deleted"
TX,TMIN_P85_2D__w05,TMIN_P85_2D,TMIN,85,2,w05,48_115_2022_012_TMIN_P85_2D,48115,Dawson,High Plains,2022-07-16,2022-08-11,27,2,True,False,2022-07-20,77.97,69.14,27,27,100.0,65.2,False,False,long event AND >=50% imputed days,"RETAINED - flagged for review, not deleted"
TX,TMIN_P85_2D__w05,TMIN_P85_2D,TMIN,85,2,w05,48_259_2019_014_TMIN_P85_2D,48259,Kendall,Edwards Plateau,2019-08-06,2019-09-01,27,2,True,False,2019-08-27,77.99,73.04,27,0,0.0,0.8,False,True,long event,"RETAINED - flagged for review, not deleted"
TX,TMIN_P85_2D__w05,TMIN_P85_2D,TMIN,85,2,w05,48_285_2023_018_TMIN_P85_2D,48285,Lavaca,South Central,2023-08-03,2023-08-29,27,1,False,False,2023-08-09,82.94,75.92,27,0,0.0,0.8,False,True,long event,"RETAINED - flagged for review, not deleted"
TX,TMIN_P85_2D__w05,TMIN_P85_2D,TMIN,85,2,w05,48_387_2015_008_TMIN_P85_2D,48387,Red River,East Texas,2015-06-28,2015-07-24,27,2,True,False,2015-07-19,87.08,75.02,27,1,3.7,0.6,False,True,long event,"RETAINED - flagged for review, not deleted"
TX,TMIN_P85_2D__w15,TMIN_P85_2D,TMIN,85,2,w15,48_115_2022_011_TMIN_P85_2D,48115,Dawson,High Plains,2022-07-16,2022-08-11,27,2,True,False,2022-07-20,77.97,69.98,27,27,100.0,65.2,False,False,long event AND >=50% imputed days,"RETAINED - flagged for review, not deleted"
TX,TMIN_P85_2D__w15,TMIN_P85_2D,TMIN,85,2,w15,48_129_2019_015_TMIN_P85_2D,48129,Donley,Low Rolling Plains,2019-09-07,2019-10-03,27,2,True,False,2019-09-10,69.16,64.94,27,27,100.0,76.8,False,False,long event AND >=50% imputed days,"RETAINED - flagged for review, not deleted"
TX,TMIN_P85_2D__w15,TMIN_P85_2D,TMIN,85,2,w15,48_259_2019_014_TMIN_P85_2D,48259,Kendall,Edwards Plateau,2019-08-06,2019-09-01,27,2,True,False,2019-08-27,77.99,73.04,27,0,0.0,0.8,False,True,long event,"RETAINED - flagged for review, not deleted"
TX,TMIN_P85_2D__w15,TMIN_P85_2D,TMIN,85,2,w15,48_285_2023_020_TMIN_P85_2D,48285,Lavaca,South Central,2023-08-03,2023-08-29,27,1,False,False,2023-08-09,82.94,75.92,27,0,0.0,0.8,False,True,long event,"RETAINED - flagged for review, not deleted"
TX,TMIN_P85_2D__w15,TMIN_P85_2D,TMIN,85,2,w15,48_377_2024_015_TMIN_P85_2D,48377,Presidio,Trans-Pecos,2024-10-09,2024-11-04,27,2,True,False,2024-10-22,69.08,56.94,27,0,0.0,2.2,False,True,long event,"RETAINED - flagged for review, not deleted"
TX,TMIN_P85_3D__month,TMIN_P85_3D,TMIN,85,3,month,48_039_2016_008_TMIN_P85_3D,48039,Brazoria,Upper Coast,2016-07-02,2016-07-28,27,1,False,False,2016-07-05,82.72,77.0,27,0,0.0,0.0,False,True,long event,"RETAINED - flagged for review, not deleted"
TX,TMIN_P85_3D__month,TMIN_P85_3D,TMIN,85,3,month,48_115_2022_011_TMIN_P85_3D,48115,Dawson,High Plains,2022-07-16,2022-08-11,27,2,True,False,2022-07-20,77.97,69.98,27,27,100.0,65.2,False,False,long event AND >=50% imputed days,"RETAINED - flagged for review, not deleted"
TX,TMIN_P85_3D__month,TMIN_P85_3D,TMIN,85,3,month,48_285_2023_012_TMIN_P85_3D,48285,Lavaca,South Central,2023-08-03,2023-08-29,27,1,False,False,2023-08-09,82.94,75.92,27,0,0.0,0.8,False,True,long event,"RETAINED - flagged for review, not deleted"
TX,TMIN_P85_3D__month,TMIN_P85_3D,TMIN,85,3,month,48_377_2025_015_TMIN_P85_3D,48377,Presidio,Trans-Pecos,2025-09-01,2025-09-27,27,1,False,False,2025-09-23,77.0,68.54,27,0,0.0,2.2,False,True,long event,"RETAINED - flagged for review, not deleted"
TX,TMIN_P85_3D__month_pm7,TMIN_P85_3D,TMIN,85,3,month_pm7,48_039_2016_008_TMIN_P85_3D,48039,Brazoria,Upper Coast,2016-07-02,2016-07-28,27,1,False,False,2016-07-05,82.72,77.0,27,0,0.0,0.0,False,True,long event,"RETAINED - flagged for review, not deleted"
TX,TMIN_P85_3D__month_pm7,TMIN_P85_3D,TMIN,85,3,month_pm7,48_115_2022_011_TMIN_P85_3D,48115,Dawson,High Plains,2022-07-16,2022-08-11,27,2,True,False,2022-07-20,77.97,69.98,27,27,100.0,65.2,False,False,long event AND >=50% imputed days,"RETAINED - flagged for review, not deleted"
TX,TMIN_P85_3D__month_pm7,TMIN_P85_3D,TMIN,85,3,month_pm7,48_285_2023_011_TMIN_P85_3D,48285,Lavaca,South Central,2023-08-03,2023-08-29,27,1,False,False,2023-08-09,82.94,75.92,27,0,0.0,0.8,False,True,long event,"RETAINED - flagged for review, not deleted"
TX,TMIN_P85_3D__month_pm7,TMIN_P85_3D,TMIN,85,3,month_pm7,48_377_2025_015_TMIN_P85_3D,48377,Presidio,Trans-Pecos,2025-09-01,2025-09-27,27,1,False,False,2025-09-23,77.0,68.99,27,0,0.0,2.2,False,True,long event,"RETAINED - flagged for review, not deleted"
TX,TMIN_P85_3D__w05,TMIN_P85_3D,TMIN,85,3,w05,48_115_2022_009_TMIN_P85_3D,48115,Dawson,High Plains,2022-07-16,2022-08-11,27,2,True,False,2022-07-20,77.97,69.14,27,27,100.0,65.2,False,False,long event AND >=50% imputed days,"RETAINED - flagged for review, not deleted"
TX,TMIN_P85_3D__w05,TMIN_P85_3D,TMIN,85,3,w05,48_259_2019_009_TMIN_P85_3D,48259,Kendall,Edwards Plateau,2019-08-06,2019-09-01,27,2,True,False,2019-08-27,77.99,73.04,27,0,0.0,0.8,False,True,long event,"RETAINED - flagged for review, not deleted"
TX,TMIN_P85_3D__w05,TMIN_P85_3D,TMIN,85,3,w05,48_285_2023_012_TMIN_P85_3D,48285,Lavaca,South Central,2023-08-03,2023-08-29,27,1,False,False,2023-08-09,82.94,75.92,27,0,0.0,0.8,False,True,long event,"RETAINED - flagged for review, not deleted"
TX,TMIN_P85_3D__w05,TMIN_P85_3D,TMIN,85,3,w05,48_387_2015_004_TMIN_P85_3D,48387,Red River,East Texas,2015-06-28,2015-07-24,27,2,True,False,2015-07-19,87.08,75.02,27,1,3.7,0.6,False,True,long event,"RETAINED - flagged for review, not deleted"
TX,TMIN_P85_3D__w15,TMIN_P85_3D,TMIN,85,3,w15,48_115_2022_008_TMIN_P85_3D,48115,Dawson,High Plains,2022-07-16,2022-08-11,27,2,True,False,2022-07-20,77.97,69.98,27,27,100.0,65.2,False,False,long event AND >=50% imputed days,"RETAINED - flagged for review, not deleted"
TX,TMIN_P85_3D__w15,TMIN_P85_3D,TMIN,85,3,w15,48_129_2019_008_TMIN_P85_3D,48129,Donley,Low Rolling Plains,2019-09-07,2019-10-03,27,2,True,False,2019-09-10,69.16,64.94,27,27,100.0,76.8,False,False,long event AND >=50% imputed days,"RETAINED - flagged for review, not deleted"
TX,TMIN_P85_3D__w15,TMIN_P85_3D,TMIN,85,3,w15,48_259_2019_009_TMIN_P85_3D,48259,Kendall,Edwards Plateau,2019-08-06,2019-09-01,27,2,True,False,2019-08-27,77.99,73.04,27,0,0.0,0.8,False,True,long event,"RETAINED - flagged for review, not deleted"
TX,TMIN_P85_3D__w15,TMIN_P85_3D,TMIN,85,3,w15,48_285_2023_014_TMIN_P85_3D,48285,Lavaca,South Central,2023-08-03,2023-08-29,27,1,False,False,2023-08-09,82.94,75.92,27,0,0.0,0.8,False,True,long event,"RETAINED - flagged for review, not deleted"
TX,TMIN_P85_3D__w15,TMIN_P85_3D,TMIN,85,3,w15,48_377_2024_011_TMIN_P85_3D,48377,Presidio,Trans-Pecos,2024-10-09,2024-11-04,27,2,True,False,2024-10-22,69.08,56.94,27,0,0.0,2.2,False,True,long event,"RETAINED - flagged for review, not deleted"
TX,TMIN_P90_2D__month,TMIN_P90_2D,TMIN,90,2,month,48_115_2022_010_TMIN_P90_2D,48115,Dawson,High Plains,2022-07-16,2022-08-11,27,2,True,False,2022-07-20,77.97,69.98,27,27,100.0,65.2,False,False,long event AND >=50% imputed days,"RETAINED - flagged for review, not deleted"
TX,TMIN_P90_2D__month,TMIN_P90_2D,TMIN,90,2,month,48_285_2023_015_TMIN_P90_2D,48285,Lavaca,South Central,2023-08-03,2023-08-29,27,1,False,False,2023-08-09,82.94,75.92,27,0,0.0,0.8,False,True,long event,"RETAINED - flagged for review, not deleted"
TX,TMIN_P90_2D__month_pm7,TMIN_P90_2D,TMIN,90,2,month_pm7,48_115_2022_010_TMIN_P90_2D,48115,Dawson,High Plains,2022-07-16,2022-08-11,27,2,True,False,2022-07-20,77.97,69.98,27,27,100.0,65.2,False,False,long event AND >=50% imputed days,"RETAINED - flagged for review, not deleted"
TX,TMIN_P90_2D__month_pm7,TMIN_P90_2D,TMIN,90,2,month_pm7,48_285_2023_014_TMIN_P90_2D,48285,Lavaca,South Central,2023-08-03,2023-08-29,27,1,False,False,2023-08-09,82.94,75.92,27,0,0.0,0.8,False,True,long event,"RETAINED - flagged for review, not deleted"
TX,TMIN_P90_2D__w05,TMIN_P90_2D,TMIN,90,2,w05,48_377_2024_014_TMIN_P90_2D,48377,Presidio,Trans-Pecos,2024-10-09,2024-11-04,27,2,True,False,2024-10-22,69.08,59.0,27,0,0.0,2.2,False,True,long event,"RETAINED - flagged for review, not deleted"
TX,TMIN_P90_2D__w15,TMIN_P90_2D,TMIN,90,2,w15,48_377_2024_013_TMIN_P90_2D,48377,Presidio,Trans-Pecos,2024-10-09,2024-11-04,27,2,True,False,2024-10-22,69.08,58.46,27,0,0.0,2.2,False,True,long event,"RETAINED - flagged for review, not deleted"
TX,TMIN_P90_3D__month,TMIN_P90_3D,TMIN,90,3,month,48_115_2022_008_TMIN_P90_3D,48115,Dawson,High Plains,2022-07-16,2022-08-11,27,2,True,False,2022-07-20,77.97,69.98,27,27,100.0,65.2,False,False,long event AND >=50% imputed days,"RETAINED - flagged for review, not deleted"
TX,TMIN_P90_3D__month,TMIN_P90_3D,TMIN,90,3,month,48_285_2023_008_TMIN_P90_3D,48285,Lavaca,South Central,2023-08-03,2023-08-29,27,1,False,False,2023-08-09,82.94,75.92,27,0,0.0,0.8,False,True,long event,"RETAINED - flagged for review, not deleted"
TX,TMIN_P90_3D__month_pm7,TMIN_P90_3D,TMIN,90,3,month_pm7,48_115_2022_008_TMIN_P90_3D,48115,Dawson,High Plains,2022-07-16,2022-08-11,27,2,True,False,2022-07-20,77.97,69.98,27,27,100.0,65.2,False,False,long event AND >=50% imputed days,"RETAINED - flagged for review, not deleted"
TX,TMIN_P90_3D__month_pm7,TMIN_P90_3D,TMIN,90,3,month_pm7,48_285_2023_009_TMIN_P90_3D,48285,Lavaca,South Central,2023-08-03,2023-08-29,27,1,False,False,2023-08-09,82.94,75.92,27,0,0.0,0.8,False,True,long event,"RETAINED - flagged for review, not deleted"
TX,TMIN_P90_3D__w05,TMIN_P90_3D,TMIN,90,3,w05,48_377_2024_010_TMIN_P90_3D,48377,Presidio,Trans-Pecos,2024-10-09,2024-11-04,27,2,True,False,2024-10-22,69.08,59.0,27,0,0.0,2.2,False,True,long event,"RETAINED - flagged for review, not deleted"
TX,TMIN_P90_3D__w15,TMIN_P90_3D,TMIN,90,3,w15,48_377_2024_010_TMIN_P90_3D,48377,Presidio,Trans-Pecos,2024-10-09,2024-11-04,27,2,True,False,2024-10-22,69.08,58.46,27,0,0.0,2.2,False,True,long event,"RETAINED - flagged for review, not deleted"
TX,MHI_P85_2D__month,MHI_P85_2D,MHI,85,2,month,48_427_2019_013_MHI_P85_2D,48427,Starr,South Texas,2019-08-04,2019-08-29,26,1,False,False,2019-08-12,116.29,102.66,26,0,0.0,2.1,False,True,long event,"RETAINED - flagged for review, not deleted"
TX,MHI_P85_2D__month_pm7,MHI_P85_2D,MHI,85,2,month_pm7,48_427_2019_013_MHI_P85_2D,48427,Starr,South Texas,2019-08-04,2019-08-29,26,1,False,False,2019-08-12,116.29,102.33,26,0,0.0,2.1,False,True,long event,"RETAINED - flagged for review, not deleted"
TX,MHI_P85_2D__w05,MHI_P85_2D,MHI,85,2,w05,48_489_2023_011_MHI_P85_2D,48489,Willacy,Lower Valley,2023-06-11,2023-07-06,26,2,True,False,2023-06-22,108.81,95.65,26,0,0.0,30.0,False,False,long event,"RETAINED - flagged for review, not deleted"
TX,MHI_P85_2D__w15,MHI_P85_2D,MHI,85,2,w15,48_377_2024_014_MHI_P85_2D,48377,Presidio,Trans-Pecos,2024-10-09,2024-11-03,26,2,True,False,2024-10-22,82.11,70.36,26,0,0.0,2.2,False,True,long event,"RETAINED - flagged for review, not deleted"
TX,MHI_P85_2D__w15,MHI_P85_2D,MHI,85,2,w15,48_489_2023_011_MHI_P85_2D,48489,Willacy,Lower Valley,2023-06-11,2023-07-06,26,2,True,False,2023-06-22,108.81,95.19,26,0,0.0,30.0,False,False,long event,"RETAINED - flagged for review, not deleted"
TX,MHI_P90_2D__month,MHI_P90_2D,MHI,90,2,month,48_287_2019_006_MHI_P90_2D,48287,Lee,South Central,2019-08-05,2019-08-30,26,1,False,False,2019-08-26,107.67,96.03,26,0,0.0,2.2,False,True,long event,"RETAINED - flagged for review, not deleted"
TX,MHI_P90_3D__month,MHI_P90_3D,MHI,90,3,month,48_287_2019_005_MHI_P90_3D,48287,Lee,South Central,2019-08-05,2019-08-30,26,1,False,False,2019-08-26,107.67,96.03,26,0,0.0,2.2,False,True,long event,"RETAINED - flagged for review, not deleted"
TX,MHI_P95_2D__month,MHI_P95_2D,MHI,95,2,month,48_287_2019_005_MHI_P95_2D,48287,Lee,South Central,2019-08-05,2019-08-30,26,1,False,False,2019-08-26,107.67,97.46,26,0,0.0,2.2,False,True,long event,"RETAINED - flagged for review, not deleted"
TX,MHI_P95_2D__month_pm7,MHI_P95_2D,MHI,95,2,month_pm7,48_287_2019_005_MHI_P95_2D,48287,Lee,South Central,2019-08-05,2019-08-30,26,1,False,False,2019-08-26,107.67,97.2,26,0,0.0,2.2,False,True,long event,"RETAINED - flagged for review, not deleted"
TX,TMAX_P85_2D__month,TMAX_P85_2D,TMAX,85,2,month,48_061_2023_010_TMAX_P85_2D,48061,Cameron,Lower Valley,2023-06-09,2023-07-04,26,2,True,False,2023-06-21,99.42,94.01,26,0,0.0,0.0,False,True,long event,"RETAINED - flagged for review, not deleted"
TX,TMAX_P85_2D__month,TMAX_P85_2D,TMAX,85,2,month,48_273_2023_009_TMAX_P85_2D,48273,Kleberg,South Central,2023-06-09,2023-07-04,26,2,True,False,2023-06-21,109.49,97.07,26,0,0.0,0.0,False,True,long event,"RETAINED - flagged for review, not deleted"
TX,TMAX_P85_2D__month,TMAX_P85_2D,TMAX,85,2,month,48_309_2022_015_TMAX_P85_2D,48309,McLennan,North Central,2022-07-16,2022-08-10,26,2,True,False,2022-07-18,106.52,100.0,26,0,0.0,0.0,False,True,long event,"RETAINED - flagged for review, not deleted"
TX,TMAX_P85_2D__month,TMAX_P85_2D,TMAX,85,2,month,48_489_2018_005_TMAX_P85_2D,48489,Willacy,Lower Valley,2018-05-23,2018-06-17,26,2,True,False,2018-06-06,99.05,94.01,26,26,100.0,30.0,False,False,long event AND >=50% imputed days,"RETAINED - flagged for review, not deleted"
TX,TMAX_P85_2D__month,TMAX_P85_2D,TMAX,85,2,month,48_491_2022_009_TMAX_P85_2D,48491,Williamson,North Central,2022-07-06,2022-07-31,26,1,False,False,2022-07-11,107.28,99.68,26,0,0.0,0.0,False,True,long event,"RETAINED - flagged for review, not deleted"
TX,TMAX_P85_2D__month_pm7,TMAX_P85_2D,TMAX,85,2,month_pm7,48_061_2023_010_TMAX_P85_2D,48061,Cameron,Lower Valley,2023-06-09,2023-07-04,26,2,True,False,2023-06-21,99.42,94.01,26,0,0.0,0.0,False,True,long event,"RETAINED - flagged for review, not deleted"
TX,TMAX_P85_2D__month_pm7,TMAX_P85_2D,TMAX,85,2,month_pm7,48_273_2023_009_TMAX_P85_2D,48273,Kleberg,South Central,2023-06-09,2023-07-04,26,2,True,False,2023-06-21,109.49,97.07,26,0,0.0,0.0,False,True,long event,"RETAINED - flagged for review, not deleted"
TX,TMAX_P85_2D__month_pm7,TMAX_P85_2D,TMAX,85,2,month_pm7,48_309_2022_015_TMAX_P85_2D,48309,McLennan,North Central,2022-07-16,2022-08-10,26,2,True,False,2022-07-18,106.52,100.04,26,0,0.0,0.0,False,True,long event,"RETAINED - flagged for review, not deleted"
TX,TMAX_P85_2D__month_pm7,TMAX_P85_2D,TMAX,85,2,month_pm7,48_489_2018_004_TMAX_P85_2D,48489,Willacy,Lower Valley,2018-05-23,2018-06-17,26,2,True,False,2018-06-06,99.05,94.01,26,26,100.0,30.0,False,False,long event AND >=50% imputed days,"RETAINED - flagged for review, not deleted"
TX,TMAX_P85_2D__month_pm7,TMAX_P85_2D,TMAX,85,2,month_pm7,48_491_2022_010_TMAX_P85_2D,48491,Williamson,North Central,2022-07-06,2022-07-31,26,1,False,False,2022-07-11,107.28,99.77,26,0,0.0,0.0,False,True,long event,"RETAINED - flagged for review, not deleted"
TX,TMAX_P85_2D__w05,TMAX_P85_2D,TMAX,85,2,w05,48_061_2023_010_TMAX_P85_2D,48061,Cameron,Lower Valley,2023-06-09,2023-07-04,26,2,True,False,2023-06-21,99.42,94.38,26,0,0.0,0.0,False,True,long event,"RETAINED - flagged for review, not deleted"
TX,TMAX_P85_2D__w05,TMAX_P85_2D,TMAX,85,2,w05,48_131_2023_012_TMAX_P85_2D,48131,Duval,South Texas,2023-06-10,2023-07-05,26,2,True,False,2023-06-22,114.98,100.94,26,0,0.0,0.7,False,True,long event,"RETAINED - flagged for review, not deleted"
TX,TMAX_P85_2D__w05,TMAX_P85_2D,TMAX,85,2,w05,48_215_2023_007_TMAX_P85_2D,48215,Hidalgo,Lower Valley,2023-06-10,2023-07-05,26,2,True,False,2023-06-21,107.49,99.14,26,0,0.0,0.0,False,True,long event,"RETAINED - flagged for review, not deleted"
TX,TMAX_P85_2D__w05,TMAX_P85_2D,TMAX,85,2,w05,48_261_2023_012_TMAX_P85_2D,48261,Kenedy,South Texas,2023-06-09,2023-07-04,26,2,True,False,2023-06-22,111.02,97.14,26,0,0.0,33.0,False,False,long event,"RETAINED - flagged for review, not deleted"
TX,TMAX_P85_2D__w05,TMAX_P85_2D,TMAX,85,2,w05,48_285_2023_013_TMAX_P85_2D,48285,Lavaca,South Central,2023-07-27,2023-08-21,26,2,True,False,2023-08-17,109.04,100.94,26,0,0.0,0.8,False,True,long event,"RETAINED - flagged for review, not deleted"
TX,TMAX_P85_2D__w15,TMAX_P85_2D,TMAX,85,2,w15,48_061_2023_009_TMAX_P85_2D,48061,Cameron,Lower Valley,2023-06-09,2023-07-04,26,2,True,False,2023-06-21,99.42,94.34,26,0,0.0,0.0,False,True,long event,"RETAINED - flagged for review, not deleted"
TX,TMAX_P85_2D__w15,TMAX_P85_2D,TMAX,85,2,w15,48_215_2023_007_TMAX_P85_2D,48215,Hidalgo,Lower Valley,2023-06-10,2023-07-05,26,2,True,False,2023-06-21,107.49,99.14,26,0,0.0,0.0,False,True,long event,"RETAINED - flagged for review, not deleted"
TX,TMAX_P85_2D__w15,TMAX_P85_2D,TMAX,85,2,w15,48_261_2023_013_TMAX_P85_2D,48261,Kenedy,South Texas,2023-06-09,2023-07-04,26,2,True,False,2023-06-22,111.02,97.52,26,0,0.0,33.0,False,False,long event,"RETAINED - flagged for review, not deleted"
TX,TMAX_P85_2D__w15,TMAX_P85_2D,TMAX,85,2,w15,48_285_2023_013_TMAX_P85_2D,48285,Lavaca,South Central,2023-07-27,2023-08-21,26,2,True,False,2023-08-17,109.04,100.04,26,0,0.0,0.8,False,True,long event,"RETAINED - flagged for review, not deleted"
TX,TMAX_P85_2D__w15,TMAX_P85_2D,TMAX,85,2,w15,48_309_2022_013_TMAX_P85_2D,48309,McLennan,North Central,2022-07-16,2022-08-10,26,2,True,False,2022-07-18,106.52,100.3,26,0,0.0,0.0,False,True,long event,"RETAINED - flagged for review, not deleted"
TX,TMAX_P85_2D__w15,TMAX_P85_2D,TMAX,85,2,w15,48_489_2018_005_TMAX_P85_2D,48489,Willacy,Lower Valley,2018-05-23,2018-06-17,26,2,True,False,2018-06-06,99.05,93.02,26,26,100.0,30.0,False,False,long event AND >=50% imputed days,"RETAINED - flagged for review, not deleted"
TX,TMAX_P85_3D__month,TMAX_P85_3D,TMAX,85,3,month,48_061_2023_007_TMAX_P85_3D,48061,Cameron,Lower Valley,2023-06-09,2023-07-04,26,2,True,False,2023-06-21,99.42,94.01,26,0,0.0,0.0,False,True,long event,"RETAINED - flagged for review, not deleted"
TX,TMAX_P85_3D__month,TMAX_P85_3D,TMAX,85,3,month,48_273_2023_008_TMAX_P85_3D,48273,Kleberg,South Central,2023-06-09,2023-07-04,26,2,True,False,2023-06-21,109.49,97.07,26,0,0.0,0.0,False,True,long event,"RETAINED - flagged for review, not deleted"
TX,TMAX_P85_3D__month,TMAX_P85_3D,TMAX,85,3,month,48_309_2022_008_TMAX_P85_3D,48309,McLennan,North Central,2022-07-16,2022-08-10,26,2,True,False,2022-07-18,106.52,100.0,26,0,0.0,0.0,False,True,long event,"RETAINED - flagged for review, not deleted"
TX,TMAX_P85_3D__month,TMAX_P85_3D,TMAX,85,3,month,48_489_2018_004_TMAX_P85_3D,48489,Willacy,Lower Valley,2018-05-23,2018-06-17,26,2,True,False,2018-06-06,99.05,94.01,26,26,100.0,30.0,False,False,long event AND >=50% imputed days,"RETAINED - flagged for review, not deleted"
TX,TMAX_P85_3D__month,TMAX_P85_3D,TMAX,85,3,month,48_491_2022_007_TMAX_P85_3D,48491,Williamson,North Central,2022-07-06,2022-07-31,26,1,False,False,2022-07-11,107.28,99.68,26,0,0.0,0.0,False,True,long event,"RETAINED - flagged for review, not deleted"
TX,TMAX_P85_3D__month_pm7,TMAX_P85_3D,TMAX,85,3,month_pm7,48_061_2023_007_TMAX_P85_3D,48061,Cameron,Lower Valley,2023-06-09,2023-07-04,26,2,True,False,2023-06-21,99.42,94.01,26,0,0.0,0.0,False,True,long event,"RETAINED - flagged for review, not deleted"
TX,TMAX_P85_3D__month_pm7,TMAX_P85_3D,TMAX,85,3,month_pm7,48_273_2023_008_TMAX_P85_3D,48273,Kleberg,South Central,2023-06-09,2023-07-04,26,2,True,False,2023-06-21,109.49,97.07,26,0,0.0,0.0,False,True,long event,"RETAINED - flagged for review, not deleted"
TX,TMAX_P85_3D__month_pm7,TMAX_P85_3D,TMAX,85,3,month_pm7,48_309_2022_008_TMAX_P85_3D,48309,McLennan,North Central,2022-07-16,2022-08-10,26,2,True,False,2022-07-18,106.52,100.04,26,0,0.0,0.0,False,True,long event,"RETAINED - flagged for review, not deleted"
TX,TMAX_P85_3D__month_pm7,TMAX_P85_3D,TMAX,85,3,month_pm7,48_489_2018_004_TMAX_P85_3D,48489,Willacy,Lower Valley,2018-05-23,2018-06-17,26,2,True,False,2018-06-06,99.05,94.01,26,26,100.0,30.0,False,False,long event AND >=50% imputed days,"RETAINED - flagged for review, not deleted"
TX,TMAX_P85_3D__month_pm7,TMAX_P85_3D,TMAX,85,3,month_pm7,48_491_2022_007_TMAX_P85_3D,48491,Williamson,North Central,2022-07-06,2022-07-31,26,1,False,False,2022-07-11,107.28,99.77,26,0,0.0,0.0,False,True,long event,"RETAINED - flagged for review, not deleted"
TX,TMAX_P85_3D__w05,TMAX_P85_3D,TMAX,85,3,w05,48_061_2023_007_TMAX_P85_3D,48061,Cameron,Lower Valley,2023-06-09,2023-07-04,26,2,True,False,2023-06-21,99.42,94.38,26,0,0.0,0.0,False,True,long event,"RETAINED - flagged for review, not deleted"
TX,TMAX_P85_3D__w05,TMAX_P85_3D,TMAX,85,3,w05,48_131_2023_006_TMAX_P85_3D,48131,Duval,South Texas,2023-06-10,2023-07-05,26,2,True,False,2023-06-22,114.98,100.94,26,0,0.0,0.7,False,True,long event,"RETAINED - flagged for review, not deleted"
TX,TMAX_P85_3D__w05,TMAX_P85_3D,TMAX,85,3,w05,48_215_2023_005_TMAX_P85_3D,48215,Hidalgo,Lower Valley,2023-06-10,2023-07-05,26,2,True,False,2023-06-21,107.49,99.14,26,0,0.0,0.0,False,True,long event,"RETAINED - flagged for review, not deleted"
TX,TMAX_P85_3D__w05,TMAX_P85_3D,TMAX,85,3,w05,48_261_2023_010_TMAX_P85_3D,48261,Kenedy,South Texas,2023-06-09,2023-07-04,26,2,True,False,2023-06-22,111.02,97.14,26,0,0.0,33.0,False,False,long event,"RETAINED - flagged for review, not deleted"
TX,TMAX_P85_3D__w05,TMAX_P85_3D,TMAX,85,3,w05,48_285_2023_010_TMAX_P85_3D,48285,Lavaca,South Central,2023-07-27,2023-08-21,26,2,True,False,2023-08-17,109.04,100.94,26,0,0.0,0.8,False,True,long event,"RETAINED - flagged for review, not deleted"
TX,TMAX_P85_3D__w15,TMAX_P85_3D,TMAX,85,3,w15,48_061_2023_007_TMAX_P85_3D,48061,Cameron,Lower Valley,2023-06-09,2023-07-04,26,2,True,False,2023-06-21,99.42,94.34,26,0,0.0,0.0,False,True,long event,"RETAINED - flagged for review, not deleted"
TX,TMAX_P85_3D__w15,TMAX_P85_3D,TMAX,85,3,w15,48_215_2023_005_TMAX_P85_3D,48215,Hidalgo,Lower Valley,2023-06-10,2023-07-05,26,2,True,False,2023-06-21,107.49,99.14,26,0,0.0,0.0,False,True,long event,"RETAINED - flagged for review, not deleted"
TX,TMAX_P85_3D__w15,TMAX_P85_3D,TMAX,85,3,w15,48_261_2023_010_TMAX_P85_3D,48261,Kenedy,South Texas,2023-06-09,2023-07-04,26,2,True,False,2023-06-22,111.02,97.52,26,0,0.0,33.0,False,False,long event,"RETAINED - flagged for review, not deleted"
TX,TMAX_P85_3D__w15,TMAX_P85_3D,TMAX,85,3,w15,48_285_2023_010_TMAX_P85_3D,48285,Lavaca,South Central,2023-07-27,2023-08-21,26,2,True,False,2023-08-17,109.04,100.04,26,0,0.0,0.8,False,True,long event,"RETAINED - flagged for review, not deleted"
TX,TMAX_P85_3D__w15,TMAX_P85_3D,TMAX,85,3,w15,48_309_2022_008_TMAX_P85_3D,48309,McLennan,North Central,2022-07-16,2022-08-10,26,2,True,False,2022-07-18,106.52,100.3,26,0,0.0,0.0,False,True,long event,"RETAINED - flagged for review, not deleted"
TX,TMAX_P85_3D__w15,TMAX_P85_3D,TMAX,85,3,w15,48_489_2018_004_TMAX_P85_3D,48489,Willacy,Lower Valley,2018-05-23,2018-06-17,26,2,True,False,2018-06-06,99.05,93.02,26,26,100.0,30.0,False,False,long event AND >=50% imputed days,"RETAINED - flagged for review, not deleted"
TX,TMAX_P90_2D__month,TMAX_P90_2D,TMAX,90,2,month,48_273_2023_009_TMAX_P90_2D,48273,Kleberg,South Central,2023-06-09,2023-07-04,26,2,True,False,2023-06-21,109.49,98.06,26,0,0.0,0.0,False,True,long event,"RETAINED - flagged for review, not deleted"
TX,TMAX_P90_2D__month,TMAX_P90_2D,TMAX,90,2,month,48_285_2023_012_TMAX_P90_2D,48285,Lavaca,South Central,2023-07-27,2023-08-21,26,2,True,False,2023-08-17,109.04,100.94,26,0,0.0,0.8,False,True,long event,"RETAINED - flagged for review, not deleted"
TX,TMAX_P90_2D__month_pm7,TMAX_P90_2D,TMAX,90,2,month_pm7,48_273_2023_010_TMAX_P90_2D,48273,Kleberg,South Central,2023-06-09,2023-07-04,26,2,True,False,2023-06-21,109.49,98.06,26,0,0.0,0.0,False,True,long event,"RETAINED - flagged for review, not deleted"
TX,TMAX_P90_2D__month_pm7,TMAX_P90_2D,TMAX,90,2,month_pm7,48_285_2023_012_TMAX_P90_2D,48285,Lavaca,South Central,2023-07-27,2023-08-21,26,2,True,False,2023-08-17,109.04,100.94,26,0,0.0,0.8,False,True,long event,"RETAINED - flagged for review, not deleted"
TX,TMAX_P90_2D__month_pm7,TMAX_P90_2D,TMAX,90,2,month_pm7,48_469_2023_012_TMAX_P90_2D,48469,Victoria,Upper Coast,2023-07-27,2023-08-21,26,2,True,False,2023-08-16,105.98,98.96,26,0,0.0,0.0,False,True,long event,"RETAINED - flagged for review, not deleted"
TX,TMAX_P90_2D__w15,TMAX_P90_2D,TMAX,90,2,w15,48_061_2023_010_TMAX_P90_2D,48061,Cameron,Lower Valley,2023-06-09,2023-07-04,26,2,True,False,2023-06-21,99.42,94.82,26,0,0.0,0.0,False,True,long event,"RETAINED - flagged for review, not deleted"
TX,TMAX_P90_2D__w15,TMAX_P90_2D,TMAX,90,2,w15,48_273_2023_010_TMAX_P90_2D,48273,Kleberg,South Central,2023-06-09,2023-07-04,26,2,True,False,2023-06-21,109.49,98.51,26,0,0.0,0.0,False,True,long event,"RETAINED - flagged for review, not deleted"
TX,TMAX_P90_3D__month,TMAX_P90_3D,TMAX,90,3,month,48_273_2023_006_TMAX_P90_3D,48273,Kleberg,South Central,2023-06-09,2023-07-04,26,2,True,False,2023-06-21,109.49,98.06,26,0,0.0,0.0,False,True,long event,"RETAINED - flagged for review, not deleted"
TX,TMAX_P90_3D__month,TMAX_P90_3D,TMAX,90,3,month,48_285_2023_009_TMAX_P90_3D,48285,Lavaca,South Central,2023-07-27,2023-08-21,26,2,True,False,2023-08-17,109.04,100.94,26,0,0.0,0.8,False,True,long event,"RETAINED - flagged for review, not deleted"
TX,TMAX_P90_3D__month_pm7,TMAX_P90_3D,TMAX,90,3,month_pm7,48_273_2023_006_TMAX_P90_3D,48273,Kleberg,South Central,2023-06-09,2023-07-04,26,2,True,False,2023-06-21,109.49,98.06,26,0,0.0,0.0,False,True,long event,"RETAINED - flagged for review, not deleted"
TX,TMAX_P90_3D__month_pm7,TMAX_P90_3D,TMAX,90,3,month_pm7,48_285_2023_008_TMAX_P90_3D,48285,Lavaca,South Central,2023-07-27,2023-08-21,26,2,True,False,2023-08-17,109.04,100.94,26,0,0.0,0.8,False,True,long event,"RETAINED - flagged for review, not deleted"
TX,TMAX_P90_3D__month_pm7,TMAX_P90_3D,TMAX,90,3,month_pm7,48_469_2023_008_TMAX_P90_3D,48469,Victoria,Upper Coast,2023-07-27,2023-08-21,26,2,True,False,2023-08-16,105.98,98.96,26,0,0.0,0.0,False,True,long event,"RETAINED - flagged for review, not deleted"
TX,TMAX_P90_3D__w15,TMAX_P90_3D,TMAX,90,3,w15,48_061_2023_007_TMAX_P90_3D,48061,Cameron,Lower Valley,2023-06-09,2023-07-04,26,2,True,False,2023-06-21,99.42,94.82,26,0,0.0,0.0,False,True,long event,"RETAINED - flagged for review, not deleted"
TX,TMAX_P90_3D__w15,TMAX_P90_3D,TMAX,90,3,w15,48_273_2023_008_TMAX_P90_3D,48273,Kleberg,South Central,2023-06-09,2023-07-04,26,2,True,False,2023-06-21,109.49,98.51,26,0,0.0,0.0,False,True,long event,"RETAINED - flagged for review, not deleted"
TX,TMAX_P95_2D__month,TMAX_P95_2D,TMAX,95,2,month,48_123_2023_008_TMAX_P95_2D,48123,DeWitt,South Central,2023-07-27,2023-08-21,26,2,True,False,2023-08-18,108.95,103.46,26,0,0.0,1.4,False,True,long event,"RETAINED - flagged for review, not deleted"
TX,TMAX_P95_3D__month,TMAX_P95_3D,TMAX,95,3,month,48_123_2023_006_TMAX_P95_3D,48123,DeWitt,South Central,2023-07-27,2023-08-21,26,2,True,False,2023-08-18,108.95,103.46,26,0,0.0,1.4,False,True,long event,"RETAINED - flagged for review, not deleted"
TX,TMIN_P85_2D__month,TMIN_P85_2D,TMIN,85,2,month,48_049_2022_011_TMIN_P85_2D,48049,Brown,North Central,2022-07-17,2022-08-11,26,2,True,False,2022-07-20,80.06,73.94,26,2,7.7,9.7,False,True,long event,"RETAINED - flagged for review, not deleted"
TX,TMIN_P85_2D__month,TMIN_P85_2D,TMIN,85,2,month,48_285_2019_014_TMIN_P85_2D,48285,Lavaca,South Central,2019-08-03,2019-08-28,26,1,False,False,2019-08-13,80.06,75.02,26,0,0.0,0.8,False,True,long event,"RETAINED - flagged for review, not deleted"
TX,TMIN_P85_2D__month,TMIN_P85_2D,TMIN,85,2,month,48_317_2022_013_TMIN_P85_2D,48317,Martin,High Plains,2022-07-17,2022-08-11,26,2,True,False,2022-07-20,78.16,72.31,26,26,100.0,100.0,True,False,long event AND >=50% imputed days,"RETAINED - flagged for review, not deleted"
TX,TMIN_P85_2D__month,TMIN_P85_2D,TMIN,85,2,month,48_329_2022_011_TMIN_P85_2D,48329,Midland,High Plains,2022-07-17,2022-08-11,26,2,True,False,2022-07-20,79.52,74.0,26,0,0.0,0.0,False,True,long event,"RETAINED - flagged for review, not deleted"
TX,TMIN_P85_2D__month,TMIN_P85_2D,TMIN,85,2,month,48_377_2025_017_TMIN_P85_2D,48377,Presidio,Trans-Pecos,2025-07-25,2025-08-19,26,2,True,False,2025-08-02,82.04,72.5,26,0,0.0,2.2,False,True,long event,"RETAINED - flagged for review, not deleted"
TX,TMIN_P85_2D__month_pm7,TMIN_P85_2D,TMIN,85,2,month_pm7,48_049_2022_011_TMIN_P85_2D,48049,Brown,North Central,2022-07-17,2022-08-11,26,2,True,False,2022-07-20,80.06,73.94,26,2,7.7,9.7,False,True,long event,"RETAINED - flagged for review, not deleted"
TX,TMIN_P85_2D__month_pm7,TMIN_P85_2D,TMIN,85,2,month_pm7,48_285_2019_014_TMIN_P85_2D,48285,Lavaca,South Central,2019-08-03,2019-08-28,26,1,False,False,2019-08-13,80.06,75.02,26,0,0.0,0.8,False,True,long event,"RETAINED - flagged for review, not deleted"
TX,TMIN_P85_2D__month_pm7,TMIN_P85_2D,TMIN,85,2,month_pm7,48_317_2022_011_TMIN_P85_2D,48317,Martin,High Plains,2022-07-17,2022-08-11,26,2,True,False,2022-07-20,78.16,72.46,26,26,100.0,100.0,True,False,long event AND >=50% imputed days,"RETAINED - flagged for review, not deleted"
TX,TMIN_P85_2D__month_pm7,TMIN_P85_2D,TMIN,85,2,month_pm7,48_329_2022_012_TMIN_P85_2D,48329,Midland,High Plains,2022-07-17,2022-08-11,26,2,True,False,2022-07-20,79.52,74.0,26,0,0.0,0.0,False,True,long event,"RETAINED - flagged for review, not deleted"
TX,TMIN_P85_2D__month_pm7,TMIN_P85_2D,TMIN,85,2,month_pm7,48_377_2025_017_TMIN_P85_2D,48377,Presidio,Trans-Pecos,2025-07-25,2025-08-19,26,2,True,False,2025-08-02,82.04,72.12,26,0,0.0,2.2,False,True,long event,"RETAINED - flagged for review, not deleted"
TX,TMIN_P85_2D__w05,TMIN_P85_2D,TMIN,85,2,w05,48_039_2016_013_TMIN_P85_2D,48039,Brazoria,Upper Coast,2016-07-03,2016-07-28,26,1,False,False,2016-07-05,82.72,77.5,26,0,0.0,0.0,False,True,long event,"RETAINED - flagged for review, not deleted"
TX,TMIN_P85_2D__w05,TMIN_P85_2D,TMIN,85,2,w05,48_065_2019_018_TMIN_P85_2D,48065,Carson,High Plains,2019-09-07,2019-10-02,26,2,True,False,2019-09-30,67.92,57.92,26,26,100.0,77.3,False,False,long event AND >=50% imputed days,"RETAINED - flagged for review, not deleted"
TX,TMIN_P85_2D__w05,TMIN_P85_2D,TMIN,85,2,w05,48_129_2019_019_TMIN_P85_2D,48129,Donley,Low Rolling Plains,2019-09-07,2019-10-02,26,2,True,False,2019-09-10,69.16,64.94,26,26,100.0,76.8,False,False,long event AND >=50% imputed days,"RETAINED - flagged for review, not deleted"
TX,TMIN_P85_2D__w05,TMIN_P85_2D,TMIN,85,2,w05,48_377_2019_016_TMIN_P85_2D,48377,Presidio,Trans-Pecos,2019-09-11,2019-10-06,26,2,True,False,2019-09-30,74.03,64.08,26,0,0.0,2.2,False,True,long event,"RETAINED - flagged for review, not deleted"
TX,TMIN_P85_2D__w15,TMIN_P85_2D,TMIN,85,2,w15,48_039_2016_013_TMIN_P85_2D,48039,Brazoria,Upper Coast,2016-07-03,2016-07-28,26,1,False,False,2016-07-05,82.72,77.13,26,0,0.0,0.0,False,True,long event,"RETAINED - flagged for review, not deleted"
TX,TMIN_P85_2D__w15,TMIN_P85_2D,TMIN,85,2,w15,48_049_2022_011_TMIN_P85_2D,48049,Brown,North Central,2022-07-17,2022-08-11,26,2,True,False,2022-07-20,80.06,73.94,26,2,7.7,9.7,False,True,long event,"RETAINED - flagged for review, not deleted"
TX,TMIN_P85_2D__w15,TMIN_P85_2D,TMIN,85,2,w15,48_065_2019_015_TMIN_P85_2D,48065,Carson,High Plains,2019-09-07,2019-10-02,26,2,True,False,2019-09-30,67.92,57.92,26,26,100.0,77.3,False,False,long event AND >=50% imputed days,"RETAINED - flagged for review, not deleted"
TX,TMIN_P85_3D__month,TMIN_P85_3D,TMIN,85,3,month,48_049_2022_009_TMIN_P85_3D,48049,Brown,North Central,2022-07-17,2022-08-11,26,2,True,False,2022-07-20,80.06,73.94,26,2,7.7,9.7,False,True,long event,"RETAINED - flagged for review, not deleted"
TX,TMIN_P85_3D__month,TMIN_P85_3D,TMIN,85,3,month,48_285_2019_009_TMIN_P85_3D,48285,Lavaca,South Central,2019-08-03,2019-08-28,26,1,False,False,2019-08-13,80.06,75.02,26,0,0.0,0.8,False,True,long event,"RETAINED - flagged for review, not deleted"
TX,TMIN_P85_3D__month,TMIN_P85_3D,TMIN,85,3,month,48_317_2022_010_TMIN_P85_3D,48317,Martin,High Plains,2022-07-17,2022-08-11,26,2,True,False,2022-07-20,78.16,72.31,26,26,100.0,100.0,True,False,long event AND >=50% imputed days,"RETAINED - flagged for review, not deleted"
TX,TMIN_P85_3D__month,TMIN_P85_3D,TMIN,85,3,month,48_329_2022_009_TMIN_P85_3D,48329,Midland,High Plains,2022-07-17,2022-08-11,26,2,True,False,2022-07-20,79.52,74.0,26,0,0.0,0.0,False,True,long event,"RETAINED - flagged for review, not deleted"
TX,TMIN_P85_3D__month,TMIN_P85_3D,TMIN,85,3,month,48_377_2025_013_TMIN_P85_3D,48377,Presidio,Trans-Pecos,2025-07-25,2025-08-19,26,2,True,False,2025-08-02,82.04,72.5,26,0,0.0,2.2,False,True,long event,"RETAINED - flagged for review, not deleted"
TX,TMIN_P85_3D__month_pm7,TMIN_P85_3D,TMIN,85,3,month_pm7,48_049_2022_009_TMIN_P85_3D,48049,Brown,North Central,2022-07-17,2022-08-11,26,2,True,False,2022-07-20,80.06,73.94,26,2,7.7,9.7,False,True,long event,"RETAINED - flagged for review, not deleted"
TX,TMIN_P85_3D__month_pm7,TMIN_P85_3D,TMIN,85,3,month_pm7,48_285_2019_009_TMIN_P85_3D,48285,Lavaca,South Central,2019-08-03,2019-08-28,26,1,False,False,2019-08-13,80.06,75.02,26,0,0.0,0.8,False,True,long event,"RETAINED - flagged for review, not deleted"
TX,TMIN_P85_3D__month_pm7,TMIN_P85_3D,TMIN,85,3,month_pm7,48_317_2022_009_TMIN_P85_3D,48317,Martin,High Plains,2022-07-17,2022-08-11,26,2,True,False,2022-07-20,78.16,72.46,26,26,100.0,100.0,True,False,long event AND >=50% imputed days,"RETAINED - flagged for review, not deleted"
TX,TMIN_P85_3D__month_pm7,TMIN_P85_3D,TMIN,85,3,month_pm7,48_329_2022_010_TMIN_P85_3D,48329,Midland,High Plains,2022-07-17,2022-08-11,26,2,True,False,2022-07-20,79.52,74.0,26,0,0.0,0.0,False,True,long event,"RETAINED - flagged for review, not deleted"
TX,TMIN_P85_3D__month_pm7,TMIN_P85_3D,TMIN,85,3,month_pm7,48_377_2025_013_TMIN_P85_3D,48377,Presidio,Trans-Pecos,2025-07-25,2025-08-19,26,2,True,False,2025-08-02,82.04,72.12,26,0,0.0,2.2,False,True,long event,"RETAINED - flagged for review, not deleted"
TX,TMIN_P85_3D__w05,TMIN_P85_3D,TMIN,85,3,w05,48_039_2016_008_TMIN_P85_3D,48039,Brazoria,Upper Coast,2016-07-03,2016-07-28,26,1,False,False,2016-07-05,82.72,77.5,26,0,0.0,0.0,False,True,long event,"RETAINED - flagged for review, not deleted"
TX,TMIN_P85_3D__w05,TMIN_P85_3D,TMIN,85,3,w05,48_065_2019_010_TMIN_P85_3D,48065,Carson,High Plains,2019-09-07,2019-10-02,26,2,True,False,2019-09-30,67.92,57.92,26,26,100.0,77.3,False,False,long event AND >=50% imputed days,"RETAINED - flagged for review, not deleted"
TX,TMIN_P85_3D__w05,TMIN_P85_3D,TMIN,85,3,w05,48_129_2019_012_TMIN_P85_3D,48129,Donley,Low Rolling Plains,2019-09-07,2019-10-02,26,2,True,False,2019-09-10,69.16,64.94,26,26,100.0,76.8,False,False,long event AND >=50% imputed days,"RETAINED - flagged for review, not deleted"
TX,TMIN_P85_3D__w05,TMIN_P85_3D,TMIN,85,3,w05,48_377_2019_014_TMIN_P85_3D,48377,Presidio,Trans-Pecos,2019-09-11,2019-10-06,26,2,True,False,2019-09-30,74.03,64.08,26,0,0.0,2.2,False,True,long event,"RETAINED - flagged for review, not deleted"
TX,TMIN_P85_3D__w15,TMIN_P85_3D,TMIN,85,3,w15,48_039_2016_008_TMIN_P85_3D,48039,Brazoria,Upper Coast,2016-07-03,2016-07-28,26,1,False,False,2016-07-05,82.72,77.13,26,0,0.0,0.0,False,True,long event,"RETAINED - flagged for review, not deleted"
TX,TMIN_P85_3D__w15,TMIN_P85_3D,TMIN,85,3,w15,48_049_2022_010_TMIN_P85_3D,48049,Brown,North Central,2022-07-17,2022-08-11,26,2,True,False,2022-07-20,80.06,73.94,26,2,7.7,9.7,False,True,long event,"RETAINED - flagged for review, not deleted"
TX,TMIN_P85_3D__w15,TMIN_P85_3D,TMIN,85,3,w15,48_065_2019_010_TMIN_P85_3D,48065,Carson,High Plains,2019-09-07,2019-10-02,26,2,True,False,2019-09-30,67.92,57.92,26,26,100.0,77.3,False,False,long event AND >=50% imputed days,"RETAINED - flagged for review, not deleted"
TX,TMIN_P90_2D__month,TMIN_P90_2D,TMIN,90,2,month,48_377_2025_017_TMIN_P90_2D,48377,Presidio,Trans-Pecos,2025-07-25,2025-08-19,26,2,True,False,2025-08-02,82.04,74.03,26,0,0.0,2.2,False,True,long event,"RETAINED - flagged for review, not deleted"
TX,TMIN_P90_2D__month_pm7,TMIN_P90_2D,TMIN,90,2,month_pm7,48_377_2025_016_TMIN_P90_2D,48377,Presidio,Trans-Pecos,2025-07-25,2025-08-19,26,2,True,False,2025-08-02,82.04,73.94,26,0,0.0,2.2,False,True,long event,"RETAINED - flagged for review, not deleted"
TX,TMIN_P90_2D__w05,TMIN_P90_2D,TMIN,90,2,w05,48_377_2025_017_TMIN_P90_2D,48377,Presidio,Trans-Pecos,2025-07-25,2025-08-19,26,2,True,False,2025-08-02,82.04,74.03,26,0,0.0,2.2,False,True,long event,"RETAINED - flagged for review, not deleted"
TX,TMIN_P90_2D__w15,TMIN_P90_2D,TMIN,90,2,w15,48_115_2022_012_TMIN_P90_2D,48115,Dawson,High Plains,2022-07-16,2022-08-10,26,2,True,False,2022-07-20,77.97,70.0,26,26,100.0,65.2,False,False,long event AND >=50% imputed days,"RETAINED - flagged for review, not deleted"
TX,TMIN_P90_3D__month,TMIN_P90_3D,TMIN,90,3,month,48_377_2025_013_TMIN_P90_3D,48377,Presidio,Trans-Pecos,2025-07-25,2025-08-19,26,2,True,False,2025-08-02,82.04,74.03,26,0,0.0,2.2,False,True,long event,"RETAINED - flagged for review, not deleted"
TX,TMIN_P90_3D__month_pm7,TMIN_P90_3D,TMIN,90,3,month_pm7,48_377_2025_014_TMIN_P90_3D,48377,Presidio,Trans-Pecos,2025-07-25,2025-08-19,26,2,True,False,2025-08-02,82.04,73.94,26,0,0.0,2.2,False,True,long event,"RETAINED - flagged for review, not deleted"
TX,TMIN_P90_3D__w05,TMIN_P90_3D,TMIN,90,3,w05,48_377_2025_013_TMIN_P90_3D,48377,Presidio,Trans-Pecos,2025-07-25,2025-08-19,26,2,True,False,2025-08-02,82.04,74.03,26,0,0.0,2.2,False,True,long event,"RETAINED - flagged for review, not deleted"
TX,TMIN_P90_3D__w15,TMIN_P90_3D,TMIN,90,3,w15,48_115_2022_008_TMIN_P90_3D,48115,Dawson,High Plains,2022-07-16,2022-08-10,26,2,True,False,2022-07-20,77.97,70.0,26,26,100.0,65.2,False,False,long event AND >=50% imputed days,"RETAINED - flagged for review, not deleted"
TX,MHI_P85_2D__month,MHI_P85_2D,MHI,85,2,month,48_259_2023_017_MHI_P85_2D,48259,Kendall,Edwards Plateau,2023-07-30,2023-08-23,25,2,True,False,2023-08-13,101.62,90.37,25,0,0.0,0.8,False,True,long event,"RETAINED - flagged for review, not deleted"
TX,MHI_P85_2D__month_pm7,MHI_P85_2D,MHI,85,2,month_pm7,48_259_2023_015_MHI_P85_2D,48259,Kendall,Edwards Plateau,2023-07-30,2023-08-23,25,2,True,False,2023-08-13,101.62,90.0,25,0,0.0,0.8,False,True,long event,"RETAINED - flagged for review, not deleted"
TX,MHI_P85_2D__month_pm7,MHI_P85_2D,MHI,85,2,month_pm7,48_283_2019_013_MHI_P85_2D,48283,La Salle,South Texas,2019-08-04,2019-08-28,25,1,False,False,2019-08-26,106.81,97.55,25,0,0.0,0.7,False,True,long event,"RETAINED - flagged for review, not deleted"
TX,MHI_P95_2D__w05,MHI_P95_2D,MHI,95,2,w05,48_287_2019_005_MHI_P95_2D,48287,Lee,South Central,2019-08-06,2019-08-30,25,1,False,False,2019-08-26,107.67,96.76,25,0,0.0,2.2,False,True,long event,"RETAINED - flagged for review, not deleted"
TX,MHI_P95_2D__w15,MHI_P95_2D,MHI,95,2,w15,48_287_2019_005_MHI_P95_2D,48287,Lee,South Central,2019-08-06,2019-08-30,25,1,False,False,2019-08-26,107.67,96.47,25,0,0.0,2.2,False,True,long event,"RETAINED - flagged for review, not deleted"
TX,TMAX_P85_2D__month,TMAX_P85_2D,TMAX,85,2,month,48_007_2023_015_TMAX_P85_2D,48007,Aransas,South Central,2023-06-11,2023-07-05,25,2,True,False,2023-07-03,95.24,92.66,25,0,0.0,0.2,False,True,long event,"RETAINED - flagged for review, not deleted"
TX,TMAX_P85_2D__month,TMAX_P85_2D,TMAX,85,2,month,48_021_2023_014_TMAX_P85_2D,48021,Bastrop,South Central,2023-07-28,2023-08-21,25,2,True,False,2023-08-17,107.96,100.76,25,0,0.0,0.3,False,True,long event,"RETAINED - flagged for review, not deleted"
TX,TMAX_P85_2D__month,TMAX_P85_2D,TMAX,85,2,month,48_041_2022_011_TMAX_P85_2D,48041,Brazos,East Texas,2022-06-06,2022-06-30,25,1,False,False,2022-06-26,102.92,96.08,25,0,0.0,0.1,False,True,long event,"RETAINED - flagged for review, not deleted"
TX,TMAX_P85_2D__month,TMAX_P85_2D,TMAX,85,2,month,48_185_2022_007_TMAX_P85_2D,48185,Grimes,East Texas,2022-06-06,2022-06-30,25,1,False,False,2022-06-26,100.62,94.97,25,25,100.0,100.0,True,False,long event AND >=50% imputed days,"RETAINED - flagged for review, not deleted"
TX,TMAX_P85_2D__month,TMAX_P85_2D,TMAX,85,2,month,48_259_2019_011_TMAX_P85_2D,48259,Kendall,Edwards Plateau,2019-09-13,2019-10-07,25,2,True,False,2019-09-19,99.95,93.92,25,0,0.0,0.8,False,True,long event,"RETAINED - flagged for review, not deleted"
TX,TMAX_P85_2D__month,TMAX_P85_2D,TMAX,85,2,month,48_261_2023_011_TMAX_P85_2D,48261,Kenedy,South Texas,2023-06-10,2023-07-04,25,2,True,False,2023-06-22,111.02,96.85,25,0,0.0,33.0,False,False,long event,"RETAINED - flagged for review, not deleted"
TX,TMAX_P85_2D__month,TMAX_P85_2D,TMAX,85,2,month,48_309_2022_012_TMAX_P85_2D,48309,McLennan,North Central,2022-06-06,2022-06-30,25,1,False,False,2022-06-11,104.54,96.02,25,0,0.0,0.0,False,True,long event,"RETAINED - flagged for review, not deleted"
TX,TMAX_P85_2D__month,TMAX_P85_2D,TMAX,85,2,month,48_427_2019_016_TMAX_P85_2D,48427,Starr,South Texas,2019-08-02,2019-08-26,25,1,False,False,2019-08-08,111.02,104.66,25,0,0.0,2.1,False,True,long event,"RETAINED - flagged for review, not deleted"
TX,TMAX_P85_2D__month,TMAX_P85_2D,TMAX,85,2,month,48_491_2022_008_TMAX_P85_2D,48491,Williamson,North Central,2022-06-06,2022-06-30,25,1,False,False,2022-06-12,101.98,96.02,25,0,0.0,0.0,False,True,long event,"RETAINED - flagged for review, not deleted"
TX,TMAX_P85_2D__month_pm7,TMAX_P85_2D,TMAX,85,2,month_pm7,48_007_2023_011_TMAX_P85_2D,48007,Aransas,South Central,2023-06-11,2023-07-05,25,2,True,False,2023-07-03,95.24,92.79,25,0,0.0,0.2,False,True,long event,"RETAINED - flagged for review, not deleted"
TX,TMAX_P85_2D__month_pm7,TMAX_P85_2D,TMAX,85,2,month_pm7,48_021_2023_013_TMAX_P85_2D,48021,Bastrop,South Central,2023-07-28,2023-08-21,25,2,True,False,2023-08-17,107.96,100.7,25,0,0.0,0.3,False,True,long event,"RETAINED - flagged for review, not deleted"
TX,TMAX_P85_2D__month_pm7,TMAX_P85_2D,TMAX,85,2,month_pm7,48_041_2022_011_TMAX_P85_2D,48041,Brazos,East Texas,2022-06-06,2022-06-30,25,1,False,False,2022-06-26,102.92,96.08,25,0,0.0,0.1,False,True,long event,"RETAINED - flagged for review, not deleted"
TX,TMAX_P85_2D__month_pm7,TMAX_P85_2D,TMAX,85,2,month_pm7,48_185_2022_008_TMAX_P85_2D,48185,Grimes,East Texas,2022-06-06,2022-06-30,25,1,False,False,2022-06-26,100.62,94.93,25,25,100.0,100.0,True,False,long event AND >=50% imputed days,"RETAINED - flagged for review, not deleted"
TX,TMAX_P85_2D__month_pm7,TMAX_P85_2D,TMAX,85,2,month_pm7,48_261_2023_011_TMAX_P85_2D,48261,Kenedy,South Texas,2023-06-10,2023-07-04,25,2,True,False,2023-06-22,111.02,96.57,25,0,0.0,33.0,False,False,long event,"RETAINED - flagged for review, not deleted"
TX,TMAX_P85_2D__month_pm7,TMAX_P85_2D,TMAX,85,2,month_pm7,48_309_2022_012_TMAX_P85_2D,48309,McLennan,North Central,2022-06-06,2022-06-30,25,1,False,False,2022-06-11,104.54,96.32,25,0,0.0,0.0,False,True,long event,"RETAINED - flagged for review, not deleted"
TX,TMAX_P85_2D__month_pm7,TMAX_P85_2D,TMAX,85,2,month_pm7,48_427_2019_015_TMAX_P85_2D,48427,Starr,South Texas,2019-08-02,2019-08-26,25,1,False,False,2019-08-08,111.02,104.66,25,0,0.0,2.1,False,True,long event,"RETAINED - flagged for review, not deleted"
TX,TMAX_P85_2D__w05,TMAX_P85_2D,TMAX,85,2,w05,48_007_2023_013_TMAX_P85_2D,48007,Aransas,South Central,2023-06-11,2023-07-05,25,2,True,False,2023-07-03,95.24,92.03,25,0,0.0,0.2,False,True,long event,"RETAINED - flagged for review, not deleted"
TX,TMAX_P85_2D__w05,TMAX_P85_2D,TMAX,85,2,w05,48_041_2022_012_TMAX_P85_2D,48041,Brazos,East Texas,2022-06-05,2022-06-29,25,1,False,False,2022-06-26,102.92,98.06,25,0,0.0,0.1,False,True,long event,"RETAINED - flagged for review, not deleted"
TX,TMAX_P85_2D__w05,TMAX_P85_2D,TMAX,85,2,w05,48_053_2023_012_TMAX_P85_2D,48053,Burnet,Edwards Plateau,2023-07-29,2023-08-22,25,2,True,False,2023-08-18,106.46,99.0,25,0,0.0,0.0,False,True,long event,"RETAINED - flagged for review, not deleted"
TX,TMAX_P85_2D__w05,TMAX_P85_2D,TMAX,85,2,w05,48_123_2025_023_TMAX_P85_2D,48123,DeWitt,South Central,2025-09-17,2025-10-11,25,2,True,False,2025-09-23,102.92,95.99,25,0,0.0,1.4,False,True,long event,"RETAINED - flagged for review, not deleted"
TX,TMAX_P85_2D__w05,TMAX_P85_2D,TMAX,85,2,w05,48_259_2019_012_TMAX_P85_2D,48259,Kendall,Edwards Plateau,2019-09-13,2019-10-07,25,2,True,False,2019-09-19,99.95,93.16,25,0,0.0,0.8,False,True,long event,"RETAINED - flagged for review, not deleted"
TX,TMAX_P85_2D__w05,TMAX_P85_2D,TMAX,85,2,w05,48_283_2022_015_TMAX_P85_2D,48283,La Salle,South Texas,2022-06-03,2022-06-27,25,1,False,False,2022-06-06,111.02,100.04,25,0,0.0,0.7,False,True,long event,"RETAINED - flagged for review, not deleted"
TX,TMAX_P85_2D__w05,TMAX_P85_2D,TMAX,85,2,w05,48_489_2018_005_TMAX_P85_2D,48489,Willacy,Lower Valley,2018-05-23,2018-06-16,25,2,True,False,2018-06-06,99.05,92.56,25,25,100.0,30.0,False,False,long event AND >=50% imputed days,"RETAINED - flagged for review, not deleted"
TX,TMAX_P85_2D__w05,TMAX_P85_2D,TMAX,85,2,w05,48_491_2022_010_TMAX_P85_2D,48491,Williamson,North Central,2022-07-03,2022-07-27,25,1,False,False,2022-07-11,107.28,98.99,25,0,0.0,0.0,False,True,long event,"RETAINED - flagged for review, not deleted"
TX,TMAX_P85_2D__w15,TMAX_P85_2D,TMAX,85,2,w15,48_007_2023_013_TMAX_P85_2D,48007,Aransas,South Central,2023-06-11,2023-07-05,25,2,True,False,2023-07-03,95.24,92.3,25,0,0.0,0.2,False,True,long event,"RETAINED - flagged for review, not deleted"
TX,TMAX_P85_2D__w15,TMAX_P85_2D,TMAX,85,2,w15,48_041_2022_011_TMAX_P85_2D,48041,Brazos,East Texas,2022-06-05,2022-06-29,25,1,False,False,2022-06-26,102.92,96.98,25,0,0.0,0.1,False,True,long event,"RETAINED - flagged for review, not deleted"
TX,TMAX_P85_2D__w15,TMAX_P85_2D,TMAX,85,2,w15,48_123_2025_021_TMAX_P85_2D,48123,DeWitt,South Central,2025-09-17,2025-10-11,25,2,True,False,2025-09-23,102.92,95.99,25,0,0.0,1.4,False,True,long event,"RETAINED - flagged for review, not deleted"
TX,TMAX_P85_2D__w15,TMAX_P85_2D,TMAX,85,2,w15,48_177_2025_018_TMAX_P85_2D,48177,Gonzales,South Central,2025-09-30,2025-10-24,25,2,True,False,2025-10-08,96.53,91.86,25,0,0.0,0.0,False,True,long event,"RETAINED - flagged for review, not deleted"
TX,TMAX_P85_2D__w15,TMAX_P85_2D,TMAX,85,2,w15,48_259_2019_011_TMAX_P85_2D,48259,Kendall,Edwards Plateau,2019-09-13,2019-10-07,25,2,True,False,2019-09-19,99.95,93.02,25,0,0.0,0.8,False,True,long event,"RETAINED - flagged for review, not deleted"
TX,TMAX_P85_2D__w15,TMAX_P85_2D,TMAX,85,2,w15,48_283_2022_015_TMAX_P85_2D,48283,La Salle,South Texas,2022-06-03,2022-06-27,25,1,False,False,2022-06-06,111.02,100.94,25,0,0.0,0.7,False,True,long event,"RETAINED - flagged for review, not deleted"
TX,TMAX_P85_3D__month,TMAX_P85_3D,TMAX,85,3,month,48_007_2023_009_TMAX_P85_3D,48007,Aransas,South Central,2023-06-11,2023-07-05,25,2,True,False,2023-07-03,95.24,92.66,25,0,0.0,0.2,False,True,long event,"RETAINED - flagged for review, not deleted"
TX,TMAX_P85_3D__month,TMAX_P85_3D,TMAX,85,3,month,48_021_2023_009_TMAX_P85_3D,48021,Bastrop,South Central,2023-07-28,2023-08-21,25,2,True,False,2023-08-17,107.96,100.76,25,0,0.0,0.3,False,True,long event,"RETAINED - flagged for review, not deleted"
TX,TMAX_P85_3D__month,TMAX_P85_3D,TMAX,85,3,month,48_041_2022_006_TMAX_P85_3D,48041,Brazos,East Texas,2022-06-06,2022-06-30,25,1,False,False,2022-06-26,102.92,96.08,25,0,0.0,0.1,False,True,long event,"RETAINED - flagged for review, not deleted"
TX,TMAX_P85_3D__month,TMAX_P85_3D,TMAX,85,3,month,48_185_2022_005_TMAX_P85_3D,48185,Grimes,East Texas,2022-06-06,2022-06-30,25,1,False,False,2022-06-26,100.62,94.97,25,25,100.0,100.0,True,False,long event AND >=50% imputed days,"RETAINED - flagged for review, not deleted"
TX,TMAX_P85_3D__month,TMAX_P85_3D,TMAX,85,3,month,48_259_2019_005_TMAX_P85_3D,48259,Kendall,Edwards Plateau,2019-09-13,2019-10-07,25,2,True,False,2019-09-19,99.95,93.92,25,0,0.0,0.8,False,True,long event,"RETAINED - flagged for review, not deleted"
TX,TMAX_P85_3D__month,TMAX_P85_3D,TMAX,85,3,month,48_261_2023_009_TMAX_P85_3D,48261,Kenedy,South Texas,2023-06-10,2023-07-04,25,2,True,False,2023-06-22,111.02,96.85,25,0,0.0,33.0,False,False,long event,"RETAINED - flagged for review, not deleted"
TX,TMAX_P85_3D__month,TMAX_P85_3D,TMAX,85,3,month,48_309_2022_006_TMAX_P85_3D,48309,McLennan,North Central,2022-06-06,2022-06-30,25,1,False,False,2022-06-11,104.54,96.02,25,0,0.0,0.0,False,True,long event,"RETAINED - flagged for review, not deleted"
TX,TMAX_P85_3D__month,TMAX_P85_3D,TMAX,85,3,month,48_427_2019_008_TMAX_P85_3D,48427,Starr,South Texas,2019-08-02,2019-08-26,25,1,False,False,2019-08-08,111.02,104.66,25,0,0.0,2.1,False,True,long event,"RETAINED - flagged for review, not deleted"
TX,TMAX_P85_3D__month,TMAX_P85_3D,TMAX,85,3,month,48_491_2022_006_TMAX_P85_3D,48491,Williamson,North Central,2022-06-06,2022-06-30,25,1,False,False,2022-06-12,101.98,96.02,25,0,0.0,0.0,False,True,long event,"RETAINED - flagged for review, not deleted"
TX,TMAX_P85_3D__month_pm7,TMAX_P85_3D,TMAX,85,3,month_pm7,48_007_2023_007_TMAX_P85_3D,48007,Aransas,South Central,2023-06-11,2023-07-05,25,2,True,False,2023-07-03,95.24,92.79,25,0,0.0,0.2,False,True,long event,"RETAINED - flagged for review, not deleted"
TX,TMAX_P85_3D__month_pm7,TMAX_P85_3D,TMAX,85,3,month_pm7,48_021_2023_008_TMAX_P85_3D,48021,Bastrop,South Central,2023-07-28,2023-08-21,25,2,True,False,2023-08-17,107.96,100.7,25,0,0.0,0.3,False,True,long event,"RETAINED - flagged for review, not deleted"
TX,TMAX_P85_3D__month_pm7,TMAX_P85_3D,TMAX,85,3,month_pm7,48_041_2022_006_TMAX_P85_3D,48041,Brazos,East Texas,2022-06-06,2022-06-30,25,1,False,False,2022-06-26,102.92,96.08,25,0,0.0,0.1,False,True,long event,"RETAINED - flagged for review, not deleted"
TX,TMAX_P85_3D__month_pm7,TMAX_P85_3D,TMAX,85,3,month_pm7,48_185_2022_006_TMAX_P85_3D,48185,Grimes,East Texas,2022-06-06,2022-06-30,25,1,False,False,2022-06-26,100.62,94.93,25,25,100.0,100.0,True,False,long event AND >=50% imputed days,"RETAINED - flagged for review, not deleted"
TX,TMAX_P85_3D__month_pm7,TMAX_P85_3D,TMAX,85,3,month_pm7,48_261_2023_009_TMAX_P85_3D,48261,Kenedy,South Texas,2023-06-10,2023-07-04,25,2,True,False,2023-06-22,111.02,96.57,25,0,0.0,33.0,False,False,long event,"RETAINED - flagged for review, not deleted"
TX,TMAX_P85_3D__month_pm7,TMAX_P85_3D,TMAX,85,3,month_pm7,48_309_2022_006_TMAX_P85_3D,48309,McLennan,North Central,2022-06-06,2022-06-30,25,1,False,False,2022-06-11,104.54,96.32,25,0,0.0,0.0,False,True,long event,"RETAINED - flagged for review, not deleted"
TX,TMAX_P85_3D__month_pm7,TMAX_P85_3D,TMAX,85,3,month_pm7,48_427_2019_007_TMAX_P85_3D,48427,Starr,South Texas,2019-08-02,2019-08-26,25,1,False,False,2019-08-08,111.02,104.66,25,0,0.0,2.1,False,True,long event,"RETAINED - flagged for review, not deleted"
TX,TMAX_P85_3D__w05,TMAX_P85_3D,TMAX,85,3,w05,48_007_2023_007_TMAX_P85_3D,48007,Aransas,South Central,2023-06-11,2023-07-05,25,2,True,False,2023-07-03,95.24,92.03,25,0,0.0,0.2,False,True,long event,"RETAINED - flagged for review, not deleted"
TX,TMAX_P85_3D__w05,TMAX_P85_3D,TMAX,85,3,w05,48_041_2022_009_TMAX_P85_3D,48041,Brazos,East Texas,2022-06-05,2022-06-29,25,1,False,False,2022-06-26,102.92,98.06,25,0,0.0,0.1,False,True,long event,"RETAINED - flagged for review, not deleted"
TX,TMAX_P85_3D__w05,TMAX_P85_3D,TMAX,85,3,w05,48_053_2023_011_TMAX_P85_3D,48053,Burnet,Edwards Plateau,2023-07-29,2023-08-22,25,2,True,False,2023-08-18,106.46,99.0,25,0,0.0,0.0,False,True,long event,"RETAINED - flagged for review, not deleted"
TX,TMAX_P85_3D__w05,TMAX_P85_3D,TMAX,85,3,w05,48_123_2025_017_TMAX_P85_3D,48123,DeWitt,South Central,2025-09-17,2025-10-11,25,2,True,False,2025-09-23,102.92,95.99,25,0,0.0,1.4,False,True,long event,"RETAINED - flagged for review, not deleted"
TX,TMAX_P85_3D__w05,TMAX_P85_3D,TMAX,85,3,w05,48_259_2019_005_TMAX_P85_3D,48259,Kendall,Edwards Plateau,2019-09-13,2019-10-07,25,2,True,False,2019-09-19,99.95,93.16,25,0,0.0,0.8,False,True,long event,"RETAINED - flagged for review, not deleted"
TX,TMAX_P85_3D__w05,TMAX_P85_3D,TMAX,85,3,w05,48_283_2022_007_TMAX_P85_3D,48283,La Salle,South Texas,2022-06-03,2022-06-27,25,1,False,False,2022-06-06,111.02,100.04,25,0,0.0,0.7,False,True,long event,"RETAINED - flagged for review, not deleted"
TX,TMAX_P85_3D__w05,TMAX_P85_3D,TMAX,85,3,w05,48_489_2018_004_TMAX_P85_3D,48489,Willacy,Lower Valley,2018-05-23,2018-06-16,25,2,True,False,2018-06-06,99.05,92.56,25,25,100.0,30.0,False,False,long event AND >=50% imputed days,"RETAINED - flagged for review, not deleted"
TX,TMAX_P85_3D__w05,TMAX_P85_3D,TMAX,85,3,w05,48_491_2022_006_TMAX_P85_3D,48491,Williamson,North Central,2022-07-03,2022-07-27,25,1,False,False,2022-07-11,107.28,98.99,25,0,0.0,0.0,False,True,long event,"RETAINED - flagged for review, not deleted"
TX,TMAX_P85_3D__w15,TMAX_P85_3D,TMAX,85,3,w15,48_007_2023_007_TMAX_P85_3D,48007,Aransas,South Central,2023-06-11,2023-07-05,25,2,True,False,2023-07-03,95.24,92.3,25,0,0.0,0.2,False,True,long event,"RETAINED - flagged for review, not deleted"
TX,TMAX_P85_3D__w15,TMAX_P85_3D,TMAX,85,3,w15,48_041_2022_007_TMAX_P85_3D,48041,Brazos,East Texas,2022-06-05,2022-06-29,25,1,False,False,2022-06-26,102.92,96.98,25,0,0.0,0.1,False,True,long event,"RETAINED - flagged for review, not deleted"
TX,TMAX_P85_3D__w15,TMAX_P85_3D,TMAX,85,3,w15,48_123_2025_016_TMAX_P85_3D,48123,DeWitt,South Central,2025-09-17,2025-10-11,25,2,True,False,2025-09-23,102.92,95.99,25,0,0.0,1.4,False,True,long event,"RETAINED - flagged for review, not deleted"
TX,TMAX_P85_3D__w15,TMAX_P85_3D,TMAX,85,3,w15,48_177_2025_012_TMAX_P85_3D,48177,Gonzales,South Central,2025-09-30,2025-10-24,25,2,True,False,2025-10-08,96.53,91.86,25,0,0.0,0.0,False,True,long event,"RETAINED - flagged for review, not deleted"
TX,TMAX_P85_3D__w15,TMAX_P85_3D,TMAX,85,3,w15,48_259_2019_006_TMAX_P85_3D,48259,Kendall,Edwards Plateau,2019-09-13,2019-10-07,25,2,True,False,2019-09-19,99.95,93.02,25,0,0.0,0.8,False,True,long event,"RETAINED - flagged for review, not deleted"
TX,TMAX_P85_3D__w15,TMAX_P85_3D,TMAX,85,3,w15,48_283_2022_008_TMAX_P85_3D,48283,La Salle,South Texas,2022-06-03,2022-06-27,25,1,False,False,2022-06-06,111.02,100.94,25,0,0.0,0.7,False,True,long event,"RETAINED - flagged for review, not deleted"
TX,TMAX_P90_2D__month,TMAX_P90_2D,TMAX,90,2,month,48_053_2023_010_TMAX_P90_2D,48053,Burnet,Edwards Plateau,2023-07-29,2023-08-22,25,2,True,False,2023-08-18,106.46,100.04,25,0,0.0,0.0,False,True,long event,"RETAINED - flagged for review, not deleted"
TX,TMAX_P90_2D__month,TMAX_P90_2D,TMAX,90,2,month,48_093_2022_011_TMAX_P90_2D,48093,Comanche,North Central,2022-07-05,2022-07-29,25,1,False,False,2022-07-09,111.02,100.94,25,3,12.0,3.9,False,True,long event,"RETAINED - flagged for review, not deleted"
TX,TMAX_P90_2D__month,TMAX_P90_2D,TMAX,90,2,month,48_201_2023_013_TMAX_P90_2D,48201,Harris,Upper Coast,2023-07-28,2023-08-21,25,2,True,False,2023-08-20,108.32,98.51,25,0,0.0,0.0,False,True,long event,"RETAINED - flagged for review, not deleted"
TX,TMAX_P90_2D__month_pm7,TMAX_P90_2D,TMAX,90,2,month_pm7,48_053_2023_011_TMAX_P90_2D,48053,Burnet,Edwards Plateau,2023-07-29,2023-08-22,25,2,True,False,2023-08-18,106.46,100.04,25,0,0.0,0.0,False,True,long event,"RETAINED - flagged for review, not deleted"
TX,TMAX_P90_2D__w05,TMAX_P90_2D,TMAX,90,2,w05,48_053_2023_013_TMAX_P90_2D,48053,Burnet,Edwards Plateau,2023-07-29,2023-08-22,25,2,True,False,2023-08-18,106.46,100.04,25,0,0.0,0.0,False,True,long event,"RETAINED - flagged for review, not deleted"
TX,TMAX_P90_2D__w05,TMAX_P90_2D,TMAX,90,2,w05,48_187_2019_006_TMAX_P90_2D,48187,Guadalupe,South Central,2019-09-12,2019-10-06,25,2,True,False,2019-09-19,100.49,95.54,25,0,0.0,0.0,False,True,long event,"RETAINED - flagged for review, not deleted"
TX,TMAX_P90_2D__w05,TMAX_P90_2D,TMAX,90,2,w05,48_261_2023_012_TMAX_P90_2D,48261,Kenedy,South Texas,2023-06-10,2023-07-04,25,2,True,False,2023-06-22,111.02,98.06,25,0,0.0,33.0,False,False,long event,"RETAINED - flagged for review, not deleted"
TX,TMAX_P90_2D__w05,TMAX_P90_2D,TMAX,90,2,w05,48_469_2023_014_TMAX_P90_2D,48469,Victoria,Upper Coast,2023-07-28,2023-08-21,25,2,True,False,2023-08-16,105.98,99.5,25,0,0.0,0.0,False,True,long event,"RETAINED - flagged for review, not deleted"
TX,TMAX_P90_2D__w15,TMAX_P90_2D,TMAX,90,2,w15,48_053_2023_013_TMAX_P90_2D,48053,Burnet,Edwards Plateau,2023-07-29,2023-08-22,25,2,True,False,2023-08-18,106.46,100.04,25,0,0.0,0.0,False,True,long event,"RETAINED - flagged for review, not deleted"
TX,TMAX_P90_2D__w15,TMAX_P90_2D,TMAX,90,2,w15,48_261_2023_012_TMAX_P90_2D,48261,Kenedy,South Texas,2023-06-10,2023-07-04,25,2,True,False,2023-06-22,111.02,98.09,25,0,0.0,33.0,False,False,long event,"RETAINED - flagged for review, not deleted"
TX,TMAX_P90_2D__w15,TMAX_P90_2D,TMAX,90,2,w15,48_469_2023_014_TMAX_P90_2D,48469,Victoria,Upper Coast,2023-07-28,2023-08-21,25,2,True,False,2023-08-16,105.98,99.68,25,0,0.0,0.0,False,True,long event,"RETAINED - flagged for review, not deleted"
TX,TMAX_P90_3D__month,TMAX_P90_3D,TMAX,90,3,month,48_053_2023_008_TMAX_P90_3D,48053,Burnet,Edwards Plateau,2023-07-29,2023-08-22,25,2,True,False,2023-08-18,106.46,100.04,25,0,0.0,0.0,False,True,long event,"RETAINED - flagged for review, not deleted"
TX,TMAX_P90_3D__month,TMAX_P90_3D,TMAX,90,3,month,48_093_2022_008_TMAX_P90_3D,48093,Comanche,North Central,2022-07-05,2022-07-29,25,1,False,False,2022-07-09,111.02,100.94,25,3,12.0,3.9,False,True,long event,"RETAINED - flagged for review, not deleted"
TX,TMAX_P90_3D__month,TMAX_P90_3D,TMAX,90,3,month,48_201_2023_008_TMAX_P90_3D,48201,Harris,Upper Coast,2023-07-28,2023-08-21,25,2,True,False,2023-08-20,108.32,98.51,25,0,0.0,0.0,False,True,long event,"RETAINED - flagged for review, not deleted"
TX,TMAX_P90_3D__month_pm7,TMAX_P90_3D,TMAX,90,3,month_pm7,48_053_2023_009_TMAX_P90_3D,48053,Burnet,Edwards Plateau,2023-07-29,2023-08-22,25,2,True,False,2023-08-18,106.46,100.04,25,0,0.0,0.0,False,True,long event,"RETAINED - flagged for review, not deleted"
TX,TMAX_P90_3D__w05,TMAX_P90_3D,TMAX,90,3,w05,48_053_2023_010_TMAX_P90_3D,48053,Burnet,Edwards Plateau,2023-07-29,2023-08-22,25,2,True,False,2023-08-18,106.46,100.04,25,0,0.0,0.0,False,True,long event,"RETAINED - flagged for review, not deleted"
TX,TMAX_P90_3D__w05,TMAX_P90_3D,TMAX,90,3,w05,48_187_2019_004_TMAX_P90_3D,48187,Guadalupe,South Central,2019-09-12,2019-10-06,25,2,True,False,2019-09-19,100.49,95.54,25,0,0.0,0.0,False,True,long event,"RETAINED - flagged for review, not deleted"
TX,TMAX_P90_3D__w05,TMAX_P90_3D,TMAX,90,3,w05,48_261_2023_010_TMAX_P90_3D,48261,Kenedy,South Texas,2023-06-10,2023-07-04,25,2,True,False,2023-06-22,111.02,98.06,25,0,0.0,33.0,False,False,long event,"RETAINED - flagged for review, not deleted"
TX,TMAX_P90_3D__w05,TMAX_P90_3D,TMAX,90,3,w05,48_469_2023_009_TMAX_P90_3D,48469,Victoria,Upper Coast,2023-07-28,2023-08-21,25,2,True,False,2023-08-16,105.98,99.5,25,0,0.0,0.0,False,True,long event,"RETAINED - flagged for review, not deleted"
TX,TMAX_P90_3D__w15,TMAX_P90_3D,TMAX,90,3,w15,48_053_2023_010_TMAX_P90_3D,48053,Burnet,Edwards Plateau,2023-07-29,2023-08-22,25,2,True,False,2023-08-18,106.46,100.04,25,0,0.0,0.0,False,True,long event,"RETAINED - flagged for review, not deleted"
TX,TMAX_P90_3D__w15,TMAX_P90_3D,TMAX,90,3,w15,48_261_2023_010_TMAX_P90_3D,48261,Kenedy,South Texas,2023-06-10,2023-07-04,25,2,True,False,2023-06-22,111.02,98.09,25,0,0.0,33.0,False,False,long event,"RETAINED - flagged for review, not deleted"
TX,TMAX_P90_3D__w15,TMAX_P90_3D,TMAX,90,3,w15,48_469_2023_010_TMAX_P90_3D,48469,Victoria,Upper Coast,2023-07-28,2023-08-21,25,2,True,False,2023-08-16,105.98,99.68,25,0,0.0,0.0,False,True,long event,"RETAINED - flagged for review, not deleted"
TX,TMAX_P95_2D__month,TMAX_P95_2D,TMAX,95,2,month,48_469_2023_012_TMAX_P95_2D,48469,Victoria,Upper Coast,2023-07-28,2023-08-21,25,2,True,False,2023-08-16,105.98,100.26,25,0,0.0,0.0,False,True,long event,"RETAINED - flagged for review, not deleted"
TX,TMAX_P95_2D__month_pm7,TMAX_P95_2D,TMAX,95,2,month_pm7,48_469_2023_012_TMAX_P95_2D,48469,Victoria,Upper Coast,2023-07-28,2023-08-21,25,2,True,False,2023-08-16,105.98,100.04,25,0,0.0,0.0,False,True,long event,"RETAINED - flagged for review, not deleted"
TX,TMAX_P95_2D__w15,TMAX_P95_2D,TMAX,95,2,w15,48_321_2023_009_TMAX_P95_2D,48321,Matagorda,Upper Coast,2023-07-28,2023-08-21,25,2,True,False,2023-08-16,103.4,95.96,25,0,0.0,0.0,False,True,long event,"RETAINED - flagged for review, not deleted"
TX,TMAX_P95_3D__month,TMAX_P95_3D,TMAX,95,3,month,48_469_2023_008_TMAX_P95_3D,48469,Victoria,Upper Coast,2023-07-28,2023-08-21,25,2,True,False,2023-08-16,105.98,100.26,25,0,0.0,0.0,False,True,long event,"RETAINED - flagged for review, not deleted"
TX,TMAX_P95_3D__month_pm7,TMAX_P95_3D,TMAX,95,3,month_pm7,48_469_2023_008_TMAX_P95_3D,48469,Victoria,Upper Coast,2023-07-28,2023-08-21,25,2,True,False,2023-08-16,105.98,100.04,25,0,0.0,0.0,False,True,long event,"RETAINED - flagged for review, not deleted"
TX,TMAX_P95_3D__w15,TMAX_P95_3D,TMAX,95,3,w15,48_321_2023_007_TMAX_P95_3D,48321,Matagorda,Upper Coast,2023-07-28,2023-08-21,25,2,True,False,2023-08-16,103.4,95.96,25,0,0.0,0.0,False,True,long event,"RETAINED - flagged for review, not deleted"
TX,TMIN_P85_2D__month,TMIN_P85_2D,TMIN,85,2,month,48_083_2022_013_TMIN_P85_2D,48083,Coleman,Low Rolling Plains,2022-07-17,2022-08-10,25,2,True,False,2022-07-20,78.74,73.28,25,0,0.0,0.0,False,True,long event,"RETAINED - flagged for review, not deleted"
TX,TMIN_P85_2D__month,TMIN_P85_2D,TMIN,85,2,month,48_093_2022_012_TMIN_P85_2D,48093,Comanche,North Central,2022-07-17,2022-08-10,25,2,True,False,2022-07-28,82.04,73.94,25,15,60.0,3.9,False,True,long event AND >=50% imputed days,"RETAINED - flagged for review, not deleted"
TX,TMIN_P85_2D__month,TMIN_P85_2D,TMIN,85,2,month,48_133_2022_011_TMIN_P85_2D,48133,Eastland,North Central,2022-07-17,2022-08-10,25,2,True,False,2022-07-20,79.98,73.72,25,25,100.0,100.0,True,False,long event AND >=50% imputed days,"RETAINED - flagged for review, not deleted"
TX,TMIN_P85_2D__month,TMIN_P85_2D,TMIN,85,2,month,48_165_2022_012_TMIN_P85_2D,48165,Gaines,High Plains,2022-07-18,2022-08-11,25,2,True,False,2022-07-20,77.99,69.98,25,0,0.0,0.2,False,True,long event,"RETAINED - flagged for review, not deleted"
TX,TMIN_P85_2D__month,TMIN_P85_2D,TMIN,85,2,month,48_173_2022_011_TMIN_P85_2D,48173,Glasscock,High Plains,2022-07-17,2022-08-10,25,2,True,False,2022-07-20,78.13,73.04,25,25,100.0,100.0,True,False,long event AND >=50% imputed days,"RETAINED - flagged for review, not deleted"
TX,TMIN_P85_2D__month,TMIN_P85_2D,TMIN,85,2,month,48_259_2019_013_TMIN_P85_2D,48259,Kendall,Edwards Plateau,2019-08-06,2019-08-30,25,1,False,False,2019-08-27,77.99,73.04,25,0,0.0,0.8,False,True,long event,"RETAINED - flagged for review, not deleted"
TX,TMIN_P85_2D__month,TMIN_P85_2D,TMIN,85,2,month,48_431_2022_011_TMIN_P85_2D,48431,Sterling,Edwards Plateau,2022-07-17,2022-08-10,25,2,True,False,2022-07-20,78.02,73.04,25,25,100.0,72.4,False,False,long event AND >=50% imputed days,"RETAINED - flagged for review, not deleted"
TX,TMIN_P85_2D__month,TMIN_P85_2D,TMIN,85,2,month,48_441_2022_011_TMIN_P85_2D,48441,Taylor,Low Rolling Plains,2022-07-17,2022-08-10,25,2,True,False,2022-07-20,82.49,75.92,25,0,0.0,0.0,False,True,long event,"RETAINED - flagged for review, not deleted"
TX,TMIN_P85_2D__month_pm7,TMIN_P85_2D,TMIN,85,2,month_pm7,48_083_2022_012_TMIN_P85_2D,48083,Coleman,Low Rolling Plains,2022-07-17,2022-08-10,25,2,True,False,2022-07-20,78.74,73.34,25,0,0.0,0.0,False,True,long event,"RETAINED - flagged for review, not deleted"
TX,TMIN_P85_2D__month_pm7,TMIN_P85_2D,TMIN,85,2,month_pm7,48_093_2022_012_TMIN_P85_2D,48093,Comanche,North Central,2022-07-17,2022-08-10,25,2,True,False,2022-07-28,82.04,73.94,25,15,60.0,3.9,False,True,long event AND >=50% imputed days,"RETAINED - flagged for review, not deleted"
TX,TMIN_P85_2D__month_pm7,TMIN_P85_2D,TMIN,85,2,month_pm7,48_133_2022_011_TMIN_P85_2D,48133,Eastland,North Central,2022-07-17,2022-08-10,25,2,True,False,2022-07-20,79.98,73.59,25,25,100.0,100.0,True,False,long event AND >=50% imputed days,"RETAINED - flagged for review, not deleted"
TX,TMIN_P85_2D__month_pm7,TMIN_P85_2D,TMIN,85,2,month_pm7,48_165_2022_012_TMIN_P85_2D,48165,Gaines,High Plains,2022-07-18,2022-08-11,25,2,True,False,2022-07-20,77.99,69.98,25,0,0.0,0.2,False,True,long event,"RETAINED - flagged for review, not deleted"
TX,TMIN_P85_2D__month_pm7,TMIN_P85_2D,TMIN,85,2,month_pm7,48_173_2022_011_TMIN_P85_2D,48173,Glasscock,High Plains,2022-07-17,2022-08-10,25,2,True,False,2022-07-20,78.13,73.04,25,25,100.0,100.0,True,False,long event AND >=50% imputed days,"RETAINED - flagged for review, not deleted"
TX,TMIN_P85_2D__month_pm7,TMIN_P85_2D,TMIN,85,2,month_pm7,48_259_2019_013_TMIN_P85_2D,48259,Kendall,Edwards Plateau,2019-08-06,2019-08-30,25,1,False,False,2019-08-27,77.99,73.04,25,0,0.0,0.8,False,True,long event,"RETAINED - flagged for review, not deleted"
TX,TMIN_P85_2D__month_pm7,TMIN_P85_2D,TMIN,85,2,month_pm7,48_431_2022_011_TMIN_P85_2D,48431,Sterling,Edwards Plateau,2022-07-17,2022-08-10,25,2,True,False,2022-07-20,78.02,73.04,25,25,100.0,72.4,False,False,long event AND >=50% imputed days,"RETAINED - flagged for review, not deleted"
TX,TMIN_P85_2D__month_pm7,TMIN_P85_2D,TMIN,85,2,month_pm7,48_441_2022_011_TMIN_P85_2D,48441,Taylor,Low Rolling Plains,2022-07-17,2022-08-10,25,2,True,False,2022-07-20,82.49,75.92,25,0,0.0,0.0,False,True,long event,"RETAINED - flagged for review, not deleted"
TX,TMIN_P85_2D__w05,TMIN_P85_2D,TMIN,85,2,w05,48_011_2019_017_TMIN_P85_2D,48011,Armstrong,High Plains,2019-09-08,2019-10-02,25,2,True,False,2019-09-08,67.91,65.78,25,25,100.0,100.0,True,False,long event AND >=50% imputed days,"RETAINED - flagged for review, not deleted"
TX,TMIN_P85_2D__w05,TMIN_P85_2D,TMIN,85,2,w05,48_165_2022_013_TMIN_P85_2D,48165,Gaines,High Plains,2022-07-18,2022-08-11,25,2,True,False,2022-07-20,77.99,69.98,25,0,0.0,0.2,False,True,long event,"RETAINED - flagged for review, not deleted"
TX,TMIN_P85_2D__w05,TMIN_P85_2D,TMIN,85,2,w05,48_287_2019_014_TMIN_P85_2D,48287,Lee,South Central,2019-08-06,2019-08-30,25,1,False,False,2019-08-27,82.94,75.02,25,0,0.0,2.2,False,True,long event,"RETAINED - flagged for review, not deleted"
TX,TMIN_P85_2D__w05,TMIN_P85_2D,TMIN,85,2,w05,48_301_2023_009_TMIN_P85_2D,48301,Loving,Trans-Pecos,2023-07-05,2023-07-29,25,1,False,False,2023-07-12,78.42,72.02,25,25,100.0,100.0,True,False,long event AND >=50% imputed days,"RETAINED - flagged for review, not deleted"
TX,TMIN_P85_2D__w05,TMIN_P85_2D,TMIN,85,2,w05,48_317_2022_011_TMIN_P85_2D,48317,Martin,High Plains,2022-07-17,2022-08-10,25,2,True,False,2022-07-20,78.16,72.78,25,25,100.0,100.0,True,False,long event AND >=50% imputed days,"RETAINED - flagged for review, not deleted"
TX,TMIN_P85_2D__w05,TMIN_P85_2D,TMIN,85,2,w05,48_329_2016_008_TMIN_P85_2D,48329,Midland,High Plains,2016-07-02,2016-07-26,25,1,False,False,2016-07-12,80.51,73.28,25,0,0.0,0.0,False,True,long event,"RETAINED - flagged for review, not deleted"
TX,TMIN_P85_2D__w15,TMIN_P85_2D,TMIN,85,2,w15,48_133_2022_010_TMIN_P85_2D,48133,Eastland,North Central,2022-07-17,2022-08-10,25,2,True,False,2022-07-20,79.98,73.94,25,25,100.0,100.0,True,False,long event AND >=50% imputed days,"RETAINED - flagged for review, not deleted"
TX,TMIN_P85_2D__w15,TMIN_P85_2D,TMIN,85,2,w15,48_165_2022_012_TMIN_P85_2D,48165,Gaines,High Plains,2022-07-18,2022-08-11,25,2,True,False,2022-07-20,77.99,69.98,25,0,0.0,0.2,False,True,long event,"RETAINED - flagged for review, not deleted"
TX,TMIN_P85_2D__w15,TMIN_P85_2D,TMIN,85,2,w15,48_173_2022_011_TMIN_P85_2D,48173,Glasscock,High Plains,2022-07-17,2022-08-10,25,2,True,False,2022-07-20,78.13,73.04,25,25,100.0,100.0,True,False,long event AND >=50% imputed days,"RETAINED - flagged for review, not deleted"
TX,TMIN_P85_2D__w15,TMIN_P85_2D,TMIN,85,2,w15,48_317_2022_012_TMIN_P85_2D,48317,Martin,High Plains,2022-07-17,2022-08-10,25,2,True,False,2022-07-20,78.16,72.53,25,25,100.0,100.0,True,False,long event AND >=50% imputed days,"RETAINED - flagged for review, not deleted"
TX,TMIN_P85_2D__w15,TMIN_P85_2D,TMIN,85,2,w15,48_431_2022_009_TMIN_P85_2D,48431,Sterling,Edwards Plateau,2022-07-17,2022-08-10,25,2,True,False,2022-07-20,78.02,73.04,25,25,100.0,72.4,False,False,long event AND >=50% imputed days,"RETAINED - flagged for review, not deleted"
TX,TMIN_P85_3D__month,TMIN_P85_3D,TMIN,85,3,month,48_083_2022_008_TMIN_P85_3D,48083,Coleman,Low Rolling Plains,2022-07-17,2022-08-10,25,2,True,False,2022-07-20,78.74,73.28,25,0,0.0,0.0,False,True,long event,"RETAINED - flagged for review, not deleted"
TX,TMIN_P85_3D__month,TMIN_P85_3D,TMIN,85,3,month,48_093_2022_011_TMIN_P85_3D,48093,Comanche,North Central,2022-07-17,2022-08-10,25,2,True,False,2022-07-28,82.04,73.94,25,15,60.0,3.9,False,True,long event AND >=50% imputed days,"RETAINED - flagged for review, not deleted"
TX,TMIN_P85_3D__month,TMIN_P85_3D,TMIN,85,3,month,48_133_2022_009_TMIN_P85_3D,48133,Eastland,North Central,2022-07-17,2022-08-10,25,2,True,False,2022-07-20,79.98,73.72,25,25,100.0,100.0,True,False,long event AND >=50% imputed days,"RETAINED - flagged for review, not deleted"
TX,TMIN_P85_3D__month,TMIN_P85_3D,TMIN,85,3,month,48_165_2022_010_TMIN_P85_3D,48165,Gaines,High Plains,2022-07-18,2022-08-11,25,2,True,False,2022-07-20,77.99,69.98,25,0,0.0,0.2,False,True,long event,"RETAINED - flagged for review, not deleted"
TX,TMIN_P85_3D__month,TMIN_P85_3D,TMIN,85,3,month,48_173_2022_010_TMIN_P85_3D,48173,Glasscock,High Plains,2022-07-17,2022-08-10,25,2,True,False,2022-07-20,78.13,73.04,25,25,100.0,100.0,True,False,long event AND >=50% imputed days,"RETAINED - flagged for review, not deleted"
TX,TMIN_P85_3D__month,TMIN_P85_3D,TMIN,85,3,month,48_259_2019_007_TMIN_P85_3D,48259,Kendall,Edwards Plateau,2019-08-06,2019-08-30,25,1,False,False,2019-08-27,77.99,73.04,25,0,0.0,0.8,False,True,long event,"RETAINED - flagged for review, not deleted"
TX,TMIN_P85_3D__month,TMIN_P85_3D,TMIN,85,3,month,48_431_2022_009_TMIN_P85_3D,48431,Sterling,Edwards Plateau,2022-07-17,2022-08-10,25,2,True,False,2022-07-20,78.02,73.04,25,25,100.0,72.4,False,False,long event AND >=50% imputed days,"RETAINED - flagged for review, not deleted"
TX,TMIN_P85_3D__month,TMIN_P85_3D,TMIN,85,3,month,48_441_2022_008_TMIN_P85_3D,48441,Taylor,Low Rolling Plains,2022-07-17,2022-08-10,25,2,True,False,2022-07-20,82.49,75.92,25,0,0.0,0.0,False,True,long event,"RETAINED - flagged for review, not deleted"
TX,TMIN_P85_3D__month_pm7,TMIN_P85_3D,TMIN,85,3,month_pm7,48_083_2022_008_TMIN_P85_3D,48083,Coleman,Low Rolling Plains,2022-07-17,2022-08-10,25,2,True,False,2022-07-20,78.74,73.34,25,0,0.0,0.0,False,True,long event,"RETAINED - flagged for review, not deleted"
TX,TMIN_P85_3D__month_pm7,TMIN_P85_3D,TMIN,85,3,month_pm7,48_093_2022_009_TMIN_P85_3D,48093,Comanche,North Central,2022-07-17,2022-08-10,25,2,True,False,2022-07-28,82.04,73.94,25,15,60.0,3.9,False,True,long event AND >=50% imputed days,"RETAINED - flagged for review, not deleted"
TX,TMIN_P85_3D__month_pm7,TMIN_P85_3D,TMIN,85,3,month_pm7,48_133_2022_008_TMIN_P85_3D,48133,Eastland,North Central,2022-07-17,2022-08-10,25,2,True,False,2022-07-20,79.98,73.59,25,25,100.0,100.0,True,False,long event AND >=50% imputed days,"RETAINED - flagged for review, not deleted"
TX,TMIN_P85_3D__month_pm7,TMIN_P85_3D,TMIN,85,3,month_pm7,48_165_2022_010_TMIN_P85_3D,48165,Gaines,High Plains,2022-07-18,2022-08-11,25,2,True,False,2022-07-20,77.99,69.98,25,0,0.0,0.2,False,True,long event,"RETAINED - flagged for review, not deleted"
TX,TMIN_P85_3D__month_pm7,TMIN_P85_3D,TMIN,85,3,month_pm7,48_173_2022_010_TMIN_P85_3D,48173,Glasscock,High Plains,2022-07-17,2022-08-10,25,2,True,False,2022-07-20,78.13,73.04,25,25,100.0,100.0,True,False,long event AND >=50% imputed days,"RETAINED - flagged for review, not deleted"
TX,TMIN_P85_3D__month_pm7,TMIN_P85_3D,TMIN,85,3,month_pm7,48_259_2019_007_TMIN_P85_3D,48259,Kendall,Edwards Plateau,2019-08-06,2019-08-30,25,1,False,False,2019-08-27,77.99,73.04,25,0,0.0,0.8,False,True,long event,"RETAINED - flagged for review, not deleted"
TX,TMIN_P85_3D__month_pm7,TMIN_P85_3D,TMIN,85,3,month_pm7,48_431_2022_009_TMIN_P85_3D,48431,Sterling,Edwards Plateau,2022-07-17,2022-08-10,25,2,True,False,2022-07-20,78.02,73.04,25,25,100.0,72.4,False,False,long event AND >=50% imputed days,"RETAINED - flagged for review, not deleted"
TX,TMIN_P85_3D__month_pm7,TMIN_P85_3D,TMIN,85,3,month_pm7,48_441_2022_008_TMIN_P85_3D,48441,Taylor,Low Rolling Plains,2022-07-17,2022-08-10,25,2,True,False,2022-07-20,82.49,75.92,25,0,0.0,0.0,False,True,long event,"RETAINED - flagged for review, not deleted"
TX,TMIN_P85_3D__w05,TMIN_P85_3D,TMIN,85,3,w05,48_011_2019_010_TMIN_P85_3D,48011,Armstrong,High Plains,2019-09-08,2019-10-02,25,2,True,False,2019-09-08,67.91,65.78,25,25,100.0,100.0,True,False,long event AND >=50% imputed days,"RETAINED - flagged for review, not deleted"
TX,TMIN_P85_3D__w05,TMIN_P85_3D,TMIN,85,3,w05,48_165_2022_009_TMIN_P85_3D,48165,Gaines,High Plains,2022-07-18,2022-08-11,25,2,True,False,2022-07-20,77.99,69.98,25,0,0.0,0.2,False,True,long event,"RETAINED - flagged for review, not deleted"
TX,TMIN_P85_3D__w05,TMIN_P85_3D,TMIN,85,3,w05,48_287_2019_008_TMIN_P85_3D,48287,Lee,South Central,2019-08-06,2019-08-30,25,1,False,False,2019-08-27,82.94,75.02,25,0,0.0,2.2,False,True,long event,"RETAINED - flagged for review, not deleted"
TX,TMIN_P85_3D__w05,TMIN_P85_3D,TMIN,85,3,w05,48_301_2023_005_TMIN_P85_3D,48301,Loving,Trans-Pecos,2023-07-05,2023-07-29,25,1,False,False,2023-07-12,78.42,72.02,25,25,100.0,100.0,True,False,long event AND >=50% imputed days,"RETAINED - flagged for review, not deleted"
TX,TMIN_P85_3D__w05,TMIN_P85_3D,TMIN,85,3,w05,48_317_2022_007_TMIN_P85_3D,48317,Martin,High Plains,2022-07-17,2022-08-10,25,2,True,False,2022-07-20,78.16,72.78,25,25,100.0,100.0,True,False,long event AND >=50% imputed days,"RETAINED - flagged for review, not deleted"
TX,TMIN_P85_3D__w05,TMIN_P85_3D,TMIN,85,3,w05,48_329_2016_004_TMIN_P85_3D,48329,Midland,High Plains,2016-07-02,2016-07-26,25,1,False,False,2016-07-12,80.51,73.28,25,0,0.0,0.0,False,True,long event,"RETAINED - flagged for review, not deleted"
TX,TMIN_P85_3D__w15,TMIN_P85_3D,TMIN,85,3,w15,48_133_2022_010_TMIN_P85_3D,48133,Eastland,North Central,2022-07-17,2022-08-10,25,2,True,False,2022-07-20,79.98,73.94,25,25,100.0,100.0,True,False,long event AND >=50% imputed days,"RETAINED - flagged for review, not deleted"
TX,TMIN_P85_3D__w15,TMIN_P85_3D,TMIN,85,3,w15,48_165_2022_009_TMIN_P85_3D,48165,Gaines,High Plains,2022-07-18,2022-08-11,25,2,True,False,2022-07-20,77.99,69.98,25,0,0.0,0.2,False,True,long event,"RETAINED - flagged for review, not deleted"
TX,TMIN_P85_3D__w15,TMIN_P85_3D,TMIN,85,3,w15,48_173_2022_008_TMIN_P85_3D,48173,Glasscock,High Plains,2022-07-17,2022-08-10,25,2,True,False,2022-07-20,78.13,73.04,25,25,100.0,100.0,True,False,long event AND >=50% imputed days,"RETAINED - flagged for review, not deleted"
TX,TMIN_P85_3D__w15,TMIN_P85_3D,TMIN,85,3,w15,48_317_2022_008_TMIN_P85_3D,48317,Martin,High Plains,2022-07-17,2022-08-10,25,2,True,False,2022-07-20,78.16,72.53,25,25,100.0,100.0,True,False,long event AND >=50% imputed days,"RETAINED - flagged for review, not deleted"
TX,TMIN_P85_3D__w15,TMIN_P85_3D,TMIN,85,3,w15,48_431_2022_008_TMIN_P85_3D,48431,Sterling,Edwards Plateau,2022-07-17,2022-08-10,25,2,True,False,2022-07-20,78.02,73.04,25,25,100.0,72.4,False,False,long event AND >=50% imputed days,"RETAINED - flagged for review, not deleted"
TX,TMIN_P90_2D__month,TMIN_P90_2D,TMIN,90,2,month,48_133_2022_011_TMIN_P90_2D,48133,Eastland,North Central,2022-07-17,2022-08-10,25,2,True,False,2022-07-20,79.98,74.29,25,25,100.0,100.0,True,False,long event AND >=50% imputed days,"RETAINED - flagged for review, not deleted"
TX,TMIN_P90_2D__month,TMIN_P90_2D,TMIN,90,2,month,48_165_2022_012_TMIN_P90_2D,48165,Gaines,High Plains,2022-07-18,2022-08-11,25,2,True,False,2022-07-20,77.99,70.88,25,0,0.0,0.2,False,True,long event,"RETAINED - flagged for review, not deleted"
TX,TMIN_P90_2D__month,TMIN_P90_2D,TMIN,90,2,month,48_317_2022_011_TMIN_P90_2D,48317,Martin,High Plains,2022-07-17,2022-08-10,25,2,True,False,2022-07-20,78.16,73.08,25,25,100.0,100.0,True,False,long event AND >=50% imputed days,"RETAINED - flagged for review, not deleted"
TX,TMIN_P90_2D__month_pm7,TMIN_P90_2D,TMIN,90,2,month_pm7,48_133_2022_011_TMIN_P90_2D,48133,Eastland,North Central,2022-07-17,2022-08-10,25,2,True,False,2022-07-20,79.98,74.26,25,25,100.0,100.0,True,False,long event AND >=50% imputed days,"RETAINED - flagged for review, not deleted"
TX,TMIN_P90_2D__month_pm7,TMIN_P90_2D,TMIN,90,2,month_pm7,48_317_2022_010_TMIN_P90_2D,48317,Martin,High Plains,2022-07-17,2022-08-10,25,2,True,False,2022-07-20,78.16,73.12,25,25,100.0,100.0,True,False,long event AND >=50% imputed days,"RETAINED - flagged for review, not deleted"
TX,TMIN_P90_2D__w05,TMIN_P90_2D,TMIN,90,2,w05,48_115_2022_012_TMIN_P90_2D,48115,Dawson,High Plains,2022-07-17,2022-08-10,25,2,True,False,2022-07-20,77.97,70.68,25,25,100.0,65.2,False,False,long event AND >=50% imputed days,"RETAINED - flagged for review, not deleted"
TX,TMIN_P90_2D__w05,TMIN_P90_2D,TMIN,90,2,w05,48_165_2022_010_TMIN_P90_2D,48165,Gaines,High Plains,2022-07-18,2022-08-11,25,2,True,False,2022-07-20,77.99,70.84,25,0,0.0,0.2,False,True,long event,"RETAINED - flagged for review, not deleted"
TX,TMIN_P90_2D__w05,TMIN_P90_2D,TMIN,90,2,w05,48_317_2022_013_TMIN_P90_2D,48317,Martin,High Plains,2022-07-17,2022-08-10,25,2,True,False,2022-07-20,78.16,73.19,25,25,100.0,100.0,True,False,long event AND >=50% imputed days,"RETAINED - flagged for review, not deleted"
TX,TMIN_P90_2D__w15,TMIN_P90_2D,TMIN,90,2,w15,48_165_2022_011_TMIN_P90_2D,48165,Gaines,High Plains,2022-07-18,2022-08-11,25,2,True,False,2022-07-20,77.99,70.97,25,0,0.0,0.2,False,True,long event,"RETAINED - flagged for review, not deleted"
TX,TMIN_P90_2D__w15,TMIN_P90_2D,TMIN,90,2,w15,48_317_2022_012_TMIN_P90_2D,48317,Martin,High Plains,2022-07-17,2022-08-10,25,2,True,False,2022-07-20,78.16,73.1,25,25,100.0,100.0,True,False,long event AND >=50% imputed days,"RETAINED - flagged for review, not deleted"
TX,TMIN_P90_3D__month,TMIN_P90_3D,TMIN,90,3,month,48_133_2022_008_TMIN_P90_3D,48133,Eastland,North Central,2022-07-17,2022-08-10,25,2,True,False,2022-07-20,79.98,74.29,25,25,100.0,100.0,True,False,long event AND >=50% imputed days,"RETAINED - flagged for review, not deleted"
TX,TMIN_P90_3D__month,TMIN_P90_3D,TMIN,90,3,month,48_165_2022_007_TMIN_P90_3D,48165,Gaines,High Plains,2022-07-18,2022-08-11,25,2,True,False,2022-07-20,77.99,70.88,25,0,0.0,0.2,False,True,long event,"RETAINED - flagged for review, not deleted"
TX,TMIN_P90_3D__month,TMIN_P90_3D,TMIN,90,3,month,48_317_2022_008_TMIN_P90_3D,48317,Martin,High Plains,2022-07-17,2022-08-10,25,2,True,False,2022-07-20,78.16,73.08,25,25,100.0,100.0,True,False,long event AND >=50% imputed days,"RETAINED - flagged for review, not deleted"
TX,TMIN_P90_3D__month_pm7,TMIN_P90_3D,TMIN,90,3,month_pm7,48_133_2022_008_TMIN_P90_3D,48133,Eastland,North Central,2022-07-17,2022-08-10,25,2,True,False,2022-07-20,79.98,74.26,25,25,100.0,100.0,True,False,long event AND >=50% imputed days,"RETAINED - flagged for review, not deleted"
TX,TMIN_P90_3D__month_pm7,TMIN_P90_3D,TMIN,90,3,month_pm7,48_317_2022_007_TMIN_P90_3D,48317,Martin,High Plains,2022-07-17,2022-08-10,25,2,True,False,2022-07-20,78.16,73.12,25,25,100.0,100.0,True,False,long event AND >=50% imputed days,"RETAINED - flagged for review, not deleted"
TX,TMIN_P90_3D__w05,TMIN_P90_3D,TMIN,90,3,w05,48_115_2022_010_TMIN_P90_3D,48115,Dawson,High Plains,2022-07-17,2022-08-10,25,2,True,False,2022-07-20,77.97,70.68,25,25,100.0,65.2,False,False,long event AND >=50% imputed days,"RETAINED - flagged for review, not deleted"
TX,TMIN_P90_3D__w05,TMIN_P90_3D,TMIN,90,3,w05,48_165_2022_008_TMIN_P90_3D,48165,Gaines,High Plains,2022-07-18,2022-08-11,25,2,True,False,2022-07-20,77.99,70.84,25,0,0.0,0.2,False,True,long event,"RETAINED - flagged for review, not deleted"
TX,TMIN_P90_3D__w05,TMIN_P90_3D,TMIN,90,3,w05,48_317_2022_009_TMIN_P90_3D,48317,Martin,High Plains,2022-07-17,2022-08-10,25,2,True,False,2022-07-20,78.16,73.19,25,25,100.0,100.0,True,False,long event AND >=50% imputed days,"RETAINED - flagged for review, not deleted"
TX,TMIN_P90_3D__w15,TMIN_P90_3D,TMIN,90,3,w15,48_165_2022_008_TMIN_P90_3D,48165,Gaines,High Plains,2022-07-18,2022-08-11,25,2,True,False,2022-07-20,77.99,70.97,25,0,0.0,0.2,False,True,long event,"RETAINED - flagged for review, not deleted"
TX,TMIN_P90_3D__w15,TMIN_P90_3D,TMIN,90,3,w15,48_317_2022_008_TMIN_P90_3D,48317,Martin,High Plains,2022-07-17,2022-08-10,25,2,True,False,2022-07-20,78.16,73.1,25,25,100.0,100.0,True,False,long event AND >=50% imputed days,"RETAINED - flagged for review, not deleted"
TX,TMIN_P95_2D__month,TMIN_P95_2D,TMIN,95,2,month,48_115_2022_011_TMIN_P95_2D,48115,Dawson,High Plains,2022-07-17,2022-08-10,25,2,True,False,2022-07-20,77.97,71.96,25,25,100.0,65.2,False,False,long event AND >=50% imputed days,"RETAINED - flagged for review, not deleted"
TX,TMIN_P95_2D__month_pm7,TMIN_P95_2D,TMIN,95,2,month_pm7,48_115_2022_011_TMIN_P95_2D,48115,Dawson,High Plains,2022-07-17,2022-08-10,25,2,True,False,2022-07-20,77.97,71.96,25,25,100.0,65.2,False,False,long event AND >=50% imputed days,"RETAINED - flagged for review, not deleted"
TX,TMIN_P95_2D__w15,TMIN_P95_2D,TMIN,95,2,w15,48_115_2022_011_TMIN_P95_2D,48115,Dawson,High Plains,2022-07-17,2022-08-10,25,2,True,False,2022-07-20,77.97,71.96,25,25,100.0,65.2,False,False,long event AND >=50% imputed days,"RETAINED - flagged for review, not deleted"
TX,TMIN_P95_3D__month,TMIN_P95_3D,TMIN,95,3,month,48_115_2022_006_TMIN_P95_3D,48115,Dawson,High Plains,2022-07-17,2022-08-10,25,2,True,False,2022-07-20,77.97,71.96,25,25,100.0,65.2,False,False,long event AND >=50% imputed days,"RETAINED - flagged for review, not deleted"
TX,TMIN_P95_3D__month_pm7,TMIN_P95_3D,TMIN,95,3,month_pm7,48_115_2022_006_TMIN_P95_3D,48115,Dawson,High Plains,2022-07-17,2022-08-10,25,2,True,False,2022-07-20,77.97,71.96,25,25,100.0,65.2,False,False,long event AND >=50% imputed days,"RETAINED - flagged for review, not deleted"
TX,TMIN_P95_3D__w15,TMIN_P95_3D,TMIN,95,3,w15,48_115_2022_008_TMIN_P95_3D,48115,Dawson,High Plains,2022-07-17,2022-08-10,25,2,True,False,2022-07-20,77.97,71.96,25,25,100.0,65.2,False,False,long event AND >=50% imputed days,"RETAINED - flagged for review, not deleted"
TX,MHI_P85_2D__month,MHI_P85_2D,MHI,85,2,month,48_039_2016_009_MHI_P85_2D,48039,Brazoria,Upper Coast,2016-07-02,2016-07-25,24,1,False,False,2016-07-05,107.86,95.29,24,0,0.0,0.0,False,True,long event,"RETAINED - flagged for review, not deleted"
TX,MHI_P85_2D__month,MHI_P85_2D,MHI,85,2,month,48_123_2023_010_MHI_P85_2D,48123,DeWitt,South Central,2023-06-13,2023-07-06,24,2,True,False,2023-06-21,101.47,92.53,24,0,0.0,1.4,False,True,long event,"RETAINED - flagged for review, not deleted"
TX,MHI_P85_2D__month_pm7,MHI_P85_2D,MHI,85,2,month_pm7,48_039_2016_010_MHI_P85_2D,48039,Brazoria,Upper Coast,2016-07-02,2016-07-25,24,1,False,False,2016-07-05,107.86,95.49,24,0,0.0,0.0,False,True,long event,"RETAINED - flagged for review, not deleted"
TX,MHI_P85_2D__month_pm7,MHI_P85_2D,MHI,85,2,month_pm7,48_123_2023_010_MHI_P85_2D,48123,DeWitt,South Central,2023-06-13,2023-07-06,24,2,True,False,2023-06-21,101.47,92.52,24,0,0.0,1.4,False,True,long event,"RETAINED - flagged for review, not deleted"
TX,MHI_P85_2D__w05,MHI_P85_2D,MHI,85,2,w05,48_039_2016_014_MHI_P85_2D,48039,Brazoria,Upper Coast,2016-07-02,2016-07-25,24,1,False,False,2016-07-05,107.86,94.91,24,0,0.0,0.0,False,True,long event,"RETAINED - flagged for review, not deleted"
TX,MHI_P85_2D__w05,MHI_P85_2D,MHI,85,2,w05,48_259_2023_014_MHI_P85_2D,48259,Kendall,Edwards Plateau,2023-07-31,2023-08-23,24,2,True,False,2023-08-13,101.62,90.72,24,0,0.0,0.8,False,True,long event,"RETAINED - flagged for review, not deleted"
TX,MHI_P85_2D__w05,MHI_P85_2D,MHI,85,2,w05,48_481_2016_010_MHI_P85_2D,48481,Wharton,Upper Coast,2016-07-03,2016-07-26,24,1,False,False,2016-07-05,100.22,93.0,24,0,0.0,0.0,False,True,long event,"RETAINED - flagged for review, not deleted"
TX,MHI_P85_2D__w15,MHI_P85_2D,MHI,85,2,w15,48_005_2023_009_MHI_P85_2D,48005,Angelina,East Texas,2023-06-12,2023-07-05,24,2,True,False,2023-06-15,98.61,90.48,24,0,0.0,0.0,False,True,long event,"RETAINED - flagged for review, not deleted"
TX,MHI_P85_2D__w15,MHI_P85_2D,MHI,85,2,w15,48_039_2016_013_MHI_P85_2D,48039,Brazoria,Upper Coast,2016-07-02,2016-07-25,24,1,False,False,2016-07-05,107.86,94.82,24,0,0.0,0.0,False,True,long event,"RETAINED - flagged for review, not deleted"
TX,MHI_P85_2D__w15,MHI_P85_2D,MHI,85,2,w15,48_123_2023_012_MHI_P85_2D,48123,DeWitt,South Central,2023-06-13,2023-07-06,24,2,True,False,2023-06-21,101.47,93.19,24,0,0.0,1.4,False,True,long event,"RETAINED - flagged for review, not deleted"
TX,MHI_P85_2D__w15,MHI_P85_2D,MHI,85,2,w15,48_243_2023_011_MHI_P85_2D,48243,Jeff Davis,Trans-Pecos,2023-07-06,2023-07-29,24,1,False,False,2023-07-15,86.67,79.11,24,0,0.0,0.0,False,True,long event,"RETAINED - flagged for review, not deleted"
TX,MHI_P85_2D__w15,MHI_P85_2D,MHI,85,2,w15,48_259_2023_015_MHI_P85_2D,48259,Kendall,Edwards Plateau,2023-07-31,2023-08-23,24,2,True,False,2023-08-13,101.62,90.67,24,0,0.0,0.8,False,True,long event,"RETAINED - flagged for review, not deleted"
TX,MHI_P85_2D__w15,MHI_P85_2D,MHI,85,2,w15,48_481_2016_010_MHI_P85_2D,48481,Wharton,Upper Coast,2016-07-03,2016-07-26,24,1,False,False,2016-07-05,100.22,92.71,24,0,0.0,0.0,False,True,long event,"RETAINED - flagged for review, not deleted"
TX,MHI_P90_2D__month,MHI_P90_2D,MHI,90,2,month,48_039_2016_010_MHI_P90_2D,48039,Brazoria,Upper Coast,2016-07-02,2016-07-25,24,1,False,False,2016-07-05,107.86,96.24,24,0,0.0,0.0,False,True,long event,"RETAINED - flagged for review, not deleted"
TX,MHI_P90_2D__month_pm7,MHI_P90_2D,MHI,90,2,month_pm7,48_039_2016_010_MHI_P90_2D,48039,Brazoria,Upper Coast,2016-07-02,2016-07-25,24,1,False,False,2016-07-05,107.86,96.45,24,0,0.0,0.0,False,True,long event,"RETAINED - flagged for review, not deleted"
TX,MHI_P90_2D__month_pm7,MHI_P90_2D,MHI,90,2,month_pm7,48_259_2023_013_MHI_P90_2D,48259,Kendall,Edwards Plateau,2023-07-31,2023-08-23,24,2,True,False,2023-08-13,101.62,90.78,24,0,0.0,0.8,False,True,long event,"RETAINED - flagged for review, not deleted"
TX,MHI_P90_2D__w05,MHI_P90_2D,MHI,90,2,w05,48_039_2016_008_MHI_P90_2D,48039,Brazoria,Upper Coast,2016-07-02,2016-07-25,24,1,False,False,2016-07-05,107.86,96.28,24,0,0.0,0.0,False,True,long event,"RETAINED - flagged for review, not deleted"
TX,MHI_P90_2D__w15,MHI_P90_2D,MHI,90,2,w15,48_039_2016_009_MHI_P90_2D,48039,Brazoria,Upper Coast,2016-07-02,2016-07-25,24,1,False,False,2016-07-05,107.86,95.65,24,0,0.0,0.0,False,True,long event,"RETAINED - flagged for review, not deleted"
TX,MHI_P90_3D__month,MHI_P90_3D,MHI,90,3,month,48_039_2016_007_MHI_P90_3D,48039,Brazoria,Upper Coast,2016-07-02,2016-07-25,24,1,False,False,2016-07-05,107.86,96.24,24,0,0.0,0.0,False,True,long event,"RETAINED - flagged for review, not deleted"
TX,MHI_P90_3D__month_pm7,MHI_P90_3D,MHI,90,3,month_pm7,48_039_2016_006_MHI_P90_3D,48039,Brazoria,Upper Coast,2016-07-02,2016-07-25,24,1,False,False,2016-07-05,107.86,96.45,24,0,0.0,0.0,False,True,long event,"RETAINED - flagged for review, not deleted"
TX,MHI_P90_3D__month_pm7,MHI_P90_3D,MHI,90,3,month_pm7,48_259_2023_009_MHI_P90_3D,48259,Kendall,Edwards Plateau,2023-07-31,2023-08-23,24,2,True,False,2023-08-13,101.62,90.78,24,0,0.0,0.8,False,True,long event,"RETAINED - flagged for review, not deleted"
TX,MHI_P90_3D__w05,MHI_P90_3D,MHI,90,3,w05,48_039_2016_005_MHI_P90_3D,48039,Brazoria,Upper Coast,2016-07-02,2016-07-25,24,1,False,False,2016-07-05,107.86,96.28,24,0,0.0,0.0,False,True,long event,"RETAINED - flagged for review, not deleted"
TX,MHI_P90_3D__w15,MHI_P90_3D,MHI,90,3,w15,48_039_2016_005_MHI_P90_3D,48039,Brazoria,Upper Coast,2016-07-02,2016-07-25,24,1,False,False,2016-07-05,107.86,95.65,24,0,0.0,0.0,False,True,long event,"RETAINED - flagged for review, not deleted"
TX,MHI_P95_2D__w05,MHI_P95_2D,MHI,95,2,w05,48_039_2016_004_MHI_P95_2D,48039,Brazoria,Upper Coast,2016-07-02,2016-07-25,24,1,False,False,2016-07-05,107.86,97.78,24,0,0.0,0.0,False,True,long event,"RETAINED - flagged for review, not deleted"
TX,MHI_P95_2D__w15,MHI_P95_2D,MHI,95,2,w15,48_377_2023_010_MHI_P95_2D,48377,Presidio,Trans-Pecos,2023-07-05,2023-07-28,24,1,False,False,2023-07-13,99.55,91.0,24,0,0.0,2.2,False,True,long event,"RETAINED - flagged for review, not deleted"
TX,TMAX_P85_2D__month,TMAX_P85_2D,TMAX,85,2,month,48_055_2022_011_TMAX_P85_2D,48055,Caldwell,South Central,2022-06-04,2022-06-27,24,1,False,False,2022-06-12,105.98,96.98,24,0,0.0,0.1,False,True,long event,"RETAINED - flagged for review, not deleted"
TX,TMAX_P85_2D__month,TMAX_P85_2D,TMAX,85,2,month,48_149_2023_013_TMAX_P85_2D,48149,Fayette,South Central,2023-07-29,2023-08-21,24,2,True,False,2023-08-17,106.52,100.34,24,0,0.0,0.6,False,True,long event,"RETAINED - flagged for review, not deleted"
TX,TMAX_P85_2D__month,TMAX_P85_2D,TMAX,85,2,month,48_221_2022_012_TMAX_P85_2D,48221,Hood,North Central,2022-07-17,2022-08-09,24,2,True,False,2022-07-19,110.03,100.89,24,0,0.0,0.5,False,True,long event,"RETAINED - flagged for review, not deleted"
TX,TMAX_P85_2D__month,TMAX_P85_2D,TMAX,85,2,month,48_259_2022_014_TMAX_P85_2D,48259,Kendall,Edwards Plateau,2022-06-04,2022-06-27,24,1,False,False,2022-06-12,105.44,95.0,24,0,0.0,0.8,False,True,long event,"RETAINED - flagged for review, not deleted"
TX,TMAX_P85_2D__month,TMAX_P85_2D,TMAX,85,2,month,48_273_2023_011_TMAX_P85_2D,48273,Kleberg,South Central,2023-07-30,2023-08-22,24,2,True,False,2023-08-17,106.07,100.04,24,0,0.0,0.0,False,True,long event,"RETAINED - flagged for review, not deleted"
TX,TMAX_P85_2D__month,TMAX_P85_2D,TMAX,85,2,month,48_283_2022_015_TMAX_P85_2D,48283,La Salle,South Texas,2022-06-04,2022-06-27,24,1,False,False,2022-06-06,111.02,102.02,24,0,0.0,0.7,False,True,long event,"RETAINED - flagged for review, not deleted"
TX,TMAX_P85_2D__month,TMAX_P85_2D,TMAX,85,2,month,48_285_2023_012_TMAX_P85_2D,48285,Lavaca,South Central,2023-08-23,2023-09-15,24,2,True,False,2023-08-27,111.02,100.04,24,0,0.0,0.8,False,True,long event,"RETAINED - flagged for review, not deleted"
TX,TMAX_P85_2D__month,TMAX_P85_2D,TMAX,85,2,month,48_321_2023_011_TMAX_P85_2D,48321,Matagorda,Upper Coast,2023-08-23,2023-09-15,24,2,True,False,2023-08-27,103.94,94.28,24,0,0.0,0.0,False,True,long event,"RETAINED - flagged for review, not deleted"
TX,TMAX_P85_2D__month,TMAX_P85_2D,TMAX,85,2,month,48_325_2022_014_TMAX_P85_2D,48325,Medina,South Central,2022-06-04,2022-06-27,24,1,False,False,2022-06-12,107.06,98.06,24,0,0.0,0.5,False,True,long event,"RETAINED - flagged for review, not deleted"
TX,TMAX_P85_2D__month,TMAX_P85_2D,TMAX,85,2,month,48_481_2023_009_TMAX_P85_2D,48481,Wharton,Upper Coast,2023-07-29,2023-08-21,24,2,True,False,2023-08-17,103.64,98.0,24,0,0.0,0.0,False,True,long event,"RETAINED - flagged for review, not deleted"
TX,TMAX_P85_2D__month_pm7,TMAX_P85_2D,TMAX,85,2,month_pm7,48_055_2022_011_TMAX_P85_2D,48055,Caldwell,South Central,2022-06-04,2022-06-27,24,1,False,False,2022-06-12,105.98,97.23,24,0,0.0,0.1,False,True,long event,"RETAINED - flagged for review, not deleted"
TX,TMAX_P85_2D__month_pm7,TMAX_P85_2D,TMAX,85,2,month_pm7,48_089_2023_010_TMAX_P85_2D,48089,Colorado,South Central,2023-07-29,2023-08-21,24,2,True,False,2023-08-18,106.34,101.48,24,0,0.0,0.0,False,True,long event,"RETAINED - flagged for review, not deleted"
TX,TMAX_P85_2D__month_pm7,TMAX_P85_2D,TMAX,85,2,month_pm7,48_149_2023_013_TMAX_P85_2D,48149,Fayette,South Central,2023-07-29,2023-08-21,24,2,True,False,2023-08-17,106.52,100.04,24,0,0.0,0.6,False,True,long event,"RETAINED - flagged for review, not deleted"
TX,TMAX_P85_2D__month_pm7,TMAX_P85_2D,TMAX,85,2,month_pm7,48_177_2022_008_TMAX_P85_2D,48177,Gonzales,South Central,2022-06-05,2022-06-28,24,1,False,False,2022-06-12,103.5,96.74,24,0,0.0,0.0,False,True,long event,"RETAINED - flagged for review, not deleted"
TX,TMAX_P85_2D__month_pm7,TMAX_P85_2D,TMAX,85,2,month_pm7,48_221_2022_011_TMAX_P85_2D,48221,Hood,North Central,2022-07-17,2022-08-09,24,2,True,False,2022-07-19,110.03,100.94,24,0,0.0,0.5,False,True,long event,"RETAINED - flagged for review, not deleted"
TX,TMAX_P85_2D__month_pm7,TMAX_P85_2D,TMAX,85,2,month_pm7,48_259_2022_015_TMAX_P85_2D,48259,Kendall,Edwards Plateau,2022-06-04,2022-06-27,24,1,False,False,2022-06-12,105.44,94.55,24,0,0.0,0.8,False,True,long event,"RETAINED - flagged for review, not deleted"
TX,TMAX_P85_2D__month_pm7,TMAX_P85_2D,TMAX,85,2,month_pm7,48_273_2023_011_TMAX_P85_2D,48273,Kleberg,South Central,2023-07-30,2023-08-22,24,2,True,False,2023-08-17,106.07,99.95,24,0,0.0,0.0,False,True,long event,"RETAINED - flagged for review, not deleted"
TX,TMAX_P85_2D__month_pm7,TMAX_P85_2D,TMAX,85,2,month_pm7,48_283_2022_015_TMAX_P85_2D,48283,La Salle,South Texas,2022-06-04,2022-06-27,24,1,False,False,2022-06-06,111.02,102.02,24,0,0.0,0.7,False,True,long event,"RETAINED - flagged for review, not deleted"
TX,TMAX_P85_2D__month_pm7,TMAX_P85_2D,TMAX,85,2,month_pm7,48_325_2022_013_TMAX_P85_2D,48325,Medina,South Central,2022-06-04,2022-06-27,24,1,False,False,2022-06-12,107.06,98.02,24,0,0.0,0.5,False,True,long event,"RETAINED - flagged for review, not deleted"
TX,TMAX_P85_2D__month_pm7,TMAX_P85_2D,TMAX,85,2,month_pm7,48_481_2023_009_TMAX_P85_2D,48481,Wharton,Upper Coast,2023-07-29,2023-08-21,24,2,True,False,2023-08-17,103.64,97.79,24,0,0.0,0.0,False,True,long event,"RETAINED - flagged for review, not deleted"
TX,TMAX_P85_2D__w05,TMAX_P85_2D,TMAX,85,2,w05,48_019_2019_009_TMAX_P85_2D,48019,Bandera,Edwards Plateau,2019-09-14,2019-10-07,24,2,True,False,2019-09-20,100.94,93.37,24,0,0.0,16.4,False,False,long event,"RETAINED - flagged for review, not deleted"
TX,TMAX_P85_2D__w05,TMAX_P85_2D,TMAX,85,2,w05,48_055_2023_015_TMAX_P85_2D,48055,Caldwell,South Central,2023-07-29,2023-08-21,24,2,True,False,2023-08-17,109.49,102.02,24,0,0.0,0.1,False,True,long event,"RETAINED - flagged for review, not deleted"
TX,TMAX_P85_2D__w05,TMAX_P85_2D,TMAX,85,2,w05,48_137_2025_014_TMAX_P85_2D,48137,Edwards,Edwards Plateau,2025-10-01,2025-10-24,24,1,False,False,2025-10-02,93.34,89.96,24,24,100.0,13.8,False,False,long event AND >=50% imputed days,"RETAINED - flagged for review, not deleted"
TX,TMAX_P85_2D__w05,TMAX_P85_2D,TMAX,85,2,w05,48_177_2022_008_TMAX_P85_2D,48177,Gonzales,South Central,2022-06-04,2022-06-27,24,1,False,False,2022-06-12,103.5,96.66,24,0,0.0,0.0,False,True,long event,"RETAINED - flagged for review, not deleted"
TX,TMAX_P85_2D__w05,TMAX_P85_2D,TMAX,85,2,w05,48_177_2023_013_TMAX_P85_2D,48177,Gonzales,South Central,2023-07-30,2023-08-22,24,2,True,False,2023-08-18,107.0,101.3,24,0,0.0,0.0,False,True,long event,"RETAINED - flagged for review, not deleted"
TX,TMAX_P85_2D__w05,TMAX_P85_2D,TMAX,85,2,w05,48_177_2023_014_TMAX_P85_2D,48177,Gonzales,South Central,2023-08-24,2023-09-16,24,2,True,False,2023-08-28,105.98,99.64,24,0,0.0,0.0,False,True,long event,"RETAINED - flagged for review, not deleted"
TX,TMAX_P85_2D__w05,TMAX_P85_2D,TMAX,85,2,w05,48_183_2018_003_TMAX_P85_2D,48183,Gregg,East Texas,2018-05-11,2018-06-03,24,2,True,False,2018-06-02,95.96,92.4,24,0,0.0,0.1,False,True,long event,"RETAINED - flagged for review, not deleted"
TX,TMAX_P85_2D__w05,TMAX_P85_2D,TMAX,85,2,w05,48_285_2023_014_TMAX_P85_2D,48285,Lavaca,South Central,2023-08-23,2023-09-15,24,2,True,False,2023-08-27,111.02,98.96,24,0,0.0,0.8,False,True,long event,"RETAINED - flagged for review, not deleted"
TX,TMAX_P85_2D__w05,TMAX_P85_2D,TMAX,85,2,w05,48_299_2023_012_TMAX_P85_2D,48299,Llano,Edwards Plateau,2023-07-30,2023-08-22,24,2,True,False,2023-08-18,108.02,102.02,24,0,0.0,0.0,False,True,long event,"RETAINED - flagged for review, not deleted"
TX,TMAX_P85_2D__w05,TMAX_P85_2D,TMAX,85,2,w05,48_321_2023_014_TMAX_P85_2D,48321,Matagorda,Upper Coast,2023-08-23,2023-09-15,24,2,True,False,2023-08-27,103.94,94.06,24,0,0.0,0.0,False,True,long event,"RETAINED - flagged for review, not deleted"
TX,TMAX_P85_2D__w05,TMAX_P85_2D,TMAX,85,2,w05,48_325_2019_008_TMAX_P85_2D,48325,Medina,South Central,2019-09-14,2019-10-07,24,2,True,False,2019-09-19,101.48,95.54,24,0,0.0,0.5,False,True,long event,"RETAINED - flagged for review, not deleted"
TX,TMAX_P85_2D__w05,TMAX_P85_2D,TMAX,85,2,w05,48_453_2023_013_TMAX_P85_2D,48453,Travis,South Central,2023-07-29,2023-08-21,24,2,True,False,2023-08-17,107.84,101.38,24,0,0.0,0.0,False,True,long event,"RETAINED - flagged for review, not deleted"
TX,TMAX_P85_2D__w05,TMAX_P85_2D,TMAX,85,2,w05,48_471_2022_008_TMAX_P85_2D,48471,Walker,East Texas,2022-06-06,2022-06-29,24,1,False,False,2022-06-24,101.48,95.54,24,0,0.0,0.0,False,True,long event,"RETAINED - flagged for review, not deleted"
TX,TMAX_P85_2D__w15,TMAX_P85_2D,TMAX,85,2,w15,48_055_2022_011_TMAX_P85_2D,48055,Caldwell,South Central,2022-06-04,2022-06-27,24,1,False,False,2022-06-12,105.98,96.98,24,0,0.0,0.1,False,True,long event,"RETAINED - flagged for review, not deleted"
TX,TMAX_P85_2D__w15,TMAX_P85_2D,TMAX,85,2,w15,48_131_2023_011_TMAX_P85_2D,48131,Duval,South Texas,2023-06-10,2023-07-03,24,2,True,False,2023-06-22,114.98,100.49,24,0,0.0,0.7,False,True,long event,"RETAINED - flagged for review, not deleted"
TX,TMAX_P85_2D__w15,TMAX_P85_2D,TMAX,85,2,w15,48_137_2025_013_TMAX_P85_2D,48137,Edwards,Edwards Plateau,2025-10-01,2025-10-24,24,1,False,False,2025-10-02,93.34,89.51,24,24,100.0,13.8,False,False,long event AND >=50% imputed days,"RETAINED - flagged for review, not deleted"
TX,TMAX_P85_2D__w15,TMAX_P85_2D,TMAX,85,2,w15,48_177_2022_007_TMAX_P85_2D,48177,Gonzales,South Central,2022-06-04,2022-06-27,24,1,False,False,2022-06-12,103.5,96.53,24,0,0.0,0.0,False,True,long event,"RETAINED - flagged for review, not deleted"
TX,TMAX_P85_2D__w15,TMAX_P85_2D,TMAX,85,2,w15,48_177_2023_013_TMAX_P85_2D,48177,Gonzales,South Central,2023-07-30,2023-08-22,24,2,True,False,2023-08-18,107.0,100.95,24,0,0.0,0.0,False,True,long event,"RETAINED - flagged for review, not deleted"
TX,TMAX_P85_2D__w15,TMAX_P85_2D,TMAX,85,2,w15,48_177_2023_014_TMAX_P85_2D,48177,Gonzales,South Central,2023-08-24,2023-09-16,24,2,True,False,2023-08-28,105.98,99.95,24,0,0.0,0.0,False,True,long event,"RETAINED - flagged for review, not deleted"
TX,TMAX_P85_2D__w15,TMAX_P85_2D,TMAX,85,2,w15,48_285_2023_014_TMAX_P85_2D,48285,Lavaca,South Central,2023-08-23,2023-09-15,24,2,True,False,2023-08-27,111.02,98.96,24,0,0.0,0.8,False,True,long event,"RETAINED - flagged for review, not deleted"
TX,TMAX_P85_2D__w15,TMAX_P85_2D,TMAX,85,2,w15,48_299_2023_011_TMAX_P85_2D,48299,Llano,Edwards Plateau,2023-07-30,2023-08-22,24,2,True,False,2023-08-18,108.02,102.02,24,0,0.0,0.0,False,True,long event,"RETAINED - flagged for review, not deleted"
TX,TMAX_P85_2D__w15,TMAX_P85_2D,TMAX,85,2,w15,48_321_2023_016_TMAX_P85_2D,48321,Matagorda,Upper Coast,2023-08-23,2023-09-15,24,2,True,False,2023-08-27,103.94,94.34,24,0,0.0,0.0,False,True,long event,"RETAINED - flagged for review, not deleted"
TX,TMAX_P85_2D__w15,TMAX_P85_2D,TMAX,85,2,w15,48_377_2023_010_TMAX_P85_2D,48377,Presidio,Trans-Pecos,2023-07-05,2023-07-28,24,1,False,False,2023-07-13,109.04,101.36,24,0,0.0,2.2,False,True,long event,"RETAINED - flagged for review, not deleted"
TX,TMAX_P85_3D__month,TMAX_P85_3D,TMAX,85,3,month,48_055_2022_007_TMAX_P85_3D,48055,Caldwell,South Central,2022-06-04,2022-06-27,24,1,False,False,2022-06-12,105.98,96.98,24,0,0.0,0.1,False,True,long event,"RETAINED - flagged for review, not deleted"
TX,TMAX_P85_3D__month,TMAX_P85_3D,TMAX,85,3,month,48_149_2023_008_TMAX_P85_3D,48149,Fayette,South Central,2023-07-29,2023-08-21,24,2,True,False,2023-08-17,106.52,100.34,24,0,0.0,0.6,False,True,long event,"RETAINED - flagged for review, not deleted"
TX,TMAX_P85_3D__month,TMAX_P85_3D,TMAX,85,3,month,48_221_2022_008_TMAX_P85_3D,48221,Hood,North Central,2022-07-17,2022-08-09,24,2,True,False,2022-07-19,110.03,100.89,24,0,0.0,0.5,False,True,long event,"RETAINED - flagged for review, not deleted"
TX,TMAX_P85_3D__month,TMAX_P85_3D,TMAX,85,3,month,48_259_2022_008_TMAX_P85_3D,48259,Kendall,Edwards Plateau,2022-06-04,2022-06-27,24,1,False,False,2022-06-12,105.44,95.0,24,0,0.0,0.8,False,True,long event,"RETAINED - flagged for review, not deleted"
TX,TMAX_P85_3D__month,TMAX_P85_3D,TMAX,85,3,month,48_273_2023_010_TMAX_P85_3D,48273,Kleberg,South Central,2023-07-30,2023-08-22,24,2,True,False,2023-08-17,106.07,100.04,24,0,0.0,0.0,False,True,long event,"RETAINED - flagged for review, not deleted"
TX,TMAX_P85_3D__month,TMAX_P85_3D,TMAX,85,3,month,48_283_2022_006_TMAX_P85_3D,48283,La Salle,South Texas,2022-06-04,2022-06-27,24,1,False,False,2022-06-06,111.02,102.02,24,0,0.0,0.7,False,True,long event,"RETAINED - flagged for review, not deleted"
TX,TMAX_P85_3D__month,TMAX_P85_3D,TMAX,85,3,month,48_285_2023_010_TMAX_P85_3D,48285,Lavaca,South Central,2023-08-23,2023-09-15,24,2,True,False,2023-08-27,111.02,100.04,24,0,0.0,0.8,False,True,long event,"RETAINED - flagged for review, not deleted"
TX,TMAX_P85_3D__month,TMAX_P85_3D,TMAX,85,3,month,48_321_2023_008_TMAX_P85_3D,48321,Matagorda,Upper Coast,2023-08-23,2023-09-15,24,2,True,False,2023-08-27,103.94,94.28,24,0,0.0,0.0,False,True,long event,"RETAINED - flagged for review, not deleted"
TX,TMAX_P85_3D__month,TMAX_P85_3D,TMAX,85,3,month,48_325_2022_006_TMAX_P85_3D,48325,Medina,South Central,2022-06-04,2022-06-27,24,1,False,False,2022-06-12,107.06,98.06,24,0,0.0,0.5,False,True,long event,"RETAINED - flagged for review, not deleted"
TX,TMAX_P85_3D__month,TMAX_P85_3D,TMAX,85,3,month,48_481_2023_008_TMAX_P85_3D,48481,Wharton,Upper Coast,2023-07-29,2023-08-21,24,2,True,False,2023-08-17,103.64,98.0,24,0,0.0,0.0,False,True,long event,"RETAINED - flagged for review, not deleted"
TX,TMAX_P85_3D__month_pm7,TMAX_P85_3D,TMAX,85,3,month_pm7,48_055_2022_007_TMAX_P85_3D,48055,Caldwell,South Central,2022-06-04,2022-06-27,24,1,False,False,2022-06-12,105.98,97.23,24,0,0.0,0.1,False,True,long event,"RETAINED - flagged for review, not deleted"
TX,TMAX_P85_3D__month_pm7,TMAX_P85_3D,TMAX,85,3,month_pm7,48_089_2023_009_TMAX_P85_3D,48089,Colorado,South Central,2023-07-29,2023-08-21,24,2,True,False,2023-08-18,106.34,101.48,24,0,0.0,0.0,False,True,long event,"RETAINED - flagged for review, not deleted"
TX,TMAX_P85_3D__month_pm7,TMAX_P85_3D,TMAX,85,3,month_pm7,48_149_2023_007_TMAX_P85_3D,48149,Fayette,South Central,2023-07-29,2023-08-21,24,2,True,False,2023-08-17,106.52,100.04,24,0,0.0,0.6,False,True,long event,"RETAINED - flagged for review, not deleted"
TX,TMAX_P85_3D__month_pm7,TMAX_P85_3D,TMAX,85,3,month_pm7,48_177_2022_005_TMAX_P85_3D,48177,Gonzales,South Central,2022-06-05,2022-06-28,24,1,False,False,2022-06-12,103.5,96.74,24,0,0.0,0.0,False,True,long event,"RETAINED - flagged for review, not deleted"
TX,TMAX_P85_3D__month_pm7,TMAX_P85_3D,TMAX,85,3,month_pm7,48_221_2022_008_TMAX_P85_3D,48221,Hood,North Central,2022-07-17,2022-08-09,24,2,True,False,2022-07-19,110.03,100.94,24,0,0.0,0.5,False,True,long event,"RETAINED - flagged for review, not deleted"
TX,TMAX_P85_3D__month_pm7,TMAX_P85_3D,TMAX,85,3,month_pm7,48_259_2022_009_TMAX_P85_3D,48259,Kendall,Edwards Plateau,2022-06-04,2022-06-27,24,1,False,False,2022-06-12,105.44,94.55,24,0,0.0,0.8,False,True,long event,"RETAINED - flagged for review, not deleted"
TX,TMAX_P85_3D__month_pm7,TMAX_P85_3D,TMAX,85,3,month_pm7,48_273_2023_010_TMAX_P85_3D,48273,Kleberg,South Central,2023-07-30,2023-08-22,24,2,True,False,2023-08-17,106.07,99.95,24,0,0.0,0.0,False,True,long event,"RETAINED - flagged for review, not deleted"
TX,TMAX_P85_3D__month_pm7,TMAX_P85_3D,TMAX,85,3,month_pm7,48_283_2022_006_TMAX_P85_3D,48283,La Salle,South Texas,2022-06-04,2022-06-27,24,1,False,False,2022-06-06,111.02,102.02,24,0,0.0,0.7,False,True,long event,"RETAINED - flagged for review, not deleted"
TX,TMAX_P85_3D__month_pm7,TMAX_P85_3D,TMAX,85,3,month_pm7,48_325_2022_006_TMAX_P85_3D,48325,Medina,South Central,2022-06-04,2022-06-27,24,1,False,False,2022-06-12,107.06,98.02,24,0,0.0,0.5,False,True,long event,"RETAINED - flagged for review, not deleted"
TX,TMAX_P85_3D__month_pm7,TMAX_P85_3D,TMAX,85,3,month_pm7,48_481_2023_008_TMAX_P85_3D,48481,Wharton,Upper Coast,2023-07-29,2023-08-21,24,2,True,False,2023-08-17,103.64,97.79,24,0,0.0,0.0,False,True,long event,"RETAINED - flagged for review, not deleted"
TX,TMAX_P85_3D__w05,TMAX_P85_3D,TMAX,85,3,w05,48_019_2019_005_TMAX_P85_3D,48019,Bandera,Edwards Plateau,2019-09-14,2019-10-07,24,2,True,False,2019-09-20,100.94,93.37,24,0,0.0,16.4,False,False,long event,"RETAINED - flagged for review, not deleted"
TX,TMAX_P85_3D__w05,TMAX_P85_3D,TMAX,85,3,w05,48_055_2023_009_TMAX_P85_3D,48055,Caldwell,South Central,2023-07-29,2023-08-21,24,2,True,False,2023-08-17,109.49,102.02,24,0,0.0,0.1,False,True,long event,"RETAINED - flagged for review, not deleted"
TX,TMAX_P85_3D__w05,TMAX_P85_3D,TMAX,85,3,w05,48_137_2025_010_TMAX_P85_3D,48137,Edwards,Edwards Plateau,2025-10-01,2025-10-24,24,1,False,False,2025-10-02,93.34,89.96,24,24,100.0,13.8,False,False,long event AND >=50% imputed days,"RETAINED - flagged for review, not deleted"
TX,TMAX_P85_3D__w05,TMAX_P85_3D,TMAX,85,3,w05,48_177_2022_005_TMAX_P85_3D,48177,Gonzales,South Central,2022-06-04,2022-06-27,24,1,False,False,2022-06-12,103.5,96.66,24,0,0.0,0.0,False,True,long event,"RETAINED - flagged for review, not deleted"
TX,TMAX_P85_3D__w05,TMAX_P85_3D,TMAX,85,3,w05,48_177_2023_010_TMAX_P85_3D,48177,Gonzales,South Central,2023-07-30,2023-08-22,24,2,True,False,2023-08-18,107.0,101.3,24,0,0.0,0.0,False,True,long event,"RETAINED - flagged for review, not deleted"
TX,TMAX_P85_3D__w05,TMAX_P85_3D,TMAX,85,3,w05,48_177_2023_011_TMAX_P85_3D,48177,Gonzales,South Central,2023-08-24,2023-09-16,24,2,True,False,2023-08-28,105.98,99.64,24,0,0.0,0.0,False,True,long event,"RETAINED - flagged for review, not deleted"
TX,TMAX_P85_3D__w05,TMAX_P85_3D,TMAX,85,3,w05,48_183_2018_002_TMAX_P85_3D,48183,Gregg,East Texas,2018-05-11,2018-06-03,24,2,True,False,2018-06-02,95.96,92.4,24,0,0.0,0.1,False,True,long event,"RETAINED - flagged for review, not deleted"
TX,TMAX_P85_3D__w05,TMAX_P85_3D,TMAX,85,3,w05,48_285_2023_011_TMAX_P85_3D,48285,Lavaca,South Central,2023-08-23,2023-09-15,24,2,True,False,2023-08-27,111.02,98.96,24,0,0.0,0.8,False,True,long event,"RETAINED - flagged for review, not deleted"
TX,TMAX_P85_3D__w05,TMAX_P85_3D,TMAX,85,3,w05,48_299_2023_009_TMAX_P85_3D,48299,Llano,Edwards Plateau,2023-07-30,2023-08-22,24,2,True,False,2023-08-18,108.02,102.02,24,0,0.0,0.0,False,True,long event,"RETAINED - flagged for review, not deleted"
TX,TMAX_P85_3D__w05,TMAX_P85_3D,TMAX,85,3,w05,48_321_2023_011_TMAX_P85_3D,48321,Matagorda,Upper Coast,2023-08-23,2023-09-15,24,2,True,False,2023-08-27,103.94,94.06,24,0,0.0,0.0,False,True,long event,"RETAINED - flagged for review, not deleted"
TX,TMAX_P85_3D__w05,TMAX_P85_3D,TMAX,85,3,w05,48_325_2019_006_TMAX_P85_3D,48325,Medina,South Central,2019-09-14,2019-10-07,24,2,True,False,2019-09-19,101.48,95.54,24,0,0.0,0.5,False,True,long event,"RETAINED - flagged for review, not deleted"
TX,TMAX_P85_3D__w05,TMAX_P85_3D,TMAX,85,3,w05,48_453_2023_007_TMAX_P85_3D,48453,Travis,South Central,2023-07-29,2023-08-21,24,2,True,False,2023-08-17,107.84,101.38,24,0,0.0,0.0,False,True,long event,"RETAINED - flagged for review, not deleted"
TX,TMAX_P85_3D__w05,TMAX_P85_3D,TMAX,85,3,w05,48_471_2022_005_TMAX_P85_3D,48471,Walker,East Texas,2022-06-06,2022-06-29,24,1,False,False,2022-06-24,101.48,95.54,24,0,0.0,0.0,False,True,long event,"RETAINED - flagged for review, not deleted"
TX,TMAX_P85_3D__w15,TMAX_P85_3D,TMAX,85,3,w15,48_055_2022_005_TMAX_P85_3D,48055,Caldwell,South Central,2022-06-04,2022-06-27,24,1,False,False,2022-06-12,105.98,96.98,24,0,0.0,0.1,False,True,long event,"RETAINED - flagged for review, not deleted"
TX,TMAX_P85_3D__w15,TMAX_P85_3D,TMAX,85,3,w15,48_131_2023_007_TMAX_P85_3D,48131,Duval,South Texas,2023-06-10,2023-07-03,24,2,True,False,2023-06-22,114.98,100.49,24,0,0.0,0.7,False,True,long event,"RETAINED - flagged for review, not deleted"
TX,TMAX_P85_3D__w15,TMAX_P85_3D,TMAX,85,3,w15,48_137_2025_010_TMAX_P85_3D,48137,Edwards,Edwards Plateau,2025-10-01,2025-10-24,24,1,False,False,2025-10-02,93.34,89.51,24,24,100.0,13.8,False,False,long event AND >=50% imputed days,"RETAINED - flagged for review, not deleted"
TX,TMAX_P85_3D__w15,TMAX_P85_3D,TMAX,85,3,w15,48_177_2022_004_TMAX_P85_3D,48177,Gonzales,South Central,2022-06-04,2022-06-27,24,1,False,False,2022-06-12,103.5,96.53,24,0,0.0,0.0,False,True,long event,"RETAINED - flagged for review, not deleted"
TX,TMAX_P85_3D__w15,TMAX_P85_3D,TMAX,85,3,w15,48_177_2023_010_TMAX_P85_3D,48177,Gonzales,South Central,2023-07-30,2023-08-22,24,2,True,False,2023-08-18,107.0,100.95,24,0,0.0,0.0,False,True,long event,"RETAINED - flagged for review, not deleted"
TX,TMAX_P85_3D__w15,TMAX_P85_3D,TMAX,85,3,w15,48_177_2023_011_TMAX_P85_3D,48177,Gonzales,South Central,2023-08-24,2023-09-16,24,2,True,False,2023-08-28,105.98,99.95,24,0,0.0,0.0,False,True,long event,"RETAINED - flagged for review, not deleted"
TX,TMAX_P85_3D__w15,TMAX_P85_3D,TMAX,85,3,w15,48_285_2023_011_TMAX_P85_3D,48285,Lavaca,South Central,2023-08-23,2023-09-15,24,2,True,False,2023-08-27,111.02,98.96,24,0,0.0,0.8,False,True,long event,"RETAINED - flagged for review, not deleted"
TX,TMAX_P85_3D__w15,TMAX_P85_3D,TMAX,85,3,w15,48_299_2023_008_TMAX_P85_3D,48299,Llano,Edwards Plateau,2023-07-30,2023-08-22,24,2,True,False,2023-08-18,108.02,102.02,24,0,0.0,0.0,False,True,long event,"RETAINED - flagged for review, not deleted"
TX,TMAX_P85_3D__w15,TMAX_P85_3D,TMAX,85,3,w15,48_321_2023_013_TMAX_P85_3D,48321,Matagorda,Upper Coast,2023-08-23,2023-09-15,24,2,True,False,2023-08-27,103.94,94.34,24,0,0.0,0.0,False,True,long event,"RETAINED - flagged for review, not deleted"
TX,TMAX_P85_3D__w15,TMAX_P85_3D,TMAX,85,3,w15,48_377_2023_003_TMAX_P85_3D,48377,Presidio,Trans-Pecos,2023-07-05,2023-07-28,24,1,False,False,2023-07-13,109.04,101.36,24,0,0.0,2.2,False,True,long event,"RETAINED - flagged for review, not deleted"
TX,TMAX_P90_2D__month,TMAX_P90_2D,TMAX,90,2,month,48_489_2019_009_TMAX_P90_2D,48489,Willacy,Lower Valley,2019-08-05,2019-08-28,24,1,False,False,2019-08-13,101.47,97.52,24,24,100.0,30.0,False,False,long event AND >=50% imputed days,"RETAINED - flagged for review, not deleted"
TX,TMAX_P90_2D__month_pm7,TMAX_P90_2D,TMAX,90,2,month_pm7,48_259_2022_011_TMAX_P90_2D,48259,Kendall,Edwards Plateau,2022-06-04,2022-06-27,24,1,False,False,2022-06-12,105.44,95.95,24,0,0.0,0.8,False,True,long event,"RETAINED - flagged for review, not deleted"
TX,TMAX_P90_2D__month_pm7,TMAX_P90_2D,TMAX,90,2,month_pm7,48_489_2019_007_TMAX_P90_2D,48489,Willacy,Lower Valley,2019-08-05,2019-08-28,24,1,False,False,2019-08-13,101.47,97.43,24,24,100.0,30.0,False,False,long event AND >=50% imputed days,"RETAINED - flagged for review, not deleted"
TX,TMAX_P90_2D__w05,TMAX_P90_2D,TMAX,90,2,w05,48_259_2019_007_TMAX_P90_2D,48259,Kendall,Edwards Plateau,2019-09-14,2019-10-07,24,2,True,False,2019-09-19,99.95,93.92,24,0,0.0,0.8,False,True,long event,"RETAINED - flagged for review, not deleted"
TX,TMAX_P90_2D__w05,TMAX_P90_2D,TMAX,90,2,w05,48_259_2022_011_TMAX_P90_2D,48259,Kendall,Edwards Plateau,2022-06-04,2022-06-27,24,1,False,False,2022-06-12,105.44,94.57,24,0,0.0,0.8,False,True,long event,"RETAINED - flagged for review, not deleted"
TX,TMAX_P90_2D__w05,TMAX_P90_2D,TMAX,90,2,w05,48_285_2023_015_TMAX_P90_2D,48285,Lavaca,South Central,2023-08-23,2023-09-15,24,2,True,False,2023-08-27,111.02,100.04,24,0,0.0,0.8,False,True,long event,"RETAINED - flagged for review, not deleted"
TX,TMAX_P90_2D__w05,TMAX_P90_2D,TMAX,90,2,w05,48_321_2023_011_TMAX_P90_2D,48321,Matagorda,Upper Coast,2023-08-23,2023-09-15,24,2,True,False,2023-08-27,103.94,94.71,24,0,0.0,0.0,False,True,long event,"RETAINED - flagged for review, not deleted"
TX,TMAX_P90_2D__w05,TMAX_P90_2D,TMAX,90,2,w05,48_489_2018_005_TMAX_P90_2D,48489,Willacy,Lower Valley,2018-05-23,2018-06-15,24,2,True,False,2018-06-06,99.05,93.02,24,24,100.0,30.0,False,False,long event AND >=50% imputed days,"RETAINED - flagged for review, not deleted"
TX,TMAX_P90_2D__w15,TMAX_P90_2D,TMAX,90,2,w15,48_187_2019_006_TMAX_P90_2D,48187,Guadalupe,South Central,2019-09-13,2019-10-06,24,2,True,False,2019-09-19,100.49,95.5,24,0,0.0,0.0,False,True,long event,"RETAINED - flagged for review, not deleted"
TX,TMAX_P90_2D__w15,TMAX_P90_2D,TMAX,90,2,w15,48_259_2019_006_TMAX_P90_2D,48259,Kendall,Edwards Plateau,2019-09-14,2019-10-07,24,2,True,False,2019-09-19,99.95,93.92,24,0,0.0,0.8,False,True,long event,"RETAINED - flagged for review, not deleted"
TX,TMAX_P90_2D__w15,TMAX_P90_2D,TMAX,90,2,w15,48_259_2022_011_TMAX_P90_2D,48259,Kendall,Edwards Plateau,2022-06-04,2022-06-27,24,1,False,False,2022-06-12,105.44,95.0,24,0,0.0,0.8,False,True,long event,"RETAINED - flagged for review, not deleted"
TX,TMAX_P90_2D__w15,TMAX_P90_2D,TMAX,90,2,w15,48_489_2018_004_TMAX_P90_2D,48489,Willacy,Lower Valley,2018-05-23,2018-06-15,24,2,True,False,2018-06-06,99.05,93.47,24,24,100.0,30.0,False,False,long event AND >=50% imputed days,"RETAINED - flagged for review, not deleted"
TX,TMAX_P90_3D__month,TMAX_P90_3D,TMAX,90,3,month,48_489_2019_005_TMAX_P90_3D,48489,Willacy,Lower Valley,2019-08-05,2019-08-28,24,1,False,False,2019-08-13,101.47,97.52,24,24,100.0,30.0,False,False,long event AND >=50% imputed days,"RETAINED - flagged for review, not deleted"
TX,TMAX_P90_3D__month_pm7,TMAX_P90_3D,TMAX,90,3,month_pm7,48_259_2022_006_TMAX_P90_3D,48259,Kendall,Edwards Plateau,2022-06-04,2022-06-27,24,1,False,False,2022-06-12,105.44,95.95,24,0,0.0,0.8,False,True,long event,"RETAINED - flagged for review, not deleted"
TX,TMAX_P90_3D__month_pm7,TMAX_P90_3D,TMAX,90,3,month_pm7,48_489_2019_004_TMAX_P90_3D,48489,Willacy,Lower Valley,2019-08-05,2019-08-28,24,1,False,False,2019-08-13,101.47,97.43,24,24,100.0,30.0,False,False,long event AND >=50% imputed days,"RETAINED - flagged for review, not deleted"
TX,TMAX_P90_3D__w05,TMAX_P90_3D,TMAX,90,3,w05,48_259_2019_005_TMAX_P90_3D,48259,Kendall,Edwards Plateau,2019-09-14,2019-10-07,24,2,True,False,2019-09-19,99.95,93.92,24,0,0.0,0.8,False,True,long event,"RETAINED - flagged for review, not deleted"
TX,TMAX_P90_3D__w05,TMAX_P90_3D,TMAX,90,3,w05,48_259_2022_008_TMAX_P90_3D,48259,Kendall,Edwards Plateau,2022-06-04,2022-06-27,24,1,False,False,2022-06-12,105.44,94.57,24,0,0.0,0.8,False,True,long event,"RETAINED - flagged for review, not deleted"
TX,TMAX_P90_3D__w05,TMAX_P90_3D,TMAX,90,3,w05,48_285_2023_012_TMAX_P90_3D,48285,Lavaca,South Central,2023-08-23,2023-09-15,24,2,True,False,2023-08-27,111.02,100.04,24,0,0.0,0.8,False,True,long event,"RETAINED - flagged for review, not deleted"
TX,TMAX_P90_3D__w05,TMAX_P90_3D,TMAX,90,3,w05,48_321_2023_010_TMAX_P90_3D,48321,Matagorda,Upper Coast,2023-08-23,2023-09-15,24,2,True,False,2023-08-27,103.94,94.71,24,0,0.0,0.0,False,True,long event,"RETAINED - flagged for review, not deleted"
TX,TMAX_P90_3D__w05,TMAX_P90_3D,TMAX,90,3,w05,48_489_2018_004_TMAX_P90_3D,48489,Willacy,Lower Valley,2018-05-23,2018-06-15,24,2,True,False,2018-06-06,99.05,93.02,24,24,100.0,30.0,False,False,long event AND >=50% imputed days,"RETAINED - flagged for review, not deleted"
TX,TMAX_P90_3D__w15,TMAX_P90_3D,TMAX,90,3,w15,48_187_2019_005_TMAX_P90_3D,48187,Guadalupe,South Central,2019-09-13,2019-10-06,24,2,True,False,2019-09-19,100.49,95.5,24,0,0.0,0.0,False,True,long event,"RETAINED - flagged for review, not deleted"
TX,TMAX_P90_3D__w15,TMAX_P90_3D,TMAX,90,3,w15,48_259_2019_004_TMAX_P90_3D,48259,Kendall,Edwards Plateau,2019-09-14,2019-10-07,24,2,True,False,2019-09-19,99.95,93.92,24,0,0.0,0.8,False,True,long event,"RETAINED - flagged for review, not deleted"
TX,TMAX_P90_3D__w15,TMAX_P90_3D,TMAX,90,3,w15,48_259_2022_007_TMAX_P90_3D,48259,Kendall,Edwards Plateau,2022-06-04,2022-06-27,24,1,False,False,2022-06-12,105.44,95.0,24,0,0.0,0.8,False,True,long event,"RETAINED - flagged for review, not deleted"
TX,TMAX_P90_3D__w15,TMAX_P90_3D,TMAX,90,3,w15,48_489_2018_003_TMAX_P90_3D,48489,Willacy,Lower Valley,2018-05-23,2018-06-15,24,2,True,False,2018-06-06,99.05,93.47,24,24,100.0,30.0,False,False,long event AND >=50% imputed days,"RETAINED - flagged for review, not deleted"
TX,TMAX_P95_2D__w05,TMAX_P95_2D,TMAX,95,2,w05,48_259_2022_009_TMAX_P95_2D,48259,Kendall,Edwards Plateau,2022-06-04,2022-06-27,24,1,False,False,2022-06-12,105.44,96.08,24,0,0.0,0.8,False,True,long event,"RETAINED - flagged for review, not deleted"
TX,TMAX_P95_2D__w15,TMAX_P95_2D,TMAX,95,2,w15,48_259_2022_008_TMAX_P95_2D,48259,Kendall,Edwards Plateau,2022-06-04,2022-06-27,24,1,False,False,2022-06-12,105.44,96.08,24,0,0.0,0.8,False,True,long event,"RETAINED - flagged for review, not deleted"
TX,TMAX_P95_3D__w05,TMAX_P95_3D,TMAX,95,3,w05,48_259_2022_006_TMAX_P95_3D,48259,Kendall,Edwards Plateau,2022-06-04,2022-06-27,24,1,False,False,2022-06-12,105.44,96.08,24,0,0.0,0.8,False,True,long event,"RETAINED - flagged for review, not deleted"
TX,TMAX_P95_3D__w15,TMAX_P95_3D,TMAX,95,3,w15,48_259_2022_006_TMAX_P95_3D,48259,Kendall,Edwards Plateau,2022-06-04,2022-06-27,24,1,False,False,2022-06-12,105.44,96.08,24,0,0.0,0.8,False,True,long event,"RETAINED - flagged for review, not deleted"
TX,TMIN_P85_2D__month,TMIN_P85_2D,TMIN,85,2,month,48_005_2023_009_TMIN_P85_2D,48005,Angelina,East Texas,2023-06-12,2023-07-05,24,2,True,False,2023-06-20,80.51,73.94,24,0,0.0,0.0,False,True,long event,"RETAINED - flagged for review, not deleted"
TX,TMIN_P85_2D__month,TMIN_P85_2D,TMIN,85,2,month,48_115_2020_018_TMIN_P85_2D,48115,Dawson,High Plains,2020-07-07,2020-07-30,24,1,False,False,2020-07-14,77.6,69.08,24,24,100.0,65.2,False,False,long event AND >=50% imputed days,"RETAINED - flagged for review, not deleted"
TX,TMIN_P85_2D__month,TMIN_P85_2D,TMIN,85,2,month,48_135_2022_012_TMIN_P85_2D,48135,Ector,Trans-Pecos,2022-07-19,2022-08-11,24,2,True,False,2022-07-21,79.4,73.94,24,0,0.0,0.3,False,True,long event,"RETAINED - flagged for review, not deleted"
TX,TMIN_P85_2D__month,TMIN_P85_2D,TMIN,85,2,month,48_175_2023_012_TMIN_P85_2D,48175,Goliad,South Central,2023-06-13,2023-07-06,24,2,True,False,2023-06-24,80.96,75.47,24,0,0.0,0.7,False,True,long event,"RETAINED - flagged for review, not deleted"
TX,TMIN_P85_2D__month,TMIN_P85_2D,TMIN,85,2,month,48_221_2022_011_TMIN_P85_2D,48221,Hood,North Central,2022-07-17,2022-08-09,24,2,True,False,2022-07-21,82.49,76.01,24,0,0.0,0.5,False,True,long event,"RETAINED - flagged for review, not deleted"
TX,TMIN_P85_2D__month,TMIN_P85_2D,TMIN,85,2,month,48_223_2015_009_TMIN_P85_2D,48223,Hopkins,East Texas,2015-07-06,2015-07-29,24,1,False,False,2015-07-06,78.53,75.92,24,0,0.0,0.0,False,True,long event,"RETAINED - flagged for review, not deleted"
TX,TMIN_P85_2D__month,TMIN_P85_2D,TMIN,85,2,month,48_251_2022_012_TMIN_P85_2D,48251,Johnson,North Central,2022-07-17,2022-08-09,24,2,True,False,2022-07-31,80.0,75.73,24,0,0.0,0.1,False,True,long event,"RETAINED - flagged for review, not deleted"
TX,TMIN_P85_2D__month,TMIN_P85_2D,TMIN,85,2,month,48_255_2023_008_TMIN_P85_2D,48255,Karnes,South Central,2023-06-13,2023-07-06,24,2,True,False,2023-06-20,78.17,75.02,24,24,100.0,100.0,True,False,long event AND >=50% imputed days,"RETAINED - flagged for review, not deleted"
TX,TMIN_P85_2D__month,TMIN_P85_2D,TMIN,85,2,month,48_301_2022_013_TMIN_P85_2D,48301,Loving,Trans-Pecos,2022-07-19,2022-08-11,24,2,True,False,2022-07-21,77.43,71.94,24,24,100.0,100.0,True,False,long event AND >=50% imputed days,"RETAINED - flagged for review, not deleted"
TX,TMIN_P85_2D__month,TMIN_P85_2D,TMIN,85,2,month,48_301_2023_009_TMIN_P85_2D,48301,Loving,Trans-Pecos,2023-07-06,2023-07-29,24,1,False,False,2023-07-12,78.42,72.08,24,24,100.0,100.0,True,False,long event AND >=50% imputed days,"RETAINED - flagged for review, not deleted"
TX,TMIN_P85_2D__month,TMIN_P85_2D,TMIN,85,2,month,48_335_2022_010_TMIN_P85_2D,48335,Mitchell,Low Rolling Plains,2022-07-18,2022-08-10,24,2,True,False,2022-07-20,78.63,73.94,24,24,100.0,100.0,True,False,long event AND >=50% imputed days,"RETAINED - flagged for review, not deleted"
TX,TMIN_P85_2D__month,TMIN_P85_2D,TMIN,85,2,month,48_367_2022_011_TMIN_P85_2D,48367,Parker,North Central,2022-07-17,2022-08-09,24,2,True,False,2022-07-20,82.04,75.47,24,0,0.0,0.2,False,True,long event,"RETAINED - flagged for review, not deleted"
TX,TMIN_P85_2D__month,TMIN_P85_2D,TMIN,85,2,month,48_377_2019_015_TMIN_P85_2D,48377,Presidio,Trans-Pecos,2019-09-01,2019-09-24,24,1,False,False,2019-09-05,73.49,66.98,24,0,0.0,2.2,False,True,long event,"RETAINED - flagged for review, not deleted"
TX,TMIN_P85_2D__month,TMIN_P85_2D,TMIN,85,2,month,48_415_2022_013_TMIN_P85_2D,48415,Scurry,Low Rolling Plains,2022-07-18,2022-08-10,24,2,True,False,2022-08-05,79.52,73.04,24,0,0.0,0.3,False,True,long event,"RETAINED - flagged for review, not deleted"
TX,TMIN_P85_2D__month,TMIN_P85_2D,TMIN,85,2,month,48_425_2022_013_TMIN_P85_2D,48425,Somervell,North Central,2022-07-17,2022-08-09,24,2,True,False,2022-07-19,82.04,75.02,24,0,0.0,18.3,False,False,long event,"RETAINED - flagged for review, not deleted"
TX,TMIN_P85_2D__month,TMIN_P85_2D,TMIN,85,2,month,48_429_2022_011_TMIN_P85_2D,48429,Stephens,North Central,2022-07-17,2022-08-09,24,2,True,False,2022-07-20,84.02,75.92,24,0,0.0,1.7,False,True,long event,"RETAINED - flagged for review, not deleted"
TX,TMIN_P85_2D__month,TMIN_P85_2D,TMIN,85,2,month,48_435_2022_010_TMIN_P85_2D,48435,Sutton,Edwards Plateau,2022-07-18,2022-08-10,24,2,True,False,2022-07-21,76.85,73.04,24,24,100.0,67.7,False,False,long event AND >=50% imputed days,"RETAINED - flagged for review, not deleted"
TX,TMIN_P85_2D__month,TMIN_P85_2D,TMIN,85,2,month,48_473_2023_008_TMIN_P85_2D,48473,Waller,East Texas,2023-06-13,2023-07-06,24,2,True,False,2023-06-20,79.59,74.26,24,24,100.0,100.0,True,False,long event AND >=50% imputed days,"RETAINED - flagged for review, not deleted"
TX,TMIN_P85_2D__month,TMIN_P85_2D,TMIN,85,2,month,48_497_2022_012_TMIN_P85_2D,48497,Wise,North Central,2022-07-17,2022-08-09,24,2,True,False,2022-07-20,82.7,75.02,24,0,0.0,0.1,False,True,long event,"RETAINED - flagged for review, not deleted"
TX,TMIN_P85_2D__month_pm7,TMIN_P85_2D,TMIN,85,2,month_pm7,48_005_2023_009_TMIN_P85_2D,48005,Angelina,East Texas,2023-06-12,2023-07-05,24,2,True,False,2023-06-20,80.51,73.94,24,0,0.0,0.0,False,True,long event,"RETAINED - flagged for review, not deleted"
TX,TMIN_P85_2D__month_pm7,TMIN_P85_2D,TMIN,85,2,month_pm7,48_115_2020_018_TMIN_P85_2D,48115,Dawson,High Plains,2020-07-07,2020-07-30,24,1,False,False,2020-07-14,77.6,69.08,24,24,100.0,65.2,False,False,long event AND >=50% imputed days,"RETAINED - flagged for review, not deleted"
TX,TMIN_P85_2D__month_pm7,TMIN_P85_2D,TMIN,85,2,month_pm7,48_123_2023_011_TMIN_P85_2D,48123,DeWitt,South Central,2023-08-03,2023-08-26,24,1,False,False,2023-08-12,81.5,74.93,24,0,0.0,1.4,False,True,long event,"RETAINED - flagged for review, not deleted"
TX,TMIN_P85_2D__month_pm7,TMIN_P85_2D,TMIN,85,2,month_pm7,48_135_2022_012_TMIN_P85_2D,48135,Ector,Trans-Pecos,2022-07-19,2022-08-11,24,2,True,False,2022-07-21,79.4,73.94,24,0,0.0,0.3,False,True,long event,"RETAINED - flagged for review, not deleted"
TX,TMIN_P85_2D__month_pm7,TMIN_P85_2D,TMIN,85,2,month_pm7,48_175_2023_012_TMIN_P85_2D,48175,Goliad,South Central,2023-06-13,2023-07-06,24,2,True,False,2023-06-24,80.96,75.81,24,0,0.0,0.7,False,True,long event,"RETAINED - flagged for review, not deleted"
TX,TMIN_P85_2D__month_pm7,TMIN_P85_2D,TMIN,85,2,month_pm7,48_221_2022_010_TMIN_P85_2D,48221,Hood,North Central,2022-07-17,2022-08-09,24,2,True,False,2022-07-21,82.49,75.92,24,0,0.0,0.5,False,True,long event,"RETAINED - flagged for review, not deleted"
TX,TMIN_P85_2D__month_pm7,TMIN_P85_2D,TMIN,85,2,month_pm7,48_223_2015_008_TMIN_P85_2D,48223,Hopkins,East Texas,2015-07-06,2015-07-29,24,1,False,False,2015-07-06,78.53,75.92,24,0,0.0,0.0,False,True,long event,"RETAINED - flagged for review, not deleted"
TX,TMIN_P85_2D__month_pm7,TMIN_P85_2D,TMIN,85,2,month_pm7,48_251_2022_012_TMIN_P85_2D,48251,Johnson,North Central,2022-07-17,2022-08-09,24,2,True,False,2022-07-31,80.0,75.92,24,0,0.0,0.1,False,True,long event,"RETAINED - flagged for review, not deleted"
TX,TMIN_P85_2D__month_pm7,TMIN_P85_2D,TMIN,85,2,month_pm7,48_255_2023_006_TMIN_P85_2D,48255,Karnes,South Central,2023-06-13,2023-07-06,24,2,True,False,2023-06-20,78.17,75.02,24,24,100.0,100.0,True,False,long event AND >=50% imputed days,"RETAINED - flagged for review, not deleted"
TX,TMIN_P85_2D__month_pm7,TMIN_P85_2D,TMIN,85,2,month_pm7,48_283_2023_016_TMIN_P85_2D,48283,La Salle,South Texas,2023-07-30,2023-08-22,24,2,True,False,2023-08-10,82.04,76.46,24,2,8.3,0.7,False,True,long event,"RETAINED - flagged for review, not deleted"
TX,TMIN_P85_2D__month_pm7,TMIN_P85_2D,TMIN,85,2,month_pm7,48_301_2022_013_TMIN_P85_2D,48301,Loving,Trans-Pecos,2022-07-19,2022-08-11,24,2,True,False,2022-07-21,77.43,71.99,24,24,100.0,100.0,True,False,long event AND >=50% imputed days,"RETAINED - flagged for review, not deleted"
TX,TMIN_P85_2D__month_pm7,TMIN_P85_2D,TMIN,85,2,month_pm7,48_301_2023_009_TMIN_P85_2D,48301,Loving,Trans-Pecos,2023-07-06,2023-07-29,24,1,False,False,2023-07-12,78.42,72.15,24,24,100.0,100.0,True,False,long event AND >=50% imputed days,"RETAINED - flagged for review, not deleted"
TX,TMIN_P85_2D__month_pm7,TMIN_P85_2D,TMIN,85,2,month_pm7,48_335_2022_010_TMIN_P85_2D,48335,Mitchell,Low Rolling Plains,2022-07-18,2022-08-10,24,2,True,False,2022-07-20,78.63,73.94,24,24,100.0,100.0,True,False,long event AND >=50% imputed days,"RETAINED - flagged for review, not deleted"
TX,TMIN_P85_2D__month_pm7,TMIN_P85_2D,TMIN,85,2,month_pm7,48_367_2022_011_TMIN_P85_2D,48367,Parker,North Central,2022-07-17,2022-08-09,24,2,True,False,2022-07-20,82.04,75.47,24,0,0.0,0.2,False,True,long event,"RETAINED - flagged for review, not deleted"
TX,TMIN_P85_2D__month_pm7,TMIN_P85_2D,TMIN,85,2,month_pm7,48_415_2022_013_TMIN_P85_2D,48415,Scurry,Low Rolling Plains,2022-07-18,2022-08-10,24,2,True,False,2022-08-05,79.52,73.04,24,0,0.0,0.3,False,True,long event,"RETAINED - flagged for review, not deleted"
TX,TMIN_P85_2D__month_pm7,TMIN_P85_2D,TMIN,85,2,month_pm7,48_425_2022_013_TMIN_P85_2D,48425,Somervell,North Central,2022-07-17,2022-08-09,24,2,True,False,2022-07-19,82.04,75.02,24,0,0.0,18.3,False,False,long event,"RETAINED - flagged for review, not deleted"
TX,TMIN_P85_2D__month_pm7,TMIN_P85_2D,TMIN,85,2,month_pm7,48_429_2022_011_TMIN_P85_2D,48429,Stephens,North Central,2022-07-17,2022-08-09,24,2,True,False,2022-07-20,84.02,75.92,24,0,0.0,1.7,False,True,long event,"RETAINED - flagged for review, not deleted"
TX,TMIN_P85_2D__month_pm7,TMIN_P85_2D,TMIN,85,2,month_pm7,48_435_2022_010_TMIN_P85_2D,48435,Sutton,Edwards Plateau,2022-07-18,2022-08-10,24,2,True,False,2022-07-21,76.85,73.04,24,24,100.0,67.7,False,False,long event AND >=50% imputed days,"RETAINED - flagged for review, not deleted"
TX,TMIN_P85_2D__month_pm7,TMIN_P85_2D,TMIN,85,2,month_pm7,48_473_2023_008_TMIN_P85_2D,48473,Waller,East Texas,2023-06-13,2023-07-06,24,2,True,False,2023-06-20,79.59,74.25,24,24,100.0,100.0,True,False,long event AND >=50% imputed days,"RETAINED - flagged for review, not deleted"
TX,TMIN_P85_2D__month_pm7,TMIN_P85_2D,TMIN,85,2,month_pm7,48_497_2022_012_TMIN_P85_2D,48497,Wise,North Central,2022-07-17,2022-08-09,24,2,True,False,2022-07-20,82.7,75.02,24,0,0.0,0.1,False,True,long event,"RETAINED - flagged for review, not deleted"
TX,TMIN_P85_2D__w05,TMIN_P85_2D,TMIN,85,2,w05,48_005_2023_009_TMIN_P85_2D,48005,Angelina,East Texas,2023-06-12,2023-07-05,24,2,True,False,2023-06-20,80.51,73.94,24,0,0.0,0.0,False,True,long event,"RETAINED - flagged for review, not deleted"
TX,TMIN_P85_2D__w05,TMIN_P85_2D,TMIN,85,2,w05,48_043_2023_009_TMIN_P85_2D,48043,Brewster,Trans-Pecos,2023-07-08,2023-07-31,24,1,False,False,2023-07-15,79.91,72.66,24,0,0.0,0.0,False,True,long event,"RETAINED - flagged for review, not deleted"
TX,TMIN_P85_2D__w05,TMIN_P85_2D,TMIN,85,2,w05,48_083_2022_011_TMIN_P85_2D,48083,Coleman,Low Rolling Plains,2022-07-17,2022-08-09,24,2,True,False,2022-07-20,78.74,73.47,24,0,0.0,0.0,False,True,long event,"RETAINED - flagged for review, not deleted"
TX,TMIN_P85_2D__w05,TMIN_P85_2D,TMIN,85,2,w05,48_115_2020_020_TMIN_P85_2D,48115,Dawson,High Plains,2020-07-07,2020-07-30,24,1,False,False,2020-07-14,77.6,69.44,24,24,100.0,65.2,False,False,long event AND >=50% imputed days,"RETAINED - flagged for review, not deleted"
TX,TMIN_P85_2D__w05,TMIN_P85_2D,TMIN,85,2,w05,48_133_2022_012_TMIN_P85_2D,48133,Eastland,North Central,2022-07-17,2022-08-09,24,2,True,False,2022-07-20,79.98,73.93,24,24,100.0,100.0,True,False,long event AND >=50% imputed days,"RETAINED - flagged for review, not deleted"
TX,TMIN_P85_2D__w05,TMIN_P85_2D,TMIN,85,2,w05,48_223_2015_005_TMIN_P85_2D,48223,Hopkins,East Texas,2015-07-04,2015-07-27,24,1,False,False,2015-07-06,78.53,74.56,24,0,0.0,0.0,False,True,long event,"RETAINED - flagged for review, not deleted"
TX,TMIN_P85_2D__w05,TMIN_P85_2D,TMIN,85,2,w05,48_229_2019_023_TMIN_P85_2D,48229,Hudspeth,Trans-Pecos,2019-09-05,2019-09-28,24,1,False,False,2019-09-12,71.96,62.43,24,0,0.0,0.1,False,True,long event,"RETAINED - flagged for review, not deleted"
TX,TMIN_P85_2D__w05,TMIN_P85_2D,TMIN,85,2,w05,48_367_2022_010_TMIN_P85_2D,48367,Parker,North Central,2022-07-17,2022-08-09,24,2,True,False,2022-07-20,82.04,75.47,24,0,0.0,0.2,False,True,long event,"RETAINED - flagged for review, not deleted"
TX,TMIN_P85_2D__w05,TMIN_P85_2D,TMIN,85,2,w05,48_415_2022_013_TMIN_P85_2D,48415,Scurry,Low Rolling Plains,2022-07-18,2022-08-10,24,2,True,False,2022-08-05,79.52,73.07,24,0,0.0,0.3,False,True,long event,"RETAINED - flagged for review, not deleted"
TX,TMIN_P85_2D__w05,TMIN_P85_2D,TMIN,85,2,w05,48_429_2022_012_TMIN_P85_2D,48429,Stephens,North Central,2022-07-17,2022-08-09,24,2,True,False,2022-07-20,84.02,75.92,24,0,0.0,1.7,False,True,long event,"RETAINED - flagged for review, not deleted"
TX,TMIN_P85_2D__w15,TMIN_P85_2D,TMIN,85,2,w15,48_005_2023_009_TMIN_P85_2D,48005,Angelina,East Texas,2023-06-12,2023-07-05,24,2,True,False,2023-06-20,80.51,74.0,24,0,0.0,0.0,False,True,long event,"RETAINED - flagged for review, not deleted"
TX,TMIN_P85_2D__w15,TMIN_P85_2D,TMIN,85,2,w15,48_083_2022_011_TMIN_P85_2D,48083,Coleman,Low Rolling Plains,2022-07-17,2022-08-09,24,2,True,False,2022-07-20,78.74,73.49,24,0,0.0,0.0,False,True,long event,"RETAINED - flagged for review, not deleted"
TX,TMIN_P85_2D__w15,TMIN_P85_2D,TMIN,85,2,w15,48_093_2022_012_TMIN_P85_2D,48093,Comanche,North Central,2022-07-17,2022-08-09,24,2,True,False,2022-07-28,82.04,74.21,24,14,58.3,3.9,False,True,long event AND >=50% imputed days,"RETAINED - flagged for review, not deleted"
TX,TMIN_P85_2D__w15,TMIN_P85_2D,TMIN,85,2,w15,48_115_2019_013_TMIN_P85_2D,48115,Dawson,High Plains,2019-07-31,2019-08-23,24,2,True,False,2019-08-08,75.91,69.08,24,24,100.0,65.2,False,False,long event AND >=50% imputed days,"RETAINED - flagged for review, not deleted"
TX,TMIN_P85_2D__w15,TMIN_P85_2D,TMIN,85,2,w15,48_115_2020_019_TMIN_P85_2D,48115,Dawson,High Plains,2020-07-07,2020-07-30,24,1,False,False,2020-07-14,77.6,69.08,24,24,100.0,65.2,False,False,long event AND >=50% imputed days,"RETAINED - flagged for review, not deleted"
TX,TMIN_P85_2D__w15,TMIN_P85_2D,TMIN,85,2,w15,48_115_2024_018_TMIN_P85_2D,48115,Dawson,High Plains,2024-08-07,2024-08-30,24,1,False,False,2024-08-23,76.0,69.08,24,24,100.0,65.2,False,False,long event AND >=50% imputed days,"RETAINED - flagged for review, not deleted"
TX,TMIN_P85_2D__w15,TMIN_P85_2D,TMIN,85,2,w15,48_175_2023_012_TMIN_P85_2D,48175,Goliad,South Central,2023-06-13,2023-07-06,24,2,True,False,2023-06-24,80.96,75.92,24,0,0.0,0.7,False,True,long event,"RETAINED - flagged for review, not deleted"
TX,TMIN_P85_2D__w15,TMIN_P85_2D,TMIN,85,2,w15,48_221_2022_011_TMIN_P85_2D,48221,Hood,North Central,2022-07-17,2022-08-09,24,2,True,False,2022-07-21,82.49,76.43,24,0,0.0,0.5,False,True,long event,"RETAINED - flagged for review, not deleted"
TX,TMIN_P85_2D__w15,TMIN_P85_2D,TMIN,85,2,w15,48_301_2023_009_TMIN_P85_2D,48301,Loving,Trans-Pecos,2023-07-06,2023-07-29,24,1,False,False,2023-07-12,78.42,71.94,24,24,100.0,100.0,True,False,long event AND >=50% imputed days,"RETAINED - flagged for review, not deleted"
TX,TMIN_P85_2D__w15,TMIN_P85_2D,TMIN,85,2,w15,48_367_2022_009_TMIN_P85_2D,48367,Parker,North Central,2022-07-17,2022-08-09,24,2,True,False,2022-07-20,82.04,75.47,24,0,0.0,0.2,False,True,long event,"RETAINED - flagged for review, not deleted"
TX,TMIN_P85_2D__w15,TMIN_P85_2D,TMIN,85,2,w15,48_415_2022_013_TMIN_P85_2D,48415,Scurry,Low Rolling Plains,2022-07-18,2022-08-10,24,2,True,False,2022-08-05,79.52,73.49,24,0,0.0,0.3,False,True,long event,"RETAINED - flagged for review, not deleted"
TX,TMIN_P85_2D__w15,TMIN_P85_2D,TMIN,85,2,w15,48_429_2022_012_TMIN_P85_2D,48429,Stephens,North Central,2022-07-17,2022-08-09,24,2,True,False,2022-07-20,84.02,75.92,24,0,0.0,1.7,False,True,long event,"RETAINED - flagged for review, not deleted"
TX,TMIN_P85_2D__w15,TMIN_P85_2D,TMIN,85,2,w15,48_497_2022_013_TMIN_P85_2D,48497,Wise,North Central,2022-07-17,2022-08-09,24,2,True,False,2022-07-20,82.7,75.34,24,0,0.0,0.1,False,True,long event,"RETAINED - flagged for review, not deleted"
TX,TMIN_P85_3D__month,TMIN_P85_3D,TMIN,85,3,month,48_005_2023_006_TMIN_P85_3D,48005,Angelina,East Texas,2023-06-12,2023-07-05,24,2,True,False,2023-06-20,80.51,73.94,24,0,0.0,0.0,False,True,long event,"RETAINED - flagged for review, not deleted"
TX,TMIN_P85_3D__month,TMIN_P85_3D,TMIN,85,3,month,48_115_2020_010_TMIN_P85_3D,48115,Dawson,High Plains,2020-07-07,2020-07-30,24,1,False,False,2020-07-14,77.6,69.08,24,24,100.0,65.2,False,False,long event AND >=50% imputed days,"RETAINED - flagged for review, not deleted"
TX,TMIN_P85_3D__month,TMIN_P85_3D,TMIN,85,3,month,48_135_2022_009_TMIN_P85_3D,48135,Ector,Trans-Pecos,2022-07-19,2022-08-11,24,2,True,False,2022-07-21,79.4,73.94,24,0,0.0,0.3,False,True,long event,"RETAINED - flagged for review, not deleted"
TX,TMIN_P85_3D__month,TMIN_P85_3D,TMIN,85,3,month,48_175_2023_005_TMIN_P85_3D,48175,Goliad,South Central,2023-06-13,2023-07-06,24,2,True,False,2023-06-24,80.96,75.47,24,0,0.0,0.7,False,True,long event,"RETAINED - flagged for review, not deleted"
TX,TMIN_P85_3D__month,TMIN_P85_3D,TMIN,85,3,month,48_221_2022_008_TMIN_P85_3D,48221,Hood,North Central,2022-07-17,2022-08-09,24,2,True,False,2022-07-21,82.49,76.01,24,0,0.0,0.5,False,True,long event,"RETAINED - flagged for review, not deleted"
TX,TMIN_P85_3D__month,TMIN_P85_3D,TMIN,85,3,month,48_223_2015_005_TMIN_P85_3D,48223,Hopkins,East Texas,2015-07-06,2015-07-29,24,1,False,False,2015-07-06,78.53,75.92,24,0,0.0,0.0,False,True,long event,"RETAINED - flagged for review, not deleted"
TX,TMIN_P85_3D__month,TMIN_P85_3D,TMIN,85,3,month,48_251_2022_005_TMIN_P85_3D,48251,Johnson,North Central,2022-07-17,2022-08-09,24,2,True,False,2022-07-31,80.0,75.73,24,0,0.0,0.1,False,True,long event,"RETAINED - flagged for review, not deleted"
TX,TMIN_P85_3D__month,TMIN_P85_3D,TMIN,85,3,month,48_255_2023_004_TMIN_P85_3D,48255,Karnes,South Central,2023-06-13,2023-07-06,24,2,True,False,2023-06-20,78.17,75.02,24,24,100.0,100.0,True,False,long event AND >=50% imputed days,"RETAINED - flagged for review, not deleted"
TX,TMIN_P85_3D__month,TMIN_P85_3D,TMIN,85,3,month,48_301_2022_009_TMIN_P85_3D,48301,Loving,Trans-Pecos,2022-07-19,2022-08-11,24,2,True,False,2022-07-21,77.43,71.94,24,24,100.0,100.0,True,False,long event AND >=50% imputed days,"RETAINED - flagged for review, not deleted"
TX,TMIN_P85_3D__month,TMIN_P85_3D,TMIN,85,3,month,48_301_2023_005_TMIN_P85_3D,48301,Loving,Trans-Pecos,2023-07-06,2023-07-29,24,1,False,False,2023-07-12,78.42,72.08,24,24,100.0,100.0,True,False,long event AND >=50% imputed days,"RETAINED - flagged for review, not deleted"
TX,TMIN_P85_3D__month,TMIN_P85_3D,TMIN,85,3,month,48_335_2022_009_TMIN_P85_3D,48335,Mitchell,Low Rolling Plains,2022-07-18,2022-08-10,24,2,True,False,2022-07-20,78.63,73.94,24,24,100.0,100.0,True,False,long event AND >=50% imputed days,"RETAINED - flagged for review, not deleted"
TX,TMIN_P85_3D__month,TMIN_P85_3D,TMIN,85,3,month,48_367_2022_007_TMIN_P85_3D,48367,Parker,North Central,2022-07-17,2022-08-09,24,2,True,False,2022-07-20,82.04,75.47,24,0,0.0,0.2,False,True,long event,"RETAINED - flagged for review, not deleted"
TX,TMIN_P85_3D__month,TMIN_P85_3D,TMIN,85,3,month,48_377_2019_012_TMIN_P85_3D,48377,Presidio,Trans-Pecos,2019-09-01,2019-09-24,24,1,False,False,2019-09-05,73.49,66.98,24,0,0.0,2.2,False,True,long event,"RETAINED - flagged for review, not deleted"
TX,TMIN_P85_3D__month,TMIN_P85_3D,TMIN,85,3,month,48_415_2022_008_TMIN_P85_3D,48415,Scurry,Low Rolling Plains,2022-07-18,2022-08-10,24,2,True,False,2022-08-05,79.52,73.04,24,0,0.0,0.3,False,True,long event,"RETAINED - flagged for review, not deleted"
TX,TMIN_P85_3D__month,TMIN_P85_3D,TMIN,85,3,month,48_425_2022_008_TMIN_P85_3D,48425,Somervell,North Central,2022-07-17,2022-08-09,24,2,True,False,2022-07-19,82.04,75.02,24,0,0.0,18.3,False,False,long event,"RETAINED - flagged for review, not deleted"
TX,TMIN_P85_3D__month,TMIN_P85_3D,TMIN,85,3,month,48_429_2022_009_TMIN_P85_3D,48429,Stephens,North Central,2022-07-17,2022-08-09,24,2,True,False,2022-07-20,84.02,75.92,24,0,0.0,1.7,False,True,long event,"RETAINED - flagged for review, not deleted"
TX,TMIN_P85_3D__month,TMIN_P85_3D,TMIN,85,3,month,48_435_2022_008_TMIN_P85_3D,48435,Sutton,Edwards Plateau,2022-07-18,2022-08-10,24,2,True,False,2022-07-21,76.85,73.04,24,24,100.0,67.7,False,False,long event AND >=50% imputed days,"RETAINED - flagged for review, not deleted"
TX,TMIN_P85_3D__month,TMIN_P85_3D,TMIN,85,3,month,48_473_2023_007_TMIN_P85_3D,48473,Waller,East Texas,2023-06-13,2023-07-06,24,2,True,False,2023-06-20,79.59,74.26,24,24,100.0,100.0,True,False,long event AND >=50% imputed days,"RETAINED - flagged for review, not deleted"
TX,TMIN_P85_3D__month,TMIN_P85_3D,TMIN,85,3,month,48_497_2022_010_TMIN_P85_3D,48497,Wise,North Central,2022-07-17,2022-08-09,24,2,True,False,2022-07-20,82.7,75.02,24,0,0.0,0.1,False,True,long event,"RETAINED - flagged for review, not deleted"
TX,TMIN_P85_3D__month_pm7,TMIN_P85_3D,TMIN,85,3,month_pm7,48_005_2023_005_TMIN_P85_3D,48005,Angelina,East Texas,2023-06-12,2023-07-05,24,2,True,False,2023-06-20,80.51,73.94,24,0,0.0,0.0,False,True,long event,"RETAINED - flagged for review, not deleted"
TX,TMIN_P85_3D__month_pm7,TMIN_P85_3D,TMIN,85,3,month_pm7,48_115_2020_010_TMIN_P85_3D,48115,Dawson,High Plains,2020-07-07,2020-07-30,24,1,False,False,2020-07-14,77.6,69.08,24,24,100.0,65.2,False,False,long event AND >=50% imputed days,"RETAINED - flagged for review, not deleted"
TX,TMIN_P85_3D__month_pm7,TMIN_P85_3D,TMIN,85,3,month_pm7,48_123_2023_008_TMIN_P85_3D,48123,DeWitt,South Central,2023-08-03,2023-08-26,24,1,False,False,2023-08-12,81.5,74.93,24,0,0.0,1.4,False,True,long event,"RETAINED - flagged for review, not deleted"
TX,TMIN_P85_3D__month_pm7,TMIN_P85_3D,TMIN,85,3,month_pm7,48_135_2022_009_TMIN_P85_3D,48135,Ector,Trans-Pecos,2022-07-19,2022-08-11,24,2,True,False,2022-07-21,79.4,73.94,24,0,0.0,0.3,False,True,long event,"RETAINED - flagged for review, not deleted"
TX,TMIN_P85_3D__month_pm7,TMIN_P85_3D,TMIN,85,3,month_pm7,48_175_2023_005_TMIN_P85_3D,48175,Goliad,South Central,2023-06-13,2023-07-06,24,2,True,False,2023-06-24,80.96,75.81,24,0,0.0,0.7,False,True,long event,"RETAINED - flagged for review, not deleted"
TX,TMIN_P85_3D__month_pm7,TMIN_P85_3D,TMIN,85,3,month_pm7,48_221_2022_008_TMIN_P85_3D,48221,Hood,North Central,2022-07-17,2022-08-09,24,2,True,False,2022-07-21,82.49,75.92,24,0,0.0,0.5,False,True,long event,"RETAINED - flagged for review, not deleted"
TX,TMIN_P85_3D__month_pm7,TMIN_P85_3D,TMIN,85,3,month_pm7,48_223_2015_005_TMIN_P85_3D,48223,Hopkins,East Texas,2015-07-06,2015-07-29,24,1,False,False,2015-07-06,78.53,75.92,24,0,0.0,0.0,False,True,long event,"RETAINED - flagged for review, not deleted"
TX,TMIN_P85_3D__month_pm7,TMIN_P85_3D,TMIN,85,3,month_pm7,48_251_2022_005_TMIN_P85_3D,48251,Johnson,North Central,2022-07-17,2022-08-09,24,2,True,False,2022-07-31,80.0,75.92,24,0,0.0,0.1,False,True,long event,"RETAINED - flagged for review, not deleted"
TX,TMIN_P85_3D__month_pm7,TMIN_P85_3D,TMIN,85,3,month_pm7,48_255_2023_004_TMIN_P85_3D,48255,Karnes,South Central,2023-06-13,2023-07-06,24,2,True,False,2023-06-20,78.17,75.02,24,24,100.0,100.0,True,False,long event AND >=50% imputed days,"RETAINED - flagged for review, not deleted"
TX,TMIN_P85_3D__month_pm7,TMIN_P85_3D,TMIN,85,3,month_pm7,48_283_2023_013_TMIN_P85_3D,48283,La Salle,South Texas,2023-07-30,2023-08-22,24,2,True,False,2023-08-10,82.04,76.46,24,2,8.3,0.7,False,True,long event,"RETAINED - flagged for review, not deleted"
TX,TMIN_P85_3D__month_pm7,TMIN_P85_3D,TMIN,85,3,month_pm7,48_301_2022_009_TMIN_P85_3D,48301,Loving,Trans-Pecos,2022-07-19,2022-08-11,24,2,True,False,2022-07-21,77.43,71.99,24,24,100.0,100.0,True,False,long event AND >=50% imputed days,"RETAINED - flagged for review, not deleted"
TX,TMIN_P85_3D__month_pm7,TMIN_P85_3D,TMIN,85,3,month_pm7,48_301_2023_005_TMIN_P85_3D,48301,Loving,Trans-Pecos,2023-07-06,2023-07-29,24,1,False,False,2023-07-12,78.42,72.15,24,24,100.0,100.0,True,False,long event AND >=50% imputed days,"RETAINED - flagged for review, not deleted"
TX,TMIN_P85_3D__month_pm7,TMIN_P85_3D,TMIN,85,3,month_pm7,48_335_2022_009_TMIN_P85_3D,48335,Mitchell,Low Rolling Plains,2022-07-18,2022-08-10,24,2,True,False,2022-07-20,78.63,73.94,24,24,100.0,100.0,True,False,long event AND >=50% imputed days,"RETAINED - flagged for review, not deleted"
TX,TMIN_P85_3D__month_pm7,TMIN_P85_3D,TMIN,85,3,month_pm7,48_367_2022_007_TMIN_P85_3D,48367,Parker,North Central,2022-07-17,2022-08-09,24,2,True,False,2022-07-20,82.04,75.47,24,0,0.0,0.2,False,True,long event,"RETAINED - flagged for review, not deleted"
TX,TMIN_P85_3D__month_pm7,TMIN_P85_3D,TMIN,85,3,month_pm7,48_415_2022_008_TMIN_P85_3D,48415,Scurry,Low Rolling Plains,2022-07-18,2022-08-10,24,2,True,False,2022-08-05,79.52,73.04,24,0,0.0,0.3,False,True,long event,"RETAINED - flagged for review, not deleted"
TX,TMIN_P85_3D__month_pm7,TMIN_P85_3D,TMIN,85,3,month_pm7,48_425_2022_008_TMIN_P85_3D,48425,Somervell,North Central,2022-07-17,2022-08-09,24,2,True,False,2022-07-19,82.04,75.02,24,0,0.0,18.3,False,False,long event,"RETAINED - flagged for review, not deleted"
TX,TMIN_P85_3D__month_pm7,TMIN_P85_3D,TMIN,85,3,month_pm7,48_429_2022_009_TMIN_P85_3D,48429,Stephens,North Central,2022-07-17,2022-08-09,24,2,True,False,2022-07-20,84.02,75.92,24,0,0.0,1.7,False,True,long event,"RETAINED - flagged for review, not deleted"
TX,TMIN_P85_3D__month_pm7,TMIN_P85_3D,TMIN,85,3,month_pm7,48_435_2022_008_TMIN_P85_3D,48435,Sutton,Edwards Plateau,2022-07-18,2022-08-10,24,2,True,False,2022-07-21,76.85,73.04,24,24,100.0,67.7,False,False,long event AND >=50% imputed days,"RETAINED - flagged for review, not deleted"
TX,TMIN_P85_3D__month_pm7,TMIN_P85_3D,TMIN,85,3,month_pm7,48_473_2023_007_TMIN_P85_3D,48473,Waller,East Texas,2023-06-13,2023-07-06,24,2,True,False,2023-06-20,79.59,74.25,24,24,100.0,100.0,True,False,long event AND >=50% imputed days,"RETAINED - flagged for review, not deleted"
TX,TMIN_P85_3D__month_pm7,TMIN_P85_3D,TMIN,85,3,month_pm7,48_497_2022_009_TMIN_P85_3D,48497,Wise,North Central,2022-07-17,2022-08-09,24,2,True,False,2022-07-20,82.7,75.02,24,0,0.0,0.1,False,True,long event,"RETAINED - flagged for review, not deleted"
TX,TMIN_P85_3D__w05,TMIN_P85_3D,TMIN,85,3,w05,48_005_2023_005_TMIN_P85_3D,48005,Angelina,East Texas,2023-06-12,2023-07-05,24,2,True,False,2023-06-20,80.51,73.94,24,0,0.0,0.0,False,True,long event,"RETAINED - flagged for review, not deleted"
TX,TMIN_P85_3D__w05,TMIN_P85_3D,TMIN,85,3,w05,48_043_2023_007_TMIN_P85_3D,48043,Brewster,Trans-Pecos,2023-07-08,2023-07-31,24,1,False,False,2023-07-15,79.91,72.66,24,0,0.0,0.0,False,True,long event,"RETAINED - flagged for review, not deleted"
TX,TMIN_P85_3D__w05,TMIN_P85_3D,TMIN,85,3,w05,48_083_2022_009_TMIN_P85_3D,48083,Coleman,Low Rolling Plains,2022-07-17,2022-08-09,24,2,True,False,2022-07-20,78.74,73.47,24,0,0.0,0.0,False,True,long event,"RETAINED - flagged for review, not deleted"
TX,TMIN_P85_3D__w05,TMIN_P85_3D,TMIN,85,3,w05,48_115_2020_011_TMIN_P85_3D,48115,Dawson,High Plains,2020-07-07,2020-07-30,24,1,False,False,2020-07-14,77.6,69.44,24,24,100.0,65.2,False,False,long event AND >=50% imputed days,"RETAINED - flagged for review, not deleted"
TX,TMIN_P85_3D__w05,TMIN_P85_3D,TMIN,85,3,w05,48_133_2022_010_TMIN_P85_3D,48133,Eastland,North Central,2022-07-17,2022-08-09,24,2,True,False,2022-07-20,79.98,73.93,24,24,100.0,100.0,True,False,long event AND >=50% imputed days,"RETAINED - flagged for review, not deleted"
TX,TMIN_P85_3D__w05,TMIN_P85_3D,TMIN,85,3,w05,48_223_2015_004_TMIN_P85_3D,48223,Hopkins,East Texas,2015-07-04,2015-07-27,24,1,False,False,2015-07-06,78.53,74.56,24,0,0.0,0.0,False,True,long event,"RETAINED - flagged for review, not deleted"
TX,TMIN_P85_3D__w05,TMIN_P85_3D,TMIN,85,3,w05,48_229_2019_014_TMIN_P85_3D,48229,Hudspeth,Trans-Pecos,2019-09-05,2019-09-28,24,1,False,False,2019-09-12,71.96,62.43,24,0,0.0,0.1,False,True,long event,"RETAINED - flagged for review, not deleted"
TX,TMIN_P85_3D__w05,TMIN_P85_3D,TMIN,85,3,w05,48_367_2022_008_TMIN_P85_3D,48367,Parker,North Central,2022-07-17,2022-08-09,24,2,True,False,2022-07-20,82.04,75.47,24,0,0.0,0.2,False,True,long event,"RETAINED - flagged for review, not deleted"
TX,TMIN_P85_3D__w05,TMIN_P85_3D,TMIN,85,3,w05,48_415_2022_009_TMIN_P85_3D,48415,Scurry,Low Rolling Plains,2022-07-18,2022-08-10,24,2,True,False,2022-08-05,79.52,73.07,24,0,0.0,0.3,False,True,long event,"RETAINED - flagged for review, not deleted"
TX,TMIN_P85_3D__w05,TMIN_P85_3D,TMIN,85,3,w05,48_429_2022_010_TMIN_P85_3D,48429,Stephens,North Central,2022-07-17,2022-08-09,24,2,True,False,2022-07-20,84.02,75.92,24,0,0.0,1.7,False,True,long event,"RETAINED - flagged for review, not deleted"
TX,TMIN_P85_3D__w15,TMIN_P85_3D,TMIN,85,3,w15,48_005_2023_006_TMIN_P85_3D,48005,Angelina,East Texas,2023-06-12,2023-07-05,24,2,True,False,2023-06-20,80.51,74.0,24,0,0.0,0.0,False,True,long event,"RETAINED - flagged for review, not deleted"
TX,TMIN_P85_3D__w15,TMIN_P85_3D,TMIN,85,3,w15,48_083_2022_009_TMIN_P85_3D,48083,Coleman,Low Rolling Plains,2022-07-17,2022-08-09,24,2,True,False,2022-07-20,78.74,73.49,24,0,0.0,0.0,False,True,long event,"RETAINED - flagged for review, not deleted"
TX,TMIN_P85_3D__w15,TMIN_P85_3D,TMIN,85,3,w15,48_093_2022_010_TMIN_P85_3D,48093,Comanche,North Central,2022-07-17,2022-08-09,24,2,True,False,2022-07-28,82.04,74.21,24,14,58.3,3.9,False,True,long event AND >=50% imputed days,"RETAINED - flagged for review, not deleted"
TX,TMIN_P85_3D__w15,TMIN_P85_3D,TMIN,85,3,w15,48_115_2019_010_TMIN_P85_3D,48115,Dawson,High Plains,2019-07-31,2019-08-23,24,2,True,False,2019-08-08,75.91,69.08,24,24,100.0,65.2,False,False,long event AND >=50% imputed days,"RETAINED - flagged for review, not deleted"
TX,TMIN_P85_3D__w15,TMIN_P85_3D,TMIN,85,3,w15,48_115_2020_010_TMIN_P85_3D,48115,Dawson,High Plains,2020-07-07,2020-07-30,24,1,False,False,2020-07-14,77.6,69.08,24,24,100.0,65.2,False,False,long event AND >=50% imputed days,"RETAINED - flagged for review, not deleted"
TX,TMIN_P85_3D__w15,TMIN_P85_3D,TMIN,85,3,w15,48_115_2024_015_TMIN_P85_3D,48115,Dawson,High Plains,2024-08-07,2024-08-30,24,1,False,False,2024-08-23,76.0,69.08,24,24,100.0,65.2,False,False,long event AND >=50% imputed days,"RETAINED - flagged for review, not deleted"
TX,TMIN_P85_3D__w15,TMIN_P85_3D,TMIN,85,3,w15,48_175_2023_005_TMIN_P85_3D,48175,Goliad,South Central,2023-06-13,2023-07-06,24,2,True,False,2023-06-24,80.96,75.92,24,0,0.0,0.7,False,True,long event,"RETAINED - flagged for review, not deleted"
TX,TMIN_P85_3D__w15,TMIN_P85_3D,TMIN,85,3,w15,48_221_2022_009_TMIN_P85_3D,48221,Hood,North Central,2022-07-17,2022-08-09,24,2,True,False,2022-07-21,82.49,76.43,24,0,0.0,0.5,False,True,long event,"RETAINED - flagged for review, not deleted"
TX,TMIN_P85_3D__w15,TMIN_P85_3D,TMIN,85,3,w15,48_301_2023_004_TMIN_P85_3D,48301,Loving,Trans-Pecos,2023-07-06,2023-07-29,24,1,False,False,2023-07-12,78.42,71.94,24,24,100.0,100.0,True,False,long event AND >=50% imputed days,"RETAINED - flagged for review, not deleted"
TX,TMIN_P85_3D__w15,TMIN_P85_3D,TMIN,85,3,w15,48_367_2022_008_TMIN_P85_3D,48367,Parker,North Central,2022-07-17,2022-08-09,24,2,True,False,2022-07-20,82.04,75.47,24,0,0.0,0.2,False,True,long event,"RETAINED - flagged for review, not deleted"
TX,TMIN_P85_3D__w15,TMIN_P85_3D,TMIN,85,3,w15,48_415_2022_009_TMIN_P85_3D,48415,Scurry,Low Rolling Plains,2022-07-18,2022-08-10,24,2,True,False,2022-08-05,79.52,73.49,24,0,0.0,0.3,False,True,long event,"RETAINED - flagged for review, not deleted"
TX,TMIN_P85_3D__w15,TMIN_P85_3D,TMIN,85,3,w15,48_429_2022_010_TMIN_P85_3D,48429,Stephens,North Central,2022-07-17,2022-08-09,24,2,True,False,2022-07-20,84.02,75.92,24,0,0.0,1.7,False,True,long event,"RETAINED - flagged for review, not deleted"
TX,TMIN_P85_3D__w15,TMIN_P85_3D,TMIN,85,3,w15,48_497_2022_009_TMIN_P85_3D,48497,Wise,North Central,2022-07-17,2022-08-09,24,2,True,False,2022-07-20,82.7,75.34,24,0,0.0,0.1,False,True,long event,"RETAINED - flagged for review, not deleted"
TX,TMIN_P90_2D__month,TMIN_P90_2D,TMIN,90,2,month,48_049_2022_011_TMIN_P90_2D,48049,Brown,North Central,2022-07-19,2022-08-11,24,2,True,False,2022-07-20,80.06,75.02,24,2,8.3,9.7,False,True,long event,"RETAINED - flagged for review, not deleted"
TX,TMIN_P90_2D__month,TMIN_P90_2D,TMIN,90,2,month,48_221_2022_011_TMIN_P90_2D,48221,Hood,North Central,2022-07-17,2022-08-09,24,2,True,False,2022-07-21,82.49,77.0,24,0,0.0,0.5,False,True,long event,"RETAINED - flagged for review, not deleted"
TX,TMIN_P90_2D__month,TMIN_P90_2D,TMIN,90,2,month,48_415_2022_009_TMIN_P90_2D,48415,Scurry,Low Rolling Plains,2022-07-18,2022-08-10,24,2,True,False,2022-08-05,79.52,73.46,24,0,0.0,0.3,False,True,long event,"RETAINED - flagged for review, not deleted"
TX,TMIN_P90_2D__month_pm7,TMIN_P90_2D,TMIN,90,2,month_pm7,48_049_2022_011_TMIN_P90_2D,48049,Brown,North Central,2022-07-19,2022-08-11,24,2,True,False,2022-07-20,80.06,75.02,24,2,8.3,9.7,False,True,long event,"RETAINED - flagged for review, not deleted"
TX,TMIN_P90_2D__month_pm7,TMIN_P90_2D,TMIN,90,2,month_pm7,48_165_2022_012_TMIN_P90_2D,48165,Gaines,High Plains,2022-07-19,2022-08-11,24,2,True,False,2022-07-20,77.99,71.06,24,0,0.0,0.2,False,True,long event,"RETAINED - flagged for review, not deleted"
TX,TMIN_P90_2D__month_pm7,TMIN_P90_2D,TMIN,90,2,month_pm7,48_221_2022_010_TMIN_P90_2D,48221,Hood,North Central,2022-07-17,2022-08-09,24,2,True,False,2022-07-21,82.49,77.0,24,0,0.0,0.5,False,True,long event,"RETAINED - flagged for review, not deleted"
TX,TMIN_P90_2D__month_pm7,TMIN_P90_2D,TMIN,90,2,month_pm7,48_415_2022_009_TMIN_P90_2D,48415,Scurry,Low Rolling Plains,2022-07-18,2022-08-10,24,2,True,False,2022-08-05,79.52,73.49,24,0,0.0,0.3,False,True,long event,"RETAINED - flagged for review, not deleted"
TX,TMIN_P90_2D__w05,TMIN_P90_2D,TMIN,90,2,w05,48_133_2022_011_TMIN_P90_2D,48133,Eastland,North Central,2022-07-17,2022-08-09,24,2,True,False,2022-07-20,79.98,74.51,24,24,100.0,100.0,True,False,long event AND >=50% imputed days,"RETAINED - flagged for review, not deleted"
TX,TMIN_P90_2D__w05,TMIN_P90_2D,TMIN,90,2,w05,48_415_2022_010_TMIN_P90_2D,48415,Scurry,Low Rolling Plains,2022-07-18,2022-08-10,24,2,True,False,2022-08-05,79.52,73.94,24,0,0.0,0.3,False,True,long event,"RETAINED - flagged for review, not deleted"
TX,TMIN_P90_2D__w15,TMIN_P90_2D,TMIN,90,2,w15,48_133_2022_011_TMIN_P90_2D,48133,Eastland,North Central,2022-07-17,2022-08-09,24,2,True,False,2022-07-20,79.98,74.48,24,24,100.0,100.0,True,False,long event AND >=50% imputed days,"RETAINED - flagged for review, not deleted"
TX,TMIN_P90_2D__w15,TMIN_P90_2D,TMIN,90,2,w15,48_415_2022_011_TMIN_P90_2D,48415,Scurry,Low Rolling Plains,2022-07-18,2022-08-10,24,2,True,False,2022-08-05,79.52,73.94,24,0,0.0,0.3,False,True,long event,"RETAINED - flagged for review, not deleted"
TX,TMIN_P90_3D__month,TMIN_P90_3D,TMIN,90,3,month,48_049_2022_009_TMIN_P90_3D,48049,Brown,North Central,2022-07-19,2022-08-11,24,2,True,False,2022-07-20,80.06,75.02,24,2,8.3,9.7,False,True,long event,"RETAINED - flagged for review, not deleted"
TX,TMIN_P90_3D__month,TMIN_P90_3D,TMIN,90,3,month,48_221_2022_008_TMIN_P90_3D,48221,Hood,North Central,2022-07-17,2022-08-09,24,2,True,False,2022-07-21,82.49,77.0,24,0,0.0,0.5,False,True,long event,"RETAINED - flagged for review, not deleted"
TX,TMIN_P90_3D__month,TMIN_P90_3D,TMIN,90,3,month,48_415_2022_008_TMIN_P90_3D,48415,Scurry,Low Rolling Plains,2022-07-18,2022-08-10,24,2,True,False,2022-08-05,79.52,73.46,24,0,0.0,0.3,False,True,long event,"RETAINED - flagged for review, not deleted"
TX,TMIN_P90_3D__month_pm7,TMIN_P90_3D,TMIN,90,3,month_pm7,48_049_2022_009_TMIN_P90_3D,48049,Brown,North Central,2022-07-19,2022-08-11,24,2,True,False,2022-07-20,80.06,75.02,24,2,8.3,9.7,False,True,long event,"RETAINED - flagged for review, not deleted"
TX,TMIN_P90_3D__month_pm7,TMIN_P90_3D,TMIN,90,3,month_pm7,48_165_2022_007_TMIN_P90_3D,48165,Gaines,High Plains,2022-07-19,2022-08-11,24,2,True,False,2022-07-20,77.99,71.06,24,0,0.0,0.2,False,True,long event,"RETAINED - flagged for review, not deleted"
TX,TMIN_P90_3D__month_pm7,TMIN_P90_3D,TMIN,90,3,month_pm7,48_221_2022_008_TMIN_P90_3D,48221,Hood,North Central,2022-07-17,2022-08-09,24,2,True,False,2022-07-21,82.49,77.0,24,0,0.0,0.5,False,True,long event,"RETAINED - flagged for review, not deleted"
TX,TMIN_P90_3D__month_pm7,TMIN_P90_3D,TMIN,90,3,month_pm7,48_415_2022_008_TMIN_P90_3D,48415,Scurry,Low Rolling Plains,2022-07-18,2022-08-10,24,2,True,False,2022-08-05,79.52,73.49,24,0,0.0,0.3,False,True,long event,"RETAINED - flagged for review, not deleted"
TX,TMIN_P90_3D__w05,TMIN_P90_3D,TMIN,90,3,w05,48_133_2022_009_TMIN_P90_3D,48133,Eastland,North Central,2022-07-17,2022-08-09,24,2,True,False,2022-07-20,79.98,74.51,24,24,100.0,100.0,True,False,long event AND >=50% imputed days,"RETAINED - flagged for review, not deleted"
TX,TMIN_P90_3D__w05,TMIN_P90_3D,TMIN,90,3,w05,48_415_2022_007_TMIN_P90_3D,48415,Scurry,Low Rolling Plains,2022-07-18,2022-08-10,24,2,True,False,2022-08-05,79.52,73.94,24,0,0.0,0.3,False,True,long event,"RETAINED - flagged for review, not deleted"
TX,TMIN_P90_3D__w15,TMIN_P90_3D,TMIN,90,3,w15,48_133_2022_009_TMIN_P90_3D,48133,Eastland,North Central,2022-07-17,2022-08-09,24,2,True,False,2022-07-20,79.98,74.48,24,24,100.0,100.0,True,False,long event AND >=50% imputed days,"RETAINED - flagged for review, not deleted"
TX,TMIN_P90_3D__w15,TMIN_P90_3D,TMIN,90,3,w15,48_415_2022_007_TMIN_P90_3D,48415,Scurry,Low Rolling Plains,2022-07-18,2022-08-10,24,2,True,False,2022-08-05,79.52,73.94,24,0,0.0,0.3,False,True,long event,"RETAINED - flagged for review, not deleted"
TX,TMIN_P95_2D__month,TMIN_P95_2D,TMIN,95,2,month,48_133_2022_008_TMIN_P95_2D,48133,Eastland,North Central,2022-07-17,2022-08-09,24,2,True,False,2022-07-20,79.98,75.04,24,24,100.0,100.0,True,False,long event AND >=50% imputed days,"RETAINED - flagged for review, not deleted"
TX,TMIN_P95_2D__month_pm7,TMIN_P95_2D,TMIN,95,2,month_pm7,48_133_2022_008_TMIN_P95_2D,48133,Eastland,North Central,2022-07-17,2022-08-09,24,2,True,False,2022-07-20,79.98,75.17,24,24,100.0,100.0,True,False,long event AND >=50% imputed days,"RETAINED - flagged for review, not deleted"
TX,TMIN_P95_3D__month,TMIN_P95_3D,TMIN,95,3,month,48_133_2022_008_TMIN_P95_3D,48133,Eastland,North Central,2022-07-17,2022-08-09,24,2,True,False,2022-07-20,79.98,75.04,24,24,100.0,100.0,True,False,long event AND >=50% imputed days,"RETAINED - flagged for review, not deleted"
TX,TMIN_P95_3D__month_pm7,TMIN_P95_3D,TMIN,95,3,month_pm7,48_133_2022_007_TMIN_P95_3D,48133,Eastland,North Central,2022-07-17,2022-08-09,24,2,True,False,2022-07-20,79.98,75.17,24,24,100.0,100.0,True,False,long event AND >=50% imputed days,"RETAINED - flagged for review, not deleted"
TX,MHI_P85_2D__month,MHI_P85_2D,MHI,85,2,month,48_273_2023_015_MHI_P85_2D,48273,Kleberg,South Central,2023-07-31,2023-08-22,23,2,True,False,2023-08-22,113.63,101.48,23,0,0.0,0.0,False,True,long event,"RETAINED - flagged for review, not deleted"
TX,MHI_P85_2D__month,MHI_P85_2D,MHI,85,2,month,48_321_2023_012_MHI_P85_2D,48321,Matagorda,Upper Coast,2023-07-31,2023-08-22,23,2,True,False,2023-08-12,111.98,98.3,23,0,0.0,0.0,False,True,long event,"RETAINED - flagged for review, not deleted"
TX,MHI_P85_2D__month,MHI_P85_2D,MHI,85,2,month,48_469_2023_011_MHI_P85_2D,48469,Victoria,Upper Coast,2023-06-13,2023-07-05,23,2,True,False,2023-07-04,100.27,97.03,23,0,0.0,0.0,False,True,long event,"RETAINED - flagged for review, not deleted"
TX,MHI_P85_2D__month_pm7,MHI_P85_2D,MHI,85,2,month_pm7,48_061_2023_009_MHI_P85_2D,48061,Cameron,Lower Valley,2023-06-10,2023-07-02,23,2,True,False,2023-06-22,105.68,96.17,23,0,0.0,0.0,False,True,long event,"RETAINED - flagged for review, not deleted"
TX,MHI_P85_2D__month_pm7,MHI_P85_2D,MHI,85,2,month_pm7,48_131_2023_010_MHI_P85_2D,48131,Duval,South Texas,2023-06-10,2023-07-02,23,2,True,False,2023-06-22,111.65,96.16,23,0,0.0,0.7,False,True,long event,"RETAINED - flagged for review, not deleted"
TX,MHI_P85_2D__month_pm7,MHI_P85_2D,MHI,85,2,month_pm7,48_273_2023_015_MHI_P85_2D,48273,Kleberg,South Central,2023-07-31,2023-08-22,23,2,True,False,2023-08-22,113.63,100.97,23,0,0.0,0.0,False,True,long event,"RETAINED - flagged for review, not deleted"
TX,MHI_P85_2D__month_pm7,MHI_P85_2D,MHI,85,2,month_pm7,48_321_2023_012_MHI_P85_2D,48321,Matagorda,Upper Coast,2023-07-31,2023-08-22,23,2,True,False,2023-08-12,111.98,97.98,23,0,0.0,0.0,False,True,long event,"RETAINED - flagged for review, not deleted"
TX,MHI_P85_2D__w05,MHI_P85_2D,MHI,85,2,w05,48_215_2023_013_MHI_P85_2D,48215,Hidalgo,Lower Valley,2023-06-13,2023-07-05,23,2,True,False,2023-06-22,105.82,97.71,23,0,0.0,0.0,False,True,long event,"RETAINED - flagged for review, not deleted"
TX,MHI_P85_2D__w05,MHI_P85_2D,MHI,85,2,w05,48_273_2023_017_MHI_P85_2D,48273,Kleberg,South Central,2023-07-31,2023-08-22,23,2,True,False,2023-08-22,113.63,101.41,23,0,0.0,0.0,False,True,long event,"RETAINED - flagged for review, not deleted"
TX,MHI_P85_2D__w05,MHI_P85_2D,MHI,85,2,w05,48_457_2023_011_MHI_P85_2D,48457,Tyler,East Texas,2023-06-13,2023-07-05,23,2,True,False,2023-06-21,99.35,91.02,23,0,0.0,0.0,False,True,long event,"RETAINED - flagged for review, not deleted"
TX,MHI_P85_2D__w15,MHI_P85_2D,MHI,85,2,w15,48_215_2023_013_MHI_P85_2D,48215,Hidalgo,Lower Valley,2023-06-13,2023-07-05,23,2,True,False,2023-06-22,105.82,97.62,23,0,0.0,0.0,False,True,long event,"RETAINED - flagged for review, not deleted"
TX,MHI_P85_2D__w15,MHI_P85_2D,MHI,85,2,w15,48_457_2023_011_MHI_P85_2D,48457,Tyler,East Texas,2023-06-13,2023-07-05,23,2,True,False,2023-06-21,99.35,90.72,23,0,0.0,0.0,False,True,long event,"RETAINED - flagged for review, not deleted"
TX,MHI_P85_2D__w15,MHI_P85_2D,MHI,85,2,w15,48_469_2023_012_MHI_P85_2D,48469,Victoria,Upper Coast,2023-06-13,2023-07-05,23,2,True,False,2023-07-04,100.27,95.97,23,0,0.0,0.0,False,True,long event,"RETAINED - flagged for review, not deleted"
TX,TMAX_P85_2D__month,TMAX_P85_2D,TMAX,85,2,month,48_013_2022_007_TMAX_P85_2D,48013,Atascosa,South Texas,2022-06-05,2022-06-27,23,1,False,False,2022-06-12,105.98,99.05,23,0,0.0,0.0,False,True,long event,"RETAINED - flagged for review, not deleted"
TX,TMAX_P85_2D__month,TMAX_P85_2D,TMAX,85,2,month,48_027_2022_011_TMAX_P85_2D,48027,Bell,North Central,2022-06-05,2022-06-27,23,1,False,False,2022-06-11,102.96,96.02,23,0,0.0,0.1,False,True,long event,"RETAINED - flagged for review, not deleted"
TX,TMAX_P85_2D__month,TMAX_P85_2D,TMAX,85,2,month,48_029_2023_012_TMAX_P85_2D,48029,Bexar,South Central,2023-07-30,2023-08-21,23,2,True,False,2023-08-17,105.8,100.04,23,0,0.0,0.0,False,True,long event,"RETAINED - flagged for review, not deleted"
TX,TMAX_P85_2D__month,TMAX_P85_2D,TMAX,85,2,month,48_039_2023_015_TMAX_P85_2D,48039,Brazoria,Upper Coast,2023-07-30,2023-08-21,23,2,True,False,2023-08-15,102.81,95.27,23,0,0.0,0.0,False,True,long event,"RETAINED - flagged for review, not deleted"
TX,TMAX_P85_2D__month,TMAX_P85_2D,TMAX,85,2,month,48_091_2023_009_TMAX_P85_2D,48091,Comal,South Central,2023-07-31,2023-08-22,23,2,True,False,2023-08-18,105.08,99.5,23,0,0.0,7.8,False,True,long event,"RETAINED - flagged for review, not deleted"
TX,TMAX_P85_2D__month,TMAX_P85_2D,TMAX,85,2,month,48_093_2023_014_TMAX_P85_2D,48093,Comanche,North Central,2023-07-23,2023-08-14,23,2,True,False,2023-08-05,113.0,101.93,23,0,0.0,3.9,False,True,long event,"RETAINED - flagged for review, not deleted"
TX,TMAX_P85_2D__month,TMAX_P85_2D,TMAX,85,2,month,48_123_2023_015_TMAX_P85_2D,48123,DeWitt,South Central,2023-08-24,2023-09-15,23,2,True,False,2023-09-07,109.04,96.98,23,0,0.0,1.4,False,True,long event,"RETAINED - flagged for review, not deleted"
TX,TMAX_P85_2D__month,TMAX_P85_2D,TMAX,85,2,month,48_131_2023_009_TMAX_P85_2D,48131,Duval,South Texas,2023-06-10,2023-07-02,23,2,True,False,2023-06-22,114.98,100.04,23,0,0.0,0.7,False,True,long event,"RETAINED - flagged for review, not deleted"
TX,TMAX_P85_2D__month,TMAX_P85_2D,TMAX,85,2,month,48_131_2023_012_TMAX_P85_2D,48131,Duval,South Texas,2023-07-31,2023-08-22,23,2,True,False,2023-08-10,109.04,102.02,23,0,0.0,0.7,False,True,long event,"RETAINED - flagged for review, not deleted"
TX,TMAX_P85_2D__month,TMAX_P85_2D,TMAX,85,2,month,48_157_2023_010_TMAX_P85_2D,48157,Fort Bend,Upper Coast,2023-07-30,2023-08-21,23,2,True,False,2023-08-20,107.06,98.06,23,0,0.0,0.2,False,True,long event,"RETAINED - flagged for review, not deleted"
TX,TMAX_P85_2D__month,TMAX_P85_2D,TMAX,85,2,month,48_177_2022_007_TMAX_P85_2D,48177,Gonzales,South Central,2022-06-05,2022-06-27,23,1,False,False,2022-06-12,103.5,96.98,23,0,0.0,0.0,False,True,long event,"RETAINED - flagged for review, not deleted"
TX,TMAX_P85_2D__month,TMAX_P85_2D,TMAX,85,2,month,48_187_2019_005_TMAX_P85_2D,48187,Guadalupe,South Central,2019-09-01,2019-09-23,23,1,False,False,2019-09-19,100.49,96.08,23,0,0.0,0.0,False,True,long event,"RETAINED - flagged for review, not deleted"
TX,TMAX_P85_2D__month,TMAX_P85_2D,TMAX,85,2,month,48_193_2023_010_TMAX_P85_2D,48193,Hamilton,North Central,2023-07-23,2023-08-14,23,2,True,False,2023-08-09,109.04,100.47,23,4,17.4,61.0,False,False,long event,"RETAINED - flagged for review, not deleted"
TX,TMAX_P85_2D__month,TMAX_P85_2D,TMAX,85,2,month,48_201_2022_013_TMAX_P85_2D,48201,Harris,Upper Coast,2022-06-07,2022-06-29,23,1,False,False,2022-06-20,101.96,94.73,23,0,0.0,0.0,False,True,long event,"RETAINED - flagged for review, not deleted"
TX,TMAX_P85_2D__month,TMAX_P85_2D,TMAX,85,2,month,48_209_2023_013_TMAX_P85_2D,48209,Hays,South Central,2023-07-30,2023-08-21,23,2,True,False,2023-08-17,106.97,100.49,23,0,0.0,0.7,False,True,long event,"RETAINED - flagged for review, not deleted"
TX,TMAX_P85_2D__month,TMAX_P85_2D,TMAX,85,2,month,48_215_2023_008_TMAX_P85_2D,48215,Hidalgo,Lower Valley,2023-06-12,2023-07-04,23,2,True,False,2023-06-21,107.49,98.83,23,0,0.0,0.0,False,True,long event,"RETAINED - flagged for review, not deleted"
TX,TMAX_P85_2D__month,TMAX_P85_2D,TMAX,85,2,month,48_217_2023_013_TMAX_P85_2D,48217,Hill,North Central,2023-07-24,2023-08-15,23,2,True,False,2023-08-11,108.5,100.94,23,0,0.0,0.0,False,True,long event,"RETAINED - flagged for review, not deleted"
TX,TMAX_P85_2D__month,TMAX_P85_2D,TMAX,85,2,month,48_255_2023_013_TMAX_P85_2D,48255,Karnes,South Central,2023-07-30,2023-08-21,23,2,True,False,2023-08-18,105.16,100.04,23,23,100.0,100.0,True,False,long event AND >=50% imputed days,"RETAINED - flagged for review, not deleted"
TX,TMAX_P85_2D__month,TMAX_P85_2D,TMAX,85,2,month,48_283_2023_011_TMAX_P85_2D,48283,La Salle,South Texas,2023-06-09,2023-07-01,23,2,True,False,2023-06-19,116.06,102.02,23,0,0.0,0.7,False,True,long event,"RETAINED - flagged for review, not deleted"
TX,TMAX_P85_2D__month,TMAX_P85_2D,TMAX,85,2,month,48_325_2023_012_TMAX_P85_2D,48325,Medina,South Central,2023-07-30,2023-08-21,23,2,True,False,2023-08-09,107.06,100.49,23,0,0.0,0.5,False,True,long event,"RETAINED - flagged for review, not deleted"
TX,TMAX_P85_2D__month,TMAX_P85_2D,TMAX,85,2,month,48_339_2022_007_TMAX_P85_2D,48339,Montgomery,East Texas,2022-06-07,2022-06-29,23,1,False,False,2022-06-26,101.88,95.54,23,0,0.0,0.0,False,True,long event,"RETAINED - flagged for review, not deleted"
TX,TMAX_P85_2D__month,TMAX_P85_2D,TMAX,85,2,month,48_377_2023_008_TMAX_P85_2D,48377,Presidio,Trans-Pecos,2023-07-05,2023-07-27,23,1,False,False,2023-07-13,109.04,101.48,23,0,0.0,2.2,False,True,long event,"RETAINED - flagged for review, not deleted"
TX,TMAX_P85_2D__month,TMAX_P85_2D,TMAX,85,2,month,48_455_2023_012_TMAX_P85_2D,48455,Trinity,East Texas,2023-07-24,2023-08-15,23,2,True,False,2023-08-11,104.58,99.74,23,23,100.0,100.0,True,False,long event AND >=50% imputed days,"RETAINED - flagged for review, not deleted"
TX,TMAX_P85_2D__month,TMAX_P85_2D,TMAX,85,2,month,48_469_2023_011_TMAX_P85_2D,48469,Victoria,Upper Coast,2023-08-24,2023-09-15,23,2,True,False,2023-08-27,106.28,98.73,23,0,0.0,0.0,False,True,long event,"RETAINED - flagged for review, not deleted"
TX,TMAX_P85_2D__month,TMAX_P85_2D,TMAX,85,2,month,48_473_2022_007_TMAX_P85_2D,48473,Waller,East Texas,2022-06-07,2022-06-29,23,1,False,False,2022-06-26,100.11,94.79,23,23,100.0,100.0,True,False,long event AND >=50% imputed days,"RETAINED - flagged for review, not deleted"
TX,TMAX_P85_2D__month_pm7,TMAX_P85_2D,TMAX,85,2,month_pm7,48_013_2022_007_TMAX_P85_2D,48013,Atascosa,South Texas,2022-06-05,2022-06-27,23,1,False,False,2022-06-12,105.98,99.02,23,0,0.0,0.0,False,True,long event,"RETAINED - flagged for review, not deleted"
TX,TMAX_P85_2D__month_pm7,TMAX_P85_2D,TMAX,85,2,month_pm7,48_029_2023_012_TMAX_P85_2D,48029,Bexar,South Central,2023-07-30,2023-08-21,23,2,True,False,2023-08-17,105.8,99.95,23,0,0.0,0.0,False,True,long event,"RETAINED - flagged for review, not deleted"
TX,TMAX_P85_2D__month_pm7,TMAX_P85_2D,TMAX,85,2,month_pm7,48_039_2023_015_TMAX_P85_2D,48039,Brazoria,Upper Coast,2023-07-30,2023-08-21,23,2,True,False,2023-08-15,102.81,95.0,23,0,0.0,0.0,False,True,long event,"RETAINED - flagged for review, not deleted"
TX,TMAX_P85_2D__month_pm7,TMAX_P85_2D,TMAX,85,2,month_pm7,48_091_2023_010_TMAX_P85_2D,48091,Comal,South Central,2023-07-31,2023-08-22,23,2,True,False,2023-08-18,105.08,99.5,23,0,0.0,7.8,False,True,long event,"RETAINED - flagged for review, not deleted"
TX,TMAX_P85_2D__month_pm7,TMAX_P85_2D,TMAX,85,2,month_pm7,48_093_2023_013_TMAX_P85_2D,48093,Comanche,North Central,2023-07-23,2023-08-14,23,2,True,False,2023-08-05,113.0,100.94,23,0,0.0,3.9,False,True,long event,"RETAINED - flagged for review, not deleted"
TX,TMAX_P85_2D__month_pm7,TMAX_P85_2D,TMAX,85,2,month_pm7,48_123_2023_013_TMAX_P85_2D,48123,DeWitt,South Central,2023-08-24,2023-09-15,23,2,True,False,2023-09-07,109.04,97.52,23,0,0.0,1.4,False,True,long event,"RETAINED - flagged for review, not deleted"
TX,TMAX_P85_2D__month_pm7,TMAX_P85_2D,TMAX,85,2,month_pm7,48_131_2023_009_TMAX_P85_2D,48131,Duval,South Texas,2023-06-10,2023-07-02,23,2,True,False,2023-06-22,114.98,100.04,23,0,0.0,0.7,False,True,long event,"RETAINED - flagged for review, not deleted"
TX,TMAX_P85_2D__month_pm7,TMAX_P85_2D,TMAX,85,2,month_pm7,48_131_2023_012_TMAX_P85_2D,48131,Duval,South Texas,2023-07-31,2023-08-22,23,2,True,False,2023-08-10,109.04,102.02,23,0,0.0,0.7,False,True,long event,"RETAINED - flagged for review, not deleted"
TX,TMAX_P85_2D__month_pm7,TMAX_P85_2D,TMAX,85,2,month_pm7,48_157_2023_011_TMAX_P85_2D,48157,Fort Bend,Upper Coast,2023-07-30,2023-08-21,23,2,True,False,2023-08-20,107.06,97.97,23,0,0.0,0.2,False,True,long event,"RETAINED - flagged for review, not deleted"
TX,TMAX_P85_2D__month_pm7,TMAX_P85_2D,TMAX,85,2,month_pm7,48_171_2023_010_TMAX_P85_2D,48171,Gillespie,Edwards Plateau,2023-07-31,2023-08-22,23,2,True,False,2023-08-17,103.06,98.06,23,0,0.0,0.0,False,True,long event,"RETAINED - flagged for review, not deleted"
TX,TMAX_P85_2D__month_pm7,TMAX_P85_2D,TMAX,85,2,month_pm7,48_177_2023_013_TMAX_P85_2D,48177,Gonzales,South Central,2023-08-24,2023-09-15,23,2,True,False,2023-08-28,105.98,100.49,23,0,0.0,0.0,False,True,long event,"RETAINED - flagged for review, not deleted"
TX,TMAX_P85_2D__month_pm7,TMAX_P85_2D,TMAX,85,2,month_pm7,48_193_2023_010_TMAX_P85_2D,48193,Hamilton,North Central,2023-07-23,2023-08-14,23,2,True,False,2023-08-09,109.04,100.04,23,4,17.4,61.0,False,False,long event,"RETAINED - flagged for review, not deleted"
TX,TMAX_P85_2D__month_pm7,TMAX_P85_2D,TMAX,85,2,month_pm7,48_201_2022_012_TMAX_P85_2D,48201,Harris,Upper Coast,2022-06-07,2022-06-29,23,1,False,False,2022-06-20,101.96,94.73,23,0,0.0,0.0,False,True,long event,"RETAINED - flagged for review, not deleted"
TX,TMAX_P85_2D__month_pm7,TMAX_P85_2D,TMAX,85,2,month_pm7,48_209_2023_012_TMAX_P85_2D,48209,Hays,South Central,2023-07-30,2023-08-21,23,2,True,False,2023-08-17,106.97,100.49,23,0,0.0,0.7,False,True,long event,"RETAINED - flagged for review, not deleted"
TX,TMAX_P85_2D__month_pm7,TMAX_P85_2D,TMAX,85,2,month_pm7,48_215_2023_008_TMAX_P85_2D,48215,Hidalgo,Lower Valley,2023-06-12,2023-07-04,23,2,True,False,2023-06-21,107.49,98.71,23,0,0.0,0.0,False,True,long event,"RETAINED - flagged for review, not deleted"
TX,TMAX_P85_2D__month_pm7,TMAX_P85_2D,TMAX,85,2,month_pm7,48_217_2023_013_TMAX_P85_2D,48217,Hill,North Central,2023-07-24,2023-08-15,23,2,True,False,2023-08-11,108.5,100.54,23,0,0.0,0.0,False,True,long event,"RETAINED - flagged for review, not deleted"
TX,TMAX_P85_2D__month_pm7,TMAX_P85_2D,TMAX,85,2,month_pm7,48_255_2023_013_TMAX_P85_2D,48255,Karnes,South Central,2023-07-30,2023-08-21,23,2,True,False,2023-08-18,105.16,100.04,23,23,100.0,100.0,True,False,long event AND >=50% imputed days,"RETAINED - flagged for review, not deleted"
TX,TMAX_P85_2D__month_pm7,TMAX_P85_2D,TMAX,85,2,month_pm7,48_267_2023_013_TMAX_P85_2D,48267,Kimble,Edwards Plateau,2023-07-31,2023-08-22,23,2,True,False,2023-08-10,107.51,100.09,23,0,0.0,0.0,False,True,long event,"RETAINED - flagged for review, not deleted"
TX,TMAX_P85_2D__month_pm7,TMAX_P85_2D,TMAX,85,2,month_pm7,48_283_2023_011_TMAX_P85_2D,48283,La Salle,South Texas,2023-06-09,2023-07-01,23,2,True,False,2023-06-19,116.06,102.02,23,0,0.0,0.7,False,True,long event,"RETAINED - flagged for review, not deleted"
TX,TMAX_P85_2D__month_pm7,TMAX_P85_2D,TMAX,85,2,month_pm7,48_325_2023_012_TMAX_P85_2D,48325,Medina,South Central,2023-07-30,2023-08-21,23,2,True,False,2023-08-09,107.06,100.49,23,0,0.0,0.5,False,True,long event,"RETAINED - flagged for review, not deleted"
TX,TMAX_P85_2D__month_pm7,TMAX_P85_2D,TMAX,85,2,month_pm7,48_339_2022_007_TMAX_P85_2D,48339,Montgomery,East Texas,2022-06-07,2022-06-29,23,1,False,False,2022-06-26,101.88,95.76,23,0,0.0,0.0,False,True,long event,"RETAINED - flagged for review, not deleted"
TX,TMAX_P85_2D__month_pm7,TMAX_P85_2D,TMAX,85,2,month_pm7,48_377_2023_007_TMAX_P85_2D,48377,Presidio,Trans-Pecos,2023-07-05,2023-07-27,23,1,False,False,2023-07-13,109.04,101.66,23,0,0.0,2.2,False,True,long event,"RETAINED - flagged for review, not deleted"
TX,TMAX_P85_2D__month_pm7,TMAX_P85_2D,TMAX,85,2,month_pm7,48_407_2022_007_TMAX_P85_2D,48407,San Jacinto,East Texas,2022-06-07,2022-06-29,23,1,False,False,2022-06-26,100.48,94.39,23,23,100.0,100.0,True,False,long event AND >=50% imputed days,"RETAINED - flagged for review, not deleted"
TX,TMAX_P85_2D__month_pm7,TMAX_P85_2D,TMAX,85,2,month_pm7,48_455_2023_012_TMAX_P85_2D,48455,Trinity,East Texas,2023-07-24,2023-08-15,23,2,True,False,2023-08-11,104.58,99.19,23,23,100.0,100.0,True,False,long event AND >=50% imputed days,"RETAINED - flagged for review, not deleted"
TX,TMAX_P85_2D__month_pm7,TMAX_P85_2D,TMAX,85,2,month_pm7,48_469_2023_011_TMAX_P85_2D,48469,Victoria,Upper Coast,2023-08-24,2023-09-15,23,2,True,False,2023-08-27,106.28,98.31,23,0,0.0,0.0,False,True,long event,"RETAINED - flagged for review, not deleted"
TX,TMAX_P85_2D__month_pm7,TMAX_P85_2D,TMAX,85,2,month_pm7,48_473_2022_007_TMAX_P85_2D,48473,Waller,East Texas,2022-06-07,2022-06-29,23,1,False,False,2022-06-26,100.11,94.79,23,23,100.0,100.0,True,False,long event AND >=50% imputed days,"RETAINED - flagged for review, not deleted"
TX,TMAX_P85_2D__w05,TMAX_P85_2D,TMAX,85,2,w05,48_019_2023_013_TMAX_P85_2D,48019,Bandera,Edwards Plateau,2023-07-31,2023-08-22,23,2,True,False,2023-08-18,107.96,100.04,23,0,0.0,16.4,False,False,long event,"RETAINED - flagged for review, not deleted"
TX,TMAX_P85_2D__w05,TMAX_P85_2D,TMAX,85,2,w05,48_021_2023_015_TMAX_P85_2D,48021,Bastrop,South Central,2023-07-30,2023-08-21,23,2,True,False,2023-08-17,107.96,100.64,23,0,0.0,0.3,False,True,long event,"RETAINED - flagged for review, not deleted"
TX,TMAX_P85_2D__w05,TMAX_P85_2D,TMAX,85,2,w05,48_039_2023_016_TMAX_P85_2D,48039,Brazoria,Upper Coast,2023-07-30,2023-08-21,23,2,True,False,2023-08-15,102.81,95.36,23,0,0.0,0.0,False,True,long event,"RETAINED - flagged for review, not deleted"
TX,TMAX_P85_2D__w05,TMAX_P85_2D,TMAX,85,2,w05,48_091_2023_011_TMAX_P85_2D,48091,Comal,South Central,2023-07-31,2023-08-22,23,2,True,False,2023-08-18,105.08,99.95,23,0,0.0,7.8,False,True,long event,"RETAINED - flagged for review, not deleted"
TX,TMAX_P85_2D__w05,TMAX_P85_2D,TMAX,85,2,w05,48_093_2023_015_TMAX_P85_2D,48093,Comanche,North Central,2023-07-23,2023-08-14,23,2,True,False,2023-08-05,113.0,102.02,23,0,0.0,3.9,False,True,long event,"RETAINED - flagged for review, not deleted"
TX,TMAX_P85_2D__w05,TMAX_P85_2D,TMAX,85,2,w05,48_123_2023_015_TMAX_P85_2D,48123,DeWitt,South Central,2023-08-24,2023-09-15,23,2,True,False,2023-09-07,109.04,97.52,23,0,0.0,1.4,False,True,long event,"RETAINED - flagged for review, not deleted"
TX,TMAX_P85_2D__w05,TMAX_P85_2D,TMAX,85,2,w05,48_149_2022_012_TMAX_P85_2D,48149,Fayette,South Central,2022-06-05,2022-06-27,23,1,False,False,2022-06-12,103.01,95.54,23,0,0.0,0.6,False,True,long event,"RETAINED - flagged for review, not deleted"
TX,TMAX_P85_2D__w05,TMAX_P85_2D,TMAX,85,2,w05,48_167_2022_015_TMAX_P85_2D,48167,Galveston,Upper Coast,2022-06-07,2022-06-29,23,1,False,False,2022-06-19,97.52,91.04,23,0,0.0,0.0,False,True,long event,"RETAINED - flagged for review, not deleted"
TX,TMAX_P85_2D__w05,TMAX_P85_2D,TMAX,85,2,w05,48_171_2023_011_TMAX_P85_2D,48171,Gillespie,Edwards Plateau,2023-07-31,2023-08-22,23,2,True,False,2023-08-17,103.06,98.28,23,0,0.0,0.0,False,True,long event,"RETAINED - flagged for review, not deleted"
TX,TMAX_P85_2D__w05,TMAX_P85_2D,TMAX,85,2,w05,48_187_2023_012_TMAX_P85_2D,48187,Guadalupe,South Central,2023-07-30,2023-08-21,23,2,True,False,2023-08-10,107.06,101.48,23,0,0.0,0.0,False,True,long event,"RETAINED - flagged for review, not deleted"
TX,TMAX_P85_2D__w05,TMAX_P85_2D,TMAX,85,2,w05,48_209_2023_014_TMAX_P85_2D,48209,Hays,South Central,2023-07-30,2023-08-21,23,2,True,False,2023-08-17,106.97,100.94,23,0,0.0,0.7,False,True,long event,"RETAINED - flagged for review, not deleted"
TX,TMAX_P85_2D__w05,TMAX_P85_2D,TMAX,85,2,w05,48_217_2023_017_TMAX_P85_2D,48217,Hill,North Central,2023-07-24,2023-08-15,23,2,True,False,2023-08-11,108.5,101.1,23,0,0.0,0.0,False,True,long event,"RETAINED - flagged for review, not deleted"
TX,TMAX_P85_2D__w05,TMAX_P85_2D,TMAX,85,2,w05,48_239_2022_010_TMAX_P85_2D,48239,Jackson,Upper Coast,2022-06-05,2022-06-27,23,1,False,False,2022-06-12,99.14,93.98,23,23,100.0,100.0,True,False,long event AND >=50% imputed days,"RETAINED - flagged for review, not deleted"
TX,TMAX_P85_2D__w05,TMAX_P85_2D,TMAX,85,2,w05,48_255_2023_014_TMAX_P85_2D,48255,Karnes,South Central,2023-07-30,2023-08-21,23,2,True,False,2023-08-18,105.16,100.04,23,23,100.0,100.0,True,False,long event AND >=50% imputed days,"RETAINED - flagged for review, not deleted"
TX,TMAX_P85_2D__w05,TMAX_P85_2D,TMAX,85,2,w05,48_265_2023_015_TMAX_P85_2D,48265,Kerr,Edwards Plateau,2023-07-31,2023-08-22,23,2,True,False,2023-08-18,104.45,98.06,23,0,0.0,0.0,False,True,long event,"RETAINED - flagged for review, not deleted"
TX,TMAX_P85_2D__w05,TMAX_P85_2D,TMAX,85,2,w05,48_267_2023_013_TMAX_P85_2D,48267,Kimble,Edwards Plateau,2023-07-31,2023-08-22,23,2,True,False,2023-08-10,107.51,101.1,23,0,0.0,0.0,False,True,long event,"RETAINED - flagged for review, not deleted"
TX,TMAX_P85_2D__w05,TMAX_P85_2D,TMAX,85,2,w05,48_273_2023_012_TMAX_P85_2D,48273,Kleberg,South Central,2023-07-31,2023-08-22,23,2,True,False,2023-08-17,106.07,100.04,23,0,0.0,0.0,False,True,long event,"RETAINED - flagged for review, not deleted"
TX,TMAX_P85_2D__w05,TMAX_P85_2D,TMAX,85,2,w05,48_283_2023_011_TMAX_P85_2D,48283,La Salle,South Texas,2023-06-09,2023-07-01,23,2,True,False,2023-06-19,116.06,102.92,23,0,0.0,0.7,False,True,long event,"RETAINED - flagged for review, not deleted"
TX,TMAX_P85_2D__w05,TMAX_P85_2D,TMAX,85,2,w05,48_309_2018_005_TMAX_P85_2D,48309,McLennan,North Central,2018-05-25,2018-06-16,23,2,True,False,2018-06-13,99.68,94.7,23,0,0.0,0.0,False,True,long event,"RETAINED - flagged for review, not deleted"
TX,TMAX_P85_2D__w05,TMAX_P85_2D,TMAX,85,2,w05,48_321_2018_008_TMAX_P85_2D,48321,Matagorda,Upper Coast,2018-05-25,2018-06-16,23,2,True,False,2018-06-04,93.02,89.66,23,0,0.0,0.0,False,True,long event,"RETAINED - flagged for review, not deleted"
TX,TMAX_P85_2D__w05,TMAX_P85_2D,TMAX,85,2,w05,48_325_2023_014_TMAX_P85_2D,48325,Medina,South Central,2023-07-30,2023-08-21,23,2,True,False,2023-08-09,107.06,101.0,23,0,0.0,0.5,False,True,long event,"RETAINED - flagged for review, not deleted"
TX,TMAX_P85_2D__w05,TMAX_P85_2D,TMAX,85,2,w05,48_339_2022_008_TMAX_P85_2D,48339,Montgomery,East Texas,2022-06-07,2022-06-29,23,1,False,False,2022-06-26,101.88,96.98,23,0,0.0,0.0,False,True,long event,"RETAINED - flagged for review, not deleted"
TX,TMAX_P85_2D__w05,TMAX_P85_2D,TMAX,85,2,w05,48_377_2023_010_TMAX_P85_2D,48377,Presidio,Trans-Pecos,2023-07-05,2023-07-27,23,1,False,False,2023-07-13,109.04,101.06,23,0,0.0,2.2,False,True,long event,"RETAINED - flagged for review, not deleted"
TX,TMAX_P85_2D__w05,TMAX_P85_2D,TMAX,85,2,w05,48_395_2022_010_TMAX_P85_2D,48395,Robertson,East Texas,2022-06-05,2022-06-27,23,1,False,False,2022-06-12,100.94,94.35,23,0,0.0,5.3,False,True,long event,"RETAINED - flagged for review, not deleted"
TX,TMAX_P85_2D__w05,TMAX_P85_2D,TMAX,85,2,w05,48_469_2023_014_TMAX_P85_2D,48469,Victoria,Upper Coast,2023-08-24,2023-09-15,23,2,True,False,2023-08-27,106.28,98.02,23,0,0.0,0.0,False,True,long event,"RETAINED - flagged for review, not deleted"
TX,TMAX_P85_2D__w05,TMAX_P85_2D,TMAX,85,2,w05,48_481_2023_015_TMAX_P85_2D,48481,Wharton,Upper Coast,2023-07-30,2023-08-21,23,2,True,False,2023-08-17,103.64,98.0,23,0,0.0,0.0,False,True,long event,"RETAINED - flagged for review, not deleted"
TX,TMAX_P85_2D__w15,TMAX_P85_2D,TMAX,85,2,w15,48_005_2023_017_TMAX_P85_2D,48005,Angelina,East Texas,2023-07-24,2023-08-15,23,2,True,False,2023-08-10,105.98,98.51,23,0,0.0,0.0,False,True,long event,"RETAINED - flagged for review, not deleted"
TX,TMAX_P85_2D__w15,TMAX_P85_2D,TMAX,85,2,w15,48_019_2019_009_TMAX_P85_2D,48019,Bandera,Edwards Plateau,2019-09-15,2019-10-07,23,2,True,False,2019-09-20,100.94,93.06,23,0,0.0,16.4,False,False,long event,"RETAINED - flagged for review, not deleted"
TX,TMAX_P85_2D__w15,TMAX_P85_2D,TMAX,85,2,w15,48_019_2023_014_TMAX_P85_2D,48019,Bandera,Edwards Plateau,2023-07-31,2023-08-22,23,2,True,False,2023-08-18,107.96,100.04,23,0,0.0,16.4,False,False,long event,"RETAINED - flagged for review, not deleted"
TX,TMAX_P85_2D__w15,TMAX_P85_2D,TMAX,85,2,w15,48_027_2022_010_TMAX_P85_2D,48027,Bell,North Central,2022-06-05,2022-06-27,23,1,False,False,2022-06-11,102.96,95.36,23,0,0.0,0.1,False,True,long event,"RETAINED - flagged for review, not deleted"
TX,TMAX_P85_2D__w15,TMAX_P85_2D,TMAX,85,2,w15,48_039_2023_015_TMAX_P85_2D,48039,Brazoria,Upper Coast,2023-07-30,2023-08-21,23,2,True,False,2023-08-15,102.81,95.4,23,0,0.0,0.0,False,True,long event,"RETAINED - flagged for review, not deleted"
TX,TMAX_P85_2D__w15,TMAX_P85_2D,TMAX,85,2,w15,48_055_2018_008_TMAX_P85_2D,48055,Caldwell,South Central,2018-05-24,2018-06-15,23,2,True,False,2018-06-06,100.94,95.68,23,0,0.0,0.1,False,True,long event,"RETAINED - flagged for review, not deleted"
TX,TMAX_P85_2D__w15,TMAX_P85_2D,TMAX,85,2,w15,48_055_2023_016_TMAX_P85_2D,48055,Caldwell,South Central,2023-07-30,2023-08-21,23,2,True,False,2023-08-17,109.49,102.02,23,0,0.0,0.1,False,True,long event,"RETAINED - flagged for review, not deleted"
TX,TMAX_P85_2D__w15,TMAX_P85_2D,TMAX,85,2,w15,48_091_2023_012_TMAX_P85_2D,48091,Comal,South Central,2023-07-31,2023-08-22,23,2,True,False,2023-08-18,105.08,99.5,23,0,0.0,7.8,False,True,long event,"RETAINED - flagged for review, not deleted"
TX,TMAX_P85_2D__w15,TMAX_P85_2D,TMAX,85,2,w15,48_093_2023_014_TMAX_P85_2D,48093,Comanche,North Central,2023-07-23,2023-08-14,23,2,True,False,2023-08-05,113.0,102.02,23,0,0.0,3.9,False,True,long event,"RETAINED - flagged for review, not deleted"
TX,TMAX_P85_2D__w15,TMAX_P85_2D,TMAX,85,2,w15,48_123_2023_015_TMAX_P85_2D,48123,DeWitt,South Central,2023-08-24,2023-09-15,23,2,True,False,2023-09-07,109.04,98.06,23,0,0.0,1.4,False,True,long event,"RETAINED - flagged for review, not deleted"
TX,TMAX_P85_2D__w15,TMAX_P85_2D,TMAX,85,2,w15,48_145_2023_013_TMAX_P85_2D,48145,Falls,North Central,2023-07-24,2023-08-15,23,2,True,False,2023-08-10,105.82,100.04,23,23,100.0,88.7,False,False,long event AND >=50% imputed days,"RETAINED - flagged for review, not deleted"
TX,TMAX_P85_2D__w15,TMAX_P85_2D,TMAX,85,2,w15,48_149_2022_011_TMAX_P85_2D,48149,Fayette,South Central,2022-06-05,2022-06-27,23,1,False,False,2022-06-12,103.01,96.02,23,0,0.0,0.6,False,True,long event,"RETAINED - flagged for review, not deleted"
TX,TMAX_P85_2D__w15,TMAX_P85_2D,TMAX,85,2,w15,48_167_2018_009_TMAX_P85_2D,48167,Galveston,Upper Coast,2018-05-25,2018-06-16,23,2,True,False,2018-06-03,93.02,88.52,23,0,0.0,0.0,False,True,long event,"RETAINED - flagged for review, not deleted"
TX,TMAX_P85_2D__w15,TMAX_P85_2D,TMAX,85,2,w15,48_171_2023_011_TMAX_P85_2D,48171,Gillespie,Edwards Plateau,2023-07-31,2023-08-22,23,2,True,False,2023-08-17,103.06,98.74,23,0,0.0,0.0,False,True,long event,"RETAINED - flagged for review, not deleted"
TX,TMAX_P85_2D__w15,TMAX_P85_2D,TMAX,85,2,w15,48_187_2023_012_TMAX_P85_2D,48187,Guadalupe,South Central,2023-07-30,2023-08-21,23,2,True,False,2023-08-10,107.06,100.95,23,0,0.0,0.0,False,True,long event,"RETAINED - flagged for review, not deleted"
TX,TMAX_P85_2D__w15,TMAX_P85_2D,TMAX,85,2,w15,48_201_2022_010_TMAX_P85_2D,48201,Harris,Upper Coast,2022-06-07,2022-06-29,23,1,False,False,2022-06-20,101.96,95.76,23,0,0.0,0.0,False,True,long event,"RETAINED - flagged for review, not deleted"
TX,TMAX_P85_2D__w15,TMAX_P85_2D,TMAX,85,2,w15,48_209_2023_014_TMAX_P85_2D,48209,Hays,South Central,2023-07-30,2023-08-21,23,2,True,False,2023-08-17,106.97,100.94,23,0,0.0,0.7,False,True,long event,"RETAINED - flagged for review, not deleted"
TX,TMAX_P85_2D__w15,TMAX_P85_2D,TMAX,85,2,w15,48_217_2023_016_TMAX_P85_2D,48217,Hill,North Central,2023-07-24,2023-08-15,23,2,True,False,2023-08-11,108.5,100.94,23,0,0.0,0.0,False,True,long event,"RETAINED - flagged for review, not deleted"
TX,TMAX_P85_2D__w15,TMAX_P85_2D,TMAX,85,2,w15,48_239_2022_011_TMAX_P85_2D,48239,Jackson,Upper Coast,2022-06-06,2022-06-28,23,1,False,False,2022-06-12,99.14,94.25,23,23,100.0,100.0,True,False,long event AND >=50% imputed days,"RETAINED - flagged for review, not deleted"
TX,TMAX_P85_2D__w15,TMAX_P85_2D,TMAX,85,2,w15,48_249_2023_012_TMAX_P85_2D,48249,Jim Wells,South Texas,2023-07-30,2023-08-21,23,2,True,False,2023-08-17,107.51,101.0,23,0,0.0,0.0,False,True,long event,"RETAINED - flagged for review, not deleted"
TX,TMAX_P85_2D__w15,TMAX_P85_2D,TMAX,85,2,w15,48_255_2023_014_TMAX_P85_2D,48255,Karnes,South Central,2023-07-30,2023-08-21,23,2,True,False,2023-08-18,105.16,100.07,23,23,100.0,100.0,True,False,long event AND >=50% imputed days,"RETAINED - flagged for review, not deleted"
TX,TMAX_P85_2D__w15,TMAX_P85_2D,TMAX,85,2,w15,48_265_2023_013_TMAX_P85_2D,48265,Kerr,Edwards Plateau,2023-07-31,2023-08-22,23,2,True,False,2023-08-18,104.45,98.06,23,0,0.0,0.0,False,True,long event,"RETAINED - flagged for review, not deleted"
TX,TMAX_P85_2D__w15,TMAX_P85_2D,TMAX,85,2,w15,48_267_2023_014_TMAX_P85_2D,48267,Kimble,Edwards Plateau,2023-07-31,2023-08-22,23,2,True,False,2023-08-10,107.51,100.94,23,0,0.0,0.0,False,True,long event,"RETAINED - flagged for review, not deleted"
TX,TMAX_P85_2D__w15,TMAX_P85_2D,TMAX,85,2,w15,48_273_2023_011_TMAX_P85_2D,48273,Kleberg,South Central,2023-07-31,2023-08-22,23,2,True,False,2023-08-17,106.07,100.04,23,0,0.0,0.0,False,True,long event,"RETAINED - flagged for review, not deleted"
TX,TMAX_P85_2D__w15,TMAX_P85_2D,TMAX,85,2,w15,48_283_2023_011_TMAX_P85_2D,48283,La Salle,South Texas,2023-06-09,2023-07-01,23,2,True,False,2023-06-19,116.06,102.47,23,0,0.0,0.7,False,True,long event,"RETAINED - flagged for review, not deleted"
TX,TMAX_P85_2D__w15,TMAX_P85_2D,TMAX,85,2,w15,48_325_2019_008_TMAX_P85_2D,48325,Medina,South Central,2019-09-14,2019-10-06,23,2,True,False,2019-09-19,101.48,95.0,23,0,0.0,0.5,False,True,long event,"RETAINED - flagged for review, not deleted"
TX,TMAX_P85_2D__w15,TMAX_P85_2D,TMAX,85,2,w15,48_325_2023_013_TMAX_P85_2D,48325,Medina,South Central,2023-07-30,2023-08-21,23,2,True,False,2023-08-09,107.06,100.94,23,0,0.0,0.5,False,True,long event,"RETAINED - flagged for review, not deleted"
TX,TMAX_P85_2D__w15,TMAX_P85_2D,TMAX,85,2,w15,48_339_2022_007_TMAX_P85_2D,48339,Montgomery,East Texas,2022-06-07,2022-06-29,23,1,False,False,2022-06-26,101.88,96.26,23,0,0.0,0.0,False,True,long event,"RETAINED - flagged for review, not deleted"
TX,TMAX_P85_2D__w15,TMAX_P85_2D,TMAX,85,2,w15,48_395_2022_011_TMAX_P85_2D,48395,Robertson,East Texas,2022-06-05,2022-06-27,23,1,False,False,2022-06-12,100.94,95.0,23,0,0.0,5.3,False,True,long event,"RETAINED - flagged for review, not deleted"
TX,TMAX_P85_2D__w15,TMAX_P85_2D,TMAX,85,2,w15,48_469_2023_013_TMAX_P85_2D,48469,Victoria,Upper Coast,2023-08-24,2023-09-15,23,2,True,False,2023-08-27,106.28,98.06,23,0,0.0,0.0,False,True,long event,"RETAINED - flagged for review, not deleted"
TX,TMAX_P85_2D__w15,TMAX_P85_2D,TMAX,85,2,w15,48_471_2022_007_TMAX_P85_2D,48471,Walker,East Texas,2022-06-07,2022-06-29,23,1,False,False,2022-06-24,101.48,96.08,23,0,0.0,0.0,False,True,long event,"RETAINED - flagged for review, not deleted"
TX,TMAX_P85_2D__w15,TMAX_P85_2D,TMAX,85,2,w15,48_473_2022_009_TMAX_P85_2D,48473,Waller,East Texas,2022-06-06,2022-06-28,23,1,False,False,2022-06-26,100.11,95.86,23,23,100.0,100.0,True,False,long event AND >=50% imputed days,"RETAINED - flagged for review, not deleted"
TX,TMAX_P85_2D__w15,TMAX_P85_2D,TMAX,85,2,w15,48_481_2023_012_TMAX_P85_2D,48481,Wharton,Upper Coast,2023-07-30,2023-08-21,23,2,True,False,2023-08-17,103.64,98.36,23,0,0.0,0.0,False,True,long event,"RETAINED - flagged for review, not deleted"
TX,TMAX_P85_3D__month,TMAX_P85_3D,TMAX,85,3,month,48_013_2022_004_TMAX_P85_3D,48013,Atascosa,South Texas,2022-06-05,2022-06-27,23,1,False,False,2022-06-12,105.98,99.05,23,0,0.0,0.0,False,True,long event,"RETAINED - flagged for review, not deleted"
TX,TMAX_P85_3D__month,TMAX_P85_3D,TMAX,85,3,month,48_027_2022_006_TMAX_P85_3D,48027,Bell,North Central,2022-06-05,2022-06-27,23,1,False,False,2022-06-11,102.96,96.02,23,0,0.0,0.1,False,True,long event,"RETAINED - flagged for review, not deleted"
TX,TMAX_P85_3D__month,TMAX_P85_3D,TMAX,85,3,month,48_029_2023_007_TMAX_P85_3D,48029,Bexar,South Central,2023-07-30,2023-08-21,23,2,True,False,2023-08-17,105.8,100.04,23,0,0.0,0.0,False,True,long event,"RETAINED - flagged for review, not deleted"
TX,TMAX_P85_3D__month,TMAX_P85_3D,TMAX,85,3,month,48_039_2023_009_TMAX_P85_3D,48039,Brazoria,Upper Coast,2023-07-30,2023-08-21,23,2,True,False,2023-08-15,102.81,95.27,23,0,0.0,0.0,False,True,long event,"RETAINED - flagged for review, not deleted"
TX,TMAX_P85_3D__month,TMAX_P85_3D,TMAX,85,3,month,48_091_2023_007_TMAX_P85_3D,48091,Comal,South Central,2023-07-31,2023-08-22,23,2,True,False,2023-08-18,105.08,99.5,23,0,0.0,7.8,False,True,long event,"RETAINED - flagged for review, not deleted"
TX,TMAX_P85_3D__month,TMAX_P85_3D,TMAX,85,3,month,48_093_2023_008_TMAX_P85_3D,48093,Comanche,North Central,2023-07-23,2023-08-14,23,2,True,False,2023-08-05,113.0,101.93,23,0,0.0,3.9,False,True,long event,"RETAINED - flagged for review, not deleted"
TX,TMAX_P85_3D__month,TMAX_P85_3D,TMAX,85,3,month,48_123_2023_010_TMAX_P85_3D,48123,DeWitt,South Central,2023-08-24,2023-09-15,23,2,True,False,2023-09-07,109.04,96.98,23,0,0.0,1.4,False,True,long event,"RETAINED - flagged for review, not deleted"
TX,TMAX_P85_3D__month,TMAX_P85_3D,TMAX,85,3,month,48_131_2023_006_TMAX_P85_3D,48131,Duval,South Texas,2023-06-10,2023-07-02,23,2,True,False,2023-06-22,114.98,100.04,23,0,0.0,0.7,False,True,long event,"RETAINED - flagged for review, not deleted"
TX,TMAX_P85_3D__month,TMAX_P85_3D,TMAX,85,3,month,48_131_2023_008_TMAX_P85_3D,48131,Duval,South Texas,2023-07-31,2023-08-22,23,2,True,False,2023-08-10,109.04,102.02,23,0,0.0,0.7,False,True,long event,"RETAINED - flagged for review, not deleted"
TX,TMAX_P85_3D__month,TMAX_P85_3D,TMAX,85,3,month,48_157_2023_008_TMAX_P85_3D,48157,Fort Bend,Upper Coast,2023-07-30,2023-08-21,23,2,True,False,2023-08-20,107.06,98.06,23,0,0.0,0.2,False,True,long event,"RETAINED - flagged for review, not deleted"
TX,TMAX_P85_3D__month,TMAX_P85_3D,TMAX,85,3,month,48_177_2022_004_TMAX_P85_3D,48177,Gonzales,South Central,2022-06-05,2022-06-27,23,1,False,False,2022-06-12,103.5,96.98,23,0,0.0,0.0,False,True,long event,"RETAINED - flagged for review, not deleted"
TX,TMAX_P85_3D__month,TMAX_P85_3D,TMAX,85,3,month,48_187_2019_003_TMAX_P85_3D,48187,Guadalupe,South Central,2019-09-01,2019-09-23,23,1,False,False,2019-09-19,100.49,96.08,23,0,0.0,0.0,False,True,long event,"RETAINED - flagged for review, not deleted"
TX,TMAX_P85_3D__month,TMAX_P85_3D,TMAX,85,3,month,48_193_2023_007_TMAX_P85_3D,48193,Hamilton,North Central,2023-07-23,2023-08-14,23,2,True,False,2023-08-09,109.04,100.47,23,4,17.4,61.0,False,False,long event,"RETAINED - flagged for review, not deleted"
TX,TMAX_P85_3D__month,TMAX_P85_3D,TMAX,85,3,month,48_201_2022_005_TMAX_P85_3D,48201,Harris,Upper Coast,2022-06-07,2022-06-29,23,1,False,False,2022-06-20,101.96,94.73,23,0,0.0,0.0,False,True,long event,"RETAINED - flagged for review, not deleted"
TX,TMAX_P85_3D__month,TMAX_P85_3D,TMAX,85,3,month,48_209_2023_008_TMAX_P85_3D,48209,Hays,South Central,2023-07-30,2023-08-21,23,2,True,False,2023-08-17,106.97,100.49,23,0,0.0,0.7,False,True,long event,"RETAINED - flagged for review, not deleted"
TX,TMAX_P85_3D__month,TMAX_P85_3D,TMAX,85,3,month,48_215_2023_006_TMAX_P85_3D,48215,Hidalgo,Lower Valley,2023-06-12,2023-07-04,23,2,True,False,2023-06-21,107.49,98.83,23,0,0.0,0.0,False,True,long event,"RETAINED - flagged for review, not deleted"
TX,TMAX_P85_3D__month,TMAX_P85_3D,TMAX,85,3,month,48_217_2023_011_TMAX_P85_3D,48217,Hill,North Central,2023-07-24,2023-08-15,23,2,True,False,2023-08-11,108.5,100.94,23,0,0.0,0.0,False,True,long event,"RETAINED - flagged for review, not deleted"
TX,TMAX_P85_3D__month,TMAX_P85_3D,TMAX,85,3,month,48_255_2023_009_TMAX_P85_3D,48255,Karnes,South Central,2023-07-30,2023-08-21,23,2,True,False,2023-08-18,105.16,100.04,23,23,100.0,100.0,True,False,long event AND >=50% imputed days,"RETAINED - flagged for review, not deleted"
TX,TMAX_P85_3D__month,TMAX_P85_3D,TMAX,85,3,month,48_283_2023_007_TMAX_P85_3D,48283,La Salle,South Texas,2023-06-09,2023-07-01,23,2,True,False,2023-06-19,116.06,102.02,23,0,0.0,0.7,False,True,long event,"RETAINED - flagged for review, not deleted"
TX,TMAX_P85_3D__month,TMAX_P85_3D,TMAX,85,3,month,48_325_2023_009_TMAX_P85_3D,48325,Medina,South Central,2023-07-30,2023-08-21,23,2,True,False,2023-08-09,107.06,100.49,23,0,0.0,0.5,False,True,long event,"RETAINED - flagged for review, not deleted"
TX,TMAX_P85_3D__month,TMAX_P85_3D,TMAX,85,3,month,48_339_2022_005_TMAX_P85_3D,48339,Montgomery,East Texas,2022-06-07,2022-06-29,23,1,False,False,2022-06-26,101.88,95.54,23,0,0.0,0.0,False,True,long event,"RETAINED - flagged for review, not deleted"
TX,TMAX_P85_3D__month,TMAX_P85_3D,TMAX,85,3,month,48_377_2023_003_TMAX_P85_3D,48377,Presidio,Trans-Pecos,2023-07-05,2023-07-27,23,1,False,False,2023-07-13,109.04,101.48,23,0,0.0,2.2,False,True,long event,"RETAINED - flagged for review, not deleted"
TX,TMAX_P85_3D__month,TMAX_P85_3D,TMAX,85,3,month,48_455_2023_011_TMAX_P85_3D,48455,Trinity,East Texas,2023-07-24,2023-08-15,23,2,True,False,2023-08-11,104.58,99.74,23,23,100.0,100.0,True,False,long event AND >=50% imputed days,"RETAINED - flagged for review, not deleted"
TX,TMAX_P85_3D__month,TMAX_P85_3D,TMAX,85,3,month,48_469_2023_008_TMAX_P85_3D,48469,Victoria,Upper Coast,2023-08-24,2023-09-15,23,2,True,False,2023-08-27,106.28,98.73,23,0,0.0,0.0,False,True,long event,"RETAINED - flagged for review, not deleted"
TX,TMAX_P85_3D__month,TMAX_P85_3D,TMAX,85,3,month,48_473_2022_005_TMAX_P85_3D,48473,Waller,East Texas,2022-06-07,2022-06-29,23,1,False,False,2022-06-26,100.11,94.79,23,23,100.0,100.0,True,False,long event AND >=50% imputed days,"RETAINED - flagged for review, not deleted"
TX,TMAX_P85_3D__month_pm7,TMAX_P85_3D,TMAX,85,3,month_pm7,48_013_2022_005_TMAX_P85_3D,48013,Atascosa,South Texas,2022-06-05,2022-06-27,23,1,False,False,2022-06-12,105.98,99.02,23,0,0.0,0.0,False,True,long event,"RETAINED - flagged for review, not deleted"
TX,TMAX_P85_3D__month_pm7,TMAX_P85_3D,TMAX,85,3,month_pm7,48_029_2023_007_TMAX_P85_3D,48029,Bexar,South Central,2023-07-30,2023-08-21,23,2,True,False,2023-08-17,105.8,99.95,23,0,0.0,0.0,False,True,long event,"RETAINED - flagged for review, not deleted"
TX,TMAX_P85_3D__month_pm7,TMAX_P85_3D,TMAX,85,3,month_pm7,48_039_2023_010_TMAX_P85_3D,48039,Brazoria,Upper Coast,2023-07-30,2023-08-21,23,2,True,False,2023-08-15,102.81,95.0,23,0,0.0,0.0,False,True,long event,"RETAINED - flagged for review, not deleted"
TX,TMAX_P85_3D__month_pm7,TMAX_P85_3D,TMAX,85,3,month_pm7,48_091_2023_006_TMAX_P85_3D,48091,Comal,South Central,2023-07-31,2023-08-22,23,2,True,False,2023-08-18,105.08,99.5,23,0,0.0,7.8,False,True,long event,"RETAINED - flagged for review, not deleted"
TX,TMAX_P85_3D__month_pm7,TMAX_P85_3D,TMAX,85,3,month_pm7,48_093_2023_007_TMAX_P85_3D,48093,Comanche,North Central,2023-07-23,2023-08-14,23,2,True,False,2023-08-05,113.0,100.94,23,0,0.0,3.9,False,True,long event,"RETAINED - flagged for review, not deleted"
TX,TMAX_P85_3D__month_pm7,TMAX_P85_3D,TMAX,85,3,month_pm7,48_123_2023_009_TMAX_P85_3D,48123,DeWitt,South Central,2023-08-24,2023-09-15,23,2,True,False,2023-09-07,109.04,97.52,23,0,0.0,1.4,False,True,long event,"RETAINED - flagged for review, not deleted"
TX,TMAX_P85_3D__month_pm7,TMAX_P85_3D,TMAX,85,3,month_pm7,48_131_2023_006_TMAX_P85_3D,48131,Duval,South Texas,2023-06-10,2023-07-02,23,2,True,False,2023-06-22,114.98,100.04,23,0,0.0,0.7,False,True,long event,"RETAINED - flagged for review, not deleted"
TX,TMAX_P85_3D__month_pm7,TMAX_P85_3D,TMAX,85,3,month_pm7,48_131_2023_008_TMAX_P85_3D,48131,Duval,South Texas,2023-07-31,2023-08-22,23,2,True,False,2023-08-10,109.04,102.02,23,0,0.0,0.7,False,True,long event,"RETAINED - flagged for review, not deleted"
TX,TMAX_P85_3D__month_pm7,TMAX_P85_3D,TMAX,85,3,month_pm7,48_157_2023_008_TMAX_P85_3D,48157,Fort Bend,Upper Coast,2023-07-30,2023-08-21,23,2,True,False,2023-08-20,107.06,97.97,23,0,0.0,0.2,False,True,long event,"RETAINED - flagged for review, not deleted"
TX,TMAX_P85_3D__month_pm7,TMAX_P85_3D,TMAX,85,3,month_pm7,48_171_2023_007_TMAX_P85_3D,48171,Gillespie,Edwards Plateau,2023-07-31,2023-08-22,23,2,True,False,2023-08-17,103.06,98.06,23,0,0.0,0.0,False,True,long event,"RETAINED - flagged for review, not deleted"
TX,TMAX_P85_3D__month_pm7,TMAX_P85_3D,TMAX,85,3,month_pm7,48_177_2023_010_TMAX_P85_3D,48177,Gonzales,South Central,2023-08-24,2023-09-15,23,2,True,False,2023-08-28,105.98,100.49,23,0,0.0,0.0,False,True,long event,"RETAINED - flagged for review, not deleted"
TX,TMAX_P85_3D__month_pm7,TMAX_P85_3D,TMAX,85,3,month_pm7,48_193_2023_007_TMAX_P85_3D,48193,Hamilton,North Central,2023-07-23,2023-08-14,23,2,True,False,2023-08-09,109.04,100.04,23,4,17.4,61.0,False,False,long event,"RETAINED - flagged for review, not deleted"
TX,TMAX_P85_3D__month_pm7,TMAX_P85_3D,TMAX,85,3,month_pm7,48_201_2022_005_TMAX_P85_3D,48201,Harris,Upper Coast,2022-06-07,2022-06-29,23,1,False,False,2022-06-20,101.96,94.73,23,0,0.0,0.0,False,True,long event,"RETAINED - flagged for review, not deleted"
TX,TMAX_P85_3D__month_pm7,TMAX_P85_3D,TMAX,85,3,month_pm7,48_209_2023_007_TMAX_P85_3D,48209,Hays,South Central,2023-07-30,2023-08-21,23,2,True,False,2023-08-17,106.97,100.49,23,0,0.0,0.7,False,True,long event,"RETAINED - flagged for review, not deleted"
TX,TMAX_P85_3D__month_pm7,TMAX_P85_3D,TMAX,85,3,month_pm7,48_215_2023_006_TMAX_P85_3D,48215,Hidalgo,Lower Valley,2023-06-12,2023-07-04,23,2,True,False,2023-06-21,107.49,98.71,23,0,0.0,0.0,False,True,long event,"RETAINED - flagged for review, not deleted"
TX,TMAX_P85_3D__month_pm7,TMAX_P85_3D,TMAX,85,3,month_pm7,48_217_2023_010_TMAX_P85_3D,48217,Hill,North Central,2023-07-24,2023-08-15,23,2,True,False,2023-08-11,108.5,100.54,23,0,0.0,0.0,False,True,long event,"RETAINED - flagged for review, not deleted"
TX,TMAX_P85_3D__month_pm7,TMAX_P85_3D,TMAX,85,3,month_pm7,48_255_2023_008_TMAX_P85_3D,48255,Karnes,South Central,2023-07-30,2023-08-21,23,2,True,False,2023-08-18,105.16,100.04,23,23,100.0,100.0,True,False,long event AND >=50% imputed days,"RETAINED - flagged for review, not deleted"
TX,TMAX_P85_3D__month_pm7,TMAX_P85_3D,TMAX,85,3,month_pm7,48_267_2023_007_TMAX_P85_3D,48267,Kimble,Edwards Plateau,2023-07-31,2023-08-22,23,2,True,False,2023-08-10,107.51,100.09,23,0,0.0,0.0,False,True,long event,"RETAINED - flagged for review, not deleted"
TX,TMAX_P85_3D__month_pm7,TMAX_P85_3D,TMAX,85,3,month_pm7,48_283_2023_007_TMAX_P85_3D,48283,La Salle,South Texas,2023-06-09,2023-07-01,23,2,True,False,2023-06-19,116.06,102.02,23,0,0.0,0.7,False,True,long event,"RETAINED - flagged for review, not deleted"
TX,TMAX_P85_3D__month_pm7,TMAX_P85_3D,TMAX,85,3,month_pm7,48_325_2023_009_TMAX_P85_3D,48325,Medina,South Central,2023-07-30,2023-08-21,23,2,True,False,2023-08-09,107.06,100.49,23,0,0.0,0.5,False,True,long event,"RETAINED - flagged for review, not deleted"
TX,TMAX_P85_3D__month_pm7,TMAX_P85_3D,TMAX,85,3,month_pm7,48_339_2022_005_TMAX_P85_3D,48339,Montgomery,East Texas,2022-06-07,2022-06-29,23,1,False,False,2022-06-26,101.88,95.76,23,0,0.0,0.0,False,True,long event,"RETAINED - flagged for review, not deleted"
TX,TMAX_P85_3D__month_pm7,TMAX_P85_3D,TMAX,85,3,month_pm7,48_377_2023_003_TMAX_P85_3D,48377,Presidio,Trans-Pecos,2023-07-05,2023-07-27,23,1,False,False,2023-07-13,109.04,101.66,23,0,0.0,2.2,False,True,long event,"RETAINED - flagged for review, not deleted"
TX,TMAX_P85_3D__month_pm7,TMAX_P85_3D,TMAX,85,3,month_pm7,48_407_2022_004_TMAX_P85_3D,48407,San Jacinto,East Texas,2022-06-07,2022-06-29,23,1,False,False,2022-06-26,100.48,94.39,23,23,100.0,100.0,True,False,long event AND >=50% imputed days,"RETAINED - flagged for review, not deleted"
TX,TMAX_P85_3D__month_pm7,TMAX_P85_3D,TMAX,85,3,month_pm7,48_455_2023_010_TMAX_P85_3D,48455,Trinity,East Texas,2023-07-24,2023-08-15,23,2,True,False,2023-08-11,104.58,99.19,23,23,100.0,100.0,True,False,long event AND >=50% imputed days,"RETAINED - flagged for review, not deleted"
TX,TMAX_P85_3D__month_pm7,TMAX_P85_3D,TMAX,85,3,month_pm7,48_469_2023_008_TMAX_P85_3D,48469,Victoria,Upper Coast,2023-08-24,2023-09-15,23,2,True,False,2023-08-27,106.28,98.31,23,0,0.0,0.0,False,True,long event,"RETAINED - flagged for review, not deleted"
TX,TMAX_P85_3D__month_pm7,TMAX_P85_3D,TMAX,85,3,month_pm7,48_473_2022_004_TMAX_P85_3D,48473,Waller,East Texas,2022-06-07,2022-06-29,23,1,False,False,2022-06-26,100.11,94.79,23,23,100.0,100.0,True,False,long event AND >=50% imputed days,"RETAINED - flagged for review, not deleted"
TX,TMAX_P85_3D__w05,TMAX_P85_3D,TMAX,85,3,w05,48_019_2023_008_TMAX_P85_3D,48019,Bandera,Edwards Plateau,2023-07-31,2023-08-22,23,2,True,False,2023-08-18,107.96,100.04,23,0,0.0,16.4,False,False,long event,"RETAINED - flagged for review, not deleted"
TX,TMAX_P85_3D__w05,TMAX_P85_3D,TMAX,85,3,w05,48_021_2023_011_TMAX_P85_3D,48021,Bastrop,South Central,2023-07-30,2023-08-21,23,2,True,False,2023-08-17,107.96,100.64,23,0,0.0,0.3,False,True,long event,"RETAINED - flagged for review, not deleted"
TX,TMAX_P85_3D__w05,TMAX_P85_3D,TMAX,85,3,w05,48_039_2023_011_TMAX_P85_3D,48039,Brazoria,Upper Coast,2023-07-30,2023-08-21,23,2,True,False,2023-08-15,102.81,95.36,23,0,0.0,0.0,False,True,long event,"RETAINED - flagged for review, not deleted"
TX,TMAX_P85_3D__w05,TMAX_P85_3D,TMAX,85,3,w05,48_091_2023_008_TMAX_P85_3D,48091,Comal,South Central,2023-07-31,2023-08-22,23,2,True,False,2023-08-18,105.08,99.95,23,0,0.0,7.8,False,True,long event,"RETAINED - flagged for review, not deleted"
TX,TMAX_P85_3D__w05,TMAX_P85_3D,TMAX,85,3,w05,48_093_2023_009_TMAX_P85_3D,48093,Comanche,North Central,2023-07-23,2023-08-14,23,2,True,False,2023-08-05,113.0,102.02,23,0,0.0,3.9,False,True,long event,"RETAINED - flagged for review, not deleted"
TX,TMAX_P85_3D__w05,TMAX_P85_3D,TMAX,85,3,w05,48_123_2023_012_TMAX_P85_3D,48123,DeWitt,South Central,2023-08-24,2023-09-15,23,2,True,False,2023-09-07,109.04,97.52,23,0,0.0,1.4,False,True,long event,"RETAINED - flagged for review, not deleted"
TX,TMAX_P85_3D__w05,TMAX_P85_3D,TMAX,85,3,w05,48_149_2022_006_TMAX_P85_3D,48149,Fayette,South Central,2022-06-05,2022-06-27,23,1,False,False,2022-06-12,103.01,95.54,23,0,0.0,0.6,False,True,long event,"RETAINED - flagged for review, not deleted"
TX,TMAX_P85_3D__w05,TMAX_P85_3D,TMAX,85,3,w05,48_167_2022_007_TMAX_P85_3D,48167,Galveston,Upper Coast,2022-06-07,2022-06-29,23,1,False,False,2022-06-19,97.52,91.04,23,0,0.0,0.0,False,True,long event,"RETAINED - flagged for review, not deleted"
TX,TMAX_P85_3D__w05,TMAX_P85_3D,TMAX,85,3,w05,48_171_2023_011_TMAX_P85_3D,48171,Gillespie,Edwards Plateau,2023-07-31,2023-08-22,23,2,True,False,2023-08-17,103.06,98.28,23,0,0.0,0.0,False,True,long event,"RETAINED - flagged for review, not deleted"
TX,TMAX_P85_3D__w05,TMAX_P85_3D,TMAX,85,3,w05,48_187_2023_011_TMAX_P85_3D,48187,Guadalupe,South Central,2023-07-30,2023-08-21,23,2,True,False,2023-08-10,107.06,101.48,23,0,0.0,0.0,False,True,long event,"RETAINED - flagged for review, not deleted"
TX,TMAX_P85_3D__w05,TMAX_P85_3D,TMAX,85,3,w05,48_209_2023_009_TMAX_P85_3D,48209,Hays,South Central,2023-07-30,2023-08-21,23,2,True,False,2023-08-17,106.97,100.94,23,0,0.0,0.7,False,True,long event,"RETAINED - flagged for review, not deleted"
TX,TMAX_P85_3D__w05,TMAX_P85_3D,TMAX,85,3,w05,48_217_2023_013_TMAX_P85_3D,48217,Hill,North Central,2023-07-24,2023-08-15,23,2,True,False,2023-08-11,108.5,101.1,23,0,0.0,0.0,False,True,long event,"RETAINED - flagged for review, not deleted"
TX,TMAX_P85_3D__w05,TMAX_P85_3D,TMAX,85,3,w05,48_239_2022_007_TMAX_P85_3D,48239,Jackson,Upper Coast,2022-06-05,2022-06-27,23,1,False,False,2022-06-12,99.14,93.98,23,23,100.0,100.0,True,False,long event AND >=50% imputed days,"RETAINED - flagged for review, not deleted"
TX,TMAX_P85_3D__w05,TMAX_P85_3D,TMAX,85,3,w05,48_255_2023_012_TMAX_P85_3D,48255,Karnes,South Central,2023-07-30,2023-08-21,23,2,True,False,2023-08-18,105.16,100.04,23,23,100.0,100.0,True,False,long event AND >=50% imputed days,"RETAINED - flagged for review, not deleted"
TX,TMAX_P85_3D__w05,TMAX_P85_3D,TMAX,85,3,w05,48_265_2023_011_TMAX_P85_3D,48265,Kerr,Edwards Plateau,2023-07-31,2023-08-22,23,2,True,False,2023-08-18,104.45,98.06,23,0,0.0,0.0,False,True,long event,"RETAINED - flagged for review, not deleted"
TX,TMAX_P85_3D__w05,TMAX_P85_3D,TMAX,85,3,w05,48_267_2023_009_TMAX_P85_3D,48267,Kimble,Edwards Plateau,2023-07-31,2023-08-22,23,2,True,False,2023-08-10,107.51,101.1,23,0,0.0,0.0,False,True,long event,"RETAINED - flagged for review, not deleted"
TX,TMAX_P85_3D__w05,TMAX_P85_3D,TMAX,85,3,w05,48_273_2023_008_TMAX_P85_3D,48273,Kleberg,South Central,2023-07-31,2023-08-22,23,2,True,False,2023-08-17,106.07,100.04,23,0,0.0,0.0,False,True,long event,"RETAINED - flagged for review, not deleted"
TX,TMAX_P85_3D__w05,TMAX_P85_3D,TMAX,85,3,w05,48_283_2023_008_TMAX_P85_3D,48283,La Salle,South Texas,2023-06-09,2023-07-01,23,2,True,False,2023-06-19,116.06,102.92,23,0,0.0,0.7,False,True,long event,"RETAINED - flagged for review, not deleted"
TX,TMAX_P85_3D__w05,TMAX_P85_3D,TMAX,85,3,w05,48_309_2018_004_TMAX_P85_3D,48309,McLennan,North Central,2018-05-25,2018-06-16,23,2,True,False,2018-06-13,99.68,94.7,23,0,0.0,0.0,False,True,long event,"RETAINED - flagged for review, not deleted"
TX,TMAX_P85_3D__w05,TMAX_P85_3D,TMAX,85,3,w05,48_321_2018_007_TMAX_P85_3D,48321,Matagorda,Upper Coast,2018-05-25,2018-06-16,23,2,True,False,2018-06-04,93.02,89.66,23,0,0.0,0.0,False,True,long event,"RETAINED - flagged for review, not deleted"
TX,TMAX_P85_3D__w05,TMAX_P85_3D,TMAX,85,3,w05,48_325_2023_009_TMAX_P85_3D,48325,Medina,South Central,2023-07-30,2023-08-21,23,2,True,False,2023-08-09,107.06,101.0,23,0,0.0,0.5,False,True,long event,"RETAINED - flagged for review, not deleted"
TX,TMAX_P85_3D__w05,TMAX_P85_3D,TMAX,85,3,w05,48_339_2022_004_TMAX_P85_3D,48339,Montgomery,East Texas,2022-06-07,2022-06-29,23,1,False,False,2022-06-26,101.88,96.98,23,0,0.0,0.0,False,True,long event,"RETAINED - flagged for review, not deleted"
TX,TMAX_P85_3D__w05,TMAX_P85_3D,TMAX,85,3,w05,48_377_2023_003_TMAX_P85_3D,48377,Presidio,Trans-Pecos,2023-07-05,2023-07-27,23,1,False,False,2023-07-13,109.04,101.06,23,0,0.0,2.2,False,True,long event,"RETAINED - flagged for review, not deleted"
TX,TMAX_P85_3D__w05,TMAX_P85_3D,TMAX,85,3,w05,48_395_2022_009_TMAX_P85_3D,48395,Robertson,East Texas,2022-06-05,2022-06-27,23,1,False,False,2022-06-12,100.94,94.35,23,0,0.0,5.3,False,True,long event,"RETAINED - flagged for review, not deleted"
TX,TMAX_P85_3D__w05,TMAX_P85_3D,TMAX,85,3,w05,48_469_2023_012_TMAX_P85_3D,48469,Victoria,Upper Coast,2023-08-24,2023-09-15,23,2,True,False,2023-08-27,106.28,98.02,23,0,0.0,0.0,False,True,long event,"RETAINED - flagged for review, not deleted"
TX,TMAX_P85_3D__w05,TMAX_P85_3D,TMAX,85,3,w05,48_481_2023_012_TMAX_P85_3D,48481,Wharton,Upper Coast,2023-07-30,2023-08-21,23,2,True,False,2023-08-17,103.64,98.0,23,0,0.0,0.0,False,True,long event,"RETAINED - flagged for review, not deleted"
TX,TMAX_P85_3D__w15,TMAX_P85_3D,TMAX,85,3,w15,48_005_2023_007_TMAX_P85_3D,48005,Angelina,East Texas,2023-07-24,2023-08-15,23,2,True,False,2023-08-10,105.98,98.51,23,0,0.0,0.0,False,True,long event,"RETAINED - flagged for review, not deleted"
TX,TMAX_P85_3D__w15,TMAX_P85_3D,TMAX,85,3,w15,48_019_2019_004_TMAX_P85_3D,48019,Bandera,Edwards Plateau,2019-09-15,2019-10-07,23,2,True,False,2019-09-20,100.94,93.06,23,0,0.0,16.4,False,False,long event,"RETAINED - flagged for review, not deleted"
TX,TMAX_P85_3D__w15,TMAX_P85_3D,TMAX,85,3,w15,48_019_2023_009_TMAX_P85_3D,48019,Bandera,Edwards Plateau,2023-07-31,2023-08-22,23,2,True,False,2023-08-18,107.96,100.04,23,0,0.0,16.4,False,False,long event,"RETAINED - flagged for review, not deleted"
TX,TMAX_P85_3D__w15,TMAX_P85_3D,TMAX,85,3,w15,48_027_2022_006_TMAX_P85_3D,48027,Bell,North Central,2022-06-05,2022-06-27,23,1,False,False,2022-06-11,102.96,95.36,23,0,0.0,0.1,False,True,long event,"RETAINED - flagged for review, not deleted"
TX,TMAX_P85_3D__w15,TMAX_P85_3D,TMAX,85,3,w15,48_039_2023_010_TMAX_P85_3D,48039,Brazoria,Upper Coast,2023-07-30,2023-08-21,23,2,True,False,2023-08-15,102.81,95.4,23,0,0.0,0.0,False,True,long event,"RETAINED - flagged for review, not deleted"
TX,TMAX_P85_3D__w15,TMAX_P85_3D,TMAX,85,3,w15,48_055_2018_004_TMAX_P85_3D,48055,Caldwell,South Central,2018-05-24,2018-06-15,23,2,True,False,2018-06-06,100.94,95.68,23,0,0.0,0.1,False,True,long event,"RETAINED - flagged for review, not deleted"
TX,TMAX_P85_3D__w15,TMAX_P85_3D,TMAX,85,3,w15,48_055_2023_010_TMAX_P85_3D,48055,Caldwell,South Central,2023-07-30,2023-08-21,23,2,True,False,2023-08-17,109.49,102.02,23,0,0.0,0.1,False,True,long event,"RETAINED - flagged for review, not deleted"
TX,TMAX_P85_3D__w15,TMAX_P85_3D,TMAX,85,3,w15,48_091_2023_009_TMAX_P85_3D,48091,Comal,South Central,2023-07-31,2023-08-22,23,2,True,False,2023-08-18,105.08,99.5,23,0,0.0,7.8,False,True,long event,"RETAINED - flagged for review, not deleted"
TX,TMAX_P85_3D__w15,TMAX_P85_3D,TMAX,85,3,w15,48_093_2023_008_TMAX_P85_3D,48093,Comanche,North Central,2023-07-23,2023-08-14,23,2,True,False,2023-08-05,113.0,102.02,23,0,0.0,3.9,False,True,long event,"RETAINED - flagged for review, not deleted"
TX,TMAX_P85_3D__w15,TMAX_P85_3D,TMAX,85,3,w15,48_123_2023_012_TMAX_P85_3D,48123,DeWitt,South Central,2023-08-24,2023-09-15,23,2,True,False,2023-09-07,109.04,98.06,23,0,0.0,1.4,False,True,long event,"RETAINED - flagged for review, not deleted"
TX,TMAX_P85_3D__w15,TMAX_P85_3D,TMAX,85,3,w15,48_145_2023_008_TMAX_P85_3D,48145,Falls,North Central,2023-07-24,2023-08-15,23,2,True,False,2023-08-10,105.82,100.04,23,23,100.0,88.7,False,False,long event AND >=50% imputed days,"RETAINED - flagged for review, not deleted"
TX,TMAX_P85_3D__w15,TMAX_P85_3D,TMAX,85,3,w15,48_149_2022_005_TMAX_P85_3D,48149,Fayette,South Central,2022-06-05,2022-06-27,23,1,False,False,2022-06-12,103.01,96.02,23,0,0.0,0.6,False,True,long event,"RETAINED - flagged for review, not deleted"
TX,TMAX_P85_3D__w15,TMAX_P85_3D,TMAX,85,3,w15,48_167_2018_006_TMAX_P85_3D,48167,Galveston,Upper Coast,2018-05-25,2018-06-16,23,2,True,False,2018-06-03,93.02,88.52,23,0,0.0,0.0,False,True,long event,"RETAINED - flagged for review, not deleted"
TX,TMAX_P85_3D__w15,TMAX_P85_3D,TMAX,85,3,w15,48_171_2023_008_TMAX_P85_3D,48171,Gillespie,Edwards Plateau,2023-07-31,2023-08-22,23,2,True,False,2023-08-17,103.06,98.74,23,0,0.0,0.0,False,True,long event,"RETAINED - flagged for review, not deleted"
TX,TMAX_P85_3D__w15,TMAX_P85_3D,TMAX,85,3,w15,48_187_2023_011_TMAX_P85_3D,48187,Guadalupe,South Central,2023-07-30,2023-08-21,23,2,True,False,2023-08-10,107.06,100.95,23,0,0.0,0.0,False,True,long event,"RETAINED - flagged for review, not deleted"
TX,TMAX_P85_3D__w15,TMAX_P85_3D,TMAX,85,3,w15,48_201_2022_005_TMAX_P85_3D,48201,Harris,Upper Coast,2022-06-07,2022-06-29,23,1,False,False,2022-06-20,101.96,95.76,23,0,0.0,0.0,False,True,long event,"RETAINED - flagged for review, not deleted"
TX,TMAX_P85_3D__w15,TMAX_P85_3D,TMAX,85,3,w15,48_209_2023_008_TMAX_P85_3D,48209,Hays,South Central,2023-07-30,2023-08-21,23,2,True,False,2023-08-17,106.97,100.94,23,0,0.0,0.7,False,True,long event,"RETAINED - flagged for review, not deleted"
TX,TMAX_P85_3D__w15,TMAX_P85_3D,TMAX,85,3,w15,48_217_2023_011_TMAX_P85_3D,48217,Hill,North Central,2023-07-24,2023-08-15,23,2,True,False,2023-08-11,108.5,100.94,23,0,0.0,0.0,False,True,long event,"RETAINED - flagged for review, not deleted"
TX,TMAX_P85_3D__w15,TMAX_P85_3D,TMAX,85,3,w15,48_239_2022_005_TMAX_P85_3D,48239,Jackson,Upper Coast,2022-06-06,2022-06-28,23,1,False,False,2022-06-12,99.14,94.25,23,23,100.0,100.0,True,False,long event AND >=50% imputed days,"RETAINED - flagged for review, not deleted"
TX,TMAX_P85_3D__w15,TMAX_P85_3D,TMAX,85,3,w15,48_249_2023_011_TMAX_P85_3D,48249,Jim Wells,South Texas,2023-07-30,2023-08-21,23,2,True,False,2023-08-17,107.51,101.0,23,0,0.0,0.0,False,True,long event,"RETAINED - flagged for review, not deleted"
TX,TMAX_P85_3D__w15,TMAX_P85_3D,TMAX,85,3,w15,48_255_2023_011_TMAX_P85_3D,48255,Karnes,South Central,2023-07-30,2023-08-21,23,2,True,False,2023-08-18,105.16,100.07,23,23,100.0,100.0,True,False,long event AND >=50% imputed days,"RETAINED - flagged for review, not deleted"
TX,TMAX_P85_3D__w15,TMAX_P85_3D,TMAX,85,3,w15,48_265_2023_011_TMAX_P85_3D,48265,Kerr,Edwards Plateau,2023-07-31,2023-08-22,23,2,True,False,2023-08-18,104.45,98.06,23,0,0.0,0.0,False,True,long event,"RETAINED - flagged for review, not deleted"
TX,TMAX_P85_3D__w15,TMAX_P85_3D,TMAX,85,3,w15,48_267_2023_009_TMAX_P85_3D,48267,Kimble,Edwards Plateau,2023-07-31,2023-08-22,23,2,True,False,2023-08-10,107.51,100.94,23,0,0.0,0.0,False,True,long event,"RETAINED - flagged for review, not deleted"
TX,TMAX_P85_3D__w15,TMAX_P85_3D,TMAX,85,3,w15,48_273_2023_008_TMAX_P85_3D,48273,Kleberg,South Central,2023-07-31,2023-08-22,23,2,True,False,2023-08-17,106.07,100.04,23,0,0.0,0.0,False,True,long event,"RETAINED - flagged for review, not deleted"
TX,TMAX_P85_3D__w15,TMAX_P85_3D,TMAX,85,3,w15,48_283_2023_007_TMAX_P85_3D,48283,La Salle,South Texas,2023-06-09,2023-07-01,23,2,True,False,2023-06-19,116.06,102.47,23,0,0.0,0.7,False,True,long event,"RETAINED - flagged for review, not deleted"
TX,TMAX_P85_3D__w15,TMAX_P85_3D,TMAX,85,3,w15,48_325_2019_005_TMAX_P85_3D,48325,Medina,South Central,2019-09-14,2019-10-06,23,2,True,False,2019-09-19,101.48,95.0,23,0,0.0,0.5,False,True,long event,"RETAINED - flagged for review, not deleted"
TX,TMAX_P85_3D__w15,TMAX_P85_3D,TMAX,85,3,w15,48_325_2023_010_TMAX_P85_3D,48325,Medina,South Central,2023-07-30,2023-08-21,23,2,True,False,2023-08-09,107.06,100.94,23,0,0.0,0.5,False,True,long event,"RETAINED - flagged for review, not deleted"
TX,TMAX_P85_3D__w15,TMAX_P85_3D,TMAX,85,3,w15,48_339_2022_005_TMAX_P85_3D,48339,Montgomery,East Texas,2022-06-07,2022-06-29,23,1,False,False,2022-06-26,101.88,96.26,23,0,0.0,0.0,False,True,long event,"RETAINED - flagged for review, not deleted"
TX,TMAX_P85_3D__w15,TMAX_P85_3D,TMAX,85,3,w15,48_395_2022_007_TMAX_P85_3D,48395,Robertson,East Texas,2022-06-05,2022-06-27,23,1,False,False,2022-06-12,100.94,95.0,23,0,0.0,5.3,False,True,long event,"RETAINED - flagged for review, not deleted"
TX,TMAX_P85_3D__w15,TMAX_P85_3D,TMAX,85,3,w15,48_469_2023_011_TMAX_P85_3D,48469,Victoria,Upper Coast,2023-08-24,2023-09-15,23,2,True,False,2023-08-27,106.28,98.06,23,0,0.0,0.0,False,True,long event,"RETAINED - flagged for review, not deleted"
TX,TMAX_P85_3D__w15,TMAX_P85_3D,TMAX,85,3,w15,48_471_2022_005_TMAX_P85_3D,48471,Walker,East Texas,2022-06-07,2022-06-29,23,1,False,False,2022-06-24,101.48,96.08,23,0,0.0,0.0,False,True,long event,"RETAINED - flagged for review, not deleted"
TX,TMAX_P85_3D__w15,TMAX_P85_3D,TMAX,85,3,w15,48_473_2022_006_TMAX_P85_3D,48473,Waller,East Texas,2022-06-06,2022-06-28,23,1,False,False,2022-06-26,100.11,95.86,23,23,100.0,100.0,True,False,long event AND >=50% imputed days,"RETAINED - flagged for review, not deleted"
TX,TMAX_P85_3D__w15,TMAX_P85_3D,TMAX,85,3,w15,48_481_2023_010_TMAX_P85_3D,48481,Wharton,Upper Coast,2023-07-30,2023-08-21,23,2,True,False,2023-08-17,103.64,98.36,23,0,0.0,0.0,False,True,long event,"RETAINED - flagged for review, not deleted"
TX,TMAX_P90_2D__month,TMAX_P90_2D,TMAX,90,2,month,48_007_2023_014_TMAX_P90_2D,48007,Aransas,South Central,2023-08-24,2023-09-15,23,2,True,False,2023-08-27,99.8,93.98,23,0,0.0,0.2,False,True,long event,"RETAINED - flagged for review, not deleted"
TX,TMAX_P90_2D__month,TMAX_P90_2D,TMAX,90,2,month,48_041_2022_007_TMAX_P90_2D,48041,Brazos,East Texas,2022-06-07,2022-06-29,23,1,False,False,2022-06-26,102.92,96.98,23,0,0.0,0.1,False,True,long event,"RETAINED - flagged for review, not deleted"
TX,TMAX_P90_2D__month,TMAX_P90_2D,TMAX,90,2,month,48_093_2023_011_TMAX_P90_2D,48093,Comanche,North Central,2023-07-23,2023-08-14,23,2,True,False,2023-08-05,113.0,102.47,23,0,0.0,3.9,False,True,long event,"RETAINED - flagged for review, not deleted"
TX,TMAX_P90_2D__month,TMAX_P90_2D,TMAX,90,2,month,48_177_2023_011_TMAX_P90_2D,48177,Gonzales,South Central,2023-07-30,2023-08-21,23,2,True,False,2023-08-18,107.0,101.44,23,0,0.0,0.0,False,True,long event,"RETAINED - flagged for review, not deleted"
TX,TMAX_P90_2D__month,TMAX_P90_2D,TMAX,90,2,month,48_187_2023_014_TMAX_P90_2D,48187,Guadalupe,South Central,2023-07-30,2023-08-21,23,2,True,False,2023-08-10,107.06,101.48,23,0,0.0,0.0,False,True,long event,"RETAINED - flagged for review, not deleted"
TX,TMAX_P90_2D__month,TMAX_P90_2D,TMAX,90,2,month,48_209_2023_009_TMAX_P90_2D,48209,Hays,South Central,2023-07-30,2023-08-21,23,2,True,False,2023-08-17,106.97,101.03,23,0,0.0,0.7,False,True,long event,"RETAINED - flagged for review, not deleted"
TX,TMAX_P90_2D__month,TMAX_P90_2D,TMAX,90,2,month,48_259_2022_011_TMAX_P90_2D,48259,Kendall,Edwards Plateau,2022-06-05,2022-06-27,23,1,False,False,2022-06-12,105.44,96.0,23,0,0.0,0.8,False,True,long event,"RETAINED - flagged for review, not deleted"
TX,TMAX_P90_2D__month,TMAX_P90_2D,TMAX,90,2,month,48_261_2023_011_TMAX_P90_2D,48261,Kenedy,South Texas,2023-06-10,2023-07-02,23,2,True,False,2023-06-22,111.02,97.52,23,0,0.0,33.0,False,False,long event,"RETAINED - flagged for review, not deleted"
TX,TMAX_P90_2D__month,TMAX_P90_2D,TMAX,90,2,month,48_273_2023_012_TMAX_P90_2D,48273,Kleberg,South Central,2023-07-31,2023-08-22,23,2,True,False,2023-08-17,106.07,100.49,23,0,0.0,0.0,False,True,long event,"RETAINED - flagged for review, not deleted"
TX,TMAX_P90_2D__month,TMAX_P90_2D,TMAX,90,2,month,48_283_2023_011_TMAX_P90_2D,48283,La Salle,South Texas,2023-06-09,2023-07-01,23,2,True,False,2023-06-19,116.06,102.97,23,0,0.0,0.7,False,True,long event,"RETAINED - flagged for review, not deleted"
TX,TMAX_P90_2D__month,TMAX_P90_2D,TMAX,90,2,month,48_321_2023_010_TMAX_P90_2D,48321,Matagorda,Upper Coast,2023-08-23,2023-09-14,23,2,True,False,2023-08-27,103.94,94.81,23,0,0.0,0.0,False,True,long event,"RETAINED - flagged for review, not deleted"
TX,TMAX_P90_2D__month,TMAX_P90_2D,TMAX,90,2,month,48_373_2023_009_TMAX_P90_2D,48373,Polk,East Texas,2023-07-24,2023-08-15,23,2,True,False,2023-08-11,104.3,100.04,23,23,100.0,86.0,False,False,long event AND >=50% imputed days,"RETAINED - flagged for review, not deleted"
TX,TMAX_P90_2D__month,TMAX_P90_2D,TMAX,90,2,month,48_481_2023_009_TMAX_P90_2D,48481,Wharton,Upper Coast,2023-07-30,2023-08-21,23,2,True,False,2023-08-17,103.64,98.7,23,0,0.0,0.0,False,True,long event,"RETAINED - flagged for review, not deleted"
TX,TMAX_P90_2D__month_pm7,TMAX_P90_2D,TMAX,90,2,month_pm7,48_005_2023_013_TMAX_P90_2D,48005,Angelina,East Texas,2023-07-24,2023-08-15,23,2,True,False,2023-08-10,105.98,98.96,23,0,0.0,0.0,False,True,long event,"RETAINED - flagged for review, not deleted"
TX,TMAX_P90_2D__month_pm7,TMAX_P90_2D,TMAX,90,2,month_pm7,48_007_2023_012_TMAX_P90_2D,48007,Aransas,South Central,2023-08-24,2023-09-15,23,2,True,False,2023-08-27,99.8,93.92,23,0,0.0,0.2,False,True,long event,"RETAINED - flagged for review, not deleted"
TX,TMAX_P90_2D__month_pm7,TMAX_P90_2D,TMAX,90,2,month_pm7,48_019_2023_009_TMAX_P90_2D,48019,Bandera,Edwards Plateau,2023-07-31,2023-08-22,23,2,True,False,2023-08-18,107.96,100.38,23,0,0.0,16.4,False,False,long event,"RETAINED - flagged for review, not deleted"
TX,TMAX_P90_2D__month_pm7,TMAX_P90_2D,TMAX,90,2,month_pm7,48_041_2022_006_TMAX_P90_2D,48041,Brazos,East Texas,2022-06-07,2022-06-29,23,1,False,False,2022-06-26,102.92,96.98,23,0,0.0,0.1,False,True,long event,"RETAINED - flagged for review, not deleted"
TX,TMAX_P90_2D__month_pm7,TMAX_P90_2D,TMAX,90,2,month_pm7,48_055_2023_013_TMAX_P90_2D,48055,Caldwell,South Central,2023-07-30,2023-08-21,23,2,True,False,2023-08-17,109.49,102.02,23,0,0.0,0.1,False,True,long event,"RETAINED - flagged for review, not deleted"
TX,TMAX_P90_2D__month_pm7,TMAX_P90_2D,TMAX,90,2,month_pm7,48_091_2023_006_TMAX_P90_2D,48091,Comal,South Central,2023-07-31,2023-08-22,23,2,True,False,2023-08-18,105.08,100.04,23,0,0.0,7.8,False,True,long event,"RETAINED - flagged for review, not deleted"
TX,TMAX_P90_2D__month_pm7,TMAX_P90_2D,TMAX,90,2,month_pm7,48_093_2022_010_TMAX_P90_2D,48093,Comanche,North Central,2022-07-05,2022-07-27,23,1,False,False,2022-07-09,111.02,101.48,23,1,4.3,3.9,False,True,long event,"RETAINED - flagged for review, not deleted"
TX,TMAX_P90_2D__month_pm7,TMAX_P90_2D,TMAX,90,2,month_pm7,48_093_2023_010_TMAX_P90_2D,48093,Comanche,North Central,2023-07-23,2023-08-14,23,2,True,False,2023-08-05,113.0,102.02,23,0,0.0,3.9,False,True,long event,"RETAINED - flagged for review, not deleted"
TX,TMAX_P90_2D__month_pm7,TMAX_P90_2D,TMAX,90,2,month_pm7,48_177_2023_011_TMAX_P90_2D,48177,Gonzales,South Central,2023-07-30,2023-08-21,23,2,True,False,2023-08-18,107.0,101.03,23,0,0.0,0.0,False,True,long event,"RETAINED - flagged for review, not deleted"
TX,TMAX_P90_2D__month_pm7,TMAX_P90_2D,TMAX,90,2,month_pm7,48_187_2023_012_TMAX_P90_2D,48187,Guadalupe,South Central,2023-07-30,2023-08-21,23,2,True,False,2023-08-10,107.06,101.03,23,0,0.0,0.0,False,True,long event,"RETAINED - flagged for review, not deleted"
TX,TMAX_P90_2D__month_pm7,TMAX_P90_2D,TMAX,90,2,month_pm7,48_209_2023_009_TMAX_P90_2D,48209,Hays,South Central,2023-07-30,2023-08-21,23,2,True,False,2023-08-17,106.97,101.03,23,0,0.0,0.7,False,True,long event,"RETAINED - flagged for review, not deleted"
TX,TMAX_P90_2D__month_pm7,TMAX_P90_2D,TMAX,90,2,month_pm7,48_261_2023_011_TMAX_P90_2D,48261,Kenedy,South Texas,2023-06-10,2023-07-02,23,2,True,False,2023-06-22,111.02,97.52,23,0,0.0,33.0,False,False,long event,"RETAINED - flagged for review, not deleted"
TX,TMAX_P90_2D__month_pm7,TMAX_P90_2D,TMAX,90,2,month_pm7,48_273_2023_013_TMAX_P90_2D,48273,Kleberg,South Central,2023-07-31,2023-08-22,23,2,True,False,2023-08-17,106.07,100.49,23,0,0.0,0.0,False,True,long event,"RETAINED - flagged for review, not deleted"
TX,TMAX_P90_2D__month_pm7,TMAX_P90_2D,TMAX,90,2,month_pm7,48_283_2023_011_TMAX_P90_2D,48283,La Salle,South Texas,2023-06-09,2023-07-01,23,2,True,False,2023-06-19,116.06,102.92,23,0,0.0,0.7,False,True,long event,"RETAINED - flagged for review, not deleted"
TX,TMAX_P90_2D__month_pm7,TMAX_P90_2D,TMAX,90,2,month_pm7,48_321_2023_010_TMAX_P90_2D,48321,Matagorda,Upper Coast,2023-08-23,2023-09-14,23,2,True,False,2023-08-27,103.94,94.65,23,0,0.0,0.0,False,True,long event,"RETAINED - flagged for review, not deleted"
TX,TMAX_P90_2D__month_pm7,TMAX_P90_2D,TMAX,90,2,month_pm7,48_373_2023_009_TMAX_P90_2D,48373,Polk,East Texas,2023-07-24,2023-08-15,23,2,True,False,2023-08-11,104.3,100.04,23,23,100.0,86.0,False,False,long event AND >=50% imputed days,"RETAINED - flagged for review, not deleted"
TX,TMAX_P90_2D__month_pm7,TMAX_P90_2D,TMAX,90,2,month_pm7,48_481_2023_009_TMAX_P90_2D,48481,Wharton,Upper Coast,2023-07-30,2023-08-21,23,2,True,False,2023-08-17,103.64,98.37,23,0,0.0,0.0,False,True,long event,"RETAINED - flagged for review, not deleted"
TX,TMAX_P90_2D__w05,TMAX_P90_2D,TMAX,90,2,w05,48_007_2023_017_TMAX_P90_2D,48007,Aransas,South Central,2023-08-24,2023-09-15,23,2,True,False,2023-08-27,99.8,94.35,23,0,0.0,0.2,False,True,long event,"RETAINED - flagged for review, not deleted"
TX,TMAX_P90_2D__w05,TMAX_P90_2D,TMAX,90,2,w05,48_019_2023_010_TMAX_P90_2D,48019,Bandera,Edwards Plateau,2023-07-31,2023-08-22,23,2,True,False,2023-08-18,107.96,100.94,23,0,0.0,16.4,False,False,long event,"RETAINED - flagged for review, not deleted"
TX,TMAX_P90_2D__w05,TMAX_P90_2D,TMAX,90,2,w05,48_055_2023_013_TMAX_P90_2D,48055,Caldwell,South Central,2023-07-30,2023-08-21,23,2,True,False,2023-08-17,109.49,102.06,23,0,0.0,0.1,False,True,long event,"RETAINED - flagged for review, not deleted"
TX,TMAX_P90_2D__w05,TMAX_P90_2D,TMAX,90,2,w05,48_131_2023_010_TMAX_P90_2D,48131,Duval,South Texas,2023-06-10,2023-07-02,23,2,True,False,2023-06-22,114.98,101.93,23,0,0.0,0.7,False,True,long event,"RETAINED - flagged for review, not deleted"
TX,TMAX_P90_2D__w05,TMAX_P90_2D,TMAX,90,2,w05,48_177_2023_013_TMAX_P90_2D,48177,Gonzales,South Central,2023-08-24,2023-09-15,23,2,True,False,2023-08-28,105.98,100.49,23,0,0.0,0.0,False,True,long event,"RETAINED - flagged for review, not deleted"
TX,TMAX_P90_2D__w05,TMAX_P90_2D,TMAX,90,2,w05,48_209_2023_010_TMAX_P90_2D,48209,Hays,South Central,2023-07-30,2023-08-21,23,2,True,False,2023-08-17,106.97,101.03,23,0,0.0,0.7,False,True,long event,"RETAINED - flagged for review, not deleted"
TX,TMAX_P90_2D__w05,TMAX_P90_2D,TMAX,90,2,w05,48_215_2023_010_TMAX_P90_2D,48215,Hidalgo,Lower Valley,2023-06-13,2023-07-05,23,2,True,False,2023-06-21,107.49,99.86,23,0,0.0,0.0,False,True,long event,"RETAINED - flagged for review, not deleted"
TX,TMAX_P90_2D__w05,TMAX_P90_2D,TMAX,90,2,w05,48_273_2023_013_TMAX_P90_2D,48273,Kleberg,South Central,2023-07-31,2023-08-22,23,2,True,False,2023-08-17,106.07,100.49,23,0,0.0,0.0,False,True,long event,"RETAINED - flagged for review, not deleted"
TX,TMAX_P90_2D__w05,TMAX_P90_2D,TMAX,90,2,w05,48_283_2023_012_TMAX_P90_2D,48283,La Salle,South Texas,2023-06-09,2023-07-01,23,2,True,False,2023-06-19,116.06,104.1,23,0,0.0,0.7,False,True,long event,"RETAINED - flagged for review, not deleted"
TX,TMAX_P90_2D__w05,TMAX_P90_2D,TMAX,90,2,w05,48_285_2023_014_TMAX_P90_2D,48285,Lavaca,South Central,2023-07-30,2023-08-21,23,2,True,False,2023-08-17,109.04,100.94,23,0,0.0,0.8,False,True,long event,"RETAINED - flagged for review, not deleted"
TX,TMAX_P90_2D__w05,TMAX_P90_2D,TMAX,90,2,w05,48_469_2023_015_TMAX_P90_2D,48469,Victoria,Upper Coast,2023-08-24,2023-09-15,23,2,True,False,2023-08-27,106.28,98.26,23,0,0.0,0.0,False,True,long event,"RETAINED - flagged for review, not deleted"
TX,TMAX_P90_2D__w05,TMAX_P90_2D,TMAX,90,2,w05,48_489_2019_007_TMAX_P90_2D,48489,Willacy,Lower Valley,2019-08-05,2019-08-27,23,1,False,False,2019-08-13,101.47,97.97,23,23,100.0,30.0,False,False,long event AND >=50% imputed days,"RETAINED - flagged for review, not deleted"
TX,TMAX_P90_2D__w15,TMAX_P90_2D,TMAX,90,2,w15,48_031_2023_015_TMAX_P90_2D,48031,Blanco,Edwards Plateau,2023-07-30,2023-08-21,23,2,True,False,2023-08-17,109.94,100.94,23,0,0.0,19.2,False,False,long event,"RETAINED - flagged for review, not deleted"
TX,TMAX_P90_2D__w15,TMAX_P90_2D,TMAX,90,2,w15,48_055_2023_014_TMAX_P90_2D,48055,Caldwell,South Central,2023-07-30,2023-08-21,23,2,True,False,2023-08-17,109.49,102.92,23,0,0.0,0.1,False,True,long event,"RETAINED - flagged for review, not deleted"
TX,TMAX_P90_2D__w15,TMAX_P90_2D,TMAX,90,2,w15,48_093_2022_011_TMAX_P90_2D,48093,Comanche,North Central,2022-07-05,2022-07-27,23,1,False,False,2022-07-09,111.02,100.49,23,1,4.3,3.9,False,True,long event,"RETAINED - flagged for review, not deleted"
TX,TMAX_P90_2D__w15,TMAX_P90_2D,TMAX,90,2,w15,48_131_2023_010_TMAX_P90_2D,48131,Duval,South Texas,2023-06-10,2023-07-02,23,2,True,False,2023-06-22,114.98,101.48,23,0,0.0,0.7,False,True,long event,"RETAINED - flagged for review, not deleted"
TX,TMAX_P90_2D__w15,TMAX_P90_2D,TMAX,90,2,w15,48_177_2023_013_TMAX_P90_2D,48177,Gonzales,South Central,2023-08-24,2023-09-15,23,2,True,False,2023-08-28,105.98,100.7,23,0,0.0,0.0,False,True,long event,"RETAINED - flagged for review, not deleted"
TX,TMAX_P90_2D__w15,TMAX_P90_2D,TMAX,90,2,w15,48_187_2023_013_TMAX_P90_2D,48187,Guadalupe,South Central,2023-07-30,2023-08-21,23,2,True,False,2023-08-10,107.06,102.02,23,0,0.0,0.0,False,True,long event,"RETAINED - flagged for review, not deleted"
TX,TMAX_P90_2D__w15,TMAX_P90_2D,TMAX,90,2,w15,48_273_2023_013_TMAX_P90_2D,48273,Kleberg,South Central,2023-07-31,2023-08-22,23,2,True,False,2023-08-17,106.07,100.49,23,0,0.0,0.0,False,True,long event,"RETAINED - flagged for review, not deleted"
TX,TMAX_P90_2D__w15,TMAX_P90_2D,TMAX,90,2,w15,48_283_2023_011_TMAX_P90_2D,48283,La Salle,South Texas,2023-06-09,2023-07-01,23,2,True,False,2023-06-19,116.06,104.0,23,0,0.0,0.7,False,True,long event,"RETAINED - flagged for review, not deleted"
TX,TMAX_P90_2D__w15,TMAX_P90_2D,TMAX,90,2,w15,48_285_2023_015_TMAX_P90_2D,48285,Lavaca,South Central,2023-07-30,2023-08-21,23,2,True,False,2023-08-17,109.04,100.94,23,0,0.0,0.8,False,True,long event,"RETAINED - flagged for review, not deleted"
TX,TMAX_P90_2D__w15,TMAX_P90_2D,TMAX,90,2,w15,48_321_2023_011_TMAX_P90_2D,48321,Matagorda,Upper Coast,2023-08-23,2023-09-14,23,2,True,False,2023-08-27,103.94,95.0,23,0,0.0,0.0,False,True,long event,"RETAINED - flagged for review, not deleted"
TX,TMAX_P90_2D__w15,TMAX_P90_2D,TMAX,90,2,w15,48_469_2023_015_TMAX_P90_2D,48469,Victoria,Upper Coast,2023-08-24,2023-09-15,23,2,True,False,2023-08-27,106.28,98.74,23,0,0.0,0.0,False,True,long event,"RETAINED - flagged for review, not deleted"
TX,TMAX_P90_3D__month,TMAX_P90_3D,TMAX,90,3,month,48_007_2023_011_TMAX_P90_3D,48007,Aransas,South Central,2023-08-24,2023-09-15,23,2,True,False,2023-08-27,99.8,93.98,23,0,0.0,0.2,False,True,long event,"RETAINED - flagged for review, not deleted"
TX,TMAX_P90_3D__month,TMAX_P90_3D,TMAX,90,3,month,48_041_2022_005_TMAX_P90_3D,48041,Brazos,East Texas,2022-06-07,2022-06-29,23,1,False,False,2022-06-26,102.92,96.98,23,0,0.0,0.1,False,True,long event,"RETAINED - flagged for review, not deleted"
TX,TMAX_P90_3D__month,TMAX_P90_3D,TMAX,90,3,month,48_093_2023_006_TMAX_P90_3D,48093,Comanche,North Central,2023-07-23,2023-08-14,23,2,True,False,2023-08-05,113.0,102.47,23,0,0.0,3.9,False,True,long event,"RETAINED - flagged for review, not deleted"
TX,TMAX_P90_3D__month,TMAX_P90_3D,TMAX,90,3,month,48_177_2023_009_TMAX_P90_3D,48177,Gonzales,South Central,2023-07-30,2023-08-21,23,2,True,False,2023-08-18,107.0,101.44,23,0,0.0,0.0,False,True,long event,"RETAINED - flagged for review, not deleted"
TX,TMAX_P90_3D__month,TMAX_P90_3D,TMAX,90,3,month,48_187_2023_008_TMAX_P90_3D,48187,Guadalupe,South Central,2023-07-30,2023-08-21,23,2,True,False,2023-08-10,107.06,101.48,23,0,0.0,0.0,False,True,long event,"RETAINED - flagged for review, not deleted"
TX,TMAX_P90_3D__month,TMAX_P90_3D,TMAX,90,3,month,48_209_2023_008_TMAX_P90_3D,48209,Hays,South Central,2023-07-30,2023-08-21,23,2,True,False,2023-08-17,106.97,101.03,23,0,0.0,0.7,False,True,long event,"RETAINED - flagged for review, not deleted"
TX,TMAX_P90_3D__month,TMAX_P90_3D,TMAX,90,3,month,48_259_2022_006_TMAX_P90_3D,48259,Kendall,Edwards Plateau,2022-06-05,2022-06-27,23,1,False,False,2022-06-12,105.44,96.0,23,0,0.0,0.8,False,True,long event,"RETAINED - flagged for review, not deleted"
TX,TMAX_P90_3D__month,TMAX_P90_3D,TMAX,90,3,month,48_261_2023_009_TMAX_P90_3D,48261,Kenedy,South Texas,2023-06-10,2023-07-02,23,2,True,False,2023-06-22,111.02,97.52,23,0,0.0,33.0,False,False,long event,"RETAINED - flagged for review, not deleted"
TX,TMAX_P90_3D__month,TMAX_P90_3D,TMAX,90,3,month,48_273_2023_009_TMAX_P90_3D,48273,Kleberg,South Central,2023-07-31,2023-08-22,23,2,True,False,2023-08-17,106.07,100.49,23,0,0.0,0.0,False,True,long event,"RETAINED - flagged for review, not deleted"
TX,TMAX_P90_3D__month,TMAX_P90_3D,TMAX,90,3,month,48_283_2023_007_TMAX_P90_3D,48283,La Salle,South Texas,2023-06-09,2023-07-01,23,2,True,False,2023-06-19,116.06,102.97,23,0,0.0,0.7,False,True,long event,"RETAINED - flagged for review, not deleted"
TX,TMAX_P90_3D__month,TMAX_P90_3D,TMAX,90,3,month,48_321_2023_009_TMAX_P90_3D,48321,Matagorda,Upper Coast,2023-08-23,2023-09-14,23,2,True,False,2023-08-27,103.94,94.81,23,0,0.0,0.0,False,True,long event,"RETAINED - flagged for review, not deleted"
TX,TMAX_P90_3D__month,TMAX_P90_3D,TMAX,90,3,month,48_373_2023_008_TMAX_P90_3D,48373,Polk,East Texas,2023-07-24,2023-08-15,23,2,True,False,2023-08-11,104.3,100.04,23,23,100.0,86.0,False,False,long event AND >=50% imputed days,"RETAINED - flagged for review, not deleted"
TX,TMAX_P90_3D__month,TMAX_P90_3D,TMAX,90,3,month,48_481_2023_009_TMAX_P90_3D,48481,Wharton,Upper Coast,2023-07-30,2023-08-21,23,2,True,False,2023-08-17,103.64,98.7,23,0,0.0,0.0,False,True,long event,"RETAINED - flagged for review, not deleted"
TX,TMAX_P90_3D__month_pm7,TMAX_P90_3D,TMAX,90,3,month_pm7,48_005_2023_007_TMAX_P90_3D,48005,Angelina,East Texas,2023-07-24,2023-08-15,23,2,True,False,2023-08-10,105.98,98.96,23,0,0.0,0.0,False,True,long event,"RETAINED - flagged for review, not deleted"
TX,TMAX_P90_3D__month_pm7,TMAX_P90_3D,TMAX,90,3,month_pm7,48_007_2023_010_TMAX_P90_3D,48007,Aransas,South Central,2023-08-24,2023-09-15,23,2,True,False,2023-08-27,99.8,93.92,23,0,0.0,0.2,False,True,long event,"RETAINED - flagged for review, not deleted"
TX,TMAX_P90_3D__month_pm7,TMAX_P90_3D,TMAX,90,3,month_pm7,48_019_2023_006_TMAX_P90_3D,48019,Bandera,Edwards Plateau,2023-07-31,2023-08-22,23,2,True,False,2023-08-18,107.96,100.38,23,0,0.0,16.4,False,False,long event,"RETAINED - flagged for review, not deleted"
TX,TMAX_P90_3D__month_pm7,TMAX_P90_3D,TMAX,90,3,month_pm7,48_041_2022_004_TMAX_P90_3D,48041,Brazos,East Texas,2022-06-07,2022-06-29,23,1,False,False,2022-06-26,102.92,96.98,23,0,0.0,0.1,False,True,long event,"RETAINED - flagged for review, not deleted"
TX,TMAX_P90_3D__month_pm7,TMAX_P90_3D,TMAX,90,3,month_pm7,48_055_2023_007_TMAX_P90_3D,48055,Caldwell,South Central,2023-07-30,2023-08-21,23,2,True,False,2023-08-17,109.49,102.02,23,0,0.0,0.1,False,True,long event,"RETAINED - flagged for review, not deleted"
TX,TMAX_P90_3D__month_pm7,TMAX_P90_3D,TMAX,90,3,month_pm7,48_091_2023_004_TMAX_P90_3D,48091,Comal,South Central,2023-07-31,2023-08-22,23,2,True,False,2023-08-18,105.08,100.04,23,0,0.0,7.8,False,True,long event,"RETAINED - flagged for review, not deleted"
TX,TMAX_P90_3D__month_pm7,TMAX_P90_3D,TMAX,90,3,month_pm7,48_093_2022_008_TMAX_P90_3D,48093,Comanche,North Central,2022-07-05,2022-07-27,23,1,False,False,2022-07-09,111.02,101.48,23,1,4.3,3.9,False,True,long event,"RETAINED - flagged for review, not deleted"
TX,TMAX_P90_3D__month_pm7,TMAX_P90_3D,TMAX,90,3,month_pm7,48_093_2023_006_TMAX_P90_3D,48093,Comanche,North Central,2023-07-23,2023-08-14,23,2,True,False,2023-08-05,113.0,102.02,23,0,0.0,3.9,False,True,long event,"RETAINED - flagged for review, not deleted"
TX,TMAX_P90_3D__month_pm7,TMAX_P90_3D,TMAX,90,3,month_pm7,48_177_2023_008_TMAX_P90_3D,48177,Gonzales,South Central,2023-07-30,2023-08-21,23,2,True,False,2023-08-18,107.0,101.03,23,0,0.0,0.0,False,True,long event,"RETAINED - flagged for review, not deleted"
TX,TMAX_P90_3D__month_pm7,TMAX_P90_3D,TMAX,90,3,month_pm7,48_187_2023_008_TMAX_P90_3D,48187,Guadalupe,South Central,2023-07-30,2023-08-21,23,2,True,False,2023-08-10,107.06,101.03,23,0,0.0,0.0,False,True,long event,"RETAINED - flagged for review, not deleted"
TX,TMAX_P90_3D__month_pm7,TMAX_P90_3D,TMAX,90,3,month_pm7,48_209_2023_008_TMAX_P90_3D,48209,Hays,South Central,2023-07-30,2023-08-21,23,2,True,False,2023-08-17,106.97,101.03,23,0,0.0,0.7,False,True,long event,"RETAINED - flagged for review, not deleted"
TX,TMAX_P90_3D__month_pm7,TMAX_P90_3D,TMAX,90,3,month_pm7,48_261_2023_009_TMAX_P90_3D,48261,Kenedy,South Texas,2023-06-10,2023-07-02,23,2,True,False,2023-06-22,111.02,97.52,23,0,0.0,33.0,False,False,long event,"RETAINED - flagged for review, not deleted"
TX,TMAX_P90_3D__month_pm7,TMAX_P90_3D,TMAX,90,3,month_pm7,48_273_2023_009_TMAX_P90_3D,48273,Kleberg,South Central,2023-07-31,2023-08-22,23,2,True,False,2023-08-17,106.07,100.49,23,0,0.0,0.0,False,True,long event,"RETAINED - flagged for review, not deleted"
TX,TMAX_P90_3D__month_pm7,TMAX_P90_3D,TMAX,90,3,month_pm7,48_283_2023_006_TMAX_P90_3D,48283,La Salle,South Texas,2023-06-09,2023-07-01,23,2,True,False,2023-06-19,116.06,102.92,23,0,0.0,0.7,False,True,long event,"RETAINED - flagged for review, not deleted"
TX,TMAX_P90_3D__month_pm7,TMAX_P90_3D,TMAX,90,3,month_pm7,48_321_2023_009_TMAX_P90_3D,48321,Matagorda,Upper Coast,2023-08-23,2023-09-14,23,2,True,False,2023-08-27,103.94,94.65,23,0,0.0,0.0,False,True,long event,"RETAINED - flagged for review, not deleted"
TX,TMAX_P90_3D__month_pm7,TMAX_P90_3D,TMAX,90,3,month_pm7,48_373_2023_008_TMAX_P90_3D,48373,Polk,East Texas,2023-07-24,2023-08-15,23,2,True,False,2023-08-11,104.3,100.04,23,23,100.0,86.0,False,False,long event AND >=50% imputed days,"RETAINED - flagged for review, not deleted"
TX,TMAX_P90_3D__month_pm7,TMAX_P90_3D,TMAX,90,3,month_pm7,48_481_2023_009_TMAX_P90_3D,48481,Wharton,Upper Coast,2023-07-30,2023-08-21,23,2,True,False,2023-08-17,103.64,98.37,23,0,0.0,0.0,False,True,long event,"RETAINED - flagged for review, not deleted"
TX,TMAX_P90_3D__w05,TMAX_P90_3D,TMAX,90,3,w05,48_007_2023_011_TMAX_P90_3D,48007,Aransas,South Central,2023-08-24,2023-09-15,23,2,True,False,2023-08-27,99.8,94.35,23,0,0.0,0.2,False,True,long event,"RETAINED - flagged for review, not deleted"
TX,TMAX_P90_3D__w05,TMAX_P90_3D,TMAX,90,3,w05,48_019_2023_005_TMAX_P90_3D,48019,Bandera,Edwards Plateau,2023-07-31,2023-08-22,23,2,True,False,2023-08-18,107.96,100.94,23,0,0.0,16.4,False,False,long event,"RETAINED - flagged for review, not deleted"
TX,TMAX_P90_3D__w05,TMAX_P90_3D,TMAX,90,3,w05,48_055_2023_008_TMAX_P90_3D,48055,Caldwell,South Central,2023-07-30,2023-08-21,23,2,True,False,2023-08-17,109.49,102.06,23,0,0.0,0.1,False,True,long event,"RETAINED - flagged for review, not deleted"
TX,TMAX_P90_3D__w05,TMAX_P90_3D,TMAX,90,3,w05,48_131_2023_007_TMAX_P90_3D,48131,Duval,South Texas,2023-06-10,2023-07-02,23,2,True,False,2023-06-22,114.98,101.93,23,0,0.0,0.7,False,True,long event,"RETAINED - flagged for review, not deleted"
TX,TMAX_P90_3D__w05,TMAX_P90_3D,TMAX,90,3,w05,48_177_2023_011_TMAX_P90_3D,48177,Gonzales,South Central,2023-08-24,2023-09-15,23,2,True,False,2023-08-28,105.98,100.49,23,0,0.0,0.0,False,True,long event,"RETAINED - flagged for review, not deleted"
TX,TMAX_P90_3D__w05,TMAX_P90_3D,TMAX,90,3,w05,48_209_2023_007_TMAX_P90_3D,48209,Hays,South Central,2023-07-30,2023-08-21,23,2,True,False,2023-08-17,106.97,101.03,23,0,0.0,0.7,False,True,long event,"RETAINED - flagged for review, not deleted"
TX,TMAX_P90_3D__w05,TMAX_P90_3D,TMAX,90,3,w05,48_215_2023_007_TMAX_P90_3D,48215,Hidalgo,Lower Valley,2023-06-13,2023-07-05,23,2,True,False,2023-06-21,107.49,99.86,23,0,0.0,0.0,False,True,long event,"RETAINED - flagged for review, not deleted"
TX,TMAX_P90_3D__w05,TMAX_P90_3D,TMAX,90,3,w05,48_273_2023_011_TMAX_P90_3D,48273,Kleberg,South Central,2023-07-31,2023-08-22,23,2,True,False,2023-08-17,106.07,100.49,23,0,0.0,0.0,False,True,long event,"RETAINED - flagged for review, not deleted"
TX,TMAX_P90_3D__w05,TMAX_P90_3D,TMAX,90,3,w05,48_283_2023_006_TMAX_P90_3D,48283,La Salle,South Texas,2023-06-09,2023-07-01,23,2,True,False,2023-06-19,116.06,104.1,23,0,0.0,0.7,False,True,long event,"RETAINED - flagged for review, not deleted"
TX,TMAX_P90_3D__w05,TMAX_P90_3D,TMAX,90,3,w05,48_285_2023_011_TMAX_P90_3D,48285,Lavaca,South Central,2023-07-30,2023-08-21,23,2,True,False,2023-08-17,109.04,100.94,23,0,0.0,0.8,False,True,long event,"RETAINED - flagged for review, not deleted"
TX,TMAX_P90_3D__w05,TMAX_P90_3D,TMAX,90,3,w05,48_469_2023_010_TMAX_P90_3D,48469,Victoria,Upper Coast,2023-08-24,2023-09-15,23,2,True,False,2023-08-27,106.28,98.26,23,0,0.0,0.0,False,True,long event,"RETAINED - flagged for review, not deleted"
TX,TMAX_P90_3D__w05,TMAX_P90_3D,TMAX,90,3,w05,48_489_2019_005_TMAX_P90_3D,48489,Willacy,Lower Valley,2019-08-05,2019-08-27,23,1,False,False,2019-08-13,101.47,97.97,23,23,100.0,30.0,False,False,long event AND >=50% imputed days,"RETAINED - flagged for review, not deleted"
TX,TMAX_P90_3D__w15,TMAX_P90_3D,TMAX,90,3,w15,48_031_2023_010_TMAX_P90_3D,48031,Blanco,Edwards Plateau,2023-07-30,2023-08-21,23,2,True,False,2023-08-17,109.94,100.94,23,0,0.0,19.2,False,False,long event,"RETAINED - flagged for review, not deleted"
TX,TMAX_P90_3D__w15,TMAX_P90_3D,TMAX,90,3,w15,48_055_2023_008_TMAX_P90_3D,48055,Caldwell,South Central,2023-07-30,2023-08-21,23,2,True,False,2023-08-17,109.49,102.92,23,0,0.0,0.1,False,True,long event,"RETAINED - flagged for review, not deleted"
TX,TMAX_P90_3D__w15,TMAX_P90_3D,TMAX,90,3,w15,48_093_2022_008_TMAX_P90_3D,48093,Comanche,North Central,2022-07-05,2022-07-27,23,1,False,False,2022-07-09,111.02,100.49,23,1,4.3,3.9,False,True,long event,"RETAINED - flagged for review, not deleted"
TX,TMAX_P90_3D__w15,TMAX_P90_3D,TMAX,90,3,w15,48_131_2023_006_TMAX_P90_3D,48131,Duval,South Texas,2023-06-10,2023-07-02,23,2,True,False,2023-06-22,114.98,101.48,23,0,0.0,0.7,False,True,long event,"RETAINED - flagged for review, not deleted"
TX,TMAX_P90_3D__w15,TMAX_P90_3D,TMAX,90,3,w15,48_177_2023_011_TMAX_P90_3D,48177,Gonzales,South Central,2023-08-24,2023-09-15,23,2,True,False,2023-08-28,105.98,100.7,23,0,0.0,0.0,False,True,long event,"RETAINED - flagged for review, not deleted"
TX,TMAX_P90_3D__w15,TMAX_P90_3D,TMAX,90,3,w15,48_187_2023_009_TMAX_P90_3D,48187,Guadalupe,South Central,2023-07-30,2023-08-21,23,2,True,False,2023-08-10,107.06,102.02,23,0,0.0,0.0,False,True,long event,"RETAINED - flagged for review, not deleted"
TX,TMAX_P90_3D__w15,TMAX_P90_3D,TMAX,90,3,w15,48_273_2023_011_TMAX_P90_3D,48273,Kleberg,South Central,2023-07-31,2023-08-22,23,2,True,False,2023-08-17,106.07,100.49,23,0,0.0,0.0,False,True,long event,"RETAINED - flagged for review, not deleted"
TX,TMAX_P90_3D__w15,TMAX_P90_3D,TMAX,90,3,w15,48_283_2023_005_TMAX_P90_3D,48283,La Salle,South Texas,2023-06-09,2023-07-01,23,2,True,False,2023-06-19,116.06,104.0,23,0,0.0,0.7,False,True,long event,"RETAINED - flagged for review, not deleted"
TX,TMAX_P90_3D__w15,TMAX_P90_3D,TMAX,90,3,w15,48_285_2023_010_TMAX_P90_3D,48285,Lavaca,South Central,2023-07-30,2023-08-21,23,2,True,False,2023-08-17,109.04,100.94,23,0,0.0,0.8,False,True,long event,"RETAINED - flagged for review, not deleted"
TX,TMAX_P90_3D__w15,TMAX_P90_3D,TMAX,90,3,w15,48_321_2023_010_TMAX_P90_3D,48321,Matagorda,Upper Coast,2023-08-23,2023-09-14,23,2,True,False,2023-08-27,103.94,95.0,23,0,0.0,0.0,False,True,long event,"RETAINED - flagged for review, not deleted"
TX,TMAX_P90_3D__w15,TMAX_P90_3D,TMAX,90,3,w15,48_469_2023_011_TMAX_P90_3D,48469,Victoria,Upper Coast,2023-08-24,2023-09-15,23,2,True,False,2023-08-27,106.28,98.74,23,0,0.0,0.0,False,True,long event,"RETAINED - flagged for review, not deleted"
TX,TMAX_P95_2D__month,TMAX_P95_2D,TMAX,95,2,month,48_007_2023_007_TMAX_P95_2D,48007,Aransas,South Central,2023-08-24,2023-09-15,23,2,True,False,2023-08-27,99.8,94.73,23,0,0.0,0.2,False,True,long event,"RETAINED - flagged for review, not deleted"
TX,TMAX_P95_2D__month,TMAX_P95_2D,TMAX,95,2,month,48_031_2023_009_TMAX_P95_2D,48031,Blanco,Edwards Plateau,2023-07-30,2023-08-21,23,2,True,False,2023-08-17,109.94,101.93,23,0,0.0,19.2,False,False,long event,"RETAINED - flagged for review, not deleted"
TX,TMAX_P95_2D__month,TMAX_P95_2D,TMAX,95,2,month,48_053_2023_009_TMAX_P95_2D,48053,Burnet,Edwards Plateau,2023-07-30,2023-08-21,23,2,True,False,2023-08-18,106.46,100.94,23,0,0.0,0.0,False,True,long event,"RETAINED - flagged for review, not deleted"
TX,TMAX_P95_2D__month,TMAX_P95_2D,TMAX,95,2,month,48_201_2023_011_TMAX_P95_2D,48201,Harris,Upper Coast,2023-07-30,2023-08-21,23,2,True,False,2023-08-20,108.32,99.92,23,0,0.0,0.0,False,True,long event,"RETAINED - flagged for review, not deleted"
TX,TMAX_P95_2D__month,TMAX_P95_2D,TMAX,95,2,month,48_239_2023_012_TMAX_P95_2D,48239,Jackson,Upper Coast,2023-07-30,2023-08-21,23,2,True,False,2023-08-20,103.74,99.5,23,23,100.0,100.0,True,False,long event AND >=50% imputed days,"RETAINED - flagged for review, not deleted"
TX,TMAX_P95_2D__month,TMAX_P95_2D,TMAX,95,2,month,48_259_2022_006_TMAX_P95_2D,48259,Kendall,Edwards Plateau,2022-06-05,2022-06-27,23,1,False,False,2022-06-12,105.44,96.98,23,0,0.0,0.8,False,True,long event,"RETAINED - flagged for review, not deleted"
TX,TMAX_P95_2D__month,TMAX_P95_2D,TMAX,95,2,month,48_259_2023_008_TMAX_P95_2D,48259,Kendall,Edwards Plateau,2023-07-30,2023-08-21,23,2,True,False,2023-08-17,107.06,100.04,23,0,0.0,0.8,False,True,long event,"RETAINED - flagged for review, not deleted"
TX,TMAX_P95_2D__month,TMAX_P95_2D,TMAX,95,2,month,48_285_2023_011_TMAX_P95_2D,48285,Lavaca,South Central,2023-07-30,2023-08-21,23,2,True,False,2023-08-17,109.04,102.02,23,0,0.0,0.8,False,True,long event,"RETAINED - flagged for review, not deleted"
TX,TMAX_P95_2D__month,TMAX_P95_2D,TMAX,95,2,month,48_473_2023_009_TMAX_P95_2D,48473,Waller,East Texas,2023-07-30,2023-08-21,23,2,True,False,2023-08-20,105.51,100.49,23,23,100.0,100.0,True,False,long event AND >=50% imputed days,"RETAINED - flagged for review, not deleted"
TX,TMAX_P95_2D__month_pm7,TMAX_P95_2D,TMAX,95,2,month_pm7,48_007_2023_007_TMAX_P95_2D,48007,Aransas,South Central,2023-08-24,2023-09-15,23,2,True,False,2023-08-27,99.8,94.64,23,0,0.0,0.2,False,True,long event,"RETAINED - flagged for review, not deleted"
TX,TMAX_P95_2D__month_pm7,TMAX_P95_2D,TMAX,95,2,month_pm7,48_031_2023_009_TMAX_P95_2D,48031,Blanco,Edwards Plateau,2023-07-30,2023-08-21,23,2,True,False,2023-08-17,109.94,101.48,23,0,0.0,19.2,False,False,long event,"RETAINED - flagged for review, not deleted"
TX,TMAX_P95_2D__month_pm7,TMAX_P95_2D,TMAX,95,2,month_pm7,48_201_2023_010_TMAX_P95_2D,48201,Harris,Upper Coast,2023-07-30,2023-08-21,23,2,True,False,2023-08-20,108.32,99.5,23,0,0.0,0.0,False,True,long event,"RETAINED - flagged for review, not deleted"
TX,TMAX_P95_2D__month_pm7,TMAX_P95_2D,TMAX,95,2,month_pm7,48_239_2023_011_TMAX_P95_2D,48239,Jackson,Upper Coast,2023-07-30,2023-08-21,23,2,True,False,2023-08-20,103.74,99.35,23,23,100.0,100.0,True,False,long event AND >=50% imputed days,"RETAINED - flagged for review, not deleted"
TX,TMAX_P95_2D__month_pm7,TMAX_P95_2D,TMAX,95,2,month_pm7,48_259_2022_006_TMAX_P95_2D,48259,Kendall,Edwards Plateau,2022-06-05,2022-06-27,23,1,False,False,2022-06-12,105.44,96.98,23,0,0.0,0.8,False,True,long event,"RETAINED - flagged for review, not deleted"
TX,TMAX_P95_2D__month_pm7,TMAX_P95_2D,TMAX,95,2,month_pm7,48_259_2023_008_TMAX_P95_2D,48259,Kendall,Edwards Plateau,2023-07-30,2023-08-21,23,2,True,False,2023-08-17,107.06,100.04,23,0,0.0,0.8,False,True,long event,"RETAINED - flagged for review, not deleted"
TX,TMAX_P95_2D__month_pm7,TMAX_P95_2D,TMAX,95,2,month_pm7,48_285_2023_011_TMAX_P95_2D,48285,Lavaca,South Central,2023-07-30,2023-08-21,23,2,True,False,2023-08-17,109.04,102.02,23,0,0.0,0.8,False,True,long event,"RETAINED - flagged for review, not deleted"
TX,TMAX_P95_2D__month_pm7,TMAX_P95_2D,TMAX,95,2,month_pm7,48_473_2023_009_TMAX_P95_2D,48473,Waller,East Texas,2023-07-30,2023-08-21,23,2,True,False,2023-08-20,105.51,100.26,23,23,100.0,100.0,True,False,long event AND >=50% imputed days,"RETAINED - flagged for review, not deleted"
TX,TMAX_P95_2D__w05,TMAX_P95_2D,TMAX,95,2,w05,48_031_2023_011_TMAX_P95_2D,48031,Blanco,Edwards Plateau,2023-07-30,2023-08-21,23,2,True,False,2023-08-17,109.94,101.48,23,0,0.0,19.2,False,False,long event,"RETAINED - flagged for review, not deleted"
TX,TMAX_P95_2D__w05,TMAX_P95_2D,TMAX,95,2,w05,48_185_2023_008_TMAX_P95_2D,48185,Grimes,East Texas,2023-07-30,2023-08-21,23,2,True,False,2023-08-20,106.98,100.91,23,23,100.0,100.0,True,False,long event AND >=50% imputed days,"RETAINED - flagged for review, not deleted"
TX,TMAX_P95_2D__w05,TMAX_P95_2D,TMAX,95,2,w05,48_201_2023_010_TMAX_P95_2D,48201,Harris,Upper Coast,2023-07-30,2023-08-21,23,2,True,False,2023-08-20,108.32,99.23,23,0,0.0,0.0,False,True,long event,"RETAINED - flagged for review, not deleted"
TX,TMAX_P95_2D__w05,TMAX_P95_2D,TMAX,95,2,w05,48_261_2023_010_TMAX_P95_2D,48261,Kenedy,South Texas,2023-06-10,2023-07-02,23,2,True,False,2023-06-22,111.02,99.06,23,0,0.0,33.0,False,False,long event,"RETAINED - flagged for review, not deleted"
TX,TMAX_P95_2D__w05,TMAX_P95_2D,TMAX,95,2,w05,48_273_2023_016_TMAX_P95_2D,48273,Kleberg,South Central,2023-07-31,2023-08-22,23,2,True,False,2023-08-17,106.07,101.48,23,0,0.0,0.0,False,True,long event,"RETAINED - flagged for review, not deleted"
TX,TMAX_P95_2D__w05,TMAX_P95_2D,TMAX,95,2,w05,48_285_2023_011_TMAX_P95_2D,48285,Lavaca,South Central,2023-07-30,2023-08-21,23,2,True,False,2023-08-17,109.04,102.02,23,0,0.0,0.8,False,True,long event,"RETAINED - flagged for review, not deleted"
TX,TMAX_P95_2D__w05,TMAX_P95_2D,TMAX,95,2,w05,48_473_2023_009_TMAX_P95_2D,48473,Waller,East Texas,2023-07-30,2023-08-21,23,2,True,False,2023-08-20,105.51,100.06,23,23,100.0,100.0,True,False,long event AND >=50% imputed days,"RETAINED - flagged for review, not deleted"
TX,TMAX_P95_2D__w15,TMAX_P95_2D,TMAX,95,2,w15,48_031_2023_009_TMAX_P95_2D,48031,Blanco,Edwards Plateau,2023-07-30,2023-08-21,23,2,True,False,2023-08-17,109.94,102.02,23,0,0.0,19.2,False,False,long event,"RETAINED - flagged for review, not deleted"
TX,TMAX_P95_2D__w15,TMAX_P95_2D,TMAX,95,2,w15,48_201_2023_011_TMAX_P95_2D,48201,Harris,Upper Coast,2023-07-30,2023-08-21,23,2,True,False,2023-08-20,108.32,99.51,23,0,0.0,0.0,False,True,long event,"RETAINED - flagged for review, not deleted"
TX,TMAX_P95_2D__w15,TMAX_P95_2D,TMAX,95,2,w15,48_239_2023_013_TMAX_P95_2D,48239,Jackson,Upper Coast,2023-07-30,2023-08-21,23,2,True,False,2023-08-20,103.74,99.46,23,23,100.0,100.0,True,False,long event AND >=50% imputed days,"RETAINED - flagged for review, not deleted"
TX,TMAX_P95_2D__w15,TMAX_P95_2D,TMAX,95,2,w15,48_259_2023_009_TMAX_P95_2D,48259,Kendall,Edwards Plateau,2023-07-30,2023-08-21,23,2,True,False,2023-08-17,107.06,100.51,23,0,0.0,0.8,False,True,long event,"RETAINED - flagged for review, not deleted"
TX,TMAX_P95_2D__w15,TMAX_P95_2D,TMAX,95,2,w15,48_261_2023_010_TMAX_P95_2D,48261,Kenedy,South Texas,2023-06-10,2023-07-02,23,2,True,False,2023-06-22,111.02,99.5,23,0,0.0,33.0,False,False,long event,"RETAINED - flagged for review, not deleted"
TX,TMAX_P95_2D__w15,TMAX_P95_2D,TMAX,95,2,w15,48_285_2023_011_TMAX_P95_2D,48285,Lavaca,South Central,2023-07-30,2023-08-21,23,2,True,False,2023-08-17,109.04,102.02,23,0,0.0,0.8,False,True,long event,"RETAINED - flagged for review, not deleted"
TX,TMAX_P95_2D__w15,TMAX_P95_2D,TMAX,95,2,w15,48_473_2023_009_TMAX_P95_2D,48473,Waller,East Texas,2023-07-30,2023-08-21,23,2,True,False,2023-08-20,105.51,100.15,23,23,100.0,100.0,True,False,long event AND >=50% imputed days,"RETAINED - flagged for review, not deleted"
TX,TMAX_P95_3D__month,TMAX_P95_3D,TMAX,95,3,month,48_007_2023_007_TMAX_P95_3D,48007,Aransas,South Central,2023-08-24,2023-09-15,23,2,True,False,2023-08-27,99.8,94.73,23,0,0.0,0.2,False,True,long event,"RETAINED - flagged for review, not deleted"
TX,TMAX_P95_3D__month,TMAX_P95_3D,TMAX,95,3,month,48_031_2023_007_TMAX_P95_3D,48031,Blanco,Edwards Plateau,2023-07-30,2023-08-21,23,2,True,False,2023-08-17,109.94,101.93,23,0,0.0,19.2,False,False,long event,"RETAINED - flagged for review, not deleted"
TX,TMAX_P95_3D__month,TMAX_P95_3D,TMAX,95,3,month,48_053_2023_004_TMAX_P95_3D,48053,Burnet,Edwards Plateau,2023-07-30,2023-08-21,23,2,True,False,2023-08-18,106.46,100.94,23,0,0.0,0.0,False,True,long event,"RETAINED - flagged for review, not deleted"
TX,TMAX_P95_3D__month,TMAX_P95_3D,TMAX,95,3,month,48_201_2023_007_TMAX_P95_3D,48201,Harris,Upper Coast,2023-07-30,2023-08-21,23,2,True,False,2023-08-20,108.32,99.92,23,0,0.0,0.0,False,True,long event,"RETAINED - flagged for review, not deleted"
TX,TMAX_P95_3D__month,TMAX_P95_3D,TMAX,95,3,month,48_239_2023_009_TMAX_P95_3D,48239,Jackson,Upper Coast,2023-07-30,2023-08-21,23,2,True,False,2023-08-20,103.74,99.5,23,23,100.0,100.0,True,False,long event AND >=50% imputed days,"RETAINED - flagged for review, not deleted"
TX,TMAX_P95_3D__month,TMAX_P95_3D,TMAX,95,3,month,48_259_2022_006_TMAX_P95_3D,48259,Kendall,Edwards Plateau,2022-06-05,2022-06-27,23,1,False,False,2022-06-12,105.44,96.98,23,0,0.0,0.8,False,True,long event,"RETAINED - flagged for review, not deleted"
TX,TMAX_P95_3D__month,TMAX_P95_3D,TMAX,95,3,month,48_259_2023_005_TMAX_P95_3D,48259,Kendall,Edwards Plateau,2023-07-30,2023-08-21,23,2,True,False,2023-08-17,107.06,100.04,23,0,0.0,0.8,False,True,long event,"RETAINED - flagged for review, not deleted"
TX,TMAX_P95_3D__month,TMAX_P95_3D,TMAX,95,3,month,48_285_2023_008_TMAX_P95_3D,48285,Lavaca,South Central,2023-07-30,2023-08-21,23,2,True,False,2023-08-17,109.04,102.02,23,0,0.0,0.8,False,True,long event,"RETAINED - flagged for review, not deleted"
TX,TMAX_P95_3D__month,TMAX_P95_3D,TMAX,95,3,month,48_473_2023_008_TMAX_P95_3D,48473,Waller,East Texas,2023-07-30,2023-08-21,23,2,True,False,2023-08-20,105.51,100.49,23,23,100.0,100.0,True,False,long event AND >=50% imputed days,"RETAINED - flagged for review, not deleted"
TX,TMAX_P95_3D__month_pm7,TMAX_P95_3D,TMAX,95,3,month_pm7,48_007_2023_006_TMAX_P95_3D,48007,Aransas,South Central,2023-08-24,2023-09-15,23,2,True,False,2023-08-27,99.8,94.64,23,0,0.0,0.2,False,True,long event,"RETAINED - flagged for review, not deleted"
TX,TMAX_P95_3D__month_pm7,TMAX_P95_3D,TMAX,95,3,month_pm7,48_031_2023_005_TMAX_P95_3D,48031,Blanco,Edwards Plateau,2023-07-30,2023-08-21,23,2,True,False,2023-08-17,109.94,101.48,23,0,0.0,19.2,False,False,long event,"RETAINED - flagged for review, not deleted"
TX,TMAX_P95_3D__month_pm7,TMAX_P95_3D,TMAX,95,3,month_pm7,48_201_2023_007_TMAX_P95_3D,48201,Harris,Upper Coast,2023-07-30,2023-08-21,23,2,True,False,2023-08-20,108.32,99.5,23,0,0.0,0.0,False,True,long event,"RETAINED - flagged for review, not deleted"
TX,TMAX_P95_3D__month_pm7,TMAX_P95_3D,TMAX,95,3,month_pm7,48_239_2023_007_TMAX_P95_3D,48239,Jackson,Upper Coast,2023-07-30,2023-08-21,23,2,True,False,2023-08-20,103.74,99.35,23,23,100.0,100.0,True,False,long event AND >=50% imputed days,"RETAINED - flagged for review, not deleted"
TX,TMAX_P95_3D__month_pm7,TMAX_P95_3D,TMAX,95,3,month_pm7,48_259_2022_006_TMAX_P95_3D,48259,Kendall,Edwards Plateau,2022-06-05,2022-06-27,23,1,False,False,2022-06-12,105.44,96.98,23,0,0.0,0.8,False,True,long event,"RETAINED - flagged for review, not deleted"
TX,TMAX_P95_3D__month_pm7,TMAX_P95_3D,TMAX,95,3,month_pm7,48_259_2023_005_TMAX_P95_3D,48259,Kendall,Edwards Plateau,2023-07-30,2023-08-21,23,2,True,False,2023-08-17,107.06,100.04,23,0,0.0,0.8,False,True,long event,"RETAINED - flagged for review, not deleted"
TX,TMAX_P95_3D__month_pm7,TMAX_P95_3D,TMAX,95,3,month_pm7,48_285_2023_008_TMAX_P95_3D,48285,Lavaca,South Central,2023-07-30,2023-08-21,23,2,True,False,2023-08-17,109.04,102.02,23,0,0.0,0.8,False,True,long event,"RETAINED - flagged for review, not deleted"
TX,TMAX_P95_3D__month_pm7,TMAX_P95_3D,TMAX,95,3,month_pm7,48_473_2023_008_TMAX_P95_3D,48473,Waller,East Texas,2023-07-30,2023-08-21,23,2,True,False,2023-08-20,105.51,100.26,23,23,100.0,100.0,True,False,long event AND >=50% imputed days,"RETAINED - flagged for review, not deleted"
TX,TMAX_P95_3D__w05,TMAX_P95_3D,TMAX,95,3,w05,48_031_2023_008_TMAX_P95_3D,48031,Blanco,Edwards Plateau,2023-07-30,2023-08-21,23,2,True,False,2023-08-17,109.94,101.48,23,0,0.0,19.2,False,False,long event,"RETAINED - flagged for review, not deleted"
TX,TMAX_P95_3D__w05,TMAX_P95_3D,TMAX,95,3,w05,48_185_2023_004_TMAX_P95_3D,48185,Grimes,East Texas,2023-07-30,2023-08-21,23,2,True,False,2023-08-20,106.98,100.91,23,23,100.0,100.0,True,False,long event AND >=50% imputed days,"RETAINED - flagged for review, not deleted"
TX,TMAX_P95_3D__w05,TMAX_P95_3D,TMAX,95,3,w05,48_201_2023_006_TMAX_P95_3D,48201,Harris,Upper Coast,2023-07-30,2023-08-21,23,2,True,False,2023-08-20,108.32,99.23,23,0,0.0,0.0,False,True,long event,"RETAINED - flagged for review, not deleted"
TX,TMAX_P95_3D__w05,TMAX_P95_3D,TMAX,95,3,w05,48_261_2023_008_TMAX_P95_3D,48261,Kenedy,South Texas,2023-06-10,2023-07-02,23,2,True,False,2023-06-22,111.02,99.06,23,0,0.0,33.0,False,False,long event,"RETAINED - flagged for review, not deleted"
TX,TMAX_P95_3D__w05,TMAX_P95_3D,TMAX,95,3,w05,48_273_2023_010_TMAX_P95_3D,48273,Kleberg,South Central,2023-07-31,2023-08-22,23,2,True,False,2023-08-17,106.07,101.48,23,0,0.0,0.0,False,True,long event,"RETAINED - flagged for review, not deleted"
TX,TMAX_P95_3D__w05,TMAX_P95_3D,TMAX,95,3,w05,48_285_2023_008_TMAX_P95_3D,48285,Lavaca,South Central,2023-07-30,2023-08-21,23,2,True,False,2023-08-17,109.04,102.02,23,0,0.0,0.8,False,True,long event,"RETAINED - flagged for review, not deleted"
TX,TMAX_P95_3D__w05,TMAX_P95_3D,TMAX,95,3,w05,48_473_2023_007_TMAX_P95_3D,48473,Waller,East Texas,2023-07-30,2023-08-21,23,2,True,False,2023-08-20,105.51,100.06,23,23,100.0,100.0,True,False,long event AND >=50% imputed days,"RETAINED - flagged for review, not deleted"
TX,TMAX_P95_3D__w15,TMAX_P95_3D,TMAX,95,3,w15,48_031_2023_006_TMAX_P95_3D,48031,Blanco,Edwards Plateau,2023-07-30,2023-08-21,23,2,True,False,2023-08-17,109.94,102.02,23,0,0.0,19.2,False,False,long event,"RETAINED - flagged for review, not deleted"
TX,TMAX_P95_3D__w15,TMAX_P95_3D,TMAX,95,3,w15,48_201_2023_006_TMAX_P95_3D,48201,Harris,Upper Coast,2023-07-30,2023-08-21,23,2,True,False,2023-08-20,108.32,99.51,23,0,0.0,0.0,False,True,long event,"RETAINED - flagged for review, not deleted"
TX,TMAX_P95_3D__w15,TMAX_P95_3D,TMAX,95,3,w15,48_239_2023_009_TMAX_P95_3D,48239,Jackson,Upper Coast,2023-07-30,2023-08-21,23,2,True,False,2023-08-20,103.74,99.46,23,23,100.0,100.0,True,False,long event AND >=50% imputed days,"RETAINED - flagged for review, not deleted"
TX,TMAX_P95_3D__w15,TMAX_P95_3D,TMAX,95,3,w15,48_259_2023_006_TMAX_P95_3D,48259,Kendall,Edwards Plateau,2023-07-30,2023-08-21,23,2,True,False,2023-08-17,107.06,100.51,23,0,0.0,0.8,False,True,long event,"RETAINED - flagged for review, not deleted"
TX,TMAX_P95_3D__w15,TMAX_P95_3D,TMAX,95,3,w15,48_261_2023_008_TMAX_P95_3D,48261,Kenedy,South Texas,2023-06-10,2023-07-02,23,2,True,False,2023-06-22,111.02,99.5,23,0,0.0,33.0,False,False,long event,"RETAINED - flagged for review, not deleted"
TX,TMAX_P95_3D__w15,TMAX_P95_3D,TMAX,95,3,w15,48_285_2023_007_TMAX_P95_3D,48285,Lavaca,South Central,2023-07-30,2023-08-21,23,2,True,False,2023-08-17,109.04,102.02,23,0,0.0,0.8,False,True,long event,"RETAINED - flagged for review, not deleted"
TX,TMAX_P95_3D__w15,TMAX_P95_3D,TMAX,95,3,w15,48_473_2023_007_TMAX_P95_3D,48473,Waller,East Texas,2023-07-30,2023-08-21,23,2,True,False,2023-08-20,105.51,100.15,23,23,100.0,100.0,True,False,long event AND >=50% imputed days,"RETAINED - flagged for review, not deleted"
TX,TMIN_P85_2D__month,TMIN_P85_2D,TMIN,85,2,month,48_059_2022_011_TMIN_P85_2D,48059,Callahan,North Central,2022-07-18,2022-08-09,23,2,True,False,2022-07-20,82.49,75.92,23,0,0.0,0.0,False,True,long event,"RETAINED - flagged for review, not deleted"
TX,TMIN_P85_2D__month,TMIN_P85_2D,TMIN,85,2,month,48_115_2019_014_TMIN_P85_2D,48115,Dawson,High Plains,2019-07-31,2019-08-22,23,2,True,False,2019-08-08,75.91,69.01,23,23,100.0,65.2,False,False,long event AND >=50% imputed days,"RETAINED - flagged for review, not deleted"
TX,TMIN_P85_2D__month,TMIN_P85_2D,TMIN,85,2,month,48_115_2024_014_TMIN_P85_2D,48115,Dawson,High Plains,2024-06-13,2024-07-05,23,2,True,False,2024-06-29,77.03,68.0,23,23,100.0,65.2,False,False,long event AND >=50% imputed days,"RETAINED - flagged for review, not deleted"
TX,TMIN_P85_2D__month,TMIN_P85_2D,TMIN,85,2,month,48_193_2022_009_TMIN_P85_2D,48193,Hamilton,North Central,2022-07-17,2022-08-08,23,2,True,False,2022-07-17,78.08,74.35,23,0,0.0,61.0,False,False,long event,"RETAINED - flagged for review, not deleted"
TX,TMIN_P85_2D__month,TMIN_P85_2D,TMIN,85,2,month,48_391_2023_010_TMIN_P85_2D,48391,Refugio,South Central,2023-06-13,2023-07-05,23,2,True,False,2023-06-19,80.96,77.0,23,0,0.0,3.6,False,True,long event,"RETAINED - flagged for review, not deleted"
TX,TMIN_P85_2D__month,TMIN_P85_2D,TMIN,85,2,month,48_475_2022_013_TMIN_P85_2D,48475,Ward,Trans-Pecos,2022-07-20,2022-08-11,23,2,True,False,2022-07-22,79.7,73.49,23,0,0.0,0.4,False,True,long event,"RETAINED - flagged for review, not deleted"
TX,TMIN_P85_2D__month,TMIN_P85_2D,TMIN,85,2,month,48_495_2022_012_TMIN_P85_2D,48495,Winkler,Trans-Pecos,2022-07-19,2022-08-10,23,2,True,False,2022-07-22,80.96,73.94,23,0,0.0,6.7,False,True,long event,"RETAINED - flagged for review, not deleted"
TX,TMIN_P85_2D__month_pm7,TMIN_P85_2D,TMIN,85,2,month_pm7,48_059_2022_011_TMIN_P85_2D,48059,Callahan,North Central,2022-07-18,2022-08-09,23,2,True,False,2022-07-20,82.49,75.92,23,0,0.0,0.0,False,True,long event,"RETAINED - flagged for review, not deleted"
TX,TMIN_P85_2D__month_pm7,TMIN_P85_2D,TMIN,85,2,month_pm7,48_115_2019_014_TMIN_P85_2D,48115,Dawson,High Plains,2019-07-31,2019-08-22,23,2,True,False,2019-08-08,75.91,68.81,23,23,100.0,65.2,False,False,long event AND >=50% imputed days,"RETAINED - flagged for review, not deleted"
TX,TMIN_P85_2D__month_pm7,TMIN_P85_2D,TMIN,85,2,month_pm7,48_115_2024_013_TMIN_P85_2D,48115,Dawson,High Plains,2024-06-13,2024-07-05,23,2,True,False,2024-06-29,77.03,68.02,23,23,100.0,65.2,False,False,long event AND >=50% imputed days,"RETAINED - flagged for review, not deleted"
TX,TMIN_P85_2D__month_pm7,TMIN_P85_2D,TMIN,85,2,month_pm7,48_193_2022_009_TMIN_P85_2D,48193,Hamilton,North Central,2022-07-17,2022-08-08,23,2,True,False,2022-07-17,78.08,74.48,23,0,0.0,61.0,False,False,long event,"RETAINED - flagged for review, not deleted"
TX,TMIN_P85_2D__month_pm7,TMIN_P85_2D,TMIN,85,2,month_pm7,48_391_2023_010_TMIN_P85_2D,48391,Refugio,South Central,2023-06-13,2023-07-05,23,2,True,False,2023-06-19,80.96,77.0,23,0,0.0,3.6,False,True,long event,"RETAINED - flagged for review, not deleted"
TX,TMIN_P85_2D__month_pm7,TMIN_P85_2D,TMIN,85,2,month_pm7,48_475_2022_013_TMIN_P85_2D,48475,Ward,Trans-Pecos,2022-07-20,2022-08-11,23,2,True,False,2022-07-22,79.7,73.4,23,0,0.0,0.4,False,True,long event,"RETAINED - flagged for review, not deleted"
TX,TMIN_P85_2D__month_pm7,TMIN_P85_2D,TMIN,85,2,month_pm7,48_477_2023_009_TMIN_P85_2D,48477,Washington,South Central,2023-06-14,2023-07-06,23,2,True,False,2023-06-20,81.05,74.93,23,0,0.0,0.3,False,True,long event,"RETAINED - flagged for review, not deleted"
TX,TMIN_P85_2D__month_pm7,TMIN_P85_2D,TMIN,85,2,month_pm7,48_495_2022_012_TMIN_P85_2D,48495,Winkler,Trans-Pecos,2022-07-19,2022-08-10,23,2,True,False,2022-07-22,80.96,73.94,23,0,0.0,6.7,False,True,long event,"RETAINED - flagged for review, not deleted"
TX,TMIN_P85_2D__w05,TMIN_P85_2D,TMIN,85,2,w05,48_115_2019_014_TMIN_P85_2D,48115,Dawson,High Plains,2019-08-01,2019-08-23,23,1,False,False,2019-08-08,75.91,69.09,23,23,100.0,65.2,False,False,long event AND >=50% imputed days,"RETAINED - flagged for review, not deleted"
TX,TMIN_P85_2D__w05,TMIN_P85_2D,TMIN,85,2,w05,48_173_2022_009_TMIN_P85_2D,48173,Glasscock,High Plains,2022-07-17,2022-08-08,23,2,True,False,2022-07-20,78.13,73.04,23,23,100.0,100.0,True,False,long event AND >=50% imputed days,"RETAINED - flagged for review, not deleted"
TX,TMIN_P85_2D__w05,TMIN_P85_2D,TMIN,85,2,w05,48_239_2023_011_TMIN_P85_2D,48239,Jackson,Upper Coast,2023-06-13,2023-07-05,23,2,True,False,2023-06-20,79.6,75.11,23,23,100.0,100.0,True,False,long event AND >=50% imputed days,"RETAINED - flagged for review, not deleted"
TX,TMIN_P85_2D__w05,TMIN_P85_2D,TMIN,85,2,w05,48_301_2022_015_TMIN_P85_2D,48301,Loving,Trans-Pecos,2022-07-19,2022-08-10,23,2,True,False,2022-07-21,77.43,71.97,23,23,100.0,100.0,True,False,long event AND >=50% imputed days,"RETAINED - flagged for review, not deleted"
TX,TMIN_P85_2D__w05,TMIN_P85_2D,TMIN,85,2,w05,48_391_2023_013_TMIN_P85_2D,48391,Refugio,South Central,2023-06-13,2023-07-05,23,2,True,False,2023-06-19,80.96,77.0,23,0,0.0,3.6,False,True,long event,"RETAINED - flagged for review, not deleted"
TX,TMIN_P85_2D__w05,TMIN_P85_2D,TMIN,85,2,w05,48_407_2023_009_TMIN_P85_2D,48407,San Jacinto,East Texas,2023-06-14,2023-07-06,23,2,True,False,2023-06-20,78.68,73.94,23,23,100.0,100.0,True,False,long event AND >=50% imputed days,"RETAINED - flagged for review, not deleted"
TX,TMIN_P85_2D__w05,TMIN_P85_2D,TMIN,85,2,w05,48_431_2022_009_TMIN_P85_2D,48431,Sterling,Edwards Plateau,2022-07-17,2022-08-08,23,2,True,False,2022-07-20,78.02,73.04,23,23,100.0,72.4,False,False,long event AND >=50% imputed days,"RETAINED - flagged for review, not deleted"
TX,TMIN_P85_2D__w05,TMIN_P85_2D,TMIN,85,2,w05,48_473_2023_011_TMIN_P85_2D,48473,Waller,East Texas,2023-06-14,2023-07-06,23,2,True,False,2023-06-20,79.59,74.05,23,23,100.0,100.0,True,False,long event AND >=50% imputed days,"RETAINED - flagged for review, not deleted"
TX,TMIN_P85_2D__w05,TMIN_P85_2D,TMIN,85,2,w05,48_477_2023_011_TMIN_P85_2D,48477,Washington,South Central,2023-06-14,2023-07-06,23,2,True,False,2023-06-20,81.05,74.48,23,0,0.0,0.3,False,True,long event,"RETAINED - flagged for review, not deleted"
TX,TMIN_P85_2D__w15,TMIN_P85_2D,TMIN,85,2,w15,48_059_2022_012_TMIN_P85_2D,48059,Callahan,North Central,2022-07-18,2022-08-09,23,2,True,False,2022-07-20,82.49,75.96,23,0,0.0,0.0,False,True,long event,"RETAINED - flagged for review, not deleted"
TX,TMIN_P85_2D__w15,TMIN_P85_2D,TMIN,85,2,w15,48_241_2018_016_TMIN_P85_2D,48241,Jasper,East Texas,2018-09-18,2018-10-10,23,2,True,False,2018-09-21,77.0,71.06,23,0,0.0,5.7,False,True,long event,"RETAINED - flagged for review, not deleted"
TX,TMIN_P85_2D__w15,TMIN_P85_2D,TMIN,85,2,w15,48_287_2019_014_TMIN_P85_2D,48287,Lee,South Central,2019-08-06,2019-08-28,23,1,False,False,2019-08-27,82.94,75.02,23,0,0.0,2.2,False,True,long event,"RETAINED - flagged for review, not deleted"
TX,TMIN_P85_2D__w15,TMIN_P85_2D,TMIN,85,2,w15,48_301_2022_015_TMIN_P85_2D,48301,Loving,Trans-Pecos,2022-07-19,2022-08-10,23,2,True,False,2022-07-21,77.43,72.19,23,23,100.0,100.0,True,False,long event AND >=50% imputed days,"RETAINED - flagged for review, not deleted"
TX,TMIN_P85_2D__w15,TMIN_P85_2D,TMIN,85,2,w15,48_377_2019_017_TMIN_P85_2D,48377,Presidio,Trans-Pecos,2019-09-14,2019-10-06,23,2,True,False,2019-09-30,74.03,64.04,23,0,0.0,2.2,False,True,long event,"RETAINED - flagged for review, not deleted"
TX,TMIN_P85_2D__w15,TMIN_P85_2D,TMIN,85,2,w15,48_391_2023_013_TMIN_P85_2D,48391,Refugio,South Central,2023-06-13,2023-07-05,23,2,True,False,2023-06-19,80.96,77.06,23,0,0.0,3.6,False,True,long event,"RETAINED - flagged for review, not deleted"
TX,TMIN_P85_2D__w15,TMIN_P85_2D,TMIN,85,2,w15,48_407_2023_009_TMIN_P85_2D,48407,San Jacinto,East Texas,2023-06-14,2023-07-06,23,2,True,False,2023-06-20,78.68,74.05,23,23,100.0,100.0,True,False,long event AND >=50% imputed days,"RETAINED - flagged for review, not deleted"
TX,TMIN_P85_2D__w15,TMIN_P85_2D,TMIN,85,2,w15,48_475_2022_015_TMIN_P85_2D,48475,Ward,Trans-Pecos,2022-07-20,2022-08-11,23,2,True,False,2022-07-22,79.7,73.8,23,0,0.0,0.4,False,True,long event,"RETAINED - flagged for review, not deleted"
TX,TMIN_P85_2D__w15,TMIN_P85_2D,TMIN,85,2,w15,48_495_2022_011_TMIN_P85_2D,48495,Winkler,Trans-Pecos,2022-07-19,2022-08-10,23,2,True,False,2022-07-22,80.96,73.94,23,0,0.0,6.7,False,True,long event,"RETAINED - flagged for review, not deleted"
TX,TMIN_P85_3D__month,TMIN_P85_3D,TMIN,85,3,month,48_059_2022_009_TMIN_P85_3D,48059,Callahan,North Central,2022-07-18,2022-08-09,23,2,True,False,2022-07-20,82.49,75.92,23,0,0.0,0.0,False,True,long event,"RETAINED - flagged for review, not deleted"
TX,TMIN_P85_3D__month,TMIN_P85_3D,TMIN,85,3,month,48_115_2019_011_TMIN_P85_3D,48115,Dawson,High Plains,2019-07-31,2019-08-22,23,2,True,False,2019-08-08,75.91,69.01,23,23,100.0,65.2,False,False,long event AND >=50% imputed days,"RETAINED - flagged for review, not deleted"
TX,TMIN_P85_3D__month,TMIN_P85_3D,TMIN,85,3,month,48_115_2024_011_TMIN_P85_3D,48115,Dawson,High Plains,2024-06-13,2024-07-05,23,2,True,False,2024-06-29,77.03,68.0,23,23,100.0,65.2,False,False,long event AND >=50% imputed days,"RETAINED - flagged for review, not deleted"
TX,TMIN_P85_3D__month,TMIN_P85_3D,TMIN,85,3,month,48_193_2022_008_TMIN_P85_3D,48193,Hamilton,North Central,2022-07-17,2022-08-08,23,2,True,False,2022-07-17,78.08,74.35,23,0,0.0,61.0,False,False,long event,"RETAINED - flagged for review, not deleted"
TX,TMIN_P85_3D__month,TMIN_P85_3D,TMIN,85,3,month,48_391_2023_007_TMIN_P85_3D,48391,Refugio,South Central,2023-06-13,2023-07-05,23,2,True,False,2023-06-19,80.96,77.0,23,0,0.0,3.6,False,True,long event,"RETAINED - flagged for review, not deleted"
TX,TMIN_P85_3D__month,TMIN_P85_3D,TMIN,85,3,month,48_475_2022_010_TMIN_P85_3D,48475,Ward,Trans-Pecos,2022-07-20,2022-08-11,23,2,True,False,2022-07-22,79.7,73.49,23,0,0.0,0.4,False,True,long event,"RETAINED - flagged for review, not deleted"
TX,TMIN_P85_3D__month,TMIN_P85_3D,TMIN,85,3,month,48_495_2022_006_TMIN_P85_3D,48495,Winkler,Trans-Pecos,2022-07-19,2022-08-10,23,2,True,False,2022-07-22,80.96,73.94,23,0,0.0,6.7,False,True,long event,"RETAINED - flagged for review, not deleted"
TX,TMIN_P85_3D__month_pm7,TMIN_P85_3D,TMIN,85,3,month_pm7,48_059_2022_009_TMIN_P85_3D,48059,Callahan,North Central,2022-07-18,2022-08-09,23,2,True,False,2022-07-20,82.49,75.92,23,0,0.0,0.0,False,True,long event,"RETAINED - flagged for review, not deleted"
TX,TMIN_P85_3D__month_pm7,TMIN_P85_3D,TMIN,85,3,month_pm7,48_115_2019_010_TMIN_P85_3D,48115,Dawson,High Plains,2019-07-31,2019-08-22,23,2,True,False,2019-08-08,75.91,68.81,23,23,100.0,65.2,False,False,long event AND >=50% imputed days,"RETAINED - flagged for review, not deleted"
TX,TMIN_P85_3D__month_pm7,TMIN_P85_3D,TMIN,85,3,month_pm7,48_115_2024_012_TMIN_P85_3D,48115,Dawson,High Plains,2024-06-13,2024-07-05,23,2,True,False,2024-06-29,77.03,68.02,23,23,100.0,65.2,False,False,long event AND >=50% imputed days,"RETAINED - flagged for review, not deleted"
TX,TMIN_P85_3D__month_pm7,TMIN_P85_3D,TMIN,85,3,month_pm7,48_193_2022_007_TMIN_P85_3D,48193,Hamilton,North Central,2022-07-17,2022-08-08,23,2,True,False,2022-07-17,78.08,74.48,23,0,0.0,61.0,False,False,long event,"RETAINED - flagged for review, not deleted"
TX,TMIN_P85_3D__month_pm7,TMIN_P85_3D,TMIN,85,3,month_pm7,48_391_2023_007_TMIN_P85_3D,48391,Refugio,South Central,2023-06-13,2023-07-05,23,2,True,False,2023-06-19,80.96,77.0,23,0,0.0,3.6,False,True,long event,"RETAINED - flagged for review, not deleted"
TX,TMIN_P85_3D__month_pm7,TMIN_P85_3D,TMIN,85,3,month_pm7,48_475_2022_010_TMIN_P85_3D,48475,Ward,Trans-Pecos,2022-07-20,2022-08-11,23,2,True,False,2022-07-22,79.7,73.4,23,0,0.0,0.4,False,True,long event,"RETAINED - flagged for review, not deleted"
TX,TMIN_P85_3D__month_pm7,TMIN_P85_3D,TMIN,85,3,month_pm7,48_477_2023_006_TMIN_P85_3D,48477,Washington,South Central,2023-06-14,2023-07-06,23,2,True,False,2023-06-20,81.05,74.93,23,0,0.0,0.3,False,True,long event,"RETAINED - flagged for review, not deleted"
TX,TMIN_P85_3D__month_pm7,TMIN_P85_3D,TMIN,85,3,month_pm7,48_495_2022_006_TMIN_P85_3D,48495,Winkler,Trans-Pecos,2022-07-19,2022-08-10,23,2,True,False,2022-07-22,80.96,73.94,23,0,0.0,6.7,False,True,long event,"RETAINED - flagged for review, not deleted"
TX,TMIN_P85_3D__w05,TMIN_P85_3D,TMIN,85,3,w05,48_115_2019_010_TMIN_P85_3D,48115,Dawson,High Plains,2019-08-01,2019-08-23,23,1,False,False,2019-08-08,75.91,69.09,23,23,100.0,65.2,False,False,long event AND >=50% imputed days,"RETAINED - flagged for review, not deleted"
TX,TMIN_P85_3D__w05,TMIN_P85_3D,TMIN,85,3,w05,48_173_2022_008_TMIN_P85_3D,48173,Glasscock,High Plains,2022-07-17,2022-08-08,23,2,True,False,2022-07-20,78.13,73.04,23,23,100.0,100.0,True,False,long event AND >=50% imputed days,"RETAINED - flagged for review, not deleted"
TX,TMIN_P85_3D__w05,TMIN_P85_3D,TMIN,85,3,w05,48_239_2023_010_TMIN_P85_3D,48239,Jackson,Upper Coast,2023-06-13,2023-07-05,23,2,True,False,2023-06-20,79.6,75.11,23,23,100.0,100.0,True,False,long event AND >=50% imputed days,"RETAINED - flagged for review, not deleted"
TX,TMIN_P85_3D__w05,TMIN_P85_3D,TMIN,85,3,w05,48_301_2022_008_TMIN_P85_3D,48301,Loving,Trans-Pecos,2022-07-19,2022-08-10,23,2,True,False,2022-07-21,77.43,71.97,23,23,100.0,100.0,True,False,long event AND >=50% imputed days,"RETAINED - flagged for review, not deleted"
TX,TMIN_P85_3D__w05,TMIN_P85_3D,TMIN,85,3,w05,48_391_2023_008_TMIN_P85_3D,48391,Refugio,South Central,2023-06-13,2023-07-05,23,2,True,False,2023-06-19,80.96,77.0,23,0,0.0,3.6,False,True,long event,"RETAINED - flagged for review, not deleted"
TX,TMIN_P85_3D__w05,TMIN_P85_3D,TMIN,85,3,w05,48_407_2023_005_TMIN_P85_3D,48407,San Jacinto,East Texas,2023-06-14,2023-07-06,23,2,True,False,2023-06-20,78.68,73.94,23,23,100.0,100.0,True,False,long event AND >=50% imputed days,"RETAINED - flagged for review, not deleted"
TX,TMIN_P85_3D__w05,TMIN_P85_3D,TMIN,85,3,w05,48_431_2022_008_TMIN_P85_3D,48431,Sterling,Edwards Plateau,2022-07-17,2022-08-08,23,2,True,False,2022-07-20,78.02,73.04,23,23,100.0,72.4,False,False,long event AND >=50% imputed days,"RETAINED - flagged for review, not deleted"
TX,TMIN_P85_3D__w05,TMIN_P85_3D,TMIN,85,3,w05,48_473_2023_007_TMIN_P85_3D,48473,Waller,East Texas,2023-06-14,2023-07-06,23,2,True,False,2023-06-20,79.59,74.05,23,23,100.0,100.0,True,False,long event AND >=50% imputed days,"RETAINED - flagged for review, not deleted"
TX,TMIN_P85_3D__w05,TMIN_P85_3D,TMIN,85,3,w05,48_477_2023_006_TMIN_P85_3D,48477,Washington,South Central,2023-06-14,2023-07-06,23,2,True,False,2023-06-20,81.05,74.48,23,0,0.0,0.3,False,True,long event,"RETAINED - flagged for review, not deleted"
TX,TMIN_P85_3D__w15,TMIN_P85_3D,TMIN,85,3,w15,48_059_2022_008_TMIN_P85_3D,48059,Callahan,North Central,2022-07-18,2022-08-09,23,2,True,False,2022-07-20,82.49,75.96,23,0,0.0,0.0,False,True,long event,"RETAINED - flagged for review, not deleted"
TX,TMIN_P85_3D__w15,TMIN_P85_3D,TMIN,85,3,w15,48_241_2018_012_TMIN_P85_3D,48241,Jasper,East Texas,2018-09-18,2018-10-10,23,2,True,False,2018-09-21,77.0,71.06,23,0,0.0,5.7,False,True,long event,"RETAINED - flagged for review, not deleted"
TX,TMIN_P85_3D__w15,TMIN_P85_3D,TMIN,85,3,w15,48_287_2019_008_TMIN_P85_3D,48287,Lee,South Central,2019-08-06,2019-08-28,23,1,False,False,2019-08-27,82.94,75.02,23,0,0.0,2.2,False,True,long event,"RETAINED - flagged for review, not deleted"
TX,TMIN_P85_3D__w15,TMIN_P85_3D,TMIN,85,3,w15,48_301_2022_008_TMIN_P85_3D,48301,Loving,Trans-Pecos,2022-07-19,2022-08-10,23,2,True,False,2022-07-21,77.43,72.19,23,23,100.0,100.0,True,False,long event AND >=50% imputed days,"RETAINED - flagged for review, not deleted"
TX,TMIN_P85_3D__w15,TMIN_P85_3D,TMIN,85,3,w15,48_377_2019_012_TMIN_P85_3D,48377,Presidio,Trans-Pecos,2019-09-14,2019-10-06,23,2,True,False,2019-09-30,74.03,64.04,23,0,0.0,2.2,False,True,long event,"RETAINED - flagged for review, not deleted"
TX,TMIN_P85_3D__w15,TMIN_P85_3D,TMIN,85,3,w15,48_391_2023_008_TMIN_P85_3D,48391,Refugio,South Central,2023-06-13,2023-07-05,23,2,True,False,2023-06-19,80.96,77.06,23,0,0.0,3.6,False,True,long event,"RETAINED - flagged for review, not deleted"
TX,TMIN_P85_3D__w15,TMIN_P85_3D,TMIN,85,3,w15,48_407_2023_005_TMIN_P85_3D,48407,San Jacinto,East Texas,2023-06-14,2023-07-06,23,2,True,False,2023-06-20,78.68,74.05,23,23,100.0,100.0,True,False,long event AND >=50% imputed days,"RETAINED - flagged for review, not deleted"
TX,TMIN_P85_3D__w15,TMIN_P85_3D,TMIN,85,3,w15,48_475_2022_012_TMIN_P85_3D,48475,Ward,Trans-Pecos,2022-07-20,2022-08-11,23,2,True,False,2022-07-22,79.7,73.8,23,0,0.0,0.4,False,True,long event,"RETAINED - flagged for review, not deleted"
TX,TMIN_P85_3D__w15,TMIN_P85_3D,TMIN,85,3,w15,48_495_2022_005_TMIN_P85_3D,48495,Winkler,Trans-Pecos,2022-07-19,2022-08-10,23,2,True,False,2022-07-22,80.96,73.94,23,0,0.0,6.7,False,True,long event,"RETAINED - flagged for review, not deleted"
TX,TMIN_P90_2D__month,TMIN_P90_2D,TMIN,90,2,month,48_173_2022_010_TMIN_P90_2D,48173,Glasscock,High Plains,2022-07-19,2022-08-10,23,2,True,False,2022-07-20,78.13,73.52,23,23,100.0,100.0,True,False,long event AND >=50% imputed days,"RETAINED - flagged for review, not deleted"
TX,TMIN_P90_2D__month,TMIN_P90_2D,TMIN,90,2,month,48_301_2022_012_TMIN_P90_2D,48301,Loving,Trans-Pecos,2022-07-19,2022-08-10,23,2,True,False,2022-07-21,77.43,72.51,23,23,100.0,100.0,True,False,long event AND >=50% imputed days,"RETAINED - flagged for review, not deleted"
TX,TMIN_P90_2D__month,TMIN_P90_2D,TMIN,90,2,month,48_429_2022_011_TMIN_P90_2D,48429,Stephens,North Central,2022-07-18,2022-08-09,23,2,True,False,2022-07-20,84.02,77.0,23,0,0.0,1.7,False,True,long event,"RETAINED - flagged for review, not deleted"
TX,TMIN_P90_2D__month,TMIN_P90_2D,TMIN,90,2,month,48_475_2022_012_TMIN_P90_2D,48475,Ward,Trans-Pecos,2022-07-20,2022-08-11,23,2,True,False,2022-07-22,79.7,74.28,23,0,0.0,0.4,False,True,long event,"RETAINED - flagged for review, not deleted"
TX,TMIN_P90_2D__month_pm7,TMIN_P90_2D,TMIN,90,2,month_pm7,48_173_2022_010_TMIN_P90_2D,48173,Glasscock,High Plains,2022-07-19,2022-08-10,23,2,True,False,2022-07-20,78.13,73.65,23,23,100.0,100.0,True,False,long event AND >=50% imputed days,"RETAINED - flagged for review, not deleted"
TX,TMIN_P90_2D__month_pm7,TMIN_P90_2D,TMIN,90,2,month_pm7,48_301_2022_012_TMIN_P90_2D,48301,Loving,Trans-Pecos,2022-07-19,2022-08-10,23,2,True,False,2022-07-21,77.43,72.65,23,23,100.0,100.0,True,False,long event AND >=50% imputed days,"RETAINED - flagged for review, not deleted"
TX,TMIN_P90_2D__month_pm7,TMIN_P90_2D,TMIN,90,2,month_pm7,48_429_2022_011_TMIN_P90_2D,48429,Stephens,North Central,2022-07-18,2022-08-09,23,2,True,False,2022-07-20,84.02,77.0,23,0,0.0,1.7,False,True,long event,"RETAINED - flagged for review, not deleted"
TX,TMIN_P90_2D__month_pm7,TMIN_P90_2D,TMIN,90,2,month_pm7,48_431_2022_008_TMIN_P90_2D,48431,Sterling,Edwards Plateau,2022-07-19,2022-08-10,23,2,True,False,2022-07-20,78.02,73.94,23,23,100.0,72.4,False,False,long event AND >=50% imputed days,"RETAINED - flagged for review, not deleted"
TX,TMIN_P90_2D__month_pm7,TMIN_P90_2D,TMIN,90,2,month_pm7,48_475_2022_012_TMIN_P90_2D,48475,Ward,Trans-Pecos,2022-07-20,2022-08-11,23,2,True,False,2022-07-22,79.7,74.26,23,0,0.0,0.4,False,True,long event,"RETAINED - flagged for review, not deleted"
TX,TMIN_P90_2D__w05,TMIN_P90_2D,TMIN,90,2,w05,48_115_2020_017_TMIN_P90_2D,48115,Dawson,High Plains,2020-07-08,2020-07-30,23,1,False,False,2020-07-14,77.6,70.01,23,23,100.0,65.2,False,False,long event AND >=50% imputed days,"RETAINED - flagged for review, not deleted"
TX,TMIN_P90_2D__w15,TMIN_P90_2D,TMIN,90,2,w15,48_301_2022_011_TMIN_P90_2D,48301,Loving,Trans-Pecos,2022-07-19,2022-08-10,23,2,True,False,2022-07-21,77.43,72.68,23,23,100.0,100.0,True,False,long event AND >=50% imputed days,"RETAINED - flagged for review, not deleted"
TX,TMIN_P90_2D__w15,TMIN_P90_2D,TMIN,90,2,w15,48_429_2022_012_TMIN_P90_2D,48429,Stephens,North Central,2022-07-18,2022-08-09,23,2,True,False,2022-07-20,84.02,77.0,23,0,0.0,1.7,False,True,long event,"RETAINED - flagged for review, not deleted"
TX,TMIN_P90_3D__month,TMIN_P90_3D,TMIN,90,3,month,48_173_2022_008_TMIN_P90_3D,48173,Glasscock,High Plains,2022-07-19,2022-08-10,23,2,True,False,2022-07-20,78.13,73.52,23,23,100.0,100.0,True,False,long event AND >=50% imputed days,"RETAINED - flagged for review, not deleted"
TX,TMIN_P90_3D__month,TMIN_P90_3D,TMIN,90,3,month,48_301_2022_007_TMIN_P90_3D,48301,Loving,Trans-Pecos,2022-07-19,2022-08-10,23,2,True,False,2022-07-21,77.43,72.51,23,23,100.0,100.0,True,False,long event AND >=50% imputed days,"RETAINED - flagged for review, not deleted"
TX,TMIN_P90_3D__month,TMIN_P90_3D,TMIN,90,3,month,48_429_2022_007_TMIN_P90_3D,48429,Stephens,North Central,2022-07-18,2022-08-09,23,2,True,False,2022-07-20,84.02,77.0,23,0,0.0,1.7,False,True,long event,"RETAINED - flagged for review, not deleted"
TX,TMIN_P90_3D__month,TMIN_P90_3D,TMIN,90,3,month,48_475_2022_008_TMIN_P90_3D,48475,Ward,Trans-Pecos,2022-07-20,2022-08-11,23,2,True,False,2022-07-22,79.7,74.28,23,0,0.0,0.4,False,True,long event,"RETAINED - flagged for review, not deleted"
TX,TMIN_P90_3D__month_pm7,TMIN_P90_3D,TMIN,90,3,month_pm7,48_173_2022_007_TMIN_P90_3D,48173,Glasscock,High Plains,2022-07-19,2022-08-10,23,2,True,False,2022-07-20,78.13,73.65,23,23,100.0,100.0,True,False,long event AND >=50% imputed days,"RETAINED - flagged for review, not deleted"
TX,TMIN_P90_3D__month_pm7,TMIN_P90_3D,TMIN,90,3,month_pm7,48_301_2022_007_TMIN_P90_3D,48301,Loving,Trans-Pecos,2022-07-19,2022-08-10,23,2,True,False,2022-07-21,77.43,72.65,23,23,100.0,100.0,True,False,long event AND >=50% imputed days,"RETAINED - flagged for review, not deleted"
TX,TMIN_P90_3D__month_pm7,TMIN_P90_3D,TMIN,90,3,month_pm7,48_429_2022_006_TMIN_P90_3D,48429,Stephens,North Central,2022-07-18,2022-08-09,23,2,True,False,2022-07-20,84.02,77.0,23,0,0.0,1.7,False,True,long event,"RETAINED - flagged for review, not deleted"
TX,TMIN_P90_3D__month_pm7,TMIN_P90_3D,TMIN,90,3,month_pm7,48_431_2022_006_TMIN_P90_3D,48431,Sterling,Edwards Plateau,2022-07-19,2022-08-10,23,2,True,False,2022-07-20,78.02,73.94,23,23,100.0,72.4,False,False,long event AND >=50% imputed days,"RETAINED - flagged for review, not deleted"
TX,TMIN_P90_3D__month_pm7,TMIN_P90_3D,TMIN,90,3,month_pm7,48_475_2022_008_TMIN_P90_3D,48475,Ward,Trans-Pecos,2022-07-20,2022-08-11,23,2,True,False,2022-07-22,79.7,74.26,23,0,0.0,0.4,False,True,long event,"RETAINED - flagged for review, not deleted"
TX,TMIN_P90_3D__w05,TMIN_P90_3D,TMIN,90,3,w05,48_115_2020_008_TMIN_P90_3D,48115,Dawson,High Plains,2020-07-08,2020-07-30,23,1,False,False,2020-07-14,77.6,70.01,23,23,100.0,65.2,False,False,long event AND >=50% imputed days,"RETAINED - flagged for review, not deleted"
TX,TMIN_P90_3D__w15,TMIN_P90_3D,TMIN,90,3,w15,48_301_2022_005_TMIN_P90_3D,48301,Loving,Trans-Pecos,2022-07-19,2022-08-10,23,2,True,False,2022-07-21,77.43,72.68,23,23,100.0,100.0,True,False,long event AND >=50% imputed days,"RETAINED - flagged for review, not deleted"
TX,TMIN_P90_3D__w15,TMIN_P90_3D,TMIN,90,3,w15,48_429_2022_009_TMIN_P90_3D,48429,Stephens,North Central,2022-07-18,2022-08-09,23,2,True,False,2022-07-20,84.02,77.0,23,0,0.0,1.7,False,True,long event,"RETAINED - flagged for review, not deleted"
TX,TMIN_P95_2D__month,TMIN_P95_2D,TMIN,95,2,month,48_317_2022_009_TMIN_P95_2D,48317,Martin,High Plains,2022-07-19,2022-08-10,23,2,True,False,2022-07-20,78.16,73.85,23,23,100.0,100.0,True,False,long event AND >=50% imputed days,"RETAINED - flagged for review, not deleted"
TX,TMIN_P95_2D__month,TMIN_P95_2D,TMIN,95,2,month,48_415_2022_008_TMIN_P95_2D,48415,Scurry,Low Rolling Plains,2022-07-19,2022-08-10,23,2,True,False,2022-08-05,79.52,74.03,23,0,0.0,0.3,False,True,long event,"RETAINED - flagged for review, not deleted"
TX,TMIN_P95_2D__month_pm7,TMIN_P95_2D,TMIN,95,2,month_pm7,48_317_2022_009_TMIN_P95_2D,48317,Martin,High Plains,2022-07-19,2022-08-10,23,2,True,False,2022-07-20,78.16,73.85,23,23,100.0,100.0,True,False,long event AND >=50% imputed days,"RETAINED - flagged for review, not deleted"
TX,TMIN_P95_2D__month_pm7,TMIN_P95_2D,TMIN,95,2,month_pm7,48_415_2022_008_TMIN_P95_2D,48415,Scurry,Low Rolling Plains,2022-07-19,2022-08-10,23,2,True,False,2022-08-05,79.52,74.03,23,0,0.0,0.3,False,True,long event,"RETAINED - flagged for review, not deleted"
TX,TMIN_P95_3D__month,TMIN_P95_3D,TMIN,95,3,month,48_317_2022_007_TMIN_P95_3D,48317,Martin,High Plains,2022-07-19,2022-08-10,23,2,True,False,2022-07-20,78.16,73.85,23,23,100.0,100.0,True,False,long event AND >=50% imputed days,"RETAINED - flagged for review, not deleted"
TX,TMIN_P95_3D__month,TMIN_P95_3D,TMIN,95,3,month,48_415_2022_007_TMIN_P95_3D,48415,Scurry,Low Rolling Plains,2022-07-19,2022-08-10,23,2,True,False,2022-08-05,79.52,74.03,23,0,0.0,0.3,False,True,long event,"RETAINED - flagged for review, not deleted"
TX,TMIN_P95_3D__month_pm7,TMIN_P95_3D,TMIN,95,3,month_pm7,48_317_2022_006_TMIN_P95_3D,48317,Martin,High Plains,2022-07-19,2022-08-10,23,2,True,False,2022-07-20,78.16,73.85,23,23,100.0,100.0,True,False,long event AND >=50% imputed days,"RETAINED - flagged for review, not deleted"
TX,TMIN_P95_3D__month_pm7,TMIN_P95_3D,TMIN,95,3,month_pm7,48_415_2022_007_TMIN_P95_3D,48415,Scurry,Low Rolling Plains,2022-07-19,2022-08-10,23,2,True,False,2022-08-05,79.52,74.03,23,0,0.0,0.3,False,True,long event,"RETAINED - flagged for review, not deleted"
TX,MHI_P85_2D__month,MHI_P85_2D,MHI,85,2,month,48_031_2022_010_MHI_P85_2D,48031,Blanco,Edwards Plateau,2022-06-30,2022-07-21,22,2,True,False,2022-07-02,99.04,90.52,22,0,0.0,19.2,False,False,long event,"RETAINED - flagged for review, not deleted"
TX,MHI_P85_2D__month,MHI_P85_2D,MHI,85,2,month,48_093_2023_013_MHI_P85_2D,48093,Comanche,North Central,2023-07-24,2023-08-14,22,2,True,False,2023-08-11,106.57,92.3,22,0,0.0,3.9,False,True,long event,"RETAINED - flagged for review, not deleted"
TX,MHI_P85_2D__month,MHI_P85_2D,MHI,85,2,month,48_123_2023_012_MHI_P85_2D,48123,DeWitt,South Central,2023-08-01,2023-08-22,22,1,False,False,2023-08-12,108.15,96.16,22,0,0.0,1.4,False,True,long event,"RETAINED - flagged for review, not deleted"
TX,MHI_P85_2D__month,MHI_P85_2D,MHI,85,2,month,48_259_2023_013_MHI_P85_2D,48259,Kendall,Edwards Plateau,2023-06-10,2023-07-01,22,2,True,False,2023-06-19,97.47,87.43,22,0,0.0,0.8,False,True,long event,"RETAINED - flagged for review, not deleted"
TX,MHI_P85_2D__month,MHI_P85_2D,MHI,85,2,month,48_273_2023_011_MHI_P85_2D,48273,Kleberg,South Central,2023-06-10,2023-07-01,22,2,True,False,2023-06-22,114.45,97.83,22,0,0.0,0.0,False,True,long event,"RETAINED - flagged for review, not deleted"
TX,MHI_P85_2D__month,MHI_P85_2D,MHI,85,2,month,48_421_2023_018_MHI_P85_2D,48421,Sherman,High Plains,2023-07-24,2023-08-14,22,2,True,False,2023-08-12,93.21,81.79,22,22,100.0,58.9,False,False,long event AND >=50% imputed days,"RETAINED - flagged for review, not deleted"
TX,MHI_P85_2D__month,MHI_P85_2D,MHI,85,2,month,48_469_2023_014_MHI_P85_2D,48469,Victoria,Upper Coast,2023-07-31,2023-08-21,22,2,True,False,2023-08-12,110.71,98.03,22,0,0.0,0.0,False,True,long event,"RETAINED - flagged for review, not deleted"
TX,MHI_P85_2D__month,MHI_P85_2D,MHI,85,2,month,48_489_2023_012_MHI_P85_2D,48489,Willacy,Lower Valley,2023-06-11,2023-07-02,22,2,True,False,2023-06-22,108.81,94.73,22,0,0.0,30.0,False,False,long event,"RETAINED - flagged for review, not deleted"
TX,MHI_P85_2D__month_pm7,MHI_P85_2D,MHI,85,2,month_pm7,48_031_2022_011_MHI_P85_2D,48031,Blanco,Edwards Plateau,2022-06-30,2022-07-21,22,2,True,False,2022-07-02,99.04,90.51,22,0,0.0,19.2,False,False,long event,"RETAINED - flagged for review, not deleted"
TX,MHI_P85_2D__month_pm7,MHI_P85_2D,MHI,85,2,month_pm7,48_093_2023_012_MHI_P85_2D,48093,Comanche,North Central,2023-07-24,2023-08-14,22,2,True,False,2023-08-11,106.57,92.01,22,0,0.0,3.9,False,True,long event,"RETAINED - flagged for review, not deleted"
TX,MHI_P85_2D__month_pm7,MHI_P85_2D,MHI,85,2,month_pm7,48_123_2023_012_MHI_P85_2D,48123,DeWitt,South Central,2023-08-01,2023-08-22,22,1,False,False,2023-08-12,108.15,95.76,22,0,0.0,1.4,False,True,long event,"RETAINED - flagged for review, not deleted"
TX,MHI_P85_2D__month_pm7,MHI_P85_2D,MHI,85,2,month_pm7,48_201_2024_014_MHI_P85_2D,48201,Harris,Upper Coast,2024-08-02,2024-08-23,22,1,False,False,2024-08-22,106.21,97.89,22,0,0.0,0.0,False,True,long event,"RETAINED - flagged for review, not deleted"
TX,MHI_P85_2D__month_pm7,MHI_P85_2D,MHI,85,2,month_pm7,48_259_2023_011_MHI_P85_2D,48259,Kendall,Edwards Plateau,2023-06-10,2023-07-01,22,2,True,False,2023-06-19,97.47,87.37,22,0,0.0,0.8,False,True,long event,"RETAINED - flagged for review, not deleted"
TX,MHI_P85_2D__month_pm7,MHI_P85_2D,MHI,85,2,month_pm7,48_261_2023_012_MHI_P85_2D,48261,Kenedy,South Texas,2023-06-11,2023-07-02,22,2,True,False,2023-06-22,112.14,95.14,22,0,0.0,33.0,False,False,long event,"RETAINED - flagged for review, not deleted"
TX,MHI_P85_2D__month_pm7,MHI_P85_2D,MHI,85,2,month_pm7,48_273_2023_011_MHI_P85_2D,48273,Kleberg,South Central,2023-06-10,2023-07-01,22,2,True,False,2023-06-22,114.45,97.7,22,0,0.0,0.0,False,True,long event,"RETAINED - flagged for review, not deleted"
TX,MHI_P85_2D__month_pm7,MHI_P85_2D,MHI,85,2,month_pm7,48_421_2023_019_MHI_P85_2D,48421,Sherman,High Plains,2023-07-24,2023-08-14,22,2,True,False,2023-08-12,93.21,81.77,22,22,100.0,58.9,False,False,long event AND >=50% imputed days,"RETAINED - flagged for review, not deleted"
TX,MHI_P85_2D__month_pm7,MHI_P85_2D,MHI,85,2,month_pm7,48_469_2023_012_MHI_P85_2D,48469,Victoria,Upper Coast,2023-06-14,2023-07-05,22,2,True,False,2023-07-04,100.27,96.94,22,0,0.0,0.0,False,True,long event,"RETAINED - flagged for review, not deleted"
TX,MHI_P85_2D__month_pm7,MHI_P85_2D,MHI,85,2,month_pm7,48_469_2023_015_MHI_P85_2D,48469,Victoria,Upper Coast,2023-07-31,2023-08-21,22,2,True,False,2023-08-12,110.71,97.79,22,0,0.0,0.0,False,True,long event,"RETAINED - flagged for review, not deleted"
TX,MHI_P85_2D__month_pm7,MHI_P85_2D,MHI,85,2,month_pm7,48_489_2023_011_MHI_P85_2D,48489,Willacy,Lower Valley,2023-06-11,2023-07-02,22,2,True,False,2023-06-22,108.81,94.57,22,0,0.0,30.0,False,False,long event,"RETAINED - flagged for review, not deleted"
TX,MHI_P85_2D__w05,MHI_P85_2D,MHI,85,2,w05,48_031_2022_010_MHI_P85_2D,48031,Blanco,Edwards Plateau,2022-06-30,2022-07-21,22,2,True,False,2022-07-02,99.04,89.9,22,0,0.0,19.2,False,False,long event,"RETAINED - flagged for review, not deleted"
TX,MHI_P85_2D__w05,MHI_P85_2D,MHI,85,2,w05,48_273_2023_013_MHI_P85_2D,48273,Kleberg,South Central,2023-06-10,2023-07-01,22,2,True,False,2023-06-22,114.45,98.11,22,0,0.0,0.0,False,True,long event,"RETAINED - flagged for review, not deleted"
TX,MHI_P85_2D__w05,MHI_P85_2D,MHI,85,2,w05,48_421_2023_017_MHI_P85_2D,48421,Sherman,High Plains,2023-07-24,2023-08-14,22,2,True,False,2023-08-12,93.21,81.92,22,22,100.0,58.9,False,False,long event AND >=50% imputed days,"RETAINED - flagged for review, not deleted"
TX,MHI_P85_2D__w05,MHI_P85_2D,MHI,85,2,w05,48_465_2024_013_MHI_P85_2D,48465,Val Verde,Edwards Plateau,2024-05-19,2024-06-09,22,2,True,False,2024-06-02,97.98,90.67,22,0,0.0,0.0,False,True,long event,"RETAINED - flagged for review, not deleted"
TX,MHI_P85_2D__w05,MHI_P85_2D,MHI,85,2,w05,48_469_2023_012_MHI_P85_2D,48469,Victoria,Upper Coast,2023-06-14,2023-07-05,22,2,True,False,2023-07-04,100.27,96.35,22,0,0.0,0.0,False,True,long event,"RETAINED - flagged for review, not deleted"
TX,MHI_P85_2D__w15,MHI_P85_2D,MHI,85,2,w15,48_031_2022_009_MHI_P85_2D,48031,Blanco,Edwards Plateau,2022-06-30,2022-07-21,22,2,True,False,2022-07-02,99.04,89.92,22,0,0.0,19.2,False,False,long event,"RETAINED - flagged for review, not deleted"
TX,MHI_P85_2D__w15,MHI_P85_2D,MHI,85,2,w15,48_273_2023_012_MHI_P85_2D,48273,Kleberg,South Central,2023-06-10,2023-07-01,22,2,True,False,2023-06-22,114.45,98.16,22,0,0.0,0.0,False,True,long event,"RETAINED - flagged for review, not deleted"
TX,MHI_P85_2D__w15,MHI_P85_2D,MHI,85,2,w15,48_421_2023_016_MHI_P85_2D,48421,Sherman,High Plains,2023-07-24,2023-08-14,22,2,True,False,2023-08-12,93.21,81.89,22,22,100.0,58.9,False,False,long event AND >=50% imputed days,"RETAINED - flagged for review, not deleted"
TX,MHI_P85_2D__w15,MHI_P85_2D,MHI,85,2,w15,48_465_2024_014_MHI_P85_2D,48465,Val Verde,Edwards Plateau,2024-05-19,2024-06-09,22,2,True,False,2024-06-02,97.98,90.58,22,0,0.0,0.0,False,True,long event,"RETAINED - flagged for review, not deleted"
TX,MHI_P90_2D__month,MHI_P90_2D,MHI,90,2,month,48_273_2023_008_MHI_P90_2D,48273,Kleberg,South Central,2023-06-10,2023-07-01,22,2,True,False,2023-06-22,114.45,99.03,22,0,0.0,0.0,False,True,long event,"RETAINED - flagged for review, not deleted"
TX,MHI_P90_2D__month,MHI_P90_2D,MHI,90,2,month,48_421_2023_014_MHI_P90_2D,48421,Sherman,High Plains,2023-07-24,2023-08-14,22,2,True,False,2023-08-12,93.21,82.65,22,22,100.0,58.9,False,False,long event AND >=50% imputed days,"RETAINED - flagged for review, not deleted"
TX,MHI_P90_2D__month,MHI_P90_2D,MHI,90,2,month,48_489_2023_010_MHI_P90_2D,48489,Willacy,Lower Valley,2023-06-11,2023-07-02,22,2,True,False,2023-06-22,108.81,96.03,22,0,0.0,30.0,False,False,long event,"RETAINED - flagged for review, not deleted"
TX,MHI_P90_2D__month_pm7,MHI_P90_2D,MHI,90,2,month_pm7,48_273_2023_008_MHI_P90_2D,48273,Kleberg,South Central,2023-06-10,2023-07-01,22,2,True,False,2023-06-22,114.45,99.08,22,0,0.0,0.0,False,True,long event,"RETAINED - flagged for review, not deleted"
TX,MHI_P90_2D__month_pm7,MHI_P90_2D,MHI,90,2,month_pm7,48_421_2023_013_MHI_P90_2D,48421,Sherman,High Plains,2023-07-24,2023-08-14,22,2,True,False,2023-08-12,93.21,82.69,22,22,100.0,58.9,False,False,long event AND >=50% imputed days,"RETAINED - flagged for review, not deleted"
TX,MHI_P90_2D__month_pm7,MHI_P90_2D,MHI,90,2,month_pm7,48_489_2023_009_MHI_P90_2D,48489,Willacy,Lower Valley,2023-06-11,2023-07-02,22,2,True,False,2023-06-22,108.81,95.9,22,0,0.0,30.0,False,False,long event,"RETAINED - flagged for review, not deleted"
TX,MHI_P90_2D__w05,MHI_P90_2D,MHI,90,2,w05,48_273_2023_010_MHI_P90_2D,48273,Kleberg,South Central,2023-06-10,2023-07-01,22,2,True,False,2023-06-22,114.45,99.25,22,0,0.0,0.0,False,True,long event,"RETAINED - flagged for review, not deleted"
TX,MHI_P90_2D__w05,MHI_P90_2D,MHI,90,2,w05,48_427_2019_015_MHI_P90_2D,48427,Starr,South Texas,2019-08-10,2019-08-31,22,1,False,False,2019-08-12,116.29,104.08,22,0,0.0,2.1,False,True,long event,"RETAINED - flagged for review, not deleted"
TX,MHI_P90_2D__w05,MHI_P90_2D,MHI,90,2,w05,48_489_2023_011_MHI_P90_2D,48489,Willacy,Lower Valley,2023-06-11,2023-07-02,22,2,True,False,2023-06-22,108.81,97.34,22,0,0.0,30.0,False,False,long event,"RETAINED - flagged for review, not deleted"
TX,MHI_P90_2D__w15,MHI_P90_2D,MHI,90,2,w15,48_273_2023_010_MHI_P90_2D,48273,Kleberg,South Central,2023-06-10,2023-07-01,22,2,True,False,2023-06-22,114.45,99.26,22,0,0.0,0.0,False,True,long event,"RETAINED - flagged for review, not deleted"
TX,MHI_P90_3D__month,MHI_P90_3D,MHI,90,3,month,48_273_2023_005_MHI_P90_3D,48273,Kleberg,South Central,2023-06-10,2023-07-01,22,2,True,False,2023-06-22,114.45,99.03,22,0,0.0,0.0,False,True,long event,"RETAINED - flagged for review, not deleted"
TX,MHI_P90_3D__month,MHI_P90_3D,MHI,90,3,month,48_421_2023_010_MHI_P90_3D,48421,Sherman,High Plains,2023-07-24,2023-08-14,22,2,True,False,2023-08-12,93.21,82.65,22,22,100.0,58.9,False,False,long event AND >=50% imputed days,"RETAINED - flagged for review, not deleted"
TX,MHI_P90_3D__month,MHI_P90_3D,MHI,90,3,month,48_489_2023_005_MHI_P90_3D,48489,Willacy,Lower Valley,2023-06-11,2023-07-02,22,2,True,False,2023-06-22,108.81,96.03,22,0,0.0,30.0,False,False,long event,"RETAINED - flagged for review, not deleted"
TX,MHI_P90_3D__month_pm7,MHI_P90_3D,MHI,90,3,month_pm7,48_273_2023_005_MHI_P90_3D,48273,Kleberg,South Central,2023-06-10,2023-07-01,22,2,True,False,2023-06-22,114.45,99.08,22,0,0.0,0.0,False,True,long event,"RETAINED - flagged for review, not deleted"
TX,MHI_P90_3D__month_pm7,MHI_P90_3D,MHI,90,3,month_pm7,48_421_2023_010_MHI_P90_3D,48421,Sherman,High Plains,2023-07-24,2023-08-14,22,2,True,False,2023-08-12,93.21,82.69,22,22,100.0,58.9,False,False,long event AND >=50% imputed days,"RETAINED - flagged for review, not deleted"
TX,MHI_P90_3D__month_pm7,MHI_P90_3D,MHI,90,3,month_pm7,48_489_2023_005_MHI_P90_3D,48489,Willacy,Lower Valley,2023-06-11,2023-07-02,22,2,True,False,2023-06-22,108.81,95.9,22,0,0.0,30.0,False,False,long event,"RETAINED - flagged for review, not deleted"
TX,MHI_P90_3D__w05,MHI_P90_3D,MHI,90,3,w05,48_273_2023_007_MHI_P90_3D,48273,Kleberg,South Central,2023-06-10,2023-07-01,22,2,True,False,2023-06-22,114.45,99.25,22,0,0.0,0.0,False,True,long event,"RETAINED - flagged for review, not deleted"
TX,MHI_P90_3D__w05,MHI_P90_3D,MHI,90,3,w05,48_427_2019_011_MHI_P90_3D,48427,Starr,South Texas,2019-08-10,2019-08-31,22,1,False,False,2019-08-12,116.29,104.08,22,0,0.0,2.1,False,True,long event,"RETAINED - flagged for review, not deleted"
TX,MHI_P90_3D__w05,MHI_P90_3D,MHI,90,3,w05,48_489_2023_006_MHI_P90_3D,48489,Willacy,Lower Valley,2023-06-11,2023-07-02,22,2,True,False,2023-06-22,108.81,97.34,22,0,0.0,30.0,False,False,long event,"RETAINED - flagged for review, not deleted"
TX,MHI_P90_3D__w15,MHI_P90_3D,MHI,90,3,w15,48_273_2023_006_MHI_P90_3D,48273,Kleberg,South Central,2023-06-10,2023-07-01,22,2,True,False,2023-06-22,114.45,99.26,22,0,0.0,0.0,False,True,long event,"RETAINED - flagged for review, not deleted"
TX,TMAX_P85_2D__month,TMAX_P85_2D,TMAX,85,2,month,48_037_2018_003_TMAX_P85_2D,48037,Bowie,East Texas,2018-05-13,2018-06-03,22,2,True,False,2018-06-02,96.53,93.92,22,0,0.0,0.0,False,True,long event,"RETAINED - flagged for review, not deleted"
TX,TMAX_P85_2D__month,TMAX_P85_2D,TMAX,85,2,month,48_039_2023_016_TMAX_P85_2D,48039,Brazoria,Upper Coast,2023-08-23,2023-09-13,22,2,True,False,2023-08-27,106.63,95.27,22,0,0.0,0.0,False,True,long event,"RETAINED - flagged for review, not deleted"
TX,TMAX_P85_2D__month,TMAX_P85_2D,TMAX,85,2,month,48_057_2023_016_TMAX_P85_2D,48057,Calhoun,Upper Coast,2023-08-24,2023-09-14,22,2,True,False,2023-08-27,99.62,94.46,22,0,0.0,0.1,False,True,long event,"RETAINED - flagged for review, not deleted"
TX,TMAX_P85_2D__month,TMAX_P85_2D,TMAX,85,2,month,48_061_2023_012_TMAX_P85_2D,48061,Cameron,Lower Valley,2023-07-30,2023-08-20,22,2,True,False,2023-08-17,100.12,96.16,22,0,0.0,0.0,False,True,long event,"RETAINED - flagged for review, not deleted"
TX,TMAX_P85_2D__month,TMAX_P85_2D,TMAX,85,2,month,48_083_2022_007_TMAX_P85_2D,48083,Coleman,Low Rolling Plains,2022-06-06,2022-06-27,22,1,False,False,2022-06-12,104.0,96.98,22,0,0.0,0.0,False,True,long event,"RETAINED - flagged for review, not deleted"
TX,TMAX_P85_2D__month,TMAX_P85_2D,TMAX,85,2,month,48_133_2023_014_TMAX_P85_2D,48133,Eastland,North Central,2023-07-24,2023-08-14,22,2,True,False,2023-08-12,107.19,100.49,22,22,100.0,100.0,True,False,long event AND >=50% imputed days,"RETAINED - flagged for review, not deleted"
TX,TMAX_P85_2D__month,TMAX_P85_2D,TMAX,85,2,month,48_139_2023_012_TMAX_P85_2D,48139,Ellis,North Central,2023-07-24,2023-08-14,22,2,True,False,2023-08-13,105.53,101.3,22,0,0.0,0.3,False,True,long event,"RETAINED - flagged for review, not deleted"
TX,TMAX_P85_2D__month,TMAX_P85_2D,TMAX,85,2,month,48_143_2023_012_TMAX_P85_2D,48143,Erath,North Central,2023-07-24,2023-08-14,22,2,True,False,2023-08-05,107.06,100.49,22,1,4.5,0.9,False,True,long event,"RETAINED - flagged for review, not deleted"
TX,TMAX_P85_2D__month,TMAX_P85_2D,TMAX,85,2,month,48_149_2022_009_TMAX_P85_2D,48149,Fayette,South Central,2022-06-06,2022-06-27,22,1,False,False,2022-06-12,103.01,96.44,22,0,0.0,0.6,False,True,long event,"RETAINED - flagged for review, not deleted"
TX,TMAX_P85_2D__month,TMAX_P85_2D,TMAX,85,2,month,48_161_2023_012_TMAX_P85_2D,48161,Freestone,East Texas,2023-07-24,2023-08-14,22,2,True,False,2023-08-11,105.1,100.94,22,22,100.0,100.0,True,False,long event AND >=50% imputed days,"RETAINED - flagged for review, not deleted"
TX,TMAX_P85_2D__month,TMAX_P85_2D,TMAX,85,2,month,48_167_2022_014_TMAX_P85_2D,48167,Galveston,Upper Coast,2022-06-08,2022-06-29,22,1,False,False,2022-06-19,97.52,90.68,22,0,0.0,0.0,False,True,long event,"RETAINED - flagged for review, not deleted"
TX,TMAX_P85_2D__month,TMAX_P85_2D,TMAX,85,2,month,48_169_2023_015_TMAX_P85_2D,48169,Garza,Low Rolling Plains,2023-07-24,2023-08-14,22,2,True,False,2023-08-06,108.5,100.04,22,0,0.0,0.0,False,True,long event,"RETAINED - flagged for review, not deleted"
TX,TMAX_P85_2D__month,TMAX_P85_2D,TMAX,85,2,month,48_171_2023_010_TMAX_P85_2D,48171,Gillespie,Edwards Plateau,2023-07-31,2023-08-21,22,2,True,False,2023-08-17,103.06,98.26,22,0,0.0,0.0,False,True,long event,"RETAINED - flagged for review, not deleted"
TX,TMAX_P85_2D__month,TMAX_P85_2D,TMAX,85,2,month,48_221_2023_012_TMAX_P85_2D,48221,Hood,North Central,2023-07-24,2023-08-14,22,2,True,False,2023-08-10,109.49,101.93,22,0,0.0,0.5,False,True,long event,"RETAINED - flagged for review, not deleted"
TX,TMAX_P85_2D__month,TMAX_P85_2D,TMAX,85,2,month,48_239_2022_009_TMAX_P85_2D,48239,Jackson,Upper Coast,2022-06-07,2022-06-28,22,1,False,False,2022-06-12,99.14,94.58,22,22,100.0,100.0,True,False,long event AND >=50% imputed days,"RETAINED - flagged for review, not deleted"
TX,TMAX_P85_2D__month,TMAX_P85_2D,TMAX,85,2,month,48_241_2023_014_TMAX_P85_2D,48241,Jasper,East Texas,2023-07-25,2023-08-15,22,2,True,False,2023-08-11,105.98,98.06,22,3,13.6,5.7,False,True,long event,"RETAINED - flagged for review, not deleted"
TX,TMAX_P85_2D__month,TMAX_P85_2D,TMAX,85,2,month,48_247_2023_011_TMAX_P85_2D,48247,Jim Hogg,South Texas,2023-07-31,2023-08-21,22,2,True,False,2023-08-10,105.62,101.36,22,22,100.0,100.0,True,False,long event AND >=50% imputed days,"RETAINED - flagged for review, not deleted"
TX,TMAX_P85_2D__month,TMAX_P85_2D,TMAX,85,2,month,48_265_2023_013_TMAX_P85_2D,48265,Kerr,Edwards Plateau,2023-07-31,2023-08-21,22,2,True,False,2023-08-18,104.45,98.06,22,0,0.0,0.0,False,True,long event,"RETAINED - flagged for review, not deleted"
TX,TMAX_P85_2D__month,TMAX_P85_2D,TMAX,85,2,month,48_267_2023_013_TMAX_P85_2D,48267,Kimble,Edwards Plateau,2023-07-31,2023-08-21,22,2,True,False,2023-08-10,107.51,100.49,22,0,0.0,0.0,False,True,long event,"RETAINED - flagged for review, not deleted"
TX,TMAX_P85_2D__month,TMAX_P85_2D,TMAX,85,2,month,48_271_2023_009_TMAX_P85_2D,48271,Kinney,Edwards Plateau,2023-07-31,2023-08-21,22,2,True,False,2023-08-10,105.22,100.04,22,22,100.0,43.5,False,False,long event AND >=50% imputed days,"RETAINED - flagged for review, not deleted"
TX,TMAX_P85_2D__month,TMAX_P85_2D,TMAX,85,2,month,48_289_2023_015_TMAX_P85_2D,48289,Leon,East Texas,2023-07-25,2023-08-15,22,2,True,False,2023-08-11,105.98,99.5,22,0,0.0,1.8,False,True,long event,"RETAINED - flagged for review, not deleted"
TX,TMAX_P85_2D__month,TMAX_P85_2D,TMAX,85,2,month,48_291_2022_008_TMAX_P85_2D,48291,Liberty,Upper Coast,2022-06-08,2022-06-29,22,1,False,False,2022-06-20,100.34,93.62,22,0,0.0,0.0,False,True,long event,"RETAINED - flagged for review, not deleted"
TX,TMAX_P85_2D__month,TMAX_P85_2D,TMAX,85,2,month,48_347_2023_011_TMAX_P85_2D,48347,Nacogdoches,East Texas,2023-07-25,2023-08-15,22,2,True,False,2023-08-10,107.06,100.04,22,0,0.0,1.1,False,True,long event,"RETAINED - flagged for review, not deleted"
TX,TMAX_P85_2D__month,TMAX_P85_2D,TMAX,85,2,month,48_349_2023_011_TMAX_P85_2D,48349,Navarro,North Central,2023-07-25,2023-08-15,22,2,True,False,2023-08-05,106.7,100.64,22,0,0.0,0.0,False,True,long event,"RETAINED - flagged for review, not deleted"
TX,TMAX_P85_2D__month,TMAX_P85_2D,TMAX,85,2,month,48_363_2023_012_TMAX_P85_2D,48363,Palo Pinto,North Central,2023-07-23,2023-08-13,22,2,True,False,2023-08-11,111.02,102.49,22,0,0.0,1.6,False,True,long event,"RETAINED - flagged for review, not deleted"
TX,TMAX_P85_2D__month,TMAX_P85_2D,TMAX,85,2,month,48_367_2023_014_TMAX_P85_2D,48367,Parker,North Central,2023-07-24,2023-08-14,22,2,True,False,2023-08-11,109.49,101.81,22,0,0.0,0.2,False,True,long event,"RETAINED - flagged for review, not deleted"
TX,TMAX_P85_2D__month,TMAX_P85_2D,TMAX,85,2,month,48_401_2023_014_TMAX_P85_2D,48401,Rusk,East Texas,2023-07-25,2023-08-15,22,2,True,False,2023-08-03,104.66,99.04,22,0,0.0,0.0,False,True,long event,"RETAINED - flagged for review, not deleted"
TX,TMAX_P85_2D__month,TMAX_P85_2D,TMAX,85,2,month,48_403_2023_016_TMAX_P85_2D,48403,Sabine,East Texas,2023-07-24,2023-08-14,22,2,True,False,2023-08-11,107.06,98.38,22,0,0.0,1.2,False,True,long event,"RETAINED - flagged for review, not deleted"
TX,TMAX_P85_2D__month,TMAX_P85_2D,TMAX,85,2,month,48_405_2023_016_TMAX_P85_2D,48405,San Augustine,East Texas,2023-07-25,2023-08-15,22,2,True,False,2023-08-12,107.06,98.81,22,0,0.0,9.2,False,True,long event,"RETAINED - flagged for review, not deleted"
TX,TMAX_P85_2D__month,TMAX_P85_2D,TMAX,85,2,month,48_407_2022_007_TMAX_P85_2D,48407,San Jacinto,East Texas,2022-06-08,2022-06-29,22,1,False,False,2022-06-26,100.48,94.51,22,22,100.0,100.0,True,False,long event AND >=50% imputed days,"RETAINED - flagged for review, not deleted"
TX,TMAX_P85_2D__month,TMAX_P85_2D,TMAX,85,2,month,48_417_2023_012_TMAX_P85_2D,48417,Shackelford,North Central,2023-07-24,2023-08-14,22,2,True,False,2023-08-10,110.03,102.02,22,0,0.0,0.1,False,True,long event,"RETAINED - flagged for review, not deleted"
TX,TMAX_P85_2D__month,TMAX_P85_2D,TMAX,85,2,month,48_419_2023_012_TMAX_P85_2D,48419,Shelby,East Texas,2023-07-25,2023-08-15,22,2,True,False,2023-08-11,104.55,100.04,22,22,100.0,54.8,False,False,long event AND >=50% imputed days,"RETAINED - flagged for review, not deleted"
TX,TMAX_P85_2D__month,TMAX_P85_2D,TMAX,85,2,month,48_427_2018_012_TMAX_P85_2D,48427,Starr,South Texas,2018-08-15,2018-09-05,22,2,True,False,2018-08-19,109.04,104.54,22,0,0.0,2.1,False,True,long event,"RETAINED - flagged for review, not deleted"
TX,TMAX_P85_2D__month,TMAX_P85_2D,TMAX,85,2,month,48_439_2023_010_TMAX_P85_2D,48439,Tarrant,North Central,2023-07-24,2023-08-14,22,2,True,False,2023-08-10,107.78,101.66,22,0,0.0,0.0,False,True,long event,"RETAINED - flagged for review, not deleted"
TX,TMAX_P85_2D__month,TMAX_P85_2D,TMAX,85,2,month,48_441_2023_009_TMAX_P85_2D,48441,Taylor,Low Rolling Plains,2023-07-24,2023-08-14,22,2,True,False,2023-08-10,108.5,100.04,22,0,0.0,0.0,False,True,long event,"RETAINED - flagged for review, not deleted"
TX,TMAX_P85_2D__month,TMAX_P85_2D,TMAX,85,2,month,48_447_2023_011_TMAX_P85_2D,48447,Throckmorton,North Central,2023-07-24,2023-08-14,22,2,True,False,2023-08-09,109.04,102.02,22,0,0.0,41.0,False,False,long event,"RETAINED - flagged for review, not deleted"
TX,TMAX_P85_2D__month,TMAX_P85_2D,TMAX,85,2,month,48_465_2023_012_TMAX_P85_2D,48465,Val Verde,Edwards Plateau,2023-07-31,2023-08-21,22,2,True,False,2023-08-10,108.38,101.45,22,0,0.0,0.0,False,True,long event,"RETAINED - flagged for review, not deleted"
TX,TMAX_P85_2D__month,TMAX_P85_2D,TMAX,85,2,month,48_471_2022_007_TMAX_P85_2D,48471,Walker,East Texas,2022-06-08,2022-06-29,22,1,False,False,2022-06-24,101.48,95.0,22,0,0.0,0.0,False,True,long event,"RETAINED - flagged for review, not deleted"
TX,TMAX_P85_2D__month,TMAX_P85_2D,TMAX,85,2,month,48_477_2023_012_TMAX_P85_2D,48477,Washington,South Central,2023-07-31,2023-08-21,22,2,True,False,2023-08-20,104.99,100.49,22,0,0.0,0.3,False,True,long event,"RETAINED - flagged for review, not deleted"
TX,TMAX_P85_2D__month,TMAX_P85_2D,TMAX,85,2,month,48_493_2023_011_TMAX_P85_2D,48493,Wilson,South Central,2023-07-31,2023-08-21,22,2,True,False,2023-08-18,105.44,100.99,22,22,100.0,61.7,False,False,long event AND >=50% imputed days,"RETAINED - flagged for review, not deleted"
TX,TMAX_P85_2D__month,TMAX_P85_2D,TMAX,85,2,month,48_507_2023_012_TMAX_P85_2D,48507,Zavala,South Texas,2023-07-31,2023-08-21,22,2,True,False,2023-08-10,106.03,101.73,22,22,100.0,100.0,True,False,long event AND >=50% imputed days,"RETAINED - flagged for review, not deleted"
TX,TMAX_P85_2D__month_pm7,TMAX_P85_2D,TMAX,85,2,month_pm7,48_007_2024_012_TMAX_P85_2D,48007,Aransas,South Central,2024-08-02,2024-08-23,22,1,False,False,2024-08-21,99.08,93.47,22,0,0.0,0.2,False,True,long event,"RETAINED - flagged for review, not deleted"
TX,TMAX_P85_2D__month_pm7,TMAX_P85_2D,TMAX,85,2,month_pm7,48_021_2022_009_TMAX_P85_2D,48021,Bastrop,South Central,2022-06-06,2022-06-27,22,1,False,False,2022-06-12,102.92,96.74,22,0,0.0,0.3,False,True,long event,"RETAINED - flagged for review, not deleted"
TX,TMAX_P85_2D__month_pm7,TMAX_P85_2D,TMAX,85,2,month_pm7,48_027_2022_011_TMAX_P85_2D,48027,Bell,North Central,2022-06-06,2022-06-27,22,1,False,False,2022-06-11,102.96,96.08,22,0,0.0,0.1,False,True,long event,"RETAINED - flagged for review, not deleted"
TX,TMAX_P85_2D__month_pm7,TMAX_P85_2D,TMAX,85,2,month_pm7,48_037_2018_003_TMAX_P85_2D,48037,Bowie,East Texas,2018-05-13,2018-06-03,22,2,True,False,2018-06-02,96.53,93.92,22,0,0.0,0.0,False,True,long event,"RETAINED - flagged for review, not deleted"
TX,TMAX_P85_2D__month_pm7,TMAX_P85_2D,TMAX,85,2,month_pm7,48_039_2023_016_TMAX_P85_2D,48039,Brazoria,Upper Coast,2023-08-23,2023-09-13,22,2,True,False,2023-08-27,106.63,95.0,22,0,0.0,0.0,False,True,long event,"RETAINED - flagged for review, not deleted"
TX,TMAX_P85_2D__month_pm7,TMAX_P85_2D,TMAX,85,2,month_pm7,48_057_2023_013_TMAX_P85_2D,48057,Calhoun,Upper Coast,2023-08-24,2023-09-14,22,2,True,False,2023-08-27,99.62,94.21,22,0,0.0,0.1,False,True,long event,"RETAINED - flagged for review, not deleted"
TX,TMAX_P85_2D__month_pm7,TMAX_P85_2D,TMAX,85,2,month_pm7,48_061_2023_012_TMAX_P85_2D,48061,Cameron,Lower Valley,2023-07-30,2023-08-20,22,2,True,False,2023-08-17,100.12,96.02,22,0,0.0,0.0,False,True,long event,"RETAINED - flagged for review, not deleted"
TX,TMAX_P85_2D__month_pm7,TMAX_P85_2D,TMAX,85,2,month_pm7,48_083_2022_007_TMAX_P85_2D,48083,Coleman,Low Rolling Plains,2022-06-06,2022-06-27,22,1,False,False,2022-06-12,104.0,96.98,22,0,0.0,0.0,False,True,long event,"RETAINED - flagged for review, not deleted"
TX,TMAX_P85_2D__month_pm7,TMAX_P85_2D,TMAX,85,2,month_pm7,48_133_2023_014_TMAX_P85_2D,48133,Eastland,North Central,2023-07-24,2023-08-14,22,2,True,False,2023-08-12,107.19,100.19,22,22,100.0,100.0,True,False,long event AND >=50% imputed days,"RETAINED - flagged for review, not deleted"
TX,TMAX_P85_2D__month_pm7,TMAX_P85_2D,TMAX,85,2,month_pm7,48_139_2022_013_TMAX_P85_2D,48139,Ellis,North Central,2022-07-15,2022-08-05,22,2,True,False,2022-07-18,108.95,100.03,22,0,0.0,0.3,False,True,long event,"RETAINED - flagged for review, not deleted"
TX,TMAX_P85_2D__month_pm7,TMAX_P85_2D,TMAX,85,2,month_pm7,48_139_2023_012_TMAX_P85_2D,48139,Ellis,North Central,2023-07-24,2023-08-14,22,2,True,False,2023-08-13,105.53,101.0,22,0,0.0,0.3,False,True,long event,"RETAINED - flagged for review, not deleted"
TX,TMAX_P85_2D__month_pm7,TMAX_P85_2D,TMAX,85,2,month_pm7,48_143_2023_012_TMAX_P85_2D,48143,Erath,North Central,2023-07-24,2023-08-14,22,2,True,False,2023-08-05,107.06,100.04,22,1,4.5,0.9,False,True,long event,"RETAINED - flagged for review, not deleted"
TX,TMAX_P85_2D__month_pm7,TMAX_P85_2D,TMAX,85,2,month_pm7,48_149_2022_009_TMAX_P85_2D,48149,Fayette,South Central,2022-06-06,2022-06-27,22,1,False,False,2022-06-12,103.01,96.44,22,0,0.0,0.6,False,True,long event,"RETAINED - flagged for review, not deleted"
TX,TMAX_P85_2D__month_pm7,TMAX_P85_2D,TMAX,85,2,month_pm7,48_167_2022_016_TMAX_P85_2D,48167,Galveston,Upper Coast,2022-06-08,2022-06-29,22,1,False,False,2022-06-19,97.52,90.62,22,0,0.0,0.0,False,True,long event,"RETAINED - flagged for review, not deleted"
TX,TMAX_P85_2D__month_pm7,TMAX_P85_2D,TMAX,85,2,month_pm7,48_221_2023_012_TMAX_P85_2D,48221,Hood,North Central,2023-07-24,2023-08-14,22,2,True,False,2023-08-10,109.49,101.48,22,0,0.0,0.5,False,True,long event,"RETAINED - flagged for review, not deleted"
TX,TMAX_P85_2D__month_pm7,TMAX_P85_2D,TMAX,85,2,month_pm7,48_237_2023_013_TMAX_P85_2D,48237,Jack,North Central,2023-07-24,2023-08-14,22,2,True,False,2023-08-10,109.94,100.94,22,0,0.0,6.3,False,True,long event,"RETAINED - flagged for review, not deleted"
TX,TMAX_P85_2D__month_pm7,TMAX_P85_2D,TMAX,85,2,month_pm7,48_239_2022_009_TMAX_P85_2D,48239,Jackson,Upper Coast,2022-06-07,2022-06-28,22,1,False,False,2022-06-12,99.14,94.55,22,22,100.0,100.0,True,False,long event AND >=50% imputed days,"RETAINED - flagged for review, not deleted"
TX,TMAX_P85_2D__month_pm7,TMAX_P85_2D,TMAX,85,2,month_pm7,48_241_2023_014_TMAX_P85_2D,48241,Jasper,East Texas,2023-07-25,2023-08-15,22,2,True,False,2023-08-11,105.98,98.06,22,3,13.6,5.7,False,True,long event,"RETAINED - flagged for review, not deleted"
TX,TMAX_P85_2D__month_pm7,TMAX_P85_2D,TMAX,85,2,month_pm7,48_247_2023_011_TMAX_P85_2D,48247,Jim Hogg,South Texas,2023-07-31,2023-08-21,22,2,True,False,2023-08-10,105.62,101.01,22,22,100.0,100.0,True,False,long event AND >=50% imputed days,"RETAINED - flagged for review, not deleted"
TX,TMAX_P85_2D__month_pm7,TMAX_P85_2D,TMAX,85,2,month_pm7,48_265_2023_013_TMAX_P85_2D,48265,Kerr,Edwards Plateau,2023-07-31,2023-08-21,22,2,True,False,2023-08-18,104.45,98.06,22,0,0.0,0.0,False,True,long event,"RETAINED - flagged for review, not deleted"
TX,TMAX_P85_2D__month_pm7,TMAX_P85_2D,TMAX,85,2,month_pm7,48_271_2023_009_TMAX_P85_2D,48271,Kinney,Edwards Plateau,2023-07-31,2023-08-21,22,2,True,False,2023-08-10,105.22,100.04,22,22,100.0,43.5,False,False,long event AND >=50% imputed days,"RETAINED - flagged for review, not deleted"
TX,TMAX_P85_2D__month_pm7,TMAX_P85_2D,TMAX,85,2,month_pm7,48_285_2023_012_TMAX_P85_2D,48285,Lavaca,South Central,2023-08-23,2023-09-13,22,2,True,False,2023-08-27,111.02,100.04,22,0,0.0,0.8,False,True,long event,"RETAINED - flagged for review, not deleted"
TX,TMAX_P85_2D__month_pm7,TMAX_P85_2D,TMAX,85,2,month_pm7,48_287_2019_004_TMAX_P85_2D,48287,Lee,South Central,2019-08-05,2019-08-26,22,1,False,False,2019-08-12,105.08,99.95,22,0,0.0,2.2,False,True,long event,"RETAINED - flagged for review, not deleted"
TX,TMAX_P85_2D__month_pm7,TMAX_P85_2D,TMAX,85,2,month_pm7,48_347_2023_011_TMAX_P85_2D,48347,Nacogdoches,East Texas,2023-07-25,2023-08-15,22,2,True,False,2023-08-10,107.06,99.5,22,0,0.0,1.1,False,True,long event,"RETAINED - flagged for review, not deleted"
TX,TMAX_P85_2D__month_pm7,TMAX_P85_2D,TMAX,85,2,month_pm7,48_363_2023_012_TMAX_P85_2D,48363,Palo Pinto,North Central,2023-07-23,2023-08-13,22,2,True,False,2023-08-11,111.02,102.02,22,0,0.0,1.6,False,True,long event,"RETAINED - flagged for review, not deleted"
TX,TMAX_P85_2D__month_pm7,TMAX_P85_2D,TMAX,85,2,month_pm7,48_367_2023_014_TMAX_P85_2D,48367,Parker,North Central,2023-07-24,2023-08-14,22,2,True,False,2023-08-11,109.49,101.48,22,0,0.0,0.2,False,True,long event,"RETAINED - flagged for review, not deleted"
TX,TMAX_P85_2D__month_pm7,TMAX_P85_2D,TMAX,85,2,month_pm7,48_401_2023_014_TMAX_P85_2D,48401,Rusk,East Texas,2023-07-25,2023-08-15,22,2,True,False,2023-08-03,104.66,98.66,22,0,0.0,0.0,False,True,long event,"RETAINED - flagged for review, not deleted"
TX,TMAX_P85_2D__month_pm7,TMAX_P85_2D,TMAX,85,2,month_pm7,48_403_2023_017_TMAX_P85_2D,48403,Sabine,East Texas,2023-07-24,2023-08-14,22,2,True,False,2023-08-11,107.06,98.06,22,0,0.0,1.2,False,True,long event,"RETAINED - flagged for review, not deleted"
TX,TMAX_P85_2D__month_pm7,TMAX_P85_2D,TMAX,85,2,month_pm7,48_405_2023_016_TMAX_P85_2D,48405,San Augustine,East Texas,2023-07-25,2023-08-15,22,2,True,False,2023-08-12,107.06,98.37,22,0,0.0,9.2,False,True,long event,"RETAINED - flagged for review, not deleted"
TX,TMAX_P85_2D__month_pm7,TMAX_P85_2D,TMAX,85,2,month_pm7,48_409_2023_015_TMAX_P85_2D,48409,San Patricio,South Central,2023-08-25,2023-09-15,22,2,True,False,2023-08-28,105.08,97.07,22,1,4.5,6.4,False,True,long event,"RETAINED - flagged for review, not deleted"
TX,TMAX_P85_2D__month_pm7,TMAX_P85_2D,TMAX,85,2,month_pm7,48_417_2023_012_TMAX_P85_2D,48417,Shackelford,North Central,2023-07-24,2023-08-14,22,2,True,False,2023-08-10,110.03,102.02,22,0,0.0,0.1,False,True,long event,"RETAINED - flagged for review, not deleted"
TX,TMAX_P85_2D__month_pm7,TMAX_P85_2D,TMAX,85,2,month_pm7,48_419_2023_011_TMAX_P85_2D,48419,Shelby,East Texas,2023-07-25,2023-08-15,22,2,True,False,2023-08-11,104.55,98.96,22,22,100.0,54.8,False,False,long event AND >=50% imputed days,"RETAINED - flagged for review, not deleted"
TX,TMAX_P85_2D__month_pm7,TMAX_P85_2D,TMAX,85,2,month_pm7,48_439_2023_010_TMAX_P85_2D,48439,Tarrant,North Central,2023-07-24,2023-08-14,22,2,True,False,2023-08-10,107.78,101.48,22,0,0.0,0.0,False,True,long event,"RETAINED - flagged for review, not deleted"
TX,TMAX_P85_2D__month_pm7,TMAX_P85_2D,TMAX,85,2,month_pm7,48_441_2023_009_TMAX_P85_2D,48441,Taylor,Low Rolling Plains,2023-07-24,2023-08-14,22,2,True,False,2023-08-10,108.5,100.04,22,0,0.0,0.0,False,True,long event,"RETAINED - flagged for review, not deleted"
TX,TMAX_P85_2D__month_pm7,TMAX_P85_2D,TMAX,85,2,month_pm7,48_465_2023_012_TMAX_P85_2D,48465,Val Verde,Edwards Plateau,2023-07-31,2023-08-21,22,2,True,False,2023-08-10,108.38,101.3,22,0,0.0,0.0,False,True,long event,"RETAINED - flagged for review, not deleted"
TX,TMAX_P85_2D__month_pm7,TMAX_P85_2D,TMAX,85,2,month_pm7,48_471_2022_007_TMAX_P85_2D,48471,Walker,East Texas,2022-06-08,2022-06-29,22,1,False,False,2022-06-24,101.48,95.0,22,0,0.0,0.0,False,True,long event,"RETAINED - flagged for review, not deleted"
TX,TMAX_P85_2D__month_pm7,TMAX_P85_2D,TMAX,85,2,month_pm7,48_477_2023_012_TMAX_P85_2D,48477,Washington,South Central,2023-07-31,2023-08-21,22,2,True,False,2023-08-20,104.99,100.49,22,0,0.0,0.3,False,True,long event,"RETAINED - flagged for review, not deleted"
TX,TMAX_P85_2D__month_pm7,TMAX_P85_2D,TMAX,85,2,month_pm7,48_491_2022_008_TMAX_P85_2D,48491,Williamson,North Central,2022-06-06,2022-06-27,22,1,False,False,2022-06-12,101.98,96.08,22,0,0.0,0.0,False,True,long event,"RETAINED - flagged for review, not deleted"
TX,TMAX_P85_2D__month_pm7,TMAX_P85_2D,TMAX,85,2,month_pm7,48_493_2023_011_TMAX_P85_2D,48493,Wilson,South Central,2023-07-31,2023-08-21,22,2,True,False,2023-08-18,105.44,100.94,22,22,100.0,61.7,False,False,long event AND >=50% imputed days,"RETAINED - flagged for review, not deleted"
TX,TMAX_P85_2D__month_pm7,TMAX_P85_2D,TMAX,85,2,month_pm7,48_507_2023_012_TMAX_P85_2D,48507,Zavala,South Texas,2023-07-31,2023-08-21,22,2,True,False,2023-08-10,106.03,101.06,22,22,100.0,100.0,True,False,long event AND >=50% imputed days,"RETAINED - flagged for review, not deleted"
TX,TMAX_P85_2D__w05,TMAX_P85_2D,TMAX,85,2,w05,48_007_2018_009_TMAX_P85_2D,48007,Aransas,South Central,2018-05-23,2018-06-13,22,2,True,False,2018-06-04,92.12,89.66,22,0,0.0,0.2,False,True,long event,"RETAINED - flagged for review, not deleted"
TX,TMAX_P85_2D__w05,TMAX_P85_2D,TMAX,85,2,w05,48_027_2022_011_TMAX_P85_2D,48027,Bell,North Central,2022-06-05,2022-06-26,22,1,False,False,2022-06-11,102.96,95.36,22,0,0.0,0.1,False,True,long event,"RETAINED - flagged for review, not deleted"
TX,TMAX_P85_2D__w05,TMAX_P85_2D,TMAX,85,2,w05,48_029_2023_014_TMAX_P85_2D,48029,Bexar,South Central,2023-07-31,2023-08-21,22,2,True,False,2023-08-17,105.8,100.46,22,0,0.0,0.0,False,True,long event,"RETAINED - flagged for review, not deleted"
TX,TMAX_P85_2D__w05,TMAX_P85_2D,TMAX,85,2,w05,48_039_2023_017_TMAX_P85_2D,48039,Brazoria,Upper Coast,2023-08-23,2023-09-13,22,2,True,False,2023-08-27,106.63,94.87,22,0,0.0,0.0,False,True,long event,"RETAINED - flagged for review, not deleted"
TX,TMAX_P85_2D__w05,TMAX_P85_2D,TMAX,85,2,w05,48_051_2022_009_TMAX_P85_2D,48051,Burleson,South Central,2022-06-05,2022-06-26,22,1,False,False,2022-06-24,102.02,98.06,22,1,4.5,18.9,False,False,long event,"RETAINED - flagged for review, not deleted"
TX,TMAX_P85_2D__w05,TMAX_P85_2D,TMAX,85,2,w05,48_055_2018_008_TMAX_P85_2D,48055,Caldwell,South Central,2018-05-24,2018-06-14,22,2,True,False,2018-06-06,100.94,95.0,22,0,0.0,0.1,False,True,long event,"RETAINED - flagged for review, not deleted"
TX,TMAX_P85_2D__w05,TMAX_P85_2D,TMAX,85,2,w05,48_057_2023_016_TMAX_P85_2D,48057,Calhoun,Upper Coast,2023-08-24,2023-09-14,22,2,True,False,2023-08-27,99.62,94.46,22,0,0.0,0.1,False,True,long event,"RETAINED - flagged for review, not deleted"
TX,TMAX_P85_2D__w05,TMAX_P85_2D,TMAX,85,2,w05,48_061_2023_012_TMAX_P85_2D,48061,Cameron,Lower Valley,2023-07-30,2023-08-20,22,2,True,False,2023-08-17,100.12,96.51,22,0,0.0,0.0,False,True,long event,"RETAINED - flagged for review, not deleted"
TX,TMAX_P85_2D__w05,TMAX_P85_2D,TMAX,85,2,w05,48_089_2022_009_TMAX_P85_2D,48089,Colorado,South Central,2022-06-06,2022-06-27,22,1,False,False,2022-06-20,101.0,96.98,22,0,0.0,0.0,False,True,long event,"RETAINED - flagged for review, not deleted"
TX,TMAX_P85_2D__w05,TMAX_P85_2D,TMAX,85,2,w05,48_089_2023_011_TMAX_P85_2D,48089,Colorado,South Central,2023-07-31,2023-08-21,22,2,True,False,2023-08-18,106.34,102.02,22,0,0.0,0.0,False,True,long event,"RETAINED - flagged for review, not deleted"
TX,TMAX_P85_2D__w05,TMAX_P85_2D,TMAX,85,2,w05,48_099_2022_008_TMAX_P85_2D,48099,Coryell,North Central,2022-06-05,2022-06-26,22,1,False,False,2022-06-11,104.0,94.01,22,0,0.0,1.4,False,True,long event,"RETAINED - flagged for review, not deleted"
TX,TMAX_P85_2D__w05,TMAX_P85_2D,TMAX,85,2,w05,48_131_2023_016_TMAX_P85_2D,48131,Duval,South Texas,2023-08-01,2023-08-22,22,1,False,False,2023-08-10,109.04,102.72,22,0,0.0,0.7,False,True,long event,"RETAINED - flagged for review, not deleted"
TX,TMAX_P85_2D__w05,TMAX_P85_2D,TMAX,85,2,w05,48_133_2023_016_TMAX_P85_2D,48133,Eastland,North Central,2023-07-24,2023-08-14,22,2,True,False,2023-08-12,107.19,100.78,22,22,100.0,100.0,True,False,long event AND >=50% imputed days,"RETAINED - flagged for review, not deleted"
TX,TMAX_P85_2D__w05,TMAX_P85_2D,TMAX,85,2,w05,48_139_2023_013_TMAX_P85_2D,48139,Ellis,North Central,2023-07-24,2023-08-14,22,2,True,False,2023-08-13,105.53,101.03,22,0,0.0,0.3,False,True,long event,"RETAINED - flagged for review, not deleted"
TX,TMAX_P85_2D__w05,TMAX_P85_2D,TMAX,85,2,w05,48_143_2023_016_TMAX_P85_2D,48143,Erath,North Central,2023-07-24,2023-08-14,22,2,True,False,2023-08-05,107.06,100.94,22,1,4.5,0.9,False,True,long event,"RETAINED - flagged for review, not deleted"
TX,TMAX_P85_2D__w05,TMAX_P85_2D,TMAX,85,2,w05,48_145_2022_010_TMAX_P85_2D,48145,Falls,North Central,2022-06-06,2022-06-27,22,1,False,False,2022-06-24,101.18,96.08,22,22,100.0,88.7,False,False,long event AND >=50% imputed days,"RETAINED - flagged for review, not deleted"
TX,TMAX_P85_2D__w05,TMAX_P85_2D,TMAX,85,2,w05,48_149_2023_014_TMAX_P85_2D,48149,Fayette,South Central,2023-07-31,2023-08-21,22,2,True,False,2023-08-17,106.52,100.49,22,0,0.0,0.6,False,True,long event,"RETAINED - flagged for review, not deleted"
TX,TMAX_P85_2D__w05,TMAX_P85_2D,TMAX,85,2,w05,48_157_2023_012_TMAX_P85_2D,48157,Fort Bend,Upper Coast,2023-07-31,2023-08-21,22,2,True,False,2023-08-20,107.06,98.1,22,0,0.0,0.2,False,True,long event,"RETAINED - flagged for review, not deleted"
TX,TMAX_P85_2D__w05,TMAX_P85_2D,TMAX,85,2,w05,48_167_2022_013_TMAX_P85_2D,48167,Galveston,Upper Coast,2022-04-30,2022-05-21,22,2,True,False,2022-05-16,91.49,85.01,22,0,0.0,0.0,False,True,long event,"RETAINED - flagged for review, not deleted"
TX,TMAX_P85_2D__w05,TMAX_P85_2D,TMAX,85,2,w05,48_185_2022_011_TMAX_P85_2D,48185,Grimes,East Texas,2022-06-06,2022-06-27,22,1,False,False,2022-06-26,100.62,96.72,22,22,100.0,100.0,True,False,long event AND >=50% imputed days,"RETAINED - flagged for review, not deleted"
TX,TMAX_P85_2D__w05,TMAX_P85_2D,TMAX,85,2,w05,48_209_2018_003_TMAX_P85_2D,48209,Hays,South Central,2018-05-25,2018-06-15,22,2,True,False,2018-06-05,99.05,94.42,22,0,0.0,0.7,False,True,long event,"RETAINED - flagged for review, not deleted"
TX,TMAX_P85_2D__w05,TMAX_P85_2D,TMAX,85,2,w05,48_241_2023_016_TMAX_P85_2D,48241,Jasper,East Texas,2023-07-25,2023-08-15,22,2,True,False,2023-08-11,105.98,98.96,22,3,13.6,5.7,False,True,long event,"RETAINED - flagged for review, not deleted"
TX,TMAX_P85_2D__w05,TMAX_P85_2D,TMAX,85,2,w05,48_249_2023_013_TMAX_P85_2D,48249,Jim Wells,South Texas,2023-07-31,2023-08-21,22,2,True,False,2023-08-17,107.51,100.95,22,0,0.0,0.0,False,True,long event,"RETAINED - flagged for review, not deleted"
TX,TMAX_P85_2D__w05,TMAX_P85_2D,TMAX,85,2,w05,48_271_2023_013_TMAX_P85_2D,48271,Kinney,Edwards Plateau,2023-07-31,2023-08-21,22,2,True,False,2023-08-10,105.22,100.04,22,22,100.0,43.5,False,False,long event AND >=50% imputed days,"RETAINED - flagged for review, not deleted"
TX,TMAX_P85_2D__w05,TMAX_P85_2D,TMAX,85,2,w05,48_287_2022_008_TMAX_P85_2D,48287,Lee,South Central,2022-06-06,2022-06-27,22,1,False,False,2022-06-12,101.48,95.54,22,0,0.0,2.2,False,True,long event,"RETAINED - flagged for review, not deleted"
TX,TMAX_P85_2D__w05,TMAX_P85_2D,TMAX,85,2,w05,48_309_2022_012_TMAX_P85_2D,48309,McLennan,North Central,2022-06-06,2022-06-27,22,1,False,False,2022-06-11,104.54,95.0,22,0,0.0,0.0,False,True,long event,"RETAINED - flagged for review, not deleted"
TX,TMAX_P85_2D__w05,TMAX_P85_2D,TMAX,85,2,w05,48_321_2022_004_TMAX_P85_2D,48321,Matagorda,Upper Coast,2022-04-30,2022-05-21,22,2,True,False,2022-05-21,91.49,87.03,22,0,0.0,0.0,False,True,long event,"RETAINED - flagged for review, not deleted"
TX,TMAX_P85_2D__w05,TMAX_P85_2D,TMAX,85,2,w05,48_347_2023_011_TMAX_P85_2D,48347,Nacogdoches,East Texas,2023-07-25,2023-08-15,22,2,True,False,2023-08-10,107.06,99.58,22,0,0.0,1.1,False,True,long event,"RETAINED - flagged for review, not deleted"
TX,TMAX_P85_2D__w05,TMAX_P85_2D,TMAX,85,2,w05,48_363_2023_012_TMAX_P85_2D,48363,Palo Pinto,North Central,2023-07-23,2023-08-13,22,2,True,False,2023-08-11,111.02,103.54,22,0,0.0,1.6,False,True,long event,"RETAINED - flagged for review, not deleted"
TX,TMAX_P85_2D__w05,TMAX_P85_2D,TMAX,85,2,w05,48_373_2022_005_TMAX_P85_2D,48373,Polk,East Texas,2022-06-06,2022-06-27,22,1,False,False,2022-06-26,100.53,96.08,22,22,100.0,86.0,False,False,long event AND >=50% imputed days,"RETAINED - flagged for review, not deleted"
TX,TMAX_P85_2D__w05,TMAX_P85_2D,TMAX,85,2,w05,48_401_2023_015_TMAX_P85_2D,48401,Rusk,East Texas,2023-07-25,2023-08-15,22,2,True,False,2023-08-03,104.66,99.09,22,0,0.0,0.0,False,True,long event,"RETAINED - flagged for review, not deleted"
TX,TMAX_P85_2D__w05,TMAX_P85_2D,TMAX,85,2,w05,48_403_2023_016_TMAX_P85_2D,48403,Sabine,East Texas,2023-07-24,2023-08-14,22,2,True,False,2023-08-11,107.06,98.95,22,0,0.0,1.2,False,True,long event,"RETAINED - flagged for review, not deleted"
TX,TMAX_P85_2D__w05,TMAX_P85_2D,TMAX,85,2,w05,48_405_2023_017_TMAX_P85_2D,48405,San Augustine,East Texas,2023-07-25,2023-08-15,22,2,True,False,2023-08-12,107.06,98.9,22,0,0.0,9.2,False,True,long event,"RETAINED - flagged for review, not deleted"
TX,TMAX_P85_2D__w05,TMAX_P85_2D,TMAX,85,2,w05,48_407_2022_007_TMAX_P85_2D,48407,San Jacinto,East Texas,2022-06-06,2022-06-27,22,1,False,False,2022-06-26,100.48,95.42,22,22,100.0,100.0,True,False,long event AND >=50% imputed days,"RETAINED - flagged for review, not deleted"
TX,TMAX_P85_2D__w05,TMAX_P85_2D,TMAX,85,2,w05,48_417_2023_014_TMAX_P85_2D,48417,Shackelford,North Central,2023-07-24,2023-08-14,22,2,True,False,2023-08-10,110.03,102.02,22,0,0.0,0.1,False,True,long event,"RETAINED - flagged for review, not deleted"
TX,TMAX_P85_2D__w05,TMAX_P85_2D,TMAX,85,2,w05,48_419_2023_013_TMAX_P85_2D,48419,Shelby,East Texas,2023-07-25,2023-08-15,22,2,True,False,2023-08-11,104.55,100.04,22,22,100.0,54.8,False,False,long event AND >=50% imputed days,"RETAINED - flagged for review, not deleted"
TX,TMAX_P85_2D__w05,TMAX_P85_2D,TMAX,85,2,w05,48_439_2023_015_TMAX_P85_2D,48439,Tarrant,North Central,2023-07-24,2023-08-14,22,2,True,False,2023-08-10,107.78,102.33,22,0,0.0,0.0,False,True,long event,"RETAINED - flagged for review, not deleted"
TX,TMAX_P85_2D__w05,TMAX_P85_2D,TMAX,85,2,w05,48_457_2025_014_TMAX_P85_2D,48457,Tyler,East Texas,2025-09-30,2025-10-21,22,2,True,False,2025-10-02,93.68,90.87,22,0,0.0,0.0,False,True,long event,"RETAINED - flagged for review, not deleted"
TX,TMAX_P85_2D__w05,TMAX_P85_2D,TMAX,85,2,w05,48_465_2023_012_TMAX_P85_2D,48465,Val Verde,Edwards Plateau,2023-07-31,2023-08-21,22,2,True,False,2023-08-10,108.38,102.34,22,0,0.0,0.0,False,True,long event,"RETAINED - flagged for review, not deleted"
TX,TMAX_P85_2D__w05,TMAX_P85_2D,TMAX,85,2,w05,48_469_2018_007_TMAX_P85_2D,48469,Victoria,Upper Coast,2018-05-25,2018-06-15,22,2,True,False,2018-06-04,98.51,93.63,22,0,0.0,0.0,False,True,long event,"RETAINED - flagged for review, not deleted"
TX,TMAX_P85_2D__w05,TMAX_P85_2D,TMAX,85,2,w05,48_473_2022_009_TMAX_P85_2D,48473,Waller,East Texas,2022-06-06,2022-06-27,22,1,False,False,2022-06-26,100.11,96.38,22,22,100.0,100.0,True,False,long event AND >=50% imputed days,"RETAINED - flagged for review, not deleted"
TX,TMAX_P85_2D__w05,TMAX_P85_2D,TMAX,85,2,w05,48_491_2022_009_TMAX_P85_2D,48491,Williamson,North Central,2022-06-06,2022-06-27,22,1,False,False,2022-06-12,101.98,95.0,22,0,0.0,0.0,False,True,long event,"RETAINED - flagged for review, not deleted"
TX,TMAX_P85_2D__w05,TMAX_P85_2D,TMAX,85,2,w05,48_493_2023_013_TMAX_P85_2D,48493,Wilson,South Central,2023-07-31,2023-08-21,22,2,True,False,2023-08-18,105.44,102.02,22,22,100.0,61.7,False,False,long event AND >=50% imputed days,"RETAINED - flagged for review, not deleted"
TX,TMAX_P85_2D__w05,TMAX_P85_2D,TMAX,85,2,w05,48_507_2023_014_TMAX_P85_2D,48507,Zavala,South Texas,2023-07-31,2023-08-21,22,2,True,False,2023-08-10,106.03,102.02,22,22,100.0,100.0,True,False,long event AND >=50% imputed days,"RETAINED - flagged for review, not deleted"
TX,TMAX_P85_2D__w15,TMAX_P85_2D,TMAX,85,2,w15,48_007_2018_010_TMAX_P85_2D,48007,Aransas,South Central,2018-05-23,2018-06-13,22,2,True,False,2018-06-04,92.12,89.66,22,0,0.0,0.2,False,True,long event,"RETAINED - flagged for review, not deleted"
TX,TMAX_P85_2D__w15,TMAX_P85_2D,TMAX,85,2,w15,48_029_2023_012_TMAX_P85_2D,48029,Bexar,South Central,2023-07-31,2023-08-21,22,2,True,False,2023-08-17,105.8,100.31,22,0,0.0,0.0,False,True,long event,"RETAINED - flagged for review, not deleted"
TX,TMAX_P85_2D__w15,TMAX_P85_2D,TMAX,85,2,w15,48_039_2023_016_TMAX_P85_2D,48039,Brazoria,Upper Coast,2023-08-23,2023-09-13,22,2,True,False,2023-08-27,106.63,94.78,22,0,0.0,0.0,False,True,long event,"RETAINED - flagged for review, not deleted"
TX,TMAX_P85_2D__w15,TMAX_P85_2D,TMAX,85,2,w15,48_051_2022_009_TMAX_P85_2D,48051,Burleson,South Central,2022-06-05,2022-06-26,22,1,False,False,2022-06-24,102.02,98.06,22,1,4.5,18.9,False,False,long event,"RETAINED - flagged for review, not deleted"
TX,TMAX_P85_2D__w15,TMAX_P85_2D,TMAX,85,2,w15,48_057_2023_017_TMAX_P85_2D,48057,Calhoun,Upper Coast,2023-08-24,2023-09-14,22,2,True,False,2023-08-27,99.62,94.34,22,0,0.0,0.1,False,True,long event,"RETAINED - flagged for review, not deleted"
TX,TMAX_P85_2D__w15,TMAX_P85_2D,TMAX,85,2,w15,48_061_2023_011_TMAX_P85_2D,48061,Cameron,Lower Valley,2023-07-30,2023-08-20,22,2,True,False,2023-08-17,100.12,96.29,22,0,0.0,0.0,False,True,long event,"RETAINED - flagged for review, not deleted"
TX,TMAX_P85_2D__w15,TMAX_P85_2D,TMAX,85,2,w15,48_089_2022_006_TMAX_P85_2D,48089,Colorado,South Central,2022-06-06,2022-06-27,22,1,False,False,2022-06-20,101.0,96.98,22,0,0.0,0.0,False,True,long event,"RETAINED - flagged for review, not deleted"
TX,TMAX_P85_2D__w15,TMAX_P85_2D,TMAX,85,2,w15,48_089_2023_011_TMAX_P85_2D,48089,Colorado,South Central,2023-07-31,2023-08-21,22,2,True,False,2023-08-18,106.34,102.02,22,0,0.0,0.0,False,True,long event,"RETAINED - flagged for review, not deleted"
TX,TMAX_P85_2D__w15,TMAX_P85_2D,TMAX,85,2,w15,48_099_2022_007_TMAX_P85_2D,48099,Coryell,North Central,2022-06-05,2022-06-26,22,1,False,False,2022-06-11,104.0,95.0,22,0,0.0,1.4,False,True,long event,"RETAINED - flagged for review, not deleted"
TX,TMAX_P85_2D__w15,TMAX_P85_2D,TMAX,85,2,w15,48_131_2023_015_TMAX_P85_2D,48131,Duval,South Texas,2023-08-01,2023-08-22,22,1,False,False,2023-08-10,109.04,102.47,22,0,0.0,0.7,False,True,long event,"RETAINED - flagged for review, not deleted"
TX,TMAX_P85_2D__w15,TMAX_P85_2D,TMAX,85,2,w15,48_133_2023_016_TMAX_P85_2D,48133,Eastland,North Central,2023-07-24,2023-08-14,22,2,True,False,2023-08-12,107.19,100.58,22,22,100.0,100.0,True,False,long event AND >=50% imputed days,"RETAINED - flagged for review, not deleted"
TX,TMAX_P85_2D__w15,TMAX_P85_2D,TMAX,85,2,w15,48_139_2023_012_TMAX_P85_2D,48139,Ellis,North Central,2023-07-24,2023-08-14,22,2,True,False,2023-08-13,105.53,101.6,22,0,0.0,0.3,False,True,long event,"RETAINED - flagged for review, not deleted"
TX,TMAX_P85_2D__w15,TMAX_P85_2D,TMAX,85,2,w15,48_145_2022_010_TMAX_P85_2D,48145,Falls,North Central,2022-06-06,2022-06-27,22,1,False,False,2022-06-24,101.18,96.98,22,22,100.0,88.7,False,False,long event AND >=50% imputed days,"RETAINED - flagged for review, not deleted"
TX,TMAX_P85_2D__w15,TMAX_P85_2D,TMAX,85,2,w15,48_149_2023_014_TMAX_P85_2D,48149,Fayette,South Central,2023-07-31,2023-08-21,22,2,True,False,2023-08-17,106.52,100.49,22,0,0.0,0.6,False,True,long event,"RETAINED - flagged for review, not deleted"
TX,TMAX_P85_2D__w15,TMAX_P85_2D,TMAX,85,2,w15,48_157_2023_012_TMAX_P85_2D,48157,Fort Bend,Upper Coast,2023-07-31,2023-08-21,22,2,True,False,2023-08-20,107.06,98.06,22,0,0.0,0.2,False,True,long event,"RETAINED - flagged for review, not deleted"
TX,TMAX_P85_2D__w15,TMAX_P85_2D,TMAX,85,2,w15,48_167_2022_013_TMAX_P85_2D,48167,Galveston,Upper Coast,2022-04-30,2022-05-21,22,2,True,False,2022-05-16,91.49,85.5,22,0,0.0,0.0,False,True,long event,"RETAINED - flagged for review, not deleted"
TX,TMAX_P85_2D__w15,TMAX_P85_2D,TMAX,85,2,w15,48_167_2022_015_TMAX_P85_2D,48167,Galveston,Upper Coast,2022-06-07,2022-06-28,22,1,False,False,2022-06-19,97.52,91.04,22,0,0.0,0.0,False,True,long event,"RETAINED - flagged for review, not deleted"
TX,TMAX_P85_2D__w15,TMAX_P85_2D,TMAX,85,2,w15,48_185_2022_010_TMAX_P85_2D,48185,Grimes,East Texas,2022-06-06,2022-06-27,22,1,False,False,2022-06-26,100.62,96.09,22,22,100.0,100.0,True,False,long event AND >=50% imputed days,"RETAINED - flagged for review, not deleted"
TX,TMAX_P85_2D__w15,TMAX_P85_2D,TMAX,85,2,w15,48_241_2023_017_TMAX_P85_2D,48241,Jasper,East Texas,2023-07-25,2023-08-15,22,2,True,False,2023-08-11,105.98,98.96,22,3,13.6,5.7,False,True,long event,"RETAINED - flagged for review, not deleted"
TX,TMAX_P85_2D__w15,TMAX_P85_2D,TMAX,85,2,w15,48_265_2019_006_TMAX_P85_2D,48265,Kerr,Edwards Plateau,2019-09-16,2019-10-07,22,2,True,False,2019-09-19,97.34,91.94,22,0,0.0,0.0,False,True,long event,"RETAINED - flagged for review, not deleted"
TX,TMAX_P85_2D__w15,TMAX_P85_2D,TMAX,85,2,w15,48_271_2023_013_TMAX_P85_2D,48271,Kinney,Edwards Plateau,2023-07-31,2023-08-21,22,2,True,False,2023-08-10,105.22,100.04,22,22,100.0,43.5,False,False,long event AND >=50% imputed days,"RETAINED - flagged for review, not deleted"
TX,TMAX_P85_2D__w15,TMAX_P85_2D,TMAX,85,2,w15,48_287_2019_004_TMAX_P85_2D,48287,Lee,South Central,2019-08-05,2019-08-26,22,1,False,False,2019-08-12,105.08,100.04,22,0,0.0,2.2,False,True,long event,"RETAINED - flagged for review, not deleted"
TX,TMAX_P85_2D__w15,TMAX_P85_2D,TMAX,85,2,w15,48_287_2022_008_TMAX_P85_2D,48287,Lee,South Central,2022-06-06,2022-06-27,22,1,False,False,2022-06-12,101.48,95.58,22,0,0.0,2.2,False,True,long event,"RETAINED - flagged for review, not deleted"
TX,TMAX_P85_2D__w15,TMAX_P85_2D,TMAX,85,2,w15,48_309_2022_011_TMAX_P85_2D,48309,McLennan,North Central,2022-06-06,2022-06-27,22,1,False,False,2022-06-11,104.54,95.3,22,0,0.0,0.0,False,True,long event,"RETAINED - flagged for review, not deleted"
TX,TMAX_P85_2D__w15,TMAX_P85_2D,TMAX,85,2,w15,48_347_2023_011_TMAX_P85_2D,48347,Nacogdoches,East Texas,2023-07-25,2023-08-15,22,2,True,False,2023-08-10,107.06,100.04,22,0,0.0,1.1,False,True,long event,"RETAINED - flagged for review, not deleted"
TX,TMAX_P85_2D__w15,TMAX_P85_2D,TMAX,85,2,w15,48_363_2023_012_TMAX_P85_2D,48363,Palo Pinto,North Central,2023-07-23,2023-08-13,22,2,True,False,2023-08-11,111.02,102.92,22,0,0.0,1.6,False,True,long event,"RETAINED - flagged for review, not deleted"
TX,TMAX_P85_2D__w15,TMAX_P85_2D,TMAX,85,2,w15,48_373_2022_005_TMAX_P85_2D,48373,Polk,East Texas,2022-06-06,2022-06-27,22,1,False,False,2022-06-26,100.53,96.08,22,22,100.0,86.0,False,False,long event AND >=50% imputed days,"RETAINED - flagged for review, not deleted"
TX,TMAX_P85_2D__w15,TMAX_P85_2D,TMAX,85,2,w15,48_401_2023_014_TMAX_P85_2D,48401,Rusk,East Texas,2023-07-25,2023-08-15,22,2,True,False,2023-08-03,104.66,99.05,22,0,0.0,0.0,False,True,long event,"RETAINED - flagged for review, not deleted"
TX,TMAX_P85_2D__w15,TMAX_P85_2D,TMAX,85,2,w15,48_403_2023_015_TMAX_P85_2D,48403,Sabine,East Texas,2023-07-24,2023-08-14,22,2,True,False,2023-08-11,107.06,98.51,22,0,0.0,1.2,False,True,long event,"RETAINED - flagged for review, not deleted"
TX,TMAX_P85_2D__w15,TMAX_P85_2D,TMAX,85,2,w15,48_405_2023_016_TMAX_P85_2D,48405,San Augustine,East Texas,2023-07-25,2023-08-15,22,2,True,False,2023-08-12,107.06,98.96,22,0,0.0,9.2,False,True,long event,"RETAINED - flagged for review, not deleted"
TX,TMAX_P85_2D__w15,TMAX_P85_2D,TMAX,85,2,w15,48_417_2023_014_TMAX_P85_2D,48417,Shackelford,North Central,2023-07-24,2023-08-14,22,2,True,False,2023-08-10,110.03,102.02,22,0,0.0,0.1,False,True,long event,"RETAINED - flagged for review, not deleted"
TX,TMAX_P85_2D__w15,TMAX_P85_2D,TMAX,85,2,w15,48_419_2023_011_TMAX_P85_2D,48419,Shelby,East Texas,2023-07-25,2023-08-15,22,2,True,False,2023-08-11,104.55,99.24,22,22,100.0,54.8,False,False,long event AND >=50% imputed days,"RETAINED - flagged for review, not deleted"
TX,TMAX_P85_2D__w15,TMAX_P85_2D,TMAX,85,2,w15,48_465_2023_011_TMAX_P85_2D,48465,Val Verde,Edwards Plateau,2023-07-31,2023-08-21,22,2,True,False,2023-08-10,108.38,101.98,22,0,0.0,0.0,False,True,long event,"RETAINED - flagged for review, not deleted"
TX,TMAX_P85_2D__w15,TMAX_P85_2D,TMAX,85,2,w15,48_477_2023_014_TMAX_P85_2D,48477,Washington,South Central,2023-07-31,2023-08-21,22,2,True,False,2023-08-20,104.99,100.74,22,0,0.0,0.3,False,True,long event,"RETAINED - flagged for review, not deleted"
TX,TMAX_P85_2D__w15,TMAX_P85_2D,TMAX,85,2,w15,48_491_2022_007_TMAX_P85_2D,48491,Williamson,North Central,2022-06-06,2022-06-27,22,1,False,False,2022-06-12,101.98,95.36,22,0,0.0,0.0,False,True,long event,"RETAINED - flagged for review, not deleted"
TX,TMAX_P85_2D__w15,TMAX_P85_2D,TMAX,85,2,w15,48_493_2023_012_TMAX_P85_2D,48493,Wilson,South Central,2023-07-31,2023-08-21,22,2,True,False,2023-08-18,105.44,102.02,22,22,100.0,61.7,False,False,long event AND >=50% imputed days,"RETAINED - flagged for review, not deleted"
TX,TMAX_P85_2D__w15,TMAX_P85_2D,TMAX,85,2,w15,48_507_2023_013_TMAX_P85_2D,48507,Zavala,South Texas,2023-07-31,2023-08-21,22,2,True,False,2023-08-10,106.03,102.02,22,22,100.0,100.0,True,False,long event AND >=50% imputed days,"RETAINED - flagged for review, not deleted"
TX,TMAX_P85_3D__month,TMAX_P85_3D,TMAX,85,3,month,48_037_2018_003_TMAX_P85_3D,48037,Bowie,East Texas,2018-05-13,2018-06-03,22,2,True,False,2018-06-02,96.53,93.92,22,0,0.0,0.0,False,True,long event,"RETAINED - flagged for review, not deleted"
TX,TMAX_P85_3D__month,TMAX_P85_3D,TMAX,85,3,month,48_039_2023_010_TMAX_P85_3D,48039,Brazoria,Upper Coast,2023-08-23,2023-09-13,22,2,True,False,2023-08-27,106.63,95.27,22,0,0.0,0.0,False,True,long event,"RETAINED - flagged for review, not deleted"
TX,TMAX_P85_3D__month,TMAX_P85_3D,TMAX,85,3,month,48_057_2023_010_TMAX_P85_3D,48057,Calhoun,Upper Coast,2023-08-24,2023-09-14,22,2,True,False,2023-08-27,99.62,94.46,22,0,0.0,0.1,False,True,long event,"RETAINED - flagged for review, not deleted"
TX,TMAX_P85_3D__month,TMAX_P85_3D,TMAX,85,3,month,48_061_2023_009_TMAX_P85_3D,48061,Cameron,Lower Valley,2023-07-30,2023-08-20,22,2,True,False,2023-08-17,100.12,96.16,22,0,0.0,0.0,False,True,long event,"RETAINED - flagged for review, not deleted"
TX,TMAX_P85_3D__month,TMAX_P85_3D,TMAX,85,3,month,48_083_2022_006_TMAX_P85_3D,48083,Coleman,Low Rolling Plains,2022-06-06,2022-06-27,22,1,False,False,2022-06-12,104.0,96.98,22,0,0.0,0.0,False,True,long event,"RETAINED - flagged for review, not deleted"
TX,TMAX_P85_3D__month,TMAX_P85_3D,TMAX,85,3,month,48_133_2023_009_TMAX_P85_3D,48133,Eastland,North Central,2023-07-24,2023-08-14,22,2,True,False,2023-08-12,107.19,100.49,22,22,100.0,100.0,True,False,long event AND >=50% imputed days,"RETAINED - flagged for review, not deleted"
TX,TMAX_P85_3D__month,TMAX_P85_3D,TMAX,85,3,month,48_139_2023_007_TMAX_P85_3D,48139,Ellis,North Central,2023-07-24,2023-08-14,22,2,True,False,2023-08-13,105.53,101.3,22,0,0.0,0.3,False,True,long event,"RETAINED - flagged for review, not deleted"
TX,TMAX_P85_3D__month,TMAX_P85_3D,TMAX,85,3,month,48_143_2023_010_TMAX_P85_3D,48143,Erath,North Central,2023-07-24,2023-08-14,22,2,True,False,2023-08-05,107.06,100.49,22,1,4.5,0.9,False,True,long event,"RETAINED - flagged for review, not deleted"
TX,TMAX_P85_3D__month,TMAX_P85_3D,TMAX,85,3,month,48_149_2022_005_TMAX_P85_3D,48149,Fayette,South Central,2022-06-06,2022-06-27,22,1,False,False,2022-06-12,103.01,96.44,22,0,0.0,0.6,False,True,long event,"RETAINED - flagged for review, not deleted"
TX,TMAX_P85_3D__month,TMAX_P85_3D,TMAX,85,3,month,48_161_2023_010_TMAX_P85_3D,48161,Freestone,East Texas,2023-07-24,2023-08-14,22,2,True,False,2023-08-11,105.1,100.94,22,22,100.0,100.0,True,False,long event AND >=50% imputed days,"RETAINED - flagged for review, not deleted"
TX,TMAX_P85_3D__month,TMAX_P85_3D,TMAX,85,3,month,48_167_2022_005_TMAX_P85_3D,48167,Galveston,Upper Coast,2022-06-08,2022-06-29,22,1,False,False,2022-06-19,97.52,90.68,22,0,0.0,0.0,False,True,long event,"RETAINED - flagged for review, not deleted"
TX,TMAX_P85_3D__month,TMAX_P85_3D,TMAX,85,3,month,48_169_2023_009_TMAX_P85_3D,48169,Garza,Low Rolling Plains,2023-07-24,2023-08-14,22,2,True,False,2023-08-06,108.5,100.04,22,0,0.0,0.0,False,True,long event,"RETAINED - flagged for review, not deleted"
TX,TMAX_P85_3D__month,TMAX_P85_3D,TMAX,85,3,month,48_171_2023_007_TMAX_P85_3D,48171,Gillespie,Edwards Plateau,2023-07-31,2023-08-21,22,2,True,False,2023-08-17,103.06,98.26,22,0,0.0,0.0,False,True,long event,"RETAINED - flagged for review, not deleted"
TX,TMAX_P85_3D__month,TMAX_P85_3D,TMAX,85,3,month,48_221_2023_009_TMAX_P85_3D,48221,Hood,North Central,2023-07-24,2023-08-14,22,2,True,False,2023-08-10,109.49,101.93,22,0,0.0,0.5,False,True,long event,"RETAINED - flagged for review, not deleted"
TX,TMAX_P85_3D__month,TMAX_P85_3D,TMAX,85,3,month,48_239_2022_005_TMAX_P85_3D,48239,Jackson,Upper Coast,2022-06-07,2022-06-28,22,1,False,False,2022-06-12,99.14,94.58,22,22,100.0,100.0,True,False,long event AND >=50% imputed days,"RETAINED - flagged for review, not deleted"
TX,TMAX_P85_3D__month,TMAX_P85_3D,TMAX,85,3,month,48_241_2023_012_TMAX_P85_3D,48241,Jasper,East Texas,2023-07-25,2023-08-15,22,2,True,False,2023-08-11,105.98,98.06,22,3,13.6,5.7,False,True,long event,"RETAINED - flagged for review, not deleted"
TX,TMAX_P85_3D__month,TMAX_P85_3D,TMAX,85,3,month,48_247_2023_007_TMAX_P85_3D,48247,Jim Hogg,South Texas,2023-07-31,2023-08-21,22,2,True,False,2023-08-10,105.62,101.36,22,22,100.0,100.0,True,False,long event AND >=50% imputed days,"RETAINED - flagged for review, not deleted"
TX,TMAX_P85_3D__month,TMAX_P85_3D,TMAX,85,3,month,48_265_2023_009_TMAX_P85_3D,48265,Kerr,Edwards Plateau,2023-07-31,2023-08-21,22,2,True,False,2023-08-18,104.45,98.06,22,0,0.0,0.0,False,True,long event,"RETAINED - flagged for review, not deleted"
TX,TMAX_P85_3D__month,TMAX_P85_3D,TMAX,85,3,month,48_267_2023_007_TMAX_P85_3D,48267,Kimble,Edwards Plateau,2023-07-31,2023-08-21,22,2,True,False,2023-08-10,107.51,100.49,22,0,0.0,0.0,False,True,long event,"RETAINED - flagged for review, not deleted"
TX,TMAX_P85_3D__month,TMAX_P85_3D,TMAX,85,3,month,48_271_2023_008_TMAX_P85_3D,48271,Kinney,Edwards Plateau,2023-07-31,2023-08-21,22,2,True,False,2023-08-10,105.22,100.04,22,22,100.0,43.5,False,False,long event AND >=50% imputed days,"RETAINED - flagged for review, not deleted"
TX,TMAX_P85_3D__month,TMAX_P85_3D,TMAX,85,3,month,48_289_2023_010_TMAX_P85_3D,48289,Leon,East Texas,2023-07-25,2023-08-15,22,2,True,False,2023-08-11,105.98,99.5,22,0,0.0,1.8,False,True,long event,"RETAINED - flagged for review, not deleted"
TX,TMAX_P85_3D__month,TMAX_P85_3D,TMAX,85,3,month,48_291_2022_005_TMAX_P85_3D,48291,Liberty,Upper Coast,2022-06-08,2022-06-29,22,1,False,False,2022-06-20,100.34,93.62,22,0,0.0,0.0,False,True,long event,"RETAINED - flagged for review, not deleted"
TX,TMAX_P85_3D__month,TMAX_P85_3D,TMAX,85,3,month,48_347_2023_009_TMAX_P85_3D,48347,Nacogdoches,East Texas,2023-07-25,2023-08-15,22,2,True,False,2023-08-10,107.06,100.04,22,0,0.0,1.1,False,True,long event,"RETAINED - flagged for review, not deleted"
TX,TMAX_P85_3D__month,TMAX_P85_3D,TMAX,85,3,month,48_349_2023_008_TMAX_P85_3D,48349,Navarro,North Central,2023-07-25,2023-08-15,22,2,True,False,2023-08-05,106.7,100.64,22,0,0.0,0.0,False,True,long event,"RETAINED - flagged for review, not deleted"
TX,TMAX_P85_3D__month,TMAX_P85_3D,TMAX,85,3,month,48_363_2023_006_TMAX_P85_3D,48363,Palo Pinto,North Central,2023-07-23,2023-08-13,22,2,True,False,2023-08-11,111.02,102.49,22,0,0.0,1.6,False,True,long event,"RETAINED - flagged for review, not deleted"
TX,TMAX_P85_3D__month,TMAX_P85_3D,TMAX,85,3,month,48_367_2023_010_TMAX_P85_3D,48367,Parker,North Central,2023-07-24,2023-08-14,22,2,True,False,2023-08-11,109.49,101.81,22,0,0.0,0.2,False,True,long event,"RETAINED - flagged for review, not deleted"
TX,TMAX_P85_3D__month,TMAX_P85_3D,TMAX,85,3,month,48_401_2023_009_TMAX_P85_3D,48401,Rusk,East Texas,2023-07-25,2023-08-15,22,2,True,False,2023-08-03,104.66,99.04,22,0,0.0,0.0,False,True,long event,"RETAINED - flagged for review, not deleted"
TX,TMAX_P85_3D__month,TMAX_P85_3D,TMAX,85,3,month,48_403_2023_008_TMAX_P85_3D,48403,Sabine,East Texas,2023-07-24,2023-08-14,22,2,True,False,2023-08-11,107.06,98.38,22,0,0.0,1.2,False,True,long event,"RETAINED - flagged for review, not deleted"
TX,TMAX_P85_3D__month,TMAX_P85_3D,TMAX,85,3,month,48_405_2023_009_TMAX_P85_3D,48405,San Augustine,East Texas,2023-07-25,2023-08-15,22,2,True,False,2023-08-12,107.06,98.81,22,0,0.0,9.2,False,True,long event,"RETAINED - flagged for review, not deleted"
TX,TMAX_P85_3D__month,TMAX_P85_3D,TMAX,85,3,month,48_407_2022_004_TMAX_P85_3D,48407,San Jacinto,East Texas,2022-06-08,2022-06-29,22,1,False,False,2022-06-26,100.48,94.51,22,22,100.0,100.0,True,False,long event AND >=50% imputed days,"RETAINED - flagged for review, not deleted"
TX,TMAX_P85_3D__month,TMAX_P85_3D,TMAX,85,3,month,48_417_2023_009_TMAX_P85_3D,48417,Shackelford,North Central,2023-07-24,2023-08-14,22,2,True,False,2023-08-10,110.03,102.02,22,0,0.0,0.1,False,True,long event,"RETAINED - flagged for review, not deleted"
TX,TMAX_P85_3D__month,TMAX_P85_3D,TMAX,85,3,month,48_419_2023_009_TMAX_P85_3D,48419,Shelby,East Texas,2023-07-25,2023-08-15,22,2,True,False,2023-08-11,104.55,100.04,22,22,100.0,54.8,False,False,long event AND >=50% imputed days,"RETAINED - flagged for review, not deleted"
TX,TMAX_P85_3D__month,TMAX_P85_3D,TMAX,85,3,month,48_427_2018_007_TMAX_P85_3D,48427,Starr,South Texas,2018-08-15,2018-09-05,22,2,True,False,2018-08-19,109.04,104.54,22,0,0.0,2.1,False,True,long event,"RETAINED - flagged for review, not deleted"
TX,TMAX_P85_3D__month,TMAX_P85_3D,TMAX,85,3,month,48_439_2023_007_TMAX_P85_3D,48439,Tarrant,North Central,2023-07-24,2023-08-14,22,2,True,False,2023-08-10,107.78,101.66,22,0,0.0,0.0,False,True,long event,"RETAINED - flagged for review, not deleted"
TX,TMAX_P85_3D__month,TMAX_P85_3D,TMAX,85,3,month,48_441_2023_006_TMAX_P85_3D,48441,Taylor,Low Rolling Plains,2023-07-24,2023-08-14,22,2,True,False,2023-08-10,108.5,100.04,22,0,0.0,0.0,False,True,long event,"RETAINED - flagged for review, not deleted"
TX,TMAX_P85_3D__month,TMAX_P85_3D,TMAX,85,3,month,48_447_2023_007_TMAX_P85_3D,48447,Throckmorton,North Central,2023-07-24,2023-08-14,22,2,True,False,2023-08-09,109.04,102.02,22,0,0.0,41.0,False,False,long event,"RETAINED - flagged for review, not deleted"
TX,TMAX_P85_3D__month,TMAX_P85_3D,TMAX,85,3,month,48_465_2023_008_TMAX_P85_3D,48465,Val Verde,Edwards Plateau,2023-07-31,2023-08-21,22,2,True,False,2023-08-10,108.38,101.45,22,0,0.0,0.0,False,True,long event,"RETAINED - flagged for review, not deleted"
TX,TMAX_P85_3D__month,TMAX_P85_3D,TMAX,85,3,month,48_471_2022_005_TMAX_P85_3D,48471,Walker,East Texas,2022-06-08,2022-06-29,22,1,False,False,2022-06-24,101.48,95.0,22,0,0.0,0.0,False,True,long event,"RETAINED - flagged for review, not deleted"
TX,TMAX_P85_3D__month,TMAX_P85_3D,TMAX,85,3,month,48_477_2023_010_TMAX_P85_3D,48477,Washington,South Central,2023-07-31,2023-08-21,22,2,True,False,2023-08-20,104.99,100.49,22,0,0.0,0.3,False,True,long event,"RETAINED - flagged for review, not deleted"
TX,TMAX_P85_3D__month,TMAX_P85_3D,TMAX,85,3,month,48_493_2023_007_TMAX_P85_3D,48493,Wilson,South Central,2023-07-31,2023-08-21,22,2,True,False,2023-08-18,105.44,100.99,22,22,100.0,61.7,False,False,long event AND >=50% imputed days,"RETAINED - flagged for review, not deleted"
TX,TMAX_P85_3D__month,TMAX_P85_3D,TMAX,85,3,month,48_507_2023_007_TMAX_P85_3D,48507,Zavala,South Texas,2023-07-31,2023-08-21,22,2,True,False,2023-08-10,106.03,101.73,22,22,100.0,100.0,True,False,long event AND >=50% imputed days,"RETAINED - flagged for review, not deleted"
TX,TMAX_P85_3D__month_pm7,TMAX_P85_3D,TMAX,85,3,month_pm7,48_007_2024_008_TMAX_P85_3D,48007,Aransas,South Central,2024-08-02,2024-08-23,22,1,False,False,2024-08-21,99.08,93.47,22,0,0.0,0.2,False,True,long event,"RETAINED - flagged for review, not deleted"
TX,TMAX_P85_3D__month_pm7,TMAX_P85_3D,TMAX,85,3,month_pm7,48_021_2022_005_TMAX_P85_3D,48021,Bastrop,South Central,2022-06-06,2022-06-27,22,1,False,False,2022-06-12,102.92,96.74,22,0,0.0,0.3,False,True,long event,"RETAINED - flagged for review, not deleted"
TX,TMAX_P85_3D__month_pm7,TMAX_P85_3D,TMAX,85,3,month_pm7,48_027_2022_006_TMAX_P85_3D,48027,Bell,North Central,2022-06-06,2022-06-27,22,1,False,False,2022-06-11,102.96,96.08,22,0,0.0,0.1,False,True,long event,"RETAINED - flagged for review, not deleted"
TX,TMAX_P85_3D__month_pm7,TMAX_P85_3D,TMAX,85,3,month_pm7,48_037_2018_002_TMAX_P85_3D,48037,Bowie,East Texas,2018-05-13,2018-06-03,22,2,True,False,2018-06-02,96.53,93.92,22,0,0.0,0.0,False,True,long event,"RETAINED - flagged for review, not deleted"
TX,TMAX_P85_3D__month_pm7,TMAX_P85_3D,TMAX,85,3,month_pm7,48_039_2023_011_TMAX_P85_3D,48039,Brazoria,Upper Coast,2023-08-23,2023-09-13,22,2,True,False,2023-08-27,106.63,95.0,22,0,0.0,0.0,False,True,long event,"RETAINED - flagged for review, not deleted"
TX,TMAX_P85_3D__month_pm7,TMAX_P85_3D,TMAX,85,3,month_pm7,48_057_2023_009_TMAX_P85_3D,48057,Calhoun,Upper Coast,2023-08-24,2023-09-14,22,2,True,False,2023-08-27,99.62,94.21,22,0,0.0,0.1,False,True,long event,"RETAINED - flagged for review, not deleted"
TX,TMAX_P85_3D__month_pm7,TMAX_P85_3D,TMAX,85,3,month_pm7,48_061_2023_009_TMAX_P85_3D,48061,Cameron,Lower Valley,2023-07-30,2023-08-20,22,2,True,False,2023-08-17,100.12,96.02,22,0,0.0,0.0,False,True,long event,"RETAINED - flagged for review, not deleted"
TX,TMAX_P85_3D__month_pm7,TMAX_P85_3D,TMAX,85,3,month_pm7,48_083_2022_006_TMAX_P85_3D,48083,Coleman,Low Rolling Plains,2022-06-06,2022-06-27,22,1,False,False,2022-06-12,104.0,96.98,22,0,0.0,0.0,False,True,long event,"RETAINED - flagged for review, not deleted"
TX,TMAX_P85_3D__month_pm7,TMAX_P85_3D,TMAX,85,3,month_pm7,48_133_2023_009_TMAX_P85_3D,48133,Eastland,North Central,2023-07-24,2023-08-14,22,2,True,False,2023-08-12,107.19,100.19,22,22,100.0,100.0,True,False,long event AND >=50% imputed days,"RETAINED - flagged for review, not deleted"
TX,TMAX_P85_3D__month_pm7,TMAX_P85_3D,TMAX,85,3,month_pm7,48_139_2022_009_TMAX_P85_3D,48139,Ellis,North Central,2022-07-15,2022-08-05,22,2,True,False,2022-07-18,108.95,100.03,22,0,0.0,0.3,False,True,long event,"RETAINED - flagged for review, not deleted"
TX,TMAX_P85_3D__month_pm7,TMAX_P85_3D,TMAX,85,3,month_pm7,48_139_2023_007_TMAX_P85_3D,48139,Ellis,North Central,2023-07-24,2023-08-14,22,2,True,False,2023-08-13,105.53,101.0,22,0,0.0,0.3,False,True,long event,"RETAINED - flagged for review, not deleted"
TX,TMAX_P85_3D__month_pm7,TMAX_P85_3D,TMAX,85,3,month_pm7,48_143_2023_010_TMAX_P85_3D,48143,Erath,North Central,2023-07-24,2023-08-14,22,2,True,False,2023-08-05,107.06,100.04,22,1,4.5,0.9,False,True,long event,"RETAINED - flagged for review, not deleted"
TX,TMAX_P85_3D__month_pm7,TMAX_P85_3D,TMAX,85,3,month_pm7,48_149_2022_005_TMAX_P85_3D,48149,Fayette,South Central,2022-06-06,2022-06-27,22,1,False,False,2022-06-12,103.01,96.44,22,0,0.0,0.6,False,True,long event,"RETAINED - flagged for review, not deleted"
TX,TMAX_P85_3D__month_pm7,TMAX_P85_3D,TMAX,85,3,month_pm7,48_167_2022_005_TMAX_P85_3D,48167,Galveston,Upper Coast,2022-06-08,2022-06-29,22,1,False,False,2022-06-19,97.52,90.62,22,0,0.0,0.0,False,True,long event,"RETAINED - flagged for review, not deleted"
TX,TMAX_P85_3D__month_pm7,TMAX_P85_3D,TMAX,85,3,month_pm7,48_221_2023_009_TMAX_P85_3D,48221,Hood,North Central,2023-07-24,2023-08-14,22,2,True,False,2023-08-10,109.49,101.48,22,0,0.0,0.5,False,True,long event,"RETAINED - flagged for review, not deleted"
TX,TMAX_P85_3D__month_pm7,TMAX_P85_3D,TMAX,85,3,month_pm7,48_237_2023_007_TMAX_P85_3D,48237,Jack,North Central,2023-07-24,2023-08-14,22,2,True,False,2023-08-10,109.94,100.94,22,0,0.0,6.3,False,True,long event,"RETAINED - flagged for review, not deleted"
TX,TMAX_P85_3D__month_pm7,TMAX_P85_3D,TMAX,85,3,month_pm7,48_239_2022_005_TMAX_P85_3D,48239,Jackson,Upper Coast,2022-06-07,2022-06-28,22,1,False,False,2022-06-12,99.14,94.55,22,22,100.0,100.0,True,False,long event AND >=50% imputed days,"RETAINED - flagged for review, not deleted"
TX,TMAX_P85_3D__month_pm7,TMAX_P85_3D,TMAX,85,3,month_pm7,48_241_2023_012_TMAX_P85_3D,48241,Jasper,East Texas,2023-07-25,2023-08-15,22,2,True,False,2023-08-11,105.98,98.06,22,3,13.6,5.7,False,True,long event,"RETAINED - flagged for review, not deleted"
TX,TMAX_P85_3D__month_pm7,TMAX_P85_3D,TMAX,85,3,month_pm7,48_247_2023_007_TMAX_P85_3D,48247,Jim Hogg,South Texas,2023-07-31,2023-08-21,22,2,True,False,2023-08-10,105.62,101.01,22,22,100.0,100.0,True,False,long event AND >=50% imputed days,"RETAINED - flagged for review, not deleted"
TX,TMAX_P85_3D__month_pm7,TMAX_P85_3D,TMAX,85,3,month_pm7,48_265_2023_009_TMAX_P85_3D,48265,Kerr,Edwards Plateau,2023-07-31,2023-08-21,22,2,True,False,2023-08-18,104.45,98.06,22,0,0.0,0.0,False,True,long event,"RETAINED - flagged for review, not deleted"
TX,TMAX_P85_3D__month_pm7,TMAX_P85_3D,TMAX,85,3,month_pm7,48_271_2023_008_TMAX_P85_3D,48271,Kinney,Edwards Plateau,2023-07-31,2023-08-21,22,2,True,False,2023-08-10,105.22,100.04,22,22,100.0,43.5,False,False,long event AND >=50% imputed days,"RETAINED - flagged for review, not deleted"
TX,TMAX_P85_3D__month_pm7,TMAX_P85_3D,TMAX,85,3,month_pm7,48_285_2023_009_TMAX_P85_3D,48285,Lavaca,South Central,2023-08-23,2023-09-13,22,2,True,False,2023-08-27,111.02,100.04,22,0,0.0,0.8,False,True,long event,"RETAINED - flagged for review, not deleted"
TX,TMAX_P85_3D__month_pm7,TMAX_P85_3D,TMAX,85,3,month_pm7,48_287_2019_002_TMAX_P85_3D,48287,Lee,South Central,2019-08-05,2019-08-26,22,1,False,False,2019-08-12,105.08,99.95,22,0,0.0,2.2,False,True,long event,"RETAINED - flagged for review, not deleted"
TX,TMAX_P85_3D__month_pm7,TMAX_P85_3D,TMAX,85,3,month_pm7,48_347_2023_008_TMAX_P85_3D,48347,Nacogdoches,East Texas,2023-07-25,2023-08-15,22,2,True,False,2023-08-10,107.06,99.5,22,0,0.0,1.1,False,True,long event,"RETAINED - flagged for review, not deleted"
TX,TMAX_P85_3D__month_pm7,TMAX_P85_3D,TMAX,85,3,month_pm7,48_363_2023_006_TMAX_P85_3D,48363,Palo Pinto,North Central,2023-07-23,2023-08-13,22,2,True,False,2023-08-11,111.02,102.02,22,0,0.0,1.6,False,True,long event,"RETAINED - flagged for review, not deleted"
TX,TMAX_P85_3D__month_pm7,TMAX_P85_3D,TMAX,85,3,month_pm7,48_367_2023_009_TMAX_P85_3D,48367,Parker,North Central,2023-07-24,2023-08-14,22,2,True,False,2023-08-11,109.49,101.48,22,0,0.0,0.2,False,True,long event,"RETAINED - flagged for review, not deleted"
TX,TMAX_P85_3D__month_pm7,TMAX_P85_3D,TMAX,85,3,month_pm7,48_401_2023_007_TMAX_P85_3D,48401,Rusk,East Texas,2023-07-25,2023-08-15,22,2,True,False,2023-08-03,104.66,98.66,22,0,0.0,0.0,False,True,long event,"RETAINED - flagged for review, not deleted"
TX,TMAX_P85_3D__month_pm7,TMAX_P85_3D,TMAX,85,3,month_pm7,48_403_2023_009_TMAX_P85_3D,48403,Sabine,East Texas,2023-07-24,2023-08-14,22,2,True,False,2023-08-11,107.06,98.06,22,0,0.0,1.2,False,True,long event,"RETAINED - flagged for review, not deleted"
TX,TMAX_P85_3D__month_pm7,TMAX_P85_3D,TMAX,85,3,month_pm7,48_405_2023_009_TMAX_P85_3D,48405,San Augustine,East Texas,2023-07-25,2023-08-15,22,2,True,False,2023-08-12,107.06,98.37,22,0,0.0,9.2,False,True,long event,"RETAINED - flagged for review, not deleted"
TX,TMAX_P85_3D__month_pm7,TMAX_P85_3D,TMAX,85,3,month_pm7,48_409_2023_012_TMAX_P85_3D,48409,San Patricio,South Central,2023-08-25,2023-09-15,22,2,True,False,2023-08-28,105.08,97.07,22,1,4.5,6.4,False,True,long event,"RETAINED - flagged for review, not deleted"
TX,TMAX_P85_3D__month_pm7,TMAX_P85_3D,TMAX,85,3,month_pm7,48_417_2023_009_TMAX_P85_3D,48417,Shackelford,North Central,2023-07-24,2023-08-14,22,2,True,False,2023-08-10,110.03,102.02,22,0,0.0,0.1,False,True,long event,"RETAINED - flagged for review, not deleted"
TX,TMAX_P85_3D__month_pm7,TMAX_P85_3D,TMAX,85,3,month_pm7,48_419_2023_009_TMAX_P85_3D,48419,Shelby,East Texas,2023-07-25,2023-08-15,22,2,True,False,2023-08-11,104.55,98.96,22,22,100.0,54.8,False,False,long event AND >=50% imputed days,"RETAINED - flagged for review, not deleted"
TX,TMAX_P85_3D__month_pm7,TMAX_P85_3D,TMAX,85,3,month_pm7,48_439_2023_007_TMAX_P85_3D,48439,Tarrant,North Central,2023-07-24,2023-08-14,22,2,True,False,2023-08-10,107.78,101.48,22,0,0.0,0.0,False,True,long event,"RETAINED - flagged for review, not deleted"
TX,TMAX_P85_3D__month_pm7,TMAX_P85_3D,TMAX,85,3,month_pm7,48_441_2023_006_TMAX_P85_3D,48441,Taylor,Low Rolling Plains,2023-07-24,2023-08-14,22,2,True,False,2023-08-10,108.5,100.04,22,0,0.0,0.0,False,True,long event,"RETAINED - flagged for review, not deleted"
TX,TMAX_P85_3D__month_pm7,TMAX_P85_3D,TMAX,85,3,month_pm7,48_465_2023_008_TMAX_P85_3D,48465,Val Verde,Edwards Plateau,2023-07-31,2023-08-21,22,2,True,False,2023-08-10,108.38,101.3,22,0,0.0,0.0,False,True,long event,"RETAINED - flagged for review, not deleted"
TX,TMAX_P85_3D__month_pm7,TMAX_P85_3D,TMAX,85,3,month_pm7,48_471_2022_005_TMAX_P85_3D,48471,Walker,East Texas,2022-06-08,2022-06-29,22,1,False,False,2022-06-24,101.48,95.0,22,0,0.0,0.0,False,True,long event,"RETAINED - flagged for review, not deleted"
TX,TMAX_P85_3D__month_pm7,TMAX_P85_3D,TMAX,85,3,month_pm7,48_477_2023_010_TMAX_P85_3D,48477,Washington,South Central,2023-07-31,2023-08-21,22,2,True,False,2023-08-20,104.99,100.49,22,0,0.0,0.3,False,True,long event,"RETAINED - flagged for review, not deleted"
TX,TMAX_P85_3D__month_pm7,TMAX_P85_3D,TMAX,85,3,month_pm7,48_491_2022_006_TMAX_P85_3D,48491,Williamson,North Central,2022-06-06,2022-06-27,22,1,False,False,2022-06-12,101.98,96.08,22,0,0.0,0.0,False,True,long event,"RETAINED - flagged for review, not deleted"
TX,TMAX_P85_3D__month_pm7,TMAX_P85_3D,TMAX,85,3,month_pm7,48_493_2023_007_TMAX_P85_3D,48493,Wilson,South Central,2023-07-31,2023-08-21,22,2,True,False,2023-08-18,105.44,100.94,22,22,100.0,61.7,False,False,long event AND >=50% imputed days,"RETAINED - flagged for review, not deleted"
TX,TMAX_P85_3D__month_pm7,TMAX_P85_3D,TMAX,85,3,month_pm7,48_507_2023_008_TMAX_P85_3D,48507,Zavala,South Texas,2023-07-31,2023-08-21,22,2,True,False,2023-08-10,106.03,101.06,22,22,100.0,100.0,True,False,long event AND >=50% imputed days,"RETAINED - flagged for review, not deleted"
TX,TMAX_P85_3D__w05,TMAX_P85_3D,TMAX,85,3,w05,48_007_2018_005_TMAX_P85_3D,48007,Aransas,South Central,2018-05-23,2018-06-13,22,2,True,False,2018-06-04,92.12,89.66,22,0,0.0,0.2,False,True,long event,"RETAINED - flagged for review, not deleted"
TX,TMAX_P85_3D__w05,TMAX_P85_3D,TMAX,85,3,w05,48_027_2022_006_TMAX_P85_3D,48027,Bell,North Central,2022-06-05,2022-06-26,22,1,False,False,2022-06-11,102.96,95.36,22,0,0.0,0.1,False,True,long event,"RETAINED - flagged for review, not deleted"
TX,TMAX_P85_3D__w05,TMAX_P85_3D,TMAX,85,3,w05,48_029_2023_008_TMAX_P85_3D,48029,Bexar,South Central,2023-07-31,2023-08-21,22,2,True,False,2023-08-17,105.8,100.46,22,0,0.0,0.0,False,True,long event,"RETAINED - flagged for review, not deleted"
TX,TMAX_P85_3D__w05,TMAX_P85_3D,TMAX,85,3,w05,48_039_2023_012_TMAX_P85_3D,48039,Brazoria,Upper Coast,2023-08-23,2023-09-13,22,2,True,False,2023-08-27,106.63,94.87,22,0,0.0,0.0,False,True,long event,"RETAINED - flagged for review, not deleted"
TX,TMAX_P85_3D__w05,TMAX_P85_3D,TMAX,85,3,w05,48_051_2022_004_TMAX_P85_3D,48051,Burleson,South Central,2022-06-05,2022-06-26,22,1,False,False,2022-06-24,102.02,98.06,22,1,4.5,18.9,False,False,long event,"RETAINED - flagged for review, not deleted"
TX,TMAX_P85_3D__w05,TMAX_P85_3D,TMAX,85,3,w05,48_055_2018_004_TMAX_P85_3D,48055,Caldwell,South Central,2018-05-24,2018-06-14,22,2,True,False,2018-06-06,100.94,95.0,22,0,0.0,0.1,False,True,long event,"RETAINED - flagged for review, not deleted"
TX,TMAX_P85_3D__w05,TMAX_P85_3D,TMAX,85,3,w05,48_057_2023_013_TMAX_P85_3D,48057,Calhoun,Upper Coast,2023-08-24,2023-09-14,22,2,True,False,2023-08-27,99.62,94.46,22,0,0.0,0.1,False,True,long event,"RETAINED - flagged for review, not deleted"
TX,TMAX_P85_3D__w05,TMAX_P85_3D,TMAX,85,3,w05,48_061_2023_009_TMAX_P85_3D,48061,Cameron,Lower Valley,2023-07-30,2023-08-20,22,2,True,False,2023-08-17,100.12,96.51,22,0,0.0,0.0,False,True,long event,"RETAINED - flagged for review, not deleted"
TX,TMAX_P85_3D__w05,TMAX_P85_3D,TMAX,85,3,w05,48_089_2022_004_TMAX_P85_3D,48089,Colorado,South Central,2022-06-06,2022-06-27,22,1,False,False,2022-06-20,101.0,96.98,22,0,0.0,0.0,False,True,long event,"RETAINED - flagged for review, not deleted"
TX,TMAX_P85_3D__w05,TMAX_P85_3D,TMAX,85,3,w05,48_089_2023_009_TMAX_P85_3D,48089,Colorado,South Central,2023-07-31,2023-08-21,22,2,True,False,2023-08-18,106.34,102.02,22,0,0.0,0.0,False,True,long event,"RETAINED - flagged for review, not deleted"
TX,TMAX_P85_3D__w05,TMAX_P85_3D,TMAX,85,3,w05,48_099_2022_005_TMAX_P85_3D,48099,Coryell,North Central,2022-06-05,2022-06-26,22,1,False,False,2022-06-11,104.0,94.01,22,0,0.0,1.4,False,True,long event,"RETAINED - flagged for review, not deleted"
TX,TMAX_P85_3D__w05,TMAX_P85_3D,TMAX,85,3,w05,48_131_2023_008_TMAX_P85_3D,48131,Duval,South Texas,2023-08-01,2023-08-22,22,1,False,False,2023-08-10,109.04,102.72,22,0,0.0,0.7,False,True,long event,"RETAINED - flagged for review, not deleted"
TX,TMAX_P85_3D__w05,TMAX_P85_3D,TMAX,85,3,w05,48_133_2023_011_TMAX_P85_3D,48133,Eastland,North Central,2023-07-24,2023-08-14,22,2,True,False,2023-08-12,107.19,100.78,22,22,100.0,100.0,True,False,long event AND >=50% imputed days,"RETAINED - flagged for review, not deleted"
TX,TMAX_P85_3D__w05,TMAX_P85_3D,TMAX,85,3,w05,48_139_2023_006_TMAX_P85_3D,48139,Ellis,North Central,2023-07-24,2023-08-14,22,2,True,False,2023-08-13,105.53,101.03,22,0,0.0,0.3,False,True,long event,"RETAINED - flagged for review, not deleted"
TX,TMAX_P85_3D__w05,TMAX_P85_3D,TMAX,85,3,w05,48_143_2023_010_TMAX_P85_3D,48143,Erath,North Central,2023-07-24,2023-08-14,22,2,True,False,2023-08-05,107.06,100.94,22,1,4.5,0.9,False,True,long event,"RETAINED - flagged for review, not deleted"
TX,TMAX_P85_3D__w05,TMAX_P85_3D,TMAX,85,3,w05,48_145_2022_006_TMAX_P85_3D,48145,Falls,North Central,2022-06-06,2022-06-27,22,1,False,False,2022-06-24,101.18,96.08,22,22,100.0,88.7,False,False,long event AND >=50% imputed days,"RETAINED - flagged for review, not deleted"
TX,TMAX_P85_3D__w05,TMAX_P85_3D,TMAX,85,3,w05,48_149_2023_009_TMAX_P85_3D,48149,Fayette,South Central,2023-07-31,2023-08-21,22,2,True,False,2023-08-17,106.52,100.49,22,0,0.0,0.6,False,True,long event,"RETAINED - flagged for review, not deleted"
TX,TMAX_P85_3D__w05,TMAX_P85_3D,TMAX,85,3,w05,48_157_2023_009_TMAX_P85_3D,48157,Fort Bend,Upper Coast,2023-07-31,2023-08-21,22,2,True,False,2023-08-20,107.06,98.1,22,0,0.0,0.2,False,True,long event,"RETAINED - flagged for review, not deleted"
TX,TMAX_P85_3D__w05,TMAX_P85_3D,TMAX,85,3,w05,48_167_2022_005_TMAX_P85_3D,48167,Galveston,Upper Coast,2022-04-30,2022-05-21,22,2,True,False,2022-05-16,91.49,85.01,22,0,0.0,0.0,False,True,long event,"RETAINED - flagged for review, not deleted"
TX,TMAX_P85_3D__w05,TMAX_P85_3D,TMAX,85,3,w05,48_185_2022_007_TMAX_P85_3D,48185,Grimes,East Texas,2022-06-06,2022-06-27,22,1,False,False,2022-06-26,100.62,96.72,22,22,100.0,100.0,True,False,long event AND >=50% imputed days,"RETAINED - flagged for review, not deleted"
TX,TMAX_P85_3D__w05,TMAX_P85_3D,TMAX,85,3,w05,48_209_2018_002_TMAX_P85_3D,48209,Hays,South Central,2018-05-25,2018-06-15,22,2,True,False,2018-06-05,99.05,94.42,22,0,0.0,0.7,False,True,long event,"RETAINED - flagged for review, not deleted"
TX,TMAX_P85_3D__w05,TMAX_P85_3D,TMAX,85,3,w05,48_241_2023_013_TMAX_P85_3D,48241,Jasper,East Texas,2023-07-25,2023-08-15,22,2,True,False,2023-08-11,105.98,98.96,22,3,13.6,5.7,False,True,long event,"RETAINED - flagged for review, not deleted"
TX,TMAX_P85_3D__w05,TMAX_P85_3D,TMAX,85,3,w05,48_249_2023_011_TMAX_P85_3D,48249,Jim Wells,South Texas,2023-07-31,2023-08-21,22,2,True,False,2023-08-17,107.51,100.95,22,0,0.0,0.0,False,True,long event,"RETAINED - flagged for review, not deleted"
TX,TMAX_P85_3D__w05,TMAX_P85_3D,TMAX,85,3,w05,48_271_2023_007_TMAX_P85_3D,48271,Kinney,Edwards Plateau,2023-07-31,2023-08-21,22,2,True,False,2023-08-10,105.22,100.04,22,22,100.0,43.5,False,False,long event AND >=50% imputed days,"RETAINED - flagged for review, not deleted"
TX,TMAX_P85_3D__w05,TMAX_P85_3D,TMAX,85,3,w05,48_287_2022_005_TMAX_P85_3D,48287,Lee,South Central,2022-06-06,2022-06-27,22,1,False,False,2022-06-12,101.48,95.54,22,0,0.0,2.2,False,True,long event,"RETAINED - flagged for review, not deleted"
TX,TMAX_P85_3D__w05,TMAX_P85_3D,TMAX,85,3,w05,48_309_2022_008_TMAX_P85_3D,48309,McLennan,North Central,2022-06-06,2022-06-27,22,1,False,False,2022-06-11,104.54,95.0,22,0,0.0,0.0,False,True,long event,"RETAINED - flagged for review, not deleted"
TX,TMAX_P85_3D__w05,TMAX_P85_3D,TMAX,85,3,w05,48_321_2022_003_TMAX_P85_3D,48321,Matagorda,Upper Coast,2022-04-30,2022-05-21,22,2,True,False,2022-05-21,91.49,87.03,22,0,0.0,0.0,False,True,long event,"RETAINED - flagged for review, not deleted"
TX,TMAX_P85_3D__w05,TMAX_P85_3D,TMAX,85,3,w05,48_347_2023_009_TMAX_P85_3D,48347,Nacogdoches,East Texas,2023-07-25,2023-08-15,22,2,True,False,2023-08-10,107.06,99.58,22,0,0.0,1.1,False,True,long event,"RETAINED - flagged for review, not deleted"
TX,TMAX_P85_3D__w05,TMAX_P85_3D,TMAX,85,3,w05,48_363_2023_006_TMAX_P85_3D,48363,Palo Pinto,North Central,2023-07-23,2023-08-13,22,2,True,False,2023-08-11,111.02,103.54,22,0,0.0,1.6,False,True,long event,"RETAINED - flagged for review, not deleted"
TX,TMAX_P85_3D__w05,TMAX_P85_3D,TMAX,85,3,w05,48_373_2022_003_TMAX_P85_3D,48373,Polk,East Texas,2022-06-06,2022-06-27,22,1,False,False,2022-06-26,100.53,96.08,22,22,100.0,86.0,False,False,long event AND >=50% imputed days,"RETAINED - flagged for review, not deleted"
TX,TMAX_P85_3D__w05,TMAX_P85_3D,TMAX,85,3,w05,48_401_2023_009_TMAX_P85_3D,48401,Rusk,East Texas,2023-07-25,2023-08-15,22,2,True,False,2023-08-03,104.66,99.09,22,0,0.0,0.0,False,True,long event,"RETAINED - flagged for review, not deleted"
TX,TMAX_P85_3D__w05,TMAX_P85_3D,TMAX,85,3,w05,48_403_2023_012_TMAX_P85_3D,48403,Sabine,East Texas,2023-07-24,2023-08-14,22,2,True,False,2023-08-11,107.06,98.95,22,0,0.0,1.2,False,True,long event,"RETAINED - flagged for review, not deleted"
TX,TMAX_P85_3D__w05,TMAX_P85_3D,TMAX,85,3,w05,48_405_2023_009_TMAX_P85_3D,48405,San Augustine,East Texas,2023-07-25,2023-08-15,22,2,True,False,2023-08-12,107.06,98.9,22,0,0.0,9.2,False,True,long event,"RETAINED - flagged for review, not deleted"
TX,TMAX_P85_3D__w05,TMAX_P85_3D,TMAX,85,3,w05,48_407_2022_005_TMAX_P85_3D,48407,San Jacinto,East Texas,2022-06-06,2022-06-27,22,1,False,False,2022-06-26,100.48,95.42,22,22,100.0,100.0,True,False,long event AND >=50% imputed days,"RETAINED - flagged for review, not deleted"
TX,TMAX_P85_3D__w05,TMAX_P85_3D,TMAX,85,3,w05,48_417_2023_008_TMAX_P85_3D,48417,Shackelford,North Central,2023-07-24,2023-08-14,22,2,True,False,2023-08-10,110.03,102.02,22,0,0.0,0.1,False,True,long event,"RETAINED - flagged for review, not deleted"
TX,TMAX_P85_3D__w05,TMAX_P85_3D,TMAX,85,3,w05,48_419_2023_008_TMAX_P85_3D,48419,Shelby,East Texas,2023-07-25,2023-08-15,22,2,True,False,2023-08-11,104.55,100.04,22,22,100.0,54.8,False,False,long event AND >=50% imputed days,"RETAINED - flagged for review, not deleted"
TX,TMAX_P85_3D__w05,TMAX_P85_3D,TMAX,85,3,w05,48_439_2023_007_TMAX_P85_3D,48439,Tarrant,North Central,2023-07-24,2023-08-14,22,2,True,False,2023-08-10,107.78,102.33,22,0,0.0,0.0,False,True,long event,"RETAINED - flagged for review, not deleted"
TX,TMAX_P85_3D__w05,TMAX_P85_3D,TMAX,85,3,w05,48_457_2025_011_TMAX_P85_3D,48457,Tyler,East Texas,2025-09-30,2025-10-21,22,2,True,False,2025-10-02,93.68,90.87,22,0,0.0,0.0,False,True,long event,"RETAINED - flagged for review, not deleted"
TX,TMAX_P85_3D__w05,TMAX_P85_3D,TMAX,85,3,w05,48_465_2023_009_TMAX_P85_3D,48465,Val Verde,Edwards Plateau,2023-07-31,2023-08-21,22,2,True,False,2023-08-10,108.38,102.34,22,0,0.0,0.0,False,True,long event,"RETAINED - flagged for review, not deleted"
TX,TMAX_P85_3D__w05,TMAX_P85_3D,TMAX,85,3,w05,48_469_2018_006_TMAX_P85_3D,48469,Victoria,Upper Coast,2018-05-25,2018-06-15,22,2,True,False,2018-06-04,98.51,93.63,22,0,0.0,0.0,False,True,long event,"RETAINED - flagged for review, not deleted"
TX,TMAX_P85_3D__w05,TMAX_P85_3D,TMAX,85,3,w05,48_473_2022_007_TMAX_P85_3D,48473,Waller,East Texas,2022-06-06,2022-06-27,22,1,False,False,2022-06-26,100.11,96.38,22,22,100.0,100.0,True,False,long event AND >=50% imputed days,"RETAINED - flagged for review, not deleted"
TX,TMAX_P85_3D__w05,TMAX_P85_3D,TMAX,85,3,w05,48_491_2022_005_TMAX_P85_3D,48491,Williamson,North Central,2022-06-06,2022-06-27,22,1,False,False,2022-06-12,101.98,95.0,22,0,0.0,0.0,False,True,long event,"RETAINED - flagged for review, not deleted"
TX,TMAX_P85_3D__w05,TMAX_P85_3D,TMAX,85,3,w05,48_493_2023_009_TMAX_P85_3D,48493,Wilson,South Central,2023-07-31,2023-08-21,22,2,True,False,2023-08-18,105.44,102.02,22,22,100.0,61.7,False,False,long event AND >=50% imputed days,"RETAINED - flagged for review, not deleted"
TX,TMAX_P85_3D__w05,TMAX_P85_3D,TMAX,85,3,w05,48_507_2023_006_TMAX_P85_3D,48507,Zavala,South Texas,2023-07-31,2023-08-21,22,2,True,False,2023-08-10,106.03,102.02,22,22,100.0,100.0,True,False,long event AND >=50% imputed days,"RETAINED - flagged for review, not deleted"
TX,TMAX_P85_3D__w15,TMAX_P85_3D,TMAX,85,3,w15,48_007_2018_005_TMAX_P85_3D,48007,Aransas,South Central,2018-05-23,2018-06-13,22,2,True,False,2018-06-04,92.12,89.66,22,0,0.0,0.2,False,True,long event,"RETAINED - flagged for review, not deleted"
TX,TMAX_P85_3D__w15,TMAX_P85_3D,TMAX,85,3,w15,48_029_2023_007_TMAX_P85_3D,48029,Bexar,South Central,2023-07-31,2023-08-21,22,2,True,False,2023-08-17,105.8,100.31,22,0,0.0,0.0,False,True,long event,"RETAINED - flagged for review, not deleted"
TX,TMAX_P85_3D__w15,TMAX_P85_3D,TMAX,85,3,w15,48_039_2023_011_TMAX_P85_3D,48039,Brazoria,Upper Coast,2023-08-23,2023-09-13,22,2,True,False,2023-08-27,106.63,94.78,22,0,0.0,0.0,False,True,long event,"RETAINED - flagged for review, not deleted"
TX,TMAX_P85_3D__w15,TMAX_P85_3D,TMAX,85,3,w15,48_051_2022_005_TMAX_P85_3D,48051,Burleson,South Central,2022-06-05,2022-06-26,22,1,False,False,2022-06-24,102.02,98.06,22,1,4.5,18.9,False,False,long event,"RETAINED - flagged for review, not deleted"
TX,TMAX_P85_3D__w15,TMAX_P85_3D,TMAX,85,3,w15,48_057_2023_013_TMAX_P85_3D,48057,Calhoun,Upper Coast,2023-08-24,2023-09-14,22,2,True,False,2023-08-27,99.62,94.34,22,0,0.0,0.1,False,True,long event,"RETAINED - flagged for review, not deleted"
TX,TMAX_P85_3D__w15,TMAX_P85_3D,TMAX,85,3,w15,48_061_2023_009_TMAX_P85_3D,48061,Cameron,Lower Valley,2023-07-30,2023-08-20,22,2,True,False,2023-08-17,100.12,96.29,22,0,0.0,0.0,False,True,long event,"RETAINED - flagged for review, not deleted"
TX,TMAX_P85_3D__w15,TMAX_P85_3D,TMAX,85,3,w15,48_089_2022_004_TMAX_P85_3D,48089,Colorado,South Central,2022-06-06,2022-06-27,22,1,False,False,2022-06-20,101.0,96.98,22,0,0.0,0.0,False,True,long event,"RETAINED - flagged for review, not deleted"
TX,TMAX_P85_3D__w15,TMAX_P85_3D,TMAX,85,3,w15,48_089_2023_009_TMAX_P85_3D,48089,Colorado,South Central,2023-07-31,2023-08-21,22,2,True,False,2023-08-18,106.34,102.02,22,0,0.0,0.0,False,True,long event,"RETAINED - flagged for review, not deleted"
TX,TMAX_P85_3D__w15,TMAX_P85_3D,TMAX,85,3,w15,48_099_2022_005_TMAX_P85_3D,48099,Coryell,North Central,2022-06-05,2022-06-26,22,1,False,False,2022-06-11,104.0,95.0,22,0,0.0,1.4,False,True,long event,"RETAINED - flagged for review, not deleted"
TX,TMAX_P85_3D__w15,TMAX_P85_3D,TMAX,85,3,w15,48_131_2023_009_TMAX_P85_3D,48131,Duval,South Texas,2023-08-01,2023-08-22,22,1,False,False,2023-08-10,109.04,102.47,22,0,0.0,0.7,False,True,long event,"RETAINED - flagged for review, not deleted"
TX,TMAX_P85_3D__w15,TMAX_P85_3D,TMAX,85,3,w15,48_133_2023_012_TMAX_P85_3D,48133,Eastland,North Central,2023-07-24,2023-08-14,22,2,True,False,2023-08-12,107.19,100.58,22,22,100.0,100.0,True,False,long event AND >=50% imputed days,"RETAINED - flagged for review, not deleted"
TX,TMAX_P85_3D__w15,TMAX_P85_3D,TMAX,85,3,w15,48_139_2023_006_TMAX_P85_3D,48139,Ellis,North Central,2023-07-24,2023-08-14,22,2,True,False,2023-08-13,105.53,101.6,22,0,0.0,0.3,False,True,long event,"RETAINED - flagged for review, not deleted"
TX,TMAX_P85_3D__w15,TMAX_P85_3D,TMAX,85,3,w15,48_145_2022_005_TMAX_P85_3D,48145,Falls,North Central,2022-06-06,2022-06-27,22,1,False,False,2022-06-24,101.18,96.98,22,22,100.0,88.7,False,False,long event AND >=50% imputed days,"RETAINED - flagged for review, not deleted"
TX,TMAX_P85_3D__w15,TMAX_P85_3D,TMAX,85,3,w15,48_149_2023_008_TMAX_P85_3D,48149,Fayette,South Central,2023-07-31,2023-08-21,22,2,True,False,2023-08-17,106.52,100.49,22,0,0.0,0.6,False,True,long event,"RETAINED - flagged for review, not deleted"
TX,TMAX_P85_3D__w15,TMAX_P85_3D,TMAX,85,3,w15,48_157_2023_009_TMAX_P85_3D,48157,Fort Bend,Upper Coast,2023-07-31,2023-08-21,22,2,True,False,2023-08-20,107.06,98.06,22,0,0.0,0.2,False,True,long event,"RETAINED - flagged for review, not deleted"
TX,TMAX_P85_3D__w15,TMAX_P85_3D,TMAX,85,3,w15,48_167_2022_003_TMAX_P85_3D,48167,Galveston,Upper Coast,2022-04-30,2022-05-21,22,2,True,False,2022-05-16,91.49,85.5,22,0,0.0,0.0,False,True,long event,"RETAINED - flagged for review, not deleted"
TX,TMAX_P85_3D__w15,TMAX_P85_3D,TMAX,85,3,w15,48_167_2022_005_TMAX_P85_3D,48167,Galveston,Upper Coast,2022-06-07,2022-06-28,22,1,False,False,2022-06-19,97.52,91.04,22,0,0.0,0.0,False,True,long event,"RETAINED - flagged for review, not deleted"
TX,TMAX_P85_3D__w15,TMAX_P85_3D,TMAX,85,3,w15,48_185_2022_005_TMAX_P85_3D,48185,Grimes,East Texas,2022-06-06,2022-06-27,22,1,False,False,2022-06-26,100.62,96.09,22,22,100.0,100.0,True,False,long event AND >=50% imputed days,"RETAINED - flagged for review, not deleted"
TX,TMAX_P85_3D__w15,TMAX_P85_3D,TMAX,85,3,w15,48_241_2023_014_TMAX_P85_3D,48241,Jasper,East Texas,2023-07-25,2023-08-15,22,2,True,False,2023-08-11,105.98,98.96,22,3,13.6,5.7,False,True,long event,"RETAINED - flagged for review, not deleted"
TX,TMAX_P85_3D__w15,TMAX_P85_3D,TMAX,85,3,w15,48_265_2019_003_TMAX_P85_3D,48265,Kerr,Edwards Plateau,2019-09-16,2019-10-07,22,2,True,False,2019-09-19,97.34,91.94,22,0,0.0,0.0,False,True,long event,"RETAINED - flagged for review, not deleted"
TX,TMAX_P85_3D__w15,TMAX_P85_3D,TMAX,85,3,w15,48_271_2023_008_TMAX_P85_3D,48271,Kinney,Edwards Plateau,2023-07-31,2023-08-21,22,2,True,False,2023-08-10,105.22,100.04,22,22,100.0,43.5,False,False,long event AND >=50% imputed days,"RETAINED - flagged for review, not deleted"
TX,TMAX_P85_3D__w15,TMAX_P85_3D,TMAX,85,3,w15,48_287_2019_002_TMAX_P85_3D,48287,Lee,South Central,2019-08-05,2019-08-26,22,1,False,False,2019-08-12,105.08,100.04,22,0,0.0,2.2,False,True,long event,"RETAINED - flagged for review, not deleted"
TX,TMAX_P85_3D__w15,TMAX_P85_3D,TMAX,85,3,w15,48_287_2022_004_TMAX_P85_3D,48287,Lee,South Central,2022-06-06,2022-06-27,22,1,False,False,2022-06-12,101.48,95.58,22,0,0.0,2.2,False,True,long event,"RETAINED - flagged for review, not deleted"
TX,TMAX_P85_3D__w15,TMAX_P85_3D,TMAX,85,3,w15,48_309_2022_006_TMAX_P85_3D,48309,McLennan,North Central,2022-06-06,2022-06-27,22,1,False,False,2022-06-11,104.54,95.3,22,0,0.0,0.0,False,True,long event,"RETAINED - flagged for review, not deleted"
TX,TMAX_P85_3D__w15,TMAX_P85_3D,TMAX,85,3,w15,48_347_2023_009_TMAX_P85_3D,48347,Nacogdoches,East Texas,2023-07-25,2023-08-15,22,2,True,False,2023-08-10,107.06,100.04,22,0,0.0,1.1,False,True,long event,"RETAINED - flagged for review, not deleted"
TX,TMAX_P85_3D__w15,TMAX_P85_3D,TMAX,85,3,w15,48_363_2023_007_TMAX_P85_3D,48363,Palo Pinto,North Central,2023-07-23,2023-08-13,22,2,True,False,2023-08-11,111.02,102.92,22,0,0.0,1.6,False,True,long event,"RETAINED - flagged for review, not deleted"
TX,TMAX_P85_3D__w15,TMAX_P85_3D,TMAX,85,3,w15,48_373_2022_003_TMAX_P85_3D,48373,Polk,East Texas,2022-06-06,2022-06-27,22,1,False,False,2022-06-26,100.53,96.08,22,22,100.0,86.0,False,False,long event AND >=50% imputed days,"RETAINED - flagged for review, not deleted"
TX,TMAX_P85_3D__w15,TMAX_P85_3D,TMAX,85,3,w15,48_401_2023_009_TMAX_P85_3D,48401,Rusk,East Texas,2023-07-25,2023-08-15,22,2,True,False,2023-08-03,104.66,99.05,22,0,0.0,0.0,False,True,long event,"RETAINED - flagged for review, not deleted"
TX,TMAX_P85_3D__w15,TMAX_P85_3D,TMAX,85,3,w15,48_403_2023_011_TMAX_P85_3D,48403,Sabine,East Texas,2023-07-24,2023-08-14,22,2,True,False,2023-08-11,107.06,98.51,22,0,0.0,1.2,False,True,long event,"RETAINED - flagged for review, not deleted"
TX,TMAX_P85_3D__w15,TMAX_P85_3D,TMAX,85,3,w15,48_405_2023_010_TMAX_P85_3D,48405,San Augustine,East Texas,2023-07-25,2023-08-15,22,2,True,False,2023-08-12,107.06,98.96,22,0,0.0,9.2,False,True,long event,"RETAINED - flagged for review, not deleted"
TX,TMAX_P85_3D__w15,TMAX_P85_3D,TMAX,85,3,w15,48_417_2023_008_TMAX_P85_3D,48417,Shackelford,North Central,2023-07-24,2023-08-14,22,2,True,False,2023-08-10,110.03,102.02,22,0,0.0,0.1,False,True,long event,"RETAINED - flagged for review, not deleted"
TX,TMAX_P85_3D__w15,TMAX_P85_3D,TMAX,85,3,w15,48_419_2023_008_TMAX_P85_3D,48419,Shelby,East Texas,2023-07-25,2023-08-15,22,2,True,False,2023-08-11,104.55,99.24,22,22,100.0,54.8,False,False,long event AND >=50% imputed days,"RETAINED - flagged for review, not deleted"
TX,TMAX_P85_3D__w15,TMAX_P85_3D,TMAX,85,3,w15,48_465_2023_007_TMAX_P85_3D,48465,Val Verde,Edwards Plateau,2023-07-31,2023-08-21,22,2,True,False,2023-08-10,108.38,101.98,22,0,0.0,0.0,False,True,long event,"RETAINED - flagged for review, not deleted"
TX,TMAX_P85_3D__w15,TMAX_P85_3D,TMAX,85,3,w15,48_477_2023_011_TMAX_P85_3D,48477,Washington,South Central,2023-07-31,2023-08-21,22,2,True,False,2023-08-20,104.99,100.74,22,0,0.0,0.3,False,True,long event,"RETAINED - flagged for review, not deleted"
TX,TMAX_P85_3D__w15,TMAX_P85_3D,TMAX,85,3,w15,48_491_2022_005_TMAX_P85_3D,48491,Williamson,North Central,2022-06-06,2022-06-27,22,1,False,False,2022-06-12,101.98,95.36,22,0,0.0,0.0,False,True,long event,"RETAINED - flagged for review, not deleted"
TX,TMAX_P85_3D__w15,TMAX_P85_3D,TMAX,85,3,w15,48_493_2023_007_TMAX_P85_3D,48493,Wilson,South Central,2023-07-31,2023-08-21,22,2,True,False,2023-08-18,105.44,102.02,22,22,100.0,61.7,False,False,long event AND >=50% imputed days,"RETAINED - flagged for review, not deleted"
TX,TMAX_P85_3D__w15,TMAX_P85_3D,TMAX,85,3,w15,48_507_2023_007_TMAX_P85_3D,48507,Zavala,South Texas,2023-07-31,2023-08-21,22,2,True,False,2023-08-10,106.03,102.02,22,22,100.0,100.0,True,False,long event AND >=50% imputed days,"RETAINED - flagged for review, not deleted"
TX,TMAX_P90_2D__month,TMAX_P90_2D,TMAX,90,2,month,48_005_2023_012_TMAX_P90_2D,48005,Angelina,East Texas,2023-07-24,2023-08-14,22,2,True,False,2023-08-10,105.98,99.46,22,0,0.0,0.0,False,True,long event,"RETAINED - flagged for review, not deleted"
TX,TMAX_P90_2D__month,TMAX_P90_2D,TMAX,90,2,month,48_039_2023_016_TMAX_P90_2D,48039,Brazoria,Upper Coast,2023-08-23,2023-09-13,22,2,True,False,2023-08-27,106.63,95.98,22,0,0.0,0.0,False,True,long event,"RETAINED - flagged for review, not deleted"
TX,TMAX_P90_2D__month,TMAX_P90_2D,TMAX,90,2,month,48_057_2023_013_TMAX_P90_2D,48057,Calhoun,Upper Coast,2023-08-24,2023-09-14,22,2,True,False,2023-08-27,99.62,95.0,22,0,0.0,0.1,False,True,long event,"RETAINED - flagged for review, not deleted"
TX,TMAX_P90_2D__month,TMAX_P90_2D,TMAX,90,2,month,48_061_2023_009_TMAX_P90_2D,48061,Cameron,Lower Valley,2023-06-13,2023-07-04,22,2,True,False,2023-06-21,99.42,94.67,22,0,0.0,0.0,False,True,long event,"RETAINED - flagged for review, not deleted"
TX,TMAX_P90_2D__month,TMAX_P90_2D,TMAX,90,2,month,48_061_2023_012_TMAX_P90_2D,48061,Cameron,Lower Valley,2023-07-30,2023-08-20,22,2,True,False,2023-08-17,100.12,96.59,22,0,0.0,0.0,False,True,long event,"RETAINED - flagged for review, not deleted"
TX,TMAX_P90_2D__month,TMAX_P90_2D,TMAX,90,2,month,48_091_2023_007_TMAX_P90_2D,48091,Comal,South Central,2023-08-01,2023-08-22,22,1,False,False,2023-08-18,105.08,100.04,22,0,0.0,7.8,False,True,long event,"RETAINED - flagged for review, not deleted"
TX,TMAX_P90_2D__month,TMAX_P90_2D,TMAX,90,2,month,48_123_2023_012_TMAX_P90_2D,48123,DeWitt,South Central,2023-08-25,2023-09-15,22,2,True,False,2023-09-07,109.04,97.97,22,0,0.0,1.4,False,True,long event,"RETAINED - flagged for review, not deleted"
TX,TMAX_P90_2D__month,TMAX_P90_2D,TMAX,90,2,month,48_133_2023_012_TMAX_P90_2D,48133,Eastland,North Central,2023-07-24,2023-08-14,22,2,True,False,2023-08-12,107.19,101.42,22,22,100.0,100.0,True,False,long event AND >=50% imputed days,"RETAINED - flagged for review, not deleted"
TX,TMAX_P90_2D__month,TMAX_P90_2D,TMAX,90,2,month,48_145_2023_012_TMAX_P90_2D,48145,Falls,North Central,2023-07-24,2023-08-14,22,2,True,False,2023-08-10,105.82,100.94,22,22,100.0,88.7,False,False,long event AND >=50% imputed days,"RETAINED - flagged for review, not deleted"
TX,TMAX_P90_2D__month,TMAX_P90_2D,TMAX,90,2,month,48_149_2023_012_TMAX_P90_2D,48149,Fayette,South Central,2023-07-31,2023-08-21,22,2,True,False,2023-08-17,106.52,101.03,22,0,0.0,0.6,False,True,long event,"RETAINED - flagged for review, not deleted"
TX,TMAX_P90_2D__month,TMAX_P90_2D,TMAX,90,2,month,48_157_2023_011_TMAX_P90_2D,48157,Fort Bend,Upper Coast,2023-07-31,2023-08-21,22,2,True,False,2023-08-20,107.06,98.51,22,0,0.0,0.2,False,True,long event,"RETAINED - flagged for review, not deleted"
TX,TMAX_P90_2D__month,TMAX_P90_2D,TMAX,90,2,month,48_201_2023_014_TMAX_P90_2D,48201,Harris,Upper Coast,2023-08-23,2023-09-13,22,2,True,False,2023-08-27,109.7,98.51,22,0,0.0,0.0,False,True,long event,"RETAINED - flagged for review, not deleted"
TX,TMAX_P90_2D__month,TMAX_P90_2D,TMAX,90,2,month,48_217_2023_012_TMAX_P90_2D,48217,Hill,North Central,2023-07-24,2023-08-14,22,2,True,False,2023-08-11,108.5,102.02,22,0,0.0,0.0,False,True,long event,"RETAINED - flagged for review, not deleted"
TX,TMAX_P90_2D__month,TMAX_P90_2D,TMAX,90,2,month,48_241_2023_014_TMAX_P90_2D,48241,Jasper,East Texas,2023-07-25,2023-08-15,22,2,True,False,2023-08-11,105.98,98.96,22,3,13.6,5.7,False,True,long event,"RETAINED - flagged for review, not deleted"
TX,TMAX_P90_2D__month,TMAX_P90_2D,TMAX,90,2,month,48_255_2023_010_TMAX_P90_2D,48255,Karnes,South Central,2023-07-31,2023-08-21,22,2,True,False,2023-08-18,105.16,100.94,22,22,100.0,100.0,True,False,long event AND >=50% imputed days,"RETAINED - flagged for review, not deleted"
TX,TMAX_P90_2D__month,TMAX_P90_2D,TMAX,90,2,month,48_267_2023_008_TMAX_P90_2D,48267,Kimble,Edwards Plateau,2023-07-31,2023-08-21,22,2,True,False,2023-08-10,107.51,101.48,22,0,0.0,0.0,False,True,long event,"RETAINED - flagged for review, not deleted"
TX,TMAX_P90_2D__month,TMAX_P90_2D,TMAX,90,2,month,48_271_2023_008_TMAX_P90_2D,48271,Kinney,Edwards Plateau,2023-07-31,2023-08-21,22,2,True,False,2023-08-10,105.22,100.49,22,22,100.0,43.5,False,False,long event AND >=50% imputed days,"RETAINED - flagged for review, not deleted"
TX,TMAX_P90_2D__month,TMAX_P90_2D,TMAX,90,2,month,48_285_2023_013_TMAX_P90_2D,48285,Lavaca,South Central,2023-08-23,2023-09-13,22,2,True,False,2023-08-27,111.02,100.94,22,0,0.0,0.8,False,True,long event,"RETAINED - flagged for review, not deleted"
TX,TMAX_P90_2D__month,TMAX_P90_2D,TMAX,90,2,month,48_325_2023_012_TMAX_P90_2D,48325,Medina,South Central,2023-07-31,2023-08-21,22,2,True,False,2023-08-09,107.06,101.34,22,0,0.0,0.5,False,True,long event,"RETAINED - flagged for review, not deleted"
TX,TMAX_P90_2D__month,TMAX_P90_2D,TMAX,90,2,month,48_339_2022_007_TMAX_P90_2D,48339,Montgomery,East Texas,2022-06-08,2022-06-29,22,1,False,False,2022-06-26,101.88,96.76,22,0,0.0,0.0,False,True,long event,"RETAINED - flagged for review, not deleted"
TX,TMAX_P90_2D__month,TMAX_P90_2D,TMAX,90,2,month,48_409_2023_014_TMAX_P90_2D,48409,San Patricio,South Central,2023-08-25,2023-09-15,22,2,True,False,2023-08-28,105.08,98.06,22,1,4.5,6.4,False,True,long event,"RETAINED - flagged for review, not deleted"
TX,TMAX_P90_2D__month,TMAX_P90_2D,TMAX,90,2,month,48_417_2023_008_TMAX_P90_2D,48417,Shackelford,North Central,2023-07-24,2023-08-14,22,2,True,False,2023-08-10,110.03,102.92,22,0,0.0,0.1,False,True,long event,"RETAINED - flagged for review, not deleted"
TX,TMAX_P90_2D__month,TMAX_P90_2D,TMAX,90,2,month,48_443_2015_008_TMAX_P90_2D,48443,Terrell,Trans-Pecos,2015-07-25,2015-08-15,22,2,True,False,2015-08-14,105.98,100.04,22,0,0.0,2.6,False,True,long event,"RETAINED - flagged for review, not deleted"
TX,TMAX_P90_2D__month,TMAX_P90_2D,TMAX,90,2,month,48_465_2023_015_TMAX_P90_2D,48465,Val Verde,Edwards Plateau,2023-07-31,2023-08-21,22,2,True,False,2023-08-10,108.38,102.24,22,0,0.0,0.0,False,True,long event,"RETAINED - flagged for review, not deleted"
TX,TMAX_P90_2D__month,TMAX_P90_2D,TMAX,90,2,month,48_469_2023_012_TMAX_P90_2D,48469,Victoria,Upper Coast,2023-08-24,2023-09-14,22,2,True,False,2023-08-27,106.28,99.28,22,0,0.0,0.0,False,True,long event,"RETAINED - flagged for review, not deleted"
TX,TMAX_P90_2D__month,TMAX_P90_2D,TMAX,90,2,month,48_489_2018_004_TMAX_P90_2D,48489,Willacy,Lower Valley,2018-05-23,2018-06-13,22,2,True,False,2018-06-06,99.05,95.0,22,22,100.0,30.0,False,False,long event AND >=50% imputed days,"RETAINED - flagged for review, not deleted"
TX,TMAX_P90_2D__month,TMAX_P90_2D,TMAX,90,2,month,48_491_2022_007_TMAX_P90_2D,48491,Williamson,North Central,2022-06-06,2022-06-27,22,1,False,False,2022-06-12,101.98,97.04,22,0,0.0,0.0,False,True,long event,"RETAINED - flagged for review, not deleted"
TX,TMAX_P90_2D__month,TMAX_P90_2D,TMAX,90,2,month,48_507_2023_007_TMAX_P90_2D,48507,Zavala,South Texas,2023-07-31,2023-08-21,22,2,True,False,2023-08-10,106.03,102.05,22,22,100.0,100.0,True,False,long event AND >=50% imputed days,"RETAINED - flagged for review, not deleted"
TX,TMAX_P90_2D__month_pm7,TMAX_P90_2D,TMAX,90,2,month_pm7,48_029_2023_011_TMAX_P90_2D,48029,Bexar,South Central,2023-07-31,2023-08-21,22,2,True,False,2023-08-17,105.8,100.7,22,0,0.0,0.0,False,True,long event,"RETAINED - flagged for review, not deleted"
TX,TMAX_P90_2D__month_pm7,TMAX_P90_2D,TMAX,90,2,month_pm7,48_057_2023_015_TMAX_P90_2D,48057,Calhoun,Upper Coast,2023-08-24,2023-09-14,22,2,True,False,2023-08-27,99.62,94.95,22,0,0.0,0.1,False,True,long event,"RETAINED - flagged for review, not deleted"
TX,TMAX_P90_2D__month_pm7,TMAX_P90_2D,TMAX,90,2,month_pm7,48_061_2023_009_TMAX_P90_2D,48061,Cameron,Lower Valley,2023-06-13,2023-07-04,22,2,True,False,2023-06-21,99.42,94.7,22,0,0.0,0.0,False,True,long event,"RETAINED - flagged for review, not deleted"
TX,TMAX_P90_2D__month_pm7,TMAX_P90_2D,TMAX,90,2,month_pm7,48_061_2023_012_TMAX_P90_2D,48061,Cameron,Lower Valley,2023-07-30,2023-08-20,22,2,True,False,2023-08-17,100.12,96.47,22,0,0.0,0.0,False,True,long event,"RETAINED - flagged for review, not deleted"
TX,TMAX_P90_2D__month_pm7,TMAX_P90_2D,TMAX,90,2,month_pm7,48_123_2023_012_TMAX_P90_2D,48123,DeWitt,South Central,2023-08-25,2023-09-15,22,2,True,False,2023-09-07,109.04,98.51,22,0,0.0,1.4,False,True,long event,"RETAINED - flagged for review, not deleted"
TX,TMAX_P90_2D__month_pm7,TMAX_P90_2D,TMAX,90,2,month_pm7,48_133_2023_011_TMAX_P90_2D,48133,Eastland,North Central,2023-07-24,2023-08-14,22,2,True,False,2023-08-12,107.19,101.04,22,22,100.0,100.0,True,False,long event AND >=50% imputed days,"RETAINED - flagged for review, not deleted"
TX,TMAX_P90_2D__month_pm7,TMAX_P90_2D,TMAX,90,2,month_pm7,48_145_2023_012_TMAX_P90_2D,48145,Falls,North Central,2023-07-24,2023-08-14,22,2,True,False,2023-08-10,105.82,100.94,22,22,100.0,88.7,False,False,long event AND >=50% imputed days,"RETAINED - flagged for review, not deleted"
TX,TMAX_P90_2D__month_pm7,TMAX_P90_2D,TMAX,90,2,month_pm7,48_149_2023_010_TMAX_P90_2D,48149,Fayette,South Central,2023-07-31,2023-08-21,22,2,True,False,2023-08-17,106.52,100.98,22,0,0.0,0.6,False,True,long event,"RETAINED - flagged for review, not deleted"
TX,TMAX_P90_2D__month_pm7,TMAX_P90_2D,TMAX,90,2,month_pm7,48_157_2023_011_TMAX_P90_2D,48157,Fort Bend,Upper Coast,2023-07-31,2023-08-21,22,2,True,False,2023-08-20,107.06,98.51,22,0,0.0,0.2,False,True,long event,"RETAINED - flagged for review, not deleted"
TX,TMAX_P90_2D__month_pm7,TMAX_P90_2D,TMAX,90,2,month_pm7,48_217_2023_011_TMAX_P90_2D,48217,Hill,North Central,2023-07-24,2023-08-14,22,2,True,False,2023-08-11,108.5,101.48,22,0,0.0,0.0,False,True,long event,"RETAINED - flagged for review, not deleted"
TX,TMAX_P90_2D__month_pm7,TMAX_P90_2D,TMAX,90,2,month_pm7,48_241_2023_013_TMAX_P90_2D,48241,Jasper,East Texas,2023-07-25,2023-08-15,22,2,True,False,2023-08-11,105.98,98.96,22,3,13.6,5.7,False,True,long event,"RETAINED - flagged for review, not deleted"
TX,TMAX_P90_2D__month_pm7,TMAX_P90_2D,TMAX,90,2,month_pm7,48_255_2023_010_TMAX_P90_2D,48255,Karnes,South Central,2023-07-31,2023-08-21,22,2,True,False,2023-08-18,105.16,100.94,22,22,100.0,100.0,True,False,long event AND >=50% imputed days,"RETAINED - flagged for review, not deleted"
TX,TMAX_P90_2D__month_pm7,TMAX_P90_2D,TMAX,90,2,month_pm7,48_267_2023_008_TMAX_P90_2D,48267,Kimble,Edwards Plateau,2023-07-31,2023-08-21,22,2,True,False,2023-08-10,107.51,101.03,22,0,0.0,0.0,False,True,long event,"RETAINED - flagged for review, not deleted"
TX,TMAX_P90_2D__month_pm7,TMAX_P90_2D,TMAX,90,2,month_pm7,48_271_2023_008_TMAX_P90_2D,48271,Kinney,Edwards Plateau,2023-07-31,2023-08-21,22,2,True,False,2023-08-10,105.22,100.49,22,22,100.0,43.5,False,False,long event AND >=50% imputed days,"RETAINED - flagged for review, not deleted"
TX,TMAX_P90_2D__month_pm7,TMAX_P90_2D,TMAX,90,2,month_pm7,48_325_2023_012_TMAX_P90_2D,48325,Medina,South Central,2023-07-31,2023-08-21,22,2,True,False,2023-08-09,107.06,101.03,22,0,0.0,0.5,False,True,long event,"RETAINED - flagged for review, not deleted"
TX,TMAX_P90_2D__month_pm7,TMAX_P90_2D,TMAX,90,2,month_pm7,48_339_2022_006_TMAX_P90_2D,48339,Montgomery,East Texas,2022-06-08,2022-06-29,22,1,False,False,2022-06-26,101.88,96.8,22,0,0.0,0.0,False,True,long event,"RETAINED - flagged for review, not deleted"
TX,TMAX_P90_2D__month_pm7,TMAX_P90_2D,TMAX,90,2,month_pm7,48_409_2023_016_TMAX_P90_2D,48409,San Patricio,South Central,2023-08-25,2023-09-15,22,2,True,False,2023-08-28,105.08,98.06,22,1,4.5,6.4,False,True,long event,"RETAINED - flagged for review, not deleted"
TX,TMAX_P90_2D__month_pm7,TMAX_P90_2D,TMAX,90,2,month_pm7,48_417_2023_008_TMAX_P90_2D,48417,Shackelford,North Central,2023-07-24,2023-08-14,22,2,True,False,2023-08-10,110.03,102.92,22,0,0.0,0.1,False,True,long event,"RETAINED - flagged for review, not deleted"
TX,TMAX_P90_2D__month_pm7,TMAX_P90_2D,TMAX,90,2,month_pm7,48_443_2015_008_TMAX_P90_2D,48443,Terrell,Trans-Pecos,2015-07-25,2015-08-15,22,2,True,False,2015-08-14,105.98,100.04,22,0,0.0,2.6,False,True,long event,"RETAINED - flagged for review, not deleted"
TX,TMAX_P90_2D__month_pm7,TMAX_P90_2D,TMAX,90,2,month_pm7,48_465_2023_013_TMAX_P90_2D,48465,Val Verde,Edwards Plateau,2023-07-31,2023-08-21,22,2,True,False,2023-08-10,108.38,102.03,22,0,0.0,0.0,False,True,long event,"RETAINED - flagged for review, not deleted"
TX,TMAX_P90_2D__month_pm7,TMAX_P90_2D,TMAX,90,2,month_pm7,48_469_2023_013_TMAX_P90_2D,48469,Victoria,Upper Coast,2023-08-24,2023-09-14,22,2,True,False,2023-08-27,106.28,98.96,22,0,0.0,0.0,False,True,long event,"RETAINED - flagged for review, not deleted"
TX,TMAX_P90_2D__month_pm7,TMAX_P90_2D,TMAX,90,2,month_pm7,48_491_2022_007_TMAX_P90_2D,48491,Williamson,North Central,2022-06-06,2022-06-27,22,1,False,False,2022-06-12,101.98,97.3,22,0,0.0,0.0,False,True,long event,"RETAINED - flagged for review, not deleted"
TX,TMAX_P90_2D__month_pm7,TMAX_P90_2D,TMAX,90,2,month_pm7,48_507_2023_008_TMAX_P90_2D,48507,Zavala,South Texas,2023-07-31,2023-08-21,22,2,True,False,2023-08-10,106.03,102.02,22,22,100.0,100.0,True,False,long event AND >=50% imputed days,"RETAINED - flagged for review, not deleted"
TX,TMAX_P90_2D__w05,TMAX_P90_2D,TMAX,90,2,w05,48_005_2023_014_TMAX_P90_2D,48005,Angelina,East Texas,2023-07-24,2023-08-14,22,2,True,False,2023-08-10,105.98,99.02,22,0,0.0,0.0,False,True,long event,"RETAINED - flagged for review, not deleted"
TX,TMAX_P90_2D__w05,TMAX_P90_2D,TMAX,90,2,w05,48_061_2023_010_TMAX_P90_2D,48061,Cameron,Lower Valley,2023-06-13,2023-07-04,22,2,True,False,2023-06-21,99.42,94.82,22,0,0.0,0.0,False,True,long event,"RETAINED - flagged for review, not deleted"
TX,TMAX_P90_2D__w05,TMAX_P90_2D,TMAX,90,2,w05,48_061_2023_013_TMAX_P90_2D,48061,Cameron,Lower Valley,2023-07-30,2023-08-20,22,2,True,False,2023-08-17,100.12,96.98,22,0,0.0,0.0,False,True,long event,"RETAINED - flagged for review, not deleted"
TX,TMAX_P90_2D__w05,TMAX_P90_2D,TMAX,90,2,w05,48_093_2023_012_TMAX_P90_2D,48093,Comanche,North Central,2023-07-23,2023-08-13,22,2,True,False,2023-08-05,113.0,102.48,22,0,0.0,3.9,False,True,long event,"RETAINED - flagged for review, not deleted"
TX,TMAX_P90_2D__w05,TMAX_P90_2D,TMAX,90,2,w05,48_123_2023_014_TMAX_P90_2D,48123,DeWitt,South Central,2023-08-25,2023-09-15,22,2,True,False,2023-09-07,109.04,98.06,22,0,0.0,1.4,False,True,long event,"RETAINED - flagged for review, not deleted"
TX,TMAX_P90_2D__w05,TMAX_P90_2D,TMAX,90,2,w05,48_133_2023_014_TMAX_P90_2D,48133,Eastland,North Central,2023-07-24,2023-08-14,22,2,True,False,2023-08-12,107.19,101.56,22,22,100.0,100.0,True,False,long event AND >=50% imputed days,"RETAINED - flagged for review, not deleted"
TX,TMAX_P90_2D__w05,TMAX_P90_2D,TMAX,90,2,w05,48_149_2023_011_TMAX_P90_2D,48149,Fayette,South Central,2023-07-31,2023-08-21,22,2,True,False,2023-08-17,106.52,100.95,22,0,0.0,0.6,False,True,long event,"RETAINED - flagged for review, not deleted"
TX,TMAX_P90_2D__w05,TMAX_P90_2D,TMAX,90,2,w05,48_157_2023_013_TMAX_P90_2D,48157,Fort Bend,Upper Coast,2023-07-31,2023-08-21,22,2,True,False,2023-08-20,107.06,98.96,22,0,0.0,0.2,False,True,long event,"RETAINED - flagged for review, not deleted"
TX,TMAX_P90_2D__w05,TMAX_P90_2D,TMAX,90,2,w05,48_167_2022_012_TMAX_P90_2D,48167,Galveston,Upper Coast,2022-04-30,2022-05-21,22,2,True,False,2022-05-16,91.49,85.64,22,0,0.0,0.0,False,True,long event,"RETAINED - flagged for review, not deleted"
TX,TMAX_P90_2D__w05,TMAX_P90_2D,TMAX,90,2,w05,48_177_2023_012_TMAX_P90_2D,48177,Gonzales,South Central,2023-07-31,2023-08-21,22,2,True,False,2023-08-18,107.0,101.96,22,0,0.0,0.0,False,True,long event,"RETAINED - flagged for review, not deleted"
TX,TMAX_P90_2D__w05,TMAX_P90_2D,TMAX,90,2,w05,48_185_2022_007_TMAX_P90_2D,48185,Grimes,East Texas,2022-06-06,2022-06-27,22,1,False,False,2022-06-26,100.62,98.42,22,22,100.0,100.0,True,False,long event AND >=50% imputed days,"RETAINED - flagged for review, not deleted"
TX,TMAX_P90_2D__w05,TMAX_P90_2D,TMAX,90,2,w05,48_187_2023_014_TMAX_P90_2D,48187,Guadalupe,South Central,2023-07-31,2023-08-21,22,2,True,False,2023-08-10,107.06,102.02,22,0,0.0,0.0,False,True,long event,"RETAINED - flagged for review, not deleted"
TX,TMAX_P90_2D__w05,TMAX_P90_2D,TMAX,90,2,w05,48_241_2023_016_TMAX_P90_2D,48241,Jasper,East Texas,2023-07-25,2023-08-15,22,2,True,False,2023-08-11,105.98,100.04,22,3,13.6,5.7,False,True,long event,"RETAINED - flagged for review, not deleted"
TX,TMAX_P90_2D__w05,TMAX_P90_2D,TMAX,90,2,w05,48_255_2023_013_TMAX_P90_2D,48255,Karnes,South Central,2023-07-31,2023-08-21,22,2,True,False,2023-08-18,105.16,100.94,22,22,100.0,100.0,True,False,long event AND >=50% imputed days,"RETAINED - flagged for review, not deleted"
TX,TMAX_P90_2D__w05,TMAX_P90_2D,TMAX,90,2,w05,48_267_2023_009_TMAX_P90_2D,48267,Kimble,Edwards Plateau,2023-07-31,2023-08-21,22,2,True,False,2023-08-10,107.51,102.02,22,0,0.0,0.0,False,True,long event,"RETAINED - flagged for review, not deleted"
TX,TMAX_P90_2D__w05,TMAX_P90_2D,TMAX,90,2,w05,48_271_2023_010_TMAX_P90_2D,48271,Kinney,Edwards Plateau,2023-07-31,2023-08-21,22,2,True,False,2023-08-10,105.22,100.49,22,22,100.0,43.5,False,False,long event AND >=50% imputed days,"RETAINED - flagged for review, not deleted"
TX,TMAX_P90_2D__w05,TMAX_P90_2D,TMAX,90,2,w05,48_325_2023_013_TMAX_P90_2D,48325,Medina,South Central,2023-07-31,2023-08-21,22,2,True,False,2023-08-09,107.06,101.93,22,0,0.0,0.5,False,True,long event,"RETAINED - flagged for review, not deleted"
TX,TMAX_P90_2D__w05,TMAX_P90_2D,TMAX,90,2,w05,48_465_2023_012_TMAX_P90_2D,48465,Val Verde,Edwards Plateau,2023-07-31,2023-08-21,22,2,True,False,2023-08-10,108.38,102.7,22,0,0.0,0.0,False,True,long event,"RETAINED - flagged for review, not deleted"
TX,TMAX_P90_2D__w05,TMAX_P90_2D,TMAX,90,2,w05,48_473_2022_006_TMAX_P90_2D,48473,Waller,East Texas,2022-06-06,2022-06-27,22,1,False,False,2022-06-26,100.11,97.86,22,22,100.0,100.0,True,False,long event AND >=50% imputed days,"RETAINED - flagged for review, not deleted"
TX,TMAX_P90_2D__w05,TMAX_P90_2D,TMAX,90,2,w05,48_491_2022_007_TMAX_P90_2D,48491,Williamson,North Central,2022-06-06,2022-06-27,22,1,False,False,2022-06-12,101.98,96.03,22,0,0.0,0.0,False,True,long event,"RETAINED - flagged for review, not deleted"
TX,TMAX_P90_2D__w15,TMAX_P90_2D,TMAX,90,2,w15,48_005_2023_012_TMAX_P90_2D,48005,Angelina,East Texas,2023-07-24,2023-08-14,22,2,True,False,2023-08-10,105.98,99.05,22,0,0.0,0.0,False,True,long event,"RETAINED - flagged for review, not deleted"
TX,TMAX_P90_2D__w15,TMAX_P90_2D,TMAX,90,2,w15,48_039_2023_019_TMAX_P90_2D,48039,Brazoria,Upper Coast,2023-08-23,2023-09-13,22,2,True,False,2023-08-27,106.63,95.51,22,0,0.0,0.0,False,True,long event,"RETAINED - flagged for review, not deleted"
TX,TMAX_P90_2D__w15,TMAX_P90_2D,TMAX,90,2,w15,48_057_2023_016_TMAX_P90_2D,48057,Calhoun,Upper Coast,2023-08-24,2023-09-14,22,2,True,False,2023-08-27,99.62,95.0,22,0,0.0,0.1,False,True,long event,"RETAINED - flagged for review, not deleted"
TX,TMAX_P90_2D__w15,TMAX_P90_2D,TMAX,90,2,w15,48_061_2023_013_TMAX_P90_2D,48061,Cameron,Lower Valley,2023-07-30,2023-08-20,22,2,True,False,2023-08-17,100.12,96.65,22,0,0.0,0.0,False,True,long event,"RETAINED - flagged for review, not deleted"
TX,TMAX_P90_2D__w15,TMAX_P90_2D,TMAX,90,2,w15,48_091_2023_008_TMAX_P90_2D,48091,Comal,South Central,2023-08-01,2023-08-22,22,1,False,False,2023-08-18,105.08,100.49,22,0,0.0,7.8,False,True,long event,"RETAINED - flagged for review, not deleted"
TX,TMAX_P90_2D__w15,TMAX_P90_2D,TMAX,90,2,w15,48_093_2023_014_TMAX_P90_2D,48093,Comanche,North Central,2023-07-23,2023-08-13,22,2,True,False,2023-08-05,113.0,102.92,22,0,0.0,3.9,False,True,long event,"RETAINED - flagged for review, not deleted"
TX,TMAX_P90_2D__w15,TMAX_P90_2D,TMAX,90,2,w15,48_123_2023_014_TMAX_P90_2D,48123,DeWitt,South Central,2023-08-25,2023-09-15,22,2,True,False,2023-09-07,109.04,99.55,22,0,0.0,1.4,False,True,long event,"RETAINED - flagged for review, not deleted"
TX,TMAX_P90_2D__w15,TMAX_P90_2D,TMAX,90,2,w15,48_149_2022_008_TMAX_P90_2D,48149,Fayette,South Central,2022-06-06,2022-06-27,22,1,False,False,2022-06-12,103.01,97.04,22,0,0.0,0.6,False,True,long event,"RETAINED - flagged for review, not deleted"
TX,TMAX_P90_2D__w15,TMAX_P90_2D,TMAX,90,2,w15,48_149_2023_011_TMAX_P90_2D,48149,Fayette,South Central,2023-07-31,2023-08-21,22,2,True,False,2023-08-17,106.52,101.48,22,0,0.0,0.6,False,True,long event,"RETAINED - flagged for review, not deleted"
TX,TMAX_P90_2D__w15,TMAX_P90_2D,TMAX,90,2,w15,48_157_2023_013_TMAX_P90_2D,48157,Fort Bend,Upper Coast,2023-07-31,2023-08-21,22,2,True,False,2023-08-20,107.06,98.51,22,0,0.0,0.2,False,True,long event,"RETAINED - flagged for review, not deleted"
TX,TMAX_P90_2D__w15,TMAX_P90_2D,TMAX,90,2,w15,48_177_2023_012_TMAX_P90_2D,48177,Gonzales,South Central,2023-07-31,2023-08-21,22,2,True,False,2023-08-18,107.0,101.66,22,0,0.0,0.0,False,True,long event,"RETAINED - flagged for review, not deleted"
TX,TMAX_P90_2D__w15,TMAX_P90_2D,TMAX,90,2,w15,48_185_2022_007_TMAX_P90_2D,48185,Grimes,East Texas,2022-06-06,2022-06-27,22,1,False,False,2022-06-26,100.62,97.43,22,22,100.0,100.0,True,False,long event AND >=50% imputed days,"RETAINED - flagged for review, not deleted"
TX,TMAX_P90_2D__w15,TMAX_P90_2D,TMAX,90,2,w15,48_215_2023_009_TMAX_P90_2D,48215,Hidalgo,Lower Valley,2023-06-13,2023-07-04,22,2,True,False,2023-06-21,107.49,99.78,22,0,0.0,0.0,False,True,long event,"RETAINED - flagged for review, not deleted"
TX,TMAX_P90_2D__w15,TMAX_P90_2D,TMAX,90,2,w15,48_239_2022_008_TMAX_P90_2D,48239,Jackson,Upper Coast,2022-06-06,2022-06-27,22,1,False,False,2022-06-12,99.14,94.85,22,22,100.0,100.0,True,False,long event AND >=50% imputed days,"RETAINED - flagged for review, not deleted"
TX,TMAX_P90_2D__w15,TMAX_P90_2D,TMAX,90,2,w15,48_241_2023_016_TMAX_P90_2D,48241,Jasper,East Texas,2023-07-25,2023-08-15,22,2,True,False,2023-08-11,105.98,99.21,22,3,13.6,5.7,False,True,long event,"RETAINED - flagged for review, not deleted"
TX,TMAX_P90_2D__w15,TMAX_P90_2D,TMAX,90,2,w15,48_255_2023_013_TMAX_P90_2D,48255,Karnes,South Central,2023-07-31,2023-08-21,22,2,True,False,2023-08-18,105.16,100.94,22,22,100.0,100.0,True,False,long event AND >=50% imputed days,"RETAINED - flagged for review, not deleted"
TX,TMAX_P90_2D__w15,TMAX_P90_2D,TMAX,90,2,w15,48_267_2023_010_TMAX_P90_2D,48267,Kimble,Edwards Plateau,2023-07-31,2023-08-21,22,2,True,False,2023-08-10,107.51,101.93,22,0,0.0,0.0,False,True,long event,"RETAINED - flagged for review, not deleted"
TX,TMAX_P90_2D__w15,TMAX_P90_2D,TMAX,90,2,w15,48_271_2023_009_TMAX_P90_2D,48271,Kinney,Edwards Plateau,2023-07-31,2023-08-21,22,2,True,False,2023-08-10,105.22,100.94,22,22,100.0,43.5,False,False,long event AND >=50% imputed days,"RETAINED - flagged for review, not deleted"
TX,TMAX_P90_2D__w15,TMAX_P90_2D,TMAX,90,2,w15,48_285_2023_016_TMAX_P90_2D,48285,Lavaca,South Central,2023-08-23,2023-09-13,22,2,True,False,2023-08-27,111.02,100.04,22,0,0.0,0.8,False,True,long event,"RETAINED - flagged for review, not deleted"
TX,TMAX_P90_2D__w15,TMAX_P90_2D,TMAX,90,2,w15,48_309_2022_010_TMAX_P90_2D,48309,McLennan,North Central,2022-06-06,2022-06-27,22,1,False,False,2022-06-11,104.54,96.16,22,0,0.0,0.0,False,True,long event,"RETAINED - flagged for review, not deleted"
TX,TMAX_P90_2D__w15,TMAX_P90_2D,TMAX,90,2,w15,48_325_2023_012_TMAX_P90_2D,48325,Medina,South Central,2023-07-31,2023-08-21,22,2,True,False,2023-08-09,107.06,101.66,22,0,0.0,0.5,False,True,long event,"RETAINED - flagged for review, not deleted"
TX,TMAX_P90_2D__w15,TMAX_P90_2D,TMAX,90,2,w15,48_465_2023_013_TMAX_P90_2D,48465,Val Verde,Edwards Plateau,2023-07-31,2023-08-21,22,2,True,False,2023-08-10,108.38,102.68,22,0,0.0,0.0,False,True,long event,"RETAINED - flagged for review, not deleted"
TX,TMAX_P90_2D__w15,TMAX_P90_2D,TMAX,90,2,w15,48_473_2022_006_TMAX_P90_2D,48473,Waller,East Texas,2022-06-06,2022-06-27,22,1,False,False,2022-06-26,100.11,97.19,22,22,100.0,100.0,True,False,long event AND >=50% imputed days,"RETAINED - flagged for review, not deleted"
TX,TMAX_P90_2D__w15,TMAX_P90_2D,TMAX,90,2,w15,48_491_2022_006_TMAX_P90_2D,48491,Williamson,North Central,2022-06-06,2022-06-27,22,1,False,False,2022-06-12,101.98,96.38,22,0,0.0,0.0,False,True,long event,"RETAINED - flagged for review, not deleted"
TX,TMAX_P90_3D__month,TMAX_P90_3D,TMAX,90,3,month,48_005_2023_006_TMAX_P90_3D,48005,Angelina,East Texas,2023-07-24,2023-08-14,22,2,True,False,2023-08-10,105.98,99.46,22,0,0.0,0.0,False,True,long event,"RETAINED - flagged for review, not deleted"
TX,TMAX_P90_3D__month,TMAX_P90_3D,TMAX,90,3,month,48_039_2023_011_TMAX_P90_3D,48039,Brazoria,Upper Coast,2023-08-23,2023-09-13,22,2,True,False,2023-08-27,106.63,95.98,22,0,0.0,0.0,False,True,long event,"RETAINED - flagged for review, not deleted"
TX,TMAX_P90_3D__month,TMAX_P90_3D,TMAX,90,3,month,48_057_2023_012_TMAX_P90_3D,48057,Calhoun,Upper Coast,2023-08-24,2023-09-14,22,2,True,False,2023-08-27,99.62,95.0,22,0,0.0,0.1,False,True,long event,"RETAINED - flagged for review, not deleted"
TX,TMAX_P90_3D__month,TMAX_P90_3D,TMAX,90,3,month,48_061_2023_007_TMAX_P90_3D,48061,Cameron,Lower Valley,2023-06-13,2023-07-04,22,2,True,False,2023-06-21,99.42,94.67,22,0,0.0,0.0,False,True,long event,"RETAINED - flagged for review, not deleted"
TX,TMAX_P90_3D__month,TMAX_P90_3D,TMAX,90,3,month,48_061_2023_010_TMAX_P90_3D,48061,Cameron,Lower Valley,2023-07-30,2023-08-20,22,2,True,False,2023-08-17,100.12,96.59,22,0,0.0,0.0,False,True,long event,"RETAINED - flagged for review, not deleted"
TX,TMAX_P90_3D__month,TMAX_P90_3D,TMAX,90,3,month,48_091_2023_004_TMAX_P90_3D,48091,Comal,South Central,2023-08-01,2023-08-22,22,1,False,False,2023-08-18,105.08,100.04,22,0,0.0,7.8,False,True,long event,"RETAINED - flagged for review, not deleted"
TX,TMAX_P90_3D__month,TMAX_P90_3D,TMAX,90,3,month,48_123_2023_010_TMAX_P90_3D,48123,DeWitt,South Central,2023-08-25,2023-09-15,22,2,True,False,2023-09-07,109.04,97.97,22,0,0.0,1.4,False,True,long event,"RETAINED - flagged for review, not deleted"
TX,TMAX_P90_3D__month,TMAX_P90_3D,TMAX,90,3,month,48_133_2023_008_TMAX_P90_3D,48133,Eastland,North Central,2023-07-24,2023-08-14,22,2,True,False,2023-08-12,107.19,101.42,22,22,100.0,100.0,True,False,long event AND >=50% imputed days,"RETAINED - flagged for review, not deleted"
TX,TMAX_P90_3D__month,TMAX_P90_3D,TMAX,90,3,month,48_145_2023_009_TMAX_P90_3D,48145,Falls,North Central,2023-07-24,2023-08-14,22,2,True,False,2023-08-10,105.82,100.94,22,22,100.0,88.7,False,False,long event AND >=50% imputed days,"RETAINED - flagged for review, not deleted"
TX,TMAX_P90_3D__month,TMAX_P90_3D,TMAX,90,3,month,48_149_2023_007_TMAX_P90_3D,48149,Fayette,South Central,2023-07-31,2023-08-21,22,2,True,False,2023-08-17,106.52,101.03,22,0,0.0,0.6,False,True,long event,"RETAINED - flagged for review, not deleted"
TX,TMAX_P90_3D__month,TMAX_P90_3D,TMAX,90,3,month,48_157_2023_008_TMAX_P90_3D,48157,Fort Bend,Upper Coast,2023-07-31,2023-08-21,22,2,True,False,2023-08-20,107.06,98.51,22,0,0.0,0.2,False,True,long event,"RETAINED - flagged for review, not deleted"
TX,TMAX_P90_3D__month,TMAX_P90_3D,TMAX,90,3,month,48_201_2023_009_TMAX_P90_3D,48201,Harris,Upper Coast,2023-08-23,2023-09-13,22,2,True,False,2023-08-27,109.7,98.51,22,0,0.0,0.0,False,True,long event,"RETAINED - flagged for review, not deleted"
TX,TMAX_P90_3D__month,TMAX_P90_3D,TMAX,90,3,month,48_217_2023_010_TMAX_P90_3D,48217,Hill,North Central,2023-07-24,2023-08-14,22,2,True,False,2023-08-11,108.5,102.02,22,0,0.0,0.0,False,True,long event,"RETAINED - flagged for review, not deleted"
TX,TMAX_P90_3D__month,TMAX_P90_3D,TMAX,90,3,month,48_241_2023_011_TMAX_P90_3D,48241,Jasper,East Texas,2023-07-25,2023-08-15,22,2,True,False,2023-08-11,105.98,98.96,22,3,13.6,5.7,False,True,long event,"RETAINED - flagged for review, not deleted"
TX,TMAX_P90_3D__month,TMAX_P90_3D,TMAX,90,3,month,48_255_2023_007_TMAX_P90_3D,48255,Karnes,South Central,2023-07-31,2023-08-21,22,2,True,False,2023-08-18,105.16,100.94,22,22,100.0,100.0,True,False,long event AND >=50% imputed days,"RETAINED - flagged for review, not deleted"
TX,TMAX_P90_3D__month,TMAX_P90_3D,TMAX,90,3,month,48_267_2023_005_TMAX_P90_3D,48267,Kimble,Edwards Plateau,2023-07-31,2023-08-21,22,2,True,False,2023-08-10,107.51,101.48,22,0,0.0,0.0,False,True,long event,"RETAINED - flagged for review, not deleted"
TX,TMAX_P90_3D__month,TMAX_P90_3D,TMAX,90,3,month,48_271_2023_004_TMAX_P90_3D,48271,Kinney,Edwards Plateau,2023-07-31,2023-08-21,22,2,True,False,2023-08-10,105.22,100.49,22,22,100.0,43.5,False,False,long event AND >=50% imputed days,"RETAINED - flagged for review, not deleted"
TX,TMAX_P90_3D__month,TMAX_P90_3D,TMAX,90,3,month,48_285_2023_010_TMAX_P90_3D,48285,Lavaca,South Central,2023-08-23,2023-09-13,22,2,True,False,2023-08-27,111.02,100.94,22,0,0.0,0.8,False,True,long event,"RETAINED - flagged for review, not deleted"
TX,TMAX_P90_3D__month,TMAX_P90_3D,TMAX,90,3,month,48_325_2023_008_TMAX_P90_3D,48325,Medina,South Central,2023-07-31,2023-08-21,22,2,True,False,2023-08-09,107.06,101.34,22,0,0.0,0.5,False,True,long event,"RETAINED - flagged for review, not deleted"
TX,TMAX_P90_3D__month,TMAX_P90_3D,TMAX,90,3,month,48_339_2022_004_TMAX_P90_3D,48339,Montgomery,East Texas,2022-06-08,2022-06-29,22,1,False,False,2022-06-26,101.88,96.76,22,0,0.0,0.0,False,True,long event,"RETAINED - flagged for review, not deleted"
TX,TMAX_P90_3D__month,TMAX_P90_3D,TMAX,90,3,month,48_409_2023_010_TMAX_P90_3D,48409,San Patricio,South Central,2023-08-25,2023-09-15,22,2,True,False,2023-08-28,105.08,98.06,22,1,4.5,6.4,False,True,long event,"RETAINED - flagged for review, not deleted"
TX,TMAX_P90_3D__month,TMAX_P90_3D,TMAX,90,3,month,48_417_2023_007_TMAX_P90_3D,48417,Shackelford,North Central,2023-07-24,2023-08-14,22,2,True,False,2023-08-10,110.03,102.92,22,0,0.0,0.1,False,True,long event,"RETAINED - flagged for review, not deleted"
TX,TMAX_P90_3D__month,TMAX_P90_3D,TMAX,90,3,month,48_443_2015_004_TMAX_P90_3D,48443,Terrell,Trans-Pecos,2015-07-25,2015-08-15,22,2,True,False,2015-08-14,105.98,100.04,22,0,0.0,2.6,False,True,long event,"RETAINED - flagged for review, not deleted"
TX,TMAX_P90_3D__month,TMAX_P90_3D,TMAX,90,3,month,48_465_2023_009_TMAX_P90_3D,48465,Val Verde,Edwards Plateau,2023-07-31,2023-08-21,22,2,True,False,2023-08-10,108.38,102.24,22,0,0.0,0.0,False,True,long event,"RETAINED - flagged for review, not deleted"
TX,TMAX_P90_3D__month,TMAX_P90_3D,TMAX,90,3,month,48_469_2023_008_TMAX_P90_3D,48469,Victoria,Upper Coast,2023-08-24,2023-09-14,22,2,True,False,2023-08-27,106.28,99.28,22,0,0.0,0.0,False,True,long event,"RETAINED - flagged for review, not deleted"
TX,TMAX_P90_3D__month,TMAX_P90_3D,TMAX,90,3,month,48_489_2018_004_TMAX_P90_3D,48489,Willacy,Lower Valley,2018-05-23,2018-06-13,22,2,True,False,2018-06-06,99.05,95.0,22,22,100.0,30.0,False,False,long event AND >=50% imputed days,"RETAINED - flagged for review, not deleted"
TX,TMAX_P90_3D__month,TMAX_P90_3D,TMAX,90,3,month,48_491_2022_005_TMAX_P90_3D,48491,Williamson,North Central,2022-06-06,2022-06-27,22,1,False,False,2022-06-12,101.98,97.04,22,0,0.0,0.0,False,True,long event,"RETAINED - flagged for review, not deleted"
TX,TMAX_P90_3D__month,TMAX_P90_3D,TMAX,90,3,month,48_507_2023_004_TMAX_P90_3D,48507,Zavala,South Texas,2023-07-31,2023-08-21,22,2,True,False,2023-08-10,106.03,102.05,22,22,100.0,100.0,True,False,long event AND >=50% imputed days,"RETAINED - flagged for review, not deleted"
TX,TMAX_P90_3D__month_pm7,TMAX_P90_3D,TMAX,90,3,month_pm7,48_029_2023_006_TMAX_P90_3D,48029,Bexar,South Central,2023-07-31,2023-08-21,22,2,True,False,2023-08-17,105.8,100.7,22,0,0.0,0.0,False,True,long event,"RETAINED - flagged for review, not deleted"
TX,TMAX_P90_3D__month_pm7,TMAX_P90_3D,TMAX,90,3,month_pm7,48_057_2023_012_TMAX_P90_3D,48057,Calhoun,Upper Coast,2023-08-24,2023-09-14,22,2,True,False,2023-08-27,99.62,94.95,22,0,0.0,0.1,False,True,long event,"RETAINED - flagged for review, not deleted"
TX,TMAX_P90_3D__month_pm7,TMAX_P90_3D,TMAX,90,3,month_pm7,48_061_2023_007_TMAX_P90_3D,48061,Cameron,Lower Valley,2023-06-13,2023-07-04,22,2,True,False,2023-06-21,99.42,94.7,22,0,0.0,0.0,False,True,long event,"RETAINED - flagged for review, not deleted"
TX,TMAX_P90_3D__month_pm7,TMAX_P90_3D,TMAX,90,3,month_pm7,48_061_2023_010_TMAX_P90_3D,48061,Cameron,Lower Valley,2023-07-30,2023-08-20,22,2,True,False,2023-08-17,100.12,96.47,22,0,0.0,0.0,False,True,long event,"RETAINED - flagged for review, not deleted"
TX,TMAX_P90_3D__month_pm7,TMAX_P90_3D,TMAX,90,3,month_pm7,48_123_2023_010_TMAX_P90_3D,48123,DeWitt,South Central,2023-08-25,2023-09-15,22,2,True,False,2023-09-07,109.04,98.51,22,0,0.0,1.4,False,True,long event,"RETAINED - flagged for review, not deleted"
TX,TMAX_P90_3D__month_pm7,TMAX_P90_3D,TMAX,90,3,month_pm7,48_133_2023_007_TMAX_P90_3D,48133,Eastland,North Central,2023-07-24,2023-08-14,22,2,True,False,2023-08-12,107.19,101.04,22,22,100.0,100.0,True,False,long event AND >=50% imputed days,"RETAINED - flagged for review, not deleted"
TX,TMAX_P90_3D__month_pm7,TMAX_P90_3D,TMAX,90,3,month_pm7,48_145_2023_008_TMAX_P90_3D,48145,Falls,North Central,2023-07-24,2023-08-14,22,2,True,False,2023-08-10,105.82,100.94,22,22,100.0,88.7,False,False,long event AND >=50% imputed days,"RETAINED - flagged for review, not deleted"
TX,TMAX_P90_3D__month_pm7,TMAX_P90_3D,TMAX,90,3,month_pm7,48_149_2023_007_TMAX_P90_3D,48149,Fayette,South Central,2023-07-31,2023-08-21,22,2,True,False,2023-08-17,106.52,100.98,22,0,0.0,0.6,False,True,long event,"RETAINED - flagged for review, not deleted"
TX,TMAX_P90_3D__month_pm7,TMAX_P90_3D,TMAX,90,3,month_pm7,48_157_2023_008_TMAX_P90_3D,48157,Fort Bend,Upper Coast,2023-07-31,2023-08-21,22,2,True,False,2023-08-20,107.06,98.51,22,0,0.0,0.2,False,True,long event,"RETAINED - flagged for review, not deleted"
TX,TMAX_P90_3D__month_pm7,TMAX_P90_3D,TMAX,90,3,month_pm7,48_217_2023_010_TMAX_P90_3D,48217,Hill,North Central,2023-07-24,2023-08-14,22,2,True,False,2023-08-11,108.5,101.48,22,0,0.0,0.0,False,True,long event,"RETAINED - flagged for review, not deleted"
TX,TMAX_P90_3D__month_pm7,TMAX_P90_3D,TMAX,90,3,month_pm7,48_241_2023_011_TMAX_P90_3D,48241,Jasper,East Texas,2023-07-25,2023-08-15,22,2,True,False,2023-08-11,105.98,98.96,22,3,13.6,5.7,False,True,long event,"RETAINED - flagged for review, not deleted"
TX,TMAX_P90_3D__month_pm7,TMAX_P90_3D,TMAX,90,3,month_pm7,48_255_2023_007_TMAX_P90_3D,48255,Karnes,South Central,2023-07-31,2023-08-21,22,2,True,False,2023-08-18,105.16,100.94,22,22,100.0,100.0,True,False,long event AND >=50% imputed days,"RETAINED - flagged for review, not deleted"
TX,TMAX_P90_3D__month_pm7,TMAX_P90_3D,TMAX,90,3,month_pm7,48_267_2023_005_TMAX_P90_3D,48267,Kimble,Edwards Plateau,2023-07-31,2023-08-21,22,2,True,False,2023-08-10,107.51,101.03,22,0,0.0,0.0,False,True,long event,"RETAINED - flagged for review, not deleted"
TX,TMAX_P90_3D__month_pm7,TMAX_P90_3D,TMAX,90,3,month_pm7,48_271_2023_004_TMAX_P90_3D,48271,Kinney,Edwards Plateau,2023-07-31,2023-08-21,22,2,True,False,2023-08-10,105.22,100.49,22,22,100.0,43.5,False,False,long event AND >=50% imputed days,"RETAINED - flagged for review, not deleted"
TX,TMAX_P90_3D__month_pm7,TMAX_P90_3D,TMAX,90,3,month_pm7,48_325_2023_008_TMAX_P90_3D,48325,Medina,South Central,2023-07-31,2023-08-21,22,2,True,False,2023-08-09,107.06,101.03,22,0,0.0,0.5,False,True,long event,"RETAINED - flagged for review, not deleted"
TX,TMAX_P90_3D__month_pm7,TMAX_P90_3D,TMAX,90,3,month_pm7,48_339_2022_004_TMAX_P90_3D,48339,Montgomery,East Texas,2022-06-08,2022-06-29,22,1,False,False,2022-06-26,101.88,96.8,22,0,0.0,0.0,False,True,long event,"RETAINED - flagged for review, not deleted"
TX,TMAX_P90_3D__month_pm7,TMAX_P90_3D,TMAX,90,3,month_pm7,48_409_2023_010_TMAX_P90_3D,48409,San Patricio,South Central,2023-08-25,2023-09-15,22,2,True,False,2023-08-28,105.08,98.06,22,1,4.5,6.4,False,True,long event,"RETAINED - flagged for review, not deleted"
TX,TMAX_P90_3D__month_pm7,TMAX_P90_3D,TMAX,90,3,month_pm7,48_417_2023_007_TMAX_P90_3D,48417,Shackelford,North Central,2023-07-24,2023-08-14,22,2,True,False,2023-08-10,110.03,102.92,22,0,0.0,0.1,False,True,long event,"RETAINED - flagged for review, not deleted"
TX,TMAX_P90_3D__month_pm7,TMAX_P90_3D,TMAX,90,3,month_pm7,48_443_2015_004_TMAX_P90_3D,48443,Terrell,Trans-Pecos,2015-07-25,2015-08-15,22,2,True,False,2015-08-14,105.98,100.04,22,0,0.0,2.6,False,True,long event,"RETAINED - flagged for review, not deleted"
TX,TMAX_P90_3D__month_pm7,TMAX_P90_3D,TMAX,90,3,month_pm7,48_465_2023_009_TMAX_P90_3D,48465,Val Verde,Edwards Plateau,2023-07-31,2023-08-21,22,2,True,False,2023-08-10,108.38,102.03,22,0,0.0,0.0,False,True,long event,"RETAINED - flagged for review, not deleted"
TX,TMAX_P90_3D__month_pm7,TMAX_P90_3D,TMAX,90,3,month_pm7,48_469_2023_009_TMAX_P90_3D,48469,Victoria,Upper Coast,2023-08-24,2023-09-14,22,2,True,False,2023-08-27,106.28,98.96,22,0,0.0,0.0,False,True,long event,"RETAINED - flagged for review, not deleted"
TX,TMAX_P90_3D__month_pm7,TMAX_P90_3D,TMAX,90,3,month_pm7,48_491_2022_005_TMAX_P90_3D,48491,Williamson,North Central,2022-06-06,2022-06-27,22,1,False,False,2022-06-12,101.98,97.3,22,0,0.0,0.0,False,True,long event,"RETAINED - flagged for review, not deleted"
TX,TMAX_P90_3D__month_pm7,TMAX_P90_3D,TMAX,90,3,month_pm7,48_507_2023_005_TMAX_P90_3D,48507,Zavala,South Texas,2023-07-31,2023-08-21,22,2,True,False,2023-08-10,106.03,102.02,22,22,100.0,100.0,True,False,long event AND >=50% imputed days,"RETAINED - flagged for review, not deleted"
TX,TMAX_P90_3D__w05,TMAX_P90_3D,TMAX,90,3,w05,48_005_2023_008_TMAX_P90_3D,48005,Angelina,East Texas,2023-07-24,2023-08-14,22,2,True,False,2023-08-10,105.98,99.02,22,0,0.0,0.0,False,True,long event,"RETAINED - flagged for review, not deleted"
TX,TMAX_P90_3D__w05,TMAX_P90_3D,TMAX,90,3,w05,48_061_2023_007_TMAX_P90_3D,48061,Cameron,Lower Valley,2023-06-13,2023-07-04,22,2,True,False,2023-06-21,99.42,94.82,22,0,0.0,0.0,False,True,long event,"RETAINED - flagged for review, not deleted"
TX,TMAX_P90_3D__w05,TMAX_P90_3D,TMAX,90,3,w05,48_061_2023_010_TMAX_P90_3D,48061,Cameron,Lower Valley,2023-07-30,2023-08-20,22,2,True,False,2023-08-17,100.12,96.98,22,0,0.0,0.0,False,True,long event,"RETAINED - flagged for review, not deleted"
TX,TMAX_P90_3D__w05,TMAX_P90_3D,TMAX,90,3,w05,48_093_2023_007_TMAX_P90_3D,48093,Comanche,North Central,2023-07-23,2023-08-13,22,2,True,False,2023-08-05,113.0,102.48,22,0,0.0,3.9,False,True,long event,"RETAINED - flagged for review, not deleted"
TX,TMAX_P90_3D__w05,TMAX_P90_3D,TMAX,90,3,w05,48_123_2023_010_TMAX_P90_3D,48123,DeWitt,South Central,2023-08-25,2023-09-15,22,2,True,False,2023-09-07,109.04,98.06,22,0,0.0,1.4,False,True,long event,"RETAINED - flagged for review, not deleted"
TX,TMAX_P90_3D__w05,TMAX_P90_3D,TMAX,90,3,w05,48_133_2023_008_TMAX_P90_3D,48133,Eastland,North Central,2023-07-24,2023-08-14,22,2,True,False,2023-08-12,107.19,101.56,22,22,100.0,100.0,True,False,long event AND >=50% imputed days,"RETAINED - flagged for review, not deleted"
TX,TMAX_P90_3D__w05,TMAX_P90_3D,TMAX,90,3,w05,48_149_2023_006_TMAX_P90_3D,48149,Fayette,South Central,2023-07-31,2023-08-21,22,2,True,False,2023-08-17,106.52,100.95,22,0,0.0,0.6,False,True,long event,"RETAINED - flagged for review, not deleted"
TX,TMAX_P90_3D__w05,TMAX_P90_3D,TMAX,90,3,w05,48_157_2023_009_TMAX_P90_3D,48157,Fort Bend,Upper Coast,2023-07-31,2023-08-21,22,2,True,False,2023-08-20,107.06,98.96,22,0,0.0,0.2,False,True,long event,"RETAINED - flagged for review, not deleted"
TX,TMAX_P90_3D__w05,TMAX_P90_3D,TMAX,90,3,w05,48_167_2022_002_TMAX_P90_3D,48167,Galveston,Upper Coast,2022-04-30,2022-05-21,22,2,True,False,2022-05-16,91.49,85.64,22,0,0.0,0.0,False,True,long event,"RETAINED - flagged for review, not deleted"
TX,TMAX_P90_3D__w05,TMAX_P90_3D,TMAX,90,3,w05,48_177_2023_010_TMAX_P90_3D,48177,Gonzales,South Central,2023-07-31,2023-08-21,22,2,True,False,2023-08-18,107.0,101.96,22,0,0.0,0.0,False,True,long event,"RETAINED - flagged for review, not deleted"
TX,TMAX_P90_3D__w05,TMAX_P90_3D,TMAX,90,3,w05,48_185_2022_006_TMAX_P90_3D,48185,Grimes,East Texas,2022-06-06,2022-06-27,22,1,False,False,2022-06-26,100.62,98.42,22,22,100.0,100.0,True,False,long event AND >=50% imputed days,"RETAINED - flagged for review, not deleted"
TX,TMAX_P90_3D__w05,TMAX_P90_3D,TMAX,90,3,w05,48_187_2023_009_TMAX_P90_3D,48187,Guadalupe,South Central,2023-07-31,2023-08-21,22,2,True,False,2023-08-10,107.06,102.02,22,0,0.0,0.0,False,True,long event,"RETAINED - flagged for review, not deleted"
TX,TMAX_P90_3D__w05,TMAX_P90_3D,TMAX,90,3,w05,48_241_2023_012_TMAX_P90_3D,48241,Jasper,East Texas,2023-07-25,2023-08-15,22,2,True,False,2023-08-11,105.98,100.04,22,3,13.6,5.7,False,True,long event,"RETAINED - flagged for review, not deleted"
TX,TMAX_P90_3D__w05,TMAX_P90_3D,TMAX,90,3,w05,48_255_2023_010_TMAX_P90_3D,48255,Karnes,South Central,2023-07-31,2023-08-21,22,2,True,False,2023-08-18,105.16,100.94,22,22,100.0,100.0,True,False,long event AND >=50% imputed days,"RETAINED - flagged for review, not deleted"
TX,TMAX_P90_3D__w05,TMAX_P90_3D,TMAX,90,3,w05,48_267_2023_007_TMAX_P90_3D,48267,Kimble,Edwards Plateau,2023-07-31,2023-08-21,22,2,True,False,2023-08-10,107.51,102.02,22,0,0.0,0.0,False,True,long event,"RETAINED - flagged for review, not deleted"
TX,TMAX_P90_3D__w05,TMAX_P90_3D,TMAX,90,3,w05,48_271_2023_006_TMAX_P90_3D,48271,Kinney,Edwards Plateau,2023-07-31,2023-08-21,22,2,True,False,2023-08-10,105.22,100.49,22,22,100.0,43.5,False,False,long event AND >=50% imputed days,"RETAINED - flagged for review, not deleted"
TX,TMAX_P90_3D__w05,TMAX_P90_3D,TMAX,90,3,w05,48_325_2023_009_TMAX_P90_3D,48325,Medina,South Central,2023-07-31,2023-08-21,22,2,True,False,2023-08-09,107.06,101.93,22,0,0.0,0.5,False,True,long event,"RETAINED - flagged for review, not deleted"
TX,TMAX_P90_3D__w05,TMAX_P90_3D,TMAX,90,3,w05,48_465_2023_009_TMAX_P90_3D,48465,Val Verde,Edwards Plateau,2023-07-31,2023-08-21,22,2,True,False,2023-08-10,108.38,102.7,22,0,0.0,0.0,False,True,long event,"RETAINED - flagged for review, not deleted"
TX,TMAX_P90_3D__w05,TMAX_P90_3D,TMAX,90,3,w05,48_473_2022_005_TMAX_P90_3D,48473,Waller,East Texas,2022-06-06,2022-06-27,22,1,False,False,2022-06-26,100.11,97.86,22,22,100.0,100.0,True,False,long event AND >=50% imputed days,"RETAINED - flagged for review, not deleted"
TX,TMAX_P90_3D__w05,TMAX_P90_3D,TMAX,90,3,w05,48_491_2022_006_TMAX_P90_3D,48491,Williamson,North Central,2022-06-06,2022-06-27,22,1,False,False,2022-06-12,101.98,96.03,22,0,0.0,0.0,False,True,long event,"RETAINED - flagged for review, not deleted"
TX,TMAX_P90_3D__w15,TMAX_P90_3D,TMAX,90,3,w15,48_005_2023_008_TMAX_P90_3D,48005,Angelina,East Texas,2023-07-24,2023-08-14,22,2,True,False,2023-08-10,105.98,99.05,22,0,0.0,0.0,False,True,long event,"RETAINED - flagged for review, not deleted"
TX,TMAX_P90_3D__w15,TMAX_P90_3D,TMAX,90,3,w15,48_039_2023_012_TMAX_P90_3D,48039,Brazoria,Upper Coast,2023-08-23,2023-09-13,22,2,True,False,2023-08-27,106.63,95.51,22,0,0.0,0.0,False,True,long event,"RETAINED - flagged for review, not deleted"
TX,TMAX_P90_3D__w15,TMAX_P90_3D,TMAX,90,3,w15,48_057_2023_013_TMAX_P90_3D,48057,Calhoun,Upper Coast,2023-08-24,2023-09-14,22,2,True,False,2023-08-27,99.62,95.0,22,0,0.0,0.1,False,True,long event,"RETAINED - flagged for review, not deleted"
TX,TMAX_P90_3D__w15,TMAX_P90_3D,TMAX,90,3,w15,48_061_2023_009_TMAX_P90_3D,48061,Cameron,Lower Valley,2023-07-30,2023-08-20,22,2,True,False,2023-08-17,100.12,96.65,22,0,0.0,0.0,False,True,long event,"RETAINED - flagged for review, not deleted"
TX,TMAX_P90_3D__w15,TMAX_P90_3D,TMAX,90,3,w15,48_091_2023_005_TMAX_P90_3D,48091,Comal,South Central,2023-08-01,2023-08-22,22,1,False,False,2023-08-18,105.08,100.49,22,0,0.0,7.8,False,True,long event,"RETAINED - flagged for review, not deleted"
TX,TMAX_P90_3D__w15,TMAX_P90_3D,TMAX,90,3,w15,48_093_2023_007_TMAX_P90_3D,48093,Comanche,North Central,2023-07-23,2023-08-13,22,2,True,False,2023-08-05,113.0,102.92,22,0,0.0,3.9,False,True,long event,"RETAINED - flagged for review, not deleted"
TX,TMAX_P90_3D__w15,TMAX_P90_3D,TMAX,90,3,w15,48_123_2023_010_TMAX_P90_3D,48123,DeWitt,South Central,2023-08-25,2023-09-15,22,2,True,False,2023-09-07,109.04,99.55,22,0,0.0,1.4,False,True,long event,"RETAINED - flagged for review, not deleted"
TX,TMAX_P90_3D__w15,TMAX_P90_3D,TMAX,90,3,w15,48_149_2022_004_TMAX_P90_3D,48149,Fayette,South Central,2022-06-06,2022-06-27,22,1,False,False,2022-06-12,103.01,97.04,22,0,0.0,0.6,False,True,long event,"RETAINED - flagged for review, not deleted"
TX,TMAX_P90_3D__w15,TMAX_P90_3D,TMAX,90,3,w15,48_149_2023_006_TMAX_P90_3D,48149,Fayette,South Central,2023-07-31,2023-08-21,22,2,True,False,2023-08-17,106.52,101.48,22,0,0.0,0.6,False,True,long event,"RETAINED - flagged for review, not deleted"
TX,TMAX_P90_3D__w15,TMAX_P90_3D,TMAX,90,3,w15,48_157_2023_009_TMAX_P90_3D,48157,Fort Bend,Upper Coast,2023-07-31,2023-08-21,22,2,True,False,2023-08-20,107.06,98.51,22,0,0.0,0.2,False,True,long event,"RETAINED - flagged for review, not deleted"
TX,TMAX_P90_3D__w15,TMAX_P90_3D,TMAX,90,3,w15,48_177_2023_010_TMAX_P90_3D,48177,Gonzales,South Central,2023-07-31,2023-08-21,22,2,True,False,2023-08-18,107.0,101.66,22,0,0.0,0.0,False,True,long event,"RETAINED - flagged for review, not deleted"
TX,TMAX_P90_3D__w15,TMAX_P90_3D,TMAX,90,3,w15,48_185_2022_003_TMAX_P90_3D,48185,Grimes,East Texas,2022-06-06,2022-06-27,22,1,False,False,2022-06-26,100.62,97.43,22,22,100.0,100.0,True,False,long event AND >=50% imputed days,"RETAINED - flagged for review, not deleted"
TX,TMAX_P90_3D__w15,TMAX_P90_3D,TMAX,90,3,w15,48_215_2023_005_TMAX_P90_3D,48215,Hidalgo,Lower Valley,2023-06-13,2023-07-04,22,2,True,False,2023-06-21,107.49,99.78,22,0,0.0,0.0,False,True,long event,"RETAINED - flagged for review, not deleted"
TX,TMAX_P90_3D__w15,TMAX_P90_3D,TMAX,90,3,w15,48_239_2022_004_TMAX_P90_3D,48239,Jackson,Upper Coast,2022-06-06,2022-06-27,22,1,False,False,2022-06-12,99.14,94.85,22,22,100.0,100.0,True,False,long event AND >=50% imputed days,"RETAINED - flagged for review, not deleted"
TX,TMAX_P90_3D__w15,TMAX_P90_3D,TMAX,90,3,w15,48_241_2023_012_TMAX_P90_3D,48241,Jasper,East Texas,2023-07-25,2023-08-15,22,2,True,False,2023-08-11,105.98,99.21,22,3,13.6,5.7,False,True,long event,"RETAINED - flagged for review, not deleted"
TX,TMAX_P90_3D__w15,TMAX_P90_3D,TMAX,90,3,w15,48_255_2023_008_TMAX_P90_3D,48255,Karnes,South Central,2023-07-31,2023-08-21,22,2,True,False,2023-08-18,105.16,100.94,22,22,100.0,100.0,True,False,long event AND >=50% imputed days,"RETAINED - flagged for review, not deleted"
TX,TMAX_P90_3D__w15,TMAX_P90_3D,TMAX,90,3,w15,48_267_2023_007_TMAX_P90_3D,48267,Kimble,Edwards Plateau,2023-07-31,2023-08-21,22,2,True,False,2023-08-10,107.51,101.93,22,0,0.0,0.0,False,True,long event,"RETAINED - flagged for review, not deleted"
TX,TMAX_P90_3D__w15,TMAX_P90_3D,TMAX,90,3,w15,48_271_2023_004_TMAX_P90_3D,48271,Kinney,Edwards Plateau,2023-07-31,2023-08-21,22,2,True,False,2023-08-10,105.22,100.94,22,22,100.0,43.5,False,False,long event AND >=50% imputed days,"RETAINED - flagged for review, not deleted"
TX,TMAX_P90_3D__w15,TMAX_P90_3D,TMAX,90,3,w15,48_285_2023_011_TMAX_P90_3D,48285,Lavaca,South Central,2023-08-23,2023-09-13,22,2,True,False,2023-08-27,111.02,100.04,22,0,0.0,0.8,False,True,long event,"RETAINED - flagged for review, not deleted"
TX,TMAX_P90_3D__w15,TMAX_P90_3D,TMAX,90,3,w15,48_309_2022_004_TMAX_P90_3D,48309,McLennan,North Central,2022-06-06,2022-06-27,22,1,False,False,2022-06-11,104.54,96.16,22,0,0.0,0.0,False,True,long event,"RETAINED - flagged for review, not deleted"
TX,TMAX_P90_3D__w15,TMAX_P90_3D,TMAX,90,3,w15,48_325_2023_009_TMAX_P90_3D,48325,Medina,South Central,2023-07-31,2023-08-21,22,2,True,False,2023-08-09,107.06,101.66,22,0,0.0,0.5,False,True,long event,"RETAINED - flagged for review, not deleted"
TX,TMAX_P90_3D__w15,TMAX_P90_3D,TMAX,90,3,w15,48_465_2023_009_TMAX_P90_3D,48465,Val Verde,Edwards Plateau,2023-07-31,2023-08-21,22,2,True,False,2023-08-10,108.38,102.68,22,0,0.0,0.0,False,True,long event,"RETAINED - flagged for review, not deleted"
TX,TMAX_P90_3D__w15,TMAX_P90_3D,TMAX,90,3,w15,48_473_2022_004_TMAX_P90_3D,48473,Waller,East Texas,2022-06-06,2022-06-27,22,1,False,False,2022-06-26,100.11,97.19,22,22,100.0,100.0,True,False,long event AND >=50% imputed days,"RETAINED - flagged for review, not deleted"
TX,TMAX_P90_3D__w15,TMAX_P90_3D,TMAX,90,3,w15,48_491_2022_006_TMAX_P90_3D,48491,Williamson,North Central,2022-06-06,2022-06-27,22,1,False,False,2022-06-12,101.98,96.38,22,0,0.0,0.0,False,True,long event,"RETAINED - flagged for review, not deleted"
TX,TMAX_P95_2D__month,TMAX_P95_2D,TMAX,95,2,month,48_055_2023_009_TMAX_P95_2D,48055,Caldwell,South Central,2023-07-31,2023-08-21,22,2,True,False,2023-08-17,109.49,103.54,22,0,0.0,0.1,False,True,long event,"RETAINED - flagged for review, not deleted"
TX,TMAX_P95_2D__month,TMAX_P95_2D,TMAX,95,2,month,48_093_2023_009_TMAX_P95_2D,48093,Comanche,North Central,2023-07-23,2023-08-13,22,2,True,False,2023-08-05,113.0,104.0,22,0,0.0,3.9,False,True,long event,"RETAINED - flagged for review, not deleted"
TX,TMAX_P95_2D__month,TMAX_P95_2D,TMAX,95,2,month,48_177_2023_009_TMAX_P95_2D,48177,Gonzales,South Central,2023-07-31,2023-08-21,22,2,True,False,2023-08-18,107.0,102.24,22,0,0.0,0.0,False,True,long event,"RETAINED - flagged for review, not deleted"
TX,TMAX_P95_2D__month,TMAX_P95_2D,TMAX,95,2,month,48_187_2023_007_TMAX_P95_2D,48187,Guadalupe,South Central,2023-07-31,2023-08-21,22,2,True,False,2023-08-10,107.06,102.47,22,0,0.0,0.0,False,True,long event,"RETAINED - flagged for review, not deleted"
TX,TMAX_P95_2D__month,TMAX_P95_2D,TMAX,95,2,month,48_273_2023_010_TMAX_P95_2D,48273,Kleberg,South Central,2023-06-09,2023-06-30,22,1,False,False,2023-06-21,109.49,99.05,22,0,0.0,0.0,False,True,long event,"RETAINED - flagged for review, not deleted"
TX,TMAX_P95_2D__month,TMAX_P95_2D,TMAX,95,2,month,48_409_2023_012_TMAX_P95_2D,48409,San Patricio,South Central,2023-08-25,2023-09-15,22,2,True,False,2023-08-28,105.08,98.96,22,1,4.5,6.4,False,True,long event,"RETAINED - flagged for review, not deleted"
TX,TMAX_P95_2D__month,TMAX_P95_2D,TMAX,95,2,month,48_469_2023_013_TMAX_P95_2D,48469,Victoria,Upper Coast,2023-08-24,2023-09-14,22,2,True,False,2023-08-27,106.28,100.26,22,0,0.0,0.0,False,True,long event,"RETAINED - flagged for review, not deleted"
TX,TMAX_P95_2D__month_pm7,TMAX_P95_2D,TMAX,95,2,month_pm7,48_053_2023_008_TMAX_P95_2D,48053,Burnet,Edwards Plateau,2023-07-31,2023-08-21,22,2,True,False,2023-08-18,106.46,100.94,22,0,0.0,0.0,False,True,long event,"RETAINED - flagged for review, not deleted"
TX,TMAX_P95_2D__month_pm7,TMAX_P95_2D,TMAX,95,2,month_pm7,48_055_2023_007_TMAX_P95_2D,48055,Caldwell,South Central,2023-07-31,2023-08-21,22,2,True,False,2023-08-17,109.49,103.01,22,0,0.0,0.1,False,True,long event,"RETAINED - flagged for review, not deleted"
TX,TMAX_P95_2D__month_pm7,TMAX_P95_2D,TMAX,95,2,month_pm7,48_093_2023_009_TMAX_P95_2D,48093,Comanche,North Central,2023-07-23,2023-08-13,22,2,True,False,2023-08-05,113.0,104.0,22,0,0.0,3.9,False,True,long event,"RETAINED - flagged for review, not deleted"
TX,TMAX_P95_2D__month_pm7,TMAX_P95_2D,TMAX,95,2,month_pm7,48_123_2023_007_TMAX_P95_2D,48123,DeWitt,South Central,2023-07-31,2023-08-21,22,2,True,False,2023-08-18,108.95,103.01,22,0,0.0,1.4,False,True,long event,"RETAINED - flagged for review, not deleted"
TX,TMAX_P95_2D__month_pm7,TMAX_P95_2D,TMAX,95,2,month_pm7,48_177_2023_006_TMAX_P95_2D,48177,Gonzales,South Central,2023-07-31,2023-08-21,22,2,True,False,2023-08-18,107.0,102.02,22,0,0.0,0.0,False,True,long event,"RETAINED - flagged for review, not deleted"
TX,TMAX_P95_2D__month_pm7,TMAX_P95_2D,TMAX,95,2,month_pm7,48_187_2023_007_TMAX_P95_2D,48187,Guadalupe,South Central,2023-07-31,2023-08-21,22,2,True,False,2023-08-10,107.06,102.47,22,0,0.0,0.0,False,True,long event,"RETAINED - flagged for review, not deleted"
TX,TMAX_P95_2D__month_pm7,TMAX_P95_2D,TMAX,95,2,month_pm7,48_267_2023_007_TMAX_P95_2D,48267,Kimble,Edwards Plateau,2023-07-31,2023-08-21,22,2,True,False,2023-08-10,107.51,102.02,22,0,0.0,0.0,False,True,long event,"RETAINED - flagged for review, not deleted"
TX,TMAX_P95_2D__month_pm7,TMAX_P95_2D,TMAX,95,2,month_pm7,48_273_2023_009_TMAX_P95_2D,48273,Kleberg,South Central,2023-06-09,2023-06-30,22,1,False,False,2023-06-21,109.49,99.05,22,0,0.0,0.0,False,True,long event,"RETAINED - flagged for review, not deleted"
TX,TMAX_P95_2D__month_pm7,TMAX_P95_2D,TMAX,95,2,month_pm7,48_469_2023_013_TMAX_P95_2D,48469,Victoria,Upper Coast,2023-08-24,2023-09-14,22,2,True,False,2023-08-27,106.28,100.04,22,0,0.0,0.0,False,True,long event,"RETAINED - flagged for review, not deleted"
TX,TMAX_P95_2D__w05,TMAX_P95_2D,TMAX,95,2,w05,48_053_2023_010_TMAX_P95_2D,48053,Burnet,Edwards Plateau,2023-07-31,2023-08-21,22,2,True,False,2023-08-18,106.46,100.94,22,0,0.0,0.0,False,True,long event,"RETAINED - flagged for review, not deleted"
TX,TMAX_P95_2D__w05,TMAX_P95_2D,TMAX,95,2,w05,48_055_2023_008_TMAX_P95_2D,48055,Caldwell,South Central,2023-07-31,2023-08-21,22,2,True,False,2023-08-17,109.49,103.57,22,0,0.0,0.1,False,True,long event,"RETAINED - flagged for review, not deleted"
TX,TMAX_P95_2D__w05,TMAX_P95_2D,TMAX,95,2,w05,48_093_2023_010_TMAX_P95_2D,48093,Comanche,North Central,2023-07-23,2023-08-13,22,2,True,False,2023-08-05,113.0,104.0,22,0,0.0,3.9,False,True,long event,"RETAINED - flagged for review, not deleted"
TX,TMAX_P95_2D__w05,TMAX_P95_2D,TMAX,95,2,w05,48_177_2023_010_TMAX_P95_2D,48177,Gonzales,South Central,2023-07-31,2023-08-21,22,2,True,False,2023-08-18,107.0,102.54,22,0,0.0,0.0,False,True,long event,"RETAINED - flagged for review, not deleted"
TX,TMAX_P95_2D__w05,TMAX_P95_2D,TMAX,95,2,w05,48_187_2023_010_TMAX_P95_2D,48187,Guadalupe,South Central,2023-07-31,2023-08-21,22,2,True,False,2023-08-10,107.06,102.92,22,0,0.0,0.0,False,True,long event,"RETAINED - flagged for review, not deleted"
TX,TMAX_P95_2D__w05,TMAX_P95_2D,TMAX,95,2,w05,48_239_2023_013_TMAX_P95_2D,48239,Jackson,Upper Coast,2023-07-31,2023-08-21,22,2,True,False,2023-08-20,103.74,99.51,22,22,100.0,100.0,True,False,long event AND >=50% imputed days,"RETAINED - flagged for review, not deleted"
TX,TMAX_P95_2D__w05,TMAX_P95_2D,TMAX,95,2,w05,48_259_2023_009_TMAX_P95_2D,48259,Kendall,Edwards Plateau,2023-07-31,2023-08-21,22,2,True,False,2023-08-17,107.06,100.06,22,0,0.0,0.8,False,True,long event,"RETAINED - flagged for review, not deleted"
TX,TMAX_P95_2D__w05,TMAX_P95_2D,TMAX,95,2,w05,48_465_2023_015_TMAX_P95_2D,48465,Val Verde,Edwards Plateau,2023-07-31,2023-08-21,22,2,True,False,2023-08-10,108.38,103.64,22,0,0.0,0.0,False,True,long event,"RETAINED - flagged for review, not deleted"
TX,TMAX_P95_2D__w15,TMAX_P95_2D,TMAX,95,2,w15,48_053_2023_009_TMAX_P95_2D,48053,Burnet,Edwards Plateau,2023-07-31,2023-08-21,22,2,True,False,2023-08-18,106.46,100.95,22,0,0.0,0.0,False,True,long event,"RETAINED - flagged for review, not deleted"
TX,TMAX_P95_2D__w15,TMAX_P95_2D,TMAX,95,2,w15,48_093_2023_010_TMAX_P95_2D,48093,Comanche,North Central,2023-07-23,2023-08-13,22,2,True,False,2023-08-05,113.0,104.0,22,0,0.0,3.9,False,True,long event,"RETAINED - flagged for review, not deleted"
TX,TMAX_P95_2D__w15,TMAX_P95_2D,TMAX,95,2,w15,48_123_2023_008_TMAX_P95_2D,48123,DeWitt,South Central,2023-07-31,2023-08-21,22,2,True,False,2023-08-18,108.95,103.57,22,0,0.0,1.4,False,True,long event,"RETAINED - flagged for review, not deleted"
TX,TMAX_P95_2D__w15,TMAX_P95_2D,TMAX,95,2,w15,48_187_2023_010_TMAX_P95_2D,48187,Guadalupe,South Central,2023-07-31,2023-08-21,22,2,True,False,2023-08-10,107.06,102.92,22,0,0.0,0.0,False,True,long event,"RETAINED - flagged for review, not deleted"
TX,TMAX_P95_2D__w15,TMAX_P95_2D,TMAX,95,2,w15,48_469_2023_011_TMAX_P95_2D,48469,Victoria,Upper Coast,2023-08-24,2023-09-14,22,2,True,False,2023-08-27,106.28,100.04,22,0,0.0,0.0,False,True,long event,"RETAINED - flagged for review, not deleted"
TX,TMAX_P95_3D__month,TMAX_P95_3D,TMAX,95,3,month,48_055_2023_005_TMAX_P95_3D,48055,Caldwell,South Central,2023-07-31,2023-08-21,22,2,True,False,2023-08-17,109.49,103.54,22,0,0.0,0.1,False,True,long event,"RETAINED - flagged for review, not deleted"
TX,TMAX_P95_3D__month,TMAX_P95_3D,TMAX,95,3,month,48_093_2023_005_TMAX_P95_3D,48093,Comanche,North Central,2023-07-23,2023-08-13,22,2,True,False,2023-08-05,113.0,104.0,22,0,0.0,3.9,False,True,long event,"RETAINED - flagged for review, not deleted"
TX,TMAX_P95_3D__month,TMAX_P95_3D,TMAX,95,3,month,48_177_2023_006_TMAX_P95_3D,48177,Gonzales,South Central,2023-07-31,2023-08-21,22,2,True,False,2023-08-18,107.0,102.24,22,0,0.0,0.0,False,True,long event,"RETAINED - flagged for review, not deleted"
TX,TMAX_P95_3D__month,TMAX_P95_3D,TMAX,95,3,month,48_187_2023_006_TMAX_P95_3D,48187,Guadalupe,South Central,2023-07-31,2023-08-21,22,2,True,False,2023-08-10,107.06,102.47,22,0,0.0,0.0,False,True,long event,"RETAINED - flagged for review, not deleted"
TX,TMAX_P95_3D__month,TMAX_P95_3D,TMAX,95,3,month,48_273_2023_006_TMAX_P95_3D,48273,Kleberg,South Central,2023-06-09,2023-06-30,22,1,False,False,2023-06-21,109.49,99.05,22,0,0.0,0.0,False,True,long event,"RETAINED - flagged for review, not deleted"
TX,TMAX_P95_3D__month,TMAX_P95_3D,TMAX,95,3,month,48_409_2023_005_TMAX_P95_3D,48409,San Patricio,South Central,2023-08-25,2023-09-15,22,2,True,False,2023-08-28,105.08,98.96,22,1,4.5,6.4,False,True,long event,"RETAINED - flagged for review, not deleted"
TX,TMAX_P95_3D__month,TMAX_P95_3D,TMAX,95,3,month,48_469_2023_009_TMAX_P95_3D,48469,Victoria,Upper Coast,2023-08-24,2023-09-14,22,2,True,False,2023-08-27,106.28,100.26,22,0,0.0,0.0,False,True,long event,"RETAINED - flagged for review, not deleted"
TX,TMAX_P95_3D__month_pm7,TMAX_P95_3D,TMAX,95,3,month_pm7,48_053_2023_004_TMAX_P95_3D,48053,Burnet,Edwards Plateau,2023-07-31,2023-08-21,22,2,True,False,2023-08-18,106.46,100.94,22,0,0.0,0.0,False,True,long event,"RETAINED - flagged for review, not deleted"
TX,TMAX_P95_3D__month_pm7,TMAX_P95_3D,TMAX,95,3,month_pm7,48_055_2023_005_TMAX_P95_3D,48055,Caldwell,South Central,2023-07-31,2023-08-21,22,2,True,False,2023-08-17,109.49,103.01,22,0,0.0,0.1,False,True,long event,"RETAINED - flagged for review, not deleted"
TX,TMAX_P95_3D__month_pm7,TMAX_P95_3D,TMAX,95,3,month_pm7,48_093_2023_005_TMAX_P95_3D,48093,Comanche,North Central,2023-07-23,2023-08-13,22,2,True,False,2023-08-05,113.0,104.0,22,0,0.0,3.9,False,True,long event,"RETAINED - flagged for review, not deleted"
TX,TMAX_P95_3D__month_pm7,TMAX_P95_3D,TMAX,95,3,month_pm7,48_123_2023_005_TMAX_P95_3D,48123,DeWitt,South Central,2023-07-31,2023-08-21,22,2,True,False,2023-08-18,108.95,103.01,22,0,0.0,1.4,False,True,long event,"RETAINED - flagged for review, not deleted"
TX,TMAX_P95_3D__month_pm7,TMAX_P95_3D,TMAX,95,3,month_pm7,48_177_2023_006_TMAX_P95_3D,48177,Gonzales,South Central,2023-07-31,2023-08-21,22,2,True,False,2023-08-18,107.0,102.02,22,0,0.0,0.0,False,True,long event,"RETAINED - flagged for review, not deleted"
TX,TMAX_P95_3D__month_pm7,TMAX_P95_3D,TMAX,95,3,month_pm7,48_187_2023_006_TMAX_P95_3D,48187,Guadalupe,South Central,2023-07-31,2023-08-21,22,2,True,False,2023-08-10,107.06,102.47,22,0,0.0,0.0,False,True,long event,"RETAINED - flagged for review, not deleted"
TX,TMAX_P95_3D__month_pm7,TMAX_P95_3D,TMAX,95,3,month_pm7,48_267_2023_004_TMAX_P95_3D,48267,Kimble,Edwards Plateau,2023-07-31,2023-08-21,22,2,True,False,2023-08-10,107.51,102.02,22,0,0.0,0.0,False,True,long event,"RETAINED - flagged for review, not deleted"
TX,TMAX_P95_3D__month_pm7,TMAX_P95_3D,TMAX,95,3,month_pm7,48_273_2023_004_TMAX_P95_3D,48273,Kleberg,South Central,2023-06-09,2023-06-30,22,1,False,False,2023-06-21,109.49,99.05,22,0,0.0,0.0,False,True,long event,"RETAINED - flagged for review, not deleted"
TX,TMAX_P95_3D__month_pm7,TMAX_P95_3D,TMAX,95,3,month_pm7,48_469_2023_009_TMAX_P95_3D,48469,Victoria,Upper Coast,2023-08-24,2023-09-14,22,2,True,False,2023-08-27,106.28,100.04,22,0,0.0,0.0,False,True,long event,"RETAINED - flagged for review, not deleted"
TX,TMAX_P95_3D__w05,TMAX_P95_3D,TMAX,95,3,w05,48_053_2023_004_TMAX_P95_3D,48053,Burnet,Edwards Plateau,2023-07-31,2023-08-21,22,2,True,False,2023-08-18,106.46,100.94,22,0,0.0,0.0,False,True,long event,"RETAINED - flagged for review, not deleted"
TX,TMAX_P95_3D__w05,TMAX_P95_3D,TMAX,95,3,w05,48_055_2023_003_TMAX_P95_3D,48055,Caldwell,South Central,2023-07-31,2023-08-21,22,2,True,False,2023-08-17,109.49,103.57,22,0,0.0,0.1,False,True,long event,"RETAINED - flagged for review, not deleted"
TX,TMAX_P95_3D__w05,TMAX_P95_3D,TMAX,95,3,w05,48_093_2023_005_TMAX_P95_3D,48093,Comanche,North Central,2023-07-23,2023-08-13,22,2,True,False,2023-08-05,113.0,104.0,22,0,0.0,3.9,False,True,long event,"RETAINED - flagged for review, not deleted"
TX,TMAX_P95_3D__w05,TMAX_P95_3D,TMAX,95,3,w05,48_177_2023_006_TMAX_P95_3D,48177,Gonzales,South Central,2023-07-31,2023-08-21,22,2,True,False,2023-08-18,107.0,102.54,22,0,0.0,0.0,False,True,long event,"RETAINED - flagged for review, not deleted"
TX,TMAX_P95_3D__w05,TMAX_P95_3D,TMAX,95,3,w05,48_187_2023_006_TMAX_P95_3D,48187,Guadalupe,South Central,2023-07-31,2023-08-21,22,2,True,False,2023-08-10,107.06,102.92,22,0,0.0,0.0,False,True,long event,"RETAINED - flagged for review, not deleted"
TX,TMAX_P95_3D__w05,TMAX_P95_3D,TMAX,95,3,w05,48_239_2023_010_TMAX_P95_3D,48239,Jackson,Upper Coast,2023-07-31,2023-08-21,22,2,True,False,2023-08-20,103.74,99.51,22,22,100.0,100.0,True,False,long event AND >=50% imputed days,"RETAINED - flagged for review, not deleted"
TX,TMAX_P95_3D__w05,TMAX_P95_3D,TMAX,95,3,w05,48_259_2023_005_TMAX_P95_3D,48259,Kendall,Edwards Plateau,2023-07-31,2023-08-21,22,2,True,False,2023-08-17,107.06,100.06,22,0,0.0,0.8,False,True,long event,"RETAINED - flagged for review, not deleted"
TX,TMAX_P95_3D__w05,TMAX_P95_3D,TMAX,95,3,w05,48_465_2023_010_TMAX_P95_3D,48465,Val Verde,Edwards Plateau,2023-07-31,2023-08-21,22,2,True,False,2023-08-10,108.38,103.64,22,0,0.0,0.0,False,True,long event,"RETAINED - flagged for review, not deleted"
TX,TMAX_P95_3D__w15,TMAX_P95_3D,TMAX,95,3,w15,48_053_2023_004_TMAX_P95_3D,48053,Burnet,Edwards Plateau,2023-07-31,2023-08-21,22,2,True,False,2023-08-18,106.46,100.95,22,0,0.0,0.0,False,True,long event,"RETAINED - flagged for review, not deleted"
TX,TMAX_P95_3D__w15,TMAX_P95_3D,TMAX,95,3,w15,48_093_2023_005_TMAX_P95_3D,48093,Comanche,North Central,2023-07-23,2023-08-13,22,2,True,False,2023-08-05,113.0,104.0,22,0,0.0,3.9,False,True,long event,"RETAINED - flagged for review, not deleted"
TX,TMAX_P95_3D__w15,TMAX_P95_3D,TMAX,95,3,w15,48_123_2023_004_TMAX_P95_3D,48123,DeWitt,South Central,2023-07-31,2023-08-21,22,2,True,False,2023-08-18,108.95,103.57,22,0,0.0,1.4,False,True,long event,"RETAINED - flagged for review, not deleted"
TX,TMAX_P95_3D__w15,TMAX_P95_3D,TMAX,95,3,w15,48_187_2023_006_TMAX_P95_3D,48187,Guadalupe,South Central,2023-07-31,2023-08-21,22,2,True,False,2023-08-10,107.06,102.92,22,0,0.0,0.0,False,True,long event,"RETAINED - flagged for review, not deleted"
TX,TMAX_P95_3D__w15,TMAX_P95_3D,TMAX,95,3,w15,48_469_2023_007_TMAX_P95_3D,48469,Victoria,Upper Coast,2023-08-24,2023-09-14,22,2,True,False,2023-08-27,106.28,100.04,22,0,0.0,0.0,False,True,long event,"RETAINED - flagged for review, not deleted"
TX,TMIN_P85_2D__month,TMIN_P85_2D,TMIN,85,2,month,48_021_2019_012_TMIN_P85_2D,48021,Bastrop,South Central,2019-08-06,2019-08-27,22,1,False,False,2019-08-09,80.06,75.05,22,0,0.0,0.3,False,True,long event,"RETAINED - flagged for review, not deleted"
TX,TMIN_P85_2D__month,TMIN_P85_2D,TMIN,85,2,month,48_049_2023_009_TMIN_P85_2D,48049,Brown,North Central,2023-07-24,2023-08-14,22,2,True,False,2023-08-08,82.04,75.02,22,0,0.0,9.7,False,True,long event,"RETAINED - flagged for review, not deleted"
TX,TMIN_P85_2D__month,TMIN_P85_2D,TMIN,85,2,month,48_115_2024_017_TMIN_P85_2D,48115,Dawson,High Plains,2024-08-06,2024-08-27,22,1,False,False,2024-08-23,76.0,69.59,22,22,100.0,65.2,False,False,long event AND >=50% imputed days,"RETAINED - flagged for review, not deleted"
TX,TMIN_P85_2D__month,TMIN_P85_2D,TMIN,85,2,month,48_283_2022_011_TMIN_P85_2D,48283,La Salle,South Texas,2022-07-18,2022-08-08,22,2,True,False,2022-07-20,80.06,75.92,22,0,0.0,0.7,False,True,long event,"RETAINED - flagged for review, not deleted"
TX,TMIN_P85_2D__month,TMIN_P85_2D,TMIN,85,2,month,48_285_2023_012_TMIN_P85_2D,48285,Lavaca,South Central,2023-07-02,2023-07-23,22,1,False,False,2023-07-12,82.04,75.92,22,0,0.0,0.8,False,True,long event,"RETAINED - flagged for review, not deleted"
TX,TMIN_P85_2D__month,TMIN_P85_2D,TMIN,85,2,month,48_377_2022_017_TMIN_P85_2D,48377,Presidio,Trans-Pecos,2022-06-07,2022-06-28,22,1,False,False,2022-06-08,82.04,71.96,22,0,0.0,2.2,False,True,long event,"RETAINED - flagged for review, not deleted"
TX,TMIN_P85_2D__month,TMIN_P85_2D,TMIN,85,2,month,48_407_2023_009_TMIN_P85_2D,48407,San Jacinto,East Texas,2023-06-14,2023-07-05,22,2,True,False,2023-06-20,78.68,73.94,22,22,100.0,100.0,True,False,long event AND >=50% imputed days,"RETAINED - flagged for review, not deleted"
TX,TMIN_P85_2D__month,TMIN_P85_2D,TMIN,85,2,month,48_421_2019_013_TMIN_P85_2D,48421,Sherman,High Plains,2019-09-01,2019-09-22,22,1,False,False,2019-09-12,67.47,62.06,22,22,100.0,58.9,False,False,long event AND >=50% imputed days,"RETAINED - flagged for review, not deleted"
TX,TMIN_P85_2D__month,TMIN_P85_2D,TMIN,85,2,month,48_421_2024_012_TMIN_P85_2D,48421,Sherman,High Plains,2024-06-13,2024-07-04,22,2,True,False,2024-07-02,72.82,68.0,22,22,100.0,58.9,False,False,long event AND >=50% imputed days,"RETAINED - flagged for review, not deleted"
TX,TMIN_P85_2D__month,TMIN_P85_2D,TMIN,85,2,month,48_491_2022_010_TMIN_P85_2D,48491,Williamson,North Central,2022-07-17,2022-08-07,22,2,True,False,2022-08-04,77.83,75.32,22,0,0.0,0.0,False,True,long event,"RETAINED - flagged for review, not deleted"
TX,TMIN_P85_2D__month,TMIN_P85_2D,TMIN,85,2,month,48_501_2023_011_TMIN_P85_2D,48501,Yoakum,High Plains,2023-07-24,2023-08-14,22,2,True,False,2023-08-12,77.0,67.46,22,0,0.0,0.0,False,True,long event,"RETAINED - flagged for review, not deleted"
TX,TMIN_P85_2D__month_pm7,TMIN_P85_2D,TMIN,85,2,month_pm7,48_021_2019_012_TMIN_P85_2D,48021,Bastrop,South Central,2019-08-06,2019-08-27,22,1,False,False,2019-08-09,80.06,74.98,22,0,0.0,0.3,False,True,long event,"RETAINED - flagged for review, not deleted"
TX,TMIN_P85_2D__month_pm7,TMIN_P85_2D,TMIN,85,2,month_pm7,48_099_2023_013_TMIN_P85_2D,48099,Coryell,North Central,2023-07-25,2023-08-15,22,2,True,False,2023-08-10,82.04,74.48,22,0,0.0,1.4,False,True,long event,"RETAINED - flagged for review, not deleted"
TX,TMIN_P85_2D__month_pm7,TMIN_P85_2D,TMIN,85,2,month_pm7,48_115_2024_016_TMIN_P85_2D,48115,Dawson,High Plains,2024-08-06,2024-08-27,22,1,False,False,2024-08-23,76.0,69.31,22,22,100.0,65.2,False,False,long event AND >=50% imputed days,"RETAINED - flagged for review, not deleted"
TX,TMIN_P85_2D__month_pm7,TMIN_P85_2D,TMIN,85,2,month_pm7,48_283_2022_013_TMIN_P85_2D,48283,La Salle,South Texas,2022-07-18,2022-08-08,22,2,True,False,2022-07-20,80.06,75.92,22,0,0.0,0.7,False,True,long event,"RETAINED - flagged for review, not deleted"
TX,TMIN_P85_2D__month_pm7,TMIN_P85_2D,TMIN,85,2,month_pm7,48_285_2023_013_TMIN_P85_2D,48285,Lavaca,South Central,2023-07-02,2023-07-23,22,1,False,False,2023-07-12,82.04,75.92,22,0,0.0,0.8,False,True,long event,"RETAINED - flagged for review, not deleted"
TX,TMIN_P85_2D__month_pm7,TMIN_P85_2D,TMIN,85,2,month_pm7,48_377_2022_016_TMIN_P85_2D,48377,Presidio,Trans-Pecos,2022-06-07,2022-06-28,22,1,False,False,2022-06-08,82.04,71.51,22,0,0.0,2.2,False,True,long event,"RETAINED - flagged for review, not deleted"
TX,TMIN_P85_2D__month_pm7,TMIN_P85_2D,TMIN,85,2,month_pm7,48_407_2023_009_TMIN_P85_2D,48407,San Jacinto,East Texas,2023-06-14,2023-07-05,22,2,True,False,2023-06-20,78.68,73.94,22,22,100.0,100.0,True,False,long event AND >=50% imputed days,"RETAINED - flagged for review, not deleted"
TX,TMIN_P85_2D__month_pm7,TMIN_P85_2D,TMIN,85,2,month_pm7,48_421_2019_012_TMIN_P85_2D,48421,Sherman,High Plains,2019-09-01,2019-09-22,22,1,False,False,2019-09-12,67.47,62.06,22,22,100.0,58.9,False,False,long event AND >=50% imputed days,"RETAINED - flagged for review, not deleted"
TX,TMIN_P85_2D__month_pm7,TMIN_P85_2D,TMIN,85,2,month_pm7,48_421_2024_013_TMIN_P85_2D,48421,Sherman,High Plains,2024-06-13,2024-07-04,22,2,True,False,2024-07-02,72.82,68.0,22,22,100.0,58.9,False,False,long event AND >=50% imputed days,"RETAINED - flagged for review, not deleted"
TX,TMIN_P85_2D__month_pm7,TMIN_P85_2D,TMIN,85,2,month_pm7,48_473_2022_014_TMIN_P85_2D,48473,Waller,East Texas,2022-07-17,2022-08-07,22,2,True,False,2022-07-20,78.04,75.01,22,22,100.0,100.0,True,False,long event AND >=50% imputed days,"RETAINED - flagged for review, not deleted"
TX,TMIN_P85_2D__month_pm7,TMIN_P85_2D,TMIN,85,2,month_pm7,48_491_2022_010_TMIN_P85_2D,48491,Williamson,North Central,2022-07-17,2022-08-07,22,2,True,False,2022-08-04,77.83,75.02,22,0,0.0,0.0,False,True,long event,"RETAINED - flagged for review, not deleted"
TX,TMIN_P85_2D__month_pm7,TMIN_P85_2D,TMIN,85,2,month_pm7,48_501_2023_010_TMIN_P85_2D,48501,Yoakum,High Plains,2023-07-24,2023-08-14,22,2,True,False,2023-08-12,77.0,67.46,22,0,0.0,0.0,False,True,long event,"RETAINED - flagged for review, not deleted"
TX,TMIN_P85_2D__w05,TMIN_P85_2D,TMIN,85,2,w05,48_021_2019_011_TMIN_P85_2D,48021,Bastrop,South Central,2019-08-06,2019-08-27,22,1,False,False,2019-08-09,80.06,75.92,22,0,0.0,0.3,False,True,long event,"RETAINED - flagged for review, not deleted"
TX,TMIN_P85_2D__w05,TMIN_P85_2D,TMIN,85,2,w05,48_283_2022_013_TMIN_P85_2D,48283,La Salle,South Texas,2022-07-18,2022-08-08,22,2,True,False,2022-07-20,80.06,75.92,22,0,0.0,0.7,False,True,long event,"RETAINED - flagged for review, not deleted"
TX,TMIN_P85_2D__w05,TMIN_P85_2D,TMIN,85,2,w05,48_285_2023_015_TMIN_P85_2D,48285,Lavaca,South Central,2023-07-02,2023-07-23,22,1,False,False,2023-07-12,82.04,75.92,22,0,0.0,0.8,False,True,long event,"RETAINED - flagged for review, not deleted"
TX,TMIN_P85_2D__w05,TMIN_P85_2D,TMIN,85,2,w05,48_335_2022_011_TMIN_P85_2D,48335,Mitchell,Low Rolling Plains,2022-07-18,2022-08-08,22,2,True,False,2022-07-20,78.63,73.84,22,22,100.0,100.0,True,False,long event AND >=50% imputed days,"RETAINED - flagged for review, not deleted"
TX,TMIN_P85_2D__w05,TMIN_P85_2D,TMIN,85,2,w05,48_389_2024_018_TMIN_P85_2D,48389,Reeves,Trans-Pecos,2024-08-09,2024-08-30,22,1,False,False,2024-08-09,78.08,72.02,22,0,0.0,4.4,False,True,long event,"RETAINED - flagged for review, not deleted"
TX,TMIN_P85_2D__w05,TMIN_P85_2D,TMIN,85,2,w05,48_455_2023_010_TMIN_P85_2D,48455,Trinity,East Texas,2023-06-14,2023-07-05,22,2,True,False,2023-06-20,78.42,73.94,22,22,100.0,100.0,True,False,long event AND >=50% imputed days,"RETAINED - flagged for review, not deleted"
TX,TMIN_P85_2D__w05,TMIN_P85_2D,TMIN,85,2,w05,48_491_2022_013_TMIN_P85_2D,48491,Williamson,North Central,2022-07-17,2022-08-07,22,2,True,False,2022-08-04,77.83,74.66,22,0,0.0,0.0,False,True,long event,"RETAINED - flagged for review, not deleted"
TX,TMIN_P85_2D__w05,TMIN_P85_2D,TMIN,85,2,w05,48_501_2023_013_TMIN_P85_2D,48501,Yoakum,High Plains,2023-07-24,2023-08-14,22,2,True,False,2023-08-12,77.0,67.62,22,0,0.0,0.0,False,True,long event,"RETAINED - flagged for review, not deleted"
TX,TMIN_P85_2D__w15,TMIN_P85_2D,TMIN,85,2,w15,48_021_2019_011_TMIN_P85_2D,48021,Bastrop,South Central,2019-08-06,2019-08-27,22,1,False,False,2019-08-09,80.06,75.68,22,0,0.0,0.3,False,True,long event,"RETAINED - flagged for review, not deleted"
TX,TMIN_P85_2D__w15,TMIN_P85_2D,TMIN,85,2,w15,48_119_2019_011_TMIN_P85_2D,48119,Delta,North Central,2019-09-15,2019-10-06,22,2,True,False,2019-09-23,74.57,69.89,22,22,100.0,100.0,True,False,long event AND >=50% imputed days,"RETAINED - flagged for review, not deleted"
TX,TMIN_P85_2D__w15,TMIN_P85_2D,TMIN,85,2,w15,48_229_2019_020_TMIN_P85_2D,48229,Hudspeth,Trans-Pecos,2019-09-05,2019-09-26,22,1,False,False,2019-09-12,71.96,63.5,22,0,0.0,0.1,False,True,long event,"RETAINED - flagged for review, not deleted"
TX,TMIN_P85_2D__w15,TMIN_P85_2D,TMIN,85,2,w15,48_283_2022_013_TMIN_P85_2D,48283,La Salle,South Texas,2022-07-18,2022-08-08,22,2,True,False,2022-07-20,80.06,75.92,22,0,0.0,0.7,False,True,long event,"RETAINED - flagged for review, not deleted"
TX,TMIN_P85_2D__w15,TMIN_P85_2D,TMIN,85,2,w15,48_285_2023_017_TMIN_P85_2D,48285,Lavaca,South Central,2023-07-02,2023-07-23,22,1,False,False,2023-07-12,82.04,75.92,22,0,0.0,0.8,False,True,long event,"RETAINED - flagged for review, not deleted"
TX,TMIN_P85_2D__w15,TMIN_P85_2D,TMIN,85,2,w15,48_335_2022_011_TMIN_P85_2D,48335,Mitchell,Low Rolling Plains,2022-07-18,2022-08-08,22,2,True,False,2022-07-20,78.63,73.94,22,22,100.0,100.0,True,False,long event AND >=50% imputed days,"RETAINED - flagged for review, not deleted"
TX,TMIN_P85_2D__w15,TMIN_P85_2D,TMIN,85,2,w15,48_363_2019_014_TMIN_P85_2D,48363,Palo Pinto,North Central,2019-09-12,2019-10-03,22,2,True,False,2019-09-21,77.0,71.06,22,0,0.0,1.6,False,True,long event,"RETAINED - flagged for review, not deleted"
TX,TMIN_P85_2D__w15,TMIN_P85_2D,TMIN,85,2,w15,48_377_2022_016_TMIN_P85_2D,48377,Presidio,Trans-Pecos,2022-06-07,2022-06-28,22,1,False,False,2022-06-08,82.04,71.46,22,0,0.0,2.2,False,True,long event,"RETAINED - flagged for review, not deleted"
TX,TMIN_P85_2D__w15,TMIN_P85_2D,TMIN,85,2,w15,48_455_2023_010_TMIN_P85_2D,48455,Trinity,East Texas,2023-06-14,2023-07-05,22,2,True,False,2023-06-20,78.42,74.07,22,22,100.0,100.0,True,False,long event AND >=50% imputed days,"RETAINED - flagged for review, not deleted"
TX,TMIN_P85_2D__w15,TMIN_P85_2D,TMIN,85,2,w15,48_491_2022_012_TMIN_P85_2D,48491,Williamson,North Central,2022-07-17,2022-08-07,22,2,True,False,2022-08-04,77.83,75.32,22,0,0.0,0.0,False,True,long event,"RETAINED - flagged for review, not deleted"
TX,TMIN_P85_2D__w15,TMIN_P85_2D,TMIN,85,2,w15,48_501_2023_012_TMIN_P85_2D,48501,Yoakum,High Plains,2023-07-24,2023-08-14,22,2,True,False,2023-08-12,77.0,68.0,22,0,0.0,0.0,False,True,long event,"RETAINED - flagged for review, not deleted"
TX,TMIN_P85_3D__month,TMIN_P85_3D,TMIN,85,3,month,48_021_2019_009_TMIN_P85_3D,48021,Bastrop,South Central,2019-08-06,2019-08-27,22,1,False,False,2019-08-09,80.06,75.05,22,0,0.0,0.3,False,True,long event,"RETAINED - flagged for review, not deleted"
TX,TMIN_P85_3D__month,TMIN_P85_3D,TMIN,85,3,month,48_049_2023_005_TMIN_P85_3D,48049,Brown,North Central,2023-07-24,2023-08-14,22,2,True,False,2023-08-08,82.04,75.02,22,0,0.0,9.7,False,True,long event,"RETAINED - flagged for review, not deleted"
TX,TMIN_P85_3D__month,TMIN_P85_3D,TMIN,85,3,month,48_115_2024_014_TMIN_P85_3D,48115,Dawson,High Plains,2024-08-06,2024-08-27,22,1,False,False,2024-08-23,76.0,69.59,22,22,100.0,65.2,False,False,long event AND >=50% imputed days,"RETAINED - flagged for review, not deleted"
TX,TMIN_P85_3D__month,TMIN_P85_3D,TMIN,85,3,month,48_283_2022_008_TMIN_P85_3D,48283,La Salle,South Texas,2022-07-18,2022-08-08,22,2,True,False,2022-07-20,80.06,75.92,22,0,0.0,0.7,False,True,long event,"RETAINED - flagged for review, not deleted"
TX,TMIN_P85_3D__month,TMIN_P85_3D,TMIN,85,3,month,48_285_2023_009_TMIN_P85_3D,48285,Lavaca,South Central,2023-07-02,2023-07-23,22,1,False,False,2023-07-12,82.04,75.92,22,0,0.0,0.8,False,True,long event,"RETAINED - flagged for review, not deleted"
TX,TMIN_P85_3D__month,TMIN_P85_3D,TMIN,85,3,month,48_377_2022_011_TMIN_P85_3D,48377,Presidio,Trans-Pecos,2022-06-07,2022-06-28,22,1,False,False,2022-06-08,82.04,71.96,22,0,0.0,2.2,False,True,long event,"RETAINED - flagged for review, not deleted"
TX,TMIN_P85_3D__month,TMIN_P85_3D,TMIN,85,3,month,48_407_2023_006_TMIN_P85_3D,48407,San Jacinto,East Texas,2023-06-14,2023-07-05,22,2,True,False,2023-06-20,78.68,73.94,22,22,100.0,100.0,True,False,long event AND >=50% imputed days,"RETAINED - flagged for review, not deleted"
TX,TMIN_P85_3D__month,TMIN_P85_3D,TMIN,85,3,month,48_421_2019_008_TMIN_P85_3D,48421,Sherman,High Plains,2019-09-01,2019-09-22,22,1,False,False,2019-09-12,67.47,62.06,22,22,100.0,58.9,False,False,long event AND >=50% imputed days,"RETAINED - flagged for review, not deleted"
TX,TMIN_P85_3D__month,TMIN_P85_3D,TMIN,85,3,month,48_421_2024_010_TMIN_P85_3D,48421,Sherman,High Plains,2024-06-13,2024-07-04,22,2,True,False,2024-07-02,72.82,68.0,22,22,100.0,58.9,False,False,long event AND >=50% imputed days,"RETAINED - flagged for review, not deleted"
TX,TMIN_P85_3D__month,TMIN_P85_3D,TMIN,85,3,month,48_491_2022_008_TMIN_P85_3D,48491,Williamson,North Central,2022-07-17,2022-08-07,22,2,True,False,2022-08-04,77.83,75.32,22,0,0.0,0.0,False,True,long event,"RETAINED - flagged for review, not deleted"
TX,TMIN_P85_3D__month,TMIN_P85_3D,TMIN,85,3,month,48_501_2023_008_TMIN_P85_3D,48501,Yoakum,High Plains,2023-07-24,2023-08-14,22,2,True,False,2023-08-12,77.0,67.46,22,0,0.0,0.0,False,True,long event,"RETAINED - flagged for review, not deleted"
TX,TMIN_P85_3D__month_pm7,TMIN_P85_3D,TMIN,85,3,month_pm7,48_021_2019_009_TMIN_P85_3D,48021,Bastrop,South Central,2019-08-06,2019-08-27,22,1,False,False,2019-08-09,80.06,74.98,22,0,0.0,0.3,False,True,long event,"RETAINED - flagged for review, not deleted"
TX,TMIN_P85_3D__month_pm7,TMIN_P85_3D,TMIN,85,3,month_pm7,48_099_2023_009_TMIN_P85_3D,48099,Coryell,North Central,2023-07-25,2023-08-15,22,2,True,False,2023-08-10,82.04,74.48,22,0,0.0,1.4,False,True,long event,"RETAINED - flagged for review, not deleted"
TX,TMIN_P85_3D__month_pm7,TMIN_P85_3D,TMIN,85,3,month_pm7,48_115_2024_015_TMIN_P85_3D,48115,Dawson,High Plains,2024-08-06,2024-08-27,22,1,False,False,2024-08-23,76.0,69.31,22,22,100.0,65.2,False,False,long event AND >=50% imputed days,"RETAINED - flagged for review, not deleted"
TX,TMIN_P85_3D__month_pm7,TMIN_P85_3D,TMIN,85,3,month_pm7,48_283_2022_010_TMIN_P85_3D,48283,La Salle,South Texas,2022-07-18,2022-08-08,22,2,True,False,2022-07-20,80.06,75.92,22,0,0.0,0.7,False,True,long event,"RETAINED - flagged for review, not deleted"
TX,TMIN_P85_3D__month_pm7,TMIN_P85_3D,TMIN,85,3,month_pm7,48_285_2023_008_TMIN_P85_3D,48285,Lavaca,South Central,2023-07-02,2023-07-23,22,1,False,False,2023-07-12,82.04,75.92,22,0,0.0,0.8,False,True,long event,"RETAINED - flagged for review, not deleted"
TX,TMIN_P85_3D__month_pm7,TMIN_P85_3D,TMIN,85,3,month_pm7,48_377_2022_010_TMIN_P85_3D,48377,Presidio,Trans-Pecos,2022-06-07,2022-06-28,22,1,False,False,2022-06-08,82.04,71.51,22,0,0.0,2.2,False,True,long event,"RETAINED - flagged for review, not deleted"
TX,TMIN_P85_3D__month_pm7,TMIN_P85_3D,TMIN,85,3,month_pm7,48_407_2023_005_TMIN_P85_3D,48407,San Jacinto,East Texas,2023-06-14,2023-07-05,22,2,True,False,2023-06-20,78.68,73.94,22,22,100.0,100.0,True,False,long event AND >=50% imputed days,"RETAINED - flagged for review, not deleted"
TX,TMIN_P85_3D__month_pm7,TMIN_P85_3D,TMIN,85,3,month_pm7,48_421_2019_008_TMIN_P85_3D,48421,Sherman,High Plains,2019-09-01,2019-09-22,22,1,False,False,2019-09-12,67.47,62.06,22,22,100.0,58.9,False,False,long event AND >=50% imputed days,"RETAINED - flagged for review, not deleted"
TX,TMIN_P85_3D__month_pm7,TMIN_P85_3D,TMIN,85,3,month_pm7,48_421_2024_011_TMIN_P85_3D,48421,Sherman,High Plains,2024-06-13,2024-07-04,22,2,True,False,2024-07-02,72.82,68.0,22,22,100.0,58.9,False,False,long event AND >=50% imputed days,"RETAINED - flagged for review, not deleted"
TX,TMIN_P85_3D__month_pm7,TMIN_P85_3D,TMIN,85,3,month_pm7,48_473_2022_010_TMIN_P85_3D,48473,Waller,East Texas,2022-07-17,2022-08-07,22,2,True,False,2022-07-20,78.04,75.01,22,22,100.0,100.0,True,False,long event AND >=50% imputed days,"RETAINED - flagged for review, not deleted"
TX,TMIN_P85_3D__month_pm7,TMIN_P85_3D,TMIN,85,3,month_pm7,48_491_2022_008_TMIN_P85_3D,48491,Williamson,North Central,2022-07-17,2022-08-07,22,2,True,False,2022-08-04,77.83,75.02,22,0,0.0,0.0,False,True,long event,"RETAINED - flagged for review, not deleted"
TX,TMIN_P85_3D__month_pm7,TMIN_P85_3D,TMIN,85,3,month_pm7,48_501_2023_008_TMIN_P85_3D,48501,Yoakum,High Plains,2023-07-24,2023-08-14,22,2,True,False,2023-08-12,77.0,67.46,22,0,0.0,0.0,False,True,long event,"RETAINED - flagged for review, not deleted"
TX,TMIN_P85_3D__w05,TMIN_P85_3D,TMIN,85,3,w05,48_021_2019_007_TMIN_P85_3D,48021,Bastrop,South Central,2019-08-06,2019-08-27,22,1,False,False,2019-08-09,80.06,75.92,22,0,0.0,0.3,False,True,long event,"RETAINED - flagged for review, not deleted"
TX,TMIN_P85_3D__w05,TMIN_P85_3D,TMIN,85,3,w05,48_283_2022_009_TMIN_P85_3D,48283,La Salle,South Texas,2022-07-18,2022-08-08,22,2,True,False,2022-07-20,80.06,75.92,22,0,0.0,0.7,False,True,long event,"RETAINED - flagged for review, not deleted"
TX,TMIN_P85_3D__w05,TMIN_P85_3D,TMIN,85,3,w05,48_285_2023_009_TMIN_P85_3D,48285,Lavaca,South Central,2023-07-02,2023-07-23,22,1,False,False,2023-07-12,82.04,75.92,22,0,0.0,0.8,False,True,long event,"RETAINED - flagged for review, not deleted"
TX,TMIN_P85_3D__w05,TMIN_P85_3D,TMIN,85,3,w05,48_335_2022_007_TMIN_P85_3D,48335,Mitchell,Low Rolling Plains,2022-07-18,2022-08-08,22,2,True,False,2022-07-20,78.63,73.84,22,22,100.0,100.0,True,False,long event AND >=50% imputed days,"RETAINED - flagged for review, not deleted"
TX,TMIN_P85_3D__w05,TMIN_P85_3D,TMIN,85,3,w05,48_389_2024_013_TMIN_P85_3D,48389,Reeves,Trans-Pecos,2024-08-09,2024-08-30,22,1,False,False,2024-08-09,78.08,72.02,22,0,0.0,4.4,False,True,long event,"RETAINED - flagged for review, not deleted"
TX,TMIN_P85_3D__w05,TMIN_P85_3D,TMIN,85,3,w05,48_455_2023_005_TMIN_P85_3D,48455,Trinity,East Texas,2023-06-14,2023-07-05,22,2,True,False,2023-06-20,78.42,73.94,22,22,100.0,100.0,True,False,long event AND >=50% imputed days,"RETAINED - flagged for review, not deleted"
TX,TMIN_P85_3D__w05,TMIN_P85_3D,TMIN,85,3,w05,48_491_2022_009_TMIN_P85_3D,48491,Williamson,North Central,2022-07-17,2022-08-07,22,2,True,False,2022-08-04,77.83,74.66,22,0,0.0,0.0,False,True,long event,"RETAINED - flagged for review, not deleted"
TX,TMIN_P85_3D__w05,TMIN_P85_3D,TMIN,85,3,w05,48_501_2023_009_TMIN_P85_3D,48501,Yoakum,High Plains,2023-07-24,2023-08-14,22,2,True,False,2023-08-12,77.0,67.62,22,0,0.0,0.0,False,True,long event,"RETAINED - flagged for review, not deleted"
TX,TMIN_P85_3D__w15,TMIN_P85_3D,TMIN,85,3,w15,48_021_2019_008_TMIN_P85_3D,48021,Bastrop,South Central,2019-08-06,2019-08-27,22,1,False,False,2019-08-09,80.06,75.68,22,0,0.0,0.3,False,True,long event,"RETAINED - flagged for review, not deleted"
TX,TMIN_P85_3D__w15,TMIN_P85_3D,TMIN,85,3,w15,48_119_2019_009_TMIN_P85_3D,48119,Delta,North Central,2019-09-15,2019-10-06,22,2,True,False,2019-09-23,74.57,69.89,22,22,100.0,100.0,True,False,long event AND >=50% imputed days,"RETAINED - flagged for review, not deleted"
TX,TMIN_P85_3D__w15,TMIN_P85_3D,TMIN,85,3,w15,48_229_2019_013_TMIN_P85_3D,48229,Hudspeth,Trans-Pecos,2019-09-05,2019-09-26,22,1,False,False,2019-09-12,71.96,63.5,22,0,0.0,0.1,False,True,long event,"RETAINED - flagged for review, not deleted"
TX,TMIN_P85_3D__w15,TMIN_P85_3D,TMIN,85,3,w15,48_283_2022_009_TMIN_P85_3D,48283,La Salle,South Texas,2022-07-18,2022-08-08,22,2,True,False,2022-07-20,80.06,75.92,22,0,0.0,0.7,False,True,long event,"RETAINED - flagged for review, not deleted"
TX,TMIN_P85_3D__w15,TMIN_P85_3D,TMIN,85,3,w15,48_285_2023_011_TMIN_P85_3D,48285,Lavaca,South Central,2023-07-02,2023-07-23,22,1,False,False,2023-07-12,82.04,75.92,22,0,0.0,0.8,False,True,long event,"RETAINED - flagged for review, not deleted"
TX,TMIN_P85_3D__w15,TMIN_P85_3D,TMIN,85,3,w15,48_335_2022_007_TMIN_P85_3D,48335,Mitchell,Low Rolling Plains,2022-07-18,2022-08-08,22,2,True,False,2022-07-20,78.63,73.94,22,22,100.0,100.0,True,False,long event AND >=50% imputed days,"RETAINED - flagged for review, not deleted"
TX,TMIN_P85_3D__w15,TMIN_P85_3D,TMIN,85,3,w15,48_363_2019_006_TMIN_P85_3D,48363,Palo Pinto,North Central,2019-09-12,2019-10-03,22,2,True,False,2019-09-21,77.0,71.06,22,0,0.0,1.6,False,True,long event,"RETAINED - flagged for review, not deleted"
TX,TMIN_P85_3D__w15,TMIN_P85_3D,TMIN,85,3,w15,48_377_2022_011_TMIN_P85_3D,48377,Presidio,Trans-Pecos,2022-06-07,2022-06-28,22,1,False,False,2022-06-08,82.04,71.46,22,0,0.0,2.2,False,True,long event,"RETAINED - flagged for review, not deleted"
TX,TMIN_P85_3D__w15,TMIN_P85_3D,TMIN,85,3,w15,48_455_2023_005_TMIN_P85_3D,48455,Trinity,East Texas,2023-06-14,2023-07-05,22,2,True,False,2023-06-20,78.42,74.07,22,22,100.0,100.0,True,False,long event AND >=50% imputed days,"RETAINED - flagged for review, not deleted"
TX,TMIN_P85_3D__w15,TMIN_P85_3D,TMIN,85,3,w15,48_491_2022_008_TMIN_P85_3D,48491,Williamson,North Central,2022-07-17,2022-08-07,22,2,True,False,2022-08-04,77.83,75.32,22,0,0.0,0.0,False,True,long event,"RETAINED - flagged for review, not deleted"
TX,TMIN_P85_3D__w15,TMIN_P85_3D,TMIN,85,3,w15,48_501_2023_007_TMIN_P85_3D,48501,Yoakum,High Plains,2023-07-24,2023-08-14,22,2,True,False,2023-08-12,77.0,68.0,22,0,0.0,0.0,False,True,long event,"RETAINED - flagged for review, not deleted"
TX,TMIN_P90_2D__month,TMIN_P90_2D,TMIN,90,2,month,48_083_2022_011_TMIN_P90_2D,48083,Coleman,Low Rolling Plains,2022-07-19,2022-08-09,22,2,True,False,2022-07-20,78.74,73.99,22,0,0.0,0.0,False,True,long event,"RETAINED - flagged for review, not deleted"
TX,TMIN_P90_2D__month,TMIN_P90_2D,TMIN,90,2,month,48_115_2019_010_TMIN_P90_2D,48115,Dawson,High Plains,2019-08-01,2019-08-22,22,1,False,False,2019-08-08,75.91,69.3,22,22,100.0,65.2,False,False,long event AND >=50% imputed days,"RETAINED - flagged for review, not deleted"
TX,TMIN_P90_2D__month,TMIN_P90_2D,TMIN,90,2,month,48_115_2020_014_TMIN_P90_2D,48115,Dawson,High Plains,2020-07-09,2020-07-30,22,1,False,False,2020-07-14,77.6,69.98,22,22,100.0,65.2,False,False,long event AND >=50% imputed days,"RETAINED - flagged for review, not deleted"
TX,TMIN_P90_2D__month,TMIN_P90_2D,TMIN,90,2,month,48_377_2022_014_TMIN_P90_2D,48377,Presidio,Trans-Pecos,2022-06-07,2022-06-28,22,1,False,False,2022-06-08,82.04,73.04,22,0,0.0,2.2,False,True,long event,"RETAINED - flagged for review, not deleted"
TX,TMIN_P90_2D__month,TMIN_P90_2D,TMIN,90,2,month,48_501_2023_008_TMIN_P90_2D,48501,Yoakum,High Plains,2023-07-24,2023-08-14,22,2,True,False,2023-08-12,77.0,68.0,22,0,0.0,0.0,False,True,long event,"RETAINED - flagged for review, not deleted"
TX,TMIN_P90_2D__month_pm7,TMIN_P90_2D,TMIN,90,2,month_pm7,48_083_2022_009_TMIN_P90_2D,48083,Coleman,Low Rolling Plains,2022-07-19,2022-08-09,22,2,True,False,2022-07-20,78.74,74.0,22,0,0.0,0.0,False,True,long event,"RETAINED - flagged for review, not deleted"
TX,TMIN_P90_2D__month_pm7,TMIN_P90_2D,TMIN,90,2,month_pm7,48_115_2019_008_TMIN_P90_2D,48115,Dawson,High Plains,2019-08-01,2019-08-22,22,1,False,False,2019-08-08,75.91,69.08,22,22,100.0,65.2,False,False,long event AND >=50% imputed days,"RETAINED - flagged for review, not deleted"
TX,TMIN_P90_2D__month_pm7,TMIN_P90_2D,TMIN,90,2,month_pm7,48_115_2020_014_TMIN_P90_2D,48115,Dawson,High Plains,2020-07-09,2020-07-30,22,1,False,False,2020-07-14,77.6,69.98,22,22,100.0,65.2,False,False,long event AND >=50% imputed days,"RETAINED - flagged for review, not deleted"
TX,TMIN_P90_2D__month_pm7,TMIN_P90_2D,TMIN,90,2,month_pm7,48_285_2023_011_TMIN_P90_2D,48285,Lavaca,South Central,2023-07-02,2023-07-23,22,1,False,False,2023-07-12,82.04,75.92,22,0,0.0,0.8,False,True,long event,"RETAINED - flagged for review, not deleted"
TX,TMIN_P90_2D__month_pm7,TMIN_P90_2D,TMIN,90,2,month_pm7,48_377_2022_013_TMIN_P90_2D,48377,Presidio,Trans-Pecos,2022-06-07,2022-06-28,22,1,False,False,2022-06-08,82.04,72.77,22,0,0.0,2.2,False,True,long event,"RETAINED - flagged for review, not deleted"
TX,TMIN_P90_2D__month_pm7,TMIN_P90_2D,TMIN,90,2,month_pm7,48_501_2023_007_TMIN_P90_2D,48501,Yoakum,High Plains,2023-07-24,2023-08-14,22,2,True,False,2023-08-12,77.0,68.0,22,0,0.0,0.0,False,True,long event,"RETAINED - flagged for review, not deleted"
TX,TMIN_P90_2D__w05,TMIN_P90_2D,TMIN,90,2,w05,48_083_2022_011_TMIN_P90_2D,48083,Coleman,Low Rolling Plains,2022-07-19,2022-08-09,22,2,True,False,2022-07-20,78.74,73.94,22,0,0.0,0.0,False,True,long event,"RETAINED - flagged for review, not deleted"
TX,TMIN_P90_2D__w05,TMIN_P90_2D,TMIN,90,2,w05,48_115_2023_012_TMIN_P90_2D,48115,Dawson,High Plains,2023-07-24,2023-08-14,22,2,True,False,2023-08-12,79.17,71.1,22,22,100.0,65.2,False,False,long event AND >=50% imputed days,"RETAINED - flagged for review, not deleted"
TX,TMIN_P90_2D__w15,TMIN_P90_2D,TMIN,90,2,w15,48_083_2022_011_TMIN_P90_2D,48083,Coleman,Low Rolling Plains,2022-07-19,2022-08-09,22,2,True,False,2022-07-20,78.74,74.0,22,0,0.0,0.0,False,True,long event,"RETAINED - flagged for review, not deleted"
TX,TMIN_P90_2D__w15,TMIN_P90_2D,TMIN,90,2,w15,48_115_2020_014_TMIN_P90_2D,48115,Dawson,High Plains,2020-07-09,2020-07-30,22,1,False,False,2020-07-14,77.6,69.98,22,22,100.0,65.2,False,False,long event AND >=50% imputed days,"RETAINED - flagged for review, not deleted"
TX,TMIN_P90_3D__month,TMIN_P90_3D,TMIN,90,3,month,48_083_2022_006_TMIN_P90_3D,48083,Coleman,Low Rolling Plains,2022-07-19,2022-08-09,22,2,True,False,2022-07-20,78.74,73.99,22,0,0.0,0.0,False,True,long event,"RETAINED - flagged for review, not deleted"
TX,TMIN_P90_3D__month,TMIN_P90_3D,TMIN,90,3,month,48_115_2019_007_TMIN_P90_3D,48115,Dawson,High Plains,2019-08-01,2019-08-22,22,1,False,False,2019-08-08,75.91,69.3,22,22,100.0,65.2,False,False,long event AND >=50% imputed days,"RETAINED - flagged for review, not deleted"
TX,TMIN_P90_3D__month,TMIN_P90_3D,TMIN,90,3,month,48_115_2020_006_TMIN_P90_3D,48115,Dawson,High Plains,2020-07-09,2020-07-30,22,1,False,False,2020-07-14,77.6,69.98,22,22,100.0,65.2,False,False,long event AND >=50% imputed days,"RETAINED - flagged for review, not deleted"
TX,TMIN_P90_3D__month,TMIN_P90_3D,TMIN,90,3,month,48_377_2022_010_TMIN_P90_3D,48377,Presidio,Trans-Pecos,2022-06-07,2022-06-28,22,1,False,False,2022-06-08,82.04,73.04,22,0,0.0,2.2,False,True,long event,"RETAINED - flagged for review, not deleted"
TX,TMIN_P90_3D__month,TMIN_P90_3D,TMIN,90,3,month,48_501_2023_006_TMIN_P90_3D,48501,Yoakum,High Plains,2023-07-24,2023-08-14,22,2,True,False,2023-08-12,77.0,68.0,22,0,0.0,0.0,False,True,long event,"RETAINED - flagged for review, not deleted"
TX,TMIN_P90_3D__month_pm7,TMIN_P90_3D,TMIN,90,3,month_pm7,48_083_2022_007_TMIN_P90_3D,48083,Coleman,Low Rolling Plains,2022-07-19,2022-08-09,22,2,True,False,2022-07-20,78.74,74.0,22,0,0.0,0.0,False,True,long event,"RETAINED - flagged for review, not deleted"
TX,TMIN_P90_3D__month_pm7,TMIN_P90_3D,TMIN,90,3,month_pm7,48_115_2019_006_TMIN_P90_3D,48115,Dawson,High Plains,2019-08-01,2019-08-22,22,1,False,False,2019-08-08,75.91,69.08,22,22,100.0,65.2,False,False,long event AND >=50% imputed days,"RETAINED - flagged for review, not deleted"
TX,TMIN_P90_3D__month_pm7,TMIN_P90_3D,TMIN,90,3,month_pm7,48_115_2020_006_TMIN_P90_3D,48115,Dawson,High Plains,2020-07-09,2020-07-30,22,1,False,False,2020-07-14,77.6,69.98,22,22,100.0,65.2,False,False,long event AND >=50% imputed days,"RETAINED - flagged for review, not deleted"
TX,TMIN_P90_3D__month_pm7,TMIN_P90_3D,TMIN,90,3,month_pm7,48_285_2023_006_TMIN_P90_3D,48285,Lavaca,South Central,2023-07-02,2023-07-23,22,1,False,False,2023-07-12,82.04,75.92,22,0,0.0,0.8,False,True,long event,"RETAINED - flagged for review, not deleted"
TX,TMIN_P90_3D__month_pm7,TMIN_P90_3D,TMIN,90,3,month_pm7,48_377_2022_010_TMIN_P90_3D,48377,Presidio,Trans-Pecos,2022-06-07,2022-06-28,22,1,False,False,2022-06-08,82.04,72.77,22,0,0.0,2.2,False,True,long event,"RETAINED - flagged for review, not deleted"
TX,TMIN_P90_3D__month_pm7,TMIN_P90_3D,TMIN,90,3,month_pm7,48_501_2023_005_TMIN_P90_3D,48501,Yoakum,High Plains,2023-07-24,2023-08-14,22,2,True,False,2023-08-12,77.0,68.0,22,0,0.0,0.0,False,True,long event,"RETAINED - flagged for review, not deleted"
TX,TMIN_P90_3D__w05,TMIN_P90_3D,TMIN,90,3,w05,48_083_2022_007_TMIN_P90_3D,48083,Coleman,Low Rolling Plains,2022-07-19,2022-08-09,22,2,True,False,2022-07-20,78.74,73.94,22,0,0.0,0.0,False,True,long event,"RETAINED - flagged for review, not deleted"
TX,TMIN_P90_3D__w05,TMIN_P90_3D,TMIN,90,3,w05,48_115_2023_010_TMIN_P90_3D,48115,Dawson,High Plains,2023-07-24,2023-08-14,22,2,True,False,2023-08-12,79.17,71.1,22,22,100.0,65.2,False,False,long event AND >=50% imputed days,"RETAINED - flagged for review, not deleted"
TX,TMIN_P90_3D__w15,TMIN_P90_3D,TMIN,90,3,w15,48_083_2022_006_TMIN_P90_3D,48083,Coleman,Low Rolling Plains,2022-07-19,2022-08-09,22,2,True,False,2022-07-20,78.74,74.0,22,0,0.0,0.0,False,True,long event,"RETAINED - flagged for review, not deleted"
TX,TMIN_P90_3D__w15,TMIN_P90_3D,TMIN,90,3,w15,48_115_2020_006_TMIN_P90_3D,48115,Dawson,High Plains,2020-07-09,2020-07-30,22,1,False,False,2020-07-14,77.6,69.98,22,22,100.0,65.2,False,False,long event AND >=50% imputed days,"RETAINED - flagged for review, not deleted"
TX,TMIN_P95_2D__month_pm7,TMIN_P95_2D,TMIN,95,2,month_pm7,48_083_2022_007_TMIN_P95_2D,48083,Coleman,Low Rolling Plains,2022-07-19,2022-08-09,22,2,True,False,2022-07-20,78.74,74.96,22,0,0.0,0.0,False,True,long event,"RETAINED - flagged for review, not deleted"
TX,TMIN_P95_2D__w05,TMIN_P95_2D,TMIN,95,2,w05,48_115_2022_010_TMIN_P95_2D,48115,Dawson,High Plains,2022-07-18,2022-08-08,22,2,True,False,2022-07-20,77.97,71.96,22,22,100.0,65.2,False,False,long event AND >=50% imputed days,"RETAINED - flagged for review, not deleted"
TX,TMIN_P95_3D__month_pm7,TMIN_P95_3D,TMIN,95,3,month_pm7,48_083_2022_006_TMIN_P95_3D,48083,Coleman,Low Rolling Plains,2022-07-19,2022-08-09,22,2,True,False,2022-07-20,78.74,74.96,22,0,0.0,0.0,False,True,long event,"RETAINED - flagged for review, not deleted"
TX,TMIN_P95_3D__w05,TMIN_P95_3D,TMIN,95,3,w05,48_115_2022_008_TMIN_P95_3D,48115,Dawson,High Plains,2022-07-18,2022-08-08,22,2,True,False,2022-07-20,77.97,71.96,22,22,100.0,65.2,False,False,long event AND >=50% imputed days,"RETAINED - flagged for review, not deleted"
TX,MHI_P85_2D__month,MHI_P85_2D,MHI,85,2,month,48_259_2019_019_MHI_P85_2D,48259,Kendall,Edwards Plateau,2019-09-17,2019-10-07,21,2,True,False,2019-09-29,93.77,85.37,21,0,0.0,0.8,False,True,long event,"RETAINED - flagged for review, not deleted"
TX,MHI_P85_2D__month,MHI_P85_2D,MHI,85,2,month,48_283_2019_016_MHI_P85_2D,48283,La Salle,South Texas,2019-09-17,2019-10-07,21,2,True,False,2019-09-19,100.92,93.05,21,0,0.0,0.7,False,True,long event,"RETAINED - flagged for review, not deleted"
TX,MHI_P85_2D__month_pm7,MHI_P85_2D,MHI,85,2,month_pm7,48_061_2023_011_MHI_P85_2D,48061,Cameron,Lower Valley,2023-07-31,2023-08-20,21,2,True,False,2023-08-13,111.25,98.45,21,0,0.0,0.0,False,True,long event,"RETAINED - flagged for review, not deleted"
TX,MHI_P85_2D__month_pm7,MHI_P85_2D,MHI,85,2,month_pm7,48_241_2023_016_MHI_P85_2D,48241,Jasper,East Texas,2023-07-26,2023-08-15,21,2,True,False,2023-08-12,105.58,94.05,21,3,14.3,5.7,False,True,long event,"RETAINED - flagged for review, not deleted"
TX,MHI_P85_2D__month_pm7,MHI_P85_2D,MHI,85,2,month_pm7,48_283_2021_018_MHI_P85_2D,48283,La Salle,South Texas,2021-08-07,2021-08-27,21,1,False,False,2021-08-19,111.37,97.88,21,0,0.0,0.7,False,True,long event,"RETAINED - flagged for review, not deleted"
TX,MHI_P85_2D__w05,MHI_P85_2D,MHI,85,2,w05,48_373_2023_010_MHI_P85_2D,48373,Polk,East Texas,2023-06-15,2023-07-05,21,2,True,False,2023-06-25,98.02,92.93,21,21,100.0,86.0,False,False,long event AND >=50% imputed days,"RETAINED - flagged for review, not deleted"
TX,MHI_P85_2D__w05,MHI_P85_2D,MHI,85,2,w05,48_407_2023_011_MHI_P85_2D,48407,San Jacinto,East Texas,2023-06-15,2023-07-05,21,2,True,False,2023-06-25,97.6,91.86,21,21,100.0,100.0,True,False,long event AND >=50% imputed days,"RETAINED - flagged for review, not deleted"
TX,MHI_P85_2D__w05,MHI_P85_2D,MHI,85,2,w05,48_489_2023_012_MHI_P85_2D,48489,Willacy,Lower Valley,2023-07-09,2023-07-29,21,1,False,False,2023-07-14,106.69,96.92,21,0,0.0,30.0,False,False,long event,"RETAINED - flagged for review, not deleted"
TX,MHI_P85_2D__w15,MHI_P85_2D,MHI,85,2,w15,48_049_2019_010_MHI_P85_2D,48049,Brown,North Central,2019-09-17,2019-10-07,21,2,True,False,2019-09-29,90.91,80.52,21,0,0.0,9.7,False,True,long event,"RETAINED - flagged for review, not deleted"
TX,MHI_P85_2D__w15,MHI_P85_2D,MHI,85,2,w15,48_133_2019_011_MHI_P85_2D,48133,Eastland,North Central,2019-09-16,2019-10-06,21,2,True,False,2019-09-29,86.7,78.92,21,21,100.0,100.0,True,False,long event AND >=50% imputed days,"RETAINED - flagged for review, not deleted"
TX,MHI_P85_2D__w15,MHI_P85_2D,MHI,85,2,w15,48_259_2019_015_MHI_P85_2D,48259,Kendall,Edwards Plateau,2019-09-17,2019-10-07,21,2,True,False,2019-09-29,93.77,80.5,21,0,0.0,0.8,False,True,long event,"RETAINED - flagged for review, not deleted"
TX,MHI_P85_2D__w15,MHI_P85_2D,MHI,85,2,w15,48_273_2023_016_MHI_P85_2D,48273,Kleberg,South Central,2023-07-31,2023-08-20,21,2,True,False,2023-08-13,112.19,102.5,21,0,0.0,0.0,False,True,long event,"RETAINED - flagged for review, not deleted"
TX,MHI_P85_2D__w15,MHI_P85_2D,MHI,85,2,w15,48_407_2023_010_MHI_P85_2D,48407,San Jacinto,East Texas,2023-06-15,2023-07-05,21,2,True,False,2023-06-25,97.6,91.66,21,21,100.0,100.0,True,False,long event AND >=50% imputed days,"RETAINED - flagged for review, not deleted"
TX,MHI_P85_2D__w15,MHI_P85_2D,MHI,85,2,w15,48_489_2023_012_MHI_P85_2D,48489,Willacy,Lower Valley,2023-07-09,2023-07-29,21,1,False,False,2023-07-14,106.69,96.67,21,0,0.0,30.0,False,False,long event,"RETAINED - flagged for review, not deleted"
TX,MHI_P90_2D__month_pm7,MHI_P90_2D,MHI,90,2,month_pm7,48_273_2023_014_MHI_P90_2D,48273,Kleberg,South Central,2023-07-31,2023-08-20,21,2,True,False,2023-08-13,112.19,102.16,21,0,0.0,0.0,False,True,long event,"RETAINED - flagged for review, not deleted"
TX,MHI_P90_2D__w05,MHI_P90_2D,MHI,90,2,w05,48_273_2023_016_MHI_P90_2D,48273,Kleberg,South Central,2023-07-31,2023-08-20,21,2,True,False,2023-08-13,112.19,103.46,21,0,0.0,0.0,False,True,long event,"RETAINED - flagged for review, not deleted"
TX,MHI_P90_2D__w15,MHI_P90_2D,MHI,90,2,w15,48_273_2023_016_MHI_P90_2D,48273,Kleberg,South Central,2023-07-31,2023-08-20,21,2,True,False,2023-08-13,112.19,103.74,21,0,0.0,0.0,False,True,long event,"RETAINED - flagged for review, not deleted"
TX,MHI_P90_3D__month_pm7,MHI_P90_3D,MHI,90,3,month_pm7,48_273_2023_010_MHI_P90_3D,48273,Kleberg,South Central,2023-07-31,2023-08-20,21,2,True,False,2023-08-13,112.19,102.16,21,0,0.0,0.0,False,True,long event,"RETAINED - flagged for review, not deleted"
TX,MHI_P90_3D__w05,MHI_P90_3D,MHI,90,3,w05,48_273_2023_011_MHI_P90_3D,48273,Kleberg,South Central,2023-07-31,2023-08-20,21,2,True,False,2023-08-13,112.19,103.46,21,0,0.0,0.0,False,True,long event,"RETAINED - flagged for review, not deleted"
TX,MHI_P90_3D__w15,MHI_P90_3D,MHI,90,3,w15,48_273_2023_011_MHI_P90_3D,48273,Kleberg,South Central,2023-07-31,2023-08-20,21,2,True,False,2023-08-13,112.19,103.74,21,0,0.0,0.0,False,True,long event,"RETAINED - flagged for review, not deleted"
TX,MHI_P95_2D__month_pm7,MHI_P95_2D,MHI,95,2,month_pm7,48_377_2023_009_MHI_P95_2D,48377,Presidio,Trans-Pecos,2023-08-01,2023-08-21,21,1,False,False,2023-08-07,99.14,89.04,21,0,0.0,2.2,False,True,long event,"RETAINED - flagged for review, not deleted"
TX,MHI_P95_2D__w15,MHI_P95_2D,MHI,95,2,w15,48_377_2023_011_MHI_P95_2D,48377,Presidio,Trans-Pecos,2023-08-01,2023-08-21,21,1,False,False,2023-08-07,99.14,90.17,21,0,0.0,2.2,False,True,long event,"RETAINED - flagged for review, not deleted"
TX,TMAX_P85_2D__month,TMAX_P85_2D,TMAX,85,2,month,48_013_2023_011_TMAX_P85_2D,48013,Atascosa,South Texas,2023-08-01,2023-08-21,21,1,False,False,2023-08-11,107.0,101.48,21,0,0.0,0.0,False,True,long event,"RETAINED - flagged for review, not deleted"
TX,TMAX_P85_2D__month,TMAX_P85_2D,TMAX,85,2,month,48_023_2023_013_TMAX_P85_2D,48023,Baylor,Low Rolling Plains,2023-07-24,2023-08-13,21,2,True,False,2023-08-12,109.94,103.01,21,0,0.0,0.0,False,True,long event,"RETAINED - flagged for review, not deleted"
TX,TMAX_P85_2D__month,TMAX_P85_2D,TMAX,85,2,month,48_055_2022_014_TMAX_P85_2D,48055,Caldwell,South Central,2022-07-16,2022-08-05,21,2,True,False,2022-07-20,104.99,100.94,21,0,0.0,0.1,False,True,long event,"RETAINED - flagged for review, not deleted"
TX,TMAX_P85_2D__month,TMAX_P85_2D,TMAX,85,2,month,48_061_2023_013_TMAX_P85_2D,48061,Cameron,Lower Valley,2023-08-27,2023-09-16,21,2,True,False,2023-08-28,100.73,96.16,21,0,0.0,0.0,False,True,long event,"RETAINED - flagged for review, not deleted"
TX,TMAX_P85_2D__month,TMAX_P85_2D,TMAX,85,2,month,48_061_2024_007_TMAX_P85_2D,48061,Cameron,Lower Valley,2024-05-18,2024-06-07,21,2,True,False,2024-06-05,98.51,94.13,21,0,0.0,0.0,False,True,long event,"RETAINED - flagged for review, not deleted"
TX,TMAX_P85_2D__month,TMAX_P85_2D,TMAX,85,2,month,48_089_2022_006_TMAX_P85_2D,48089,Colorado,South Central,2022-06-08,2022-06-28,21,1,False,False,2022-06-20,101.0,96.08,21,0,0.0,0.0,False,True,long event,"RETAINED - flagged for review, not deleted"
TX,TMAX_P85_2D__month,TMAX_P85_2D,TMAX,85,2,month,48_121_2023_013_TMAX_P85_2D,48121,Denton,North Central,2023-07-24,2023-08-13,21,2,True,False,2023-08-11,107.96,101.48,21,0,0.0,0.0,False,True,long event,"RETAINED - flagged for review, not deleted"
TX,TMAX_P85_2D__month,TMAX_P85_2D,TMAX,85,2,month,48_137_2025_013_TMAX_P85_2D,48137,Edwards,Edwards Plateau,2025-10-01,2025-10-21,21,1,False,False,2025-10-02,93.34,86.64,21,21,100.0,13.8,False,False,long event AND >=50% imputed days,"RETAINED - flagged for review, not deleted"
TX,TMAX_P85_2D__month,TMAX_P85_2D,TMAX,85,2,month,48_143_2022_015_TMAX_P85_2D,48143,Erath,North Central,2022-07-16,2022-08-05,21,2,True,False,2022-07-20,107.96,99.5,21,0,0.0,0.9,False,True,long event,"RETAINED - flagged for review, not deleted"
TX,TMAX_P85_2D__month,TMAX_P85_2D,TMAX,85,2,month,48_177_2025_024_TMAX_P85_2D,48177,Gonzales,South Central,2025-10-01,2025-10-21,21,1,False,False,2025-10-08,96.53,90.5,21,0,0.0,0.0,False,True,long event,"RETAINED - flagged for review, not deleted"
TX,TMAX_P85_2D__month,TMAX_P85_2D,TMAX,85,2,month,48_203_2018_005_TMAX_P85_2D,48203,Harrison,East Texas,2018-05-13,2018-06-02,21,2,True,False,2018-05-30,95.0,88.04,21,0,0.0,0.0,False,True,long event,"RETAINED - flagged for review, not deleted"
TX,TMAX_P85_2D__month,TMAX_P85_2D,TMAX,85,2,month,48_213_2022_006_TMAX_P85_2D,48213,Henderson,East Texas,2022-06-10,2022-06-30,21,1,False,False,2022-06-24,100.94,93.92,21,0,0.0,0.0,False,True,long event,"RETAINED - flagged for review, not deleted"
TX,TMAX_P85_2D__month,TMAX_P85_2D,TMAX,85,2,month,48_213_2023_011_TMAX_P85_2D,48213,Henderson,East Texas,2023-07-25,2023-08-14,21,2,True,False,2023-08-14,105.53,100.04,21,0,0.0,0.0,False,True,long event,"RETAINED - flagged for review, not deleted"
TX,TMAX_P85_2D__month,TMAX_P85_2D,TMAX,85,2,month,48_217_2022_012_TMAX_P85_2D,48217,Hill,North Central,2022-07-16,2022-08-05,21,2,True,False,2022-07-19,105.98,99.05,21,0,0.0,0.0,False,True,long event,"RETAINED - flagged for review, not deleted"
TX,TMAX_P85_2D__month,TMAX_P85_2D,TMAX,85,2,month,48_239_2023_013_TMAX_P85_2D,48239,Jackson,Upper Coast,2023-08-24,2023-09-13,21,2,True,False,2023-08-27,104.41,98.02,21,21,100.0,100.0,True,False,long event AND >=50% imputed days,"RETAINED - flagged for review, not deleted"
TX,TMAX_P85_2D__month,TMAX_P85_2D,TMAX,85,2,month,48_245_2015_009_TMAX_P85_2D,48245,Jefferson,Upper Coast,2015-07-24,2015-08-13,21,2,True,False,2015-08-11,101.7,95.54,21,0,0.0,0.0,False,True,long event,"RETAINED - flagged for review, not deleted"
TX,TMAX_P85_2D__month,TMAX_P85_2D,TMAX,85,2,month,48_259_2025_015_TMAX_P85_2D,48259,Kendall,Edwards Plateau,2025-10-01,2025-10-21,21,1,False,False,2025-10-02,95.54,89.06,21,0,0.0,0.8,False,True,long event,"RETAINED - flagged for review, not deleted"
TX,TMAX_P85_2D__month,TMAX_P85_2D,TMAX,85,2,month,48_273_2023_012_TMAX_P85_2D,48273,Kleberg,South Central,2023-08-27,2023-09-16,21,2,True,False,2023-08-28,104.0,100.04,21,0,0.0,0.0,False,True,long event,"RETAINED - flagged for review, not deleted"
TX,TMAX_P85_2D__month,TMAX_P85_2D,TMAX,85,2,month,48_287_2022_009_TMAX_P85_2D,48287,Lee,South Central,2022-06-07,2022-06-27,21,1,False,False,2022-06-12,101.48,96.08,21,0,0.0,2.2,False,True,long event,"RETAINED - flagged for review, not deleted"
TX,TMAX_P85_2D__month,TMAX_P85_2D,TMAX,85,2,month,48_297_2023_011_TMAX_P85_2D,48297,Live Oak,South Texas,2023-08-01,2023-08-21,21,1,False,False,2023-08-10,107.51,102.02,21,0,0.0,0.0,False,True,long event,"RETAINED - flagged for review, not deleted"
TX,TMAX_P85_2D__month,TMAX_P85_2D,TMAX,85,2,month,48_319_2022_011_TMAX_P85_2D,48319,Mason,Edwards Plateau,2022-07-17,2022-08-06,21,2,True,False,2022-07-20,106.52,100.04,21,0,0.0,0.0,False,True,long event,"RETAINED - flagged for review, not deleted"
TX,TMAX_P85_2D__month,TMAX_P85_2D,TMAX,85,2,month,48_339_2025_013_TMAX_P85_2D,48339,Montgomery,East Texas,2025-10-01,2025-10-21,21,1,False,False,2025-10-02,95.0,89.06,21,0,0.0,0.0,False,True,long event,"RETAINED - flagged for review, not deleted"
TX,TMAX_P85_2D__month,TMAX_P85_2D,TMAX,85,2,month,48_353_2023_010_TMAX_P85_2D,48353,Nolan,Low Rolling Plains,2023-07-25,2023-08-14,21,2,True,False,2023-08-11,109.04,99.05,21,0,0.0,4.5,False,True,long event,"RETAINED - flagged for review, not deleted"
TX,TMAX_P85_2D__month,TMAX_P85_2D,TMAX,85,2,month,48_355_2023_015_TMAX_P85_2D,48355,Nueces,South Central,2023-08-27,2023-09-16,21,2,True,False,2023-08-28,98.02,95.27,21,0,0.0,0.0,False,True,long event,"RETAINED - flagged for review, not deleted"
TX,TMAX_P85_2D__month,TMAX_P85_2D,TMAX,85,2,month,48_367_2022_012_TMAX_P85_2D,48367,Parker,North Central,2022-07-17,2022-08-06,21,2,True,False,2022-07-19,111.92,100.94,21,0,0.0,0.2,False,True,long event,"RETAINED - flagged for review, not deleted"
TX,TMAX_P85_2D__month,TMAX_P85_2D,TMAX,85,2,month,48_409_2023_012_TMAX_P85_2D,48409,San Patricio,South Central,2023-07-17,2023-08-06,21,2,True,False,2023-07-24,102.02,96.53,21,0,0.0,6.4,False,True,long event,"RETAINED - flagged for review, not deleted"
TX,TMAX_P85_2D__month,TMAX_P85_2D,TMAX,85,2,month,48_481_2023_010_TMAX_P85_2D,48481,Wharton,Upper Coast,2023-08-24,2023-09-13,21,2,True,False,2023-08-28,105.98,98.0,21,0,0.0,0.0,False,True,long event,"RETAINED - flagged for review, not deleted"
TX,TMAX_P85_2D__month_pm7,TMAX_P85_2D,TMAX,85,2,month_pm7,48_013_2023_011_TMAX_P85_2D,48013,Atascosa,South Texas,2023-08-01,2023-08-21,21,1,False,False,2023-08-11,107.0,101.36,21,0,0.0,0.0,False,True,long event,"RETAINED - flagged for review, not deleted"
TX,TMAX_P85_2D__month_pm7,TMAX_P85_2D,TMAX,85,2,month_pm7,48_023_2023_012_TMAX_P85_2D,48023,Baylor,Low Rolling Plains,2023-07-24,2023-08-13,21,2,True,False,2023-08-12,109.94,103.01,21,0,0.0,0.0,False,True,long event,"RETAINED - flagged for review, not deleted"
TX,TMAX_P85_2D__month_pm7,TMAX_P85_2D,TMAX,85,2,month_pm7,48_047_2023_007_TMAX_P85_2D,48047,Brooks,South Texas,2023-08-01,2023-08-21,21,1,False,False,2023-08-18,104.69,101.13,21,21,100.0,70.2,False,False,long event AND >=50% imputed days,"RETAINED - flagged for review, not deleted"
TX,TMAX_P85_2D__month_pm7,TMAX_P85_2D,TMAX,85,2,month_pm7,48_051_2019_006_TMAX_P85_2D,48051,Burleson,South Central,2019-08-07,2019-08-27,21,1,False,False,2019-08-12,105.98,100.94,21,0,0.0,18.9,False,False,long event,"RETAINED - flagged for review, not deleted"
TX,TMAX_P85_2D__month_pm7,TMAX_P85_2D,TMAX,85,2,month_pm7,48_055_2022_014_TMAX_P85_2D,48055,Caldwell,South Central,2022-07-16,2022-08-05,21,2,True,False,2022-07-20,104.99,100.94,21,0,0.0,0.1,False,True,long event,"RETAINED - flagged for review, not deleted"
TX,TMAX_P85_2D__month_pm7,TMAX_P85_2D,TMAX,85,2,month_pm7,48_061_2023_013_TMAX_P85_2D,48061,Cameron,Lower Valley,2023-08-27,2023-09-16,21,2,True,False,2023-08-28,100.73,96.02,21,0,0.0,0.0,False,True,long event,"RETAINED - flagged for review, not deleted"
TX,TMAX_P85_2D__month_pm7,TMAX_P85_2D,TMAX,85,2,month_pm7,48_061_2024_007_TMAX_P85_2D,48061,Cameron,Lower Valley,2024-05-18,2024-06-07,21,2,True,False,2024-06-05,98.51,94.13,21,0,0.0,0.0,False,True,long event,"RETAINED - flagged for review, not deleted"
TX,TMAX_P85_2D__month_pm7,TMAX_P85_2D,TMAX,85,2,month_pm7,48_089_2022_006_TMAX_P85_2D,48089,Colorado,South Central,2022-06-08,2022-06-28,21,1,False,False,2022-06-20,101.0,96.08,21,0,0.0,0.0,False,True,long event,"RETAINED - flagged for review, not deleted"
TX,TMAX_P85_2D__month_pm7,TMAX_P85_2D,TMAX,85,2,month_pm7,48_121_2023_013_TMAX_P85_2D,48121,Denton,North Central,2023-07-24,2023-08-13,21,2,True,False,2023-08-11,107.96,101.26,21,0,0.0,0.0,False,True,long event,"RETAINED - flagged for review, not deleted"
TX,TMAX_P85_2D__month_pm7,TMAX_P85_2D,TMAX,85,2,month_pm7,48_143_2022_015_TMAX_P85_2D,48143,Erath,North Central,2022-07-16,2022-08-05,21,2,True,False,2022-07-20,107.96,99.95,21,0,0.0,0.9,False,True,long event,"RETAINED - flagged for review, not deleted"
TX,TMAX_P85_2D__month_pm7,TMAX_P85_2D,TMAX,85,2,month_pm7,48_169_2023_015_TMAX_P85_2D,48169,Garza,Low Rolling Plains,2023-07-25,2023-08-14,21,2,True,False,2023-08-06,108.5,100.04,21,0,0.0,0.0,False,True,long event,"RETAINED - flagged for review, not deleted"
TX,TMAX_P85_2D__month_pm7,TMAX_P85_2D,TMAX,85,2,month_pm7,48_177_2025_023_TMAX_P85_2D,48177,Gonzales,South Central,2025-10-01,2025-10-21,21,1,False,False,2025-10-08,96.53,90.89,21,0,0.0,0.0,False,True,long event,"RETAINED - flagged for review, not deleted"
TX,TMAX_P85_2D__month_pm7,TMAX_P85_2D,TMAX,85,2,month_pm7,48_213_2022_006_TMAX_P85_2D,48213,Henderson,East Texas,2022-06-10,2022-06-30,21,1,False,False,2022-06-24,100.94,93.92,21,0,0.0,0.0,False,True,long event,"RETAINED - flagged for review, not deleted"
TX,TMAX_P85_2D__month_pm7,TMAX_P85_2D,TMAX,85,2,month_pm7,48_259_2025_015_TMAX_P85_2D,48259,Kendall,Edwards Plateau,2025-10-01,2025-10-21,21,1,False,False,2025-10-02,95.54,89.06,21,0,0.0,0.8,False,True,long event,"RETAINED - flagged for review, not deleted"
TX,TMAX_P85_2D__month_pm7,TMAX_P85_2D,TMAX,85,2,month_pm7,48_273_2023_012_TMAX_P85_2D,48273,Kleberg,South Central,2023-08-27,2023-09-16,21,2,True,False,2023-08-28,104.0,99.95,21,0,0.0,0.0,False,True,long event,"RETAINED - flagged for review, not deleted"
TX,TMAX_P85_2D__month_pm7,TMAX_P85_2D,TMAX,85,2,month_pm7,48_283_2022_018_TMAX_P85_2D,48283,La Salle,South Texas,2022-07-16,2022-08-05,21,2,True,False,2022-07-19,109.94,103.95,21,0,0.0,0.7,False,True,long event,"RETAINED - flagged for review, not deleted"
TX,TMAX_P85_2D__month_pm7,TMAX_P85_2D,TMAX,85,2,month_pm7,48_285_2018_007_TMAX_P85_2D,48285,Lavaca,South Central,2018-05-24,2018-06-13,21,2,True,False,2018-06-03,100.94,95.81,21,0,0.0,0.8,False,True,long event,"RETAINED - flagged for review, not deleted"
TX,TMAX_P85_2D__month_pm7,TMAX_P85_2D,TMAX,85,2,month_pm7,48_287_2022_009_TMAX_P85_2D,48287,Lee,South Central,2022-06-07,2022-06-27,21,1,False,False,2022-06-12,101.48,95.99,21,0,0.0,2.2,False,True,long event,"RETAINED - flagged for review, not deleted"
TX,TMAX_P85_2D__month_pm7,TMAX_P85_2D,TMAX,85,2,month_pm7,48_297_2023_011_TMAX_P85_2D,48297,Live Oak,South Texas,2023-08-01,2023-08-21,21,1,False,False,2023-08-10,107.51,102.02,21,0,0.0,0.0,False,True,long event,"RETAINED - flagged for review, not deleted"
TX,TMAX_P85_2D__month_pm7,TMAX_P85_2D,TMAX,85,2,month_pm7,48_319_2022_012_TMAX_P85_2D,48319,Mason,Edwards Plateau,2022-07-17,2022-08-06,21,2,True,False,2022-07-20,106.52,100.04,21,0,0.0,0.0,False,True,long event,"RETAINED - flagged for review, not deleted"
TX,TMAX_P85_2D__month_pm7,TMAX_P85_2D,TMAX,85,2,month_pm7,48_353_2023_010_TMAX_P85_2D,48353,Nolan,Low Rolling Plains,2023-07-25,2023-08-14,21,2,True,False,2023-08-11,109.04,98.96,21,0,0.0,4.5,False,True,long event,"RETAINED - flagged for review, not deleted"
TX,TMAX_P85_2D__month_pm7,TMAX_P85_2D,TMAX,85,2,month_pm7,48_355_2023_014_TMAX_P85_2D,48355,Nueces,South Central,2023-08-27,2023-09-16,21,2,True,False,2023-08-28,98.02,95.18,21,0,0.0,0.0,False,True,long event,"RETAINED - flagged for review, not deleted"
TX,TMAX_P85_2D__month_pm7,TMAX_P85_2D,TMAX,85,2,month_pm7,48_367_2022_012_TMAX_P85_2D,48367,Parker,North Central,2022-07-17,2022-08-06,21,2,True,False,2022-07-19,111.92,100.94,21,0,0.0,0.2,False,True,long event,"RETAINED - flagged for review, not deleted"
TX,TMAX_P85_2D__month_pm7,TMAX_P85_2D,TMAX,85,2,month_pm7,48_409_2023_012_TMAX_P85_2D,48409,San Patricio,South Central,2023-07-17,2023-08-06,21,2,True,False,2023-07-24,102.02,96.75,21,0,0.0,6.4,False,True,long event,"RETAINED - flagged for review, not deleted"
TX,TMAX_P85_2D__month_pm7,TMAX_P85_2D,TMAX,85,2,month_pm7,48_427_2018_012_TMAX_P85_2D,48427,Starr,South Texas,2018-08-15,2018-09-04,21,2,True,False,2018-08-19,109.04,104.54,21,0,0.0,2.1,False,True,long event,"RETAINED - flagged for review, not deleted"
TX,TMAX_P85_2D__month_pm7,TMAX_P85_2D,TMAX,85,2,month_pm7,48_465_2019_005_TMAX_P85_2D,48465,Val Verde,Edwards Plateau,2019-07-31,2019-08-20,21,2,True,False,2019-08-13,106.52,101.03,21,0,0.0,0.0,False,True,long event,"RETAINED - flagged for review, not deleted"
TX,TMAX_P85_2D__month_pm7,TMAX_P85_2D,TMAX,85,2,month_pm7,48_481_2023_010_TMAX_P85_2D,48481,Wharton,Upper Coast,2023-08-24,2023-09-13,21,2,True,False,2023-08-28,105.98,97.79,21,0,0.0,0.0,False,True,long event,"RETAINED - flagged for review, not deleted"
TX,TMAX_P85_2D__w05,TMAX_P85_2D,TMAX,85,2,w05,48_007_2024_010_TMAX_P85_2D,48007,Aransas,South Central,2024-08-02,2024-08-22,21,1,False,False,2024-08-21,99.08,93.38,21,0,0.0,0.2,False,True,long event,"RETAINED - flagged for review, not deleted"
TX,TMAX_P85_2D__w05,TMAX_P85_2D,TMAX,85,2,w05,48_013_2023_011_TMAX_P85_2D,48013,Atascosa,South Texas,2023-08-01,2023-08-21,21,1,False,False,2023-08-11,107.0,102.47,21,0,0.0,0.0,False,True,long event,"RETAINED - flagged for review, not deleted"
TX,TMAX_P85_2D__w05,TMAX_P85_2D,TMAX,85,2,w05,48_041_2022_014_TMAX_P85_2D,48041,Brazos,East Texas,2022-07-16,2022-08-05,21,2,True,False,2022-07-20,105.98,100.04,21,0,0.0,0.1,False,True,long event,"RETAINED - flagged for review, not deleted"
TX,TMAX_P85_2D__w05,TMAX_P85_2D,TMAX,85,2,w05,48_055_2022_015_TMAX_P85_2D,48055,Caldwell,South Central,2022-07-16,2022-08-05,21,2,True,False,2022-07-20,104.99,100.94,21,0,0.0,0.1,False,True,long event,"RETAINED - flagged for review, not deleted"
TX,TMAX_P85_2D__w05,TMAX_P85_2D,TMAX,85,2,w05,48_055_2023_016_TMAX_P85_2D,48055,Caldwell,South Central,2023-08-23,2023-09-12,21,2,True,False,2023-08-27,109.49,100.95,21,0,0.0,0.1,False,True,long event,"RETAINED - flagged for review, not deleted"
TX,TMAX_P85_2D__w05,TMAX_P85_2D,TMAX,85,2,w05,48_083_2022_009_TMAX_P85_2D,48083,Coleman,Low Rolling Plains,2022-06-06,2022-06-26,21,1,False,False,2022-06-12,104.0,95.99,21,0,0.0,0.0,False,True,long event,"RETAINED - flagged for review, not deleted"
TX,TMAX_P85_2D__w05,TMAX_P85_2D,TMAX,85,2,w05,48_123_2018_009_TMAX_P85_2D,48123,DeWitt,South Central,2018-05-25,2018-06-14,21,2,True,False,2018-06-06,103.01,95.4,21,0,0.0,1.4,False,True,long event,"RETAINED - flagged for review, not deleted"
TX,TMAX_P85_2D__w05,TMAX_P85_2D,TMAX,85,2,w05,48_127_2023_014_TMAX_P85_2D,48127,Dimmit,South Texas,2023-08-01,2023-08-21,21,1,False,False,2023-08-07,108.5,104.0,21,0,0.0,1.6,False,True,long event,"RETAINED - flagged for review, not deleted"
TX,TMAX_P85_2D__w05,TMAX_P85_2D,TMAX,85,2,w05,48_167_2018_008_TMAX_P85_2D,48167,Galveston,Upper Coast,2018-05-25,2018-06-14,21,2,True,False,2018-06-03,93.02,88.63,21,0,0.0,0.0,False,True,long event,"RETAINED - flagged for review, not deleted"
TX,TMAX_P85_2D__w05,TMAX_P85_2D,TMAX,85,2,w05,48_177_2018_004_TMAX_P85_2D,48177,Gonzales,South Central,2018-05-25,2018-06-14,21,2,True,False,2018-06-06,101.7,94.63,21,0,0.0,0.0,False,True,long event,"RETAINED - flagged for review, not deleted"
TX,TMAX_P85_2D__w05,TMAX_P85_2D,TMAX,85,2,w05,48_199_2022_011_TMAX_P85_2D,48199,Hardin,East Texas,2022-05-02,2022-05-22,21,1,False,False,2022-05-18,95.0,89.06,21,0,0.0,1.3,False,True,long event,"RETAINED - flagged for review, not deleted"
TX,TMAX_P85_2D__w05,TMAX_P85_2D,TMAX,85,2,w05,48_215_2019_014_TMAX_P85_2D,48215,Hidalgo,Lower Valley,2019-08-10,2019-08-30,21,1,False,False,2019-08-13,105.3,101.3,21,0,0.0,0.0,False,True,long event,"RETAINED - flagged for review, not deleted"
TX,TMAX_P85_2D__w05,TMAX_P85_2D,TMAX,85,2,w05,48_221_2022_013_TMAX_P85_2D,48221,Hood,North Central,2022-07-17,2022-08-06,21,2,True,False,2022-07-19,110.03,100.81,21,0,0.0,0.5,False,True,long event,"RETAINED - flagged for review, not deleted"
TX,TMAX_P85_2D__w05,TMAX_P85_2D,TMAX,85,2,w05,48_239_2018_006_TMAX_P85_2D,48239,Jackson,Upper Coast,2018-05-25,2018-06-14,21,2,True,False,2018-06-03,96.56,92.7,21,21,100.0,100.0,True,False,long event AND >=50% imputed days,"RETAINED - flagged for review, not deleted"
TX,TMAX_P85_2D__w05,TMAX_P85_2D,TMAX,85,2,w05,48_239_2023_012_TMAX_P85_2D,48239,Jackson,Upper Coast,2023-08-24,2023-09-13,21,2,True,False,2023-08-27,104.41,97.44,21,21,100.0,100.0,True,False,long event AND >=50% imputed days,"RETAINED - flagged for review, not deleted"
TX,TMAX_P85_2D__w05,TMAX_P85_2D,TMAX,85,2,w05,48_247_2023_012_TMAX_P85_2D,48247,Jim Hogg,South Texas,2023-08-01,2023-08-21,21,1,False,False,2023-08-10,105.62,102.02,21,21,100.0,100.0,True,False,long event AND >=50% imputed days,"RETAINED - flagged for review, not deleted"
TX,TMAX_P85_2D__w05,TMAX_P85_2D,TMAX,85,2,w05,48_259_2018_003_TMAX_P85_2D,48259,Kendall,Edwards Plateau,2018-05-26,2018-06-15,21,2,True,False,2018-06-06,99.5,93.02,21,0,0.0,0.8,False,True,long event,"RETAINED - flagged for review, not deleted"
TX,TMAX_P85_2D__w05,TMAX_P85_2D,TMAX,85,2,w05,48_285_2018_009_TMAX_P85_2D,48285,Lavaca,South Central,2018-05-24,2018-06-13,21,2,True,False,2018-06-03,100.94,93.92,21,0,0.0,0.8,False,True,long event,"RETAINED - flagged for review, not deleted"
TX,TMAX_P85_2D__w05,TMAX_P85_2D,TMAX,85,2,w05,48_309_2022_014_TMAX_P85_2D,48309,McLennan,North Central,2022-07-16,2022-08-05,21,2,True,False,2022-07-18,106.52,100.04,21,0,0.0,0.0,False,True,long event,"RETAINED - flagged for review, not deleted"
TX,TMAX_P85_2D__w05,TMAX_P85_2D,TMAX,85,2,w05,48_409_2023_014_TMAX_P85_2D,48409,San Patricio,South Central,2023-07-17,2023-08-06,21,2,True,False,2023-07-24,102.02,96.98,21,0,0.0,6.4,False,True,long event,"RETAINED - flagged for review, not deleted"
TX,TMAX_P85_2D__w05,TMAX_P85_2D,TMAX,85,2,w05,48_427_2018_012_TMAX_P85_2D,48427,Starr,South Texas,2018-08-15,2018-09-04,21,2,True,False,2018-08-19,109.04,104.53,21,0,0.0,2.1,False,True,long event,"RETAINED - flagged for review, not deleted"
TX,TMAX_P85_2D__w05,TMAX_P85_2D,TMAX,85,2,w05,48_465_2019_007_TMAX_P85_2D,48465,Val Verde,Edwards Plateau,2019-07-31,2019-08-20,21,2,True,False,2019-08-13,106.52,101.6,21,0,0.0,0.0,False,True,long event,"RETAINED - flagged for review, not deleted"
TX,TMAX_P85_2D__w05,TMAX_P85_2D,TMAX,85,2,w05,48_481_2023_016_TMAX_P85_2D,48481,Wharton,Upper Coast,2023-08-24,2023-09-13,21,2,True,False,2023-08-28,105.98,97.52,21,0,0.0,0.0,False,True,long event,"RETAINED - flagged for review, not deleted"
TX,TMAX_P85_2D__w15,TMAX_P85_2D,TMAX,85,2,w15,48_007_2024_012_TMAX_P85_2D,48007,Aransas,South Central,2024-08-02,2024-08-22,21,1,False,False,2024-08-21,99.08,93.74,21,0,0.0,0.2,False,True,long event,"RETAINED - flagged for review, not deleted"
TX,TMAX_P85_2D__w15,TMAX_P85_2D,TMAX,85,2,w15,48_013_2023_011_TMAX_P85_2D,48013,Atascosa,South Texas,2023-08-01,2023-08-21,21,1,False,False,2023-08-11,107.0,101.96,21,0,0.0,0.0,False,True,long event,"RETAINED - flagged for review, not deleted"
TX,TMAX_P85_2D__w15,TMAX_P85_2D,TMAX,85,2,w15,48_055_2022_013_TMAX_P85_2D,48055,Caldwell,South Central,2022-07-16,2022-08-05,21,2,True,False,2022-07-20,104.99,100.94,21,0,0.0,0.1,False,True,long event,"RETAINED - flagged for review, not deleted"
TX,TMAX_P85_2D__w15,TMAX_P85_2D,TMAX,85,2,w15,48_055_2023_017_TMAX_P85_2D,48055,Caldwell,South Central,2023-08-23,2023-09-12,21,2,True,False,2023-08-27,109.49,100.94,21,0,0.0,0.1,False,True,long event,"RETAINED - flagged for review, not deleted"
TX,TMAX_P85_2D__w15,TMAX_P85_2D,TMAX,85,2,w15,48_083_2022_009_TMAX_P85_2D,48083,Coleman,Low Rolling Plains,2022-06-06,2022-06-26,21,1,False,False,2022-06-12,104.0,95.99,21,0,0.0,0.0,False,True,long event,"RETAINED - flagged for review, not deleted"
TX,TMAX_P85_2D__w15,TMAX_P85_2D,TMAX,85,2,w15,48_143_2022_014_TMAX_P85_2D,48143,Erath,North Central,2022-07-16,2022-08-05,21,2,True,False,2022-07-20,107.96,100.04,21,0,0.0,0.9,False,True,long event,"RETAINED - flagged for review, not deleted"
TX,TMAX_P85_2D__w15,TMAX_P85_2D,TMAX,85,2,w15,48_143_2023_015_TMAX_P85_2D,48143,Erath,North Central,2023-07-24,2023-08-13,21,2,True,False,2023-08-05,107.06,100.94,21,1,4.8,0.9,False,True,long event,"RETAINED - flagged for review, not deleted"
TX,TMAX_P85_2D__w15,TMAX_P85_2D,TMAX,85,2,w15,48_169_2023_015_TMAX_P85_2D,48169,Garza,Low Rolling Plains,2023-07-25,2023-08-14,21,2,True,False,2023-08-06,108.5,100.94,21,0,0.0,0.0,False,True,long event,"RETAINED - flagged for review, not deleted"
TX,TMAX_P85_2D__w15,TMAX_P85_2D,TMAX,85,2,w15,48_177_2018_005_TMAX_P85_2D,48177,Gonzales,South Central,2018-05-25,2018-06-14,21,2,True,False,2018-06-06,101.7,95.54,21,0,0.0,0.0,False,True,long event,"RETAINED - flagged for review, not deleted"
TX,TMAX_P85_2D__w15,TMAX_P85_2D,TMAX,85,2,w15,48_209_2018_003_TMAX_P85_2D,48209,Hays,South Central,2018-05-26,2018-06-15,21,2,True,False,2018-06-05,99.05,95.0,21,0,0.0,0.7,False,True,long event,"RETAINED - flagged for review, not deleted"
TX,TMAX_P85_2D__w15,TMAX_P85_2D,TMAX,85,2,w15,48_217_2022_013_TMAX_P85_2D,48217,Hill,North Central,2022-07-16,2022-08-05,21,2,True,False,2022-07-19,105.98,99.63,21,0,0.0,0.0,False,True,long event,"RETAINED - flagged for review, not deleted"
TX,TMAX_P85_2D__w15,TMAX_P85_2D,TMAX,85,2,w15,48_221_2022_013_TMAX_P85_2D,48221,Hood,North Central,2022-07-17,2022-08-06,21,2,True,False,2022-07-19,110.03,100.94,21,0,0.0,0.5,False,True,long event,"RETAINED - flagged for review, not deleted"
TX,TMAX_P85_2D__w15,TMAX_P85_2D,TMAX,85,2,w15,48_239_2018_008_TMAX_P85_2D,48239,Jackson,Upper Coast,2018-05-25,2018-06-14,21,2,True,False,2018-06-03,96.56,92.74,21,21,100.0,100.0,True,False,long event AND >=50% imputed days,"RETAINED - flagged for review, not deleted"
TX,TMAX_P85_2D__w15,TMAX_P85_2D,TMAX,85,2,w15,48_239_2023_011_TMAX_P85_2D,48239,Jackson,Upper Coast,2023-08-24,2023-09-13,21,2,True,False,2023-08-27,104.41,97.52,21,21,100.0,100.0,True,False,long event AND >=50% imputed days,"RETAINED - flagged for review, not deleted"
TX,TMAX_P85_2D__w15,TMAX_P85_2D,TMAX,85,2,w15,48_247_2023_013_TMAX_P85_2D,48247,Jim Hogg,South Texas,2023-08-01,2023-08-21,21,1,False,False,2023-08-10,105.62,102.02,21,21,100.0,100.0,True,False,long event AND >=50% imputed days,"RETAINED - flagged for review, not deleted"
TX,TMAX_P85_2D__w15,TMAX_P85_2D,TMAX,85,2,w15,48_273_2023_012_TMAX_P85_2D,48273,Kleberg,South Central,2023-08-27,2023-09-16,21,2,True,False,2023-08-28,104.0,99.5,21,0,0.0,0.0,False,True,long event,"RETAINED - flagged for review, not deleted"
TX,TMAX_P85_2D__w15,TMAX_P85_2D,TMAX,85,2,w15,48_283_2019_014_TMAX_P85_2D,48283,La Salle,South Texas,2019-09-16,2019-10-06,21,2,True,False,2019-09-18,105.98,98.06,21,0,0.0,0.7,False,True,long event,"RETAINED - flagged for review, not deleted"
TX,TMAX_P85_2D__w15,TMAX_P85_2D,TMAX,85,2,w15,48_297_2023_011_TMAX_P85_2D,48297,Live Oak,South Texas,2023-08-01,2023-08-21,21,1,False,False,2023-08-10,107.51,102.39,21,0,0.0,0.0,False,True,long event,"RETAINED - flagged for review, not deleted"
TX,TMAX_P85_2D__w15,TMAX_P85_2D,TMAX,85,2,w15,48_325_2022_015_TMAX_P85_2D,48325,Medina,South Central,2022-06-01,2022-06-21,21,1,False,False,2022-06-12,107.06,97.7,21,0,0.0,0.5,False,True,long event,"RETAINED - flagged for review, not deleted"
TX,TMAX_P85_2D__w15,TMAX_P85_2D,TMAX,85,2,w15,48_407_2022_008_TMAX_P85_2D,48407,San Jacinto,East Texas,2022-06-07,2022-06-27,21,1,False,False,2022-06-26,100.48,95.46,21,21,100.0,100.0,True,False,long event AND >=50% imputed days,"RETAINED - flagged for review, not deleted"
TX,TMAX_P85_2D__w15,TMAX_P85_2D,TMAX,85,2,w15,48_409_2023_014_TMAX_P85_2D,48409,San Patricio,South Central,2023-07-17,2023-08-06,21,2,True,False,2023-07-24,102.02,96.98,21,0,0.0,6.4,False,True,long event,"RETAINED - flagged for review, not deleted"
TX,TMAX_P85_2D__w15,TMAX_P85_2D,TMAX,85,2,w15,48_427_2018_012_TMAX_P85_2D,48427,Starr,South Texas,2018-08-15,2018-09-04,21,2,True,False,2018-08-19,109.04,104.54,21,0,0.0,2.1,False,True,long event,"RETAINED - flagged for review, not deleted"
TX,TMAX_P85_2D__w15,TMAX_P85_2D,TMAX,85,2,w15,48_481_2023_010_TMAX_P85_2D,48481,Wharton,Upper Coast,2023-06-15,2023-07-05,21,2,True,False,2023-07-01,98.06,95.67,21,0,0.0,0.0,False,True,long event,"RETAINED - flagged for review, not deleted"
TX,TMAX_P85_2D__w15,TMAX_P85_2D,TMAX,85,2,w15,48_481_2023_013_TMAX_P85_2D,48481,Wharton,Upper Coast,2023-08-24,2023-09-13,21,2,True,False,2023-08-28,105.98,97.64,21,0,0.0,0.0,False,True,long event,"RETAINED - flagged for review, not deleted"
TX,TMAX_P85_3D__month,TMAX_P85_3D,TMAX,85,3,month,48_013_2023_008_TMAX_P85_3D,48013,Atascosa,South Texas,2023-08-01,2023-08-21,21,1,False,False,2023-08-11,107.0,101.48,21,0,0.0,0.0,False,True,long event,"RETAINED - flagged for review, not deleted"
TX,TMAX_P85_3D__month,TMAX_P85_3D,TMAX,85,3,month,48_023_2023_008_TMAX_P85_3D,48023,Baylor,Low Rolling Plains,2023-07-24,2023-08-13,21,2,True,False,2023-08-12,109.94,103.01,21,0,0.0,0.0,False,True,long event,"RETAINED - flagged for review, not deleted"
TX,TMAX_P85_3D__month,TMAX_P85_3D,TMAX,85,3,month,48_055_2022_009_TMAX_P85_3D,48055,Caldwell,South Central,2022-07-16,2022-08-05,21,2,True,False,2022-07-20,104.99,100.94,21,0,0.0,0.1,False,True,long event,"RETAINED - flagged for review, not deleted"
TX,TMAX_P85_3D__month,TMAX_P85_3D,TMAX,85,3,month,48_061_2023_010_TMAX_P85_3D,48061,Cameron,Lower Valley,2023-08-27,2023-09-16,21,2,True,False,2023-08-28,100.73,96.16,21,0,0.0,0.0,False,True,long event,"RETAINED - flagged for review, not deleted"
TX,TMAX_P85_3D__month,TMAX_P85_3D,TMAX,85,3,month,48_061_2024_006_TMAX_P85_3D,48061,Cameron,Lower Valley,2024-05-18,2024-06-07,21,2,True,False,2024-06-05,98.51,94.13,21,0,0.0,0.0,False,True,long event,"RETAINED - flagged for review, not deleted"
TX,TMAX_P85_3D__month,TMAX_P85_3D,TMAX,85,3,month,48_089_2022_004_TMAX_P85_3D,48089,Colorado,South Central,2022-06-08,2022-06-28,21,1,False,False,2022-06-20,101.0,96.08,21,0,0.0,0.0,False,True,long event,"RETAINED - flagged for review, not deleted"
TX,TMAX_P85_3D__month,TMAX_P85_3D,TMAX,85,3,month,48_121_2023_009_TMAX_P85_3D,48121,Denton,North Central,2023-07-24,2023-08-13,21,2,True,False,2023-08-11,107.96,101.48,21,0,0.0,0.0,False,True,long event,"RETAINED - flagged for review, not deleted"
TX,TMAX_P85_3D__month,TMAX_P85_3D,TMAX,85,3,month,48_137_2025_011_TMAX_P85_3D,48137,Edwards,Edwards Plateau,2025-10-01,2025-10-21,21,1,False,False,2025-10-02,93.34,86.64,21,21,100.0,13.8,False,False,long event AND >=50% imputed days,"RETAINED - flagged for review, not deleted"
TX,TMAX_P85_3D__month,TMAX_P85_3D,TMAX,85,3,month,48_143_2022_009_TMAX_P85_3D,48143,Erath,North Central,2022-07-16,2022-08-05,21,2,True,False,2022-07-20,107.96,99.5,21,0,0.0,0.9,False,True,long event,"RETAINED - flagged for review, not deleted"
TX,TMAX_P85_3D__month,TMAX_P85_3D,TMAX,85,3,month,48_177_2025_013_TMAX_P85_3D,48177,Gonzales,South Central,2025-10-01,2025-10-21,21,1,False,False,2025-10-08,96.53,90.5,21,0,0.0,0.0,False,True,long event,"RETAINED - flagged for review, not deleted"
TX,TMAX_P85_3D__month,TMAX_P85_3D,TMAX,85,3,month,48_203_2018_003_TMAX_P85_3D,48203,Harrison,East Texas,2018-05-13,2018-06-02,21,2,True,False,2018-05-30,95.0,88.04,21,0,0.0,0.0,False,True,long event,"RETAINED - flagged for review, not deleted"
TX,TMAX_P85_3D__month,TMAX_P85_3D,TMAX,85,3,month,48_213_2022_004_TMAX_P85_3D,48213,Henderson,East Texas,2022-06-10,2022-06-30,21,1,False,False,2022-06-24,100.94,93.92,21,0,0.0,0.0,False,True,long event,"RETAINED - flagged for review, not deleted"
TX,TMAX_P85_3D__month,TMAX_P85_3D,TMAX,85,3,month,48_213_2023_009_TMAX_P85_3D,48213,Henderson,East Texas,2023-07-25,2023-08-14,21,2,True,False,2023-08-14,105.53,100.04,21,0,0.0,0.0,False,True,long event,"RETAINED - flagged for review, not deleted"
TX,TMAX_P85_3D__month,TMAX_P85_3D,TMAX,85,3,month,48_217_2022_007_TMAX_P85_3D,48217,Hill,North Central,2022-07-16,2022-08-05,21,2,True,False,2022-07-19,105.98,99.05,21,0,0.0,0.0,False,True,long event,"RETAINED - flagged for review, not deleted"
TX,TMAX_P85_3D__month,TMAX_P85_3D,TMAX,85,3,month,48_239_2023_010_TMAX_P85_3D,48239,Jackson,Upper Coast,2023-08-24,2023-09-13,21,2,True,False,2023-08-27,104.41,98.02,21,21,100.0,100.0,True,False,long event AND >=50% imputed days,"RETAINED - flagged for review, not deleted"
TX,TMAX_P85_3D__month,TMAX_P85_3D,TMAX,85,3,month,48_245_2015_004_TMAX_P85_3D,48245,Jefferson,Upper Coast,2015-07-24,2015-08-13,21,2,True,False,2015-08-11,101.7,95.54,21,0,0.0,0.0,False,True,long event,"RETAINED - flagged for review, not deleted"
TX,TMAX_P85_3D__month,TMAX_P85_3D,TMAX,85,3,month,48_259_2025_012_TMAX_P85_3D,48259,Kendall,Edwards Plateau,2025-10-01,2025-10-21,21,1,False,False,2025-10-02,95.54,89.06,21,0,0.0,0.8,False,True,long event,"RETAINED - flagged for review, not deleted"
TX,TMAX_P85_3D__month,TMAX_P85_3D,TMAX,85,3,month,48_273_2023_011_TMAX_P85_3D,48273,Kleberg,South Central,2023-08-27,2023-09-16,21,2,True,False,2023-08-28,104.0,100.04,21,0,0.0,0.0,False,True,long event,"RETAINED - flagged for review, not deleted"
TX,TMAX_P85_3D__month,TMAX_P85_3D,TMAX,85,3,month,48_287_2022_005_TMAX_P85_3D,48287,Lee,South Central,2022-06-07,2022-06-27,21,1,False,False,2022-06-12,101.48,96.08,21,0,0.0,2.2,False,True,long event,"RETAINED - flagged for review, not deleted"
TX,TMAX_P85_3D__month,TMAX_P85_3D,TMAX,85,3,month,48_297_2023_008_TMAX_P85_3D,48297,Live Oak,South Texas,2023-08-01,2023-08-21,21,1,False,False,2023-08-10,107.51,102.02,21,0,0.0,0.0,False,True,long event,"RETAINED - flagged for review, not deleted"
TX,TMAX_P85_3D__month,TMAX_P85_3D,TMAX,85,3,month,48_319_2022_010_TMAX_P85_3D,48319,Mason,Edwards Plateau,2022-07-17,2022-08-06,21,2,True,False,2022-07-20,106.52,100.04,21,0,0.0,0.0,False,True,long event,"RETAINED - flagged for review, not deleted"
TX,TMAX_P85_3D__month,TMAX_P85_3D,TMAX,85,3,month,48_339_2025_009_TMAX_P85_3D,48339,Montgomery,East Texas,2025-10-01,2025-10-21,21,1,False,False,2025-10-02,95.0,89.06,21,0,0.0,0.0,False,True,long event,"RETAINED - flagged for review, not deleted"
TX,TMAX_P85_3D__month,TMAX_P85_3D,TMAX,85,3,month,48_353_2023_005_TMAX_P85_3D,48353,Nolan,Low Rolling Plains,2023-07-25,2023-08-14,21,2,True,False,2023-08-11,109.04,99.05,21,0,0.0,4.5,False,True,long event,"RETAINED - flagged for review, not deleted"
TX,TMAX_P85_3D__month,TMAX_P85_3D,TMAX,85,3,month,48_355_2023_009_TMAX_P85_3D,48355,Nueces,South Central,2023-08-27,2023-09-16,21,2,True,False,2023-08-28,98.02,95.27,21,0,0.0,0.0,False,True,long event,"RETAINED - flagged for review, not deleted"
TX,TMAX_P85_3D__month,TMAX_P85_3D,TMAX,85,3,month,48_367_2022_007_TMAX_P85_3D,48367,Parker,North Central,2022-07-17,2022-08-06,21,2,True,False,2022-07-19,111.92,100.94,21,0,0.0,0.2,False,True,long event,"RETAINED - flagged for review, not deleted"
TX,TMAX_P85_3D__month,TMAX_P85_3D,TMAX,85,3,month,48_409_2023_010_TMAX_P85_3D,48409,San Patricio,South Central,2023-07-17,2023-08-06,21,2,True,False,2023-07-24,102.02,96.53,21,0,0.0,6.4,False,True,long event,"RETAINED - flagged for review, not deleted"
TX,TMAX_P85_3D__month,TMAX_P85_3D,TMAX,85,3,month,48_481_2023_009_TMAX_P85_3D,48481,Wharton,Upper Coast,2023-08-24,2023-09-13,21,2,True,False,2023-08-28,105.98,98.0,21,0,0.0,0.0,False,True,long event,"RETAINED - flagged for review, not deleted"
TX,TMAX_P85_3D__month_pm7,TMAX_P85_3D,TMAX,85,3,month_pm7,48_013_2023_008_TMAX_P85_3D,48013,Atascosa,South Texas,2023-08-01,2023-08-21,21,1,False,False,2023-08-11,107.0,101.36,21,0,0.0,0.0,False,True,long event,"RETAINED - flagged for review, not deleted"
TX,TMAX_P85_3D__month_pm7,TMAX_P85_3D,TMAX,85,3,month_pm7,48_023_2023_005_TMAX_P85_3D,48023,Baylor,Low Rolling Plains,2023-07-24,2023-08-13,21,2,True,False,2023-08-12,109.94,103.01,21,0,0.0,0.0,False,True,long event,"RETAINED - flagged for review, not deleted"
TX,TMAX_P85_3D__month_pm7,TMAX_P85_3D,TMAX,85,3,month_pm7,48_047_2023_006_TMAX_P85_3D,48047,Brooks,South Texas,2023-08-01,2023-08-21,21,1,False,False,2023-08-18,104.69,101.13,21,21,100.0,70.2,False,False,long event AND >=50% imputed days,"RETAINED - flagged for review, not deleted"
TX,TMAX_P85_3D__month_pm7,TMAX_P85_3D,TMAX,85,3,month_pm7,48_051_2019_001_TMAX_P85_3D,48051,Burleson,South Central,2019-08-07,2019-08-27,21,1,False,False,2019-08-12,105.98,100.94,21,0,0.0,18.9,False,False,long event,"RETAINED - flagged for review, not deleted"
TX,TMAX_P85_3D__month_pm7,TMAX_P85_3D,TMAX,85,3,month_pm7,48_055_2022_009_TMAX_P85_3D,48055,Caldwell,South Central,2022-07-16,2022-08-05,21,2,True,False,2022-07-20,104.99,100.94,21,0,0.0,0.1,False,True,long event,"RETAINED - flagged for review, not deleted"
TX,TMAX_P85_3D__month_pm7,TMAX_P85_3D,TMAX,85,3,month_pm7,48_061_2023_010_TMAX_P85_3D,48061,Cameron,Lower Valley,2023-08-27,2023-09-16,21,2,True,False,2023-08-28,100.73,96.02,21,0,0.0,0.0,False,True,long event,"RETAINED - flagged for review, not deleted"
TX,TMAX_P85_3D__month_pm7,TMAX_P85_3D,TMAX,85,3,month_pm7,48_061_2024_005_TMAX_P85_3D,48061,Cameron,Lower Valley,2024-05-18,2024-06-07,21,2,True,False,2024-06-05,98.51,94.13,21,0,0.0,0.0,False,True,long event,"RETAINED - flagged for review, not deleted"
TX,TMAX_P85_3D__month_pm7,TMAX_P85_3D,TMAX,85,3,month_pm7,48_089_2022_004_TMAX_P85_3D,48089,Colorado,South Central,2022-06-08,2022-06-28,21,1,False,False,2022-06-20,101.0,96.08,21,0,0.0,0.0,False,True,long event,"RETAINED - flagged for review, not deleted"
TX,TMAX_P85_3D__month_pm7,TMAX_P85_3D,TMAX,85,3,month_pm7,48_121_2023_008_TMAX_P85_3D,48121,Denton,North Central,2023-07-24,2023-08-13,21,2,True,False,2023-08-11,107.96,101.26,21,0,0.0,0.0,False,True,long event,"RETAINED - flagged for review, not deleted"
TX,TMAX_P85_3D__month_pm7,TMAX_P85_3D,TMAX,85,3,month_pm7,48_143_2022_009_TMAX_P85_3D,48143,Erath,North Central,2022-07-16,2022-08-05,21,2,True,False,2022-07-20,107.96,99.95,21,0,0.0,0.9,False,True,long event,"RETAINED - flagged for review, not deleted"
TX,TMAX_P85_3D__month_pm7,TMAX_P85_3D,TMAX,85,3,month_pm7,48_169_2023_009_TMAX_P85_3D,48169,Garza,Low Rolling Plains,2023-07-25,2023-08-14,21,2,True,False,2023-08-06,108.5,100.04,21,0,0.0,0.0,False,True,long event,"RETAINED - flagged for review, not deleted"
TX,TMAX_P85_3D__month_pm7,TMAX_P85_3D,TMAX,85,3,month_pm7,48_177_2025_014_TMAX_P85_3D,48177,Gonzales,South Central,2025-10-01,2025-10-21,21,1,False,False,2025-10-08,96.53,90.89,21,0,0.0,0.0,False,True,long event,"RETAINED - flagged for review, not deleted"
TX,TMAX_P85_3D__month_pm7,TMAX_P85_3D,TMAX,85,3,month_pm7,48_213_2022_004_TMAX_P85_3D,48213,Henderson,East Texas,2022-06-10,2022-06-30,21,1,False,False,2022-06-24,100.94,93.92,21,0,0.0,0.0,False,True,long event,"RETAINED - flagged for review, not deleted"
TX,TMAX_P85_3D__month_pm7,TMAX_P85_3D,TMAX,85,3,month_pm7,48_259_2025_012_TMAX_P85_3D,48259,Kendall,Edwards Plateau,2025-10-01,2025-10-21,21,1,False,False,2025-10-02,95.54,89.06,21,0,0.0,0.8,False,True,long event,"RETAINED - flagged for review, not deleted"
TX,TMAX_P85_3D__month_pm7,TMAX_P85_3D,TMAX,85,3,month_pm7,48_273_2023_011_TMAX_P85_3D,48273,Kleberg,South Central,2023-08-27,2023-09-16,21,2,True,False,2023-08-28,104.0,99.95,21,0,0.0,0.0,False,True,long event,"RETAINED - flagged for review, not deleted"
TX,TMAX_P85_3D__month_pm7,TMAX_P85_3D,TMAX,85,3,month_pm7,48_283_2022_009_TMAX_P85_3D,48283,La Salle,South Texas,2022-07-16,2022-08-05,21,2,True,False,2022-07-19,109.94,103.95,21,0,0.0,0.7,False,True,long event,"RETAINED - flagged for review, not deleted"
TX,TMAX_P85_3D__month_pm7,TMAX_P85_3D,TMAX,85,3,month_pm7,48_285_2018_004_TMAX_P85_3D,48285,Lavaca,South Central,2018-05-24,2018-06-13,21,2,True,False,2018-06-03,100.94,95.81,21,0,0.0,0.8,False,True,long event,"RETAINED - flagged for review, not deleted"
TX,TMAX_P85_3D__month_pm7,TMAX_P85_3D,TMAX,85,3,month_pm7,48_287_2022_005_TMAX_P85_3D,48287,Lee,South Central,2022-06-07,2022-06-27,21,1,False,False,2022-06-12,101.48,95.99,21,0,0.0,2.2,False,True,long event,"RETAINED - flagged for review, not deleted"
TX,TMAX_P85_3D__month_pm7,TMAX_P85_3D,TMAX,85,3,month_pm7,48_297_2023_008_TMAX_P85_3D,48297,Live Oak,South Texas,2023-08-01,2023-08-21,21,1,False,False,2023-08-10,107.51,102.02,21,0,0.0,0.0,False,True,long event,"RETAINED - flagged for review, not deleted"
TX,TMAX_P85_3D__month_pm7,TMAX_P85_3D,TMAX,85,3,month_pm7,48_319_2022_010_TMAX_P85_3D,48319,Mason,Edwards Plateau,2022-07-17,2022-08-06,21,2,True,False,2022-07-20,106.52,100.04,21,0,0.0,0.0,False,True,long event,"RETAINED - flagged for review, not deleted"
TX,TMAX_P85_3D__month_pm7,TMAX_P85_3D,TMAX,85,3,month_pm7,48_353_2023_005_TMAX_P85_3D,48353,Nolan,Low Rolling Plains,2023-07-25,2023-08-14,21,2,True,False,2023-08-11,109.04,98.96,21,0,0.0,4.5,False,True,long event,"RETAINED - flagged for review, not deleted"
TX,TMAX_P85_3D__month_pm7,TMAX_P85_3D,TMAX,85,3,month_pm7,48_355_2023_011_TMAX_P85_3D,48355,Nueces,South Central,2023-08-27,2023-09-16,21,2,True,False,2023-08-28,98.02,95.18,21,0,0.0,0.0,False,True,long event,"RETAINED - flagged for review, not deleted"
TX,TMAX_P85_3D__month_pm7,TMAX_P85_3D,TMAX,85,3,month_pm7,48_367_2022_007_TMAX_P85_3D,48367,Parker,North Central,2022-07-17,2022-08-06,21,2,True,False,2022-07-19,111.92,100.94,21,0,0.0,0.2,False,True,long event,"RETAINED - flagged for review, not deleted"
TX,TMAX_P85_3D__month_pm7,TMAX_P85_3D,TMAX,85,3,month_pm7,48_409_2023_010_TMAX_P85_3D,48409,San Patricio,South Central,2023-07-17,2023-08-06,21,2,True,False,2023-07-24,102.02,96.75,21,0,0.0,6.4,False,True,long event,"RETAINED - flagged for review, not deleted"
TX,TMAX_P85_3D__month_pm7,TMAX_P85_3D,TMAX,85,3,month_pm7,48_427_2018_007_TMAX_P85_3D,48427,Starr,South Texas,2018-08-15,2018-09-04,21,2,True,False,2018-08-19,109.04,104.54,21,0,0.0,2.1,False,True,long event,"RETAINED - flagged for review, not deleted"
TX,TMAX_P85_3D__month_pm7,TMAX_P85_3D,TMAX,85,3,month_pm7,48_465_2019_005_TMAX_P85_3D,48465,Val Verde,Edwards Plateau,2019-07-31,2019-08-20,21,2,True,False,2019-08-13,106.52,101.03,21,0,0.0,0.0,False,True,long event,"RETAINED - flagged for review, not deleted"
TX,TMAX_P85_3D__month_pm7,TMAX_P85_3D,TMAX,85,3,month_pm7,48_481_2023_009_TMAX_P85_3D,48481,Wharton,Upper Coast,2023-08-24,2023-09-13,21,2,True,False,2023-08-28,105.98,97.79,21,0,0.0,0.0,False,True,long event,"RETAINED - flagged for review, not deleted"
TX,TMAX_P85_3D__w05,TMAX_P85_3D,TMAX,85,3,w05,48_007_2024_008_TMAX_P85_3D,48007,Aransas,South Central,2024-08-02,2024-08-22,21,1,False,False,2024-08-21,99.08,93.38,21,0,0.0,0.2,False,True,long event,"RETAINED - flagged for review, not deleted"
TX,TMAX_P85_3D__w05,TMAX_P85_3D,TMAX,85,3,w05,48_013_2023_009_TMAX_P85_3D,48013,Atascosa,South Texas,2023-08-01,2023-08-21,21,1,False,False,2023-08-11,107.0,102.47,21,0,0.0,0.0,False,True,long event,"RETAINED - flagged for review, not deleted"
TX,TMAX_P85_3D__w05,TMAX_P85_3D,TMAX,85,3,w05,48_041_2022_011_TMAX_P85_3D,48041,Brazos,East Texas,2022-07-16,2022-08-05,21,2,True,False,2022-07-20,105.98,100.04,21,0,0.0,0.1,False,True,long event,"RETAINED - flagged for review, not deleted"
TX,TMAX_P85_3D__w05,TMAX_P85_3D,TMAX,85,3,w05,48_055_2022_008_TMAX_P85_3D,48055,Caldwell,South Central,2022-07-16,2022-08-05,21,2,True,False,2022-07-20,104.99,100.94,21,0,0.0,0.1,False,True,long event,"RETAINED - flagged for review, not deleted"
TX,TMAX_P85_3D__w05,TMAX_P85_3D,TMAX,85,3,w05,48_055_2023_010_TMAX_P85_3D,48055,Caldwell,South Central,2023-08-23,2023-09-12,21,2,True,False,2023-08-27,109.49,100.95,21,0,0.0,0.1,False,True,long event,"RETAINED - flagged for review, not deleted"
TX,TMAX_P85_3D__w05,TMAX_P85_3D,TMAX,85,3,w05,48_083_2022_006_TMAX_P85_3D,48083,Coleman,Low Rolling Plains,2022-06-06,2022-06-26,21,1,False,False,2022-06-12,104.0,95.99,21,0,0.0,0.0,False,True,long event,"RETAINED - flagged for review, not deleted"
TX,TMAX_P85_3D__w05,TMAX_P85_3D,TMAX,85,3,w05,48_123_2018_003_TMAX_P85_3D,48123,DeWitt,South Central,2018-05-25,2018-06-14,21,2,True,False,2018-06-06,103.01,95.4,21,0,0.0,1.4,False,True,long event,"RETAINED - flagged for review, not deleted"
TX,TMAX_P85_3D__w05,TMAX_P85_3D,TMAX,85,3,w05,48_127_2023_011_TMAX_P85_3D,48127,Dimmit,South Texas,2023-08-01,2023-08-21,21,1,False,False,2023-08-07,108.5,104.0,21,0,0.0,1.6,False,True,long event,"RETAINED - flagged for review, not deleted"
TX,TMAX_P85_3D__w05,TMAX_P85_3D,TMAX,85,3,w05,48_167_2018_007_TMAX_P85_3D,48167,Galveston,Upper Coast,2018-05-25,2018-06-14,21,2,True,False,2018-06-03,93.02,88.63,21,0,0.0,0.0,False,True,long event,"RETAINED - flagged for review, not deleted"
TX,TMAX_P85_3D__w05,TMAX_P85_3D,TMAX,85,3,w05,48_177_2018_004_TMAX_P85_3D,48177,Gonzales,South Central,2018-05-25,2018-06-14,21,2,True,False,2018-06-06,101.7,94.63,21,0,0.0,0.0,False,True,long event,"RETAINED - flagged for review, not deleted"
TX,TMAX_P85_3D__w05,TMAX_P85_3D,TMAX,85,3,w05,48_199_2022_004_TMAX_P85_3D,48199,Hardin,East Texas,2022-05-02,2022-05-22,21,1,False,False,2022-05-18,95.0,89.06,21,0,0.0,1.3,False,True,long event,"RETAINED - flagged for review, not deleted"
TX,TMAX_P85_3D__w05,TMAX_P85_3D,TMAX,85,3,w05,48_215_2019_008_TMAX_P85_3D,48215,Hidalgo,Lower Valley,2019-08-10,2019-08-30,21,1,False,False,2019-08-13,105.3,101.3,21,0,0.0,0.0,False,True,long event,"RETAINED - flagged for review, not deleted"
TX,TMAX_P85_3D__w05,TMAX_P85_3D,TMAX,85,3,w05,48_221_2022_009_TMAX_P85_3D,48221,Hood,North Central,2022-07-17,2022-08-06,21,2,True,False,2022-07-19,110.03,100.81,21,0,0.0,0.5,False,True,long event,"RETAINED - flagged for review, not deleted"
TX,TMAX_P85_3D__w05,TMAX_P85_3D,TMAX,85,3,w05,48_239_2018_004_TMAX_P85_3D,48239,Jackson,Upper Coast,2018-05-25,2018-06-14,21,2,True,False,2018-06-03,96.56,92.7,21,21,100.0,100.0,True,False,long event AND >=50% imputed days,"RETAINED - flagged for review, not deleted"
TX,TMAX_P85_3D__w05,TMAX_P85_3D,TMAX,85,3,w05,48_239_2023_011_TMAX_P85_3D,48239,Jackson,Upper Coast,2023-08-24,2023-09-13,21,2,True,False,2023-08-27,104.41,97.44,21,21,100.0,100.0,True,False,long event AND >=50% imputed days,"RETAINED - flagged for review, not deleted"
TX,TMAX_P85_3D__w05,TMAX_P85_3D,TMAX,85,3,w05,48_247_2023_006_TMAX_P85_3D,48247,Jim Hogg,South Texas,2023-08-01,2023-08-21,21,1,False,False,2023-08-10,105.62,102.02,21,21,100.0,100.0,True,False,long event AND >=50% imputed days,"RETAINED - flagged for review, not deleted"
TX,TMAX_P85_3D__w05,TMAX_P85_3D,TMAX,85,3,w05,48_259_2018_003_TMAX_P85_3D,48259,Kendall,Edwards Plateau,2018-05-26,2018-06-15,21,2,True,False,2018-06-06,99.5,93.02,21,0,0.0,0.8,False,True,long event,"RETAINED - flagged for review, not deleted"
TX,TMAX_P85_3D__w05,TMAX_P85_3D,TMAX,85,3,w05,48_285_2018_005_TMAX_P85_3D,48285,Lavaca,South Central,2018-05-24,2018-06-13,21,2,True,False,2018-06-03,100.94,93.92,21,0,0.0,0.8,False,True,long event,"RETAINED - flagged for review, not deleted"
TX,TMAX_P85_3D__w05,TMAX_P85_3D,TMAX,85,3,w05,48_309_2022_010_TMAX_P85_3D,48309,McLennan,North Central,2022-07-16,2022-08-05,21,2,True,False,2022-07-18,106.52,100.04,21,0,0.0,0.0,False,True,long event,"RETAINED - flagged for review, not deleted"
TX,TMAX_P85_3D__w05,TMAX_P85_3D,TMAX,85,3,w05,48_409_2023_010_TMAX_P85_3D,48409,San Patricio,South Central,2023-07-17,2023-08-06,21,2,True,False,2023-07-24,102.02,96.98,21,0,0.0,6.4,False,True,long event,"RETAINED - flagged for review, not deleted"
TX,TMAX_P85_3D__w05,TMAX_P85_3D,TMAX,85,3,w05,48_427_2018_008_TMAX_P85_3D,48427,Starr,South Texas,2018-08-15,2018-09-04,21,2,True,False,2018-08-19,109.04,104.53,21,0,0.0,2.1,False,True,long event,"RETAINED - flagged for review, not deleted"
TX,TMAX_P85_3D__w05,TMAX_P85_3D,TMAX,85,3,w05,48_465_2019_005_TMAX_P85_3D,48465,Val Verde,Edwards Plateau,2019-07-31,2019-08-20,21,2,True,False,2019-08-13,106.52,101.6,21,0,0.0,0.0,False,True,long event,"RETAINED - flagged for review, not deleted"
TX,TMAX_P85_3D__w05,TMAX_P85_3D,TMAX,85,3,w05,48_481_2023_013_TMAX_P85_3D,48481,Wharton,Upper Coast,2023-08-24,2023-09-13,21,2,True,False,2023-08-28,105.98,97.52,21,0,0.0,0.0,False,True,long event,"RETAINED - flagged for review, not deleted"
TX,TMAX_P85_3D__w15,TMAX_P85_3D,TMAX,85,3,w15,48_007_2024_007_TMAX_P85_3D,48007,Aransas,South Central,2024-08-02,2024-08-22,21,1,False,False,2024-08-21,99.08,93.74,21,0,0.0,0.2,False,True,long event,"RETAINED - flagged for review, not deleted"
TX,TMAX_P85_3D__w15,TMAX_P85_3D,TMAX,85,3,w15,48_013_2023_009_TMAX_P85_3D,48013,Atascosa,South Texas,2023-08-01,2023-08-21,21,1,False,False,2023-08-11,107.0,101.96,21,0,0.0,0.0,False,True,long event,"RETAINED - flagged for review, not deleted"
TX,TMAX_P85_3D__w15,TMAX_P85_3D,TMAX,85,3,w15,48_055_2022_007_TMAX_P85_3D,48055,Caldwell,South Central,2022-07-16,2022-08-05,21,2,True,False,2022-07-20,104.99,100.94,21,0,0.0,0.1,False,True,long event,"RETAINED - flagged for review, not deleted"
TX,TMAX_P85_3D__w15,TMAX_P85_3D,TMAX,85,3,w15,48_055_2023_011_TMAX_P85_3D,48055,Caldwell,South Central,2023-08-23,2023-09-12,21,2,True,False,2023-08-27,109.49,100.94,21,0,0.0,0.1,False,True,long event,"RETAINED - flagged for review, not deleted"
TX,TMAX_P85_3D__w15,TMAX_P85_3D,TMAX,85,3,w15,48_083_2022_006_TMAX_P85_3D,48083,Coleman,Low Rolling Plains,2022-06-06,2022-06-26,21,1,False,False,2022-06-12,104.0,95.99,21,0,0.0,0.0,False,True,long event,"RETAINED - flagged for review, not deleted"
TX,TMAX_P85_3D__w15,TMAX_P85_3D,TMAX,85,3,w15,48_143_2022_009_TMAX_P85_3D,48143,Erath,North Central,2022-07-16,2022-08-05,21,2,True,False,2022-07-20,107.96,100.04,21,0,0.0,0.9,False,True,long event,"RETAINED - flagged for review, not deleted"
TX,TMAX_P85_3D__w15,TMAX_P85_3D,TMAX,85,3,w15,48_143_2023_010_TMAX_P85_3D,48143,Erath,North Central,2023-07-24,2023-08-13,21,2,True,False,2023-08-05,107.06,100.94,21,1,4.8,0.9,False,True,long event,"RETAINED - flagged for review, not deleted"
TX,TMAX_P85_3D__w15,TMAX_P85_3D,TMAX,85,3,w15,48_169_2023_009_TMAX_P85_3D,48169,Garza,Low Rolling Plains,2023-07-25,2023-08-14,21,2,True,False,2023-08-06,108.5,100.94,21,0,0.0,0.0,False,True,long event,"RETAINED - flagged for review, not deleted"
TX,TMAX_P85_3D__w15,TMAX_P85_3D,TMAX,85,3,w15,48_177_2018_003_TMAX_P85_3D,48177,Gonzales,South Central,2018-05-25,2018-06-14,21,2,True,False,2018-06-06,101.7,95.54,21,0,0.0,0.0,False,True,long event,"RETAINED - flagged for review, not deleted"
TX,TMAX_P85_3D__w15,TMAX_P85_3D,TMAX,85,3,w15,48_209_2018_002_TMAX_P85_3D,48209,Hays,South Central,2018-05-26,2018-06-15,21,2,True,False,2018-06-05,99.05,95.0,21,0,0.0,0.7,False,True,long event,"RETAINED - flagged for review, not deleted"
TX,TMAX_P85_3D__w15,TMAX_P85_3D,TMAX,85,3,w15,48_217_2022_008_TMAX_P85_3D,48217,Hill,North Central,2022-07-16,2022-08-05,21,2,True,False,2022-07-19,105.98,99.63,21,0,0.0,0.0,False,True,long event,"RETAINED - flagged for review, not deleted"
TX,TMAX_P85_3D__w15,TMAX_P85_3D,TMAX,85,3,w15,48_221_2022_008_TMAX_P85_3D,48221,Hood,North Central,2022-07-17,2022-08-06,21,2,True,False,2022-07-19,110.03,100.94,21,0,0.0,0.5,False,True,long event,"RETAINED - flagged for review, not deleted"
TX,TMAX_P85_3D__w15,TMAX_P85_3D,TMAX,85,3,w15,48_239_2018_005_TMAX_P85_3D,48239,Jackson,Upper Coast,2018-05-25,2018-06-14,21,2,True,False,2018-06-03,96.56,92.74,21,21,100.0,100.0,True,False,long event AND >=50% imputed days,"RETAINED - flagged for review, not deleted"
TX,TMAX_P85_3D__w15,TMAX_P85_3D,TMAX,85,3,w15,48_239_2023_011_TMAX_P85_3D,48239,Jackson,Upper Coast,2023-08-24,2023-09-13,21,2,True,False,2023-08-27,104.41,97.52,21,21,100.0,100.0,True,False,long event AND >=50% imputed days,"RETAINED - flagged for review, not deleted"
TX,TMAX_P85_3D__w15,TMAX_P85_3D,TMAX,85,3,w15,48_247_2023_007_TMAX_P85_3D,48247,Jim Hogg,South Texas,2023-08-01,2023-08-21,21,1,False,False,2023-08-10,105.62,102.02,21,21,100.0,100.0,True,False,long event AND >=50% imputed days,"RETAINED - flagged for review, not deleted"
TX,TMAX_P85_3D__w15,TMAX_P85_3D,TMAX,85,3,w15,48_273_2023_009_TMAX_P85_3D,48273,Kleberg,South Central,2023-08-27,2023-09-16,21,2,True,False,2023-08-28,104.0,99.5,21,0,0.0,0.0,False,True,long event,"RETAINED - flagged for review, not deleted"
TX,TMAX_P85_3D__w15,TMAX_P85_3D,TMAX,85,3,w15,48_283_2019_008_TMAX_P85_3D,48283,La Salle,South Texas,2019-09-16,2019-10-06,21,2,True,False,2019-09-18,105.98,98.06,21,0,0.0,0.7,False,True,long event,"RETAINED - flagged for review, not deleted"
TX,TMAX_P85_3D__w15,TMAX_P85_3D,TMAX,85,3,w15,48_297_2023_009_TMAX_P85_3D,48297,Live Oak,South Texas,2023-08-01,2023-08-21,21,1,False,False,2023-08-10,107.51,102.39,21,0,0.0,0.0,False,True,long event,"RETAINED - flagged for review, not deleted"
TX,TMAX_P85_3D__w15,TMAX_P85_3D,TMAX,85,3,w15,48_325_2022_007_TMAX_P85_3D,48325,Medina,South Central,2022-06-01,2022-06-21,21,1,False,False,2022-06-12,107.06,97.7,21,0,0.0,0.5,False,True,long event,"RETAINED - flagged for review, not deleted"
TX,TMAX_P85_3D__w15,TMAX_P85_3D,TMAX,85,3,w15,48_407_2022_005_TMAX_P85_3D,48407,San Jacinto,East Texas,2022-06-07,2022-06-27,21,1,False,False,2022-06-26,100.48,95.46,21,21,100.0,100.0,True,False,long event AND >=50% imputed days,"RETAINED - flagged for review, not deleted"
TX,TMAX_P85_3D__w15,TMAX_P85_3D,TMAX,85,3,w15,48_409_2023_010_TMAX_P85_3D,48409,San Patricio,South Central,2023-07-17,2023-08-06,21,2,True,False,2023-07-24,102.02,96.98,21,0,0.0,6.4,False,True,long event,"RETAINED - flagged for review, not deleted"
TX,TMAX_P85_3D__w15,TMAX_P85_3D,TMAX,85,3,w15,48_427_2018_008_TMAX_P85_3D,48427,Starr,South Texas,2018-08-15,2018-09-04,21,2,True,False,2018-08-19,109.04,104.54,21,0,0.0,2.1,False,True,long event,"RETAINED - flagged for review, not deleted"
TX,TMAX_P85_3D__w15,TMAX_P85_3D,TMAX,85,3,w15,48_481_2023_008_TMAX_P85_3D,48481,Wharton,Upper Coast,2023-06-15,2023-07-05,21,2,True,False,2023-07-01,98.06,95.67,21,0,0.0,0.0,False,True,long event,"RETAINED - flagged for review, not deleted"
TX,TMAX_P85_3D__w15,TMAX_P85_3D,TMAX,85,3,w15,48_481_2023_011_TMAX_P85_3D,48481,Wharton,Upper Coast,2023-08-24,2023-09-13,21,2,True,False,2023-08-28,105.98,97.64,21,0,0.0,0.0,False,True,long event,"RETAINED - flagged for review, not deleted"
TX,TMAX_P90_2D__month,TMAX_P90_2D,TMAX,90,2,month,48_055_2022_012_TMAX_P90_2D,48055,Caldwell,South Central,2022-07-16,2022-08-05,21,2,True,False,2022-07-20,104.99,100.94,21,0,0.0,0.1,False,True,long event,"RETAINED - flagged for review, not deleted"
TX,TMAX_P90_2D__month,TMAX_P90_2D,TMAX,90,2,month,48_061_2023_013_TMAX_P90_2D,48061,Cameron,Lower Valley,2023-08-27,2023-09-16,21,2,True,False,2023-08-28,100.73,96.59,21,0,0.0,0.0,False,True,long event,"RETAINED - flagged for review, not deleted"
TX,TMAX_P90_2D__month,TMAX_P90_2D,TMAX,90,2,month,48_061_2024_006_TMAX_P90_2D,48061,Cameron,Lower Valley,2024-05-18,2024-06-07,21,2,True,False,2024-06-05,98.51,94.79,21,0,0.0,0.0,False,True,long event,"RETAINED - flagged for review, not deleted"
TX,TMAX_P90_2D__month,TMAX_P90_2D,TMAX,90,2,month,48_131_2023_010_TMAX_P90_2D,48131,Duval,South Texas,2023-06-10,2023-06-30,21,1,False,False,2023-06-22,114.98,101.06,21,0,0.0,0.7,False,True,long event,"RETAINED - flagged for review, not deleted"
TX,TMAX_P90_2D__month,TMAX_P90_2D,TMAX,90,2,month,48_167_2022_013_TMAX_P90_2D,48167,Galveston,Upper Coast,2022-06-08,2022-06-28,21,1,False,False,2022-06-19,97.52,91.49,21,0,0.0,0.0,False,True,long event,"RETAINED - flagged for review, not deleted"
TX,TMAX_P90_2D__month,TMAX_P90_2D,TMAX,90,2,month,48_171_2023_008_TMAX_P90_2D,48171,Gillespie,Edwards Plateau,2023-08-01,2023-08-21,21,1,False,False,2023-08-17,103.06,99.02,21,0,0.0,0.0,False,True,long event,"RETAINED - flagged for review, not deleted"
TX,TMAX_P90_2D__month,TMAX_P90_2D,TMAX,90,2,month,48_247_2023_006_TMAX_P90_2D,48247,Jim Hogg,South Texas,2023-08-01,2023-08-21,21,1,False,False,2023-08-10,105.62,102.02,21,21,100.0,100.0,True,False,long event AND >=50% imputed days,"RETAINED - flagged for review, not deleted"
TX,TMAX_P90_2D__month,TMAX_P90_2D,TMAX,90,2,month,48_273_2023_013_TMAX_P90_2D,48273,Kleberg,South Central,2023-08-27,2023-09-16,21,2,True,False,2023-08-28,104.0,100.49,21,0,0.0,0.0,False,True,long event,"RETAINED - flagged for review, not deleted"
TX,TMAX_P90_2D__month,TMAX_P90_2D,TMAX,90,2,month,48_403_2023_011_TMAX_P90_2D,48403,Sabine,East Texas,2023-07-25,2023-08-14,21,2,True,False,2023-08-11,107.06,99.45,21,0,0.0,1.2,False,True,long event,"RETAINED - flagged for review, not deleted"
TX,TMAX_P90_2D__month,TMAX_P90_2D,TMAX,90,2,month,48_457_2015_005_TMAX_P90_2D,48457,Tyler,East Texas,2015-07-23,2015-08-12,21,2,True,False,2015-08-11,104.22,98.51,21,0,0.0,0.0,False,True,long event,"RETAINED - flagged for review, not deleted"
TX,TMAX_P90_2D__month,TMAX_P90_2D,TMAX,90,2,month,48_471_2022_006_TMAX_P90_2D,48471,Walker,East Texas,2022-06-09,2022-06-29,21,1,False,False,2022-06-24,101.48,96.08,21,0,0.0,0.0,False,True,long event,"RETAINED - flagged for review, not deleted"
TX,TMAX_P90_2D__month,TMAX_P90_2D,TMAX,90,2,month,48_481_2023_010_TMAX_P90_2D,48481,Wharton,Upper Coast,2023-08-24,2023-09-13,21,2,True,False,2023-08-28,105.98,98.7,21,0,0.0,0.0,False,True,long event,"RETAINED - flagged for review, not deleted"
TX,TMAX_P90_2D__month,TMAX_P90_2D,TMAX,90,2,month,48_493_2023_007_TMAX_P90_2D,48493,Wilson,South Central,2023-08-01,2023-08-21,21,1,False,False,2023-08-18,105.44,102.02,21,21,100.0,61.7,False,False,long event AND >=50% imputed days,"RETAINED - flagged for review, not deleted"
TX,TMAX_P90_2D__month_pm7,TMAX_P90_2D,TMAX,90,2,month_pm7,48_039_2023_016_TMAX_P90_2D,48039,Brazoria,Upper Coast,2023-08-23,2023-09-12,21,2,True,False,2023-08-27,106.63,95.72,21,0,0.0,0.0,False,True,long event,"RETAINED - flagged for review, not deleted"
TX,TMAX_P90_2D__month_pm7,TMAX_P90_2D,TMAX,90,2,month_pm7,48_055_2022_012_TMAX_P90_2D,48055,Caldwell,South Central,2022-07-16,2022-08-05,21,2,True,False,2022-07-20,104.99,100.94,21,0,0.0,0.1,False,True,long event,"RETAINED - flagged for review, not deleted"
TX,TMAX_P90_2D__month_pm7,TMAX_P90_2D,TMAX,90,2,month_pm7,48_061_2023_013_TMAX_P90_2D,48061,Cameron,Lower Valley,2023-08-27,2023-09-16,21,2,True,False,2023-08-28,100.73,96.47,21,0,0.0,0.0,False,True,long event,"RETAINED - flagged for review, not deleted"
TX,TMAX_P90_2D__month_pm7,TMAX_P90_2D,TMAX,90,2,month_pm7,48_131_2023_010_TMAX_P90_2D,48131,Duval,South Texas,2023-06-10,2023-06-30,21,1,False,False,2023-06-22,114.98,100.94,21,0,0.0,0.7,False,True,long event,"RETAINED - flagged for review, not deleted"
TX,TMAX_P90_2D__month_pm7,TMAX_P90_2D,TMAX,90,2,month_pm7,48_167_2022_013_TMAX_P90_2D,48167,Galveston,Upper Coast,2022-06-08,2022-06-28,21,1,False,False,2022-06-19,97.52,91.49,21,0,0.0,0.0,False,True,long event,"RETAINED - flagged for review, not deleted"
TX,TMAX_P90_2D__month_pm7,TMAX_P90_2D,TMAX,90,2,month_pm7,48_171_2023_008_TMAX_P90_2D,48171,Gillespie,Edwards Plateau,2023-08-01,2023-08-21,21,1,False,False,2023-08-17,103.06,98.96,21,0,0.0,0.0,False,True,long event,"RETAINED - flagged for review, not deleted"
TX,TMAX_P90_2D__month_pm7,TMAX_P90_2D,TMAX,90,2,month_pm7,48_247_2023_006_TMAX_P90_2D,48247,Jim Hogg,South Texas,2023-08-01,2023-08-21,21,1,False,False,2023-08-10,105.62,102.02,21,21,100.0,100.0,True,False,long event AND >=50% imputed days,"RETAINED - flagged for review, not deleted"
TX,TMAX_P90_2D__month_pm7,TMAX_P90_2D,TMAX,90,2,month_pm7,48_273_2023_014_TMAX_P90_2D,48273,Kleberg,South Central,2023-08-27,2023-09-16,21,2,True,False,2023-08-28,104.0,100.49,21,0,0.0,0.0,False,True,long event,"RETAINED - flagged for review, not deleted"
TX,TMAX_P90_2D__month_pm7,TMAX_P90_2D,TMAX,90,2,month_pm7,48_285_2023_013_TMAX_P90_2D,48285,Lavaca,South Central,2023-08-23,2023-09-12,21,2,True,False,2023-08-27,111.02,100.94,21,0,0.0,0.8,False,True,long event,"RETAINED - flagged for review, not deleted"
TX,TMAX_P90_2D__month_pm7,TMAX_P90_2D,TMAX,90,2,month_pm7,48_319_2022_012_TMAX_P90_2D,48319,Mason,Edwards Plateau,2022-07-17,2022-08-06,21,2,True,False,2022-07-20,106.52,100.94,21,0,0.0,0.0,False,True,long event,"RETAINED - flagged for review, not deleted"
TX,TMAX_P90_2D__month_pm7,TMAX_P90_2D,TMAX,90,2,month_pm7,48_403_2023_010_TMAX_P90_2D,48403,Sabine,East Texas,2023-07-25,2023-08-14,21,2,True,False,2023-08-11,107.06,98.96,21,0,0.0,1.2,False,True,long event,"RETAINED - flagged for review, not deleted"
TX,TMAX_P90_2D__month_pm7,TMAX_P90_2D,TMAX,90,2,month_pm7,48_471_2022_006_TMAX_P90_2D,48471,Walker,East Texas,2022-06-09,2022-06-29,21,1,False,False,2022-06-24,101.48,96.08,21,0,0.0,0.0,False,True,long event,"RETAINED - flagged for review, not deleted"
TX,TMAX_P90_2D__month_pm7,TMAX_P90_2D,TMAX,90,2,month_pm7,48_481_2023_010_TMAX_P90_2D,48481,Wharton,Upper Coast,2023-08-24,2023-09-13,21,2,True,False,2023-08-28,105.98,98.37,21,0,0.0,0.0,False,True,long event,"RETAINED - flagged for review, not deleted"
TX,TMAX_P90_2D__month_pm7,TMAX_P90_2D,TMAX,90,2,month_pm7,48_489_2018_004_TMAX_P90_2D,48489,Willacy,Lower Valley,2018-05-24,2018-06-13,21,2,True,False,2018-06-06,99.05,95.0,21,21,100.0,30.0,False,False,long event AND >=50% imputed days,"RETAINED - flagged for review, not deleted"
TX,TMAX_P90_2D__month_pm7,TMAX_P90_2D,TMAX,90,2,month_pm7,48_493_2023_007_TMAX_P90_2D,48493,Wilson,South Central,2023-08-01,2023-08-21,21,1,False,False,2023-08-18,105.44,102.02,21,21,100.0,61.7,False,False,long event AND >=50% imputed days,"RETAINED - flagged for review, not deleted"
TX,TMAX_P90_2D__w05,TMAX_P90_2D,TMAX,90,2,w05,48_167_2022_014_TMAX_P90_2D,48167,Galveston,Upper Coast,2022-06-08,2022-06-28,21,1,False,False,2022-06-19,97.52,91.58,21,0,0.0,0.0,False,True,long event,"RETAINED - flagged for review, not deleted"
TX,TMAX_P90_2D__w05,TMAX_P90_2D,TMAX,90,2,w05,48_239_2023_015_TMAX_P90_2D,48239,Jackson,Upper Coast,2023-08-24,2023-09-13,21,2,True,False,2023-08-27,104.41,97.88,21,21,100.0,100.0,True,False,long event AND >=50% imputed days,"RETAINED - flagged for review, not deleted"
TX,TMAX_P90_2D__w05,TMAX_P90_2D,TMAX,90,2,w05,48_249_2023_014_TMAX_P90_2D,48249,Jim Wells,South Texas,2023-08-01,2023-08-21,21,1,False,False,2023-08-17,107.51,101.48,21,0,0.0,0.0,False,True,long event,"RETAINED - flagged for review, not deleted"
TX,TMAX_P90_2D__w05,TMAX_P90_2D,TMAX,90,2,w05,48_273_2023_009_TMAX_P90_2D,48273,Kleberg,South Central,2023-06-09,2023-06-29,21,1,False,False,2023-06-21,109.49,98.1,21,0,0.0,0.0,False,True,long event,"RETAINED - flagged for review, not deleted"
TX,TMAX_P90_2D__w05,TMAX_P90_2D,TMAX,90,2,w05,48_309_2022_010_TMAX_P90_2D,48309,McLennan,North Central,2022-06-06,2022-06-26,21,1,False,False,2022-06-11,104.54,95.5,21,0,0.0,0.0,False,True,long event,"RETAINED - flagged for review, not deleted"
TX,TMAX_P90_2D__w05,TMAX_P90_2D,TMAX,90,2,w05,48_339_2022_007_TMAX_P90_2D,48339,Montgomery,East Texas,2022-06-07,2022-06-27,21,1,False,False,2022-06-26,101.88,98.04,21,0,0.0,0.0,False,True,long event,"RETAINED - flagged for review, not deleted"
TX,TMAX_P90_2D__w05,TMAX_P90_2D,TMAX,90,2,w05,48_403_2023_015_TMAX_P90_2D,48403,Sabine,East Texas,2023-07-25,2023-08-14,21,2,True,False,2023-08-11,107.06,99.52,21,0,0.0,1.2,False,True,long event,"RETAINED - flagged for review, not deleted"
TX,TMAX_P90_2D__w05,TMAX_P90_2D,TMAX,90,2,w05,48_407_2022_005_TMAX_P90_2D,48407,San Jacinto,East Texas,2022-06-07,2022-06-27,21,1,False,False,2022-06-26,100.48,97.65,21,21,100.0,100.0,True,False,long event AND >=50% imputed days,"RETAINED - flagged for review, not deleted"
TX,TMAX_P90_2D__w05,TMAX_P90_2D,TMAX,90,2,w05,48_481_2023_015_TMAX_P90_2D,48481,Wharton,Upper Coast,2023-08-24,2023-09-13,21,2,True,False,2023-08-28,105.98,97.97,21,0,0.0,0.0,False,True,long event,"RETAINED - flagged for review, not deleted"
TX,TMAX_P90_2D__w05,TMAX_P90_2D,TMAX,90,2,w05,48_493_2023_010_TMAX_P90_2D,48493,Wilson,South Central,2023-08-01,2023-08-21,21,1,False,False,2023-08-18,105.44,102.92,21,21,100.0,61.7,False,False,long event AND >=50% imputed days,"RETAINED - flagged for review, not deleted"
TX,TMAX_P90_2D__w15,TMAX_P90_2D,TMAX,90,2,w15,48_167_2022_015_TMAX_P90_2D,48167,Galveston,Upper Coast,2022-06-08,2022-06-28,21,1,False,False,2022-06-19,97.52,91.64,21,0,0.0,0.0,False,True,long event,"RETAINED - flagged for review, not deleted"
TX,TMAX_P90_2D__w15,TMAX_P90_2D,TMAX,90,2,w15,48_171_2023_010_TMAX_P90_2D,48171,Gillespie,Edwards Plateau,2023-08-01,2023-08-21,21,1,False,False,2023-08-17,103.06,99.32,21,0,0.0,0.0,False,True,long event,"RETAINED - flagged for review, not deleted"
TX,TMAX_P90_2D__w15,TMAX_P90_2D,TMAX,90,2,w15,48_339_2022_008_TMAX_P90_2D,48339,Montgomery,East Texas,2022-06-07,2022-06-27,21,1,False,False,2022-06-26,101.88,97.9,21,0,0.0,0.0,False,True,long event,"RETAINED - flagged for review, not deleted"
TX,TMAX_P90_2D__w15,TMAX_P90_2D,TMAX,90,2,w15,48_403_2023_015_TMAX_P90_2D,48403,Sabine,East Texas,2023-07-25,2023-08-14,21,2,True,False,2023-08-11,107.06,99.5,21,0,0.0,1.2,False,True,long event,"RETAINED - flagged for review, not deleted"
TX,TMAX_P90_2D__w15,TMAX_P90_2D,TMAX,90,2,w15,48_407_2022_004_TMAX_P90_2D,48407,San Jacinto,East Texas,2022-06-07,2022-06-27,21,1,False,False,2022-06-26,100.48,97.52,21,21,100.0,100.0,True,False,long event AND >=50% imputed days,"RETAINED - flagged for review, not deleted"
TX,TMAX_P90_2D__w15,TMAX_P90_2D,TMAX,90,2,w15,48_457_2015_006_TMAX_P90_2D,48457,Tyler,East Texas,2015-07-23,2015-08-12,21,2,True,False,2015-08-11,104.22,98.24,21,0,0.0,0.0,False,True,long event,"RETAINED - flagged for review, not deleted"
TX,TMAX_P90_2D__w15,TMAX_P90_2D,TMAX,90,2,w15,48_481_2023_014_TMAX_P90_2D,48481,Wharton,Upper Coast,2023-08-24,2023-09-13,21,2,True,False,2023-08-28,105.98,98.36,21,0,0.0,0.0,False,True,long event,"RETAINED - flagged for review, not deleted"
TX,TMAX_P90_3D__month,TMAX_P90_3D,TMAX,90,3,month,48_055_2022_008_TMAX_P90_3D,48055,Caldwell,South Central,2022-07-16,2022-08-05,21,2,True,False,2022-07-20,104.99,100.94,21,0,0.0,0.1,False,True,long event,"RETAINED - flagged for review, not deleted"
TX,TMAX_P90_3D__month,TMAX_P90_3D,TMAX,90,3,month,48_061_2023_011_TMAX_P90_3D,48061,Cameron,Lower Valley,2023-08-27,2023-09-16,21,2,True,False,2023-08-28,100.73,96.59,21,0,0.0,0.0,False,True,long event,"RETAINED - flagged for review, not deleted"
TX,TMAX_P90_3D__month,TMAX_P90_3D,TMAX,90,3,month,48_061_2024_005_TMAX_P90_3D,48061,Cameron,Lower Valley,2024-05-18,2024-06-07,21,2,True,False,2024-06-05,98.51,94.79,21,0,0.0,0.0,False,True,long event,"RETAINED - flagged for review, not deleted"
TX,TMAX_P90_3D__month,TMAX_P90_3D,TMAX,90,3,month,48_131_2023_006_TMAX_P90_3D,48131,Duval,South Texas,2023-06-10,2023-06-30,21,1,False,False,2023-06-22,114.98,101.06,21,0,0.0,0.7,False,True,long event,"RETAINED - flagged for review, not deleted"
TX,TMAX_P90_3D__month,TMAX_P90_3D,TMAX,90,3,month,48_167_2022_005_TMAX_P90_3D,48167,Galveston,Upper Coast,2022-06-08,2022-06-28,21,1,False,False,2022-06-19,97.52,91.49,21,0,0.0,0.0,False,True,long event,"RETAINED - flagged for review, not deleted"
TX,TMAX_P90_3D__month,TMAX_P90_3D,TMAX,90,3,month,48_171_2023_006_TMAX_P90_3D,48171,Gillespie,Edwards Plateau,2023-08-01,2023-08-21,21,1,False,False,2023-08-17,103.06,99.02,21,0,0.0,0.0,False,True,long event,"RETAINED - flagged for review, not deleted"
TX,TMAX_P90_3D__month,TMAX_P90_3D,TMAX,90,3,month,48_247_2023_006_TMAX_P90_3D,48247,Jim Hogg,South Texas,2023-08-01,2023-08-21,21,1,False,False,2023-08-10,105.62,102.02,21,21,100.0,100.0,True,False,long event AND >=50% imputed days,"RETAINED - flagged for review, not deleted"
TX,TMAX_P90_3D__month,TMAX_P90_3D,TMAX,90,3,month,48_273_2023_010_TMAX_P90_3D,48273,Kleberg,South Central,2023-08-27,2023-09-16,21,2,True,False,2023-08-28,104.0,100.49,21,0,0.0,0.0,False,True,long event,"RETAINED - flagged for review, not deleted"
TX,TMAX_P90_3D__month,TMAX_P90_3D,TMAX,90,3,month,48_403_2023_008_TMAX_P90_3D,48403,Sabine,East Texas,2023-07-25,2023-08-14,21,2,True,False,2023-08-11,107.06,99.45,21,0,0.0,1.2,False,True,long event,"RETAINED - flagged for review, not deleted"
TX,TMAX_P90_3D__month,TMAX_P90_3D,TMAX,90,3,month,48_457_2015_002_TMAX_P90_3D,48457,Tyler,East Texas,2015-07-23,2015-08-12,21,2,True,False,2015-08-11,104.22,98.51,21,0,0.0,0.0,False,True,long event,"RETAINED - flagged for review, not deleted"
TX,TMAX_P90_3D__month,TMAX_P90_3D,TMAX,90,3,month,48_471_2022_005_TMAX_P90_3D,48471,Walker,East Texas,2022-06-09,2022-06-29,21,1,False,False,2022-06-24,101.48,96.08,21,0,0.0,0.0,False,True,long event,"RETAINED - flagged for review, not deleted"
TX,TMAX_P90_3D__month,TMAX_P90_3D,TMAX,90,3,month,48_481_2023_010_TMAX_P90_3D,48481,Wharton,Upper Coast,2023-08-24,2023-09-13,21,2,True,False,2023-08-28,105.98,98.7,21,0,0.0,0.0,False,True,long event,"RETAINED - flagged for review, not deleted"
TX,TMAX_P90_3D__month,TMAX_P90_3D,TMAX,90,3,month,48_493_2023_007_TMAX_P90_3D,48493,Wilson,South Central,2023-08-01,2023-08-21,21,1,False,False,2023-08-18,105.44,102.02,21,21,100.0,61.7,False,False,long event AND >=50% imputed days,"RETAINED - flagged for review, not deleted"
TX,TMAX_P90_3D__month_pm7,TMAX_P90_3D,TMAX,90,3,month_pm7,48_039_2023_011_TMAX_P90_3D,48039,Brazoria,Upper Coast,2023-08-23,2023-09-12,21,2,True,False,2023-08-27,106.63,95.72,21,0,0.0,0.0,False,True,long event,"RETAINED - flagged for review, not deleted"
TX,TMAX_P90_3D__month_pm7,TMAX_P90_3D,TMAX,90,3,month_pm7,48_055_2022_008_TMAX_P90_3D,48055,Caldwell,South Central,2022-07-16,2022-08-05,21,2,True,False,2022-07-20,104.99,100.94,21,0,0.0,0.1,False,True,long event,"RETAINED - flagged for review, not deleted"
TX,TMAX_P90_3D__month_pm7,TMAX_P90_3D,TMAX,90,3,month_pm7,48_061_2023_011_TMAX_P90_3D,48061,Cameron,Lower Valley,2023-08-27,2023-09-16,21,2,True,False,2023-08-28,100.73,96.47,21,0,0.0,0.0,False,True,long event,"RETAINED - flagged for review, not deleted"
TX,TMAX_P90_3D__month_pm7,TMAX_P90_3D,TMAX,90,3,month_pm7,48_131_2023_006_TMAX_P90_3D,48131,Duval,South Texas,2023-06-10,2023-06-30,21,1,False,False,2023-06-22,114.98,100.94,21,0,0.0,0.7,False,True,long event,"RETAINED - flagged for review, not deleted"
TX,TMAX_P90_3D__month_pm7,TMAX_P90_3D,TMAX,90,3,month_pm7,48_167_2022_004_TMAX_P90_3D,48167,Galveston,Upper Coast,2022-06-08,2022-06-28,21,1,False,False,2022-06-19,97.52,91.49,21,0,0.0,0.0,False,True,long event,"RETAINED - flagged for review, not deleted"
TX,TMAX_P90_3D__month_pm7,TMAX_P90_3D,TMAX,90,3,month_pm7,48_171_2023_006_TMAX_P90_3D,48171,Gillespie,Edwards Plateau,2023-08-01,2023-08-21,21,1,False,False,2023-08-17,103.06,98.96,21,0,0.0,0.0,False,True,long event,"RETAINED - flagged for review, not deleted"
TX,TMAX_P90_3D__month_pm7,TMAX_P90_3D,TMAX,90,3,month_pm7,48_247_2023_006_TMAX_P90_3D,48247,Jim Hogg,South Texas,2023-08-01,2023-08-21,21,1,False,False,2023-08-10,105.62,102.02,21,21,100.0,100.0,True,False,long event AND >=50% imputed days,"RETAINED - flagged for review, not deleted"
TX,TMAX_P90_3D__month_pm7,TMAX_P90_3D,TMAX,90,3,month_pm7,48_273_2023_010_TMAX_P90_3D,48273,Kleberg,South Central,2023-08-27,2023-09-16,21,2,True,False,2023-08-28,104.0,100.49,21,0,0.0,0.0,False,True,long event,"RETAINED - flagged for review, not deleted"
TX,TMAX_P90_3D__month_pm7,TMAX_P90_3D,TMAX,90,3,month_pm7,48_285_2023_009_TMAX_P90_3D,48285,Lavaca,South Central,2023-08-23,2023-09-12,21,2,True,False,2023-08-27,111.02,100.94,21,0,0.0,0.8,False,True,long event,"RETAINED - flagged for review, not deleted"
TX,TMAX_P90_3D__month_pm7,TMAX_P90_3D,TMAX,90,3,month_pm7,48_319_2022_009_TMAX_P90_3D,48319,Mason,Edwards Plateau,2022-07-17,2022-08-06,21,2,True,False,2022-07-20,106.52,100.94,21,0,0.0,0.0,False,True,long event,"RETAINED - flagged for review, not deleted"
TX,TMAX_P90_3D__month_pm7,TMAX_P90_3D,TMAX,90,3,month_pm7,48_403_2023_008_TMAX_P90_3D,48403,Sabine,East Texas,2023-07-25,2023-08-14,21,2,True,False,2023-08-11,107.06,98.96,21,0,0.0,1.2,False,True,long event,"RETAINED - flagged for review, not deleted"
TX,TMAX_P90_3D__month_pm7,TMAX_P90_3D,TMAX,90,3,month_pm7,48_471_2022_005_TMAX_P90_3D,48471,Walker,East Texas,2022-06-09,2022-06-29,21,1,False,False,2022-06-24,101.48,96.08,21,0,0.0,0.0,False,True,long event,"RETAINED - flagged for review, not deleted"
TX,TMAX_P90_3D__month_pm7,TMAX_P90_3D,TMAX,90,3,month_pm7,48_481_2023_010_TMAX_P90_3D,48481,Wharton,Upper Coast,2023-08-24,2023-09-13,21,2,True,False,2023-08-28,105.98,98.37,21,0,0.0,0.0,False,True,long event,"RETAINED - flagged for review, not deleted"
TX,TMAX_P90_3D__month_pm7,TMAX_P90_3D,TMAX,90,3,month_pm7,48_489_2018_002_TMAX_P90_3D,48489,Willacy,Lower Valley,2018-05-24,2018-06-13,21,2,True,False,2018-06-06,99.05,95.0,21,21,100.0,30.0,False,False,long event AND >=50% imputed days,"RETAINED - flagged for review, not deleted"
TX,TMAX_P90_3D__month_pm7,TMAX_P90_3D,TMAX,90,3,month_pm7,48_493_2023_006_TMAX_P90_3D,48493,Wilson,South Central,2023-08-01,2023-08-21,21,1,False,False,2023-08-18,105.44,102.02,21,21,100.0,61.7,False,False,long event AND >=50% imputed days,"RETAINED - flagged for review, not deleted"
TX,TMAX_P90_3D__w05,TMAX_P90_3D,TMAX,90,3,w05,48_167_2022_004_TMAX_P90_3D,48167,Galveston,Upper Coast,2022-06-08,2022-06-28,21,1,False,False,2022-06-19,97.52,91.58,21,0,0.0,0.0,False,True,long event,"RETAINED - flagged for review, not deleted"
TX,TMAX_P90_3D__w05,TMAX_P90_3D,TMAX,90,3,w05,48_239_2023_011_TMAX_P90_3D,48239,Jackson,Upper Coast,2023-08-24,2023-09-13,21,2,True,False,2023-08-27,104.41,97.88,21,21,100.0,100.0,True,False,long event AND >=50% imputed days,"RETAINED - flagged for review, not deleted"
TX,TMAX_P90_3D__w05,TMAX_P90_3D,TMAX,90,3,w05,48_249_2023_013_TMAX_P90_3D,48249,Jim Wells,South Texas,2023-08-01,2023-08-21,21,1,False,False,2023-08-17,107.51,101.48,21,0,0.0,0.0,False,True,long event,"RETAINED - flagged for review, not deleted"
TX,TMAX_P90_3D__w05,TMAX_P90_3D,TMAX,90,3,w05,48_273_2023_007_TMAX_P90_3D,48273,Kleberg,South Central,2023-06-09,2023-06-29,21,1,False,False,2023-06-21,109.49,98.1,21,0,0.0,0.0,False,True,long event,"RETAINED - flagged for review, not deleted"
TX,TMAX_P90_3D__w05,TMAX_P90_3D,TMAX,90,3,w05,48_309_2022_005_TMAX_P90_3D,48309,McLennan,North Central,2022-06-06,2022-06-26,21,1,False,False,2022-06-11,104.54,95.5,21,0,0.0,0.0,False,True,long event,"RETAINED - flagged for review, not deleted"
TX,TMAX_P90_3D__w05,TMAX_P90_3D,TMAX,90,3,w05,48_339_2022_004_TMAX_P90_3D,48339,Montgomery,East Texas,2022-06-07,2022-06-27,21,1,False,False,2022-06-26,101.88,98.04,21,0,0.0,0.0,False,True,long event,"RETAINED - flagged for review, not deleted"
TX,TMAX_P90_3D__w05,TMAX_P90_3D,TMAX,90,3,w05,48_403_2023_008_TMAX_P90_3D,48403,Sabine,East Texas,2023-07-25,2023-08-14,21,2,True,False,2023-08-11,107.06,99.52,21,0,0.0,1.2,False,True,long event,"RETAINED - flagged for review, not deleted"
TX,TMAX_P90_3D__w05,TMAX_P90_3D,TMAX,90,3,w05,48_407_2022_003_TMAX_P90_3D,48407,San Jacinto,East Texas,2022-06-07,2022-06-27,21,1,False,False,2022-06-26,100.48,97.65,21,21,100.0,100.0,True,False,long event AND >=50% imputed days,"RETAINED - flagged for review, not deleted"
TX,TMAX_P90_3D__w05,TMAX_P90_3D,TMAX,90,3,w05,48_481_2023_015_TMAX_P90_3D,48481,Wharton,Upper Coast,2023-08-24,2023-09-13,21,2,True,False,2023-08-28,105.98,97.97,21,0,0.0,0.0,False,True,long event,"RETAINED - flagged for review, not deleted"
TX,TMAX_P90_3D__w05,TMAX_P90_3D,TMAX,90,3,w05,48_493_2023_006_TMAX_P90_3D,48493,Wilson,South Central,2023-08-01,2023-08-21,21,1,False,False,2023-08-18,105.44,102.92,21,21,100.0,61.7,False,False,long event AND >=50% imputed days,"RETAINED - flagged for review, not deleted"
TX,TMAX_P90_3D__w15,TMAX_P90_3D,TMAX,90,3,w15,48_167_2022_004_TMAX_P90_3D,48167,Galveston,Upper Coast,2022-06-08,2022-06-28,21,1,False,False,2022-06-19,97.52,91.64,21,0,0.0,0.0,False,True,long event,"RETAINED - flagged for review, not deleted"
TX,TMAX_P90_3D__w15,TMAX_P90_3D,TMAX,90,3,w15,48_171_2023_006_TMAX_P90_3D,48171,Gillespie,Edwards Plateau,2023-08-01,2023-08-21,21,1,False,False,2023-08-17,103.06,99.32,21,0,0.0,0.0,False,True,long event,"RETAINED - flagged for review, not deleted"
TX,TMAX_P90_3D__w15,TMAX_P90_3D,TMAX,90,3,w15,48_339_2022_004_TMAX_P90_3D,48339,Montgomery,East Texas,2022-06-07,2022-06-27,21,1,False,False,2022-06-26,101.88,97.9,21,0,0.0,0.0,False,True,long event,"RETAINED - flagged for review, not deleted"
TX,TMAX_P90_3D__w15,TMAX_P90_3D,TMAX,90,3,w15,48_403_2023_008_TMAX_P90_3D,48403,Sabine,East Texas,2023-07-25,2023-08-14,21,2,True,False,2023-08-11,107.06,99.5,21,0,0.0,1.2,False,True,long event,"RETAINED - flagged for review, not deleted"
TX,TMAX_P90_3D__w15,TMAX_P90_3D,TMAX,90,3,w15,48_407_2022_003_TMAX_P90_3D,48407,San Jacinto,East Texas,2022-06-07,2022-06-27,21,1,False,False,2022-06-26,100.48,97.52,21,21,100.0,100.0,True,False,long event AND >=50% imputed days,"RETAINED - flagged for review, not deleted"
TX,TMAX_P90_3D__w15,TMAX_P90_3D,TMAX,90,3,w15,48_457_2015_002_TMAX_P90_3D,48457,Tyler,East Texas,2015-07-23,2015-08-12,21,2,True,False,2015-08-11,104.22,98.24,21,0,0.0,0.0,False,True,long event,"RETAINED - flagged for review, not deleted"
TX,TMAX_P90_3D__w15,TMAX_P90_3D,TMAX,90,3,w15,48_481_2023_013_TMAX_P90_3D,48481,Wharton,Upper Coast,2023-08-24,2023-09-13,21,2,True,False,2023-08-28,105.98,98.36,21,0,0.0,0.0,False,True,long event,"RETAINED - flagged for review, not deleted"
TX,TMAX_P95_2D__month,TMAX_P95_2D,TMAX,95,2,month,48_061_2023_011_TMAX_P95_2D,48061,Cameron,Lower Valley,2023-07-31,2023-08-20,21,2,True,False,2023-08-17,100.12,97.16,21,0,0.0,0.0,False,True,long event,"RETAINED - flagged for review, not deleted"
TX,TMAX_P95_2D__month,TMAX_P95_2D,TMAX,95,2,month,48_157_2023_008_TMAX_P95_2D,48157,Fort Bend,Upper Coast,2023-07-31,2023-08-20,21,2,True,False,2023-08-20,107.06,100.04,21,0,0.0,0.2,False,True,long event,"RETAINED - flagged for review, not deleted"
TX,TMAX_P95_2D__month,TMAX_P95_2D,TMAX,95,2,month,48_261_2023_011_TMAX_P95_2D,48261,Kenedy,South Texas,2023-06-10,2023-06-30,21,1,False,False,2023-06-22,111.02,98.96,21,0,0.0,33.0,False,False,long event,"RETAINED - flagged for review, not deleted"
TX,TMAX_P95_2D__month,TMAX_P95_2D,TMAX,95,2,month,48_321_2023_007_TMAX_P95_2D,48321,Matagorda,Upper Coast,2023-08-24,2023-09-13,21,2,True,False,2023-08-27,103.94,95.66,21,0,0.0,0.0,False,True,long event,"RETAINED - flagged for review, not deleted"
TX,TMAX_P95_2D__month_pm7,TMAX_P95_2D,TMAX,95,2,month_pm7,48_061_2023_009_TMAX_P95_2D,48061,Cameron,Lower Valley,2023-07-31,2023-08-20,21,2,True,False,2023-08-17,100.12,97.02,21,0,0.0,0.0,False,True,long event,"RETAINED - flagged for review, not deleted"
TX,TMAX_P95_2D__month_pm7,TMAX_P95_2D,TMAX,95,2,month_pm7,48_131_2023_006_TMAX_P95_2D,48131,Duval,South Texas,2023-06-10,2023-06-30,21,1,False,False,2023-06-22,114.98,102.47,21,0,0.0,0.7,False,True,long event,"RETAINED - flagged for review, not deleted"
TX,TMAX_P95_2D__month_pm7,TMAX_P95_2D,TMAX,95,2,month_pm7,48_157_2023_008_TMAX_P95_2D,48157,Fort Bend,Upper Coast,2023-07-31,2023-08-20,21,2,True,False,2023-08-20,107.06,99.95,21,0,0.0,0.2,False,True,long event,"RETAINED - flagged for review, not deleted"
TX,TMAX_P95_2D__month_pm7,TMAX_P95_2D,TMAX,95,2,month_pm7,48_261_2023_011_TMAX_P95_2D,48261,Kenedy,South Texas,2023-06-10,2023-06-30,21,1,False,False,2023-06-22,111.02,98.96,21,0,0.0,33.0,False,False,long event,"RETAINED - flagged for review, not deleted"
TX,TMAX_P95_2D__month_pm7,TMAX_P95_2D,TMAX,95,2,month_pm7,48_321_2023_007_TMAX_P95_2D,48321,Matagorda,Upper Coast,2023-08-24,2023-09-13,21,2,True,False,2023-08-27,103.94,95.5,21,0,0.0,0.0,False,True,long event,"RETAINED - flagged for review, not deleted"
TX,TMAX_P95_2D__month_pm7,TMAX_P95_2D,TMAX,95,2,month_pm7,48_465_2023_010_TMAX_P95_2D,48465,Val Verde,Edwards Plateau,2023-08-01,2023-08-21,21,1,False,False,2023-08-10,108.38,102.96,21,0,0.0,0.0,False,True,long event,"RETAINED - flagged for review, not deleted"
TX,TMAX_P95_2D__w05,TMAX_P95_2D,TMAX,95,2,w05,48_061_2023_012_TMAX_P95_2D,48061,Cameron,Lower Valley,2023-07-31,2023-08-20,21,2,True,False,2023-08-17,100.12,97.35,21,0,0.0,0.0,False,True,long event,"RETAINED - flagged for review, not deleted"
TX,TMAX_P95_2D__w05,TMAX_P95_2D,TMAX,95,2,w05,48_255_2023_005_TMAX_P95_2D,48255,Karnes,South Central,2023-08-01,2023-08-21,21,1,False,False,2023-08-18,105.16,102.79,21,21,100.0,100.0,True,False,long event AND >=50% imputed days,"RETAINED - flagged for review, not deleted"
TX,TMAX_P95_2D__w05,TMAX_P95_2D,TMAX,95,2,w05,48_285_2023_012_TMAX_P95_2D,48285,Lavaca,South Central,2023-08-23,2023-09-12,21,2,True,False,2023-08-27,111.02,100.94,21,0,0.0,0.8,False,True,long event,"RETAINED - flagged for review, not deleted"
TX,TMAX_P95_2D__w05,TMAX_P95_2D,TMAX,95,2,w05,48_489_2018_002_TMAX_P95_2D,48489,Willacy,Lower Valley,2018-05-24,2018-06-13,21,2,True,False,2018-06-06,99.05,94.01,21,21,100.0,30.0,False,False,long event AND >=50% imputed days,"RETAINED - flagged for review, not deleted"
TX,TMAX_P95_2D__w15,TMAX_P95_2D,TMAX,95,2,w15,48_061_2023_013_TMAX_P95_2D,48061,Cameron,Lower Valley,2023-07-31,2023-08-20,21,2,True,False,2023-08-17,100.12,97.11,21,0,0.0,0.0,False,True,long event,"RETAINED - flagged for review, not deleted"
TX,TMAX_P95_2D__w15,TMAX_P95_2D,TMAX,95,2,w15,48_157_2023_008_TMAX_P95_2D,48157,Fort Bend,Upper Coast,2023-07-31,2023-08-20,21,2,True,False,2023-08-20,107.06,99.95,21,0,0.0,0.2,False,True,long event,"RETAINED - flagged for review, not deleted"
TX,TMAX_P95_2D__w15,TMAX_P95_2D,TMAX,95,2,w15,48_177_2023_007_TMAX_P95_2D,48177,Gonzales,South Central,2023-08-01,2023-08-21,21,1,False,False,2023-08-18,107.0,102.47,21,0,0.0,0.0,False,True,long event,"RETAINED - flagged for review, not deleted"
TX,TMAX_P95_2D__w15,TMAX_P95_2D,TMAX,95,2,w15,48_285_2023_012_TMAX_P95_2D,48285,Lavaca,South Central,2023-08-23,2023-09-12,21,2,True,False,2023-08-27,111.02,100.94,21,0,0.0,0.8,False,True,long event,"RETAINED - flagged for review, not deleted"
TX,TMAX_P95_2D__w15,TMAX_P95_2D,TMAX,95,2,w15,48_321_2023_010_TMAX_P95_2D,48321,Matagorda,Upper Coast,2023-08-24,2023-09-13,21,2,True,False,2023-08-27,103.94,95.73,21,0,0.0,0.0,False,True,long event,"RETAINED - flagged for review, not deleted"
TX,TMAX_P95_3D__month,TMAX_P95_3D,TMAX,95,3,month,48_061_2023_006_TMAX_P95_3D,48061,Cameron,Lower Valley,2023-07-31,2023-08-20,21,2,True,False,2023-08-17,100.12,97.16,21,0,0.0,0.0,False,True,long event,"RETAINED - flagged for review, not deleted"
TX,TMAX_P95_3D__month,TMAX_P95_3D,TMAX,95,3,month,48_157_2023_005_TMAX_P95_3D,48157,Fort Bend,Upper Coast,2023-07-31,2023-08-20,21,2,True,False,2023-08-20,107.06,100.04,21,0,0.0,0.2,False,True,long event,"RETAINED - flagged for review, not deleted"
TX,TMAX_P95_3D__month,TMAX_P95_3D,TMAX,95,3,month,48_261_2023_007_TMAX_P95_3D,48261,Kenedy,South Texas,2023-06-10,2023-06-30,21,1,False,False,2023-06-22,111.02,98.96,21,0,0.0,33.0,False,False,long event,"RETAINED - flagged for review, not deleted"
TX,TMAX_P95_3D__month,TMAX_P95_3D,TMAX,95,3,month,48_321_2023_006_TMAX_P95_3D,48321,Matagorda,Upper Coast,2023-08-24,2023-09-13,21,2,True,False,2023-08-27,103.94,95.66,21,0,0.0,0.0,False,True,long event,"RETAINED - flagged for review, not deleted"
TX,TMAX_P95_3D__month_pm7,TMAX_P95_3D,TMAX,95,3,month_pm7,48_061_2023_006_TMAX_P95_3D,48061,Cameron,Lower Valley,2023-07-31,2023-08-20,21,2,True,False,2023-08-17,100.12,97.02,21,0,0.0,0.0,False,True,long event,"RETAINED - flagged for review, not deleted"
TX,TMAX_P95_3D__month_pm7,TMAX_P95_3D,TMAX,95,3,month_pm7,48_131_2023_004_TMAX_P95_3D,48131,Duval,South Texas,2023-06-10,2023-06-30,21,1,False,False,2023-06-22,114.98,102.47,21,0,0.0,0.7,False,True,long event,"RETAINED - flagged for review, not deleted"
TX,TMAX_P95_3D__month_pm7,TMAX_P95_3D,TMAX,95,3,month_pm7,48_157_2023_005_TMAX_P95_3D,48157,Fort Bend,Upper Coast,2023-07-31,2023-08-20,21,2,True,False,2023-08-20,107.06,99.95,21,0,0.0,0.2,False,True,long event,"RETAINED - flagged for review, not deleted"
TX,TMAX_P95_3D__month_pm7,TMAX_P95_3D,TMAX,95,3,month_pm7,48_261_2023_007_TMAX_P95_3D,48261,Kenedy,South Texas,2023-06-10,2023-06-30,21,1,False,False,2023-06-22,111.02,98.96,21,0,0.0,33.0,False,False,long event,"RETAINED - flagged for review, not deleted"
TX,TMAX_P95_3D__month_pm7,TMAX_P95_3D,TMAX,95,3,month_pm7,48_321_2023_006_TMAX_P95_3D,48321,Matagorda,Upper Coast,2023-08-24,2023-09-13,21,2,True,False,2023-08-27,103.94,95.5,21,0,0.0,0.0,False,True,long event,"RETAINED - flagged for review, not deleted"
TX,TMAX_P95_3D__month_pm7,TMAX_P95_3D,TMAX,95,3,month_pm7,48_465_2023_006_TMAX_P95_3D,48465,Val Verde,Edwards Plateau,2023-08-01,2023-08-21,21,1,False,False,2023-08-10,108.38,102.96,21,0,0.0,0.0,False,True,long event,"RETAINED - flagged for review, not deleted"
TX,TMAX_P95_3D__w05,TMAX_P95_3D,TMAX,95,3,w05,48_061_2023_008_TMAX_P95_3D,48061,Cameron,Lower Valley,2023-07-31,2023-08-20,21,2,True,False,2023-08-17,100.12,97.35,21,0,0.0,0.0,False,True,long event,"RETAINED - flagged for review, not deleted"
TX,TMAX_P95_3D__w05,TMAX_P95_3D,TMAX,95,3,w05,48_255_2023_003_TMAX_P95_3D,48255,Karnes,South Central,2023-08-01,2023-08-21,21,1,False,False,2023-08-18,105.16,102.79,21,21,100.0,100.0,True,False,long event AND >=50% imputed days,"RETAINED - flagged for review, not deleted"
TX,TMAX_P95_3D__w05,TMAX_P95_3D,TMAX,95,3,w05,48_285_2023_009_TMAX_P95_3D,48285,Lavaca,South Central,2023-08-23,2023-09-12,21,2,True,False,2023-08-27,111.02,100.94,21,0,0.0,0.8,False,True,long event,"RETAINED - flagged for review, not deleted"
TX,TMAX_P95_3D__w05,TMAX_P95_3D,TMAX,95,3,w05,48_489_2018_002_TMAX_P95_3D,48489,Willacy,Lower Valley,2018-05-24,2018-06-13,21,2,True,False,2018-06-06,99.05,94.01,21,21,100.0,30.0,False,False,long event AND >=50% imputed days,"RETAINED - flagged for review, not deleted"
TX,TMAX_P95_3D__w15,TMAX_P95_3D,TMAX,95,3,w15,48_061_2023_007_TMAX_P95_3D,48061,Cameron,Lower Valley,2023-07-31,2023-08-20,21,2,True,False,2023-08-17,100.12,97.11,21,0,0.0,0.0,False,True,long event,"RETAINED - flagged for review, not deleted"
TX,TMAX_P95_3D__w15,TMAX_P95_3D,TMAX,95,3,w15,48_157_2023_007_TMAX_P95_3D,48157,Fort Bend,Upper Coast,2023-07-31,2023-08-20,21,2,True,False,2023-08-20,107.06,99.95,21,0,0.0,0.2,False,True,long event,"RETAINED - flagged for review, not deleted"
TX,TMAX_P95_3D__w15,TMAX_P95_3D,TMAX,95,3,w15,48_177_2023_005_TMAX_P95_3D,48177,Gonzales,South Central,2023-08-01,2023-08-21,21,1,False,False,2023-08-18,107.0,102.47,21,0,0.0,0.0,False,True,long event,"RETAINED - flagged for review, not deleted"
TX,TMAX_P95_3D__w15,TMAX_P95_3D,TMAX,95,3,w15,48_285_2023_008_TMAX_P95_3D,48285,Lavaca,South Central,2023-08-23,2023-09-12,21,2,True,False,2023-08-27,111.02,100.94,21,0,0.0,0.8,False,True,long event,"RETAINED - flagged for review, not deleted"
TX,TMAX_P95_3D__w15,TMAX_P95_3D,TMAX,95,3,w15,48_321_2023_008_TMAX_P95_3D,48321,Matagorda,Upper Coast,2023-08-24,2023-09-13,21,2,True,False,2023-08-27,103.94,95.73,21,0,0.0,0.0,False,True,long event,"RETAINED - flagged for review, not deleted"
TX,TMIN_P85_2D__month,TMIN_P85_2D,TMIN,85,2,month,48_043_2023_009_TMIN_P85_2D,48043,Brewster,Trans-Pecos,2023-07-08,2023-07-28,21,1,False,False,2023-07-15,79.91,72.55,21,0,0.0,0.0,False,True,long event,"RETAINED - flagged for review, not deleted"
TX,TMIN_P85_2D__month,TMIN_P85_2D,TMIN,85,2,month,48_099_2022_011_TMIN_P85_2D,48099,Coryell,North Central,2022-07-17,2022-08-06,21,2,True,False,2022-07-18,78.98,74.48,21,0,0.0,1.4,False,True,long event,"RETAINED - flagged for review, not deleted"
TX,TMIN_P85_2D__month,TMIN_P85_2D,TMIN,85,2,month,48_099_2023_013_TMIN_P85_2D,48099,Coryell,North Central,2023-07-25,2023-08-14,21,2,True,False,2023-08-10,82.04,75.02,21,0,0.0,1.4,False,True,long event,"RETAINED - flagged for review, not deleted"
TX,TMIN_P85_2D__month,TMIN_P85_2D,TMIN,85,2,month,48_143_2022_014_TMIN_P85_2D,48143,Erath,North Central,2022-07-17,2022-08-06,21,2,True,False,2022-07-22,80.96,73.94,21,0,0.0,0.9,False,True,long event,"RETAINED - flagged for review, not deleted"
TX,TMIN_P85_2D__month,TMIN_P85_2D,TMIN,85,2,month,48_285_2020_009_TMIN_P85_2D,48285,Lavaca,South Central,2020-06-27,2020-07-17,21,2,True,False,2020-06-29,82.04,75.02,21,0,0.0,0.8,False,True,long event,"RETAINED - flagged for review, not deleted"
TX,TMIN_P85_2D__month,TMIN_P85_2D,TMIN,85,2,month,48_309_2022_013_TMIN_P85_2D,48309,McLennan,North Central,2022-07-16,2022-08-05,21,2,True,False,2022-08-05,81.62,77.06,21,0,0.0,0.0,False,True,long event,"RETAINED - flagged for review, not deleted"
TX,TMIN_P85_2D__month,TMIN_P85_2D,TMIN,85,2,month,48_329_2024_013_TMIN_P85_2D,48329,Midland,High Plains,2024-08-06,2024-08-26,21,1,False,False,2024-08-23,79.79,73.64,21,0,0.0,0.0,False,True,long event,"RETAINED - flagged for review, not deleted"
TX,TMIN_P85_2D__month,TMIN_P85_2D,TMIN,85,2,month,48_391_2023_014_TMIN_P85_2D,48391,Refugio,South Central,2023-08-03,2023-08-23,21,1,False,False,2023-08-10,82.04,77.0,21,0,0.0,3.6,False,True,long event,"RETAINED - flagged for review, not deleted"
TX,TMIN_P85_2D__month,TMIN_P85_2D,TMIN,85,2,month,48_421_2023_019_TMIN_P85_2D,48421,Sherman,High Plains,2023-07-24,2023-08-13,21,2,True,False,2023-08-12,73.26,66.52,21,21,100.0,58.9,False,False,long event AND >=50% imputed days,"RETAINED - flagged for review, not deleted"
TX,TMIN_P85_2D__month,TMIN_P85_2D,TMIN,85,2,month,48_451_2022_011_TMIN_P85_2D,48451,Tom Green,Edwards Plateau,2022-07-17,2022-08-06,21,2,True,False,2022-07-20,79.34,74.0,21,0,0.0,0.0,False,True,long event,"RETAINED - flagged for review, not deleted"
TX,TMIN_P85_2D__month,TMIN_P85_2D,TMIN,85,2,month,48_457_2023_010_TMIN_P85_2D,48457,Tyler,East Texas,2023-06-13,2023-07-03,21,2,True,False,2023-06-20,79.34,73.04,21,0,0.0,0.0,False,True,long event,"RETAINED - flagged for review, not deleted"
TX,TMIN_P85_2D__month,TMIN_P85_2D,TMIN,85,2,month,48_491_2023_013_TMIN_P85_2D,48491,Williamson,North Central,2023-07-26,2023-08-15,21,2,True,False,2023-08-12,79.59,75.32,21,0,0.0,0.0,False,True,long event,"RETAINED - flagged for review, not deleted"
TX,TMIN_P85_2D__month,TMIN_P85_2D,TMIN,85,2,month,48_495_2024_014_TMIN_P85_2D,48495,Winkler,Trans-Pecos,2024-08-06,2024-08-26,21,1,False,False,2024-08-09,80.06,73.04,21,0,0.0,6.7,False,True,long event,"RETAINED - flagged for review, not deleted"
TX,TMIN_P85_2D__month,TMIN_P85_2D,TMIN,85,2,month,48_501_2024_017_TMIN_P85_2D,48501,Yoakum,High Plains,2024-08-07,2024-08-27,21,1,False,False,2024-08-24,73.94,67.52,21,0,0.0,0.0,False,True,long event,"RETAINED - flagged for review, not deleted"
TX,TMIN_P85_2D__month_pm7,TMIN_P85_2D,TMIN,85,2,month_pm7,48_043_2023_009_TMIN_P85_2D,48043,Brewster,Trans-Pecos,2023-07-08,2023-07-28,21,1,False,False,2023-07-15,79.91,72.52,21,0,0.0,0.0,False,True,long event,"RETAINED - flagged for review, not deleted"
TX,TMIN_P85_2D__month_pm7,TMIN_P85_2D,TMIN,85,2,month_pm7,48_099_2022_011_TMIN_P85_2D,48099,Coryell,North Central,2022-07-17,2022-08-06,21,2,True,False,2022-07-18,78.98,74.48,21,0,0.0,1.4,False,True,long event,"RETAINED - flagged for review, not deleted"
TX,TMIN_P85_2D__month_pm7,TMIN_P85_2D,TMIN,85,2,month_pm7,48_115_2019_017_TMIN_P85_2D,48115,Dawson,High Plains,2019-09-16,2019-10-06,21,2,True,False,2019-10-01,70.95,57.02,21,21,100.0,65.2,False,False,long event AND >=50% imputed days,"RETAINED - flagged for review, not deleted"
TX,TMIN_P85_2D__month_pm7,TMIN_P85_2D,TMIN,85,2,month_pm7,48_143_2022_014_TMIN_P85_2D,48143,Erath,North Central,2022-07-17,2022-08-06,21,2,True,False,2022-07-22,80.96,73.94,21,0,0.0,0.9,False,True,long event,"RETAINED - flagged for review, not deleted"
TX,TMIN_P85_2D__month_pm7,TMIN_P85_2D,TMIN,85,2,month_pm7,48_175_2024_017_TMIN_P85_2D,48175,Goliad,South Central,2024-07-29,2024-08-18,21,2,True,False,2024-07-29,80.06,75.92,21,0,0.0,0.7,False,True,long event,"RETAINED - flagged for review, not deleted"
TX,TMIN_P85_2D__month_pm7,TMIN_P85_2D,TMIN,85,2,month_pm7,48_285_2020_009_TMIN_P85_2D,48285,Lavaca,South Central,2020-06-27,2020-07-17,21,2,True,False,2020-06-29,82.04,75.02,21,0,0.0,0.8,False,True,long event,"RETAINED - flagged for review, not deleted"
TX,TMIN_P85_2D__month_pm7,TMIN_P85_2D,TMIN,85,2,month_pm7,48_309_2022_013_TMIN_P85_2D,48309,McLennan,North Central,2022-07-16,2022-08-05,21,2,True,False,2022-08-05,81.62,77.0,21,0,0.0,0.0,False,True,long event,"RETAINED - flagged for review, not deleted"
TX,TMIN_P85_2D__month_pm7,TMIN_P85_2D,TMIN,85,2,month_pm7,48_319_2022_015_TMIN_P85_2D,48319,Mason,Edwards Plateau,2022-07-24,2022-08-13,21,2,True,False,2022-08-05,77.54,73.45,21,0,0.0,0.0,False,True,long event,"RETAINED - flagged for review, not deleted"
TX,TMIN_P85_2D__month_pm7,TMIN_P85_2D,TMIN,85,2,month_pm7,48_329_2024_013_TMIN_P85_2D,48329,Midland,High Plains,2024-08-06,2024-08-26,21,1,False,False,2024-08-23,79.79,73.64,21,0,0.0,0.0,False,True,long event,"RETAINED - flagged for review, not deleted"
TX,TMIN_P85_2D__month_pm7,TMIN_P85_2D,TMIN,85,2,month_pm7,48_389_2024_014_TMIN_P85_2D,48389,Reeves,Trans-Pecos,2024-08-09,2024-08-29,21,1,False,False,2024-08-09,78.08,71.0,21,0,0.0,4.4,False,True,long event,"RETAINED - flagged for review, not deleted"
TX,TMIN_P85_2D__month_pm7,TMIN_P85_2D,TMIN,85,2,month_pm7,48_391_2023_014_TMIN_P85_2D,48391,Refugio,South Central,2023-08-03,2023-08-23,21,1,False,False,2023-08-10,82.04,77.0,21,0,0.0,3.6,False,True,long event,"RETAINED - flagged for review, not deleted"
TX,TMIN_P85_2D__month_pm7,TMIN_P85_2D,TMIN,85,2,month_pm7,48_421_2023_017_TMIN_P85_2D,48421,Sherman,High Plains,2023-07-24,2023-08-13,21,2,True,False,2023-08-12,73.26,66.44,21,21,100.0,58.9,False,False,long event AND >=50% imputed days,"RETAINED - flagged for review, not deleted"
TX,TMIN_P85_2D__month_pm7,TMIN_P85_2D,TMIN,85,2,month_pm7,48_451_2022_011_TMIN_P85_2D,48451,Tom Green,Edwards Plateau,2022-07-17,2022-08-06,21,2,True,False,2022-07-20,79.34,74.3,21,0,0.0,0.0,False,True,long event,"RETAINED - flagged for review, not deleted"
TX,TMIN_P85_2D__month_pm7,TMIN_P85_2D,TMIN,85,2,month_pm7,48_457_2023_009_TMIN_P85_2D,48457,Tyler,East Texas,2023-06-13,2023-07-03,21,2,True,False,2023-06-20,79.34,73.04,21,0,0.0,0.0,False,True,long event,"RETAINED - flagged for review, not deleted"
TX,TMIN_P85_2D__month_pm7,TMIN_P85_2D,TMIN,85,2,month_pm7,48_491_2023_013_TMIN_P85_2D,48491,Williamson,North Central,2023-07-26,2023-08-15,21,2,True,False,2023-08-12,79.59,75.02,21,0,0.0,0.0,False,True,long event,"RETAINED - flagged for review, not deleted"
TX,TMIN_P85_2D__month_pm7,TMIN_P85_2D,TMIN,85,2,month_pm7,48_495_2024_012_TMIN_P85_2D,48495,Winkler,Trans-Pecos,2024-08-06,2024-08-26,21,1,False,False,2024-08-09,80.06,73.49,21,0,0.0,6.7,False,True,long event,"RETAINED - flagged for review, not deleted"
TX,TMIN_P85_2D__month_pm7,TMIN_P85_2D,TMIN,85,2,month_pm7,48_501_2024_014_TMIN_P85_2D,48501,Yoakum,High Plains,2024-08-07,2024-08-27,21,1,False,False,2024-08-24,73.94,67.46,21,0,0.0,0.0,False,True,long event,"RETAINED - flagged for review, not deleted"
TX,TMIN_P85_2D__w05,TMIN_P85_2D,TMIN,85,2,w05,48_049_2022_012_TMIN_P85_2D,48049,Brown,North Central,2022-07-17,2022-08-06,21,2,True,False,2022-07-20,80.06,73.94,21,2,9.5,9.7,False,True,long event,"RETAINED - flagged for review, not deleted"
TX,TMIN_P85_2D__w05,TMIN_P85_2D,TMIN,85,2,w05,48_093_2022_014_TMIN_P85_2D,48093,Comanche,North Central,2022-07-17,2022-08-06,21,2,True,False,2022-07-28,82.04,75.01,21,11,52.4,3.9,False,True,long event AND >=50% imputed days,"RETAINED - flagged for review, not deleted"
TX,TMIN_P85_2D__w05,TMIN_P85_2D,TMIN,85,2,w05,48_115_2024_018_TMIN_P85_2D,48115,Dawson,High Plains,2024-08-07,2024-08-27,21,1,False,False,2024-08-23,76.0,68.96,21,21,100.0,65.2,False,False,long event AND >=50% imputed days,"RETAINED - flagged for review, not deleted"
TX,TMIN_P85_2D__w05,TMIN_P85_2D,TMIN,85,2,w05,48_143_2022_013_TMIN_P85_2D,48143,Erath,North Central,2022-07-17,2022-08-06,21,2,True,False,2022-07-22,80.96,73.94,21,0,0.0,0.9,False,True,long event,"RETAINED - flagged for review, not deleted"
TX,TMIN_P85_2D__w05,TMIN_P85_2D,TMIN,85,2,w05,48_193_2022_011_TMIN_P85_2D,48193,Hamilton,North Central,2022-07-17,2022-08-06,21,2,True,False,2022-07-17,78.08,74.03,21,0,0.0,61.0,False,False,long event,"RETAINED - flagged for review, not deleted"
TX,TMIN_P85_2D__w05,TMIN_P85_2D,TMIN,85,2,w05,48_217_2022_005_TMIN_P85_2D,48217,Hill,North Central,2022-06-06,2022-06-26,21,1,False,False,2022-06-21,78.53,75.02,21,0,0.0,0.0,False,True,long event,"RETAINED - flagged for review, not deleted"
TX,TMIN_P85_2D__w05,TMIN_P85_2D,TMIN,85,2,w05,48_221_2022_011_TMIN_P85_2D,48221,Hood,North Central,2022-07-17,2022-08-06,21,2,True,False,2022-07-21,82.49,76.95,21,0,0.0,0.5,False,True,long event,"RETAINED - flagged for review, not deleted"
TX,TMIN_P85_2D__w05,TMIN_P85_2D,TMIN,85,2,w05,48_229_2021_018_TMIN_P85_2D,48229,Hudspeth,Trans-Pecos,2021-08-17,2021-09-06,21,2,True,False,2021-08-21,73.94,66.99,21,1,4.8,0.1,False,True,long event,"RETAINED - flagged for review, not deleted"
TX,TMIN_P85_2D__w05,TMIN_P85_2D,TMIN,85,2,w05,48_285_2019_013_TMIN_P85_2D,48285,Lavaca,South Central,2019-08-11,2019-08-31,21,1,False,False,2019-08-13,80.06,75.92,21,0,0.0,0.8,False,True,long event,"RETAINED - flagged for review, not deleted"
TX,TMIN_P85_2D__w05,TMIN_P85_2D,TMIN,85,2,w05,48_285_2020_011_TMIN_P85_2D,48285,Lavaca,South Central,2020-06-27,2020-07-17,21,2,True,False,2020-06-29,82.04,75.92,21,0,0.0,0.8,False,True,long event,"RETAINED - flagged for review, not deleted"
TX,TMIN_P85_2D__w05,TMIN_P85_2D,TMIN,85,2,w05,48_309_2022_014_TMIN_P85_2D,48309,McLennan,North Central,2022-07-16,2022-08-05,21,2,True,False,2022-08-05,81.62,77.66,21,0,0.0,0.0,False,True,long event,"RETAINED - flagged for review, not deleted"
TX,TMIN_P85_2D__w05,TMIN_P85_2D,TMIN,85,2,w05,48_357_2024_001_TMIN_P85_2D,48357,Ochiltree,High Plains,2024-01-22,2024-02-11,21,2,True,False,2024-02-08,40.7,29.37,21,21,100.0,35.8,False,False,long event AND >=50% imputed days,"RETAINED - flagged for review, not deleted"
TX,TMIN_P85_2D__w05,TMIN_P85_2D,TMIN,85,2,w05,48_377_2022_017_TMIN_P85_2D,48377,Presidio,Trans-Pecos,2022-06-07,2022-06-27,21,1,False,False,2022-06-08,82.04,71.64,21,0,0.0,2.2,False,True,long event,"RETAINED - flagged for review, not deleted"
TX,TMIN_P85_2D__w05,TMIN_P85_2D,TMIN,85,2,w05,48_377_2025_015_TMIN_P85_2D,48377,Presidio,Trans-Pecos,2025-05-20,2025-06-09,21,2,True,False,2025-05-23,80.96,66.92,21,0,0.0,2.2,False,True,long event,"RETAINED - flagged for review, not deleted"
TX,TMIN_P85_2D__w05,TMIN_P85_2D,TMIN,85,2,w05,48_425_2022_013_TMIN_P85_2D,48425,Somervell,North Central,2022-07-17,2022-08-06,21,2,True,False,2022-07-19,82.04,75.02,21,0,0.0,18.3,False,False,long event,"RETAINED - flagged for review, not deleted"
TX,TMIN_P85_2D__w05,TMIN_P85_2D,TMIN,85,2,w05,48_491_2019_014_TMIN_P85_2D,48491,Williamson,North Central,2019-08-07,2019-08-27,21,1,False,False,2019-08-13,78.26,75.62,21,0,0.0,0.0,False,True,long event,"RETAINED - flagged for review, not deleted"
TX,TMIN_P85_2D__w05,TMIN_P85_2D,TMIN,85,2,w05,48_491_2023_013_TMIN_P85_2D,48491,Williamson,North Central,2023-07-26,2023-08-15,21,2,True,False,2023-08-12,79.59,75.98,21,0,0.0,0.0,False,True,long event,"RETAINED - flagged for review, not deleted"
TX,TMIN_P85_2D__w05,TMIN_P85_2D,TMIN,85,2,w05,48_495_2022_012_TMIN_P85_2D,48495,Winkler,Trans-Pecos,2022-07-19,2022-08-08,21,2,True,False,2022-07-22,80.96,73.94,21,0,0.0,6.7,False,True,long event,"RETAINED - flagged for review, not deleted"
TX,TMIN_P85_2D__w15,TMIN_P85_2D,TMIN,85,2,w15,48_043_2023_010_TMIN_P85_2D,48043,Brewster,Trans-Pecos,2023-07-08,2023-07-28,21,1,False,False,2023-07-15,79.91,72.58,21,0,0.0,0.0,False,True,long event,"RETAINED - flagged for review, not deleted"
TX,TMIN_P85_2D__w15,TMIN_P85_2D,TMIN,85,2,w15,48_115_2022_009_TMIN_P85_2D,48115,Dawson,High Plains,2022-06-06,2022-06-26,21,1,False,False,2022-06-12,75.79,68.0,21,21,100.0,65.2,False,False,long event AND >=50% imputed days,"RETAINED - flagged for review, not deleted"
TX,TMIN_P85_2D__w15,TMIN_P85_2D,TMIN,85,2,w15,48_143_2022_012_TMIN_P85_2D,48143,Erath,North Central,2022-07-17,2022-08-06,21,2,True,False,2022-07-22,80.96,73.94,21,0,0.0,0.9,False,True,long event,"RETAINED - flagged for review, not deleted"
TX,TMIN_P85_2D__w15,TMIN_P85_2D,TMIN,85,2,w15,48_193_2022_010_TMIN_P85_2D,48193,Hamilton,North Central,2022-07-17,2022-08-06,21,2,True,False,2022-07-17,78.08,74.48,21,0,0.0,61.0,False,False,long event,"RETAINED - flagged for review, not deleted"
TX,TMIN_P85_2D__w15,TMIN_P85_2D,TMIN,85,2,w15,48_217_2022_004_TMIN_P85_2D,48217,Hill,North Central,2022-06-06,2022-06-26,21,1,False,False,2022-06-21,78.53,75.02,21,0,0.0,0.0,False,True,long event,"RETAINED - flagged for review, not deleted"
TX,TMIN_P85_2D__w15,TMIN_P85_2D,TMIN,85,2,w15,48_229_2021_018_TMIN_P85_2D,48229,Hudspeth,Trans-Pecos,2021-08-17,2021-09-06,21,2,True,False,2021-08-21,73.94,66.92,21,1,4.8,0.1,False,True,long event,"RETAINED - flagged for review, not deleted"
TX,TMIN_P85_2D__w15,TMIN_P85_2D,TMIN,85,2,w15,48_285_2020_011_TMIN_P85_2D,48285,Lavaca,South Central,2020-06-27,2020-07-17,21,2,True,False,2020-06-29,82.04,75.92,21,0,0.0,0.8,False,True,long event,"RETAINED - flagged for review, not deleted"
TX,TMIN_P85_2D__w15,TMIN_P85_2D,TMIN,85,2,w15,48_309_2022_014_TMIN_P85_2D,48309,McLennan,North Central,2022-07-16,2022-08-05,21,2,True,False,2022-08-05,81.62,77.36,21,0,0.0,0.0,False,True,long event,"RETAINED - flagged for review, not deleted"
TX,TMIN_P85_2D__w15,TMIN_P85_2D,TMIN,85,2,w15,48_377_2025_014_TMIN_P85_2D,48377,Presidio,Trans-Pecos,2025-05-20,2025-06-09,21,2,True,False,2025-05-23,80.96,66.96,21,0,0.0,2.2,False,True,long event,"RETAINED - flagged for review, not deleted"
TX,TMIN_P85_2D__w15,TMIN_P85_2D,TMIN,85,2,w15,48_387_2015_011_TMIN_P85_2D,48387,Red River,East Texas,2015-07-04,2015-07-24,21,1,False,False,2015-07-19,87.08,75.02,21,1,4.8,0.6,False,True,long event,"RETAINED - flagged for review, not deleted"
TX,TMIN_P85_2D__w15,TMIN_P85_2D,TMIN,85,2,w15,48_389_2024_019_TMIN_P85_2D,48389,Reeves,Trans-Pecos,2024-08-09,2024-08-29,21,1,False,False,2024-08-09,78.08,71.51,21,0,0.0,4.4,False,True,long event,"RETAINED - flagged for review, not deleted"
TX,TMIN_P85_2D__w15,TMIN_P85_2D,TMIN,85,2,w15,48_391_2023_017_TMIN_P85_2D,48391,Refugio,South Central,2023-08-03,2023-08-23,21,1,False,False,2023-08-10,82.04,77.56,21,0,0.0,3.6,False,True,long event,"RETAINED - flagged for review, not deleted"
TX,TMIN_P85_2D__w15,TMIN_P85_2D,TMIN,85,2,w15,48_425_2022_013_TMIN_P85_2D,48425,Somervell,North Central,2022-07-17,2022-08-06,21,2,True,False,2022-07-19,82.04,75.02,21,0,0.0,18.3,False,False,long event,"RETAINED - flagged for review, not deleted"
TX,TMIN_P85_2D__w15,TMIN_P85_2D,TMIN,85,2,w15,48_491_2023_012_TMIN_P85_2D,48491,Williamson,North Central,2023-07-26,2023-08-15,21,2,True,False,2023-08-12,79.59,75.62,21,0,0.0,0.0,False,True,long event,"RETAINED - flagged for review, not deleted"
TX,TMIN_P85_3D__month,TMIN_P85_3D,TMIN,85,3,month,48_043_2023_007_TMIN_P85_3D,48043,Brewster,Trans-Pecos,2023-07-08,2023-07-28,21,1,False,False,2023-07-15,79.91,72.55,21,0,0.0,0.0,False,True,long event,"RETAINED - flagged for review, not deleted"
TX,TMIN_P85_3D__month,TMIN_P85_3D,TMIN,85,3,month,48_099_2022_011_TMIN_P85_3D,48099,Coryell,North Central,2022-07-17,2022-08-06,21,2,True,False,2022-07-18,78.98,74.48,21,0,0.0,1.4,False,True,long event,"RETAINED - flagged for review, not deleted"
TX,TMIN_P85_3D__month,TMIN_P85_3D,TMIN,85,3,month,48_099_2023_009_TMIN_P85_3D,48099,Coryell,North Central,2023-07-25,2023-08-14,21,2,True,False,2023-08-10,82.04,75.02,21,0,0.0,1.4,False,True,long event,"RETAINED - flagged for review, not deleted"
TX,TMIN_P85_3D__month,TMIN_P85_3D,TMIN,85,3,month,48_143_2022_011_TMIN_P85_3D,48143,Erath,North Central,2022-07-17,2022-08-06,21,2,True,False,2022-07-22,80.96,73.94,21,0,0.0,0.9,False,True,long event,"RETAINED - flagged for review, not deleted"
TX,TMIN_P85_3D__month,TMIN_P85_3D,TMIN,85,3,month,48_285_2020_007_TMIN_P85_3D,48285,Lavaca,South Central,2020-06-27,2020-07-17,21,2,True,False,2020-06-29,82.04,75.02,21,0,0.0,0.8,False,True,long event,"RETAINED - flagged for review, not deleted"
TX,TMIN_P85_3D__month,TMIN_P85_3D,TMIN,85,3,month,48_309_2022_010_TMIN_P85_3D,48309,McLennan,North Central,2022-07-16,2022-08-05,21,2,True,False,2022-08-05,81.62,77.06,21,0,0.0,0.0,False,True,long event,"RETAINED - flagged for review, not deleted"
TX,TMIN_P85_3D__month,TMIN_P85_3D,TMIN,85,3,month,48_329_2024_008_TMIN_P85_3D,48329,Midland,High Plains,2024-08-06,2024-08-26,21,1,False,False,2024-08-23,79.79,73.64,21,0,0.0,0.0,False,True,long event,"RETAINED - flagged for review, not deleted"
TX,TMIN_P85_3D__month,TMIN_P85_3D,TMIN,85,3,month,48_391_2023_010_TMIN_P85_3D,48391,Refugio,South Central,2023-08-03,2023-08-23,21,1,False,False,2023-08-10,82.04,77.0,21,0,0.0,3.6,False,True,long event,"RETAINED - flagged for review, not deleted"
TX,TMIN_P85_3D__month,TMIN_P85_3D,TMIN,85,3,month,48_421_2023_013_TMIN_P85_3D,48421,Sherman,High Plains,2023-07-24,2023-08-13,21,2,True,False,2023-08-12,73.26,66.52,21,21,100.0,58.9,False,False,long event AND >=50% imputed days,"RETAINED - flagged for review, not deleted"
TX,TMIN_P85_3D__month,TMIN_P85_3D,TMIN,85,3,month,48_451_2022_010_TMIN_P85_3D,48451,Tom Green,Edwards Plateau,2022-07-17,2022-08-06,21,2,True,False,2022-07-20,79.34,74.0,21,0,0.0,0.0,False,True,long event,"RETAINED - flagged for review, not deleted"
TX,TMIN_P85_3D__month,TMIN_P85_3D,TMIN,85,3,month,48_457_2023_006_TMIN_P85_3D,48457,Tyler,East Texas,2023-06-13,2023-07-03,21,2,True,False,2023-06-20,79.34,73.04,21,0,0.0,0.0,False,True,long event,"RETAINED - flagged for review, not deleted"
TX,TMIN_P85_3D__month,TMIN_P85_3D,TMIN,85,3,month,48_491_2023_009_TMIN_P85_3D,48491,Williamson,North Central,2023-07-26,2023-08-15,21,2,True,False,2023-08-12,79.59,75.32,21,0,0.0,0.0,False,True,long event,"RETAINED - flagged for review, not deleted"
TX,TMIN_P85_3D__month,TMIN_P85_3D,TMIN,85,3,month,48_495_2024_007_TMIN_P85_3D,48495,Winkler,Trans-Pecos,2024-08-06,2024-08-26,21,1,False,False,2024-08-09,80.06,73.04,21,0,0.0,6.7,False,True,long event,"RETAINED - flagged for review, not deleted"
TX,TMIN_P85_3D__month,TMIN_P85_3D,TMIN,85,3,month,48_501_2024_011_TMIN_P85_3D,48501,Yoakum,High Plains,2024-08-07,2024-08-27,21,1,False,False,2024-08-24,73.94,67.52,21,0,0.0,0.0,False,True,long event,"RETAINED - flagged for review, not deleted"
TX,TMIN_P85_3D__month_pm7,TMIN_P85_3D,TMIN,85,3,month_pm7,48_043_2023_007_TMIN_P85_3D,48043,Brewster,Trans-Pecos,2023-07-08,2023-07-28,21,1,False,False,2023-07-15,79.91,72.52,21,0,0.0,0.0,False,True,long event,"RETAINED - flagged for review, not deleted"
TX,TMIN_P85_3D__month_pm7,TMIN_P85_3D,TMIN,85,3,month_pm7,48_099_2022_011_TMIN_P85_3D,48099,Coryell,North Central,2022-07-17,2022-08-06,21,2,True,False,2022-07-18,78.98,74.48,21,0,0.0,1.4,False,True,long event,"RETAINED - flagged for review, not deleted"
TX,TMIN_P85_3D__month_pm7,TMIN_P85_3D,TMIN,85,3,month_pm7,48_115_2019_013_TMIN_P85_3D,48115,Dawson,High Plains,2019-09-16,2019-10-06,21,2,True,False,2019-10-01,70.95,57.02,21,21,100.0,65.2,False,False,long event AND >=50% imputed days,"RETAINED - flagged for review, not deleted"
TX,TMIN_P85_3D__month_pm7,TMIN_P85_3D,TMIN,85,3,month_pm7,48_143_2022_011_TMIN_P85_3D,48143,Erath,North Central,2022-07-17,2022-08-06,21,2,True,False,2022-07-22,80.96,73.94,21,0,0.0,0.9,False,True,long event,"RETAINED - flagged for review, not deleted"
TX,TMIN_P85_3D__month_pm7,TMIN_P85_3D,TMIN,85,3,month_pm7,48_175_2024_013_TMIN_P85_3D,48175,Goliad,South Central,2024-07-29,2024-08-18,21,2,True,False,2024-07-29,80.06,75.92,21,0,0.0,0.7,False,True,long event,"RETAINED - flagged for review, not deleted"
TX,TMIN_P85_3D__month_pm7,TMIN_P85_3D,TMIN,85,3,month_pm7,48_285_2020_007_TMIN_P85_3D,48285,Lavaca,South Central,2020-06-27,2020-07-17,21,2,True,False,2020-06-29,82.04,75.02,21,0,0.0,0.8,False,True,long event,"RETAINED - flagged for review, not deleted"
TX,TMIN_P85_3D__month_pm7,TMIN_P85_3D,TMIN,85,3,month_pm7,48_309_2022_010_TMIN_P85_3D,48309,McLennan,North Central,2022-07-16,2022-08-05,21,2,True,False,2022-08-05,81.62,77.0,21,0,0.0,0.0,False,True,long event,"RETAINED - flagged for review, not deleted"
TX,TMIN_P85_3D__month_pm7,TMIN_P85_3D,TMIN,85,3,month_pm7,48_319_2022_011_TMIN_P85_3D,48319,Mason,Edwards Plateau,2022-07-24,2022-08-13,21,2,True,False,2022-08-05,77.54,73.45,21,0,0.0,0.0,False,True,long event,"RETAINED - flagged for review, not deleted"
TX,TMIN_P85_3D__month_pm7,TMIN_P85_3D,TMIN,85,3,month_pm7,48_329_2024_007_TMIN_P85_3D,48329,Midland,High Plains,2024-08-06,2024-08-26,21,1,False,False,2024-08-23,79.79,73.64,21,0,0.0,0.0,False,True,long event,"RETAINED - flagged for review, not deleted"
TX,TMIN_P85_3D__month_pm7,TMIN_P85_3D,TMIN,85,3,month_pm7,48_389_2024_011_TMIN_P85_3D,48389,Reeves,Trans-Pecos,2024-08-09,2024-08-29,21,1,False,False,2024-08-09,78.08,71.0,21,0,0.0,4.4,False,True,long event,"RETAINED - flagged for review, not deleted"
TX,TMIN_P85_3D__month_pm7,TMIN_P85_3D,TMIN,85,3,month_pm7,48_391_2023_010_TMIN_P85_3D,48391,Refugio,South Central,2023-08-03,2023-08-23,21,1,False,False,2023-08-10,82.04,77.0,21,0,0.0,3.6,False,True,long event,"RETAINED - flagged for review, not deleted"
TX,TMIN_P85_3D__month_pm7,TMIN_P85_3D,TMIN,85,3,month_pm7,48_421_2023_012_TMIN_P85_3D,48421,Sherman,High Plains,2023-07-24,2023-08-13,21,2,True,False,2023-08-12,73.26,66.44,21,21,100.0,58.9,False,False,long event AND >=50% imputed days,"RETAINED - flagged for review, not deleted"
TX,TMIN_P85_3D__month_pm7,TMIN_P85_3D,TMIN,85,3,month_pm7,48_451_2022_010_TMIN_P85_3D,48451,Tom Green,Edwards Plateau,2022-07-17,2022-08-06,21,2,True,False,2022-07-20,79.34,74.3,21,0,0.0,0.0,False,True,long event,"RETAINED - flagged for review, not deleted"
TX,TMIN_P85_3D__month_pm7,TMIN_P85_3D,TMIN,85,3,month_pm7,48_457_2023_004_TMIN_P85_3D,48457,Tyler,East Texas,2023-06-13,2023-07-03,21,2,True,False,2023-06-20,79.34,73.04,21,0,0.0,0.0,False,True,long event,"RETAINED - flagged for review, not deleted"
TX,TMIN_P85_3D__month_pm7,TMIN_P85_3D,TMIN,85,3,month_pm7,48_491_2023_009_TMIN_P85_3D,48491,Williamson,North Central,2023-07-26,2023-08-15,21,2,True,False,2023-08-12,79.59,75.02,21,0,0.0,0.0,False,True,long event,"RETAINED - flagged for review, not deleted"
TX,TMIN_P85_3D__month_pm7,TMIN_P85_3D,TMIN,85,3,month_pm7,48_495_2024_007_TMIN_P85_3D,48495,Winkler,Trans-Pecos,2024-08-06,2024-08-26,21,1,False,False,2024-08-09,80.06,73.49,21,0,0.0,6.7,False,True,long event,"RETAINED - flagged for review, not deleted"
TX,TMIN_P85_3D__month_pm7,TMIN_P85_3D,TMIN,85,3,month_pm7,48_501_2024_010_TMIN_P85_3D,48501,Yoakum,High Plains,2024-08-07,2024-08-27,21,1,False,False,2024-08-24,73.94,67.46,21,0,0.0,0.0,False,True,long event,"RETAINED - flagged for review, not deleted"
TX,TMIN_P85_3D__w05,TMIN_P85_3D,TMIN,85,3,w05,48_049_2022_009_TMIN_P85_3D,48049,Brown,North Central,2022-07-17,2022-08-06,21,2,True,False,2022-07-20,80.06,73.94,21,2,9.5,9.7,False,True,long event,"RETAINED - flagged for review, not deleted"
TX,TMIN_P85_3D__w05,TMIN_P85_3D,TMIN,85,3,w05,48_093_2022_010_TMIN_P85_3D,48093,Comanche,North Central,2022-07-17,2022-08-06,21,2,True,False,2022-07-28,82.04,75.01,21,11,52.4,3.9,False,True,long event AND >=50% imputed days,"RETAINED - flagged for review, not deleted"
TX,TMIN_P85_3D__w05,TMIN_P85_3D,TMIN,85,3,w05,48_115_2024_016_TMIN_P85_3D,48115,Dawson,High Plains,2024-08-07,2024-08-27,21,1,False,False,2024-08-23,76.0,68.96,21,21,100.0,65.2,False,False,long event AND >=50% imputed days,"RETAINED - flagged for review, not deleted"
TX,TMIN_P85_3D__w05,TMIN_P85_3D,TMIN,85,3,w05,48_143_2022_009_TMIN_P85_3D,48143,Erath,North Central,2022-07-17,2022-08-06,21,2,True,False,2022-07-22,80.96,73.94,21,0,0.0,0.9,False,True,long event,"RETAINED - flagged for review, not deleted"
TX,TMIN_P85_3D__w05,TMIN_P85_3D,TMIN,85,3,w05,48_193_2022_008_TMIN_P85_3D,48193,Hamilton,North Central,2022-07-17,2022-08-06,21,2,True,False,2022-07-17,78.08,74.03,21,0,0.0,61.0,False,False,long event,"RETAINED - flagged for review, not deleted"
TX,TMIN_P85_3D__w05,TMIN_P85_3D,TMIN,85,3,w05,48_217_2022_004_TMIN_P85_3D,48217,Hill,North Central,2022-06-06,2022-06-26,21,1,False,False,2022-06-21,78.53,75.02,21,0,0.0,0.0,False,True,long event,"RETAINED - flagged for review, not deleted"
TX,TMIN_P85_3D__w05,TMIN_P85_3D,TMIN,85,3,w05,48_221_2022_009_TMIN_P85_3D,48221,Hood,North Central,2022-07-17,2022-08-06,21,2,True,False,2022-07-21,82.49,76.95,21,0,0.0,0.5,False,True,long event,"RETAINED - flagged for review, not deleted"
TX,TMIN_P85_3D__w05,TMIN_P85_3D,TMIN,85,3,w05,48_229_2021_012_TMIN_P85_3D,48229,Hudspeth,Trans-Pecos,2021-08-17,2021-09-06,21,2,True,False,2021-08-21,73.94,66.99,21,1,4.8,0.1,False,True,long event,"RETAINED - flagged for review, not deleted"
TX,TMIN_P85_3D__w05,TMIN_P85_3D,TMIN,85,3,w05,48_285_2019_009_TMIN_P85_3D,48285,Lavaca,South Central,2019-08-11,2019-08-31,21,1,False,False,2019-08-13,80.06,75.92,21,0,0.0,0.8,False,True,long event,"RETAINED - flagged for review, not deleted"
TX,TMIN_P85_3D__w05,TMIN_P85_3D,TMIN,85,3,w05,48_285_2020_008_TMIN_P85_3D,48285,Lavaca,South Central,2020-06-27,2020-07-17,21,2,True,False,2020-06-29,82.04,75.92,21,0,0.0,0.8,False,True,long event,"RETAINED - flagged for review, not deleted"
TX,TMIN_P85_3D__w05,TMIN_P85_3D,TMIN,85,3,w05,48_309_2022_009_TMIN_P85_3D,48309,McLennan,North Central,2022-07-16,2022-08-05,21,2,True,False,2022-08-05,81.62,77.66,21,0,0.0,0.0,False,True,long event,"RETAINED - flagged for review, not deleted"
TX,TMIN_P85_3D__w05,TMIN_P85_3D,TMIN,85,3,w05,48_357_2024_001_TMIN_P85_3D,48357,Ochiltree,High Plains,2024-01-22,2024-02-11,21,2,True,False,2024-02-08,40.7,29.37,21,21,100.0,35.8,False,False,long event AND >=50% imputed days,"RETAINED - flagged for review, not deleted"
TX,TMIN_P85_3D__w05,TMIN_P85_3D,TMIN,85,3,w05,48_377_2022_011_TMIN_P85_3D,48377,Presidio,Trans-Pecos,2022-06-07,2022-06-27,21,1,False,False,2022-06-08,82.04,71.64,21,0,0.0,2.2,False,True,long event,"RETAINED - flagged for review, not deleted"
TX,TMIN_P85_3D__w05,TMIN_P85_3D,TMIN,85,3,w05,48_377_2025_013_TMIN_P85_3D,48377,Presidio,Trans-Pecos,2025-05-20,2025-06-09,21,2,True,False,2025-05-23,80.96,66.92,21,0,0.0,2.2,False,True,long event,"RETAINED - flagged for review, not deleted"
TX,TMIN_P85_3D__w05,TMIN_P85_3D,TMIN,85,3,w05,48_425_2022_007_TMIN_P85_3D,48425,Somervell,North Central,2022-07-17,2022-08-06,21,2,True,False,2022-07-19,82.04,75.02,21,0,0.0,18.3,False,False,long event,"RETAINED - flagged for review, not deleted"
TX,TMIN_P85_3D__w05,TMIN_P85_3D,TMIN,85,3,w05,48_491_2019_009_TMIN_P85_3D,48491,Williamson,North Central,2019-08-07,2019-08-27,21,1,False,False,2019-08-13,78.26,75.62,21,0,0.0,0.0,False,True,long event,"RETAINED - flagged for review, not deleted"
TX,TMIN_P85_3D__w05,TMIN_P85_3D,TMIN,85,3,w05,48_491_2023_009_TMIN_P85_3D,48491,Williamson,North Central,2023-07-26,2023-08-15,21,2,True,False,2023-08-12,79.59,75.98,21,0,0.0,0.0,False,True,long event,"RETAINED - flagged for review, not deleted"
TX,TMIN_P85_3D__w05,TMIN_P85_3D,TMIN,85,3,w05,48_495_2022_004_TMIN_P85_3D,48495,Winkler,Trans-Pecos,2022-07-19,2022-08-08,21,2,True,False,2022-07-22,80.96,73.94,21,0,0.0,6.7,False,True,long event,"RETAINED - flagged for review, not deleted"
TX,TMIN_P85_3D__w15,TMIN_P85_3D,TMIN,85,3,w15,48_043_2023_007_TMIN_P85_3D,48043,Brewster,Trans-Pecos,2023-07-08,2023-07-28,21,1,False,False,2023-07-15,79.91,72.58,21,0,0.0,0.0,False,True,long event,"RETAINED - flagged for review, not deleted"
TX,TMIN_P85_3D__w15,TMIN_P85_3D,TMIN,85,3,w15,48_115_2022_006_TMIN_P85_3D,48115,Dawson,High Plains,2022-06-06,2022-06-26,21,1,False,False,2022-06-12,75.79,68.0,21,21,100.0,65.2,False,False,long event AND >=50% imputed days,"RETAINED - flagged for review, not deleted"
TX,TMIN_P85_3D__w15,TMIN_P85_3D,TMIN,85,3,w15,48_143_2022_008_TMIN_P85_3D,48143,Erath,North Central,2022-07-17,2022-08-06,21,2,True,False,2022-07-22,80.96,73.94,21,0,0.0,0.9,False,True,long event,"RETAINED - flagged for review, not deleted"
TX,TMIN_P85_3D__w15,TMIN_P85_3D,TMIN,85,3,w15,48_193_2022_008_TMIN_P85_3D,48193,Hamilton,North Central,2022-07-17,2022-08-06,21,2,True,False,2022-07-17,78.08,74.48,21,0,0.0,61.0,False,False,long event,"RETAINED - flagged for review, not deleted"
TX,TMIN_P85_3D__w15,TMIN_P85_3D,TMIN,85,3,w15,48_217_2022_003_TMIN_P85_3D,48217,Hill,North Central,2022-06-06,2022-06-26,21,1,False,False,2022-06-21,78.53,75.02,21,0,0.0,0.0,False,True,long event,"RETAINED - flagged for review, not deleted"
TX,TMIN_P85_3D__w15,TMIN_P85_3D,TMIN,85,3,w15,48_229_2021_012_TMIN_P85_3D,48229,Hudspeth,Trans-Pecos,2021-08-17,2021-09-06,21,2,True,False,2021-08-21,73.94,66.92,21,1,4.8,0.1,False,True,long event,"RETAINED - flagged for review, not deleted"
TX,TMIN_P85_3D__w15,TMIN_P85_3D,TMIN,85,3,w15,48_285_2020_007_TMIN_P85_3D,48285,Lavaca,South Central,2020-06-27,2020-07-17,21,2,True,False,2020-06-29,82.04,75.92,21,0,0.0,0.8,False,True,long event,"RETAINED - flagged for review, not deleted"
TX,TMIN_P85_3D__w15,TMIN_P85_3D,TMIN,85,3,w15,48_309_2022_010_TMIN_P85_3D,48309,McLennan,North Central,2022-07-16,2022-08-05,21,2,True,False,2022-08-05,81.62,77.36,21,0,0.0,0.0,False,True,long event,"RETAINED - flagged for review, not deleted"
TX,TMIN_P85_3D__w15,TMIN_P85_3D,TMIN,85,3,w15,48_377_2025_010_TMIN_P85_3D,48377,Presidio,Trans-Pecos,2025-05-20,2025-06-09,21,2,True,False,2025-05-23,80.96,66.96,21,0,0.0,2.2,False,True,long event,"RETAINED - flagged for review, not deleted"
TX,TMIN_P85_3D__w15,TMIN_P85_3D,TMIN,85,3,w15,48_387_2015_006_TMIN_P85_3D,48387,Red River,East Texas,2015-07-04,2015-07-24,21,1,False,False,2015-07-19,87.08,75.02,21,1,4.8,0.6,False,True,long event,"RETAINED - flagged for review, not deleted"
TX,TMIN_P85_3D__w15,TMIN_P85_3D,TMIN,85,3,w15,48_389_2024_013_TMIN_P85_3D,48389,Reeves,Trans-Pecos,2024-08-09,2024-08-29,21,1,False,False,2024-08-09,78.08,71.51,21,0,0.0,4.4,False,True,long event,"RETAINED - flagged for review, not deleted"
TX,TMIN_P85_3D__w15,TMIN_P85_3D,TMIN,85,3,w15,48_391_2023_011_TMIN_P85_3D,48391,Refugio,South Central,2023-08-03,2023-08-23,21,1,False,False,2023-08-10,82.04,77.56,21,0,0.0,3.6,False,True,long event,"RETAINED - flagged for review, not deleted"
TX,TMIN_P85_3D__w15,TMIN_P85_3D,TMIN,85,3,w15,48_425_2022_008_TMIN_P85_3D,48425,Somervell,North Central,2022-07-17,2022-08-06,21,2,True,False,2022-07-19,82.04,75.02,21,0,0.0,18.3,False,False,long event,"RETAINED - flagged for review, not deleted"
TX,TMIN_P85_3D__w15,TMIN_P85_3D,TMIN,85,3,w15,48_491_2023_008_TMIN_P85_3D,48491,Williamson,North Central,2023-07-26,2023-08-15,21,2,True,False,2023-08-12,79.59,75.62,21,0,0.0,0.0,False,True,long event,"RETAINED - flagged for review, not deleted"
TX,TMIN_P90_2D__month,TMIN_P90_2D,TMIN,90,2,month,48_093_2022_010_TMIN_P90_2D,48093,Comanche,North Central,2022-07-17,2022-08-06,21,2,True,False,2022-07-28,82.04,75.02,21,11,52.4,3.9,False,True,long event AND >=50% imputed days,"RETAINED - flagged for review, not deleted"
TX,TMIN_P90_2D__month,TMIN_P90_2D,TMIN,90,2,month,48_115_2019_013_TMIN_P90_2D,48115,Dawson,High Plains,2019-09-16,2019-10-06,21,2,True,False,2019-10-01,70.95,57.92,21,21,100.0,65.2,False,False,long event AND >=50% imputed days,"RETAINED - flagged for review, not deleted"
TX,TMIN_P90_2D__month,TMIN_P90_2D,TMIN,90,2,month,48_115_2023_012_TMIN_P90_2D,48115,Dawson,High Plains,2023-07-25,2023-08-14,21,2,True,False,2023-08-12,79.17,70.31,21,21,100.0,65.2,False,False,long event AND >=50% imputed days,"RETAINED - flagged for review, not deleted"
TX,TMIN_P90_2D__month,TMIN_P90_2D,TMIN,90,2,month,48_143_2022_010_TMIN_P90_2D,48143,Erath,North Central,2022-07-17,2022-08-06,21,2,True,False,2022-07-22,80.96,74.48,21,0,0.0,0.9,False,True,long event,"RETAINED - flagged for review, not deleted"
TX,TMIN_P90_2D__month,TMIN_P90_2D,TMIN,90,2,month,48_193_2022_009_TMIN_P90_2D,48193,Hamilton,North Central,2022-07-17,2022-08-06,21,2,True,False,2022-07-17,78.08,75.02,21,0,0.0,61.0,False,False,long event,"RETAINED - flagged for review, not deleted"
TX,TMIN_P90_2D__month,TMIN_P90_2D,TMIN,90,2,month,48_285_2020_008_TMIN_P90_2D,48285,Lavaca,South Central,2020-06-27,2020-07-17,21,2,True,False,2020-06-29,82.04,75.92,21,0,0.0,0.8,False,True,long event,"RETAINED - flagged for review, not deleted"
TX,TMIN_P90_2D__month,TMIN_P90_2D,TMIN,90,2,month,48_335_2022_009_TMIN_P90_2D,48335,Mitchell,Low Rolling Plains,2022-07-19,2022-08-08,21,2,True,False,2022-07-20,78.63,75.02,21,21,100.0,100.0,True,False,long event AND >=50% imputed days,"RETAINED - flagged for review, not deleted"
TX,TMIN_P90_2D__month,TMIN_P90_2D,TMIN,90,2,month,48_431_2022_008_TMIN_P90_2D,48431,Sterling,Edwards Plateau,2022-07-19,2022-08-08,21,2,True,False,2022-07-20,78.02,73.94,21,21,100.0,72.4,False,False,long event AND >=50% imputed days,"RETAINED - flagged for review, not deleted"
TX,TMIN_P90_2D__month,TMIN_P90_2D,TMIN,90,2,month,48_495_2022_005_TMIN_P90_2D,48495,Winkler,Trans-Pecos,2022-07-19,2022-08-08,21,2,True,False,2022-07-22,80.96,75.02,21,0,0.0,6.7,False,True,long event,"RETAINED - flagged for review, not deleted"
TX,TMIN_P90_2D__month_pm7,TMIN_P90_2D,TMIN,90,2,month_pm7,48_093_2022_010_TMIN_P90_2D,48093,Comanche,North Central,2022-07-17,2022-08-06,21,2,True,False,2022-07-28,82.04,75.02,21,11,52.4,3.9,False,True,long event AND >=50% imputed days,"RETAINED - flagged for review, not deleted"
TX,TMIN_P90_2D__month_pm7,TMIN_P90_2D,TMIN,90,2,month_pm7,48_115_2023_012_TMIN_P90_2D,48115,Dawson,High Plains,2023-07-25,2023-08-14,21,2,True,False,2023-08-12,79.17,69.98,21,21,100.0,65.2,False,False,long event AND >=50% imputed days,"RETAINED - flagged for review, not deleted"
TX,TMIN_P90_2D__month_pm7,TMIN_P90_2D,TMIN,90,2,month_pm7,48_143_2022_010_TMIN_P90_2D,48143,Erath,North Central,2022-07-17,2022-08-06,21,2,True,False,2022-07-22,80.96,74.48,21,0,0.0,0.9,False,True,long event,"RETAINED - flagged for review, not deleted"
TX,TMIN_P90_2D__month_pm7,TMIN_P90_2D,TMIN,90,2,month_pm7,48_193_2022_008_TMIN_P90_2D,48193,Hamilton,North Central,2022-07-17,2022-08-06,21,2,True,False,2022-07-17,78.08,75.02,21,0,0.0,61.0,False,False,long event,"RETAINED - flagged for review, not deleted"
TX,TMIN_P90_2D__month_pm7,TMIN_P90_2D,TMIN,90,2,month_pm7,48_285_2020_008_TMIN_P90_2D,48285,Lavaca,South Central,2020-06-27,2020-07-17,21,2,True,False,2020-06-29,82.04,75.92,21,0,0.0,0.8,False,True,long event,"RETAINED - flagged for review, not deleted"
TX,TMIN_P90_2D__month_pm7,TMIN_P90_2D,TMIN,90,2,month_pm7,48_335_2022_009_TMIN_P90_2D,48335,Mitchell,Low Rolling Plains,2022-07-19,2022-08-08,21,2,True,False,2022-07-20,78.63,74.91,21,21,100.0,100.0,True,False,long event AND >=50% imputed days,"RETAINED - flagged for review, not deleted"
TX,TMIN_P90_2D__month_pm7,TMIN_P90_2D,TMIN,90,2,month_pm7,48_495_2022_005_TMIN_P90_2D,48495,Winkler,Trans-Pecos,2022-07-19,2022-08-08,21,2,True,False,2022-07-22,80.96,75.02,21,0,0.0,6.7,False,True,long event,"RETAINED - flagged for review, not deleted"
TX,TMIN_P90_2D__w05,TMIN_P90_2D,TMIN,90,2,w05,48_043_2023_007_TMIN_P90_2D,48043,Brewster,Trans-Pecos,2023-07-08,2023-07-28,21,1,False,False,2023-07-15,79.91,73.27,21,0,0.0,0.0,False,True,long event,"RETAINED - flagged for review, not deleted"
TX,TMIN_P90_2D__w05,TMIN_P90_2D,TMIN,90,2,w05,48_143_2022_010_TMIN_P90_2D,48143,Erath,North Central,2022-07-17,2022-08-06,21,2,True,False,2022-07-22,80.96,74.48,21,0,0.0,0.9,False,True,long event,"RETAINED - flagged for review, not deleted"
TX,TMIN_P90_2D__w05,TMIN_P90_2D,TMIN,90,2,w05,48_173_2022_011_TMIN_P90_2D,48173,Glasscock,High Plains,2022-07-19,2022-08-08,21,2,True,False,2022-07-20,78.13,73.47,21,21,100.0,100.0,True,False,long event AND >=50% imputed days,"RETAINED - flagged for review, not deleted"
TX,TMIN_P90_2D__w05,TMIN_P90_2D,TMIN,90,2,w05,48_285_2020_010_TMIN_P90_2D,48285,Lavaca,South Central,2020-06-27,2020-07-17,21,2,True,False,2020-06-29,82.04,75.92,21,0,0.0,0.8,False,True,long event,"RETAINED - flagged for review, not deleted"
TX,TMIN_P90_2D__w05,TMIN_P90_2D,TMIN,90,2,w05,48_301_2022_014_TMIN_P90_2D,48301,Loving,Trans-Pecos,2022-07-19,2022-08-08,21,2,True,False,2022-07-21,77.43,72.38,21,21,100.0,100.0,True,False,long event AND >=50% imputed days,"RETAINED - flagged for review, not deleted"
TX,TMIN_P90_2D__w05,TMIN_P90_2D,TMIN,90,2,w05,48_335_2022_007_TMIN_P90_2D,48335,Mitchell,Low Rolling Plains,2022-07-19,2022-08-08,21,2,True,False,2022-07-20,78.63,74.48,21,21,100.0,100.0,True,False,long event AND >=50% imputed days,"RETAINED - flagged for review, not deleted"
TX,TMIN_P90_2D__w05,TMIN_P90_2D,TMIN,90,2,w05,48_377_2022_015_TMIN_P90_2D,48377,Presidio,Trans-Pecos,2022-06-07,2022-06-27,21,1,False,False,2022-06-08,82.04,72.5,21,0,0.0,2.2,False,True,long event,"RETAINED - flagged for review, not deleted"
TX,TMIN_P90_2D__w05,TMIN_P90_2D,TMIN,90,2,w05,48_387_2015_005_TMIN_P90_2D,48387,Red River,East Texas,2015-07-04,2015-07-24,21,1,False,False,2015-07-19,87.08,75.47,21,1,4.8,0.6,False,True,long event,"RETAINED - flagged for review, not deleted"
TX,TMIN_P90_2D__w05,TMIN_P90_2D,TMIN,90,2,w05,48_425_2022_012_TMIN_P90_2D,48425,Somervell,North Central,2022-07-17,2022-08-06,21,2,True,False,2022-07-19,82.04,75.92,21,0,0.0,18.3,False,False,long event,"RETAINED - flagged for review, not deleted"
TX,TMIN_P90_2D__w15,TMIN_P90_2D,TMIN,90,2,w15,48_115_2023_012_TMIN_P90_2D,48115,Dawson,High Plains,2023-07-25,2023-08-14,21,2,True,False,2023-08-12,79.17,71.06,21,21,100.0,65.2,False,False,long event AND >=50% imputed days,"RETAINED - flagged for review, not deleted"
TX,TMIN_P90_2D__w15,TMIN_P90_2D,TMIN,90,2,w15,48_143_2022_009_TMIN_P90_2D,48143,Erath,North Central,2022-07-17,2022-08-06,21,2,True,False,2022-07-22,80.96,74.48,21,0,0.0,0.9,False,True,long event,"RETAINED - flagged for review, not deleted"
TX,TMIN_P90_2D__w15,TMIN_P90_2D,TMIN,90,2,w15,48_173_2022_009_TMIN_P90_2D,48173,Glasscock,High Plains,2022-07-19,2022-08-08,21,2,True,False,2022-07-20,78.13,73.54,21,21,100.0,100.0,True,False,long event AND >=50% imputed days,"RETAINED - flagged for review, not deleted"
TX,TMIN_P90_2D__w15,TMIN_P90_2D,TMIN,90,2,w15,48_285_2020_008_TMIN_P90_2D,48285,Lavaca,South Central,2020-06-27,2020-07-17,21,2,True,False,2020-06-29,82.04,75.92,21,0,0.0,0.8,False,True,long event,"RETAINED - flagged for review, not deleted"
TX,TMIN_P90_2D__w15,TMIN_P90_2D,TMIN,90,2,w15,48_335_2022_007_TMIN_P90_2D,48335,Mitchell,Low Rolling Plains,2022-07-19,2022-08-08,21,2,True,False,2022-07-20,78.63,74.77,21,21,100.0,100.0,True,False,long event AND >=50% imputed days,"RETAINED - flagged for review, not deleted"
TX,TMIN_P90_2D__w15,TMIN_P90_2D,TMIN,90,2,w15,48_377_2022_015_TMIN_P90_2D,48377,Presidio,Trans-Pecos,2022-06-07,2022-06-27,21,1,False,False,2022-06-08,82.04,72.5,21,0,0.0,2.2,False,True,long event,"RETAINED - flagged for review, not deleted"
TX,TMIN_P90_2D__w15,TMIN_P90_2D,TMIN,90,2,w15,48_431_2022_008_TMIN_P90_2D,48431,Sterling,Edwards Plateau,2022-07-19,2022-08-08,21,2,True,False,2022-07-20,78.02,73.94,21,21,100.0,72.4,False,False,long event AND >=50% imputed days,"RETAINED - flagged for review, not deleted"
TX,TMIN_P90_2D__w15,TMIN_P90_2D,TMIN,90,2,w15,48_495_2022_006_TMIN_P90_2D,48495,Winkler,Trans-Pecos,2022-07-19,2022-08-08,21,2,True,False,2022-07-22,80.96,75.02,21,0,0.0,6.7,False,True,long event,"RETAINED - flagged for review, not deleted"
TX,TMIN_P90_3D__month,TMIN_P90_3D,TMIN,90,3,month,48_093_2022_008_TMIN_P90_3D,48093,Comanche,North Central,2022-07-17,2022-08-06,21,2,True,False,2022-07-28,82.04,75.02,21,11,52.4,3.9,False,True,long event AND >=50% imputed days,"RETAINED - flagged for review, not deleted"
TX,TMIN_P90_3D__month,TMIN_P90_3D,TMIN,90,3,month,48_115_2019_009_TMIN_P90_3D,48115,Dawson,High Plains,2019-09-16,2019-10-06,21,2,True,False,2019-10-01,70.95,57.92,21,21,100.0,65.2,False,False,long event AND >=50% imputed days,"RETAINED - flagged for review, not deleted"
TX,TMIN_P90_3D__month,TMIN_P90_3D,TMIN,90,3,month,48_115_2023_010_TMIN_P90_3D,48115,Dawson,High Plains,2023-07-25,2023-08-14,21,2,True,False,2023-08-12,79.17,70.31,21,21,100.0,65.2,False,False,long event AND >=50% imputed days,"RETAINED - flagged for review, not deleted"
TX,TMIN_P90_3D__month,TMIN_P90_3D,TMIN,90,3,month,48_143_2022_009_TMIN_P90_3D,48143,Erath,North Central,2022-07-17,2022-08-06,21,2,True,False,2022-07-22,80.96,74.48,21,0,0.0,0.9,False,True,long event,"RETAINED - flagged for review, not deleted"
TX,TMIN_P90_3D__month,TMIN_P90_3D,TMIN,90,3,month,48_193_2022_007_TMIN_P90_3D,48193,Hamilton,North Central,2022-07-17,2022-08-06,21,2,True,False,2022-07-17,78.08,75.02,21,0,0.0,61.0,False,False,long event,"RETAINED - flagged for review, not deleted"
TX,TMIN_P90_3D__month,TMIN_P90_3D,TMIN,90,3,month,48_285_2020_006_TMIN_P90_3D,48285,Lavaca,South Central,2020-06-27,2020-07-17,21,2,True,False,2020-06-29,82.04,75.92,21,0,0.0,0.8,False,True,long event,"RETAINED - flagged for review, not deleted"
TX,TMIN_P90_3D__month,TMIN_P90_3D,TMIN,90,3,month,48_335_2022_006_TMIN_P90_3D,48335,Mitchell,Low Rolling Plains,2022-07-19,2022-08-08,21,2,True,False,2022-07-20,78.63,75.02,21,21,100.0,100.0,True,False,long event AND >=50% imputed days,"RETAINED - flagged for review, not deleted"
TX,TMIN_P90_3D__month,TMIN_P90_3D,TMIN,90,3,month,48_431_2022_006_TMIN_P90_3D,48431,Sterling,Edwards Plateau,2022-07-19,2022-08-08,21,2,True,False,2022-07-20,78.02,73.94,21,21,100.0,72.4,False,False,long event AND >=50% imputed days,"RETAINED - flagged for review, not deleted"
TX,TMIN_P90_3D__month,TMIN_P90_3D,TMIN,90,3,month,48_495_2022_003_TMIN_P90_3D,48495,Winkler,Trans-Pecos,2022-07-19,2022-08-08,21,2,True,False,2022-07-22,80.96,75.02,21,0,0.0,6.7,False,True,long event,"RETAINED - flagged for review, not deleted"
TX,TMIN_P90_3D__month_pm7,TMIN_P90_3D,TMIN,90,3,month_pm7,48_093_2022_008_TMIN_P90_3D,48093,Comanche,North Central,2022-07-17,2022-08-06,21,2,True,False,2022-07-28,82.04,75.02,21,11,52.4,3.9,False,True,long event AND >=50% imputed days,"RETAINED - flagged for review, not deleted"
TX,TMIN_P90_3D__month_pm7,TMIN_P90_3D,TMIN,90,3,month_pm7,48_115_2023_010_TMIN_P90_3D,48115,Dawson,High Plains,2023-07-25,2023-08-14,21,2,True,False,2023-08-12,79.17,69.98,21,21,100.0,65.2,False,False,long event AND >=50% imputed days,"RETAINED - flagged for review, not deleted"
TX,TMIN_P90_3D__month_pm7,TMIN_P90_3D,TMIN,90,3,month_pm7,48_143_2022_008_TMIN_P90_3D,48143,Erath,North Central,2022-07-17,2022-08-06,21,2,True,False,2022-07-22,80.96,74.48,21,0,0.0,0.9,False,True,long event,"RETAINED - flagged for review, not deleted"
TX,TMIN_P90_3D__month_pm7,TMIN_P90_3D,TMIN,90,3,month_pm7,48_193_2022_007_TMIN_P90_3D,48193,Hamilton,North Central,2022-07-17,2022-08-06,21,2,True,False,2022-07-17,78.08,75.02,21,0,0.0,61.0,False,False,long event,"RETAINED - flagged for review, not deleted"
TX,TMIN_P90_3D__month_pm7,TMIN_P90_3D,TMIN,90,3,month_pm7,48_285_2020_006_TMIN_P90_3D,48285,Lavaca,South Central,2020-06-27,2020-07-17,21,2,True,False,2020-06-29,82.04,75.92,21,0,0.0,0.8,False,True,long event,"RETAINED - flagged for review, not deleted"
TX,TMIN_P90_3D__month_pm7,TMIN_P90_3D,TMIN,90,3,month_pm7,48_335_2022_006_TMIN_P90_3D,48335,Mitchell,Low Rolling Plains,2022-07-19,2022-08-08,21,2,True,False,2022-07-20,78.63,74.91,21,21,100.0,100.0,True,False,long event AND >=50% imputed days,"RETAINED - flagged for review, not deleted"
TX,TMIN_P90_3D__month_pm7,TMIN_P90_3D,TMIN,90,3,month_pm7,48_495_2022_003_TMIN_P90_3D,48495,Winkler,Trans-Pecos,2022-07-19,2022-08-08,21,2,True,False,2022-07-22,80.96,75.02,21,0,0.0,6.7,False,True,long event,"RETAINED - flagged for review, not deleted"
TX,TMIN_P90_3D__w05,TMIN_P90_3D,TMIN,90,3,w05,48_043_2023_004_TMIN_P90_3D,48043,Brewster,Trans-Pecos,2023-07-08,2023-07-28,21,1,False,False,2023-07-15,79.91,73.27,21,0,0.0,0.0,False,True,long event,"RETAINED - flagged for review, not deleted"
TX,TMIN_P90_3D__w05,TMIN_P90_3D,TMIN,90,3,w05,48_143_2022_007_TMIN_P90_3D,48143,Erath,North Central,2022-07-17,2022-08-06,21,2,True,False,2022-07-22,80.96,74.48,21,0,0.0,0.9,False,True,long event,"RETAINED - flagged for review, not deleted"
TX,TMIN_P90_3D__w05,TMIN_P90_3D,TMIN,90,3,w05,48_173_2022_007_TMIN_P90_3D,48173,Glasscock,High Plains,2022-07-19,2022-08-08,21,2,True,False,2022-07-20,78.13,73.47,21,21,100.0,100.0,True,False,long event AND >=50% imputed days,"RETAINED - flagged for review, not deleted"
TX,TMIN_P90_3D__w05,TMIN_P90_3D,TMIN,90,3,w05,48_285_2020_007_TMIN_P90_3D,48285,Lavaca,South Central,2020-06-27,2020-07-17,21,2,True,False,2020-06-29,82.04,75.92,21,0,0.0,0.8,False,True,long event,"RETAINED - flagged for review, not deleted"
TX,TMIN_P90_3D__w05,TMIN_P90_3D,TMIN,90,3,w05,48_301_2022_007_TMIN_P90_3D,48301,Loving,Trans-Pecos,2022-07-19,2022-08-08,21,2,True,False,2022-07-21,77.43,72.38,21,21,100.0,100.0,True,False,long event AND >=50% imputed days,"RETAINED - flagged for review, not deleted"
TX,TMIN_P90_3D__w05,TMIN_P90_3D,TMIN,90,3,w05,48_335_2022_007_TMIN_P90_3D,48335,Mitchell,Low Rolling Plains,2022-07-19,2022-08-08,21,2,True,False,2022-07-20,78.63,74.48,21,21,100.0,100.0,True,False,long event AND >=50% imputed days,"RETAINED - flagged for review, not deleted"
TX,TMIN_P90_3D__w05,TMIN_P90_3D,TMIN,90,3,w05,48_377_2022_010_TMIN_P90_3D,48377,Presidio,Trans-Pecos,2022-06-07,2022-06-27,21,1,False,False,2022-06-08,82.04,72.5,21,0,0.0,2.2,False,True,long event,"RETAINED - flagged for review, not deleted"
TX,TMIN_P90_3D__w05,TMIN_P90_3D,TMIN,90,3,w05,48_387_2015_004_TMIN_P90_3D,48387,Red River,East Texas,2015-07-04,2015-07-24,21,1,False,False,2015-07-19,87.08,75.47,21,1,4.8,0.6,False,True,long event,"RETAINED - flagged for review, not deleted"
TX,TMIN_P90_3D__w05,TMIN_P90_3D,TMIN,90,3,w05,48_425_2022_008_TMIN_P90_3D,48425,Somervell,North Central,2022-07-17,2022-08-06,21,2,True,False,2022-07-19,82.04,75.92,21,0,0.0,18.3,False,False,long event,"RETAINED - flagged for review, not deleted"
TX,TMIN_P90_3D__w15,TMIN_P90_3D,TMIN,90,3,w15,48_115_2023_008_TMIN_P90_3D,48115,Dawson,High Plains,2023-07-25,2023-08-14,21,2,True,False,2023-08-12,79.17,71.06,21,21,100.0,65.2,False,False,long event AND >=50% imputed days,"RETAINED - flagged for review, not deleted"
TX,TMIN_P90_3D__w15,TMIN_P90_3D,TMIN,90,3,w15,48_143_2022_007_TMIN_P90_3D,48143,Erath,North Central,2022-07-17,2022-08-06,21,2,True,False,2022-07-22,80.96,74.48,21,0,0.0,0.9,False,True,long event,"RETAINED - flagged for review, not deleted"
TX,TMIN_P90_3D__w15,TMIN_P90_3D,TMIN,90,3,w15,48_173_2022_007_TMIN_P90_3D,48173,Glasscock,High Plains,2022-07-19,2022-08-08,21,2,True,False,2022-07-20,78.13,73.54,21,21,100.0,100.0,True,False,long event AND >=50% imputed days,"RETAINED - flagged for review, not deleted"
TX,TMIN_P90_3D__w15,TMIN_P90_3D,TMIN,90,3,w15,48_285_2020_007_TMIN_P90_3D,48285,Lavaca,South Central,2020-06-27,2020-07-17,21,2,True,False,2020-06-29,82.04,75.92,21,0,0.0,0.8,False,True,long event,"RETAINED - flagged for review, not deleted"
TX,TMIN_P90_3D__w15,TMIN_P90_3D,TMIN,90,3,w15,48_335_2022_007_TMIN_P90_3D,48335,Mitchell,Low Rolling Plains,2022-07-19,2022-08-08,21,2,True,False,2022-07-20,78.63,74.77,21,21,100.0,100.0,True,False,long event AND >=50% imputed days,"RETAINED - flagged for review, not deleted"
TX,TMIN_P90_3D__w15,TMIN_P90_3D,TMIN,90,3,w15,48_377_2022_009_TMIN_P90_3D,48377,Presidio,Trans-Pecos,2022-06-07,2022-06-27,21,1,False,False,2022-06-08,82.04,72.5,21,0,0.0,2.2,False,True,long event,"RETAINED - flagged for review, not deleted"
TX,TMIN_P90_3D__w15,TMIN_P90_3D,TMIN,90,3,w15,48_431_2022_007_TMIN_P90_3D,48431,Sterling,Edwards Plateau,2022-07-19,2022-08-08,21,2,True,False,2022-07-20,78.02,73.94,21,21,100.0,72.4,False,False,long event AND >=50% imputed days,"RETAINED - flagged for review, not deleted"
TX,TMIN_P90_3D__w15,TMIN_P90_3D,TMIN,90,3,w15,48_495_2022_002_TMIN_P90_3D,48495,Winkler,Trans-Pecos,2022-07-19,2022-08-08,21,2,True,False,2022-07-22,80.96,75.02,21,0,0.0,6.7,False,True,long event,"RETAINED - flagged for review, not deleted"
TX,TMIN_P95_2D__month,TMIN_P95_2D,TMIN,95,2,month,48_173_2022_007_TMIN_P95_2D,48173,Glasscock,High Plains,2022-07-19,2022-08-08,21,2,True,False,2022-07-20,78.13,74.38,21,21,100.0,100.0,True,False,long event AND >=50% imputed days,"RETAINED - flagged for review, not deleted"
TX,TMIN_P95_2D__month,TMIN_P95_2D,TMIN,95,2,month,48_301_2022_007_TMIN_P95_2D,48301,Loving,Trans-Pecos,2022-07-19,2022-08-08,21,2,True,False,2022-07-21,77.43,73.39,21,21,100.0,100.0,True,False,long event AND >=50% imputed days,"RETAINED - flagged for review, not deleted"
TX,TMIN_P95_2D__month_pm7,TMIN_P95_2D,TMIN,95,2,month_pm7,48_173_2022_006_TMIN_P95_2D,48173,Glasscock,High Plains,2022-07-19,2022-08-08,21,2,True,False,2022-07-20,78.13,74.4,21,21,100.0,100.0,True,False,long event AND >=50% imputed days,"RETAINED - flagged for review, not deleted"
TX,TMIN_P95_2D__month_pm7,TMIN_P95_2D,TMIN,95,2,month_pm7,48_301_2022_005_TMIN_P95_2D,48301,Loving,Trans-Pecos,2022-07-19,2022-08-08,21,2,True,False,2022-07-21,77.43,73.44,21,21,100.0,100.0,True,False,long event AND >=50% imputed days,"RETAINED - flagged for review, not deleted"
TX,TMIN_P95_2D__w05,TMIN_P95_2D,TMIN,95,2,w05,48_133_2022_009_TMIN_P95_2D,48133,Eastland,North Central,2022-07-17,2022-08-06,21,2,True,False,2022-07-20,79.98,75.0,21,21,100.0,100.0,True,False,long event AND >=50% imputed days,"RETAINED - flagged for review, not deleted"
TX,TMIN_P95_2D__w15,TMIN_P95_2D,TMIN,95,2,w15,48_133_2022_008_TMIN_P95_2D,48133,Eastland,North Central,2022-07-17,2022-08-06,21,2,True,False,2022-07-20,79.98,75.29,21,21,100.0,100.0,True,False,long event AND >=50% imputed days,"RETAINED - flagged for review, not deleted"
TX,TMIN_P95_2D__w15,TMIN_P95_2D,TMIN,95,2,w15,48_317_2022_007_TMIN_P95_2D,48317,Martin,High Plains,2022-07-19,2022-08-08,21,2,True,False,2022-07-20,78.16,73.97,21,21,100.0,100.0,True,False,long event AND >=50% imputed days,"RETAINED - flagged for review, not deleted"
TX,TMIN_P95_3D__month,TMIN_P95_3D,TMIN,95,3,month,48_173_2022_005_TMIN_P95_3D,48173,Glasscock,High Plains,2022-07-19,2022-08-08,21,2,True,False,2022-07-20,78.13,74.38,21,21,100.0,100.0,True,False,long event AND >=50% imputed days,"RETAINED - flagged for review, not deleted"
TX,TMIN_P95_3D__month,TMIN_P95_3D,TMIN,95,3,month,48_301_2022_004_TMIN_P95_3D,48301,Loving,Trans-Pecos,2022-07-19,2022-08-08,21,2,True,False,2022-07-21,77.43,73.39,21,21,100.0,100.0,True,False,long event AND >=50% imputed days,"RETAINED - flagged for review, not deleted"
TX,TMIN_P95_3D__month_pm7,TMIN_P95_3D,TMIN,95,3,month_pm7,48_173_2022_005_TMIN_P95_3D,48173,Glasscock,High Plains,2022-07-19,2022-08-08,21,2,True,False,2022-07-20,78.13,74.4,21,21,100.0,100.0,True,False,long event AND >=50% imputed days,"RETAINED - flagged for review, not deleted"
TX,TMIN_P95_3D__month_pm7,TMIN_P95_3D,TMIN,95,3,month_pm7,48_301_2022_004_TMIN_P95_3D,48301,Loving,Trans-Pecos,2022-07-19,2022-08-08,21,2,True,False,2022-07-21,77.43,73.44,21,21,100.0,100.0,True,False,long event AND >=50% imputed days,"RETAINED - flagged for review, not deleted"
TX,TMIN_P95_3D__w05,TMIN_P95_3D,TMIN,95,3,w05,48_133_2022_008_TMIN_P95_3D,48133,Eastland,North Central,2022-07-17,2022-08-06,21,2,True,False,2022-07-20,79.98,75.0,21,21,100.0,100.0,True,False,long event AND >=50% imputed days,"RETAINED - flagged for review, not deleted"
TX,TMIN_P95_3D__w15,TMIN_P95_3D,TMIN,95,3,w15,48_133_2022_007_TMIN_P95_3D,48133,Eastland,North Central,2022-07-17,2022-08-06,21,2,True,False,2022-07-20,79.98,75.29,21,21,100.0,100.0,True,False,long event AND >=50% imputed days,"RETAINED - flagged for review, not deleted"
TX,TMIN_P95_3D__w15,TMIN_P95_3D,TMIN,95,3,w15,48_317_2022_007_TMIN_P95_3D,48317,Martin,High Plains,2022-07-19,2022-08-08,21,2,True,False,2022-07-20,78.16,73.97,21,21,100.0,100.0,True,False,long event AND >=50% imputed days,"RETAINED - flagged for review, not deleted"
