county_fips,year,county_name,heatwave_events_started,first_event_start_date,last_event_end_date,longest_event_duration_days,heatwave_days,heatwave_days_imputed
48001,2015,Anderson,13,2015-01-27,2015-12-27,6,42,0
48001,2016,Anderson,10,2016-01-29,2016-12-28,7,35,0
48001,2017,Anderson,15,2017-01-10,2017-12-04,6,41,0
48001,2018,Anderson,6,2018-03-16,2018-07-27,11,36,0
48001,2019,Anderson,8,2019-02-04,2019-12-16,9,26,0
48001,2020,Anderson,6,2020-03-12,2020-12-10,4,15,0
48001,2021,Anderson,6,2021-04-11,2022-01-01,9,26,0
48001,2022,Anderson,15,2022-03-05,2022-12-10,10,80,0
48001,2023,Anderson,14,2023-01-01,2023-10-22,17,65,0
48001,2024,Anderson,9,2024-01-30,2024-12-17,9,37,0
48001,2025,Anderson,15,2025-02-02,2025-12-28,8,61,0
48003,2015,Andrews,10,2015-01-28,2015-12-12,6,30,1
48003,2016,Andrews,8,2016-01-31,2016-12-18,7,31,0
48003,2017,Andrews,16,2017-01-10,2017-12-05,4,46,0
48003,2018,Andrews,10,2018-02-01,2018-11-30,8,35,0
48003,2019,Andrews,11,2019-02-04,2019-12-15,4,27,2
48003,2020,Andrews,18,2020-01-13,2020-11-09,8,52,0
48003,2021,Andrews,12,2021-02-02,2021-12-27,6,32,0
48003,2022,Andrews,10,2022-03-26,2023-01-02,8,30,0
48003,2023,Andrews,15,2023-01-09,2023-12-08,9,58,0
48003,2024,Andrews,10,2024-02-20,2024-12-30,5,26,7
48003,2025,Andrews,11,2025-02-02,2025-12-28,7,34,1
48005,2015,Angelina,10,2015-01-27,2015-12-27,6,32,0
48005,2016,Angelina,9,2016-01-29,2016-12-28,7,36,0
48005,2017,Angelina,11,2017-01-10,2017-12-22,6,37,0
48005,2018,Angelina,13,2018-02-14,2018-07-27,11,49,0
48005,2019,Angelina,5,2019-02-04,2019-10-06,5,16,0
48005,2020,Angelina,9,2020-03-24,2020-12-30,5,28,0
48005,2021,Angelina,12,2021-02-27,2022-01-01,9,38,0
48005,2022,Angelina,22,2022-01-13,2022-12-29,10,96,0
48005,2023,Angelina,22,2023-01-01,2023-11-08,22,91,0
48005,2024,Angelina,13,2024-01-30,2024-12-17,7,36,0
48005,2025,Angelina,14,2025-02-02,2025-12-28,9,56,0
48007,2015,Aransas,8,2015-01-27,2015-12-27,5,27,0
48007,2016,Aransas,19,2016-01-31,2016-12-28,9,74,0
48007,2017,Aransas,26,2017-01-01,2017-12-20,14,100,0
48007,2018,Aransas,13,2018-02-17,2018-12-02,12,46,1
48007,2019,Aransas,20,2019-01-07,2019-12-16,8,61,0
48007,2020,Aransas,27,2020-01-14,2020-11-27,8,95,0
48007,2021,Aransas,10,2021-01-25,2022-01-01,10,34,0
48007,2022,Aransas,21,2022-01-05,2023-01-01,17,94,0
48007,2023,Aransas,20,2023-01-03,2023-10-29,38,161,0
48007,2024,Aransas,20,2024-03-05,2024-12-31,31,139,0
48007,2025,Aransas,27,2025-01-04,2025-12-28,14,125,0
48009,2015,Archer,6,2015-01-27,2015-12-23,5,17,17
48009,2016,Archer,6,2016-01-30,2016-11-24,8,20,4
48009,2017,Archer,6,2017-01-11,2017-12-04,7,18,4
48009,2018,Archer,6,2018-03-24,2018-11-30,8,22,22
48009,2019,Archer,3,2019-02-03,2019-12-25,4,9,9
48009,2020,Archer,6,2020-02-02,2020-12-10,4,17,17
48009,2021,Archer,6,2021-10-08,2021-12-31,9,25,25
48009,2022,Archer,8,2022-03-27,2022-10-23,14,45,45
48009,2023,Archer,18,2023-01-01,2023-11-08,7,58,58
48009,2024,Archer,13,2024-02-21,2024-12-17,9,42,42
48009,2025,Archer,7,2025-02-02,2025-12-28,7,26,26
48011,2015,Armstrong,12,2015-01-19,2015-12-12,5,35,35
48011,2016,Armstrong,15,2016-01-30,2016-12-28,4,40,40
48011,2017,Armstrong,15,2017-01-10,2017-12-04,5,41,41
48011,2018,Armstrong,14,2018-01-20,2018-11-30,9,46,46
48011,2019,Armstrong,10,2019-01-05,2019-12-26,7,36,36
48011,2020,Armstrong,19,2020-01-14,2020-12-10,9,60,60
48011,2021,Armstrong,13,2021-02-03,2021-12-27,6,41,41
48011,2022,Armstrong,17,2022-03-03,2022-10-23,14,64,64
48011,2023,Armstrong,22,2023-01-01,2023-12-08,13,78,78
48011,2024,Armstrong,17,2024-02-01,2024-12-31,15,63,63
48011,2025,Armstrong,15,2025-02-02,2025-12-28,8,46,46
48013,2015,Atascosa,7,2015-01-27,2015-12-27,5,22,0
48013,2016,Atascosa,11,2016-01-31,2016-12-28,7,31,0
48013,2017,Atascosa,15,2017-01-02,2017-12-04,6,41,0
48013,2018,Atascosa,7,2018-03-17,2018-07-24,14,31,0
48013,2019,Atascosa,13,2019-01-07,2019-10-03,8,41,0
48013,2020,Atascosa,14,2020-01-15,2020-12-30,5,44,0
48013,2021,Atascosa,10,2021-03-27,2022-01-01,8,30,0
48013,2022,Atascosa,16,2022-03-05,2023-01-07,15,74,0
48013,2023,Atascosa,18,2023-01-11,2023-10-29,20,100,0
48013,2024,Atascosa,13,2024-02-25,2024-12-31,8,48,0
48013,2025,Atascosa,15,2025-02-02,2025-12-28,6,53,0
48015,2015,Austin,5,2015-02-10,2015-12-28,6,17,0
48015,2016,Austin,7,2016-02-01,2016-12-29,6,23,5
48015,2017,Austin,10,2017-01-11,2017-11-19,6,35,1
48015,2018,Austin,6,2018-02-28,2018-11-08,4,18,0
48015,2019,Austin,6,2019-02-06,2019-10-07,7,19,7
48015,2020,Austin,5,2020-01-15,2020-05-20,4,12,3
48015,2021,Austin,3,2021-12-10,2022-01-02,9,13,3
48015,2022,Austin,10,2022-03-06,2022-12-10,12,53,13
48015,2023,Austin,15,2023-01-07,2023-10-22,15,72,23
48015,2024,Austin,9,2024-02-25,2024-12-29,8,30,17
48015,2025,Austin,13,2025-02-02,2025-12-28,10,57,28
48017,2015,Bailey,7,2015-01-27,2015-12-12,5,20,0
48017,2016,Bailey,8,2016-01-30,2016-11-17,5,24,0
48017,2017,Bailey,12,2017-01-09,2017-12-04,8,37,0
48017,2018,Bailey,8,2018-03-23,2018-11-30,7,26,0
48017,2019,Bailey,9,2019-01-05,2019-12-25,5,25,0
48017,2020,Bailey,14,2020-03-26,2020-12-11,9,49,0
48017,2021,Bailey,8,2021-06-10,2021-12-27,6,28,0
48017,2022,Bailey,10,2022-03-03,2022-08-04,7,32,0
48017,2023,Bailey,16,2023-01-01,2023-12-08,6,48,0
48017,2024,Bailey,12,2024-02-21,2024-11-24,5,33,0
48017,2025,Bailey,13,2025-02-02,2025-12-28,9,42,0
48019,2015,Bandera,9,2015-01-20,2015-12-27,6,30,0
48019,2016,Bandera,10,2016-01-31,2016-12-29,6,35,0
48019,2017,Bandera,18,2017-01-01,2017-12-22,9,61,0
48019,2018,Bandera,10,2018-03-17,2018-07-25,5,34,0
48019,2019,Bandera,11,2019-03-10,2019-12-16,12,39,0
48019,2020,Bandera,9,2020-01-15,2020-10-23,5,30,0
48019,2021,Bandera,5,2021-04-07,2022-01-01,4,12,0
48019,2022,Bandera,18,2022-01-14,2022-11-08,10,76,0
48019,2023,Bandera,14,2023-01-02,2023-10-22,23,83,0
48019,2024,Bandera,12,2024-02-26,2024-12-30,11,50,45
48019,2025,Bandera,14,2025-02-02,2025-12-28,9,55,55
48021,2015,Bastrop,6,2015-01-27,2015-12-27,6,26,0
48021,2016,Bastrop,7,2016-01-31,2016-12-29,5,21,0
48021,2017,Bastrop,12,2017-01-11,2017-12-22,12,41,0
48021,2018,Bastrop,7,2018-03-05,2018-07-24,6,23,0
48021,2019,Bastrop,7,2019-01-07,2019-12-16,7,22,0
48021,2020,Bastrop,14,2020-01-15,2020-12-29,5,39,0
48021,2021,Bastrop,7,2021-04-08,2022-01-01,4,19,0
48021,2022,Bastrop,17,2022-01-13,2023-01-02,9,74,0
48021,2023,Bastrop,20,2023-01-06,2023-11-08,16,96,0
48021,2024,Bastrop,17,2024-02-24,2024-12-28,16,75,0
48021,2025,Bastrop,21,2025-02-02,2025-12-28,8,78,0
48023,2015,Baylor,9,2015-01-27,2015-12-23,5,25,0
48023,2016,Baylor,7,2016-01-29,2016-12-26,4,21,0
48023,2017,Baylor,9,2017-01-10,2017-12-05,5,23,0
48023,2018,Baylor,9,2018-01-20,2018-11-30,5,23,0
48023,2019,Baylor,4,2019-02-03,2019-12-26,4,13,0
48023,2020,Baylor,11,2020-01-09,2020-12-10,4,28,0
48023,2021,Baylor,6,2021-10-08,2021-12-31,5,22,0
48023,2022,Baylor,16,2022-01-13,2022-10-23,14,63,0
48023,2023,Baylor,19,2023-01-01,2023-12-08,9,70,0
48023,2024,Baylor,17,2024-02-01,2024-12-16,12,62,0
48023,2025,Baylor,13,2025-02-01,2025-12-28,8,39,0
48025,2015,Bee,3,2015-10-13,2015-12-29,3,8,1
48025,2016,Bee,8,2016-02-01,2016-12-29,7,30,0
48025,2017,Bee,16,2017-01-03,2017-12-05,6,48,0
48025,2018,Bee,6,2018-03-19,2018-11-08,9,26,0
48025,2019,Bee,11,2019-08-12,2019-12-16,5,27,0
48025,2020,Bee,17,2020-01-15,2020-12-30,6,55,0
48025,2021,Bee,8,2021-01-26,2021-12-30,6,21,0
48025,2022,Bee,11,2022-01-01,2022-12-10,13,44,0
48025,2023,Bee,26,2023-01-01,2023-11-09,16,122,4
48025,2024,Bee,19,2024-02-26,2024-12-31,5,54,4
48025,2025,Bee,18,2025-02-03,2025-12-29,11,68,1
48027,2015,Bell,8,2015-02-09,2015-12-27,6,23,0
48027,2016,Bell,8,2016-01-29,2016-12-28,7,32,0
48027,2017,Bell,12,2017-01-10,2017-11-18,6,36,0
48027,2018,Bell,9,2018-03-17,2018-07-23,8,35,0
48027,2019,Bell,8,2019-02-04,2019-10-20,18,35,0
48027,2020,Bell,12,2020-01-14,2020-12-10,5,35,0
48027,2021,Bell,6,2021-04-08,2022-01-01,9,20,0
48027,2022,Bell,16,2022-01-13,2023-01-02,13,81,0
48027,2023,Bell,19,2023-01-10,2023-10-21,16,98,0
48027,2024,Bell,16,2024-02-25,2024-12-30,9,58,0
48027,2025,Bell,18,2025-02-01,2025-12-28,8,66,0
48029,2015,Bexar,10,2015-01-27,2015-12-27,8,34,0
48029,2016,Bexar,11,2016-01-31,2016-12-28,8,41,0
48029,2017,Bexar,23,2017-01-01,2017-12-22,6,65,0
48029,2018,Bexar,8,2018-03-17,2018-12-01,9,31,0
48029,2019,Bexar,9,2019-04-09,2019-12-15,7,26,0
48029,2020,Bexar,11,2020-01-09,2020-10-22,5,33,0
48029,2021,Bexar,8,2021-04-07,2022-01-01,4,23,0
48029,2022,Bexar,20,2022-01-13,2023-01-04,16,79,0
48029,2023,Bexar,18,2023-01-10,2023-10-22,18,100,0
48029,2024,Bexar,15,2024-02-25,2024-12-30,12,69,0
48029,2025,Bexar,22,2025-02-02,2025-12-28,8,77,0
48031,2015,Blanco,8,2015-01-28,2015-12-28,6,25,0
48031,2016,Blanco,5,2016-01-31,2016-11-17,2,10,0
48031,2017,Blanco,9,2017-01-11,2017-12-02,6,24,0
48031,2018,Blanco,7,2018-03-17,2018-07-24,6,22,0
48031,2019,Blanco,4,2019-09-06,2019-12-16,19,28,0
48031,2020,Blanco,6,2020-03-26,2020-12-28,6,17,8
48031,2021,Blanco,9,2021-02-04,2022-01-02,10,29,10
48031,2022,Blanco,24,2022-01-14,2023-01-02,16,118,1
48031,2023,Blanco,21,2023-01-06,2023-10-28,45,134,0
48031,2024,Blanco,18,2024-02-25,2024-12-30,12,77,10
48031,2025,Blanco,17,2025-01-31,2025-12-28,8,68,59
48033,2015,Borden,6,2015-03-28,2015-12-24,2,12,5
48033,2016,Borden,8,2016-01-29,2016-12-17,7,24,10
48033,2017,Borden,9,2017-02-06,2017-11-05,4,24,4
48033,2018,Borden,7,2018-01-09,2018-07-23,7,24,7
48033,2019,Borden,7,2019-02-03,2019-10-10,4,20,1
48033,2020,Borden,11,2020-03-25,2020-12-10,8,35,4
48033,2021,Borden,9,2021-02-02,2021-12-27,5,30,1
48033,2022,Borden,11,2022-03-26,2023-01-02,9,37,2
48033,2023,Borden,16,2023-01-09,2023-11-08,10,61,13
48033,2024,Borden,10,2024-02-20,2024-10-28,10,33,16
48033,2025,Borden,12,2025-02-02,2025-12-28,7,32,7
48035,2015,Bosque,7,2015-01-28,2015-12-26,5,19,9
48035,2016,Bosque,6,2016-01-31,2016-12-27,4,16,6
48035,2017,Bosque,7,2017-01-11,2017-11-06,3,16,3
48035,2018,Bosque,7,2018-03-24,2018-07-24,7,23,13
48035,2019,Bosque,4,2019-02-05,2019-12-10,4,11,3
48035,2020,Bosque,6,2020-01-15,2020-12-10,3,13,5
48035,2021,Bosque,4,2021-09-20,2022-01-01,9,17,13
48035,2022,Bosque,11,2022-01-19,2022-10-23,14,49,22
48035,2023,Bosque,17,2023-01-01,2023-11-08,16,81,37
48035,2024,Bosque,6,2024-02-25,2024-12-17,8,23,23
48035,2025,Bosque,11,2025-02-02,2025-12-28,6,33,33
48037,2015,Bowie,12,2015-01-19,2015-12-27,6,36,0
48037,2016,Bowie,11,2016-01-30,2016-12-28,8,41,0
48037,2017,Bowie,11,2017-01-10,2017-12-04,4,30,0
48037,2018,Bowie,8,2018-05-07,2018-12-01,14,44,0
48037,2019,Bowie,7,2019-01-07,2019-12-27,13,34,0
48037,2020,Bowie,7,2020-02-03,2020-12-23,4,18,0
48037,2021,Bowie,11,2021-04-12,2022-01-02,10,34,0
48037,2022,Bowie,12,2022-03-02,2022-12-30,6,51,0
48037,2023,Bowie,15,2023-01-01,2023-11-08,10,43,0
48037,2024,Bowie,8,2024-02-21,2024-12-18,9,29,0
48037,2025,Bowie,9,2025-02-02,2025-12-28,9,41,0
48039,2015,Brazoria,11,2015-01-27,2015-12-27,10,50,0
48039,2016,Brazoria,19,2016-01-31,2016-12-28,8,74,0
48039,2017,Brazoria,20,2017-01-01,2017-12-22,12,74,0
48039,2018,Brazoria,16,2018-02-15,2018-12-02,8,54,0
48039,2019,Brazoria,11,2019-02-05,2019-12-16,5,30,0
48039,2020,Brazoria,13,2020-01-14,2020-11-12,7,46,0
48039,2021,Brazoria,7,2021-01-24,2022-01-01,9,26,0
48039,2022,Brazoria,18,2022-01-05,2023-01-07,8,62,0
48039,2023,Brazoria,23,2023-01-10,2023-11-09,11,115,0
48039,2024,Brazoria,22,2024-03-04,2024-12-28,5,56,0
48039,2025,Brazoria,15,2025-02-02,2025-12-28,9,54,0
48041,2015,Brazos,6,2015-01-27,2015-12-27,8,23,0
48041,2016,Brazos,7,2016-01-31,2016-12-28,5,21,0
48041,2017,Brazos,11,2017-01-10,2017-11-18,5,33,0
48041,2018,Brazos,4,2018-03-26,2018-07-23,4,10,0
48041,2019,Brazos,8,2019-02-05,2019-12-15,8,23,0
48041,2020,Brazos,10,2020-01-15,2020-12-28,5,27,0
48041,2021,Brazos,7,2021-09-20,2022-01-01,7,20,0
48041,2022,Brazos,23,2022-01-13,2023-01-02,20,105,0
48041,2023,Brazos,18,2023-01-06,2023-11-08,29,111,0
48041,2024,Brazos,17,2024-03-03,2024-12-28,8,56,0
48041,2025,Brazos,13,2025-02-02,2025-12-28,9,54,0
48043,2015,Brewster,7,2015-02-08,2015-12-26,10,27,0
48043,2016,Brewster,9,2016-01-31,2016-12-26,5,31,0
48043,2017,Brewster,11,2017-01-10,2017-12-02,9,41,0
48043,2018,Brewster,8,2018-02-04,2018-08-29,8,31,0
48043,2019,Brewster,7,2019-01-06,2019-12-16,9,24,0
48043,2020,Brewster,13,2020-01-14,2020-11-25,8,47,0
48043,2021,Brewster,10,2021-06-08,2022-01-01,10,40,0
48043,2022,Brewster,10,2022-03-05,2022-08-04,5,33,0
48043,2023,Brewster,10,2023-01-06,2023-11-08,12,60,0
48043,2024,Brewster,16,2024-02-21,2024-12-31,9,54,0
48043,2025,Brewster,11,2025-01-04,2025-12-28,11,48,0
48045,2015,Briscoe,11,2015-01-19,2015-12-12,5,29,0
48045,2016,Briscoe,10,2016-01-30,2016-12-25,4,26,0
48045,2017,Briscoe,10,2017-02-06,2017-11-25,5,25,0
48045,2018,Briscoe,14,2018-01-10,2018-11-30,7,41,0
48045,2019,Briscoe,9,2019-01-06,2019-12-25,6,28,0
48045,2020,Briscoe,12,2020-01-14,2020-12-11,7,44,0
48045,2021,Briscoe,11,2021-04-26,2021-12-27,4,31,0
48045,2022,Briscoe,17,2022-03-03,2022-12-07,7,56,0
48045,2023,Briscoe,21,2023-01-01,2023-11-09,7,60,0
48045,2024,Briscoe,14,2024-02-21,2024-11-25,15,59,0
48045,2025,Briscoe,16,2025-02-02,2025-12-28,6,44,0
48047,2015,Brooks,2,2015-12-15,2015-12-26,2,4,3
48047,2016,Brooks,6,2016-02-01,2016-12-29,3,13,2
48047,2017,Brooks,10,2017-01-24,2017-11-06,4,25,6
48047,2018,Brooks,2,2018-05-27,2018-06-06,3,5,0
48047,2019,Brooks,6,2019-06-07,2019-12-17,3,13,1
48047,2020,Brooks,6,2020-03-18,2020-12-31,3,13,4
48047,2021,Brooks,6,2021-10-15,2022-01-01,5,16,2
48047,2022,Brooks,6,2022-03-26,2022-10-17,5,16,6
48047,2023,Brooks,8,2023-02-22,2023-09-25,8,37,37
48047,2024,Brooks,2,2024-08-21,2024-12-31,3,5,5
48047,2025,Brooks,6,2025-02-03,2025-12-28,7,24,24
48049,2015,Brown,10,2015-01-28,2015-12-25,7,36,0
48049,2016,Brown,9,2016-01-30,2016-12-27,6,25,0
48049,2017,Brown,14,2017-01-11,2017-11-29,5,33,0
48049,2018,Brown,10,2018-02-15,2018-12-01,10,44,0
48049,2019,Brown,9,2019-02-04,2019-10-07,8,35,0
48049,2020,Brown,6,2020-03-25,2020-12-11,3,17,11
48049,2021,Brown,9,2021-02-04,2021-12-30,8,31,1
48049,2022,Brown,12,2022-01-14,2022-12-30,16,55,0
48049,2023,Brown,20,2023-01-01,2023-11-09,11,63,0
48049,2024,Brown,7,2024-02-21,2024-12-31,8,30,0
48049,2025,Brown,13,2025-01-05,2025-12-29,7,43,0
48051,2015,Burleson,7,2015-01-28,2015-12-28,9,29,0
48051,2016,Burleson,12,2016-01-31,2016-12-29,5,40,2
48051,2017,Burleson,14,2017-01-11,2017-12-22,5,42,15
48051,2018,Burleson,8,2018-03-27,2018-11-08,7,25,2
48051,2019,Burleson,15,2019-02-05,2019-12-16,14,55,1
48051,2020,Burleson,6,2020-01-15,2020-12-30,4,17,0
48051,2021,Burleson,3,2021-04-13,2022-01-01,10,14,4
48051,2022,Burleson,15,2022-02-21,2022-12-09,11,56,14
48051,2023,Burleson,17,2023-01-01,2023-10-21,9,57,19
48051,2024,Burleson,9,2024-02-25,2024-12-17,7,34,10
48051,2025,Burleson,10,2025-02-02,2025-12-28,8,43,13
48053,2015,Burnet,13,2015-01-27,2015-12-27,9,43,0
48053,2016,Burnet,7,2016-01-30,2016-12-28,5,24,0
48053,2017,Burnet,13,2017-01-10,2017-11-18,5,36,0
48053,2018,Burnet,8,2018-03-17,2018-07-25,9,30,0
48053,2019,Burnet,10,2019-01-07,2019-10-20,10,44,0
48053,2020,Burnet,15,2020-01-05,2020-12-10,7,43,0
48053,2021,Burnet,7,2021-03-15,2022-01-01,9,26,0
48053,2022,Burnet,15,2022-03-26,2022-12-09,15,74,0
48053,2023,Burnet,19,2023-01-01,2023-11-08,25,120,0
48053,2024,Burnet,13,2024-02-25,2024-12-30,13,63,0
48053,2025,Burnet,15,2025-02-02,2025-12-28,7,57,0
48055,2015,Caldwell,10,2015-01-27,2015-12-27,7,38,0
48055,2016,Caldwell,12,2016-01-31,2016-12-28,5,35,0
48055,2017,Caldwell,18,2017-01-02,2017-11-18,6,50,0
48055,2018,Caldwell,10,2018-03-04,2018-08-29,20,50,0
48055,2019,Caldwell,16,2019-01-07,2019-12-15,8,57,0
48055,2020,Caldwell,19,2020-01-09,2020-12-29,11,69,0
48055,2021,Caldwell,9,2021-01-25,2022-01-01,9,31,0
48055,2022,Caldwell,22,2022-01-13,2023-01-02,13,108,0
48055,2023,Caldwell,18,2023-01-10,2023-10-28,23,113,0
48055,2024,Caldwell,16,2024-03-04,2024-12-30,13,75,0
48055,2025,Caldwell,24,2025-02-02,2025-12-28,8,89,0
48057,2015,Calhoun,8,2015-01-27,2015-12-27,5,23,0
48057,2016,Calhoun,10,2016-01-31,2016-12-28,7,35,0
48057,2017,Calhoun,14,2017-01-02,2017-11-07,7,45,0
48057,2018,Calhoun,6,2018-03-19,2018-12-02,5,19,0
48057,2019,Calhoun,5,2019-04-09,2019-12-16,3,13,0
48057,2020,Calhoun,16,2020-01-15,2020-11-12,7,52,0
48057,2021,Calhoun,9,2021-01-25,2022-01-01,6,28,0
48057,2022,Calhoun,11,2022-01-05,2022-12-12,17,52,0
48057,2023,Calhoun,22,2023-01-03,2023-11-09,17,122,0
48057,2024,Calhoun,23,2024-03-05,2024-12-30,11,85,0
48057,2025,Calhoun,20,2025-02-01,2025-12-29,10,77,0
48059,2015,Callahan,10,2015-01-27,2015-12-27,6,27,0
48059,2016,Callahan,6,2016-01-30,2016-12-26,7,19,0
48059,2017,Callahan,10,2017-01-10,2017-11-28,6,29,0
48059,2018,Callahan,9,2018-03-24,2018-11-30,9,30,0
48059,2019,Callahan,3,2019-08-17,2019-12-25,6,11,0
48059,2020,Callahan,9,2020-01-14,2020-12-10,5,26,0
48059,2021,Callahan,7,2021-10-08,2021-12-30,8,28,0
48059,2022,Callahan,14,2022-03-26,2022-10-23,14,61,0
48059,2023,Callahan,15,2023-01-01,2023-11-09,13,62,0
48059,2024,Callahan,12,2024-02-20,2024-12-17,10,42,0
48059,2025,Callahan,13,2025-02-02,2025-12-29,8,42,0
48061,2015,Cameron,7,2015-09-09,2015-12-27,7,25,0
48061,2016,Cameron,17,2016-01-15,2016-12-29,9,71,0
48061,2017,Cameron,29,2017-01-02,2017-12-22,7,91,0
48061,2018,Cameron,20,2018-02-15,2018-11-08,13,85,0
48061,2019,Cameron,19,2019-01-07,2019-12-16,10,68,0
48061,2020,Cameron,22,2020-01-09,2020-12-30,10,74,0
48061,2021,Cameron,12,2021-01-05,2022-01-01,8,42,0
48061,2022,Cameron,17,2022-01-05,2022-12-10,10,52,0
48061,2023,Cameron,18,2023-01-01,2023-11-08,22,144,0
48061,2024,Cameron,15,2024-02-27,2024-12-30,13,64,0
48061,2025,Cameron,16,2025-02-05,2025-12-28,12,71,0
48063,2015,Camp,17,2015-01-17,2015-12-27,8,62,5
48063,2016,Camp,13,2016-01-29,2016-12-27,8,46,1
48063,2017,Camp,10,2017-01-09,2017-12-05,4,29,7
48063,2018,Camp,6,2018-05-16,2018-09-20,9,24,24
48063,2019,Camp,7,2019-01-06,2019-12-26,4,20,20
48063,2020,Camp,6,2020-01-15,2020-12-10,4,14,14
48063,2021,Camp,8,2021-04-12,2022-01-01,9,27,27
48063,2022,Camp,12,2022-03-03,2022-12-30,13,70,70
48063,2023,Camp,14,2023-01-01,2023-11-08,10,47,47
48063,2024,Camp,6,2024-02-25,2024-12-17,8,22,22
48063,2025,Camp,8,2025-02-02,2025-12-28,8,38,38
48065,2015,Carson,9,2015-01-18,2015-12-12,5,29,3
48065,2016,Carson,10,2016-01-29,2016-12-27,7,27,7
48065,2017,Carson,9,2017-02-04,2017-12-04,6,29,12
48065,2018,Carson,10,2018-01-09,2018-11-30,8,30,30
48065,2019,Carson,6,2019-01-05,2019-12-26,6,21,21
48065,2020,Carson,15,2020-01-14,2020-12-27,7,45,45
48065,2021,Carson,10,2021-02-03,2021-12-27,6,32,32
48065,2022,Carson,10,2022-03-02,2022-12-29,14,38,38
48065,2023,Carson,17,2023-01-01,2023-12-08,7,49,49
48065,2024,Carson,14,2024-02-01,2024-12-16,10,47,47
48065,2025,Carson,12,2025-02-02,2025-12-28,9,45,45
48067,2015,Cass,11,2015-01-28,2015-12-28,6,35,0
48067,2016,Cass,12,2016-01-30,2016-12-27,8,40,0
48067,2017,Cass,10,2017-01-11,2017-12-05,5,32,1
48067,2018,Cass,6,2018-03-27,2018-07-22,6,19,0
48067,2019,Cass,7,2019-01-07,2019-12-27,5,24,0
48067,2020,Cass,6,2020-03-12,2020-12-11,4,14,1
48067,2021,Cass,9,2021-02-24,2022-01-02,10,26,0
48067,2022,Cass,13,2022-03-06,2022-12-09,8,51,0
48067,2023,Cass,13,2023-01-02,2023-11-09,9,38,0
48067,2024,Cass,8,2024-02-22,2024-12-18,5,23,0
48067,2025,Cass,11,2025-02-03,2025-12-29,7,36,0
48069,2015,Castro,8,2015-01-27,2015-12-12,5,25,0
48069,2016,Castro,11,2016-01-24,2016-12-29,7,35,0
48069,2017,Castro,6,2017-02-05,2017-11-18,8,22,0
48069,2018,Castro,10,2018-01-10,2018-11-30,5,27,0
48069,2019,Castro,8,2019-01-05,2019-12-25,5,24,0
48069,2020,Castro,13,2020-03-26,2020-12-11,7,46,0
48069,2021,Castro,10,2021-02-03,2021-12-27,6,26,0
48069,2022,Castro,8,2022-03-04,2022-08-04,5,23,0
48069,2023,Castro,13,2023-01-01,2023-11-09,4,33,0
48069,2024,Castro,14,2024-02-21,2024-12-31,11,46,0
48069,2025,Castro,11,2025-02-03,2025-12-28,6,31,0
48071,2015,Chambers,9,2015-02-09,2015-12-27,5,26,0
48071,2016,Chambers,10,2016-02-15,2016-12-28,5,34,0
48071,2017,Chambers,13,2017-01-10,2017-12-22,4,33,0
48071,2018,Chambers,7,2018-02-14,2018-12-02,4,21,0
48071,2019,Chambers,5,2019-02-06,2019-10-05,3,11,1
48071,2020,Chambers,4,2020-01-14,2020-04-09,3,11,0
48071,2021,Chambers,5,2021-01-25,2022-01-01,5,16,0
48071,2022,Chambers,6,2022-03-05,2022-12-10,6,18,0
48071,2023,Chambers,18,2023-01-10,2023-11-09,8,63,1
48071,2024,Chambers,10,2024-03-05,2024-12-28,5,26,0
48071,2025,Chambers,10,2025-02-03,2025-12-28,7,35,1
48073,2015,Cherokee,6,2015-01-28,2015-12-28,6,20,0
48073,2016,Cherokee,7,2016-01-30,2016-12-29,7,27,0
48073,2017,Cherokee,9,2017-01-11,2017-11-19,5,25,0
48073,2018,Cherokee,7,2018-03-17,2018-09-20,3,17,0
48073,2019,Cherokee,8,2019-02-05,2019-12-17,3,17,0
48073,2020,Cherokee,7,2020-01-15,2020-12-31,4,17,0
48073,2021,Cherokee,9,2021-02-24,2022-01-02,10,27,0
48073,2022,Cherokee,16,2022-01-14,2022-12-11,8,51,0
48073,2023,Cherokee,12,2023-01-02,2023-10-22,11,47,0
48073,2024,Cherokee,7,2024-02-26,2025-01-01,8,20,0
48073,2025,Cherokee,7,2025-02-05,2025-12-29,6,23,0
48075,2015,Childress,12,2015-01-17,2015-12-12,5,34,0
48075,2016,Childress,7,2016-01-29,2016-11-17,4,20,0
48075,2017,Childress,12,2017-01-10,2017-12-04,5,33,0
48075,2018,Childress,8,2018-01-20,2018-07-22,8,26,0
48075,2019,Childress,9,2019-01-05,2019-12-26,5,26,0
48075,2020,Childress,15,2020-01-13,2020-12-10,6,43,0
48075,2021,Childress,9,2021-02-03,2021-12-27,6,30,0
48075,2022,Childress,17,2022-01-13,2022-10-23,13,60,0
48075,2023,Childress,19,2023-01-01,2023-12-08,7,57,0
48075,2024,Childress,15,2024-02-01,2024-12-17,14,65,0
48075,2025,Childress,7,2025-02-01,2025-12-28,9,32,0
48077,2015,Clay,6,2015-01-27,2015-12-26,5,22,22
48077,2016,Clay,6,2016-01-29,2016-12-28,7,24,24
48077,2017,Clay,10,2017-01-10,2017-12-04,6,27,27
48077,2018,Clay,7,2018-03-24,2018-11-30,9,26,26
48077,2019,Clay,4,2019-01-06,2019-12-26,3,11,11
48077,2020,Clay,6,2020-02-02,2020-12-10,4,16,16
48077,2021,Clay,7,2021-10-08,2021-12-31,9,28,28
48077,2022,Clay,11,2022-01-13,2022-10-23,14,58,58
48077,2023,Clay,19,2023-01-01,2023-11-08,6,66,66
48077,2024,Clay,13,2024-01-30,2024-12-17,8,44,44
48077,2025,Clay,10,2025-02-02,2025-12-28,9,36,36
48079,2015,Cochran,9,2015-01-27,2015-12-12,5,24,0
48079,2016,Cochran,11,2016-01-24,2016-12-26,6,31,0
48079,2017,Cochran,16,2017-02-06,2017-12-05,4,37,0
48079,2018,Cochran,13,2018-01-20,2018-12-23,5,35,0
48079,2019,Cochran,9,2019-01-05,2019-12-25,4,24,0
48079,2020,Cochran,15,2020-03-26,2020-12-11,8,53,0
48079,2021,Cochran,12,2021-02-03,2021-12-25,5,31,0
48079,2022,Cochran,12,2022-03-27,2022-12-07,4,31,0
48079,2023,Cochran,15,2023-01-01,2023-11-09,9,47,0
48079,2024,Cochran,14,2024-02-26,2024-12-31,6,40,0
48079,2025,Cochran,11,2025-02-03,2025-12-28,6,36,0
48081,2015,Coke,6,2015-02-08,2015-12-24,8,22,0
48081,2016,Coke,5,2016-01-29,2016-12-26,4,16,2
48081,2017,Coke,9,2017-01-10,2017-11-06,5,26,0
48081,2018,Coke,7,2018-01-09,2018-11-30,6,22,0
48081,2019,Coke,6,2019-02-04,2019-10-10,3,15,0
48081,2020,Coke,7,2020-03-25,2020-10-11,5,25,0
48081,2021,Coke,7,2021-10-08,2021-12-29,9,28,0
48081,2022,Coke,11,2022-01-13,2023-01-02,15,45,1
48081,2023,Coke,15,2023-01-09,2023-11-08,10,63,0
48081,2024,Coke,12,2024-02-01,2024-12-30,10,39,0
48081,2025,Coke,9,2025-02-01,2025-12-28,7,30,0
48083,2015,Coleman,9,2015-01-27,2015-12-26,7,35,0
48083,2016,Coleman,12,2016-01-29,2016-12-28,7,39,0
48083,2017,Coleman,16,2017-01-10,2017-12-22,5,45,0
48083,2018,Coleman,9,2018-01-20,2018-11-30,9,36,0
48083,2019,Coleman,10,2019-02-03,2019-12-24,6,30,0
48083,2020,Coleman,15,2020-01-13,2020-12-11,7,47,0
48083,2021,Coleman,8,2021-09-18,2021-12-31,9,33,0
48083,2022,Coleman,18,2022-01-18,2022-12-09,15,77,0
48083,2023,Coleman,20,2023-01-01,2023-12-09,15,90,0
48083,2024,Coleman,13,2024-02-21,2024-12-31,9,46,0
48083,2025,Coleman,12,2025-02-02,2025-12-29,10,42,0
48085,2015,Collin,11,2015-01-27,2015-12-26,5,31,0
48085,2016,Collin,8,2016-01-29,2016-12-28,7,27,0
48085,2017,Collin,8,2017-01-10,2017-12-04,3,19,0
48085,2018,Collin,6,2018-05-07,2018-10-29,7,24,0
48085,2019,Collin,6,2019-02-04,2019-10-06,3,14,0
48085,2020,Collin,13,2020-02-16,2020-12-27,4,34,0
48085,2021,Collin,9,2021-04-11,2022-01-01,10,31,0
48085,2022,Collin,16,2022-01-13,2023-01-02,9,66,0
48085,2023,Collin,16,2023-01-10,2023-11-08,6,55,0
48085,2024,Collin,16,2024-01-29,2024-12-17,9,50,0
48085,2025,Collin,11,2025-02-02,2025-12-28,7,37,0
48087,2015,Collingsworth,10,2015-01-18,2015-12-11,5,30,0
48087,2016,Collingsworth,9,2016-01-29,2016-12-17,6,25,0
48087,2017,Collingsworth,9,2017-02-06,2017-12-04,5,26,2
48087,2018,Collingsworth,8,2018-01-09,2018-11-30,4,20,7
48087,2019,Collingsworth,4,2019-01-06,2019-12-25,2,8,8
48087,2020,Collingsworth,9,2020-01-14,2020-12-10,5,23,23
48087,2021,Collingsworth,6,2021-10-08,2021-12-27,5,21,21
48087,2022,Collingsworth,7,2022-03-28,2022-07-20,4,18,18
48087,2023,Collingsworth,10,2023-01-01,2023-11-08,3,23,23
48087,2024,Collingsworth,9,2024-02-21,2024-10-30,8,30,30
48087,2025,Collingsworth,6,2025-02-02,2025-12-28,8,24,24
48089,2015,Colorado,3,2015-02-09,2015-12-27,6,13,0
48089,2016,Colorado,5,2016-03-15,2016-12-28,5,16,0
48089,2017,Colorado,9,2017-01-11,2017-11-18,5,29,0
48089,2018,Colorado,3,2018-05-15,2018-06-08,8,17,0
48089,2020,Colorado,2,2020-01-15,2020-03-27,4,6,0
48089,2021,Colorado,3,2021-02-04,2022-01-02,9,12,0
48089,2022,Colorado,8,2022-05-06,2022-12-10,16,56,0
48089,2023,Colorado,14,2023-01-11,2023-09-25,19,70,0
48089,2024,Colorado,8,2024-02-26,2024-12-18,7,28,0
48089,2025,Colorado,13,2025-02-02,2025-12-28,8,52,0
48091,2015,Comal,6,2015-01-28,2015-12-28,6,21,1
48091,2016,Comal,6,2016-02-01,2016-12-29,5,20,0
48091,2017,Comal,16,2017-01-11,2017-11-19,5,43,0
48091,2018,Comal,11,2018-03-17,2018-08-30,9,44,0
48091,2019,Comal,14,2019-04-10,2019-12-16,6,34,0
48091,2020,Comal,13,2020-03-13,2020-12-10,6,38,6
48091,2021,Comal,6,2021-04-09,2022-01-01,4,15,2
48091,2022,Comal,16,2022-01-14,2022-12-09,9,61,5
48091,2023,Comal,16,2023-01-02,2023-10-22,19,77,2
48091,2024,Comal,10,2024-02-26,2024-12-30,9,35,7
48091,2025,Comal,17,2025-02-03,2025-12-28,9,57,12
48093,2015,Comanche,8,2015-01-27,2015-12-24,5,21,0
48093,2016,Comanche,9,2016-01-29,2016-12-26,7,25,0
48093,2017,Comanche,9,2017-01-23,2017-11-28,9,28,0
48093,2018,Comanche,12,2018-01-20,2018-11-30,13,47,0
48093,2019,Comanche,10,2019-02-03,2019-12-24,14,37,0
48093,2020,Comanche,9,2020-01-14,2020-12-10,5,28,2
48093,2021,Comanche,8,2021-09-19,2022-01-01,11,32,0
48093,2022,Comanche,18,2022-01-13,2023-01-02,18,106,1
48093,2023,Comanche,20,2023-01-09,2023-11-08,22,114,0
48093,2024,Comanche,16,2024-02-20,2024-12-30,15,85,0
48093,2025,Comanche,23,2025-02-01,2025-12-28,8,74,0
48095,2015,Concho,9,2015-01-28,2015-12-27,5,23,0
48095,2016,Concho,6,2016-01-30,2016-12-18,4,18,0
48095,2017,Concho,11,2017-01-11,2017-11-06,5,32,0
48095,2018,Concho,7,2018-03-24,2018-12-01,8,24,0
48095,2019,Concho,10,2019-02-04,2019-12-25,4,24,0
48095,2020,Concho,8,2020-05-02,2020-10-12,8,30,0
48095,2021,Concho,9,2021-04-09,2021-12-31,9,34,0
48095,2022,Concho,14,2022-03-26,2022-12-09,9,51,0
48095,2023,Concho,20,2023-01-02,2023-11-09,14,87,0
48095,2024,Concho,15,2024-02-20,2024-12-31,5,46,0
48095,2025,Concho,17,2025-02-02,2025-12-29,7,48,0
48097,2015,Cooke,6,2015-01-27,2015-12-26,6,23,0
48097,2016,Cooke,5,2016-01-29,2016-12-28,6,17,0
48097,2017,Cooke,8,2017-01-10,2017-12-04,3,20,0
48097,2018,Cooke,8,2018-05-07,2018-10-30,6,26,0
48097,2019,Cooke,4,2019-01-06,2019-12-27,3,10,0
48097,2020,Cooke,5,2020-02-02,2020-12-10,3,12,0
48097,2021,Cooke,4,2021-10-08,2021-12-31,9,19,0
48097,2022,Cooke,13,2022-03-26,2022-10-23,8,54,0
48097,2023,Cooke,18,2023-01-01,2023-11-08,10,62,0
48097,2024,Cooke,10,2024-01-30,2024-12-18,5,33,0
48097,2025,Cooke,9,2025-02-03,2025-12-29,7,32,5
48099,2015,Coryell,11,2015-01-27,2015-12-24,6,32,0
48099,2016,Coryell,9,2016-01-29,2016-12-28,7,33,0
48099,2017,Coryell,12,2017-01-10,2017-11-06,6,34,0
48099,2018,Coryell,11,2018-03-16,2018-11-30,12,44,0
48099,2019,Coryell,8,2019-02-03,2019-10-10,15,33,0
48099,2020,Coryell,13,2020-01-14,2020-12-10,6,39,0
48099,2021,Coryell,6,2021-04-08,2022-01-01,10,24,0
48099,2022,Coryell,16,2022-01-13,2023-01-02,11,74,1
48099,2023,Coryell,17,2023-01-10,2023-11-08,15,76,2
48099,2024,Coryell,15,2024-02-20,2024-12-30,9,55,0
48099,2025,Coryell,16,2025-02-02,2025-12-28,7,55,0
48101,2015,Cottle,11,2015-01-26,2015-12-12,5,31,0
48101,2016,Cottle,10,2016-01-29,2016-12-26,3,22,0
48101,2017,Cottle,12,2017-01-10,2017-12-21,5,30,0
48101,2018,Cottle,10,2018-01-20,2018-11-30,9,37,0
48101,2019,Cottle,7,2019-01-05,2019-12-25,5,22,0
48101,2020,Cottle,14,2020-02-01,2020-12-10,5,40,0
48101,2021,Cottle,9,2021-09-10,2021-12-26,5,28,0
48101,2022,Cottle,15,2022-02-15,2022-12-06,13,62,2
48101,2023,Cottle,20,2023-01-01,2023-12-08,9,63,0
48101,2024,Cottle,13,2024-02-01,2024-10-30,9,52,0
48101,2025,Cottle,7,2025-02-02,2025-12-28,9,30,0
48103,2015,Crane,7,2015-02-07,2015-12-26,11,26,0
48103,2016,Crane,9,2016-01-31,2016-12-18,7,32,0
48103,2017,Crane,15,2017-01-01,2017-11-29,5,45,0
48103,2018,Crane,12,2018-02-15,2018-12-01,8,38,0
48103,2019,Crane,14,2019-02-04,2019-12-25,4,38,0
48103,2020,Crane,17,2020-03-26,2020-11-19,8,49,0
48103,2021,Crane,7,2021-10-08,2021-12-28,6,23,0
48103,2022,Crane,7,2022-03-27,2022-07-07,6,22,0
48103,2023,Crane,14,2023-01-01,2023-12-10,13,87,0
48103,2024,Crane,21,2024-01-19,2025-01-01,7,66,0
48103,2025,Crane,15,2025-02-03,2025-12-30,11,61,0
48105,2015,Crockett,10,2015-02-09,2015-12-26,7,35,0
48105,2016,Crockett,9,2016-01-30,2016-12-28,7,32,0
48105,2017,Crockett,14,2017-01-10,2017-12-04,5,42,0
48105,2018,Crockett,10,2018-03-24,2018-12-01,8,31,0
48105,2019,Crockett,15,2019-04-09,2019-12-25,5,47,0
48105,2020,Crockett,11,2020-03-25,2020-12-10,6,40,0
48105,2021,Crockett,13,2021-02-03,2022-01-01,11,45,0
48105,2022,Crockett,14,2022-01-13,2023-01-02,9,50,0
48105,2023,Crockett,15,2023-01-09,2023-11-08,17,87,0
48105,2024,Crockett,14,2024-02-20,2024-12-30,9,55,0
48105,2025,Crockett,11,2025-02-02,2025-12-28,8,43,2
48107,2015,Crosby,8,2015-01-27,2015-12-24,5,22,0
48107,2016,Crosby,11,2016-01-30,2016-11-17,4,29,0
48107,2017,Crosby,16,2017-02-06,2017-12-22,6,45,0
48107,2018,Crosby,15,2018-01-10,2018-11-30,6,41,0
48107,2019,Crosby,12,2019-01-06,2019-12-26,6,34,0
48107,2020,Crosby,17,2020-01-14,2020-12-11,9,56,0
48107,2021,Crosby,9,2021-04-26,2021-12-25,5,26,0
48107,2022,Crosby,16,2022-01-14,2022-12-07,8,61,0
48107,2023,Crosby,20,2023-01-01,2023-11-09,8,60,0
48107,2024,Crosby,18,2024-02-02,2024-12-31,12,56,0
48107,2025,Crosby,13,2025-02-02,2025-12-28,6,36,0
48109,2015,Culberson,4,2015-01-19,2015-09-18,5,12,0
48109,2016,Culberson,5,2016-02-11,2016-12-16,4,15,0
48109,2017,Culberson,8,2017-01-09,2017-11-28,9,31,0
48109,2018,Culberson,7,2018-02-04,2018-11-30,3,16,0
48109,2019,Culberson,3,2019-07-20,2019-08-19,3,7,0
48109,2020,Culberson,10,2020-01-14,2020-11-20,6,36,0
48109,2021,Culberson,11,2021-02-02,2021-12-27,7,40,0
48109,2022,Culberson,7,2022-01-13,2022-11-04,3,16,0
48109,2023,Culberson,7,2023-02-06,2023-11-07,5,22,0
48109,2024,Culberson,6,2024-02-25,2024-12-30,3,14,0
48109,2025,Culberson,5,2025-01-02,2025-12-26,10,25,0
48111,2015,Dallam,12,2015-01-27,2015-12-12,5,36,5
48111,2016,Dallam,14,2016-01-30,2016-11-18,6,45,1
48111,2017,Dallam,21,2017-01-31,2017-12-04,5,55,11
48111,2018,Dallam,13,2018-01-10,2018-11-30,8,37,25
48111,2019,Dallam,10,2019-01-05,2019-12-26,6,32,30
48111,2020,Dallam,14,2020-03-25,2020-12-27,9,56,40
48111,2021,Dallam,16,2021-02-03,2021-12-27,6,47,27
48111,2022,Dallam,14,2022-01-13,2022-10-23,14,53,52
48111,2023,Dallam,20,2023-01-01,2023-12-22,13,70,70
48111,2024,Dallam,17,2024-01-30,2024-12-16,10,58,58
48111,2025,Dallam,10,2025-02-02,2025-12-28,9,44,44
48113,2015,Dallas,10,2015-01-26,2015-12-26,6,33,0
48113,2016,Dallas,8,2016-01-29,2016-12-28,7,29,0
48113,2017,Dallas,12,2017-01-10,2017-12-04,6,32,0
48113,2018,Dallas,9,2018-05-07,2018-07-23,8,35,0
48113,2019,Dallas,8,2019-02-04,2019-12-25,6,25,0
48113,2020,Dallas,8,2020-01-14,2020-12-10,4,22,0
48113,2021,Dallas,10,2021-03-15,2022-01-01,10,37,0
48113,2022,Dallas,16,2022-01-13,2023-01-02,8,59,0
48113,2023,Dallas,12,2023-01-10,2023-11-08,10,52,0
48113,2024,Dallas,11,2024-01-30,2024-12-17,4,35,0
48113,2025,Dallas,13,2025-02-02,2025-12-28,7,43,0
48115,2015,Dawson,6,2015-01-28,2015-12-12,4,14,0
48115,2016,Dawson,8,2016-01-30,2016-12-18,5,24,0
48115,2017,Dawson,12,2017-02-06,2017-11-29,10,36,2
48115,2018,Dawson,12,2018-01-10,2018-11-30,7,36,5
48115,2019,Dawson,7,2019-02-03,2019-12-25,4,19,12
48115,2020,Dawson,10,2020-01-14,2020-11-20,9,38,36
48115,2021,Dawson,8,2021-02-03,2021-12-27,6,26,26
48115,2022,Dawson,10,2022-03-26,2022-08-05,4,33,33
48115,2023,Dawson,14,2023-01-01,2023-11-08,10,52,52
48115,2024,Dawson,10,2024-02-21,2024-12-30,11,35,35
48115,2025,Dawson,12,2025-02-02,2025-12-28,8,38,38
48117,2015,Deaf Smith,9,2015-01-28,2015-12-12,5,24,0
48117,2016,Deaf Smith,13,2016-01-24,2016-12-29,5,38,1
48117,2017,Deaf Smith,7,2017-02-05,2017-11-18,8,28,7
48117,2018,Deaf Smith,13,2018-01-10,2018-11-30,8,42,0
48117,2019,Deaf Smith,11,2019-01-06,2019-12-25,7,33,0
48117,2020,Deaf Smith,15,2020-02-03,2020-12-10,7,55,2
48117,2021,Deaf Smith,13,2021-04-06,2021-12-27,6,36,18
48117,2022,Deaf Smith,13,2022-01-13,2022-09-19,7,43,9
48117,2023,Deaf Smith,20,2023-01-01,2023-12-09,7,63,16
48117,2024,Deaf Smith,14,2024-02-20,2024-12-31,11,44,1
48117,2025,Deaf Smith,12,2025-02-03,2025-12-28,7,36,6
48119,2015,Delta,11,2015-01-27,2015-12-27,6,38,38
48119,2016,Delta,11,2016-01-30,2016-12-29,8,38,38
48119,2017,Delta,12,2017-01-10,2017-12-22,6,34,34
48119,2018,Delta,10,2018-05-07,2018-10-30,9,38,38
48119,2019,Delta,7,2019-01-06,2019-12-28,10,31,31
48119,2020,Delta,10,2020-01-15,2020-12-23,4,25,25
48119,2021,Delta,8,2021-04-12,2022-01-01,9,31,31
48119,2022,Delta,15,2022-03-03,2022-12-30,14,80,80
48119,2023,Delta,16,2023-01-01,2023-11-08,10,57,57
48119,2024,Delta,12,2024-01-30,2024-12-18,10,43,43
48119,2025,Delta,12,2025-02-02,2025-12-28,9,48,48
48121,2015,Denton,10,2015-01-26,2015-12-26,6,32,0
48121,2016,Denton,9,2016-01-29,2016-12-28,8,31,0
48121,2017,Denton,14,2017-01-10,2017-12-04,7,36,0
48121,2018,Denton,13,2018-04-12,2018-11-30,8,42,0
48121,2019,Denton,8,2019-01-06,2019-12-25,11,27,0
48121,2020,Denton,10,2020-02-02,2020-12-22,4,26,0
48121,2021,Denton,7,2021-10-07,2021-12-30,8,31,0
48121,2022,Denton,15,2022-01-13,2022-12-06,13,69,0
48121,2023,Denton,19,2023-01-01,2023-11-08,11,82,0
48121,2024,Denton,13,2024-01-30,2024-12-17,9,45,0
48121,2025,Denton,12,2025-02-02,2025-12-28,7,39,0
48123,2015,DeWitt,9,2015-01-28,2015-12-28,7,35,0
48123,2016,DeWitt,13,2016-02-01,2016-12-29,6,51,0
48123,2017,DeWitt,16,2017-01-11,2017-12-23,6,51,0
48123,2018,DeWitt,7,2018-03-17,2018-11-08,15,51,0
48123,2019,DeWitt,12,2019-04-10,2019-12-16,11,41,0
48123,2020,DeWitt,19,2020-01-15,2020-12-11,6,61,0
48123,2021,DeWitt,9,2021-01-26,2021-12-30,7,30,0
48123,2022,DeWitt,20,2022-01-01,2022-12-11,13,89,0
48123,2023,DeWitt,19,2023-01-01,2023-11-09,45,135,0
48123,2024,DeWitt,23,2024-02-25,2024-12-31,19,117,0
48123,2025,DeWitt,28,2025-02-02,2025-12-28,14,142,6
48125,2015,Dickens,8,2015-01-27,2015-12-13,5,24,0
48125,2016,Dickens,8,2016-01-30,2016-11-17,4,20,0
48125,2017,Dickens,13,2017-01-24,2017-12-21,7,36,0
48125,2018,Dickens,10,2018-01-10,2018-11-30,6,30,0
48125,2019,Dickens,9,2019-02-04,2019-12-26,4,22,0
48125,2020,Dickens,14,2020-01-14,2020-12-11,7,45,0
48125,2021,Dickens,9,2021-04-26,2021-12-25,5,27,0
48125,2022,Dickens,14,2022-01-14,2022-12-07,10,46,0
48125,2023,Dickens,19,2023-01-01,2023-11-09,6,54,0
48125,2024,Dickens,15,2024-02-21,2024-12-31,10,49,0
48125,2025,Dickens,12,2025-02-02,2025-12-29,7,33,0
48127,2015,Dimmit,2,2015-09-07,2015-12-25,3,5,0
48127,2016,Dimmit,11,2016-01-31,2016-12-29,7,33,0
48127,2017,Dimmit,13,2017-01-02,2017-11-19,6,35,0
48127,2018,Dimmit,9,2018-03-18,2018-12-27,7,30,0
48127,2019,Dimmit,12,2019-02-15,2019-12-16,6,39,0
48127,2020,Dimmit,14,2020-01-15,2020-12-29,6,39,0
48127,2021,Dimmit,13,2021-02-04,2022-01-02,5,39,0
48127,2022,Dimmit,8,2022-03-26,2022-11-08,7,32,0
48127,2023,Dimmit,17,2023-01-01,2023-10-28,13,80,0
48127,2024,Dimmit,19,2024-02-21,2024-12-31,9,73,0
48127,2025,Dimmit,21,2025-02-02,2025-12-28,9,76,0
48129,2015,Donley,9,2015-01-19,2015-12-12,5,27,0
48129,2016,Donley,8,2016-01-30,2016-11-18,4,19,0
48129,2017,Donley,10,2017-02-06,2017-11-25,3,22,2
48129,2018,Donley,8,2018-01-20,2018-11-30,6,24,24
48129,2019,Donley,5,2019-01-06,2019-12-25,4,13,13
48129,2020,Donley,11,2020-01-14,2020-12-10,6,32,32
48129,2021,Donley,8,2021-02-03,2021-12-27,5,24,24
48129,2022,Donley,7,2022-03-03,2022-07-20,9,27,27
48129,2023,Donley,14,2023-01-01,2023-11-08,6,36,36
48129,2024,Donley,11,2024-02-21,2024-12-31,10,38,38
48129,2025,Donley,13,2025-02-02,2025-12-28,8,39,39
48131,2015,Duval,7,2015-02-09,2015-12-27,7,24,1
48131,2016,Duval,8,2016-01-31,2016-12-27,4,20,0
48131,2017,Duval,12,2017-01-11,2017-11-18,6,39,0
48131,2018,Duval,7,2018-02-19,2018-06-08,4,17,0
48131,2019,Duval,7,2019-06-07,2019-12-16,5,21,0
48131,2020,Duval,11,2020-01-10,2020-12-31,4,32,0
48131,2021,Duval,8,2021-02-25,2022-01-02,8,25,0
48131,2022,Duval,14,2022-02-22,2022-10-15,10,43,2
48131,2023,Duval,21,2023-01-01,2023-10-30,23,110,0
48131,2024,Duval,18,2024-02-26,2024-12-31,11,69,0
48131,2025,Duval,18,2025-02-03,2025-12-29,11,88,0
48133,2015,Eastland,9,2015-01-27,2015-12-26,6,31,31
48133,2016,Eastland,9,2016-01-30,2016-12-28,7,30,30
48133,2017,Eastland,14,2017-01-10,2017-12-04,9,44,44
48133,2018,Eastland,9,2018-03-24,2018-11-30,9,35,35
48133,2019,Eastland,9,2019-01-06,2019-12-25,6,26,26
48133,2020,Eastland,12,2020-01-14,2020-12-11,5,36,36
48133,2021,Eastland,8,2021-09-18,2021-12-31,9,34,34
48133,2022,Eastland,17,2022-01-18,2022-12-07,17,88,88
48133,2023,Eastland,21,2023-01-01,2023-11-08,22,94,94
48133,2024,Eastland,15,2024-02-21,2024-12-30,11,54,54
48133,2025,Eastland,18,2025-02-02,2025-12-28,7,57,57
48135,2015,Ector,6,2015-01-27,2015-12-25,4,15,0
48135,2016,Ector,8,2016-01-30,2017-01-01,8,32,0
48135,2017,Ector,15,2017-01-09,2017-11-28,7,47,0
48135,2018,Ector,11,2018-01-09,2018-11-30,8,30,0
48135,2019,Ector,10,2019-02-03,2019-12-15,4,28,0
48135,2020,Ector,15,2020-03-25,2020-11-20,5,43,0
48135,2021,Ector,9,2021-02-02,2021-12-28,7,32,0
48135,2022,Ector,12,2022-03-26,2023-01-02,8,34,0
48135,2023,Ector,17,2023-01-09,2023-12-08,14,80,0
48135,2024,Ector,12,2024-02-01,2024-12-30,5,32,0
48135,2025,Ector,7,2025-02-02,2025-12-28,7,30,0
48137,2015,Edwards,7,2015-01-27,2015-12-26,5,21,9
48137,2016,Edwards,8,2016-01-30,2016-12-28,3,17,3
48137,2017,Edwards,13,2017-01-10,2017-12-04,10,44,30
48137,2018,Edwards,6,2018-03-17,2018-07-24,5,15,0
48137,2019,Edwards,8,2019-02-15,2019-12-15,3,17,0
48137,2020,Edwards,6,2020-01-05,2020-12-10,5,16,0
48137,2021,Edwards,7,2021-04-08,2022-01-01,11,26,0
48137,2022,Edwards,12,2022-01-13,2023-01-02,6,39,9
48137,2023,Edwards,16,2023-01-10,2023-10-21,9,62,0
48137,2024,Edwards,16,2024-02-25,2024-12-31,5,49,13
48137,2025,Edwards,19,2025-02-02,2025-12-28,9,71,46
48139,2015,Ellis,8,2015-01-27,2015-12-26,6,27,0
48139,2016,Ellis,8,2016-01-29,2016-12-28,7,30,0
48139,2017,Ellis,11,2017-01-10,2017-12-04,5,29,0
48139,2018,Ellis,10,2018-03-16,2018-10-28,8,39,0
48139,2019,Ellis,11,2019-02-04,2019-11-21,7,32,0
48139,2020,Ellis,14,2020-01-14,2020-12-23,4,34,0
48139,2021,Ellis,10,2021-04-08,2022-01-01,10,39,0
48139,2022,Ellis,18,2022-01-13,2023-01-02,15,94,0
48139,2023,Ellis,14,2023-01-10,2023-11-08,15,64,0
48139,2024,Ellis,11,2024-01-29,2024-12-17,4,35,0
48139,2025,Ellis,16,2025-02-02,2025-12-28,7,51,0
48141,2015,El Paso,3,2015-02-06,2015-12-11,5,9,0
48141,2016,El Paso,6,2016-02-12,2016-12-17,5,19,0
48141,2017,El Paso,19,2017-01-09,2017-12-31,10,70,0
48141,2018,El Paso,18,2018-01-06,2018-12-25,6,48,0
48141,2019,El Paso,13,2019-02-03,2019-12-15,6,34,0
48141,2020,El Paso,22,2020-01-13,2020-12-28,8,82,0
48141,2021,El Paso,12,2021-02-02,2021-12-27,7,39,0
48141,2022,El Paso,14,2022-01-06,2022-12-06,5,40,0
48141,2023,El Paso,17,2023-01-09,2023-12-08,9,65,0
48141,2024,El Paso,21,2024-01-30,2024-12-31,11,71,0
48141,2025,El Paso,15,2025-01-02,2025-12-28,13,66,0
48143,2015,Erath,7,2015-01-26,2015-12-24,7,28,0
48143,2016,Erath,11,2016-01-29,2016-12-28,8,41,2
48143,2017,Erath,16,2017-01-10,2017-12-11,7,41,0
48143,2018,Erath,14,2018-01-20,2018-11-30,9,52,1
48143,2019,Erath,9,2019-02-03,2019-12-09,15,34,0
48143,2020,Erath,14,2020-01-14,2020-12-22,5,39,0
48143,2021,Erath,8,2021-09-19,2022-01-01,10,32,0
48143,2022,Erath,21,2022-01-13,2023-01-02,20,113,0
48143,2023,Erath,19,2023-01-09,2023-11-08,16,78,1
48143,2024,Erath,11,2024-01-30,2024-12-30,6,40,0
48143,2025,Erath,15,2025-02-01,2025-12-28,7,48,0
48145,2015,Falls,8,2015-01-28,2015-12-27,6,22,0
48145,2016,Falls,6,2016-01-30,2016-12-28,6,23,16
48145,2017,Falls,7,2017-01-10,2017-11-18,6,23,23
48145,2018,Falls,5,2018-05-12,2018-07-24,10,37,37
48145,2019,Falls,5,2019-02-04,2019-10-06,13,24,24
48145,2020,Falls,9,2020-03-24,2020-12-10,4,23,23
48145,2021,Falls,5,2021-10-25,2022-01-01,10,21,21
48145,2022,Falls,13,2022-03-05,2022-12-09,18,82,82
48145,2023,Falls,20,2023-01-01,2023-11-08,16,88,88
48145,2024,Falls,12,2024-02-25,2024-12-28,9,44,44
48145,2025,Falls,14,2025-02-02,2025-12-28,7,54,54
48147,2015,Fannin,9,2015-01-19,2015-12-26,7,36,0
48147,2016,Fannin,10,2016-01-29,2016-12-29,7,36,0
48147,2017,Fannin,12,2017-01-11,2017-12-04,3,27,0
48147,2018,Fannin,7,2018-05-07,2018-10-29,6,19,0
48147,2019,Fannin,8,2019-01-07,2019-10-03,5,23,0
48147,2020,Fannin,8,2020-03-11,2020-12-23,3,20,0
48147,2021,Fannin,8,2021-06-13,2021-12-31,8,30,0
48147,2022,Fannin,14,2022-01-13,2022-12-29,8,60,0
48147,2023,Fannin,14,2023-01-01,2023-12-09,10,45,0
48147,2024,Fannin,18,2024-01-30,2024-12-18,9,69,0
48147,2025,Fannin,13,2025-02-05,2025-12-28,8,39,0
48149,2015,Fayette,6,2015-01-27,2015-12-27,7,25,0
48149,2016,Fayette,10,2016-01-30,2016-12-28,5,31,0
48149,2017,Fayette,12,2017-01-10,2017-11-18,5,37,0
48149,2018,Fayette,4,2018-03-17,2018-06-08,7,16,0
48149,2019,Fayette,7,2019-04-09,2019-10-20,11,32,0
48149,2020,Fayette,18,2020-01-15,2020-12-30,6,57,0
48149,2021,Fayette,9,2021-01-18,2022-01-01,10,32,0
48149,2022,Fayette,23,2022-01-13,2023-01-02,16,97,0
48149,2023,Fayette,17,2023-01-06,2023-12-09,22,94,0
48149,2024,Fayette,17,2024-03-04,2024-12-28,12,58,0
48149,2025,Fayette,21,2025-02-02,2025-12-28,10,79,7
48151,2015,Fisher,10,2015-01-28,2015-12-24,6,29,2
48151,2016,Fisher,9,2016-01-30,2016-12-26,6,23,1
48151,2017,Fisher,11,2017-01-10,2017-11-28,4,24,2
48151,2018,Fisher,9,2018-01-30,2018-11-30,9,32,0
48151,2019,Fisher,8,2019-02-04,2019-12-26,4,23,6
48151,2020,Fisher,8,2020-03-26,2020-10-12,8,29,10
48151,2021,Fisher,9,2021-02-03,2021-12-30,9,32,32
48151,2022,Fisher,10,2022-03-27,2022-09-22,4,30,30
48151,2023,Fisher,19,2023-01-01,2023-11-09,9,59,59
48151,2024,Fisher,7,2024-02-21,2024-10-30,11,27,27
48151,2025,Fisher,8,2025-02-02,2025-12-28,7,28,28
48153,2015,Floyd,7,2015-01-19,2015-12-12,5,19,0
48153,2016,Floyd,9,2016-01-30,2016-11-18,4,23,0
48153,2017,Floyd,8,2017-02-06,2017-12-05,4,19,0
48153,2018,Floyd,9,2018-01-10,2018-11-30,4,25,0
48153,2019,Floyd,8,2019-01-05,2019-12-25,4,21,0
48153,2020,Floyd,11,2020-01-14,2020-12-11,9,37,0
48153,2021,Floyd,9,2021-02-03,2021-12-25,5,25,0
48153,2022,Floyd,12,2022-01-14,2022-12-07,4,32,0
48153,2023,Floyd,18,2023-01-01,2023-12-09,4,45,0
48153,2024,Floyd,16,2024-02-02,2024-12-31,9,46,0
48153,2025,Floyd,11,2025-02-03,2025-12-28,6,30,0
48155,2015,Foard,13,2015-01-19,2015-12-23,6,39,39
48155,2016,Foard,7,2016-01-29,2016-12-26,7,24,24
48155,2017,Foard,16,2017-01-10,2017-12-04,6,42,42
48155,2018,Foard,9,2018-03-23,2018-11-30,9,37,37
48155,2019,Foard,8,2019-01-06,2019-12-26,5,26,26
48155,2020,Foard,13,2020-01-14,2020-12-11,6,39,39
48155,2021,Foard,10,2021-02-03,2021-12-31,10,38,38
48155,2022,Foard,18,2022-01-13,2022-10-23,14,74,74
48155,2023,Foard,24,2023-01-01,2023-12-08,10,82,82
48155,2024,Foard,17,2024-01-31,2024-12-16,14,64,64
48155,2025,Foard,18,2025-02-02,2025-12-28,9,53,53
48157,2015,Fort Bend,10,2015-01-27,2015-12-27,6,34,0
48157,2016,Fort Bend,4,2016-03-14,2016-12-28,5,13,0
48157,2017,Fort Bend,14,2017-01-10,2017-12-22,11,48,0
48157,2018,Fort Bend,19,2018-01-20,2018-12-01,10,66,0
48157,2019,Fort Bend,5,2019-02-05,2019-12-16,3,13,0
48157,2020,Fort Bend,11,2020-01-15,2020-12-10,4,29,0
48157,2021,Fort Bend,12,2021-01-24,2022-01-01,10,45,0
48157,2022,Fort Bend,18,2022-01-08,2023-01-03,10,68,0
48157,2023,Fort Bend,19,2023-01-06,2023-11-08,22,130,0
48157,2024,Fort Bend,16,2024-02-26,2024-12-18,8,62,0
48157,2025,Fort Bend,18,2025-02-02,2025-12-28,9,74,0
48159,2015,Franklin,8,2015-01-28,2015-12-27,6,26,0
48159,2016,Franklin,13,2016-01-30,2016-12-29,8,44,0
48159,2017,Franklin,9,2017-01-11,2017-12-05,5,26,0
48159,2018,Franklin,11,2018-05-08,2018-09-20,7,36,0
48159,2019,Franklin,6,2019-02-05,2019-12-28,6,20,0
48159,2020,Franklin,8,2020-03-12,2020-12-11,4,21,0
48159,2021,Franklin,7,2021-04-12,2022-01-01,9,27,0
48159,2022,Franklin,20,2022-01-14,2022-12-08,7,73,1
48159,2023,Franklin,14,2023-01-02,2023-11-08,10,49,31
48159,2024,Franklin,8,2024-02-26,2024-12-16,8,27,0
48159,2025,Franklin,8,2025-02-03,2025-12-29,7,29,0
48161,2015,Freestone,6,2015-01-27,2015-12-27,6,24,24
48161,2016,Freestone,6,2016-01-30,2016-12-28,7,22,22
48161,2017,Freestone,8,2017-01-11,2017-11-18,5,23,23
48161,2018,Freestone,4,2018-05-13,2018-07-24,9,30,30
48161,2019,Freestone,5,2019-02-05,2019-10-06,9,17,17
48161,2020,Freestone,5,2020-03-25,2020-12-10,3,12,12
48161,2021,Freestone,5,2021-10-08,2022-01-01,9,20,20
48161,2022,Freestone,9,2022-03-26,2022-12-09,14,56,56
48161,2023,Freestone,15,2023-01-01,2023-11-08,16,65,65
48161,2024,Freestone,5,2024-02-25,2024-12-17,9,25,25
48161,2025,Freestone,10,2025-02-02,2025-12-28,8,43,43
48163,2015,Frio,12,2015-01-19,2015-12-28,8,50,0
48163,2016,Frio,13,2016-01-30,2016-12-28,8,48,0
48163,2017,Frio,10,2017-01-02,2017-12-05,6,29,0
48163,2018,Frio,6,2018-02-04,2018-07-25,8,20,0
48163,2020,Frio,3,2020-03-25,2020-10-12,3,8,8
48163,2021,Frio,6,2021-03-11,2022-01-02,5,15,11
48163,2022,Frio,6,2022-03-26,2022-07-13,6,20,18
48163,2023,Frio,14,2023-01-01,2023-09-25,12,70,15
48163,2024,Frio,8,2024-02-26,2024-12-30,8,31,5
48163,2025,Frio,7,2025-02-03,2025-12-28,6,23,23
48165,2015,Gaines,7,2015-02-07,2015-12-12,5,20,0
48165,2016,Gaines,5,2016-01-30,2016-11-17,5,18,0
48165,2017,Gaines,13,2017-01-10,2017-12-22,7,38,0
48165,2018,Gaines,11,2018-01-09,2018-11-30,5,35,0
48165,2019,Gaines,10,2019-01-06,2019-12-15,4,26,1
48165,2020,Gaines,14,2020-01-14,2020-11-20,10,46,0
48165,2021,Gaines,10,2021-02-03,2021-12-28,7,33,0
48165,2022,Gaines,9,2022-03-26,2022-08-05,9,38,0
48165,2023,Gaines,15,2023-01-01,2023-12-08,9,53,0
48165,2024,Gaines,15,2024-02-20,2024-12-30,5,38,0
48165,2025,Gaines,13,2025-02-02,2025-12-28,7,42,0
48167,2015,Galveston,10,2015-01-27,2015-12-27,9,41,0
48167,2016,Galveston,10,2016-02-11,2016-12-29,7,41,0
48167,2017,Galveston,28,2017-01-01,2017-12-22,12,100,0
48167,2018,Galveston,19,2018-02-14,2018-12-02,19,90,0
48167,2019,Galveston,16,2019-01-06,2019-12-16,16,66,0
48167,2020,Galveston,23,2020-01-05,2020-12-10,10,78,0
48167,2021,Galveston,21,2021-01-24,2022-01-01,10,68,0
48167,2022,Galveston,25,2022-01-05,2022-12-29,22,117,0
48167,2023,Galveston,25,2023-01-01,2023-11-09,11,100,0
48167,2024,Galveston,20,2024-02-23,2024-12-28,7,62,0
48167,2025,Galveston,18,2025-02-03,2025-12-28,9,69,0
48169,2015,Garza,11,2015-01-27,2015-12-12,7,32,0
48169,2016,Garza,12,2016-01-30,2016-11-18,6,42,0
48169,2017,Garza,18,2017-01-24,2017-11-29,6,46,0
48169,2018,Garza,13,2018-01-10,2018-11-30,6,38,0
48169,2019,Garza,14,2019-02-04,2019-10-07,6,40,0
48169,2020,Garza,16,2020-01-14,2020-12-11,10,52,0
48169,2021,Garza,10,2021-02-03,2021-12-27,6,33,0
48169,2022,Garza,18,2022-01-14,2022-12-30,9,65,0
48169,2023,Garza,23,2023-01-01,2023-12-09,14,89,0
48169,2024,Garza,19,2024-02-02,2024-12-31,12,61,0
48169,2025,Garza,13,2025-02-03,2025-12-28,7,41,0
48171,2015,Gillespie,7,2015-01-27,2015-12-27,6,26,0
48171,2016,Gillespie,8,2016-01-30,2016-12-28,4,22,0
48171,2017,Gillespie,6,2017-01-11,2017-11-07,6,18,0
48171,2018,Gillespie,8,2018-03-17,2018-11-07,9,30,0
48171,2019,Gillespie,5,2019-09-18,2019-12-16,5,15,0
48171,2020,Gillespie,9,2020-01-14,2020-12-10,6,28,0
48171,2021,Gillespie,6,2021-09-18,2022-01-01,6,20,0
48171,2022,Gillespie,11,2022-03-26,2022-11-07,15,52,0
48171,2023,Gillespie,16,2023-01-01,2023-10-22,18,84,0
48171,2024,Gillespie,8,2024-02-25,2024-12-31,8,35,0
48171,2025,Gillespie,13,2025-02-02,2025-12-28,7,51,0
48173,2015,Glasscock,7,2015-01-27,2015-12-24,6,21,21
48173,2016,Glasscock,8,2016-01-30,2016-11-17,7,29,29
48173,2017,Glasscock,9,2017-01-10,2017-11-18,7,36,36
48173,2018,Glasscock,6,2018-03-23,2018-11-30,8,25,25
48173,2019,Glasscock,10,2019-02-04,2019-12-25,5,26,26
48173,2020,Glasscock,8,2020-01-14,2020-10-12,8,32,32
48173,2021,Glasscock,9,2021-02-03,2021-12-30,9,33,33
48173,2022,Glasscock,11,2022-03-26,2022-08-05,9,45,45
48173,2023,Glasscock,16,2023-01-01,2023-11-08,15,78,78
48173,2024,Glasscock,11,2024-02-20,2024-12-30,12,45,45
48173,2025,Glasscock,9,2025-02-02,2025-12-28,9,35,35
48175,2015,Goliad,1,2015-12-24,2015-12-27,4,4,0
48175,2016,Goliad,6,2016-03-14,2016-12-29,4,16,0
48175,2017,Goliad,4,2017-01-12,2017-02-25,4,11,0
48175,2018,Goliad,3,2018-03-19,2018-06-06,3,7,0
48175,2019,Goliad,2,2019-04-10,2019-10-16,2,4,0
48175,2020,Goliad,4,2020-01-15,2020-11-28,4,11,0
48175,2021,Goliad,2,2021-12-10,2021-12-30,2,4,0
48175,2022,Goliad,5,2022-01-01,2022-06-13,3,12,0
48175,2023,Goliad,8,2023-01-07,2023-10-22,5,23,0
48175,2024,Goliad,6,2024-10-14,2025-01-01,4,16,0
48175,2025,Goliad,9,2025-02-05,2025-12-29,7,31,0
48177,2015,Gonzales,9,2015-01-28,2015-12-28,7,32,0
48177,2016,Gonzales,11,2016-02-01,2016-12-29,5,35,0
48177,2017,Gonzales,14,2017-01-03,2017-12-05,6,47,0
48177,2018,Gonzales,5,2018-03-18,2018-07-25,16,37,0
48177,2019,Gonzales,9,2019-04-09,2019-12-15,8,45,0
48177,2020,Gonzales,18,2020-01-09,2020-12-29,6,57,0
48177,2021,Gonzales,5,2021-04-08,2022-01-01,9,19,0
48177,2022,Gonzales,15,2022-02-21,2022-12-14,15,91,0
48177,2023,Gonzales,17,2023-01-01,2023-11-08,23,127,0
48177,2024,Gonzales,15,2024-02-25,2024-12-31,18,91,0
48177,2025,Gonzales,20,2025-02-02,2025-12-28,10,102,0
48179,2015,Gray,10,2015-01-19,2015-12-12,5,28,0
48179,2016,Gray,11,2016-01-30,2016-12-25,4,28,0
48179,2017,Gray,11,2017-02-05,2017-11-25,4,28,0
48179,2018,Gray,12,2018-01-10,2018-11-30,9,34,0
48179,2019,Gray,9,2019-01-06,2019-12-26,6,32,0
48179,2020,Gray,13,2020-01-14,2020-12-10,7,39,0
48179,2021,Gray,9,2021-04-26,2021-12-27,4,26,0
48179,2022,Gray,13,2022-02-16,2022-12-29,6,34,0
48179,2023,Gray,15,2023-01-02,2023-12-23,7,46,0
48179,2024,Gray,18,2024-02-01,2024-11-25,12,63,0
48179,2025,Gray,11,2025-02-02,2025-12-28,6,36,0
48181,2015,Grayson,12,2015-01-26,2015-12-26,6,43,0
48181,2016,Grayson,8,2016-01-29,2016-12-28,8,28,0
48181,2017,Grayson,14,2017-01-10,2017-12-11,3,33,0
48181,2018,Grayson,12,2018-01-20,2018-10-29,8,37,0
48181,2019,Grayson,9,2019-01-05,2019-12-26,4,28,0
48181,2020,Grayson,10,2020-03-10,2020-12-27,4,27,0
48181,2021,Grayson,7,2021-10-07,2021-12-31,9,29,0
48181,2022,Grayson,19,2022-01-13,2023-01-02,9,66,0
48181,2023,Grayson,17,2023-01-10,2023-11-08,10,67,0
48181,2024,Grayson,19,2024-01-29,2024-12-17,5,61,0
48181,2025,Grayson,12,2025-02-02,2025-12-28,9,39,0
48183,2015,Gregg,9,2015-01-28,2015-12-28,7,33,0
48183,2016,Gregg,10,2016-01-30,2016-12-29,9,41,0
48183,2017,Gregg,14,2017-01-11,2017-12-22,6,42,0
48183,2018,Gregg,9,2018-05-14,2018-10-29,7,37,0
48183,2019,Gregg,6,2019-02-05,2019-12-28,12,27,0
48183,2020,Gregg,8,2020-01-15,2020-12-11,4,21,0
48183,2021,Gregg,8,2021-04-12,2022-01-01,9,30,0
48183,2022,Gregg,15,2022-03-03,2022-12-09,17,76,0
48183,2023,Gregg,21,2023-01-02,2023-11-08,10,77,0
48183,2024,Gregg,14,2024-01-30,2024-12-18,8,44,0
48183,2025,Gregg,10,2025-02-02,2025-12-28,8,42,0
48185,2015,Grimes,6,2015-01-27,2015-12-27,8,29,29
48185,2016,Grimes,8,2016-01-30,2016-12-29,8,34,34
48185,2017,Grimes,13,2017-01-10,2017-12-22,6,40,40
48185,2018,Grimes,8,2018-03-17,2018-12-01,9,36,36
48185,2019,Grimes,10,2019-01-07,2019-12-26,9,36,36
48185,2020,Grimes,13,2020-01-15,2020-12-28,4,34,34
48185,2021,Grimes,9,2021-01-25,2022-01-01,10,32,32
48185,2022,Grimes,15,2022-03-04,2022-12-10,22,102,102
48185,2023,Grimes,17,2023-01-01,2023-11-08,29,113,113
48185,2024,Grimes,14,2024-02-25,2024-12-28,16,58,58
48185,2025,Grimes,16,2025-02-02,2025-12-28,9,70,70
48187,2015,Guadalupe,10,2015-01-27,2015-12-27,11,43,0
48187,2016,Guadalupe,11,2016-01-30,2016-12-28,5,35,0
48187,2017,Guadalupe,16,2017-01-02,2017-12-22,12,56,0
48187,2018,Guadalupe,9,2018-03-17,2018-12-01,9,40,0
48187,2019,Guadalupe,9,2019-01-07,2019-12-16,25,55,0
48187,2020,Guadalupe,20,2020-01-09,2020-12-30,10,78,0
48187,2021,Guadalupe,8,2021-01-25,2022-01-01,9,29,0
48187,2022,Guadalupe,18,2022-03-04,2022-12-14,15,107,0
48187,2023,Guadalupe,19,2023-01-01,2023-10-29,22,124,0
48187,2024,Guadalupe,16,2024-02-22,2024-12-31,18,85,0
48187,2025,Guadalupe,20,2025-02-02,2025-12-28,8,82,0
48189,2015,Hale,12,2015-01-19,2015-12-12,5,33,0
48189,2016,Hale,10,2016-01-30,2016-12-25,4,29,0
48189,2017,Hale,14,2017-02-06,2017-12-22,8,42,0
48189,2018,Hale,12,2018-01-10,2018-11-30,7,35,0
48189,2019,Hale,11,2019-01-06,2019-12-25,7,33,0
48189,2020,Hale,16,2020-01-14,2020-12-11,7,54,0
48189,2021,Hale,12,2021-02-03,2021-12-27,5,37,0
48189,2022,Hale,19,2022-01-14,2022-12-07,6,56,0
48189,2023,Hale,21,2023-01-01,2023-12-09,7,62,0
48189,2024,Hale,20,2024-02-02,2024-12-31,12,59,0
48189,2025,Hale,14,2025-02-03,2025-12-28,7,40,0
48191,2015,Hall,10,2015-01-19,2015-12-13,5,29,0
48191,2016,Hall,12,2016-01-30,2016-11-22,4,32,0
48191,2017,Hall,17,2017-01-24,2017-12-12,4,38,0
48191,2018,Hall,17,2018-01-10,2018-11-30,6,45,0
48191,2019,Hall,12,2019-01-06,2019-12-26,7,34,0
48191,2020,Hall,17,2020-01-14,2020-12-11,9,52,0
48191,2021,Hall,12,2021-02-03,2021-12-27,4,31,0
48191,2022,Hall,19,2022-02-21,2022-10-23,7,58,0
48191,2023,Hall,18,2023-01-01,2023-11-09,7,48,0
48191,2024,Hall,14,2024-02-21,2024-10-31,12,49,0
48191,2025,Hall,11,2025-02-02,2025-12-28,6,32,0
48193,2015,Hamilton,8,2015-01-28,2015-12-26,7,31,23
48193,2016,Hamilton,8,2016-01-30,2016-12-28,7,28,28
48193,2017,Hamilton,8,2017-01-11,2017-11-06,6,27,27
48193,2018,Hamilton,8,2018-03-24,2018-07-24,9,36,36
48193,2019,Hamilton,7,2019-02-04,2019-10-06,11,26,26
48193,2020,Hamilton,9,2020-03-25,2020-12-10,5,28,28
48193,2021,Hamilton,8,2021-09-18,2022-01-01,10,32,32
48193,2022,Hamilton,16,2022-03-26,2023-01-02,16,96,6
48193,2023,Hamilton,20,2023-01-09,2023-11-08,17,106,11
48193,2024,Hamilton,13,2024-02-20,2024-12-30,9,49,6
48193,2025,Hamilton,17,2025-02-02,2025-12-28,7,53,4
48195,2015,Hansford,9,2015-01-19,2015-11-26,5,22,0
48195,2016,Hansford,10,2016-01-30,2016-12-25,5,28,0
48195,2017,Hansford,14,2017-01-31,2017-12-12,4,36,0
48195,2018,Hansford,10,2018-01-10,2018-09-01,7,27,0
48195,2019,Hansford,12,2019-02-03,2019-12-26,7,34,0
48195,2020,Hansford,16,2020-02-02,2020-12-27,7,44,0
48195,2021,Hansford,18,2021-02-03,2021-12-27,6,53,0
48195,2022,Hansford,13,2022-01-13,2022-10-24,4,38,0
48195,2023,Hansford,14,2023-01-15,2023-12-23,6,44,0
48195,2024,Hansford,14,2024-02-21,2024-10-30,10,46,0
48195,2025,Hansford,13,2025-02-03,2025-12-28,6,34,0
48197,2015,Hardeman,8,2015-01-19,2015-12-23,5,23,23
48197,2016,Hardeman,6,2016-01-29,2016-12-26,7,22,22
48197,2017,Hardeman,10,2017-01-10,2017-11-28,6,27,27
48197,2018,Hardeman,8,2018-03-23,2018-11-30,5,23,23
48197,2019,Hardeman,5,2019-01-06,2019-12-26,4,14,14
48197,2020,Hardeman,10,2020-01-14,2020-12-11,5,30,30
48197,2021,Hardeman,9,2021-02-03,2021-12-30,5,29,29
48197,2022,Hardeman,12,2022-03-03,2022-10-23,14,46,46
48197,2023,Hardeman,17,2023-01-01,2023-12-08,7,52,52
48197,2024,Hardeman,13,2024-01-31,2024-12-16,10,43,43
48197,2025,Hardeman,12,2025-02-02,2025-12-28,8,38,38
48199,2015,Hardin,14,2015-01-28,2015-12-29,9,53,1
48199,2016,Hardin,12,2016-01-30,2016-12-29,8,42,0
48199,2017,Hardin,18,2017-01-12,2017-12-23,6,58,0
48199,2018,Hardin,9,2018-02-16,2018-11-08,8,29,0
48199,2019,Hardin,5,2019-02-07,2019-12-17,4,13,0
48199,2020,Hardin,10,2020-01-15,2020-11-22,5,31,0
48199,2021,Hardin,13,2021-01-05,2022-01-02,9,40,0
48199,2022,Hardin,20,2022-01-06,2022-12-11,16,89,0
48199,2023,Hardin,27,2023-01-01,2023-11-09,46,153,1
48199,2024,Hardin,15,2024-02-03,2024-12-29,7,44,0
48199,2025,Hardin,14,2025-02-03,2025-12-29,9,60,2
48201,2015,Harris,11,2015-01-27,2015-12-27,10,44,0
48201,2016,Harris,13,2016-01-30,2016-12-28,8,51,0
48201,2017,Harris,18,2017-01-10,2017-12-22,7,61,0
48201,2018,Harris,19,2018-02-14,2018-12-01,8,54,0
48201,2019,Harris,9,2019-02-04,2019-12-16,6,30,0
48201,2020,Harris,20,2020-01-14,2020-12-10,6,57,0
48201,2021,Harris,14,2021-01-24,2022-01-01,10,49,0
48201,2022,Harris,22,2022-01-08,2023-01-03,13,102,0
48201,2023,Harris,22,2023-01-06,2023-11-08,47,139,0
48201,2024,Harris,16,2024-02-25,2024-12-28,12,72,0
48201,2025,Harris,16,2025-02-02,2025-12-28,9,65,0
48203,2015,Harrison,8,2015-01-28,2015-12-27,10,37,0
48203,2016,Harrison,8,2016-01-30,2016-12-28,7,29,0
48203,2017,Harrison,16,2017-01-11,2017-12-22,5,47,0
48203,2018,Harrison,9,2018-03-17,2018-10-29,10,41,0
48203,2019,Harrison,6,2019-02-05,2019-12-26,7,24,0
48203,2020,Harrison,5,2020-03-11,2020-12-11,4,15,0
48203,2021,Harrison,11,2021-01-25,2022-01-02,10,37,0
48203,2022,Harrison,15,2022-03-03,2022-12-30,13,79,0
48203,2023,Harrison,21,2023-01-02,2023-11-08,11,67,0
48203,2024,Harrison,12,2024-02-21,2024-12-18,9,41,0
48203,2025,Harrison,15,2025-02-03,2025-12-28,10,56,0
48205,2015,Hartley,12,2015-01-18,2015-12-21,5,34,0
48205,2016,Hartley,15,2016-01-29,2016-12-25,6,48,0
48205,2017,Hartley,15,2017-01-10,2017-12-04,7,40,0
48205,2018,Hartley,13,2018-01-09,2018-11-29,8,37,0
48205,2019,Hartley,18,2019-01-06,2019-12-25,7,55,0
48205,2020,Hartley,23,2020-01-07,2020-12-26,11,77,0
48205,2021,Hartley,16,2021-02-02,2021-12-26,6,47,0
48205,2022,Hartley,16,2022-01-13,2023-01-01,6,48,0
48205,2023,Hartley,16,2023-01-10,2023-12-22,10,59,0
48205,2024,Hartley,21,2024-01-29,2024-12-22,9,69,0
48205,2025,Hartley,14,2025-02-02,2025-12-27,6,46,0
48207,2015,Haskell,6,2015-01-17,2015-10-15,7,22,4
48207,2016,Haskell,11,2016-01-29,2016-12-26,7,33,0
48207,2017,Haskell,10,2017-01-10,2017-11-06,5,27,8
48207,2018,Haskell,7,2018-01-10,2018-12-01,5,20,15
48207,2019,Haskell,6,2019-02-04,2019-12-26,5,17,0
48207,2020,Haskell,9,2020-03-26,2020-12-11,6,26,0
48207,2021,Haskell,10,2021-04-27,2021-12-31,4,27,0
48207,2022,Haskell,15,2022-01-14,2022-10-24,7,46,0
48207,2023,Haskell,21,2023-01-01,2023-12-09,6,61,0
48207,2024,Haskell,17,2024-02-02,2024-10-31,10,52,0
48207,2025,Haskell,12,2025-02-02,2025-12-29,7,35,0
48209,2015,Hays,6,2015-01-27,2015-12-27,5,18,0
48209,2016,Hays,4,2016-01-31,2016-12-29,5,13,0
48209,2017,Hays,14,2017-01-11,2017-11-18,6,38,0
48209,2018,Hays,6,2018-03-17,2018-07-24,9,29,0
48209,2019,Hays,12,2019-02-15,2019-12-16,5,34,0
48209,2020,Hays,10,2020-01-15,2020-10-20,5,27,0
48209,2021,Hays,3,2021-12-14,2022-01-01,4,9,0
48209,2022,Hays,17,2022-01-13,2023-01-02,10,76,0
48209,2023,Hays,16,2023-01-10,2023-10-21,23,94,0
48209,2024,Hays,14,2024-02-25,2024-12-30,9,49,0
48209,2025,Hays,17,2025-02-02,2025-12-28,8,65,0
48211,2015,Hemphill,7,2015-01-19,2015-12-12,5,23,23
48211,2016,Hemphill,6,2016-01-30,2016-12-25,4,18,18
48211,2017,Hemphill,12,2017-01-10,2017-12-04,5,30,30
48211,2018,Hemphill,7,2018-01-20,2018-07-23,8,25,25
48211,2019,Hemphill,5,2019-01-05,2019-12-26,4,14,14
48211,2020,Hemphill,9,2020-02-02,2020-12-10,6,25,25
48211,2021,Hemphill,8,2021-02-03,2021-12-27,6,23,23
48211,2022,Hemphill,8,2022-03-02,2022-12-29,12,35,35
48211,2023,Hemphill,14,2023-01-01,2023-12-08,6,39,39
48211,2024,Hemphill,16,2024-01-31,2024-12-16,9,48,48
48211,2025,Hemphill,12,2025-02-02,2025-12-28,8,40,40
48213,2015,Henderson,10,2015-01-27,2015-12-27,6,34,0
48213,2016,Henderson,8,2016-01-30,2016-12-29,7,31,0
48213,2017,Henderson,13,2017-01-01,2017-12-05,6,37,0
48213,2018,Henderson,9,2018-03-17,2018-09-19,10,43,0
48213,2019,Henderson,7,2019-02-04,2019-10-11,8,27,0
48213,2020,Henderson,7,2020-03-12,2020-12-10,4,17,0
48213,2021,Henderson,6,2021-04-12,2022-01-01,9,22,0
48213,2022,Henderson,14,2022-03-27,2022-12-10,12,66,0
48213,2023,Henderson,10,2023-01-01,2023-10-21,10,44,0
48213,2024,Henderson,8,2024-02-24,2024-12-17,9,32,0
48213,2025,Henderson,10,2025-02-02,2025-12-28,8,40,0
48215,2015,Hidalgo,5,2015-08-13,2015-12-27,5,15,0
48215,2016,Hidalgo,18,2016-01-31,2016-12-29,9,76,0
48215,2017,Hidalgo,30,2017-01-02,2017-12-22,6,95,0
48215,2018,Hidalgo,14,2018-02-16,2018-11-08,15,72,0
48215,2019,Hidalgo,21,2019-01-07,2019-12-16,10,73,0
48215,2020,Hidalgo,20,2020-01-09,2020-11-28,6,64,0
48215,2021,Hidalgo,9,2021-01-25,2022-01-02,9,29,0
48215,2022,Hidalgo,15,2022-02-22,2022-12-30,10,49,0
48215,2023,Hidalgo,17,2023-01-01,2023-11-09,23,128,0
48215,2024,Hidalgo,12,2024-05-08,2024-12-31,16,64,0
48215,2025,Hidalgo,16,2025-02-03,2025-12-28,12,76,0
48217,2015,Hill,7,2015-01-27,2015-12-26,6,25,0
48217,2016,Hill,8,2016-01-30,2016-12-28,7,33,0
48217,2017,Hill,11,2017-01-10,2017-11-18,6,31,0
48217,2018,Hill,10,2018-03-16,2018-11-30,12,49,0
48217,2019,Hill,6,2019-02-04,2019-11-26,17,34,0
48217,2020,Hill,7,2020-03-25,2020-12-10,4,17,0
48217,2021,Hill,6,2021-10-08,2022-01-01,10,27,0
48217,2022,Hill,12,2022-03-26,2022-12-09,17,84,0
48217,2023,Hill,18,2023-01-01,2023-11-08,17,102,0
48217,2024,Hill,14,2024-02-25,2024-12-17,9,54,0
48217,2025,Hill,12,2025-02-02,2025-12-28,9,49,0
48219,2015,Hockley,3,2015-01-28,2015-04-03,5,10,0
48219,2016,Hockley,7,2016-02-18,2016-11-18,4,21,0
48219,2017,Hockley,10,2017-02-06,2017-12-22,4,23,0
48219,2018,Hockley,10,2018-01-10,2018-11-30,5,28,0
48219,2019,Hockley,5,2019-01-06,2019-12-25,4,12,0
48219,2020,Hockley,10,2020-03-26,2020-12-11,9,33,0
48219,2021,Hockley,9,2021-02-03,2021-12-25,4,22,0
48219,2022,Hockley,7,2022-03-28,2022-07-21,4,18,0
48219,2023,Hockley,13,2023-01-01,2023-11-09,4,33,0
48219,2024,Hockley,12,2024-02-21,2024-12-31,4,30,0
48219,2025,Hockley,8,2025-02-03,2025-12-28,6,23,0
48221,2015,Hood,11,2015-01-26,2015-12-26,6,43,0
48221,2016,Hood,11,2016-01-29,2016-12-29,8,39,0
48221,2017,Hood,16,2017-01-10,2017-12-11,7,41,0
48221,2018,Hood,11,2018-03-24,2018-11-30,11,58,0
48221,2019,Hood,7,2019-01-06,2019-11-26,14,30,0
48221,2020,Hood,14,2020-01-15,2020-12-23,5,40,0
48221,2021,Hood,8,2021-09-19,2021-12-31,8,30,0
48221,2022,Hood,13,2022-01-13,2022-10-23,17,87,0
48221,2023,Hood,21,2023-01-01,2023-11-08,16,79,1
48221,2024,Hood,10,2024-02-21,2024-12-30,9,45,0
48221,2025,Hood,16,2025-02-02,2025-12-29,7,46,0
48223,2015,Hopkins,11,2015-01-28,2015-12-27,6,36,0
48223,2016,Hopkins,11,2016-01-30,2016-12-29,7,36,0
48223,2017,Hopkins,10,2017-01-11,2017-12-05,3,24,0
48223,2018,Hopkins,9,2018-05-08,2018-07-27,8,31,0
48223,2019,Hopkins,7,2019-02-05,2019-12-28,6,20,0
48223,2020,Hopkins,7,2020-02-03,2020-12-11,4,18,0
48223,2021,Hopkins,4,2021-10-09,2022-01-01,9,16,0
48223,2022,Hopkins,15,2022-01-14,2022-12-30,7,55,0
48223,2023,Hopkins,14,2023-01-01,2023-10-02,4,40,0
48223,2024,Hopkins,8,2024-02-21,2024-12-18,9,30,0
48223,2025,Hopkins,9,2025-02-03,2025-12-28,7,34,0
48225,2015,Houston,10,2015-01-27,2015-12-28,8,46,0
48225,2016,Houston,12,2016-01-30,2016-12-29,8,44,0
48225,2017,Houston,11,2017-01-11,2017-11-07,5,32,0
48225,2018,Houston,8,2018-05-15,2018-07-27,5,24,0
48225,2019,Houston,5,2019-02-05,2019-12-16,8,18,0
48225,2020,Houston,10,2020-01-15,2020-12-30,4,27,0
48225,2021,Houston,8,2021-02-28,2022-01-02,10,25,0
48225,2022,Houston,12,2022-01-19,2022-12-10,8,55,0
48225,2023,Houston,14,2023-01-01,2023-10-22,10,56,0
48225,2024,Houston,6,2024-02-25,2024-12-17,9,23,0
48225,2025,Houston,8,2025-02-02,2025-12-29,9,37,0
48227,2015,Howard,8,2015-01-27,2015-12-11,4,20,0
48227,2016,Howard,9,2016-01-30,2016-11-17,7,35,0
48227,2017,Howard,8,2017-01-10,2017-11-05,8,32,0
48227,2018,Howard,11,2018-01-09,2018-11-30,7,35,0
48227,2019,Howard,12,2019-02-03,2019-12-24,4,27,0
48227,2020,Howard,11,2020-03-26,2020-10-22,9,42,0
48227,2021,Howard,10,2021-02-02,2021-12-30,6,34,0
48227,2022,Howard,12,2022-03-26,2023-01-02,9,42,0
48227,2023,Howard,19,2023-01-09,2023-12-08,11,79,0
48227,2024,Howard,13,2024-02-01,2024-12-30,10,40,0
48227,2025,Howard,10,2025-02-02,2025-12-28,7,33,0
48229,2015,Hudspeth,18,2015-01-20,2015-12-12,5,53,0
48229,2016,Hudspeth,16,2016-01-31,2016-12-26,9,66,0
48229,2017,Hudspeth,23,2017-01-05,2017-12-31,10,82,0
48229,2018,Hudspeth,23,2018-01-07,2018-12-26,9,73,0
48229,2019,Hudspeth,16,2019-01-18,2019-12-16,5,44,0
48229,2020,Hudspeth,26,2020-01-09,2020-12-29,8,102,1
48229,2021,Hudspeth,16,2021-01-24,2021-12-28,7,53,0
48229,2022,Hudspeth,15,2022-01-07,2022-12-13,14,60,0
48229,2023,Hudspeth,29,2023-01-06,2023-12-24,10,107,0
48229,2024,Hudspeth,26,2024-01-31,2025-01-01,13,109,0
48229,2025,Hudspeth,20,2025-01-03,2025-12-29,12,85,0
48231,2015,Hunt,12,2015-01-18,2015-12-27,6,38,0
48231,2016,Hunt,11,2016-01-29,2016-12-28,7,38,0
48231,2017,Hunt,15,2017-01-10,2017-12-05,6,43,0
48231,2018,Hunt,12,2018-03-16,2018-10-29,9,59,0
48231,2019,Hunt,6,2019-01-06,2019-11-20,14,29,0
48231,2020,Hunt,11,2020-01-10,2020-12-27,4,27,0
48231,2021,Hunt,8,2021-04-12,2022-01-01,10,31,0
48231,2022,Hunt,14,2022-01-13,2023-01-02,11,71,0
48231,2023,Hunt,13,2023-01-10,2023-11-08,10,48,0
48231,2024,Hunt,13,2024-01-30,2024-12-17,9,42,0
48231,2025,Hunt,12,2025-02-02,2025-12-28,7,36,0
48233,2015,Hutchinson,10,2015-01-18,2015-12-11,5,30,0
48233,2016,Hutchinson,12,2016-01-29,2016-12-25,6,36,0
48233,2017,Hutchinson,17,2017-01-09,2017-12-11,8,51,0
48233,2018,Hutchinson,12,2018-01-09,2018-11-30,9,43,0
48233,2019,Hutchinson,11,2019-01-05,2019-12-26,6,37,0
48233,2020,Hutchinson,18,2020-03-25,2020-12-09,10,67,0
48233,2021,Hutchinson,18,2021-02-02,2021-12-26,5,55,0
48233,2022,Hutchinson,20,2022-02-15,2023-01-01,9,61,0
48233,2023,Hutchinson,16,2023-01-09,2023-12-22,12,66,0
48233,2024,Hutchinson,17,2024-01-31,2024-10-29,10,54,0
48233,2025,Hutchinson,10,2025-02-01,2025-12-27,6,36,0
48235,2015,Irion,12,2015-01-20,2015-12-27,8,40,7
48235,2016,Irion,13,2016-01-30,2016-12-27,8,43,3
48235,2017,Irion,20,2017-01-01,2017-12-22,6,54,0
48235,2018,Irion,14,2018-01-10,2018-12-01,9,47,0
48235,2019,Irion,17,2019-02-04,2019-12-25,5,46,0
48235,2020,Irion,14,2020-03-26,2020-12-30,5,48,0
48235,2021,Irion,11,2021-04-09,2021-12-31,10,48,0
48235,2022,Irion,16,2022-01-14,2022-10-24,15,58,0
48235,2023,Irion,22,2023-01-01,2023-11-09,14,94,0
48235,2024,Irion,12,2024-02-21,2024-12-30,10,47,47
48235,2025,Irion,10,2025-02-02,2025-12-28,9,38,38
48237,2015,Jack,12,2015-01-19,2015-12-24,5,32,2
48237,2016,Jack,6,2016-01-30,2016-12-27,6,18,4
48237,2017,Jack,9,2017-01-31,2017-12-04,7,24,0
48237,2018,Jack,9,2018-02-15,2018-12-01,7,26,0
48237,2019,Jack,2,2019-02-04,2019-09-28,4,7,0
48237,2020,Jack,8,2020-01-10,2020-12-23,5,22,0
48237,2021,Jack,6,2021-10-09,2021-12-30,7,18,1
48237,2022,Jack,17,2022-01-14,2022-10-24,6,53,0
48237,2023,Jack,21,2023-01-02,2023-11-09,8,74,0
48237,2024,Jack,12,2024-01-12,2024-12-31,5,35,2
48237,2025,Jack,11,2025-02-02,2025-12-29,7,32,3
48239,2015,Jackson,7,2015-01-27,2015-12-27,7,30,30
48239,2016,Jackson,14,2016-01-30,2016-12-29,9,52,52
48239,2017,Jackson,16,2017-01-02,2017-12-22,7,52,52
48239,2018,Jackson,6,2018-03-17,2018-11-07,20,40,40
48239,2019,Jackson,8,2019-02-05,2019-12-16,14,37,37
48239,2020,Jackson,18,2020-01-15,2020-12-10,5,52,52
48239,2021,Jackson,8,2021-01-25,2022-01-01,10,27,27
48239,2022,Jackson,17,2022-03-04,2022-12-10,16,92,92
48239,2023,Jackson,18,2023-01-01,2023-11-08,42,128,128
48239,2024,Jackson,15,2024-02-25,2024-12-31,17,71,71
48239,2025,Jackson,18,2025-02-02,2025-12-28,10,86,86
48241,2015,Jasper,11,2015-03-31,2015-12-28,8,41,1
48241,2016,Jasper,12,2016-01-31,2016-12-31,6,41,4
48241,2017,Jasper,15,2017-01-11,2017-11-20,6,54,0
48241,2018,Jasper,9,2018-02-10,2018-12-25,7,30,0
48241,2019,Jasper,5,2019-01-06,2019-12-17,4,16,1
48241,2020,Jasper,6,2020-01-14,2020-11-15,6,21,0
48241,2021,Jasper,5,2021-02-27,2022-01-01,9,20,7
48241,2022,Jasper,16,2022-01-09,2022-12-30,14,75,8
48241,2023,Jasper,24,2023-01-01,2023-11-10,22,119,12
48241,2024,Jasper,6,2024-02-27,2024-12-18,4,16,3
48241,2025,Jasper,6,2025-02-03,2025-12-29,9,32,10
48243,2015,Jeff Davis,11,2015-01-28,2015-12-12,6,39,0
48243,2016,Jeff Davis,19,2016-01-30,2016-12-28,9,73,0
48243,2017,Jeff Davis,21,2017-01-09,2017-12-31,10,77,0
48243,2018,Jeff Davis,19,2018-01-07,2018-12-26,8,64,0
48243,2019,Jeff Davis,12,2019-01-06,2019-12-16,9,41,0
48243,2020,Jeff Davis,20,2020-01-14,2020-12-30,12,93,0
48243,2021,Jeff Davis,15,2021-02-03,2021-12-28,7,52,0
48243,2022,Jeff Davis,8,2022-03-27,2022-12-06,8,29,0
48243,2023,Jeff Davis,17,2023-01-06,2023-11-09,16,86,0
48243,2024,Jeff Davis,21,2024-02-21,2024-12-31,8,70,0
48243,2025,Jeff Davis,15,2025-01-03,2025-12-28,12,59,0
48245,2015,Jefferson,12,2015-02-09,2015-12-27,11,43,0
48245,2016,Jefferson,8,2016-02-20,2016-12-29,6,31,0
48245,2017,Jefferson,20,2017-01-11,2017-12-22,6,62,0
48245,2018,Jefferson,13,2018-02-15,2018-12-02,10,50,0
48245,2019,Jefferson,10,2019-01-07,2019-12-16,7,33,0
48245,2020,Jefferson,6,2020-01-14,2020-11-14,5,20,0
48245,2021,Jefferson,7,2021-06-13,2022-01-02,10,28,0
48245,2022,Jefferson,11,2022-03-05,2022-12-11,8,58,0
48245,2023,Jefferson,16,2023-01-03,2023-11-09,46,124,0
48245,2024,Jefferson,18,2024-03-06,2024-12-28,5,49,0
48245,2025,Jefferson,12,2025-02-03,2025-12-28,9,53,0
48247,2015,Jim Hogg,2,2015-10-12,2015-12-27,4,6,6
48247,2016,Jim Hogg,6,2016-02-01,2016-12-28,4,15,15
48247,2017,Jim Hogg,9,2017-01-11,2017-11-07,3,22,22
48247,2018,Jim Hogg,1,2018-07-23,2018-07-24,2,2,2
48247,2019,Jim Hogg,4,2019-06-07,2019-12-16,3,12,12
48247,2020,Jim Hogg,4,2020-03-25,2020-10-12,4,12,12
48247,2021,Jim Hogg,4,2021-09-20,2022-01-01,8,15,15
48247,2022,Jim Hogg,5,2022-05-17,2022-07-20,6,16,16
48247,2023,Jim Hogg,11,2023-01-02,2023-09-26,13,64,64
48247,2024,Jim Hogg,4,2024-05-25,2024-12-31,4,14,14
48247,2025,Jim Hogg,6,2025-02-03,2025-12-28,8,28,28
48249,2015,Jim Wells,3,2015-10-12,2015-12-27,5,11,0
48249,2016,Jim Wells,12,2016-01-31,2016-12-28,4,36,0
48249,2017,Jim Wells,18,2017-01-02,2017-12-05,7,54,0
48249,2018,Jim Wells,7,2018-02-17,2018-08-23,11,31,0
48249,2019,Jim Wells,12,2019-02-06,2019-12-16,7,38,0
48249,2020,Jim Wells,10,2020-01-14,2020-12-30,6,33,0
48249,2021,Jim Wells,7,2021-01-25,2022-01-01,9,25,0
48249,2022,Jim Wells,11,2022-03-05,2022-08-04,9,38,0
48249,2023,Jim Wells,18,2023-01-01,2023-10-29,21,109,0
48249,2024,Jim Wells,17,2024-02-26,2024-12-31,7,59,0
48249,2025,Jim Wells,16,2025-02-02,2025-12-28,10,59,0
48251,2015,Johnson,6,2015-01-27,2015-12-26,5,23,0
48251,2016,Johnson,8,2016-01-30,2016-12-27,7,26,0
48251,2017,Johnson,8,2017-01-11,2017-11-06,6,24,0
48251,2018,Johnson,9,2018-03-25,2018-10-29,7,26,0
48251,2019,Johnson,6,2019-02-04,2019-10-06,4,17,0
48251,2020,Johnson,9,2020-01-15,2020-12-11,3,21,0
48251,2021,Johnson,6,2021-10-25,2022-01-01,9,24,0
48251,2022,Johnson,10,2022-01-18,2022-12-10,13,59,0
48251,2023,Johnson,15,2023-01-01,2023-10-22,8,53,0
48251,2024,Johnson,6,2024-01-31,2024-12-17,8,24,0
48251,2025,Johnson,10,2025-02-02,2025-12-28,7,33,0
48253,2015,Jones,13,2015-01-27,2015-12-24,5,34,0
48253,2016,Jones,6,2016-01-30,2016-12-26,8,19,0
48253,2017,Jones,15,2017-01-10,2017-12-12,7,41,0
48253,2018,Jones,9,2018-03-10,2018-12-01,6,27,0
48253,2019,Jones,6,2019-02-04,2019-12-26,4,17,0
48253,2020,Jones,9,2020-01-14,2020-12-11,5,26,0
48253,2021,Jones,10,2021-04-26,2021-12-31,4,31,0
48253,2022,Jones,13,2022-01-14,2022-12-07,14,49,0
48253,2023,Jones,20,2023-01-01,2023-12-09,11,74,0
48253,2024,Jones,14,2024-02-02,2024-12-31,12,50,0
48253,2025,Jones,14,2025-02-02,2025-12-29,7,40,0
48255,2015,Karnes,5,2015-01-28,2015-12-27,6,18,18
48255,2016,Karnes,6,2016-01-31,2016-12-28,5,18,18
48255,2017,Karnes,8,2017-01-11,2017-11-07,5,24,24
48255,2018,Karnes,4,2018-03-17,2018-07-24,14,23,23
48255,2019,Karnes,3,2019-04-10,2019-12-15,2,6,6
48255,2020,Karnes,6,2020-01-15,2020-10-12,5,17,17
48255,2021,Karnes,5,2021-09-20,2022-01-01,9,17,17
48255,2022,Karnes,12,2022-03-26,2022-12-09,10,50,50
48255,2023,Karnes,18,2023-01-01,2023-10-22,22,93,93
48255,2024,Karnes,12,2024-02-26,2024-12-31,9,49,49
48255,2025,Karnes,13,2025-02-02,2025-12-28,10,58,58
48257,2015,Kaufman,12,2015-01-27,2015-12-26,6,34,0
48257,2016,Kaufman,8,2016-01-29,2016-12-28,5,24,0
48257,2017,Kaufman,11,2017-01-10,2017-12-04,4,28,0
48257,2018,Kaufman,9,2018-03-16,2018-07-23,9,38,0
48257,2019,Kaufman,7,2019-01-07,2019-11-20,10,26,0
48257,2020,Kaufman,8,2020-02-02,2020-12-10,4,20,0
48257,2021,Kaufman,7,2021-04-11,2022-01-01,10,28,0
48257,2022,Kaufman,13,2022-01-13,2023-01-02,17,70,0
48257,2023,Kaufman,15,2023-01-10,2023-11-08,6,47,0
48257,2024,Kaufman,9,2024-01-30,2024-12-17,9,29,0
48257,2025,Kaufman,10,2025-02-02,2025-12-28,7,32,0
48259,2015,Kendall,6,2015-01-28,2015-12-25,5,20,0
48259,2016,Kendall,9,2016-01-25,2016-12-28,4,25,0
48259,2017,Kendall,15,2017-01-01,2017-12-22,6,38,0
48259,2018,Kendall,11,2018-03-17,2018-12-01,10,50,0
48259,2019,Kendall,12,2019-01-06,2019-12-25,24,62,0
48259,2020,Kendall,18,2020-01-05,2020-12-30,5,51,0
48259,2021,Kendall,11,2021-04-08,2022-01-02,11,38,0
48259,2022,Kendall,19,2022-01-14,2023-01-08,44,137,0
48259,2023,Kendall,16,2023-01-10,2023-11-09,44,139,0
48259,2024,Kendall,16,2024-02-26,2024-12-31,16,79,0
48259,2025,Kendall,18,2025-02-02,2025-12-28,14,98,0
48261,2015,Kenedy,10,2015-01-28,2015-12-28,5,26,1
48261,2016,Kenedy,19,2016-02-01,2016-12-29,8,61,0
48261,2017,Kenedy,24,2017-01-02,2017-11-18,8,75,10
48261,2018,Kenedy,6,2018-03-17,2018-07-24,8,23,23
48261,2019,Kenedy,7,2019-06-07,2019-12-16,8,28,28
48261,2020,Kenedy,10,2020-01-15,2020-12-31,4,32,24
48261,2021,Kenedy,23,2021-01-05,2022-01-02,10,83,3
48261,2022,Kenedy,25,2022-01-06,2022-12-30,12,92,2
48261,2023,Kenedy,25,2023-01-01,2023-12-10,25,152,0
48261,2024,Kenedy,20,2024-02-26,2024-12-31,13,92,1
48261,2025,Kenedy,24,2025-01-05,2025-12-29,14,106,5
48263,2015,Kent,16,2015-01-27,2015-12-24,6,43,0
48263,2016,Kent,10,2016-01-30,2016-11-17,4,27,0
48263,2017,Kent,25,2017-01-10,2017-12-22,6,64,0
48263,2018,Kent,17,2018-01-10,2018-12-01,8,53,0
48263,2019,Kent,14,2019-01-06,2019-12-26,6,37,0
48263,2020,Kent,13,2020-01-14,2020-12-11,9,47,0
48263,2021,Kent,10,2021-04-26,2021-12-25,5,29,0
48263,2022,Kent,22,2022-01-14,2022-12-07,10,75,0
48263,2023,Kent,23,2023-01-01,2023-12-09,10,77,0
48263,2024,Kent,17,2024-02-02,2024-12-31,14,55,0
48263,2025,Kent,13,2025-02-02,2025-12-28,6,37,0
48265,2015,Kerr,6,2015-01-28,2015-12-27,6,22,0
48265,2016,Kerr,9,2016-01-31,2016-12-29,5,30,0
48265,2017,Kerr,11,2017-01-01,2017-12-22,7,37,0
48265,2018,Kerr,6,2018-03-17,2018-07-25,10,28,0
48265,2019,Kerr,10,2019-04-10,2019-12-25,7,30,0
48265,2020,Kerr,11,2020-01-14,2020-12-10,7,37,0
48265,2021,Kerr,9,2021-02-04,2022-01-01,4,24,0
48265,2022,Kerr,12,2022-03-26,2022-11-08,14,58,0
48265,2023,Kerr,19,2023-01-01,2023-10-28,18,103,0
48265,2024,Kerr,11,2024-02-26,2024-12-30,10,51,0
48265,2025,Kerr,16,2025-02-02,2025-12-28,8,65,0
48267,2015,Kimble,10,2015-01-28,2015-12-26,8,37,0
48267,2016,Kimble,11,2016-01-30,2016-12-28,7,42,0
48267,2017,Kimble,16,2017-01-01,2017-12-22,9,55,0
48267,2018,Kimble,10,2018-03-17,2018-12-01,13,42,0
48267,2019,Kimble,15,2019-06-19,2019-12-25,6,44,0
48267,2020,Kimble,12,2020-01-05,2020-12-10,9,49,0
48267,2021,Kimble,8,2021-02-03,2022-01-01,11,33,0
48267,2022,Kimble,12,2022-03-26,2022-11-08,16,59,0
48267,2023,Kimble,13,2023-01-01,2023-10-22,22,91,0
48267,2024,Kimble,15,2024-02-20,2024-12-31,8,62,0
48267,2025,Kimble,13,2025-02-02,2025-12-28,7,46,0
48269,2015,King,9,2015-01-27,2015-12-24,5,25,0
48269,2016,King,8,2016-01-30,2016-12-26,3,19,0
48269,2017,King,14,2017-01-10,2017-12-12,6,37,0
48269,2018,King,10,2018-01-10,2018-11-30,5,26,0
48269,2019,King,8,2019-01-06,2019-12-26,4,22,0
48269,2020,King,12,2020-01-14,2020-12-11,7,36,0
48269,2021,King,10,2021-04-26,2021-12-25,4,27,0
48269,2022,King,15,2022-03-28,2022-08-06,10,49,0
48269,2023,King,15,2023-01-01,2023-11-09,7,48,0
48269,2024,King,14,2024-02-02,2024-12-31,9,43,0
48269,2025,King,12,2025-02-02,2025-12-28,6,31,0
48271,2015,Kinney,2,2015-02-09,2015-10-14,3,5,0
48271,2016,Kinney,3,2016-01-31,2016-03-16,2,6,0
48271,2017,Kinney,6,2017-01-02,2017-09-16,4,17,0
48271,2018,Kinney,5,2018-03-17,2018-07-25,7,23,0
48271,2019,Kinney,5,2019-02-16,2019-12-16,3,12,0
48271,2020,Kinney,6,2020-03-25,2020-10-12,5,17,9
48271,2021,Kinney,5,2021-04-09,2022-01-01,8,17,8
48271,2022,Kinney,10,2022-03-27,2022-08-04,8,34,29
48271,2023,Kinney,15,2023-01-01,2023-11-08,22,74,74
48271,2024,Kinney,10,2024-02-25,2024-12-30,9,42,42
48271,2025,Kinney,12,2025-02-02,2025-12-28,8,40,40
48273,2015,Kleberg,4,2015-09-30,2015-12-27,4,13,0
48273,2016,Kleberg,11,2016-02-01,2016-12-28,5,34,0
48273,2017,Kleberg,22,2017-01-02,2017-12-22,7,62,0
48273,2018,Kleberg,9,2018-02-16,2018-11-08,9,35,0
48273,2019,Kleberg,12,2019-02-05,2019-12-16,5,35,0
48273,2020,Kleberg,15,2020-01-14,2020-12-30,7,52,0
48273,2021,Kleberg,13,2021-01-05,2022-01-01,9,42,0
48273,2022,Kleberg,16,2022-03-25,2023-01-07,8,52,0
48273,2023,Kleberg,19,2023-01-11,2023-11-09,23,146,0
48273,2024,Kleberg,17,2024-02-26,2024-12-31,9,61,0
48273,2025,Kleberg,15,2025-01-06,2025-12-28,9,56,0
48275,2015,Knox,8,2015-01-27,2015-12-13,4,22,2
48275,2016,Knox,7,2016-01-29,2016-12-23,5,21,0
48275,2017,Knox,9,2017-01-10,2017-12-12,5,25,16
48275,2018,Knox,12,2018-01-10,2018-11-30,6,33,5
48275,2019,Knox,8,2019-01-06,2019-10-06,4,23,3
48275,2020,Knox,10,2020-01-14,2020-12-11,7,28,5
48275,2021,Knox,12,2021-09-11,2022-01-01,5,32,0
48275,2022,Knox,17,2022-01-14,2022-10-24,9,72,1
48275,2023,Knox,17,2023-01-01,2023-11-09,8,56,0
48275,2024,Knox,10,2024-02-21,2024-10-31,13,48,0
48275,2025,Knox,16,2025-02-02,2025-12-28,6,41,0
48277,2015,Lamar,10,2015-01-27,2015-12-27,6,31,0
48277,2016,Lamar,6,2016-01-30,2016-12-28,7,23,0
48277,2017,Lamar,10,2017-01-10,2017-12-04,3,23,0
48277,2018,Lamar,6,2018-05-07,2018-09-20,4,18,0
48277,2019,Lamar,4,2019-01-06,2019-12-28,4,13,0
48277,2020,Lamar,8,2020-01-15,2020-12-23,3,17,0
48277,2021,Lamar,9,2021-04-12,2022-01-01,9,29,0
48277,2022,Lamar,15,2022-03-02,2022-10-23,7,57,0
48277,2023,Lamar,14,2023-01-01,2023-11-08,5,38,0
48277,2024,Lamar,12,2024-01-30,2024-12-17,5,33,0
48277,2025,Lamar,11,2025-02-02,2025-12-28,8,36,0
48279,2015,Lamb,8,2015-01-19,2015-12-12,5,22,0
48279,2016,Lamb,10,2016-01-24,2016-11-18,5,30,0
48279,2017,Lamb,13,2017-02-06,2017-12-22,8,37,0
48279,2018,Lamb,14,2018-01-10,2018-11-30,7,39,0
48279,2019,Lamb,10,2019-01-05,2019-12-25,5,26,0
48279,2020,Lamb,16,2020-01-14,2020-12-11,11,55,0
48279,2021,Lamb,12,2021-02-03,2021-12-27,5,34,0
48279,2022,Lamb,9,2022-03-27,2022-08-04,7,31,0
48279,2023,Lamb,18,2023-01-01,2023-12-09,4,49,0
48279,2024,Lamb,15,2024-02-21,2024-12-31,11,47,0
48279,2025,Lamb,11,2025-02-03,2025-12-28,6,35,0
48281,2015,Lampasas,8,2015-01-27,2015-12-26,6,30,30
48281,2016,Lampasas,8,2016-01-30,2016-12-28,7,26,26
48281,2017,Lampasas,10,2017-01-11,2017-11-18,5,28,28
48281,2018,Lampasas,7,2018-03-24,2018-07-24,9,30,30
48281,2019,Lampasas,8,2019-02-04,2019-10-06,6,25,25
48281,2020,Lampasas,10,2020-03-11,2020-12-10,5,30,30
48281,2021,Lampasas,7,2021-09-19,2022-01-01,10,26,26
48281,2022,Lampasas,12,2022-03-26,2023-01-02,16,69,7
48281,2023,Lampasas,18,2023-01-10,2023-11-08,18,94,5
48281,2024,Lampasas,11,2024-02-20,2024-12-30,8,47,35
48281,2025,Lampasas,15,2025-02-02,2025-12-28,7,56,30
48283,2015,La Salle,11,2015-01-27,2015-12-27,7,33,0
48283,2016,La Salle,16,2016-01-30,2016-12-28,8,59,0
48283,2017,La Salle,23,2017-01-01,2017-12-22,6,61,0
48283,2018,La Salle,7,2018-02-18,2018-07-24,9,23,0
48283,2019,La Salle,14,2019-04-30,2019-12-16,11,56,0
48283,2020,La Salle,21,2020-01-09,2020-12-30,6,64,0
48283,2021,La Salle,18,2021-02-03,2022-01-01,6,66,0
48283,2022,La Salle,25,2022-01-05,2023-01-06,13,108,0
48283,2023,La Salle,22,2023-01-10,2023-11-08,23,130,0
48283,2024,La Salle,21,2024-02-25,2024-12-30,11,67,0
48283,2025,La Salle,18,2025-02-02,2025-12-27,8,67,0
48285,2015,Lavaca,8,2015-01-27,2015-12-27,8,31,0
48285,2016,Lavaca,10,2016-01-31,2016-12-28,10,42,0
48285,2017,Lavaca,19,2017-01-01,2017-12-22,7,65,0
48285,2018,Lavaca,10,2018-02-27,2018-11-07,20,56,0
48285,2019,Lavaca,18,2019-01-06,2019-12-15,8,58,0
48285,2020,Lavaca,18,2020-01-14,2020-12-30,5,58,0
48285,2021,Lavaca,8,2021-01-25,2022-01-01,10,29,0
48285,2022,Lavaca,19,2022-02-21,2022-12-10,17,99,0
48285,2023,Lavaca,21,2023-01-02,2023-12-09,24,136,0
48285,2024,Lavaca,22,2024-02-25,2024-12-17,11,73,0
48285,2025,Lavaca,17,2025-02-02,2025-12-28,11,75,1
48287,2015,Lee,5,2015-02-10,2015-12-27,6,22,0
48287,2016,Lee,8,2016-01-30,2016-12-28,4,22,0
48287,2017,Lee,10,2017-01-10,2017-11-07,6,35,0
48287,2018,Lee,7,2018-03-17,2018-08-22,3,18,0
48287,2019,Lee,8,2019-03-09,2019-10-06,18,52,0
48287,2020,Lee,15,2020-03-25,2020-12-29,8,54,0
48287,2021,Lee,4,2021-04-12,2022-01-01,7,13,0
48287,2022,Lee,18,2022-02-21,2022-12-10,9,73,0
48287,2023,Lee,20,2023-01-01,2023-12-09,11,81,0
48287,2024,Lee,15,2024-03-03,2024-12-28,8,47,5
48287,2025,Lee,21,2025-02-02,2025-12-28,7,73,0
48289,2015,Leon,8,2015-01-28,2015-12-28,6,28,1
48289,2016,Leon,9,2016-01-30,2016-12-30,5,26,0
48289,2017,Leon,15,2017-01-11,2017-12-06,5,43,0
48289,2018,Leon,5,2018-03-11,2018-07-24,6,18,0
48289,2019,Leon,3,2019-09-08,2019-10-12,7,17,0
48289,2020,Leon,6,2020-02-03,2020-11-15,7,23,0
48289,2021,Leon,3,2021-12-10,2022-01-03,10,13,0
48289,2022,Leon,13,2022-01-14,2022-12-13,5,43,3
48289,2023,Leon,14,2023-01-07,2023-10-22,16,61,0
48289,2024,Leon,9,2024-01-31,2024-12-31,11,42,0
48289,2025,Leon,15,2025-02-03,2025-12-29,10,55,1
48291,2015,Liberty,7,2015-01-28,2015-12-27,6,31,0
48291,2016,Liberty,14,2016-01-30,2016-12-29,8,53,0
48291,2017,Liberty,14,2017-01-11,2017-12-22,7,46,0
48291,2018,Liberty,9,2018-02-15,2018-11-07,13,45,0
48291,2019,Liberty,6,2019-04-09,2019-12-16,12,29,0
48291,2020,Liberty,11,2020-01-15,2020-11-14,4,34,0
48291,2021,Liberty,9,2021-01-25,2022-01-02,10,31,0
48291,2022,Liberty,16,2022-01-19,2022-12-10,12,79,0
48291,2023,Liberty,19,2023-01-06,2023-11-09,20,123,0
48291,2024,Liberty,14,2024-02-25,2024-12-28,7,43,0
48291,2025,Liberty,15,2025-02-03,2025-12-28,9,67,1
48293,2015,Limestone,6,2015-01-27,2015-12-27,6,21,21
48293,2016,Limestone,6,2016-01-30,2016-12-28,5,20,20
48293,2017,Limestone,7,2017-01-11,2017-11-06,5,20,20
48293,2018,Limestone,6,2018-05-12,2018-07-24,9,28,28
48293,2019,Limestone,2,2019-02-04,2019-09-08,3,5,5
48293,2020,Limestone,5,2020-03-25,2020-12-10,3,12,12
48293,2021,Limestone,4,2021-10-09,2022-01-01,9,17,17
48293,2022,Limestone,19,2022-03-05,2023-01-02,9,69,10
48293,2023,Limestone,14,2023-01-10,2023-10-22,11,67,0
48293,2024,Limestone,11,2024-01-30,2024-12-28,9,39,0
48293,2025,Limestone,8,2025-02-02,2025-12-26,7,29,0
48295,2015,Lipscomb,11,2015-01-19,2015-12-12,4,33,0
48295,2016,Lipscomb,11,2016-01-30,2016-12-25,7,35,0
48295,2017,Lipscomb,12,2017-01-30,2017-12-04,4,32,2
48295,2018,Lipscomb,11,2018-01-09,2018-07-22,9,33,0
48295,2019,Lipscomb,8,2019-01-06,2019-12-26,5,19,0
48295,2020,Lipscomb,9,2020-03-26,2020-11-20,6,24,0
48295,2021,Lipscomb,11,2021-06-16,2021-12-27,6,33,0
48295,2022,Lipscomb,12,2022-03-02,2022-10-23,6,39,0
48295,2023,Lipscomb,11,2023-01-10,2023-12-08,5,31,0
48295,2024,Lipscomb,16,2024-01-30,2024-11-03,4,45,0
48295,2025,Lipscomb,12,2025-02-02,2025-12-28,7,40,0
48297,2015,Live Oak,3,2015-10-11,2015-12-27,5,12,0
48297,2016,Live Oak,7,2016-01-31,2016-12-28,4,20,0
48297,2017,Live Oak,16,2017-01-02,2017-12-04,7,45,0
48297,2018,Live Oak,6,2018-02-28,2018-07-24,3,14,0
48297,2019,Live Oak,4,2019-06-07,2019-12-15,8,15,0
48297,2020,Live Oak,7,2020-01-15,2020-10-12,4,19,0
48297,2021,Live Oak,6,2021-04-08,2022-01-02,11,24,0
48297,2022,Live Oak,13,2022-01-19,2023-01-03,7,42,0
48297,2023,Live Oak,16,2023-01-05,2023-10-29,19,87,0
48297,2024,Live Oak,15,2024-02-25,2024-12-31,10,63,0
48297,2025,Live Oak,24,2025-02-02,2025-12-29,10,107,0
48299,2015,Llano,9,2015-01-27,2015-12-27,6,31,0
48299,2016,Llano,9,2016-01-30,2017-01-01,5,26,0
48299,2017,Llano,10,2017-01-11,2017-12-02,5,26,0
48299,2018,Llano,12,2018-03-17,2018-11-30,10,39,0
48299,2019,Llano,11,2019-02-03,2019-12-15,8,36,0
48299,2020,Llano,11,2020-01-05,2020-12-10,5,34,0
48299,2021,Llano,6,2021-09-19,2022-01-01,10,22,0
48299,2022,Llano,16,2022-02-21,2022-12-09,16,67,0
48299,2023,Llano,19,2023-01-01,2023-11-08,18,103,0
48299,2024,Llano,9,2024-02-21,2024-12-30,8,38,0
48299,2025,Llano,15,2025-02-01,2025-12-28,8,62,0
48301,2015,Loving,8,2015-01-19,2015-12-12,9,30,30
48301,2016,Loving,9,2016-01-29,2016-12-25,8,35,35
48301,2017,Loving,14,2017-01-10,2017-11-28,7,45,45
48301,2018,Loving,9,2018-01-09,2018-11-30,8,33,33
48301,2019,Loving,11,2019-01-06,2019-12-15,7,34,34
48301,2020,Loving,15,2020-01-14,2020-12-10,7,49,49
48301,2021,Loving,12,2021-02-03,2021-12-28,7,43,43
48301,2022,Loving,11,2022-03-26,2022-12-07,14,47,47
48301,2023,Loving,20,2023-01-01,2023-12-08,14,85,85
48301,2024,Loving,19,2024-02-20,2024-12-30,12,70,70
48301,2025,Loving,10,2025-02-02,2025-12-28,11,40,40
48303,2015,Lubbock,10,2015-01-26,2015-12-11,5,26,0
48303,2016,Lubbock,9,2016-01-29,2016-11-17,4,26,0
48303,2017,Lubbock,14,2017-02-05,2017-12-21,5,35,0
48303,2018,Lubbock,9,2018-01-09,2018-11-29,8,33,0
48303,2019,Lubbock,12,2019-02-03,2019-12-25,5,30,0
48303,2020,Lubbock,17,2020-01-13,2020-12-10,10,53,0
48303,2021,Lubbock,10,2021-02-02,2021-12-24,5,28,0
48303,2022,Lubbock,13,2022-01-13,2023-01-02,5,36,0
48303,2023,Lubbock,18,2023-01-09,2023-12-08,9,62,0
48303,2024,Lubbock,16,2024-02-01,2024-12-30,11,50,0
48303,2025,Lubbock,13,2025-02-02,2025-12-27,7,38,0
48305,2015,Lynn,9,2015-01-27,2015-12-12,5,24,0
48305,2016,Lynn,9,2016-01-30,2016-12-22,6,30,0
48305,2017,Lynn,8,2017-01-12,2017-11-06,6,26,0
48305,2018,Lynn,12,2018-01-10,2018-11-30,7,35,0
48305,2019,Lynn,10,2019-02-04,2019-12-25,5,27,0
48305,2020,Lynn,16,2020-01-14,2020-12-23,9,49,0
48305,2021,Lynn,8,2021-02-03,2021-12-25,5,25,0
48305,2022,Lynn,15,2022-01-14,2022-12-07,5,43,0
48305,2023,Lynn,18,2023-01-01,2023-11-09,6,54,0
48305,2024,Lynn,13,2024-02-21,2024-12-31,10,40,0
48305,2025,Lynn,11,2025-02-03,2025-12-28,6,32,0
48307,2015,McCulloch,8,2015-01-27,2015-12-24,7,31,0
48307,2016,McCulloch,8,2016-01-30,2016-11-16,3,20,0
48307,2017,McCulloch,6,2017-01-10,2017-11-06,6,20,0
48307,2018,McCulloch,10,2018-03-24,2018-11-30,6,26,0
48307,2019,McCulloch,5,2019-02-04,2019-12-15,2,10,0
48307,2020,McCulloch,6,2020-01-14,2020-12-10,3,15,0
48307,2021,McCulloch,7,2021-04-08,2022-01-01,10,24,0
48307,2022,McCulloch,9,2022-01-13,2023-01-02,8,32,0
48307,2023,McCulloch,13,2023-01-09,2023-09-25,8,49,0
48307,2024,McCulloch,14,2024-02-21,2024-12-31,8,49,1
48307,2025,McCulloch,16,2025-02-02,2025-12-28,6,52,10
48309,2015,McLennan,9,2015-01-26,2015-12-26,6,36,0
48309,2016,McLennan,10,2016-01-29,2016-12-28,8,41,0
48309,2017,McLennan,17,2017-01-01,2017-12-22,7,46,0
48309,2018,McLennan,12,2018-03-16,2018-10-29,12,64,0
48309,2019,McLennan,5,2019-02-04,2019-11-21,17,31,0
48309,2020,McLennan,15,2020-01-05,2020-12-23,5,42,0
48309,2021,McLennan,12,2021-02-23,2022-01-01,10,42,0
48309,2022,McLennan,21,2022-01-13,2023-01-04,21,118,0
48309,2023,McLennan,21,2023-01-10,2023-11-08,16,102,0
48309,2024,McLennan,20,2024-01-30,2024-12-24,9,68,0
48309,2025,McLennan,13,2025-02-02,2025-12-28,9,52,0
48311,2015,McMullen,6,2015-01-28,2015-12-27,4,14,0
48311,2016,McMullen,7,2016-02-01,2016-12-29,5,22,0
48311,2017,McMullen,17,2017-01-02,2017-12-05,6,51,0
48311,2018,McMullen,7,2018-02-19,2018-07-25,4,18,0
48311,2019,McMullen,11,2019-06-07,2019-12-16,4,26,0
48311,2020,McMullen,9,2020-01-10,2020-12-29,3,21,0
48311,2021,McMullen,9,2021-04-09,2022-01-02,9,27,0
48311,2022,McMullen,14,2022-02-22,2022-12-09,8,49,0
48311,2023,McMullen,20,2023-01-01,2023-11-09,16,85,0
48311,2024,McMullen,17,2024-02-26,2024-12-31,5,46,0
48311,2025,McMullen,14,2025-02-03,2025-12-29,10,54,0
48313,2015,Madison,4,2015-01-28,2015-12-28,6,16,0
48313,2016,Madison,3,2016-01-31,2016-12-29,5,10,1
48313,2017,Madison,7,2017-01-11,2017-11-19,5,20,0
48313,2018,Madison,4,2018-03-27,2018-11-09,3,9,0
48313,2019,Madison,8,2019-02-06,2019-12-16,4,21,1
48313,2020,Madison,5,2020-02-03,2020-11-16,4,12,0
48313,2021,Madison,4,2021-02-05,2022-01-02,7,12,2
48313,2022,Madison,11,2022-01-15,2022-12-10,9,45,7
48313,2023,Madison,8,2023-03-01,2023-12-10,10,32,4
48313,2024,Madison,7,2024-02-26,2024-12-18,9,24,4
48313,2025,Madison,6,2025-02-03,2025-12-29,9,28,3
48315,2015,Marion,12,2015-01-28,2015-12-28,7,47,6
48315,2016,Marion,12,2016-01-26,2016-12-27,7,38,0
48315,2017,Marion,13,2017-01-11,2017-12-23,5,39,2
48315,2018,Marion,11,2018-02-20,2018-09-20,5,33,0
48315,2019,Marion,5,2019-02-05,2019-12-17,6,21,3
48315,2020,Marion,5,2020-03-11,2020-12-11,4,13,0
48315,2021,Marion,10,2021-02-24,2022-01-02,9,28,0
48315,2022,Marion,16,2022-03-06,2022-12-09,6,54,1
48315,2023,Marion,12,2023-01-03,2023-10-29,11,39,1
48315,2024,Marion,7,2024-02-26,2024-12-18,8,22,2
48315,2025,Marion,6,2025-02-06,2025-12-29,7,23,2
48317,2015,Martin,13,2015-01-27,2015-12-25,6,37,37
48317,2016,Martin,8,2016-01-30,2016-12-28,7,34,34
48317,2017,Martin,12,2017-01-10,2017-11-29,10,46,46
48317,2018,Martin,11,2018-03-23,2018-11-30,8,39,39
48317,2019,Martin,15,2019-01-06,2019-12-25,7,43,43
48317,2020,Martin,14,2020-01-14,2020-12-10,9,49,49
48317,2021,Martin,12,2021-02-03,2021-12-30,9,43,43
48317,2022,Martin,12,2022-03-26,2022-12-07,14,51,51
48317,2023,Martin,19,2023-01-01,2023-12-08,14,83,83
48317,2024,Martin,19,2024-02-01,2024-12-30,12,62,62
48317,2025,Martin,15,2025-02-02,2025-12-28,10,52,52
48319,2015,Mason,12,2015-01-27,2015-12-26,6,42,0
48319,2016,Mason,11,2016-01-30,2016-12-28,6,37,0
48319,2017,Mason,16,2017-01-11,2017-12-22,7,44,0
48319,2018,Mason,11,2018-03-17,2018-12-01,10,43,0
48319,2019,Mason,11,2019-02-04,2019-12-25,6,36,0
48319,2020,Mason,14,2020-01-14,2020-12-28,6,44,0
48319,2021,Mason,12,2021-04-08,2022-01-01,11,42,0
48319,2022,Mason,16,2022-01-18,2022-12-09,20,91,0
48319,2023,Mason,17,2023-01-01,2023-11-08,45,112,0
48319,2024,Mason,15,2024-02-20,2024-12-31,9,60,0
48319,2025,Mason,17,2025-02-02,2025-12-28,7,61,0
48321,2015,Matagorda,11,2015-01-27,2015-12-27,7,38,0
48321,2016,Matagorda,12,2016-02-01,2016-12-28,5,41,0
48321,2017,Matagorda,18,2017-01-02,2017-12-22,8,61,0
48321,2018,Matagorda,16,2018-02-15,2018-12-02,11,70,0
48321,2019,Matagorda,18,2019-02-05,2019-12-28,12,64,0
48321,2020,Matagorda,18,2020-01-09,2020-11-22,8,70,0
48321,2021,Matagorda,8,2021-01-25,2022-01-01,9,30,0
48321,2022,Matagorda,18,2022-01-08,2022-12-10,19,95,0
48321,2023,Matagorda,14,2023-01-02,2023-10-26,44,129,0
48321,2024,Matagorda,19,2024-03-05,2024-12-18,7,69,0
48321,2025,Matagorda,14,2025-01-04,2025-12-28,9,69,0
48323,2016,Maverick,4,2016-01-31,2016-11-18,3,11,0
48323,2017,Maverick,10,2017-01-02,2017-11-19,6,25,0
48323,2018,Maverick,4,2018-03-20,2018-06-03,6,12,0
48323,2019,Maverick,1,2019-12-14,2019-12-15,2,2,2
48323,2020,Maverick,2,2020-07-12,2020-10-12,3,5,5
48323,2021,Maverick,5,2021-10-25,2022-01-01,10,19,19
48323,2022,Maverick,3,2022-06-11,2022-07-20,4,10,10
48323,2023,Maverick,11,2023-01-01,2023-11-08,11,39,39
48323,2024,Maverick,7,2024-02-26,2024-12-30,5,23,23
48323,2025,Maverick,7,2025-02-03,2025-12-28,9,28,28
48325,2015,Medina,8,2015-01-27,2015-12-27,6,30,0
48325,2016,Medina,9,2016-01-31,2016-12-28,5,31,0
48325,2017,Medina,22,2017-01-02,2017-12-22,12,78,0
48325,2018,Medina,10,2018-03-05,2018-12-02,8,38,0
48325,2019,Medina,7,2019-01-06,2019-12-15,20,37,0
48325,2020,Medina,18,2020-01-10,2020-12-29,7,60,0
48325,2021,Medina,12,2021-01-25,2022-01-01,5,40,0
48325,2022,Medina,24,2022-01-05,2023-01-06,15,108,0
48325,2023,Medina,19,2023-01-10,2023-10-28,22,107,0
48325,2024,Medina,17,2024-02-25,2024-12-30,10,71,0
48325,2025,Medina,23,2025-02-02,2025-12-28,9,85,2
48327,2015,Menard,9,2015-01-20,2015-12-27,9,34,0
48327,2016,Menard,8,2016-01-31,2016-12-27,3,19,0
48327,2017,Menard,13,2017-01-11,2017-11-18,6,35,0
48327,2018,Menard,9,2018-03-18,2018-11-08,7,30,0
48327,2019,Menard,9,2019-02-05,2019-12-16,5,23,1
48327,2020,Menard,10,2020-01-06,2020-12-11,5,28,0
48327,2021,Menard,9,2021-02-04,2022-01-02,11,30,3
48327,2022,Menard,10,2022-03-27,2022-11-08,15,45,1
48327,2023,Menard,20,2023-01-01,2023-12-10,15,84,1
48327,2024,Menard,13,2024-02-21,2024-12-31,8,51,0
48327,2025,Menard,16,2025-02-02,2025-12-29,8,48,0
48329,2015,Midland,9,2015-02-07,2015-12-25,10,31,0
48329,2016,Midland,10,2016-01-30,2016-11-17,8,38,0
48329,2017,Midland,15,2017-01-09,2017-11-28,7,49,0
48329,2018,Midland,11,2018-01-09,2018-11-30,9,46,0
48329,2019,Midland,15,2019-02-03,2019-12-25,8,45,0
48329,2020,Midland,15,2020-03-25,2020-11-20,10,51,0
48329,2021,Midland,9,2021-04-26,2021-12-28,7,32,0
48329,2022,Midland,9,2022-03-26,2022-08-04,9,33,0
48329,2023,Midland,13,2023-01-01,2023-11-08,13,68,0
48329,2024,Midland,13,2024-02-20,2024-12-30,6,38,0
48329,2025,Midland,11,2025-02-02,2025-12-28,7,39,0
48331,2015,Milam,6,2015-01-28,2015-12-27,6,22,22
48331,2016,Milam,8,2016-01-30,2016-12-28,8,29,27
48331,2017,Milam,12,2017-01-10,2017-11-18,5,34,23
48331,2018,Milam,6,2018-03-16,2018-07-23,11,41,0
48331,2019,Milam,8,2019-02-04,2019-10-20,17,37,0
48331,2020,Milam,13,2020-03-24,2020-12-10,6,41,0
48331,2021,Milam,7,2021-04-08,2022-01-01,4,19,0
48331,2022,Milam,19,2022-01-13,2023-01-02,15,90,14
48331,2023,Milam,19,2023-01-10,2023-10-28,16,101,5
48331,2024,Milam,15,2024-02-25,2024-12-28,15,60,0
48331,2025,Milam,15,2025-02-01,2025-12-28,8,66,0
48333,2015,Mills,8,2015-01-28,2015-12-27,6,25,0
48333,2016,Mills,7,2016-01-31,2016-12-18,6,19,0
48333,2017,Mills,8,2017-01-11,2017-11-07,6,25,0
48333,2018,Mills,9,2018-02-15,2018-07-25,8,31,1
48333,2019,Mills,13,2019-02-05,2019-12-16,7,33,0
48333,2020,Mills,8,2020-01-15,2020-12-11,5,22,0
48333,2021,Mills,8,2021-04-09,2022-01-02,11,28,0
48333,2022,Mills,14,2022-01-14,2023-01-03,16,59,0
48333,2023,Mills,18,2023-01-11,2023-11-09,15,82,1
48333,2024,Mills,11,2024-02-21,2024-12-31,5,37,0
48333,2025,Mills,17,2025-02-03,2025-12-28,9,58,36
48335,2015,Mitchell,5,2015-01-28,2015-12-12,4,12,12
48335,2016,Mitchell,6,2016-01-30,2016-11-17,7,18,18
48335,2017,Mitchell,9,2017-01-10,2017-11-06,6,26,26
48335,2018,Mitchell,6,2018-04-12,2018-11-30,8,21,21
48335,2019,Mitchell,5,2019-02-04,2019-12-25,4,13,13
48335,2020,Mitchell,9,2020-01-14,2020-12-10,7,31,31
48335,2021,Mitchell,7,2021-10-08,2021-12-30,9,27,27
48335,2022,Mitchell,9,2022-03-26,2022-08-05,14,41,41
48335,2023,Mitchell,17,2023-01-01,2023-11-08,15,68,68
48335,2024,Mitchell,10,2024-02-21,2024-12-16,10,34,34
48335,2025,Mitchell,8,2025-02-02,2025-12-28,6,26,26
48337,2015,Montague,8,2015-01-27,2015-12-26,6,26,0
48337,2016,Montague,6,2016-01-30,2016-12-29,8,26,0
48337,2017,Montague,14,2017-01-10,2017-12-05,6,38,0
48337,2018,Montague,10,2018-02-15,2018-11-30,9,36,0
48337,2019,Montague,6,2019-02-04,2019-12-26,4,18,0
48337,2020,Montague,11,2020-01-09,2020-12-22,4,29,0
48337,2021,Montague,6,2021-10-08,2021-12-30,8,26,0
48337,2022,Montague,13,2022-01-13,2022-10-23,9,54,0
48337,2023,Montague,18,2023-01-01,2023-11-08,10,71,0
48337,2024,Montague,13,2024-01-31,2024-12-30,7,40,0
48337,2025,Montague,10,2025-02-02,2025-12-28,7,32,0
48339,2015,Montgomery,9,2015-01-27,2015-12-27,6,31,0
48339,2016,Montgomery,13,2016-01-30,2016-12-28,6,47,0
48339,2017,Montgomery,16,2017-01-02,2017-12-22,7,53,0
48339,2018,Montgomery,10,2018-03-17,2018-12-01,8,35,0
48339,2019,Montgomery,8,2019-02-04,2019-12-16,8,33,0
48339,2020,Montgomery,14,2020-01-15,2020-12-10,5,41,0
48339,2021,Montgomery,9,2021-01-25,2022-01-01,10,29,0
48339,2022,Montgomery,19,2022-02-21,2023-01-03,21,97,0
48339,2023,Montgomery,18,2023-01-06,2023-11-08,29,109,0
48339,2024,Montgomery,14,2024-02-25,2024-12-17,9,51,0
48339,2025,Montgomery,14,2025-02-02,2025-12-28,10,66,0
48341,2015,Moore,9,2015-01-19,2015-11-26,5,29,0
48341,2016,Moore,14,2016-01-30,2016-12-28,5,39,4
48341,2017,Moore,13,2017-02-05,2017-12-04,6,35,27
48341,2018,Moore,12,2018-01-10,2018-11-30,7,31,0
48341,2019,Moore,13,2019-01-06,2019-12-25,4,32,1
48341,2020,Moore,12,2020-03-26,2020-11-20,6,40,0
48341,2021,Moore,16,2021-02-03,2021-12-27,4,42,3
48341,2022,Moore,14,2022-03-02,2022-09-22,4,38,0
48341,2023,Moore,19,2023-01-01,2023-12-22,13,67,67
48341,2024,Moore,17,2024-01-29,2024-12-30,11,58,58
48341,2025,Moore,12,2025-02-02,2025-12-28,9,44,44
48343,2015,Morris,7,2015-01-27,2015-12-27,6,27,0
48343,2016,Morris,7,2016-01-30,2016-12-28,7,27,0
48343,2017,Morris,12,2017-01-11,2017-12-22,6,29,0
48343,2018,Morris,4,2018-05-18,2018-07-21,7,13,0
48343,2019,Morris,3,2019-02-04,2019-10-02,4,10,0
48343,2020,Morris,3,2020-03-25,2020-12-10,3,7,0
48343,2021,Morris,10,2021-02-23,2022-01-01,10,31,0
48343,2022,Morris,12,2022-03-02,2022-12-29,7,44,2
48343,2023,Morris,14,2023-01-01,2023-11-07,10,43,0
48343,2024,Morris,8,2024-02-20,2024-12-17,8,28,0
48343,2025,Morris,9,2025-02-02,2025-12-28,6,30,0
48345,2015,Motley,6,2015-01-27,2015-10-16,5,17,0
48345,2016,Motley,10,2016-01-30,2016-12-22,3,23,0
48345,2017,Motley,7,2017-02-06,2017-11-25,6,20,0
48345,2018,Motley,15,2018-01-10,2018-11-30,6,41,0
48345,2019,Motley,7,2019-01-06,2019-12-25,5,19,0
48345,2020,Motley,14,2020-01-14,2020-12-11,7,47,0
48345,2021,Motley,8,2021-04-26,2021-12-27,5,26,0
48345,2022,Motley,17,2022-01-14,2022-12-07,5,47,0
48345,2023,Motley,15,2023-01-01,2023-11-09,7,40,0
48345,2024,Motley,13,2024-02-21,2024-10-31,12,48,0
48345,2025,Motley,11,2025-02-02,2025-12-28,6,33,0
48347,2015,Nacogdoches,4,2015-08-11,2015-12-27,5,11,2
48347,2016,Nacogdoches,2,2016-02-11,2016-03-16,2,4,0
48347,2017,Nacogdoches,8,2017-01-12,2017-12-22,3,18,0
48347,2018,Nacogdoches,2,2018-05-17,2018-07-26,3,5,0
48347,2019,Nacogdoches,3,2019-02-05,2019-12-09,7,11,0
48347,2020,Nacogdoches,3,2020-03-25,2020-12-30,4,9,0
48347,2021,Nacogdoches,7,2021-02-27,2022-01-01,7,20,0
48347,2022,Nacogdoches,16,2022-01-13,2022-12-10,18,76,0
48347,2023,Nacogdoches,11,2023-01-16,2023-10-21,17,52,0
48347,2024,Nacogdoches,8,2024-02-26,2024-12-18,5,22,2
48347,2025,Nacogdoches,13,2025-02-03,2025-12-28,10,47,0
48349,2015,Navarro,9,2015-01-27,2015-12-27,6,31,0
48349,2016,Navarro,7,2016-01-30,2016-12-29,7,30,0
48349,2017,Navarro,12,2017-01-01,2017-12-05,5,31,0
48349,2018,Navarro,6,2018-05-16,2018-07-27,10,31,0
48349,2019,Navarro,5,2019-02-05,2019-10-06,14,27,0
48349,2020,Navarro,8,2020-01-15,2020-12-10,4,18,0
48349,2021,Navarro,8,2021-04-12,2022-01-01,10,28,0
48349,2022,Navarro,14,2022-03-05,2022-12-10,14,76,0
48349,2023,Navarro,16,2023-01-01,2023-10-22,17,67,0
48349,2024,Navarro,12,2024-01-31,2024-12-18,9,41,0
48349,2025,Navarro,12,2025-02-02,2025-12-28,8,49,0
48351,2015,Newton,12,2015-01-27,2015-12-27,11,46,0
48351,2016,Newton,14,2016-01-29,2016-12-28,7,46,0
48351,2017,Newton,15,2017-01-10,2017-12-20,7,51,0
48351,2018,Newton,8,2018-02-14,2018-11-07,9,27,0
48351,2019,Newton,8,2019-01-07,2019-12-16,7,27,0
48351,2020,Newton,9,2020-01-10,2020-12-10,5,27,0
48351,2021,Newton,6,2021-02-26,2022-01-01,9,21,0
48351,2022,Newton,18,2022-02-16,2023-01-01,7,65,0
48351,2023,Newton,19,2023-01-03,2023-11-09,46,125,1
48351,2024,Newton,17,2024-01-30,2024-12-28,5,46,0
48351,2025,Newton,16,2025-02-02,2025-12-28,9,60,1
48353,2015,Nolan,9,2015-01-28,2015-12-24,4,22,2
48353,2016,Nolan,11,2016-01-30,2016-12-26,5,29,1
48353,2017,Nolan,14,2017-01-10,2017-12-22,5,37,1
48353,2018,Nolan,10,2018-01-10,2018-12-01,9,34,2
48353,2019,Nolan,10,2019-02-04,2019-12-25,4,23,0
48353,2020,Nolan,15,2020-01-14,2020-12-11,10,50,8
48353,2021,Nolan,10,2021-04-26,2021-12-27,4,29,0
48353,2022,Nolan,17,2022-01-14,2022-09-19,10,62,0
48353,2023,Nolan,17,2023-01-02,2023-11-09,14,66,0
48353,2024,Nolan,16,2024-02-02,2024-12-31,12,53,0
48353,2025,Nolan,10,2025-02-02,2025-12-29,7,33,0
48355,2015,Nueces,3,2015-02-09,2015-12-27,5,10,0
48355,2016,Nueces,9,2016-02-15,2016-12-28,5,28,0
48355,2017,Nueces,20,2017-01-02,2017-12-05,6,57,0
48355,2018,Nueces,8,2018-02-16,2018-11-08,4,22,0
48355,2019,Nueces,6,2019-04-09,2019-12-16,5,20,0
48355,2020,Nueces,11,2020-01-14,2020-11-27,6,40,0
48355,2021,Nueces,11,2021-01-25,2022-01-02,10,31,0
48355,2022,Nueces,7,2022-03-30,2022-10-14,4,22,0
48355,2023,Nueces,20,2023-01-03,2023-10-29,9,82,0
48355,2024,Nueces,19,2024-02-26,2024-12-30,16,87,0
48355,2025,Nueces,15,2025-01-31,2025-12-28,10,64,0
48357,2015,Ochiltree,9,2015-01-19,2015-12-12,4,27,1
48357,2016,Ochiltree,12,2016-01-30,2016-12-24,8,38,2
48357,2017,Ochiltree,18,2017-02-04,2017-12-21,4,48,14
48357,2018,Ochiltree,15,2018-01-09,2018-12-16,9,41,0
48357,2019,Ochiltree,9,2019-01-05,2019-12-26,5,22,0
48357,2020,Ochiltree,10,2020-01-13,2020-12-22,5,26,0
48357,2021,Ochiltree,15,2021-04-25,2021-12-26,5,39,4
48357,2022,Ochiltree,9,2022-03-01,2022-12-29,6,29,14
48357,2023,Ochiltree,16,2023-01-01,2023-12-21,7,45,45
48357,2024,Ochiltree,20,2024-01-31,2024-12-16,13,63,63
48357,2025,Ochiltree,13,2025-02-02,2025-12-28,8,44,44
48359,2015,Oldham,11,2015-01-27,2015-12-20,5,34,0
48359,2016,Oldham,15,2016-01-23,2016-12-28,5,44,0
48359,2017,Oldham,14,2017-01-30,2017-11-24,4,35,0
48359,2018,Oldham,11,2018-01-09,2018-07-22,8,32,0
48359,2019,Oldham,8,2019-01-05,2019-12-24,5,26,0
48359,2020,Oldham,11,2020-05-01,2020-11-19,6,38,0
48359,2021,Oldham,12,2021-02-03,2021-12-26,6,33,0
48359,2022,Oldham,9,2022-03-03,2022-07-20,6,28,0
48359,2023,Oldham,12,2023-01-10,2023-11-08,7,42,0
48359,2024,Oldham,10,2024-02-25,2024-10-29,9,34,0
48359,2025,Oldham,11,2025-02-02,2025-12-28,7,38,0
48361,2015,Orange,5,2015-07-26,2015-12-28,7,19,0
48361,2016,Orange,7,2016-02-12,2016-12-29,5,20,0
48361,2017,Orange,14,2017-01-12,2017-12-21,4,37,0
48361,2018,Orange,9,2018-02-16,2018-11-08,6,32,0
48361,2019,Orange,12,2019-02-05,2019-12-17,7,42,3
48361,2020,Orange,6,2020-01-15,2020-11-14,8,21,0
48361,2021,Orange,6,2021-03-13,2022-01-02,9,20,0
48361,2022,Orange,9,2022-03-06,2022-12-11,10,40,1
48361,2023,Orange,16,2023-01-11,2023-10-31,18,79,0
48361,2024,Orange,9,2024-03-07,2024-12-29,4,24,1
48361,2025,Orange,6,2025-02-04,2025-12-29,8,26,0
48363,2015,Palo Pinto,10,2015-01-26,2015-12-23,5,28,0
48363,2016,Palo Pinto,10,2016-01-29,2016-12-26,8,31,1
48363,2017,Palo Pinto,18,2017-01-01,2017-12-11,7,47,1
48363,2018,Palo Pinto,15,2018-01-20,2018-11-30,9,44,0
48363,2019,Palo Pinto,8,2019-02-04,2019-10-10,4,22,3
48363,2020,Palo Pinto,15,2020-01-13,2020-12-27,5,40,0
48363,2021,Palo Pinto,8,2021-09-19,2021-12-29,7,24,0
48363,2022,Palo Pinto,19,2022-01-13,2023-01-02,16,84,0
48363,2023,Palo Pinto,21,2023-01-09,2023-12-08,15,80,0
48363,2024,Palo Pinto,17,2024-01-31,2024-12-30,9,54,2
48363,2025,Palo Pinto,14,2025-02-01,2025-12-28,7,41,0
48365,2015,Panola,10,2015-01-28,2015-12-28,6,32,0
48365,2016,Panola,8,2016-01-30,2016-12-27,6,27,0
48365,2017,Panola,13,2017-01-11,2017-11-07,5,34,0
48365,2018,Panola,8,2018-02-16,2018-07-24,9,33,0
48365,2019,Panola,5,2019-02-05,2019-10-04,3,13,0
48365,2020,Panola,5,2020-03-12,2020-12-31,4,12,0
48365,2021,Panola,12,2021-01-25,2022-01-02,9,34,0
48365,2022,Panola,10,2022-03-06,2022-12-10,11,42,9
48365,2023,Panola,11,2023-01-07,2023-12-12,11,42,4
48365,2024,Panola,5,2024-02-27,2024-12-18,7,17,2
48365,2025,Panola,8,2025-02-05,2025-12-29,5,22,0
48367,2015,Parker,6,2015-01-27,2015-12-26,5,22,0
48367,2016,Parker,10,2016-01-30,2016-12-29,7,28,0
48367,2017,Parker,13,2017-01-10,2017-12-04,7,34,0
48367,2018,Parker,14,2018-03-25,2018-11-30,7,48,0
48367,2019,Parker,5,2019-02-03,2019-12-25,7,19,0
48367,2020,Parker,10,2020-02-02,2020-12-10,4,25,0
48367,2021,Parker,7,2021-10-08,2021-12-30,8,31,0
48367,2022,Parker,15,2022-01-13,2022-10-23,13,79,0
48367,2023,Parker,19,2023-01-01,2023-11-08,16,89,0
48367,2024,Parker,14,2024-01-30,2024-12-30,8,48,0
48367,2025,Parker,15,2025-02-02,2025-12-28,7,47,0
48369,2015,Parmer,11,2015-01-28,2015-12-12,6,32,0
48369,2016,Parmer,11,2016-01-30,2016-11-18,8,40,0
48369,2017,Parmer,11,2017-02-05,2017-11-25,8,36,0
48369,2018,Parmer,11,2018-01-10,2018-07-23,8,35,0
48369,2019,Parmer,12,2019-01-06,2019-12-24,8,43,0
48369,2020,Parmer,15,2020-03-26,2020-12-11,7,53,0
48369,2021,Parmer,13,2021-02-03,2021-12-27,4,35,0
48369,2022,Parmer,17,2022-01-08,2022-09-25,11,58,0
48369,2023,Parmer,15,2023-01-01,2023-11-09,7,57,0
48369,2024,Parmer,16,2024-02-21,2024-12-31,12,54,0
48369,2025,Parmer,15,2025-02-03,2025-12-28,6,45,0
48371,2015,Pecos,7,2015-01-28,2015-12-12,11,26,0
48371,2016,Pecos,11,2016-01-30,2016-12-17,5,34,0
48371,2017,Pecos,12,2017-01-09,2017-11-28,6,41,0
48371,2018,Pecos,9,2018-01-09,2018-11-30,8,28,0
48371,2019,Pecos,14,2019-02-04,2019-12-15,6,38,0
48371,2020,Pecos,19,2020-01-13,2020-12-27,8,58,0
48371,2021,Pecos,16,2021-02-02,2021-12-28,7,59,0
48371,2022,Pecos,14,2022-03-04,2023-01-02,7,45,0
48371,2023,Pecos,21,2023-01-10,2023-12-08,15,90,0
48371,2024,Pecos,24,2024-02-01,2024-12-30,7,76,0
48371,2025,Pecos,19,2025-01-04,2025-12-28,7,58,0
48373,2015,Polk,9,2015-01-28,2015-12-28,5,24,6
48373,2016,Polk,8,2016-01-30,2016-12-28,7,38,19
48373,2017,Polk,10,2017-01-11,2017-12-22,5,29,26
48373,2018,Polk,3,2018-05-13,2018-07-22,2,6,5
48373,2019,Polk,3,2019-02-06,2019-10-04,5,10,8
48373,2020,Polk,7,2020-01-15,2020-12-10,4,16,16
48373,2021,Polk,4,2021-12-03,2022-01-01,9,16,16
48373,2022,Polk,12,2022-03-26,2022-12-10,15,66,66
48373,2023,Polk,16,2023-01-01,2023-11-08,35,83,83
48373,2024,Polk,7,2024-02-25,2024-12-17,8,26,26
48373,2025,Polk,10,2025-02-02,2025-12-28,8,46,46
48375,2015,Potter,7,2015-01-27,2015-12-12,5,23,0
48375,2016,Potter,11,2016-01-29,2016-12-28,8,37,0
48375,2017,Potter,12,2017-01-10,2017-12-04,6,32,0
48375,2018,Potter,9,2018-01-09,2018-11-29,8,31,0
48375,2019,Potter,8,2019-01-05,2019-12-25,6,31,0
48375,2020,Potter,12,2020-04-30,2020-12-10,9,44,0
48375,2021,Potter,14,2021-02-03,2021-12-26,4,37,0
48375,2022,Potter,12,2022-03-02,2022-07-27,6,36,0
48375,2023,Potter,17,2023-01-01,2023-11-08,7,54,0
48375,2024,Potter,17,2024-01-31,2024-12-30,10,55,0
48375,2025,Potter,10,2025-02-02,2025-12-27,7,36,0
48377,2015,Presidio,3,2015-01-29,2015-12-26,3,7,0
48377,2016,Presidio,1,2016-02-18,2016-02-20,3,3,0
48377,2017,Presidio,8,2017-01-09,2017-12-31,5,25,0
48377,2018,Presidio,1,2018-11-29,2018-11-30,2,2,0
48377,2019,Presidio,8,2019-03-28,2019-12-15,3,17,0
48377,2020,Presidio,11,2020-03-25,2020-12-29,8,42,0
48377,2021,Presidio,12,2021-02-03,2022-01-01,11,41,0
48377,2022,Presidio,12,2022-03-26,2022-12-09,14,57,0
48377,2023,Presidio,20,2023-01-10,2023-12-23,17,94,4
48377,2024,Presidio,16,2024-02-25,2024-12-31,9,59,0
48377,2025,Presidio,22,2025-02-02,2025-12-28,11,85,0
48379,2015,Rains,9,2015-01-28,2015-12-27,5,23,0
48379,2016,Rains,8,2016-01-30,2016-12-29,7,27,0
48379,2017,Rains,9,2017-01-11,2017-12-05,3,23,0
48379,2018,Rains,7,2018-05-19,2018-07-27,6,21,0
48379,2019,Rains,7,2019-02-05,2019-11-21,3,17,0
48379,2020,Rains,5,2020-03-11,2020-12-11,4,13,0
48379,2021,Rains,5,2021-10-09,2022-01-02,10,21,0
48379,2022,Rains,15,2022-01-14,2022-12-08,9,61,0
48379,2023,Rains,17,2023-01-02,2023-12-10,5,49,0
48379,2024,Rains,11,2024-01-31,2024-12-18,9,33,2
48379,2025,Rains,7,2025-02-03,2025-12-29,7,25,0
48381,2015,Randall,8,2015-02-07,2015-12-12,5,22,0
48381,2016,Randall,11,2016-02-18,2016-12-28,7,36,1
48381,2017,Randall,9,2017-02-04,2017-11-24,4,21,0
48381,2018,Randall,14,2018-01-20,2018-10-07,5,43,3
48381,2019,Randall,8,2019-01-05,2019-12-24,5,25,0
48381,2020,Randall,10,2020-02-02,2020-12-10,7,35,2
48381,2021,Randall,11,2021-04-06,2021-12-27,5,31,3
48381,2022,Randall,10,2022-01-08,2022-07-21,6,28,1
48381,2023,Randall,17,2023-01-01,2023-11-08,4,47,6
48381,2024,Randall,14,2024-02-20,2024-11-24,10,45,1
48381,2025,Randall,11,2025-02-03,2025-12-28,6,36,3
48383,2015,Reagan,9,2015-01-28,2015-12-26,7,30,0
48383,2016,Reagan,8,2016-01-30,2016-12-28,7,28,0
48383,2017,Reagan,21,2017-01-10,2017-12-22,7,62,0
48383,2018,Reagan,9,2018-03-10,2018-12-01,8,36,0
48383,2019,Reagan,18,2019-01-18,2019-12-25,4,46,0
48383,2020,Reagan,14,2020-03-26,2020-12-11,8,47,0
48383,2021,Reagan,14,2021-04-09,2021-12-30,8,51,3
48383,2022,Reagan,18,2022-01-14,2022-08-06,12,78,2
48383,2023,Reagan,17,2023-01-01,2023-11-09,15,86,2
48383,2024,Reagan,28,2024-02-02,2024-12-31,13,109,7
48383,2025,Reagan,20,2025-02-02,2025-12-29,10,71,2
48385,2015,Real,5,2015-01-27,2015-12-26,5,17,5
48385,2016,Real,3,2016-01-30,2016-12-29,2,6,2
48385,2017,Real,12,2017-01-11,2017-11-27,6,34,0
48385,2018,Real,6,2018-03-18,2018-07-24,3,13,1
48385,2019,Real,9,2019-02-15,2019-12-16,3,21,0
48385,2020,Real,7,2020-03-25,2020-12-10,4,21,0
48385,2021,Real,7,2021-04-09,2022-01-01,5,21,0
48385,2022,Real,15,2022-01-13,2023-01-02,6,49,0
48385,2023,Real,18,2023-01-10,2023-11-08,9,68,0
48385,2024,Real,20,2024-02-25,2024-12-30,19,80,0
48385,2025,Real,21,2025-02-02,2025-12-28,8,69,11
48387,2015,Red River,11,2015-01-17,2015-12-27,5,37,0
48387,2016,Red River,13,2016-01-29,2016-12-28,8,44,1
48387,2017,Red River,10,2017-01-10,2017-12-04,4,28,0
48387,2018,Red River,8,2018-05-06,2018-09-19,11,40,0
48387,2019,Red River,7,2019-01-05,2019-12-27,4,21,0
48387,2020,Red River,11,2020-02-02,2020-12-27,4,29,0
48387,2021,Red River,11,2021-06-12,2022-01-01,6,34,0
48387,2022,Red River,18,2022-02-10,2023-01-03,10,68,0
48387,2023,Red River,10,2023-01-10,2023-11-08,4,31,0
48387,2024,Red River,11,2024-01-29,2024-12-17,5,32,0
48387,2025,Red River,14,2025-02-02,2025-12-28,7,45,0
48389,2015,Reeves,6,2015-02-07,2015-12-11,11,26,0
48389,2016,Reeves,12,2016-01-29,2016-12-17,8,36,0
48389,2017,Reeves,13,2017-01-09,2017-11-28,8,37,0
48389,2018,Reeves,5,2018-01-09,2018-11-30,8,18,0
48389,2019,Reeves,7,2019-02-04,2019-12-15,4,20,0
48389,2020,Reeves,13,2020-03-26,2020-11-19,8,42,0
48389,2021,Reeves,11,2021-02-03,2021-12-27,6,36,0
48389,2022,Reeves,12,2022-03-26,2022-08-04,6,41,0
48389,2023,Reeves,17,2023-01-01,2023-12-08,14,78,0
48389,2024,Reeves,19,2024-02-20,2024-12-30,7,63,0
48389,2025,Reeves,10,2025-02-02,2025-12-28,7,38,0
48391,2015,Refugio,5,2015-08-12,2015-12-27,4,13,1
48391,2016,Refugio,6,2016-09-19,2016-12-26,3,13,0
48391,2017,Refugio,7,2017-01-03,2017-12-06,3,16,0
48391,2019,Refugio,3,2019-10-15,2019-12-17,3,7,0
48391,2020,Refugio,2,2020-04-24,2020-11-28,2,4,0
48391,2021,Refugio,3,2021-12-10,2021-12-30,5,12,0
48391,2022,Refugio,3,2022-01-01,2022-12-09,2,6,0
48391,2023,Refugio,6,2023-01-06,2023-09-15,3,14,0
48391,2024,Refugio,5,2024-08-21,2024-12-17,4,13,0
48391,2025,Refugio,9,2025-02-05,2025-12-29,6,27,3
48393,2015,Roberts,10,2015-01-19,2015-12-12,5,33,33
48393,2016,Roberts,9,2016-01-29,2016-12-25,7,29,29
48393,2017,Roberts,12,2017-01-10,2017-12-04,5,35,35
48393,2018,Roberts,10,2018-01-09,2018-07-23,9,33,33
48393,2019,Roberts,9,2019-01-05,2019-12-26,6,26,26
48393,2020,Roberts,16,2020-01-14,2020-12-27,7,49,49
48393,2021,Roberts,14,2021-02-03,2021-12-27,6,36,36
48393,2022,Roberts,17,2022-01-13,2022-12-29,14,58,58
48393,2023,Roberts,20,2023-01-01,2023-12-08,7,62,62
48393,2024,Roberts,18,2024-01-31,2024-12-16,11,63,63
48393,2025,Roberts,11,2025-02-02,2025-12-28,9,43,43
48395,2015,Robertson,6,2015-01-27,2015-12-27,6,22,0
48395,2016,Robertson,7,2016-01-29,2016-12-28,5,22,1
48395,2017,Robertson,12,2017-01-10,2017-11-18,4,35,0
48395,2018,Robertson,5,2018-05-12,2018-07-24,9,24,2
48395,2019,Robertson,7,2019-02-04,2019-12-15,15,31,0
48395,2020,Robertson,17,2020-01-09,2020-12-29,5,52,0
48395,2021,Robertson,10,2021-02-03,2022-01-01,9,33,17
48395,2022,Robertson,19,2022-03-05,2023-01-02,12,99,1
48395,2023,Robertson,21,2023-01-06,2023-11-08,29,105,0
48395,2024,Robertson,16,2024-02-25,2024-12-24,16,62,0
48395,2025,Robertson,20,2025-02-01,2025-12-28,9,78,0
48397,2015,Rockwall,9,2015-01-27,2015-12-27,6,32,32
48397,2016,Rockwall,9,2016-01-29,2016-12-28,7,32,29
48397,2017,Rockwall,11,2017-01-10,2017-12-04,6,30,23
48397,2018,Rockwall,10,2018-04-12,2018-11-24,7,31,0
48397,2019,Rockwall,10,2019-01-05,2019-11-20,7,32,0
48397,2020,Rockwall,11,2020-02-02,2020-12-23,4,29,1
48397,2021,Rockwall,8,2021-03-15,2022-01-01,10,28,0
48397,2022,Rockwall,17,2022-01-13,2023-01-02,9,71,0
48397,2023,Rockwall,15,2023-01-10,2023-11-08,9,55,0
48397,2024,Rockwall,13,2024-01-29,2024-12-17,9,45,0
48397,2025,Rockwall,13,2025-02-02,2025-12-28,7,39,0
48399,2015,Runnels,9,2015-01-28,2015-12-25,3,20,0
48399,2016,Runnels,11,2016-01-30,2016-12-27,8,35,0
48399,2017,Runnels,14,2017-01-11,2017-11-29,5,38,0
48399,2018,Runnels,6,2018-02-15,2018-12-01,8,24,0
48399,2019,Runnels,14,2019-02-04,2019-12-25,3,31,0
48399,2020,Runnels,8,2020-03-26,2020-12-11,4,26,0
48399,2021,Runnels,8,2021-04-09,2021-12-31,9,31,0
48399,2022,Runnels,11,2022-03-17,2022-08-06,15,49,0
48399,2023,Runnels,17,2023-01-01,2023-11-09,13,73,0
48399,2024,Runnels,18,2024-02-03,2025-01-01,10,62,0
48399,2025,Runnels,14,2025-02-03,2025-12-29,7,44,0
48401,2015,Rusk,6,2015-01-28,2015-12-27,6,23,0
48401,2016,Rusk,6,2016-01-31,2016-12-28,8,26,0
48401,2017,Rusk,12,2017-01-10,2017-12-22,6,37,0
48401,2018,Rusk,10,2018-03-17,2018-12-01,10,53,0
48401,2019,Rusk,8,2019-02-05,2019-12-28,8,34,0
48401,2020,Rusk,9,2020-01-15,2020-12-11,4,26,0
48401,2021,Rusk,9,2021-02-28,2022-01-01,9,29,0
48401,2022,Rusk,10,2022-03-03,2022-12-10,17,59,0
48401,2023,Rusk,18,2023-01-02,2023-11-08,10,67,0
48401,2024,Rusk,11,2024-02-21,2024-12-18,9,40,0
48401,2025,Rusk,13,2025-02-02,2025-12-28,9,51,0
48403,2015,Sabine,12,2015-01-27,2015-12-27,8,43,1
48403,2016,Sabine,8,2016-01-29,2016-12-28,8,33,0
48403,2017,Sabine,15,2017-01-10,2017-12-22,7,48,0
48403,2018,Sabine,13,2018-02-14,2018-09-19,10,42,0
48403,2019,Sabine,10,2019-01-07,2019-12-16,8,34,1
48403,2020,Sabine,7,2020-03-10,2020-12-29,6,20,0
48403,2021,Sabine,10,2021-02-23,2022-01-01,9,34,0
48403,2022,Sabine,17,2022-01-08,2023-01-03,15,81,1
48403,2023,Sabine,23,2023-01-06,2023-11-09,21,106,1
48403,2024,Sabine,15,2024-02-25,2024-12-28,5,38,0
48403,2025,Sabine,17,2025-02-02,2025-12-28,10,65,0
48405,2015,San Augustine,12,2015-01-27,2015-12-28,11,42,7
48405,2016,San Augustine,9,2016-02-11,2016-12-30,6,24,4
48405,2017,San Augustine,16,2017-01-11,2017-12-23,6,51,3
48405,2018,San Augustine,19,2018-02-15,2018-11-08,14,73,2
48405,2019,San Augustine,10,2019-02-05,2019-12-17,7,30,0
48405,2020,San Augustine,10,2020-01-15,2020-12-31,5,25,0
48405,2021,San Augustine,10,2021-02-27,2022-01-02,9,34,0
48405,2022,San Augustine,18,2022-01-14,2022-12-12,15,86,0
48405,2023,San Augustine,21,2023-01-02,2023-10-30,19,90,1
48405,2024,San Augustine,10,2024-01-31,2024-12-29,8,31,0
48405,2025,San Augustine,11,2025-02-03,2025-12-29,10,53,1
48407,2015,San Jacinto,8,2015-01-28,2015-12-27,5,24,24
48407,2016,San Jacinto,8,2016-01-30,2016-12-29,6,29,29
48407,2017,San Jacinto,12,2017-01-11,2017-11-18,6,36,36
48407,2018,San Jacinto,7,2018-02-15,2018-07-24,7,30,30
48407,2019,San Jacinto,5,2019-02-05,2019-10-06,8,21,21
48407,2020,San Jacinto,8,2020-01-15,2020-10-12,4,19,19
48407,2021,San Jacinto,6,2021-04-12,2022-01-01,9,22,22
48407,2022,San Jacinto,13,2022-03-05,2022-12-10,21,79,79
48407,2023,San Jacinto,17,2023-01-01,2023-11-08,34,97,97
48407,2024,San Jacinto,7,2024-02-25,2024-12-17,8,28,28
48407,2025,San Jacinto,12,2025-02-02,2025-12-28,9,55,55
48409,2015,San Patricio,6,2015-01-27,2015-12-26,3,15,0
48409,2016,San Patricio,10,2016-02-16,2016-12-27,6,30,0
48409,2017,San Patricio,16,2017-01-03,2017-12-05,6,49,1
48409,2018,San Patricio,4,2018-03-19,2018-11-07,4,12,0
48409,2019,San Patricio,4,2019-04-10,2019-12-15,3,9,0
48409,2020,San Patricio,11,2020-04-08,2020-11-28,5,27,11
48409,2021,San Patricio,8,2021-01-26,2022-01-01,8,24,0
48409,2022,San Patricio,19,2022-03-26,2022-12-10,12,65,3
48409,2023,San Patricio,23,2023-01-06,2023-10-30,16,108,8
48409,2024,San Patricio,25,2024-02-26,2024-12-31,8,80,0
48409,2025,San Patricio,17,2025-02-03,2025-12-29,14,70,6
48411,2015,San Saba,10,2015-01-27,2015-12-24,5,30,0
48411,2016,San Saba,8,2016-01-30,2016-12-29,5,23,0
48411,2017,San Saba,10,2017-01-11,2017-11-06,5,24,0
48411,2018,San Saba,6,2018-03-25,2018-11-30,9,27,0
48411,2019,San Saba,10,2019-02-04,2019-12-16,6,28,0
48411,2020,San Saba,10,2020-01-14,2020-12-10,4,28,0
48411,2021,San Saba,5,2021-10-25,2022-01-01,10,21,0
48411,2022,San Saba,11,2022-01-13,2022-12-08,16,53,0
48411,2023,San Saba,17,2023-01-01,2023-11-08,17,90,0
48411,2024,San Saba,9,2024-02-21,2024-12-31,8,39,0
48411,2025,San Saba,12,2025-02-02,2025-12-29,7,44,0
48413,2015,Schleicher,12,2015-01-20,2015-12-27,7,36,0
48413,2016,Schleicher,9,2016-01-31,2016-12-29,4,24,0
48413,2017,Schleicher,10,2017-01-11,2017-11-07,6,34,0
48413,2018,Schleicher,9,2018-03-24,2018-07-24,6,29,0
48413,2019,Schleicher,12,2019-01-06,2019-12-24,3,25,0
48413,2020,Schleicher,10,2020-01-27,2020-12-11,4,25,0
48413,2021,Schleicher,10,2021-02-04,2022-01-02,11,33,0
48413,2022,Schleicher,11,2022-01-14,2022-07-21,9,41,0
48413,2023,Schleicher,18,2023-01-02,2023-11-09,17,81,0
48413,2024,Schleicher,16,2024-02-21,2024-12-30,6,46,2
48413,2025,Schleicher,12,2025-02-03,2025-12-30,7,39,2
48415,2015,Scurry,8,2015-01-28,2015-12-23,5,21,0
48415,2016,Scurry,5,2016-01-29,2016-11-01,6,20,0
48415,2017,Scurry,10,2017-01-10,2017-09-22,6,30,0
48415,2018,Scurry,12,2018-01-09,2018-11-30,5,31,0
48415,2019,Scurry,13,2019-02-03,2019-12-25,9,42,0
48415,2020,Scurry,11,2020-01-14,2020-12-10,9,42,0
48415,2021,Scurry,7,2021-04-26,2021-12-28,6,26,0
48415,2022,Scurry,10,2022-03-26,2022-08-05,9,44,0
48415,2023,Scurry,16,2023-01-01,2023-12-08,12,64,0
48415,2024,Scurry,15,2024-02-01,2024-12-30,15,58,0
48415,2025,Scurry,11,2025-02-02,2025-12-28,5,28,0
48417,2015,Shackelford,7,2015-01-27,2015-12-24,6,21,0
48417,2016,Shackelford,6,2016-01-30,2016-12-26,8,19,0
48417,2017,Shackelford,12,2017-01-11,2017-11-29,3,28,0
48417,2018,Shackelford,8,2018-02-15,2018-12-01,5,24,0
48417,2019,Shackelford,6,2019-02-04,2019-12-26,3,15,0
48417,2020,Shackelford,12,2020-01-14,2020-12-23,6,37,0
48417,2021,Shackelford,8,2021-09-20,2021-12-30,7,29,0
48417,2022,Shackelford,21,2022-01-14,2022-12-07,10,77,0
48417,2023,Shackelford,19,2023-01-01,2023-12-09,16,86,0
48417,2024,Shackelford,16,2024-02-21,2024-12-31,14,61,0
48417,2025,Shackelford,14,2025-02-02,2025-12-29,7,43,0
48419,2015,Shelby,6,2015-01-28,2015-12-28,6,20,0
48419,2016,Shelby,7,2016-02-01,2016-12-27,7,23,0
48419,2017,Shelby,15,2017-01-11,2017-12-23,6,42,0
48419,2018,Shelby,9,2018-02-15,2018-07-28,9,35,0
48419,2019,Shelby,5,2019-02-05,2019-10-07,9,22,0
48419,2020,Shelby,3,2020-03-25,2020-12-10,4,8,8
48419,2021,Shelby,5,2021-04-12,2022-01-01,9,18,18
48419,2022,Shelby,9,2022-03-27,2022-12-10,14,54,54
48419,2023,Shelby,17,2023-01-01,2023-11-08,10,66,66
48419,2024,Shelby,5,2024-02-26,2024-12-17,8,19,19
48419,2025,Shelby,8,2025-02-03,2025-12-28,8,32,32
48421,2015,Sherman,12,2015-01-18,2015-12-11,5,33,0
48421,2016,Sherman,13,2016-01-29,2016-11-17,3,33,0
48421,2017,Sherman,15,2017-01-30,2017-11-27,4,39,0
48421,2018,Sherman,12,2018-01-09,2018-08-31,4,32,2
48421,2019,Sherman,11,2019-02-02,2019-12-26,6,33,24
48421,2020,Sherman,18,2020-01-14,2020-12-27,8,60,60
48421,2021,Sherman,14,2021-02-03,2021-12-27,6,41,41
48421,2022,Sherman,14,2022-01-13,2022-12-29,14,57,57
48421,2023,Sherman,19,2023-01-01,2023-12-08,13,67,67
48421,2024,Sherman,19,2024-01-31,2024-12-30,13,65,65
48421,2025,Sherman,13,2025-02-02,2025-12-28,9,48,48
48423,2015,Smith,9,2015-01-27,2015-12-27,7,32,0
48423,2016,Smith,11,2016-01-29,2016-12-28,6,40,0
48423,2017,Smith,13,2017-01-10,2017-12-04,5,35,0
48423,2018,Smith,11,2018-03-16,2018-11-30,10,46,0
48423,2019,Smith,5,2019-02-04,2019-10-06,13,33,0
48423,2020,Smith,7,2020-03-10,2020-12-10,4,17,0
48423,2021,Smith,7,2021-04-12,2022-01-01,9,24,0
48423,2022,Smith,12,2022-03-04,2022-12-10,16,59,0
48423,2023,Smith,17,2023-01-01,2023-11-08,10,60,0
48423,2024,Smith,8,2024-02-25,2024-12-18,9,34,0
48423,2025,Smith,9,2025-02-03,2025-12-28,8,34,0
48425,2015,Somervell,7,2015-01-27,2015-12-25,3,17,0
48425,2016,Somervell,8,2016-01-30,2016-12-26,3,18,5
48425,2017,Somervell,7,2017-01-11,2017-11-06,4,18,8
48425,2018,Somervell,4,2018-02-15,2018-07-24,7,13,13
48425,2019,Somervell,5,2019-02-05,2019-10-07,3,11,2
48425,2020,Somervell,7,2020-01-15,2020-12-11,4,17,0
48425,2021,Somervell,3,2021-12-10,2021-12-31,8,14,4
48425,2022,Somervell,9,2022-01-14,2022-12-08,13,52,6
48425,2023,Somervell,14,2023-01-01,2023-11-09,5,42,0
48425,2024,Somervell,6,2024-02-26,2024-12-18,5,17,1
48425,2025,Somervell,8,2025-02-03,2025-12-29,7,28,2
48427,2015,Starr,7,2015-07-25,2015-12-27,5,23,0
48427,2016,Starr,15,2016-01-31,2016-12-29,9,61,0
48427,2017,Starr,26,2017-01-02,2017-12-22,8,86,0
48427,2018,Starr,18,2018-01-10,2018-12-23,20,72,0
48427,2019,Starr,22,2019-01-06,2019-12-16,9,88,0
48427,2020,Starr,19,2020-01-09,2020-12-30,8,68,1
48427,2021,Starr,13,2021-01-24,2022-01-02,5,38,0
48427,2022,Starr,15,2022-02-22,2023-01-04,7,49,0
48427,2023,Starr,16,2023-01-06,2023-11-09,17,103,0
48427,2024,Starr,12,2024-02-27,2025-01-01,8,40,0
48427,2025,Starr,14,2025-01-05,2025-12-29,10,58,0
48429,2015,Stephens,6,2015-01-27,2015-12-24,5,16,0
48429,2016,Stephens,8,2016-01-30,2016-12-27,4,19,0
48429,2017,Stephens,16,2017-01-02,2017-12-05,7,43,0
48429,2018,Stephens,9,2018-01-21,2018-12-01,9,30,0
48429,2019,Stephens,8,2019-02-04,2019-12-25,3,19,0
48429,2020,Stephens,8,2020-01-15,2020-12-11,5,25,0
48429,2021,Stephens,9,2021-10-08,2021-12-30,7,28,0
48429,2022,Stephens,15,2022-01-14,2022-10-23,17,76,0
48429,2023,Stephens,16,2023-01-01,2023-11-09,14,69,0
48429,2024,Stephens,10,2024-02-26,2024-12-30,9,35,0
48429,2025,Stephens,15,2025-02-01,2025-12-28,8,48,0
48431,2015,Sterling,5,2015-01-28,2015-12-12,2,10,0
48431,2016,Sterling,6,2016-01-31,2016-12-18,4,15,0
48431,2017,Sterling,12,2017-01-11,2017-11-07,7,46,0
48431,2018,Sterling,7,2018-03-24,2018-11-30,7,22,22
48431,2019,Sterling,6,2019-02-04,2019-12-15,5,17,12
48431,2020,Sterling,7,2020-03-26,2020-10-12,9,29,29
48431,2021,Sterling,7,2021-10-08,2021-12-30,8,26,26
48431,2022,Sterling,10,2022-03-26,2022-10-23,10,43,43
48431,2023,Sterling,16,2023-01-01,2023-11-08,15,74,74
48431,2024,Sterling,10,2024-02-21,2024-12-30,11,37,37
48431,2025,Sterling,8,2025-02-02,2025-12-28,7,27,27
48433,2015,Stonewall,11,2015-01-27,2015-12-24,6,35,0
48433,2016,Stonewall,8,2016-01-30,2016-12-26,7,23,0
48433,2017,Stonewall,13,2017-01-10,2017-12-12,6,33,0
48433,2018,Stonewall,13,2018-01-10,2018-07-23,6,34,0
48433,2019,Stonewall,9,2019-01-06,2019-12-26,5,27,0
48433,2020,Stonewall,10,2020-01-14,2020-12-11,6,27,0
48433,2021,Stonewall,10,2021-04-26,2021-12-31,5,32,0
48433,2022,Stonewall,16,2022-01-14,2022-10-24,10,55,0
48433,2023,Stonewall,19,2023-01-01,2023-12-09,5,50,0
48433,2024,Stonewall,12,2024-02-02,2024-12-31,11,38,0
48433,2025,Stonewall,15,2025-02-02,2025-12-29,7,42,0
48435,2015,Sutton,5,2015-02-09,2015-12-26,5,19,2
48435,2016,Sutton,6,2016-01-31,2016-11-01,6,25,9
48435,2017,Sutton,9,2017-02-07,2017-11-18,5,26,23
48435,2018,Sutton,5,2018-05-27,2018-12-01,6,17,17
48435,2019,Sutton,7,2019-02-05,2019-12-15,4,18,18
48435,2020,Sutton,9,2020-03-25,2020-12-28,5,29,29
48435,2021,Sutton,7,2021-10-09,2022-01-01,10,28,28
48435,2022,Sutton,7,2022-03-26,2022-07-21,9,33,33
48435,2023,Sutton,20,2023-01-01,2023-11-08,14,86,86
48435,2024,Sutton,18,2024-02-21,2024-12-31,9,67,2
48435,2025,Sutton,16,2025-02-03,2025-12-29,7,53,3
48437,2015,Swisher,8,2015-01-19,2015-12-12,5,22,0
48437,2016,Swisher,10,2016-01-24,2016-11-18,4,27,0
48437,2017,Swisher,8,2017-02-06,2017-11-25,3,18,0
48437,2018,Swisher,16,2018-01-10,2018-11-30,8,45,0
48437,2019,Swisher,10,2019-01-05,2019-12-25,7,32,0
48437,2020,Swisher,13,2020-03-26,2020-12-11,7,48,0
48437,2021,Swisher,12,2021-03-04,2021-12-27,4,33,0
48437,2022,Swisher,15,2022-03-04,2022-09-18,7,43,0
48437,2023,Swisher,18,2023-01-01,2023-11-09,7,52,0
48437,2024,Swisher,16,2024-02-21,2024-11-25,15,55,0
48437,2025,Swisher,13,2025-02-02,2025-12-28,6,37,0
48439,2015,Tarrant,8,2015-01-27,2015-12-26,6,29,0
48439,2016,Tarrant,9,2016-01-29,2016-12-29,7,32,0
48439,2017,Tarrant,14,2017-01-10,2017-12-04,7,37,0
48439,2018,Tarrant,11,2018-03-24,2018-11-30,10,47,0
48439,2019,Tarrant,9,2019-01-06,2019-12-25,14,33,0
48439,2020,Tarrant,12,2020-01-14,2020-12-27,4,32,0
48439,2021,Tarrant,7,2021-10-07,2022-01-01,10,34,0
48439,2022,Tarrant,15,2022-01-13,2023-01-03,13,77,0
48439,2023,Tarrant,16,2023-01-10,2023-11-08,15,76,0
48439,2024,Tarrant,12,2024-01-30,2024-12-30,9,39,0
48439,2025,Tarrant,18,2025-02-02,2025-12-28,7,50,0
48441,2015,Taylor,7,2015-01-27,2015-12-23,5,20,0
48441,2016,Taylor,3,2016-10-16,2016-11-17,7,12,0
48441,2017,Taylor,9,2017-01-10,2017-11-02,5,26,0
48441,2018,Taylor,6,2018-05-26,2018-11-30,9,25,0
48441,2019,Taylor,9,2019-02-04,2019-12-25,5,28,0
48441,2020,Taylor,10,2020-01-14,2020-10-11,6,36,0
48441,2021,Taylor,8,2021-04-26,2021-12-30,9,32,0
48441,2022,Taylor,12,2022-03-25,2022-10-23,17,85,0
48441,2023,Taylor,16,2023-01-01,2023-11-08,15,77,0
48441,2024,Taylor,14,2024-01-31,2024-12-16,15,56,0
48441,2025,Taylor,13,2025-02-01,2025-12-28,9,50,0
48443,2015,Terrell,18,2015-01-19,2015-12-25,17,74,0
48443,2016,Terrell,16,2016-01-14,2017-01-01,8,56,1
48443,2017,Terrell,22,2017-01-10,2017-12-01,7,56,0
48443,2018,Terrell,14,2018-02-03,2018-11-30,8,42,0
48443,2019,Terrell,18,2019-02-05,2019-12-15,14,57,0
48443,2020,Terrell,17,2020-01-05,2020-10-14,10,56,0
48443,2021,Terrell,11,2021-04-08,2022-01-01,11,42,0
48443,2022,Terrell,14,2022-02-21,2023-01-02,9,51,0
48443,2023,Terrell,12,2023-01-09,2023-09-24,16,74,0
48443,2024,Terrell,14,2024-02-25,2024-12-30,12,54,9
48443,2025,Terrell,26,2025-02-02,2025-12-28,8,80,0
48445,2015,Terry,8,2015-01-28,2015-12-12,6,22,0
48445,2016,Terry,8,2016-01-30,2016-12-18,5,26,0
48445,2017,Terry,12,2017-01-12,2017-12-05,4,30,0
48445,2018,Terry,13,2018-01-10,2018-12-01,8,42,0
48445,2019,Terry,9,2019-03-29,2019-08-27,6,24,0
48445,2020,Terry,16,2020-03-26,2020-12-11,10,54,0
48445,2021,Terry,11,2021-02-03,2021-12-25,5,31,0
48445,2022,Terry,12,2022-03-27,2022-12-07,4,32,0
48445,2023,Terry,15,2023-01-02,2023-11-09,7,48,0
48445,2024,Terry,17,2024-02-26,2024-12-31,11,52,0
48445,2025,Terry,10,2025-02-03,2025-12-28,6,33,0
48447,2015,Throckmorton,6,2015-01-27,2015-12-12,3,14,4
48447,2016,Throckmorton,6,2016-01-30,2016-12-26,3,13,3
48447,2017,Throckmorton,11,2017-01-10,2017-11-29,5,32,6
48447,2018,Throckmorton,6,2018-03-23,2018-11-30,5,19,3
48447,2019,Throckmorton,3,2019-02-03,2019-12-25,5,9,3
48447,2020,Throckmorton,10,2020-02-02,2020-12-10,5,28,4
48447,2021,Throckmorton,7,2021-10-08,2021-12-31,5,25,8
48447,2022,Throckmorton,12,2022-03-04,2022-09-25,12,47,14
48447,2023,Throckmorton,20,2023-01-01,2023-11-09,8,74,0
48447,2024,Throckmorton,9,2024-02-21,2024-12-16,9,31,31
48447,2025,Throckmorton,10,2025-02-02,2025-12-28,7,31,31
48449,2015,Titus,14,2015-01-20,2015-12-27,8,49,0
48449,2016,Titus,18,2016-01-30,2016-12-29,9,65,0
48449,2017,Titus,13,2017-01-10,2017-12-05,6,43,0
48449,2018,Titus,8,2018-05-08,2018-10-30,8,30,1
48449,2019,Titus,5,2019-02-05,2019-12-26,3,13,0
48449,2020,Titus,5,2020-03-12,2020-12-11,4,12,0
48449,2021,Titus,7,2021-02-24,2022-01-02,9,21,0
48449,2022,Titus,20,2022-01-19,2022-12-30,15,103,9
48449,2023,Titus,24,2023-01-01,2023-11-09,10,85,0
48449,2024,Titus,12,2024-02-26,2024-12-18,5,37,0
48449,2025,Titus,16,2025-02-03,2025-12-29,10,68,0
48451,2015,Tom Green,11,2015-01-28,2015-12-26,10,42,0
48451,2016,Tom Green,11,2016-01-30,2016-12-27,7,37,0
48451,2017,Tom Green,19,2017-01-01,2017-12-22,11,63,0
48451,2018,Tom Green,11,2018-03-10,2018-12-01,9,43,0
48451,2019,Tom Green,22,2019-01-06,2019-12-26,8,68,0
48451,2020,Tom Green,21,2020-01-13,2020-12-28,9,66,0
48451,2021,Tom Green,12,2021-02-03,2021-12-31,10,44,0
48451,2022,Tom Green,18,2022-01-17,2022-10-23,15,78,0
48451,2023,Tom Green,19,2023-01-01,2023-11-09,15,94,0
48451,2024,Tom Green,18,2024-02-20,2024-12-31,12,72,0
48451,2025,Tom Green,18,2025-02-02,2025-12-28,7,52,0
48453,2015,Travis,9,2015-01-27,2015-12-27,6,28,0
48453,2016,Travis,8,2016-01-30,2016-12-28,4,26,0
48453,2017,Travis,14,2017-01-11,2017-11-18,6,37,0
48453,2018,Travis,6,2018-03-17,2018-07-24,9,26,0
48453,2019,Travis,10,2019-02-04,2019-12-15,8,37,0
48453,2020,Travis,12,2020-03-24,2020-12-28,4,31,0
48453,2021,Travis,7,2021-03-15,2022-01-01,9,22,0
48453,2022,Travis,13,2022-02-21,2022-12-09,16,89,0
48453,2023,Travis,16,2023-01-01,2023-10-22,18,91,0
48453,2024,Travis,14,2024-02-25,2024-12-30,11,57,0
48453,2025,Travis,15,2025-02-02,2025-12-28,8,61,0
48455,2015,Trinity,6,2015-01-28,2015-12-27,5,21,21
48455,2016,Trinity,6,2016-01-30,2016-12-29,5,23,23
48455,2017,Trinity,10,2017-01-11,2017-12-22,4,26,26
48455,2018,Trinity,4,2018-05-16,2018-07-23,4,12,12
48455,2019,Trinity,3,2019-02-05,2019-10-06,5,10,10
48455,2020,Trinity,6,2020-01-15,2020-12-10,3,13,13
48455,2021,Trinity,4,2021-10-25,2022-01-01,9,16,16
48455,2022,Trinity,12,2022-03-27,2022-12-10,8,56,56
48455,2023,Trinity,12,2023-01-01,2023-10-22,17,60,60
48455,2024,Trinity,5,2024-02-26,2024-12-17,8,20,20
48455,2025,Trinity,8,2025-02-02,2025-12-28,8,36,36
48457,2015,Tyler,13,2015-01-27,2015-12-27,9,56,0
48457,2016,Tyler,11,2016-01-30,2016-12-28,8,44,0
48457,2017,Tyler,15,2017-01-11,2017-12-22,7,51,0
48457,2018,Tyler,13,2018-02-15,2018-11-07,8,37,0
48457,2019,Tyler,7,2019-02-05,2019-12-16,5,20,0
48457,2020,Tyler,9,2020-01-15,2020-12-10,5,22,0
48457,2021,Tyler,8,2021-01-25,2022-01-01,9,27,0
48457,2022,Tyler,16,2022-03-05,2023-01-04,15,77,0
48457,2023,Tyler,13,2023-01-16,2023-11-09,46,112,0
48457,2024,Tyler,11,2024-02-26,2024-12-17,5,33,0
48457,2025,Tyler,14,2025-02-02,2025-12-29,13,66,0
48459,2015,Upshur,8,2015-01-19,2015-12-28,7,28,0
48459,2016,Upshur,8,2016-01-30,2016-12-28,8,29,0
48459,2017,Upshur,14,2017-01-10,2017-12-22,5,40,0
48459,2018,Upshur,8,2018-03-16,2018-07-26,7,29,0
48459,2019,Upshur,6,2019-02-04,2019-10-06,5,19,0
48459,2020,Upshur,8,2020-01-15,2020-12-10,4,18,0
48459,2021,Upshur,8,2021-04-12,2022-01-01,9,28,0
48459,2022,Upshur,12,2022-03-05,2022-12-08,16,66,0
48459,2023,Upshur,16,2023-01-01,2023-11-08,11,56,0
48459,2024,Upshur,8,2024-01-30,2024-12-17,9,29,0
48459,2025,Upshur,7,2025-02-02,2025-12-28,9,33,0
48461,2015,Upton,8,2015-02-07,2015-12-26,10,31,0
48461,2016,Upton,13,2016-01-30,2016-12-19,8,43,0
48461,2017,Upton,18,2017-01-10,2017-12-22,6,51,1
48461,2018,Upton,11,2018-02-04,2018-12-01,9,40,0
48461,2019,Upton,14,2019-02-05,2019-12-16,4,36,0
48461,2020,Upton,16,2020-03-26,2020-12-28,8,49,1
48461,2021,Upton,11,2021-02-03,2021-12-29,6,37,0
48461,2022,Upton,9,2022-03-26,2023-01-02,6,32,7
48461,2023,Upton,14,2023-02-20,2023-11-08,12,76,13
48461,2024,Upton,13,2024-02-26,2024-12-31,5,33,4
48461,2025,Upton,8,2025-02-02,2025-12-28,9,35,17
48463,2015,Uvalde,3,2015-01-27,2015-12-27,3,7,0
48463,2016,Uvalde,5,2016-01-31,2016-12-28,5,17,0
48463,2017,Uvalde,8,2017-01-10,2017-09-15,6,22,0
48463,2018,Uvalde,8,2018-03-16,2018-07-24,7,26,0
48463,2019,Uvalde,10,2019-01-07,2019-12-15,5,25,0
48463,2020,Uvalde,18,2020-01-05,2020-12-29,6,53,0
48463,2021,Uvalde,9,2021-04-06,2022-01-01,4,24,0
48463,2022,Uvalde,16,2022-01-05,2023-01-06,8,54,1
48463,2023,Uvalde,15,2023-01-10,2023-10-28,10,76,4
48463,2024,Uvalde,13,2024-02-25,2024-12-30,6,44,1
48463,2025,Uvalde,16,2025-02-02,2025-12-28,9,53,0
48465,2015,Val Verde,9,2015-01-28,2015-12-26,12,36,0
48465,2016,Val Verde,13,2016-01-30,2016-12-28,6,41,0
48465,2017,Val Verde,19,2017-01-02,2017-12-22,5,51,0
48465,2018,Val Verde,10,2018-03-17,2018-12-02,8,41,0
48465,2019,Val Verde,19,2019-01-06,2019-12-24,14,70,0
48465,2020,Val Verde,18,2020-01-05,2020-12-29,13,81,0
48465,2021,Val Verde,14,2021-02-04,2022-01-02,12,65,0
48465,2022,Val Verde,18,2022-01-14,2023-01-03,7,56,0
48465,2023,Val Verde,17,2023-01-05,2023-11-08,22,109,0
48465,2024,Val Verde,25,2024-02-01,2024-12-31,14,109,0
48465,2025,Val Verde,23,2025-02-01,2025-12-28,9,91,0
48467,2015,Van Zandt,10,2015-01-28,2015-12-27,6,29,0
48467,2016,Van Zandt,11,2016-01-30,2016-12-29,4,31,0
48467,2017,Van Zandt,11,2017-01-11,2017-12-05,4,29,0
48467,2018,Van Zandt,13,2018-03-17,2018-09-20,9,53,0
48467,2019,Van Zandt,7,2019-02-05,2019-12-01,9,23,1
48467,2020,Van Zandt,7,2020-03-11,2020-12-11,4,18,0
48467,2021,Van Zandt,8,2021-03-16,2022-01-02,10,29,0
48467,2022,Van Zandt,13,2022-01-14,2022-12-09,12,65,0
48467,2023,Van Zandt,12,2023-01-02,2023-10-23,10,45,0
48467,2024,Van Zandt,8,2024-01-31,2024-12-18,9,29,0
48467,2025,Van Zandt,12,2025-02-03,2025-12-29,8,39,14
48469,2015,Victoria,7,2015-01-27,2015-12-27,6,27,0
48469,2016,Victoria,13,2016-01-31,2016-12-28,8,49,0
48469,2017,Victoria,17,2017-01-02,2017-12-02,7,57,0
48469,2018,Victoria,8,2018-02-28,2018-11-07,9,34,0
48469,2019,Victoria,8,2019-04-09,2019-12-16,5,25,0
48469,2020,Victoria,17,2020-01-14,2020-11-12,5,48,0
48469,2021,Victoria,7,2021-01-25,2022-01-02,10,26,0
48469,2022,Victoria,15,2022-02-21,2023-01-07,16,76,0
48469,2023,Victoria,18,2023-01-10,2023-10-21,25,128,0
48469,2024,Victoria,19,2024-02-26,2024-12-31,18,88,0
48469,2025,Victoria,16,2025-02-02,2025-12-28,9,60,0
48471,2015,Walker,7,2015-01-28,2015-12-27,6,23,0
48471,2016,Walker,6,2016-01-30,2016-12-29,5,24,0
48471,2017,Walker,8,2017-01-11,2017-11-18,6,24,0
48471,2018,Walker,7,2018-02-15,2018-11-07,4,16,0
48471,2019,Walker,6,2019-02-05,2019-12-16,8,23,0
48471,2020,Walker,12,2020-01-15,2020-11-22,5,32,0
48471,2021,Walker,6,2021-04-12,2022-01-01,9,20,0
48471,2022,Walker,19,2022-03-05,2022-12-10,11,94,0
48471,2023,Walker,15,2023-01-01,2023-09-29,17,86,0
48471,2024,Walker,9,2024-02-26,2024-12-17,8,29,0
48471,2025,Walker,11,2025-02-02,2025-12-28,9,50,0
48473,2015,Waller,8,2015-01-27,2015-12-27,9,36,36
48473,2016,Waller,11,2016-01-30,2016-12-29,7,39,39
48473,2017,Waller,15,2017-01-10,2017-12-22,7,51,51
48473,2018,Waller,9,2018-02-15,2018-12-01,15,45,45
48473,2019,Waller,9,2019-01-07,2019-12-16,8,31,31
48473,2020,Waller,14,2020-01-15,2020-12-10,5,34,34
48473,2021,Waller,9,2021-01-25,2022-01-01,10,30,30
48473,2022,Waller,15,2022-03-04,2022-12-10,22,93,93
48473,2023,Waller,17,2023-01-01,2023-11-08,48,121,121
48473,2024,Waller,14,2024-02-25,2024-12-28,10,53,53
48473,2025,Waller,16,2025-02-02,2025-12-28,9,74,74
48475,2015,Ward,8,2015-02-07,2015-12-25,5,22,0
48475,2016,Ward,7,2016-01-29,2016-12-17,4,24,0
48475,2017,Ward,13,2017-01-10,2017-11-28,4,34,1
48475,2018,Ward,9,2018-01-09,2018-11-30,7,26,0
48475,2019,Ward,11,2019-02-04,2019-12-15,4,28,0
48475,2020,Ward,14,2020-01-13,2020-11-20,7,39,0
48475,2021,Ward,9,2021-06-10,2021-12-27,6,25,0
48475,2022,Ward,8,2022-03-26,2022-07-20,4,20,0
48475,2023,Ward,15,2023-01-01,2023-12-08,9,53,0
48475,2024,Ward,12,2024-02-20,2024-12-30,5,30,0
48475,2025,Ward,9,2025-02-02,2025-12-28,7,32,0
48477,2015,Washington,6,2015-01-28,2015-12-27,7,25,0
48477,2016,Washington,11,2016-01-30,2016-12-29,6,39,0
48477,2017,Washington,10,2017-01-11,2017-12-22,12,41,0
48477,2018,Washington,5,2018-02-28,2018-11-07,4,12,0
48477,2019,Washington,5,2019-02-05,2019-12-16,7,18,0
48477,2020,Washington,6,2020-01-15,2020-12-10,5,17,0
48477,2021,Washington,4,2021-12-04,2022-01-01,9,16,0
48477,2022,Washington,14,2022-03-26,2022-12-10,11,63,0
48477,2023,Washington,17,2023-01-01,2023-10-24,8,67,0
48477,2024,Washington,10,2024-02-26,2024-12-17,9,32,0
48477,2025,Washington,12,2025-02-02,2025-12-28,8,47,0
48479,2015,Webb,10,2015-01-28,2015-12-26,5,27,0
48479,2016,Webb,12,2016-01-30,2016-12-27,4,36,0
48479,2017,Webb,16,2017-01-02,2017-12-04,6,45,0
48479,2018,Webb,7,2018-02-18,2018-12-02,7,24,0
48479,2019,Webb,12,2019-02-15,2019-12-16,14,41,0
48479,2020,Webb,11,2020-01-14,2020-12-29,7,34,0
48479,2021,Webb,13,2021-02-24,2022-01-01,11,46,0
48479,2022,Webb,17,2022-01-05,2023-01-03,9,56,0
48479,2023,Webb,18,2023-01-05,2023-10-29,17,103,0
48479,2024,Webb,18,2024-02-02,2024-12-31,11,68,0
48479,2025,Webb,17,2025-02-02,2025-12-28,13,70,0
48481,2015,Wharton,7,2015-01-28,2015-12-27,7,29,0
48481,2016,Wharton,15,2016-02-12,2016-12-29,6,52,0
48481,2017,Wharton,14,2017-01-11,2017-12-05,6,44,0
48481,2018,Wharton,6,2018-03-17,2018-08-24,9,29,0
48481,2019,Wharton,5,2019-04-09,2019-12-16,3,11,0
48481,2020,Wharton,6,2020-01-15,2020-11-21,5,19,0
48481,2021,Wharton,5,2021-01-25,2022-01-02,9,17,0
48481,2022,Wharton,11,2022-05-01,2022-12-10,12,58,0
48481,2023,Wharton,18,2023-01-01,2023-10-22,21,111,0
48481,2024,Wharton,15,2024-03-06,2024-12-25,9,51,0
48481,2025,Wharton,12,2025-02-03,2025-12-28,8,55,0
48483,2015,Wheeler,10,2015-01-19,2015-12-12,5,29,1
48483,2016,Wheeler,10,2016-01-29,2016-12-25,4,26,2
48483,2017,Wheeler,9,2017-02-07,2017-11-25,4,24,1
48483,2018,Wheeler,11,2018-02-15,2018-11-30,7,31,2
48483,2019,Wheeler,5,2019-01-05,2019-12-26,4,17,17
48483,2020,Wheeler,13,2020-01-14,2020-12-10,6,35,35
48483,2021,Wheeler,9,2021-02-03,2021-12-27,6,31,31
48483,2022,Wheeler,10,2022-03-03,2022-10-23,13,41,41
48483,2023,Wheeler,19,2023-01-01,2023-12-08,6,52,52
48483,2024,Wheeler,17,2024-02-01,2024-12-16,10,50,50
48483,2025,Wheeler,13,2025-02-02,2025-12-28,8,41,41
48485,2015,Wichita,8,2015-01-26,2015-12-12,5,24,0
48485,2016,Wichita,7,2016-01-29,2016-12-25,3,16,0
48485,2017,Wichita,11,2017-01-10,2017-12-11,5,26,0
48485,2018,Wichita,7,2018-01-20,2018-07-22,6,20,0
48485,2019,Wichita,4,2019-02-03,2019-12-26,3,10,0
48485,2020,Wichita,6,2020-01-09,2020-12-10,4,15,0
48485,2021,Wichita,8,2021-10-07,2021-12-30,5,27,0
48485,2022,Wichita,19,2022-01-13,2022-11-09,8,61,0
48485,2023,Wichita,19,2023-01-01,2023-12-08,10,58,0
48485,2024,Wichita,13,2024-01-31,2024-10-30,9,45,0
48485,2025,Wichita,9,2025-02-01,2025-12-28,7,29,0
48487,2015,Wilbarger,5,2015-01-27,2015-12-24,5,18,18
48487,2016,Wilbarger,6,2016-01-29,2016-12-26,7,22,22
48487,2017,Wilbarger,10,2017-01-10,2017-12-04,6,27,27
48487,2018,Wilbarger,5,2018-03-24,2018-11-30,5,16,16
48487,2019,Wilbarger,5,2019-01-06,2019-12-26,4,14,14
48487,2020,Wilbarger,8,2020-01-14,2020-12-10,4,21,21
48487,2021,Wilbarger,8,2021-02-03,2021-12-31,9,30,30
48487,2022,Wilbarger,13,2022-03-03,2022-10-23,13,44,44
48487,2023,Wilbarger,17,2023-01-01,2023-12-08,7,56,56
48487,2024,Wilbarger,11,2024-01-31,2024-12-16,9,38,38
48487,2025,Wilbarger,10,2025-02-02,2025-12-28,8,34,34
48489,2015,Willacy,3,2015-09-07,2015-12-26,3,7,2
48489,2016,Willacy,13,2016-02-01,2016-12-18,9,48,0
48489,2017,Willacy,17,2017-01-11,2017-11-07,5,50,8
48489,2018,Willacy,9,2018-03-10,2018-09-02,24,69,69
48489,2019,Willacy,12,2019-04-09,2019-12-16,23,62,62
48489,2020,Willacy,15,2020-01-14,2020-12-31,8,55,52
48489,2021,Willacy,10,2021-01-06,2022-01-02,9,34,0
48489,2022,Willacy,9,2022-04-06,2022-12-14,5,27,2
48489,2023,Willacy,23,2023-01-02,2023-11-10,12,107,0
48489,2024,Willacy,15,2024-02-26,2024-12-30,14,63,0
48489,2025,Willacy,12,2025-02-04,2025-12-29,15,67,0
48491,2015,Williamson,9,2015-01-28,2015-12-27,6,30,0
48491,2016,Williamson,8,2016-01-31,2016-12-29,5,24,0
48491,2017,Williamson,11,2017-01-11,2017-12-22,6,32,0
48491,2018,Williamson,7,2018-03-17,2018-07-25,10,32,0
48491,2019,Williamson,5,2019-02-05,2019-10-11,7,20,0
48491,2020,Williamson,11,2020-01-15,2020-12-10,4,29,0
48491,2021,Williamson,5,2021-04-08,2022-01-01,9,21,0
48491,2022,Williamson,15,2022-03-05,2022-12-09,22,79,0
48491,2023,Williamson,16,2023-01-01,2023-10-22,16,94,0
48491,2024,Williamson,12,2024-02-25,2024-12-31,16,62,0
48491,2025,Williamson,15,2025-02-02,2025-12-28,7,62,0
48493,2015,Wilson,2,2015-09-07,2015-10-16,6,9,0
48493,2016,Wilson,10,2016-02-01,2016-12-27,4,25,5
48493,2017,Wilson,5,2017-01-11,2017-11-20,3,15,0
48493,2018,Wilson,7,2018-02-03,2018-12-03,4,19,0
48493,2019,Wilson,2,2019-03-12,2019-04-14,4,6,0
48493,2020,Wilson,3,2020-03-25,2020-10-12,3,8,8
48493,2021,Wilson,2,2021-12-15,2022-01-01,9,11,11
48493,2022,Wilson,6,2022-03-26,2022-07-13,6,28,28
48493,2023,Wilson,13,2023-01-01,2023-09-25,21,67,67
48493,2024,Wilson,7,2024-02-26,2024-12-30,7,25,25
48493,2025,Wilson,7,2025-02-03,2025-12-28,6,30,30
48495,2015,Winkler,4,2015-02-07,2015-09-18,5,16,0
48495,2016,Winkler,8,2016-01-30,2016-12-17,8,30,0
48495,2017,Winkler,10,2017-01-11,2017-11-07,7,31,0
48495,2018,Winkler,6,2018-02-03,2018-08-29,8,28,0
48495,2019,Winkler,7,2019-02-04,2019-08-27,4,20,0
48495,2020,Winkler,12,2020-03-25,2020-11-20,7,38,0
48495,2021,Winkler,8,2021-02-03,2021-12-27,6,25,0
48495,2022,Winkler,7,2022-03-27,2022-12-07,5,21,0
48495,2023,Winkler,13,2023-01-01,2023-12-08,13,56,5
48495,2024,Winkler,16,2024-02-20,2024-12-30,5,44,0
48495,2025,Winkler,6,2025-02-02,2025-12-28,7,25,14
48497,2015,Wise,7,2015-01-27,2015-12-26,5,20,0
48497,2016,Wise,6,2016-01-30,2016-12-29,7,23,0
48497,2017,Wise,11,2017-01-11,2017-12-04,7,29,0
48497,2018,Wise,13,2018-03-25,2018-11-30,7,34,0
48497,2019,Wise,3,2019-02-04,2019-12-26,4,9,0
48497,2020,Wise,7,2020-02-02,2020-12-10,3,17,0
48497,2021,Wise,6,2021-10-08,2021-12-31,9,23,0
48497,2022,Wise,13,2022-01-13,2023-01-02,8,49,0
48497,2023,Wise,20,2023-01-09,2023-11-08,8,68,0
48497,2024,Wise,11,2024-02-20,2024-12-30,4,32,0
48497,2025,Wise,9,2025-02-02,2025-12-28,7,26,0
48499,2015,Wood,9,2015-01-28,2015-12-27,6,27,0
48499,2016,Wood,9,2016-01-30,2016-12-28,4,24,0
48499,2017,Wood,8,2017-01-11,2017-12-04,3,17,0
48499,2018,Wood,4,2018-05-17,2018-07-24,6,15,0
48499,2019,Wood,6,2019-02-04,2019-12-16,9,22,0
48499,2020,Wood,3,2020-01-15,2020-12-11,4,8,0
48499,2021,Wood,3,2021-12-10,2022-01-02,9,13,0
48499,2022,Wood,11,2022-01-14,2022-12-09,5,34,0
48499,2023,Wood,11,2023-01-02,2023-10-22,5,33,0
48499,2024,Wood,7,2024-01-31,2024-12-18,9,26,0
48499,2025,Wood,6,2025-02-03,2025-12-29,8,29,0
48501,2015,Yoakum,12,2015-01-28,2015-12-12,6,33,0
48501,2016,Yoakum,10,2016-01-30,2016-12-18,5,30,0
48501,2017,Yoakum,15,2017-01-12,2017-12-22,10,47,0
48501,2018,Yoakum,16,2018-01-10,2018-12-23,8,47,0
48501,2019,Yoakum,12,2019-01-06,2019-12-16,5,32,0
48501,2020,Yoakum,21,2020-01-14,2020-12-28,11,65,0
48501,2021,Yoakum,12,2021-02-03,2021-12-27,5,37,0
48501,2022,Yoakum,10,2022-03-27,2022-12-07,5,30,0
48501,2023,Yoakum,20,2023-01-01,2023-12-09,10,70,0
48501,2024,Yoakum,15,2024-02-21,2024-12-31,11,47,0
48501,2025,Yoakum,16,2025-02-03,2025-12-29,7,51,0
48503,2015,Young,10,2015-01-27,2015-12-26,5,27,0
48503,2016,Young,7,2016-01-29,2016-12-26,9,24,0
48503,2017,Young,17,2017-01-10,2017-12-11,7,44,0
48503,2018,Young,7,2018-01-20,2018-11-30,9,24,0
48503,2019,Young,3,2019-02-03,2019-10-06,4,10,0
48503,2020,Young,6,2020-01-09,2020-12-10,5,17,0
48503,2021,Young,7,2021-10-08,2021-12-29,7,22,3
48503,2022,Young,16,2022-01-13,2023-01-02,8,47,0
48503,2023,Young,17,2023-01-09,2023-11-08,13,63,0
48503,2024,Young,8,2024-02-20,2024-12-30,9,32,1
48503,2025,Young,10,2025-02-01,2025-12-28,7,33,0
48505,2015,Zapata,3,2015-12-11,2015-12-27,4,8,2
48505,2016,Zapata,11,2016-02-01,2016-12-29,9,35,0
48505,2017,Zapata,14,2017-01-03,2017-11-06,6,36,2
48505,2018,Zapata,1,2018-07-23,2018-07-24,2,2,2
48505,2019,Zapata,1,2019-12-14,2019-12-15,2,2,2
48505,2020,Zapata,1,2020-07-12,2020-07-14,3,3,3
48505,2021,Zapata,1,2021-12-24,2022-01-01,9,8,8
48505,2022,Zapata,1,2022-07-09,2022-07-12,4,5,5
48505,2023,Zapata,6,2023-06-19,2023-09-25,10,27,27
48505,2024,Zapata,2,2024-08-21,2024-12-31,4,7,7
48505,2025,Zapata,5,2025-02-03,2025-12-28,6,16,16
48507,2015,Zavala,2,2015-10-12,2015-12-24,4,6,6
48507,2016,Zavala,5,2016-01-31,2016-12-27,3,12,12
48507,2017,Zavala,5,2017-01-11,2017-02-24,3,11,11
48507,2018,Zavala,2,2018-05-27,2018-07-24,6,8,8
48507,2019,Zavala,1,2019-12-14,2019-12-15,2,2,2
48507,2020,Zavala,5,2020-03-25,2020-10-12,5,18,18
48507,2021,Zavala,5,2021-10-25,2022-01-01,5,15,15
48507,2022,Zavala,8,2022-03-26,2022-07-20,8,28,28
48507,2023,Zavala,13,2023-01-01,2023-11-08,18,64,64
48507,2024,Zavala,7,2024-02-26,2024-12-30,7,30,30
48507,2025,Zavala,10,2025-02-02,2025-12-28,9,38,38
