event_id,county_fips,county_name,event_start_date,event_end_date,event_duration_days,peak_hi_proxy_f,mean_hi_proxy_f,peak_exceedance_f,cumulative_exceedance_f,definition_id,construct_label,reference_method
48_061_2015_001_HI85_2D_FIXED7914,48061,Cameron (Brownsville),2015-04-24,2015-04-27,4.0,98.04901016600638,94.87073757480803,6.357376855686425,12.13342504629047,HI85_2D_FIXED7914,persistent_apparent_heat_anomaly,fixed_1979_2014
48_061_2015_002_HI85_2D_FIXED7914,48061,Cameron (Brownsville),2015-06-13,2015-06-14,2.0,104.0726882087968,103.94369800883118,1.8537583749125162,3.3661247473731493,HI85_2D_FIXED7914,persistent_apparent_heat_anomaly,fixed_1979_2014
48_061_2015_003_HI85_2D_FIXED7914,48061,Cameron (Brownsville),2015-07-17,2015-07-18,2.0,105.45578586719182,104.89262328074497,1.7700993602189783,2.569286472055637,HI85_2D_FIXED7914,persistent_apparent_heat_anomaly,fixed_1979_2014
48_061_2015_004_HI85_2D_FIXED7914,48061,Cameron (Brownsville),2015-08-14,2015-08-15,2.0,106.80578981807597,106.50381797196053,1.1257360460167405,1.6490323309602672,HI85_2D_FIXED7914,persistent_apparent_heat_anomaly,fixed_1979_2014
48_061_2015_005_HI85_2D_FIXED7914,48061,Cameron (Brownsville),2015-08-23,2015-08-25,3.0,107.46780706799922,106.67285926370819,2.0370333581422244,3.6769311466805163,HI85_2D_FIXED7914,persistent_apparent_heat_anomaly,fixed_1979_2014
48_061_2015_006_HI85_2D_FIXED7914,48061,Cameron (Brownsville),2015-09-06,2015-09-07,2.0,105.27351081052194,105.02222072355693,1.1996910448323632,2.114921660496748,HI85_2D_FIXED7914,persistent_apparent_heat_anomaly,fixed_1979_2014
48_061_2015_007_HI85_2D_FIXED7914,48061,Cameron (Brownsville),2015-09-09,2015-09-11,3.0,108.2173797429514,106.21739561507201,4.8766050087389345,8.22825773489275,HI85_2D_FIXED7914,persistent_apparent_heat_anomaly,fixed_1979_2014
48_061_2015_008_HI85_2D_FIXED7914,48061,Cameron (Brownsville),2015-10-12,2015-10-15,4.0,101.58313236622465,99.79372031732638,6.041804726967669,16.4747221541177,HI85_2D_FIXED7914,persistent_apparent_heat_anomaly,fixed_1979_2014
48_061_2015_009_HI85_2D_FIXED7914,48061,Cameron (Brownsville),2015-10-29,2015-10-30,2.0,93.4167852723063,92.89669201771616,2.548130049105538,4.456082687213822,HI85_2D_FIXED7914,persistent_apparent_heat_anomaly,fixed_1979_2014
48_061_2015_010_HI85_2D_FIXED7914,48061,Cameron (Brownsville),2015-11-05,2015-11-07,3.0,92.365414415229,91.85021898094608,4.010019385170125,10.000340385176884,HI85_2D_FIXED7914,persistent_apparent_heat_anomaly,fixed_1979_2014
48_061_2015_011_HI85_2D_FIXED7914,48061,Cameron (Brownsville),2015-11-11,2015-11-12,2.0,91.14497338620356,91.10172441296737,3.5570539420178733,7.066432710250552,HI85_2D_FIXED7914,persistent_apparent_heat_anomaly,fixed_1979_2014
48_061_2015_012_HI85_2D_FIXED7914,48061,Cameron (Brownsville),2015-11-16,2015-11-17,2.0,90.75646995484009,89.03832896765726,4.732637289253617,5.7398349029799505,HI85_2D_FIXED7914,persistent_apparent_heat_anomaly,fixed_1979_2014
48_061_2015_013_HI85_2D_FIXED7914,48061,Cameron (Brownsville),2015-12-10,2015-12-12,3.0,83.27962526102834,82.95534163819099,1.4981842292051226,4.0291350211233095,HI85_2D_FIXED7914,persistent_apparent_heat_anomaly,fixed_1979_2014
48_061_2015_014_HI85_2D_FIXED7914,48061,Cameron (Brownsville),2015-12-21,2015-12-27,7.0,86.59637304794981,84.38420899596902,7.266267786164093,35.08915954928179,HI85_2D_FIXED7914,persistent_apparent_heat_anomaly,fixed_1979_2014
48_061_2016_001_HI85_2D_FIXED7914,48061,Cameron (Brownsville),2016-01-31,2016-02-01,2.0,82.92836378876684,82.77910883573472,3.8826488798739973,7.6809330297908645,HI85_2D_FIXED7914,persistent_apparent_heat_anomaly,fixed_1979_2014
48_061_2016_002_HI85_2D_FIXED7914,48061,Cameron (Brownsville),2016-02-15,2016-02-16,2.0,92.2656305235425,89.638615620775,11.53134683905931,17.691257386032703,HI85_2D_FIXED7914,persistent_apparent_heat_anomaly,fixed_1979_2014
48_061_2016_003_HI85_2D_FIXED7914,48061,Cameron (Brownsville),2016-03-08,2016-03-09,2.0,84.91110057884066,84.1036396788976,2.1573235581054746,2.6122210955069107,HI85_2D_FIXED7914,persistent_apparent_heat_anomaly,fixed_1979_2014
48_061_2016_004_HI85_2D_FIXED7914,48061,Cameron (Brownsville),2016-03-13,2016-03-15,3.0,88.6913973588509,88.17452084599192,5.266252197688942,14.38153670446907,HI85_2D_FIXED7914,persistent_apparent_heat_anomaly,fixed_1979_2014
48_061_2016_005_HI85_2D_FIXED7914,48061,Cameron (Brownsville),2016-03-31,2016-04-01,2.0,89.36738236170622,88.22624047358335,3.160394594374381,3.860297595239089,HI85_2D_FIXED7914,persistent_apparent_heat_anomaly,fixed_1979_2014
48_061_2016_006_HI85_2D_FIXED7914,48061,Cameron (Brownsville),2016-04-27,2016-04-28,2.0,95.30522131546664,94.2573356207563,2.8584537428284023,3.8979109963489833,HI85_2D_FIXED7914,persistent_apparent_heat_anomaly,fixed_1979_2014
48_061_2016_007_HI85_2D_FIXED7914,48061,Cameron (Brownsville),2016-05-17,2016-05-18,2.0,97.52966695321972,97.2965714272559,0.48571117485680304,0.7807718957611485,HI85_2D_FIXED7914,persistent_apparent_heat_anomaly,fixed_1979_2014
48_061_2016_008_HI85_2D_FIXED7914,48061,Cameron (Brownsville),2016-05-20,2016-05-22,3.0,99.38854975411454,98.47293034250988,1.1912782973441978,1.5052410235700364,HI85_2D_FIXED7914,persistent_apparent_heat_anomaly,fixed_1979_2014
48_061_2016_009_HI85_2D_FIXED7914,48061,Cameron (Brownsville),2016-05-24,2016-05-28,5.0,100.84749590231738,100.14496288224109,1.8809344777353516,6.0887372489567895,HI85_2D_FIXED7914,persistent_apparent_heat_anomaly,fixed_1979_2014
48_061_2016_010_HI85_2D_FIXED7914,48061,Cameron (Brownsville),2016-06-12,2016-06-18,7.0,104.0737236031314,103.59594732042567,2.0398763432351075,8.947999129325638,HI85_2D_FIXED7914,persistent_apparent_heat_anomaly,fixed_1979_2014
48_061_2016_011_HI85_2D_FIXED7914,48061,Cameron (Brownsville),2016-06-27,2016-06-28,2.0,103.6572903419534,103.29394218099756,0.7900931385736385,0.8373782246195276,HI85_2D_FIXED7914,persistent_apparent_heat_anomaly,fixed_1979_2014
48_061_2016_012_HI85_2D_FIXED7914,48061,Cameron (Brownsville),2016-06-30,2016-07-07,8.0,106.12332458305768,104.78352255171052,3.1369342530640694,14.023366134752536,HI85_2D_FIXED7914,persistent_apparent_heat_anomaly,fixed_1979_2014
48_061_2016_013_HI85_2D_FIXED7914,48061,Cameron (Brownsville),2016-07-13,2016-07-14,2.0,104.94612648504506,104.48378974471423,1.7398730349697047,2.5450355203602584,HI85_2D_FIXED7914,persistent_apparent_heat_anomaly,fixed_1979_2014
48_061_2016_014_HI85_2D_FIXED7914,48061,Cameron (Brownsville),2016-07-24,2016-07-27,4.0,107.66206489242532,105.62998701162883,3.143344254865738,4.6414346068125525,HI85_2D_FIXED7914,persistent_apparent_heat_anomaly,fixed_1979_2014
48_061_2016_015_HI85_2D_FIXED7914,48061,Cameron (Brownsville),2016-07-29,2016-07-31,3.0,106.79238128870097,105.91974095915766,1.9776470836405906,3.261581044177504,HI85_2D_FIXED7914,persistent_apparent_heat_anomaly,fixed_1979_2014
48_061_2016_016_HI85_2D_FIXED7914,48061,Cameron (Brownsville),2016-08-04,2016-08-05,2.0,107.53279622958932,107.01919532982402,2.349444449421455,3.6401012748672628,HI85_2D_FIXED7914,persistent_apparent_heat_anomaly,fixed_1979_2014
48_061_2016_017_HI85_2D_FIXED7914,48061,Cameron (Brownsville),2016-08-07,2016-08-13,7.0,111.22468758267806,108.54193383028243,5.649307452766578,20.937774792747092,HI85_2D_FIXED7914,persistent_apparent_heat_anomaly,fixed_1979_2014
48_061_2016_018_HI85_2D_FIXED7914,48061,Cameron (Brownsville),2016-08-19,2016-08-20,2.0,108.21133390476362,107.56986731925576,2.3430612944886775,3.392299430144149,HI85_2D_FIXED7914,persistent_apparent_heat_anomaly,fixed_1979_2014
48_061_2016_019_HI85_2D_FIXED7914,48061,Cameron (Brownsville),2016-08-22,2016-08-24,3.0,107.10069850120604,106.76507742173726,1.6699247913490467,3.6650594413512465,HI85_2D_FIXED7914,persistent_apparent_heat_anomaly,fixed_1979_2014
48_061_2016_020_HI85_2D_FIXED7914,48061,Cameron (Brownsville),2016-09-06,2016-09-07,2.0,105.914057097353,105.33630579425105,1.8402373316634169,2.7430918018849724,HI85_2D_FIXED7914,persistent_apparent_heat_anomaly,fixed_1979_2014
48_061_2016_021_HI85_2D_FIXED7914,48061,Cameron (Brownsville),2016-09-14,2016-09-15,2.0,104.45824682315332,104.14429476315755,1.5130225855267838,2.5898141945722557,HI85_2D_FIXED7914,persistent_apparent_heat_anomaly,fixed_1979_2014
48_061_2016_022_HI85_2D_FIXED7914,48061,Cameron (Brownsville),2016-09-17,2016-09-21,5.0,107.38011988315615,105.28576894285547,5.204944114831946,18.03713268076602,HI85_2D_FIXED7914,persistent_apparent_heat_anomaly,fixed_1979_2014
48_061_2016_023_HI85_2D_FIXED7914,48061,Cameron (Brownsville),2016-09-23,2016-09-25,3.0,105.76329024338646,104.81967792613783,4.872594267835979,11.373921773689347,HI85_2D_FIXED7914,persistent_apparent_heat_anomaly,fixed_1979_2014
48_061_2016_024_HI85_2D_FIXED7914,48061,Cameron (Brownsville),2016-10-05,2016-10-07,3.0,99.78685255534054,99.15789444790921,2.3648431787184165,3.9944607212550807,HI85_2D_FIXED7914,persistent_apparent_heat_anomaly,fixed_1979_2014
48_061_2016_025_HI85_2D_FIXED7914,48061,Cameron (Brownsville),2016-10-15,2016-10-20,6.0,101.12354075929284,97.91312371097568,6.8506083224534535,20.648606232399743,HI85_2D_FIXED7914,persistent_apparent_heat_anomaly,fixed_1979_2014
48_061_2016_026_HI85_2D_FIXED7914,48061,Cameron (Brownsville),2016-11-01,2016-11-04,4.0,93.22417108224408,92.116210989016,3.60056277748275,10.567052056423108,HI85_2D_FIXED7914,persistent_apparent_heat_anomaly,fixed_1979_2014
48_061_2016_027_HI85_2D_FIXED7914,48061,Cameron (Brownsville),2016-11-28,2016-11-29,2.0,87.8502536120349,86.44854822895743,4.084719044670905,5.211822463299896,HI85_2D_FIXED7914,persistent_apparent_heat_anomaly,fixed_1979_2014
48_061_2016_028_HI85_2D_FIXED7914,48061,Cameron (Brownsville),2016-12-23,2016-12-28,6.0,83.38524630452224,82.04569280831772,4.580758677995377,17.420448413692,HI85_2D_FIXED7914,persistent_apparent_heat_anomaly,fixed_1979_2014
48_061_2017_001_HI85_2D_FIXED7914,48061,Cameron (Brownsville),2017-01-02,2017-01-03,2.0,81.84711751381768,81.36771758635193,3.4060198472462417,5.894476023382424,HI85_2D_FIXED7914,persistent_apparent_heat_anomaly,fixed_1979_2014
48_061_2017_002_HI85_2D_FIXED7914,48061,Cameron (Brownsville),2017-01-11,2017-01-13,3.0,82.87730211467981,82.04144638432855,4.519731864679812,11.368425231057046,HI85_2D_FIXED7914,persistent_apparent_heat_anomaly,fixed_1979_2014
48_061_2017_003_HI85_2D_FIXED7914,48061,Cameron (Brownsville),2017-01-15,2017-01-16,2.0,83.75343034708894,82.8085857395341,5.4789041208389335,8.903506117818182,HI85_2D_FIXED7914,persistent_apparent_heat_anomaly,fixed_1979_2014
48_061_2017_004_HI85_2D_FIXED7914,48061,Cameron (Brownsville),2017-01-21,2017-01-22,2.0,85.5956257600924,83.15671174617538,7.3806405575924146,9.889138834850769,HI85_2D_FIXED7914,persistent_apparent_heat_anomaly,fixed_1979_2014
48_061_2017_005_HI85_2D_FIXED7914,48061,Cameron (Brownsville),2017-01-24,2017-01-25,2.0,81.82281764415332,81.46757903274371,3.6503844589747274,6.688472871808841,HI85_2D_FIXED7914,persistent_apparent_heat_anomaly,fixed_1979_2014
48_061_2017_006_HI85_2D_FIXED7914,48061,Cameron (Brownsville),2017-02-01,2017-02-02,2.0,82.12393815289579,81.50387433489678,2.9962141653957985,4.834309773400733,HI85_2D_FIXED7914,persistent_apparent_heat_anomaly,fixed_1979_2014
48_061_2017_007_HI85_2D_FIXED7914,48061,Cameron (Brownsville),2017-02-05,2017-02-08,4.0,85.65567220932908,83.72461857628682,5.983369329543365,17.101590109009777,HI85_2D_FIXED7914,persistent_apparent_heat_anomaly,fixed_1979_2014
48_061_2017_008_HI85_2D_FIXED7914,48061,Cameron (Brownsville),2017-02-10,2017-02-13,4.0,84.07493625653669,83.49683820509298,3.8747982420366895,12.959275233488754,HI85_2D_FIXED7914,persistent_apparent_heat_anomaly,fixed_1979_2014
48_061_2017_009_HI85_2D_FIXED7914,48061,Cameron (Brownsville),2017-02-17,2017-02-19,3.0,87.0465328390236,84.28146173815844,5.922893294728212,9.914056125314374,HI85_2D_FIXED7914,persistent_apparent_heat_anomaly,fixed_1979_2014
48_061_2017_010_HI85_2D_FIXED7914,48061,Cameron (Brownsville),2017-02-21,2017-02-24,4.0,89.77880699263991,86.39097106631635,8.158714063737222,19.21411455232625,HI85_2D_FIXED7914,persistent_apparent_heat_anomaly,fixed_1979_2014
48_061_2017_011_HI85_2D_FIXED7914,48061,Cameron (Brownsville),2017-02-27,2017-03-01,3.0,88.62491237782578,87.01827245669197,6.338993599142142,14.553995826734393,HI85_2D_FIXED7914,persistent_apparent_heat_anomaly,fixed_1979_2014
48_061_2017_012_HI85_2D_FIXED7914,48061,Cameron (Brownsville),2017-03-06,2017-03-08,3.0,84.80857820586164,84.24576229192512,2.133652018897692,4.651875708539691,HI85_2D_FIXED7914,persistent_apparent_heat_anomaly,fixed_1979_2014
48_061_2017_013_HI85_2D_FIXED7914,48061,Cameron (Brownsville),2017-03-18,2017-03-20,3.0,84.82468315328896,84.45243135560985,0.6938904360574867,0.8903612504973353,HI85_2D_FIXED7914,persistent_apparent_heat_anomaly,fixed_1979_2014
48_061_2017_014_HI85_2D_FIXED7914,48061,Cameron (Brownsville),2017-03-24,2017-03-29,6.0,91.06933111313155,87.55369017677833,6.112354876746565,13.901032783667205,HI85_2D_FIXED7914,persistent_apparent_heat_anomaly,fixed_1979_2014
48_061_2017_015_HI85_2D_FIXED7914,48061,Cameron (Brownsville),2017-03-31,2017-04-04,5.0,92.90475492431614,90.01898875202008,6.3479709893420875,17.325415900741447,HI85_2D_FIXED7914,persistent_apparent_heat_anomaly,fixed_1979_2014
48_061_2017_016_HI85_2D_FIXED7914,48061,Cameron (Brownsville),2017-04-10,2017-04-11,2.0,89.61252805419358,89.10068978830606,1.3950979201483449,1.5453675235915085,HI85_2D_FIXED7914,persistent_apparent_heat_anomaly,fixed_1979_2014
48_061_2017_017_HI85_2D_FIXED7914,48061,Cameron (Brownsville),2017-04-20,2017-04-22,3.0,91.8282490417746,91.65300749667034,0.8106999263616501,2.1085125091454984,HI85_2D_FIXED7914,persistent_apparent_heat_anomaly,fixed_1979_2014
48_061_2017_018_HI85_2D_FIXED7914,48061,Cameron (Brownsville),2017-04-26,2017-04-29,4.0,101.51795045239746,99.04456787716641,9.43073266100312,26.982960059641883,HI85_2D_FIXED7914,persistent_apparent_heat_anomaly,fixed_1979_2014
48_061_2017_019_HI85_2D_FIXED7914,48061,Cameron (Brownsville),2017-05-18,2017-05-20,3.0,101.6128226355836,99.7939197791623,4.103761224550254,7.110730808315992,HI85_2D_FIXED7914,persistent_apparent_heat_anomaly,fixed_1979_2014
48_061_2017_020_HI85_2D_FIXED7914,48061,Cameron (Brownsville),2017-05-22,2017-05-23,2.0,104.69928637047477,101.62504011010503,6.5020149137044285,6.774253327069559,HI85_2D_FIXED7914,persistent_apparent_heat_anomaly,fixed_1979_2014
48_061_2017_021_HI85_2D_FIXED7914,48061,Cameron (Brownsville),2017-05-26,2017-05-28,3.0,103.93579835848706,102.52098967246042,4.621842491977162,10.137348691322615,HI85_2D_FIXED7914,persistent_apparent_heat_anomaly,fixed_1979_2014
48_061_2017_022_HI85_2D_FIXED7914,48061,Cameron (Brownsville),2017-06-04,2017-06-06,3.0,105.3449155037586,104.66326416683403,4.09787471072319,10.535996102958705,HI85_2D_FIXED7914,persistent_apparent_heat_anomaly,fixed_1979_2014
48_061_2017_023_HI85_2D_FIXED7914,48061,Cameron (Brownsville),2017-06-12,2017-06-18,7.0,111.15210071271808,106.36429581825746,8.724592217044076,28.32643861414816,HI85_2D_FIXED7914,persistent_apparent_heat_anomaly,fixed_1979_2014
48_061_2017_024_HI85_2D_FIXED7914,48061,Cameron (Brownsville),2017-06-20,2017-06-24,5.0,114.25079797603908,107.79251469788755,11.349819162856761,24.66082172356603,HI85_2D_FIXED7914,persistent_apparent_heat_anomaly,fixed_1979_2014
48_061_2017_025_HI85_2D_FIXED7914,48061,Cameron (Brownsville),2017-06-29,2017-07-01,3.0,106.94248923019072,105.12617324931436,3.9741617703087684,6.586721758451716,HI85_2D_FIXED7914,persistent_apparent_heat_anomaly,fixed_1979_2014
48_061_2017_026_HI85_2D_FIXED7914,48061,Cameron (Brownsville),2017-07-03,2017-07-04,2.0,106.1337329586044,104.72249907008066,3.077030265214063,3.3200163866823402,HI85_2D_FIXED7914,persistent_apparent_heat_anomaly,fixed_1979_2014
48_061_2017_027_HI85_2D_FIXED7914,48061,Cameron (Brownsville),2017-07-20,2017-07-22,3.0,106.13346447632324,105.95303135819354,2.333861620077357,5.9910395031652826,HI85_2D_FIXED7914,persistent_apparent_heat_anomaly,fixed_1979_2014
48_061_2017_028_HI85_2D_FIXED7914,48061,Cameron (Brownsville),2017-07-30,2017-07-31,2.0,106.51702543461997,106.2739545826013,1.6420546374548195,2.8582041629770885,HI85_2D_FIXED7914,persistent_apparent_heat_anomaly,fixed_1979_2014
48_061_2017_029_HI85_2D_FIXED7914,48061,Cameron (Brownsville),2017-08-02,2017-08-20,19.0,113.51264200465992,108.92389828854532,8.297704400047039,64.29129759563095,HI85_2D_FIXED7914,persistent_apparent_heat_anomaly,fixed_1979_2014
48_061_2017_030_HI85_2D_FIXED7914,48061,Cameron (Brownsville),2017-08-30,2017-09-01,3.0,110.87825687870108,108.02913344485593,5.947222433939572,9.253595955013168,HI85_2D_FIXED7914,persistent_apparent_heat_anomaly,fixed_1979_2014
48_061_2017_031_HI85_2D_FIXED7914,48061,Cameron (Brownsville),2017-09-14,2017-09-16,3.0,104.37294262239342,103.78283548756264,1.6193915282771343,3.2217461569684787,HI85_2D_FIXED7914,persistent_apparent_heat_anomaly,fixed_1979_2014
48_061_2017_032_HI85_2D_FIXED7914,48061,Cameron (Brownsville),2017-09-18,2017-09-29,12.0,107.16868139297492,103.9167910777462,6.484400103786243,35.157768029613976,HI85_2D_FIXED7914,persistent_apparent_heat_anomaly,fixed_1979_2014
48_061_2017_033_HI85_2D_FIXED7914,48061,Cameron (Brownsville),2017-10-08,2017-10-09,2.0,101.35781147573972,100.92542868527795,4.599222052505084,7.9687006169659185,HI85_2D_FIXED7914,persistent_apparent_heat_anomaly,fixed_1979_2014
48_061_2017_034_HI85_2D_FIXED7914,48061,Cameron (Brownsville),2017-10-14,2017-10-15,2.0,96.875142572394,96.55101734688941,1.3338149331370204,2.24119752942363,HI85_2D_FIXED7914,persistent_apparent_heat_anomaly,fixed_1979_2014
48_061_2017_035_HI85_2D_FIXED7914,48061,Cameron (Brownsville),2017-10-21,2017-10-22,2.0,98.5107838620926,97.94495321673753,5.5517042654047515,9.565649521244993,HI85_2D_FIXED7914,persistent_apparent_heat_anomaly,fixed_1979_2014
48_061_2017_036_HI85_2D_FIXED7914,48061,Cameron (Brownsville),2017-11-01,2017-11-07,7.0,94.7067038804467,93.16452123748286,6.032514341780967,28.703540205077744,HI85_2D_FIXED7914,persistent_apparent_heat_anomaly,fixed_1979_2014
48_061_2017_037_HI85_2D_FIXED7914,48061,Cameron (Brownsville),2017-11-15,2017-11-18,4.0,89.90793969313681,88.2824975857153,4.058317049890761,8.350720196846183,HI85_2D_FIXED7914,persistent_apparent_heat_anomaly,fixed_1979_2014
48_061_2017_038_HI85_2D_FIXED7914,48061,Cameron (Brownsville),2017-12-02,2017-12-05,4.0,86.51288794646304,85.08210132120112,3.9874223751913433,8.563475670755693,HI85_2D_FIXED7914,persistent_apparent_heat_anomaly,fixed_1979_2014
48_061_2017_039_HI85_2D_FIXED7914,48061,Cameron (Brownsville),2017-12-21,2017-12-22,2.0,85.52453667475494,84.89533411271094,5.82744142839654,10.255424980563475,HI85_2D_FIXED7914,persistent_apparent_heat_anomaly,fixed_1979_2014
48_061_2018_001_HI85_2D_FIXED7914,48061,Cameron (Brownsville),2018-02-15,2018-02-21,7.0,84.7514148693459,84.00429169329009,3.899724698311772,20.87045690196932,HI85_2D_FIXED7914,persistent_apparent_heat_anomaly,fixed_1979_2014
48_061_2018_002_HI85_2D_FIXED7914,48061,Cameron (Brownsville),2018-02-23,2018-02-25,3.0,87.13810591279822,85.58699617537884,5.348118732676284,11.494530028910916,HI85_2D_FIXED7914,persistent_apparent_heat_anomaly,fixed_1979_2014
48_061_2018_003_HI85_2D_FIXED7914,48061,Cameron (Brownsville),2018-02-27,2018-03-01,3.0,86.1731739365521,84.71589560422821,4.091127255539149,7.646865269343124,HI85_2D_FIXED7914,persistent_apparent_heat_anomaly,fixed_1979_2014
48_061_2018_004_HI85_2D_FIXED7914,48061,Cameron (Brownsville),2018-03-03,2018-03-05,3.0,87.23166697957049,85.19824114820608,4.713081856908431,8.141206130654822,HI85_2D_FIXED7914,persistent_apparent_heat_anomaly,fixed_1979_2014
48_061_2018_005_HI85_2D_FIXED7914,48061,Cameron (Brownsville),2018-03-10,2018-03-11,2.0,91.91890830573706,90.2081789392735,8.975600292678763,14.56603135064681,HI85_2D_FIXED7914,persistent_apparent_heat_anomaly,fixed_1979_2014
48_061_2018_006_HI85_2D_FIXED7914,48061,Cameron (Brownsville),2018-03-16,2018-03-19,4.0,88.04119846562631,86.82942637180815,4.266621839661838,11.892078176810315,HI85_2D_FIXED7914,persistent_apparent_heat_anomaly,fixed_1979_2014
48_061_2018_007_HI85_2D_FIXED7914,48061,Cameron (Brownsville),2018-03-24,2018-03-28,5.0,89.6062645022457,87.94291770196814,4.3162953713559205,14.010412407928257,HI85_2D_FIXED7914,persistent_apparent_heat_anomaly,fixed_1979_2014
48_061_2018_008_HI85_2D_FIXED7914,48061,Cameron (Brownsville),2018-04-01,2018-04-03,3.0,90.23242590851493,89.02497175616999,3.847230323919149,7.444769517178287,HI85_2D_FIXED7914,persistent_apparent_heat_anomaly,fixed_1979_2014
48_061_2018_009_HI85_2D_FIXED7914,48061,Cameron (Brownsville),2018-05-02,2018-05-03,2.0,96.76840553706144,96.6837273198332,3.6957829274750793,7.145139799437516,HI85_2D_FIXED7914,persistent_apparent_heat_anomaly,fixed_1979_2014
48_061_2018_010_HI85_2D_FIXED7914,48061,Cameron (Brownsville),2018-05-17,2018-05-20,4.0,99.66189999822136,98.40457097825261,2.0075365743999214,4.578840203451804,HI85_2D_FIXED7914,persistent_apparent_heat_anomaly,fixed_1979_2014
48_061_2018_011_HI85_2D_FIXED7914,48061,Cameron (Brownsville),2018-05-25,2018-06-06,13.0,107.3420469372786,103.18124402310436,6.095006144243186,40.33070546634973,HI85_2D_FIXED7914,persistent_apparent_heat_anomaly,fixed_1979_2014
48_061_2018_012_HI85_2D_FIXED7914,48061,Cameron (Brownsville),2018-06-08,2018-06-12,5.0,105.52999448311036,104.20366453112358,3.545248165312728,12.02948037974717,HI85_2D_FIXED7914,persistent_apparent_heat_anomaly,fixed_1979_2014
48_061_2018_013_HI85_2D_FIXED7914,48061,Cameron (Brownsville),2018-06-22,2018-06-24,3.0,105.16423375253964,104.04066431114563,2.2632549393573242,3.381515789189237,HI85_2D_FIXED7914,persistent_apparent_heat_anomaly,fixed_1979_2014
48_061_2018_014_HI85_2D_FIXED7914,48061,Cameron (Brownsville),2018-06-26,2018-07-01,6.0,106.48678601462962,104.66131481847326,3.5750507498248965,10.524605970790162,HI85_2D_FIXED7914,persistent_apparent_heat_anomaly,fixed_1979_2014
48_061_2018_015_HI85_2D_FIXED7914,48061,Cameron (Brownsville),2018-07-15,2018-07-24,10.0,114.04753384103832,106.76210902969622,9.738461978739167,29.536750417305825,HI85_2D_FIXED7914,persistent_apparent_heat_anomaly,fixed_1979_2014
48_061_2018_016_HI85_2D_FIXED7914,48061,Cameron (Brownsville),2018-07-27,2018-07-31,5.0,108.67324858229422,107.67894713493138,3.8653117512242687,14.647789899436802,HI85_2D_FIXED7914,persistent_apparent_heat_anomaly,fixed_1979_2014
48_061_2018_017_HI85_2D_FIXED7914,48061,Cameron (Brownsville),2018-08-15,2018-08-16,2.0,106.80199855038256,106.26261310520073,1.0483269684308425,1.0930047875481677,HI85_2D_FIXED7914,persistent_apparent_heat_anomaly,fixed_1979_2014
48_061_2018_018_HI85_2D_FIXED7914,48061,Cameron (Brownsville),2018-08-20,2018-08-21,2.0,108.61215379790988,108.52406183451359,2.7438811876349405,5.351372788073206,HI85_2D_FIXED7914,persistent_apparent_heat_anomaly,fixed_1979_2014
48_061_2018_019_HI85_2D_FIXED7914,48061,Cameron (Brownsville),2018-08-24,2018-08-29,6.0,107.55831567629409,106.35645051790395,2.3338319829624226,6.458991515848439,HI85_2D_FIXED7914,persistent_apparent_heat_anomaly,fixed_1979_2014
48_061_2018_020_HI85_2D_FIXED7914,48061,Cameron (Brownsville),2018-09-02,2018-09-03,2.0,109.20680529194658,107.48779490727664,4.516174536218784,5.709239848601726,HI85_2D_FIXED7914,persistent_apparent_heat_anomaly,fixed_1979_2014
48_061_2018_021_HI85_2D_FIXED7914,48061,Cameron (Brownsville),2018-09-21,2018-09-22,2.0,103.5957520246848,102.52250869069971,2.2630285197345614,2.4365369210208883,HI85_2D_FIXED7914,persistent_apparent_heat_anomaly,fixed_1979_2014
48_061_2018_022_HI85_2D_FIXED7914,48061,Cameron (Brownsville),2018-09-25,2018-09-26,2.0,104.85783528362276,103.55305116364127,4.173553994434087,5.531125062543396,HI85_2D_FIXED7914,persistent_apparent_heat_anomaly,fixed_1979_2014
48_061_2018_023_HI85_2D_FIXED7914,48061,Cameron (Brownsville),2018-10-08,2018-10-10,3.0,98.7137340439059,98.1690108286024,1.9551446206712626,4.139290625921959,HI85_2D_FIXED7914,persistent_apparent_heat_anomaly,fixed_1979_2014
48_061_2018_024_HI85_2D_FIXED7914,48061,Cameron (Brownsville),2018-10-13,2018-10-14,2.0,99.86749035956352,99.26452683467176,4.0428249461060375,7.163060616629068,HI85_2D_FIXED7914,persistent_apparent_heat_anomaly,fixed_1979_2014
48_061_2018_025_HI85_2D_FIXED7914,48061,Cameron (Brownsville),2018-11-05,2018-11-08,4.0,92.91706675355248,91.71812283892316,4.561671723493603,13.10217150125915,HI85_2D_FIXED7914,persistent_apparent_heat_anomaly,fixed_1979_2014
48_061_2019_001_HI85_2D_FIXED7914,48061,Cameron (Brownsville),2019-01-07,2019-01-08,2.0,81.41566437062349,81.08569657906492,3.174014643123499,5.7233698532369885,HI85_2D_FIXED7914,persistent_apparent_heat_anomaly,fixed_1979_2014
48_061_2019_002_HI85_2D_FIXED7914,48061,Cameron (Brownsville),2019-02-05,2019-02-07,3.0,82.99730398678741,82.3721063393337,3.7357451618998994,8.9917377016493,HI85_2D_FIXED7914,persistent_apparent_heat_anomaly,fixed_1979_2014
48_061_2019_003_HI85_2D_FIXED7914,48061,Cameron (Brownsville),2019-02-15,2019-02-16,2.0,85.04229840521326,84.16820539413389,4.308014720730071,6.750436932750475,HI85_2D_FIXED7914,persistent_apparent_heat_anomaly,fixed_1979_2014
48_061_2019_004_HI85_2D_FIXED7914,48061,Cameron (Brownsville),2019-02-26,2019-02-27,2.0,82.89710991756206,82.72081032571847,0.8150632365491077,1.397508401957296,HI85_2D_FIXED7914,persistent_apparent_heat_anomaly,fixed_1979_2014
48_061_2019_005_HI85_2D_FIXED7914,48061,Cameron (Brownsville),2019-03-02,2019-03-03,2.0,84.68634222887894,84.276904476014,2.2610860912746062,3.7631824734514794,HI85_2D_FIXED7914,persistent_apparent_heat_anomaly,fixed_1979_2014
48_061_2019_006_HI85_2D_FIXED7914,48061,Cameron (Brownsville),2019-03-08,2019-03-13,6.0,90.40264224618784,85.88104633865727,7.561361004634762,17.591946287564795,HI85_2D_FIXED7914,persistent_apparent_heat_anomaly,fixed_1979_2014
48_061_2019_007_HI85_2D_FIXED7914,48061,Cameron (Brownsville),2019-05-07,2019-05-09,3.0,101.3690580873519,97.22547902704622,7.1891974296332535,9.138093837629938,HI85_2D_FIXED7914,persistent_apparent_heat_anomaly,fixed_1979_2014
48_061_2019_008_HI85_2D_FIXED7914,48061,Cameron (Brownsville),2019-05-17,2019-05-24,8.0,101.54858421207167,99.07772500945882,3.5503170046570034,10.624281446098323,HI85_2D_FIXED7914,persistent_apparent_heat_anomaly,fixed_1979_2014
48_061_2019_009_HI85_2D_FIXED7914,48061,Cameron (Brownsville),2019-05-30,2019-05-31,2.0,101.79474078935532,100.8683412941258,1.6884319142896373,1.809384882285073,HI85_2D_FIXED7914,persistent_apparent_heat_anomaly,fixed_1979_2014
48_061_2019_010_HI85_2D_FIXED7914,48061,Cameron (Brownsville),2019-06-06,2019-06-10,5.0,108.7895725836692,105.26861639411091,7.429429439404927,18.765649335077924,HI85_2D_FIXED7914,persistent_apparent_heat_anomaly,fixed_1979_2014
48_061_2019_011_HI85_2D_FIXED7914,48061,Cameron (Brownsville),2019-06-15,2019-06-16,2.0,105.82133901663158,105.82041527999726,3.4537264043019746,6.886060708100118,HI85_2D_FIXED7914,persistent_apparent_heat_anomaly,fixed_1979_2014
48_061_2019_012_HI85_2D_FIXED7914,48061,Cameron (Brownsville),2019-06-18,2019-06-24,7.0,111.08369252243112,109.4169349832282,8.319902473201893,46.46750866513331,HI85_2D_FIXED7914,persistent_apparent_heat_anomaly,fixed_1979_2014
48_061_2019_013_HI85_2D_FIXED7914,48061,Cameron (Brownsville),2019-06-26,2019-06-27,2.0,104.43559782897756,103.98908144940839,1.5346190157952435,2.2099868822546824,HI85_2D_FIXED7914,persistent_apparent_heat_anomaly,fixed_1979_2014
48_061_2019_014_HI85_2D_FIXED7914,48061,Cameron (Brownsville),2019-07-07,2019-07-21,15.0,108.63757675419916,105.66587079322998,5.431323304123808,34.20761066231971,HI85_2D_FIXED7914,persistent_apparent_heat_anomaly,fixed_1979_2014
48_061_2019_015_HI85_2D_FIXED7914,48061,Cameron (Brownsville),2019-08-05,2019-08-19,15.0,113.9222215725204,109.75437145694785,8.200518701579611,62.31487067949155,HI85_2D_FIXED7914,persistent_apparent_heat_anomaly,fixed_1979_2014
48_061_2019_016_HI85_2D_FIXED7914,48061,Cameron (Brownsville),2019-08-23,2019-08-30,8.0,114.20624235504944,109.70862613918185,8.856209810506314,35.40836439687057,HI85_2D_FIXED7914,persistent_apparent_heat_anomaly,fixed_1979_2014
48_061_2019_017_HI85_2D_FIXED7914,48061,Cameron (Brownsville),2019-09-17,2019-09-30,14.0,108.4471356483356,103.62460430822738,8.298297942942426,36.929125392833384,HI85_2D_FIXED7914,persistent_apparent_heat_anomaly,fixed_1979_2014
48_061_2019_018_HI85_2D_FIXED7914,48061,Cameron (Brownsville),2019-10-09,2019-10-11,3.0,101.16410720398773,99.98480880313168,4.678522097692451,10.43567910883911,HI85_2D_FIXED7914,persistent_apparent_heat_anomaly,fixed_1979_2014
48_061_2019_019_HI85_2D_FIXED7914,48061,Cameron (Brownsville),2019-10-14,2019-10-16,3.0,100.10803661356007,97.25785468693755,4.788527088461862,6.015284060264008,HI85_2D_FIXED7914,persistent_apparent_heat_anomaly,fixed_1979_2014
48_061_2019_020_HI85_2D_FIXED7914,48061,Cameron (Brownsville),2019-10-19,2019-10-21,3.0,99.66402037831044,97.38095801932946,6.298843062768199,11.019497813201355,HI85_2D_FIXED7914,persistent_apparent_heat_anomaly,fixed_1979_2014
48_061_2019_021_HI85_2D_FIXED7914,48061,Cameron (Brownsville),2019-10-29,2019-10-30,2.0,92.86534386017377,92.72837621066773,2.1227624361439297,4.1194510731169345,HI85_2D_FIXED7914,persistent_apparent_heat_anomaly,fixed_1979_2014
48_061_2019_022_HI85_2D_FIXED7914,48061,Cameron (Brownsville),2019-12-13,2019-12-16,4.0,87.79153417906466,84.96663140700454,7.062793494276221,16.22859223048573,HI85_2D_FIXED7914,persistent_apparent_heat_anomaly,fixed_1979_2014
48_061_2020_001_HI85_2D_FIXED7914,48061,Cameron (Brownsville),2020-01-13,2020-01-18,6.0,83.59851149836075,81.86998963789864,5.1986500156107525,21.28557144189186,HI85_2D_FIXED7914,persistent_apparent_heat_anomaly,fixed_1979_2014
48_061_2020_002_HI85_2D_FIXED7914,48061,Cameron (Brownsville),2020-02-10,2020-02-11,2.0,83.54065721487007,83.45407118337224,3.532161545562019,6.699508682936411,HI85_2D_FIXED7914,persistent_apparent_heat_anomaly,fixed_1979_2014
48_061_2020_003_HI85_2D_FIXED7914,48061,Cameron (Brownsville),2020-02-16,2020-02-18,3.0,83.57673127708196,82.45608326535876,2.6717016312403956,4.709870080176614,HI85_2D_FIXED7914,persistent_apparent_heat_anomaly,fixed_1979_2014
48_061_2020_004_HI85_2D_FIXED7914,48061,Cameron (Brownsville),2020-03-14,2020-03-15,2.0,83.84778856823024,83.73932356294779,0.4226434070682785,0.5601038367046272,HI85_2D_FIXED7914,persistent_apparent_heat_anomaly,fixed_1979_2014
48_061_2020_005_HI85_2D_FIXED7914,48061,Cameron (Brownsville),2020-03-17,2020-03-20,4.0,88.3414962173956,86.46094253314337,4.210703500164129,9.602260690276765,HI85_2D_FIXED7914,persistent_apparent_heat_anomaly,fixed_1979_2014
48_061_2020_006_HI85_2D_FIXED7914,48061,Cameron (Brownsville),2020-03-22,2020-03-31,10.0,96.1199390298607,89.98699501122852,10.601866837275423,47.086536937737904,HI85_2D_FIXED7914,persistent_apparent_heat_anomaly,fixed_1979_2014
48_061_2020_007_HI85_2D_FIXED7914,48061,Cameron (Brownsville),2020-04-07,2020-04-12,6.0,94.51547673873954,91.30946946802312,5.896057665644008,19.205463078626323,HI85_2D_FIXED7914,persistent_apparent_heat_anomaly,fixed_1979_2014
48_061_2020_008_HI85_2D_FIXED7914,48061,Cameron (Brownsville),2020-04-19,2020-04-20,2.0,96.74898498696233,94.47173914394331,6.225571848350526,7.696186027180985,HI85_2D_FIXED7914,persistent_apparent_heat_anomaly,fixed_1979_2014
48_061_2020_009_HI85_2D_FIXED7914,48061,Cameron (Brownsville),2020-04-22,2020-04-25,4.0,96.2067813139008,94.25466283282503,4.787695466740686,11.190436047193188,HI85_2D_FIXED7914,persistent_apparent_heat_anomaly,fixed_1979_2014
48_061_2020_010_HI85_2D_FIXED7914,48061,Cameron (Brownsville),2020-04-28,2020-04-29,2.0,95.5415919684818,94.10968467809262,3.0948243958435597,3.123548454814454,HI85_2D_FIXED7914,persistent_apparent_heat_anomaly,fixed_1979_2014
48_061_2020_011_HI85_2D_FIXED7914,48061,Cameron (Brownsville),2020-05-04,2020-05-08,5.0,98.30525827068207,95.69174230409892,4.125397612963425,9.595588467085719,HI85_2D_FIXED7914,persistent_apparent_heat_anomaly,fixed_1979_2014
48_061_2020_012_HI85_2D_FIXED7914,48061,Cameron (Brownsville),2020-05-14,2020-05-15,2.0,98.60127786199511,98.25507907941798,2.728663522075422,4.538631624700443,HI85_2D_FIXED7914,persistent_apparent_heat_anomaly,fixed_1979_2014
48_061_2020_013_HI85_2D_FIXED7914,48061,Cameron (Brownsville),2020-05-20,2020-05-23,4.0,100.30064008158848,100.05785612342432,2.582204483864956,8.039319053367421,HI85_2D_FIXED7914,persistent_apparent_heat_anomaly,fixed_1979_2014
48_061_2020_014_HI85_2D_FIXED7914,48061,Cameron (Brownsville),2020-06-08,2020-06-10,3.0,106.78463662458348,104.8480794801326,5.1631214059832615,9.573989742220945,HI85_2D_FIXED7914,persistent_apparent_heat_anomaly,fixed_1979_2014
48_061_2020_015_HI85_2D_FIXED7914,48061,Cameron (Brownsville),2020-06-22,2020-06-23,2.0,107.39497058838823,106.18387966708721,4.523799717204852,6.595609649808708,HI85_2D_FIXED7914,persistent_apparent_heat_anomaly,fixed_1979_2014
48_061_2020_016_HI85_2D_FIXED7914,48061,Cameron (Brownsville),2020-07-06,2020-07-07,2.0,104.31871523832322,103.71139373781145,1.2132402578209707,1.2261106982408876,HI85_2D_FIXED7914,persistent_apparent_heat_anomaly,fixed_1979_2014
48_061_2020_017_HI85_2D_FIXED7914,48061,Cameron (Brownsville),2020-07-12,2020-07-16,5.0,105.8254695830175,104.76319339094448,2.6192161329421424,7.423092984666354,HI85_2D_FIXED7914,persistent_apparent_heat_anomaly,fixed_1979_2014
48_061_2020_018_HI85_2D_FIXED7914,48061,Cameron (Brownsville),2020-08-12,2020-08-13,2.0,107.10187995675489,106.65116599249339,1.380177085814097,1.8589262431051878,HI85_2D_FIXED7914,persistent_apparent_heat_anomaly,fixed_1979_2014
48_061_2020_019_HI85_2D_FIXED7914,48061,Cameron (Brownsville),2020-08-20,2020-08-22,3.0,107.47550757805628,106.93423904743571,1.6470293073772524,3.4274164204515927,HI85_2D_FIXED7914,persistent_apparent_heat_anomaly,fixed_1979_2014
48_061_2020_020_HI85_2D_FIXED7914,48061,Cameron (Brownsville),2020-08-26,2020-09-04,10.0,115.56764107638122,110.69473045474709,10.458154782462543,57.60519796696964,HI85_2D_FIXED7914,persistent_apparent_heat_anomaly,fixed_1979_2014
48_061_2020_021_HI85_2D_FIXED7914,48061,Cameron (Brownsville),2020-09-27,2020-09-28,2.0,101.58455512260426,100.93869329784823,1.1195742402119464,1.2635680079109903,HI85_2D_FIXED7914,persistent_apparent_heat_anomaly,fixed_1979_2014
48_061_2020_022_HI85_2D_FIXED7914,48061,Cameron (Brownsville),2020-10-10,2020-10-12,3.0,97.64240012554936,97.25739278971965,1.6277435881742406,2.997363954462543,HI85_2D_FIXED7914,persistent_apparent_heat_anomaly,fixed_1979_2014
48_061_2020_023_HI85_2D_FIXED7914,48061,Cameron (Brownsville),2020-10-19,2020-10-20,2.0,96.18021626145392,95.4553279300267,2.1483246962394844,3.1524569308086114,HI85_2D_FIXED7914,persistent_apparent_heat_anomaly,fixed_1979_2014
48_061_2020_024_HI85_2D_FIXED7914,48061,Cameron (Brownsville),2020-11-13,2020-11-15,3.0,91.82507881406366,90.30531452227073,4.995958380620053,10.23268525571092,HI85_2D_FIXED7914,persistent_apparent_heat_anomaly,fixed_1979_2014
48_061_2020_025_HI85_2D_FIXED7914,48061,Cameron (Brownsville),2020-11-24,2020-11-28,5.0,90.14294360933748,88.67427291168254,5.915364655517109,21.27120460420042,HI85_2D_FIXED7914,persistent_apparent_heat_anomaly,fixed_1979_2014
48_061_2020_026_HI85_2D_FIXED7914,48061,Cameron (Brownsville),2020-12-11,2020-12-13,3.0,83.49456301830696,83.27235548376377,2.4078090187601617,5.674863590118079,HI85_2D_FIXED7914,persistent_apparent_heat_anomaly,fixed_1979_2014
48_061_2020_027_HI85_2D_FIXED7914,48061,Cameron (Brownsville),2020-12-28,2020-12-30,3.0,82.46069763174478,81.39618539612285,3.7997598004947832,7.977044346797115,HI85_2D_FIXED7914,persistent_apparent_heat_anomaly,fixed_1979_2014
48_061_2021_001_HI85_2D_FIXED7914,48061,Cameron (Brownsville),2021-01-05,2021-01-06,2.0,81.23061020739755,80.87185479209835,2.869261410147544,5.140711059446701,HI85_2D_FIXED7914,persistent_apparent_heat_anomaly,fixed_1979_2014
48_061_2021_002_HI85_2D_FIXED7914,48061,Cameron (Brownsville),2021-01-25,2021-01-26,2.0,84.44551298585492,84.29115319459667,6.170986759604915,12.135346977764755,HI85_2D_FIXED7914,persistent_apparent_heat_anomaly,fixed_1979_2014
48_061_2021_003_HI85_2D_FIXED7914,48061,Cameron (Brownsville),2021-02-09,2021-02-10,2.0,82.2355582070792,81.4232705236079,2.227062537771147,3.0187628366934547,HI85_2D_FIXED7914,persistent_apparent_heat_anomaly,fixed_1979_2014
48_061_2021_004_HI85_2D_FIXED7914,48061,Cameron (Brownsville),2021-02-24,2021-02-28,5.0,84.86095925433024,83.23712796833593,2.7281031706853014,6.362305940232119,HI85_2D_FIXED7914,persistent_apparent_heat_anomaly,fixed_1979_2014
48_061_2021_005_HI85_2D_FIXED7914,48061,Cameron (Brownsville),2021-03-10,2021-03-17,8.0,86.22750671469014,84.67318512874505,3.004024170374393,11.004946527969068,HI85_2D_FIXED7914,persistent_apparent_heat_anomaly,fixed_1979_2014
48_061_2021_006_HI85_2D_FIXED7914,48061,Cameron (Brownsville),2021-04-07,2021-04-10,4.0,95.49085774521326,90.69901852009431,7.454537578967077,11.202721342935718,HI85_2D_FIXED7914,persistent_apparent_heat_anomaly,fixed_1979_2014
48_061_2021_007_HI85_2D_FIXED7914,48061,Cameron (Brownsville),2021-04-27,2021-04-29,3.0,96.20728325423218,94.00764441594237,3.760515681593944,4.75711967393093,HI85_2D_FIXED7914,persistent_apparent_heat_anomaly,fixed_1979_2014
48_061_2021_008_HI85_2D_FIXED7914,48061,Cameron (Brownsville),2021-05-02,2021-05-04,3.0,99.27182056185544,97.4459679992987,5.9324187899804315,12.776187385792241,HI85_2D_FIXED7914,persistent_apparent_heat_anomaly,fixed_1979_2014
48_061_2021_009_HI85_2D_FIXED7914,48061,Cameron (Brownsville),2021-05-09,2021-05-11,3.0,97.48374186294632,96.80377112039868,2.375365940065791,6.07851268504956,HI85_2D_FIXED7914,persistent_apparent_heat_anomaly,fixed_1979_2014
48_061_2021_010_HI85_2D_FIXED7914,48061,Cameron (Brownsville),2021-06-07,2021-06-12,6.0,103.34317625531718,102.78938019436889,1.7385944122750345,6.387295746078252,HI85_2D_FIXED7914,persistent_apparent_heat_anomaly,fixed_1979_2014
48_061_2021_011_HI85_2D_FIXED7914,48061,Cameron (Brownsville),2021-06-20,2021-06-22,3.0,107.58944242522624,106.15391672391574,4.791957852831402,10.029304678939738,HI85_2D_FIXED7914,persistent_apparent_heat_anomaly,fixed_1979_2014
48_061_2021_012_HI85_2D_FIXED7914,48061,Cameron (Brownsville),2021-06-25,2021-06-26,2.0,105.51857000118297,104.32987962064962,2.6087256655862063,2.8489360925201623,HI85_2D_FIXED7914,persistent_apparent_heat_anomaly,fixed_1979_2014
48_061_2021_013_HI85_2D_FIXED7914,48061,Cameron (Brownsville),2021-07-19,2021-07-20,2.0,105.2781736644035,104.53708595961973,1.4785708081576132,1.5377618118539402,HI85_2D_FIXED7914,persistent_apparent_heat_anomaly,fixed_1979_2014
48_061_2021_014_HI85_2D_FIXED7914,48061,Cameron (Brownsville),2021-08-01,2021-08-05,5.0,108.77828251206518,107.42828329145854,3.699934785327926,11.53385992990819,HI85_2D_FIXED7914,persistent_apparent_heat_anomaly,fixed_1979_2014
48_061_2021_015_HI85_2D_FIXED7914,48061,Cameron (Brownsville),2021-08-07,2021-08-10,4.0,107.38012312794758,106.74379640945429,1.9405399094995488,5.1382094903803335,HI85_2D_FIXED7914,persistent_apparent_heat_anomaly,fixed_1979_2014
48_061_2021_016_HI85_2D_FIXED7914,48061,Cameron (Brownsville),2021-08-12,2021-08-13,2.0,105.91058623250254,105.88854911690458,0.18888336156175,0.3336924919276072,HI85_2D_FIXED7914,persistent_apparent_heat_anomaly,fixed_1979_2014
48_061_2021_017_HI85_2D_FIXED7914,48061,Cameron (Brownsville),2021-08-17,2021-08-20,4.0,110.4055221542254,108.75413669384827,4.5552617628761,11.568590784327071,HI85_2D_FIXED7914,persistent_apparent_heat_anomaly,fixed_1979_2014
48_061_2021_018_HI85_2D_FIXED7914,48061,Cameron (Brownsville),2021-08-30,2021-09-08,10.0,110.38249235830403,108.23094517824207,5.539806275417902,38.05197329041796,HI85_2D_FIXED7914,persistent_apparent_heat_anomaly,fixed_1979_2014
48_061_2021_019_HI85_2D_FIXED7914,48061,Cameron (Brownsville),2021-09-17,2021-09-20,4.0,108.30007732246446,105.06242314420967,6.824131178905105,13.190704048277539,HI85_2D_FIXED7914,persistent_apparent_heat_anomaly,fixed_1979_2014
48_061_2021_020_HI85_2D_FIXED7914,48061,Cameron (Brownsville),2021-09-28,2021-09-29,2.0,105.36953515060584,104.05732684125904,5.220697445212664,7.997596176098384,HI85_2D_FIXED7914,persistent_apparent_heat_anomaly,fixed_1979_2014
48_061_2021_021_HI85_2D_FIXED7914,48061,Cameron (Brownsville),2021-10-10,2021-10-15,6.0,100.46410167778512,98.87398066348521,4.222103973666918,17.78356698840217,HI85_2D_FIXED7914,persistent_apparent_heat_anomaly,fixed_1979_2014
48_061_2021_022_HI85_2D_FIXED7914,48061,Cameron (Brownsville),2021-10-24,2021-10-27,4.0,96.9249868174266,95.17647900628961,4.956116922617042,12.328370113479025,HI85_2D_FIXED7914,persistent_apparent_heat_anomaly,fixed_1979_2014
48_061_2021_023_HI85_2D_FIXED7914,48061,Cameron (Brownsville),2021-11-11,2021-11-12,2.0,89.12478163867797,88.32854007028405,1.4891870207070923,1.5200640248838795,HI85_2D_FIXED7914,persistent_apparent_heat_anomaly,fixed_1979_2014
48_061_2021_024_HI85_2D_FIXED7914,48061,Cameron (Brownsville),2021-12-03,2021-12-06,4.0,86.51576828212238,85.64219341498956,4.188495974627841,11.68779620949455,HI85_2D_FIXED7914,persistent_apparent_heat_anomaly,fixed_1979_2014
48_061_2021_025_HI85_2D_FIXED7914,48061,Cameron (Brownsville),2021-12-09,2021-12-11,3.0,87.13628046970413,84.27037022781856,5.354839437880912,7.487770262621993,HI85_2D_FIXED7914,persistent_apparent_heat_anomaly,fixed_1979_2014
48_061_2021_026_HI85_2D_FIXED7914,48061,Cameron (Brownsville),2021-12-14,2021-12-18,5.0,84.15984876259216,83.79170173239704,3.706239337632894,15.336131335584028,HI85_2D_FIXED7914,persistent_apparent_heat_anomaly,fixed_1979_2014
48_061_2021_027_HI85_2D_FIXED7914,48061,Cameron (Brownsville),2021-12-24,2022-01-01,9.0,87.13625864619239,83.76870135098983,8.695160979620951,44.214833142586926,HI85_2D_FIXED7914,persistent_apparent_heat_anomaly,fixed_1979_2014
48_061_2022_001_HI85_2D_FIXED7914,48061,Cameron (Brownsville),2022-01-05,2022-01-06,2.0,81.93993334856661,81.10195579354524,3.698283621066622,5.60091306234051,HI85_2D_FIXED7914,persistent_apparent_heat_anomaly,fixed_1979_2014
48_061_2022_002_HI85_2D_FIXED7914,48061,Cameron (Brownsville),2022-02-22,2022-02-23,2.0,83.76966710866924,82.751873589553,2.2553966487067783,2.369383790240846,HI85_2D_FIXED7914,persistent_apparent_heat_anomaly,fixed_1979_2014
48_061_2022_003_HI85_2D_FIXED7914,48061,Cameron (Brownsville),2022-03-05,2022-03-06,2.0,84.01142584063189,83.72025614169478,1.354717881095354,2.265219201190959,HI85_2D_FIXED7914,persistent_apparent_heat_anomaly,fixed_1979_2014
48_061_2022_004_HI85_2D_FIXED7914,48061,Cameron (Brownsville),2022-03-25,2022-03-26,2.0,86.16726907583909,85.67587718547139,1.2102928394540982,1.287452748282476,HI85_2D_FIXED7914,persistent_apparent_heat_anomaly,fixed_1979_2014
48_061_2022_005_HI85_2D_FIXED7914,48061,Cameron (Brownsville),2022-04-04,2022-04-06,3.0,100.11590474002192,93.51034648613681,12.782440183234883,19.129528375642508,HI85_2D_FIXED7914,persistent_apparent_heat_anomaly,fixed_1979_2014
48_061_2022_006_HI85_2D_FIXED7914,48061,Cameron (Brownsville),2022-04-12,2022-04-17,6.0,94.39660103627574,92.32847485151412,5.558850772055308,17.9112828212142,HI85_2D_FIXED7914,persistent_apparent_heat_anomaly,fixed_1979_2014
48_061_2022_007_HI85_2D_FIXED7914,48061,Cameron (Brownsville),2022-05-01,2022-05-10,10.0,99.36903791045982,97.21466394331364,5.41814221069599,34.86563692385094,HI85_2D_FIXED7914,persistent_apparent_heat_anomaly,fixed_1979_2014
48_061_2022_008_HI85_2D_FIXED7914,48061,Cameron (Brownsville),2022-05-15,2022-05-16,2.0,97.08440959304856,96.98955382622341,0.9854973988327487,1.374584177602813,HI85_2D_FIXED7914,persistent_apparent_heat_anomaly,fixed_1979_2014
48_061_2022_009_HI85_2D_FIXED7914,48061,Cameron (Brownsville),2022-05-20,2022-05-22,3.0,107.39877523424296,102.96975909175212,9.400508026828291,14.995727271296701,HI85_2D_FIXED7914,persistent_apparent_heat_anomaly,fixed_1979_2014
48_061_2022_010_HI85_2D_FIXED7914,48061,Cameron (Brownsville),2022-06-06,2022-06-13,8.0,109.21883128345564,104.5067344583438,7.234084965658013,22.238919619695693,HI85_2D_FIXED7914,persistent_apparent_heat_anomaly,fixed_1979_2014
48_061_2022_011_HI85_2D_FIXED7914,48061,Cameron (Brownsville),2022-06-24,2022-06-25,2.0,104.32491723615595,104.16744284096688,1.4150729005591955,2.4567138864550486,HI85_2D_FIXED7914,persistent_apparent_heat_anomaly,fixed_1979_2014
48_061_2022_012_HI85_2D_FIXED7914,48061,Cameron (Brownsville),2022-07-01,2022-07-13,13.0,110.03036263406514,106.96669449941697,6.8241091839897905,50.32414145128878,HI85_2D_FIXED7914,persistent_apparent_heat_anomaly,fixed_1979_2014
48_061_2022_013_HI85_2D_FIXED7914,48061,Cameron (Brownsville),2022-07-18,2022-07-26,9.0,107.917988918153,106.47046641926774,4.118386061907117,21.459059812672535,HI85_2D_FIXED7914,persistent_apparent_heat_anomaly,fixed_1979_2014
48_061_2022_014_HI85_2D_FIXED7914,48061,Cameron (Brownsville),2022-08-02,2022-08-06,5.0,109.76635080898303,108.40444020265059,4.6342542141591,16.175424331731122,HI85_2D_FIXED7914,persistent_apparent_heat_anomaly,fixed_1979_2014
48_061_2022_015_HI85_2D_FIXED7914,48061,Cameron (Brownsville),2022-08-17,2022-08-18,2.0,106.23129578054538,106.0424306707404,0.3810353891960858,0.3843405587822275,HI85_2D_FIXED7914,persistent_apparent_heat_anomaly,fixed_1979_2014
48_061_2022_016_HI85_2D_FIXED7914,48061,Cameron (Brownsville),2022-08-22,2022-08-25,4.0,112.91012774828395,110.48996995192235,7.389278475181996,19.93968332234381,HI85_2D_FIXED7914,persistent_apparent_heat_anomaly,fixed_1979_2014
48_061_2022_017_HI85_2D_FIXED7914,48061,Cameron (Brownsville),2022-10-13,2022-10-17,5.0,98.09332243732328,97.05275957636958,3.195879601129832,9.098800161763279,HI85_2D_FIXED7914,persistent_apparent_heat_anomaly,fixed_1979_2014
48_061_2022_018_HI85_2D_FIXED7914,48061,Cameron (Brownsville),2022-11-07,2022-11-08,2.0,90.92322946758446,89.84263011318926,2.5678344375255904,3.1098618995474965,HI85_2D_FIXED7914,persistent_apparent_heat_anomaly,fixed_1979_2014
48_061_2022_019_HI85_2D_FIXED7914,48061,Cameron (Brownsville),2022-11-10,2022-11-11,2.0,89.85598514581773,89.4700441088814,2.2203905278468454,3.4567349112782892,HI85_2D_FIXED7914,persistent_apparent_heat_anomaly,fixed_1979_2014
48_061_2022_020_HI85_2D_FIXED7914,48061,Cameron (Brownsville),2022-12-06,2022-12-13,8.0,83.67374498080628,83.15111823342903,2.5869909812594756,10.791999946748533,HI85_2D_FIXED7914,persistent_apparent_heat_anomaly,fixed_1979_2014
48_061_2023_001_HI85_2D_FIXED7914,48061,Cameron (Brownsville),2023-01-01,2023-01-03,3.0,83.27233485923043,83.0076414158752,4.831237192658989,13.740867431732738,HI85_2D_FIXED7914,persistent_apparent_heat_anomaly,fixed_1979_2014
48_061_2023_002_HI85_2D_FIXED7914,48061,Cameron (Brownsville),2023-01-05,2023-01-07,3.0,82.94065152631897,81.68876132475106,4.699001798818983,10.221635722003171,HI85_2D_FIXED7914,persistent_apparent_heat_anomaly,fixed_1979_2014
48_061_2023_003_HI85_2D_FIXED7914,48061,Cameron (Brownsville),2023-01-10,2023-01-11,2.0,83.06562319433057,82.28966743428909,4.884486710901996,8.225765199971008,HI85_2D_FIXED7914,persistent_apparent_heat_anomaly,fixed_1979_2014
48_061_2023_004_HI85_2D_FIXED7914,48061,Cameron (Brownsville),2023-01-16,2023-01-18,3.0,84.80138863076655,83.05529335771598,6.586403428266564,14.428084555397959,HI85_2D_FIXED7914,persistent_apparent_heat_anomaly,fixed_1979_2014
48_061_2023_005_HI85_2D_FIXED7914,48061,Cameron (Brownsville),2023-02-14,2023-02-15,2.0,84.30117893159638,83.0743418168706,3.5668952471131945,4.928945926501669,HI85_2D_FIXED7914,persistent_apparent_heat_anomaly,fixed_1979_2014
48_061_2023_006_HI85_2D_FIXED7914,48061,Cameron (Brownsville),2023-02-20,2023-03-02,11.0,118.55271227437734,89.66749358254424,36.266793495693705,86.09016099163513,HI85_2D_FIXED7914,persistent_apparent_heat_anomaly,fixed_1979_2014
48_061_2023_007_HI85_2D_FIXED7914,48061,Cameron (Brownsville),2023-03-06,2023-03-12,7.0,94.2542063244284,86.96289019061314,11.228741914553765,28.937747987728372,HI85_2D_FIXED7914,persistent_apparent_heat_anomaly,fixed_1979_2014
48_061_2023_008_HI85_2D_FIXED7914,48061,Cameron (Brownsville),2023-03-23,2023-03-27,5.0,91.49000730150068,87.87766056564105,6.6581741457235495,14.53780913288574,HI85_2D_FIXED7914,persistent_apparent_heat_anomaly,fixed_1979_2014
48_061_2023_009_HI85_2D_FIXED7914,48061,Cameron (Brownsville),2023-03-31,2023-04-05,6.0,93.12746636655552,89.93477322018293,6.195072025860085,19.703459276453145,HI85_2D_FIXED7914,persistent_apparent_heat_anomaly,fixed_1979_2014
48_061_2023_010_HI85_2D_FIXED7914,48061,Cameron (Brownsville),2023-05-07,2023-05-08,2.0,96.92218981393673,96.32481945905022,2.971294114172892,4.518882560617939,HI85_2D_FIXED7914,persistent_apparent_heat_anomaly,fixed_1979_2014
48_061_2023_011_HI85_2D_FIXED7914,48061,Cameron (Brownsville),2023-05-10,2023-05-12,3.0,97.37444523032346,96.46632772770415,2.073857602935476,3.9624015046678096,HI85_2D_FIXED7914,persistent_apparent_heat_anomaly,fixed_1979_2014
48_061_2023_012_HI85_2D_FIXED7914,48061,Cameron (Brownsville),2023-06-09,2023-07-04,26.0,112.48407887943635,108.50935524796712,9.612908008252973,153.1435713437638,HI85_2D_FIXED7914,persistent_apparent_heat_anomaly,fixed_1979_2014
48_061_2023_013_HI85_2D_FIXED7914,48061,Cameron (Brownsville),2023-07-08,2023-07-28,21.0,111.41417325313068,108.70297811220732,7.677366001991032,104.26105757924319,HI85_2D_FIXED7914,persistent_apparent_heat_anomaly,fixed_1979_2014
48_061_2023_014_HI85_2D_FIXED7914,48061,Cameron (Brownsville),2023-07-30,2023-08-20,22.0,115.72039804364044,112.85404609292478,9.998695172699655,162.83771633434668,HI85_2D_FIXED7914,persistent_apparent_heat_anomaly,fixed_1979_2014
48_061_2023_015_HI85_2D_FIXED7914,48061,Cameron (Brownsville),2023-08-24,2023-08-25,2.0,106.47879229750616,106.06859490936921,1.0887686360210722,1.3163924473963533,HI85_2D_FIXED7914,persistent_apparent_heat_anomaly,fixed_1979_2014
48_061_2023_016_HI85_2D_FIXED7914,48061,Cameron (Brownsville),2023-08-27,2023-08-29,3.0,110.37408840899046,109.98671292145296,5.199176720550767,14.45125708866884,HI85_2D_FIXED7914,persistent_apparent_heat_anomaly,fixed_1979_2014
48_061_2023_017_HI85_2D_FIXED7914,48061,Cameron (Brownsville),2023-08-31,2023-09-16,17.0,114.20996097512544,109.95355219119098,10.637722532746594,105.2518790292294,HI85_2D_FIXED7914,persistent_apparent_heat_anomaly,fixed_1979_2014
48_061_2023_018_HI85_2D_FIXED7914,48061,Cameron (Brownsville),2023-09-20,2023-09-27,8.0,111.0002961969451,107.24130632093015,9.866168415596434,49.61164978719823,HI85_2D_FIXED7914,persistent_apparent_heat_anomaly,fixed_1979_2014
48_061_2023_019_HI85_2D_FIXED7914,48061,Cameron (Brownsville),2023-10-03,2023-10-05,3.0,102.14063915681622,100.49020979130414,3.6913279257786513,5.844960014431976,HI85_2D_FIXED7914,persistent_apparent_heat_anomaly,fixed_1979_2014
48_061_2023_020_HI85_2D_FIXED7914,48061,Cameron (Brownsville),2023-10-21,2023-10-29,9.0,95.36463709420354,94.59595458070193,4.495981871002783,21.796986937260726,HI85_2D_FIXED7914,persistent_apparent_heat_anomaly,fixed_1979_2014
48_061_2023_021_HI85_2D_FIXED7914,48061,Cameron (Brownsville),2023-11-08,2023-11-09,2.0,90.43462426566327,90.21667747645915,2.2146209688911256,4.171397219694484,HI85_2D_FIXED7914,persistent_apparent_heat_anomaly,fixed_1979_2014
48_061_2024_001_HI85_2D_FIXED7914,48061,Cameron (Brownsville),2024-02-09,2024-02-10,2.0,82.08486636633849,81.12437999766925,2.265583825124196,2.4209817848161634,HI85_2D_FIXED7914,persistent_apparent_heat_anomaly,fixed_1979_2014
48_061_2024_002_HI85_2D_FIXED7914,48061,Cameron (Brownsville),2024-02-25,2024-02-28,4.0,87.85836366232294,84.7774696854772,5.776316981309989,11.076532020583187,HI85_2D_FIXED7914,persistent_apparent_heat_anomaly,fixed_1979_2014
48_061_2024_003_HI85_2D_FIXED7914,48061,Cameron (Brownsville),2024-03-04,2024-03-08,5.0,86.22234160616313,84.3141296919118,3.703756483501067,8.456976115964252,HI85_2D_FIXED7914,persistent_apparent_heat_anomaly,fixed_1979_2014
48_061_2024_004_HI85_2D_FIXED7914,48061,Cameron (Brownsville),2024-03-13,2024-03-17,5.0,88.47009819094865,87.37198001071498,4.815817423037487,19.355156489358365,HI85_2D_FIXED7914,persistent_apparent_heat_anomaly,fixed_1979_2014
48_061_2024_005_HI85_2D_FIXED7914,48061,Cameron (Brownsville),2024-04-16,2024-04-20,5.0,93.32655674133468,91.86982873553022,2.6026776192408505,7.866372066693458,HI85_2D_FIXED7914,persistent_apparent_heat_anomaly,fixed_1979_2014
48_061_2024_006_HI85_2D_FIXED7914,48061,Cameron (Brownsville),2024-04-28,2024-05-03,6.0,96.84681498978014,95.30105244865081,3.875675127398438,14.794320526941846,HI85_2D_FIXED7914,persistent_apparent_heat_anomaly,fixed_1979_2014
48_061_2024_007_HI85_2D_FIXED7914,48061,Cameron (Brownsville),2024-05-05,2024-05-16,12.0,110.07006978888244,99.83951393427883,15.662482902856198,58.55805155804424,HI85_2D_FIXED7914,persistent_apparent_heat_anomaly,fixed_1979_2014
48_061_2024_008_HI85_2D_FIXED7914,48061,Cameron (Brownsville),2024-05-18,2024-06-18,32.0,113.01250674849076,106.43168617440995,11.858217099859004,195.02061702403407,HI85_2D_FIXED7914,persistent_apparent_heat_anomaly,fixed_1979_2014
48_061_2024_009_HI85_2D_FIXED7914,48061,Cameron (Brownsville),2024-06-25,2024-06-29,5.0,105.86643305272658,104.6796994147854,2.9831241187307427,8.925432522967611,HI85_2D_FIXED7914,persistent_apparent_heat_anomaly,fixed_1979_2014
48_061_2024_010_HI85_2D_FIXED7914,48061,Cameron (Brownsville),2024-07-03,2024-07-06,4.0,106.22015046833069,105.15887336350889,3.1634477749403516,8.362607210286512,HI85_2D_FIXED7914,persistent_apparent_heat_anomaly,fixed_1979_2014
48_061_2024_011_HI85_2D_FIXED7914,48061,Cameron (Brownsville),2024-07-08,2024-07-09,2.0,104.31349321451744,103.80198145502311,1.219027735441486,1.4040224504680339,HI85_2D_FIXED7914,persistent_apparent_heat_anomaly,fixed_1979_2014
48_061_2024_012_HI85_2D_FIXED7914,48061,Cameron (Brownsville),2024-07-18,2024-07-20,3.0,105.9868427675161,105.42109882240378,2.1872399112702112,5.041199852852955,HI85_2D_FIXED7914,persistent_apparent_heat_anomaly,fixed_1979_2014
48_061_2024_013_HI85_2D_FIXED7914,48061,Cameron (Brownsville),2024-08-06,2024-08-11,6.0,112.15250029752056,108.18705571893925,6.712917079072525,16.471935061107303,HI85_2D_FIXED7914,persistent_apparent_heat_anomaly,fixed_1979_2014
48_061_2024_014_HI85_2D_FIXED7914,48061,Cameron (Brownsville),2024-08-13,2024-08-23,11.0,112.21304995412788,109.18082987070207,6.384571683448854,37.67931713612107,HI85_2D_FIXED7914,persistent_apparent_heat_anomaly,fixed_1979_2014
48_061_2024_015_HI85_2D_FIXED7914,48061,Cameron (Brownsville),2024-09-13,2024-09-14,2.0,104.38885087886632,103.87692170034134,1.3706769402784573,1.7904452244682858,HI85_2D_FIXED7914,persistent_apparent_heat_anomaly,fixed_1979_2014
48_061_2024_016_HI85_2D_FIXED7914,48061,Cameron (Brownsville),2024-09-19,2024-09-22,4.0,102.68745293366632,102.2899868609744,1.0787610806840462,3.4668289869774185,HI85_2D_FIXED7914,persistent_apparent_heat_anomaly,fixed_1979_2014
48_061_2024_017_HI85_2D_FIXED7914,48061,Cameron (Brownsville),2024-10-29,2024-10-30,2.0,91.93515642791198,91.44274194270217,1.4665103028942212,1.5481825371858235,HI85_2D_FIXED7914,persistent_apparent_heat_anomaly,fixed_1979_2014
48_061_2024_018_HI85_2D_FIXED7914,48061,Cameron (Brownsville),2024-11-01,2024-11-04,4.0,93.46407931722511,92.06029519976047,4.551049373671859,10.343388899401035,HI85_2D_FIXED7914,persistent_apparent_heat_anomaly,fixed_1979_2014
48_061_2024_019_HI85_2D_FIXED7914,48061,Cameron (Brownsville),2024-11-07,2024-11-11,5.0,92.96840996652467,90.42975731523332,4.7484066697525265,12.048080506399401,HI85_2D_FIXED7914,persistent_apparent_heat_anomaly,fixed_1979_2014
48_061_2024_020_HI85_2D_FIXED7914,48061,Cameron (Brownsville),2024-11-17,2024-11-19,3.0,92.89573025232792,89.90432843212602,7.046107609081872,12.234309109006318,HI85_2D_FIXED7914,persistent_apparent_heat_anomaly,fixed_1979_2014
48_061_2024_021_HI85_2D_FIXED7914,48061,Cameron (Brownsville),2024-11-24,2024-11-25,2.0,86.51851478600837,85.77961567837102,1.8527466040037837,2.021661035277134,HI85_2D_FIXED7914,persistent_apparent_heat_anomaly,fixed_1979_2014
48_061_2024_022_HI85_2D_FIXED7914,48061,Cameron (Brownsville),2024-11-27,2024-11-28,2.0,85.1773708310388,84.7075616986325,0.9497918772184306,1.267805016193634,HI85_2D_FIXED7914,persistent_apparent_heat_anomaly,fixed_1979_2014
48_061_2024_023_HI85_2D_FIXED7914,48061,Cameron (Brownsville),2024-12-16,2024-12-18,3.0,82.669505045414,82.47768260454579,2.215895620454731,5.633109200433367,HI85_2D_FIXED7914,persistent_apparent_heat_anomaly,fixed_1979_2014
48_061_2024_024_HI85_2D_FIXED7914,48061,Cameron (Brownsville),2024-12-24,2024-12-31,8.0,85.39333377375317,83.32407967805031,6.6046855151817425,35.330256074652425,HI85_2D_FIXED7914,persistent_apparent_heat_anomaly,fixed_1979_2014
48_061_2025_001_HI85_2D_FIXED7914,48061,Cameron (Brownsville),2025-02-05,2025-02-12,8.0,88.63256622701913,83.33825910370666,8.285933058165782,28.534639239640043,HI85_2D_FIXED7914,persistent_apparent_heat_anomaly,fixed_1979_2014
48_061_2025_002_HI85_2D_FIXED7914,48061,Cameron (Brownsville),2025-03-07,2025-03-08,2.0,93.1771686513409,88.72729964506203,10.423391630605721,12.025896082424936,HI85_2D_FIXED7914,persistent_apparent_heat_anomaly,fixed_1979_2014
48_061_2025_003_HI85_2D_FIXED7914,48061,Cameron (Brownsville),2025-03-12,2025-03-15,4.0,91.1524137643262,86.87172832334544,7.727268603164234,14.319423050000424,HI85_2D_FIXED7914,persistent_apparent_heat_anomaly,fixed_1979_2014
48_061_2025_004_HI85_2D_FIXED7914,48061,Cameron (Brownsville),2025-03-24,2025-03-25,2.0,86.45819344380767,85.81219305787766,1.501217207422684,1.8355767235932205,HI85_2D_FIXED7914,persistent_apparent_heat_anomaly,fixed_1979_2014
48_061_2025_005_HI85_2D_FIXED7914,48061,Cameron (Brownsville),2025-03-29,2025-04-05,8.0,92.66912545971492,89.45227095588369,5.736731119019481,24.04674321310395,HI85_2D_FIXED7914,persistent_apparent_heat_anomaly,fixed_1979_2014
48_061_2025_006_HI85_2D_FIXED7914,48061,Cameron (Brownsville),2025-05-06,2025-05-07,2.0,98.3844628259154,96.97691983340584,4.433567126151573,6.2547897272918505,HI85_2D_FIXED7914,persistent_apparent_heat_anomaly,fixed_1979_2014
48_061_2025_007_HI85_2D_FIXED7914,48061,Cameron (Brownsville),2025-05-13,2025-05-21,9.0,103.08655926154768,101.03824974884172,6.48751280691279,38.15831101530533,HI85_2D_FIXED7914,persistent_apparent_heat_anomaly,fixed_1979_2014
48_061_2025_008_HI85_2D_FIXED7914,48061,Cameron (Brownsville),2025-05-23,2025-05-27,5.0,105.15073812095795,103.49593852447272,6.666757301499558,23.879015890254593,HI85_2D_FIXED7914,persistent_apparent_heat_anomaly,fixed_1979_2014
48_061_2025_009_HI85_2D_FIXED7914,48061,Cameron (Brownsville),2025-06-02,2025-06-16,15.0,111.21224251349972,106.08751213779858,8.993312679615428,66.7032636419906,HI85_2D_FIXED7914,persistent_apparent_heat_anomaly,fixed_1979_2014
48_061_2025_010_HI85_2D_FIXED7914,48061,Cameron (Brownsville),2025-07-07,2025-07-08,2.0,103.61544027409133,103.48231453938823,0.5099652935890759,0.753679117771938,HI85_2D_FIXED7914,persistent_apparent_heat_anomaly,fixed_1979_2014
48_061_2025_011_HI85_2D_FIXED7914,48061,Cameron (Brownsville),2025-07-14,2025-07-15,2.0,105.03733705136128,104.39549571747074,1.7298753258794193,2.2672391904667677,HI85_2D_FIXED7914,persistent_apparent_heat_anomaly,fixed_1979_2014
48_061_2025_012_HI85_2D_FIXED7914,48061,Cameron (Brownsville),2025-07-20,2025-07-24,5.0,106.35161633782552,105.31566209898165,2.055196304873178,6.210814506738416,HI85_2D_FIXED7914,persistent_apparent_heat_anomaly,fixed_1979_2014
48_061_2025_013_HI85_2D_FIXED7914,48061,Cameron (Brownsville),2025-07-31,2025-08-04,5.0,113.64099535937532,110.48983037635585,8.562647632638075,27.18156216184252,HI85_2D_FIXED7914,persistent_apparent_heat_anomaly,fixed_1979_2014
48_061_2025_014_HI85_2D_FIXED7914,48061,Cameron (Brownsville),2025-08-06,2025-08-14,9.0,111.22739500028923,109.56607903639654,5.505692129348446,36.3208525610999,HI85_2D_FIXED7914,persistent_apparent_heat_anomaly,fixed_1979_2014
48_061_2025_015_HI85_2D_FIXED7914,48061,Cameron (Brownsville),2025-08-16,2025-08-18,3.0,109.5751278493206,107.97092080503052,3.7248674579712997,6.458570050441253,HI85_2D_FIXED7914,persistent_apparent_heat_anomaly,fixed_1979_2014
48_061_2025_016_HI85_2D_FIXED7914,48061,Cameron (Brownsville),2025-08-28,2025-09-01,5.0,110.63819421646588,107.986720595396,5.5287079225471985,14.815400615066935,HI85_2D_FIXED7914,persistent_apparent_heat_anomaly,fixed_1979_2014
48_061_2025_017_HI85_2D_FIXED7914,48061,Cameron (Brownsville),2025-09-04,2025-09-06,3.0,111.35145940291758,109.5154786162489,7.277639637228006,15.938498778495926,HI85_2D_FIXED7914,persistent_apparent_heat_anomaly,fixed_1979_2014
48_061_2025_018_HI85_2D_FIXED7914,48061,Cameron (Brownsville),2025-10-06,2025-10-07,2.0,99.12838273482504,98.82238253102943,1.2420714758262363,2.33644442643795,HI85_2D_FIXED7914,persistent_apparent_heat_anomaly,fixed_1979_2014
48_061_2025_019_HI85_2D_FIXED7914,48061,Cameron (Brownsville),2025-10-17,2025-10-28,12.0,101.32088456358728,98.07865013976705,8.679634461663426,61.632668939186075,HI85_2D_FIXED7914,persistent_apparent_heat_anomaly,fixed_1979_2014
48_061_2025_020_HI85_2D_FIXED7914,48061,Cameron (Brownsville),2025-11-07,2025-11-08,2.0,92.75667476700464,90.96410792155615,4.536671470232491,5.352817516281291,HI85_2D_FIXED7914,persistent_apparent_heat_anomaly,fixed_1979_2014
48_061_2025_021_HI85_2D_FIXED7914,48061,Cameron (Brownsville),2025-11-15,2025-11-25,11.0,91.37346120350486,89.93667343111245,5.948649955002509,48.41363175095567,HI85_2D_FIXED7914,persistent_apparent_heat_anomaly,fixed_1979_2014
48_061_2025_022_HI85_2D_FIXED7914,48061,Cameron (Brownsville),2025-12-12,2025-12-13,2.0,84.11341563876324,82.99994675957657,3.0266616392164423,3.511162495728186,HI85_2D_FIXED7914,persistent_apparent_heat_anomaly,fixed_1979_2014
48_061_2025_023_HI85_2D_FIXED7914,48061,Cameron (Brownsville),2025-12-20,2025-12-28,9.0,84.99602240783966,83.4616942282233,5.354084144114594,36.83218221443694,HI85_2D_FIXED7914,persistent_apparent_heat_anomaly,fixed_1979_2014
48_141_2016_001_HI85_2D_FIXED7914,48141,El Paso,2016-10-26,2016-10-27,2.0,81.92104238078514,81.72630310997894,1.0126559285627934,1.397761963775494,HI85_2D_FIXED7914,persistent_apparent_heat_anomaly,fixed_1979_2014
48_141_2016_002_HI85_2D_FIXED7914,48141,El Paso,2016-10-29,2016-10-31,3.0,80.47604862390047,80.43503291854837,0.6577827821099902,1.0904278627439652,HI85_2D_FIXED7914,persistent_apparent_heat_anomaly,fixed_1979_2014
48_141_2017_001_HI85_2D_FIXED7914,48141,El Paso,2017-02-10,2017-02-11,2.0,82.17914110061538,81.36400756141182,11.963815586615382,22.43289202707365,HI85_2D_FIXED7914,persistent_apparent_heat_anomaly,fixed_1979_2014
48_141_2017_002_HI85_2D_FIXED7914,48141,El Paso,2017-03-10,2017-03-11,2.0,81.09342039514439,80.79414729234796,3.2732598962574713,6.139992244408987,HI85_2D_FIXED7914,persistent_apparent_heat_anomaly,fixed_1979_2014
48_141_2017_003_HI85_2D_FIXED7914,48141,El Paso,2017-03-14,2017-03-23,10.0,87.5222962089657,83.50290629581822,8.352869399321762,47.89826572574508,HI85_2D_FIXED7914,persistent_apparent_heat_anomaly,fixed_1979_2014
48_141_2017_004_HI85_2D_FIXED7914,48141,El Paso,2017-04-07,2017-04-08,2.0,83.4469414303802,83.44198731005632,1.5991294176392046,2.995712755100328,HI85_2D_FIXED7914,persistent_apparent_heat_anomaly,fixed_1979_2014
48_141_2017_005_HI85_2D_FIXED7914,48141,El Paso,2017-04-11,2017-04-14,4.0,87.07420287957103,84.63052542409766,4.479384729694743,7.78026571415235,HI85_2D_FIXED7914,persistent_apparent_heat_anomaly,fixed_1979_2014
48_141_2017_006_HI85_2D_FIXED7914,48141,El Paso,2017-04-16,2017-04-20,5.0,86.4537261244407,84.54016437014901,2.2920246869247194,4.121091978018896,HI85_2D_FIXED7914,persistent_apparent_heat_anomaly,fixed_1979_2014
48_141_2017_007_HI85_2D_FIXED7914,48141,El Paso,2017-06-19,2017-06-23,5.0,103.1289526745072,100.81326752108575,5.15611620650111,15.211706589080848,HI85_2D_FIXED7914,persistent_apparent_heat_anomaly,fixed_1979_2014
48_141_2017_008_HI85_2D_FIXED7914,48141,El Paso,2017-09-13,2017-09-14,2.0,92.59868400105826,92.51783102283669,0.5228632407774967,0.9719473908496212,HI85_2D_FIXED7914,persistent_apparent_heat_anomaly,fixed_1979_2014
48_141_2017_009_HI85_2D_FIXED7914,48141,El Paso,2017-10-05,2017-10-06,2.0,91.12682105802791,90.99100547334413,4.015861375346205,7.9878885743338515,HI85_2D_FIXED7914,persistent_apparent_heat_anomaly,fixed_1979_2014
48_141_2017_010_HI85_2D_FIXED7914,48141,El Paso,2017-10-12,2017-10-14,3.0,89.71376539185302,87.57899037267327,4.992750254876356,8.513873444414656,HI85_2D_FIXED7914,persistent_apparent_heat_anomaly,fixed_1979_2014
48_141_2017_011_HI85_2D_FIXED7914,48141,El Paso,2017-10-18,2017-10-20,3.0,83.54702316169505,83.41537930000976,0.6047929327882002,0.9181331370973709,HI85_2D_FIXED7914,persistent_apparent_heat_anomaly,fixed_1979_2014
48_141_2018_001_HI85_2D_FIXED7914,48141,El Paso,2018-03-22,2018-03-25,4.0,84.77345048086825,83.11444398054196,5.604023671224311,14.942144389884504,HI85_2D_FIXED7914,persistent_apparent_heat_anomaly,fixed_1979_2014
48_141_2018_002_HI85_2D_FIXED7914,48141,El Paso,2018-03-31,2018-04-01,2.0,82.38515648717377,81.58093397242136,1.4679925130188565,1.5305962645336564,HI85_2D_FIXED7914,persistent_apparent_heat_anomaly,fixed_1979_2014
48_141_2018_003_HI85_2D_FIXED7914,48141,El Paso,2018-04-07,2018-04-09,3.0,85.96533603909668,84.08515151995103,3.9248861868253755,6.047699628948948,HI85_2D_FIXED7914,persistent_apparent_heat_anomaly,fixed_1979_2014
48_141_2018_004_HI85_2D_FIXED7914,48141,El Paso,2018-04-11,2018-04-12,2.0,88.54163680302133,87.29972857061895,6.067842745029381,9.530844933369679,HI85_2D_FIXED7914,persistent_apparent_heat_anomaly,fixed_1979_2014
48_141_2018_005_HI85_2D_FIXED7914,48141,El Paso,2018-05-07,2018-05-12,6.0,92.83290154289612,91.25454322086182,4.280041978063522,17.311239829323526,HI85_2D_FIXED7914,persistent_apparent_heat_anomaly,fixed_1979_2014
48_141_2018_006_HI85_2D_FIXED7914,48141,El Paso,2018-05-16,2018-05-17,2.0,91.32063027652156,91.08560371547622,1.158943773050268,2.0977489849931032,HI85_2D_FIXED7914,persistent_apparent_heat_anomaly,fixed_1979_2014
48_141_2018_007_HI85_2D_FIXED7914,48141,El Paso,2018-06-21,2018-06-23,3.0,101.31794012624256,99.38448661162236,3.4281171924646827,4.497204239705127,HI85_2D_FIXED7914,persistent_apparent_heat_anomaly,fixed_1979_2014
48_141_2018_008_HI85_2D_FIXED7914,48141,El Paso,2018-10-04,2018-10-05,2.0,88.37555686397708,88.09152083817472,1.1103621625614863,1.806887292252128,HI85_2D_FIXED7914,persistent_apparent_heat_anomaly,fixed_1979_2014
48_141_2019_001_HI85_2D_FIXED7914,48141,El Paso,2019-03-26,2019-03-28,3.0,82.71607934356159,82.122199279783,2.6832246314140065,6.353559347040019,HI85_2D_FIXED7914,persistent_apparent_heat_anomaly,fixed_1979_2014
48_141_2019_002_HI85_2D_FIXED7914,48141,El Paso,2019-04-08,2019-04-09,2.0,86.35484692009732,84.84598185568532,4.035353854205482,5.332020793207491,HI85_2D_FIXED7914,persistent_apparent_heat_anomaly,fixed_1979_2014
48_141_2019_003_HI85_2D_FIXED7914,48141,El Paso,2019-04-26,2019-04-28,3.0,87.40034947702492,86.93890909975242,2.1403527930887094,4.451163348346299,HI85_2D_FIXED7914,persistent_apparent_heat_anomaly,fixed_1979_2014
48_141_2019_004_HI85_2D_FIXED7914,48141,El Paso,2019-08-02,2019-08-03,2.0,99.45478029611311,99.11750429697825,1.6588440557950577,2.719569126873566,HI85_2D_FIXED7914,persistent_apparent_heat_anomaly,fixed_1979_2014
48_141_2019_005_HI85_2D_FIXED7914,48141,El Paso,2019-08-05,2019-08-07,3.0,98.97815124536984,98.35772693916078,1.5278465588482675,2.7649881093252304,HI85_2D_FIXED7914,persistent_apparent_heat_anomaly,fixed_1979_2014
48_141_2019_006_HI85_2D_FIXED7914,48141,El Paso,2019-08-16,2019-08-18,3.0,97.8710040011925,97.56668659739523,1.1718781346457519,2.399691033227626,HI85_2D_FIXED7914,persistent_apparent_heat_anomaly,fixed_1979_2014
48_141_2019_007_HI85_2D_FIXED7914,48141,El Paso,2019-08-20,2019-08-21,2.0,97.2410672991313,96.97658580512734,0.7959537211370247,1.2548134771421928,HI85_2D_FIXED7914,persistent_apparent_heat_anomaly,fixed_1979_2014
48_141_2019_008_HI85_2D_FIXED7914,48141,El Paso,2019-08-25,2019-08-27,3.0,101.92455769817056,100.83918061023331,6.282378298461964,15.597634355597776,HI85_2D_FIXED7914,persistent_apparent_heat_anomaly,fixed_1979_2014
48_141_2020_001_HI85_2D_FIXED7914,48141,El Paso,2020-03-25,2020-03-26,2.0,82.36618230943272,82.11897565224294,2.774392104305207,4.878990033805195,HI85_2D_FIXED7914,persistent_apparent_heat_anomaly,fixed_1979_2014
48_141_2020_002_HI85_2D_FIXED7914,48141,El Paso,2020-04-26,2020-04-28,3.0,88.95438336192397,88.16987173637136,3.694386677987765,8.144051258203149,HI85_2D_FIXED7914,persistent_apparent_heat_anomaly,fixed_1979_2014
48_141_2020_003_HI85_2D_FIXED7914,48141,El Paso,2020-04-30,2020-05-04,5.0,90.3937556820798,89.54256279530146,3.8184746789236925,14.806714886866914,HI85_2D_FIXED7914,persistent_apparent_heat_anomaly,fixed_1979_2014
48_141_2020_004_HI85_2D_FIXED7914,48141,El Paso,2020-05-06,2020-05-07,2.0,92.59568923004808,91.40591919300977,4.862913394745121,7.575028222535508,HI85_2D_FIXED7914,persistent_apparent_heat_anomaly,fixed_1979_2014
48_141_2020_005_HI85_2D_FIXED7914,48141,El Paso,2020-05-17,2020-05-19,3.0,92.54635879426912,91.2102614789216,2.0943822435200303,2.305359464263148,HI85_2D_FIXED7914,persistent_apparent_heat_anomaly,fixed_1979_2014
48_141_2020_006_HI85_2D_FIXED7914,48141,El Paso,2020-06-02,2020-06-06,5.0,99.536789341576,97.63650275683776,4.173733684259744,12.653197866398344,HI85_2D_FIXED7914,persistent_apparent_heat_anomaly,fixed_1979_2014
48_141_2020_007_HI85_2D_FIXED7914,48141,El Paso,2020-07-08,2020-07-11,4.0,101.77854955081445,100.12255776475784,3.05759696162049,5.534807355924741,HI85_2D_FIXED7914,persistent_apparent_heat_anomaly,fixed_1979_2014
48_141_2020_008_HI85_2D_FIXED7914,48141,El Paso,2020-07-13,2020-07-14,2.0,99.58637048046825,99.33239141816645,0.8501873739966612,1.2352483521511317,HI85_2D_FIXED7914,persistent_apparent_heat_anomaly,fixed_1979_2014
48_141_2020_009_HI85_2D_FIXED7914,48141,El Paso,2020-08-09,2020-08-15,7.0,100.05125495556436,98.93970464232356,3.057254320337506,13.602887786287596,HI85_2D_FIXED7914,persistent_apparent_heat_anomaly,fixed_1979_2014
48_141_2020_010_HI85_2D_FIXED7914,48141,El Paso,2020-08-20,2020-08-23,4.0,97.93193136898392,97.5257195994325,1.6786868138657098,5.252388092869822,HI85_2D_FIXED7914,persistent_apparent_heat_anomaly,fixed_1979_2014
48_141_2020_011_HI85_2D_FIXED7914,48141,El Paso,2020-08-28,2020-08-29,2.0,98.67404157764284,97.13754941860208,3.332558201370162,3.531145084410923,HI85_2D_FIXED7914,persistent_apparent_heat_anomaly,fixed_1979_2014
48_141_2020_012_HI85_2D_FIXED7914,48141,El Paso,2020-09-25,2020-09-27,3.0,90.56787601327356,90.32734324295792,1.2932764044520297,3.1450994602543574,HI85_2D_FIXED7914,persistent_apparent_heat_anomaly,fixed_1979_2014
48_141_2020_013_HI85_2D_FIXED7914,48141,El Paso,2020-10-13,2020-10-14,2.0,86.98459248054111,85.85290133821877,2.5943881978656123,2.5945832567853984,HI85_2D_FIXED7914,persistent_apparent_heat_anomaly,fixed_1979_2014
48_141_2020_014_HI85_2D_FIXED7914,48141,El Paso,2020-10-17,2020-10-22,6.0,84.57229507588738,83.95915394994971,1.9496375794233956,6.246191905669193,HI85_2D_FIXED7914,persistent_apparent_heat_anomaly,fixed_1979_2014
48_141_2020_015_HI85_2D_FIXED7914,48141,El Paso,2020-10-24,2020-10-25,2.0,84.67642871441724,83.29352761935203,3.2216540943278886,3.4813776913404837,HI85_2D_FIXED7914,persistent_apparent_heat_anomaly,fixed_1979_2014
48_141_2020_016_HI85_2D_FIXED7914,48141,El Paso,2020-11-04,2020-11-07,4.0,82.21529779086289,81.29344156755947,3.662460790899601,10.001402634095044,HI85_2D_FIXED7914,persistent_apparent_heat_anomaly,fixed_1979_2014
48_141_2020_017_HI85_2D_FIXED7914,48141,El Paso,2020-11-19,2020-11-21,3.0,82.64848577801645,81.43846790414237,9.016197892766456,24.59941875942711,HI85_2D_FIXED7914,persistent_apparent_heat_anomaly,fixed_1979_2014
48_141_2021_001_HI85_2D_FIXED7914,48141,El Paso,2021-04-02,2021-04-06,5.0,87.58746024379508,84.1473164535048,6.116177179743772,14.114710156585005,HI85_2D_FIXED7914,persistent_apparent_heat_anomaly,fixed_1979_2014
48_141_2021_002_HI85_2D_FIXED7914,48141,El Paso,2021-05-06,2021-05-07,2.0,91.42886258730148,89.82260427703119,3.6960867519985214,4.408398390578341,HI85_2D_FIXED7914,persistent_apparent_heat_anomaly,fixed_1979_2014
48_141_2021_003_HI85_2D_FIXED7914,48141,El Paso,2021-06-10,2021-06-12,3.0,99.81340839836282,98.10105727220828,3.298401601219794,5.261711709056911,HI85_2D_FIXED7914,persistent_apparent_heat_anomaly,fixed_1979_2014
48_141_2021_004_HI85_2D_FIXED7914,48141,El Paso,2021-06-20,2021-06-25,6.0,100.84291506911552,99.12681395364035,3.2314135016005423,7.225149693609865,HI85_2D_FIXED7914,persistent_apparent_heat_anomaly,fixed_1979_2014
48_141_2021_005_HI85_2D_FIXED7914,48141,El Paso,2021-09-16,2021-09-20,5.0,92.86027954074405,92.08342583425454,2.113623060222352,5.509428002105452,HI85_2D_FIXED7914,persistent_apparent_heat_anomaly,fixed_1979_2014
48_141_2021_006_HI85_2D_FIXED7914,48141,El Paso,2021-10-08,2021-10-09,2.0,88.22911611377862,87.7645270173359,2.085765461275855,2.9951733904695317,HI85_2D_FIXED7914,persistent_apparent_heat_anomaly,fixed_1979_2014
48_141_2021_007_HI85_2D_FIXED7914,48141,El Paso,2021-10-21,2021-10-22,2.0,83.49246590350477,83.44368445499384,1.4344021556234594,2.3963450132006443,HI85_2D_FIXED7914,persistent_apparent_heat_anomaly,fixed_1979_2014
48_141_2022_001_HI85_2D_FIXED7914,48141,El Paso,2022-03-26,2022-03-28,3.0,82.9839056039704,82.41481604388262,2.951050891822817,7.23140963933885,HI85_2D_FIXED7914,persistent_apparent_heat_anomaly,fixed_1979_2014
48_141_2022_002_HI85_2D_FIXED7914,48141,El Paso,2022-04-02,2022-04-03,2.0,81.55112926476004,81.36948445828547,0.5020179009416808,0.5328995976661588,HI85_2D_FIXED7914,persistent_apparent_heat_anomaly,fixed_1979_2014
48_141_2022_003_HI85_2D_FIXED7914,48141,El Paso,2022-04-18,2022-04-22,5.0,87.22115024626102,86.59490673263353,3.2058227887573594,12.422281604214433,HI85_2D_FIXED7914,persistent_apparent_heat_anomaly,fixed_1979_2014
48_141_2022_004_HI85_2D_FIXED7914,48141,El Paso,2022-05-07,2022-05-08,2.0,88.6578724007961,88.2969855258174,0.9250965654931349,0.9395684610989008,HI85_2D_FIXED7914,persistent_apparent_heat_anomaly,fixed_1979_2014
48_141_2022_005_HI85_2D_FIXED7914,48141,El Paso,2022-05-10,2022-05-11,2.0,91.44938795388062,90.79786146423449,2.651435525906848,4.2449109356626025,HI85_2D_FIXED7914,persistent_apparent_heat_anomaly,fixed_1979_2014
48_141_2022_006_HI85_2D_FIXED7914,48141,El Paso,2022-05-15,2022-05-16,2.0,91.98747429775604,91.58606126530921,2.0757023552679925,3.6149909247939718,HI85_2D_FIXED7914,persistent_apparent_heat_anomaly,fixed_1979_2014
48_141_2022_007_HI85_2D_FIXED7914,48141,El Paso,2022-05-27,2022-05-28,2.0,94.25774445120268,94.14519319864422,1.5430069388077357,2.652955623025562,HI85_2D_FIXED7914,persistent_apparent_heat_anomaly,fixed_1979_2014
48_141_2022_008_HI85_2D_FIXED7914,48141,El Paso,2022-06-07,2022-06-08,2.0,99.2413391822332,98.16052815636598,3.4186726050744767,4.923290106070155,HI85_2D_FIXED7914,persistent_apparent_heat_anomaly,fixed_1979_2014
48_141_2022_009_HI85_2D_FIXED7914,48141,El Paso,2022-06-10,2022-06-13,4.0,100.07841366543434,99.32855100554625,3.7104603070701216,11.599645097421572,HI85_2D_FIXED7914,persistent_apparent_heat_anomaly,fixed_1979_2014
48_141_2022_010_HI85_2D_FIXED7914,48141,El Paso,2022-07-19,2022-07-21,3.0,102.84918283547614,101.45314072149608,4.321906914484373,8.789802519444436,HI85_2D_FIXED7914,persistent_apparent_heat_anomaly,fixed_1979_2014
48_141_2022_011_HI85_2D_FIXED7914,48141,El Paso,2022-08-01,2022-08-05,5.0,99.67205866681192,98.98374400716565,1.8422108400330899,6.457536806944091,HI85_2D_FIXED7914,persistent_apparent_heat_anomaly,fixed_1979_2014
48_141_2022_012_HI85_2D_FIXED7914,48141,El Paso,2022-08-28,2022-08-29,2.0,96.1933025036538,95.86358652493703,0.7908321271332426,0.9832192970808222,HI85_2D_FIXED7914,persistent_apparent_heat_anomaly,fixed_1979_2014
48_141_2022_013_HI85_2D_FIXED7914,48141,El Paso,2022-11-08,2022-11-09,2.0,80.35138844127695,80.1866124922791,2.3826918992769492,4.007895205980532,HI85_2D_FIXED7914,persistent_apparent_heat_anomaly,fixed_1979_2014
48_141_2023_001_HI85_2D_FIXED7914,48141,El Paso,2023-04-11,2023-04-13,3.0,84.23961850114658,83.58278964720428,1.6448003512702911,2.9362769071161807,HI85_2D_FIXED7914,persistent_apparent_heat_anomaly,fixed_1979_2014
48_141_2023_002_HI85_2D_FIXED7914,48141,El Paso,2023-06-21,2023-06-25,5.0,99.8133148473852,98.70144948323278,1.8404783793791069,3.583014955446629,HI85_2D_FIXED7914,persistent_apparent_heat_anomaly,fixed_1979_2014
48_141_2023_003_HI85_2D_FIXED7914,48141,El Paso,2023-06-27,2023-06-28,2.0,99.930758257227,99.6696113579103,1.5484167331220249,2.6253213873607137,HI85_2D_FIXED7914,persistent_apparent_heat_anomaly,fixed_1979_2014
48_141_2023_004_HI85_2D_FIXED7914,48141,El Paso,2023-07-05,2023-07-14,10.0,103.15697317405886,101.8614351233585,4.436020584864906,31.29700971579537,HI85_2D_FIXED7914,persistent_apparent_heat_anomaly,fixed_1979_2014
48_141_2023_005_HI85_2D_FIXED7914,48141,El Paso,2023-08-04,2023-08-07,4.0,103.15281146717044,102.0399498836875,5.702506780648861,18.19080362416973,HI85_2D_FIXED7914,persistent_apparent_heat_anomaly,fixed_1979_2014
48_141_2023_006_HI85_2D_FIXED7914,48141,El Paso,2023-08-09,2023-08-11,3.0,99.45308851329524,98.5735047725967,2.263002132921102,4.389499349310725,HI85_2D_FIXED7914,persistent_apparent_heat_anomaly,fixed_1979_2014
48_141_2023_007_HI85_2D_FIXED7914,48141,El Paso,2023-09-06,2023-09-11,6.0,97.13977338482756,95.8332371418886,3.566145128444191,15.24004587640816,HI85_2D_FIXED7914,persistent_apparent_heat_anomaly,fixed_1979_2014
48_141_2023_008_HI85_2D_FIXED7914,48141,El Paso,2023-09-22,2023-09-30,9.0,93.09155664538302,91.03875175093489,3.0434359603315784,15.773909642425437,HI85_2D_FIXED7914,persistent_apparent_heat_anomaly,fixed_1979_2014
48_141_2023_009_HI85_2D_FIXED7914,48141,El Paso,2023-10-17,2023-10-20,4.0,85.61106298275271,84.46741232985367,2.1158046584185684,4.8519414221727,HI85_2D_FIXED7914,persistent_apparent_heat_anomaly,fixed_1979_2014
48_141_2023_010_HI85_2D_FIXED7914,48141,El Paso,2023-11-05,2023-11-08,4.0,83.49284261534429,82.23947947171989,4.810391461453392,14.463684934565151,HI85_2D_FIXED7914,persistent_apparent_heat_anomaly,fixed_1979_2014
48_141_2024_001_HI85_2D_FIXED7914,48141,El Paso,2024-04-13,2024-04-15,3.0,83.74152683980675,83.44257583818332,0.8117828920651249,1.565371524445851,HI85_2D_FIXED7914,persistent_apparent_heat_anomaly,fixed_1979_2014
48_141_2024_002_HI85_2D_FIXED7914,48141,El Paso,2024-04-23,2024-04-24,2.0,86.50320262552123,86.2507831166966,1.7327282465732168,2.845503486423226,HI85_2D_FIXED7914,persistent_apparent_heat_anomaly,fixed_1979_2014
48_141_2024_003_HI85_2D_FIXED7914,48141,El Paso,2024-06-06,2024-06-07,2.0,99.1234124679795,98.68734023394532,3.54831283847642,6.341572435616698,HI85_2D_FIXED7914,persistent_apparent_heat_anomaly,fixed_1979_2014
48_141_2024_004_HI85_2D_FIXED7914,48141,El Paso,2024-06-12,2024-06-14,3.0,100.66453444771484,99.78328808263684,3.7508696436805593,9.248093829537837,HI85_2D_FIXED7914,persistent_apparent_heat_anomaly,fixed_1979_2014
48_141_2024_005_HI85_2D_FIXED7914,48141,El Paso,2024-06-23,2024-06-26,4.0,105.47173064367148,101.73789946117527,7.190862126781909,14.429915994250152,HI85_2D_FIXED7914,persistent_apparent_heat_anomaly,fixed_1979_2014
48_141_2024_006_HI85_2D_FIXED7914,48141,El Paso,2024-06-28,2024-06-29,2.0,103.5998103743852,102.07739558691489,5.1664187278889955,7.339058003228601,HI85_2D_FIXED7914,persistent_apparent_heat_anomaly,fixed_1979_2014
48_141_2024_007_HI85_2D_FIXED7914,48141,El Paso,2024-07-28,2024-07-30,3.0,101.37891999856146,100.8913236857843,3.3604415491271027,8.33446510213696,HI85_2D_FIXED7914,persistent_apparent_heat_anomaly,fixed_1979_2014
48_141_2024_008_HI85_2D_FIXED7914,48141,El Paso,2024-08-01,2024-08-02,2.0,100.26020061478332,99.65156017749308,2.464264374465259,3.6773362878892897,HI85_2D_FIXED7914,persistent_apparent_heat_anomaly,fixed_1979_2014
48_141_2024_009_HI85_2D_FIXED7914,48141,El Paso,2024-08-11,2024-08-12,2.0,98.3294496663459,97.70474319936027,1.3354490311190403,1.3831669844780379,HI85_2D_FIXED7914,persistent_apparent_heat_anomaly,fixed_1979_2014
48_141_2024_010_HI85_2D_FIXED7914,48141,El Paso,2024-08-15,2024-08-23,9.0,99.92238299271418,98.62167000936934,3.1364424636449257,19.042318962254484,HI85_2D_FIXED7914,persistent_apparent_heat_anomaly,fixed_1979_2014
48_141_2024_011_HI85_2D_FIXED7914,48141,El Paso,2024-09-13,2024-09-14,2.0,92.85731866937324,92.70213564498468,0.9432038655356223,1.3405566351455889,HI85_2D_FIXED7914,persistent_apparent_heat_anomaly,fixed_1979_2014
48_141_2024_012_HI85_2D_FIXED7914,48141,El Paso,2024-09-16,2024-09-17,2.0,94.82098035107532,94.03904345174966,3.5983297383280757,5.439139638774222,HI85_2D_FIXED7914,persistent_apparent_heat_anomaly,fixed_1979_2014
48_141_2024_013_HI85_2D_FIXED7914,48141,El Paso,2024-09-19,2024-09-21,3.0,92.74408641438212,92.1269468614446,1.997429933860431,4.679536274045049,HI85_2D_FIXED7914,persistent_apparent_heat_anomaly,fixed_1979_2014
48_141_2024_014_HI85_2D_FIXED7914,48141,El Paso,2024-09-26,2024-09-28,3.0,92.210737785259,90.38576721527073,3.1069359569636106,3.9142133181498906,HI85_2D_FIXED7914,persistent_apparent_heat_anomaly,fixed_1979_2014
48_141_2024_015_HI85_2D_FIXED7914,48141,El Paso,2024-10-09,2024-10-12,4.0,86.8329578663121,86.59268397482593,1.3286522851942948,3.8783940409896758,HI85_2D_FIXED7914,persistent_apparent_heat_anomaly,fixed_1979_2014
48_141_2024_016_HI85_2D_FIXED7914,48141,El Paso,2024-10-22,2024-10-24,3.0,86.86322468766592,85.262348736629,5.212321760391703,10.239924988407509,HI85_2D_FIXED7914,persistent_apparent_heat_anomaly,fixed_1979_2014
48_141_2024_017_HI85_2D_FIXED7914,48141,El Paso,2024-10-26,2024-10-29,4.0,86.53192623526817,84.85885612035942,5.973695633979105,16.502371567768435,HI85_2D_FIXED7914,persistent_apparent_heat_anomaly,fixed_1979_2014
48_141_2025_001_HI85_2D_FIXED7914,48141,El Paso,2025-03-25,2025-03-28,4.0,82.50308215390268,81.78317250665445,2.552128983826705,7.527861329181263,HI85_2D_FIXED7914,persistent_apparent_heat_anomaly,fixed_1979_2014
48_141_2025_002_HI85_2D_FIXED7914,48141,El Paso,2025-04-10,2025-04-14,5.0,87.56366569289963,85.5965465924575,4.968847543023344,14.898167610916332,HI85_2D_FIXED7914,persistent_apparent_heat_anomaly,fixed_1979_2014
48_141_2025_003_HI85_2D_FIXED7914,48141,El Paso,2025-04-16,2025-04-17,2.0,88.00232345193257,87.76203401825528,4.592783405050639,8.599817117278818,HI85_2D_FIXED7914,persistent_apparent_heat_anomaly,fixed_1979_2014
48_141_2025_004_HI85_2D_FIXED7914,48141,El Paso,2025-05-22,2025-05-23,2.0,92.39363899519488,92.11032987392045,0.5972837469273031,0.9390565685742018,HI85_2D_FIXED7914,persistent_apparent_heat_anomaly,fixed_1979_2014
48_141_2025_005_HI85_2D_FIXED7914,48141,El Paso,2025-06-12,2025-06-17,6.0,100.1337013330892,98.7153721130175,2.903907300822013,10.587916299053148,HI85_2D_FIXED7914,persistent_apparent_heat_anomaly,fixed_1979_2014
48_141_2025_006_HI85_2D_FIXED7914,48141,El Paso,2025-06-19,2025-06-20,2.0,98.9363653245844,98.52375658282865,1.3248637570694228,1.8491377444713208,HI85_2D_FIXED7914,persistent_apparent_heat_anomaly,fixed_1979_2014
48_141_2025_007_HI85_2D_FIXED7914,48141,El Paso,2025-07-05,2025-07-06,2.0,99.07520280788704,99.03418911160207,0.33141548537915355,0.6266786841077021,HI85_2D_FIXED7914,persistent_apparent_heat_anomaly,fixed_1979_2014
48_141_2025_008_HI85_2D_FIXED7914,48141,El Paso,2025-08-06,2025-08-10,5.0,99.63840611890838,98.07175975396916,2.448319738534238,3.8982214526300822,HI85_2D_FIXED7914,persistent_apparent_heat_anomaly,fixed_1979_2014
48_141_2025_009_HI85_2D_FIXED7914,48141,El Paso,2025-08-28,2025-08-29,2.0,97.0107493460988,96.56168714153424,1.608278969578251,2.3794205302752545,HI85_2D_FIXED7914,persistent_apparent_heat_anomaly,fixed_1979_2014
48_141_2025_010_HI85_2D_FIXED7914,48141,El Paso,2025-09-21,2025-09-23,3.0,92.04364712781812,91.37136904844301,1.6916415511365415,3.5134311091609476,HI85_2D_FIXED7914,persistent_apparent_heat_anomaly,fixed_1979_2014
48_141_2025_011_HI85_2D_FIXED7914,48141,El Paso,2025-10-14,2025-10-15,2.0,85.5794740855397,85.22889404796828,1.2960112356194173,1.7841209633407686,HI85_2D_FIXED7914,persistent_apparent_heat_anomaly,fixed_1979_2014
48_201_2015_001_HI85_2D_FIXED7914,48201,Harris (Houston),2015-03-03,2015-03-04,2.0,82.84122130118925,81.82302163522024,4.283933490589277,6.653219351040505,HI85_2D_FIXED7914,persistent_apparent_heat_anomaly,fixed_1979_2014
48_201_2015_002_HI85_2D_FIXED7914,48201,Harris (Houston),2015-03-17,2015-03-18,2.0,81.68402054471352,81.5998481953342,1.5633298045841713,3.028794787382708,HI85_2D_FIXED7914,persistent_apparent_heat_anomaly,fixed_1979_2014
48_201_2015_003_HI85_2D_FIXED7914,48201,Harris (Houston),2015-03-30,2015-03-31,2.0,83.04531293285956,83.01895773095444,0.4072706556549264,0.607952484033973,HI85_2D_FIXED7914,persistent_apparent_heat_anomaly,fixed_1979_2014
48_201_2015_004_HI85_2D_FIXED7914,48201,Harris (Houston),2015-04-02,2015-04-03,2.0,85.35538392335087,84.39277296871684,2.1572123371943945,2.213582725096657,HI85_2D_FIXED7914,persistent_apparent_heat_anomaly,fixed_1979_2014
48_201_2015_005_HI85_2D_FIXED7914,48201,Harris (Houston),2015-04-07,2015-04-09,3.0,87.99970681238239,86.76101199041007,3.546956682637841,6.93338131623122,HI85_2D_FIXED7914,persistent_apparent_heat_anomaly,fixed_1979_2014
48_201_2015_006_HI85_2D_FIXED7914,48201,Harris (Houston),2015-04-23,2015-04-26,4.0,92.65145290142448,91.16750953356754,4.912338013427231,11.828290544997643,HI85_2D_FIXED7914,persistent_apparent_heat_anomaly,fixed_1979_2014
48_201_2015_007_HI85_2D_FIXED7914,48201,Harris (Houston),2015-07-17,2015-07-20,4.0,106.88274154940297,106.07429534971006,1.8184898158409624,4.461349569464829,HI85_2D_FIXED7914,persistent_apparent_heat_anomaly,fixed_1979_2014
48_201_2015_008_HI85_2D_FIXED7914,48201,Harris (Houston),2015-07-22,2015-07-24,3.0,107.4917460348583,106.54731009451235,2.2710766765203516,3.9965224673874786,HI85_2D_FIXED7914,persistent_apparent_heat_anomaly,fixed_1979_2014
48_201_2015_009_HI85_2D_FIXED7914,48201,Harris (Houston),2015-07-26,2015-07-31,6.0,108.0417165401066,106.56690391973014,2.7437556704024786,7.564600512732142,HI85_2D_FIXED7914,persistent_apparent_heat_anomaly,fixed_1979_2014
48_201_2015_010_HI85_2D_FIXED7914,48201,Harris (Houston),2015-08-05,2015-08-15,11.0,112.17238159976505,109.1383605392475,6.32060629011491,36.713948978467954,HI85_2D_FIXED7914,persistent_apparent_heat_anomaly,fixed_1979_2014
48_201_2015_011_HI85_2D_FIXED7914,48201,Harris (Houston),2015-08-23,2015-08-24,2.0,107.04494864349284,106.34766555207423,1.8264021994165205,2.3929544072377524,HI85_2D_FIXED7914,persistent_apparent_heat_anomaly,fixed_1979_2014
48_201_2015_012_HI85_2D_FIXED7914,48201,Harris (Houston),2015-10-12,2015-10-13,2.0,98.29055541324824,96.79525836489583,6.5394498413041475,9.92167877294861,HI85_2D_FIXED7914,persistent_apparent_heat_anomaly,fixed_1979_2014
48_201_2015_013_HI85_2D_FIXED7914,48201,Harris (Houston),2015-10-22,2015-10-23,2.0,88.76465128746756,88.41274242378752,0.9668028090829637,0.9852179707292237,HI85_2D_FIXED7914,persistent_apparent_heat_anomaly,fixed_1979_2014
48_201_2015_014_HI85_2D_FIXED7914,48201,Harris (Houston),2015-11-05,2015-11-06,2.0,87.23475258844583,87.09232578343375,2.675287899790888,5.255075323577898,HI85_2D_FIXED7914,persistent_apparent_heat_anomaly,fixed_1979_2014
48_201_2015_015_HI85_2D_FIXED7914,48201,Harris (Houston),2015-12-23,2015-12-26,4.0,84.74332419697967,82.55377602015515,10.553851013479672,33.184867336370615,HI85_2D_FIXED7914,persistent_apparent_heat_anomaly,fixed_1979_2014
48_201_2016_001_HI85_2D_FIXED7914,48201,Harris (Houston),2016-02-19,2016-02-20,2.0,82.1133487689784,81.5375415194892,6.137870175378396,10.933879710178402,HI85_2D_FIXED7914,persistent_apparent_heat_anomaly,fixed_1979_2014
48_201_2016_002_HI85_2D_FIXED7914,48201,Harris (Houston),2016-03-13,2016-03-15,3.0,87.94115224128237,85.38088434461969,8.521008519082372,17.51238251835771,HI85_2D_FIXED7914,persistent_apparent_heat_anomaly,fixed_1979_2014
48_201_2016_003_HI85_2D_FIXED7914,48201,Harris (Houston),2016-03-17,2016-03-18,2.0,84.83191812997836,84.00025743837642,4.7112273898490145,7.82961327346716,HI85_2D_FIXED7914,persistent_apparent_heat_anomaly,fixed_1979_2014
48_201_2016_004_HI85_2D_FIXED7914,48201,Harris (Houston),2016-04-29,2016-05-01,3.0,92.47340105282646,91.2251482833151,2.7496300432392644,4.491585110531574,HI85_2D_FIXED7914,persistent_apparent_heat_anomaly,fixed_1979_2014
48_201_2016_005_HI85_2D_FIXED7914,48201,Harris (Houston),2016-05-12,2016-05-14,3.0,94.65953781422088,94.15737863457464,1.278894004373953,1.4916004001669876,HI85_2D_FIXED7914,persistent_apparent_heat_anomaly,fixed_1979_2014
48_201_2016_006_HI85_2D_FIXED7914,48201,Harris (Houston),2016-06-13,2016-06-18,6.0,106.87987734677814,105.14965457929816,4.281908827318546,17.211210561353155,HI85_2D_FIXED7914,persistent_apparent_heat_anomaly,fixed_1979_2014
48_201_2016_007_HI85_2D_FIXED7914,48201,Harris (Houston),2016-06-27,2016-06-28,2.0,106.91604356584853,105.64635789650409,2.8192166521043873,3.2731569002865797,HI85_2D_FIXED7914,persistent_apparent_heat_anomaly,fixed_1979_2014
48_201_2016_008_HI85_2D_FIXED7914,48201,Harris (Houston),2016-07-01,2016-07-09,9.0,111.3662941470796,108.23477370543722,6.913695152040091,33.276263743016884,HI85_2D_FIXED7914,persistent_apparent_heat_anomaly,fixed_1979_2014
48_201_2016_009_HI85_2D_FIXED7914,48201,Harris (Houston),2016-07-11,2016-07-18,8.0,109.66672768320656,107.2185001103782,4.9866964965223985,19.460464744879346,HI85_2D_FIXED7914,persistent_apparent_heat_anomaly,fixed_1979_2014
48_201_2016_010_HI85_2D_FIXED7914,48201,Harris (Houston),2016-07-20,2016-07-25,6.0,111.47430545421322,108.93727571685208,6.2536360958752795,22.468738827970483,HI85_2D_FIXED7914,persistent_apparent_heat_anomaly,fixed_1979_2014
48_201_2016_011_HI85_2D_FIXED7914,48201,Harris (Houston),2016-08-01,2016-08-13,13.0,114.36463657971449,110.47861868951644,8.551755304048996,62.17016251706961,HI85_2D_FIXED7914,persistent_apparent_heat_anomaly,fixed_1979_2014
48_201_2016_012_HI85_2D_FIXED7914,48201,Harris (Houston),2016-08-31,2016-09-01,2.0,105.87414879834448,105.06245646106825,1.7566492885981404,2.040722613066663,HI85_2D_FIXED7914,persistent_apparent_heat_anomaly,fixed_1979_2014
48_201_2016_013_HI85_2D_FIXED7914,48201,Harris (Houston),2016-09-06,2016-09-08,3.0,104.74898139148549,103.81883038790124,1.9723905300732838,3.029126025998579,HI85_2D_FIXED7914,persistent_apparent_heat_anomaly,fixed_1979_2014
48_201_2016_014_HI85_2D_FIXED7914,48201,Harris (Houston),2016-09-17,2016-09-22,6.0,111.40878560655533,106.15075845242244,11.737120043674153,39.053703747539274,HI85_2D_FIXED7914,persistent_apparent_heat_anomaly,fixed_1979_2014
48_201_2016_015_HI85_2D_FIXED7914,48201,Harris (Houston),2016-10-05,2016-10-07,3.0,96.93492849382817,95.68443907774542,2.2497025970986613,4.680466991604391,HI85_2D_FIXED7914,persistent_apparent_heat_anomaly,fixed_1979_2014
48_201_2016_016_HI85_2D_FIXED7914,48201,Harris (Houston),2016-10-12,2016-10-20,9.0,99.44866804669022,94.40163630035721,9.662368019813059,34.833211826669796,HI85_2D_FIXED7914,persistent_apparent_heat_anomaly,fixed_1979_2014
48_201_2016_017_HI85_2D_FIXED7914,48201,Harris (Houston),2016-11-01,2016-11-04,4.0,92.26423146411848,89.85622017485204,7.311701258775926,18.772162507475926,HI85_2D_FIXED7914,persistent_apparent_heat_anomaly,fixed_1979_2014
48_201_2016_018_HI85_2D_FIXED7914,48201,Harris (Houston),2016-11-15,2016-11-18,4.0,83.75827139721689,82.89875902154817,2.611508757086355,6.504337141826426,HI85_2D_FIXED7914,persistent_apparent_heat_anomaly,fixed_1979_2014
48_201_2016_019_HI85_2D_FIXED7914,48201,Harris (Houston),2016-11-28,2016-11-29,2.0,83.51947310049374,83.3732252838509,5.165838384243742,9.732573610451794,HI85_2D_FIXED7914,persistent_apparent_heat_anomaly,fixed_1979_2014
48_201_2016_020_HI85_2D_FIXED7914,48201,Harris (Houston),2016-12-24,2016-12-28,5.0,84.44499476951839,82.83778839901316,10.352095227018381,43.6929264068158,HI85_2D_FIXED7914,persistent_apparent_heat_anomaly,fixed_1979_2014
48_201_2017_001_HI85_2D_FIXED7914,48201,Harris (Houston),2017-01-11,2017-01-12,2.0,81.65270406460965,81.22259112439187,8.611088159609636,16.370932881533705,HI85_2D_FIXED7914,persistent_apparent_heat_anomaly,fixed_1979_2014
48_201_2017_002_HI85_2D_FIXED7914,48201,Harris (Houston),2017-02-06,2017-02-08,3.0,85.19811422436065,84.07104568265139,10.405737583610659,28.274091666204143,HI85_2D_FIXED7914,persistent_apparent_heat_anomaly,fixed_1979_2014
48_201_2017_003_HI85_2D_FIXED7914,48201,Harris (Houston),2017-02-11,2017-02-12,2.0,85.49068912055458,85.12939177366263,10.082929204804572,19.536195021575267,HI85_2D_FIXED7914,persistent_apparent_heat_anomaly,fixed_1979_2014
48_201_2017_004_HI85_2D_FIXED7914,48201,Harris (Houston),2017-02-18,2017-02-19,2.0,82.7057456998393,82.02966614446825,6.8564921230393026,12.234600118536505,HI85_2D_FIXED7914,persistent_apparent_heat_anomaly,fixed_1979_2014
48_201_2017_005_HI85_2D_FIXED7914,48201,Harris (Houston),2017-02-22,2017-02-24,3.0,82.20582027806147,81.81867250546645,5.027856724461472,14.656347258799386,HI85_2D_FIXED7914,persistent_apparent_heat_anomaly,fixed_1979_2014
48_201_2017_006_HI85_2D_FIXED7914,48201,Harris (Houston),2017-02-27,2017-03-01,3.0,83.53268717198739,83.17592578791442,5.786416238845803,15.959924892743274,HI85_2D_FIXED7914,persistent_apparent_heat_anomaly,fixed_1979_2014
48_201_2017_007_HI85_2D_FIXED7914,48201,Harris (Houston),2017-03-18,2017-03-24,7.0,84.42904688284193,83.85073279464059,3.9458318159029346,20.210240836908085,HI85_2D_FIXED7914,persistent_apparent_heat_anomaly,fixed_1979_2014
48_201_2017_008_HI85_2D_FIXED7914,48201,Harris (Houston),2017-03-26,2017-03-29,4.0,87.49344785321877,85.21095489638464,5.547189052829495,12.906839655436997,HI85_2D_FIXED7914,persistent_apparent_heat_anomaly,fixed_1979_2014
48_201_2017_009_HI85_2D_FIXED7914,48201,Harris (Houston),2017-04-02,2017-04-04,3.0,87.52009326244863,85.85634258296523,3.831229581782736,7.308200855892764,HI85_2D_FIXED7914,persistent_apparent_heat_anomaly,fixed_1979_2014
48_201_2017_010_HI85_2D_FIXED7914,48201,Harris (Houston),2017-04-20,2017-04-21,2.0,89.28285707443047,88.98581187837918,2.127195434907563,3.930022397771438,HI85_2D_FIXED7914,persistent_apparent_heat_anomaly,fixed_1979_2014
48_201_2017_011_HI85_2D_FIXED7914,48201,Harris (Houston),2017-05-27,2017-05-28,2.0,100.6323313491683,100.31080054416609,2.4393181470957046,4.556172494865947,HI85_2D_FIXED7914,persistent_apparent_heat_anomaly,fixed_1979_2014
48_201_2017_012_HI85_2D_FIXED7914,48201,Harris (Houston),2017-06-15,2017-06-16,2.0,104.46251449514638,104.04588864582158,2.1993344200291176,3.4887920176483505,HI85_2D_FIXED7914,persistent_apparent_heat_anomaly,fixed_1979_2014
48_201_2017_013_HI85_2D_FIXED7914,48201,Harris (Houston),2017-06-18,2017-06-20,3.0,105.25660382371368,104.35211996998527,2.4511631628978705,4.646306427032897,HI85_2D_FIXED7914,persistent_apparent_heat_anomaly,fixed_1979_2014
48_201_2017_014_HI85_2D_FIXED7914,48201,Harris (Houston),2017-07-02,2017-07-04,3.0,106.48744170714164,105.51844137842305,2.0525853740108175,3.224493680385791,HI85_2D_FIXED7914,persistent_apparent_heat_anomaly,fixed_1979_2014
48_201_2017_015_HI85_2D_FIXED7914,48201,Harris (Houston),2017-07-06,2017-07-09,4.0,105.19530308921888,104.99743991120498,0.5395227872283783,1.2220808921480568,HI85_2D_FIXED7914,persistent_apparent_heat_anomaly,fixed_1979_2014
48_201_2017_016_HI85_2D_FIXED7914,48201,Harris (Houston),2017-07-20,2017-07-21,2.0,107.35445545721149,107.2884086377501,2.2071604034851475,4.3652704882118485,HI85_2D_FIXED7914,persistent_apparent_heat_anomaly,fixed_1979_2014
48_201_2017_017_HI85_2D_FIXED7914,48201,Harris (Houston),2017-07-26,2017-07-29,4.0,108.39433598076496,107.83674438565517,3.1114763225232736,10.170235275266592,HI85_2D_FIXED7914,persistent_apparent_heat_anomaly,fixed_1979_2014
48_201_2017_018_HI85_2D_FIXED7914,48201,Harris (Houston),2017-08-10,2017-08-20,11.0,111.4094247289875,109.63189873023711,5.557649419337366,43.008918012871035,HI85_2D_FIXED7914,persistent_apparent_heat_anomaly,fixed_1979_2014
48_201_2017_019_HI85_2D_FIXED7914,48201,Harris (Houston),2017-09-16,2017-09-20,5.0,104.17854794298438,101.93297214067128,4.643566842942462,9.986839751606169,HI85_2D_FIXED7914,persistent_apparent_heat_anomaly,fixed_1979_2014
48_201_2017_020_HI85_2D_FIXED7914,48201,Harris (Houston),2017-09-26,2017-09-28,3.0,101.71477631902069,100.66656255807128,3.7985048910916532,7.641106020876123,HI85_2D_FIXED7914,persistent_apparent_heat_anomaly,fixed_1979_2014
48_201_2017_021_HI85_2D_FIXED7914,48201,Harris (Houston),2017-10-07,2017-10-09,3.0,104.69390145097393,101.12675632848591,11.98907145659527,23.873703054873815,HI85_2D_FIXED7914,persistent_apparent_heat_anomaly,fixed_1979_2014
48_201_2017_022_HI85_2D_FIXED7914,48201,Harris (Houston),2017-10-12,2017-10-15,4.0,99.08267863914996,96.53355925941061,7.331573067205866,19.979400540261466,HI85_2D_FIXED7914,persistent_apparent_heat_anomaly,fixed_1979_2014
48_201_2017_023_HI85_2D_FIXED7914,48201,Harris (Houston),2017-11-02,2017-11-07,6.0,93.69611245828231,91.63949733688617,8.391378031040375,41.88740144701643,HI85_2D_FIXED7914,persistent_apparent_heat_anomaly,fixed_1979_2014
48_201_2017_024_HI85_2D_FIXED7914,48201,Harris (Houston),2017-11-16,2017-11-18,3.0,87.22123982960403,84.1834358466869,6.074477189473498,9.276020601639615,HI85_2D_FIXED7914,persistent_apparent_heat_anomaly,fixed_1979_2014
48_201_2018_001_HI85_2D_FIXED7914,48201,Harris (Houston),2018-02-14,2018-02-16,3.0,81.6301084735898,80.9553454462811,5.921359247389788,15.779913685843283,HI85_2D_FIXED7914,persistent_apparent_heat_anomaly,fixed_1979_2014
48_201_2018_002_HI85_2D_FIXED7914,48201,Harris (Houston),2018-02-18,2018-02-19,2.0,81.26169740900073,81.15223950401477,5.28621881540073,10.479746837629534,HI85_2D_FIXED7914,persistent_apparent_heat_anomaly,fixed_1979_2014
48_201_2018_003_HI85_2D_FIXED7914,48201,Harris (Houston),2018-02-23,2018-02-24,2.0,82.28208136150226,81.97593594355052,5.10411780790227,9.809709177501063,HI85_2D_FIXED7914,persistent_apparent_heat_anomaly,fixed_1979_2014
48_201_2018_004_HI85_2D_FIXED7914,48201,Harris (Houston),2018-02-27,2018-03-01,3.0,83.91394532880346,82.11827977363252,6.1242663786034655,12.78698684989756,HI85_2D_FIXED7914,persistent_apparent_heat_anomaly,fixed_1979_2014
48_201_2018_005_HI85_2D_FIXED7914,48201,Harris (Houston),2018-03-16,2018-03-19,4.0,85.57183942745897,84.24239465340723,5.451148687329621,16.236762633412482,HI85_2D_FIXED7914,persistent_apparent_heat_anomaly,fixed_1979_2014
48_201_2018_006_HI85_2D_FIXED7914,48201,Harris (Houston),2018-03-24,2018-03-27,4.0,85.03464159821566,83.50663378718339,3.430918556986498,7.286425844710976,HI85_2D_FIXED7914,persistent_apparent_heat_anomaly,fixed_1979_2014
48_201_2018_007_HI85_2D_FIXED7914,48201,Harris (Houston),2018-04-01,2018-04-03,3.0,86.42294876796606,85.12666309310492,3.049157141785514,5.797152189059702,HI85_2D_FIXED7914,persistent_apparent_heat_anomaly,fixed_1979_2014
48_201_2018_008_HI85_2D_FIXED7914,48201,Harris (Houston),2018-05-26,2018-06-03,9.0,101.67296480199444,100.06619611640117,2.517636093362242,11.126134482714278,HI85_2D_FIXED7914,persistent_apparent_heat_anomaly,fixed_1979_2014
48_201_2018_009_HI85_2D_FIXED7914,48201,Harris (Houston),2018-06-05,2018-06-06,2.0,102.22829149838222,101.97807650553662,1.686972414837527,2.570479284540852,HI85_2D_FIXED7914,persistent_apparent_heat_anomaly,fixed_1979_2014
48_201_2018_010_HI85_2D_FIXED7914,48201,Harris (Houston),2018-06-12,2018-06-13,2.0,102.8412853595091,102.50706137726867,0.8800180162386084,1.2111745336422644,HI85_2D_FIXED7914,persistent_apparent_heat_anomaly,fixed_1979_2014
48_201_2018_011_HI85_2D_FIXED7914,48201,Harris (Houston),2018-06-22,2018-06-23,2.0,105.28664156992475,104.71097755071966,1.9310629091439893,2.68433011425158,HI85_2D_FIXED7914,persistent_apparent_heat_anomaly,fixed_1979_2014
48_201_2018_012_HI85_2D_FIXED7914,48201,Harris (Houston),2018-08-16,2018-08-22,7.0,107.93629474860562,106.7094944282949,2.547352706360826,8.314989683817089,HI85_2D_FIXED7914,persistent_apparent_heat_anomaly,fixed_1979_2014
48_201_2018_013_HI85_2D_FIXED7914,48201,Harris (Houston),2018-09-16,2018-09-19,4.0,104.53664398963502,102.88736201225215,4.645047859832459,11.406408197300308,HI85_2D_FIXED7914,persistent_apparent_heat_anomaly,fixed_1979_2014
48_201_2018_014_HI85_2D_FIXED7914,48201,Harris (Houston),2018-10-04,2018-10-09,6.0,99.0361398350125,96.68341236487792,5.003757919966574,16.68673923762651,HI85_2D_FIXED7914,persistent_apparent_heat_anomaly,fixed_1979_2014
48_201_2018_015_HI85_2D_FIXED7914,48201,Harris (Houston),2018-10-13,2018-10-14,2.0,101.37164198847388,98.02966356746674,9.92092277217148,12.857502346686985,HI85_2D_FIXED7914,persistent_apparent_heat_anomaly,fixed_1979_2014
48_201_2018_016_HI85_2D_FIXED7914,48201,Harris (Houston),2018-11-05,2018-11-07,3.0,93.57704889096016,91.26606372219787,9.509110099537935,20.800676131881787,HI85_2D_FIXED7914,persistent_apparent_heat_anomaly,fixed_1979_2014
48_201_2019_001_HI85_2D_FIXED7914,48201,Harris (Houston),2019-03-08,2019-03-11,4.0,84.17678211873559,83.12193972984231,4.891773886335585,15.927181869337844,HI85_2D_FIXED7914,persistent_apparent_heat_anomaly,fixed_1979_2014
48_201_2019_002_HI85_2D_FIXED7914,48201,Harris (Houston),2019-04-04,2019-04-06,3.0,85.77047761029493,85.03254031633229,2.081613929629043,3.432813860162568,HI85_2D_FIXED7914,persistent_apparent_heat_anomaly,fixed_1979_2014
48_201_2019_003_HI85_2D_FIXED7914,48201,Harris (Houston),2019-04-09,2019-04-10,2.0,88.10751903891283,87.95112658561811,3.3079881384265235,6.4823492207614635,HI85_2D_FIXED7914,persistent_apparent_heat_anomaly,fixed_1979_2014
48_201_2019_004_HI85_2D_FIXED7914,48201,Harris (Houston),2019-06-01,2019-06-03,3.0,101.3319813867784,100.50680212150671,1.5586728409714254,2.0856543907935077,HI85_2D_FIXED7914,persistent_apparent_heat_anomaly,fixed_1979_2014
48_201_2019_005_HI85_2D_FIXED7914,48201,Harris (Houston),2019-06-19,2019-06-23,5.0,105.97322960824413,104.93984258714809,2.6176509474633605,8.949523162520293,HI85_2D_FIXED7914,persistent_apparent_heat_anomaly,fixed_1979_2014
48_201_2019_006_HI85_2D_FIXED7914,48201,Harris (Houston),2019-07-07,2019-07-09,3.0,105.15810979030826,105.09363356938285,0.39450333356437284,1.0579033120316836,HI85_2D_FIXED7914,persistent_apparent_heat_anomaly,fixed_1979_2014
48_201_2019_007_HI85_2D_FIXED7914,48201,Harris (Houston),2019-08-06,2019-08-15,10.0,111.24288453138652,108.9787445168959,5.391109221736386,31.71429112783767,HI85_2D_FIXED7914,persistent_apparent_heat_anomaly,fixed_1979_2014
48_201_2019_008_HI85_2D_FIXED7914,48201,Harris (Houston),2019-08-26,2019-08-28,3.0,108.71422911831112,107.25507608595494,3.9623245355719376,7.428620735610664,HI85_2D_FIXED7914,persistent_apparent_heat_anomaly,fixed_1979_2014
48_201_2019_009_HI85_2D_FIXED7914,48201,Harris (Houston),2019-09-28,2019-10-06,9.0,103.13968591220492,99.44423975620965,6.2529715211075825,30.78157615415455,HI85_2D_FIXED7914,persistent_apparent_heat_anomaly,fixed_1979_2014
48_201_2019_010_HI85_2D_FIXED7914,48201,Harris (Houston),2019-10-19,2019-10-20,2.0,96.5416730306052,94.32573521838995,7.684730812284457,10.552773159141253,HI85_2D_FIXED7914,persistent_apparent_heat_anomaly,fixed_1979_2014
48_201_2020_001_HI85_2D_FIXED7914,48201,Harris (Houston),2020-03-02,2020-03-03,2.0,82.99918357935213,82.33221591832122,4.563647470552127,7.9995506458424614,HI85_2D_FIXED7914,persistent_apparent_heat_anomaly,fixed_1979_2014
48_201_2020_002_HI85_2D_FIXED7914,48201,Harris (Houston),2020-03-10,2020-03-15,6.0,84.7776209582997,83.20389050293299,4.981136555998319,22.756610617296573,HI85_2D_FIXED7914,persistent_apparent_heat_anomaly,fixed_1979_2014
48_201_2020_003_HI85_2D_FIXED7914,48201,Harris (Houston),2020-03-17,2020-03-19,3.0,85.85094335996783,84.8679121693528,5.182250349537071,13.764141894341961,HI85_2D_FIXED7914,persistent_apparent_heat_anomaly,fixed_1979_2014
48_201_2020_004_HI85_2D_FIXED7914,48201,Harris (Houston),2020-03-23,2020-03-27,5.0,89.25500755869477,88.20868770536369,7.604525257362383,32.98473945440614,HI85_2D_FIXED7914,persistent_apparent_heat_anomaly,fixed_1979_2014
48_201_2020_005_HI85_2D_FIXED7914,48201,Harris (Houston),2020-04-07,2020-04-09,3.0,95.85061304353027,92.49827708939375,11.230239993541801,24.145176613182272,HI85_2D_FIXED7914,persistent_apparent_heat_anomaly,fixed_1979_2014
48_201_2020_006_HI85_2D_FIXED7914,48201,Harris (Houston),2020-05-04,2020-05-05,2.0,94.42555942972464,92.96740675143012,3.5315275204342953,4.460367756493156,HI85_2D_FIXED7914,persistent_apparent_heat_anomaly,fixed_1979_2014
48_201_2020_007_HI85_2D_FIXED7914,48201,Harris (Houston),2020-05-22,2020-05-23,2.0,98.69970454470446,98.11758904107167,2.0338315091073724,3.1204477805713395,HI85_2D_FIXED7914,persistent_apparent_heat_anomaly,fixed_1979_2014
48_201_2020_008_HI85_2D_FIXED7914,48201,Harris (Houston),2020-06-04,2020-06-06,3.0,101.1908141965879,100.95754022440248,0.8335847672212111,1.1297175173083502,HI85_2D_FIXED7914,persistent_apparent_heat_anomaly,fixed_1979_2014
48_201_2020_009_HI85_2D_FIXED7914,48201,Harris (Houston),2020-07-09,2020-07-11,3.0,106.33970651336035,105.86752995208771,1.6904352597064332,3.554399727781785,HI85_2D_FIXED7914,persistent_apparent_heat_anomaly,fixed_1979_2014
48_201_2020_010_HI85_2D_FIXED7914,48201,Harris (Houston),2020-08-10,2020-08-16,7.0,111.05741636169094,108.08886050196263,5.205641052040804,15.994458007636084,HI85_2D_FIXED7914,persistent_apparent_heat_anomaly,fixed_1979_2014
48_201_2020_011_HI85_2D_FIXED7914,48201,Harris (Houston),2020-08-27,2020-09-06,11.0,112.7842529083524,107.57505727304924,8.385189818985438,39.9583819486631,HI85_2D_FIXED7914,persistent_apparent_heat_anomaly,fixed_1979_2014
48_201_2020_012_HI85_2D_FIXED7914,48201,Harris (Houston),2020-10-10,2020-10-12,3.0,96.85031568867451,94.02403307377016,4.738912896909326,5.629341849360074,HI85_2D_FIXED7914,persistent_apparent_heat_anomaly,fixed_1979_2014
48_201_2020_013_HI85_2D_FIXED7914,48201,Harris (Houston),2020-10-18,2020-10-23,6.0,95.33912059076508,92.83327234207702,7.541272112380483,24.86231898885029,HI85_2D_FIXED7914,persistent_apparent_heat_anomaly,fixed_1979_2014
48_201_2020_014_HI85_2D_FIXED7914,48201,Harris (Houston),2020-11-09,2020-11-12,4.0,87.89849231533216,85.02759953348051,4.5260909123353485,7.189267589464336,HI85_2D_FIXED7914,persistent_apparent_heat_anomaly,fixed_1979_2014
48_201_2020_015_HI85_2D_FIXED7914,48201,Harris (Houston),2020-11-20,2020-11-22,3.0,82.54077495134419,81.8815321468475,2.3253788188442,5.63412558689113,HI85_2D_FIXED7914,persistent_apparent_heat_anomaly,fixed_1979_2014
48_201_2021_001_HI85_2D_FIXED7914,48201,Harris (Houston),2021-03-11,2021-03-13,3.0,84.27174476380415,83.20127422561383,4.92430852340415,11.557735813041518,HI85_2D_FIXED7914,persistent_apparent_heat_anomaly,fixed_1979_2014
48_201_2021_002_HI85_2D_FIXED7914,48201,Harris (Houston),2021-03-15,2021-03-16,2.0,82.70969714470799,81.63488691498907,2.8164757782079874,3.580068061176746,HI85_2D_FIXED7914,persistent_apparent_heat_anomaly,fixed_1979_2014
48_201_2021_003_HI85_2D_FIXED7914,48201,Harris (Houston),2021-03-26,2021-03-27,2.0,85.56216340480964,84.54362199618971,3.615904604420365,5.4533968767063215,HI85_2D_FIXED7914,persistent_apparent_heat_anomaly,fixed_1979_2014
48_201_2021_004_HI85_2D_FIXED7914,48201,Harris (Houston),2021-04-07,2021-04-09,3.0,88.11131308218161,86.7968454433273,3.637984659710341,7.040881674982884,HI85_2D_FIXED7914,persistent_apparent_heat_anomaly,fixed_1979_2014
48_201_2021_005_HI85_2D_FIXED7914,48201,Harris (Houston),2021-04-12,2021-04-13,2.0,89.15430222691481,87.84598839425277,3.727171214617144,4.964156490590796,HI85_2D_FIXED7914,persistent_apparent_heat_anomaly,fixed_1979_2014
48_201_2021_006_HI85_2D_FIXED7914,48201,Harris (Houston),2021-05-02,2021-05-04,3.0,96.70301252377196,93.40271145952765,6.357008020096103,9.10549753631173,HI85_2D_FIXED7914,persistent_apparent_heat_anomaly,fixed_1979_2014
48_201_2021_007_HI85_2D_FIXED7914,48201,Harris (Houston),2021-05-09,2021-05-11,3.0,95.92492065761644,95.57119809397109,3.412355618044245,9.053007130021356,HI85_2D_FIXED7914,persistent_apparent_heat_anomaly,fixed_1979_2014
48_201_2021_008_HI85_2D_FIXED7914,48201,Harris (Houston),2021-06-07,2021-06-20,14.0,110.46717209403208,105.52986063588303,8.430131682357072,49.39928285339026,HI85_2D_FIXED7914,persistent_apparent_heat_anomaly,fixed_1979_2014
48_201_2021_009_HI85_2D_FIXED7914,48201,Harris (Houston),2021-06-23,2021-06-25,3.0,107.27161475695942,106.85930995029791,3.8895684305524583,10.287462529317068,HI85_2D_FIXED7914,persistent_apparent_heat_anomaly,fixed_1979_2014
48_201_2021_010_HI85_2D_FIXED7914,48201,Harris (Houston),2021-07-17,2021-07-19,3.0,106.40313411410308,106.34076601796073,1.4595809201133108,4.250717958068833,HI85_2D_FIXED7914,persistent_apparent_heat_anomaly,fixed_1979_2014
48_201_2021_011_HI85_2D_FIXED7914,48201,Harris (Houston),2021-07-28,2021-08-01,5.0,109.52599781807648,108.07858414042853,4.228036948372349,13.76623507471551,HI85_2D_FIXED7914,persistent_apparent_heat_anomaly,fixed_1979_2014
48_201_2021_012_HI85_2D_FIXED7914,48201,Harris (Houston),2021-08-07,2021-08-12,6.0,112.0836460221123,109.12262318692746,6.231870712462168,19.894525790881914,HI85_2D_FIXED7914,persistent_apparent_heat_anomaly,fixed_1979_2014
48_201_2021_013_HI85_2D_FIXED7914,48201,Harris (Houston),2021-08-14,2021-08-15,2.0,108.89275962031148,108.63681167211641,3.108901043346421,5.676883491602254,HI85_2D_FIXED7914,persistent_apparent_heat_anomaly,fixed_1979_2014
48_201_2021_014_HI85_2D_FIXED7914,48201,Harris (Houston),2021-08-19,2021-08-21,3.0,109.4151570890698,108.13071136113638,4.026215046825001,7.922114376196504,HI85_2D_FIXED7914,persistent_apparent_heat_anomaly,fixed_1979_2014
48_201_2021_015_HI85_2D_FIXED7914,48201,Harris (Houston),2021-08-24,2021-08-26,3.0,107.12026653987158,106.73307257528326,2.0364362870371764,5.280465068279682,HI85_2D_FIXED7914,persistent_apparent_heat_anomaly,fixed_1979_2014
48_201_2021_016_HI85_2D_FIXED7914,48201,Harris (Houston),2021-08-30,2021-09-01,3.0,108.45935272863474,107.75659982767269,4.341853218888403,10.939633927245879,HI85_2D_FIXED7914,persistent_apparent_heat_anomaly,fixed_1979_2014
48_201_2021_017_HI85_2D_FIXED7914,48201,Harris (Houston),2021-09-18,2021-09-21,4.0,104.5999075835994,102.85811428333918,5.257513664539815,12.991820421571475,HI85_2D_FIXED7914,persistent_apparent_heat_anomaly,fixed_1979_2014
48_201_2021_018_HI85_2D_FIXED7914,48201,Harris (Houston),2021-10-12,2021-10-13,2.0,100.56196167638456,99.63692178896814,8.644229291485615,15.605005621093241,HI85_2D_FIXED7914,persistent_apparent_heat_anomaly,fixed_1979_2014
48_201_2021_019_HI85_2D_FIXED7914,48201,Harris (Houston),2021-10-20,2021-10-26,7.0,96.38184934603537,91.0762945511627,8.88341066291592,21.872689257833528,HI85_2D_FIXED7914,persistent_apparent_heat_anomaly,fixed_1979_2014
48_201_2021_020_HI85_2D_FIXED7914,48201,Harris (Houston),2021-11-15,2021-11-17,3.0,85.86384614833317,84.21475750366993,4.717083508202634,8.246456405333532,HI85_2D_FIXED7914,persistent_apparent_heat_anomaly,fixed_1979_2014
48_201_2021_021_HI85_2D_FIXED7914,48201,Harris (Houston),2021-12-03,2021-12-05,3.0,83.17937843914723,82.70047177147342,5.837379025397226,16.18715732092025,HI85_2D_FIXED7914,persistent_apparent_heat_anomaly,fixed_1979_2014
48_201_2021_022_HI85_2D_FIXED7914,48201,Harris (Houston),2021-12-09,2021-12-10,2.0,86.93345271917403,86.59184259670381,11.05358687292403,21.16660658315763,HI85_2D_FIXED7914,persistent_apparent_heat_anomaly,fixed_1979_2014
48_201_2021_023_HI85_2D_FIXED7914,48201,Harris (Houston),2021-12-14,2021-12-17,4.0,85.4806769314677,84.13802694897946,10.571648286467692,36.605504080417816,HI85_2D_FIXED7914,persistent_apparent_heat_anomaly,fixed_1979_2014
48_201_2021_024_HI85_2D_FIXED7914,48201,Harris (Houston),2021-12-24,2022-01-01,9.0,85.75061411336037,83.56430269460552,12.645343450110374,88.14814335669969,HI85_2D_FIXED7914,persistent_apparent_heat_anomaly,fixed_1979_2014
48_201_2022_001_HI85_2D_FIXED7914,48201,Harris (Houston),2022-03-05,2022-03-06,2.0,84.41829032943258,83.65419336413606,5.623656152032581,9.78091013167213,HI85_2D_FIXED7914,persistent_apparent_heat_anomaly,fixed_1979_2014
48_201_2022_002_HI85_2D_FIXED7914,48201,Harris (Houston),2022-03-26,2022-03-29,4.0,83.5118960850278,83.20871150662379,1.5540957020695032,4.897866096393571,HI85_2D_FIXED7914,persistent_apparent_heat_anomaly,fixed_1979_2014
48_201_2022_003_HI85_2D_FIXED7914,48201,Harris (Houston),2022-04-30,2022-05-01,2.0,93.632617474245,92.82817988866151,3.908846464657799,6.013016582667859,HI85_2D_FIXED7914,persistent_apparent_heat_anomaly,fixed_1979_2014
48_201_2022_004_HI85_2D_FIXED7914,48201,Harris (Houston),2022-05-03,2022-05-09,7.0,96.40734847143835,93.42184241049232,4.922167473621755,15.542753427208083,HI85_2D_FIXED7914,persistent_apparent_heat_anomaly,fixed_1979_2014
48_201_2022_005_HI85_2D_FIXED7914,48201,Harris (Houston),2022-05-20,2022-05-21,2.0,101.40668798714444,99.00040773623857,5.239780512934857,5.948809309784224,HI85_2D_FIXED7914,persistent_apparent_heat_anomaly,fixed_1979_2014
48_201_2022_006_HI85_2D_FIXED7914,48201,Harris (Houston),2022-06-12,2022-06-13,2.0,102.84935943382656,102.54300099863536,0.8880920905560714,1.2830537763756524,HI85_2D_FIXED7914,persistent_apparent_heat_anomaly,fixed_1979_2014
48_201_2022_007_HI85_2D_FIXED7914,48201,Harris (Houston),2022-06-15,2022-06-16,2.0,102.49240515267309,102.46642217355807,0.17725911932578242,0.3298590731213409,HI85_2D_FIXED7914,persistent_apparent_heat_anomaly,fixed_1979_2014
48_201_2022_008_HI85_2D_FIXED7914,48201,Harris (Houston),2022-06-18,2022-06-23,6.0,107.60459724936248,104.67616530953855,4.597952946714969,9.709333564551514,HI85_2D_FIXED7914,persistent_apparent_heat_anomaly,fixed_1979_2014
48_201_2022_009_HI85_2D_FIXED7914,48201,Harris (Houston),2022-06-26,2022-06-27,2.0,105.65761214886028,104.77506328371103,1.7348801698828282,1.818399425024154,HI85_2D_FIXED7914,persistent_apparent_heat_anomaly,fixed_1979_2014
48_201_2022_010_HI85_2D_FIXED7914,48201,Harris (Houston),2022-07-02,2022-07-14,13.0,112.79438064953004,109.1169678702415,8.164293337239883,58.55839517626531,HI85_2D_FIXED7914,persistent_apparent_heat_anomaly,fixed_1979_2014
48_201_2022_011_HI85_2D_FIXED7914,48201,Harris (Houston),2022-07-18,2022-07-21,4.0,111.21488133568648,109.4482589461121,6.150629602124482,17.723922352258484,HI85_2D_FIXED7914,persistent_apparent_heat_anomaly,fixed_1979_2014
48_201_2022_012_HI85_2D_FIXED7914,48201,Harris (Houston),2022-07-24,2022-07-26,3.0,110.34641160462358,108.26864229293882,5.079291960893173,8.957986707140236,HI85_2D_FIXED7914,persistent_apparent_heat_anomaly,fixed_1979_2014
48_201_2022_013_HI85_2D_FIXED7914,48201,Harris (Houston),2022-07-28,2022-07-29,2.0,111.04628894166352,108.32067579012022,5.748328071959392,6.045429840832185,HI85_2D_FIXED7914,persistent_apparent_heat_anomaly,fixed_1979_2014
48_201_2022_014_HI85_2D_FIXED7914,48201,Harris (Houston),2022-08-02,2022-08-04,3.0,111.22878635637149,109.88630489978146,5.758624505225001,13.188994503048505,HI85_2D_FIXED7914,persistent_apparent_heat_anomaly,fixed_1979_2014
48_201_2022_015_HI85_2D_FIXED7914,48201,Harris (Houston),2022-08-08,2022-08-10,3.0,110.80980664048607,108.8103373800866,4.987063140086988,9.061738710324818,HI85_2D_FIXED7914,persistent_apparent_heat_anomaly,fixed_1979_2014
48_201_2022_016_HI85_2D_FIXED7914,48201,Harris (Houston),2022-08-16,2022-08-18,3.0,108.55271705552327,108.15196085090746,2.918641080302976,7.551422541694549,HI85_2D_FIXED7914,persistent_apparent_heat_anomaly,fixed_1979_2014
48_201_2022_017_HI85_2D_FIXED7914,48201,Harris (Houston),2022-08-25,2022-08-26,2.0,105.49075098868218,105.24088091482162,0.6077894079157602,0.6468394249074976,HI85_2D_FIXED7914,persistent_apparent_heat_anomaly,fixed_1979_2014
48_201_2022_018_HI85_2D_FIXED7914,48201,Harris (Houston),2022-08-31,2022-09-01,2.0,105.7659390111603,105.05362916138,1.6484395014139608,2.0230680136901498,HI85_2D_FIXED7914,persistent_apparent_heat_anomaly,fixed_1979_2014
48_201_2022_019_HI85_2D_FIXED7914,48201,Harris (Houston),2022-09-17,2022-09-20,4.0,102.58263434071152,101.7324868358494,2.691038210908957,7.647190754897849,HI85_2D_FIXED7914,persistent_apparent_heat_anomaly,fixed_1979_2014
48_201_2022_020_HI85_2D_FIXED7914,48201,Harris (Houston),2022-09-22,2022-09-23,2.0,100.1833512372216,100.0545080253474,1.081756735897713,1.7817250899348949,HI85_2D_FIXED7914,persistent_apparent_heat_anomaly,fixed_1979_2014
48_201_2022_021_HI85_2D_FIXED7914,48201,Harris (Houston),2022-10-12,2022-10-13,2.0,98.30522164722282,95.9729650083801,6.387489262323882,8.277092059917152,HI85_2D_FIXED7914,persistent_apparent_heat_anomaly,fixed_1979_2014
48_201_2022_022_HI85_2D_FIXED7914,48201,Harris (Houston),2022-10-15,2022-10-16,2.0,94.57164806674052,94.39925316183815,3.6188465756476376,7.155215318152614,HI85_2D_FIXED7914,persistent_apparent_heat_anomaly,fixed_1979_2014
48_201_2022_023_HI85_2D_FIXED7914,48201,Harris (Houston),2022-11-03,2022-11-04,2.0,88.74483474773395,87.9242944277508,4.050031840729659,6.201255743154761,HI85_2D_FIXED7914,persistent_apparent_heat_anomaly,fixed_1979_2014
48_201_2022_024_HI85_2D_FIXED7914,48201,Harris (Houston),2022-11-06,2022-11-10,5.0,89.8466854340655,87.1298071267774,5.778746642643284,16.320672929934403,HI85_2D_FIXED7914,persistent_apparent_heat_anomaly,fixed_1979_2014
48_201_2022_025_HI85_2D_FIXED7914,48201,Harris (Houston),2022-12-05,2022-12-10,6.0,84.35126874910029,83.39024479594666,7.463838662350284,41.12819336542994,HI85_2D_FIXED7914,persistent_apparent_heat_anomaly,fixed_1979_2014
48_201_2023_001_HI85_2D_FIXED7914,48201,Harris (Houston),2023-01-17,2023-01-18,2.0,81.26927628341032,81.10953049053637,8.196760495910311,16.000591009322733,HI85_2D_FIXED7914,persistent_apparent_heat_anomaly,fixed_1979_2014
48_201_2023_002_HI85_2D_FIXED7914,48201,Harris (Houston),2023-02-20,2023-03-02,11.0,109.02891800545196,85.22918380186142,30.915720002651952,87.5179994386757,HI85_2D_FIXED7914,persistent_apparent_heat_anomaly,fixed_1979_2014
48_201_2023_003_HI85_2D_FIXED7914,48201,Harris (Houston),2023-03-06,2023-03-12,7.0,87.8783784040735,85.04528396976366,8.593370171673499,41.72988483031416,HI85_2D_FIXED7914,persistent_apparent_heat_anomaly,fixed_1979_2014
48_201_2023_004_HI85_2D_FIXED7914,48201,Harris (Houston),2023-03-22,2023-03-25,4.0,86.55503329540622,84.53477368456967,5.236443527016547,12.549961063074178,HI85_2D_FIXED7914,persistent_apparent_heat_anomaly,fixed_1979_2014
48_201_2023_005_HI85_2D_FIXED7914,48201,Harris (Houston),2023-03-31,2023-04-04,5.0,92.07213313949076,87.39741196791877,8.698341513310211,20.870727964192355,HI85_2D_FIXED7914,persistent_apparent_heat_anomaly,fixed_1979_2014
48_201_2023_006_HI85_2D_FIXED7914,48201,Harris (Houston),2023-05-05,2023-05-06,2.0,97.71659032817789,97.06440577229284,6.822558418887539,11.997839198320307,HI85_2D_FIXED7914,persistent_apparent_heat_anomaly,fixed_1979_2014
48_201_2023_007_HI85_2D_FIXED7914,48201,Harris (Houston),2023-06-14,2023-06-26,13.0,108.37567455623014,106.3633551021732,6.112494481112876,44.53106082527604,HI85_2D_FIXED7914,persistent_apparent_heat_anomaly,fixed_1979_2014
48_201_2023_008_HI85_2D_FIXED7914,48201,Harris (Houston),2023-06-30,2023-07-03,4.0,107.99112897259026,107.28836912002711,3.7055375692668093,11.767657582635508,HI85_2D_FIXED7914,persistent_apparent_heat_anomaly,fixed_1979_2014
48_201_2023_009_HI85_2D_FIXED7914,48201,Harris (Houston),2023-07-09,2023-07-14,6.0,109.23236159315157,107.61619461446928,4.5830903394976445,17.51725718999893,HI85_2D_FIXED7914,persistent_apparent_heat_anomaly,fixed_1979_2014
48_201_2023_010_HI85_2D_FIXED7914,48201,Harris (Houston),2023-07-21,2023-07-24,4.0,112.4391383559436,108.84496859992285,7.218468997605655,14.587171529815492,HI85_2D_FIXED7914,persistent_apparent_heat_anomaly,fixed_1979_2014
48_201_2023_011_HI85_2D_FIXED7914,48201,Harris (Houston),2023-07-26,2023-07-27,2.0,109.72841906765836,108.1332527357178,4.445559409416674,5.68568494348979,HI85_2D_FIXED7914,persistent_apparent_heat_anomaly,fixed_1979_2014
48_201_2023_012_HI85_2D_FIXED7914,48201,Harris (Houston),2023-07-30,2023-08-15,17.0,116.43147470194126,111.24302764738599,10.579699392291118,94.8227689679925,HI85_2D_FIXED7914,persistent_apparent_heat_anomaly,fixed_1979_2014
48_201_2023_013_HI85_2D_FIXED7914,48201,Harris (Houston),2023-08-17,2023-08-28,12.0,113.774146376611,109.77946437481775,8.526483836436157,54.782291302792316,HI85_2D_FIXED7914,persistent_apparent_heat_anomaly,fixed_1979_2014
48_201_2023_014_HI85_2D_FIXED7914,48201,Harris (Houston),2023-09-02,2023-09-09,8.0,112.93620408111858,109.3626885652365,10.003102567192471,50.047108074518036,HI85_2D_FIXED7914,persistent_apparent_heat_anomaly,fixed_1979_2014
48_201_2023_015_HI85_2D_FIXED7914,48201,Harris (Houston),2023-09-20,2023-10-02,13.0,109.8377933403576,104.0789756808157,11.118139022654844,77.30277463964954,HI85_2D_FIXED7914,persistent_apparent_heat_anomaly,fixed_1979_2014
48_201_2023_016_HI85_2D_FIXED7914,48201,Harris (Houston),2023-10-20,2023-10-29,10.0,93.3301458887205,91.01585265682529,6.40260009762531,33.53436132120106,HI85_2D_FIXED7914,persistent_apparent_heat_anomaly,fixed_1979_2014
48_201_2023_017_HI85_2D_FIXED7914,48201,Harris (Houston),2023-11-07,2023-11-09,3.0,88.7660711566806,88.1026276987874,4.698132365258374,12.72203335004113,HI85_2D_FIXED7914,persistent_apparent_heat_anomaly,fixed_1979_2014
48_201_2024_001_HI85_2D_FIXED7914,48201,Harris (Houston),2024-02-25,2024-02-27,3.0,93.38791202423812,85.6400762399059,15.722936506238128,24.413318761917665,HI85_2D_FIXED7914,persistent_apparent_heat_anomaly,fixed_1979_2014
48_201_2024_002_HI85_2D_FIXED7914,48201,Harris (Houston),2024-03-03,2024-03-08,6.0,91.53896866189464,84.28470321548495,12.806126242694646,33.31405700047836,HI85_2D_FIXED7914,persistent_apparent_heat_anomaly,fixed_1979_2014
48_201_2024_003_HI85_2D_FIXED7914,48201,Harris (Houston),2024-03-13,2024-03-15,3.0,85.74052807449323,84.75123893897535,6.320384352293232,15.623446301424664,HI85_2D_FIXED7914,persistent_apparent_heat_anomaly,fixed_1979_2014
48_201_2024_004_HI85_2D_FIXED7914,48201,Harris (Houston),2024-03-31,2024-04-01,2.0,84.01983104383856,83.77855316713053,1.175199939358052,1.701601351862493,HI85_2D_FIXED7914,persistent_apparent_heat_anomaly,fixed_1979_2014
48_201_2024_005_HI85_2D_FIXED7914,48201,Harris (Houston),2024-04-18,2024-04-19,2.0,91.0221094424832,88.91384380207137,4.475250758900458,4.572361146971971,HI85_2D_FIXED7914,persistent_apparent_heat_anomaly,fixed_1979_2014
48_201_2024_006_HI85_2D_FIXED7914,48201,Harris (Houston),2024-05-06,2024-05-09,4.0,97.46544143956976,95.72850767830181,5.322542363005994,16.32433751701207,HI85_2D_FIXED7914,persistent_apparent_heat_anomaly,fixed_1979_2014
48_201_2024_007_HI85_2D_FIXED7914,48201,Harris (Houston),2024-05-19,2024-05-28,10.0,107.76547571517172,100.91388576794176,9.893060323778087,40.49177655151691,HI85_2D_FIXED7914,persistent_apparent_heat_anomaly,fixed_1979_2014
48_201_2024_008_HI85_2D_FIXED7914,48201,Harris (Houston),2024-06-10,2024-06-16,7.0,104.73217413100409,103.33530380036505,2.770906787733594,9.739037145278857,HI85_2D_FIXED7914,persistent_apparent_heat_anomaly,fixed_1979_2014
48_201_2024_009_HI85_2D_FIXED7914,48201,Harris (Houston),2024-06-25,2024-07-02,8.0,110.07359974779868,107.97348920504244,5.976772834054543,31.356687440607516,HI85_2D_FIXED7914,persistent_apparent_heat_anomaly,fixed_1979_2014
48_201_2024_010_HI85_2D_FIXED7914,48201,Harris (Houston),2024-07-04,2024-07-06,3.0,109.2566328277711,107.79136000333777,4.711951471216111,9.941943325287994,HI85_2D_FIXED7914,persistent_apparent_heat_anomaly,fixed_1979_2014
48_201_2024_011_HI85_2D_FIXED7914,48201,Harris (Houston),2024-07-09,2024-07-10,2.0,105.92242310878927,105.7863736171471,1.2731518551353531,2.154644418103018,HI85_2D_FIXED7914,persistent_apparent_heat_anomaly,fixed_1979_2014
48_201_2024_012_HI85_2D_FIXED7914,48201,Harris (Houston),2024-07-16,2024-07-17,2.0,106.1038094565908,105.49634024617608,1.1897960056789856,1.210494148857805,HI85_2D_FIXED7914,persistent_apparent_heat_anomaly,fixed_1979_2014
48_201_2024_013_HI85_2D_FIXED7914,48201,Harris (Houston),2024-07-29,2024-07-30,2.0,107.17311118116707,106.80242477097758,1.8751503114629458,2.990685949861856,HI85_2D_FIXED7914,persistent_apparent_heat_anomaly,fixed_1979_2014
48_201_2024_014_HI85_2D_FIXED7914,48201,Harris (Houston),2024-08-01,2024-08-12,12.0,112.84506813372752,108.76709050840294,6.993292824077386,36.986602025603005,HI85_2D_FIXED7914,persistent_apparent_heat_anomaly,fixed_1979_2014
48_201_2024_015_HI85_2D_FIXED7914,48201,Harris (Houston),2024-08-14,2024-08-23,10.0,115.58484592265567,110.81144402765001,10.195903880410881,52.647682665545986,HI85_2D_FIXED7914,persistent_apparent_heat_anomaly,fixed_1979_2014
48_201_2024_016_HI85_2D_FIXED7914,48201,Harris (Houston),2024-09-13,2024-09-25,13.0,108.01669177330874,103.82742995187128,8.365067945635047,51.59480872417765,HI85_2D_FIXED7914,persistent_apparent_heat_anomaly,fixed_1979_2014
48_201_2024_017_HI85_2D_FIXED7914,48201,Harris (Houston),2024-10-13,2024-10-15,3.0,98.287057805679,96.64328779453074,6.836338589376595,15.692759271110134,HI85_2D_FIXED7914,persistent_apparent_heat_anomaly,fixed_1979_2014
48_201_2024_018_HI85_2D_FIXED7914,48201,Harris (Houston),2024-10-23,2024-10-31,9.0,92.66756731584752,90.2146722560687,5.169128632728075,27.981217329564643,HI85_2D_FIXED7914,persistent_apparent_heat_anomaly,fixed_1979_2014
48_201_2024_019_HI85_2D_FIXED7914,48201,Harris (Houston),2024-11-03,2024-11-04,2.0,91.25933152895578,89.5422981714565,6.564528621951496,9.437263230566145,HI85_2D_FIXED7914,persistent_apparent_heat_anomaly,fixed_1979_2014
48_201_2024_020_HI85_2D_FIXED7914,48201,Harris (Houston),2024-11-06,2024-11-11,6.0,91.9946486407668,86.70208308871308,7.926709849344576,17.742490504207765,HI85_2D_FIXED7914,persistent_apparent_heat_anomaly,fixed_1979_2014
48_201_2024_021_HI85_2D_FIXED7914,48201,Harris (Houston),2024-11-17,2024-11-18,2.0,87.73367829177137,86.54062438567496,7.040795453081344,11.241603292529362,HI85_2D_FIXED7914,persistent_apparent_heat_anomaly,fixed_1979_2014
48_201_2024_022_HI85_2D_FIXED7914,48201,Harris (Houston),2024-11-24,2024-11-25,2.0,85.86632091002826,84.36758991097145,6.538741702278273,9.750063448192904,HI85_2D_FIXED7914,persistent_apparent_heat_anomaly,fixed_1979_2014
48_201_2024_023_HI85_2D_FIXED7914,48201,Harris (Houston),2024-12-15,2024-12-17,3.0,82.85032149792042,82.34976297228486,7.859289418420417,22.240199547354592,HI85_2D_FIXED7914,persistent_apparent_heat_anomaly,fixed_1979_2014
48_201_2025_001_HI85_2D_FIXED7914,48201,Harris (Houston),2025-02-03,2025-02-09,7.0,84.46706214871276,82.62863462574387,9.674685507962764,56.851299670457124,HI85_2D_FIXED7914,persistent_apparent_heat_anomaly,fixed_1979_2014
48_201_2025_002_HI85_2D_FIXED7914,48201,Harris (Houston),2025-03-07,2025-03-08,2.0,83.65202855020542,82.27936018779138,4.662622263974029,6.684858599151397,HI85_2D_FIXED7914,persistent_apparent_heat_anomaly,fixed_1979_2014
48_201_2025_003_HI85_2D_FIXED7914,48201,Harris (Houston),2025-03-12,2025-03-15,4.0,86.16734256813508,82.99075626797782,6.7537001771351015,13.985318316009867,HI85_2D_FIXED7914,persistent_apparent_heat_anomaly,fixed_1979_2014
48_201_2025_004_HI85_2D_FIXED7914,48201,Harris (Houston),2025-03-23,2025-03-25,3.0,86.59882909536938,85.83180981885052,4.995106054140223,13.070577499812416,HI85_2D_FIXED7914,persistent_apparent_heat_anomaly,fixed_1979_2014
48_201_2025_005_HI85_2D_FIXED7914,48201,Harris (Houston),2025-03-29,2025-04-04,7.0,89.6668080512387,87.41062158002453,5.977944370572814,30.929081279619794,HI85_2D_FIXED7914,persistent_apparent_heat_anomaly,fixed_1979_2014
48_201_2025_006_HI85_2D_FIXED7914,48201,Harris (Houston),2025-05-14,2025-05-20,7.0,98.85589590537036,97.08812517056333,3.7908362427676394,15.054634302654605,HI85_2D_FIXED7914,persistent_apparent_heat_anomaly,fixed_1979_2014
48_201_2025_007_HI85_2D_FIXED7914,48201,Harris (Houston),2025-05-23,2025-05-25,3.0,99.19784103683855,98.57819663801041,2.200903109799725,4.822462938005742,HI85_2D_FIXED7914,persistent_apparent_heat_anomaly,fixed_1979_2014
48_201_2025_008_HI85_2D_FIXED7914,48201,Harris (Houston),2025-06-08,2025-06-09,2.0,102.21870728168813,102.01244095403455,1.0017021410509983,1.536532628024176,HI85_2D_FIXED7914,persistent_apparent_heat_anomaly,fixed_1979_2014
48_201_2025_009_HI85_2D_FIXED7914,48201,Harris (Houston),2025-06-18,2025-06-20,3.0,104.09886682994964,103.3804953985454,1.2934261691338378,1.7314327127132998,HI85_2D_FIXED7914,persistent_apparent_heat_anomaly,fixed_1979_2014
48_201_2025_010_HI85_2D_FIXED7914,48201,Harris (Houston),2025-10-07,2025-10-08,2.0,96.35542326834012,96.03729614858891,2.700180838483689,5.272856360972554,HI85_2D_FIXED7914,persistent_apparent_heat_anomaly,fixed_1979_2014
48_201_2025_011_HI85_2D_FIXED7914,48201,Harris (Houston),2025-10-17,2025-10-18,2.0,97.13263520609496,95.15666743281362,7.346335179217803,10.393365445389847,HI85_2D_FIXED7914,persistent_apparent_heat_anomaly,fixed_1979_2014
48_201_2025_012_HI85_2D_FIXED7914,48201,Harris (Houston),2025-11-07,2025-11-08,2.0,85.40664285936697,85.22928501584194,1.3387040679447466,2.5227714803196477,HI85_2D_FIXED7914,persistent_apparent_heat_anomaly,fixed_1979_2014
48_201_2025_013_HI85_2D_FIXED7914,48201,Harris (Houston),2025-11-14,2025-11-22,9.0,90.92022207451024,85.86677003586455,10.993313870260224,44.97520246442622,HI85_2D_FIXED7914,persistent_apparent_heat_anomaly,fixed_1979_2014
48_201_2025_014_HI85_2D_FIXED7914,48201,Harris (Houston),2025-11-24,2025-11-25,2.0,83.63733905876279,83.44295376223516,3.9798018927627794,7.900791150720337,HI85_2D_FIXED7914,persistent_apparent_heat_anomaly,fixed_1979_2014
48_201_2025_015_HI85_2D_FIXED7914,48201,Harris (Houston),2025-12-20,2025-12-22,3.0,82.22159546390395,81.55025051310571,7.639042873653949,20.853527781567138,HI85_2D_FIXED7914,persistent_apparent_heat_anomaly,fixed_1979_2014
48_201_2025_016_HI85_2D_FIXED7914,48201,Harris (Houston),2025-12-25,2025-12-28,4.0,83.37070460890668,82.30034427539437,9.489466036406682,33.02155364907743,HI85_2D_FIXED7914,persistent_apparent_heat_anomaly,fixed_1979_2014
48_303_2015_001_HI85_2D_FIXED7914,48303,Lubbock,2015-03-31,2015-04-02,3.0,83.13123645095659,82.89205977958765,2.1065994201163534,5.7945678864908245,HI85_2D_FIXED7914,persistent_apparent_heat_anomaly,fixed_1979_2014
48_303_2015_002_HI85_2D_FIXED7914,48303,Lubbock,2015-04-06,2015-04-08,3.0,84.55845815547384,83.72925590103331,2.6773622684261937,5.198430893914818,HI85_2D_FIXED7914,persistent_apparent_heat_anomaly,fixed_1979_2014
48_303_2015_003_HI85_2D_FIXED7914,48303,Lubbock,2015-08-13,2015-08-14,2.0,98.15528825824644,98.13401658934416,2.0676222951912138,4.061827544090306,HI85_2D_FIXED7914,persistent_apparent_heat_anomaly,fixed_1979_2014
48_303_2015_004_HI85_2D_FIXED7914,48303,Lubbock,2015-09-16,2015-09-18,3.0,95.63890165285714,92.93064509790763,6.151237815905873,9.245906910068157,HI85_2D_FIXED7914,persistent_apparent_heat_anomaly,fixed_1979_2014
48_303_2015_005_HI85_2D_FIXED7914,48303,Lubbock,2015-10-14,2015-10-15,2.0,86.798707679934,85.99110826857061,3.380465982377146,5.052072034815893,HI85_2D_FIXED7914,persistent_apparent_heat_anomaly,fixed_1979_2014
48_303_2016_001_HI85_2D_FIXED7914,48303,Lubbock,2016-02-18,2016-02-20,3.0,83.71233871972046,82.41448935237175,11.920386553120466,31.19169351631524,HI85_2D_FIXED7914,persistent_apparent_heat_anomaly,fixed_1979_2014
48_303_2016_002_HI85_2D_FIXED7914,48303,Lubbock,2016-07-06,2016-07-07,2.0,104.02635111168571,102.11944021721965,6.943645651388138,10.082324099362594,HI85_2D_FIXED7914,persistent_apparent_heat_anomaly,fixed_1979_2014
48_303_2016_003_HI85_2D_FIXED7914,48303,Lubbock,2016-07-11,2016-07-14,4.0,103.45311043344036,101.66968357615262,6.370404973142783,18.28566314439432,HI85_2D_FIXED7914,persistent_apparent_heat_anomaly,fixed_1979_2014
48_303_2016_004_HI85_2D_FIXED7914,48303,Lubbock,2016-09-19,2016-09-20,2.0,91.89743924711514,90.5828184505331,2.605093502128682,2.858358019582525,HI85_2D_FIXED7914,persistent_apparent_heat_anomaly,fixed_1979_2014
48_303_2016_005_HI85_2D_FIXED7914,48303,Lubbock,2016-10-15,2016-10-17,3.0,88.6073773603122,87.27744722640341,5.943094931758793,12.773604228638277,HI85_2D_FIXED7914,persistent_apparent_heat_anomaly,fixed_1979_2014
48_303_2016_006_HI85_2D_FIXED7914,48303,Lubbock,2016-10-23,2016-10-24,2.0,83.9258796765287,83.47277148883506,3.234911920087839,5.597462818817135,HI85_2D_FIXED7914,persistent_apparent_heat_anomaly,fixed_1979_2014
48_303_2016_007_HI85_2D_FIXED7914,48303,Lubbock,2016-10-28,2016-10-29,2.0,83.94290257332928,82.53998109401061,4.213018850201237,5.310258960924713,HI85_2D_FIXED7914,persistent_apparent_heat_anomaly,fixed_1979_2014
48_303_2016_008_HI85_2D_FIXED7914,48303,Lubbock,2016-10-31,2016-11-01,2.0,83.4473189283018,83.07892672515806,4.711154411207872,8.45478528026264,HI85_2D_FIXED7914,persistent_apparent_heat_anomaly,fixed_1979_2014
48_303_2017_001_HI85_2D_FIXED7914,48303,Lubbock,2017-02-10,2017-02-11,2.0,84.68084824707655,83.81333901350709,14.532010622576578,27.76659703471421,HI85_2D_FIXED7914,persistent_apparent_heat_anomaly,fixed_1979_2014
48_303_2017_002_HI85_2D_FIXED7914,48303,Lubbock,2017-03-16,2017-03-21,6.0,86.42780065130204,83.7956950979872,7.4634452592691645,30.257014842591218,HI85_2D_FIXED7914,persistent_apparent_heat_anomaly,fixed_1979_2014
48_303_2017_003_HI85_2D_FIXED7914,48303,Lubbock,2017-04-08,2017-04-09,2.0,85.99382398369646,84.45469918204904,3.687500503480564,3.9680827473604268,HI85_2D_FIXED7914,persistent_apparent_heat_anomaly,fixed_1979_2014
48_303_2017_004_HI85_2D_FIXED7914,48303,Lubbock,2017-06-10,2017-06-11,2.0,95.79143178589878,95.57202926403893,0.444961607644089,0.7922974813843666,HI85_2D_FIXED7914,persistent_apparent_heat_anomaly,fixed_1979_2014
48_303_2017_005_HI85_2D_FIXED7914,48303,Lubbock,2017-06-13,2017-06-15,3.0,96.16402762157726,96.07434210295624,0.527532201430347,0.8856524303423612,HI85_2D_FIXED7914,persistent_apparent_heat_anomaly,fixed_1979_2014
48_303_2017_006_HI85_2D_FIXED7914,48303,Lubbock,2017-06-29,2017-06-30,2.0,100.3176802987151,99.29415446807063,3.0811797609056413,4.1512905332210295,HI85_2D_FIXED7914,persistent_apparent_heat_anomaly,fixed_1979_2014
48_303_2017_007_HI85_2D_FIXED7914,48303,Lubbock,2017-09-19,2017-09-21,3.0,92.34790045469744,91.6920636427959,3.28507625225285,7.950140993440428,HI85_2D_FIXED7914,persistent_apparent_heat_anomaly,fixed_1979_2014
48_303_2017_008_HI85_2D_FIXED7914,48303,Lubbock,2017-10-13,2017-10-14,2.0,89.22327217246584,87.77551179887527,5.711369367697358,8.40955696791336,HI85_2D_FIXED7914,persistent_apparent_heat_anomaly,fixed_1979_2014
48_303_2017_009_HI85_2D_FIXED7914,48303,Lubbock,2017-11-04,2017-11-05,2.0,83.3199689523237,82.4104449965267,5.260176452464094,9.170003774693782,HI85_2D_FIXED7914,persistent_apparent_heat_anomaly,fixed_1979_2014
48_303_2018_001_HI85_2D_FIXED7914,48303,Lubbock,2018-03-22,2018-03-23,2.0,84.78670343016904,84.23846909982504,5.715517651004845,9.988430083114636,HI85_2D_FIXED7914,persistent_apparent_heat_anomaly,fixed_1979_2014
48_303_2018_002_HI85_2D_FIXED7914,48303,Lubbock,2018-04-11,2018-04-12,2.0,87.49669756968076,86.99231269312946,4.789769011952032,8.610838132481788,HI85_2D_FIXED7914,persistent_apparent_heat_anomaly,fixed_1979_2014
48_303_2018_003_HI85_2D_FIXED7914,48303,Lubbock,2018-04-16,2018-04-17,2.0,85.04956468382659,84.1570188874426,1.7791255859139028,1.7973964767389106,HI85_2D_FIXED7914,persistent_apparent_heat_anomaly,fixed_1979_2014
48_303_2018_004_HI85_2D_FIXED7914,48303,Lubbock,2018-05-08,2018-05-13,6.0,93.7326760633148,90.77740759359527,5.752754876531341,16.785801313474593,HI85_2D_FIXED7914,persistent_apparent_heat_anomaly,fixed_1979_2014
48_303_2018_005_HI85_2D_FIXED7914,48303,Lubbock,2018-05-25,2018-06-01,8.0,98.81265684037976,94.20693855196947,5.573454366310912,13.597015795262877,HI85_2D_FIXED7914,persistent_apparent_heat_anomaly,fixed_1979_2014
48_303_2018_006_HI85_2D_FIXED7914,48303,Lubbock,2018-06-05,2018-06-07,3.0,95.41112184424264,94.8996081180925,1.146004086667574,1.4368982450241248,HI85_2D_FIXED7914,persistent_apparent_heat_anomaly,fixed_1979_2014
48_303_2018_007_HI85_2D_FIXED7914,48303,Lubbock,2018-06-11,2018-06-12,2.0,96.80465371245562,96.23696268336195,1.3551663995816199,1.677967875595229,HI85_2D_FIXED7914,persistent_apparent_heat_anomaly,fixed_1979_2014
48_303_2018_008_HI85_2D_FIXED7914,48303,Lubbock,2018-07-19,2018-07-20,2.0,97.95219792615936,97.4889622188931,1.0420320052320733,1.1622375782840066,HI85_2D_FIXED7914,persistent_apparent_heat_anomaly,fixed_1979_2014
48_303_2018_009_HI85_2D_FIXED7914,48303,Lubbock,2018-08-27,2018-08-28,2.0,97.58659699784738,96.03073802575011,3.1761575256826973,3.343007630891279,HI85_2D_FIXED7914,persistent_apparent_heat_anomaly,fixed_1979_2014
48_303_2019_001_HI85_2D_FIXED7914,48303,Lubbock,2019-03-28,2019-03-29,2.0,83.27009733506057,82.19517756647161,3.214335864188783,4.04213680928207,HI85_2D_FIXED7914,persistent_apparent_heat_anomaly,fixed_1979_2014
48_303_2019_002_HI85_2D_FIXED7914,48303,Lubbock,2019-04-09,2019-04-10,2.0,86.53976212630188,85.31646313196468,3.904769989780121,5.353203583512922,HI85_2D_FIXED7914,persistent_apparent_heat_anomaly,fixed_1979_2014
48_303_2019_003_HI85_2D_FIXED7914,48303,Lubbock,2019-04-27,2019-04-28,2.0,87.66134332384192,87.21921854277184,2.662382059362983,4.316109702195902,HI85_2D_FIXED7914,persistent_apparent_heat_anomaly,fixed_1979_2014
48_303_2019_004_HI85_2D_FIXED7914,48303,Lubbock,2019-07-18,2019-07-19,2.0,98.07018839043648,97.71071577310347,1.1262676558818043,1.567344890724982,HI85_2D_FIXED7914,persistent_apparent_heat_anomaly,fixed_1979_2014
48_303_2019_005_HI85_2D_FIXED7914,48303,Lubbock,2019-08-07,2019-08-12,6.0,98.91630821450292,97.5817598947428,2.704197598878082,7.424580261872904,HI85_2D_FIXED7914,persistent_apparent_heat_anomaly,fixed_1979_2014
48_303_2019_006_HI85_2D_FIXED7914,48303,Lubbock,2019-08-16,2019-08-19,4.0,101.15365024736458,99.00011483574454,5.410154880686278,12.995618213776822,HI85_2D_FIXED7914,persistent_apparent_heat_anomaly,fixed_1979_2014
48_303_2019_007_HI85_2D_FIXED7914,48303,Lubbock,2019-08-25,2019-08-26,2.0,102.5608634131906,102.24960293273213,8.035271436920254,15.300887575051945,HI85_2D_FIXED7914,persistent_apparent_heat_anomaly,fixed_1979_2014
48_303_2019_008_HI85_2D_FIXED7914,48303,Lubbock,2019-09-18,2019-09-19,2.0,90.4985799950654,90.44481151202461,1.0986972839973532,2.109613442111481,HI85_2D_FIXED7914,persistent_apparent_heat_anomaly,fixed_1979_2014
48_303_2019_009_HI85_2D_FIXED7914,48303,Lubbock,2019-09-25,2019-09-27,3.0,89.91464448043452,89.61091286751657,2.203562929739846,5.512934857507915,HI85_2D_FIXED7914,persistent_apparent_heat_anomaly,fixed_1979_2014
48_303_2020_001_HI85_2D_FIXED7914,48303,Lubbock,2020-03-25,2020-03-26,2.0,86.17641445885974,84.87076644004279,6.2840726859639915,10.056360552284431,HI85_2D_FIXED7914,persistent_apparent_heat_anomaly,fixed_1979_2014
48_303_2020_002_HI85_2D_FIXED7914,48303,Lubbock,2020-04-07,2020-04-08,2.0,82.3258367325805,82.2958009259754,0.3846692323226506,0.4041824846872544,HI85_2D_FIXED7914,persistent_apparent_heat_anomaly,fixed_1979_2014
48_303_2020_003_HI85_2D_FIXED7914,48303,Lubbock,2020-04-27,2020-04-28,2.0,89.07250282091763,87.41471378810002,3.949136702048804,4.70710019285228,HI85_2D_FIXED7914,persistent_apparent_heat_anomaly,fixed_1979_2014
48_303_2020_004_HI85_2D_FIXED7914,48303,Lubbock,2020-05-01,2020-05-04,4.0,92.58256919404428,90.44705767029757,6.5210762179585515,15.977605330732501,HI85_2D_FIXED7914,persistent_apparent_heat_anomaly,fixed_1979_2014
48_303_2020_005_HI85_2D_FIXED7914,48303,Lubbock,2020-05-18,2020-05-19,2.0,94.96694708364224,94.00764612647254,4.7076902095387965,7.821248389389027,HI85_2D_FIXED7914,persistent_apparent_heat_anomaly,fixed_1979_2014
48_303_2020_006_HI85_2D_FIXED7914,48303,Lubbock,2020-07-08,2020-07-14,7.0,101.72736669108626,99.91086818334573,4.63387545724737,19.660775129581438,HI85_2D_FIXED7914,persistent_apparent_heat_anomaly,fixed_1979_2014
48_303_2020_007_HI85_2D_FIXED7914,48303,Lubbock,2020-08-12,2020-08-15,4.0,100.2677861604398,98.67544513806553,4.149246488897035,10.289815495206227,HI85_2D_FIXED7914,persistent_apparent_heat_anomaly,fixed_1979_2014
48_303_2020_008_HI85_2D_FIXED7914,48303,Lubbock,2020-09-25,2020-09-26,2.0,94.17248734765036,91.18668329256923,6.461405796955688,6.644077099819313,HI85_2D_FIXED7914,persistent_apparent_heat_anomaly,fixed_1979_2014
48_303_2020_009_HI85_2D_FIXED7914,48303,Lubbock,2020-10-09,2020-10-11,3.0,89.86067280461495,87.88163476383427,5.0771031963382995,9.513155078599866,HI85_2D_FIXED7914,persistent_apparent_heat_anomaly,fixed_1979_2014
48_303_2020_010_HI85_2D_FIXED7914,48303,Lubbock,2020-10-13,2020-10-14,2.0,89.20745441612667,86.94898353748329,5.695551611358184,6.756500445129419,HI85_2D_FIXED7914,persistent_apparent_heat_anomaly,fixed_1979_2014
48_303_2020_011_HI85_2D_FIXED7914,48303,Lubbock,2020-10-20,2020-10-22,3.0,85.00022184818918,84.04481748339094,3.9755047987016496,8.428645731785423,HI85_2D_FIXED7914,persistent_apparent_heat_anomaly,fixed_1979_2014
48_303_2020_012_HI85_2D_FIXED7914,48303,Lubbock,2020-11-04,2020-11-05,2.0,83.55374897524916,82.99765249110578,5.4939564753895525,10.344418763851934,HI85_2D_FIXED7914,persistent_apparent_heat_anomaly,fixed_1979_2014
48_303_2021_001_HI85_2D_FIXED7914,48303,Lubbock,2021-06-07,2021-06-13,7.0,102.55277022627274,97.60445218414046,7.206300048018051,17.6869093813919,HI85_2D_FIXED7914,persistent_apparent_heat_anomaly,fixed_1979_2014
48_303_2021_002_HI85_2D_FIXED7914,48303,Lubbock,2021-08-08,2021-08-09,2.0,97.37755241816004,96.96122066409492,0.9547174442283932,1.0517464059243196,HI85_2D_FIXED7914,persistent_apparent_heat_anomaly,fixed_1979_2014
48_303_2021_003_HI85_2D_FIXED7914,48303,Lubbock,2021-09-19,2021-09-20,2.0,93.74186448886024,91.83451672879619,4.7269313523630245,5.361754576108709,HI85_2D_FIXED7914,persistent_apparent_heat_anomaly,fixed_1979_2014
48_303_2021_004_HI85_2D_FIXED7914,48303,Lubbock,2021-10-07,2021-10-09,3.0,90.9438658351361,88.68729429597134,5.9522247229704845,10.512039253510892,HI85_2D_FIXED7914,persistent_apparent_heat_anomaly,fixed_1979_2014
48_303_2021_005_HI85_2D_FIXED7914,48303,Lubbock,2021-10-23,2021-10-26,4.0,85.36466632876417,84.03604402228456,4.6736985723233175,13.736961028230382,HI85_2D_FIXED7914,persistent_apparent_heat_anomaly,fixed_1979_2014
48_303_2022_001_HI85_2D_FIXED7914,48303,Lubbock,2022-03-27,2022-03-29,3.0,85.73815356183316,83.95461394829927,5.682392090961372,11.558081653002404,HI85_2D_FIXED7914,persistent_apparent_heat_anomaly,fixed_1979_2014
48_303_2022_002_HI85_2D_FIXED7914,48303,Lubbock,2022-04-20,2022-04-21,2.0,87.3666696750696,87.15893922202102,3.5415124997830105,6.82731313543465,HI85_2D_FIXED7914,persistent_apparent_heat_anomaly,fixed_1979_2014
48_303_2022_003_HI85_2D_FIXED7914,48303,Lubbock,2022-05-06,2022-05-12,7.0,92.66948044893977,90.40010850089816,5.237802125266981,19.36491669578325,HI85_2D_FIXED7914,persistent_apparent_heat_anomaly,fixed_1979_2014
48_303_2022_004_HI85_2D_FIXED7914,48303,Lubbock,2022-05-14,2022-05-15,2.0,92.4181028174586,91.11392525935915,3.237278803325694,4.109096505192099,HI85_2D_FIXED7914,persistent_apparent_heat_anomaly,fixed_1979_2014
48_303_2022_005_HI85_2D_FIXED7914,48303,Lubbock,2022-05-17,2022-05-19,3.0,92.92191660537728,91.77698606325889,3.081281933905231,5.296279654748574,HI85_2D_FIXED7914,persistent_apparent_heat_anomaly,fixed_1979_2014
48_303_2022_006_HI85_2D_FIXED7914,48303,Lubbock,2022-06-10,2022-06-12,3.0,99.08757002494264,97.457420929357,3.741099846687945,6.571014428503503,HI85_2D_FIXED7914,persistent_apparent_heat_anomaly,fixed_1979_2014
48_303_2022_007_HI85_2D_FIXED7914,48303,Lubbock,2022-07-18,2022-07-20,3.0,99.00877135399638,98.00000794450189,2.098605433069096,3.240416239448791,HI85_2D_FIXED7914,persistent_apparent_heat_anomaly,fixed_1979_2014
48_303_2022_008_HI85_2D_FIXED7914,48303,Lubbock,2022-08-03,2022-08-04,2.0,97.91637831400952,97.8920809770236,1.3606107839556358,2.6910353410631984,HI85_2D_FIXED7914,persistent_apparent_heat_anomaly,fixed_1979_2014
48_303_2022_009_HI85_2D_FIXED7914,48303,Lubbock,2022-09-16,2022-09-18,3.0,90.70005706027264,90.3693462503237,0.5578692111878354,1.5620103673164323,HI85_2D_FIXED7914,persistent_apparent_heat_anomaly,fixed_1979_2014
48_303_2022_010_HI85_2D_FIXED7914,48303,Lubbock,2022-10-22,2022-10-23,2.0,82.29769956610124,81.77360270277426,1.6067318096603884,1.83152059962012,HI85_2D_FIXED7914,persistent_apparent_heat_anomaly,fixed_1979_2014
48_303_2023_001_HI85_2D_FIXED7914,48303,Lubbock,2023-04-18,2023-04-19,2.0,84.4682283005684,84.32354127697815,1.1397421926918696,1.8549535247827436,HI85_2D_FIXED7914,persistent_apparent_heat_anomaly,fixed_1979_2014
48_303_2023_002_HI85_2D_FIXED7914,48303,Lubbock,2023-05-08,2023-05-09,2.0,88.36567191917366,87.97304463265914,0.7381568118137096,0.8701311596486363,HI85_2D_FIXED7914,persistent_apparent_heat_anomaly,fixed_1979_2014
48_303_2023_003_HI85_2D_FIXED7914,48303,Lubbock,2023-06-19,2023-06-21,3.0,98.82180792059536,97.69864207914917,2.248766790412077,3.4866218199138217,HI85_2D_FIXED7914,persistent_apparent_heat_anomaly,fixed_1979_2014
48_303_2023_004_HI85_2D_FIXED7914,48303,Lubbock,2023-06-26,2023-06-27,2.0,99.70942653915434,98.48960570152916,2.6043996033324817,2.833027490132338,HI85_2D_FIXED7914,persistent_apparent_heat_anomaly,fixed_1979_2014
48_303_2023_005_HI85_2D_FIXED7914,48303,Lubbock,2023-07-10,2023-07-14,5.0,105.37164123991413,101.78426972965059,8.270559769054884,23.406159164450003,HI85_2D_FIXED7914,persistent_apparent_heat_anomaly,fixed_1979_2014
48_303_2023_006_HI85_2D_FIXED7914,48303,Lubbock,2023-07-16,2023-07-19,4.0,99.87723666940931,98.65594420493942,2.933315934854633,6.879539019417095,HI85_2D_FIXED7914,persistent_apparent_heat_anomaly,fixed_1979_2014
48_303_2023_007_HI85_2D_FIXED7914,48303,Lubbock,2023-08-04,2023-08-06,3.0,98.58619980460033,98.16640460221792,2.055016679024405,4.979570454993194,HI85_2D_FIXED7914,persistent_apparent_heat_anomaly,fixed_1979_2014
48_303_2023_008_HI85_2D_FIXED7914,48303,Lubbock,2023-08-10,2023-08-13,4.0,101.41054921162812,99.63017116716136,5.198438596003285,13.657961955938745,HI85_2D_FIXED7914,persistent_apparent_heat_anomaly,fixed_1979_2014
48_303_2023_009_HI85_2D_FIXED7914,48303,Lubbock,2023-08-16,2023-08-18,3.0,100.00250867623312,97.99862801405271,4.184645412190477,6.600535896413007,HI85_2D_FIXED7914,persistent_apparent_heat_anomaly,fixed_1979_2014
48_303_2023_010_HI85_2D_FIXED7914,48303,Lubbock,2023-09-04,2023-09-05,2.0,95.92532374518106,95.15466543494708,2.789392066961142,3.801521997780654,HI85_2D_FIXED7914,persistent_apparent_heat_anomaly,fixed_1979_2014
48_303_2023_011_HI85_2D_FIXED7914,48303,Lubbock,2023-09-07,2023-09-08,2.0,99.71786362874673,98.79207232721546,7.089666919258562,12.085024957397422,HI85_2D_FIXED7914,persistent_apparent_heat_anomaly,fixed_1979_2014
48_303_2023_012_HI85_2D_FIXED7914,48303,Lubbock,2023-09-19,2023-09-20,2.0,92.36938608699168,91.564254472562,3.077040342005219,4.8212300636403,HI85_2D_FIXED7914,persistent_apparent_heat_anomaly,fixed_1979_2014
48_303_2023_013_HI85_2D_FIXED7914,48303,Lubbock,2023-09-22,2023-09-24,3.0,94.69986297662504,92.58626492075824,6.0613850576051505,12.627002003322843,HI85_2D_FIXED7914,persistent_apparent_heat_anomaly,fixed_1979_2014
48_303_2023_014_HI85_2D_FIXED7914,48303,Lubbock,2023-09-27,2023-09-29,3.0,88.32570806842756,88.15794399742997,1.0969490989681105,2.1501410907141434,HI85_2D_FIXED7914,persistent_apparent_heat_anomaly,fixed_1979_2014
48_303_2023_015_HI85_2D_FIXED7914,48303,Lubbock,2023-10-20,2023-10-21,2.0,84.22513292735617,83.50116559936424,2.9942442995029666,4.321241529828626,HI85_2D_FIXED7914,persistent_apparent_heat_anomaly,fixed_1979_2014
48_303_2023_016_HI85_2D_FIXED7914,48303,Lubbock,2023-11-06,2023-11-08,3.0,83.45322517979811,83.2413461059874,6.511673096844262,18.660047842712174,HI85_2D_FIXED7914,persistent_apparent_heat_anomaly,fixed_1979_2014
48_303_2024_001_HI85_2D_FIXED7914,48303,Lubbock,2024-04-13,2024-04-15,3.0,84.6480523796901,84.26741258733682,1.6381024167313853,3.904087163839577,HI85_2D_FIXED7914,persistent_apparent_heat_anomaly,fixed_1979_2014
48_303_2024_002_HI85_2D_FIXED7914,48303,Lubbock,2024-04-23,2024-04-25,3.0,88.6070312339604,87.22316217920935,4.374008747811587,8.570930515575569,HI85_2D_FIXED7914,persistent_apparent_heat_anomaly,fixed_1979_2014
48_303_2024_003_HI85_2D_FIXED7914,48303,Lubbock,2024-04-30,2024-05-01,2.0,89.54686943014872,88.13754915283158,3.485376454062987,4.298629109218723,HI85_2D_FIXED7914,persistent_apparent_heat_anomaly,fixed_1979_2014
48_303_2024_004_HI85_2D_FIXED7914,48303,Lubbock,2024-05-18,2024-05-19,2.0,91.33644101247882,90.84343400042346,1.0771841383753724,1.492824137290853,HI85_2D_FIXED7914,persistent_apparent_heat_anomaly,fixed_1979_2014
48_303_2024_005_HI85_2D_FIXED7914,48303,Lubbock,2024-06-06,2024-06-07,2.0,96.991414035479,95.88240956221418,2.5117100733020976,2.7680107727500456,HI85_2D_FIXED7914,persistent_apparent_heat_anomaly,fixed_1979_2014
48_303_2024_006_HI85_2D_FIXED7914,48303,Lubbock,2024-06-25,2024-06-30,6.0,100.69103355896618,98.66577613177678,3.6498765818620598,9.369559848109432,HI85_2D_FIXED7914,persistent_apparent_heat_anomaly,fixed_1979_2014
48_303_2024_007_HI85_2D_FIXED7914,48303,Lubbock,2024-07-31,2024-08-01,2.0,100.6995859310005,99.20162351529302,3.9803790781189576,4.983233891617999,HI85_2D_FIXED7914,persistent_apparent_heat_anomaly,fixed_1979_2014
48_303_2024_008_HI85_2D_FIXED7914,48303,Lubbock,2024-08-07,2024-08-08,2.0,100.36235721606091,99.45894696914144,3.914497267727043,6.0189328467944705,HI85_2D_FIXED7914,persistent_apparent_heat_anomaly,fixed_1979_2014
48_303_2024_009_HI85_2D_FIXED7914,48303,Lubbock,2024-08-15,2024-08-17,3.0,98.42814493904612,97.74598012815336,2.43449613221307,5.5924387985602095,HI85_2D_FIXED7914,persistent_apparent_heat_anomaly,fixed_1979_2014
48_303_2024_010_HI85_2D_FIXED7914,48303,Lubbock,2024-08-20,2024-08-24,5.0,99.4575309370438,97.8853628382791,4.634028828421108,13.435646536692417,HI85_2D_FIXED7914,persistent_apparent_heat_anomaly,fixed_1979_2014
48_303_2024_011_HI85_2D_FIXED7914,48303,Lubbock,2024-09-13,2024-09-14,2.0,95.1652112295102,93.83544511475813,4.2217748606819185,6.124087508680361,HI85_2D_FIXED7914,persistent_apparent_heat_anomaly,fixed_1979_2014
48_303_2024_012_HI85_2D_FIXED7914,48303,Lubbock,2024-09-18,2024-09-21,4.0,96.2364085426982,91.73023264532299,6.944062797711737,10.307216809393424,HI85_2D_FIXED7914,persistent_apparent_heat_anomaly,fixed_1979_2014
48_303_2024_013_HI85_2D_FIXED7914,48303,Lubbock,2024-10-03,2024-10-04,2.0,87.09218581852895,86.77997131589116,1.1136580238140965,1.3773685001364697,HI85_2D_FIXED7914,persistent_apparent_heat_anomaly,fixed_1979_2014
48_303_2024_014_HI85_2D_FIXED7914,48303,Lubbock,2024-10-08,2024-10-13,6.0,90.2696063639964,87.39635331492127,6.177977189583345,17.33713565826831,HI85_2D_FIXED7914,persistent_apparent_heat_anomaly,fixed_1979_2014
48_303_2024_015_HI85_2D_FIXED7914,48303,Lubbock,2024-10-21,2024-10-24,4.0,88.71836176006894,86.11591599814443,8.061249357656806,20.859978156384017,HI85_2D_FIXED7914,persistent_apparent_heat_anomaly,fixed_1979_2014
48_303_2024_016_HI85_2D_FIXED7914,48303,Lubbock,2024-10-27,2024-10-30,4.0,86.0389630173041,83.33659277300166,5.753131569335039,13.847011446553907,HI85_2D_FIXED7914,persistent_apparent_heat_anomaly,fixed_1979_2014
48_303_2025_001_HI85_2D_FIXED7914,48303,Lubbock,2025-02-05,2025-02-07,3.0,82.94970143438961,81.79625718633774,14.118423343431289,39.64024667221325,HI85_2D_FIXED7914,persistent_apparent_heat_anomaly,fixed_1979_2014
48_303_2025_002_HI85_2D_FIXED7914,48303,Lubbock,2025-03-24,2025-03-25,2.0,84.26026978886253,82.52277680740812,4.467439233957151,5.615659234594403,HI85_2D_FIXED7914,persistent_apparent_heat_anomaly,fixed_1979_2014
48_303_2025_003_HI85_2D_FIXED7914,48303,Lubbock,2025-03-28,2025-03-29,2.0,82.01373002469663,81.37924429473284,1.9579685538248413,2.4102702658045416,HI85_2D_FIXED7914,persistent_apparent_heat_anomaly,fixed_1979_2014
48_303_2025_004_HI85_2D_FIXED7914,48303,Lubbock,2025-04-12,2025-04-13,2.0,88.60828736748923,87.88293995194977,5.901358809760495,10.299119925219443,HI85_2D_FIXED7914,persistent_apparent_heat_anomaly,fixed_1979_2014
48_303_2025_005_HI85_2D_FIXED7914,48303,Lubbock,2025-04-16,2025-04-17,2.0,87.54594757371693,86.12221353757033,4.275508475804244,5.7277857769943665,HI85_2D_FIXED7914,persistent_apparent_heat_anomaly,fixed_1979_2014
48_303_2025_006_HI85_2D_FIXED7914,48303,Lubbock,2025-04-27,2025-04-28,2.0,86.79263923999865,86.4016384206119,1.6692731211298195,2.680949457876025,HI85_2D_FIXED7914,persistent_apparent_heat_anomaly,fixed_1979_2014
48_303_2025_007_HI85_2D_FIXED7914,48303,Lubbock,2025-05-22,2025-05-25,4.0,95.97970217223454,93.5570292064339,4.3391825301113585,8.55991121079525,HI85_2D_FIXED7914,persistent_apparent_heat_anomaly,fixed_1979_2014
48_303_2025_008_HI85_2D_FIXED7914,48303,Lubbock,2025-06-16,2025-06-17,2.0,100.28473274638988,98.45985761118739,4.0332722944609,4.454223972743264,HI85_2D_FIXED7914,persistent_apparent_heat_anomaly,fixed_1979_2014
48_303_2025_009_HI85_2D_FIXED7914,48303,Lubbock,2025-07-20,2025-07-21,2.0,97.83482382802757,97.80245354490891,0.9403782951646633,1.8049406183800158,HI85_2D_FIXED7914,persistent_apparent_heat_anomaly,fixed_1979_2014
48_303_2025_010_HI85_2D_FIXED7914,48303,Lubbock,2025-08-05,2025-08-10,6.0,99.1652826363288,98.09274344358745,2.6340995107528755,9.981908390080491,HI85_2D_FIXED7914,persistent_apparent_heat_anomaly,fixed_1979_2014
48_303_2025_011_HI85_2D_FIXED7914,48303,Lubbock,2025-09-21,2025-09-22,2.0,94.18701652205053,92.13330262751846,5.548538603030636,6.809356282553438,HI85_2D_FIXED7914,persistent_apparent_heat_anomaly,fixed_1979_2014
48_303_2025_012_HI85_2D_FIXED7914,48303,Lubbock,2025-10-02,2025-10-03,2.0,88.19163748376967,87.34073533553949,1.5954575480140818,1.881244398392397,HI85_2D_FIXED7914,persistent_apparent_heat_anomaly,fixed_1979_2014
48_303_2025_013_HI85_2D_FIXED7914,48303,Lubbock,2025-11-13,2025-11-15,3.0,84.24396049950447,83.34799578763061,9.984443699004473,26.32508339239179,HI85_2D_FIXED7914,persistent_apparent_heat_anomaly,fixed_1979_2014
48_453_2015_001_HI85_2D_FIXED7914,48453,Travis (Austin),2015-03-24,2015-03-25,2.0,82.60357918857967,82.35540190720303,0.9711338294536773,1.594435622460054,HI85_2D_FIXED7914,persistent_apparent_heat_anomaly,fixed_1979_2014
48_453_2015_002_HI85_2D_FIXED7914,48453,Travis (Austin),2015-04-02,2015-04-03,2.0,85.80154857346173,84.77220791546382,2.839018858783021,3.741683344831145,HI85_2D_FIXED7914,persistent_apparent_heat_anomaly,fixed_1979_2014
48_453_2015_003_HI85_2D_FIXED7914,48453,Travis (Austin),2015-06-12,2015-06-13,2.0,101.36313567342734,100.72043840228005,1.1575597748731354,1.2194226948308966,HI85_2D_FIXED7914,persistent_apparent_heat_anomaly,fixed_1979_2014
48_453_2016_001_HI85_2D_FIXED7914,48453,Travis (Austin),2016-03-14,2016-03-17,4.0,87.12184142974824,84.18326615034019,6.724925182645649,15.1528141763376,HI85_2D_FIXED7914,persistent_apparent_heat_anomaly,fixed_1979_2014
48_453_2016_002_HI85_2D_FIXED7914,48453,Travis (Austin),2016-06-12,2016-06-14,3.0,101.6157384689034,101.28650600209102,1.532907736963054,3.374791157100617,HI85_2D_FIXED7914,persistent_apparent_heat_anomaly,fixed_1979_2014
48_453_2016_003_HI85_2D_FIXED7914,48453,Travis (Austin),2016-07-03,2016-07-09,7.0,104.81539884589212,103.92036445697576,2.5716683716996016,11.567787451482161,HI85_2D_FIXED7914,persistent_apparent_heat_anomaly,fixed_1979_2014
48_453_2016_004_HI85_2D_FIXED7914,48453,Travis (Austin),2016-07-12,2016-07-14,3.0,103.62901010260224,103.02564433046614,1.0014848627102424,1.249355571297457,HI85_2D_FIXED7914,persistent_apparent_heat_anomaly,fixed_1979_2014
48_453_2016_005_HI85_2D_FIXED7914,48453,Travis (Austin),2016-09-17,2016-09-23,7.0,102.05828773367315,100.39561930079387,4.154409553605859,16.814837777146522,HI85_2D_FIXED7914,persistent_apparent_heat_anomaly,fixed_1979_2014
48_453_2016_006_HI85_2D_FIXED7914,48453,Travis (Austin),2016-10-05,2016-10-06,2.0,95.89880637935698,94.8057538742445,3.4870035789839022,4.370242340764136,HI85_2D_FIXED7914,persistent_apparent_heat_anomaly,fixed_1979_2014
48_453_2016_007_HI85_2D_FIXED7914,48453,Travis (Austin),2016-10-15,2016-10-19,5.0,95.0022791779494,93.5400962863467,7.000948174295672,23.537026813534,HI85_2D_FIXED7914,persistent_apparent_heat_anomaly,fixed_1979_2014
48_453_2016_008_HI85_2D_FIXED7914,48453,Travis (Austin),2016-10-31,2016-11-02,3.0,89.2954025612498,87.20252050051444,5.501424276907613,8.990832659819219,HI85_2D_FIXED7914,persistent_apparent_heat_anomaly,fixed_1979_2014
48_453_2016_009_HI85_2D_FIXED7914,48453,Travis (Austin),2016-11-15,2016-11-17,3.0,82.08035223988871,81.5923240144888,1.798371010794952,3.21465252270616,HI85_2D_FIXED7914,persistent_apparent_heat_anomaly,fixed_1979_2014
48_453_2017_001_HI85_2D_FIXED7914,48453,Travis (Austin),2017-02-07,2017-02-08,2.0,81.65383791243283,80.88991368957781,6.928618307432842,12.651344714155627,HI85_2D_FIXED7914,persistent_apparent_heat_anomaly,fixed_1979_2014
48_453_2017_002_HI85_2D_FIXED7914,48453,Travis (Austin),2017-02-11,2017-02-12,2.0,81.13957246029442,80.72765301180044,5.875625709294425,10.823468464850876,HI85_2D_FIXED7914,persistent_apparent_heat_anomaly,fixed_1979_2014
48_453_2017_003_HI85_2D_FIXED7914,48453,Travis (Austin),2017-02-18,2017-02-19,2.0,82.58504445768676,81.35368462729798,5.974195844486758,9.839594410195943,HI85_2D_FIXED7914,persistent_apparent_heat_anomaly,fixed_1979_2014
48_453_2017_004_HI85_2D_FIXED7914,48453,Travis (Austin),2017-02-22,2017-02-24,3.0,85.21996467764335,82.31992331490837,7.518381739043349,13.83618184112511,HI85_2D_FIXED7914,persistent_apparent_heat_anomaly,fixed_1979_2014
48_453_2017_005_HI85_2D_FIXED7914,48453,Travis (Austin),2017-03-17,2017-03-24,8.0,82.8510099060245,82.18028110751146,1.9747687413440644,9.121553738653688,HI85_2D_FIXED7914,persistent_apparent_heat_anomaly,fixed_1979_2014
48_453_2017_006_HI85_2D_FIXED7914,48453,Travis (Austin),2017-03-26,2017-03-28,3.0,85.13502283524306,84.07475454947846,3.263996900468257,6.604562601559834,HI85_2D_FIXED7914,persistent_apparent_heat_anomaly,fixed_1979_2014
48_453_2017_007_HI85_2D_FIXED7914,48453,Travis (Austin),2017-04-28,2017-04-29,2.0,94.14845321540189,91.43341012335435,5.704678809603095,6.305204605325784,HI85_2D_FIXED7914,persistent_apparent_heat_anomaly,fixed_1979_2014
48_453_2017_008_HI85_2D_FIXED7914,48453,Travis (Austin),2017-07-02,2017-07-04,3.0,103.3526924611383,102.75927493027716,1.1798968205893061,1.7780789996952535,HI85_2D_FIXED7914,persistent_apparent_heat_anomaly,fixed_1979_2014
48_453_2017_009_HI85_2D_FIXED7914,48453,Travis (Austin),2017-07-22,2017-07-23,2.0,104.17652025940372,103.89998783024348,1.0120430588865048,1.4447169110180624,HI85_2D_FIXED7914,persistent_apparent_heat_anomaly,fixed_1979_2014
48_453_2017_010_HI85_2D_FIXED7914,48453,Travis (Austin),2017-08-06,2017-08-07,2.0,106.27550192589914,106.10549113233843,2.2628942007836486,4.185766814445884,HI85_2D_FIXED7914,persistent_apparent_heat_anomaly,fixed_1979_2014
48_453_2017_011_HI85_2D_FIXED7914,48453,Travis (Austin),2017-08-16,2017-08-17,2.0,106.53316369177918,105.59161586049876,2.197232196377996,2.527029533479265,HI85_2D_FIXED7914,persistent_apparent_heat_anomaly,fixed_1979_2014
48_453_2017_012_HI85_2D_FIXED7914,48453,Travis (Austin),2017-09-20,2017-09-21,2.0,99.40323804420603,99.18384498985833,1.6817930242596475,2.7423667797029907,HI85_2D_FIXED7914,persistent_apparent_heat_anomaly,fixed_1979_2014
48_453_2017_013_HI85_2D_FIXED7914,48453,Travis (Austin),2017-11-03,2017-11-06,4.0,87.6821949819379,86.42153156562873,4.096353186131779,13.134002514499514,HI85_2D_FIXED7914,persistent_apparent_heat_anomaly,fixed_1979_2014
48_453_2017_014_HI85_2D_FIXED7914,48453,Travis (Austin),2017-11-17,2017-11-18,2.0,82.8484020516435,81.85737542759597,2.5664208225497447,3.2651908763109816,HI85_2D_FIXED7914,persistent_apparent_heat_anomaly,fixed_1979_2014
48_453_2018_001_HI85_2D_FIXED7914,48453,Travis (Austin),2018-03-16,2018-03-18,3.0,84.7304654910401,82.60539837081649,4.204569752080204,6.158403910014314,HI85_2D_FIXED7914,persistent_apparent_heat_anomaly,fixed_1979_2014
48_453_2018_002_HI85_2D_FIXED7914,48453,Travis (Austin),2018-05-26,2018-05-27,2.0,96.9099039057871,96.5477607512644,1.1184045184696885,1.1304962283426505,HI85_2D_FIXED7914,persistent_apparent_heat_anomaly,fixed_1979_2014
48_453_2018_003_HI85_2D_FIXED7914,48453,Travis (Austin),2018-06-23,2018-06-24,2.0,101.69994104236692,101.64064391383204,0.5039240377699912,0.8384824413747936,HI85_2D_FIXED7914,persistent_apparent_heat_anomaly,fixed_1979_2014
48_453_2018_004_HI85_2D_FIXED7914,48453,Travis (Austin),2018-08-16,2018-08-20,5.0,105.55803692866417,105.01579100299902,1.2952048821161526,3.6361970171282394,HI85_2D_FIXED7914,persistent_apparent_heat_anomaly,fixed_1979_2014
48_453_2018_005_HI85_2D_FIXED7914,48453,Travis (Austin),2018-08-27,2018-08-28,2.0,103.93894013591684,103.79830850999247,0.5806551603756844,0.7694182261528937,HI85_2D_FIXED7914,persistent_apparent_heat_anomaly,fixed_1979_2014
48_453_2018_006_HI85_2D_FIXED7914,48453,Travis (Austin),2018-10-13,2018-10-14,2.0,96.95717474021174,94.18040172286062,6.890037442647582,7.763721815303128,HI85_2D_FIXED7914,persistent_apparent_heat_anomaly,fixed_1979_2014
48_453_2019_001_HI85_2D_FIXED7914,48453,Travis (Austin),2019-03-08,2019-03-09,2.0,82.23396319853222,81.85246568182966,2.46051708130625,4.264563404318196,HI85_2D_FIXED7914,persistent_apparent_heat_anomaly,fixed_1979_2014
48_453_2019_002_HI85_2D_FIXED7914,48453,Travis (Austin),2019-04-04,2019-04-05,2.0,84.43058049783477,83.98941811037898,1.2887050900747,1.5729481235141236,HI85_2D_FIXED7914,persistent_apparent_heat_anomaly,fixed_1979_2014
48_453_2019_003_HI85_2D_FIXED7914,48453,Travis (Austin),2019-04-09,2019-04-10,2.0,89.18183122995417,87.62028323412696,4.938457420062704,6.920983371264569,HI85_2D_FIXED7914,persistent_apparent_heat_anomaly,fixed_1979_2014
48_453_2019_004_HI85_2D_FIXED7914,48453,Travis (Austin),2019-08-17,2019-08-19,3.0,105.15461363897124,104.93717457322619,0.8847334329525012,1.967529263760909,HI85_2D_FIXED7914,persistent_apparent_heat_anomaly,fixed_1979_2014
48_453_2019_005_HI85_2D_FIXED7914,48453,Travis (Austin),2019-08-25,2019-08-26,2.0,106.75000672404798,105.44575070602694,3.162652840738062,3.4133633332580047,HI85_2D_FIXED7914,persistent_apparent_heat_anomaly,fixed_1979_2014
48_453_2019_006_HI85_2D_FIXED7914,48453,Travis (Austin),2019-09-10,2019-09-11,2.0,102.42835750949232,102.27452752209169,1.3810499437098684,2.6769764322986163,HI85_2D_FIXED7914,persistent_apparent_heat_anomaly,fixed_1979_2014
48_453_2019_007_HI85_2D_FIXED7914,48453,Travis (Austin),2019-09-19,2019-10-06,18.0,101.0853864906668,98.60602190766573,6.102190494949497,54.048441901549936,HI85_2D_FIXED7914,persistent_apparent_heat_anomaly,fixed_1979_2014
48_453_2019_008_HI85_2D_FIXED7914,48453,Travis (Austin),2019-10-19,2019-10-20,2.0,93.0660578297304,91.34337447611269,5.792624679264193,7.692440371335039,HI85_2D_FIXED7914,persistent_apparent_heat_anomaly,fixed_1979_2014
48_453_2020_001_HI85_2D_FIXED7914,48453,Travis (Austin),2020-03-11,2020-03-14,4.0,83.20669648649599,82.40457663384736,3.1198662816665745,9.132653672823366,HI85_2D_FIXED7914,persistent_apparent_heat_anomaly,fixed_1979_2014
48_453_2020_002_HI85_2D_FIXED7914,48453,Travis (Austin),2020-03-18,2020-03-19,2.0,81.8458779400318,81.73062651774522,1.1680638897975655,1.9071978205757745,HI85_2D_FIXED7914,persistent_apparent_heat_anomaly,fixed_1979_2014
48_453_2020_003_HI85_2D_FIXED7914,48453,Travis (Austin),2020-03-24,2020-03-27,4.0,87.08273582543634,85.81436469359944,5.450290466310349,16.531724551744205,HI85_2D_FIXED7914,persistent_apparent_heat_anomaly,fixed_1979_2014
48_453_2020_004_HI85_2D_FIXED7914,48453,Travis (Austin),2020-04-07,2020-04-09,3.0,92.24648458332388,89.82199636028747,8.453988640925388,18.016169135476645,HI85_2D_FIXED7914,persistent_apparent_heat_anomaly,fixed_1979_2014
48_453_2020_005_HI85_2D_FIXED7914,48453,Travis (Austin),2020-05-03,2020-05-04,2.0,91.95237227958648,91.12518105015312,2.05787409509864,2.7610772247241897,HI85_2D_FIXED7914,persistent_apparent_heat_anomaly,fixed_1979_2014
48_453_2020_006_HI85_2D_FIXED7914,48453,Travis (Austin),2020-05-19,2020-05-24,6.0,96.2021495694296,95.34253879847675,0.9536687714291077,4.463909650226583,HI85_2D_FIXED7914,persistent_apparent_heat_anomaly,fixed_1979_2014
48_453_2020_007_HI85_2D_FIXED7914,48453,Travis (Austin),2020-08-11,2020-08-12,2.0,106.31440979037056,105.95722091023791,1.968022544125546,3.2875651647276527,HI85_2D_FIXED7914,persistent_apparent_heat_anomaly,fixed_1979_2014
48_453_2020_008_HI85_2D_FIXED7914,48453,Travis (Austin),2020-08-28,2020-09-01,5.0,108.22131612195552,107.27829426375258,4.877360611366512,20.192743029761303,HI85_2D_FIXED7914,persistent_apparent_heat_anomaly,fixed_1979_2014
48_453_2020_009_HI85_2D_FIXED7914,48453,Travis (Austin),2020-10-10,2020-10-11,2.0,94.03966051854005,92.81390592500216,2.8222725827855157,2.859556392217115,HI85_2D_FIXED7914,persistent_apparent_heat_anomaly,fixed_1979_2014
48_453_2020_010_HI85_2D_FIXED7914,48453,Travis (Austin),2020-10-19,2020-10-22,4.0,93.11339607309472,90.91458912373857,5.39252064267059,14.969974253143874,HI85_2D_FIXED7914,persistent_apparent_heat_anomaly,fixed_1979_2014
48_453_2020_011_HI85_2D_FIXED7914,48453,Travis (Austin),2020-11-13,2020-11-14,2.0,85.30620833114077,83.49881617436799,4.355730084058649,4.860928075042125,HI85_2D_FIXED7914,persistent_apparent_heat_anomaly,fixed_1979_2014
48_453_2020_012_HI85_2D_FIXED7914,48453,Travis (Austin),2020-11-20,2020-11-21,2.0,80.63144257748927,80.36273665793247,0.9575630153093471,1.6993372635544546,HI85_2D_FIXED7914,persistent_apparent_heat_anomaly,fixed_1979_2014
48_453_2021_001_HI85_2D_FIXED7914,48453,Travis (Austin),2021-03-10,2021-03-11,2.0,81.29995865725795,80.97151157142133,1.3078500509604822,2.0702496269704938,HI85_2D_FIXED7914,persistent_apparent_heat_anomaly,fixed_1979_2014
48_453_2021_002_HI85_2D_FIXED7914,48453,Travis (Austin),2021-03-15,2021-03-16,2.0,83.93948890002724,82.95607195362555,3.4854074867862153,5.061146246907484,HI85_2D_FIXED7914,persistent_apparent_heat_anomaly,fixed_1979_2014
48_453_2021_003_HI85_2D_FIXED7914,48453,Travis (Austin),2021-04-06,2021-04-09,4.0,88.57673238513229,86.14000615973355,4.500523098034421,9.67998844357632,HI85_2D_FIXED7914,persistent_apparent_heat_anomaly,fixed_1979_2014
48_453_2021_004_HI85_2D_FIXED7914,48453,Travis (Austin),2021-06-09,2021-06-10,2.0,100.33312853691308,100.07674886110321,1.0692410744396028,1.429772216700556,HI85_2D_FIXED7914,persistent_apparent_heat_anomaly,fixed_1979_2014
48_453_2021_005_HI85_2D_FIXED7914,48453,Travis (Austin),2021-06-13,2021-06-15,3.0,103.58028252951128,102.15605909956463,3.3170097900680418,5.686035388178496,HI85_2D_FIXED7914,persistent_apparent_heat_anomaly,fixed_1979_2014
48_453_2021_006_HI85_2D_FIXED7914,48453,Travis (Austin),2021-06-17,2021-06-21,5.0,104.318017915488,101.94989898829732,3.3355015213614223,6.222977164669032,HI85_2D_FIXED7914,persistent_apparent_heat_anomaly,fixed_1979_2014
48_453_2021_007_HI85_2D_FIXED7914,48453,Travis (Austin),2021-06-24,2021-06-26,3.0,105.37668537611732,103.9891140531531,4.129896994424982,7.995729857992089,HI85_2D_FIXED7914,persistent_apparent_heat_anomaly,fixed_1979_2014
48_453_2021_008_HI85_2D_FIXED7914,48453,Travis (Austin),2021-09-19,2021-09-20,2.0,102.01249201984844,101.10405364517854,4.1086138397811425,6.09450138289705,HI85_2D_FIXED7914,persistent_apparent_heat_anomaly,fixed_1979_2014
48_453_2021_009_HI85_2D_FIXED7914,48453,Travis (Austin),2021-10-23,2021-10-26,4.0,91.0989354329268,89.31098128493997,4.930005999622296,12.292536571340591,HI85_2D_FIXED7914,persistent_apparent_heat_anomaly,fixed_1979_2014
48_453_2021_010_HI85_2D_FIXED7914,48453,Travis (Austin),2021-11-16,2021-11-17,2.0,81.1764075165769,80.8940881849814,0.8944262874831423,1.0289272479483742,HI85_2D_FIXED7914,persistent_apparent_heat_anomaly,fixed_1979_2014
48_453_2022_001_HI85_2D_FIXED7914,48453,Travis (Austin),2022-02-21,2022-02-22,2.0,83.16861207420409,82.13626006933512,5.78190716400411,9.89542714367029,HI85_2D_FIXED7914,persistent_apparent_heat_anomaly,fixed_1979_2014
48_453_2022_002_HI85_2D_FIXED7914,48453,Travis (Austin),2022-03-26,2022-03-28,3.0,85.02595441309454,84.37372588372715,3.2876143171617827,7.501476604305893,HI85_2D_FIXED7914,persistent_apparent_heat_anomaly,fixed_1979_2014
48_453_2022_003_HI85_2D_FIXED7914,48453,Travis (Austin),2022-04-10,2022-04-13,4.0,90.10677378644924,87.17408071384645,5.551867708090342,10.624309012577683,HI85_2D_FIXED7914,persistent_apparent_heat_anomaly,fixed_1979_2014
48_453_2022_004_HI85_2D_FIXED7914,48453,Travis (Austin),2022-04-23,2022-04-24,2.0,89.11355401725602,88.30241962275153,2.06745671561454,2.8287220124336443,HI85_2D_FIXED7914,persistent_apparent_heat_anomaly,fixed_1979_2014
48_453_2022_005_HI85_2D_FIXED7914,48453,Travis (Austin),2022-04-30,2022-05-01,2.0,90.27106916371194,90.15179466537494,1.4223093233453739,2.745229465761639,HI85_2D_FIXED7914,persistent_apparent_heat_anomaly,fixed_1979_2014
48_453_2022_006_HI85_2D_FIXED7914,48453,Travis (Austin),2022-05-03,2022-05-04,2.0,92.04725611702617,91.67432657509565,2.45246942593198,3.8593682746092526,HI85_2D_FIXED7914,persistent_apparent_heat_anomaly,fixed_1979_2014
48_453_2022_007_HI85_2D_FIXED7914,48453,Travis (Austin),2022-05-06,2022-05-10,5.0,96.9955415903903,94.21172488929523,5.745482610710823,16.720496035385878,HI85_2D_FIXED7914,persistent_apparent_heat_anomaly,fixed_1979_2014
48_453_2022_008_HI85_2D_FIXED7914,48453,Travis (Austin),2022-05-15,2022-05-21,7.0,98.04510894083104,94.9913362449245,3.5660780985459297,9.897698482419244,HI85_2D_FIXED7914,persistent_apparent_heat_anomaly,fixed_1979_2014
48_453_2022_009_HI85_2D_FIXED7914,48453,Travis (Austin),2022-05-30,2022-06-01,3.0,100.02128212660574,98.75335040133245,2.476612779919307,4.521364775717842,HI85_2D_FIXED7914,persistent_apparent_heat_anomaly,fixed_1979_2014
48_453_2022_010_HI85_2D_FIXED7914,48453,Travis (Austin),2022-06-06,2022-06-07,2.0,99.92944962222404,99.54970123814364,1.4483099051826542,1.9265896572729844,HI85_2D_FIXED7914,persistent_apparent_heat_anomaly,fixed_1979_2014
48_453_2022_011_HI85_2D_FIXED7914,48453,Travis (Austin),2022-06-10,2022-06-13,4.0,102.28790653473,101.00647132601536,2.5584958958153408,4.6151825123852035,HI85_2D_FIXED7914,persistent_apparent_heat_anomaly,fixed_1979_2014
48_453_2022_012_HI85_2D_FIXED7914,48453,Travis (Austin),2022-07-02,2022-07-03,2.0,104.66148032227456,104.56448183123537,2.488684681725559,4.840688277304707,HI85_2D_FIXED7914,persistent_apparent_heat_anomaly,fixed_1979_2014
48_453_2022_013_HI85_2D_FIXED7914,48453,Travis (Austin),2022-07-05,2022-07-15,11.0,105.56872593459391,104.34377504736517,3.1458724740433723,20.837473948082035,HI85_2D_FIXED7914,persistent_apparent_heat_anomaly,fixed_1979_2014
48_453_2022_014_HI85_2D_FIXED7914,48453,Travis (Austin),2022-07-18,2022-07-21,4.0,108.35535710158553,105.85251358531116,5.287807520778614,11.100785205021765,HI85_2D_FIXED7914,persistent_apparent_heat_anomaly,fixed_1979_2014
48_453_2022_015_HI85_2D_FIXED7914,48453,Travis (Austin),2022-07-24,2022-07-25,2.0,103.91852642522858,103.89346732963406,0.6011116863654706,1.0769472510641123,HI85_2D_FIXED7914,persistent_apparent_heat_anomaly,fixed_1979_2014
48_453_2022_016_HI85_2D_FIXED7914,48453,Travis (Austin),2022-07-27,2022-07-30,4.0,104.6155234426068,104.17136559737492,1.1194499553411958,2.6489665769942263,HI85_2D_FIXED7914,persistent_apparent_heat_anomaly,fixed_1979_2014
48_453_2022_017_HI85_2D_FIXED7914,48453,Travis (Austin),2022-08-03,2022-08-04,2.0,106.78584279260618,106.25298986392929,3.030301690890539,4.9154265270353505,HI85_2D_FIXED7914,persistent_apparent_heat_anomaly,fixed_1979_2014
48_453_2022_018_HI85_2D_FIXED7914,48453,Travis (Austin),2022-08-12,2022-08-13,2.0,104.79971760983402,104.69315257858597,0.47298589921098255,0.7131862003038663,HI85_2D_FIXED7914,persistent_apparent_heat_anomaly,fixed_1979_2014
48_453_2022_019_HI85_2D_FIXED7914,48453,Travis (Austin),2022-08-27,2022-08-29,3.0,104.91503973346325,104.47405101465687,1.5567547579220928,3.25099873954953,HI85_2D_FIXED7914,persistent_apparent_heat_anomaly,fixed_1979_2014
48_453_2022_020_HI85_2D_FIXED7914,48453,Travis (Austin),2022-09-17,2022-09-20,4.0,101.4909503192394,100.40811140662271,3.281222591846671,8.244704007470318,HI85_2D_FIXED7914,persistent_apparent_heat_anomaly,fixed_1979_2014
48_453_2023_001_HI85_2D_FIXED7914,48453,Travis (Austin),2023-02-20,2023-02-22,3.0,85.08154976212532,82.50228553840735,7.694844851925339,16.38174229922211,HI85_2D_FIXED7914,persistent_apparent_heat_anomaly,fixed_1979_2014
48_453_2023_002_HI85_2D_FIXED7914,48453,Travis (Austin),2023-02-28,2023-03-02,3.0,102.2271239126518,92.95420522832823,23.581809251683026,42.87648217661233,HI85_2D_FIXED7914,persistent_apparent_heat_anomaly,fixed_1979_2014
48_453_2023_003_HI85_2D_FIXED7914,48453,Travis (Austin),2023-03-06,2023-03-07,2.0,82.48642583711877,81.33988014670174,2.998533132553362,3.9040516876380877,HI85_2D_FIXED7914,persistent_apparent_heat_anomaly,fixed_1979_2014
48_453_2023_004_HI85_2D_FIXED7914,48453,Travis (Austin),2023-04-03,2023-04-04,2.0,88.61459194137257,88.01399756541616,5.652062226693857,9.923590008393532,HI85_2D_FIXED7914,persistent_apparent_heat_anomaly,fixed_1979_2014
48_453_2023_005_HI85_2D_FIXED7914,48453,Travis (Austin),2023-05-05,2023-05-06,2.0,92.28393474125497,92.14824774794378,2.0233671564168105,3.9170038692119817,HI85_2D_FIXED7914,persistent_apparent_heat_anomaly,fixed_1979_2014
48_453_2023_006_HI85_2D_FIXED7914,48453,Travis (Austin),2023-06-15,2023-06-16,2.0,101.63194252154908,101.53442997976717,1.189879666074603,2.313503831541894,HI85_2D_FIXED7914,persistent_apparent_heat_anomaly,fixed_1979_2014
48_453_2023_007_HI85_2D_FIXED7914,48453,Travis (Austin),2023-07-09,2023-07-15,7.0,107.62452126365176,106.12185625305844,5.201667803101216,25.027125855304078,HI85_2D_FIXED7914,persistent_apparent_heat_anomaly,fixed_1979_2014
48_453_2023_008_HI85_2D_FIXED7914,48453,Travis (Austin),2023-07-23,2023-07-24,2.0,104.35350664483136,103.8512756865667,1.0360919059682487,1.1943550853186196,HI85_2D_FIXED7914,persistent_apparent_heat_anomaly,fixed_1979_2014
48_453_2023_009_HI85_2D_FIXED7914,48453,Travis (Austin),2023-08-02,2023-08-13,12.0,109.13260130732792,106.69496227564326,4.786214061082902,31.86795366261275,HI85_2D_FIXED7914,persistent_apparent_heat_anomaly,fixed_1979_2014
48_453_2023_010_HI85_2D_FIXED7914,48453,Travis (Austin),2023-08-20,2023-08-22,3.0,105.08776101329836,104.95947662524998,0.8610113691177474,2.2577839663076418,HI85_2D_FIXED7914,persistent_apparent_heat_anomaly,fixed_1979_2014
48_453_2023_011_HI85_2D_FIXED7914,48453,Travis (Austin),2023-08-25,2023-08-27,3.0,105.60175951768048,104.94242583858802,2.0144056343705614,3.8802256186773008,HI85_2D_FIXED7914,persistent_apparent_heat_anomaly,fixed_1979_2014
48_453_2023_012_HI85_2D_FIXED7914,48453,Travis (Austin),2023-09-04,2023-09-09,6.0,107.03854322448568,104.34588267910726,4.7587975147441455,13.888575498967839,HI85_2D_FIXED7914,persistent_apparent_heat_anomaly,fixed_1979_2014
48_453_2023_013_HI85_2D_FIXED7914,48453,Travis (Austin),2023-09-20,2023-09-25,6.0,105.14999118765716,101.7874795167432,8.05000402774344,26.49379910389935,HI85_2D_FIXED7914,persistent_apparent_heat_anomaly,fixed_1979_2014
48_453_2023_014_HI85_2D_FIXED7914,48453,Travis (Austin),2023-10-03,2023-10-04,2.0,99.48462042845398,97.5051227814604,6.268114628088654,8.056206184388017,HI85_2D_FIXED7914,persistent_apparent_heat_anomaly,fixed_1979_2014
48_453_2023_015_HI85_2D_FIXED7914,48453,Travis (Austin),2023-10-20,2023-10-22,3.0,89.3916841225018,88.69523444332528,2.409427666527506,5.118196518589571,HI85_2D_FIXED7914,persistent_apparent_heat_anomaly,fixed_1979_2014
48_453_2023_016_HI85_2D_FIXED7914,48453,Travis (Austin),2023-10-27,2023-10-28,2.0,88.85685372735608,87.96605759488631,3.5320271863836723,4.902034074339596,HI85_2D_FIXED7914,persistent_apparent_heat_anomaly,fixed_1979_2014
48_453_2023_017_HI85_2D_FIXED7914,48453,Travis (Austin),2023-11-07,2023-11-08,2.0,82.79713450831434,82.59026857614799,0.21589693000210275,0.3246737542942384,HI85_2D_FIXED7914,persistent_apparent_heat_anomaly,fixed_1979_2014
48_453_2024_001_HI85_2D_FIXED7914,48453,Travis (Austin),2024-02-25,2024-02-27,3.0,86.95532807491921,84.99733948025154,8.67829709851921,20.42635826635464,HI85_2D_FIXED7914,persistent_apparent_heat_anomaly,fixed_1979_2014
48_453_2024_002_HI85_2D_FIXED7914,48453,Travis (Austin),2024-03-03,2024-03-06,4.0,85.0314784030617,82.84305970322823,5.764875862628827,14.717442370163454,HI85_2D_FIXED7914,persistent_apparent_heat_anomaly,fixed_1979_2014
48_453_2024_003_HI85_2D_FIXED7914,48453,Travis (Austin),2024-03-13,2024-03-14,2.0,82.52582812886818,82.06529183270712,2.3224711031485867,3.7238696139750402,HI85_2D_FIXED7914,persistent_apparent_heat_anomaly,fixed_1979_2014
48_453_2024_004_HI85_2D_FIXED7914,48453,Travis (Austin),2024-05-07,2024-05-09,3.0,92.9331149783499,91.92229170226123,1.6830559986704259,3.251303994074391,HI85_2D_FIXED7914,persistent_apparent_heat_anomaly,fixed_1979_2014
48_453_2024_005_HI85_2D_FIXED7914,48453,Travis (Austin),2024-05-21,2024-05-22,2.0,96.63061982584787,96.33089902735453,2.1515889835627604,3.4909416085844214,HI85_2D_FIXED7914,persistent_apparent_heat_anomaly,fixed_1979_2014
48_453_2024_006_HI85_2D_FIXED7914,48453,Travis (Austin),2024-05-24,2024-05-27,4.0,99.23188740765698,96.94191960650464,3.7053324690153318,4.915259606313668,HI85_2D_FIXED7914,persistent_apparent_heat_anomaly,fixed_1979_2014
48_453_2024_007_HI85_2D_FIXED7914,48453,Travis (Austin),2024-06-03,2024-06-05,3.0,100.76154813405662,99.01449823307509,2.617189636602859,2.8311269282973086,HI85_2D_FIXED7914,persistent_apparent_heat_anomaly,fixed_1979_2014
48_453_2024_008_HI85_2D_FIXED7914,48453,Travis (Austin),2024-06-24,2024-06-30,7.0,105.1079835071519,102.90337320444259,3.455953434970283,9.734246926370446,HI85_2D_FIXED7914,persistent_apparent_heat_anomaly,fixed_1979_2014
48_453_2024_009_HI85_2D_FIXED7914,48453,Travis (Austin),2024-08-21,2024-08-23,3.0,109.03465870088824,107.5525044489403,4.903594482174569,10.240400828492696,HI85_2D_FIXED7914,persistent_apparent_heat_anomaly,fixed_1979_2014
48_453_2024_010_HI85_2D_FIXED7914,48453,Travis (Austin),2024-09-16,2024-09-22,7.0,102.37984939830838,100.14016878661802,4.475971218241085,13.123286708561977,HI85_2D_FIXED7914,persistent_apparent_heat_anomaly,fixed_1979_2014
48_453_2024_011_HI85_2D_FIXED7914,48453,Travis (Austin),2024-10-13,2024-10-15,3.0,94.3185053816403,92.82083848614725,3.788561048786349,8.089756467506561,HI85_2D_FIXED7914,persistent_apparent_heat_anomaly,fixed_1979_2014
48_453_2024_012_HI85_2D_FIXED7914,48453,Travis (Austin),2024-10-23,2024-10-31,9.0,91.78698183828531,88.96533043476299,7.015437903398833,30.33935671348833,HI85_2D_FIXED7914,persistent_apparent_heat_anomaly,fixed_1979_2014
48_453_2024_013_HI85_2D_FIXED7914,48453,Travis (Austin),2024-11-03,2024-11-04,2.0,85.43678295879731,85.30165908588162,1.8601252270739224,3.7110663900651133,HI85_2D_FIXED7914,persistent_apparent_heat_anomaly,fixed_1979_2014
48_453_2025_001_HI85_2D_FIXED7914,48453,Travis (Austin),2025-02-03,2025-02-04,2.0,80.81434682078921,80.70702881166571,6.872522551789217,13.296520488831419,HI85_2D_FIXED7914,persistent_apparent_heat_anomaly,fixed_1979_2014
48_453_2025_002_HI85_2D_FIXED7914,48453,Travis (Austin),2025-03-12,2025-03-14,3.0,89.57573675021968,86.79283140697544,9.372379724500078,19.884949964657693,HI85_2D_FIXED7914,persistent_apparent_heat_anomaly,fixed_1979_2014
48_453_2025_003_HI85_2D_FIXED7914,48453,Travis (Austin),2025-03-22,2025-03-26,5.0,86.27452843971487,83.67399966099856,4.6420830805888755,10.921157650825691,HI85_2D_FIXED7914,persistent_apparent_heat_anomaly,fixed_1979_2014
48_453_2025_004_HI85_2D_FIXED7914,48453,Travis (Austin),2025-03-29,2025-03-30,2.0,83.65011501463955,83.55954812876084,1.4839791801540656,2.69180074228683,HI85_2D_FIXED7914,persistent_apparent_heat_anomaly,fixed_1979_2014
48_453_2025_005_HI85_2D_FIXED7914,48453,Travis (Austin),2025-04-01,2025-04-04,4.0,90.02778960729123,86.20233529346109,7.0652598926125165,13.27605697313949,HI85_2D_FIXED7914,persistent_apparent_heat_anomaly,fixed_1979_2014
48_453_2025_006_HI85_2D_FIXED7914,48453,Travis (Austin),2025-04-10,2025-04-14,5.0,88.25526965001032,86.36016575590179,3.1315249750602447,8.605070261750754,HI85_2D_FIXED7914,persistent_apparent_heat_anomaly,fixed_1979_2014
48_453_2025_007_HI85_2D_FIXED7914,48453,Travis (Austin),2025-05-13,2025-05-18,6.0,98.76180184531916,96.18990189569605,6.356362212952305,20.05379968462725,HI85_2D_FIXED7914,persistent_apparent_heat_anomaly,fixed_1979_2014
48_453_2025_008_HI85_2D_FIXED7914,48453,Travis (Austin),2025-05-22,2025-05-26,5.0,100.19247469240464,98.2662772835618,4.665919753762992,15.046983703611318,HI85_2D_FIXED7914,persistent_apparent_heat_anomaly,fixed_1979_2014
48_453_2025_009_HI85_2D_FIXED7914,48453,Travis (Austin),2025-09-21,2025-09-23,3.0,101.1297785900466,99.57476756048034,3.81633904087613,6.157546972051051,HI85_2D_FIXED7914,persistent_apparent_heat_anomaly,fixed_1979_2014
48_453_2025_010_HI85_2D_FIXED7914,48453,Travis (Austin),2025-10-17,2025-10-18,2.0,91.99380964737044,90.87219776258348,3.6453368054526294,4.475213732275819,HI85_2D_FIXED7914,persistent_apparent_heat_anomaly,fixed_1979_2014
48_453_2025_011_HI85_2D_FIXED7914,48453,Travis (Austin),2025-10-23,2025-10-24,2.0,87.44776587842726,87.41540568456242,1.1865053975749191,2.090684237025684,HI85_2D_FIXED7914,persistent_apparent_heat_anomaly,fixed_1979_2014
48_453_2025_012_HI85_2D_FIXED7914,48453,Travis (Austin),2025-11-07,2025-11-08,2.0,85.48117906709061,84.48920888290195,2.899941488778367,4.1225543678021666,HI85_2D_FIXED7914,persistent_apparent_heat_anomaly,fixed_1979_2014
48_453_2025_013_HI85_2D_FIXED7914,48453,Travis (Austin),2025-11-13,2025-11-20,8.0,85.37527593557273,83.5063477179242,5.506852447850747,24.641876149250393,HI85_2D_FIXED7914,persistent_apparent_heat_anomaly,fixed_1979_2014
48_453_2025_014_HI85_2D_FIXED7914,48453,Travis (Austin),2025-12-26,2025-12-27,2.0,81.8743568200979,81.42041068283163,10.279560858847887,19.735154986163266,HI85_2D_FIXED7914,persistent_apparent_heat_anomaly,fixed_1979_2014
