event_id,county_fips,county_name,climate_division,event_start_date,event_end_date,event_duration_days,peak_hi_proxy_f,mean_hi_proxy_f,peak_exceedance_f,mean_exceedance_f,cumulative_exceedance_f,n_suspicious_days,n_days_hi_ge_95f,n_days_hi_ge_100f,n_days_hi_ge_103f,n_days_tmax_ge_95f,n_days_tmax_ge_100f,event_contains_suspicious_day,peak_day_qc_status,peak_hi_date,peak_exceedance_date,any_day_hi_ge_95f,any_day_hi_ge_100f,any_day_hi_ge_103f,definition_id,construct_label,metric,reference_method,season,floor_variable,floor_value,minimum_duration,comparison_operator
48_061_2015_001_HI85_2D_JUNSEP,48061,Cameron (Brownsville),Lower Valley (4110),2015-06-13,2015-06-14,2,104.0726882087968,103.94369800883118,1.8537583749125304,1.6830623736865888,3.3661247473731777,0,2,2,2,0,0,False,valid,2015-06-13,2015-06-13,True,True,True,HI85_2D_JUNSEP,warm_season_heatwave,derived_tmax_rhmin_hi_proxy_f,walk_forward_1979_to_Yminus1,jun_sep,floor_hi_ge_80,80,2,>
48_061_2015_002_HI85_2D_JUNSEP,48061,Cameron (Brownsville),Lower Valley (4110),2015-07-17,2015-07-18,2,105.45578586719182,104.89262328074497,1.7700993602189783,1.2846432360278186,2.569286472055637,0,2,2,2,1,0,False,valid,2015-07-18,2015-07-18,True,True,True,HI85_2D_JUNSEP,warm_season_heatwave,derived_tmax_rhmin_hi_proxy_f,walk_forward_1979_to_Yminus1,jun_sep,floor_hi_ge_80,80,2,>
48_061_2015_003_HI85_2D_JUNSEP,48061,Cameron (Brownsville),Lower Valley (4110),2015-08-14,2015-08-15,2,106.80578981807597,106.50381797196053,1.1257360460167405,0.8245161654801336,1.6490323309602672,0,2,2,2,2,0,False,valid,2015-08-14,2015-08-14,True,True,True,HI85_2D_JUNSEP,warm_season_heatwave,derived_tmax_rhmin_hi_proxy_f,walk_forward_1979_to_Yminus1,jun_sep,floor_hi_ge_80,80,2,>
48_061_2015_004_HI85_2D_JUNSEP,48061,Cameron (Brownsville),Lower Valley (4110),2015-08-23,2015-08-25,3,107.46780706799922,106.67285926370819,2.0370333581422244,1.225643715560177,3.6769311466805306,0,3,3,3,1,0,False,valid,2015-08-24,2015-08-24,True,True,True,HI85_2D_JUNSEP,warm_season_heatwave,derived_tmax_rhmin_hi_proxy_f,walk_forward_1979_to_Yminus1,jun_sep,floor_hi_ge_80,80,2,>
48_061_2015_005_HI85_2D_JUNSEP,48061,Cameron (Brownsville),Lower Valley (4110),2015-09-06,2015-09-07,2,105.27351081052194,105.02222072355693,1.1996910448323632,1.057460830248381,2.114921660496762,0,2,2,2,0,0,False,valid,2015-09-06,2015-09-06,True,True,True,HI85_2D_JUNSEP,warm_season_heatwave,derived_tmax_rhmin_hi_proxy_f,walk_forward_1979_to_Yminus1,jun_sep,floor_hi_ge_80,80,2,>
48_061_2015_006_HI85_2D_JUNSEP,48061,Cameron (Brownsville),Lower Valley (4110),2015-09-09,2015-09-11,3,108.2173797429514,106.21739561507201,4.8766050087389345,2.7427525782975835,8.22825773489275,0,3,3,3,1,0,False,valid,2015-09-11,2015-09-11,True,True,True,HI85_2D_JUNSEP,warm_season_heatwave,derived_tmax_rhmin_hi_proxy_f,walk_forward_1979_to_Yminus1,jun_sep,floor_hi_ge_80,80,2,>
48_061_2016_001_HI85_2D_JUNSEP,48061,Cameron (Brownsville),Lower Valley (4110),2016-06-12,2016-06-18,7,104.0737236031314,103.59594732042567,2.038436716504833,1.2886942947995652,9.020860063596956,0,7,7,7,0,0,False,valid,2016-06-12,2016-06-12,True,True,True,HI85_2D_JUNSEP,warm_season_heatwave,derived_tmax_rhmin_hi_proxy_f,walk_forward_1979_to_Yminus1,jun_sep,floor_hi_ge_80,80,2,>
48_061_2016_002_HI85_2D_JUNSEP,48061,Cameron (Brownsville),Lower Valley (4110),2016-06-27,2016-06-28,2,103.6572903419534,103.29394218099756,0.8163614559500587,0.43442696803553815,0.8688539360710763,0,2,2,1,0,0,False,valid,2016-06-27,2016-06-27,True,True,True,HI85_2D_JUNSEP,warm_season_heatwave,derived_tmax_rhmin_hi_proxy_f,walk_forward_1979_to_Yminus1,jun_sep,floor_hi_ge_80,80,2,>
48_061_2016_003_HI85_2D_JUNSEP,48061,Cameron (Brownsville),Lower Valley (4110),2016-06-30,2016-07-07,8,106.12332458305768,104.78352255171052,3.209031997579686,1.7871723875122232,14.297379100097785,0,8,8,8,5,0,False,valid,2016-07-02,2016-07-02,True,True,True,HI85_2D_JUNSEP,warm_season_heatwave,derived_tmax_rhmin_hi_proxy_f,walk_forward_1979_to_Yminus1,jun_sep,floor_hi_ge_80,80,2,>
48_061_2016_004_HI85_2D_JUNSEP,48061,Cameron (Brownsville),Lower Valley (4110),2016-07-13,2016-07-14,2,104.94612648504506,104.48378974471423,1.7541871421002782,1.281638525754559,2.563277051509118,0,2,2,2,2,0,False,valid,2016-07-13,2016-07-13,True,True,True,HI85_2D_JUNSEP,warm_season_heatwave,derived_tmax_rhmin_hi_proxy_f,walk_forward_1979_to_Yminus1,jun_sep,floor_hi_ge_80,80,2,>
48_061_2016_005_HI85_2D_JUNSEP,48061,Cameron (Brownsville),Lower Valley (4110),2016-07-24,2016-07-27,4,107.66206489242532,105.62998701162883,3.1285808358019978,1.1143515750723196,4.4574063002892785,0,4,4,4,4,0,False,valid,2016-07-26,2016-07-26,True,True,True,HI85_2D_JUNSEP,warm_season_heatwave,derived_tmax_rhmin_hi_proxy_f,walk_forward_1979_to_Yminus1,jun_sep,floor_hi_ge_80,80,2,>
48_061_2016_006_HI85_2D_JUNSEP,48061,Cameron (Brownsville),Lower Valley (4110),2016-07-29,2016-07-31,3,106.79238128870097,105.91974095915766,1.939258355393406,1.0674515851452924,3.202354755435877,0,3,3,3,3,0,False,valid,2016-07-30,2016-07-30,True,True,True,HI85_2D_JUNSEP,warm_season_heatwave,derived_tmax_rhmin_hi_proxy_f,walk_forward_1979_to_Yminus1,jun_sep,floor_hi_ge_80,80,2,>
48_061_2016_007_HI85_2D_JUNSEP,48061,Cameron (Brownsville),Lower Valley (4110),2016-08-04,2016-08-05,2,107.53279622958932,107.01919532982402,2.3464973950160584,1.8180214475614065,3.636042895122813,0,2,2,2,2,0,False,valid,2016-08-04,2016-08-04,True,True,True,HI85_2D_JUNSEP,warm_season_heatwave,derived_tmax_rhmin_hi_proxy_f,walk_forward_1979_to_Yminus1,jun_sep,floor_hi_ge_80,80,2,>
48_061_2016_008_HI85_2D_JUNSEP,48061,Cameron (Brownsville),Lower Valley (4110),2016-08-07,2016-08-13,7,111.22468758267806,108.54193383028243,5.560542927141796,2.9356123974975543,20.54928678248288,0,7,7,7,7,0,False,valid,2016-08-11,2016-08-11,True,True,True,HI85_2D_JUNSEP,warm_season_heatwave,derived_tmax_rhmin_hi_proxy_f,walk_forward_1979_to_Yminus1,jun_sep,floor_hi_ge_80,80,2,>
48_061_2016_009_HI85_2D_JUNSEP,48061,Cameron (Brownsville),Lower Valley (4110),2016-08-19,2016-08-20,2,108.21133390476362,107.56986731925576,2.2818779131811766,1.6290563467717618,3.2581126935435236,0,2,2,2,2,0,False,valid,2016-08-20,2016-08-20,True,True,True,HI85_2D_JUNSEP,warm_season_heatwave,derived_tmax_rhmin_hi_proxy_f,walk_forward_1979_to_Yminus1,jun_sep,floor_hi_ge_80,80,2,>
48_061_2016_010_HI85_2D_JUNSEP,48061,Cameron (Brownsville),Lower Valley (4110),2016-08-22,2016-08-24,3,107.10069850120604,106.76507742173726,1.6549785883692465,1.2038934160543135,3.6116802481629406,0,3,3,3,2,0,False,valid,2016-08-24,2016-08-24,True,True,True,HI85_2D_JUNSEP,warm_season_heatwave,derived_tmax_rhmin_hi_proxy_f,walk_forward_1979_to_Yminus1,jun_sep,floor_hi_ge_80,80,2,>
48_061_2016_011_HI85_2D_JUNSEP,48061,Cameron (Brownsville),Lower Valley (4110),2016-09-06,2016-09-07,2,105.914057097353,105.33630579425105,1.8154177641608555,1.2769648831374596,2.553929766274919,0,2,2,2,2,0,False,valid,2016-09-06,2016-09-06,True,True,True,HI85_2D_JUNSEP,warm_season_heatwave,derived_tmax_rhmin_hi_proxy_f,walk_forward_1979_to_Yminus1,jun_sep,floor_hi_ge_80,80,2,>
48_061_2016_012_HI85_2D_JUNSEP,48061,Cameron (Brownsville),Lower Valley (4110),2016-09-14,2016-09-15,2,104.45824682315332,104.14429476315755,1.5013784570850106,1.2847589816746066,2.569517963349213,0,2,2,2,1,0,False,valid,2016-09-14,2016-09-14,True,True,True,HI85_2D_JUNSEP,warm_season_heatwave,derived_tmax_rhmin_hi_proxy_f,walk_forward_1979_to_Yminus1,jun_sep,floor_hi_ge_80,80,2,>
48_061_2016_013_HI85_2D_JUNSEP,48061,Cameron (Brownsville),Lower Valley (4110),2016-09-17,2016-09-21,5,107.38011988315615,105.28576894285547,5.160273955551119,3.540006303221554,17.70003151610777,0,5,5,4,4,0,False,valid,2016-09-17,2016-09-17,True,True,True,HI85_2D_JUNSEP,warm_season_heatwave,derived_tmax_rhmin_hi_proxy_f,walk_forward_1979_to_Yminus1,jun_sep,floor_hi_ge_80,80,2,>
48_061_2016_014_HI85_2D_JUNSEP,48061,Cameron (Brownsville),Lower Valley (4110),2016-09-23,2016-09-25,3,105.76329024338646,104.81967792613783,4.90784622507978,3.802133154252161,11.406399462756482,0,3,3,3,3,0,False,valid,2016-09-25,2016-09-25,True,True,True,HI85_2D_JUNSEP,warm_season_heatwave,derived_tmax_rhmin_hi_proxy_f,walk_forward_1979_to_Yminus1,jun_sep,floor_hi_ge_80,80,2,>
48_061_2017_001_HI85_2D_JUNSEP,48061,Cameron (Brownsville),Lower Valley (4110),2017-06-04,2017-06-06,3,105.3449155037586,104.66326416683403,4.050083346023257,3.451384685785674,10.354154057357022,0,3,3,3,1,0,False,valid,2017-06-06,2017-06-05,True,True,True,HI85_2D_JUNSEP,warm_season_heatwave,derived_tmax_rhmin_hi_proxy_f,walk_forward_1979_to_Yminus1,jun_sep,floor_hi_ge_80,80,2,>
48_061_2017_002_HI85_2D_JUNSEP,48061,Cameron (Brownsville),Lower Valley (4110),2017-06-12,2017-06-18,7,111.15210071271808,106.36429581825746,8.657705829418362,3.965490910469618,27.758436373287324,0,7,7,6,3,0,False,valid,2017-06-17,2017-06-17,True,True,True,HI85_2D_JUNSEP,warm_season_heatwave,derived_tmax_rhmin_hi_proxy_f,walk_forward_1979_to_Yminus1,jun_sep,floor_hi_ge_80,80,2,>
48_061_2017_003_HI85_2D_JUNSEP,48061,Cameron (Brownsville),Lower Valley (4110),2017-06-20,2017-06-24,5,114.25079797603908,107.79251469788755,11.19045466944604,4.791889542328468,23.95944771164234,0,5,5,5,5,1,False,valid,2017-06-23,2017-06-23,True,True,True,HI85_2D_JUNSEP,warm_season_heatwave,derived_tmax_rhmin_hi_proxy_f,walk_forward_1979_to_Yminus1,jun_sep,floor_hi_ge_80,80,2,>
48_061_2017_004_HI85_2D_JUNSEP,48061,Cameron (Brownsville),Lower Valley (4110),2017-06-29,2017-07-01,3,106.94248923019072,105.12617324931436,3.8714009702014778,2.0602848009314605,6.180854402794381,0,3,3,3,0,0,False,valid,2017-06-30,2017-06-30,True,True,True,HI85_2D_JUNSEP,warm_season_heatwave,derived_tmax_rhmin_hi_proxy_f,walk_forward_1979_to_Yminus1,jun_sep,floor_hi_ge_80,80,2,>
48_061_2017_005_HI85_2D_JUNSEP,48061,Cameron (Brownsville),Lower Valley (4110),2017-07-03,2017-07-04,2,106.1337329586044,104.72249907008066,3.0395215814397574,1.6248154412139115,3.249630882427823,0,2,2,2,1,0,False,valid,2017-07-03,2017-07-03,True,True,True,HI85_2D_JUNSEP,warm_season_heatwave,derived_tmax_rhmin_hi_proxy_f,walk_forward_1979_to_Yminus1,jun_sep,floor_hi_ge_80,80,2,>
48_061_2017_006_HI85_2D_JUNSEP,48061,Cameron (Brownsville),Lower Valley (4110),2017-07-20,2017-07-22,3,106.13346447632324,105.95303135819354,2.120035724598722,1.8181718764274517,5.454515629282355,0,3,3,3,3,0,False,valid,2017-07-20,2017-07-20,True,True,True,HI85_2D_JUNSEP,warm_season_heatwave,derived_tmax_rhmin_hi_proxy_f,walk_forward_1979_to_Yminus1,jun_sep,floor_hi_ge_80,80,2,>
48_061_2017_007_HI85_2D_JUNSEP,48061,Cameron (Brownsville),Lower Valley (4110),2017-07-30,2017-07-31,2,106.51702543461997,106.2739545826013,1.4948430088433469,1.2981481906941923,2.5962963813883846,0,2,2,2,2,0,False,valid,2017-07-31,2017-07-31,True,True,True,HI85_2D_JUNSEP,warm_season_heatwave,derived_tmax_rhmin_hi_proxy_f,walk_forward_1979_to_Yminus1,jun_sep,floor_hi_ge_80,80,2,>
48_061_2017_008_HI85_2D_JUNSEP,48061,Cameron (Brownsville),Lower Valley (4110),2017-08-02,2017-08-09,8,113.51264200465992,110.0665024002981,8.181103479331526,4.647932503388867,37.18346002711094,0,8,8,8,8,0,False,valid,2017-08-05,2017-08-03,True,True,True,HI85_2D_JUNSEP,warm_season_heatwave,derived_tmax_rhmin_hi_proxy_f,walk_forward_1979_to_Yminus1,jun_sep,floor_hi_ge_80,80,2,>
48_061_2017_009_HI85_2D_JUNSEP,48061,Cameron (Brownsville),Lower Valley (4110),2017-08-11,2017-08-20,10,111.75875903783654,108.32311491422502,5.767580991196581,2.3743820758262815,23.743820758262814,0,10,10,10,9,0,False,valid,2017-08-18,2017-08-18,True,True,True,HI85_2D_JUNSEP,warm_season_heatwave,derived_tmax_rhmin_hi_proxy_f,walk_forward_1979_to_Yminus1,jun_sep,floor_hi_ge_80,80,2,>
48_061_2017_010_HI85_2D_JUNSEP,48061,Cameron (Brownsville),Lower Valley (4110),2017-08-30,2017-09-01,3,110.87825687870108,108.02913344485593,5.796224011780197,2.9490397805683037,8.84711934170491,0,3,3,3,2,0,False,valid,2017-08-31,2017-08-31,True,True,True,HI85_2D_JUNSEP,warm_season_heatwave,derived_tmax_rhmin_hi_proxy_f,walk_forward_1979_to_Yminus1,jun_sep,floor_hi_ge_80,80,2,>
48_061_2017_011_HI85_2D_JUNSEP,48061,Cameron (Brownsville),Lower Valley (4110),2017-09-14,2017-09-16,3,104.37294262239342,103.78283548756264,1.4057962642991413,0.8468083760184868,2.5404251280554604,0,3,3,3,0,0,False,valid,2017-09-15,2017-09-15,True,True,True,HI85_2D_JUNSEP,warm_season_heatwave,derived_tmax_rhmin_hi_proxy_f,walk_forward_1979_to_Yminus1,jun_sep,floor_hi_ge_80,80,2,>
48_061_2017_012_HI85_2D_JUNSEP,48061,Cameron (Brownsville),Lower Valley (4110),2017-09-18,2017-09-29,12,107.16868139297492,103.9167910777462,6.3528531869186935,2.7323076723708417,32.7876920684501,0,12,12,9,0,0,False,valid,2017-09-26,2017-09-26,True,True,True,HI85_2D_JUNSEP,warm_season_heatwave,derived_tmax_rhmin_hi_proxy_f,walk_forward_1979_to_Yminus1,jun_sep,floor_hi_ge_80,80,2,>
48_061_2018_001_HI85_2D_JUNSEP,48061,Cameron (Brownsville),Lower Valley (4110),2018-06-01,2018-06-06,6,107.3420469372786,105.66585467777715,5.839588363676711,4.555480927807719,27.332885566846315,0,6,6,6,6,0,False,valid,2018-06-06,2018-06-06,True,True,True,HI85_2D_JUNSEP,warm_season_heatwave,derived_tmax_rhmin_hi_proxy_f,walk_forward_1979_to_Yminus1,jun_sep,floor_hi_ge_80,80,2,>
48_061_2018_002_HI85_2D_JUNSEP,48061,Cameron (Brownsville),Lower Valley (4110),2018-06-08,2018-06-12,5,105.52999448311036,104.20366453112358,3.3878189398107565,2.1969415487352677,10.984707743676339,0,5,5,4,3,0,False,valid,2018-06-11,2018-06-11,True,True,True,HI85_2D_JUNSEP,warm_season_heatwave,derived_tmax_rhmin_hi_proxy_f,walk_forward_1979_to_Yminus1,jun_sep,floor_hi_ge_80,80,2,>
48_061_2018_003_HI85_2D_JUNSEP,48061,Cameron (Brownsville),Lower Valley (4110),2018-06-22,2018-06-24,3,105.16423375253964,104.04066431114563,1.9543532995043478,0.8135699148699302,2.4407097446097907,0,3,3,3,0,0,False,valid,2018-06-23,2018-06-23,True,True,True,HI85_2D_JUNSEP,warm_season_heatwave,derived_tmax_rhmin_hi_proxy_f,walk_forward_1979_to_Yminus1,jun_sep,floor_hi_ge_80,80,2,>
48_061_2018_004_HI85_2D_JUNSEP,48061,Cameron (Brownsville),Lower Valley (4110),2018-06-27,2018-07-01,5,106.48678601462962,104.97199624985419,3.276905561594319,1.7810304847035952,8.905152423517976,0,5,5,5,1,0,False,valid,2018-06-29,2018-06-29,True,True,True,HI85_2D_JUNSEP,warm_season_heatwave,derived_tmax_rhmin_hi_proxy_f,walk_forward_1979_to_Yminus1,jun_sep,floor_hi_ge_80,80,2,>
48_061_2018_005_HI85_2D_JUNSEP,48061,Cameron (Brownsville),Lower Valley (4110),2018-07-17,2018-07-24,8,114.04753384103832,107.49965656021826,9.40069842433438,3.296534054177176,26.372272433417407,0,8,8,8,8,2,False,valid,2018-07-24,2018-07-24,True,True,True,HI85_2D_JUNSEP,warm_season_heatwave,derived_tmax_rhmin_hi_proxy_f,walk_forward_1979_to_Yminus1,jun_sep,floor_hi_ge_80,80,2,>
48_061_2018_006_HI85_2D_JUNSEP,48061,Cameron (Brownsville),Lower Valley (4110),2018-07-27,2018-07-31,5,108.67324858229422,107.67894713493138,3.6230693533825473,2.6667529638484466,13.333764819242234,0,5,5,5,5,0,False,valid,2018-07-29,2018-07-29,True,True,True,HI85_2D_JUNSEP,warm_season_heatwave,derived_tmax_rhmin_hi_proxy_f,walk_forward_1979_to_Yminus1,jun_sep,floor_hi_ge_80,80,2,>
48_061_2018_007_HI85_2D_JUNSEP,48061,Cameron (Brownsville),Lower Valley (4110),2018-08-20,2018-08-21,2,108.61215379790988,108.52406183451359,2.4358975698014405,2.359631492958947,4.719262985917894,0,2,2,2,2,0,False,valid,2018-08-20,2018-08-20,True,True,True,HI85_2D_JUNSEP,warm_season_heatwave,derived_tmax_rhmin_hi_proxy_f,walk_forward_1979_to_Yminus1,jun_sep,floor_hi_ge_80,80,2,>
48_061_2018_008_HI85_2D_JUNSEP,48061,Cameron (Brownsville),Lower Valley (4110),2018-08-25,2018-08-29,5,107.55831567629409,106.51260630228262,1.932962020206503,0.9196007017614732,4.598003508807366,0,5,5,5,5,0,False,valid,2018-08-27,2018-08-27,True,True,True,HI85_2D_JUNSEP,warm_season_heatwave,derived_tmax_rhmin_hi_proxy_f,walk_forward_1979_to_Yminus1,jun_sep,floor_hi_ge_80,80,2,>
48_061_2018_009_HI85_2D_JUNSEP,48061,Cameron (Brownsville),Lower Valley (4110),2018-09-02,2018-09-03,2,109.20680529194658,107.48779490727664,4.3180256356841795,2.658664969456737,5.317329938913474,0,2,2,2,2,0,False,valid,2018-09-02,2018-09-02,True,True,True,HI85_2D_JUNSEP,warm_season_heatwave,derived_tmax_rhmin_hi_proxy_f,walk_forward_1979_to_Yminus1,jun_sep,floor_hi_ge_80,80,2,>
48_061_2018_010_HI85_2D_JUNSEP,48061,Cameron (Brownsville),Lower Valley (4110),2018-09-25,2018-09-26,2,104.85783528362276,103.55305116364127,3.790142805943205,2.379461526369539,4.758923052739078,0,2,2,1,0,0,False,valid,2018-09-26,2018-09-26,True,True,True,HI85_2D_JUNSEP,warm_season_heatwave,derived_tmax_rhmin_hi_proxy_f,walk_forward_1979_to_Yminus1,jun_sep,floor_hi_ge_80,80,2,>
48_061_2019_001_HI85_2D_JUNSEP,48061,Cameron (Brownsville),Lower Valley (4110),2019-06-06,2019-06-10,5,108.7895725836692,105.26861639411091,7.0121221918431615,3.367993707805121,16.839968539025605,0,5,5,5,3,0,False,valid,2019-06-07,2019-06-07,True,True,True,HI85_2D_JUNSEP,warm_season_heatwave,derived_tmax_rhmin_hi_proxy_f,walk_forward_1979_to_Yminus1,jun_sep,floor_hi_ge_80,80,2,>
48_061_2019_002_HI85_2D_JUNSEP,48061,Cameron (Brownsville),Lower Valley (4110),2019-06-15,2019-06-16,2,105.82133901663158,105.82041527999726,2.906181880286084,2.867679646840756,5.735359293681512,0,2,2,2,0,0,False,valid,2019-06-15,2019-06-15,True,True,True,HI85_2D_JUNSEP,warm_season_heatwave,derived_tmax_rhmin_hi_proxy_f,walk_forward_1979_to_Yminus1,jun_sep,floor_hi_ge_80,80,2,>
48_061_2019_003_HI85_2D_JUNSEP,48061,Cameron (Brownsville),Lower Valley (4110),2019-06-18,2019-06-24,7,111.08369252243112,109.4169349832282,7.869735825818623,6.156697113572657,43.096879795008604,0,7,7,7,3,0,False,valid,2019-06-20,2019-06-20,True,True,True,HI85_2D_JUNSEP,warm_season_heatwave,derived_tmax_rhmin_hi_proxy_f,walk_forward_1979_to_Yminus1,jun_sep,floor_hi_ge_80,80,2,>
48_061_2019_004_HI85_2D_JUNSEP,48061,Cameron (Brownsville),Lower Valley (4110),2019-06-26,2019-06-27,2,104.43559782897756,103.98908144940839,1.1238910901709573,0.6950432426492554,1.3900864852985109,0,2,2,2,0,0,False,valid,2019-06-26,2019-06-26,True,True,True,HI85_2D_JUNSEP,warm_season_heatwave,derived_tmax_rhmin_hi_proxy_f,walk_forward_1979_to_Yminus1,jun_sep,floor_hi_ge_80,80,2,>
48_061_2019_005_HI85_2D_JUNSEP,48061,Cameron (Brownsville),Lower Valley (4110),2019-07-07,2019-07-17,11,108.63757675419916,105.82856716165237,4.930032972848821,2.1738660075536598,23.912526083090256,0,11,11,11,9,0,False,valid,2019-07-13,2019-07-13,True,True,True,HI85_2D_JUNSEP,warm_season_heatwave,derived_tmax_rhmin_hi_proxy_f,walk_forward_1979_to_Yminus1,jun_sep,floor_hi_ge_80,80,2,>
48_061_2019_006_HI85_2D_JUNSEP,48061,Cameron (Brownsville),Lower Valley (4110),2019-07-19,2019-07-21,3,106.15160102346836,105.58681965716868,2.0036356570929144,1.378576271807816,4.135728815423448,0,3,3,3,3,0,False,valid,2019-07-19,2019-07-19,True,True,True,HI85_2D_JUNSEP,warm_season_heatwave,derived_tmax_rhmin_hi_proxy_f,walk_forward_1979_to_Yminus1,jun_sep,floor_hi_ge_80,80,2,>
48_061_2019_007_HI85_2D_JUNSEP,48061,Cameron (Brownsville),Lower Valley (4110),2019-08-06,2019-08-19,14,113.9222215725204,110.05508898733567,7.744149648355759,3.9117132891457707,54.76398604804079,0,14,14,14,14,0,False,valid,2019-08-12,2019-08-12,True,True,True,HI85_2D_JUNSEP,warm_season_heatwave,derived_tmax_rhmin_hi_proxy_f,walk_forward_1979_to_Yminus1,jun_sep,floor_hi_ge_80,80,2,>
48_061_2019_008_HI85_2D_JUNSEP,48061,Cameron (Brownsville),Lower Valley (4110),2019-08-23,2019-08-30,8,114.20624235504944,109.70862613918185,8.352660183974123,3.9497658143615766,31.598126514892613,0,8,8,8,8,0,False,valid,2019-08-26,2019-08-26,True,True,True,HI85_2D_JUNSEP,warm_season_heatwave,derived_tmax_rhmin_hi_proxy_f,walk_forward_1979_to_Yminus1,jun_sep,floor_hi_ge_80,80,2,>
48_061_2019_009_HI85_2D_JUNSEP,48061,Cameron (Brownsville),Lower Valley (4110),2019-09-17,2019-09-22,6,107.00599581382347,103.86879976791097,4.707606782775358,1.778067683469878,10.668406100819269,0,6,6,2,0,0,False,valid,2019-09-18,2019-09-18,True,True,True,HI85_2D_JUNSEP,warm_season_heatwave,derived_tmax_rhmin_hi_proxy_f,walk_forward_1979_to_Yminus1,jun_sep,floor_hi_ge_80,80,2,>
48_061_2019_010_HI85_2D_JUNSEP,48061,Cameron (Brownsville),Lower Valley (4110),2019-09-25,2019-09-30,6,108.4471356483356,104.1173569309392,7.848057451743941,3.3893934462646627,20.336360677587976,0,6,6,4,1,0,False,valid,2019-09-28,2019-09-28,True,True,True,HI85_2D_JUNSEP,warm_season_heatwave,derived_tmax_rhmin_hi_proxy_f,walk_forward_1979_to_Yminus1,jun_sep,floor_hi_ge_80,80,2,>
48_061_2020_001_HI85_2D_JUNSEP,48061,Cameron (Brownsville),Lower Valley (4110),2020-06-08,2020-06-10,3,106.78463662458348,104.8480794801326,4.656372758360661,2.696707552476672,8.090122657430015,0,3,3,3,0,0,False,valid,2020-06-09,2020-06-09,True,True,True,HI85_2D_JUNSEP,warm_season_heatwave,derived_tmax_rhmin_hi_proxy_f,walk_forward_1979_to_Yminus1,jun_sep,floor_hi_ge_80,80,2,>
48_061_2020_002_HI85_2D_JUNSEP,48061,Cameron (Brownsville),Lower Valley (4110),2020-06-22,2020-06-23,2,107.39497058838823,106.18387966708721,3.9502046738430323,2.7338199829737846,5.467639965947569,0,2,2,2,0,0,False,valid,2020-06-22,2020-06-22,True,True,True,HI85_2D_JUNSEP,warm_season_heatwave,derived_tmax_rhmin_hi_proxy_f,walk_forward_1979_to_Yminus1,jun_sep,floor_hi_ge_80,80,2,>
48_061_2020_003_HI85_2D_JUNSEP,48061,Cameron (Brownsville),Lower Valley (4110),2020-07-12,2020-07-16,5,105.8254695830175,104.76319339094448,2.0459470122825394,0.8279416406222765,4.1397082031113825,0,5,5,5,5,0,False,valid,2020-07-12,2020-07-12,True,True,True,HI85_2D_JUNSEP,warm_season_heatwave,derived_tmax_rhmin_hi_proxy_f,walk_forward_1979_to_Yminus1,jun_sep,floor_hi_ge_80,80,2,>
48_061_2020_004_HI85_2D_JUNSEP,48061,Cameron (Brownsville),Lower Valley (4110),2020-08-21,2020-08-22,2,107.47550757805628,107.2902161222134,1.0586913185621967,0.8956535604582427,1.7913071209164855,0,2,2,2,2,0,False,valid,2020-08-21,2020-08-21,True,True,True,HI85_2D_JUNSEP,warm_season_heatwave,derived_tmax_rhmin_hi_proxy_f,walk_forward_1979_to_Yminus1,jun_sep,floor_hi_ge_80,80,2,>
48_061_2020_005_HI85_2D_JUNSEP,48061,Cameron (Brownsville),Lower Valley (4110),2020-08-27,2020-09-04,9,115.56764107638122,111.23961493026427,9.879852829226465,5.853102422271726,52.67792180044553,0,9,9,9,8,0,False,valid,2020-08-29,2020-08-29,True,True,True,HI85_2D_JUNSEP,warm_season_heatwave,derived_tmax_rhmin_hi_proxy_f,walk_forward_1979_to_Yminus1,jun_sep,floor_hi_ge_80,80,2,>
48_061_2021_001_HI85_2D_JUNSEP,48061,Cameron (Brownsville),Lower Valley (4110),2021-06-07,2021-06-09,3,103.15107836461664,103.10135030017081,1.1645234437727794,1.067924118016639,3.2037723540499172,0,3,3,3,0,0,False,valid,2021-06-08,2021-06-07,True,True,True,HI85_2D_JUNSEP,warm_season_heatwave,derived_tmax_rhmin_hi_proxy_f,walk_forward_1979_to_Yminus1,jun_sep,floor_hi_ge_80,80,2,>
48_061_2021_002_HI85_2D_JUNSEP,48061,Cameron (Brownsville),Lower Valley (4110),2021-06-20,2021-06-22,3,107.58944242522624,106.15391672391574,4.2028353334648045,2.756196507849694,8.268589523549082,0,3,3,3,0,0,False,valid,2021-06-21,2021-06-21,True,True,True,HI85_2D_JUNSEP,warm_season_heatwave,derived_tmax_rhmin_hi_proxy_f,walk_forward_1979_to_Yminus1,jun_sep,floor_hi_ge_80,80,2,>
48_061_2021_003_HI85_2D_JUNSEP,48061,Cameron (Brownsville),Lower Valley (4110),2021-08-01,2021-08-05,5,108.77828251206518,107.42828329145854,3.10945872224832,1.6678851608632612,8.339425804316306,0,5,5,5,3,0,False,valid,2021-08-02,2021-08-02,True,True,True,HI85_2D_JUNSEP,warm_season_heatwave,derived_tmax_rhmin_hi_proxy_f,walk_forward_1979_to_Yminus1,jun_sep,floor_hi_ge_80,80,2,>
48_061_2021_004_HI85_2D_JUNSEP,48061,Cameron (Brownsville),Lower Valley (4110),2021-08-08,2021-08-10,3,107.38012312794758,107.15064579249106,1.2111093405478215,0.8677250070276443,2.603175021082933,0,3,3,3,0,0,False,valid,2021-08-08,2021-08-08,True,True,True,HI85_2D_JUNSEP,warm_season_heatwave,derived_tmax_rhmin_hi_proxy_f,walk_forward_1979_to_Yminus1,jun_sep,floor_hi_ge_80,80,2,>
48_061_2021_005_HI85_2D_JUNSEP,48061,Cameron (Brownsville),Lower Valley (4110),2021-08-17,2021-08-20,4,110.4055221542254,108.75413669384827,3.8487881311044703,2.2114331231963504,8.845732492785402,0,4,4,4,3,0,False,valid,2021-08-18,2021-08-18,True,True,True,HI85_2D_JUNSEP,warm_season_heatwave,derived_tmax_rhmin_hi_proxy_f,walk_forward_1979_to_Yminus1,jun_sep,floor_hi_ge_80,80,2,>
48_061_2021_006_HI85_2D_JUNSEP,48061,Cameron (Brownsville),Lower Valley (4110),2021-08-30,2021-09-08,10,110.38249235830403,108.23094517824207,4.967471105055395,3.243702848344887,32.43702848344887,0,10,10,10,9,0,False,valid,2021-09-01,2021-09-01,True,True,True,HI85_2D_JUNSEP,warm_season_heatwave,derived_tmax_rhmin_hi_proxy_f,walk_forward_1979_to_Yminus1,jun_sep,floor_hi_ge_80,80,2,>
48_061_2021_007_HI85_2D_JUNSEP,48061,Cameron (Brownsville),Lower Valley (4110),2021-09-18,2021-09-20,3,108.30007732246446,105.96974180549138,6.296965422586823,3.771742818141661,11.315228454424982,0,3,3,3,2,0,False,valid,2021-09-20,2021-09-20,True,True,True,HI85_2D_JUNSEP,warm_season_heatwave,derived_tmax_rhmin_hi_proxy_f,walk_forward_1979_to_Yminus1,jun_sep,floor_hi_ge_80,80,2,>
48_061_2021_008_HI85_2D_JUNSEP,48061,Cameron (Brownsville),Lower Valley (4110),2021-09-28,2021-09-29,2,105.36953515060584,104.05732684125904,4.563047591748003,3.381855307528369,6.763710615056738,0,2,2,1,0,0,False,valid,2021-09-28,2021-09-28,True,True,True,HI85_2D_JUNSEP,warm_season_heatwave,derived_tmax_rhmin_hi_proxy_f,walk_forward_1979_to_Yminus1,jun_sep,floor_hi_ge_80,80,2,>
48_061_2022_001_HI85_2D_JUNSEP,48061,Cameron (Brownsville),Lower Valley (4110),2022-06-10,2022-06-13,4,109.21883128345564,106.5872030441859,6.711145543016158,3.9419810577929155,15.767924231171662,0,4,4,4,2,0,False,valid,2022-06-11,2022-06-11,True,True,True,HI85_2D_JUNSEP,warm_season_heatwave,derived_tmax_rhmin_hi_proxy_f,walk_forward_1979_to_Yminus1,jun_sep,floor_hi_ge_80,80,2,>
48_061_2022_002_HI85_2D_JUNSEP,48061,Cameron (Brownsville),Lower Valley (4110),2022-06-24,2022-06-25,2,104.32491723615595,104.16744284096688,0.8634679188808292,0.6793641085907325,1.358728217181465,0,2,2,2,1,0,False,valid,2022-06-25,2022-06-25,True,True,True,HI85_2D_JUNSEP,warm_season_heatwave,derived_tmax_rhmin_hi_proxy_f,walk_forward_1979_to_Yminus1,jun_sep,floor_hi_ge_80,80,2,>
48_061_2022_003_HI85_2D_JUNSEP,48061,Cameron (Brownsville),Lower Valley (4110),2022-07-01,2022-07-13,13,110.03036263406514,106.96669449941697,6.231625006228484,3.2818598060126805,42.664177478164845,0,13,13,13,12,0,False,valid,2022-07-13,2022-07-13,True,True,True,HI85_2D_JUNSEP,warm_season_heatwave,derived_tmax_rhmin_hi_proxy_f,walk_forward_1979_to_Yminus1,jun_sep,floor_hi_ge_80,80,2,>
48_061_2022_004_HI85_2D_JUNSEP,48061,Cameron (Brownsville),Lower Valley (4110),2022-07-18,2022-07-26,9,107.917988918153,106.47046641926774,3.598711945444819,1.8577850859846228,16.720065773861606,0,9,9,9,9,0,False,valid,2022-07-20,2022-07-20,True,True,True,HI85_2D_JUNSEP,warm_season_heatwave,derived_tmax_rhmin_hi_proxy_f,walk_forward_1979_to_Yminus1,jun_sep,floor_hi_ge_80,80,2,>
48_061_2022_005_HI85_2D_JUNSEP,48061,Cameron (Brownsville),Lower Valley (4110),2022-08-02,2022-08-06,5,109.76635080898303,108.40444020265059,3.8986541868052313,2.472133310131994,12.360666550659971,0,5,5,5,5,0,False,valid,2022-08-03,2022-08-03,True,True,True,HI85_2D_JUNSEP,warm_season_heatwave,derived_tmax_rhmin_hi_proxy_f,walk_forward_1979_to_Yminus1,jun_sep,floor_hi_ge_80,80,2,>
48_061_2022_006_HI85_2D_JUNSEP,48061,Cameron (Brownsville),Lower Valley (4110),2022-08-22,2022-08-25,4,112.91012774828395,110.48996995192235,6.4681262407697915,4.0450134577682775,16.18005383107311,0,4,4,4,4,0,False,valid,2022-08-23,2022-08-23,True,True,True,HI85_2D_JUNSEP,warm_season_heatwave,derived_tmax_rhmin_hi_proxy_f,walk_forward_1979_to_Yminus1,jun_sep,floor_hi_ge_80,80,2,>
48_061_2023_001_HI85_2D_JUNSEP,48061,Cameron (Brownsville),Lower Valley (4110),2023-06-09,2023-07-04,26,112.48407887943635,108.50935524796712,8.882874496923591,5.1588288429568845,134.12954991687903,0,26,26,26,21,0,False,valid,2023-06-22,2023-06-22,True,True,True,HI85_2D_JUNSEP,warm_season_heatwave,derived_tmax_rhmin_hi_proxy_f,walk_forward_1979_to_Yminus1,jun_sep,floor_hi_ge_80,80,2,>
48_061_2023_002_HI85_2D_JUNSEP,48061,Cameron (Brownsville),Lower Valley (4110),2023-07-08,2023-07-28,21,111.41417325313068,108.70297811220732,6.945018143535961,4.20000518200829,88.20010882217409,0,21,21,21,19,0,False,valid,2023-07-19,2023-07-19,True,True,True,HI85_2D_JUNSEP,warm_season_heatwave,derived_tmax_rhmin_hi_proxy_f,walk_forward_1979_to_Yminus1,jun_sep,floor_hi_ge_80,80,2,>
48_061_2023_003_HI85_2D_JUNSEP,48061,Cameron (Brownsville),Lower Valley (4110),2023-07-30,2023-08-20,22,115.72039804364044,112.85404609292478,9.166350751715342,6.522186136715365,143.48809500773802,0,22,22,22,22,1,False,valid,2023-08-12,2023-08-12,True,True,True,HI85_2D_JUNSEP,warm_season_heatwave,derived_tmax_rhmin_hi_proxy_f,walk_forward_1979_to_Yminus1,jun_sep,floor_hi_ge_80,80,2,>
48_061_2023_004_HI85_2D_JUNSEP,48061,Cameron (Brownsville),Lower Valley (4110),2023-08-27,2023-08-29,3,110.37408840899046,109.98671292145296,4.294993901628175,3.9191931250366943,11.757579375110083,0,3,3,3,3,1,False,valid,2023-08-28,2023-08-28,True,True,True,HI85_2D_JUNSEP,warm_season_heatwave,derived_tmax_rhmin_hi_proxy_f,walk_forward_1979_to_Yminus1,jun_sep,floor_hi_ge_80,80,2,>
48_061_2023_005_HI85_2D_JUNSEP,48061,Cameron (Brownsville),Lower Valley (4110),2023-08-31,2023-09-01,2,109.00136167306056,108.12934080843146,3.4429151354736973,2.5030225920890388,5.0060451841780775,0,2,2,2,2,0,False,valid,2023-09-01,2023-09-01,True,True,True,HI85_2D_JUNSEP,warm_season_heatwave,derived_tmax_rhmin_hi_proxy_f,walk_forward_1979_to_Yminus1,jun_sep,floor_hi_ge_80,80,2,>
48_061_2023_006_HI85_2D_JUNSEP,48061,Cameron (Brownsville),Lower Valley (4110),2023-09-03,2023-09-16,14,114.20996097512544,110.54820774569042,10.132163772151387,6.437206236787697,90.12088731502776,0,14,14,14,14,0,False,valid,2023-09-04,2023-09-15,True,True,True,HI85_2D_JUNSEP,warm_season_heatwave,derived_tmax_rhmin_hi_proxy_f,walk_forward_1979_to_Yminus1,jun_sep,floor_hi_ge_80,80,2,>
48_061_2023_007_HI85_2D_JUNSEP,48061,Cameron (Brownsville),Lower Valley (4110),2023-09-20,2023-09-27,8,111.0002961969451,107.24130632093015,9.402629467463697,5.718724565964536,45.749796527716285,0,8,8,8,8,0,False,valid,2023-09-23,2023-09-23,True,True,True,HI85_2D_JUNSEP,warm_season_heatwave,derived_tmax_rhmin_hi_proxy_f,walk_forward_1979_to_Yminus1,jun_sep,floor_hi_ge_80,80,2,>
48_061_2024_001_HI85_2D_JUNSEP,48061,Cameron (Brownsville),Lower Valley (4110),2024-06-01,2024-06-16,16,113.01250674849076,107.90201100774993,11.10053116794333,5.526952655060314,88.43124248096503,0,16,16,16,15,0,False,valid,2024-06-05,2024-06-05,True,True,True,HI85_2D_JUNSEP,warm_season_heatwave,derived_tmax_rhmin_hi_proxy_f,walk_forward_1979_to_Yminus1,jun_sep,floor_hi_ge_80,80,2,>
48_061_2024_002_HI85_2D_JUNSEP,48061,Cameron (Brownsville),Lower Valley (4110),2024-06-26,2024-06-29,4,105.86643305272658,105.07900984449361,1.9187470364472148,1.1131681445868473,4.452672578347389,0,4,4,4,0,0,False,valid,2024-06-28,2024-06-28,True,True,True,HI85_2D_JUNSEP,warm_season_heatwave,derived_tmax_rhmin_hi_proxy_f,walk_forward_1979_to_Yminus1,jun_sep,floor_hi_ge_80,80,2,>
48_061_2024_003_HI85_2D_JUNSEP,48061,Cameron (Brownsville),Lower Valley (4110),2024-07-03,2024-07-05,3,106.22015046833069,105.58399847521214,2.093623485982363,1.4349674306727564,4.304902292018269,0,3,3,3,0,0,False,valid,2024-07-03,2024-07-03,True,True,True,HI85_2D_JUNSEP,warm_season_heatwave,derived_tmax_rhmin_hi_proxy_f,walk_forward_1979_to_Yminus1,jun_sep,floor_hi_ge_80,80,2,>
48_061_2024_004_HI85_2D_JUNSEP,48061,Cameron (Brownsville),Lower Valley (4110),2024-07-19,2024-07-20,2,105.9868427675161,105.86177050751326,1.2258206662142186,1.1345075418008506,2.269015083601701,0,2,2,2,1,0,False,valid,2024-07-20,2024-07-20,True,True,True,HI85_2D_JUNSEP,warm_season_heatwave,derived_tmax_rhmin_hi_proxy_f,walk_forward_1979_to_Yminus1,jun_sep,floor_hi_ge_80,80,2,>
48_061_2024_005_HI85_2D_JUNSEP,48061,Cameron (Brownsville),Lower Valley (4110),2024-08-07,2024-08-08,2,112.15250029752056,110.3077125247316,5.595680894095807,3.776553379868872,7.553106759737744,0,2,2,2,2,0,False,valid,2024-08-08,2024-08-08,True,True,True,HI85_2D_JUNSEP,warm_season_heatwave,derived_tmax_rhmin_hi_proxy_f,walk_forward_1979_to_Yminus1,jun_sep,floor_hi_ge_80,80,2,>
48_061_2024_006_HI85_2D_JUNSEP,48061,Cameron (Brownsville),Lower Valley (4110),2024-08-10,2024-08-11,2,108.49236615809964,108.23228399119334,1.686955466793023,1.412648607984849,2.825297215969698,0,2,2,2,1,0,False,valid,2024-08-11,2024-08-11,True,True,True,HI85_2D_JUNSEP,warm_season_heatwave,derived_tmax_rhmin_hi_proxy_f,walk_forward_1979_to_Yminus1,jun_sep,floor_hi_ge_80,80,2,>
48_061_2024_007_HI85_2D_JUNSEP,48061,Cameron (Brownsville),Lower Valley (4110),2024-08-16,2024-08-23,8,112.21304995412788,110.1264149470896,5.208115177824595,3.126066921858232,25.008535374865858,0,8,8,8,8,0,False,valid,2024-08-21,2024-08-21,True,True,True,HI85_2D_JUNSEP,warm_season_heatwave,derived_tmax_rhmin_hi_proxy_f,walk_forward_1979_to_Yminus1,jun_sep,floor_hi_ge_80,80,2,>
48_061_2024_008_HI85_2D_JUNSEP,48061,Cameron (Brownsville),Lower Valley (4110),2024-09-19,2024-09-20,2,102.68745293366632,102.5199677972316,0.264593852377601,0.18546882201658121,0.37093764403316243,0,2,2,0,0,0,False,valid,2024-09-19,2024-09-19,True,True,False,HI85_2D_JUNSEP,warm_season_heatwave,derived_tmax_rhmin_hi_proxy_f,walk_forward_1979_to_Yminus1,jun_sep,floor_hi_ge_80,80,2,>
48_061_2025_001_HI85_2D_JUNSEP,48061,Cameron (Brownsville),Lower Valley (4110),2025-06-02,2025-06-15,14,111.21224251349972,106.34896987633917,7.824114722076274,3.6584746942271815,51.21864571918054,0,14,14,13,2,0,False,valid,2025-06-13,2025-06-13,True,True,True,HI85_2D_JUNSEP,warm_season_heatwave,derived_tmax_rhmin_hi_proxy_f,walk_forward_1979_to_Yminus1,jun_sep,floor_hi_ge_80,80,2,>
48_061_2025_002_HI85_2D_JUNSEP,48061,Cameron (Brownsville),Lower Valley (4110),2025-07-23,2025-07-24,2,106.35161633782552,106.29859109857702,1.1093974778983124,1.1067821862948364,2.2135643725896728,0,2,2,2,2,0,False,valid,2025-07-24,2025-07-24,True,True,True,HI85_2D_JUNSEP,warm_season_heatwave,derived_tmax_rhmin_hi_proxy_f,walk_forward_1979_to_Yminus1,jun_sep,floor_hi_ge_80,80,2,>
48_061_2025_003_HI85_2D_JUNSEP,48061,Cameron (Brownsville),Lower Valley (4110),2025-07-31,2025-08-04,5,113.64099535937532,110.48983037635585,7.440194806740166,4.301948830750172,21.50974415375086,0,5,5,5,5,0,False,valid,2025-08-02,2025-08-02,True,True,True,HI85_2D_JUNSEP,warm_season_heatwave,derived_tmax_rhmin_hi_proxy_f,walk_forward_1979_to_Yminus1,jun_sep,floor_hi_ge_80,80,2,>
48_061_2025_004_HI85_2D_JUNSEP,48061,Cameron (Brownsville),Lower Valley (4110),2025-08-07,2025-08-14,8,111.22739500028923,109.94552275202473,4.201245857202352,3.039579189790814,24.316633518326512,0,8,8,8,8,0,False,valid,2025-08-13,2025-08-13,True,True,True,HI85_2D_JUNSEP,warm_season_heatwave,derived_tmax_rhmin_hi_proxy_f,walk_forward_1979_to_Yminus1,jun_sep,floor_hi_ge_80,80,2,>
48_061_2025_005_HI85_2D_JUNSEP,48061,Cameron (Brownsville),Lower Valley (4110),2025-08-17,2025-08-18,2,109.5751278493206,108.95590551227484,2.467543753482829,1.8483214164370736,3.696642832874147,0,2,2,2,0,0,False,valid,2025-08-17,2025-08-17,True,True,True,HI85_2D_JUNSEP,warm_season_heatwave,derived_tmax_rhmin_hi_proxy_f,walk_forward_1979_to_Yminus1,jun_sep,floor_hi_ge_80,80,2,>
48_061_2025_006_HI85_2D_JUNSEP,48061,Cameron (Brownsville),Lower Valley (4110),2025-08-28,2025-08-31,4,110.63819421646588,108.64151133413904,4.335514648989559,2.3953507294465766,9.581402917786306,0,4,4,4,3,0,False,valid,2025-08-29,2025-08-29,True,True,True,HI85_2D_JUNSEP,warm_season_heatwave,derived_tmax_rhmin_hi_proxy_f,walk_forward_1979_to_Yminus1,jun_sep,floor_hi_ge_80,80,2,>
48_061_2025_007_HI85_2D_JUNSEP,48061,Cameron (Brownsville),Lower Valley (4110),2025-09-04,2025-09-06,3,111.35145940291758,109.5154786162489,6.454118709923208,4.454239953359756,13.362719860079267,0,3,3,3,3,0,False,valid,2025-09-06,2025-09-06,True,True,True,HI85_2D_JUNSEP,warm_season_heatwave,derived_tmax_rhmin_hi_proxy_f,walk_forward_1979_to_Yminus1,jun_sep,floor_hi_ge_80,80,2,>
48_141_2017_001_HI85_2D_JUNSEP,48141,El Paso,Trans-Pecos (4105),2017-06-19,2017-06-23,5,103.1289526745072,100.81326752108575,5.324039729085484,3.2299094856770383,16.14954742838519,0,5,3,1,5,5,False,valid,2017-06-23,2017-06-23,True,True,True,HI85_2D_JUNSEP,warm_season_heatwave,derived_tmax_rhmin_hi_proxy_f,walk_forward_1979_to_Yminus1,jun_sep,floor_hi_ge_80,80,2,>
48_141_2017_002_HI85_2D_JUNSEP,48141,El Paso,Trans-Pecos (4105),2017-09-13,2017-09-14,2,92.59868400105826,92.51783102283669,0.6707168624359099,0.6270928744125257,1.2541857488250514,0,0,0,0,2,0,False,valid,2017-09-13,2017-09-14,False,False,False,HI85_2D_JUNSEP,warm_season_heatwave,derived_tmax_rhmin_hi_proxy_f,walk_forward_1979_to_Yminus1,jun_sep,floor_hi_ge_80,80,2,>
48_141_2018_001_HI85_2D_JUNSEP,48141,El Paso,Trans-Pecos (4105),2018-06-05,2018-06-06,2,96.37960711658002,95.88968296303617,1.1030255232346917,0.556243590580948,1.112487181161896,0,2,0,0,2,2,False,valid,2018-06-05,2018-06-05,True,False,False,HI85_2D_JUNSEP,warm_season_heatwave,derived_tmax_rhmin_hi_proxy_f,walk_forward_1979_to_Yminus1,jun_sep,floor_hi_ge_80,80,2,>
48_141_2018_002_HI85_2D_JUNSEP,48141,El Paso,Trans-Pecos (4105),2018-06-21,2018-06-23,3,101.31794012624256,99.38448661162236,3.631929078416917,1.6876066921747015,5.062820076524105,0,3,1,0,3,3,False,valid,2018-06-22,2018-06-22,True,True,False,HI85_2D_JUNSEP,warm_season_heatwave,derived_tmax_rhmin_hi_proxy_f,walk_forward_1979_to_Yminus1,jun_sep,floor_hi_ge_80,80,2,>
48_141_2018_003_HI85_2D_JUNSEP,48141,El Paso,Trans-Pecos (4105),2018-09-12,2018-09-13,2,92.655056606884,92.49286201619205,0.7030540706831232,0.41935395067493175,0.8387079013498635,0,0,0,0,2,0,False,valid,2018-09-13,2018-09-13,False,False,False,HI85_2D_JUNSEP,warm_season_heatwave,derived_tmax_rhmin_hi_proxy_f,walk_forward_1979_to_Yminus1,jun_sep,floor_hi_ge_80,80,2,>
48_141_2019_001_HI85_2D_JUNSEP,48141,El Paso,Trans-Pecos (4105),2019-07-17,2019-07-18,2,99.25309158514754,98.82469106667439,0.8241899047604022,0.4213334600994969,0.8426669201989938,0,2,0,0,2,2,False,valid,2019-07-17,2019-07-17,True,False,False,HI85_2D_JUNSEP,warm_season_heatwave,derived_tmax_rhmin_hi_proxy_f,walk_forward_1979_to_Yminus1,jun_sep,floor_hi_ge_80,80,2,>
48_141_2019_002_HI85_2D_JUNSEP,48141,El Paso,Trans-Pecos (4105),2019-07-20,2019-07-21,2,99.30897276713858,98.90305075595379,0.9461964911661482,0.535019348560013,1.070038697120026,0,2,0,0,2,2,False,valid,2019-07-21,2019-07-21,True,False,False,HI85_2D_JUNSEP,warm_season_heatwave,derived_tmax_rhmin_hi_proxy_f,walk_forward_1979_to_Yminus1,jun_sep,floor_hi_ge_80,80,2,>
48_141_2019_003_HI85_2D_JUNSEP,48141,El Paso,Trans-Pecos (4105),2019-08-02,2019-08-03,2,99.45478029611311,99.11750429697825,1.8663317145502276,1.596790826560273,3.193581653120546,0,2,0,0,2,2,False,valid,2019-08-02,2019-08-02,True,False,False,HI85_2D_JUNSEP,warm_season_heatwave,derived_tmax_rhmin_hi_proxy_f,walk_forward_1979_to_Yminus1,jun_sep,floor_hi_ge_80,80,2,>
48_141_2019_004_HI85_2D_JUNSEP,48141,El Paso,Trans-Pecos (4105),2019-08-05,2019-08-07,3,98.97815124536984,98.35772693916078,1.848312394488886,1.2238325287087595,3.6714975861262786,0,3,0,0,3,2,False,valid,2019-08-06,2019-08-06,True,False,False,HI85_2D_JUNSEP,warm_season_heatwave,derived_tmax_rhmin_hi_proxy_f,walk_forward_1979_to_Yminus1,jun_sep,floor_hi_ge_80,80,2,>
48_141_2019_005_HI85_2D_JUNSEP,48141,El Paso,Trans-Pecos (4105),2019-08-16,2019-08-18,3,97.8710040011925,97.56668659739523,1.3916664513637613,0.9986465494673004,2.995939648401901,0,3,0,0,3,2,False,valid,2019-08-17,2019-08-18,True,False,False,HI85_2D_JUNSEP,warm_season_heatwave,derived_tmax_rhmin_hi_proxy_f,walk_forward_1979_to_Yminus1,jun_sep,floor_hi_ge_80,80,2,>
48_141_2019_006_HI85_2D_JUNSEP,48141,El Paso,Trans-Pecos (4105),2019-08-20,2019-08-21,2,97.2410672991313,96.97658580512734,1.0471377028237043,0.8722865932377957,1.7445731864755913,0,2,0,0,2,1,False,valid,2019-08-20,2019-08-20,True,False,False,HI85_2D_JUNSEP,warm_season_heatwave,derived_tmax_rhmin_hi_proxy_f,walk_forward_1979_to_Yminus1,jun_sep,floor_hi_ge_80,80,2,>
48_141_2019_007_HI85_2D_JUNSEP,48141,El Paso,Trans-Pecos (4105),2019-08-25,2019-08-27,3,101.92455769817056,100.83918061023331,6.419800399422243,5.365313847908875,16.095941543726624,0,3,3,0,3,3,False,valid,2019-08-26,2019-08-26,True,True,False,HI85_2D_JUNSEP,warm_season_heatwave,derived_tmax_rhmin_hi_proxy_f,walk_forward_1979_to_Yminus1,jun_sep,floor_hi_ge_80,80,2,>
48_141_2020_001_HI85_2D_JUNSEP,48141,El Paso,Trans-Pecos (4105),2020-06-02,2020-06-06,5,99.536789341576,97.63650275683776,4.2921683947139115,2.6893040450178205,13.446520225089102,0,4,0,0,5,4,False,valid,2020-06-05,2020-06-05,True,False,False,HI85_2D_JUNSEP,warm_season_heatwave,derived_tmax_rhmin_hi_proxy_f,walk_forward_1979_to_Yminus1,jun_sep,floor_hi_ge_80,80,2,>
48_141_2020_002_HI85_2D_JUNSEP,48141,El Paso,Trans-Pecos (4105),2020-07-08,2020-07-11,4,101.77854955081445,100.12255776475784,3.2844241293600476,1.6246591296530362,6.498636518612145,0,4,2,0,4,4,False,valid,2020-07-10,2020-07-10,True,True,False,HI85_2D_JUNSEP,warm_season_heatwave,derived_tmax_rhmin_hi_proxy_f,walk_forward_1979_to_Yminus1,jun_sep,floor_hi_ge_80,80,2,>
48_141_2020_003_HI85_2D_JUNSEP,48141,El Paso,Trans-Pecos (4105),2020-07-13,2020-07-15,3,99.58637048046825,99.06950411585797,1.0922450590138482,0.5938746858216035,1.7816240574648106,0,3,0,0,3,3,False,valid,2020-07-13,2020-07-13,True,False,False,HI85_2D_JUNSEP,warm_season_heatwave,derived_tmax_rhmin_hi_proxy_f,walk_forward_1979_to_Yminus1,jun_sep,floor_hi_ge_80,80,2,>
48_141_2020_004_HI85_2D_JUNSEP,48141,El Paso,Trans-Pecos (4105),2020-08-09,2020-08-15,7,100.05125495556436,98.93970464232356,3.144081751697726,2.0328931443175002,14.2302520102225,0,7,1,0,7,7,False,valid,2020-08-12,2020-08-12,True,True,False,HI85_2D_JUNSEP,warm_season_heatwave,derived_tmax_rhmin_hi_proxy_f,walk_forward_1979_to_Yminus1,jun_sep,floor_hi_ge_80,80,2,>
48_141_2020_005_HI85_2D_JUNSEP,48141,El Paso,Trans-Pecos (4105),2020-08-20,2020-08-23,4,97.93193136898392,97.5257195994325,1.75154643926804,1.416852867630137,5.667411470520548,0,4,0,0,4,4,False,valid,2020-08-21,2020-08-22,True,False,False,HI85_2D_JUNSEP,warm_season_heatwave,derived_tmax_rhmin_hi_proxy_f,walk_forward_1979_to_Yminus1,jun_sep,floor_hi_ge_80,80,2,>
48_141_2020_006_HI85_2D_JUNSEP,48141,El Paso,Trans-Pecos (4105),2020-08-28,2020-08-29,2,98.67404157764284,97.13754941860208,3.5372788255607617,1.9249692814156703,3.8499385628313405,0,2,0,0,2,2,False,valid,2020-08-29,2020-08-29,True,False,False,HI85_2D_JUNSEP,warm_season_heatwave,derived_tmax_rhmin_hi_proxy_f,walk_forward_1979_to_Yminus1,jun_sep,floor_hi_ge_80,80,2,>
48_141_2020_007_HI85_2D_JUNSEP,48141,El Paso,Trans-Pecos (4105),2020-09-07,2020-09-08,2,96.11685446077256,94.82175351274023,2.9098259679956016,1.4864664441258881,2.9729328882517763,0,1,0,0,2,0,False,valid,2020-09-08,2020-09-08,True,False,False,HI85_2D_JUNSEP,warm_season_heatwave,derived_tmax_rhmin_hi_proxy_f,walk_forward_1979_to_Yminus1,jun_sep,floor_hi_ge_80,80,2,>
48_141_2020_008_HI85_2D_JUNSEP,48141,El Paso,Trans-Pecos (4105),2020-09-25,2020-09-27,3,90.56787601327356,90.32734324295792,1.3311534992339773,1.0687369483643654,3.2062108450930964,0,0,0,0,3,0,False,valid,2020-09-26,2020-09-26,False,False,False,HI85_2D_JUNSEP,warm_season_heatwave,derived_tmax_rhmin_hi_proxy_f,walk_forward_1979_to_Yminus1,jun_sep,floor_hi_ge_80,80,2,>
48_141_2021_001_HI85_2D_JUNSEP,48141,El Paso,Trans-Pecos (4105),2021-06-10,2021-06-12,3,99.81340839836282,98.10105727220828,3.3796441487329076,1.8616838695675852,5.585051608702756,0,3,0,0,3,3,False,valid,2021-06-12,2021-06-12,True,False,False,HI85_2D_JUNSEP,warm_season_heatwave,derived_tmax_rhmin_hi_proxy_f,walk_forward_1979_to_Yminus1,jun_sep,floor_hi_ge_80,80,2,>
48_141_2021_002_HI85_2D_JUNSEP,48141,El Paso,Trans-Pecos (4105),2021-06-20,2021-06-25,6,100.84291506911552,99.12681395364035,3.459839987325921,1.4404953484318834,8.6429720905913,0,6,1,0,6,5,False,valid,2021-06-20,2021-06-20,True,True,False,HI85_2D_JUNSEP,warm_season_heatwave,derived_tmax_rhmin_hi_proxy_f,walk_forward_1979_to_Yminus1,jun_sep,floor_hi_ge_80,80,2,>
48_141_2021_003_HI85_2D_JUNSEP,48141,El Paso,Trans-Pecos (4105),2021-09-16,2021-09-20,5,92.86027954074405,92.08342583425454,2.267907354118563,1.2744021350152195,6.372010675076098,0,0,0,0,4,0,False,valid,2021-09-19,2021-09-19,False,False,False,HI85_2D_JUNSEP,warm_season_heatwave,derived_tmax_rhmin_hi_proxy_f,walk_forward_1979_to_Yminus1,jun_sep,floor_hi_ge_80,80,2,>
48_141_2022_001_HI85_2D_JUNSEP,48141,El Paso,Trans-Pecos (4105),2022-06-07,2022-06-08,2,99.2413391822332,98.16052815636598,3.503728444312401,2.509305257884904,5.018610515769808,0,2,0,0,2,2,False,valid,2022-06-08,2022-06-08,True,False,False,HI85_2D_JUNSEP,warm_season_heatwave,derived_tmax_rhmin_hi_proxy_f,walk_forward_1979_to_Yminus1,jun_sep,floor_hi_ge_80,80,2,>
48_141_2022_002_HI85_2D_JUNSEP,48141,El Paso,Trans-Pecos (4105),2022-06-10,2022-06-13,4,100.07841366543434,99.32855100554625,3.768598436632047,2.937740345063773,11.750961380255092,0,4,1,0,4,4,False,valid,2022-06-11,2022-06-11,True,True,False,HI85_2D_JUNSEP,warm_season_heatwave,derived_tmax_rhmin_hi_proxy_f,walk_forward_1979_to_Yminus1,jun_sep,floor_hi_ge_80,80,2,>
48_141_2022_003_HI85_2D_JUNSEP,48141,El Paso,Trans-Pecos (4105),2022-07-19,2022-07-21,3,102.84918283547614,101.45314072149608,4.4709919701016645,3.071159530863516,9.213478592590548,0,3,3,0,3,3,False,valid,2022-07-20,2022-07-20,True,True,False,HI85_2D_JUNSEP,warm_season_heatwave,derived_tmax_rhmin_hi_proxy_f,walk_forward_1979_to_Yminus1,jun_sep,floor_hi_ge_80,80,2,>
48_141_2022_004_HI85_2D_JUNSEP,48141,El Paso,Trans-Pecos (4105),2022-08-01,2022-08-05,5,99.67205866681192,98.98374400716565,1.9756063421179988,1.4267577669905052,7.133788834952526,0,5,0,0,5,3,False,valid,2022-08-01,2022-08-01,True,False,False,HI85_2D_JUNSEP,warm_season_heatwave,derived_tmax_rhmin_hi_proxy_f,walk_forward_1979_to_Yminus1,jun_sep,floor_hi_ge_80,80,2,>
48_141_2022_005_HI85_2D_JUNSEP,48141,El Paso,Trans-Pecos (4105),2022-08-28,2022-08-29,2,96.1933025036538,95.86358652493703,0.8567315592302833,0.6115869321462881,1.2231738642925762,0,2,0,0,2,0,False,valid,2022-08-28,2022-08-28,True,False,False,HI85_2D_JUNSEP,warm_season_heatwave,derived_tmax_rhmin_hi_proxy_f,walk_forward_1979_to_Yminus1,jun_sep,floor_hi_ge_80,80,2,>
48_141_2023_001_HI85_2D_JUNSEP,48141,El Paso,Trans-Pecos (4105),2023-06-21,2023-06-25,5,99.8133148473852,98.70144948323278,2.0074029921421186,0.899782880548966,4.4989144027448305,0,5,0,0,5,5,False,valid,2023-06-23,2023-06-23,True,False,False,HI85_2D_JUNSEP,warm_season_heatwave,derived_tmax_rhmin_hi_proxy_f,walk_forward_1979_to_Yminus1,jun_sep,floor_hi_ge_80,80,2,>
48_141_2023_002_HI85_2D_JUNSEP,48141,El Paso,Trans-Pecos (4105),2023-06-27,2023-06-28,2,99.930758257227,99.6696113579103,1.7265450433501002,1.5141402091183735,3.028280418236747,0,2,0,0,2,2,False,valid,2023-06-28,2023-06-28,True,False,False,HI85_2D_JUNSEP,warm_season_heatwave,derived_tmax_rhmin_hi_proxy_f,walk_forward_1979_to_Yminus1,jun_sep,floor_hi_ge_80,80,2,>
48_141_2023_003_HI85_2D_JUNSEP,48141,El Paso,Trans-Pecos (4105),2023-07-05,2023-07-14,10,103.15697317405886,101.8614351233585,4.662547420273,3.3613534070603763,33.61353407060376,0,10,9,1,10,10,False,valid,2023-07-10,2023-07-10,True,True,True,HI85_2D_JUNSEP,warm_season_heatwave,derived_tmax_rhmin_hi_proxy_f,walk_forward_1979_to_Yminus1,jun_sep,floor_hi_ge_80,80,2,>
48_141_2023_004_HI85_2D_JUNSEP,48141,El Paso,Trans-Pecos (4105),2023-07-16,2023-07-19,4,100.50569213502708,99.2691671038325,2.08359558667388,0.8509287298037691,3.4037149192150764,0,4,1,0,4,4,False,valid,2023-07-17,2023-07-17,True,True,False,HI85_2D_JUNSEP,warm_season_heatwave,derived_tmax_rhmin_hi_proxy_f,walk_forward_1979_to_Yminus1,jun_sep,floor_hi_ge_80,80,2,>
48_141_2023_005_HI85_2D_JUNSEP,48141,El Paso,Trans-Pecos (4105),2023-08-04,2023-08-07,4,103.15281146717044,102.0399498836875,5.779169573304742,4.649352444945652,18.59740977978261,0,4,4,1,4,4,False,valid,2023-08-06,2023-08-06,True,True,True,HI85_2D_JUNSEP,warm_season_heatwave,derived_tmax_rhmin_hi_proxy_f,walk_forward_1979_to_Yminus1,jun_sep,floor_hi_ge_80,80,2,>
48_141_2023_006_HI85_2D_JUNSEP,48141,El Paso,Trans-Pecos (4105),2023-08-09,2023-08-11,3,99.45308851329524,98.5735047725967,2.333206317512847,1.5212846258554578,4.563853877566373,0,3,0,0,3,2,False,valid,2023-08-09,2023-08-09,True,False,False,HI85_2D_JUNSEP,warm_season_heatwave,derived_tmax_rhmin_hi_proxy_f,walk_forward_1979_to_Yminus1,jun_sep,floor_hi_ge_80,80,2,>
48_141_2023_007_HI85_2D_JUNSEP,48141,El Paso,Trans-Pecos (4105),2023-09-06,2023-09-11,6,97.13977338482756,95.8332371418886,3.7746789722891094,2.7293517876420688,16.376110725852413,0,4,0,0,6,5,False,valid,2023-09-07,2023-09-08,True,False,False,HI85_2D_JUNSEP,warm_season_heatwave,derived_tmax_rhmin_hi_proxy_f,walk_forward_1979_to_Yminus1,jun_sep,floor_hi_ge_80,80,2,>
48_141_2023_008_HI85_2D_JUNSEP,48141,El Paso,Trans-Pecos (4105),2023-09-22,2023-09-30,9,93.09155664538302,91.03875175093489,3.059865445793676,1.712176370118712,15.409587331068408,0,0,0,0,5,0,False,valid,2023-09-23,2023-09-23,False,False,False,HI85_2D_JUNSEP,warm_season_heatwave,derived_tmax_rhmin_hi_proxy_f,walk_forward_1979_to_Yminus1,jun_sep,floor_hi_ge_80,80,2,>
48_141_2024_001_HI85_2D_JUNSEP,48141,El Paso,Trans-Pecos (4105),2024-06-06,2024-06-07,2,99.1234124679795,98.68734023394532,3.512763303019341,3.1553757770096738,6.3107515540193475,0,2,0,0,2,2,False,valid,2024-06-07,2024-06-07,True,False,False,HI85_2D_JUNSEP,warm_season_heatwave,derived_tmax_rhmin_hi_proxy_f,walk_forward_1979_to_Yminus1,jun_sep,floor_hi_ge_80,80,2,>
48_141_2024_002_HI85_2D_JUNSEP,48141,El Paso,Trans-Pecos (4105),2024-06-12,2024-06-14,3,100.66453444771484,99.78328808263684,3.7455438602436004,3.041873084216064,9.125619252648193,0,3,2,0,3,3,False,valid,2024-06-14,2024-06-14,True,True,False,HI85_2D_JUNSEP,warm_season_heatwave,derived_tmax_rhmin_hi_proxy_f,walk_forward_1979_to_Yminus1,jun_sep,floor_hi_ge_80,80,2,>
48_141_2024_003_HI85_2D_JUNSEP,48141,El Paso,Trans-Pecos (4105),2024-06-23,2024-06-26,4,105.47173064367148,101.73789946117527,7.260974062999381,3.6640748595579318,14.656299438231727,0,4,3,1,4,4,False,valid,2024-06-26,2024-06-26,True,True,True,HI85_2D_JUNSEP,warm_season_heatwave,derived_tmax_rhmin_hi_proxy_f,walk_forward_1979_to_Yminus1,jun_sep,floor_hi_ge_80,80,2,>
48_141_2024_004_HI85_2D_JUNSEP,48141,El Paso,Trans-Pecos (4105),2024-06-28,2024-06-29,2,103.5998103743852,102.07739558691489,5.213268899939678,3.7178988935359314,7.435797787071863,0,2,2,1,2,2,False,valid,2024-06-29,2024-06-29,True,True,True,HI85_2D_JUNSEP,warm_season_heatwave,derived_tmax_rhmin_hi_proxy_f,walk_forward_1979_to_Yminus1,jun_sep,floor_hi_ge_80,80,2,>
48_141_2024_005_HI85_2D_JUNSEP,48141,El Paso,Trans-Pecos (4105),2024-07-28,2024-07-30,3,101.37891999856146,100.8913236857843,3.3318636933871346,2.7296368680285923,8.188910604085777,0,3,3,0,3,3,False,valid,2024-07-30,2024-07-30,True,True,False,HI85_2D_JUNSEP,warm_season_heatwave,derived_tmax_rhmin_hi_proxy_f,walk_forward_1979_to_Yminus1,jun_sep,floor_hi_ge_80,80,2,>
48_141_2024_006_HI85_2D_JUNSEP,48141,El Paso,Trans-Pecos (4105),2024-08-01,2024-08-02,2,100.26020061478332,99.65156017749308,2.4450932999616413,1.823222955825905,3.64644591165181,0,2,1,0,2,2,False,valid,2024-08-02,2024-08-02,True,True,False,HI85_2D_JUNSEP,warm_season_heatwave,derived_tmax_rhmin_hi_proxy_f,walk_forward_1979_to_Yminus1,jun_sep,floor_hi_ge_80,80,2,>
48_141_2024_007_HI85_2D_JUNSEP,48141,El Paso,Trans-Pecos (4105),2024-08-11,2024-08-12,2,98.3294496663459,97.70474319936027,1.31244286302433,0.6752876278943205,1.350575255788641,0,2,0,0,2,2,False,valid,2024-08-12,2024-08-12,True,False,False,HI85_2D_JUNSEP,warm_season_heatwave,derived_tmax_rhmin_hi_proxy_f,walk_forward_1979_to_Yminus1,jun_sep,floor_hi_ge_80,80,2,>
48_141_2024_008_HI85_2D_JUNSEP,48141,El Paso,Trans-Pecos (4105),2024-08-15,2024-08-23,9,99.92238299271418,98.62167000936934,3.120261998131454,2.1103876704511513,18.99348903406036,0,9,0,0,9,8,False,valid,2024-08-17,2024-08-17,True,False,False,HI85_2D_JUNSEP,warm_season_heatwave,derived_tmax_rhmin_hi_proxy_f,walk_forward_1979_to_Yminus1,jun_sep,floor_hi_ge_80,80,2,>
48_141_2024_009_HI85_2D_JUNSEP,48141,El Paso,Trans-Pecos (4105),2024-09-13,2024-09-14,2,92.85731866937324,92.70213564498468,0.9992340064810037,0.7361033925813061,1.4722067851626122,0,0,0,0,2,0,False,valid,2024-09-14,2024-09-14,False,False,False,HI85_2D_JUNSEP,warm_season_heatwave,derived_tmax_rhmin_hi_proxy_f,walk_forward_1979_to_Yminus1,jun_sep,floor_hi_ge_80,80,2,>
48_141_2024_010_HI85_2D_JUNSEP,48141,El Paso,Trans-Pecos (4105),2024-09-16,2024-09-17,2,94.82098035107532,94.03904345174966,3.642786932606384,2.7539955719655467,5.507991143931093,0,0,0,0,2,0,False,valid,2024-09-17,2024-09-17,False,False,False,HI85_2D_JUNSEP,warm_season_heatwave,derived_tmax_rhmin_hi_proxy_f,walk_forward_1979_to_Yminus1,jun_sep,floor_hi_ge_80,80,2,>
48_141_2024_011_HI85_2D_JUNSEP,48141,El Paso,Trans-Pecos (4105),2024-09-19,2024-09-21,3,92.74408641438212,92.1269468614446,2.0170382744513233,1.5254091293038858,4.576227387911658,0,0,0,0,3,0,False,valid,2024-09-19,2024-09-19,False,False,False,HI85_2D_JUNSEP,warm_season_heatwave,derived_tmax_rhmin_hi_proxy_f,walk_forward_1979_to_Yminus1,jun_sep,floor_hi_ge_80,80,2,>
48_141_2024_012_HI85_2D_JUNSEP,48141,El Paso,Trans-Pecos (4105),2024-09-26,2024-09-28,3,92.210737785259,90.38576721527073,2.892759047877121,1.1152286140814975,3.3456858422444924,0,0,0,0,1,0,False,valid,2024-09-27,2024-09-27,False,False,False,HI85_2D_JUNSEP,warm_season_heatwave,derived_tmax_rhmin_hi_proxy_f,walk_forward_1979_to_Yminus1,jun_sep,floor_hi_ge_80,80,2,>
48_141_2025_001_HI85_2D_JUNSEP,48141,El Paso,Trans-Pecos (4105),2025-06-12,2025-06-17,6,100.1337013330892,98.7153721130175,2.8270596723870227,1.6439801902587117,9.86388114155227,0,6,1,0,6,6,False,valid,2025-06-16,2025-06-16,True,True,False,HI85_2D_JUNSEP,warm_season_heatwave,derived_tmax_rhmin_hi_proxy_f,walk_forward_1979_to_Yminus1,jun_sep,floor_hi_ge_80,80,2,>
48_141_2025_002_HI85_2D_JUNSEP,48141,El Paso,Trans-Pecos (4105),2025-06-19,2025-06-20,2,98.9363653245844,98.52375658282865,1.1889203861192357,0.8285510291109688,1.6571020582219376,0,2,0,0,2,2,False,valid,2025-06-20,2025-06-20,True,False,False,HI85_2D_JUNSEP,warm_season_heatwave,derived_tmax_rhmin_hi_proxy_f,walk_forward_1979_to_Yminus1,jun_sep,floor_hi_ge_80,80,2,>
48_141_2025_003_HI85_2D_JUNSEP,48141,El Paso,Trans-Pecos (4105),2025-07-05,2025-07-06,2,99.07520280788704,99.03418911160207,0.3818019504921182,0.34314762198556537,0.6862952439711307,0,2,0,0,2,2,False,valid,2025-07-06,2025-07-06,True,False,False,HI85_2D_JUNSEP,warm_season_heatwave,derived_tmax_rhmin_hi_proxy_f,walk_forward_1979_to_Yminus1,jun_sep,floor_hi_ge_80,80,2,>
48_141_2025_004_HI85_2D_JUNSEP,48141,El Paso,Trans-Pecos (4105),2025-08-09,2025-08-10,2,99.63840611890838,98.9796551001281,2.2344547070384237,1.673703023715916,3.347406047431832,0,2,0,0,2,2,False,valid,2025-08-09,2025-08-09,True,False,False,HI85_2D_JUNSEP,warm_season_heatwave,derived_tmax_rhmin_hi_proxy_f,walk_forward_1979_to_Yminus1,jun_sep,floor_hi_ge_80,80,2,>
48_141_2025_005_HI85_2D_JUNSEP,48141,El Paso,Trans-Pecos (4105),2025-08-28,2025-08-29,2,97.0107493460988,96.56168714153424,1.5910024963735054,1.1784395138210542,2.3568790276421083,0,2,0,0,2,0,False,valid,2025-08-28,2025-08-28,True,False,False,HI85_2D_JUNSEP,warm_season_heatwave,derived_tmax_rhmin_hi_proxy_f,walk_forward_1979_to_Yminus1,jun_sep,floor_hi_ge_80,80,2,>
48_141_2025_006_HI85_2D_JUNSEP,48141,El Paso,Trans-Pecos (4105),2025-09-21,2025-09-23,3,92.04364712781812,91.37136904844301,1.53477523616516,1.0546582725860152,3.163974817758046,0,0,0,0,0,0,False,valid,2025-09-21,2025-09-21,False,False,False,HI85_2D_JUNSEP,warm_season_heatwave,derived_tmax_rhmin_hi_proxy_f,walk_forward_1979_to_Yminus1,jun_sep,floor_hi_ge_80,80,2,>
48_201_2015_001_HI85_2D_JUNSEP,48201,Harris (Houston),Upper Coast (4108),2015-07-17,2015-07-20,4,106.88274154940297,106.07429534971006,1.8184898158409624,1.115337392366218,4.461349569464872,0,4,4,4,3,0,False,valid,2015-07-20,2015-07-20,True,True,True,HI85_2D_JUNSEP,warm_season_heatwave,derived_tmax_rhmin_hi_proxy_f,walk_forward_1979_to_Yminus1,jun_sep,floor_hi_ge_80,80,2,>
48_201_2015_002_HI85_2D_JUNSEP,48201,Harris (Houston),Upper Coast (4108),2015-07-22,2015-07-24,3,107.4917460348583,106.54731009451235,2.2710766765203516,1.3321741557958309,3.996522467387493,0,3,3,3,3,0,False,valid,2015-07-23,2015-07-23,True,True,True,HI85_2D_JUNSEP,warm_season_heatwave,derived_tmax_rhmin_hi_proxy_f,walk_forward_1979_to_Yminus1,jun_sep,floor_hi_ge_80,80,2,>
48_201_2015_003_HI85_2D_JUNSEP,48201,Harris (Houston),Upper Coast (4108),2015-07-26,2015-07-31,6,108.0417165401066,106.56690391973014,2.743755670402493,1.2607667521220332,7.5646005127321985,0,6,6,6,6,1,False,valid,2015-07-28,2015-07-28,True,True,True,HI85_2D_JUNSEP,warm_season_heatwave,derived_tmax_rhmin_hi_proxy_f,walk_forward_1979_to_Yminus1,jun_sep,floor_hi_ge_80,80,2,>
48_201_2015_004_HI85_2D_JUNSEP,48201,Harris (Houston),Upper Coast (4108),2015-08-05,2015-08-15,11,112.17238159976505,109.1383605392475,6.32060629011491,3.3376317253152696,36.71394897846797,0,11,11,11,11,3,False,valid,2015-08-11,2015-08-11,True,True,True,HI85_2D_JUNSEP,warm_season_heatwave,derived_tmax_rhmin_hi_proxy_f,walk_forward_1979_to_Yminus1,jun_sep,floor_hi_ge_80,80,2,>
48_201_2015_005_HI85_2D_JUNSEP,48201,Harris (Houston),Upper Coast (4108),2015-08-23,2015-08-24,2,107.04494864349284,106.34766555207423,1.8264021994165205,1.1964772036188762,2.3929544072377524,0,2,2,2,2,0,False,valid,2015-08-23,2015-08-23,True,True,True,HI85_2D_JUNSEP,warm_season_heatwave,derived_tmax_rhmin_hi_proxy_f,walk_forward_1979_to_Yminus1,jun_sep,floor_hi_ge_80,80,2,>
48_201_2016_001_HI85_2D_JUNSEP,48201,Harris (Houston),Upper Coast (4108),2016-06-13,2016-06-18,6,106.87987734677814,105.14965457929816,4.327229502964542,2.908392411329205,17.45035446797523,0,6,6,6,4,0,False,valid,2016-06-18,2016-06-18,True,True,True,HI85_2D_JUNSEP,warm_season_heatwave,derived_tmax_rhmin_hi_proxy_f,walk_forward_1979_to_Yminus1,jun_sep,floor_hi_ge_80,80,2,>
48_201_2016_002_HI85_2D_JUNSEP,48201,Harris (Houston),Upper Coast (4108),2016-06-27,2016-06-28,2,106.91604356584853,105.64635789650409,2.9125425540137257,1.6923692505873689,3.3847385011747377,0,2,2,2,2,0,False,valid,2016-06-28,2016-06-28,True,True,True,HI85_2D_JUNSEP,warm_season_heatwave,derived_tmax_rhmin_hi_proxy_f,walk_forward_1979_to_Yminus1,jun_sep,floor_hi_ge_80,80,2,>
48_201_2016_003_HI85_2D_JUNSEP,48201,Harris (Houston),Upper Coast (4108),2016-07-01,2016-07-09,9,111.3662941470796,108.23477370543722,6.919543417968882,3.720146510519609,33.48131859467648,0,9,9,9,8,0,False,valid,2016-07-05,2016-07-05,True,True,True,HI85_2D_JUNSEP,warm_season_heatwave,derived_tmax_rhmin_hi_proxy_f,walk_forward_1979_to_Yminus1,jun_sep,floor_hi_ge_80,80,2,>
48_201_2016_004_HI85_2D_JUNSEP,48201,Harris (Houston),Upper Coast (4108),2016-07-12,2016-07-18,7,109.66672768320656,107.58646517800935,4.861732669885839,2.6345797875820165,18.442058513074116,0,7,7,7,7,0,False,valid,2016-07-13,2016-07-13,True,True,True,HI85_2D_JUNSEP,warm_season_heatwave,derived_tmax_rhmin_hi_proxy_f,walk_forward_1979_to_Yminus1,jun_sep,floor_hi_ge_80,80,2,>
48_201_2016_005_HI85_2D_JUNSEP,48201,Harris (Houston),Upper Coast (4108),2016-07-20,2016-07-25,6,111.47430545421322,108.93727571685208,6.120918567372627,3.5738490435881354,21.443094261528813,0,6,6,6,6,0,False,valid,2016-07-23,2016-07-23,True,True,True,HI85_2D_JUNSEP,warm_season_heatwave,derived_tmax_rhmin_hi_proxy_f,walk_forward_1979_to_Yminus1,jun_sep,floor_hi_ge_80,80,2,>
48_201_2016_006_HI85_2D_JUNSEP,48201,Harris (Houston),Upper Coast (4108),2016-08-01,2016-08-13,13,114.36463657971449,110.47861868951644,8.34466525095658,4.532018501388178,58.91624051804631,0,13,13,13,13,1,False,valid,2016-08-09,2016-08-09,True,True,True,HI85_2D_JUNSEP,warm_season_heatwave,derived_tmax_rhmin_hi_proxy_f,walk_forward_1979_to_Yminus1,jun_sep,floor_hi_ge_80,80,2,>
48_201_2016_007_HI85_2D_JUNSEP,48201,Harris (Houston),Upper Coast (4108),2016-08-31,2016-09-01,2,105.87414879834448,105.06245646106825,1.8221198703288763,1.0659399741429354,2.131879948285871,0,2,2,2,2,0,False,valid,2016-08-31,2016-08-31,True,True,True,HI85_2D_JUNSEP,warm_season_heatwave,derived_tmax_rhmin_hi_proxy_f,walk_forward_1979_to_Yminus1,jun_sep,floor_hi_ge_80,80,2,>
48_201_2016_008_HI85_2D_JUNSEP,48201,Harris (Houston),Upper Coast (4108),2016-09-06,2016-09-08,3,104.74898139148549,103.81883038790124,1.9808595775145648,1.0265853751111582,3.079756125333475,0,3,3,3,0,0,False,valid,2016-09-07,2016-09-07,True,True,True,HI85_2D_JUNSEP,warm_season_heatwave,derived_tmax_rhmin_hi_proxy_f,walk_forward_1979_to_Yminus1,jun_sep,floor_hi_ge_80,80,2,>
48_201_2016_009_HI85_2D_JUNSEP,48201,Harris (Houston),Upper Coast (4108),2016-09-17,2016-09-22,6,111.40878560655533,106.15075845242244,11.784264533956645,6.542834873882654,39.257009243295926,0,6,6,4,4,0,False,valid,2016-09-19,2016-09-19,True,True,True,HI85_2D_JUNSEP,warm_season_heatwave,derived_tmax_rhmin_hi_proxy_f,walk_forward_1979_to_Yminus1,jun_sep,floor_hi_ge_80,80,2,>
48_201_2017_001_HI85_2D_JUNSEP,48201,Harris (Houston),Upper Coast (4108),2017-06-15,2017-06-16,2,104.46251449514638,104.04588864582158,2.1387458006057756,1.68510084348501,3.37020168697002,0,2,2,2,2,0,False,valid,2017-06-15,2017-06-15,True,True,True,HI85_2D_JUNSEP,warm_season_heatwave,derived_tmax_rhmin_hi_proxy_f,walk_forward_1979_to_Yminus1,jun_sep,floor_hi_ge_80,80,2,>
48_201_2017_002_HI85_2D_JUNSEP,48201,Harris (Houston),Upper Coast (4108),2017-06-18,2017-06-20,3,105.25660382371368,104.35211996998527,2.3704296046746407,1.453822220100965,4.361466660302895,0,3,3,3,1,0,False,valid,2017-06-19,2017-06-19,True,True,True,HI85_2D_JUNSEP,warm_season_heatwave,derived_tmax_rhmin_hi_proxy_f,walk_forward_1979_to_Yminus1,jun_sep,floor_hi_ge_80,80,2,>
48_201_2017_003_HI85_2D_JUNSEP,48201,Harris (Houston),Upper Coast (4108),2017-07-03,2017-07-04,2,106.48744170714164,106.00223732054131,1.857272535041247,1.3624257631468524,2.7248515262937048,0,2,2,2,2,0,False,valid,2017-07-04,2017-07-04,True,True,True,HI85_2D_JUNSEP,warm_season_heatwave,derived_tmax_rhmin_hi_proxy_f,walk_forward_1979_to_Yminus1,jun_sep,floor_hi_ge_80,80,2,>
48_201_2017_004_HI85_2D_JUNSEP,48201,Harris (Houston),Upper Coast (4108),2017-07-20,2017-07-21,2,107.35445545721149,107.2884086377501,1.7550726810537611,1.7130605445594327,3.4261210891188654,0,2,2,2,2,0,False,valid,2017-07-21,2017-07-21,True,True,True,HI85_2D_JUNSEP,warm_season_heatwave,derived_tmax_rhmin_hi_proxy_f,walk_forward_1979_to_Yminus1,jun_sep,floor_hi_ge_80,80,2,>
48_201_2017_005_HI85_2D_JUNSEP,48201,Harris (Houston),Upper Coast (4108),2017-07-26,2017-07-29,4,108.39433598076496,107.83674438565517,2.5803593935209648,2.002442132415368,8.009768529661471,0,4,4,4,4,1,False,valid,2017-07-26,2017-07-26,True,True,True,HI85_2D_JUNSEP,warm_season_heatwave,derived_tmax_rhmin_hi_proxy_f,walk_forward_1979_to_Yminus1,jun_sep,floor_hi_ge_80,80,2,>
48_201_2017_006_HI85_2D_JUNSEP,48201,Harris (Houston),Upper Coast (4108),2017-08-10,2017-08-20,11,111.4094247289875,109.63189873023711,5.1460192704878835,3.582233673913193,39.40457041304512,0,11,11,11,11,0,False,valid,2017-08-12,2017-08-12,True,True,True,HI85_2D_JUNSEP,warm_season_heatwave,derived_tmax_rhmin_hi_proxy_f,walk_forward_1979_to_Yminus1,jun_sep,floor_hi_ge_80,80,2,>
48_201_2017_007_HI85_2D_JUNSEP,48201,Harris (Houston),Upper Coast (4108),2017-09-17,2017-09-20,4,104.17854794298438,102.30257473081467,4.517002059397399,2.3422959089999367,9.369183635999747,0,4,4,1,0,0,False,valid,2017-09-20,2017-09-20,True,True,True,HI85_2D_JUNSEP,warm_season_heatwave,derived_tmax_rhmin_hi_proxy_f,walk_forward_1979_to_Yminus1,jun_sep,floor_hi_ge_80,80,2,>
48_201_2017_008_HI85_2D_JUNSEP,48201,Harris (Houston),Upper Coast (4108),2017-09-26,2017-09-28,3,101.71477631902069,100.66656255807128,3.749225167867408,2.5224941375674255,7.567482412702276,0,3,2,0,0,0,False,valid,2017-09-28,2017-09-28,True,True,False,HI85_2D_JUNSEP,warm_season_heatwave,derived_tmax_rhmin_hi_proxy_f,walk_forward_1979_to_Yminus1,jun_sep,floor_hi_ge_80,80,2,>
48_201_2018_001_HI85_2D_JUNSEP,48201,Harris (Houston),Upper Coast (4108),2018-06-01,2018-06-03,3,101.67296480199444,101.49068085269454,1.8630582363230843,1.6689194424926939,5.006758327478082,0,3,3,0,3,0,False,valid,2018-06-02,2018-06-02,True,True,False,HI85_2D_JUNSEP,warm_season_heatwave,derived_tmax_rhmin_hi_proxy_f,walk_forward_1979_to_Yminus1,jun_sep,floor_hi_ge_80,80,2,>
48_201_2018_002_HI85_2D_JUNSEP,48201,Harris (Houston),Upper Coast (4108),2018-06-05,2018-06-06,2,102.22829149838222,101.97807650553662,1.6255923169856032,1.2371604988725196,2.474320997745039,0,2,2,0,2,0,False,valid,2018-06-05,2018-06-05,True,True,False,HI85_2D_JUNSEP,warm_season_heatwave,derived_tmax_rhmin_hi_proxy_f,walk_forward_1979_to_Yminus1,jun_sep,floor_hi_ge_80,80,2,>
48_201_2018_003_HI85_2D_JUNSEP,48201,Harris (Houston),Upper Coast (4108),2018-06-12,2018-06-13,2,102.8412853595091,102.50706137726867,0.8307886897107579,0.523281913222327,1.046563826444654,0,2,2,0,2,0,False,valid,2018-06-13,2018-06-13,True,True,False,HI85_2D_JUNSEP,warm_season_heatwave,derived_tmax_rhmin_hi_proxy_f,walk_forward_1979_to_Yminus1,jun_sep,floor_hi_ge_80,80,2,>
48_201_2018_004_HI85_2D_JUNSEP,48201,Harris (Houston),Upper Coast (4108),2018-06-22,2018-06-23,2,105.28664156992475,104.71097755071966,1.7669507657349186,1.144911732382326,2.289823464764652,0,2,2,2,1,0,False,valid,2018-06-22,2018-06-22,True,True,True,HI85_2D_JUNSEP,warm_season_heatwave,derived_tmax_rhmin_hi_proxy_f,walk_forward_1979_to_Yminus1,jun_sep,floor_hi_ge_80,80,2,>
48_201_2018_005_HI85_2D_JUNSEP,48201,Harris (Houston),Upper Coast (4108),2018-08-16,2018-08-17,2,107.26977582827536,106.76438025757483,1.0956031460217162,0.6643525089584301,1.3287050179168602,0,2,2,2,2,0,False,valid,2018-08-16,2018-08-16,True,True,True,HI85_2D_JUNSEP,warm_season_heatwave,derived_tmax_rhmin_hi_proxy_f,walk_forward_1979_to_Yminus1,jun_sep,floor_hi_ge_80,80,2,>
48_201_2018_006_HI85_2D_JUNSEP,48201,Harris (Houston),Upper Coast (4108),2018-08-21,2018-08-22,2,107.93629474860562,107.51427094130759,2.2066977587388408,1.85282812818091,3.70565625636182,0,2,2,2,2,0,False,valid,2018-08-21,2018-08-21,True,True,True,HI85_2D_JUNSEP,warm_season_heatwave,derived_tmax_rhmin_hi_proxy_f,walk_forward_1979_to_Yminus1,jun_sep,floor_hi_ge_80,80,2,>
48_201_2018_007_HI85_2D_JUNSEP,48201,Harris (Houston),Upper Coast (4108),2018-09-17,2018-09-19,3,104.53664398963502,103.59520558835571,4.365298358865218,3.4508067655338643,10.352420296601593,0,3,3,2,2,0,False,valid,2018-09-18,2018-09-18,True,True,True,HI85_2D_JUNSEP,warm_season_heatwave,derived_tmax_rhmin_hi_proxy_f,walk_forward_1979_to_Yminus1,jun_sep,floor_hi_ge_80,80,2,>
48_201_2019_001_HI85_2D_JUNSEP,48201,Harris (Houston),Upper Coast (4108),2019-06-01,2019-06-03,3,101.3319813867784,100.50680212150671,1.43252917075354,0.6000829882947963,1.8002489648843891,0,3,2,0,0,0,False,valid,2019-06-02,2019-06-02,True,True,False,HI85_2D_JUNSEP,warm_season_heatwave,derived_tmax_rhmin_hi_proxy_f,walk_forward_1979_to_Yminus1,jun_sep,floor_hi_ge_80,80,2,>
48_201_2019_002_HI85_2D_JUNSEP,48201,Harris (Houston),Upper Coast (4108),2019-06-21,2019-06-23,3,105.97322960824413,105.53683355056432,2.4630387041757444,2.0152099380803272,6.045629814240982,0,3,3,3,0,0,False,valid,2019-06-22,2019-06-22,True,True,True,HI85_2D_JUNSEP,warm_season_heatwave,derived_tmax_rhmin_hi_proxy_f,walk_forward_1979_to_Yminus1,jun_sep,floor_hi_ge_80,80,2,>
48_201_2019_003_HI85_2D_JUNSEP,48201,Harris (Houston),Upper Coast (4108),2019-07-07,2019-07-08,2,105.15810979030826,105.10419671293157,0.08696751641757317,0.08034021496539623,0.16068042993079246,0,2,2,2,2,0,False,valid,2019-07-08,2019-07-07,True,True,True,HI85_2D_JUNSEP,warm_season_heatwave,derived_tmax_rhmin_hi_proxy_f,walk_forward_1979_to_Yminus1,jun_sep,floor_hi_ge_80,80,2,>
48_201_2019_004_HI85_2D_JUNSEP,48201,Harris (Houston),Upper Coast (4108),2019-08-06,2019-08-15,10,111.24288453138652,108.9787445168959,4.830986826388326,2.625093355002798,26.25093355002798,0,10,10,10,10,2,False,valid,2019-08-11,2019-08-11,True,True,True,HI85_2D_JUNSEP,warm_season_heatwave,derived_tmax_rhmin_hi_proxy_f,walk_forward_1979_to_Yminus1,jun_sep,floor_hi_ge_80,80,2,>
48_201_2019_005_HI85_2D_JUNSEP,48201,Harris (Houston),Upper Coast (4108),2019-08-26,2019-08-28,3,108.71422911831112,107.25507608595494,3.7784391846802095,2.3178992629114723,6.9536977887344165,0,3,3,3,2,0,False,valid,2019-08-27,2019-08-27,True,True,True,HI85_2D_JUNSEP,warm_season_heatwave,derived_tmax_rhmin_hi_proxy_f,walk_forward_1979_to_Yminus1,jun_sep,floor_hi_ge_80,80,2,>
48_201_2019_006_HI85_2D_JUNSEP,48201,Harris (Houston),Upper Coast (4108),2019-09-28,2019-09-30,3,103.13968591220492,102.02469510458116,5.74189212186468,4.154909692804973,12.46472907841492,0,3,3,1,0,0,False,valid,2019-09-30,2019-09-30,True,True,True,HI85_2D_JUNSEP,warm_season_heatwave,derived_tmax_rhmin_hi_proxy_f,walk_forward_1979_to_Yminus1,jun_sep,floor_hi_ge_80,80,2,>
48_201_2020_001_HI85_2D_JUNSEP,48201,Harris (Houston),Upper Coast (4108),2020-06-04,2020-06-05,2,101.1908141965879,100.9646404347249,0.7278405224687106,0.37864568705566626,0.7572913741113325,0,2,2,0,0,0,False,valid,2020-06-04,2020-06-04,True,True,False,HI85_2D_JUNSEP,warm_season_heatwave,derived_tmax_rhmin_hi_proxy_f,walk_forward_1979_to_Yminus1,jun_sep,floor_hi_ge_80,80,2,>
48_201_2020_002_HI85_2D_JUNSEP,48201,Harris (Houston),Upper Coast (4108),2020-07-09,2020-07-11,3,106.33970651336035,105.86752995208771,1.3574396387382137,0.8618643106239384,2.5855929318718154,0,3,3,3,3,0,False,valid,2020-07-10,2020-07-10,True,True,True,HI85_2D_JUNSEP,warm_season_heatwave,derived_tmax_rhmin_hi_proxy_f,walk_forward_1979_to_Yminus1,jun_sep,floor_hi_ge_80,80,2,>
48_201_2020_003_HI85_2D_JUNSEP,48201,Harris (Houston),Upper Coast (4108),2020-08-11,2020-08-16,6,111.05741636169094,108.37426351085661,4.538066239461202,1.9425203832990665,11.6551222997944,0,6,6,6,6,1,False,valid,2020-08-12,2020-08-12,True,True,True,HI85_2D_JUNSEP,warm_season_heatwave,derived_tmax_rhmin_hi_proxy_f,walk_forward_1979_to_Yminus1,jun_sep,floor_hi_ge_80,80,2,>
48_201_2020_004_HI85_2D_JUNSEP,48201,Harris (Houston),Upper Coast (4108),2020-08-27,2020-09-02,7,112.7842529083524,109.133773582761,8.087120949413475,4.671294887447083,32.699064212129585,0,7,7,7,7,0,False,valid,2020-08-29,2020-08-29,True,True,True,HI85_2D_JUNSEP,warm_season_heatwave,derived_tmax_rhmin_hi_proxy_f,walk_forward_1979_to_Yminus1,jun_sep,floor_hi_ge_80,80,2,>
48_201_2020_005_HI85_2D_JUNSEP,48201,Harris (Houston),Upper Coast (4108),2020-09-04,2020-09-06,3,105.9330832704469,105.22283247369906,2.8153856244860833,1.88903315334971,5.66709946004913,0,3,3,3,2,0,False,valid,2020-09-04,2020-09-06,True,True,True,HI85_2D_JUNSEP,warm_season_heatwave,derived_tmax_rhmin_hi_proxy_f,walk_forward_1979_to_Yminus1,jun_sep,floor_hi_ge_80,80,2,>
48_201_2021_001_HI85_2D_JUNSEP,48201,Harris (Houston),Upper Coast (4108),2021-06-07,2021-06-17,11,110.46717209403208,105.57396647862029,8.258511899061062,3.6711460176709285,40.382606194380216,0,11,11,8,5,0,False,valid,2021-06-14,2021-06-14,True,True,True,HI85_2D_JUNSEP,warm_season_heatwave,derived_tmax_rhmin_hi_proxy_f,walk_forward_1979_to_Yminus1,jun_sep,floor_hi_ge_80,80,2,>
48_201_2021_002_HI85_2D_JUNSEP,48201,Harris (Houston),Upper Coast (4108),2021-06-19,2021-06-20,2,109.44171349872694,106.71577318579783,6.482988144513143,3.650824636750073,7.301649273500146,0,2,2,2,1,0,False,valid,2021-06-19,2021-06-19,True,True,True,HI85_2D_JUNSEP,warm_season_heatwave,derived_tmax_rhmin_hi_proxy_f,walk_forward_1979_to_Yminus1,jun_sep,floor_hi_ge_80,80,2,>
48_201_2021_003_HI85_2D_JUNSEP,48201,Harris (Houston),Upper Coast (4108),2021-06-23,2021-06-25,3,107.27161475695942,106.85930995029791,3.6744540034867157,3.111486466100866,9.334459398302599,0,3,3,3,1,0,False,valid,2021-06-23,2021-06-23,True,True,True,HI85_2D_JUNSEP,warm_season_heatwave,derived_tmax_rhmin_hi_proxy_f,walk_forward_1979_to_Yminus1,jun_sep,floor_hi_ge_80,80,2,>
48_201_2021_004_HI85_2D_JUNSEP,48201,Harris (Houston),Upper Coast (4108),2021-07-17,2021-07-19,3,106.40313411410308,106.34076601796073,1.0954012402273605,1.0343483226910355,3.1030449680731067,0,3,3,3,2,0,False,valid,2021-07-19,2021-07-19,True,True,True,HI85_2D_JUNSEP,warm_season_heatwave,derived_tmax_rhmin_hi_proxy_f,walk_forward_1979_to_Yminus1,jun_sep,floor_hi_ge_80,80,2,>
48_201_2021_005_HI85_2D_JUNSEP,48201,Harris (Houston),Upper Coast (4108),2021-07-28,2021-07-31,4,109.52599781807648,108.68565257831652,3.534511061362153,2.6266282359357263,10.506512943742905,0,4,4,4,4,0,False,valid,2021-07-29,2021-07-29,True,True,True,HI85_2D_JUNSEP,warm_season_heatwave,derived_tmax_rhmin_hi_proxy_f,walk_forward_1979_to_Yminus1,jun_sep,floor_hi_ge_80,80,2,>
48_201_2021_006_HI85_2D_JUNSEP,48201,Harris (Houston),Upper Coast (4108),2021-08-07,2021-08-12,6,112.0836460221123,109.12262318692746,5.557411133644365,2.6116965437584057,15.670179262550434,0,6,6,6,6,0,False,valid,2021-08-11,2021-08-11,True,True,True,HI85_2D_JUNSEP,warm_season_heatwave,derived_tmax_rhmin_hi_proxy_f,walk_forward_1979_to_Yminus1,jun_sep,floor_hi_ge_80,80,2,>
48_201_2021_007_HI85_2D_JUNSEP,48201,Harris (Houston),Upper Coast (4108),2021-08-14,2021-08-15,2,108.89275962031148,108.63681167211641,2.4636112212682235,2.1839619781812516,4.367923956362503,0,2,2,2,2,0,False,valid,2021-08-15,2021-08-15,True,True,True,HI85_2D_JUNSEP,warm_season_heatwave,derived_tmax_rhmin_hi_proxy_f,walk_forward_1979_to_Yminus1,jun_sep,floor_hi_ge_80,80,2,>
48_201_2021_008_HI85_2D_JUNSEP,48201,Harris (Houston),Upper Coast (4108),2021-08-19,2021-08-21,3,109.4151570890698,108.13071136113638,3.366492724913712,1.9460239506581207,5.838071851974362,0,3,3,3,3,0,False,valid,2021-08-21,2021-08-21,True,True,True,HI85_2D_JUNSEP,warm_season_heatwave,derived_tmax_rhmin_hi_proxy_f,walk_forward_1979_to_Yminus1,jun_sep,floor_hi_ge_80,80,2,>
48_201_2021_009_HI85_2D_JUNSEP,48201,Harris (Houston),Upper Coast (4108),2021-08-24,2021-08-26,3,107.12026653987158,106.73307257528326,1.4413215393968244,1.1806660512974645,3.5419981538923935,0,3,3,3,3,0,False,valid,2021-08-24,2021-08-24,True,True,True,HI85_2D_JUNSEP,warm_season_heatwave,derived_tmax_rhmin_hi_proxy_f,walk_forward_1979_to_Yminus1,jun_sep,floor_hi_ge_80,80,2,>
48_201_2021_010_HI85_2D_JUNSEP,48201,Harris (Houston),Upper Coast (4108),2021-08-30,2021-09-01,3,108.45935272863474,107.75659982767269,4.126531478977597,3.392901013352258,10.178703040056774,0,3,3,3,3,0,False,valid,2021-08-31,2021-08-31,True,True,True,HI85_2D_JUNSEP,warm_season_heatwave,derived_tmax_rhmin_hi_proxy_f,walk_forward_1979_to_Yminus1,jun_sep,floor_hi_ge_80,80,2,>
48_201_2021_011_HI85_2D_JUNSEP,48201,Harris (Houston),Upper Coast (4108),2021-09-18,2021-09-21,4,104.5999075835994,102.85811428333918,4.850950025108048,2.8085438563168097,11.234175425267239,0,4,4,2,1,0,False,valid,2021-09-21,2021-09-21,True,True,True,HI85_2D_JUNSEP,warm_season_heatwave,derived_tmax_rhmin_hi_proxy_f,walk_forward_1979_to_Yminus1,jun_sep,floor_hi_ge_80,80,2,>
48_201_2022_001_HI85_2D_JUNSEP,48201,Harris (Houston),Upper Coast (4108),2022-06-12,2022-06-13,2,102.84935943382656,102.54300099863536,0.5739417318230693,0.3163835447973966,0.6327670895947932,0,2,2,0,2,0,False,valid,2022-06-13,2022-06-13,True,True,False,HI85_2D_JUNSEP,warm_season_heatwave,derived_tmax_rhmin_hi_proxy_f,walk_forward_1979_to_Yminus1,jun_sep,floor_hi_ge_80,80,2,>
48_201_2022_002_HI85_2D_JUNSEP,48201,Harris (Houston),Upper Coast (4108),2022-06-20,2022-06-23,4,107.60459724936248,105.56390640413666,4.22750353104658,1.9909053099722627,7.963621239889051,0,4,4,4,4,2,False,valid,2022-06-20,2022-06-20,True,True,True,HI85_2D_JUNSEP,warm_season_heatwave,derived_tmax_rhmin_hi_proxy_f,walk_forward_1979_to_Yminus1,jun_sep,floor_hi_ge_80,80,2,>
48_201_2022_003_HI85_2D_JUNSEP,48201,Harris (Houston),Upper Coast (4108),2022-07-02,2022-07-14,13,112.79438064953004,109.1169678702415,7.793186255176181,4.165783059496467,54.155179773454066,0,13,13,13,13,6,False,valid,2022-07-11,2022-07-11,True,True,True,HI85_2D_JUNSEP,warm_season_heatwave,derived_tmax_rhmin_hi_proxy_f,walk_forward_1979_to_Yminus1,jun_sep,floor_hi_ge_80,80,2,>
48_201_2022_004_HI85_2D_JUNSEP,48201,Harris (Houston),Upper Coast (4108),2022-07-18,2022-07-21,4,111.21488133568648,109.4482589461121,5.784183065733529,4.0361934848187175,16.14477393927487,0,4,4,4,4,4,False,valid,2022-07-20,2022-07-20,True,True,True,HI85_2D_JUNSEP,warm_season_heatwave,derived_tmax_rhmin_hi_proxy_f,walk_forward_1979_to_Yminus1,jun_sep,floor_hi_ge_80,80,2,>
48_201_2022_005_HI85_2D_JUNSEP,48201,Harris (Houston),Upper Coast (4108),2022-07-24,2022-07-26,3,110.34641160462358,108.26864229293882,4.626050574625225,2.4898791883911096,7.469637565173329,0,3,3,3,3,1,False,valid,2022-07-24,2022-07-24,True,True,True,HI85_2D_JUNSEP,warm_season_heatwave,derived_tmax_rhmin_hi_proxy_f,walk_forward_1979_to_Yminus1,jun_sep,floor_hi_ge_80,80,2,>
48_201_2022_006_HI85_2D_JUNSEP,48201,Harris (Houston),Upper Coast (4108),2022-08-02,2022-08-04,3,111.22878635637149,109.88630489978146,4.817081506806105,3.448644476864056,10.345933430592169,0,3,3,3,3,3,False,valid,2022-08-03,2022-08-03,True,True,True,HI85_2D_JUNSEP,warm_season_heatwave,derived_tmax_rhmin_hi_proxy_f,walk_forward_1979_to_Yminus1,jun_sep,floor_hi_ge_80,80,2,>
48_201_2022_007_HI85_2D_JUNSEP,48201,Harris (Houston),Upper Coast (4108),2022-08-08,2022-08-10,3,110.80980664048607,108.8103373800866,4.1043872725499995,2.1208480184594314,6.362544055378294,0,3,3,3,3,1,False,valid,2022-08-10,2022-08-10,True,True,True,HI85_2D_JUNSEP,warm_season_heatwave,derived_tmax_rhmin_hi_proxy_f,walk_forward_1979_to_Yminus1,jun_sep,floor_hi_ge_80,80,2,>
48_201_2022_008_HI85_2D_JUNSEP,48201,Harris (Houston),Upper Coast (4108),2022-08-16,2022-08-18,3,108.55271705552327,108.15196085090746,1.951585727649956,1.577998373823661,4.733995121470983,0,3,3,3,3,0,False,valid,2022-08-16,2022-08-17,True,True,True,HI85_2D_JUNSEP,warm_season_heatwave,derived_tmax_rhmin_hi_proxy_f,walk_forward_1979_to_Yminus1,jun_sep,floor_hi_ge_80,80,2,>
48_201_2022_009_HI85_2D_JUNSEP,48201,Harris (Houston),Upper Coast (4108),2022-08-31,2022-09-01,2,105.7659390111603,105.05362916138,1.2084513458874966,0.6461638817582696,1.292327763516539,0,2,2,2,0,0,False,valid,2022-08-31,2022-08-31,True,True,True,HI85_2D_JUNSEP,warm_season_heatwave,derived_tmax_rhmin_hi_proxy_f,walk_forward_1979_to_Yminus1,jun_sep,floor_hi_ge_80,80,2,>
48_201_2022_010_HI85_2D_JUNSEP,48201,Harris (Houston),Upper Coast (4108),2022-09-18,2022-09-20,3,102.58263434071152,102.13028378178832,2.173701687594246,1.9498811458701415,5.849643437610425,0,3,3,0,1,0,False,valid,2022-09-18,2022-09-18,True,True,False,HI85_2D_JUNSEP,warm_season_heatwave,derived_tmax_rhmin_hi_proxy_f,walk_forward_1979_to_Yminus1,jun_sep,floor_hi_ge_80,80,2,>
48_201_2022_011_HI85_2D_JUNSEP,48201,Harris (Houston),Upper Coast (4108),2022-09-22,2022-09-23,2,100.1833512372216,100.0545080253474,0.8355038186043942,0.6105803422831002,1.2211606845662004,0,2,1,0,2,0,False,valid,2022-09-23,2022-09-23,True,True,False,HI85_2D_JUNSEP,warm_season_heatwave,derived_tmax_rhmin_hi_proxy_f,walk_forward_1979_to_Yminus1,jun_sep,floor_hi_ge_80,80,2,>
48_201_2023_001_HI85_2D_JUNSEP,48201,Harris (Houston),Upper Coast (4108),2023-06-14,2023-06-26,13,108.37567455623014,106.3633551021732,5.835164109293018,2.9799831455807246,38.73978089254942,0,13,13,13,13,0,False,valid,2023-06-15,2023-06-15,True,True,True,HI85_2D_JUNSEP,warm_season_heatwave,derived_tmax_rhmin_hi_proxy_f,walk_forward_1979_to_Yminus1,jun_sep,floor_hi_ge_80,80,2,>
48_201_2023_002_HI85_2D_JUNSEP,48201,Harris (Houston),Upper Coast (4108),2023-06-30,2023-07-03,4,107.99112897259026,107.28836912002711,3.210422127127586,2.481227079029324,9.924908316117296,0,4,4,4,4,0,False,valid,2023-07-01,2023-07-01,True,True,True,HI85_2D_JUNSEP,warm_season_heatwave,derived_tmax_rhmin_hi_proxy_f,walk_forward_1979_to_Yminus1,jun_sep,floor_hi_ge_80,80,2,>
48_201_2023_003_HI85_2D_JUNSEP,48201,Harris (Houston),Upper Coast (4108),2023-07-09,2023-07-13,5,109.23236159315157,108.10200172001399,4.047395805436764,2.8874559318395625,14.437279659197813,0,5,5,5,5,0,False,valid,2023-07-10,2023-07-10,True,True,True,HI85_2D_JUNSEP,warm_season_heatwave,derived_tmax_rhmin_hi_proxy_f,walk_forward_1979_to_Yminus1,jun_sep,floor_hi_ge_80,80,2,>
48_201_2023_004_HI85_2D_JUNSEP,48201,Harris (Houston),Upper Coast (4108),2023-07-22,2023-07-24,3,112.4391383559436,109.92093829117123,6.602896700767943,4.092449043326364,12.277347129979091,0,3,3,3,3,2,False,valid,2023-07-23,2023-07-23,True,True,True,HI85_2D_JUNSEP,warm_season_heatwave,derived_tmax_rhmin_hi_proxy_f,walk_forward_1979_to_Yminus1,jun_sep,floor_hi_ge_80,80,2,>
48_201_2023_005_HI85_2D_JUNSEP,48201,Harris (Houston),Upper Coast (4108),2023-07-26,2023-07-27,2,109.72841906765836,108.1332527357178,3.598117416428721,1.9795534147431013,3.9591068294862026,0,2,2,2,2,0,False,valid,2023-07-26,2023-07-26,True,True,True,HI85_2D_JUNSEP,warm_season_heatwave,derived_tmax_rhmin_hi_proxy_f,walk_forward_1979_to_Yminus1,jun_sep,floor_hi_ge_80,80,2,>
48_201_2023_006_HI85_2D_JUNSEP,48201,Harris (Houston),Upper Coast (4108),2023-07-30,2023-08-15,17,116.43147470194126,111.24302764738599,9.621754811797757,4.53866553782662,77.15731414305253,0,17,17,17,17,17,False,valid,2023-08-12,2023-08-12,True,True,True,HI85_2D_JUNSEP,warm_season_heatwave,derived_tmax_rhmin_hi_proxy_f,walk_forward_1979_to_Yminus1,jun_sep,floor_hi_ge_80,80,2,>
48_201_2023_007_HI85_2D_JUNSEP,48201,Harris (Houston),Upper Coast (4108),2023-08-17,2023-08-28,12,113.774146376611,109.77946437481775,7.75912341902216,3.758578487969887,45.10294185563865,0,12,12,12,12,10,False,valid,2023-08-20,2023-08-24,True,True,True,HI85_2D_JUNSEP,warm_season_heatwave,derived_tmax_rhmin_hi_proxy_f,walk_forward_1979_to_Yminus1,jun_sep,floor_hi_ge_80,80,2,>
48_201_2023_008_HI85_2D_JUNSEP,48201,Harris (Houston),Upper Coast (4108),2023-09-02,2023-09-09,8,112.93620408111858,109.3626885652365,9.532559708449014,5.864873659189122,46.91898927351298,0,8,8,8,8,6,False,valid,2023-09-05,2023-09-08,True,True,True,HI85_2D_JUNSEP,warm_season_heatwave,derived_tmax_rhmin_hi_proxy_f,walk_forward_1979_to_Yminus1,jun_sep,floor_hi_ge_80,80,2,>
48_201_2023_009_HI85_2D_JUNSEP,48201,Harris (Houston),Upper Coast (4108),2023-09-20,2023-09-30,11,109.8377933403576,104.70913102498797,10.621737719429191,5.713067535591128,62.8437428915024,0,11,10,6,8,0,False,valid,2023-09-24,2023-09-24,True,True,True,HI85_2D_JUNSEP,warm_season_heatwave,derived_tmax_rhmin_hi_proxy_f,walk_forward_1979_to_Yminus1,jun_sep,floor_hi_ge_80,80,2,>
48_201_2024_001_HI85_2D_JUNSEP,48201,Harris (Houston),Upper Coast (4108),2024-06-10,2024-06-14,5,104.73217413100409,103.62232408045448,2.2909396258158807,1.2991853113435041,6.495926556717521,0,5,5,3,1,0,False,valid,2024-06-13,2024-06-13,True,True,True,HI85_2D_JUNSEP,warm_season_heatwave,derived_tmax_rhmin_hi_proxy_f,walk_forward_1979_to_Yminus1,jun_sep,floor_hi_ge_80,80,2,>
48_201_2024_002_HI85_2D_JUNSEP,48201,Harris (Houston),Upper Coast (4108),2024-06-25,2024-07-02,8,110.07359974779868,107.97348920504244,5.269995227564905,3.193046353257593,25.544370826060742,0,8,8,8,8,0,False,valid,2024-06-28,2024-06-28,True,True,True,HI85_2D_JUNSEP,warm_season_heatwave,derived_tmax_rhmin_hi_proxy_f,walk_forward_1979_to_Yminus1,jun_sep,floor_hi_ge_80,80,2,>
48_201_2024_003_HI85_2D_JUNSEP,48201,Harris (Houston),Upper Coast (4108),2024-07-04,2024-07-06,3,109.2566328277711,107.79136000333777,4.036059029040004,2.6096447312503934,7.828934193751181,0,3,3,3,3,0,False,valid,2024-07-06,2024-07-06,True,True,True,HI85_2D_JUNSEP,warm_season_heatwave,derived_tmax_rhmin_hi_proxy_f,walk_forward_1979_to_Yminus1,jun_sep,floor_hi_ge_80,80,2,>
48_201_2024_004_HI85_2D_JUNSEP,48201,Harris (Houston),Upper Coast (4108),2024-07-09,2024-07-10,2,105.92242310878927,105.7863736171471,0.6021387324468748,0.46380026276938935,0.9276005255387787,0,2,2,2,2,0,False,valid,2024-07-10,2024-07-10,True,True,True,HI85_2D_JUNSEP,warm_season_heatwave,derived_tmax_rhmin_hi_proxy_f,walk_forward_1979_to_Yminus1,jun_sep,floor_hi_ge_80,80,2,>
48_201_2024_005_HI85_2D_JUNSEP,48201,Harris (Houston),Upper Coast (4108),2024-08-01,2024-08-09,9,110.2862034389621,108.70216098028816,3.323892862956342,1.7245383533481042,15.520845180132937,0,9,9,9,9,0,False,valid,2024-08-09,2024-08-03,True,True,True,HI85_2D_JUNSEP,warm_season_heatwave,derived_tmax_rhmin_hi_proxy_f,walk_forward_1979_to_Yminus1,jun_sep,floor_hi_ge_80,80,2,>
48_201_2024_006_HI85_2D_JUNSEP,48201,Harris (Houston),Upper Coast (4108),2024-08-11,2024-08-12,2,112.84506813372752,110.33424657667645,5.715276643176324,3.209260222096127,6.418520444192254,0,2,2,2,2,0,False,valid,2024-08-12,2024-08-12,True,True,True,HI85_2D_JUNSEP,warm_season_heatwave,derived_tmax_rhmin_hi_proxy_f,walk_forward_1979_to_Yminus1,jun_sep,floor_hi_ge_80,80,2,>
48_201_2024_007_HI85_2D_JUNSEP,48201,Harris (Houston),Upper Coast (4108),2024-08-14,2024-08-23,10,115.58484592265567,110.81144402765001,8.943184299588268,4.038516494817989,40.38516494817989,0,10,10,10,10,3,False,valid,2024-08-21,2024-08-21,True,True,True,HI85_2D_JUNSEP,warm_season_heatwave,derived_tmax_rhmin_hi_proxy_f,walk_forward_1979_to_Yminus1,jun_sep,floor_hi_ge_80,80,2,>
48_201_2024_008_HI85_2D_JUNSEP,48201,Harris (Houston),Upper Coast (4108),2024-09-13,2024-09-21,9,108.01669177330874,105.15926002209959,7.622334268964181,4.080924960270186,36.72832464243167,0,9,9,6,9,0,False,valid,2024-09-19,2024-09-20,True,True,True,HI85_2D_JUNSEP,warm_season_heatwave,derived_tmax_rhmin_hi_proxy_f,walk_forward_1979_to_Yminus1,jun_sep,floor_hi_ge_80,80,2,>
48_201_2024_009_HI85_2D_JUNSEP,48201,Harris (Houston),Upper Coast (4108),2024-09-23,2024-09-25,3,101.88983454430618,101.21136698611856,2.428600207721516,1.7812769081648459,5.343830724494538,0,3,2,0,0,0,False,valid,2024-09-23,2024-09-24,True,True,False,HI85_2D_JUNSEP,warm_season_heatwave,derived_tmax_rhmin_hi_proxy_f,walk_forward_1979_to_Yminus1,jun_sep,floor_hi_ge_80,80,2,>
48_303_2015_001_HI85_2D_JUNSEP,48303,Lubbock,High Plains (4101),2015-08-13,2015-08-14,2,98.15528825824644,98.13401658934416,2.0676222951911996,2.030913772045146,4.061827544090292,0,2,0,0,2,0,False,valid,2015-08-14,2015-08-14,True,False,False,HI85_2D_JUNSEP,warm_season_heatwave,derived_tmax_rhmin_hi_proxy_f,walk_forward_1979_to_Yminus1,jun_sep,floor_hi_ge_80,80,2,>
48_303_2015_002_HI85_2D_JUNSEP,48303,Lubbock,High Plains (4101),2015-09-16,2015-09-18,3,95.63890165285714,92.93064509790763,6.151237815905873,3.0819689700227193,9.245906910068157,0,1,0,0,1,0,False,valid,2015-09-18,2015-09-18,True,False,False,HI85_2D_JUNSEP,warm_season_heatwave,derived_tmax_rhmin_hi_proxy_f,walk_forward_1979_to_Yminus1,jun_sep,floor_hi_ge_80,80,2,>
48_303_2016_001_HI85_2D_JUNSEP,48303,Lubbock,High Plains (4101),2016-07-06,2016-07-07,2,104.02635111168571,102.11944021721965,7.07372333334628,5.180705457152271,10.361410914304543,0,2,2,1,2,2,False,valid,2016-07-07,2016-07-07,True,True,True,HI85_2D_JUNSEP,warm_season_heatwave,derived_tmax_rhmin_hi_proxy_f,walk_forward_1979_to_Yminus1,jun_sep,floor_hi_ge_80,80,2,>
48_303_2016_002_HI85_2D_JUNSEP,48303,Lubbock,High Plains (4101),2016-07-11,2016-07-14,4,103.45311043344036,101.66968357615262,6.4864526952444805,4.664530957531817,18.658123830127266,0,4,3,1,4,4,False,valid,2016-07-13,2016-07-13,True,True,True,HI85_2D_JUNSEP,warm_season_heatwave,derived_tmax_rhmin_hi_proxy_f,walk_forward_1979_to_Yminus1,jun_sep,floor_hi_ge_80,80,2,>
48_303_2016_003_HI85_2D_JUNSEP,48303,Lubbock,High Plains (4101),2016-09-19,2016-09-20,2,91.89743924711514,90.5828184505331,2.460331218406864,1.3173071073368305,2.634614214673661,0,0,0,0,0,0,False,valid,2016-09-19,2016-09-19,False,False,False,HI85_2D_JUNSEP,warm_season_heatwave,derived_tmax_rhmin_hi_proxy_f,walk_forward_1979_to_Yminus1,jun_sep,floor_hi_ge_80,80,2,>
48_303_2017_001_HI85_2D_JUNSEP,48303,Lubbock,High Plains (4101),2017-06-10,2017-06-11,2,95.79143178589878,95.57202926403893,0.6459630647619576,0.5774068624635831,1.1548137249271662,0,2,0,0,2,0,False,valid,2017-06-11,2017-06-11,True,False,False,HI85_2D_JUNSEP,warm_season_heatwave,derived_tmax_rhmin_hi_proxy_f,walk_forward_1979_to_Yminus1,jun_sep,floor_hi_ge_80,80,2,>
48_303_2017_002_HI85_2D_JUNSEP,48303,Lubbock,High Plains (4101),2017-06-13,2017-06-15,3,96.16402762157726,96.07434210295624,0.6088174936945023,0.4364468182621124,1.3093404547863372,0,3,0,0,3,0,False,valid,2017-06-13,2017-06-13,True,False,False,HI85_2D_JUNSEP,warm_season_heatwave,derived_tmax_rhmin_hi_proxy_f,walk_forward_1979_to_Yminus1,jun_sep,floor_hi_ge_80,80,2,>
48_303_2017_003_HI85_2D_JUNSEP,48303,Lubbock,High Plains (4101),2017-06-29,2017-06-30,2,100.3176802987151,99.29415446807063,3.1248216257442465,2.1086365735086545,4.217273147017309,0,2,1,0,2,2,False,valid,2017-06-29,2017-06-29,True,True,False,HI85_2D_JUNSEP,warm_season_heatwave,derived_tmax_rhmin_hi_proxy_f,walk_forward_1979_to_Yminus1,jun_sep,floor_hi_ge_80,80,2,>
48_303_2017_004_HI85_2D_JUNSEP,48303,Lubbock,High Plains (4101),2017-09-19,2017-09-21,3,92.34790045469744,91.6920636427959,3.274120072865557,2.5849244818931303,7.75477344567939,0,0,0,0,2,0,False,valid,2017-09-19,2017-09-21,False,False,False,HI85_2D_JUNSEP,warm_season_heatwave,derived_tmax_rhmin_hi_proxy_f,walk_forward_1979_to_Yminus1,jun_sep,floor_hi_ge_80,80,2,>
48_303_2018_001_HI85_2D_JUNSEP,48303,Lubbock,High Plains (4101),2018-06-05,2018-06-07,3,95.41112184424264,94.8996081180925,1.185074292587828,0.48808965885560457,1.4642689765668138,0,1,0,0,3,2,False,valid,2018-06-05,2018-06-05,True,False,False,HI85_2D_JUNSEP,warm_season_heatwave,derived_tmax_rhmin_hi_proxy_f,walk_forward_1979_to_Yminus1,jun_sep,floor_hi_ge_80,80,2,>
48_303_2018_002_HI85_2D_JUNSEP,48303,Lubbock,High Plains (4101),2018-06-11,2018-06-12,2,96.80465371245562,96.23696268336195,1.3787402711252952,0.9021982541323368,1.8043965082646736,0,2,0,0,2,2,False,valid,2018-06-12,2018-06-12,True,False,False,HI85_2D_JUNSEP,warm_season_heatwave,derived_tmax_rhmin_hi_proxy_f,walk_forward_1979_to_Yminus1,jun_sep,floor_hi_ge_80,80,2,>
48_303_2018_003_HI85_2D_JUNSEP,48303,Lubbock,High Plains (4101),2018-07-19,2018-07-20,2,97.95219792615936,97.4889622188931,1.1652500592485922,0.7316177711469152,1.4632355422938303,0,2,0,0,2,2,False,valid,2018-07-19,2018-07-19,True,False,False,HI85_2D_JUNSEP,warm_season_heatwave,derived_tmax_rhmin_hi_proxy_f,walk_forward_1979_to_Yminus1,jun_sep,floor_hi_ge_80,80,2,>
48_303_2018_004_HI85_2D_JUNSEP,48303,Lubbock,High Plains (4101),2018-08-27,2018-08-28,2,97.58659699784738,96.03073802575011,3.3518354243014556,1.858729958625446,3.717459917250892,0,1,0,0,2,0,False,valid,2018-08-27,2018-08-27,True,False,False,HI85_2D_JUNSEP,warm_season_heatwave,derived_tmax_rhmin_hi_proxy_f,walk_forward_1979_to_Yminus1,jun_sep,floor_hi_ge_80,80,2,>
48_303_2019_001_HI85_2D_JUNSEP,48303,Lubbock,High Plains (4101),2019-07-18,2019-07-19,2,98.07018839043648,97.71071577310347,1.2144672841892827,0.9218200239431624,1.8436400478863249,0,2,0,0,2,2,False,valid,2019-07-18,2019-07-18,True,False,False,HI85_2D_JUNSEP,warm_season_heatwave,derived_tmax_rhmin_hi_proxy_f,walk_forward_1979_to_Yminus1,jun_sep,floor_hi_ge_80,80,2,>
48_303_2019_002_HI85_2D_JUNSEP,48303,Lubbock,High Plains (4101),2019-08-07,2019-08-12,6,98.91630821450292,97.5817598947428,2.849103525310994,1.4166653715716488,8.499992229429893,0,6,0,0,6,2,False,valid,2019-08-12,2019-08-12,True,False,False,HI85_2D_JUNSEP,warm_season_heatwave,derived_tmax_rhmin_hi_proxy_f,walk_forward_1979_to_Yminus1,jun_sep,floor_hi_ge_80,80,2,>
48_303_2019_003_HI85_2D_JUNSEP,48303,Lubbock,High Plains (4101),2019-08-16,2019-08-19,4,101.15365024736458,99.00011483574454,5.589406805885744,3.3858769664359443,13.543507865743777,0,4,1,0,4,4,False,valid,2019-08-18,2019-08-18,True,True,False,HI85_2D_JUNSEP,warm_season_heatwave,derived_tmax_rhmin_hi_proxy_f,walk_forward_1979_to_Yminus1,jun_sep,floor_hi_ge_80,80,2,>
48_303_2019_004_HI85_2D_JUNSEP,48303,Lubbock,High Plains (4101),2019-08-25,2019-08-26,2,102.5608634131906,102.24960293273213,8.238542461142401,7.850977160399175,15.70195432079835,0,2,2,0,2,2,False,valid,2019-08-26,2019-08-26,True,True,False,HI85_2D_JUNSEP,warm_season_heatwave,derived_tmax_rhmin_hi_proxy_f,walk_forward_1979_to_Yminus1,jun_sep,floor_hi_ge_80,80,2,>
48_303_2019_005_HI85_2D_JUNSEP,48303,Lubbock,High Plains (4101),2019-09-18,2019-09-19,2,90.4985799950654,90.44481151202461,1.054883923503695,0.9708135941205356,1.9416271882410712,0,0,0,0,0,0,False,valid,2019-09-18,2019-09-19,False,False,False,HI85_2D_JUNSEP,warm_season_heatwave,derived_tmax_rhmin_hi_proxy_f,walk_forward_1979_to_Yminus1,jun_sep,floor_hi_ge_80,80,2,>
48_303_2019_006_HI85_2D_JUNSEP,48303,Lubbock,High Plains (4101),2019-09-25,2019-09-27,3,89.91464448043452,89.61091286751657,2.1868486360630186,1.8274671703101812,5.4824015109305435,0,0,0,0,0,0,False,valid,2019-09-26,2019-09-26,False,False,False,HI85_2D_JUNSEP,warm_season_heatwave,derived_tmax_rhmin_hi_proxy_f,walk_forward_1979_to_Yminus1,jun_sep,floor_hi_ge_80,80,2,>
48_303_2020_001_HI85_2D_JUNSEP,48303,Lubbock,High Plains (4101),2020-07-08,2020-07-14,7,101.72736669108626,99.91086818334573,4.810022123716223,2.966842901140597,20.767900307984178,0,7,3,0,7,7,False,valid,2020-07-14,2020-07-14,True,True,False,HI85_2D_JUNSEP,warm_season_heatwave,derived_tmax_rhmin_hi_proxy_f,walk_forward_1979_to_Yminus1,jun_sep,floor_hi_ge_80,80,2,>
48_303_2020_002_HI85_2D_JUNSEP,48303,Lubbock,High Plains (4101),2020-08-11,2020-08-15,5,100.2677861604398,98.17986016790229,4.180940638142758,2.125388891645133,10.626944458225665,0,5,1,0,5,4,False,valid,2020-08-13,2020-08-13,True,True,False,HI85_2D_JUNSEP,warm_season_heatwave,derived_tmax_rhmin_hi_proxy_f,walk_forward_1979_to_Yminus1,jun_sep,floor_hi_ge_80,80,2,>
48_303_2020_003_HI85_2D_JUNSEP,48303,Lubbock,High Plains (4101),2020-09-25,2020-09-26,2,94.17248734765036,91.18668329256923,6.413077333203489,3.296136769440615,6.59227353888123,0,0,0,0,1,1,False,valid,2020-09-26,2020-09-26,False,False,False,HI85_2D_JUNSEP,warm_season_heatwave,derived_tmax_rhmin_hi_proxy_f,walk_forward_1979_to_Yminus1,jun_sep,floor_hi_ge_80,80,2,>
48_303_2021_001_HI85_2D_JUNSEP,48303,Lubbock,High Plains (4101),2021-06-07,2021-06-13,7,102.55277022627274,97.60445218414046,7.453952812242775,2.6493081572684503,18.545157100879152,0,7,1,0,7,2,False,valid,2021-06-11,2021-06-11,True,True,False,HI85_2D_JUNSEP,warm_season_heatwave,derived_tmax_rhmin_hi_proxy_f,walk_forward_1979_to_Yminus1,jun_sep,floor_hi_ge_80,80,2,>
48_303_2021_002_HI85_2D_JUNSEP,48303,Lubbock,High Plains (4101),2021-08-08,2021-08-09,2,97.37755241816004,96.96122066409492,1.107039690327241,0.6724843505308016,1.3449687010616032,0,2,0,0,2,0,False,valid,2021-08-09,2021-08-09,True,False,False,HI85_2D_JUNSEP,warm_season_heatwave,derived_tmax_rhmin_hi_proxy_f,walk_forward_1979_to_Yminus1,jun_sep,floor_hi_ge_80,80,2,>
48_303_2021_003_HI85_2D_JUNSEP,48303,Lubbock,High Plains (4101),2021-09-19,2021-09-20,2,93.74186448886024,91.83451672879619,4.689347274118191,2.646299600615322,5.292599201230644,0,0,0,0,1,0,False,valid,2021-09-20,2021-09-20,False,False,False,HI85_2D_JUNSEP,warm_season_heatwave,derived_tmax_rhmin_hi_proxy_f,walk_forward_1979_to_Yminus1,jun_sep,floor_hi_ge_80,80,2,>
48_303_2022_001_HI85_2D_JUNSEP,48303,Lubbock,High Plains (4101),2022-06-10,2022-06-12,3,99.08757002494264,97.457420929357,3.8401272730228158,2.2310595107053075,6.6931785321159225,0,3,0,0,3,3,False,valid,2022-06-11,2022-06-11,True,False,False,HI85_2D_JUNSEP,warm_season_heatwave,derived_tmax_rhmin_hi_proxy_f,walk_forward_1979_to_Yminus1,jun_sep,floor_hi_ge_80,80,2,>
48_303_2022_002_HI85_2D_JUNSEP,48303,Lubbock,High Plains (4101),2022-07-18,2022-07-20,3,99.00877135399638,98.00000794450189,2.2886982647001446,1.270003905315799,3.8100117159473967,0,3,0,0,3,3,False,valid,2022-07-19,2022-07-19,True,False,False,HI85_2D_JUNSEP,warm_season_heatwave,derived_tmax_rhmin_hi_proxy_f,walk_forward_1979_to_Yminus1,jun_sep,floor_hi_ge_80,80,2,>
48_303_2022_003_HI85_2D_JUNSEP,48303,Lubbock,High Plains (4101),2022-08-03,2022-08-04,2,97.91637831400952,97.8920809770236,1.4733827894291665,1.459515962949375,2.91903192589875,0,2,0,0,2,2,False,valid,2022-08-03,2022-08-03,True,False,False,HI85_2D_JUNSEP,warm_season_heatwave,derived_tmax_rhmin_hi_proxy_f,walk_forward_1979_to_Yminus1,jun_sep,floor_hi_ge_80,80,2,>
48_303_2022_004_HI85_2D_JUNSEP,48303,Lubbock,High Plains (4101),2022-09-16,2022-09-18,3,90.70005706027264,90.3693462503237,0.5215763223315406,0.43601246901554686,1.3080374070466405,0,0,0,0,0,0,False,valid,2022-09-16,2022-09-17,False,False,False,HI85_2D_JUNSEP,warm_season_heatwave,derived_tmax_rhmin_hi_proxy_f,walk_forward_1979_to_Yminus1,jun_sep,floor_hi_ge_80,80,2,>
48_303_2023_001_HI85_2D_JUNSEP,48303,Lubbock,High Plains (4101),2023-06-19,2023-06-21,3,98.82180792059536,97.69864207914917,2.4614020024643963,1.449943523069199,4.349830569207597,0,3,0,0,3,3,False,valid,2023-06-21,2023-06-21,True,False,False,HI85_2D_JUNSEP,warm_season_heatwave,derived_tmax_rhmin_hi_proxy_f,walk_forward_1979_to_Yminus1,jun_sep,floor_hi_ge_80,80,2,>
48_303_2023_002_HI85_2D_JUNSEP,48303,Lubbock,High Plains (4101),2023-06-26,2023-06-27,2,99.70942653915434,98.48960570152916,2.8486666286625564,1.6660219719904887,3.3320439439809775,0,2,0,0,2,1,False,valid,2023-06-27,2023-06-27,True,False,False,HI85_2D_JUNSEP,warm_season_heatwave,derived_tmax_rhmin_hi_proxy_f,walk_forward_1979_to_Yminus1,jun_sep,floor_hi_ge_80,80,2,>
48_303_2023_003_HI85_2D_JUNSEP,48303,Lubbock,High Plains (4101),2023-07-10,2023-07-14,5,105.37164123991413,101.78426972965059,8.433590964670003,4.837073400142844,24.185367000714223,0,5,3,2,5,4,False,valid,2023-07-12,2023-07-12,True,True,True,HI85_2D_JUNSEP,warm_season_heatwave,derived_tmax_rhmin_hi_proxy_f,walk_forward_1979_to_Yminus1,jun_sep,floor_hi_ge_80,80,2,>
48_303_2023_004_HI85_2D_JUNSEP,48303,Lubbock,High Plains (4101),2023-07-16,2023-07-19,4,99.87723666940931,98.65594420493942,3.0206579792298385,1.8467700008191663,7.387080003276665,0,4,0,0,4,3,False,valid,2023-07-18,2023-07-18,True,False,False,HI85_2D_JUNSEP,warm_season_heatwave,derived_tmax_rhmin_hi_proxy_f,walk_forward_1979_to_Yminus1,jun_sep,floor_hi_ge_80,80,2,>
48_303_2023_005_HI85_2D_JUNSEP,48303,Lubbock,High Plains (4101),2023-08-04,2023-08-06,3,98.58619980460033,98.16640460221792,2.285439151174728,1.8366520800042376,5.509956240012713,0,3,0,0,3,3,False,valid,2023-08-05,2023-08-05,True,False,False,HI85_2D_JUNSEP,warm_season_heatwave,derived_tmax_rhmin_hi_proxy_f,walk_forward_1979_to_Yminus1,jun_sep,floor_hi_ge_80,80,2,>
48_303_2023_006_HI85_2D_JUNSEP,48303,Lubbock,High Plains (4101),2023-08-08,2023-08-13,6,101.41054921162812,98.66735301110731,5.2999137361293975,2.5066090812971304,15.039654487782784,0,6,2,0,6,6,False,valid,2023-08-12,2023-08-12,True,True,False,HI85_2D_JUNSEP,warm_season_heatwave,derived_tmax_rhmin_hi_proxy_f,walk_forward_1979_to_Yminus1,jun_sep,floor_hi_ge_80,80,2,>
48_303_2023_007_HI85_2D_JUNSEP,48303,Lubbock,High Plains (4101),2023-08-16,2023-08-18,3,100.00250867623312,97.99862801405271,4.2123126753038065,2.231329951816273,6.6939898554488195,0,3,1,0,3,3,False,valid,2023-08-17,2023-08-17,True,True,False,HI85_2D_JUNSEP,warm_season_heatwave,derived_tmax_rhmin_hi_proxy_f,walk_forward_1979_to_Yminus1,jun_sep,floor_hi_ge_80,80,2,>
48_303_2023_008_HI85_2D_JUNSEP,48303,Lubbock,High Plains (4101),2023-09-04,2023-09-05,2,95.92532374518106,95.15466543494708,2.9770713436930265,2.189432218866294,4.378864437732588,0,1,0,0,2,2,False,valid,2023-09-05,2023-09-05,True,False,False,HI85_2D_JUNSEP,warm_season_heatwave,derived_tmax_rhmin_hi_proxy_f,walk_forward_1979_to_Yminus1,jun_sep,floor_hi_ge_80,80,2,>
48_303_2023_009_HI85_2D_JUNSEP,48303,Lubbock,High Plains (4101),2023-09-07,2023-09-09,3,99.71786362874673,96.56625230152332,7.352270955367729,4.2245015587067485,12.673504676120245,0,2,0,0,3,2,False,valid,2023-09-08,2023-09-08,True,False,False,HI85_2D_JUNSEP,warm_season_heatwave,derived_tmax_rhmin_hi_proxy_f,walk_forward_1979_to_Yminus1,jun_sep,floor_hi_ge_80,80,2,>
48_303_2023_010_HI85_2D_JUNSEP,48303,Lubbock,High Plains (4101),2023-09-19,2023-09-20,2,92.36938608699168,91.564254472562,2.931884908724257,2.2783903997858985,4.556780799571797,0,0,0,0,2,0,False,valid,2023-09-19,2023-09-19,False,False,False,HI85_2D_JUNSEP,warm_season_heatwave,derived_tmax_rhmin_hi_proxy_f,walk_forward_1979_to_Yminus1,jun_sep,floor_hi_ge_80,80,2,>
48_303_2023_011_HI85_2D_JUNSEP,48303,Lubbock,High Plains (4101),2023-09-22,2023-09-24,3,94.69986297662504,92.58626492075824,6.026220271471445,4.158845065542796,12.47653519662839,0,0,0,0,2,0,False,valid,2023-09-22,2023-09-22,False,False,False,HI85_2D_JUNSEP,warm_season_heatwave,derived_tmax_rhmin_hi_proxy_f,walk_forward_1979_to_Yminus1,jun_sep,floor_hi_ge_80,80,2,>
48_303_2023_012_HI85_2D_JUNSEP,48303,Lubbock,High Plains (4101),2023-09-27,2023-09-29,3,88.32570806842756,88.15794399742997,0.9606793096248225,0.6223388880714822,1.8670166642144466,0,0,0,0,0,0,False,valid,2023-09-29,2023-09-29,False,False,False,HI85_2D_JUNSEP,warm_season_heatwave,derived_tmax_rhmin_hi_proxy_f,walk_forward_1979_to_Yminus1,jun_sep,floor_hi_ge_80,80,2,>
48_303_2024_001_HI85_2D_JUNSEP,48303,Lubbock,High Plains (4101),2024-06-06,2024-06-07,2,96.991414035479,95.88240956221418,2.5526489439202322,1.3995790839501367,2.7991581679002735,0,1,0,0,2,0,False,valid,2024-06-06,2024-06-06,True,False,False,HI85_2D_JUNSEP,warm_season_heatwave,derived_tmax_rhmin_hi_proxy_f,walk_forward_1979_to_Yminus1,jun_sep,floor_hi_ge_80,80,2,>
48_303_2024_002_HI85_2D_JUNSEP,48303,Lubbock,High Plains (4101),2024-06-25,2024-06-30,6,100.69103355896618,98.66577613177678,3.8869143668002266,1.7234726516727292,10.340835910036375,0,6,1,0,6,2,False,valid,2024-06-26,2024-06-26,True,True,False,HI85_2D_JUNSEP,warm_season_heatwave,derived_tmax_rhmin_hi_proxy_f,walk_forward_1979_to_Yminus1,jun_sep,floor_hi_ge_80,80,2,>
48_303_2024_003_HI85_2D_JUNSEP,48303,Lubbock,High Plains (4101),2024-07-31,2024-08-01,2,100.6995859310005,99.20162351529302,4.022021357116699,2.5722797667415875,5.144559533483175,0,2,1,0,2,2,False,valid,2024-07-31,2024-07-31,True,True,False,HI85_2D_JUNSEP,warm_season_heatwave,derived_tmax_rhmin_hi_proxy_f,walk_forward_1979_to_Yminus1,jun_sep,floor_hi_ge_80,80,2,>
48_303_2024_004_HI85_2D_JUNSEP,48303,Lubbock,High Plains (4101),2024-08-07,2024-08-08,2,100.36235721606091,99.45894696914144,3.9613627043089537,3.047573498853275,6.09514699770655,0,2,1,0,2,2,False,valid,2024-08-08,2024-08-08,True,True,False,HI85_2D_JUNSEP,warm_season_heatwave,derived_tmax_rhmin_hi_proxy_f,walk_forward_1979_to_Yminus1,jun_sep,floor_hi_ge_80,80,2,>
48_303_2024_005_HI85_2D_JUNSEP,48303,Lubbock,High Plains (4101),2024-08-15,2024-08-17,3,98.42814493904612,97.74598012815336,2.357579894956757,1.7930435576588764,5.379130672976629,0,3,0,0,3,3,False,valid,2024-08-15,2024-08-15,True,False,False,HI85_2D_JUNSEP,warm_season_heatwave,derived_tmax_rhmin_hi_proxy_f,walk_forward_1979_to_Yminus1,jun_sep,floor_hi_ge_80,80,2,>
48_303_2024_006_HI85_2D_JUNSEP,48303,Lubbock,High Plains (4101),2024-08-20,2024-08-24,5,99.4575309370438,97.8853628382791,4.639620172604083,2.6745217805296138,13.372608902648068,0,5,0,0,5,5,False,valid,2024-08-24,2024-08-24,True,False,False,HI85_2D_JUNSEP,warm_season_heatwave,derived_tmax_rhmin_hi_proxy_f,walk_forward_1979_to_Yminus1,jun_sep,floor_hi_ge_80,80,2,>
48_303_2024_007_HI85_2D_JUNSEP,48303,Lubbock,High Plains (4101),2024-09-13,2024-09-14,2,95.1652112295102,93.83544511475813,4.168124519424879,2.984109491040307,5.968218982080614,0,1,0,0,2,0,False,valid,2024-09-13,2024-09-13,True,False,False,HI85_2D_JUNSEP,warm_season_heatwave,derived_tmax_rhmin_hi_proxy_f,walk_forward_1979_to_Yminus1,jun_sep,floor_hi_ge_80,80,2,>
48_303_2024_008_HI85_2D_JUNSEP,48303,Lubbock,High Plains (4101),2024-09-19,2024-09-20,2,96.2364085426982,94.22714060582743,6.729701194603365,4.816899581410887,9.633799162821774,0,1,0,0,1,0,False,valid,2024-09-19,2024-09-19,True,False,False,HI85_2D_JUNSEP,warm_season_heatwave,derived_tmax_rhmin_hi_proxy_f,walk_forward_1979_to_Yminus1,jun_sep,floor_hi_ge_80,80,2,>
48_303_2025_001_HI85_2D_JUNSEP,48303,Lubbock,High Plains (4101),2025-06-16,2025-06-17,2,100.28473274638988,98.45985761118739,4.1763854130991405,2.391099739386803,4.782199478773606,0,2,1,0,2,1,False,valid,2025-06-17,2025-06-17,True,True,False,HI85_2D_JUNSEP,warm_season_heatwave,derived_tmax_rhmin_hi_proxy_f,walk_forward_1979_to_Yminus1,jun_sep,floor_hi_ge_80,80,2,>
48_303_2025_002_HI85_2D_JUNSEP,48303,Lubbock,High Plains (4101),2025-07-20,2025-07-21,2,97.83482382802757,97.80245354490891,0.9675709855141861,0.9352007023955338,1.8704014047910675,0,2,0,0,2,0,False,valid,2025-07-21,2025-07-21,True,False,False,HI85_2D_JUNSEP,warm_season_heatwave,derived_tmax_rhmin_hi_proxy_f,walk_forward_1979_to_Yminus1,jun_sep,floor_hi_ge_80,80,2,>
48_303_2025_003_HI85_2D_JUNSEP,48303,Lubbock,High Plains (4101),2025-08-05,2025-08-06,2,99.1652826363288,98.94778421662308,2.673216814826361,2.476855388221871,4.953710776443742,0,2,0,0,2,1,False,valid,2025-08-05,2025-08-05,True,False,False,HI85_2D_JUNSEP,warm_season_heatwave,derived_tmax_rhmin_hi_proxy_f,walk_forward_1979_to_Yminus1,jun_sep,floor_hi_ge_80,80,2,>
48_303_2025_004_HI85_2D_JUNSEP,48303,Lubbock,High Plains (4101),2025-08-08,2025-08-10,3,98.791638499316,98.06647013972481,2.348200754394412,1.6645653172906567,4.99369595187197,0,3,0,0,3,3,False,valid,2025-08-09,2025-08-09,True,False,False,HI85_2D_JUNSEP,warm_season_heatwave,derived_tmax_rhmin_hi_proxy_f,walk_forward_1979_to_Yminus1,jun_sep,floor_hi_ge_80,80,2,>
48_303_2025_005_HI85_2D_JUNSEP,48303,Lubbock,High Plains (4101),2025-09-21,2025-09-22,2,94.18701652205053,92.13330262751846,5.398768176831638,3.249053587888625,6.49810717577725,0,0,0,0,1,0,False,valid,2025-09-22,2025-09-22,False,False,False,HI85_2D_JUNSEP,warm_season_heatwave,derived_tmax_rhmin_hi_proxy_f,walk_forward_1979_to_Yminus1,jun_sep,floor_hi_ge_80,80,2,>
48_453_2015_001_HI85_2D_JUNSEP,48453,Travis (Austin),South Central (4107),2015-06-12,2015-06-13,2,101.36313567342734,100.72043840228005,1.1575597748731354,0.6097113474154412,1.2194226948308824,0,2,2,0,0,0,False,valid,2015-06-13,2015-06-13,True,True,False,HI85_2D_JUNSEP,warm_season_heatwave,derived_tmax_rhmin_hi_proxy_f,walk_forward_1979_to_Yminus1,jun_sep,floor_hi_ge_80,80,2,>
48_453_2016_001_HI85_2D_JUNSEP,48453,Travis (Austin),South Central (4107),2016-06-12,2016-06-14,3,101.6157384689034,101.28650600209102,1.5373176510454272,1.1613104710622604,3.483931413186781,0,3,3,0,0,0,False,valid,2016-06-13,2016-06-12,True,True,False,HI85_2D_JUNSEP,warm_season_heatwave,derived_tmax_rhmin_hi_proxy_f,walk_forward_1979_to_Yminus1,jun_sep,floor_hi_ge_80,80,2,>
48_453_2016_002_HI85_2D_JUNSEP,48453,Travis (Austin),South Central (4107),2016-07-03,2016-07-09,7,104.81539884589212,103.92036445697576,2.6575660717980156,1.695625168573319,11.869376180013234,0,7,7,7,7,0,False,valid,2016-07-06,2016-07-03,True,True,True,HI85_2D_JUNSEP,warm_season_heatwave,derived_tmax_rhmin_hi_proxy_f,walk_forward_1979_to_Yminus1,jun_sep,floor_hi_ge_80,80,2,>
48_453_2016_003_HI85_2D_JUNSEP,48453,Travis (Austin),South Central (4107),2016-07-12,2016-07-14,3,103.62901010260224,103.02564433046614,1.075720836591998,0.47776804759380315,1.4333041427814095,0,3,3,1,3,0,False,valid,2016-07-13,2016-07-13,True,True,True,HI85_2D_JUNSEP,warm_season_heatwave,derived_tmax_rhmin_hi_proxy_f,walk_forward_1979_to_Yminus1,jun_sep,floor_hi_ge_80,80,2,>
48_453_2016_004_HI85_2D_JUNSEP,48453,Travis (Austin),South Central (4107),2016-09-17,2016-09-23,7,102.05828773367315,100.39561930079387,4.14673597395597,2.3911802224700387,16.738261557290272,0,7,5,0,3,0,False,valid,2016-09-20,2016-09-20,True,True,False,HI85_2D_JUNSEP,warm_season_heatwave,derived_tmax_rhmin_hi_proxy_f,walk_forward_1979_to_Yminus1,jun_sep,floor_hi_ge_80,80,2,>
48_453_2017_001_HI85_2D_JUNSEP,48453,Travis (Austin),South Central (4107),2017-07-02,2017-07-04,3,103.3526924611383,102.75927493027716,1.16178305343594,0.5534925978403274,1.6604777935209825,0,3,3,1,3,0,False,valid,2017-07-03,2017-07-03,True,True,True,HI85_2D_JUNSEP,warm_season_heatwave,derived_tmax_rhmin_hi_proxy_f,walk_forward_1979_to_Yminus1,jun_sep,floor_hi_ge_80,80,2,>
48_453_2017_002_HI85_2D_JUNSEP,48453,Travis (Austin),South Central (4107),2017-07-22,2017-07-23,2,104.17652025940372,103.89998783024348,1.054856745971037,0.7601990357847086,1.5203980715694172,0,2,2,2,2,1,False,valid,2017-07-22,2017-07-22,True,True,True,HI85_2D_JUNSEP,warm_season_heatwave,derived_tmax_rhmin_hi_proxy_f,walk_forward_1979_to_Yminus1,jun_sep,floor_hi_ge_80,80,2,>
48_453_2017_003_HI85_2D_JUNSEP,48453,Travis (Austin),South Central (4107),2017-08-06,2017-08-07,2,106.27550192589914,106.10549113233843,2.3137938349805296,2.143783041419823,4.287566082839646,0,2,2,2,1,0,False,valid,2017-08-07,2017-08-07,True,True,True,HI85_2D_JUNSEP,warm_season_heatwave,derived_tmax_rhmin_hi_proxy_f,walk_forward_1979_to_Yminus1,jun_sep,floor_hi_ge_80,80,2,>
48_453_2017_004_HI85_2D_JUNSEP,48453,Travis (Austin),South Central (4107),2017-08-16,2017-08-17,2,106.53316369177918,105.59161586049876,2.273407685339677,1.3534807895579704,2.7069615791159407,0,2,2,2,2,0,False,valid,2017-08-16,2017-08-16,True,True,True,HI85_2D_JUNSEP,warm_season_heatwave,derived_tmax_rhmin_hi_proxy_f,walk_forward_1979_to_Yminus1,jun_sep,floor_hi_ge_80,80,2,>
48_453_2017_005_HI85_2D_JUNSEP,48453,Travis (Austin),South Central (4107),2017-09-20,2017-09-21,2,99.40323804420603,99.18384498985833,1.5790649302326756,1.2327124541565553,2.4654249083131106,0,2,0,0,0,0,False,valid,2017-09-21,2017-09-21,True,False,False,HI85_2D_JUNSEP,warm_season_heatwave,derived_tmax_rhmin_hi_proxy_f,walk_forward_1979_to_Yminus1,jun_sep,floor_hi_ge_80,80,2,>
48_453_2018_001_HI85_2D_JUNSEP,48453,Travis (Austin),South Central (4107),2018-06-23,2018-06-24,2,101.69994104236692,101.64064391383204,0.42584353754563153,0.3450304291391646,0.6900608582783292,0,2,2,0,2,0,False,valid,2018-06-23,2018-06-23,True,True,False,HI85_2D_JUNSEP,warm_season_heatwave,derived_tmax_rhmin_hi_proxy_f,walk_forward_1979_to_Yminus1,jun_sep,floor_hi_ge_80,80,2,>
48_453_2018_002_HI85_2D_JUNSEP,48453,Travis (Austin),South Central (4107),2018-08-16,2018-08-20,5,105.55803692866417,105.01579100299902,1.4406413868852468,0.8533373331775522,4.266686665887761,0,5,5,5,5,4,False,valid,2018-08-20,2018-08-20,True,True,True,HI85_2D_JUNSEP,warm_season_heatwave,derived_tmax_rhmin_hi_proxy_f,walk_forward_1979_to_Yminus1,jun_sep,floor_hi_ge_80,80,2,>
48_453_2018_003_HI85_2D_JUNSEP,48453,Travis (Austin),South Central (4107),2018-08-27,2018-08-29,3,103.93894013591684,103.6096185155219,0.6076801557673122,0.2978030287137585,0.8934090861412756,0,3,3,3,3,1,False,valid,2018-08-28,2018-08-28,True,True,True,HI85_2D_JUNSEP,warm_season_heatwave,derived_tmax_rhmin_hi_proxy_f,walk_forward_1979_to_Yminus1,jun_sep,floor_hi_ge_80,80,2,>
48_453_2019_001_HI85_2D_JUNSEP,48453,Travis (Austin),South Central (4107),2019-08-17,2019-08-19,3,105.15461363897124,104.93717457322619,1.0185676004927018,0.784986297538064,2.3549588926141922,0,3,3,3,3,3,False,valid,2019-08-18,2019-08-18,True,True,True,HI85_2D_JUNSEP,warm_season_heatwave,derived_tmax_rhmin_hi_proxy_f,walk_forward_1979_to_Yminus1,jun_sep,floor_hi_ge_80,80,2,>
48_453_2019_002_HI85_2D_JUNSEP,48453,Travis (Austin),South Central (4107),2019-08-25,2019-08-26,2,106.75000672404798,105.44575070602694,3.1677701475894935,1.7564378747034795,3.512875749406959,0,2,2,2,2,1,False,valid,2019-08-26,2019-08-26,True,True,True,HI85_2D_JUNSEP,warm_season_heatwave,derived_tmax_rhmin_hi_proxy_f,walk_forward_1979_to_Yminus1,jun_sep,floor_hi_ge_80,80,2,>
48_453_2019_003_HI85_2D_JUNSEP,48453,Travis (Austin),South Central (4107),2019-09-10,2019-09-11,2,102.42835750949232,102.27452752209169,1.5121363541346682,1.499286576293997,2.998573152587994,0,2,2,0,2,0,False,valid,2019-09-10,2019-09-10,True,True,False,HI85_2D_JUNSEP,warm_season_heatwave,derived_tmax_rhmin_hi_proxy_f,walk_forward_1979_to_Yminus1,jun_sep,floor_hi_ge_80,80,2,>
48_453_2019_004_HI85_2D_JUNSEP,48453,Travis (Austin),South Central (4107),2019-09-19,2019-09-30,12,101.0853864906668,99.78518853308977,5.806944613978402,3.0239765074729825,36.28771808967579,0,12,6,0,11,0,False,valid,2019-09-19,2019-09-30,True,True,False,HI85_2D_JUNSEP,warm_season_heatwave,derived_tmax_rhmin_hi_proxy_f,walk_forward_1979_to_Yminus1,jun_sep,floor_hi_ge_80,80,2,>
48_453_2020_001_HI85_2D_JUNSEP,48453,Travis (Austin),South Central (4107),2020-08-11,2020-08-12,2,106.31440979037056,105.95722091023791,2.0369584717273597,1.735472311240919,3.470944622481838,0,2,2,2,2,2,False,valid,2020-08-12,2020-08-12,True,True,True,HI85_2D_JUNSEP,warm_season_heatwave,derived_tmax_rhmin_hi_proxy_f,walk_forward_1979_to_Yminus1,jun_sep,floor_hi_ge_80,80,2,>
48_453_2020_002_HI85_2D_JUNSEP,48453,Travis (Austin),South Central (4107),2020-08-28,2020-09-01,5,108.22131612195552,107.27829426375258,4.8876741369776795,4.0552470905108295,20.276235452554147,0,5,5,5,5,4,False,valid,2020-08-29,2020-08-29,True,True,True,HI85_2D_JUNSEP,warm_season_heatwave,derived_tmax_rhmin_hi_proxy_f,walk_forward_1979_to_Yminus1,jun_sep,floor_hi_ge_80,80,2,>
48_453_2021_001_HI85_2D_JUNSEP,48453,Travis (Austin),South Central (4107),2021-06-09,2021-06-10,2,100.33312853691308,100.07674886110321,1.1417598091779553,0.7830207712535113,1.5660415425070227,0,2,1,0,0,0,False,valid,2021-06-09,2021-06-09,True,True,False,HI85_2D_JUNSEP,warm_season_heatwave,derived_tmax_rhmin_hi_proxy_f,walk_forward_1979_to_Yminus1,jun_sep,floor_hi_ge_80,80,2,>
48_453_2021_002_HI85_2D_JUNSEP,48453,Travis (Austin),South Central (4107),2021-06-13,2021-06-15,3,103.58028252951128,102.15605909956463,3.5026647621791938,2.058448345677268,6.1753450370318035,0,3,3,1,3,0,False,valid,2021-06-14,2021-06-14,True,True,True,HI85_2D_JUNSEP,warm_season_heatwave,derived_tmax_rhmin_hi_proxy_f,walk_forward_1979_to_Yminus1,jun_sep,floor_hi_ge_80,80,2,>
48_453_2021_003_HI85_2D_JUNSEP,48453,Travis (Austin),South Central (4107),2021-06-17,2021-06-21,5,104.318017915488,101.94989898829732,3.367378136520358,1.2963395882636917,6.481697941318458,0,5,5,1,2,0,False,valid,2021-06-21,2021-06-21,True,True,True,HI85_2D_JUNSEP,warm_season_heatwave,derived_tmax_rhmin_hi_proxy_f,walk_forward_1979_to_Yminus1,jun_sep,floor_hi_ge_80,80,2,>
48_453_2021_004_HI85_2D_JUNSEP,48453,Travis (Austin),South Central (4107),2021-06-24,2021-06-26,3,105.37668537611732,103.9891140531531,4.157361189747249,2.6972206711783664,8.0916620135351,0,3,3,2,2,0,False,valid,2021-06-24,2021-06-24,True,True,True,HI85_2D_JUNSEP,warm_season_heatwave,derived_tmax_rhmin_hi_proxy_f,walk_forward_1979_to_Yminus1,jun_sep,floor_hi_ge_80,80,2,>
48_453_2021_005_HI85_2D_JUNSEP,48453,Travis (Austin),South Central (4107),2021-09-19,2021-09-20,2,102.01249201984844,101.10405364517854,3.8266894445677906,2.824335961814512,5.648671923629024,0,2,2,0,2,1,False,valid,2021-09-20,2021-09-20,True,True,False,HI85_2D_JUNSEP,warm_season_heatwave,derived_tmax_rhmin_hi_proxy_f,walk_forward_1979_to_Yminus1,jun_sep,floor_hi_ge_80,80,2,>
48_453_2022_001_HI85_2D_JUNSEP,48453,Travis (Austin),South Central (4107),2022-06-06,2022-06-07,2,99.92944962222404,99.54970123814364,1.3854386784510808,0.8680039193330487,1.7360078386660973,0,2,0,0,2,2,False,valid,2022-06-06,2022-06-06,True,False,False,HI85_2D_JUNSEP,warm_season_heatwave,derived_tmax_rhmin_hi_proxy_f,walk_forward_1979_to_Yminus1,jun_sep,floor_hi_ge_80,80,2,>
48_453_2022_002_HI85_2D_JUNSEP,48453,Travis (Austin),South Central (4107),2022-06-10,2022-06-13,4,102.28790653473,101.00647132601536,2.553998384879023,1.1501960435788163,4.600784174315265,0,4,4,0,4,4,False,valid,2022-06-11,2022-06-11,True,True,False,HI85_2D_JUNSEP,warm_season_heatwave,derived_tmax_rhmin_hi_proxy_f,walk_forward_1979_to_Yminus1,jun_sep,floor_hi_ge_80,80,2,>
48_453_2022_003_HI85_2D_JUNSEP,48453,Travis (Austin),South Central (4107),2022-07-02,2022-07-03,2,104.66148032227456,104.56448183123537,2.617936791183652,2.555143670350354,5.110287340700708,0,2,2,2,2,1,False,valid,2022-07-03,2022-07-03,True,True,True,HI85_2D_JUNSEP,warm_season_heatwave,derived_tmax_rhmin_hi_proxy_f,walk_forward_1979_to_Yminus1,jun_sep,floor_hi_ge_80,80,2,>
48_453_2022_004_HI85_2D_JUNSEP,48453,Travis (Austin),South Central (4107),2022-07-05,2022-07-15,11,105.56872593459391,104.34377504736517,3.1984503223596334,1.9575904590793802,21.53349504987318,0,11,11,9,11,9,False,valid,2022-07-11,2022-07-11,True,True,True,HI85_2D_JUNSEP,warm_season_heatwave,derived_tmax_rhmin_hi_proxy_f,walk_forward_1979_to_Yminus1,jun_sep,floor_hi_ge_80,80,2,>
48_453_2022_005_HI85_2D_JUNSEP,48453,Travis (Austin),South Central (4107),2022-07-18,2022-07-21,4,108.35535710158553,105.85251358531116,5.407164410697803,2.901622572399692,11.606490289598767,0,4,4,4,4,4,False,valid,2022-07-20,2022-07-20,True,True,True,HI85_2D_JUNSEP,warm_season_heatwave,derived_tmax_rhmin_hi_proxy_f,walk_forward_1979_to_Yminus1,jun_sep,floor_hi_ge_80,80,2,>
48_453_2022_006_HI85_2D_JUNSEP,48453,Travis (Austin),South Central (4107),2022-07-24,2022-07-30,7,104.6155234426068,103.96955323676352,1.1707012963961603,0.6483625256429743,4.53853767950082,0,7,7,7,7,7,False,valid,2022-07-30,2022-07-30,True,True,True,HI85_2D_JUNSEP,warm_season_heatwave,derived_tmax_rhmin_hi_proxy_f,walk_forward_1979_to_Yminus1,jun_sep,floor_hi_ge_80,80,2,>
48_453_2022_007_HI85_2D_JUNSEP,48453,Travis (Austin),South Central (4107),2022-08-03,2022-08-04,2,106.78584279260618,106.25298986392929,3.066609773663174,2.4951196382323886,4.990239276464777,0,2,2,2,2,2,False,valid,2022-08-03,2022-08-03,True,True,True,HI85_2D_JUNSEP,warm_season_heatwave,derived_tmax_rhmin_hi_proxy_f,walk_forward_1979_to_Yminus1,jun_sep,floor_hi_ge_80,80,2,>
48_453_2022_008_HI85_2D_JUNSEP,48453,Travis (Austin),South Central (4107),2022-08-12,2022-08-13,2,104.79971760983402,104.69315257858597,0.6438818637414414,0.5113342664009082,1.0226685328018164,0,2,2,2,2,2,False,valid,2022-08-13,2022-08-13,True,True,True,HI85_2D_JUNSEP,warm_season_heatwave,derived_tmax_rhmin_hi_proxy_f,walk_forward_1979_to_Yminus1,jun_sep,floor_hi_ge_80,80,2,>
48_453_2022_009_HI85_2D_JUNSEP,48453,Travis (Austin),South Central (4107),2022-08-27,2022-08-29,3,104.91503973346325,104.47405101465687,1.500659279740887,1.0315918106606574,3.0947754319819722,0,3,3,3,3,0,False,valid,2022-08-28,2022-08-28,True,True,True,HI85_2D_JUNSEP,warm_season_heatwave,derived_tmax_rhmin_hi_proxy_f,walk_forward_1979_to_Yminus1,jun_sep,floor_hi_ge_80,80,2,>
48_453_2022_010_HI85_2D_JUNSEP,48453,Travis (Austin),South Central (4107),2022-09-17,2022-09-20,4,101.4909503192394,100.40811140662271,3.1149245412443207,1.8558341913774434,7.423336765509774,0,4,3,0,4,0,False,valid,2022-09-19,2022-09-19,True,True,False,HI85_2D_JUNSEP,warm_season_heatwave,derived_tmax_rhmin_hi_proxy_f,walk_forward_1979_to_Yminus1,jun_sep,floor_hi_ge_80,80,2,>
48_453_2023_001_HI85_2D_JUNSEP,48453,Travis (Austin),South Central (4107),2023-06-15,2023-06-16,2,101.63194252154908,101.53442997976717,1.181863735195833,1.151467268240424,2.302934536480848,0,2,2,0,2,1,False,valid,2023-06-16,2023-06-16,True,True,False,HI85_2D_JUNSEP,warm_season_heatwave,derived_tmax_rhmin_hi_proxy_f,walk_forward_1979_to_Yminus1,jun_sep,floor_hi_ge_80,80,2,>
48_453_2023_002_HI85_2D_JUNSEP,48453,Travis (Austin),South Central (4107),2023-07-09,2023-07-15,7,107.62452126365176,106.12185625305844,5.016989176195594,3.413212287033003,23.89248600923102,0,7,7,7,7,7,False,valid,2023-07-11,2023-07-11,True,True,True,HI85_2D_JUNSEP,warm_season_heatwave,derived_tmax_rhmin_hi_proxy_f,walk_forward_1979_to_Yminus1,jun_sep,floor_hi_ge_80,80,2,>
48_453_2023_003_HI85_2D_JUNSEP,48453,Travis (Austin),South Central (4107),2023-07-23,2023-07-24,2,104.35350664483136,103.8512756865667,1.0438143476222734,0.5980507483226916,1.1961014966453831,0,2,2,2,2,2,False,valid,2023-07-24,2023-07-24,True,True,True,HI85_2D_JUNSEP,warm_season_heatwave,derived_tmax_rhmin_hi_proxy_f,walk_forward_1979_to_Yminus1,jun_sep,floor_hi_ge_80,80,2,>
48_453_2023_004_HI85_2D_JUNSEP,48453,Travis (Austin),South Central (4107),2023-08-02,2023-08-13,12,109.13260130732792,106.69496227564326,4.879796460342021,2.6818031854771207,32.18163822572545,0,12,12,12,12,12,False,valid,2023-08-12,2023-08-12,True,True,True,HI85_2D_JUNSEP,warm_season_heatwave,derived_tmax_rhmin_hi_proxy_f,walk_forward_1979_to_Yminus1,jun_sep,floor_hi_ge_80,80,2,>
48_453_2023_005_HI85_2D_JUNSEP,48453,Travis (Austin),South Central (4107),2023-08-20,2023-08-22,3,105.08776101329836,104.95947662524998,0.9600828721347199,0.8392537739807248,2.5177613219421744,0,3,3,3,3,3,False,valid,2023-08-21,2023-08-21,True,True,True,HI85_2D_JUNSEP,warm_season_heatwave,derived_tmax_rhmin_hi_proxy_f,walk_forward_1979_to_Yminus1,jun_sep,floor_hi_ge_80,80,2,>
48_453_2023_006_HI85_2D_JUNSEP,48453,Travis (Austin),South Central (4107),2023-08-25,2023-08-27,3,105.60175951768048,104.94242583858802,1.8083528463308767,1.1677075935550552,3.5031227806651657,0,3,3,3,3,3,False,valid,2023-08-26,2023-08-26,True,True,True,HI85_2D_JUNSEP,warm_season_heatwave,derived_tmax_rhmin_hi_proxy_f,walk_forward_1979_to_Yminus1,jun_sep,floor_hi_ge_80,80,2,>
48_453_2023_007_HI85_2D_JUNSEP,48453,Travis (Austin),South Central (4107),2023-09-04,2023-09-09,6,107.03854322448568,104.34588267910726,4.860730026938043,2.4484037199082116,14.690422319449269,0,6,6,5,6,6,False,valid,2023-09-05,2023-09-05,True,True,True,HI85_2D_JUNSEP,warm_season_heatwave,derived_tmax_rhmin_hi_proxy_f,walk_forward_1979_to_Yminus1,jun_sep,floor_hi_ge_80,80,2,>
48_453_2023_008_HI85_2D_JUNSEP,48453,Travis (Austin),South Central (4107),2023-09-20,2023-09-25,6,105.14999118765716,101.7874795167432,7.8409958103619175,4.150809822382915,24.904858934297494,0,6,4,2,6,1,False,valid,2023-09-24,2023-09-24,True,True,True,HI85_2D_JUNSEP,warm_season_heatwave,derived_tmax_rhmin_hi_proxy_f,walk_forward_1979_to_Yminus1,jun_sep,floor_hi_ge_80,80,2,>
48_453_2024_001_HI85_2D_JUNSEP,48453,Travis (Austin),South Central (4107),2024-06-24,2024-06-30,7,105.1079835071519,102.90337320444259,3.274140141575259,1.2780178076021136,8.946124653214795,0,7,7,2,7,0,False,valid,2024-06-29,2024-06-29,True,True,True,HI85_2D_JUNSEP,warm_season_heatwave,derived_tmax_rhmin_hi_proxy_f,walk_forward_1979_to_Yminus1,jun_sep,floor_hi_ge_80,80,2,>
48_453_2024_002_HI85_2D_JUNSEP,48453,Travis (Austin),South Central (4107),2024-08-21,2024-08-23,3,109.03465870088824,107.5525044489403,4.8357538028822376,3.353544868445468,10.060634605336404,0,3,3,3,3,3,False,valid,2024-08-22,2024-08-22,True,True,True,HI85_2D_JUNSEP,warm_season_heatwave,derived_tmax_rhmin_hi_proxy_f,walk_forward_1979_to_Yminus1,jun_sep,floor_hi_ge_80,80,2,>
48_453_2024_003_HI85_2D_JUNSEP,48453,Travis (Austin),South Central (4107),2024-09-18,2024-09-21,4,102.37984939830838,101.23958231345874,4.054771928595542,2.8349415992977676,11.33976639719107,0,4,3,0,4,0,False,valid,2024-09-20,2024-09-20,True,True,False,HI85_2D_JUNSEP,warm_season_heatwave,derived_tmax_rhmin_hi_proxy_f,walk_forward_1979_to_Yminus1,jun_sep,floor_hi_ge_80,80,2,>
48_453_2025_001_HI85_2D_JUNSEP,48453,Travis (Austin),South Central (4107),2025-09-22,2025-09-23,2,101.1297785900466,100.37446115874477,3.517953816626317,2.6430754358275195,5.286150871655039,0,2,1,0,2,0,False,valid,2025-09-23,2025-09-23,True,True,False,HI85_2D_JUNSEP,warm_season_heatwave,derived_tmax_rhmin_hi_proxy_f,walk_forward_1979_to_Yminus1,jun_sep,floor_hi_ge_80,80,2,>
