county_fips,year,county_name,heatwave_events_started,first_event_start_date,last_event_end_date,longest_event_duration_days,heatwave_days,heatwave_days_imputed
48001,2016,Anderson,4,2016-08-10,2016-12-27,4,14,0
48001,2017,Anderson,4,2017-01-11,2017-11-06,4,13,0
48001,2018,Anderson,4,2018-03-24,2018-10-08,5,14,0
48001,2019,Anderson,1,2019-02-04,2019-02-06,3,3,0
48001,2020,Anderson,3,2020-03-12,2020-09-01,6,12,0
48001,2021,Anderson,2,2021-12-15,2021-12-29,5,8,0
48001,2022,Anderson,2,2022-07-18,2022-12-10,5,9,0
48001,2023,Anderson,6,2023-06-18,2023-10-25,13,37,0
48001,2024,Anderson,3,2024-05-23,2024-12-17,3,9,0
48001,2025,Anderson,5,2025-02-03,2025-12-27,7,25,0
48003,2016,Andrews,1,2016-07-11,2016-07-14,4,4,0
48003,2019,Andrews,2,2019-02-02,2019-08-19,5,8,0
48003,2020,Andrews,2,2020-05-01,2020-07-15,4,7,0
48003,2021,Andrews,1,2021-12-24,2021-12-29,6,6,0
48003,2022,Andrews,6,2022-04-21,2022-12-10,7,24,5
48003,2023,Andrews,6,2023-01-15,2023-10-24,4,21,0
48003,2024,Andrews,5,2024-08-14,2024-10-30,8,21,4
48003,2025,Andrews,2,2025-04-25,2025-12-27,5,9,0
48005,2015,Angelina,1,2015-07-06,2015-07-08,3,3,0
48005,2016,Angelina,4,2016-07-03,2016-12-28,5,17,0
48005,2017,Angelina,2,2017-01-10,2017-11-06,7,12,0
48005,2018,Angelina,2,2018-03-24,2018-06-25,4,8,0
48005,2019,Angelina,3,2019-02-04,2019-09-30,3,9,0
48005,2020,Angelina,4,2020-03-12,2020-09-01,6,15,0
48005,2021,Angelina,3,2021-07-29,2021-12-29,4,11,0
48005,2022,Angelina,4,2022-06-12,2022-12-10,7,20,0
48005,2023,Angelina,9,2023-02-21,2023-10-28,15,58,0
48005,2024,Angelina,5,2024-04-16,2024-12-17,7,25,0
48005,2025,Angelina,5,2025-02-03,2025-12-27,6,24,0
48007,2015,Aransas,1,2015-12-24,2015-12-26,3,3,0
48007,2016,Aransas,5,2016-02-20,2016-12-28,4,17,0
48007,2017,Aransas,3,2017-01-12,2017-02-13,6,12,0
48007,2018,Aransas,3,2018-02-17,2018-10-14,5,12,0
48007,2019,Aransas,5,2019-02-04,2019-10-02,5,21,0
48007,2020,Aransas,6,2020-01-14,2020-09-03,8,27,0
48007,2021,Aransas,5,2021-01-24,2022-01-01,6,17,0
48007,2022,Aransas,6,2022-05-01,2022-12-13,6,23,0
48007,2023,Aransas,7,2023-02-21,2023-10-28,5,31,0
48007,2024,Aransas,9,2024-04-07,2024-11-04,8,37,0
48007,2025,Aransas,10,2025-02-04,2025-12-28,6,36,0
48009,2016,Archer,1,2016-02-19,2016-02-21,3,3,3
48009,2018,Archer,1,2018-05-31,2018-06-02,3,3,3
48009,2019,Archer,2,2019-02-02,2019-10-02,8,13,13
48009,2021,Archer,3,2021-03-11,2021-12-28,5,11,11
48009,2022,Archer,6,2022-04-21,2022-12-09,4,20,20
48009,2023,Archer,5,2023-01-16,2023-12-24,4,18,18
48009,2024,Archer,4,2024-02-08,2024-12-25,4,13,13
48009,2025,Archer,2,2025-11-18,2025-12-27,5,8,8
48011,2015,Armstrong,5,2015-01-27,2015-12-12,4,17,17
48011,2016,Armstrong,6,2016-02-19,2016-11-03,6,23,23
48011,2017,Armstrong,4,2017-01-19,2017-10-06,4,14,14
48011,2018,Armstrong,4,2018-05-10,2018-10-04,6,16,16
48011,2019,Armstrong,7,2019-02-03,2019-12-28,8,35,35
48011,2020,Armstrong,5,2020-03-11,2020-11-22,6,20,20
48011,2021,Armstrong,4,2021-06-10,2021-12-29,6,15,15
48011,2022,Armstrong,8,2022-04-21,2022-12-09,8,40,40
48011,2023,Armstrong,8,2023-01-15,2023-12-24,6,35,35
48011,2024,Armstrong,13,2024-01-24,2024-12-26,8,53,53
48011,2025,Armstrong,6,2025-03-27,2025-12-28,6,26,26
48013,2015,Atascosa,3,2015-07-07,2015-09-07,3,9,0
48013,2016,Atascosa,4,2016-02-20,2016-12-28,5,14,0
48013,2017,Atascosa,3,2017-01-11,2017-09-21,6,12,0
48013,2018,Atascosa,1,2018-09-24,2018-09-26,3,3,0
48013,2019,Atascosa,6,2019-02-02,2019-10-01,7,29,0
48013,2020,Atascosa,6,2020-01-15,2020-09-16,8,27,0
48013,2021,Atascosa,9,2021-01-22,2021-12-18,4,31,0
48013,2022,Atascosa,7,2022-04-21,2022-12-13,6,30,0
48013,2023,Atascosa,7,2023-06-14,2023-12-24,10,38,0
48013,2024,Atascosa,9,2024-02-09,2024-12-17,5,31,1
48013,2025,Atascosa,5,2025-02-05,2025-12-28,6,28,0
48015,2015,Austin,2,2015-05-08,2015-12-27,3,6,0
48015,2016,Austin,3,2016-07-04,2016-12-28,4,11,6
48015,2017,Austin,4,2017-01-11,2017-11-06,6,16,0
48015,2018,Austin,1,2018-03-17,2018-03-19,3,3,0
48015,2019,Austin,6,2019-02-05,2019-10-01,4,21,5
48015,2020,Austin,7,2020-03-13,2020-09-04,6,29,8
48015,2021,Austin,5,2021-08-18,2022-01-01,7,20,3
48015,2022,Austin,5,2022-05-02,2022-12-13,8,25,0
48015,2023,Austin,9,2023-02-21,2023-10-29,12,65,19
48015,2024,Austin,7,2024-04-16,2024-11-04,8,27,7
48015,2025,Austin,5,2025-02-04,2025-12-27,6,24,6
48017,2016,Bailey,1,2016-09-04,2016-09-08,5,5,0
48017,2017,Bailey,2,2017-09-23,2017-10-06,5,8,0
48017,2019,Bailey,1,2019-09-28,2019-10-03,6,6,0
48017,2020,Bailey,3,2020-03-12,2020-11-24,6,14,0
48017,2022,Bailey,5,2022-06-11,2022-12-08,5,21,0
48017,2023,Bailey,5,2023-02-20,2023-08-28,5,17,0
48017,2024,Bailey,2,2024-06-16,2024-10-21,4,7,0
48017,2025,Bailey,2,2025-04-24,2025-10-14,4,7,0
48019,2015,Bandera,1,2015-09-04,2015-09-07,4,4,0
48019,2016,Bandera,3,2016-07-04,2016-12-28,12,22,0
48019,2017,Bandera,3,2017-01-13,2017-09-23,5,11,0
48019,2018,Bandera,2,2018-06-23,2018-10-09,5,9,0
48019,2019,Bandera,2,2019-02-02,2019-10-01,5,8,0
48019,2020,Bandera,3,2020-03-13,2020-08-13,4,10,0
48019,2021,Bandera,2,2021-01-23,2021-12-18,4,7,0
48019,2022,Bandera,3,2022-08-03,2022-12-13,7,14,0
48019,2023,Bandera,5,2023-06-16,2023-12-24,6,22,0
48019,2024,Bandera,11,2024-04-15,2024-12-17,7,49,49
48019,2025,Bandera,6,2025-02-04,2025-12-27,5,24,24
48021,2015,Bastrop,3,2015-07-06,2015-09-10,6,13,0
48021,2016,Bastrop,6,2016-06-12,2016-12-28,13,32,0
48021,2017,Bastrop,4,2017-01-11,2017-11-07,5,17,0
48021,2018,Bastrop,3,2018-03-25,2018-10-08,5,11,0
48021,2019,Bastrop,9,2019-02-02,2019-10-01,5,32,0
48021,2020,Bastrop,6,2020-05-21,2020-10-20,11,32,0
48021,2021,Bastrop,4,2021-03-11,2021-12-29,6,17,0
48021,2022,Bastrop,8,2022-05-08,2022-12-13,8,32,0
48021,2023,Bastrop,9,2023-06-14,2023-10-28,12,56,0
48021,2024,Bastrop,12,2024-02-08,2024-12-17,7,43,0
48021,2025,Bastrop,8,2025-02-03,2025-12-27,6,34,0
48023,2016,Baylor,6,2016-02-18,2016-11-08,8,25,0
48023,2017,Baylor,4,2017-01-19,2017-09-25,6,17,0
48023,2018,Baylor,5,2018-05-12,2018-08-29,3,15,0
48023,2019,Baylor,3,2019-02-02,2019-10-02,8,16,0
48023,2020,Baylor,2,2020-07-14,2020-08-14,3,6,0
48023,2021,Baylor,3,2021-03-10,2021-12-29,5,13,0
48023,2022,Baylor,7,2022-04-21,2022-12-12,6,29,0
48023,2023,Baylor,6,2023-01-15,2023-12-24,5,22,0
48023,2024,Baylor,6,2024-06-29,2024-12-26,6,24,0
48023,2025,Baylor,1,2025-12-23,2025-12-27,5,5,0
48025,2016,Bee,2,2016-07-05,2016-12-28,7,11,0
48025,2017,Bee,1,2017-01-12,2017-01-17,6,6,0
48025,2019,Bee,2,2019-02-03,2019-05-23,5,8,0
48025,2020,Bee,2,2020-01-15,2020-09-03,4,7,0
48025,2021,Bee,1,2021-12-16,2021-12-18,3,3,0
48025,2022,Bee,2,2022-04-21,2022-12-13,6,9,0
48025,2023,Bee,4,2023-04-03,2023-10-29,5,16,0
48025,2024,Bee,3,2024-05-22,2024-11-04,6,14,9
48025,2025,Bee,5,2025-02-04,2025-12-28,6,27,1
48027,2015,Bell,1,2015-09-07,2015-09-09,3,3,0
48027,2016,Bell,8,2016-02-19,2016-12-28,5,30,0
48027,2017,Bell,2,2017-01-10,2017-02-13,3,6,0
48027,2018,Bell,3,2018-03-24,2018-10-07,4,10,0
48027,2019,Bell,3,2019-02-01,2019-10-02,6,16,0
48027,2020,Bell,5,2020-01-14,2020-08-31,5,18,1
48027,2021,Bell,3,2021-03-11,2021-12-29,6,13,0
48027,2022,Bell,6,2022-04-21,2022-12-13,8,27,0
48027,2023,Bell,11,2023-06-14,2023-12-23,10,53,0
48027,2024,Bell,5,2024-04-15,2024-12-17,5,20,0
48027,2025,Bell,3,2025-05-16,2025-12-27,7,16,0
48029,2015,Bexar,3,2015-05-18,2015-09-09,6,12,0
48029,2016,Bexar,6,2016-02-19,2016-12-28,11,29,0
48029,2017,Bexar,3,2017-01-11,2017-09-21,6,12,0
48029,2019,Bexar,3,2019-02-02,2019-10-01,5,12,0
48029,2020,Bexar,3,2020-01-14,2020-09-02,4,10,0
48029,2021,Bexar,1,2021-12-15,2021-12-17,3,3,0
48029,2022,Bexar,1,2022-12-07,2022-12-11,5,5,0
48029,2023,Bexar,5,2023-06-14,2023-12-23,6,20,0
48029,2024,Bexar,7,2024-04-15,2024-12-17,5,25,0
48029,2025,Bexar,5,2025-02-04,2025-12-27,5,23,0
48031,2016,Blanco,5,2016-07-03,2016-12-28,7,23,4
48031,2017,Blanco,1,2017-01-11,2017-01-13,3,3,0
48031,2019,Blanco,2,2019-02-03,2019-10-02,4,8,0
48031,2020,Blanco,3,2020-03-12,2020-09-02,4,11,3
48031,2021,Blanco,4,2021-03-11,2021-12-18,3,12,9
48031,2022,Blanco,7,2022-05-02,2022-12-12,7,28,0
48031,2023,Blanco,11,2023-06-13,2023-12-23,11,64,0
48031,2024,Blanco,10,2024-04-16,2024-12-18,7,38,7
48031,2025,Blanco,4,2025-02-04,2025-12-27,5,18,13
48033,2015,Borden,1,2015-09-16,2015-09-18,3,3,0
48033,2016,Borden,2,2016-02-18,2016-11-03,4,8,2
48033,2018,Borden,1,2018-08-25,2018-08-29,5,5,0
48033,2019,Borden,2,2019-02-02,2019-10-02,4,7,0
48033,2020,Borden,3,2020-07-09,2020-08-15,3,9,0
48033,2021,Borden,1,2021-12-26,2021-12-29,4,4,0
48033,2022,Borden,9,2022-04-20,2022-12-08,5,34,2
48033,2023,Borden,6,2023-07-12,2023-12-23,4,20,4
48033,2024,Borden,3,2024-06-25,2024-10-30,7,13,0
48033,2025,Borden,1,2025-12-24,2025-12-27,4,4,0
48035,2015,Bosque,1,2015-09-05,2015-09-08,4,4,2
48035,2016,Bosque,3,2016-10-16,2016-12-26,5,11,6
48035,2017,Bosque,1,2017-09-20,2017-09-22,3,3,0
48035,2019,Bosque,1,2019-09-21,2019-09-24,4,4,3
48035,2020,Bosque,1,2020-06-30,2020-07-02,3,3,1
48035,2021,Bosque,2,2021-12-14,2021-12-28,5,9,7
48035,2022,Bosque,4,2022-04-20,2022-12-10,5,15,11
48035,2023,Bosque,8,2023-06-20,2023-12-23,14,48,26
48035,2024,Bosque,4,2024-04-15,2024-12-17,3,12,12
48035,2025,Bosque,3,2025-02-06,2025-12-27,5,12,12
48037,2015,Bowie,1,2015-12-24,2015-12-27,4,4,0
48037,2016,Bowie,2,2016-07-03,2016-12-27,5,8,0
48037,2017,Bowie,3,2017-01-11,2017-11-06,6,13,0
48037,2018,Bowie,3,2018-05-31,2018-10-09,4,10,0
48037,2019,Bowie,1,2019-02-04,2019-02-06,3,3,0
48037,2020,Bowie,1,2020-07-14,2020-07-17,4,4,0
48037,2021,Bowie,3,2021-03-11,2022-01-01,9,14,0
48037,2022,Bowie,5,2022-07-07,2022-12-10,4,19,0
48037,2023,Bowie,6,2023-02-21,2023-10-28,4,20,0
48037,2024,Bowie,5,2024-02-08,2024-12-17,6,19,0
48037,2025,Bowie,5,2025-02-04,2025-12-27,6,23,0
48039,2015,Brazoria,4,2015-04-07,2015-12-26,4,13,0
48039,2016,Brazoria,8,2016-03-15,2016-12-28,12,41,0
48039,2017,Brazoria,8,2017-01-10,2017-11-06,8,36,0
48039,2018,Brazoria,4,2018-03-26,2018-11-08,4,13,0
48039,2019,Brazoria,7,2019-02-04,2019-10-02,6,29,0
48039,2020,Brazoria,7,2020-01-14,2020-09-04,8,33,0
48039,2021,Brazoria,9,2021-01-24,2022-01-01,9,33,0
48039,2022,Brazoria,8,2022-05-02,2022-12-13,4,27,0
48039,2023,Brazoria,9,2023-02-21,2023-10-28,10,50,0
48039,2024,Brazoria,7,2024-04-16,2024-11-04,7,26,0
48039,2025,Brazoria,6,2025-02-04,2025-12-26,6,26,0
48041,2016,Brazos,3,2016-07-04,2016-12-28,5,12,0
48041,2017,Brazos,3,2017-01-10,2017-11-06,5,12,0
48041,2019,Brazos,5,2019-02-04,2019-10-01,4,16,0
48041,2020,Brazos,4,2020-01-14,2020-09-01,5,15,0
48041,2021,Brazos,2,2021-12-14,2021-12-29,4,7,0
48041,2022,Brazos,6,2022-05-02,2022-12-10,7,28,0
48041,2023,Brazos,10,2023-06-14,2023-10-28,15,70,0
48041,2024,Brazos,6,2024-04-16,2024-12-17,7,25,0
48041,2025,Brazos,6,2025-02-03,2025-12-27,6,26,0
48043,2015,Brewster,3,2015-08-08,2015-10-23,4,11,0
48043,2016,Brewster,4,2016-02-19,2016-11-06,4,14,0
48043,2017,Brewster,3,2017-01-10,2017-03-23,6,13,0
48043,2018,Brewster,3,2018-02-18,2018-10-07,3,9,0
48043,2019,Brewster,5,2019-02-03,2019-10-03,6,24,0
48043,2020,Brewster,4,2020-03-12,2020-10-22,5,17,0
48043,2021,Brewster,7,2021-01-21,2022-01-01,9,30,0
48043,2022,Brewster,5,2022-04-20,2022-12-12,7,25,0
48043,2023,Brewster,10,2023-03-09,2023-11-19,18,72,0
48043,2024,Brewster,8,2024-06-14,2024-11-03,9,42,0
48043,2025,Brewster,10,2025-02-03,2025-12-28,11,57,0
48045,2015,Briscoe,2,2015-02-07,2015-10-21,5,8,0
48045,2016,Briscoe,5,2016-07-11,2016-11-08,4,18,0
48045,2017,Briscoe,6,2017-01-10,2017-10-06,5,21,0
48045,2018,Briscoe,3,2018-05-10,2018-10-05,8,17,0
48045,2019,Briscoe,3,2019-02-03,2019-09-29,5,13,0
48045,2020,Briscoe,3,2020-07-12,2020-11-22,4,10,0
48045,2021,Briscoe,3,2021-08-09,2021-12-26,4,11,0
48045,2022,Briscoe,3,2022-05-29,2022-08-04,5,12,0
48045,2023,Briscoe,5,2023-01-15,2023-12-24,5,18,0
48045,2024,Briscoe,11,2024-03-13,2024-12-31,6,41,0
48045,2025,Briscoe,6,2025-06-20,2025-12-28,6,22,0
48047,2016,Brooks,2,2016-07-05,2016-12-28,4,7,2
48047,2017,Brooks,2,2017-01-13,2017-09-28,5,8,1
48047,2019,Brooks,3,2019-02-04,2019-08-28,4,10,5
48047,2020,Brooks,3,2020-01-14,2020-09-03,7,13,9
48047,2021,Brooks,2,2021-10-12,2021-12-18,4,7,3
48047,2023,Brooks,5,2023-07-11,2023-10-27,8,24,24
48047,2024,Brooks,3,2024-05-22,2024-11-04,5,11,11
48047,2025,Brooks,3,2025-02-05,2025-11-20,3,9,9
48049,2015,Brown,1,2015-09-06,2015-09-09,4,4,0
48049,2016,Brown,2,2016-07-04,2016-11-05,3,6,0
48049,2017,Brown,2,2017-01-11,2017-02-08,3,6,0
48049,2018,Brown,1,2018-06-27,2018-07-02,6,6,0
48049,2019,Brown,3,2019-08-17,2019-10-02,6,14,0
48049,2020,Brown,3,2020-06-29,2020-08-15,4,10,10
48049,2021,Brown,3,2021-03-11,2021-12-29,5,12,1
48049,2022,Brown,8,2022-04-21,2022-12-10,13,47,1
48049,2023,Brown,7,2023-06-26,2023-12-24,13,49,0
48049,2024,Brown,6,2024-04-16,2024-12-16,5,20,0
48049,2025,Brown,2,2025-11-18,2025-12-28,6,9,0
48051,2016,Burleson,1,2016-12-24,2016-12-28,5,5,3
48051,2017,Burleson,5,2017-01-11,2017-11-17,6,20,8
48051,2020,Burleson,4,2020-05-21,2020-09-02,8,20,0
48051,2021,Burleson,2,2021-12-15,2021-12-31,8,11,4
48051,2022,Burleson,7,2022-05-02,2022-12-10,5,25,2
48051,2023,Burleson,9,2023-02-21,2023-10-28,10,51,9
48051,2024,Burleson,7,2024-02-08,2024-12-17,7,27,5
48051,2025,Burleson,5,2025-02-03,2025-12-27,7,26,6
48053,2015,Burnet,2,2015-08-12,2015-09-09,5,8,0
48053,2016,Burnet,7,2016-02-19,2016-12-28,6,29,0
48053,2017,Burnet,4,2017-01-10,2017-11-06,4,14,0
48053,2018,Burnet,2,2018-03-24,2018-06-26,4,7,0
48053,2019,Burnet,6,2019-02-02,2019-10-03,6,25,0
48053,2020,Burnet,4,2020-03-11,2020-09-01,5,15,0
48053,2021,Burnet,5,2021-03-11,2021-12-29,6,19,0
48053,2022,Burnet,6,2022-04-21,2022-12-13,7,26,0
48053,2023,Burnet,9,2023-06-18,2023-12-23,14,53,0
48053,2024,Burnet,4,2024-04-15,2024-12-17,4,14,0
48053,2025,Burnet,3,2025-02-04,2025-11-20,5,12,0
48055,2015,Caldwell,4,2015-07-06,2015-10-23,4,14,0
48055,2016,Caldwell,5,2016-02-19,2016-12-28,5,18,0
48055,2017,Caldwell,2,2017-01-10,2017-11-06,4,8,0
48055,2018,Caldwell,4,2018-03-24,2018-08-30,5,15,0
48055,2019,Caldwell,6,2019-02-04,2019-10-01,4,20,0
48055,2020,Caldwell,7,2020-01-14,2020-09-02,11,34,0
48055,2021,Caldwell,3,2021-06-23,2021-12-28,4,11,0
48055,2022,Caldwell,7,2022-04-30,2022-12-13,8,34,0
48055,2023,Caldwell,12,2023-06-13,2023-12-23,8,63,0
48055,2024,Caldwell,7,2024-04-15,2024-12-17,7,29,0
48055,2025,Caldwell,9,2025-02-03,2025-12-27,6,36,0
48057,2015,Calhoun,1,2015-12-24,2015-12-26,3,3,0
48057,2016,Calhoun,9,2016-02-20,2016-12-28,4,30,0
48057,2017,Calhoun,3,2017-01-12,2017-02-13,6,12,0
48057,2018,Calhoun,2,2018-02-16,2018-10-08,5,8,0
48057,2019,Calhoun,5,2019-02-03,2019-10-02,7,24,0
48057,2020,Calhoun,6,2020-01-15,2020-09-03,7,26,0
48057,2021,Calhoun,5,2021-01-24,2022-01-01,4,16,0
48057,2022,Calhoun,3,2022-05-02,2022-12-13,10,20,0
48057,2023,Calhoun,7,2023-02-21,2023-10-28,5,27,0
48057,2024,Calhoun,7,2024-04-16,2024-11-04,8,26,0
48057,2025,Calhoun,9,2025-02-04,2025-12-28,9,40,0
48059,2016,Callahan,1,2016-10-17,2016-10-19,3,3,0
48059,2017,Callahan,1,2017-09-20,2017-09-22,3,3,0
48059,2018,Callahan,1,2018-05-30,2018-06-03,5,5,0
48059,2019,Callahan,4,2019-02-02,2019-10-02,7,18,0
48059,2020,Callahan,3,2020-05-02,2020-08-15,4,11,0
48059,2021,Callahan,2,2021-12-15,2021-12-28,5,8,0
48059,2022,Callahan,9,2022-04-21,2022-12-10,14,46,0
48059,2023,Callahan,8,2023-01-16,2023-12-23,8,36,0
48059,2024,Callahan,2,2024-06-03,2024-08-18,5,8,0
48059,2025,Callahan,3,2025-09-21,2025-12-28,5,12,0
48061,2015,Cameron,1,2015-12-23,2015-12-26,4,4,0
48061,2016,Cameron,7,2016-03-15,2016-12-29,13,40,0
48061,2017,Cameron,6,2017-01-12,2017-09-28,6,25,0
48061,2018,Cameron,4,2018-02-15,2018-10-14,6,15,0
48061,2019,Cameron,10,2019-02-03,2019-09-30,8,47,0
48061,2020,Cameron,4,2020-01-14,2020-09-03,7,18,0
48061,2021,Cameron,6,2021-01-24,2022-01-01,6,22,0
48061,2022,Cameron,2,2022-05-04,2022-07-21,3,7,0
48061,2023,Cameron,8,2023-02-21,2023-10-27,14,49,0
48061,2024,Cameron,6,2024-05-01,2024-11-04,7,26,0
48061,2025,Cameron,4,2025-02-04,2025-11-19,9,23,0
48063,2015,Camp,5,2015-06-16,2015-12-13,6,20,1
48063,2016,Camp,11,2016-03-06,2016-12-27,10,53,0
48063,2017,Camp,4,2017-01-10,2017-11-06,10,21,4
48063,2018,Camp,2,2018-07-16,2018-10-08,6,10,10
48063,2019,Camp,2,2019-02-04,2019-09-24,3,6,6
48063,2020,Camp,1,2020-06-29,2020-07-01,3,3,3
48063,2021,Camp,2,2021-12-15,2021-12-29,5,8,8
48063,2022,Camp,4,2022-07-18,2022-12-10,4,16,16
48063,2023,Camp,5,2023-02-21,2023-10-28,5,19,19
48063,2025,Camp,4,2025-02-04,2025-12-28,7,23,23
48065,2015,Carson,5,2015-01-26,2015-12-12,5,21,6
48065,2016,Carson,2,2016-02-18,2016-07-14,4,7,1
48065,2017,Carson,5,2017-02-10,2017-12-04,5,17,5
48065,2018,Carson,5,2018-05-08,2018-08-28,8,25,25
48065,2019,Carson,8,2019-01-06,2019-10-02,8,37,37
48065,2020,Carson,6,2020-05-02,2020-11-24,6,24,24
48065,2021,Carson,6,2021-05-22,2021-12-28,5,20,20
48065,2022,Carson,7,2022-05-08,2022-09-21,10,45,45
48065,2023,Carson,9,2023-01-15,2023-12-24,7,41,41
48065,2024,Carson,11,2024-01-24,2024-12-26,9,55,55
48065,2025,Carson,8,2025-03-27,2025-12-28,6,33,33
48067,2016,Cass,2,2016-02-20,2016-10-20,4,7,0
48067,2017,Cass,2,2017-01-11,2017-11-06,6,10,0
48067,2018,Cass,5,2018-05-31,2018-10-09,6,20,0
48067,2019,Cass,6,2019-02-04,2019-10-01,4,20,0
48067,2020,Cass,1,2020-07-14,2020-07-16,3,3,0
48067,2021,Cass,3,2021-03-12,2021-12-30,6,13,0
48067,2022,Cass,4,2022-05-19,2022-12-11,5,16,0
48067,2023,Cass,7,2023-02-21,2023-10-29,7,32,0
48067,2024,Cass,4,2024-04-17,2024-12-18,3,12,0
48067,2025,Cass,5,2025-02-04,2025-12-28,6,23,0
48069,2015,Castro,1,2015-10-20,2015-10-22,3,3,0
48069,2016,Castro,4,2016-05-22,2016-11-08,4,13,0
48069,2017,Castro,2,2017-09-23,2017-10-06,5,8,0
48069,2018,Castro,1,2018-05-11,2018-05-13,3,3,0
48069,2019,Castro,5,2019-02-03,2019-12-28,8,24,0
48069,2020,Castro,3,2020-07-09,2020-11-24,7,18,0
48069,2021,Castro,2,2021-09-01,2021-12-26,5,8,0
48069,2022,Castro,5,2022-06-14,2022-12-08,4,17,0
48069,2023,Castro,5,2023-07-12,2023-12-24,4,18,0
48069,2024,Castro,4,2024-06-29,2024-12-27,6,17,0
48069,2025,Castro,3,2025-06-20,2025-12-28,6,16,0
48071,2015,Chambers,4,2015-03-20,2015-12-26,3,12,0
48071,2016,Chambers,4,2016-03-08,2016-12-28,4,14,0
48071,2017,Chambers,3,2017-01-10,2017-11-07,9,16,0
48071,2018,Chambers,4,2018-02-19,2018-10-05,4,13,0
48071,2019,Chambers,6,2019-02-04,2019-10-01,6,22,0
48071,2020,Chambers,6,2020-01-14,2020-09-03,8,27,0
48071,2021,Chambers,5,2021-01-24,2022-01-01,9,21,0
48071,2022,Chambers,4,2022-05-02,2022-12-09,5,15,0
48071,2023,Chambers,6,2023-02-21,2023-10-28,10,32,0
48071,2024,Chambers,5,2024-04-16,2024-11-10,7,24,0
48071,2025,Chambers,6,2025-02-04,2025-12-23,6,26,0
48073,2015,Cherokee,1,2015-12-25,2015-12-27,3,3,0
48073,2016,Cherokee,4,2016-07-07,2016-12-28,5,16,0
48073,2017,Cherokee,2,2017-01-11,2017-11-07,5,10,0
48073,2018,Cherokee,1,2018-10-05,2018-10-09,5,5,0
48073,2019,Cherokee,1,2019-02-05,2019-02-07,3,3,0
48073,2020,Cherokee,2,2020-03-12,2020-07-02,4,7,0
48073,2021,Cherokee,2,2021-12-04,2021-12-31,7,10,0
48073,2022,Cherokee,2,2022-07-18,2022-12-11,5,8,0
48073,2023,Cherokee,6,2023-06-18,2023-09-08,13,31,0
48073,2024,Cherokee,4,2024-04-16,2024-10-31,4,13,0
48073,2025,Cherokee,4,2025-02-04,2025-12-28,6,22,0
48075,2015,Childress,2,2015-01-27,2015-12-12,3,6,0
48075,2016,Childress,1,2016-11-05,2016-11-07,3,3,0
48075,2017,Childress,3,2017-01-19,2017-10-06,4,11,0
48075,2018,Childress,2,2018-05-11,2018-08-28,4,7,0
48075,2019,Childress,4,2019-02-02,2019-10-02,4,15,0
48075,2020,Childress,3,2020-07-13,2020-11-21,3,9,0
48075,2021,Childress,1,2021-12-24,2021-12-28,5,5,0
48075,2022,Childress,3,2022-06-12,2022-11-10,5,12,0
48075,2023,Childress,5,2023-01-15,2023-12-24,5,22,0
48075,2024,Childress,7,2024-01-31,2024-12-26,6,29,0
48075,2025,Childress,2,2025-10-12,2025-12-27,4,7,0
48077,2015,Clay,1,2015-09-06,2015-09-08,3,3,3
48077,2016,Clay,5,2016-02-19,2016-11-08,3,15,15
48077,2017,Clay,4,2017-01-20,2017-03-21,4,13,13
48077,2018,Clay,2,2018-05-31,2018-06-30,4,7,7
48077,2019,Clay,3,2019-02-02,2019-10-02,12,21,21
48077,2020,Clay,3,2020-01-14,2020-07-01,3,9,9
48077,2021,Clay,3,2021-03-10,2021-12-29,6,13,13
48077,2022,Clay,10,2022-04-21,2022-12-13,8,43,43
48077,2023,Clay,10,2023-01-16,2023-12-24,7,37,37
48077,2024,Clay,5,2024-02-08,2024-09-21,7,20,20
48077,2025,Clay,2,2025-11-18,2025-12-27,5,8,8
48079,2015,Cochran,1,2015-09-07,2015-09-09,3,3,0
48079,2016,Cochran,1,2016-07-11,2016-07-14,4,4,0
48079,2017,Cochran,4,2017-02-06,2017-10-06,4,15,0
48079,2018,Cochran,1,2018-07-19,2018-07-21,3,3,0
48079,2019,Cochran,4,2019-02-03,2019-12-28,4,15,0
48079,2020,Cochran,3,2020-07-10,2020-11-24,5,11,0
48079,2021,Cochran,2,2021-06-11,2021-12-28,6,9,0
48079,2022,Cochran,4,2022-05-09,2022-12-08,6,19,0
48079,2023,Cochran,3,2023-08-04,2023-10-24,4,10,0
48079,2024,Cochran,5,2024-06-07,2024-10-21,4,17,0
48079,2025,Cochran,3,2025-04-25,2025-12-28,4,11,0
48081,2016,Coke,1,2016-02-19,2016-02-21,3,3,0
48081,2019,Coke,3,2019-02-04,2019-10-01,4,10,0
48081,2021,Coke,1,2021-12-15,2021-12-17,3,3,0
48081,2022,Coke,4,2022-04-21,2022-12-12,8,17,0
48081,2023,Coke,2,2023-10-23,2023-12-23,4,7,0
48081,2025,Coke,1,2025-04-26,2025-04-29,4,4,0
48083,2015,Coleman,3,2015-04-07,2015-09-20,4,10,0
48083,2016,Coleman,6,2016-02-19,2016-12-26,7,25,0
48083,2017,Coleman,4,2017-01-10,2017-11-17,4,13,0
48083,2018,Coleman,5,2018-05-30,2018-08-29,6,21,0
48083,2019,Coleman,4,2019-02-01,2019-10-02,13,25,0
48083,2020,Coleman,4,2020-03-11,2020-09-01,6,18,0
48083,2021,Coleman,3,2021-03-10,2021-12-29,6,12,0
48083,2022,Coleman,7,2022-04-21,2022-12-13,19,47,0
48083,2023,Coleman,9,2023-06-25,2023-12-24,12,52,0
48083,2024,Coleman,5,2024-06-03,2024-08-24,5,20,0
48083,2025,Coleman,3,2025-04-28,2025-12-28,6,13,0
48085,2015,Collin,1,2015-09-05,2015-09-08,4,4,0
48085,2016,Collin,4,2016-02-19,2016-12-26,4,14,0
48085,2017,Collin,1,2017-01-10,2017-01-12,3,3,0
48085,2018,Collin,3,2018-06-11,2018-10-08,4,10,0
48085,2019,Collin,3,2019-02-03,2019-10-02,5,12,0
48085,2020,Collin,2,2020-06-29,2020-08-15,4,7,0
48085,2021,Collin,3,2021-03-11,2021-12-29,7,14,0
48085,2022,Collin,8,2022-04-21,2022-12-09,13,45,0
48085,2023,Collin,8,2023-02-20,2023-12-23,13,39,0
48085,2024,Collin,9,2024-03-03,2024-11-04,7,32,0
48085,2025,Collin,2,2025-11-17,2025-12-27,7,12,0
48087,2015,Collingsworth,1,2015-04-06,2015-04-08,3,3,0
48087,2016,Collingsworth,1,2016-11-02,2016-11-05,4,4,0
48087,2017,Collingsworth,2,2017-04-16,2017-10-06,4,7,0
48087,2018,Collingsworth,1,2018-04-30,2018-05-02,3,3,2
48087,2019,Collingsworth,1,2019-09-25,2019-10-02,8,8,8
48087,2021,Collingsworth,1,2021-12-24,2021-12-29,6,6,6
48087,2022,Collingsworth,2,2022-06-12,2022-12-09,5,10,10
48087,2023,Collingsworth,4,2023-01-15,2023-12-24,4,14,14
48087,2024,Collingsworth,4,2024-06-29,2024-12-26,4,13,13
48087,2025,Collingsworth,1,2025-12-23,2025-12-28,6,6,6
48089,2015,Colorado,6,2015-04-07,2015-10-24,6,24,0
48089,2016,Colorado,8,2016-06-12,2016-12-28,6,37,0
48089,2017,Colorado,9,2017-01-11,2017-11-07,7,35,0
48089,2018,Colorado,6,2018-06-22,2018-10-09,6,26,0
48089,2019,Colorado,9,2019-02-04,2019-10-01,7,38,0
48089,2020,Colorado,7,2020-01-14,2020-09-04,10,39,0
48089,2021,Colorado,5,2021-06-07,2022-01-01,6,17,0
48089,2022,Colorado,8,2022-04-11,2022-12-13,9,38,0
48089,2023,Colorado,12,2023-02-21,2023-10-28,12,72,0
48089,2024,Colorado,11,2024-03-04,2024-12-17,7,46,0
48089,2025,Colorado,6,2025-02-04,2025-12-28,6,25,0
48091,2016,Comal,2,2016-07-04,2016-12-28,7,11,0
48091,2017,Comal,5,2017-01-11,2017-11-18,5,18,0
48091,2018,Comal,1,2018-03-25,2018-03-27,3,3,0
48091,2019,Comal,3,2019-02-03,2019-10-02,6,16,0
48091,2020,Comal,4,2020-01-15,2020-09-03,5,16,0
48091,2021,Comal,3,2021-12-04,2021-12-28,5,12,0
48091,2022,Comal,2,2022-07-10,2022-12-13,7,10,0
48091,2023,Comal,10,2023-06-14,2023-12-24,9,51,0
48091,2024,Comal,7,2024-04-16,2024-12-17,8,30,6
48091,2025,Comal,4,2025-02-04,2025-12-27,7,22,5
48093,2015,Comanche,2,2015-04-06,2015-09-08,3,6,0
48093,2016,Comanche,4,2016-02-19,2016-12-28,5,17,0
48093,2018,Comanche,3,2018-06-22,2018-07-29,4,10,0
48093,2019,Comanche,4,2019-01-06,2019-10-02,8,21,0
48093,2020,Comanche,5,2020-03-01,2020-08-31,4,18,0
48093,2021,Comanche,4,2021-03-10,2021-12-29,6,17,0
48093,2022,Comanche,9,2022-04-21,2022-12-10,20,50,10
48093,2023,Comanche,13,2023-01-15,2023-12-23,14,64,3
48093,2024,Comanche,9,2024-02-08,2024-12-16,4,28,0
48093,2025,Comanche,2,2025-11-15,2025-12-27,6,11,0
48095,2016,Concho,1,2016-07-03,2016-07-05,3,3,0
48095,2017,Concho,1,2017-01-10,2017-01-13,4,4,0
48095,2018,Concho,1,2018-06-28,2018-06-30,3,3,0
48095,2019,Concho,2,2019-02-02,2019-10-01,11,16,0
48095,2020,Concho,2,2020-08-12,2020-09-01,4,8,0
48095,2021,Concho,2,2021-12-15,2021-12-26,3,6,0
48095,2022,Concho,6,2022-05-08,2022-12-10,5,22,0
48095,2023,Concho,6,2023-06-25,2023-12-24,6,25,0
48095,2024,Concho,1,2024-08-20,2024-08-23,4,4,0
48095,2025,Concho,1,2025-12-24,2025-12-28,5,5,0
48097,2016,Cooke,3,2016-02-19,2016-11-04,4,11,0
48097,2018,Cooke,1,2018-05-31,2018-06-02,3,3,0
48097,2019,Cooke,3,2019-02-02,2019-12-28,6,14,0
48097,2021,Cooke,3,2021-03-10,2021-12-29,6,13,0
48097,2022,Cooke,9,2022-04-21,2022-12-10,4,28,0
48097,2023,Cooke,4,2023-08-03,2023-12-24,5,17,0
48097,2024,Cooke,3,2024-04-15,2024-08-17,5,11,0
48097,2025,Cooke,2,2025-11-18,2025-12-28,6,10,0
48099,2016,Coryell,8,2016-02-19,2016-12-27,6,33,0
48099,2017,Coryell,6,2017-01-10,2017-11-17,4,20,0
48099,2018,Coryell,4,2018-03-24,2018-07-20,4,13,0
48099,2019,Coryell,4,2019-02-02,2019-10-02,8,20,0
48099,2020,Coryell,5,2020-03-11,2020-09-01,5,20,0
48099,2021,Coryell,4,2021-03-10,2021-12-29,7,18,0
48099,2022,Coryell,8,2022-04-21,2022-12-13,8,38,0
48099,2023,Coryell,10,2023-06-13,2023-12-23,13,60,0
48099,2024,Coryell,4,2024-04-14,2024-12-17,5,17,0
48099,2025,Coryell,4,2025-02-06,2025-12-27,5,16,0
48101,2016,Cottle,2,2016-09-07,2016-11-08,3,6,0
48101,2017,Cottle,1,2017-09-21,2017-09-24,4,4,0
48101,2018,Cottle,3,2018-05-11,2018-08-29,4,11,0
48101,2019,Cottle,6,2019-01-06,2019-10-02,5,24,0
48101,2020,Cottle,3,2020-06-29,2020-11-21,4,10,0
48101,2021,Cottle,3,2021-04-26,2021-12-29,6,13,0
48101,2022,Cottle,3,2022-04-20,2022-07-07,4,10,0
48101,2023,Cottle,2,2023-01-15,2023-12-23,4,7,0
48101,2024,Cottle,4,2024-08-12,2024-12-26,4,13,0
48101,2025,Cottle,1,2025-12-23,2025-12-27,5,5,0
48103,2016,Crane,5,2016-02-19,2016-10-18,5,17,0
48103,2017,Crane,3,2017-06-16,2017-09-23,5,12,0
48103,2018,Crane,3,2018-05-26,2018-09-01,8,15,0
48103,2019,Crane,6,2019-02-03,2019-10-03,5,22,0
48103,2020,Crane,6,2020-05-02,2020-11-21,4,20,0
48103,2021,Crane,5,2021-03-11,2021-12-29,6,20,0
48103,2022,Crane,5,2022-05-12,2022-12-13,7,20,0
48103,2023,Crane,9,2023-06-21,2023-12-25,10,48,0
48103,2024,Crane,6,2024-03-31,2024-10-31,7,24,0
48103,2025,Crane,2,2025-04-26,2025-12-29,6,11,0
48105,2015,Crockett,1,2015-11-25,2015-11-27,3,3,0
48105,2016,Crockett,4,2016-08-08,2016-12-29,6,17,0
48105,2017,Crockett,1,2017-01-13,2017-01-15,3,3,0
48105,2019,Crockett,3,2019-02-04,2019-10-02,5,13,0
48105,2020,Crockett,3,2020-03-11,2020-09-01,5,12,0
48105,2021,Crockett,2,2021-12-15,2021-12-27,5,8,0
48105,2022,Crockett,4,2022-04-20,2022-12-12,8,18,0
48105,2023,Crockett,6,2023-06-16,2023-12-23,9,33,0
48105,2024,Crockett,3,2024-08-14,2024-09-21,4,11,0
48105,2025,Crockett,2,2025-02-03,2025-12-27,6,11,1
48107,2015,Crosby,1,2015-04-07,2015-04-09,3,3,0
48107,2016,Crosby,3,2016-07-04,2016-09-09,5,11,0
48107,2017,Crosby,3,2017-03-17,2017-10-06,4,10,0
48107,2018,Crosby,4,2018-05-11,2018-10-06,4,13,0
48107,2019,Crosby,7,2019-02-03,2019-12-28,4,25,0
48107,2020,Crosby,4,2020-05-02,2020-11-22,8,21,0
48107,2021,Crosby,2,2021-09-03,2021-12-29,6,9,0
48107,2022,Crosby,5,2022-04-21,2022-12-10,5,20,0
48107,2023,Crosby,3,2023-08-21,2023-10-25,5,11,0
48107,2024,Crosby,7,2024-06-07,2024-12-27,6,28,0
48107,2025,Crosby,2,2025-06-21,2025-12-28,5,8,0
48109,2015,Culberson,3,2015-02-07,2015-09-18,6,13,0
48109,2016,Culberson,7,2016-02-18,2016-11-01,5,28,0
48109,2017,Culberson,7,2017-01-10,2017-12-04,8,29,0
48109,2018,Culberson,4,2018-03-22,2018-10-05,6,20,0
48109,2019,Culberson,6,2019-02-03,2019-08-19,3,18,0
48109,2020,Culberson,7,2020-05-01,2020-11-21,8,33,0
48109,2021,Culberson,7,2021-06-08,2021-12-27,5,27,0
48109,2022,Culberson,6,2022-04-20,2022-12-08,6,25,0
48109,2023,Culberson,7,2023-06-19,2023-11-18,11,33,0
48109,2024,Culberson,5,2024-02-25,2024-10-29,4,17,0
48109,2025,Culberson,5,2025-02-03,2025-12-27,9,27,0
48111,2015,Dallam,3,2015-01-28,2015-12-12,3,9,3
48111,2016,Dallam,1,2016-02-18,2016-02-20,3,3,0
48111,2017,Dallam,1,2017-04-18,2017-04-20,3,3,0
48111,2018,Dallam,3,2018-05-10,2018-08-28,6,13,13
48111,2019,Dallam,6,2019-02-03,2019-10-02,7,27,27
48111,2020,Dallam,3,2020-03-11,2020-06-08,3,9,9
48111,2021,Dallam,3,2021-08-11,2021-12-28,5,11,8
48111,2022,Dallam,8,2022-05-08,2022-11-10,10,42,42
48111,2023,Dallam,7,2023-01-15,2023-12-24,6,31,31
48111,2024,Dallam,11,2024-01-24,2024-12-26,8,43,43
48111,2025,Dallam,6,2025-04-25,2025-12-28,9,29,29
48113,2016,Dallas,4,2016-07-21,2016-12-28,5,17,0
48113,2017,Dallas,2,2017-03-20,2017-11-17,4,7,0
48113,2018,Dallas,7,2018-03-24,2018-10-07,5,26,0
48113,2019,Dallas,3,2019-02-03,2019-10-04,7,15,0
48113,2020,Dallas,1,2020-08-12,2020-08-15,4,4,0
48113,2021,Dallas,3,2021-03-11,2021-12-29,6,13,0
48113,2022,Dallas,6,2022-04-21,2022-12-09,5,21,0
48113,2023,Dallas,5,2023-08-03,2023-12-23,9,25,0
48113,2024,Dallas,3,2024-04-15,2024-10-30,3,9,0
48113,2025,Dallas,2,2025-11-17,2025-12-27,7,11,0
48115,2016,Dawson,1,2016-11-05,2016-11-08,4,4,0
48115,2017,Dawson,1,2017-10-04,2017-10-06,3,3,0
48115,2018,Dawson,1,2018-08-26,2018-08-28,3,3,0
48115,2019,Dawson,8,2019-01-07,2019-12-28,15,54,52
48115,2020,Dawson,8,2020-03-11,2020-11-24,13,51,51
48115,2021,Dawson,10,2021-01-21,2021-12-29,6,41,41
48115,2022,Dawson,10,2022-04-20,2022-12-12,22,74,74
48115,2023,Dawson,15,2023-01-01,2023-12-24,10,81,81
48115,2024,Dawson,15,2024-01-24,2024-10-30,15,70,70
48115,2025,Dawson,8,2025-02-03,2025-12-28,6,37,37
48117,2015,Deaf Smith,1,2015-12-22,2015-12-24,3,3,0
48117,2016,Deaf Smith,1,2016-11-01,2016-11-03,3,3,0
48117,2017,Deaf Smith,4,2017-02-06,2017-10-06,7,20,5
48117,2018,Deaf Smith,2,2018-04-30,2018-05-14,4,7,0
48117,2019,Deaf Smith,4,2019-02-03,2019-10-01,5,17,0
48117,2020,Deaf Smith,2,2020-08-11,2020-11-24,6,10,0
48117,2021,Deaf Smith,3,2021-06-10,2021-12-28,5,12,12
48117,2022,Deaf Smith,8,2022-05-28,2022-11-10,10,43,6
48117,2023,Deaf Smith,8,2023-01-15,2023-12-21,5,28,4
48117,2024,Deaf Smith,5,2024-06-06,2024-10-20,4,16,0
48117,2025,Deaf Smith,3,2025-04-25,2025-12-28,5,12,4
48119,2015,Delta,4,2015-08-05,2015-12-27,4,13,13
48119,2016,Delta,4,2016-07-03,2016-12-27,5,15,15
48119,2017,Delta,3,2017-01-11,2017-11-18,3,9,9
48119,2018,Delta,7,2018-05-31,2018-10-09,7,33,33
48119,2019,Delta,4,2019-02-03,2019-10-03,12,23,23
48119,2020,Delta,2,2020-06-29,2020-07-16,4,7,7
48119,2021,Delta,3,2021-03-11,2021-12-29,6,12,12
48119,2022,Delta,10,2022-04-21,2022-12-13,8,47,47
48119,2023,Delta,9,2023-01-16,2023-12-24,7,38,38
48119,2024,Delta,4,2024-04-15,2024-10-30,6,16,16
48119,2025,Delta,5,2025-02-06,2025-12-27,7,25,25
48121,2015,Denton,1,2015-09-06,2015-09-08,3,3,0
48121,2016,Denton,3,2016-02-19,2016-11-05,5,12,0
48121,2018,Denton,3,2018-05-13,2018-06-14,4,11,0
48121,2019,Denton,3,2019-02-01,2019-10-03,13,22,0
48121,2020,Denton,3,2020-06-29,2020-08-15,4,11,0
48121,2021,Denton,3,2021-03-10,2021-12-28,5,13,0
48121,2022,Denton,9,2022-04-21,2022-12-13,13,52,0
48121,2023,Denton,10,2023-06-25,2023-12-24,10,47,0
48121,2024,Denton,6,2024-04-15,2024-10-30,7,23,0
48121,2025,Denton,3,2025-04-27,2025-12-27,5,12,0
48123,2015,DeWitt,4,2015-07-06,2015-10-24,4,13,0
48123,2016,DeWitt,6,2016-03-16,2016-12-28,4,21,0
48123,2017,DeWitt,3,2017-01-11,2017-09-28,6,14,0
48123,2018,DeWitt,5,2018-06-11,2018-09-07,4,17,0
48123,2019,DeWitt,6,2019-02-03,2019-10-01,5,24,0
48123,2020,DeWitt,7,2020-01-15,2020-09-04,8,33,0
48123,2021,DeWitt,3,2021-03-12,2021-12-29,4,10,0
48123,2022,DeWitt,4,2022-05-08,2022-12-13,7,17,0
48123,2023,DeWitt,10,2023-02-21,2023-10-29,14,61,0
48123,2024,DeWitt,9,2024-04-16,2024-11-04,7,39,0
48123,2025,DeWitt,6,2025-02-04,2025-12-27,6,28,5
48125,2016,Dickens,1,2016-10-16,2016-10-18,3,3,0
48125,2017,Dickens,1,2017-10-04,2017-10-06,3,3,0
48125,2018,Dickens,1,2018-08-27,2018-08-29,3,3,0
48125,2019,Dickens,2,2019-07-18,2019-10-02,9,12,0
48125,2020,Dickens,3,2020-07-12,2020-11-22,10,18,0
48125,2021,Dickens,1,2021-12-25,2021-12-29,5,5,0
48125,2022,Dickens,6,2022-04-21,2022-12-09,5,23,0
48125,2023,Dickens,1,2023-07-13,2023-07-15,3,3,0
48125,2024,Dickens,3,2024-07-31,2024-12-26,4,10,0
48125,2025,Dickens,1,2025-12-24,2025-12-28,5,5,0
48127,2016,Dimmit,3,2016-02-20,2016-12-28,5,11,0
48127,2017,Dimmit,1,2017-01-13,2017-01-15,3,3,0
48127,2018,Dimmit,1,2018-10-05,2018-10-08,4,4,0
48127,2019,Dimmit,4,2019-01-09,2019-10-01,4,13,0
48127,2020,Dimmit,6,2020-01-14,2020-10-23,6,22,2
48127,2021,Dimmit,2,2021-01-23,2021-12-18,4,7,0
48127,2022,Dimmit,6,2022-04-22,2022-12-13,7,24,0
48127,2023,Dimmit,9,2023-03-07,2023-12-24,8,42,0
48127,2024,Dimmit,8,2024-04-16,2024-12-17,8,38,0
48127,2025,Dimmit,5,2025-02-05,2025-12-25,6,23,0
48129,2015,Donley,3,2015-01-27,2015-10-23,3,9,0
48129,2016,Donley,2,2016-07-12,2016-11-03,3,6,0
48129,2017,Donley,3,2017-01-19,2017-10-06,4,11,4
48129,2018,Donley,2,2018-05-11,2018-08-28,4,8,8
48129,2019,Donley,6,2019-02-03,2019-10-02,8,29,29
48129,2020,Donley,4,2020-05-02,2020-11-22,4,14,14
48129,2021,Donley,3,2021-06-10,2021-12-29,6,12,12
48129,2022,Donley,7,2022-05-08,2022-12-08,5,27,27
48129,2023,Donley,6,2023-01-15,2023-12-24,6,25,25
48129,2024,Donley,8,2024-01-24,2024-12-26,8,33,33
48129,2025,Donley,6,2025-03-27,2025-12-28,6,22,22
48131,2016,Duval,2,2016-07-10,2016-12-28,4,7,0
48131,2017,Duval,3,2017-01-11,2017-09-21,7,13,0
48131,2018,Duval,1,2018-02-17,2018-02-21,5,5,0
48131,2019,Duval,5,2019-02-04,2019-10-02,4,18,0
48131,2020,Duval,3,2020-01-15,2020-09-03,7,15,0
48131,2021,Duval,3,2021-10-11,2021-12-18,5,11,0
48131,2023,Duval,6,2023-06-25,2023-10-28,8,25,0
48131,2024,Duval,9,2024-04-16,2024-12-17,7,37,0
48131,2025,Duval,7,2025-02-04,2025-12-28,7,39,0
48133,2015,Eastland,3,2015-04-01,2015-09-09,4,10,10
48133,2016,Eastland,6,2016-02-19,2016-12-26,7,23,23
48133,2017,Eastland,4,2017-01-20,2017-09-22,3,12,12
48133,2018,Eastland,6,2018-05-30,2018-10-08,6,24,24
48133,2019,Eastland,5,2019-02-02,2019-10-02,12,28,28
48133,2020,Eastland,5,2020-06-29,2020-09-01,5,19,19
48133,2021,Eastland,4,2021-03-11,2021-12-29,6,15,15
48133,2022,Eastland,10,2022-04-21,2022-12-13,21,67,67
48133,2023,Eastland,10,2023-01-16,2023-12-24,14,59,59
48133,2024,Eastland,9,2024-02-08,2024-11-04,10,38,38
48133,2025,Eastland,2,2025-11-17,2025-12-27,5,10,10
48135,2015,Ector,1,2015-04-06,2015-04-08,3,3,0
48135,2016,Ector,3,2016-02-18,2016-11-07,4,10,0
48135,2017,Ector,6,2017-01-10,2017-12-04,5,20,0
48135,2018,Ector,2,2018-05-12,2018-06-02,9,12,0
48135,2019,Ector,4,2019-02-02,2019-10-02,8,22,0
48135,2020,Ector,4,2020-03-11,2020-09-01,9,19,0
48135,2021,Ector,2,2021-12-15,2021-12-28,5,8,0
48135,2022,Ector,5,2022-07-05,2022-12-12,8,26,0
48135,2023,Ector,12,2023-01-15,2023-12-23,10,62,0
48135,2024,Ector,11,2024-03-30,2024-12-24,16,47,0
48135,2025,Ector,8,2025-02-03,2025-12-27,5,28,0
48137,2016,Edwards,4,2016-02-19,2016-12-28,6,15,0
48137,2017,Edwards,2,2017-01-10,2017-02-08,6,10,0
48137,2019,Edwards,2,2019-02-01,2019-10-02,6,12,0
48137,2020,Edwards,1,2020-03-17,2020-03-19,3,3,0
48137,2021,Edwards,4,2021-10-24,2021-12-31,8,19,0
48137,2022,Edwards,4,2022-04-21,2022-12-12,7,17,3
48137,2023,Edwards,2,2023-06-17,2023-12-23,5,9,0
48137,2024,Edwards,6,2024-04-15,2024-12-17,7,24,3
48137,2025,Edwards,4,2025-02-04,2025-11-20,5,16,3
48139,2016,Ellis,4,2016-02-19,2016-12-28,5,15,0
48139,2017,Ellis,2,2017-01-10,2017-11-17,3,6,0
48139,2018,Ellis,4,2018-03-24,2018-10-07,4,14,0
48139,2019,Ellis,2,2019-02-01,2019-09-26,8,14,0
48139,2020,Ellis,2,2020-03-11,2020-07-01,3,6,0
48139,2021,Ellis,2,2021-12-14,2021-12-28,6,10,0
48139,2022,Ellis,8,2022-04-21,2022-12-12,9,41,0
48139,2023,Ellis,6,2023-07-13,2023-12-23,13,35,0
48139,2024,Ellis,5,2024-04-15,2024-12-17,3,15,0
48139,2025,Ellis,2,2025-11-14,2025-12-27,8,13,0
48141,2016,El Paso,1,2016-11-03,2016-11-05,3,3,0
48141,2017,El Paso,5,2017-01-13,2017-11-08,3,15,0
48141,2018,El Paso,4,2018-02-14,2018-10-06,6,15,0
48141,2019,El Paso,4,2019-03-27,2019-09-15,4,13,0
48141,2020,El Paso,2,2020-03-11,2020-09-01,3,6,0
48141,2021,El Paso,1,2021-12-24,2021-12-28,5,5,0
48141,2022,El Paso,3,2022-06-12,2022-12-07,3,9,0
48141,2023,El Paso,4,2023-01-15,2023-11-20,5,14,0
48141,2025,El Paso,5,2025-06-19,2025-12-28,12,28,0
48143,2015,Erath,2,2015-04-07,2015-09-08,3,6,0
48143,2016,Erath,5,2016-02-19,2016-12-28,5,19,1
48143,2017,Erath,4,2017-01-10,2017-11-17,4,14,0
48143,2018,Erath,3,2018-06-22,2018-10-08,4,10,0
48143,2019,Erath,2,2019-02-01,2019-10-01,7,13,0
48143,2020,Erath,5,2020-03-01,2020-09-01,4,17,0
48143,2021,Erath,3,2021-03-10,2021-12-28,5,13,0
48143,2022,Erath,10,2022-04-21,2022-12-10,10,49,0
48143,2023,Erath,11,2023-02-20,2023-12-23,13,55,1
48143,2024,Erath,4,2024-04-15,2024-12-17,4,13,0
48143,2025,Erath,2,2025-11-18,2025-12-27,5,8,0
48145,2016,Falls,2,2016-07-04,2016-12-28,5,8,8
48145,2017,Falls,1,2017-01-11,2017-01-13,3,3,3
48145,2019,Falls,2,2019-02-04,2019-10-01,4,7,7
48145,2020,Falls,2,2020-06-29,2020-09-01,4,8,8
48145,2021,Falls,2,2021-12-15,2021-12-29,6,9,9
48145,2022,Falls,6,2022-05-08,2022-12-10,6,27,27
48145,2023,Falls,8,2023-06-18,2023-10-28,10,43,43
48145,2024,Falls,1,2024-12-14,2024-12-17,4,4,4
48145,2025,Falls,4,2025-02-04,2025-12-27,5,17,17
48147,2015,Fannin,1,2015-09-06,2015-09-08,3,3,0
48147,2016,Fannin,1,2016-10-16,2016-10-19,4,4,0
48147,2017,Fannin,1,2017-01-20,2017-01-22,3,3,0
48147,2018,Fannin,4,2018-06-29,2018-10-09,6,16,0
48147,2019,Fannin,3,2019-02-03,2019-10-03,7,16,0
48147,2021,Fannin,3,2021-03-11,2021-12-28,5,11,0
48147,2022,Fannin,8,2022-04-21,2022-11-10,5,32,0
48147,2023,Fannin,2,2023-10-24,2023-12-24,3,6,0
48147,2024,Fannin,7,2024-02-25,2024-10-30,12,34,1
48147,2025,Fannin,4,2025-04-27,2025-12-27,7,20,0
48149,2015,Fayette,3,2015-04-06,2015-07-09,4,12,0
48149,2016,Fayette,6,2016-06-12,2016-12-28,6,26,0
48149,2017,Fayette,2,2017-01-11,2017-11-06,6,10,0
48149,2019,Fayette,6,2019-02-04,2019-10-02,6,27,0
48149,2020,Fayette,7,2020-01-15,2020-09-02,10,36,0
48149,2021,Fayette,5,2021-06-07,2021-12-31,7,19,0
48149,2022,Fayette,5,2022-05-02,2022-12-10,6,22,0
48149,2023,Fayette,8,2023-06-14,2023-10-28,14,60,0
48149,2024,Fayette,6,2024-04-16,2024-12-16,7,25,0
48149,2025,Fayette,4,2025-02-04,2025-11-21,5,17,0
48151,2015,Fisher,1,2015-09-06,2015-09-08,3,3,0
48151,2016,Fisher,3,2016-02-18,2016-11-03,5,12,0
48151,2017,Fisher,1,2017-12-02,2017-12-04,3,3,0
48151,2018,Fisher,4,2018-05-12,2018-07-24,8,20,0
48151,2019,Fisher,5,2019-02-02,2019-10-02,6,22,9
48151,2020,Fisher,1,2020-05-02,2020-05-04,3,3,0
48151,2021,Fisher,3,2021-03-11,2021-12-28,5,11,11
48151,2022,Fisher,3,2022-04-21,2022-12-10,5,12,12
48151,2023,Fisher,3,2023-01-16,2023-12-24,4,10,10
48151,2024,Fisher,1,2024-08-14,2024-08-16,3,3,3
48151,2025,Fisher,2,2025-11-18,2025-12-28,5,8,8
48153,2015,Floyd,3,2015-01-28,2015-12-12,4,10,0
48153,2016,Floyd,2,2016-02-19,2016-10-17,3,6,0
48153,2017,Floyd,3,2017-01-19,2017-10-06,4,11,0
48153,2018,Floyd,2,2018-05-11,2018-10-06,4,7,0
48153,2019,Floyd,6,2019-02-03,2019-12-27,7,25,0
48153,2020,Floyd,2,2020-07-10,2020-11-22,6,9,0
48153,2021,Floyd,1,2021-12-24,2021-12-26,3,3,0
48153,2022,Floyd,4,2022-05-29,2022-12-08,5,14,0
48153,2023,Floyd,6,2023-01-16,2023-12-24,5,21,0
48153,2024,Floyd,4,2024-06-29,2024-12-27,7,20,0
48153,2025,Floyd,2,2025-11-18,2025-12-28,6,9,0
48155,2015,Foard,2,2015-09-06,2015-12-12,4,7,7
48155,2016,Foard,6,2016-02-19,2016-11-08,4,19,19
48155,2017,Foard,5,2017-01-10,2017-10-06,4,18,18
48155,2018,Foard,4,2018-05-11,2018-10-05,5,15,15
48155,2019,Foard,7,2019-02-02,2019-12-28,11,33,33
48155,2020,Foard,3,2020-05-02,2020-08-15,4,10,10
48155,2021,Foard,4,2021-03-10,2021-12-29,6,17,17
48155,2022,Foard,10,2022-04-21,2022-12-13,8,48,48
48155,2023,Foard,7,2023-01-15,2023-12-24,5,28,28
48155,2024,Foard,7,2024-02-01,2024-12-26,7,28,28
48155,2025,Foard,4,2025-04-26,2025-12-28,6,16,16
48157,2015,Fort Bend,4,2015-05-08,2015-12-27,4,13,0
48157,2016,Fort Bend,3,2016-07-04,2016-12-28,6,15,0
48157,2017,Fort Bend,5,2017-01-11,2017-11-06,7,21,0
48157,2018,Fort Bend,5,2018-02-18,2018-11-08,4,17,0
48157,2019,Fort Bend,6,2019-02-04,2019-10-01,5,22,0
48157,2020,Fort Bend,7,2020-01-14,2020-09-15,7,31,0
48157,2021,Fort Bend,9,2021-04-27,2022-01-01,6,33,0
48157,2022,Fort Bend,5,2022-05-02,2022-12-13,9,25,0
48157,2023,Fort Bend,8,2023-02-21,2023-10-28,11,45,0
48157,2024,Fort Bend,10,2024-04-16,2024-12-17,7,39,0
48157,2025,Fort Bend,8,2025-02-04,2025-12-28,8,36,0
48159,2015,Franklin,1,2015-12-11,2015-12-13,3,3,0
48159,2016,Franklin,1,2016-10-17,2016-10-20,4,4,0
48159,2017,Franklin,2,2017-01-11,2017-11-18,3,6,0
48159,2018,Franklin,4,2018-06-01,2018-10-09,6,16,0
48159,2019,Franklin,2,2019-02-04,2019-09-29,4,7,0
48159,2020,Franklin,1,2020-06-30,2020-07-02,3,3,0
48159,2021,Franklin,3,2021-03-12,2021-12-29,5,12,0
48159,2022,Franklin,4,2022-07-05,2022-12-10,5,17,0
48159,2023,Franklin,4,2023-06-26,2023-10-28,4,13,10
48159,2025,Franklin,3,2025-05-16,2025-12-28,5,11,0
48161,2015,Freestone,1,2015-09-06,2015-09-08,3,3,3
48161,2016,Freestone,1,2016-10-17,2016-10-19,3,3,3
48161,2017,Freestone,1,2017-01-11,2017-01-13,3,3,3
48161,2018,Freestone,1,2018-10-06,2018-10-08,3,3,3
48161,2019,Freestone,2,2019-02-04,2019-10-01,4,7,7
48161,2020,Freestone,1,2020-06-29,2020-07-02,4,4,4
48161,2021,Freestone,2,2021-12-15,2021-12-29,5,8,8
48161,2022,Freestone,4,2022-07-07,2022-12-10,9,21,21
48161,2023,Freestone,8,2023-06-18,2023-10-28,14,49,49
48161,2024,Freestone,2,2024-04-16,2024-07-04,4,7,7
48161,2025,Freestone,4,2025-02-04,2025-12-27,5,18,18
48163,2015,Frio,7,2015-04-01,2015-09-09,6,26,0
48163,2016,Frio,7,2016-07-02,2016-12-28,11,38,0
48163,2017,Frio,6,2017-01-11,2017-11-18,7,23,0
48163,2019,Frio,5,2019-02-03,2019-10-02,6,23,23
48163,2020,Frio,3,2020-06-28,2020-09-02,6,14,14
48163,2021,Frio,5,2021-01-23,2021-12-29,5,17,8
48163,2022,Frio,5,2022-04-21,2022-12-13,7,24,16
48163,2023,Frio,8,2023-03-07,2023-12-24,6,34,15
48163,2024,Frio,13,2024-02-02,2024-12-17,6,52,12
48163,2025,Frio,5,2025-02-04,2025-12-28,6,22,22
48165,2015,Gaines,2,2015-01-28,2015-09-10,5,8,0
48165,2016,Gaines,3,2016-02-19,2016-11-08,7,14,0
48165,2017,Gaines,4,2017-02-06,2017-10-06,5,16,0
48165,2018,Gaines,3,2018-05-13,2018-10-08,6,13,0
48165,2019,Gaines,6,2019-02-03,2019-12-28,8,26,0
48165,2020,Gaines,5,2020-03-11,2020-08-16,10,24,0
48165,2021,Gaines,3,2021-06-09,2021-12-28,5,14,0
48165,2022,Gaines,10,2022-04-21,2022-12-10,13,50,0
48165,2023,Gaines,13,2023-01-15,2023-12-23,7,55,0
48165,2024,Gaines,7,2024-02-01,2024-10-21,9,37,0
48165,2025,Gaines,3,2025-04-24,2025-12-27,4,11,1
48167,2015,Galveston,1,2015-12-24,2015-12-26,3,3,0
48167,2016,Galveston,2,2016-03-15,2016-12-28,5,9,0
48167,2017,Galveston,6,2017-01-10,2017-05-20,9,29,0
48167,2018,Galveston,5,2018-02-15,2018-03-28,4,16,0
48167,2019,Galveston,5,2019-02-04,2019-10-01,6,22,0
48167,2020,Galveston,8,2020-01-14,2020-09-03,5,27,0
48167,2021,Galveston,4,2021-01-24,2022-01-01,9,18,0
48167,2022,Galveston,5,2022-05-02,2022-12-09,4,20,0
48167,2023,Galveston,7,2023-02-21,2023-10-28,10,41,0
48167,2024,Galveston,4,2024-02-08,2024-12-17,7,16,0
48167,2025,Galveston,6,2025-02-03,2025-11-21,7,26,0
48169,2015,Garza,1,2015-09-06,2015-09-08,3,3,0
48169,2016,Garza,2,2016-02-19,2016-07-08,3,6,0
48169,2017,Garza,2,2017-01-19,2017-09-23,4,7,0
48169,2018,Garza,3,2018-05-31,2018-09-01,5,11,0
48169,2019,Garza,4,2019-02-03,2019-10-02,6,17,0
48169,2020,Garza,2,2020-05-02,2020-07-15,6,9,0
48169,2021,Garza,4,2021-03-10,2021-12-29,6,17,0
48169,2022,Garza,7,2022-04-21,2022-12-10,5,26,0
48169,2023,Garza,6,2023-01-01,2023-12-24,5,23,0
48169,2024,Garza,6,2024-02-02,2024-09-22,14,33,0
48169,2025,Garza,1,2025-12-24,2025-12-28,5,5,0
48171,2016,Gillespie,2,2016-07-03,2016-12-28,4,8,0
48171,2017,Gillespie,1,2017-09-20,2017-09-22,3,3,0
48171,2019,Gillespie,3,2019-02-02,2019-10-01,6,13,0
48171,2020,Gillespie,3,2020-03-12,2020-09-02,6,12,0
48171,2021,Gillespie,1,2021-12-15,2021-12-17,3,3,0
48171,2022,Gillespie,1,2022-12-07,2022-12-13,7,7,0
48171,2023,Gillespie,4,2023-06-25,2023-09-08,12,28,0
48171,2024,Gillespie,3,2024-05-21,2024-12-17,7,14,0
48171,2025,Gillespie,3,2025-02-05,2025-12-28,4,11,0
48173,2015,Glasscock,2,2015-04-07,2015-09-09,4,7,7
48173,2016,Glasscock,6,2016-02-19,2016-11-07,5,21,21
48173,2017,Glasscock,3,2017-02-06,2017-10-06,4,10,10
48173,2018,Glasscock,4,2018-05-31,2018-10-06,5,15,15
48173,2019,Glasscock,4,2019-02-02,2019-10-02,8,25,25
48173,2020,Glasscock,6,2020-03-11,2020-09-01,8,26,26
48173,2021,Glasscock,4,2021-03-11,2021-12-29,6,16,16
48173,2022,Glasscock,8,2022-04-21,2022-12-12,19,50,50
48173,2023,Glasscock,10,2023-01-16,2023-12-24,14,53,53
48173,2024,Glasscock,5,2024-02-02,2024-09-21,9,29,29
48173,2025,Glasscock,3,2025-02-03,2025-12-28,6,17,17
48175,2015,Goliad,1,2015-12-25,2015-12-27,3,3,0
48175,2016,Goliad,2,2016-07-04,2016-12-28,7,11,0
48175,2017,Goliad,2,2017-01-13,2017-02-14,5,8,0
48175,2019,Goliad,3,2019-02-05,2019-06-24,4,10,0
48175,2020,Goliad,3,2020-01-15,2020-09-03,4,12,0
48175,2021,Goliad,2,2021-12-15,2022-01-01,5,8,0
48175,2022,Goliad,2,2022-11-08,2022-12-10,3,7,0
48175,2023,Goliad,8,2023-04-03,2023-10-29,7,44,0
48175,2024,Goliad,8,2024-04-16,2024-11-04,7,38,0
48175,2025,Goliad,4,2025-02-04,2025-11-20,6,15,0
48177,2016,Gonzales,6,2016-05-25,2016-12-28,6,24,0
48177,2017,Gonzales,3,2017-01-11,2017-11-06,4,11,0
48177,2018,Gonzales,5,2018-03-25,2018-10-08,5,17,0
48177,2019,Gonzales,5,2019-02-02,2019-10-01,6,23,0
48177,2020,Gonzales,9,2020-01-15,2020-10-22,7,38,0
48177,2021,Gonzales,2,2021-12-15,2021-12-29,4,8,0
48177,2022,Gonzales,6,2022-05-03,2022-12-13,8,26,0
48177,2023,Gonzales,8,2023-06-14,2023-12-24,8,42,0
48177,2024,Gonzales,10,2024-04-16,2024-12-17,7,41,0
48177,2025,Gonzales,11,2025-02-04,2025-12-27,6,47,0
48179,2015,Gray,3,2015-08-07,2015-12-12,4,10,0
48179,2016,Gray,1,2016-07-12,2016-07-14,3,3,0
48179,2017,Gray,2,2017-03-18,2017-10-06,4,7,0
48179,2018,Gray,2,2018-05-01,2018-05-15,7,10,0
48179,2019,Gray,2,2019-08-19,2019-10-02,5,8,0
48179,2021,Gray,2,2021-10-08,2021-12-28,5,8,0
48179,2022,Gray,3,2022-06-12,2022-09-21,5,11,0
48179,2023,Gray,4,2023-01-16,2023-12-24,5,17,0
48179,2024,Gray,3,2024-01-24,2024-09-21,4,10,0
48179,2025,Gray,4,2025-03-27,2025-12-28,6,15,0
48181,2016,Grayson,3,2016-10-15,2016-12-26,5,12,0
48181,2017,Grayson,2,2017-01-19,2017-12-21,3,6,0
48181,2018,Grayson,4,2018-05-31,2018-10-05,5,14,0
48181,2019,Grayson,3,2019-02-03,2019-10-03,7,16,0
48181,2020,Grayson,2,2020-06-29,2020-07-16,4,7,0
48181,2021,Grayson,3,2021-03-10,2021-12-29,7,15,0
48181,2022,Grayson,7,2022-05-08,2022-11-10,5,28,0
48181,2023,Grayson,7,2023-06-25,2023-12-23,6,26,0
48181,2024,Grayson,8,2024-02-25,2024-11-04,6,27,0
48181,2025,Grayson,2,2025-11-17,2025-12-27,6,10,0
48183,2015,Gregg,4,2015-04-07,2015-12-27,3,12,0
48183,2016,Gregg,3,2016-07-04,2016-12-28,5,14,0
48183,2017,Gregg,2,2017-01-11,2017-11-06,6,10,0
48183,2018,Gregg,6,2018-03-25,2018-10-09,8,32,0
48183,2019,Gregg,4,2019-02-04,2019-08-27,4,13,0
48183,2020,Gregg,3,2020-03-11,2020-07-16,4,10,0
48183,2021,Gregg,3,2021-10-13,2021-12-31,8,15,0
48183,2022,Gregg,5,2022-07-07,2022-12-11,7,24,0
48183,2023,Gregg,8,2023-02-21,2023-11-13,8,35,3
48183,2024,Gregg,7,2024-02-09,2024-12-17,4,22,0
48183,2025,Gregg,6,2025-02-04,2025-12-28,8,33,0
48185,2015,Grimes,3,2015-07-05,2015-12-27,4,11,11
48185,2016,Grimes,5,2016-07-03,2016-12-28,6,20,20
48185,2017,Grimes,3,2017-01-11,2017-11-06,6,13,13
48185,2018,Grimes,2,2018-03-25,2018-10-08,5,8,8
48185,2019,Grimes,6,2019-02-04,2019-10-01,5,22,22
48185,2020,Grimes,5,2020-03-12,2020-09-02,9,26,26
48185,2021,Grimes,5,2021-06-09,2021-12-31,8,20,20
48185,2022,Grimes,11,2022-04-21,2022-12-13,9,54,54
48185,2023,Grimes,9,2023-02-21,2023-10-28,16,71,71
48185,2024,Grimes,8,2024-04-16,2024-12-17,7,37,37
48185,2025,Grimes,5,2025-02-04,2025-12-27,6,25,25
48187,2015,Guadalupe,2,2015-07-06,2015-09-10,6,9,0
48187,2016,Guadalupe,5,2016-02-19,2016-12-28,9,25,0
48187,2017,Guadalupe,5,2017-01-11,2017-11-06,4,17,0
48187,2018,Guadalupe,1,2018-08-26,2018-08-28,3,3,0
48187,2019,Guadalupe,6,2019-02-02,2019-10-01,5,24,0
48187,2020,Guadalupe,6,2020-01-15,2020-09-03,7,29,0
48187,2021,Guadalupe,2,2021-03-11,2021-12-18,4,7,0
48187,2022,Guadalupe,3,2022-07-21,2022-12-13,7,14,0
48187,2023,Guadalupe,9,2023-06-14,2023-12-24,7,40,0
48187,2024,Guadalupe,6,2024-04-15,2024-12-17,7,29,0
48187,2025,Guadalupe,5,2025-02-05,2025-12-27,6,22,0
48189,2015,Hale,1,2015-10-21,2015-10-23,3,3,0
48189,2016,Hale,1,2016-07-11,2016-07-14,4,4,0
48189,2017,Hale,2,2017-03-19,2017-10-06,4,7,0
48189,2018,Hale,2,2018-05-11,2018-05-29,4,7,0
48189,2019,Hale,6,2019-02-03,2019-10-03,4,21,0
48189,2020,Hale,3,2020-07-10,2020-11-22,6,12,0
48189,2021,Hale,2,2021-06-10,2021-12-26,3,6,0
48189,2022,Hale,4,2022-06-13,2022-12-08,5,15,0
48189,2023,Hale,2,2023-08-04,2023-10-25,3,6,0
48189,2024,Hale,7,2024-05-01,2024-12-27,5,25,0
48189,2025,Hale,2,2025-10-10,2025-12-28,5,10,0
48191,2015,Hall,1,2015-04-07,2015-04-09,3,3,0
48191,2016,Hall,2,2016-11-01,2016-11-08,3,6,0
48191,2017,Hall,3,2017-01-20,2017-10-06,3,9,0
48191,2018,Hall,2,2018-05-10,2018-08-28,4,8,0
48191,2019,Hall,5,2019-07-17,2019-10-02,5,20,0
48191,2020,Hall,2,2020-08-13,2020-11-22,4,8,0
48191,2021,Hall,2,2021-09-02,2021-12-26,3,6,0
48191,2022,Hall,2,2022-05-29,2022-06-15,4,7,0
48191,2023,Hall,2,2023-01-16,2023-12-24,4,7,0
48191,2024,Hall,3,2024-06-29,2024-12-26,4,11,0
48191,2025,Hall,4,2025-03-27,2025-12-28,5,14,0
48193,2015,Hamilton,1,2015-09-05,2015-09-08,4,4,4
48193,2016,Hamilton,4,2016-07-03,2016-12-28,5,15,12
48193,2017,Hamilton,2,2017-01-11,2017-09-22,3,6,6
48193,2018,Hamilton,2,2018-07-18,2018-08-29,7,10,10
48193,2019,Hamilton,3,2019-02-02,2019-10-02,12,20,20
48193,2020,Hamilton,4,2020-06-29,2020-09-01,5,16,16
48193,2021,Hamilton,3,2021-03-11,2021-12-29,6,13,13
48193,2022,Hamilton,7,2022-04-21,2022-12-12,8,34,3
48193,2023,Hamilton,9,2023-01-16,2023-12-23,14,53,7
48193,2024,Hamilton,6,2024-03-30,2024-12-17,5,21,0
48193,2025,Hamilton,2,2025-11-18,2025-12-27,5,8,0
48195,2017,Hansford,1,2017-04-17,2017-04-20,4,4,0
48195,2018,Hansford,1,2018-05-09,2018-05-14,6,6,0
48195,2019,Hansford,2,2019-07-18,2019-10-02,3,6,0
48195,2020,Hansford,3,2020-06-06,2020-11-24,4,10,0
48195,2021,Hansford,1,2021-12-24,2021-12-26,3,3,0
48195,2022,Hansford,3,2022-06-13,2022-09-21,4,11,0
48195,2023,Hansford,1,2023-10-23,2023-10-25,3,3,0
48195,2024,Hansford,4,2024-02-05,2024-12-26,4,14,0
48195,2025,Hansford,2,2025-10-14,2025-12-28,6,10,0
48197,2015,Hardeman,2,2015-02-08,2015-12-12,4,7,7
48197,2016,Hardeman,2,2016-02-19,2016-11-08,4,7,7
48197,2017,Hardeman,4,2017-01-19,2017-03-21,4,14,14
48197,2018,Hardeman,1,2018-05-12,2018-05-14,3,3,3
48197,2019,Hardeman,3,2019-02-02,2019-12-28,8,17,17
48197,2021,Hardeman,3,2021-01-21,2021-12-29,6,14,14
48197,2022,Hardeman,5,2022-04-21,2022-12-13,8,22,22
48197,2023,Hardeman,3,2023-01-15,2023-12-24,5,12,12
48197,2024,Hardeman,5,2024-01-24,2024-12-26,5,17,17
48197,2025,Hardeman,2,2025-11-18,2025-12-28,6,10,10
48199,2015,Hardin,2,2015-05-09,2015-12-27,6,9,1
48199,2016,Hardin,3,2016-07-04,2016-12-29,5,13,0
48199,2017,Hardin,5,2017-01-11,2017-11-07,8,23,0
48199,2018,Hardin,3,2018-02-15,2018-07-22,5,12,0
48199,2019,Hardin,5,2019-02-05,2019-07-13,5,17,0
48199,2020,Hardin,5,2020-03-13,2020-09-16,7,24,0
48199,2021,Hardin,4,2021-01-24,2021-12-29,4,14,0
48199,2022,Hardin,1,2022-12-07,2022-12-11,5,5,0
48199,2023,Hardin,8,2023-02-21,2023-10-28,10,45,0
48199,2024,Hardin,8,2024-02-09,2024-12-18,6,30,0
48199,2025,Hardin,3,2025-02-04,2025-12-28,7,16,1
48201,2015,Harris,2,2015-05-08,2015-07-08,3,6,0
48201,2016,Harris,3,2016-07-03,2016-12-28,6,16,0
48201,2017,Harris,7,2017-01-10,2017-11-06,7,29,0
48201,2018,Harris,1,2018-07-18,2018-07-23,6,6,0
48201,2019,Harris,4,2019-02-04,2019-06-23,6,15,0
48201,2020,Harris,9,2020-01-14,2020-09-17,6,38,0
48201,2021,Harris,4,2021-06-07,2021-12-29,5,15,0
48201,2022,Harris,6,2022-05-08,2022-12-10,6,23,0
48201,2023,Harris,9,2023-02-21,2023-10-28,10,63,0
48201,2024,Harris,6,2024-04-16,2024-11-04,10,34,0
48201,2025,Harris,7,2025-02-04,2025-12-27,7,31,0
48203,2016,Harrison,2,2016-07-04,2016-12-27,4,7,0
48203,2017,Harrison,2,2017-01-11,2017-11-06,6,10,0
48203,2018,Harrison,2,2018-06-23,2018-10-09,3,6,0
48203,2019,Harrison,1,2019-02-04,2019-02-07,4,4,0
48203,2021,Harrison,3,2021-12-04,2021-12-29,5,12,0
48203,2022,Harrison,2,2022-05-19,2022-12-11,5,8,0
48203,2023,Harrison,4,2023-02-21,2023-10-28,5,15,0
48203,2024,Harrison,2,2024-11-02,2024-12-18,4,7,0
48203,2025,Harrison,5,2025-02-04,2025-12-28,7,25,0
48205,2015,Hartley,5,2015-01-26,2015-10-22,6,22,0
48205,2016,Hartley,1,2016-10-29,2016-11-02,5,5,0
48205,2017,Hartley,4,2017-02-10,2017-11-26,5,14,0
48205,2019,Hartley,1,2019-09-29,2019-10-01,3,3,0
48205,2020,Hartley,3,2020-06-06,2020-11-23,5,11,0
48205,2021,Hartley,2,2021-05-22,2021-12-26,3,6,0
48205,2022,Hartley,1,2022-06-12,2022-06-15,4,4,0
48205,2023,Hartley,1,2023-12-20,2023-12-24,5,5,0
48205,2024,Hartley,3,2024-02-05,2024-10-21,4,11,0
48205,2025,Hartley,2,2025-10-09,2025-12-27,9,14,0
48207,2015,Haskell,3,2015-09-06,2015-12-25,6,14,0
48207,2016,Haskell,6,2016-02-18,2016-12-13,7,29,0
48207,2019,Haskell,2,2019-02-03,2019-10-02,5,9,0
48207,2021,Haskell,2,2021-03-11,2021-12-29,5,8,0
48207,2022,Haskell,4,2022-04-21,2022-12-10,4,13,0
48207,2023,Haskell,3,2023-01-16,2023-12-24,4,10,0
48207,2024,Haskell,3,2024-06-28,2024-09-22,4,10,0
48207,2025,Haskell,1,2025-12-24,2025-12-28,5,5,0
48209,2015,Hays,1,2015-09-07,2015-09-09,3,3,0
48209,2016,Hays,3,2016-07-04,2016-12-29,8,17,0
48209,2017,Hays,4,2017-01-11,2017-11-06,4,13,0
48209,2019,Hays,6,2019-02-03,2019-10-02,5,25,0
48209,2020,Hays,2,2020-07-07,2020-09-01,7,12,0
48209,2021,Hays,2,2021-03-11,2021-12-29,5,8,0
48209,2022,Hays,2,2022-05-08,2022-12-11,5,8,0
48209,2023,Hays,5,2023-06-13,2023-10-28,8,30,0
48209,2024,Hays,6,2024-04-15,2024-12-17,7,27,0
48209,2025,Hays,5,2025-02-03,2025-12-27,7,26,0
48211,2015,Hemphill,2,2015-12-10,2015-12-24,4,7,7
48211,2016,Hemphill,1,2016-11-01,2016-11-03,3,3,3
48211,2017,Hemphill,3,2017-01-19,2017-10-06,4,11,11
48211,2018,Hemphill,2,2018-05-11,2018-08-28,4,8,8
48211,2019,Hemphill,5,2019-02-03,2019-10-02,5,19,19
48211,2020,Hemphill,1,2020-11-19,2020-11-21,3,3,3
48211,2021,Hemphill,2,2021-06-10,2021-12-28,5,8,8
48211,2022,Hemphill,5,2022-05-09,2022-12-10,5,20,20
48211,2023,Hemphill,6,2023-01-15,2023-12-24,6,27,27
48211,2024,Hemphill,9,2024-01-24,2024-12-26,6,34,34
48211,2025,Hemphill,3,2025-10-11,2025-12-28,6,14,14
48213,2015,Henderson,2,2015-07-06,2015-09-08,4,7,0
48213,2016,Henderson,5,2016-08-09,2016-12-28,5,20,0
48213,2017,Henderson,3,2017-01-11,2017-11-06,4,10,0
48213,2018,Henderson,6,2018-05-12,2018-10-07,4,21,0
48213,2019,Henderson,4,2019-02-03,2019-10-01,5,15,0
48213,2020,Henderson,2,2020-03-11,2020-07-02,3,6,0
48213,2021,Henderson,3,2021-06-24,2021-12-28,4,10,0
48213,2022,Henderson,3,2022-07-18,2022-12-10,5,13,0
48213,2023,Henderson,8,2023-06-18,2023-10-28,13,39,0
48213,2024,Henderson,3,2024-06-29,2024-12-17,6,12,0
48213,2025,Henderson,4,2025-04-26,2025-12-27,7,20,0
48215,2015,Hidalgo,1,2015-08-06,2015-08-08,3,3,0
48215,2016,Hidalgo,5,2016-03-16,2016-12-29,13,29,0
48215,2017,Hidalgo,4,2017-01-11,2017-09-22,7,18,0
48215,2018,Hidalgo,2,2018-02-16,2018-09-22,5,8,0
48215,2019,Hidalgo,8,2019-02-03,2019-09-30,8,34,0
48215,2020,Hidalgo,6,2020-01-13,2020-09-03,5,26,0
48215,2021,Hidalgo,3,2021-10-11,2022-01-01,5,13,0
48215,2022,Hidalgo,1,2022-05-08,2022-05-10,3,4,0
48215,2023,Hidalgo,8,2023-02-26,2023-10-28,9,49,0
48215,2024,Hidalgo,7,2024-04-16,2024-11-04,7,37,0
48215,2025,Hidalgo,9,2025-02-05,2025-12-28,8,46,0
48217,2015,Hill,1,2015-09-06,2015-09-08,3,3,0
48217,2016,Hill,3,2016-08-09,2016-12-28,4,10,0
48217,2018,Hill,5,2018-06-11,2018-10-07,4,16,0
48217,2019,Hill,3,2019-02-04,2019-10-02,12,18,0
48217,2020,Hill,2,2020-06-29,2020-08-15,4,8,0
48217,2021,Hill,3,2021-03-11,2021-12-29,6,12,0
48217,2022,Hill,8,2022-05-08,2022-12-10,13,46,0
48217,2023,Hill,6,2023-07-12,2023-10-27,13,35,0
48217,2024,Hill,2,2024-07-02,2024-12-17,3,6,0
48217,2025,Hill,2,2025-11-17,2025-12-27,5,9,0
48219,2016,Hockley,1,2016-07-06,2016-07-08,3,3,0
48219,2017,Hockley,3,2017-01-19,2017-10-06,5,12,0
48219,2018,Hockley,1,2018-05-27,2018-05-29,3,3,0
48219,2019,Hockley,5,2019-01-16,2019-12-28,9,21,0
48219,2020,Hockley,2,2020-07-10,2020-08-16,6,9,0
48219,2021,Hockley,2,2021-06-09,2021-12-26,5,8,0
48219,2022,Hockley,3,2022-06-13,2022-12-10,4,11,0
48219,2023,Hockley,4,2023-07-13,2023-12-24,3,12,0
48219,2024,Hockley,5,2024-06-17,2024-12-30,6,20,0
48219,2025,Hockley,2,2025-04-25,2025-12-28,5,10,0
48221,2015,Hood,5,2015-03-31,2015-09-20,5,18,0
48221,2016,Hood,8,2016-02-19,2016-12-27,5,30,0
48221,2017,Hood,3,2017-06-14,2017-11-17,3,9,0
48221,2018,Hood,8,2018-05-30,2018-10-08,6,35,0
48221,2019,Hood,4,2019-02-01,2019-10-02,7,21,0
48221,2020,Hood,3,2020-03-17,2020-08-15,5,12,0
48221,2021,Hood,4,2021-03-11,2021-12-28,5,14,0
48221,2022,Hood,9,2022-04-21,2022-12-12,13,51,0
48221,2023,Hood,8,2023-06-25,2023-12-23,7,36,0
48221,2024,Hood,5,2024-04-15,2024-11-04,4,16,0
48221,2025,Hood,2,2025-11-18,2025-12-28,5,8,0
48223,2015,Hopkins,3,2015-08-05,2015-12-13,4,10,0
48223,2016,Hopkins,4,2016-06-22,2016-12-27,4,13,0
48223,2017,Hopkins,3,2017-01-11,2017-11-18,3,9,0
48223,2018,Hopkins,7,2018-05-31,2018-10-09,8,35,0
48223,2019,Hopkins,4,2019-02-03,2019-10-03,12,26,0
48223,2021,Hopkins,3,2021-03-11,2021-12-29,6,14,0
48223,2022,Hopkins,9,2022-04-22,2022-12-10,6,37,0
48223,2023,Hopkins,6,2023-01-16,2023-10-27,6,25,0
48223,2024,Hopkins,1,2024-04-16,2024-04-18,3,3,0
48223,2025,Hopkins,4,2025-04-27,2025-12-28,8,23,0
48225,2015,Houston,1,2015-12-25,2015-12-27,3,3,0
48225,2016,Houston,3,2016-07-06,2016-12-28,5,12,0
48225,2017,Houston,2,2017-01-11,2017-11-06,6,9,0
48225,2018,Houston,1,2018-10-04,2018-10-07,4,4,0
48225,2019,Houston,1,2019-02-04,2019-02-06,3,3,0
48225,2020,Houston,2,2020-06-29,2020-09-01,4,7,0
48225,2021,Houston,2,2021-12-15,2021-12-29,6,9,0
48225,2022,Houston,3,2022-07-08,2022-12-11,6,16,0
48225,2023,Houston,9,2023-02-21,2023-10-28,13,51,0
48225,2024,Houston,6,2024-04-16,2024-12-17,6,22,0
48225,2025,Houston,5,2025-02-04,2025-12-28,7,25,0
48227,2015,Howard,2,2015-03-31,2015-04-09,3,6,0
48227,2016,Howard,4,2016-02-19,2016-11-08,5,14,0
48227,2017,Howard,1,2017-03-20,2017-03-23,4,4,0
48227,2019,Howard,5,2019-02-02,2019-12-28,6,19,0
48227,2020,Howard,4,2020-03-01,2020-08-15,4,14,0
48227,2021,Howard,2,2021-03-09,2021-12-27,4,8,0
48227,2022,Howard,4,2022-04-20,2022-12-09,5,16,0
48227,2023,Howard,4,2023-07-11,2023-12-23,5,16,0
48227,2025,Howard,2,2025-04-25,2025-12-27,4,8,0
48229,2015,Hudspeth,5,2015-08-09,2015-10-21,5,20,0
48229,2016,Hudspeth,3,2016-07-06,2016-11-06,5,12,0
48229,2017,Hudspeth,6,2017-01-13,2017-12-03,4,20,0
48229,2018,Hudspeth,14,2018-03-24,2018-12-18,10,60,0
48229,2019,Hudspeth,11,2019-01-09,2019-10-10,11,51,0
48229,2020,Hudspeth,14,2020-03-01,2020-11-23,7,52,0
48229,2021,Hudspeth,6,2021-01-19,2021-12-28,7,25,1
48229,2022,Hudspeth,3,2022-04-10,2022-12-10,7,15,0
48229,2023,Hudspeth,8,2023-01-15,2023-11-19,7,34,0
48229,2024,Hudspeth,6,2024-01-31,2024-10-29,4,19,0
48229,2025,Hudspeth,12,2025-02-09,2025-12-27,12,47,0
48231,2015,Hunt,2,2015-07-06,2015-08-07,3,6,0
48231,2016,Hunt,6,2016-02-19,2016-12-28,5,22,0
48231,2017,Hunt,3,2017-01-10,2017-11-17,6,12,0
48231,2018,Hunt,7,2018-05-30,2018-10-08,9,35,0
48231,2019,Hunt,4,2019-02-02,2019-10-02,14,26,0
48231,2020,Hunt,2,2020-06-29,2020-07-16,4,7,0
48231,2021,Hunt,3,2021-03-11,2021-12-29,6,12,0
48231,2022,Hunt,10,2022-04-21,2022-12-10,6,42,0
48231,2023,Hunt,6,2023-02-20,2023-12-23,5,21,0
48231,2024,Hunt,2,2024-03-03,2024-04-17,3,6,0
48231,2025,Hunt,3,2025-05-14,2025-12-27,7,18,0
48233,2015,Hutchinson,2,2015-01-26,2015-10-22,4,7,0
48233,2016,Hutchinson,2,2016-02-18,2016-10-17,3,6,0
48233,2018,Hutchinson,1,2018-05-10,2018-05-14,5,5,0
48233,2019,Hutchinson,4,2019-07-17,2019-10-01,4,14,0
48233,2020,Hutchinson,1,2020-11-19,2020-11-21,3,3,0
48233,2021,Hutchinson,2,2021-08-10,2021-12-26,3,6,0
48233,2022,Hutchinson,3,2022-06-12,2022-09-20,6,13,0
48233,2023,Hutchinson,3,2023-01-15,2023-10-26,5,12,0
48233,2024,Hutchinson,4,2024-02-05,2024-08-25,3,12,0
48233,2025,Hutchinson,3,2025-03-27,2025-12-27,6,12,0
48235,2015,Irion,1,2015-09-06,2015-09-08,3,3,0
48235,2016,Irion,5,2016-02-19,2016-12-26,5,17,0
48235,2017,Irion,2,2017-09-19,2017-11-18,5,9,0
48235,2018,Irion,6,2018-05-31,2018-10-07,6,25,2
48235,2019,Irion,2,2019-02-04,2019-10-02,5,8,0
48235,2020,Irion,3,2020-06-29,2020-08-31,3,9,0
48235,2021,Irion,4,2021-06-10,2021-12-26,4,13,0
48235,2022,Irion,7,2022-04-21,2022-12-13,8,31,0
48235,2023,Irion,6,2023-07-10,2023-12-23,5,25,0
48235,2024,Irion,2,2024-08-15,2024-11-04,3,6,6
48235,2025,Irion,2,2025-02-04,2025-12-28,5,10,10
48237,2015,Jack,1,2015-04-01,2015-04-03,3,3,0
48237,2017,Jack,1,2017-02-06,2017-02-08,3,3,0
48237,2019,Jack,2,2019-02-02,2019-10-01,7,12,1
48237,2021,Jack,2,2021-03-11,2021-12-18,4,7,0
48237,2022,Jack,4,2022-04-22,2022-12-08,3,12,0
48237,2023,Jack,2,2023-01-16,2023-09-24,3,6,1
48237,2024,Jack,1,2024-09-20,2024-09-22,3,3,0
48237,2025,Jack,1,2025-12-24,2025-12-28,5,5,1
48239,2015,Jackson,2,2015-07-06,2015-09-08,4,7,7
48239,2016,Jackson,7,2016-02-20,2016-12-28,13,35,35
48239,2017,Jackson,5,2017-01-11,2017-11-06,7,20,20
48239,2018,Jackson,3,2018-03-25,2018-10-08,4,10,10
48239,2019,Jackson,9,2019-02-02,2019-10-02,7,44,44
48239,2020,Jackson,6,2020-01-15,2020-09-03,7,29,29
48239,2021,Jackson,4,2021-06-24,2022-01-01,8,16,16
48239,2022,Jackson,11,2022-04-11,2022-12-13,8,42,42
48239,2023,Jackson,10,2023-02-21,2023-10-28,13,63,63
48239,2024,Jackson,8,2024-04-16,2024-12-17,7,33,33
48239,2025,Jackson,5,2025-02-04,2025-12-28,7,27,27
48241,2015,Jasper,2,2015-07-06,2015-12-27,3,6,1
48241,2016,Jasper,5,2016-06-15,2016-12-29,6,24,4
48241,2017,Jasper,4,2017-01-11,2017-11-07,6,17,0
48241,2018,Jasper,5,2018-02-15,2018-10-05,6,20,0
48241,2019,Jasper,4,2019-02-04,2019-09-24,6,20,0
48241,2020,Jasper,8,2020-01-15,2020-09-17,10,40,2
48241,2021,Jasper,5,2021-09-16,2022-01-01,8,19,5
48241,2022,Jasper,2,2022-07-18,2022-12-11,6,11,1
48241,2023,Jasper,7,2023-06-20,2023-10-29,7,33,1
48241,2024,Jasper,5,2024-05-22,2024-12-18,7,26,3
48241,2025,Jasper,6,2025-02-04,2025-12-27,6,24,7
48243,2015,Jeff Davis,2,2015-09-16,2015-12-12,4,7,0
48243,2016,Jeff Davis,4,2016-02-18,2016-11-06,4,14,0
48243,2017,Jeff Davis,5,2017-01-09,2017-11-07,7,23,0
48243,2018,Jeff Davis,4,2018-03-23,2018-10-08,6,18,0
48243,2019,Jeff Davis,6,2019-02-03,2019-10-01,4,19,0
48243,2020,Jeff Davis,6,2020-03-12,2020-11-24,10,28,0
48243,2021,Jeff Davis,6,2021-03-10,2021-12-28,7,27,0
48243,2022,Jeff Davis,9,2022-03-27,2022-12-08,14,40,0
48243,2023,Jeff Davis,9,2023-06-20,2023-11-19,8,48,0
48243,2024,Jeff Davis,5,2024-06-16,2024-10-30,5,18,0
48243,2025,Jeff Davis,8,2025-02-03,2025-12-28,7,36,0
48245,2015,Jefferson,3,2015-05-08,2015-12-27,4,10,0
48245,2016,Jefferson,4,2016-03-15,2016-12-28,9,21,0
48245,2017,Jefferson,6,2017-01-11,2017-11-07,8,27,0
48245,2018,Jefferson,6,2018-02-15,2018-08-21,6,24,0
48245,2019,Jefferson,7,2019-02-05,2019-10-01,6,27,0
48245,2020,Jefferson,7,2020-01-15,2020-09-04,6,28,0
48245,2021,Jefferson,4,2021-02-26,2022-01-01,8,17,0
48245,2022,Jefferson,4,2022-06-12,2022-12-09,4,16,0
48245,2023,Jefferson,7,2023-02-21,2023-10-28,10,45,0
48245,2024,Jefferson,6,2024-04-16,2024-11-10,7,28,0
48245,2025,Jefferson,6,2025-02-04,2025-12-23,6,24,0
48247,2015,Jim Hogg,1,2015-09-05,2015-09-08,4,4,4
48247,2016,Jim Hogg,3,2016-07-06,2016-12-28,6,13,13
48247,2017,Jim Hogg,1,2017-01-13,2017-01-16,4,4,4
48247,2019,Jim Hogg,4,2019-02-04,2019-08-28,5,14,14
48247,2020,Jim Hogg,2,2020-07-08,2020-09-03,7,10,10
48247,2021,Jim Hogg,1,2021-12-15,2021-12-17,3,3,3
48247,2023,Jim Hogg,5,2023-07-11,2023-10-27,11,27,27
48247,2024,Jim Hogg,3,2024-05-21,2024-11-04,7,14,14
48247,2025,Jim Hogg,4,2025-02-05,2025-12-28,6,17,17
48249,2016,Jim Wells,2,2016-07-06,2016-12-28,6,11,0
48249,2017,Jim Wells,1,2017-01-12,2017-01-17,6,6,0
48249,2018,Jim Wells,1,2018-02-17,2018-02-20,4,4,0
48249,2019,Jim Wells,4,2019-02-03,2019-10-01,5,16,0
48249,2020,Jim Wells,5,2020-01-14,2020-09-04,5,20,0
48249,2021,Jim Wells,3,2021-10-11,2022-01-01,5,11,0
48249,2022,Jim Wells,1,2022-04-21,2022-04-23,3,4,0
48249,2023,Jim Wells,4,2023-02-28,2023-10-28,5,17,0
48249,2024,Jim Wells,5,2024-05-08,2024-11-04,7,21,0
48249,2025,Jim Wells,6,2025-02-04,2025-12-27,6,31,0
48251,2016,Johnson,2,2016-10-16,2016-12-27,4,7,0
48251,2018,Johnson,2,2018-06-23,2018-10-08,3,6,0
48251,2019,Johnson,3,2019-02-03,2019-10-02,5,13,0
48251,2020,Johnson,2,2020-06-30,2020-08-15,3,6,0
48251,2021,Johnson,2,2021-12-14,2021-12-29,6,10,0
48251,2022,Johnson,5,2022-06-11,2022-12-10,7,26,0
48251,2023,Johnson,6,2023-08-08,2023-12-24,6,25,0
48251,2024,Johnson,1,2024-04-15,2024-04-17,3,3,0
48251,2025,Johnson,2,2025-11-17,2025-12-28,5,9,0
48253,2016,Jones,3,2016-10-16,2016-11-08,3,9,0
48253,2018,Jones,1,2018-05-30,2018-06-03,5,5,0
48253,2019,Jones,3,2019-02-02,2019-10-03,9,18,0
48253,2020,Jones,2,2020-07-14,2020-08-15,4,7,0
48253,2021,Jones,2,2021-12-15,2021-12-29,5,9,0
48253,2022,Jones,5,2022-04-21,2022-12-10,6,22,0
48253,2023,Jones,2,2023-01-16,2023-12-24,3,6,0
48253,2024,Jones,2,2024-08-14,2024-09-22,5,8,0
48253,2025,Jones,2,2025-11-18,2025-12-28,5,9,0
48255,2016,Karnes,3,2016-07-04,2016-12-28,9,17,17
48255,2017,Karnes,1,2017-01-12,2017-01-14,3,3,3
48255,2018,Karnes,1,2018-06-24,2018-06-26,3,3,3
48255,2019,Karnes,5,2019-02-03,2019-10-01,6,21,21
48255,2020,Karnes,3,2020-06-28,2020-09-03,7,17,17
48255,2021,Karnes,2,2021-12-15,2021-12-29,5,8,8
48255,2022,Karnes,4,2022-06-13,2022-12-13,7,17,17
48255,2023,Karnes,8,2023-06-15,2023-10-28,13,45,45
48255,2024,Karnes,6,2024-04-16,2024-08-24,7,22,22
48255,2025,Karnes,5,2025-02-04,2025-12-28,6,22,22
48257,2015,Kaufman,2,2015-03-31,2015-09-08,3,6,0
48257,2016,Kaufman,4,2016-02-19,2016-12-27,4,15,0
48257,2017,Kaufman,2,2017-02-11,2017-11-17,3,6,0
48257,2018,Kaufman,5,2018-05-31,2018-10-08,6,19,0
48257,2019,Kaufman,3,2019-02-02,2019-10-01,12,20,0
48257,2020,Kaufman,2,2020-03-11,2020-07-01,3,6,0
48257,2021,Kaufman,3,2021-03-11,2021-12-27,4,10,0
48257,2022,Kaufman,8,2022-04-21,2022-12-10,11,40,0
48257,2023,Kaufman,5,2023-08-07,2023-12-23,6,18,0
48257,2024,Kaufman,3,2024-03-03,2024-10-30,3,9,0
48257,2025,Kaufman,2,2025-11-17,2025-12-27,7,11,0
48259,2015,Kendall,1,2015-09-05,2015-09-09,5,5,0
48259,2016,Kendall,6,2016-02-20,2016-12-28,10,32,0
48259,2017,Kendall,2,2017-01-12,2017-09-25,6,10,0
48259,2018,Kendall,6,2018-06-06,2018-10-07,8,28,0
48259,2019,Kendall,11,2019-01-07,2019-10-01,11,58,0
48259,2020,Kendall,4,2020-01-14,2020-07-09,8,21,0
48259,2021,Kendall,9,2021-03-11,2021-12-28,6,35,0
48259,2022,Kendall,11,2022-04-21,2022-12-13,14,68,0
48259,2023,Kendall,10,2023-06-11,2023-12-24,15,65,0
48259,2024,Kendall,11,2024-02-08,2024-12-17,8,48,0
48259,2025,Kendall,7,2025-02-04,2025-12-28,6,33,0
48261,2015,Kenedy,4,2015-11-05,2015-12-27,3,12,0
48261,2016,Kenedy,5,2016-03-15,2016-12-29,9,27,0
48261,2017,Kenedy,5,2017-01-11,2017-08-18,7,21,0
48261,2019,Kenedy,8,2019-02-04,2019-10-01,7,28,28
48261,2020,Kenedy,4,2020-01-14,2020-09-04,8,22,22
48261,2021,Kenedy,6,2021-01-24,2022-01-01,5,22,1
48261,2022,Kenedy,5,2022-04-11,2022-12-14,5,20,1
48261,2023,Kenedy,7,2023-01-10,2023-10-27,6,25,0
48261,2024,Kenedy,7,2024-04-17,2024-11-04,7,34,0
48261,2025,Kenedy,6,2025-02-05,2025-12-26,6,27,0
48263,2015,Kent,1,2015-04-07,2015-04-09,3,3,0
48263,2016,Kent,3,2016-07-06,2016-11-08,3,9,0
48263,2017,Kent,3,2017-01-10,2017-09-22,4,10,0
48263,2018,Kent,3,2018-05-11,2018-08-30,5,13,0
48263,2019,Kent,2,2019-02-03,2019-10-03,4,8,0
48263,2020,Kent,3,2020-05-02,2020-08-13,5,11,0
48263,2021,Kent,2,2021-03-10,2021-12-29,6,9,0
48263,2022,Kent,9,2022-04-21,2022-12-10,5,33,0
48263,2023,Kent,6,2023-01-16,2023-12-24,4,21,0
48263,2024,Kent,4,2024-06-29,2024-08-25,6,18,0
48263,2025,Kent,1,2025-12-24,2025-12-28,5,5,0
48265,2015,Kerr,1,2015-09-05,2015-09-07,3,3,0
48265,2016,Kerr,3,2016-07-03,2016-12-28,9,19,0
48265,2017,Kerr,2,2017-01-12,2017-09-22,4,7,0
48265,2019,Kerr,5,2019-02-03,2019-10-01,5,19,0
48265,2020,Kerr,4,2020-03-12,2020-09-02,6,18,0
48265,2021,Kerr,3,2021-01-22,2021-12-18,4,10,0
48265,2022,Kerr,3,2022-04-21,2022-12-13,7,14,0
48265,2023,Kerr,9,2023-06-16,2023-12-24,7,36,0
48265,2024,Kerr,8,2024-04-16,2024-12-16,6,30,0
48265,2025,Kerr,4,2025-02-05,2025-11-20,5,15,0
48267,2015,Kimble,1,2015-09-17,2015-09-19,3,3,0
48267,2016,Kimble,4,2016-07-05,2016-12-28,7,22,0
48267,2017,Kimble,3,2017-08-12,2017-11-16,5,13,0
48267,2018,Kimble,2,2018-06-28,2018-10-07,4,8,0
48267,2019,Kimble,6,2019-01-09,2019-10-02,8,26,0
48267,2020,Kimble,5,2020-03-17,2020-09-02,6,19,0
48267,2021,Kimble,3,2021-01-22,2021-12-17,3,9,0
48267,2022,Kimble,8,2022-04-21,2022-12-12,7,30,0
48267,2023,Kimble,5,2023-07-10,2023-12-23,5,18,0
48267,2024,Kimble,3,2024-03-30,2024-04-27,3,9,0
48269,2016,King,6,2016-02-19,2016-11-08,4,19,0
48269,2017,King,5,2017-01-19,2017-09-25,6,20,0
48269,2018,King,3,2018-05-12,2018-08-30,5,14,0
48269,2019,King,4,2019-07-18,2019-10-03,9,20,0
48269,2020,King,2,2020-07-10,2020-11-22,8,11,0
48269,2021,King,2,2021-09-01,2021-12-29,6,11,0
48269,2022,King,10,2022-04-21,2022-12-09,6,40,0
48269,2023,King,5,2023-01-16,2023-12-24,4,17,0
48269,2024,King,4,2024-08-12,2024-12-26,5,15,0
48269,2025,King,1,2025-12-24,2025-12-28,5,5,0
48271,2016,Kinney,2,2016-05-23,2016-12-29,6,9,0
48271,2017,Kinney,1,2017-01-11,2017-01-15,5,5,0
48271,2019,Kinney,3,2019-02-05,2019-10-02,13,19,0
48271,2021,Kinney,1,2021-12-25,2021-12-29,5,5,3
48271,2022,Kinney,2,2022-11-08,2022-12-12,7,10,10
48271,2023,Kinney,4,2023-07-11,2023-12-23,7,18,18
48271,2024,Kinney,4,2024-05-21,2024-12-16,6,15,15
48271,2025,Kinney,4,2025-02-04,2025-12-28,6,17,17
48273,2016,Kleberg,1,2016-12-24,2016-12-29,6,6,0
48273,2017,Kleberg,2,2017-01-13,2017-02-13,5,8,0
48273,2018,Kleberg,2,2018-02-16,2018-11-08,5,8,0
48273,2019,Kleberg,6,2019-02-03,2019-08-19,8,26,0
48273,2020,Kleberg,5,2020-01-14,2020-09-03,8,26,0
48273,2021,Kleberg,3,2021-10-11,2022-01-01,6,12,0
48273,2022,Kleberg,3,2022-05-02,2022-12-10,4,11,0
48273,2023,Kleberg,9,2023-02-22,2023-10-28,9,43,0
48273,2024,Kleberg,7,2024-04-16,2024-11-04,7,31,0
48273,2025,Kleberg,4,2025-02-04,2025-11-24,6,21,0
48275,2016,Knox,5,2016-02-19,2016-12-17,4,16,2
48275,2017,Knox,2,2017-01-10,2017-01-22,3,6,6
48275,2018,Knox,3,2018-05-12,2018-08-31,7,16,0
48275,2019,Knox,3,2019-01-06,2019-10-03,9,15,0
48275,2021,Knox,1,2021-12-25,2021-12-29,5,5,0
48275,2022,Knox,5,2022-06-23,2022-08-06,6,20,0
48275,2023,Knox,4,2023-01-15,2023-10-26,4,14,0
48275,2024,Knox,2,2024-08-14,2024-12-26,4,8,0
48275,2025,Knox,1,2025-12-24,2025-12-28,5,5,0
48277,2015,Lamar,1,2015-12-11,2015-12-13,3,3,0
48277,2016,Lamar,2,2016-10-16,2016-11-04,4,7,0
48277,2017,Lamar,1,2017-01-10,2017-01-13,4,4,0
48277,2018,Lamar,1,2018-10-05,2018-10-08,4,4,0
48277,2019,Lamar,1,2019-02-03,2019-02-06,4,4,0
48277,2021,Lamar,3,2021-03-11,2021-12-31,8,14,0
48277,2022,Lamar,3,2022-07-07,2022-12-11,5,12,0
48277,2023,Lamar,3,2023-01-16,2023-10-27,5,11,0
48277,2024,Lamar,3,2024-06-24,2024-10-30,4,10,0
48277,2025,Lamar,2,2025-11-17,2025-12-27,7,12,0
48279,2016,Lamb,3,2016-03-06,2016-07-14,4,10,0
48279,2017,Lamb,3,2017-03-19,2017-10-06,5,11,0
48279,2018,Lamb,3,2018-03-25,2018-10-05,3,9,0
48279,2019,Lamb,3,2019-02-04,2019-12-28,9,15,0
48279,2020,Lamb,3,2020-07-09,2020-11-24,7,16,0
48279,2021,Lamb,2,2021-06-10,2021-12-26,4,7,0
48279,2022,Lamb,3,2022-06-14,2022-12-08,4,11,0
48279,2023,Lamb,3,2023-08-04,2023-10-25,3,9,0
48279,2024,Lamb,6,2024-06-07,2024-12-27,5,20,0
48279,2025,Lamb,2,2025-04-25,2025-12-28,5,9,0
48281,2015,Lampasas,2,2015-09-05,2015-12-26,4,7,7
48281,2016,Lampasas,3,2016-07-03,2016-12-28,5,13,13
48281,2017,Lampasas,2,2017-01-11,2017-09-22,3,6,6
48281,2019,Lampasas,4,2019-02-03,2019-10-01,4,16,16
48281,2020,Lampasas,4,2020-01-14,2020-09-01,4,13,13
48281,2021,Lampasas,4,2021-03-11,2021-12-29,6,15,15
48281,2022,Lampasas,3,2022-04-21,2022-12-13,8,15,3
48281,2023,Lampasas,7,2023-06-26,2023-12-23,7,30,2
48281,2024,Lampasas,3,2024-04-15,2024-12-17,4,11,11
48281,2025,Lampasas,4,2025-02-04,2025-12-27,5,17,8
48283,2015,La Salle,3,2015-08-04,2015-09-10,7,14,0
48283,2016,La Salle,9,2016-02-19,2016-12-29,13,46,0
48283,2017,La Salle,5,2017-01-11,2017-09-22,6,21,0
48283,2019,La Salle,8,2019-02-04,2019-10-02,10,43,0
48283,2020,La Salle,7,2020-01-13,2020-11-14,7,33,0
48283,2021,La Salle,10,2021-01-23,2022-01-01,4,33,0
48283,2022,La Salle,12,2022-04-11,2022-12-13,7,48,0
48283,2023,La Salle,12,2023-03-06,2023-12-23,17,75,0
48283,2024,La Salle,13,2024-04-16,2024-12-17,7,59,0
48283,2025,La Salle,8,2025-02-03,2025-12-28,7,43,0
48285,2016,Lavaca,4,2016-07-04,2016-12-28,5,16,0
48285,2017,Lavaca,7,2017-01-11,2017-11-06,6,26,0
48285,2018,Lavaca,5,2018-06-22,2018-10-10,7,24,0
48285,2019,Lavaca,9,2019-02-03,2019-10-01,10,46,0
48285,2020,Lavaca,8,2020-01-15,2020-09-02,14,42,0
48285,2021,Lavaca,6,2021-03-11,2021-12-29,4,20,0
48285,2022,Lavaca,8,2022-05-02,2022-12-13,8,40,0
48285,2023,Lavaca,8,2023-02-21,2023-10-28,16,67,0
48285,2024,Lavaca,9,2024-03-04,2024-11-04,7,37,0
48285,2025,Lavaca,5,2025-02-04,2025-12-26,5,21,0
48287,2016,Lee,4,2016-06-13,2016-12-28,4,14,0
48287,2017,Lee,3,2017-01-11,2017-11-06,4,10,0
48287,2019,Lee,5,2019-02-04,2019-10-01,14,30,0
48287,2020,Lee,4,2020-03-12,2020-09-02,6,17,0
48287,2021,Lee,3,2021-12-03,2021-12-29,6,12,0
48287,2022,Lee,4,2022-05-02,2022-12-10,5,14,0
48287,2023,Lee,7,2023-06-14,2023-10-28,10,44,0
48287,2024,Lee,6,2024-02-08,2024-12-17,7,24,0
48287,2025,Lee,4,2025-02-03,2025-12-27,6,21,0
48289,2016,Leon,2,2016-07-10,2016-12-27,4,7,0
48289,2017,Leon,2,2017-08-15,2017-11-07,4,7,0
48289,2018,Leon,2,2018-03-25,2018-10-09,3,6,0
48289,2019,Leon,2,2019-02-04,2019-05-21,4,7,0
48289,2020,Leon,2,2020-03-02,2020-07-03,4,7,0
48289,2021,Leon,2,2021-12-15,2021-12-29,5,9,1
48289,2022,Leon,2,2022-08-02,2022-12-10,4,7,2
48289,2023,Leon,5,2023-02-21,2023-10-29,8,26,0
48289,2024,Leon,2,2024-05-25,2024-08-02,4,7,0
48289,2025,Leon,5,2025-02-03,2025-12-27,7,28,1
48291,2015,Liberty,1,2015-12-25,2015-12-27,3,3,0
48291,2016,Liberty,3,2016-07-04,2016-12-28,5,12,0
48291,2017,Liberty,3,2017-01-11,2017-11-06,7,14,0
48291,2018,Liberty,2,2018-07-18,2018-10-07,5,8,0
48291,2019,Liberty,5,2019-05-20,2019-10-01,4,17,0
48291,2020,Liberty,4,2020-03-13,2020-09-03,6,18,0
48291,2021,Liberty,2,2021-12-15,2021-12-29,4,7,0
48291,2022,Liberty,2,2022-05-19,2022-12-13,8,11,0
48291,2023,Liberty,7,2023-02-21,2023-09-08,9,35,0
48291,2024,Liberty,6,2024-05-21,2024-12-17,7,27,0
48291,2025,Liberty,6,2025-02-04,2025-12-27,7,30,0
48293,2015,Limestone,1,2015-09-06,2015-09-08,3,3,3
48293,2016,Limestone,5,2016-07-06,2016-12-28,5,19,19
48293,2017,Limestone,3,2017-01-11,2017-11-06,3,9,9
48293,2018,Limestone,4,2018-03-25,2018-10-08,5,14,14
48293,2019,Limestone,4,2019-02-02,2019-10-01,5,17,17
48293,2020,Limestone,4,2020-03-12,2020-09-01,5,16,16
48293,2021,Limestone,3,2021-03-11,2021-12-29,6,12,12
48293,2022,Limestone,11,2022-04-21,2022-12-13,8,48,3
48293,2023,Limestone,11,2023-01-16,2023-12-23,13,59,0
48293,2024,Limestone,8,2024-02-08,2024-12-17,5,30,0
48293,2025,Limestone,4,2025-05-14,2025-12-27,6,18,1
48295,2015,Lipscomb,4,2015-01-27,2015-12-23,3,12,0
48295,2016,Lipscomb,1,2016-11-05,2016-11-07,3,3,0
48295,2018,Lipscomb,4,2018-04-30,2018-09-20,6,16,0
48295,2019,Lipscomb,3,2019-09-09,2019-10-01,4,10,0
48295,2022,Lipscomb,2,2022-06-12,2022-07-27,4,7,0
48295,2023,Lipscomb,2,2023-10-23,2023-12-24,5,9,0
48295,2024,Lipscomb,5,2024-01-23,2024-12-30,6,22,0
48295,2025,Lipscomb,7,2025-03-27,2025-12-28,6,28,0
48297,2016,Live Oak,2,2016-07-05,2016-12-28,7,12,0
48297,2017,Live Oak,3,2017-01-12,2017-11-06,6,13,0
48297,2018,Live Oak,4,2018-02-17,2018-09-22,4,13,0
48297,2019,Live Oak,7,2019-02-03,2019-10-01,5,25,0
48297,2020,Live Oak,3,2020-01-15,2020-09-02,4,11,0
48297,2021,Live Oak,3,2021-10-25,2021-12-31,5,11,0
48297,2022,Live Oak,3,2022-05-03,2022-12-13,7,15,0
48297,2023,Live Oak,6,2023-04-01,2023-10-28,7,30,0
48297,2024,Live Oak,10,2024-04-16,2024-12-17,7,42,0
48297,2025,Live Oak,6,2025-02-04,2025-12-27,7,34,0
48299,2015,Llano,1,2015-09-05,2015-09-07,3,3,0
48299,2016,Llano,4,2016-02-19,2016-12-28,5,15,0
48299,2017,Llano,3,2017-01-10,2017-11-17,4,10,0
48299,2018,Llano,2,2018-03-23,2018-10-08,4,7,0
48299,2019,Llano,3,2019-02-01,2019-10-01,6,14,0
48299,2020,Llano,6,2020-03-11,2020-09-01,6,24,0
48299,2021,Llano,3,2021-01-22,2021-12-17,3,9,0
48299,2022,Llano,3,2022-04-21,2022-12-13,7,14,0
48299,2023,Llano,6,2023-06-14,2023-12-24,10,37,0
48299,2024,Llano,4,2024-02-08,2024-12-16,4,13,0
48299,2025,Llano,3,2025-02-04,2025-11-20,5,12,0
48301,2015,Loving,3,2015-08-08,2015-10-23,4,10,10
48301,2016,Loving,6,2016-02-19,2016-12-26,7,24,24
48301,2017,Loving,6,2017-01-10,2017-10-06,4,20,20
48301,2018,Loving,4,2018-05-10,2018-10-07,5,16,16
48301,2019,Loving,7,2019-02-02,2019-12-28,14,44,44
48301,2020,Loving,6,2020-03-11,2020-11-24,7,31,31
48301,2021,Loving,5,2021-03-10,2021-12-29,6,23,23
48301,2022,Loving,6,2022-04-21,2022-12-12,18,42,42
48301,2023,Loving,10,2023-01-15,2023-12-24,15,69,69
48301,2024,Loving,7,2024-06-06,2024-10-30,16,44,44
48301,2025,Loving,7,2025-02-03,2025-12-28,6,33,33
48303,2015,Lubbock,2,2015-04-06,2015-09-08,3,6,0
48303,2016,Lubbock,1,2016-07-11,2016-07-13,3,3,0
48303,2017,Lubbock,4,2017-01-10,2017-10-06,5,16,0
48303,2018,Lubbock,3,2018-05-11,2018-08-28,5,14,0
48303,2019,Lubbock,6,2019-02-02,2019-10-02,6,25,0
48303,2020,Lubbock,3,2020-07-09,2020-11-09,7,15,0
48303,2021,Lubbock,3,2021-06-09,2021-12-26,4,11,0
48303,2022,Lubbock,8,2022-05-28,2023-01-02,7,31,0
48303,2023,Lubbock,8,2023-01-15,2023-10-24,4,28,0
48303,2024,Lubbock,6,2024-06-28,2024-12-26,5,24,0
48303,2025,Lubbock,1,2025-12-23,2025-12-27,5,5,0
48305,2015,Lynn,1,2015-04-07,2015-04-09,3,3,0
48305,2016,Lynn,1,2016-02-19,2016-02-22,4,4,0
48305,2017,Lynn,2,2017-10-04,2017-12-04,3,6,0
48305,2018,Lynn,2,2018-05-27,2018-09-01,7,10,0
48305,2019,Lynn,4,2019-02-03,2019-12-28,6,17,0
48305,2020,Lynn,1,2020-08-12,2020-08-15,4,4,0
48305,2021,Lynn,2,2021-06-10,2021-12-29,6,9,0
48305,2022,Lynn,4,2022-04-21,2022-12-10,5,14,0
48305,2023,Lynn,4,2023-07-12,2023-12-24,4,14,0
48305,2024,Lynn,4,2024-06-26,2024-12-27,6,17,0
48305,2025,Lynn,1,2025-12-24,2025-12-28,5,5,0
48307,2015,McCulloch,1,2015-09-06,2015-09-09,4,4,0
48307,2016,McCulloch,2,2016-05-22,2016-12-28,5,8,0
48307,2017,McCulloch,3,2017-01-10,2017-09-21,4,10,0
48307,2018,McCulloch,2,2018-07-23,2018-10-07,3,6,0
48307,2019,McCulloch,5,2019-02-04,2019-10-01,5,19,0
48307,2020,McCulloch,5,2020-03-17,2020-09-01,5,18,0
48307,2021,McCulloch,3,2021-03-11,2021-12-28,5,11,0
48307,2022,McCulloch,7,2022-05-07,2022-12-11,5,26,0
48307,2023,McCulloch,6,2023-06-26,2023-09-09,6,26,0
48307,2024,McCulloch,5,2024-04-16,2024-10-31,3,15,0
48307,2025,McCulloch,2,2025-05-17,2025-12-27,4,7,4
48309,2015,McLennan,2,2015-04-07,2015-09-08,4,7,0
48309,2016,McLennan,7,2016-02-19,2016-12-28,5,26,0
48309,2017,McLennan,4,2017-02-11,2017-11-17,3,12,0
48309,2018,McLennan,6,2018-03-24,2018-10-08,6,23,0
48309,2019,McLennan,3,2019-02-01,2019-10-02,13,21,0
48309,2020,McLennan,3,2020-06-28,2020-08-31,5,14,0
48309,2021,McLennan,4,2021-03-11,2021-12-29,7,17,0
48309,2022,McLennan,9,2022-04-21,2022-12-10,10,51,0
48309,2023,McLennan,7,2023-06-18,2023-10-28,10,31,0
48309,2024,McLennan,3,2024-04-15,2024-12-17,5,13,0
48309,2025,McLennan,3,2025-05-14,2025-12-27,6,15,0
48311,2015,McMullen,2,2015-09-05,2015-10-24,4,7,0
48311,2016,McMullen,5,2016-05-25,2016-12-29,13,28,0
48311,2017,McMullen,3,2017-01-12,2017-09-22,6,13,0
48311,2018,McMullen,1,2018-06-11,2018-06-13,3,3,0
48311,2019,McMullen,5,2019-02-03,2019-10-02,5,21,0
48311,2020,McMullen,3,2020-01-15,2020-09-03,5,12,0
48311,2021,McMullen,3,2021-10-13,2022-01-01,4,10,0
48311,2022,McMullen,2,2022-05-03,2022-12-14,8,12,0
48311,2023,McMullen,3,2023-08-12,2023-12-24,6,12,0
48311,2024,McMullen,5,2024-02-09,2024-12-17,8,24,0
48311,2025,McMullen,5,2025-02-04,2025-12-25,6,26,0
48313,2016,Madison,2,2016-07-05,2016-12-27,4,7,0
48313,2017,Madison,2,2017-01-11,2017-11-07,4,7,0
48313,2018,Madison,1,2018-03-25,2018-03-27,3,3,0
48313,2019,Madison,1,2019-02-04,2019-02-07,4,4,0
48313,2020,Madison,2,2020-06-30,2020-09-01,6,9,2
48313,2021,Madison,2,2021-12-15,2021-12-29,4,7,2
48313,2022,Madison,4,2022-05-19,2022-12-11,5,17,4
48313,2023,Madison,5,2023-06-15,2023-09-08,9,31,3
48313,2024,Madison,3,2024-05-24,2024-12-18,4,11,1
48313,2025,Madison,4,2025-02-04,2025-12-24,6,18,2
48315,2016,Marion,3,2016-07-03,2016-12-28,8,16,1
48315,2017,Marion,4,2017-01-11,2017-11-18,6,16,1
48315,2019,Marion,1,2019-02-04,2019-02-07,4,4,4
48315,2020,Marion,1,2020-06-30,2020-07-03,4,4,0
48315,2021,Marion,3,2021-03-12,2022-01-01,8,14,0
48315,2022,Marion,2,2022-07-18,2022-12-11,5,10,0
48315,2023,Marion,3,2023-02-21,2023-10-29,5,12,0
48315,2024,Marion,3,2024-02-09,2024-12-18,3,9,0
48315,2025,Marion,4,2025-02-04,2025-12-28,7,20,2
48317,2015,Martin,2,2015-04-07,2015-09-09,4,7,7
48317,2016,Martin,6,2016-02-19,2016-11-08,8,24,24
48317,2017,Martin,5,2017-01-10,2017-10-06,5,17,17
48317,2018,Martin,5,2018-05-12,2018-10-05,5,17,17
48317,2019,Martin,7,2019-02-02,2019-12-28,13,43,43
48317,2020,Martin,5,2020-03-11,2020-09-01,8,26,26
48317,2021,Martin,4,2021-03-10,2021-12-29,6,18,18
48317,2022,Martin,9,2022-04-21,2022-12-12,19,57,57
48317,2023,Martin,11,2023-01-15,2023-12-24,14,60,60
48317,2024,Martin,7,2024-04-25,2024-12-25,16,42,42
48317,2025,Martin,6,2025-02-03,2025-12-28,6,28,28
48319,2015,Mason,1,2015-09-05,2015-09-09,5,5,0
48319,2016,Mason,3,2016-07-03,2016-12-28,5,12,0
48319,2017,Mason,2,2017-02-06,2017-11-15,4,7,0
48319,2018,Mason,1,2018-06-23,2018-06-25,3,3,0
48319,2019,Mason,4,2019-02-04,2019-10-02,8,18,0
48319,2020,Mason,2,2020-03-11,2020-09-02,6,10,0
48319,2021,Mason,3,2021-01-22,2021-12-17,4,10,0
48319,2022,Mason,9,2022-04-21,2022-12-13,8,39,0
48319,2023,Mason,8,2023-06-25,2023-12-23,10,37,0
48319,2024,Mason,9,2024-02-08,2024-12-17,4,29,0
48319,2025,Mason,3,2025-02-05,2025-12-27,5,12,0
48321,2015,Matagorda,7,2015-04-01,2015-12-26,5,24,0
48321,2016,Matagorda,2,2016-06-13,2016-12-28,5,8,0
48321,2017,Matagorda,3,2017-01-11,2017-02-13,7,13,0
48321,2018,Matagorda,2,2018-10-06,2018-11-08,4,7,0
48321,2019,Matagorda,4,2019-02-04,2019-08-19,5,14,0
48321,2020,Matagorda,5,2020-01-14,2020-09-03,5,20,0
48321,2021,Matagorda,3,2021-01-24,2022-01-01,5,10,0
48321,2022,Matagorda,6,2022-04-20,2022-12-09,4,22,0
48321,2023,Matagorda,6,2023-02-22,2023-08-12,9,33,0
48321,2024,Matagorda,2,2024-04-07,2024-05-27,5,8,0
48321,2025,Matagorda,6,2025-02-04,2025-12-28,6,25,0
48323,2015,Maverick,1,2015-04-03,2015-04-06,4,4,0
48323,2016,Maverick,1,2016-12-24,2016-12-26,3,3,0
48323,2019,Maverick,1,2019-09-29,2019-10-01,3,3,3
48323,2021,Maverick,2,2021-12-15,2021-12-28,4,7,7
48323,2022,Maverick,1,2022-12-07,2022-12-13,7,7,7
48323,2024,Maverick,2,2024-05-21,2024-12-17,4,8,8
48323,2025,Maverick,3,2025-02-05,2025-12-28,6,13,13
48325,2016,Medina,4,2016-06-13,2016-12-28,5,16,0
48325,2017,Medina,3,2017-01-12,2017-09-22,4,11,0
48325,2018,Medina,3,2018-06-10,2018-07-31,4,11,0
48325,2019,Medina,3,2019-02-04,2019-10-01,6,13,0
48325,2020,Medina,6,2020-01-14,2020-09-02,4,20,0
48325,2021,Medina,1,2021-12-14,2021-12-17,4,4,0
48325,2022,Medina,5,2022-05-08,2022-12-13,7,22,0
48325,2023,Medina,5,2023-06-16,2023-12-23,6,21,0
48325,2024,Medina,11,2024-04-15,2024-12-17,6,47,0
48325,2025,Medina,4,2025-02-04,2025-11-20,5,16,0
48327,2015,Menard,1,2015-04-01,2015-04-03,3,3,0
48327,2016,Menard,1,2016-12-24,2016-12-26,3,3,0
48327,2017,Menard,1,2017-01-11,2017-01-13,3,3,0
48327,2019,Menard,3,2019-02-02,2019-10-01,10,19,1
48327,2020,Menard,4,2020-03-12,2020-09-02,5,15,1
48327,2021,Menard,1,2021-12-15,2021-12-17,3,3,0
48327,2022,Menard,7,2022-04-21,2022-12-12,4,22,0
48327,2023,Menard,4,2023-06-26,2023-08-13,11,25,1
48327,2024,Menard,2,2024-04-25,2024-12-25,3,6,0
48327,2025,Menard,2,2025-02-06,2025-12-28,5,8,0
48329,2015,Midland,1,2015-09-06,2015-09-09,4,4,0
48329,2016,Midland,9,2016-02-18,2016-11-07,7,35,0
48329,2017,Midland,6,2017-01-10,2017-10-06,6,23,0
48329,2018,Midland,6,2018-05-11,2018-10-04,4,20,0
48329,2019,Midland,6,2019-02-02,2019-12-28,8,28,0
48329,2020,Midland,5,2020-03-11,2020-09-01,9,24,0
48329,2021,Midland,2,2021-12-15,2021-12-29,6,9,0
48329,2022,Midland,5,2022-05-16,2022-12-12,7,29,0
48329,2023,Midland,10,2023-01-15,2023-12-23,10,51,0
48329,2024,Midland,4,2024-06-05,2024-10-30,16,28,0
48329,2025,Midland,5,2025-04-12,2025-12-27,5,19,0
48331,2016,Milam,1,2016-12-25,2016-12-28,4,4,4
48331,2017,Milam,2,2017-01-11,2017-11-06,4,7,3
48331,2018,Milam,1,2018-03-24,2018-03-26,3,3,0
48331,2019,Milam,6,2019-02-03,2019-09-30,4,20,0
48331,2020,Milam,6,2020-03-17,2020-09-01,5,24,0
48331,2021,Milam,2,2021-12-15,2021-12-29,6,9,0
48331,2022,Milam,4,2022-07-07,2022-12-10,6,18,0
48331,2023,Milam,11,2023-06-14,2023-10-28,12,59,0
48331,2024,Milam,3,2024-04-15,2024-12-17,4,12,0
48331,2025,Milam,4,2025-02-06,2025-12-27,5,17,0
48333,2016,Mills,3,2016-06-13,2016-12-28,4,10,0
48333,2019,Mills,2,2019-02-03,2019-10-01,5,8,0
48333,2020,Mills,3,2020-03-12,2020-09-01,4,10,0
48333,2021,Mills,2,2021-12-15,2021-12-29,5,8,0
48333,2022,Mills,3,2022-05-08,2022-12-10,5,12,0
48333,2023,Mills,4,2023-07-10,2023-09-09,11,27,1
48333,2024,Mills,2,2024-04-16,2024-12-17,5,8,0
48333,2025,Mills,4,2025-02-06,2025-12-27,5,14,8
48335,2016,Mitchell,2,2016-02-19,2016-11-08,4,7,7
48335,2017,Mitchell,2,2017-02-06,2017-09-23,4,7,7
48335,2019,Mitchell,4,2019-02-02,2019-10-02,8,24,24
48335,2020,Mitchell,3,2020-05-02,2020-08-15,4,10,10
48335,2021,Mitchell,3,2021-03-10,2021-12-29,6,14,14
48335,2022,Mitchell,7,2022-04-21,2022-12-12,7,30,30
48335,2023,Mitchell,8,2023-01-16,2023-12-24,6,33,33
48335,2024,Mitchell,3,2024-06-28,2024-08-24,6,13,13
48335,2025,Mitchell,2,2025-11-18,2025-12-28,6,9,9
48337,2016,Montague,1,2016-10-17,2016-10-19,3,3,0
48337,2017,Montague,1,2017-03-18,2017-03-20,3,3,0
48337,2018,Montague,1,2018-05-31,2018-06-02,3,3,0
48337,2019,Montague,3,2019-02-02,2019-12-28,11,19,0
48337,2021,Montague,3,2021-03-11,2021-12-28,5,11,0
48337,2022,Montague,3,2022-04-21,2022-11-10,3,9,0
48337,2023,Montague,3,2023-08-03,2023-12-23,4,10,0
48337,2025,Montague,2,2025-11-17,2025-12-27,5,9,0
48339,2015,Montgomery,2,2015-07-05,2015-12-26,4,7,0
48339,2016,Montgomery,3,2016-07-03,2016-12-28,6,15,0
48339,2017,Montgomery,4,2017-01-11,2017-11-06,6,17,0
48339,2018,Montgomery,2,2018-07-18,2018-10-07,6,11,0
48339,2019,Montgomery,5,2019-02-04,2019-10-01,6,19,0
48339,2020,Montgomery,5,2020-03-12,2020-09-03,6,22,0
48339,2021,Montgomery,2,2021-12-14,2021-12-29,5,9,0
48339,2022,Montgomery,6,2022-05-08,2022-12-11,6,26,0
48339,2023,Montgomery,8,2023-02-20,2023-10-28,12,54,0
48339,2024,Montgomery,5,2024-04-16,2024-12-17,7,23,0
48339,2025,Montgomery,5,2025-02-04,2025-12-27,7,25,0
48341,2015,Moore,5,2015-01-28,2015-10-22,6,21,0
48341,2016,Moore,3,2016-07-22,2016-10-18,5,11,0
48341,2017,Moore,2,2017-03-17,2017-10-06,5,10,10
48341,2018,Moore,4,2018-04-30,2018-09-21,7,16,0
48341,2019,Moore,3,2019-07-18,2019-09-19,4,10,1
48341,2020,Moore,2,2020-04-02,2020-06-08,7,10,0
48341,2021,Moore,2,2021-08-23,2021-12-26,3,6,0
48341,2022,Moore,6,2022-05-09,2022-09-21,5,22,0
48341,2023,Moore,5,2023-01-15,2023-12-24,6,23,23
48341,2024,Moore,7,2024-01-24,2024-12-26,8,26,26
48341,2025,Moore,4,2025-03-27,2025-12-27,6,19,19
48343,2015,Morris,1,2015-12-25,2015-12-27,3,3,0
48343,2016,Morris,2,2016-10-17,2016-12-27,3,6,0
48343,2017,Morris,2,2017-01-11,2017-11-06,6,11,0
48343,2018,Morris,3,2018-05-31,2018-10-08,3,9,0
48343,2019,Morris,1,2019-02-04,2019-02-06,3,3,0
48343,2020,Morris,1,2020-06-30,2020-07-02,3,3,0
48343,2021,Morris,2,2021-12-14,2021-12-31,8,12,0
48343,2022,Morris,3,2022-07-18,2022-12-10,5,11,0
48343,2023,Morris,3,2023-02-20,2023-10-28,3,9,0
48343,2024,Morris,5,2024-02-08,2024-12-17,3,15,0
48343,2025,Morris,3,2025-02-03,2025-12-27,6,17,0
48345,2015,Motley,2,2015-02-08,2015-12-12,3,6,0
48345,2016,Motley,2,2016-02-19,2016-07-14,3,6,0
48345,2017,Motley,1,2017-03-19,2017-03-21,3,3,0
48345,2018,Motley,2,2018-05-11,2018-07-21,4,7,0
48345,2019,Motley,1,2019-09-25,2019-09-27,3,3,0
48345,2020,Motley,2,2020-07-12,2020-11-21,4,7,0
48345,2021,Motley,1,2021-12-24,2021-12-26,3,3,0
48345,2022,Motley,3,2022-05-08,2022-06-15,5,11,0
48345,2023,Motley,2,2023-01-15,2023-10-24,4,7,0
48345,2024,Motley,4,2024-01-30,2024-08-26,4,14,0
48345,2025,Motley,1,2025-12-23,2025-12-28,6,6,0
48347,2015,Nacogdoches,2,2015-08-07,2015-10-24,3,6,0
48347,2017,Nacogdoches,5,2017-01-09,2017-11-06,6,25,0
48347,2018,Nacogdoches,3,2018-03-25,2018-08-21,4,11,0
48347,2021,Nacogdoches,2,2021-12-15,2021-12-29,6,9,0
48347,2022,Nacogdoches,3,2022-07-08,2022-12-11,6,14,0
48347,2023,Nacogdoches,4,2023-02-21,2023-08-11,8,19,0
48347,2024,Nacogdoches,3,2024-01-24,2024-11-04,8,14,2
48347,2025,Nacogdoches,3,2025-02-04,2025-12-28,6,15,0
48349,2015,Navarro,2,2015-07-06,2015-09-08,4,7,0
48349,2016,Navarro,7,2016-06-15,2016-12-28,6,27,0
48349,2017,Navarro,1,2017-06-13,2017-06-18,6,6,0
48349,2018,Navarro,5,2018-03-25,2018-10-08,3,15,0
48349,2019,Navarro,4,2019-02-02,2019-10-01,5,16,0
48349,2020,Navarro,5,2020-01-14,2020-09-01,4,17,0
48349,2021,Navarro,3,2021-03-11,2021-12-29,6,12,0
48349,2022,Navarro,8,2022-05-08,2022-12-13,9,40,0
48349,2023,Navarro,11,2023-06-19,2023-11-09,14,56,0
48349,2024,Navarro,4,2024-04-16,2024-12-17,11,20,0
48349,2025,Navarro,7,2025-02-06,2025-12-28,7,31,0
48351,2015,Newton,3,2015-04-07,2015-12-26,6,12,0
48351,2016,Newton,3,2016-07-06,2016-12-28,5,12,0
48351,2017,Newton,6,2017-01-11,2017-11-07,8,27,0
48351,2018,Newton,2,2018-03-24,2018-07-23,6,10,0
48351,2019,Newton,3,2019-02-04,2019-06-23,3,9,0
48351,2020,Newton,6,2020-01-14,2020-09-15,6,29,0
48351,2021,Newton,4,2021-02-26,2022-01-01,8,17,0
48351,2022,Newton,1,2022-12-06,2022-12-11,6,7,0
48351,2023,Newton,10,2023-02-21,2023-10-28,8,52,0
48351,2024,Newton,7,2024-04-16,2024-11-10,7,34,0
48351,2025,Newton,6,2025-02-04,2025-12-23,6,26,0
48353,2015,Nolan,1,2015-09-06,2015-09-09,4,4,1
48353,2016,Nolan,1,2016-02-19,2016-02-21,3,3,0
48353,2017,Nolan,3,2017-03-19,2017-09-22,3,9,0
48353,2019,Nolan,5,2019-02-02,2019-10-02,6,20,0
48353,2020,Nolan,3,2020-05-02,2020-08-16,5,12,0
48353,2021,Nolan,3,2021-03-11,2021-12-29,6,12,0
48353,2022,Nolan,4,2022-04-21,2022-12-09,4,13,0
48353,2023,Nolan,5,2023-07-18,2023-12-24,4,18,0
48353,2024,Nolan,3,2024-06-27,2024-09-21,3,9,0
48353,2025,Nolan,1,2025-12-24,2025-12-28,5,5,0
48355,2015,Nueces,1,2015-09-05,2015-09-10,6,6,0
48355,2016,Nueces,8,2016-04-28,2016-12-28,9,45,0
48355,2017,Nueces,7,2017-01-12,2017-09-27,6,25,0
48355,2018,Nueces,4,2018-02-17,2018-11-08,4,14,0
48355,2019,Nueces,9,2019-02-03,2019-10-01,8,38,0
48355,2020,Nueces,5,2020-01-14,2020-09-04,9,25,0
48355,2021,Nueces,5,2021-01-24,2022-01-01,6,18,0
48355,2022,Nueces,3,2022-05-02,2022-12-13,5,12,0
48355,2023,Nueces,8,2023-02-22,2023-10-28,9,38,0
48355,2024,Nueces,13,2024-04-07,2024-12-16,12,60,0
48355,2025,Nueces,12,2025-02-04,2025-12-28,10,60,0
48357,2015,Ochiltree,3,2015-09-03,2015-12-24,6,13,3
48357,2016,Ochiltree,6,2016-02-18,2016-11-08,7,27,0
48357,2017,Ochiltree,6,2017-01-17,2017-10-06,8,30,0
48357,2018,Ochiltree,6,2018-05-01,2018-10-04,8,28,0
48357,2019,Ochiltree,4,2019-07-18,2019-10-02,4,13,0
48357,2020,Ochiltree,2,2020-01-23,2020-11-22,4,7,0
48357,2021,Ochiltree,1,2021-06-11,2021-06-13,3,3,0
48357,2022,Ochiltree,5,2022-06-14,2022-09-20,8,22,22
48357,2023,Ochiltree,8,2023-01-10,2023-12-24,7,37,37
48357,2024,Ochiltree,14,2024-01-23,2024-12-30,12,67,67
48357,2025,Ochiltree,5,2025-03-27,2025-12-28,9,28,28
48359,2015,Oldham,3,2015-01-28,2015-10-21,3,9,0
48359,2016,Oldham,3,2016-07-20,2016-11-02,6,13,0
48359,2017,Oldham,2,2017-02-10,2017-10-05,5,8,0
48359,2018,Oldham,1,2018-04-29,2018-05-01,3,3,0
48359,2019,Oldham,2,2019-09-10,2019-10-02,5,8,0
48359,2020,Oldham,4,2020-06-06,2020-11-24,6,15,0
48359,2021,Oldham,3,2021-05-22,2021-12-26,3,9,0
48359,2022,Oldham,2,2022-06-13,2022-08-08,5,10,0
48359,2023,Oldham,3,2023-09-27,2023-12-24,7,16,0
48359,2024,Oldham,2,2024-07-29,2024-10-21,4,8,0
48359,2025,Oldham,2,2025-10-09,2025-12-27,6,9,0
48361,2015,Orange,1,2015-12-25,2015-12-27,3,3,0
48361,2016,Orange,3,2016-06-15,2016-12-29,4,11,0
48361,2017,Orange,4,2017-01-13,2017-11-07,7,18,0
48361,2018,Orange,2,2018-03-25,2018-07-23,5,9,0
48361,2019,Orange,2,2019-05-21,2019-06-23,4,7,0
48361,2020,Orange,3,2020-03-24,2020-09-04,8,14,6
48361,2021,Orange,4,2021-02-27,2022-01-01,7,15,0
48361,2022,Orange,3,2022-06-11,2022-12-11,4,11,1
48361,2023,Orange,6,2023-02-21,2023-09-08,7,37,0
48361,2024,Orange,5,2024-05-22,2024-11-11,7,21,1
48361,2025,Orange,4,2025-02-04,2025-11-22,6,17,0
48363,2015,Palo Pinto,1,2015-09-06,2015-09-08,3,3,0
48363,2016,Palo Pinto,6,2016-02-18,2016-12-26,6,24,2
48363,2017,Palo Pinto,4,2017-02-05,2017-12-04,3,12,1
48363,2018,Palo Pinto,2,2018-05-27,2018-07-23,8,14,0
48363,2019,Palo Pinto,2,2019-02-01,2019-10-03,13,19,4
48363,2020,Palo Pinto,2,2020-07-13,2020-08-15,5,9,0
48363,2021,Palo Pinto,3,2021-03-10,2021-12-29,6,13,0
48363,2022,Palo Pinto,12,2022-04-21,2022-12-09,4,45,0
48363,2023,Palo Pinto,10,2023-01-15,2023-12-23,9,39,0
48363,2024,Palo Pinto,5,2024-02-08,2024-10-30,3,15,1
48363,2025,Palo Pinto,2,2025-11-18,2025-12-27,5,8,0
48365,2015,Panola,3,2015-07-19,2015-09-08,4,11,0
48365,2016,Panola,5,2016-07-04,2016-12-28,6,20,0
48365,2017,Panola,4,2017-01-11,2017-11-07,6,18,0
48365,2018,Panola,4,2018-03-25,2018-07-20,5,15,0
48365,2019,Panola,1,2019-02-05,2019-02-07,3,3,0
48365,2020,Panola,2,2020-06-28,2020-07-16,6,9,0
48365,2021,Panola,6,2021-06-10,2022-01-01,8,23,0
48365,2022,Panola,1,2022-12-07,2022-12-11,5,6,0
48365,2023,Panola,2,2023-08-03,2023-08-27,12,17,2
48365,2024,Panola,3,2024-02-09,2024-05-27,4,10,0
48365,2025,Panola,5,2025-02-04,2025-12-28,6,26,0
48367,2015,Parker,1,2015-09-05,2015-09-08,4,4,0
48367,2016,Parker,2,2016-09-06,2016-10-19,4,7,0
48367,2017,Parker,2,2017-01-10,2017-09-22,3,6,0
48367,2018,Parker,2,2018-05-31,2018-10-08,4,7,0
48367,2019,Parker,3,2019-02-01,2019-10-02,8,17,0
48367,2021,Parker,3,2021-03-10,2021-12-28,5,13,0
48367,2022,Parker,10,2022-04-21,2022-12-10,5,40,0
48367,2023,Parker,7,2023-07-11,2023-12-24,8,35,0
48367,2024,Parker,5,2024-04-15,2024-08-24,4,16,0
48367,2025,Parker,2,2025-11-18,2025-12-27,5,8,0
48369,2015,Parmer,1,2015-09-07,2015-09-09,3,3,0
48369,2016,Parmer,1,2016-11-01,2016-11-03,3,3,0
48369,2017,Parmer,2,2017-02-07,2017-10-06,6,11,0
48369,2018,Parmer,1,2018-05-11,2018-05-15,5,5,0
48369,2019,Parmer,3,2019-02-03,2019-10-01,7,14,0
48369,2020,Parmer,3,2020-07-10,2020-11-24,5,13,0
48369,2021,Parmer,3,2021-09-02,2021-12-26,4,10,0
48369,2022,Parmer,4,2022-06-12,2022-12-07,5,14,0
48369,2023,Parmer,4,2023-01-15,2023-10-26,4,14,0
48369,2024,Parmer,8,2024-02-05,2024-10-30,7,31,0
48369,2025,Parmer,4,2025-04-25,2025-12-28,5,15,0
48371,2015,Pecos,2,2015-08-07,2015-09-09,4,7,0
48371,2016,Pecos,2,2016-02-18,2016-10-18,4,7,0
48371,2017,Pecos,2,2017-01-09,2017-10-06,4,7,0
48371,2018,Pecos,1,2018-06-01,2018-06-03,3,3,0
48371,2019,Pecos,6,2019-02-03,2019-12-28,4,21,0
48371,2020,Pecos,5,2020-03-12,2020-11-24,4,17,0
48371,2021,Pecos,2,2021-12-08,2021-12-27,6,9,0
48371,2022,Pecos,3,2022-06-12,2022-12-12,8,14,0
48371,2023,Pecos,10,2023-01-15,2023-11-08,15,58,0
48371,2024,Pecos,7,2024-02-25,2024-12-30,5,25,0
48371,2025,Pecos,6,2025-02-05,2025-12-27,7,27,0
48373,2015,Polk,1,2015-06-16,2015-06-19,4,4,1
48373,2016,Polk,3,2016-02-19,2016-12-28,5,12,11
48373,2017,Polk,2,2017-01-11,2017-11-06,6,10,8
48373,2018,Polk,1,2018-02-19,2018-02-21,3,3,1
48373,2019,Polk,2,2019-02-05,2019-10-01,3,6,3
48373,2020,Polk,2,2020-06-29,2020-09-02,5,8,8
48373,2021,Polk,2,2021-12-15,2021-12-29,4,7,7
48373,2022,Polk,3,2022-05-08,2022-12-11,6,12,12
48373,2023,Polk,6,2023-06-18,2023-10-27,7,28,28
48373,2024,Polk,3,2024-04-16,2024-11-04,4,10,10
48373,2025,Polk,5,2025-02-04,2025-12-27,5,19,19
48375,2015,Potter,2,2015-01-27,2015-02-10,3,6,0
48375,2016,Potter,1,2016-02-18,2016-02-20,3,3,0
48375,2017,Potter,1,2017-10-02,2017-10-05,4,4,0
48375,2018,Potter,1,2018-05-11,2018-05-13,3,3,0
48375,2019,Potter,3,2019-02-03,2019-10-02,4,10,0
48375,2021,Potter,1,2021-12-24,2021-12-26,3,3,0
48375,2022,Potter,2,2022-06-12,2022-07-20,5,8,0
48375,2023,Potter,2,2023-10-22,2023-12-23,5,9,0
48375,2024,Potter,3,2024-06-06,2024-08-25,3,9,0
48375,2025,Potter,3,2025-08-08,2025-12-27,4,10,0
48377,2015,Presidio,1,2015-01-29,2015-01-31,3,3,0
48377,2016,Presidio,5,2016-05-06,2016-12-26,5,17,3
48377,2017,Presidio,1,2017-03-21,2017-03-23,3,3,0
48377,2018,Presidio,3,2018-02-18,2018-10-05,5,12,0
48377,2019,Presidio,12,2019-01-09,2019-10-06,10,55,0
48377,2020,Presidio,15,2020-01-15,2020-11-23,9,65,0
48377,2021,Presidio,10,2021-03-09,2022-01-01,10,50,0
48377,2022,Presidio,16,2022-02-20,2022-12-12,12,92,0
48377,2023,Presidio,16,2023-02-21,2023-12-24,48,140,0
48377,2024,Presidio,10,2024-07-02,2024-12-06,16,65,0
48377,2025,Presidio,17,2025-01-16,2025-12-28,15,114,0
48379,2016,Rains,4,2016-08-11,2016-12-28,4,13,0
48379,2017,Rains,2,2017-01-11,2017-11-18,3,6,0
48379,2018,Rains,2,2018-07-18,2018-10-09,4,8,0
48379,2019,Rains,1,2019-02-02,2019-02-06,5,5,0
48379,2020,Rains,1,2020-06-29,2020-07-02,4,4,0
48379,2021,Rains,3,2021-03-11,2021-12-29,6,13,0
48379,2022,Rains,6,2022-05-17,2022-12-10,5,29,0
48379,2023,Rains,4,2023-08-12,2023-10-27,4,15,0
48379,2024,Rains,3,2024-03-03,2024-07-05,3,9,0
48379,2025,Rains,3,2025-05-15,2025-12-28,8,19,0
48381,2017,Randall,1,2017-10-03,2017-10-06,4,4,0
48381,2018,Randall,1,2018-05-10,2018-05-13,4,4,0
48381,2019,Randall,2,2019-07-17,2019-08-21,5,10,0
48381,2020,Randall,1,2020-11-21,2020-11-23,3,3,3
48381,2021,Randall,3,2021-08-10,2021-12-26,3,9,0
48381,2022,Randall,4,2022-06-10,2022-08-06,4,13,1
48381,2023,Randall,2,2023-01-16,2023-10-25,3,6,3
48381,2024,Randall,2,2024-06-06,2024-10-20,3,6,0
48381,2025,Randall,3,2025-04-26,2025-12-28,6,12,3
48383,2015,Reagan,2,2015-04-01,2015-09-08,3,6,0
48383,2016,Reagan,6,2016-02-19,2016-12-27,7,26,0
48383,2017,Reagan,4,2017-01-11,2017-11-18,5,16,0
48383,2018,Reagan,2,2018-06-23,2018-10-06,3,6,0
48383,2019,Reagan,2,2019-02-02,2019-10-02,5,10,0
48383,2020,Reagan,5,2020-03-11,2020-09-01,5,20,0
48383,2021,Reagan,3,2021-08-10,2021-12-26,4,10,1
48383,2022,Reagan,6,2022-04-21,2022-12-12,9,36,1
48383,2023,Reagan,6,2023-06-20,2023-12-24,12,39,2
48383,2024,Reagan,5,2024-06-03,2024-12-25,7,22,6
48383,2025,Reagan,3,2025-04-26,2025-12-28,5,13,2
48385,2016,Real,2,2016-07-05,2016-11-07,3,6,0
48385,2017,Real,1,2017-01-13,2017-01-16,4,4,0
48385,2019,Real,1,2019-02-06,2019-02-08,3,3,0
48385,2020,Real,1,2020-08-30,2020-09-02,4,4,0
48385,2021,Real,1,2021-12-15,2021-12-17,3,3,0
48385,2022,Real,3,2022-05-08,2022-12-13,6,13,0
48385,2023,Real,6,2023-06-16,2023-12-23,5,22,0
48385,2024,Real,10,2024-04-16,2024-12-16,7,36,0
48385,2025,Real,4,2025-02-05,2025-12-25,4,14,4
48387,2015,Red River,4,2015-06-29,2015-12-27,20,31,1
48387,2016,Red River,5,2016-02-19,2016-12-27,5,18,2
48387,2017,Red River,2,2017-01-10,2017-02-13,7,10,0
48387,2018,Red River,2,2018-05-31,2018-10-08,4,7,0
48387,2019,Red River,2,2019-02-03,2019-09-25,4,8,0
48387,2020,Red River,1,2020-03-01,2020-03-03,3,3,0
48387,2021,Red River,3,2021-03-11,2021-12-31,8,15,0
48387,2022,Red River,5,2022-05-09,2022-12-12,7,23,0
48387,2023,Red River,7,2023-01-16,2023-10-27,8,27,0
48387,2024,Red River,4,2024-03-03,2024-11-04,4,13,0
48387,2025,Red River,3,2025-05-14,2025-12-27,5,13,0
48389,2015,Reeves,2,2015-09-07,2015-09-19,4,7,0
48389,2016,Reeves,5,2016-07-11,2016-11-06,5,20,0
48389,2017,Reeves,2,2017-09-19,2017-10-06,5,9,0
48389,2018,Reeves,2,2018-05-09,2018-06-08,6,9,0
48389,2019,Reeves,6,2019-02-03,2019-10-02,14,33,0
48389,2020,Reeves,6,2020-03-12,2020-09-01,6,23,0
48389,2021,Reeves,3,2021-06-09,2021-12-29,6,14,0
48389,2022,Reeves,3,2022-07-21,2022-12-11,7,18,0
48389,2023,Reeves,8,2023-06-20,2023-11-20,8,40,0
48389,2024,Reeves,10,2024-02-25,2024-10-20,10,50,0
48389,2025,Reeves,5,2025-03-26,2025-12-28,12,29,14
48391,2015,Refugio,1,2015-12-25,2015-12-27,3,3,0
48391,2016,Refugio,2,2016-07-05,2016-12-29,7,11,0
48391,2017,Refugio,1,2017-11-03,2017-11-07,5,5,0
48391,2018,Refugio,4,2018-08-13,2018-10-15,6,17,0
48391,2019,Refugio,8,2019-05-19,2019-09-29,10,37,0
48391,2020,Refugio,7,2020-01-15,2020-10-23,7,31,0
48391,2021,Refugio,4,2021-08-18,2022-01-01,5,15,0
48391,2022,Refugio,3,2022-05-03,2022-12-13,3,10,0
48391,2023,Refugio,13,2023-02-22,2023-12-24,8,66,0
48391,2024,Refugio,11,2024-04-17,2024-12-18,8,50,0
48391,2025,Refugio,6,2025-02-04,2025-12-28,6,27,0
48393,2015,Roberts,4,2015-02-08,2015-12-24,4,14,14
48393,2016,Roberts,2,2016-02-18,2016-11-03,3,6,6
48393,2017,Roberts,3,2017-01-19,2017-10-06,4,11,11
48393,2018,Roberts,2,2018-05-08,2018-05-29,8,11,11
48393,2019,Roberts,5,2019-01-06,2019-10-02,8,22,22
48393,2020,Roberts,1,2020-11-19,2020-11-22,4,4,4
48393,2021,Roberts,2,2021-06-10,2021-12-28,5,8,8
48393,2022,Roberts,6,2022-05-09,2022-09-20,6,23,23
48393,2023,Roberts,7,2023-01-15,2023-12-24,5,26,26
48393,2024,Roberts,9,2024-01-24,2024-12-26,9,36,36
48393,2025,Roberts,4,2025-03-27,2025-12-28,6,19,19
48395,2016,Robertson,5,2016-07-04,2016-12-28,5,20,4
48395,2017,Robertson,4,2017-01-10,2017-11-06,4,14,0
48395,2018,Robertson,1,2018-03-24,2018-03-26,3,3,0
48395,2019,Robertson,4,2019-02-03,2019-10-01,4,14,0
48395,2020,Robertson,7,2020-01-14,2020-09-01,5,27,0
48395,2021,Robertson,3,2021-09-04,2021-12-29,5,11,8
48395,2022,Robertson,10,2022-05-02,2022-12-10,9,43,0
48395,2023,Robertson,9,2023-06-14,2023-10-28,10,50,0
48395,2024,Robertson,8,2024-02-08,2024-12-17,6,31,0
48395,2025,Robertson,4,2025-02-03,2025-12-27,6,21,0
48397,2015,Rockwall,1,2015-09-06,2015-09-08,3,3,3
48397,2016,Rockwall,4,2016-02-19,2016-12-28,5,15,15
48397,2017,Rockwall,4,2017-01-10,2017-11-17,6,16,13
48397,2018,Rockwall,12,2018-03-24,2018-10-08,8,54,0
48397,2019,Rockwall,6,2019-02-01,2019-12-28,13,33,0
48397,2020,Rockwall,3,2020-03-01,2020-08-15,6,14,0
48397,2021,Rockwall,5,2021-03-11,2021-12-29,7,20,0
48397,2022,Rockwall,10,2022-04-21,2022-12-10,13,57,0
48397,2023,Rockwall,12,2023-02-20,2023-12-23,14,64,2
48397,2024,Rockwall,8,2024-03-03,2024-10-30,7,30,0
48397,2025,Rockwall,4,2025-04-26,2025-12-27,8,25,0
48399,2016,Runnels,1,2016-12-24,2016-12-26,3,3,0
48399,2019,Runnels,2,2019-09-20,2019-10-02,5,8,0
48399,2021,Runnels,2,2021-12-15,2021-12-29,5,9,0
48399,2022,Runnels,6,2022-05-09,2022-12-10,8,25,0
48399,2023,Runnels,4,2023-07-12,2023-12-24,11,22,0
48399,2024,Runnels,4,2024-06-03,2024-12-25,5,14,0
48399,2025,Runnels,3,2025-04-28,2025-12-28,5,11,0
48401,2015,Rusk,1,2015-12-25,2015-12-27,3,3,0
48401,2016,Rusk,3,2016-07-04,2016-12-28,5,12,0
48401,2017,Rusk,2,2017-01-11,2017-11-06,6,10,0
48401,2018,Rusk,2,2018-03-25,2018-06-25,4,7,0
48401,2019,Rusk,1,2019-02-04,2019-02-06,3,3,0
48401,2020,Rusk,1,2020-06-29,2020-07-02,4,4,0
48401,2021,Rusk,2,2021-12-15,2021-12-29,5,8,0
48401,2022,Rusk,4,2022-07-07,2022-12-11,6,15,0
48401,2023,Rusk,7,2023-02-21,2023-10-28,12,37,0
48401,2024,Rusk,4,2024-04-16,2024-12-17,3,12,0
48401,2025,Rusk,4,2025-02-04,2025-12-27,8,23,0
48403,2015,Sabine,2,2015-10-22,2015-12-27,3,6,1
48403,2016,Sabine,4,2016-02-19,2016-12-28,5,14,2
48403,2017,Sabine,5,2017-01-10,2017-11-06,5,19,0
48403,2018,Sabine,5,2018-06-23,2018-09-23,6,20,0
48403,2019,Sabine,5,2019-02-04,2019-08-27,4,16,1
48403,2020,Sabine,7,2020-03-12,2020-09-17,8,30,0
48403,2021,Sabine,2,2021-12-15,2021-12-31,8,11,0
48403,2022,Sabine,5,2022-06-12,2022-12-11,7,23,0
48403,2023,Sabine,9,2023-02-20,2023-10-28,12,49,0
48403,2024,Sabine,6,2024-02-09,2024-11-10,8,30,0
48403,2025,Sabine,6,2025-02-04,2025-12-27,5,26,0
48405,2015,San Augustine,1,2015-10-22,2015-10-24,3,3,0
48405,2016,San Augustine,3,2016-07-05,2016-12-28,4,10,3
48405,2017,San Augustine,3,2017-01-11,2017-11-07,6,14,0
48405,2018,San Augustine,3,2018-06-23,2018-09-24,4,10,3
48405,2019,San Augustine,1,2019-02-05,2019-02-07,3,3,0
48405,2020,San Augustine,4,2020-03-02,2020-09-01,7,16,0
48405,2021,San Augustine,2,2021-12-16,2022-01-01,9,11,0
48405,2022,San Augustine,2,2022-07-19,2022-12-11,5,9,0
48405,2023,San Augustine,5,2023-02-21,2023-10-29,10,25,1
48405,2024,San Augustine,6,2024-04-16,2024-12-18,6,24,0
48405,2025,San Augustine,7,2025-02-04,2025-12-28,6,28,1
48407,2015,San Jacinto,2,2015-07-06,2015-12-27,3,6,6
48407,2016,San Jacinto,4,2016-06-14,2016-12-28,12,24,24
48407,2017,San Jacinto,2,2017-01-11,2017-11-06,6,10,10
48407,2018,San Jacinto,4,2018-03-25,2018-10-08,7,19,19
48407,2019,San Jacinto,6,2019-02-04,2019-10-01,4,20,20
48407,2020,San Jacinto,4,2020-03-12,2020-09-03,8,23,23
48407,2021,San Jacinto,4,2021-06-24,2021-12-29,5,14,14
48407,2022,San Jacinto,8,2022-05-08,2022-12-11,10,42,42
48407,2023,San Jacinto,9,2023-02-21,2023-10-28,15,63,63
48407,2024,San Jacinto,6,2024-04-16,2024-12-17,7,29,29
48407,2025,San Jacinto,5,2025-02-04,2025-12-27,6,25,25
48409,2015,San Patricio,6,2015-04-07,2015-12-26,7,24,0
48409,2016,San Patricio,5,2016-03-16,2016-12-29,14,29,0
48409,2017,San Patricio,3,2017-01-12,2017-05-20,6,13,0
48409,2018,San Patricio,1,2018-02-18,2018-02-20,3,3,0
48409,2019,San Patricio,4,2019-02-04,2019-10-01,4,13,0
48409,2020,San Patricio,4,2020-01-15,2020-09-04,9,22,0
48409,2021,San Patricio,3,2021-01-24,2021-12-18,4,11,0
48409,2022,San Patricio,2,2022-11-07,2022-12-12,7,11,0
48409,2023,San Patricio,6,2023-02-22,2023-10-27,9,32,0
48409,2024,San Patricio,6,2024-04-16,2024-11-05,5,23,0
48409,2025,San Patricio,7,2025-02-05,2025-12-28,7,37,3
48411,2015,San Saba,1,2015-09-05,2015-09-08,4,4,0
48411,2016,San Saba,2,2016-06-13,2016-12-28,5,8,0
48411,2017,San Saba,1,2017-01-11,2017-01-13,3,3,0
48411,2019,San Saba,5,2019-02-01,2019-10-02,6,23,0
48411,2020,San Saba,4,2020-03-17,2020-09-01,5,15,0
48411,2021,San Saba,3,2021-03-11,2021-12-29,6,12,0
48411,2022,San Saba,10,2022-04-21,2022-12-13,7,39,0
48411,2023,San Saba,6,2023-07-09,2023-12-24,11,36,0
48411,2024,San Saba,4,2024-04-15,2024-12-17,5,15,0
48411,2025,San Saba,4,2025-02-04,2025-12-28,6,18,0
48413,2015,Schleicher,1,2015-09-07,2015-09-09,3,3,0
48413,2016,Schleicher,3,2016-08-10,2016-12-28,5,11,0
48413,2017,Schleicher,3,2017-01-11,2017-09-22,3,9,0
48413,2018,Schleicher,1,2018-07-23,2018-07-25,3,3,0
48413,2019,Schleicher,4,2019-02-02,2019-12-28,6,20,0
48413,2020,Schleicher,2,2020-03-12,2020-09-02,5,8,0
48413,2021,Schleicher,2,2021-12-15,2021-12-26,4,7,0
48413,2022,Schleicher,3,2022-05-17,2022-12-13,8,16,0
48413,2023,Schleicher,7,2023-06-16,2023-12-24,10,42,0
48413,2024,Schleicher,4,2024-07-03,2024-09-22,7,20,0
48413,2025,Schleicher,4,2025-02-05,2025-12-28,5,14,0
48415,2015,Scurry,2,2015-04-07,2015-09-18,3,6,0
48415,2016,Scurry,8,2016-02-19,2016-11-08,4,27,1
48415,2017,Scurry,3,2017-01-10,2017-09-23,5,12,0
48415,2018,Scurry,4,2018-05-11,2018-10-05,3,12,0
48415,2019,Scurry,6,2019-02-02,2019-12-28,8,26,0
48415,2020,Scurry,3,2020-05-02,2020-08-16,6,13,0
48415,2021,Scurry,3,2021-03-10,2021-12-29,6,13,0
48415,2022,Scurry,9,2022-04-20,2022-12-12,9,48,0
48415,2023,Scurry,8,2023-07-13,2023-12-24,9,42,0
48415,2024,Scurry,9,2024-02-08,2024-12-25,15,49,0
48415,2025,Scurry,3,2025-03-28,2025-12-27,5,12,0
48417,2018,Shackelford,1,2018-06-28,2018-06-30,3,3,0
48417,2019,Shackelford,2,2019-02-03,2019-10-02,6,10,0
48417,2020,Shackelford,1,2020-08-12,2020-08-15,4,4,0
48417,2021,Shackelford,3,2021-03-11,2021-12-28,5,11,0
48417,2022,Shackelford,8,2022-04-22,2022-12-10,5,32,0
48417,2023,Shackelford,5,2023-07-13,2023-09-25,5,17,0
48417,2024,Shackelford,3,2024-06-03,2024-08-18,5,13,0
48417,2025,Shackelford,1,2025-12-24,2025-12-28,5,5,0
48419,2015,Shelby,2,2015-07-19,2015-08-10,5,9,0
48419,2016,Shelby,6,2016-02-20,2016-12-28,7,25,0
48419,2017,Shelby,4,2017-01-11,2017-11-07,6,18,0
48419,2018,Shelby,3,2018-03-25,2018-07-19,3,9,0
48419,2019,Shelby,1,2019-02-05,2019-02-07,3,3,0
48419,2020,Shelby,2,2020-06-29,2020-09-01,4,7,7
48419,2021,Shelby,2,2021-12-15,2021-12-29,5,8,8
48419,2022,Shelby,3,2022-07-08,2022-12-10,5,12,12
48419,2023,Shelby,6,2023-06-25,2023-10-28,11,31,31
48419,2024,Shelby,4,2024-04-16,2024-07-05,7,16,16
48419,2025,Shelby,4,2025-02-04,2025-12-28,6,19,19
48421,2015,Sherman,4,2015-01-26,2015-12-12,5,15,0
48421,2016,Sherman,2,2016-02-18,2016-09-23,3,6,0
48421,2019,Sherman,5,2019-08-06,2019-12-26,16,41,41
48421,2020,Sherman,8,2020-03-08,2020-11-24,6,36,36
48421,2021,Sherman,8,2021-04-26,2021-12-28,7,38,38
48421,2022,Sherman,9,2022-04-21,2022-09-21,15,58,58
48421,2023,Sherman,13,2023-01-10,2023-12-24,8,57,57
48421,2024,Sherman,16,2024-01-23,2024-12-26,13,81,81
48421,2025,Sherman,9,2025-03-26,2025-12-28,10,46,46
48423,2015,Smith,1,2015-07-17,2015-07-19,3,3,0
48423,2016,Smith,8,2016-02-19,2016-12-28,5,28,0
48423,2017,Smith,3,2017-01-10,2017-11-06,5,12,0
48423,2018,Smith,5,2018-05-31,2018-10-08,6,22,0
48423,2019,Smith,2,2019-02-04,2019-09-24,3,6,0
48423,2020,Smith,4,2020-03-11,2020-10-20,4,14,0
48423,2021,Smith,3,2021-03-11,2021-12-29,4,10,0
48423,2022,Smith,2,2022-07-18,2022-12-10,5,9,0
48423,2023,Smith,6,2023-06-18,2023-10-28,9,35,0
48423,2024,Smith,5,2024-06-29,2024-12-17,3,15,0
48423,2025,Smith,4,2025-02-06,2025-12-27,5,17,0
48425,2015,Somervell,1,2015-09-05,2015-09-08,4,4,0
48425,2016,Somervell,3,2016-10-16,2016-12-28,5,12,3
48425,2017,Somervell,3,2017-01-11,2017-11-18,4,10,3
48425,2018,Somervell,4,2018-05-30,2018-10-08,5,16,16
48425,2019,Somervell,2,2019-02-03,2019-10-02,12,16,1
48425,2020,Somervell,2,2020-06-29,2020-08-15,5,9,0
48425,2021,Somervell,3,2021-03-11,2021-12-27,4,11,4
48425,2022,Somervell,10,2022-04-21,2022-12-13,8,54,4
48425,2023,Somervell,5,2023-06-24,2023-10-27,12,29,0
48425,2024,Somervell,2,2024-04-15,2024-06-30,3,6,0
48425,2025,Somervell,2,2025-11-18,2025-12-28,4,7,0
48427,2015,Starr,3,2015-07-24,2015-12-27,6,12,0
48427,2016,Starr,5,2016-03-06,2016-12-29,7,22,0
48427,2017,Starr,7,2017-01-13,2017-09-28,5,29,0
48427,2018,Starr,4,2018-02-17,2018-10-14,4,13,0
48427,2019,Starr,12,2019-02-04,2019-10-01,9,54,0
48427,2020,Starr,8,2020-01-13,2020-09-03,6,33,0
48427,2021,Starr,5,2021-01-23,2021-12-18,5,18,0
48427,2022,Starr,3,2022-04-22,2022-07-22,3,9,0
48427,2023,Starr,9,2023-02-24,2023-10-29,7,38,0
48427,2024,Starr,7,2024-04-18,2024-12-18,6,30,0
48427,2025,Starr,5,2025-02-07,2025-12-26,8,22,0
48429,2017,Stephens,3,2017-02-06,2017-09-22,3,9,0
48429,2018,Stephens,1,2018-05-31,2018-06-03,4,4,0
48429,2019,Stephens,2,2019-02-02,2019-10-02,7,12,0
48429,2020,Stephens,1,2020-08-12,2020-08-14,3,3,0
48429,2021,Stephens,2,2021-03-11,2021-12-17,3,6,0
48429,2022,Stephens,7,2022-04-21,2022-12-12,19,45,0
48429,2023,Stephens,8,2023-01-16,2023-12-24,7,36,0
48429,2024,Stephens,6,2024-05-20,2024-11-04,5,22,0
48429,2025,Stephens,4,2025-01-28,2025-12-27,5,15,0
48431,2015,Sterling,2,2015-04-01,2015-09-09,5,8,1
48431,2016,Sterling,4,2016-02-19,2016-11-08,4,13,0
48431,2018,Sterling,1,2018-10-03,2018-10-06,4,4,4
48431,2019,Sterling,3,2019-02-02,2019-10-02,12,22,16
48431,2020,Sterling,3,2020-07-14,2020-09-01,4,10,10
48431,2021,Sterling,3,2021-03-11,2021-12-29,6,12,12
48431,2022,Sterling,8,2022-04-21,2022-12-12,10,40,40
48431,2023,Sterling,7,2023-06-26,2023-12-24,12,38,38
48431,2024,Sterling,5,2024-06-28,2024-11-04,6,19,19
48431,2025,Sterling,3,2025-02-03,2025-12-28,5,13,13
48433,2016,Stonewall,5,2016-02-19,2016-11-08,3,15,0
48433,2017,Stonewall,2,2017-02-11,2017-09-24,5,8,0
48433,2018,Stonewall,3,2018-05-12,2018-08-31,4,11,0
48433,2019,Stonewall,5,2019-02-03,2019-12-28,7,21,0
48433,2020,Stonewall,4,2020-05-02,2020-08-15,4,13,0
48433,2021,Stonewall,2,2021-12-15,2021-12-29,6,10,0
48433,2022,Stonewall,7,2022-04-21,2022-12-10,6,28,0
48433,2023,Stonewall,2,2023-01-16,2023-10-25,3,6,0
48433,2024,Stonewall,3,2024-02-02,2024-09-22,6,13,0
48433,2025,Stonewall,1,2025-12-24,2025-12-28,5,5,0
48435,2015,Sutton,1,2015-09-05,2015-09-09,5,5,0
48435,2016,Sutton,4,2016-05-11,2016-12-29,8,20,4
48435,2017,Sutton,2,2017-01-12,2017-09-22,5,8,4
48435,2019,Sutton,3,2019-02-01,2019-10-02,13,22,22
48435,2020,Sutton,3,2020-03-11,2020-09-02,5,12,12
48435,2021,Sutton,3,2021-03-11,2021-12-29,6,12,12
48435,2022,Sutton,6,2022-05-08,2022-12-13,8,25,25
48435,2023,Sutton,7,2023-06-24,2023-12-24,13,38,38
48435,2024,Sutton,3,2024-07-03,2024-11-04,4,11,0
48435,2025,Sutton,1,2025-02-06,2025-02-08,3,3,1
48437,2015,Swisher,2,2015-02-07,2015-10-23,3,6,0
48437,2016,Swisher,1,2016-07-11,2016-07-14,4,4,0
48437,2017,Swisher,2,2017-01-20,2017-10-06,5,8,0
48437,2018,Swisher,2,2018-05-11,2018-08-28,5,9,0
48437,2019,Swisher,7,2019-02-04,2019-12-28,4,25,0
48437,2020,Swisher,2,2020-07-10,2020-11-24,6,12,0
48437,2021,Swisher,4,2021-06-10,2021-12-26,3,12,0
48437,2022,Swisher,3,2022-06-12,2022-07-21,5,12,0
48437,2023,Swisher,4,2023-07-18,2023-12-24,5,14,0
48437,2024,Swisher,6,2024-05-01,2024-12-27,3,18,0
48437,2025,Swisher,1,2025-12-23,2025-12-28,6,6,0
48439,2015,Tarrant,2,2015-08-05,2015-09-08,4,8,0
48439,2016,Tarrant,7,2016-02-19,2016-12-26,4,24,0
48439,2017,Tarrant,1,2017-01-10,2017-01-12,3,3,0
48439,2018,Tarrant,4,2018-05-30,2018-10-08,5,14,0
48439,2019,Tarrant,4,2019-02-02,2019-10-01,6,18,0
48439,2021,Tarrant,3,2021-03-10,2021-12-28,5,12,0
48439,2022,Tarrant,11,2022-04-21,2022-12-10,7,51,0
48439,2023,Tarrant,10,2023-06-25,2023-12-23,14,52,0
48439,2024,Tarrant,5,2024-04-15,2024-10-30,10,22,0
48439,2025,Tarrant,3,2025-04-27,2025-12-27,5,12,0
48441,2018,Taylor,1,2018-06-01,2018-06-03,3,3,0
48441,2019,Taylor,4,2019-02-02,2019-12-27,5,15,0
48441,2020,Taylor,3,2020-05-02,2020-08-15,4,11,0
48441,2021,Taylor,3,2021-03-10,2021-12-29,6,12,0
48441,2022,Taylor,6,2022-05-09,2022-12-09,13,31,0
48441,2023,Taylor,4,2023-08-07,2023-12-23,6,15,0
48441,2024,Taylor,2,2024-08-14,2024-08-22,4,8,0
48441,2025,Taylor,1,2025-12-23,2025-12-27,5,5,0
48443,2015,Terrell,9,2015-01-28,2015-12-25,9,36,0
48443,2016,Terrell,8,2016-03-06,2016-12-29,7,33,0
48443,2017,Terrell,6,2017-01-12,2017-11-14,4,21,0
48443,2018,Terrell,3,2018-02-18,2018-07-26,4,10,0
48443,2019,Terrell,4,2019-02-28,2019-10-03,6,16,0
48443,2020,Terrell,6,2020-03-10,2020-11-24,9,25,1
48443,2021,Terrell,2,2021-12-15,2021-12-31,3,6,0
48443,2022,Terrell,7,2022-05-08,2022-12-12,7,28,0
48443,2023,Terrell,5,2023-06-19,2023-12-23,6,20,0
48443,2024,Terrell,2,2024-05-21,2024-11-02,3,6,0
48443,2025,Terrell,8,2025-02-04,2025-12-28,6,35,0
48445,2015,Terry,1,2015-09-06,2015-09-08,3,3,0
48445,2016,Terry,4,2016-03-13,2016-11-08,4,13,0
48445,2017,Terry,2,2017-01-20,2017-10-06,3,6,0
48445,2018,Terry,3,2018-05-11,2018-07-21,5,12,0
48445,2019,Terry,5,2019-01-16,2019-12-28,5,18,0
48445,2020,Terry,3,2020-05-02,2020-08-16,6,14,0
48445,2021,Terry,4,2021-06-09,2021-12-29,6,18,0
48445,2022,Terry,7,2022-05-17,2022-12-10,6,30,0
48445,2023,Terry,5,2023-07-12,2023-12-24,4,17,0
48445,2024,Terry,6,2024-05-01,2024-10-21,8,29,0
48445,2025,Terry,2,2025-04-24,2025-12-28,5,9,0
48447,2017,Throckmorton,1,2017-02-10,2017-02-13,4,4,2
48447,2019,Throckmorton,3,2019-02-02,2019-10-02,5,12,6
48447,2021,Throckmorton,2,2021-03-11,2021-12-29,6,9,1
48447,2022,Throckmorton,5,2022-05-08,2022-12-13,5,17,4
48447,2023,Throckmorton,4,2023-01-16,2023-12-24,4,13,1
48447,2024,Throckmorton,4,2024-02-08,2024-12-25,6,18,18
48447,2025,Throckmorton,2,2025-11-18,2025-12-27,5,8,8
48449,2015,Titus,6,2015-06-20,2015-12-27,7,29,0
48449,2016,Titus,2,2016-10-16,2016-12-28,5,8,0
48449,2017,Titus,1,2017-01-11,2017-01-16,6,6,0
48449,2018,Titus,3,2018-06-01,2018-10-09,5,12,0
48449,2019,Titus,1,2019-09-27,2019-09-29,3,3,0
48449,2020,Titus,1,2020-06-30,2020-07-03,4,4,0
48449,2021,Titus,3,2021-03-12,2021-12-31,3,9,0
48449,2022,Titus,5,2022-05-19,2022-12-11,5,18,0
48449,2023,Titus,3,2023-06-26,2023-10-28,4,11,0
48449,2024,Titus,3,2024-02-09,2024-12-18,3,9,0
48449,2025,Titus,4,2025-02-04,2025-12-28,6,20,0
48451,2015,Tom Green,1,2015-03-31,2015-04-03,4,4,0
48451,2016,Tom Green,7,2016-02-19,2016-12-26,7,27,0
48451,2017,Tom Green,4,2017-01-11,2017-11-18,6,16,0
48451,2018,Tom Green,5,2018-02-14,2018-08-29,8,23,0
48451,2019,Tom Green,3,2019-02-01,2019-10-02,6,15,0
48451,2020,Tom Green,6,2020-03-12,2020-09-01,5,21,0
48451,2021,Tom Green,3,2021-03-10,2021-12-28,5,13,0
48451,2022,Tom Green,11,2022-04-21,2022-12-13,9,47,0
48451,2023,Tom Green,8,2023-06-25,2023-12-24,7,33,0
48451,2024,Tom Green,5,2024-07-02,2024-12-25,7,21,0
48451,2025,Tom Green,1,2025-12-24,2025-12-28,5,5,0
48453,2016,Travis,2,2016-07-04,2016-12-28,5,10,0
48453,2017,Travis,2,2017-01-11,2017-02-13,3,6,0
48453,2019,Travis,4,2019-02-03,2019-10-02,5,15,0
48453,2020,Travis,3,2020-03-12,2020-07-09,3,9,0
48453,2021,Travis,2,2021-03-11,2021-12-17,3,6,0
48453,2022,Travis,1,2022-12-07,2022-12-10,4,4,0
48453,2023,Travis,8,2023-06-17,2023-10-28,6,36,0
48453,2024,Travis,4,2024-04-15,2024-12-17,5,16,0
48453,2025,Travis,4,2025-02-04,2025-12-27,5,18,0
48455,2015,Trinity,2,2015-07-06,2015-12-27,3,6,6
48455,2016,Trinity,3,2016-07-03,2016-12-28,6,14,14
48455,2017,Trinity,3,2017-01-11,2017-11-06,4,10,10
48455,2018,Trinity,2,2018-07-18,2018-10-08,6,11,11
48455,2019,Trinity,4,2019-02-04,2019-10-01,4,13,13
48455,2020,Trinity,4,2020-03-12,2020-09-01,5,16,16
48455,2021,Trinity,3,2021-06-24,2021-12-31,7,13,13
48455,2022,Trinity,7,2022-05-08,2022-12-13,9,38,38
48455,2023,Trinity,9,2023-02-21,2023-10-28,14,55,55
48455,2024,Trinity,7,2024-04-16,2024-12-17,7,28,28
48455,2025,Trinity,5,2025-02-04,2025-12-28,7,24,24
48457,2015,Tyler,3,2015-05-08,2015-12-27,4,10,0
48457,2016,Tyler,5,2016-07-04,2016-12-28,5,19,0
48457,2017,Tyler,3,2017-01-11,2017-11-07,7,16,0
48457,2018,Tyler,2,2018-03-25,2018-07-21,4,7,0
48457,2019,Tyler,2,2019-06-21,2019-08-27,3,6,0
48457,2020,Tyler,3,2020-03-12,2020-09-03,7,14,0
48457,2021,Tyler,3,2021-02-26,2022-01-01,7,12,0
48457,2022,Tyler,2,2022-06-11,2022-12-13,8,12,0
48457,2023,Tyler,7,2023-02-21,2023-10-28,10,45,0
48457,2024,Tyler,6,2024-04-16,2024-12-17,7,29,0
48457,2025,Tyler,6,2025-02-04,2025-12-28,7,28,0
48459,2016,Upshur,5,2016-02-19,2016-12-28,5,19,0
48459,2017,Upshur,4,2017-01-11,2017-11-06,6,17,0
48459,2018,Upshur,6,2018-03-24,2018-08-29,5,23,0
48459,2019,Upshur,2,2019-02-04,2019-09-23,3,6,0
48459,2020,Upshur,2,2020-03-01,2020-07-03,5,8,0
48459,2021,Upshur,3,2021-03-11,2021-12-31,8,14,0
48459,2022,Upshur,8,2022-05-08,2022-12-11,6,33,0
48459,2023,Upshur,7,2023-01-16,2023-10-28,6,30,0
48459,2024,Upshur,4,2024-02-08,2024-12-17,3,12,0
48459,2025,Upshur,3,2025-02-04,2025-12-27,6,17,0
48461,2015,Upton,3,2015-08-07,2015-12-26,4,10,0
48461,2016,Upton,4,2016-02-19,2016-12-25,6,18,0
48461,2017,Upton,3,2017-01-11,2017-10-07,4,10,0
48461,2018,Upton,3,2018-01-10,2018-08-29,9,15,0
48461,2019,Upton,4,2019-02-02,2019-10-02,7,21,0
48461,2020,Upton,4,2020-03-13,2020-11-24,7,20,0
48461,2021,Upton,4,2021-03-11,2021-12-28,4,14,0
48461,2022,Upton,4,2022-03-05,2022-12-12,7,18,1
48461,2023,Upton,5,2023-06-21,2023-12-23,5,19,5
48461,2024,Upton,1,2024-11-10,2024-11-12,3,3,0
48461,2025,Upton,4,2025-02-04,2025-12-28,6,17,10
48463,2015,Uvalde,1,2015-10-21,2015-10-23,3,3,0
48463,2016,Uvalde,3,2016-02-19,2016-12-28,5,12,0
48463,2017,Uvalde,1,2017-01-12,2017-01-15,4,4,0
48463,2018,Uvalde,1,2018-05-01,2018-05-03,3,3,0
48463,2019,Uvalde,3,2019-05-18,2019-10-02,5,11,0
48463,2020,Uvalde,4,2020-03-13,2020-10-22,7,18,0
48463,2021,Uvalde,2,2021-12-03,2021-12-17,4,7,0
48463,2022,Uvalde,6,2022-04-20,2022-12-13,7,25,1
48463,2023,Uvalde,5,2023-03-07,2023-12-23,7,23,0
48463,2024,Uvalde,10,2024-04-15,2024-12-17,7,47,0
48463,2025,Uvalde,4,2025-02-04,2025-12-25,5,16,0
48465,2015,Val Verde,2,2015-09-05,2015-09-21,6,10,0
48465,2016,Val Verde,6,2016-02-19,2016-12-29,7,27,0
48465,2017,Val Verde,3,2017-01-12,2017-11-07,4,11,0
48465,2018,Val Verde,5,2018-02-16,2018-10-08,5,20,0
48465,2019,Val Verde,7,2019-01-07,2019-10-03,15,44,0
48465,2020,Val Verde,6,2020-01-14,2020-10-22,7,28,0
48465,2021,Val Verde,6,2021-06-07,2021-12-31,8,26,0
48465,2022,Val Verde,8,2022-03-04,2022-12-12,7,29,0
48465,2023,Val Verde,11,2023-03-07,2023-12-24,12,61,0
48465,2024,Val Verde,12,2024-04-15,2024-12-17,17,71,0
48465,2025,Val Verde,11,2025-02-04,2025-12-28,9,56,0
48467,2016,Van Zandt,3,2016-10-16,2016-12-27,5,11,0
48467,2017,Van Zandt,2,2017-11-03,2017-11-18,4,7,0
48467,2018,Van Zandt,5,2018-03-25,2018-10-09,4,18,0
48467,2019,Van Zandt,1,2019-02-03,2019-02-07,5,5,0
48467,2020,Van Zandt,1,2020-06-30,2020-07-02,3,3,0
48467,2021,Van Zandt,2,2021-12-15,2021-12-29,6,9,0
48467,2022,Van Zandt,5,2022-06-11,2022-12-10,12,28,0
48467,2023,Van Zandt,4,2023-08-03,2023-10-26,12,23,0
48467,2024,Van Zandt,2,2024-04-16,2024-07-02,4,7,0
48467,2025,Van Zandt,2,2025-11-17,2025-12-28,6,11,5
48469,2016,Victoria,2,2016-07-04,2016-12-28,6,11,0
48469,2017,Victoria,3,2017-01-12,2017-02-13,6,12,0
48469,2019,Victoria,5,2019-02-04,2019-09-30,6,19,0
48469,2020,Victoria,3,2020-01-14,2020-09-03,4,12,0
48469,2022,Victoria,3,2022-04-20,2022-12-13,3,9,0
48469,2023,Victoria,6,2023-02-21,2023-10-28,10,35,0
48469,2024,Victoria,5,2024-04-16,2024-11-04,7,19,0
48469,2025,Victoria,5,2025-02-04,2025-12-27,6,23,0
48471,2015,Walker,1,2015-12-25,2015-12-27,3,3,0
48471,2016,Walker,2,2016-07-04,2016-12-28,5,8,0
48471,2017,Walker,3,2017-01-11,2017-11-06,6,14,0
48471,2019,Walker,2,2019-02-04,2019-10-01,4,7,0
48471,2020,Walker,3,2020-03-13,2020-07-13,3,9,0
48471,2021,Walker,2,2021-12-15,2021-12-31,6,9,0
48471,2022,Walker,9,2022-05-08,2022-12-11,9,40,0
48471,2023,Walker,8,2023-02-21,2023-10-28,16,64,0
48471,2024,Walker,4,2024-05-22,2024-12-17,6,19,0
48471,2025,Walker,4,2025-02-04,2025-12-27,6,21,0
48473,2015,Waller,3,2015-07-05,2015-12-27,4,11,11
48473,2016,Waller,7,2016-06-14,2016-12-28,6,28,28
48473,2017,Waller,5,2017-01-11,2017-11-06,6,20,20
48473,2018,Waller,5,2018-03-25,2018-10-08,7,20,20
48473,2019,Waller,10,2019-02-04,2019-10-01,5,37,37
48473,2020,Waller,7,2020-03-02,2020-09-03,12,37,37
48473,2021,Waller,4,2021-06-24,2022-01-01,9,18,18
48473,2022,Waller,12,2022-04-21,2022-12-13,8,54,54
48473,2023,Waller,9,2023-02-21,2023-10-28,16,72,72
48473,2024,Waller,9,2024-04-16,2024-12-17,10,43,43
48473,2025,Waller,6,2025-02-04,2025-12-27,7,29,29
48475,2015,Ward,6,2015-01-29,2015-10-21,3,18,0
48475,2016,Ward,5,2016-02-18,2016-12-29,11,28,0
48475,2017,Ward,9,2017-01-10,2017-12-04,6,31,1
48475,2018,Ward,3,2018-02-14,2018-08-31,5,12,0
48475,2019,Ward,9,2019-01-06,2019-12-27,8,40,0
48475,2020,Ward,8,2020-03-11,2020-11-24,7,33,0
48475,2021,Ward,4,2021-03-09,2021-12-28,5,16,0
48475,2022,Ward,7,2022-05-10,2022-12-12,13,39,0
48475,2023,Ward,12,2023-01-01,2023-12-24,7,58,0
48475,2024,Ward,9,2024-03-29,2024-10-30,8,45,0
48475,2025,Ward,6,2025-02-04,2025-12-28,6,26,0
48477,2015,Washington,3,2015-04-07,2015-12-27,5,11,0
48477,2016,Washington,4,2016-06-14,2016-12-28,6,18,0
48477,2017,Washington,3,2017-01-11,2017-11-06,6,14,0
48477,2018,Washington,2,2018-08-18,2018-10-08,5,8,0
48477,2019,Washington,5,2019-02-04,2019-10-01,4,18,0
48477,2020,Washington,7,2020-01-15,2020-09-03,8,31,0
48477,2021,Washington,2,2021-12-15,2021-12-31,8,12,0
48477,2022,Washington,7,2022-05-02,2022-12-13,9,39,0
48477,2023,Washington,9,2023-02-21,2023-10-28,16,75,0
48477,2024,Washington,9,2024-03-04,2024-12-17,8,38,0
48477,2025,Washington,6,2025-02-04,2025-12-27,6,25,0
48479,2016,Webb,5,2016-02-19,2016-12-28,6,23,0
48479,2017,Webb,5,2017-01-11,2017-11-18,6,19,0
48479,2018,Webb,1,2018-02-17,2018-02-20,4,4,0
48479,2019,Webb,5,2019-02-04,2019-10-01,8,21,0
48479,2020,Webb,4,2020-01-14,2020-09-04,5,15,0
48479,2021,Webb,6,2021-04-13,2021-12-17,5,23,0
48479,2022,Webb,9,2022-04-22,2022-12-13,7,40,0
48479,2023,Webb,17,2023-01-06,2023-12-23,16,87,0
48479,2024,Webb,7,2024-05-01,2024-12-17,7,32,0
48479,2025,Webb,6,2025-02-04,2025-12-28,8,32,0
48481,2015,Wharton,2,2015-10-22,2015-12-27,3,6,0
48481,2016,Wharton,3,2016-07-04,2016-12-28,5,15,0
48481,2017,Wharton,5,2017-01-11,2017-08-17,7,20,0
48481,2018,Wharton,2,2018-08-20,2018-10-09,4,8,0
48481,2019,Wharton,7,2019-02-04,2019-10-01,5,24,0
48481,2020,Wharton,6,2020-01-14,2020-09-04,8,28,0
48481,2021,Wharton,2,2021-12-15,2022-01-01,5,7,0
48481,2022,Wharton,4,2022-05-03,2022-12-13,8,18,0
48481,2023,Wharton,8,2023-02-27,2023-10-29,9,44,0
48481,2024,Wharton,4,2024-04-27,2024-11-04,7,19,0
48481,2025,Wharton,4,2025-02-04,2025-12-28,6,19,0
48483,2015,Wheeler,1,2015-01-27,2015-01-29,3,3,0
48483,2016,Wheeler,1,2016-11-06,2016-11-08,3,3,0
48483,2017,Wheeler,3,2017-03-19,2017-10-06,3,9,0
48483,2018,Wheeler,3,2018-05-01,2018-08-28,4,11,0
48483,2019,Wheeler,5,2019-02-03,2019-12-28,8,23,23
48483,2020,Wheeler,2,2020-05-02,2020-11-22,4,7,7
48483,2021,Wheeler,3,2021-06-10,2021-12-29,6,13,13
48483,2022,Wheeler,5,2022-04-21,2022-12-10,6,21,21
48483,2023,Wheeler,5,2023-01-15,2023-12-24,5,18,18
48483,2024,Wheeler,7,2024-01-23,2024-12-26,6,26,26
48483,2025,Wheeler,5,2025-03-27,2025-12-28,6,20,20
48485,2016,Wichita,2,2016-02-19,2016-11-07,3,6,0
48485,2018,Wichita,1,2018-07-19,2018-07-21,3,3,0
48485,2019,Wichita,2,2019-02-01,2019-10-02,6,10,0
48485,2021,Wichita,1,2021-03-10,2021-03-13,4,4,0
48485,2022,Wichita,5,2022-04-21,2022-12-10,3,15,0
48485,2024,Wichita,2,2024-02-02,2024-12-25,3,6,0
48485,2025,Wichita,1,2025-12-23,2025-12-27,5,5,0
48487,2015,Wilbarger,1,2015-12-10,2015-12-12,3,3,3
48487,2016,Wilbarger,3,2016-02-19,2016-11-08,4,10,10
48487,2017,Wilbarger,4,2017-01-10,2017-02-13,4,13,13
48487,2018,Wilbarger,1,2018-05-31,2018-06-02,3,3,3
48487,2019,Wilbarger,3,2019-02-02,2019-12-28,6,14,14
48487,2020,Wilbarger,1,2020-03-11,2020-03-13,3,3,3
48487,2021,Wilbarger,3,2021-03-10,2021-12-29,6,14,14
48487,2022,Wilbarger,7,2022-04-21,2022-12-13,8,28,28
48487,2023,Wilbarger,3,2023-01-16,2023-12-24,5,12,12
48487,2024,Wilbarger,4,2024-02-01,2024-12-25,4,13,13
48487,2025,Wilbarger,2,2025-11-18,2025-12-28,6,9,9
48489,2015,Willacy,3,2015-07-24,2015-11-07,4,10,0
48489,2016,Willacy,4,2016-04-30,2016-08-14,13,26,0
48489,2017,Willacy,7,2017-01-13,2017-09-28,6,29,0
48489,2019,Willacy,1,2019-06-21,2019-06-23,3,3,3
48489,2020,Willacy,1,2020-08-30,2020-09-02,4,4,4
48489,2021,Willacy,5,2021-04-14,2022-01-01,8,21,0
48489,2022,Willacy,3,2022-04-22,2022-12-10,4,12,0
48489,2023,Willacy,7,2023-02-21,2023-10-28,14,40,0
48489,2024,Willacy,6,2024-04-16,2024-06-30,8,36,0
48489,2025,Willacy,4,2025-05-17,2025-12-28,6,18,0
48491,2015,Williamson,1,2015-09-06,2015-09-09,4,4,0
48491,2016,Williamson,6,2016-07-13,2016-12-28,6,25,0
48491,2017,Williamson,3,2017-01-11,2017-11-06,4,10,0
48491,2018,Williamson,5,2018-03-25,2018-10-07,4,16,0
48491,2019,Williamson,7,2019-02-03,2019-10-02,6,33,0
48491,2020,Williamson,5,2020-01-14,2020-09-01,9,25,0
48491,2021,Williamson,2,2021-12-15,2021-12-28,5,8,0
48491,2022,Williamson,7,2022-05-08,2022-12-13,9,38,0
48491,2023,Williamson,11,2023-06-13,2023-12-24,14,66,0
48491,2024,Williamson,8,2024-04-15,2024-12-17,6,30,0
48491,2025,Williamson,5,2025-02-04,2025-12-27,5,22,0
48493,2015,Wilson,1,2015-12-23,2015-12-26,4,4,0
48493,2016,Wilson,2,2016-11-02,2016-12-29,7,10,0
48493,2017,Wilson,3,2017-01-11,2017-11-05,6,12,0
48493,2019,Wilson,3,2019-02-04,2019-10-01,4,11,4
48493,2020,Wilson,3,2020-06-28,2020-09-02,6,15,15
48493,2021,Wilson,1,2021-12-15,2021-12-17,3,3,3
48493,2022,Wilson,1,2022-12-07,2022-12-13,7,7,7
48493,2023,Wilson,5,2023-06-15,2023-10-28,8,28,28
48493,2024,Wilson,4,2024-04-16,2024-12-17,6,15,15
48493,2025,Wilson,4,2025-02-04,2025-12-27,5,17,17
48495,2015,Winkler,1,2015-08-08,2015-08-10,3,3,0
48495,2016,Winkler,1,2016-11-03,2016-11-07,5,5,0
48495,2019,Winkler,2,2019-02-02,2019-10-02,3,6,0
48495,2020,Winkler,1,2020-03-12,2020-03-14,3,3,0
48495,2021,Winkler,1,2021-12-24,2021-12-29,6,6,0
48495,2022,Winkler,4,2022-06-12,2022-12-12,8,27,0
48495,2023,Winkler,9,2023-01-15,2023-12-24,11,48,6
48495,2024,Winkler,8,2024-06-06,2024-10-30,10,45,0
48495,2025,Winkler,2,2025-04-24,2025-12-28,6,11,6
48497,2015,Wise,2,2015-09-06,2015-09-19,3,6,0
48497,2016,Wise,4,2016-02-19,2016-10-19,4,13,0
48497,2017,Wise,1,2017-09-20,2017-09-22,3,3,0
48497,2018,Wise,5,2018-05-30,2018-10-06,6,23,0
48497,2019,Wise,3,2019-02-02,2019-10-02,12,20,0
48497,2020,Wise,3,2020-06-29,2020-08-14,5,12,0
48497,2021,Wise,4,2021-03-10,2021-12-29,7,19,0
48497,2022,Wise,10,2022-04-20,2022-12-08,13,49,0
48497,2023,Wise,11,2023-01-16,2023-12-23,6,41,0
48497,2024,Wise,7,2024-02-08,2024-11-04,7,28,0
48497,2025,Wise,2,2025-11-18,2025-12-27,5,8,0
48499,2015,Wood,1,2015-12-25,2015-12-27,3,3,0
48499,2016,Wood,3,2016-10-17,2016-12-28,4,10,0
48499,2017,Wood,3,2017-01-11,2017-11-18,4,10,0
48499,2018,Wood,7,2018-05-02,2018-10-09,5,26,0
48499,2019,Wood,2,2019-02-04,2019-09-24,6,10,0
48499,2020,Wood,2,2020-03-02,2020-07-01,4,7,0
48499,2021,Wood,3,2021-03-11,2021-12-29,6,13,0
48499,2022,Wood,2,2022-06-13,2022-08-04,11,15,0
48499,2023,Wood,9,2023-02-21,2023-11-09,7,33,0
48499,2024,Wood,5,2024-01-24,2024-12-18,5,17,0
48499,2025,Wood,3,2025-06-20,2025-12-28,8,17,0
48501,2016,Yoakum,5,2016-02-19,2016-11-07,4,19,0
48501,2017,Yoakum,3,2017-01-10,2017-10-06,4,12,0
48501,2018,Yoakum,5,2018-03-24,2018-10-08,4,18,0
48501,2019,Yoakum,5,2019-08-08,2019-12-28,7,24,0
48501,2020,Yoakum,4,2020-03-12,2020-11-24,7,19,0
48501,2021,Yoakum,3,2021-01-22,2021-12-29,6,14,0
48501,2022,Yoakum,5,2022-06-11,2022-12-10,10,30,0
48501,2023,Yoakum,12,2023-07-12,2023-12-24,8,48,0
48501,2024,Yoakum,8,2024-06-07,2024-12-30,9,43,0
48501,2025,Yoakum,9,2025-03-27,2025-12-28,6,34,0
48503,2015,Young,1,2015-09-06,2015-09-08,3,3,0
48503,2016,Young,6,2016-02-18,2016-12-26,8,25,0
48503,2017,Young,5,2017-01-10,2017-09-21,5,17,0
48503,2018,Young,3,2018-05-31,2018-10-05,4,10,0
48503,2019,Young,4,2019-02-01,2019-10-02,8,20,0
48503,2020,Young,3,2020-07-14,2020-11-21,4,10,0
48503,2021,Young,3,2021-03-11,2021-12-27,4,11,3
48503,2022,Young,9,2022-04-20,2022-12-10,12,47,0
48503,2023,Young,7,2023-01-15,2023-12-23,4,25,0
48503,2024,Young,11,2024-02-07,2024-10-30,6,40,0
48503,2025,Young,2,2025-01-28,2025-12-26,4,7,0
48505,2015,Zapata,1,2015-09-06,2015-09-08,3,3,0
48505,2016,Zapata,2,2016-07-08,2016-12-29,5,8,1
48505,2017,Zapata,1,2017-01-11,2017-01-17,7,7,0
48505,2021,Zapata,1,2021-12-15,2021-12-17,3,3,3
48505,2023,Zapata,3,2023-07-12,2023-10-27,3,9,9
48505,2025,Zapata,2,2025-02-06,2025-12-27,5,8,8
48507,2016,Zavala,1,2016-12-25,2016-12-27,3,3,3
48507,2021,Zavala,1,2021-12-15,2021-12-17,3,3,3
48507,2022,Zavala,1,2022-12-10,2022-12-13,4,4,4
48507,2025,Zavala,2,2025-02-05,2025-12-27,5,9,9
