county_fips,year,county_name,heatwave_events_started,first_event_start_date,last_event_end_date,longest_event_duration_days,heatwave_days,heatwave_days_imputed
48001,2015,Anderson,11,2015-01-27,2015-12-27,8,46,0
48001,2016,Anderson,13,2016-01-29,2016-12-28,10,47,0
48001,2017,Anderson,19,2017-01-02,2017-12-05,6,54,0
48001,2018,Anderson,11,2018-02-19,2018-10-07,14,57,0
48001,2019,Anderson,8,2019-01-07,2019-11-06,7,27,0
48001,2020,Anderson,8,2020-01-05,2020-12-10,5,24,0
48001,2021,Anderson,12,2021-02-23,2022-01-01,9,40,0
48001,2022,Anderson,17,2022-02-21,2022-12-10,20,102,0
48001,2023,Anderson,22,2023-01-01,2023-12-09,18,97,0
48001,2024,Anderson,13,2024-01-29,2024-12-17,7,48,0
48001,2025,Anderson,15,2025-02-02,2025-12-28,18,71,0
48003,2015,Andrews,12,2015-01-28,2015-12-12,6,42,2
48003,2016,Andrews,11,2016-01-30,2016-12-18,5,33,0
48003,2017,Andrews,17,2017-01-10,2017-12-05,8,55,0
48003,2018,Andrews,11,2018-01-09,2018-10-05,9,39,0
48003,2019,Andrews,12,2019-01-16,2019-12-15,8,36,3
48003,2020,Andrews,21,2020-01-13,2020-12-10,8,65,0
48003,2021,Andrews,14,2021-03-12,2021-12-27,6,39,0
48003,2022,Andrews,15,2022-01-13,2023-01-02,9,50,3
48003,2023,Andrews,14,2023-01-09,2023-12-08,13,69,0
48003,2024,Andrews,16,2024-02-20,2024-12-30,5,39,9
48003,2025,Andrews,18,2025-02-02,2025-12-27,6,54,1
48005,2015,Angelina,12,2015-01-27,2015-12-27,7,46,0
48005,2016,Angelina,16,2016-01-29,2016-12-28,6,57,0
48005,2017,Angelina,18,2017-01-02,2017-12-22,7,57,0
48005,2018,Angelina,15,2018-02-14,2018-11-07,10,71,0
48005,2019,Angelina,5,2019-02-04,2019-10-06,6,20,0
48005,2020,Angelina,13,2020-01-05,2020-12-10,6,40,0
48005,2021,Angelina,15,2021-02-23,2022-01-01,10,54,0
48005,2022,Angelina,26,2022-01-13,2022-12-29,15,114,0
48005,2023,Angelina,18,2023-01-01,2023-11-09,42,104,0
48005,2024,Angelina,17,2024-01-30,2024-12-28,5,51,0
48005,2025,Angelina,18,2025-02-02,2025-12-28,9,75,0
48007,2015,Aransas,13,2015-01-27,2015-12-27,5,42,0
48007,2016,Aransas,21,2016-01-20,2016-12-28,9,82,0
48007,2017,Aransas,30,2017-01-01,2017-12-20,16,126,0
48007,2018,Aransas,11,2018-02-17,2018-12-02,8,37,1
48007,2019,Aransas,19,2019-01-06,2019-12-16,11,67,0
48007,2020,Aransas,23,2020-01-09,2020-12-11,12,108,0
48007,2021,Aransas,17,2021-01-24,2022-01-01,7,48,0
48007,2022,Aransas,28,2022-01-05,2022-12-13,20,119,0
48007,2023,Aransas,18,2023-01-01,2023-12-09,44,168,0
48007,2024,Aransas,22,2024-02-21,2024-12-30,22,139,0
48007,2025,Aransas,26,2025-01-04,2025-12-28,14,138,0
48009,2015,Archer,9,2015-01-18,2015-12-23,5,29,29
48009,2016,Archer,8,2016-01-29,2016-11-17,5,25,9
48009,2017,Archer,9,2017-01-11,2017-12-04,7,29,6
48009,2018,Archer,8,2018-01-20,2018-07-23,9,32,32
48009,2019,Archer,5,2019-01-06,2019-12-25,3,11,11
48009,2020,Archer,8,2020-01-09,2020-12-11,4,21,21
48009,2021,Archer,7,2021-02-23,2021-12-31,9,27,27
48009,2022,Archer,13,2022-01-13,2022-12-06,13,65,65
48009,2023,Archer,20,2023-01-01,2023-12-08,15,83,83
48009,2024,Archer,12,2024-01-30,2024-12-17,13,49,49
48009,2025,Archer,12,2025-02-02,2025-12-28,7,44,44
48011,2015,Armstrong,15,2015-01-17,2015-12-12,6,53,53
48011,2016,Armstrong,18,2016-01-24,2016-12-25,7,55,55
48011,2017,Armstrong,19,2017-01-10,2017-12-12,8,58,58
48011,2018,Armstrong,16,2018-01-09,2018-10-04,9,56,56
48011,2019,Armstrong,14,2019-01-05,2019-12-26,8,51,51
48011,2020,Armstrong,17,2020-01-14,2020-12-11,11,72,72
48011,2021,Armstrong,16,2021-02-03,2021-12-27,6,49,49
48011,2022,Armstrong,20,2022-01-13,2022-12-29,14,86,86
48011,2023,Armstrong,25,2023-01-01,2023-12-08,15,97,97
48011,2024,Armstrong,19,2024-01-29,2024-12-31,15,81,81
48011,2025,Armstrong,19,2025-02-02,2025-12-28,8,66,66
48013,2015,Atascosa,10,2015-01-27,2015-12-23,10,35,0
48013,2016,Atascosa,13,2016-01-30,2016-12-28,4,38,0
48013,2017,Atascosa,21,2017-01-02,2017-12-04,6,74,0
48013,2018,Atascosa,10,2018-03-17,2018-12-02,9,38,0
48013,2019,Atascosa,11,2019-01-07,2019-12-16,15,50,0
48013,2020,Atascosa,16,2020-01-10,2020-12-29,7,55,0
48013,2021,Atascosa,13,2021-01-30,2022-01-01,8,40,0
48013,2022,Atascosa,15,2022-03-25,2023-01-07,23,94,0
48013,2023,Atascosa,17,2023-01-11,2023-11-09,21,107,0
48013,2024,Atascosa,10,2024-02-21,2024-12-31,10,48,0
48013,2025,Atascosa,17,2025-02-03,2025-12-28,10,74,0
48015,2015,Austin,6,2015-01-28,2015-12-27,9,28,0
48015,2016,Austin,10,2016-01-30,2016-12-29,5,33,6
48015,2017,Austin,14,2017-01-03,2017-11-19,6,44,2
48015,2018,Austin,13,2018-02-19,2018-12-02,5,35,0
48015,2019,Austin,7,2019-03-25,2019-10-11,8,30,16
48015,2020,Austin,9,2020-01-10,2020-10-12,5,21,4
48015,2021,Austin,5,2021-09-01,2021-12-30,6,17,3
48015,2022,Austin,15,2022-01-01,2022-12-11,13,80,20
48015,2023,Austin,17,2023-01-01,2023-12-10,47,111,34
48015,2024,Austin,14,2024-02-22,2024-12-29,7,42,31
48015,2025,Austin,16,2025-02-02,2025-12-28,12,77,32
48017,2015,Bailey,10,2015-01-19,2015-12-12,5,32,0
48017,2016,Bailey,9,2016-01-29,2016-11-17,6,30,0
48017,2017,Bailey,10,2017-01-09,2017-12-04,8,44,0
48017,2018,Bailey,11,2018-01-09,2018-10-04,9,39,0
48017,2019,Bailey,12,2019-01-05,2019-12-24,6,34,0
48017,2020,Bailey,16,2020-03-26,2020-12-11,11,57,0
48017,2021,Bailey,9,2021-04-26,2021-12-27,6,32,0
48017,2022,Bailey,11,2022-01-13,2022-08-04,7,43,0
48017,2023,Bailey,16,2023-01-01,2023-12-08,10,61,0
48017,2024,Bailey,17,2024-01-30,2024-12-16,6,54,0
48017,2025,Bailey,15,2025-02-02,2025-12-28,9,57,0
48019,2015,Bandera,13,2015-01-20,2015-12-24,9,45,0
48019,2016,Bandera,15,2016-01-30,2016-12-29,7,49,0
48019,2017,Bandera,21,2017-01-01,2017-12-22,12,77,0
48019,2018,Bandera,14,2018-03-17,2018-12-02,7,53,0
48019,2019,Bandera,15,2019-03-10,2019-12-16,8,54,0
48019,2020,Bandera,16,2020-01-15,2020-12-11,6,51,0
48019,2021,Bandera,10,2021-03-27,2022-01-01,4,23,0
48019,2022,Bandera,20,2022-01-14,2022-12-09,12,87,0
48019,2023,Bandera,17,2023-01-01,2023-10-22,29,104,0
48019,2024,Bandera,12,2024-02-26,2024-12-30,15,57,52
48019,2025,Bandera,15,2025-02-02,2025-12-28,9,68,68
48021,2015,Bastrop,11,2015-01-27,2015-12-27,7,37,0
48021,2016,Bastrop,8,2016-01-30,2016-12-29,5,27,0
48021,2017,Bastrop,19,2017-01-10,2017-12-22,12,68,0
48021,2018,Bastrop,8,2018-02-19,2018-08-24,7,30,0
48021,2019,Bastrop,10,2019-01-07,2019-12-16,8,36,0
48021,2020,Bastrop,13,2020-01-15,2020-12-28,6,40,0
48021,2021,Bastrop,13,2021-01-04,2022-01-01,4,34,0
48021,2022,Bastrop,19,2022-01-13,2023-01-03,22,92,1
48021,2023,Bastrop,20,2023-01-06,2023-12-09,25,107,0
48021,2024,Bastrop,20,2024-01-30,2024-12-28,15,75,0
48021,2025,Bastrop,19,2025-02-02,2025-12-28,15,91,0
48023,2015,Baylor,12,2015-01-18,2015-12-23,5,43,0
48023,2016,Baylor,9,2016-01-29,2016-12-26,5,25,0
48023,2017,Baylor,16,2017-01-10,2017-12-11,8,44,0
48023,2018,Baylor,12,2018-01-20,2018-10-05,9,38,0
48023,2019,Baylor,6,2019-02-04,2019-12-26,3,15,0
48023,2020,Baylor,10,2020-01-09,2020-12-10,5,28,0
48023,2021,Baylor,8,2021-09-01,2021-12-31,9,34,0
48023,2022,Baylor,18,2022-01-13,2022-12-29,13,80,0
48023,2023,Baylor,20,2023-01-01,2023-12-08,21,84,0
48023,2024,Baylor,17,2024-01-30,2024-12-16,14,71,0
48023,2025,Baylor,13,2025-02-02,2025-12-28,8,49,0
48025,2015,Bee,5,2015-01-28,2015-12-29,3,12,1
48025,2016,Bee,11,2016-01-31,2016-12-29,6,34,1
48025,2017,Bee,18,2017-01-02,2017-12-05,7,58,0
48025,2018,Bee,9,2018-02-16,2018-11-08,7,33,0
48025,2019,Bee,13,2019-04-10,2019-12-16,11,43,0
48025,2020,Bee,19,2020-01-15,2020-12-30,6,65,0
48025,2021,Bee,12,2021-01-26,2021-12-30,6,33,0
48025,2022,Bee,16,2022-01-01,2022-12-14,9,59,0
48025,2023,Bee,22,2023-01-01,2023-12-10,43,137,7
48025,2024,Bee,17,2024-02-21,2024-12-31,11,61,10
48025,2025,Bee,22,2025-02-03,2025-12-29,8,81,2
48027,2015,Bell,11,2015-01-19,2015-12-24,6,38,0
48027,2016,Bell,11,2016-01-29,2017-01-02,5,32,0
48027,2017,Bell,15,2017-01-10,2017-12-04,7,53,0
48027,2018,Bell,9,2018-03-16,2018-10-15,14,52,1
48027,2019,Bell,9,2019-02-04,2019-11-06,9,33,0
48027,2020,Bell,16,2020-01-09,2020-12-10,6,46,0
48027,2021,Bell,9,2021-02-23,2022-01-01,9,29,0
48027,2022,Bell,19,2022-01-13,2023-01-02,22,100,0
48027,2023,Bell,19,2023-01-10,2023-11-08,38,111,0
48027,2024,Bell,20,2024-01-29,2024-12-30,8,76,0
48027,2025,Bell,22,2025-02-01,2025-12-28,8,74,0
48029,2015,Bexar,14,2015-01-19,2015-12-27,9,51,0
48029,2016,Bexar,14,2016-01-29,2016-12-28,6,50,0
48029,2017,Bexar,22,2017-01-01,2017-12-22,12,79,0
48029,2018,Bexar,11,2018-02-27,2018-09-02,10,44,0
48029,2019,Bexar,10,2019-04-09,2019-12-15,7,36,0
48029,2020,Bexar,16,2020-01-09,2020-12-10,6,47,0
48029,2021,Bexar,10,2021-01-25,2022-01-01,4,27,0
48029,2022,Bexar,19,2022-01-13,2023-01-06,10,94,0
48029,2023,Bexar,18,2023-01-10,2023-11-08,23,109,0
48029,2024,Bexar,16,2024-02-25,2024-12-30,15,70,0
48029,2025,Bexar,24,2025-02-02,2025-12-28,12,95,0
48031,2015,Blanco,13,2015-01-20,2015-12-28,6,40,0
48031,2016,Blanco,7,2016-01-30,2016-11-17,3,17,0
48031,2017,Blanco,13,2017-01-11,2017-12-05,6,39,0
48031,2018,Blanco,9,2018-03-17,2018-07-30,7,34,0
48031,2019,Blanco,7,2019-01-07,2019-12-16,8,31,0
48031,2020,Blanco,7,2020-01-09,2020-12-10,7,23,7
48031,2021,Blanco,10,2021-02-04,2022-01-02,6,29,10
48031,2022,Blanco,27,2022-01-14,2023-01-07,16,147,1
48031,2023,Blanco,18,2023-01-09,2023-11-08,45,133,0
48031,2024,Blanco,16,2024-01-29,2024-12-30,14,77,18
48031,2025,Blanco,15,2025-01-30,2025-12-28,13,77,62
48033,2015,Borden,10,2015-01-26,2015-12-11,6,29,7
48033,2016,Borden,11,2016-01-29,2016-12-17,4,27,11
48033,2017,Borden,14,2017-02-06,2017-12-04,4,34,9
48033,2018,Borden,9,2018-01-09,2018-10-05,8,31,7
48033,2019,Borden,11,2019-02-14,2019-10-10,8,31,1
48033,2020,Borden,14,2020-02-16,2020-12-10,9,50,4
48033,2021,Borden,9,2021-04-25,2021-12-27,5,29,1
48033,2022,Borden,18,2022-01-13,2023-01-02,9,62,8
48033,2023,Borden,16,2023-01-09,2023-12-08,10,70,17
48033,2024,Borden,15,2024-02-20,2024-10-24,10,48,26
48033,2025,Borden,15,2025-02-02,2025-12-28,7,51,16
48035,2015,Bosque,9,2015-01-28,2015-12-24,6,25,7
48035,2016,Bosque,8,2016-01-29,2016-12-27,4,21,8
48035,2017,Bosque,11,2017-01-11,2017-12-03,5,29,14
48035,2018,Bosque,9,2018-03-17,2018-10-11,8,35,20
48035,2019,Bosque,6,2019-01-06,2019-12-10,7,20,8
48035,2020,Bosque,6,2020-01-15,2020-12-10,3,13,6
48035,2021,Bosque,6,2021-09-20,2022-01-01,9,25,20
48035,2022,Bosque,16,2022-01-18,2022-12-09,18,83,42
48035,2023,Bosque,17,2023-01-01,2023-11-08,17,93,46
48035,2024,Bosque,9,2024-01-30,2024-12-17,8,42,42
48035,2025,Bosque,14,2025-02-02,2025-12-28,7,51,51
48037,2015,Bowie,11,2015-01-18,2015-12-27,7,46,0
48037,2016,Bowie,13,2016-01-29,2016-12-28,7,55,0
48037,2017,Bowie,15,2017-01-10,2017-12-22,7,44,0
48037,2018,Bowie,9,2018-02-19,2018-10-08,22,53,0
48037,2019,Bowie,8,2019-01-06,2019-12-26,17,40,0
48037,2020,Bowie,4,2020-03-11,2020-12-23,4,11,0
48037,2021,Bowie,10,2021-02-23,2022-01-02,10,35,0
48037,2022,Bowie,18,2022-01-13,2022-12-30,7,66,0
48037,2023,Bowie,18,2023-01-01,2023-12-09,10,60,0
48037,2024,Bowie,14,2024-01-30,2024-12-18,8,44,0
48037,2025,Bowie,16,2025-02-02,2025-12-28,9,61,0
48039,2015,Brazoria,11,2015-01-27,2015-12-27,12,55,0
48039,2016,Brazoria,22,2016-01-30,2016-12-28,8,91,0
48039,2017,Brazoria,24,2017-01-01,2017-12-22,12,90,0
48039,2018,Brazoria,16,2018-02-15,2018-12-02,11,68,0
48039,2019,Brazoria,13,2019-01-07,2019-12-16,10,45,0
48039,2020,Brazoria,19,2020-01-09,2020-12-11,9,64,0
48039,2021,Brazoria,13,2021-01-24,2022-01-01,9,45,0
48039,2022,Brazoria,19,2022-01-05,2022-12-29,12,61,0
48039,2023,Brazoria,22,2023-01-01,2023-12-09,23,135,0
48039,2024,Brazoria,16,2024-02-23,2024-12-28,6,58,0
48039,2025,Brazoria,18,2025-01-04,2025-12-28,10,64,0
48041,2015,Brazos,6,2015-01-27,2015-12-26,6,20,0
48041,2016,Brazos,10,2016-01-29,2016-12-28,5,28,0
48041,2017,Brazos,15,2017-01-02,2017-12-02,6,46,0
48041,2018,Brazos,11,2018-02-18,2018-11-07,6,27,0
48041,2019,Brazos,9,2019-03-09,2019-12-15,7,27,0
48041,2020,Brazos,13,2020-01-05,2020-12-28,5,35,0
48041,2021,Brazos,13,2021-01-25,2022-01-01,7,38,0
48041,2022,Brazos,22,2022-01-13,2023-01-02,25,118,1
48041,2023,Brazos,19,2023-01-06,2023-12-09,49,128,0
48041,2024,Brazos,18,2024-01-30,2024-12-28,15,59,0
48041,2025,Brazos,15,2025-02-02,2025-12-28,9,67,0
48043,2015,Brewster,10,2015-01-28,2015-12-26,11,38,0
48043,2016,Brewster,12,2016-01-30,2016-12-26,5,41,0
48043,2017,Brewster,14,2017-01-10,2017-12-04,9,53,0
48043,2018,Brewster,9,2018-02-15,2018-11-07,9,31,0
48043,2019,Brewster,11,2019-01-06,2019-12-16,13,38,0
48043,2020,Brewster,14,2020-01-14,2020-11-10,12,59,0
48043,2021,Brewster,13,2021-04-26,2022-01-01,10,48,0
48043,2022,Brewster,10,2022-03-27,2022-12-09,9,47,0
48043,2023,Brewster,14,2023-01-01,2023-11-08,17,81,0
48043,2024,Brewster,21,2024-02-20,2024-12-31,10,67,0
48043,2025,Brewster,15,2025-01-04,2025-12-28,11,54,0
48045,2015,Briscoe,12,2015-01-19,2015-12-13,6,41,0
48045,2016,Briscoe,9,2016-01-30,2016-11-17,5,26,0
48045,2017,Briscoe,13,2017-02-06,2017-12-05,5,34,0
48045,2018,Briscoe,16,2018-01-10,2018-09-02,9,51,0
48045,2019,Briscoe,15,2019-01-05,2019-12-25,8,47,0
48045,2020,Briscoe,15,2020-01-14,2020-12-11,11,52,0
48045,2021,Briscoe,14,2021-04-26,2021-12-27,5,46,0
48045,2022,Briscoe,20,2022-02-16,2022-12-07,7,74,0
48045,2023,Briscoe,22,2023-01-01,2023-12-09,14,82,0
48045,2024,Briscoe,18,2024-01-29,2024-10-29,15,85,0
48045,2025,Briscoe,19,2025-02-02,2025-12-28,6,62,0
48047,2015,Brooks,2,2015-10-13,2015-12-12,3,5,4
48047,2016,Brooks,8,2016-01-31,2016-11-30,4,24,5
48047,2017,Brooks,15,2017-01-03,2017-11-06,4,41,11
48047,2018,Brooks,6,2018-05-26,2018-11-07,3,15,1
48047,2019,Brooks,8,2019-06-07,2019-12-17,4,21,4
48047,2020,Brooks,8,2020-03-18,2020-12-31,4,21,5
48047,2021,Brooks,9,2021-04-09,2022-01-01,5,25,8
48047,2022,Brooks,9,2022-02-22,2022-10-17,5,25,7
48047,2023,Brooks,9,2023-01-01,2023-09-25,21,66,66
48047,2024,Brooks,7,2024-02-26,2024-12-31,4,19,19
48047,2025,Brooks,9,2025-02-06,2025-12-28,4,25,25
48049,2015,Brown,13,2015-01-28,2015-12-25,10,46,0
48049,2016,Brown,10,2016-01-30,2016-12-18,5,29,0
48049,2017,Brown,13,2017-01-11,2017-11-07,4,34,0
48049,2018,Brown,10,2018-01-21,2018-07-30,15,47,0
48049,2019,Brown,9,2019-02-05,2019-10-11,7,36,0
48049,2020,Brown,7,2020-03-25,2020-12-11,7,24,14
48049,2021,Brown,9,2021-02-04,2021-12-30,7,34,0
48049,2022,Brown,17,2022-01-14,2022-12-30,16,76,0
48049,2023,Brown,18,2023-01-01,2023-11-09,15,78,0
48049,2024,Brown,7,2024-02-21,2024-12-31,8,28,0
48049,2025,Brown,17,2025-01-05,2025-12-29,7,56,0
48051,2015,Burleson,10,2015-01-28,2015-12-28,11,41,1
48051,2016,Burleson,14,2016-01-30,2016-12-29,6,53,3
48051,2017,Burleson,19,2017-01-11,2017-12-22,6,66,21
48051,2018,Burleson,15,2018-02-19,2018-12-02,13,57,5
48051,2019,Burleson,15,2019-02-06,2019-12-16,21,66,1
48051,2020,Burleson,9,2020-01-15,2020-12-30,4,24,1
48051,2021,Burleson,5,2021-01-26,2022-01-01,10,20,7
48051,2022,Burleson,17,2022-02-21,2022-12-10,17,80,12
48051,2023,Burleson,23,2023-01-01,2023-12-09,13,85,28
48051,2024,Burleson,8,2024-02-24,2024-12-17,15,37,12
48051,2025,Burleson,12,2025-02-02,2025-12-28,9,52,17
48053,2015,Burnet,16,2015-01-19,2015-12-27,10,54,0
48053,2016,Burnet,12,2016-01-29,2016-12-28,6,36,0
48053,2017,Burnet,16,2017-01-10,2017-12-04,6,48,0
48053,2018,Burnet,8,2018-03-16,2018-11-07,15,46,0
48053,2019,Burnet,9,2019-01-07,2019-10-20,11,37,0
48053,2020,Burnet,14,2020-01-05,2020-12-10,8,43,0
48053,2021,Burnet,10,2021-02-23,2022-01-01,9,36,0
48053,2022,Burnet,20,2022-02-21,2022-12-10,15,101,0
48053,2023,Burnet,16,2023-01-01,2023-11-08,45,118,0
48053,2024,Burnet,14,2024-02-20,2024-12-30,15,70,0
48053,2025,Burnet,16,2025-02-02,2025-12-28,12,73,0
48055,2015,Caldwell,10,2015-01-27,2015-12-23,10,41,0
48055,2016,Caldwell,12,2016-01-29,2016-12-28,6,44,0
48055,2017,Caldwell,23,2017-01-02,2017-12-04,13,86,0
48055,2018,Caldwell,14,2018-02-18,2018-09-02,13,69,0
48055,2019,Caldwell,15,2019-01-07,2019-12-15,18,62,0
48055,2020,Caldwell,24,2020-01-05,2020-12-10,13,79,0
48055,2021,Caldwell,15,2021-01-25,2022-01-01,5,41,0
48055,2022,Caldwell,22,2022-01-13,2023-01-04,24,120,0
48055,2023,Caldwell,17,2023-01-10,2023-11-08,45,119,0
48055,2024,Caldwell,19,2024-02-20,2024-12-30,15,77,0
48055,2025,Caldwell,26,2025-02-02,2025-12-28,15,108,0
48057,2015,Calhoun,10,2015-01-27,2015-12-26,5,32,0
48057,2016,Calhoun,11,2016-02-15,2016-12-28,6,41,0
48057,2017,Calhoun,18,2017-01-02,2017-12-05,14,68,0
48057,2018,Calhoun,8,2018-02-17,2018-12-02,6,23,0
48057,2019,Calhoun,8,2019-04-09,2019-12-16,7,24,0
48057,2020,Calhoun,19,2020-01-15,2020-11-12,7,66,0
48057,2021,Calhoun,12,2021-01-18,2022-01-01,6,37,1
48057,2022,Calhoun,14,2022-01-05,2022-12-12,9,63,0
48057,2023,Calhoun,17,2023-01-01,2023-11-09,37,131,0
48057,2024,Calhoun,22,2024-02-21,2024-12-30,12,101,0
48057,2025,Calhoun,24,2025-01-04,2025-12-28,10,100,0
48059,2015,Callahan,10,2015-01-27,2015-12-23,6,35,0
48059,2016,Callahan,8,2016-01-29,2016-12-26,4,21,0
48059,2017,Callahan,12,2017-01-10,2017-12-04,7,37,0
48059,2018,Callahan,11,2018-02-15,2018-10-05,10,41,0
48059,2019,Callahan,5,2019-08-17,2019-12-25,6,16,0
48059,2020,Callahan,10,2020-01-14,2020-12-11,6,38,0
48059,2021,Callahan,8,2021-04-26,2021-12-30,8,30,0
48059,2022,Callahan,15,2022-03-26,2022-12-08,17,81,0
48059,2023,Callahan,21,2023-01-01,2023-12-08,15,83,0
48059,2024,Callahan,14,2024-01-30,2024-12-30,10,48,0
48059,2025,Callahan,17,2025-02-02,2025-12-29,8,58,0
48061,2015,Cameron,10,2015-01-27,2015-12-27,7,39,0
48061,2016,Cameron,21,2016-01-15,2016-12-28,10,93,0
48061,2017,Cameron,30,2017-01-01,2017-12-22,8,106,0
48061,2018,Cameron,21,2018-02-15,2018-11-08,14,94,0
48061,2019,Cameron,22,2019-01-06,2019-12-16,12,83,0
48061,2020,Cameron,22,2020-01-09,2020-12-30,10,82,0
48061,2021,Cameron,16,2021-01-04,2022-01-01,10,60,0
48061,2022,Cameron,20,2022-01-05,2022-12-13,10,77,0
48061,2023,Cameron,18,2023-01-01,2023-11-09,26,150,0
48061,2024,Cameron,16,2024-02-25,2024-12-30,21,77,0
48061,2025,Cameron,20,2025-01-04,2025-12-28,13,84,0
48063,2015,Camp,17,2015-01-17,2015-12-27,8,73,3
48063,2016,Camp,16,2016-01-29,2016-12-25,11,63,3
48063,2017,Camp,14,2017-01-09,2017-12-22,6,46,16
48063,2018,Camp,9,2018-05-17,2018-10-07,8,35,35
48063,2019,Camp,6,2019-01-06,2019-10-06,6,23,23
48063,2020,Camp,5,2020-01-15,2020-12-11,4,13,13
48063,2021,Camp,8,2021-04-12,2022-01-01,9,29,29
48063,2022,Camp,15,2022-03-26,2022-12-30,16,79,79
48063,2023,Camp,16,2023-01-01,2023-11-08,10,70,70
48063,2024,Camp,11,2024-01-30,2024-12-18,8,38,38
48063,2025,Camp,15,2025-02-03,2025-12-28,9,57,57
48065,2015,Carson,14,2015-01-18,2015-12-12,5,41,5
48065,2016,Carson,10,2016-01-29,2016-12-27,5,26,4
48065,2017,Carson,14,2017-01-30,2017-12-12,6,40,17
48065,2018,Carson,11,2018-01-09,2018-10-04,9,45,45
48065,2019,Carson,14,2019-01-05,2019-12-26,7,44,44
48065,2020,Carson,15,2020-01-14,2020-12-10,10,57,57
48065,2021,Carson,12,2021-02-03,2021-12-27,7,39,39
48065,2022,Carson,20,2022-01-13,2022-12-29,14,67,67
48065,2023,Carson,22,2023-01-01,2023-12-08,10,79,79
48065,2024,Carson,19,2024-01-29,2024-12-16,11,70,70
48065,2025,Carson,13,2025-02-02,2025-12-28,9,56,56
48067,2015,Cass,15,2015-01-19,2015-12-28,7,61,0
48067,2016,Cass,13,2016-01-30,2016-12-27,5,44,0
48067,2017,Cass,12,2017-01-11,2017-12-05,5,39,1
48067,2018,Cass,9,2018-02-20,2018-10-07,8,31,0
48067,2019,Cass,10,2019-01-07,2019-12-26,9,35,0
48067,2020,Cass,5,2020-03-11,2020-12-11,4,13,1
48067,2021,Cass,8,2021-02-24,2022-01-02,10,27,0
48067,2022,Cass,17,2022-02-11,2022-12-09,8,62,0
48067,2023,Cass,16,2023-01-01,2023-11-09,10,55,0
48067,2024,Cass,12,2024-01-30,2024-12-18,8,34,0
48067,2025,Cass,19,2025-02-03,2025-12-29,7,54,0
48069,2015,Castro,13,2015-01-19,2015-12-12,5,38,0
48069,2016,Castro,12,2016-01-24,2016-12-29,5,34,0
48069,2017,Castro,9,2017-02-09,2017-12-05,5,28,0
48069,2018,Castro,12,2018-01-10,2018-07-23,7,39,0
48069,2019,Castro,13,2019-01-06,2019-12-25,5,33,0
48069,2020,Castro,17,2020-01-14,2020-12-11,7,53,0
48069,2021,Castro,10,2021-04-26,2021-12-27,6,30,0
48069,2022,Castro,15,2022-01-14,2022-12-07,6,46,0
48069,2023,Castro,16,2023-01-01,2023-12-09,6,56,0
48069,2024,Castro,17,2024-01-30,2024-12-31,12,56,0
48069,2025,Castro,18,2025-02-03,2025-12-28,6,52,0
48071,2015,Chambers,10,2015-02-09,2015-12-27,6,35,0
48071,2016,Chambers,12,2016-01-29,2016-12-28,5,37,0
48071,2017,Chambers,16,2017-01-02,2017-12-22,6,52,0
48071,2018,Chambers,9,2018-02-14,2018-12-02,11,37,0
48071,2019,Chambers,7,2019-01-07,2019-10-07,7,20,0
48071,2020,Chambers,5,2020-01-14,2020-12-10,8,20,0
48071,2021,Chambers,8,2021-01-24,2022-01-01,5,25,0
48071,2022,Chambers,9,2022-02-21,2022-12-10,6,26,0
48071,2023,Chambers,20,2023-01-03,2023-12-09,11,84,0
48071,2024,Chambers,14,2024-02-23,2024-12-28,6,39,0
48071,2025,Chambers,11,2025-02-03,2025-12-28,7,40,1
48073,2015,Cherokee,8,2015-01-28,2015-12-28,5,27,0
48073,2016,Cherokee,14,2016-01-30,2016-12-29,6,46,0
48073,2017,Cherokee,12,2017-01-11,2017-12-04,6,36,0
48073,2018,Cherokee,13,2018-02-24,2018-12-02,6,37,0
48073,2019,Cherokee,7,2019-02-05,2019-12-17,7,24,0
48073,2020,Cherokee,9,2020-01-15,2020-12-11,6,25,0
48073,2021,Cherokee,10,2021-01-25,2022-01-02,10,34,0
48073,2022,Cherokee,20,2022-01-14,2022-12-11,12,67,0
48073,2023,Cherokee,18,2023-01-02,2023-11-09,18,71,0
48073,2024,Cherokee,7,2024-02-21,2025-01-01,8,27,0
48073,2025,Cherokee,14,2025-01-06,2025-12-29,6,42,0
48075,2015,Childress,11,2015-01-17,2015-12-12,8,46,0
48075,2016,Childress,11,2016-01-29,2016-11-17,4,28,0
48075,2017,Childress,17,2017-01-10,2017-12-04,5,45,0
48075,2018,Childress,13,2018-01-09,2018-10-05,8,49,0
48075,2019,Childress,11,2019-01-05,2019-12-25,6,35,0
48075,2020,Childress,16,2020-01-08,2020-12-10,7,56,0
48075,2021,Childress,13,2021-06-16,2021-12-27,6,44,0
48075,2022,Childress,18,2022-01-13,2022-12-29,14,74,0
48075,2023,Childress,23,2023-01-01,2023-12-08,14,80,0
48075,2024,Childress,16,2024-01-29,2024-10-30,14,74,0
48075,2025,Childress,11,2025-02-02,2025-12-28,9,48,0
48077,2015,Clay,9,2015-01-18,2015-12-24,6,31,31
48077,2016,Clay,9,2016-01-29,2016-12-26,4,24,24
48077,2017,Clay,13,2017-01-10,2017-12-04,8,40,40
48077,2018,Clay,11,2018-01-20,2018-10-05,9,39,39
48077,2019,Clay,4,2019-01-06,2019-12-25,6,13,13
48077,2020,Clay,11,2020-01-09,2020-12-11,4,28,28
48077,2021,Clay,7,2021-02-23,2021-12-31,9,30,30
48077,2022,Clay,14,2022-01-13,2022-12-06,16,73,73
48077,2023,Clay,21,2023-01-01,2023-12-08,10,83,83
48077,2024,Clay,13,2024-01-30,2024-12-17,13,53,53
48077,2025,Clay,15,2025-02-02,2025-12-28,7,54,54
48079,2015,Cochran,12,2015-01-19,2015-12-12,6,36,0
48079,2016,Cochran,9,2016-01-24,2016-11-18,12,34,0
48079,2017,Cochran,17,2017-01-10,2017-12-05,8,50,0
48079,2018,Cochran,14,2018-01-10,2018-07-23,8,42,0
48079,2019,Cochran,14,2019-01-05,2019-12-24,7,38,0
48079,2020,Cochran,23,2020-01-14,2020-12-11,11,71,0
48079,2021,Cochran,13,2021-02-03,2021-12-25,4,34,0
48079,2022,Cochran,15,2022-01-13,2022-12-07,12,57,0
48079,2023,Cochran,14,2023-01-01,2023-12-09,10,59,0
48079,2024,Cochran,18,2024-02-21,2024-12-31,11,59,0
48079,2025,Cochran,16,2025-02-03,2025-12-28,6,55,0
48081,2015,Coke,10,2015-01-19,2015-12-24,9,38,0
48081,2016,Coke,7,2016-01-29,2016-12-26,4,19,2
48081,2017,Coke,16,2017-01-01,2017-12-11,7,45,0
48081,2018,Coke,9,2018-01-09,2018-07-23,8,31,0
48081,2019,Coke,6,2019-02-04,2019-12-06,6,20,0
48081,2020,Coke,12,2020-03-11,2020-12-10,7,39,0
48081,2021,Coke,8,2021-04-25,2021-12-29,9,29,0
48081,2022,Coke,15,2022-01-13,2023-01-02,15,62,1
48081,2023,Coke,17,2023-01-09,2023-11-08,13,73,0
48081,2024,Coke,16,2024-02-20,2024-12-30,11,54,0
48081,2025,Coke,15,2025-02-02,2025-12-28,7,48,0
48083,2015,Coleman,12,2015-01-18,2015-12-26,6,47,0
48083,2016,Coleman,12,2016-01-29,2016-11-17,5,35,0
48083,2017,Coleman,23,2017-01-10,2017-12-22,6,61,0
48083,2018,Coleman,13,2018-01-20,2018-12-01,15,62,0
48083,2019,Coleman,11,2019-02-03,2019-12-24,14,43,0
48083,2020,Coleman,18,2020-01-09,2020-12-11,8,58,0
48083,2021,Coleman,9,2021-04-09,2022-01-01,10,37,0
48083,2022,Coleman,13,2022-01-18,2022-12-09,22,90,0
48083,2023,Coleman,23,2023-01-01,2023-12-09,15,101,0
48083,2024,Coleman,14,2024-02-20,2024-12-31,10,55,0
48083,2025,Coleman,19,2025-02-02,2025-12-29,10,63,0
48085,2015,Collin,12,2015-01-27,2015-12-26,6,37,0
48085,2016,Collin,9,2016-01-29,2016-12-28,4,21,0
48085,2017,Collin,12,2017-01-10,2017-12-04,4,32,0
48085,2018,Collin,9,2018-01-20,2018-10-05,7,33,0
48085,2019,Collin,5,2019-02-04,2019-10-06,6,18,0
48085,2020,Collin,13,2020-02-16,2020-12-22,4,32,0
48085,2021,Collin,9,2021-04-11,2022-01-01,10,32,0
48085,2022,Collin,19,2022-01-13,2023-01-02,10,76,0
48085,2023,Collin,18,2023-01-10,2023-11-08,10,79,0
48085,2024,Collin,22,2024-01-29,2024-12-17,7,73,0
48085,2025,Collin,18,2025-02-02,2025-12-28,7,56,0
48087,2015,Collingsworth,13,2015-01-16,2015-12-11,8,46,0
48087,2016,Collingsworth,11,2016-01-28,2016-12-17,5,31,1
48087,2017,Collingsworth,19,2017-01-09,2017-12-11,5,49,3
48087,2018,Collingsworth,11,2018-01-09,2018-07-23,6,33,16
48087,2019,Collingsworth,3,2019-01-06,2019-12-25,3,7,7
48087,2020,Collingsworth,10,2020-01-14,2020-12-11,6,29,29
48087,2021,Collingsworth,7,2021-10-08,2021-12-27,6,25,25
48087,2022,Collingsworth,11,2022-03-26,2022-08-05,4,32,32
48087,2023,Collingsworth,13,2023-01-01,2023-12-08,9,45,45
48087,2024,Collingsworth,11,2024-01-30,2024-10-13,10,38,38
48087,2025,Collingsworth,11,2025-02-02,2025-12-28,8,39,39
48089,2015,Colorado,7,2015-01-28,2015-12-26,5,20,0
48089,2016,Colorado,8,2016-01-31,2016-12-28,4,24,0
48089,2017,Colorado,13,2017-01-11,2017-11-18,6,42,0
48089,2018,Colorado,6,2018-03-17,2018-11-07,15,31,0
48089,2019,Colorado,3,2019-03-10,2019-12-10,6,10,0
48089,2020,Colorado,4,2020-01-15,2020-11-12,5,13,0
48089,2021,Colorado,6,2021-01-25,2022-01-02,9,21,0
48089,2022,Colorado,12,2022-01-19,2022-12-10,21,78,0
48089,2023,Colorado,14,2023-01-01,2023-11-08,24,103,0
48089,2024,Colorado,12,2024-02-23,2024-12-18,6,42,0
48089,2025,Colorado,13,2025-02-02,2025-12-28,13,63,0
48091,2015,Comal,8,2015-01-28,2015-12-28,6,30,1
48091,2016,Comal,12,2016-01-31,2016-12-27,4,30,1
48091,2017,Comal,20,2017-01-02,2017-12-03,12,76,0
48091,2018,Comal,13,2018-02-28,2018-12-02,11,62,0
48091,2019,Comal,14,2019-01-08,2019-12-16,8,42,0
48091,2020,Comal,17,2020-01-10,2020-12-10,6,52,9
48091,2021,Comal,10,2021-03-27,2022-01-01,3,22,1
48091,2022,Comal,16,2022-01-14,2022-12-11,9,74,5
48091,2023,Comal,15,2023-01-01,2023-10-22,23,90,0
48091,2024,Comal,11,2024-02-25,2024-12-30,16,49,13
48091,2025,Comal,16,2025-02-03,2025-12-28,7,63,12
48093,2015,Comanche,10,2015-01-19,2015-12-24,6,34,0
48093,2016,Comanche,10,2016-01-29,2016-12-26,4,24,0
48093,2017,Comanche,17,2017-01-01,2017-12-04,5,48,0
48093,2018,Comanche,11,2018-01-20,2018-07-29,14,52,0
48093,2019,Comanche,13,2019-02-04,2019-12-24,7,44,0
48093,2020,Comanche,12,2020-01-09,2020-12-10,8,42,3
48093,2021,Comanche,9,2021-04-08,2022-01-01,11,40,0
48093,2022,Comanche,23,2022-01-13,2023-01-02,27,134,9
48093,2023,Comanche,20,2023-01-09,2023-11-08,23,120,0
48093,2024,Comanche,19,2024-01-30,2024-12-30,15,94,1
48093,2025,Comanche,25,2025-02-01,2025-12-28,15,101,0
48095,2015,Concho,11,2015-01-20,2015-12-27,5,33,0
48095,2016,Concho,8,2016-01-30,2016-12-18,4,22,0
48095,2017,Concho,15,2017-01-01,2017-12-04,7,44,0
48095,2018,Concho,8,2018-03-24,2018-07-30,8,30,0
48095,2019,Concho,9,2019-02-05,2019-12-25,7,27,0
48095,2020,Concho,14,2020-02-17,2020-12-10,8,46,0
48095,2021,Concho,8,2021-04-09,2022-01-02,11,31,0
48095,2022,Concho,16,2022-01-14,2022-12-10,15,77,0
48095,2023,Concho,21,2023-01-01,2023-11-09,17,93,0
48095,2024,Concho,17,2024-02-20,2024-12-31,10,66,0
48095,2025,Concho,16,2025-02-03,2025-12-29,7,59,0
48097,2015,Cooke,10,2015-01-18,2015-12-26,5,31,0
48097,2016,Cooke,7,2016-01-29,2016-12-28,4,19,0
48097,2017,Cooke,10,2017-01-10,2017-12-04,5,27,0
48097,2018,Cooke,8,2018-03-24,2018-10-05,7,29,0
48097,2019,Cooke,4,2019-01-06,2019-10-06,6,13,0
48097,2020,Cooke,5,2020-02-02,2020-12-10,3,11,0
48097,2021,Cooke,7,2021-02-23,2021-12-30,8,28,0
48097,2022,Cooke,13,2022-01-13,2022-10-07,10,60,0
48097,2023,Cooke,19,2023-01-01,2023-12-09,11,78,0
48097,2024,Cooke,13,2024-01-30,2024-12-18,8,42,0
48097,2025,Cooke,14,2025-02-03,2025-12-29,7,48,5
48099,2015,Coryell,13,2015-01-19,2015-12-24,9,53,0
48099,2016,Coryell,16,2016-01-29,2016-12-26,4,40,0
48099,2017,Coryell,19,2017-01-10,2017-11-06,11,68,0
48099,2018,Coryell,9,2018-01-20,2018-11-06,15,52,0
48099,2019,Coryell,8,2019-02-14,2019-12-09,8,26,0
48099,2020,Coryell,19,2020-01-09,2020-12-10,6,53,0
48099,2021,Coryell,11,2021-02-23,2022-01-01,5,36,0
48099,2022,Coryell,17,2022-01-13,2023-01-02,19,98,1
48099,2023,Coryell,19,2023-01-10,2023-11-08,16,91,2
48099,2024,Coryell,17,2024-01-30,2024-12-30,13,66,0
48099,2025,Coryell,20,2025-02-02,2025-12-28,8,68,0
48101,2015,Cottle,14,2015-01-18,2015-12-12,8,53,0
48101,2016,Cottle,15,2016-01-29,2016-12-26,8,42,0
48101,2017,Cottle,16,2017-01-09,2017-12-21,5,44,0
48101,2018,Cottle,12,2018-01-09,2018-10-05,9,47,0
48101,2019,Cottle,11,2019-01-05,2019-12-25,7,35,0
48101,2020,Cottle,18,2020-01-13,2020-12-10,7,53,0
48101,2021,Cottle,10,2021-04-25,2021-12-26,5,30,0
48101,2022,Cottle,18,2022-01-13,2022-12-06,14,78,2
48101,2023,Cottle,23,2023-01-01,2023-12-08,15,83,0
48101,2024,Cottle,16,2024-01-29,2024-10-30,11,65,0
48101,2025,Cottle,11,2025-02-02,2025-12-28,9,49,0
48103,2015,Crane,9,2015-03-29,2015-12-12,15,33,0
48103,2016,Crane,14,2016-01-30,2016-12-18,5,42,0
48103,2017,Crane,18,2017-01-01,2017-12-05,6,54,0
48103,2018,Crane,13,2018-01-31,2018-12-01,9,44,0
48103,2019,Crane,15,2019-02-16,2019-12-16,8,46,0
48103,2020,Crane,18,2020-03-26,2020-11-19,11,59,0
48103,2021,Crane,10,2021-04-26,2021-12-28,6,35,0
48103,2022,Crane,13,2022-01-14,2022-08-06,6,44,0
48103,2023,Crane,18,2023-01-01,2023-12-10,15,105,0
48103,2024,Crane,27,2024-01-19,2025-01-01,8,88,0
48103,2025,Crane,19,2025-02-03,2025-12-30,11,81,0
48105,2015,Crockett,15,2015-01-28,2015-12-26,11,51,0
48105,2016,Crockett,14,2016-01-30,2016-12-28,11,49,0
48105,2017,Crockett,18,2017-01-01,2017-12-04,8,60,0
48105,2018,Crockett,11,2018-03-17,2018-12-02,8,39,0
48105,2019,Crockett,14,2019-02-15,2019-12-25,20,66,0
48105,2020,Crockett,15,2020-03-25,2020-12-10,8,55,0
48105,2021,Crockett,15,2021-02-03,2022-01-01,12,55,0
48105,2022,Crockett,19,2022-01-13,2023-01-02,8,68,0
48105,2023,Crockett,12,2023-01-09,2023-11-08,18,86,0
48105,2024,Crockett,17,2024-02-19,2024-12-30,15,76,0
48105,2025,Crockett,17,2025-01-02,2025-12-28,12,71,1
48107,2015,Crosby,13,2015-01-19,2015-12-13,5,42,0
48107,2016,Crosby,13,2016-01-29,2016-11-17,8,47,0
48107,2017,Crosby,21,2017-01-10,2017-12-22,6,59,0
48107,2018,Crosby,19,2018-01-10,2018-12-01,8,60,0
48107,2019,Crosby,16,2019-01-06,2019-12-25,7,52,0
48107,2020,Crosby,19,2020-01-14,2020-12-11,10,66,0
48107,2021,Crosby,11,2021-04-26,2021-12-25,5,29,0
48107,2022,Crosby,17,2022-01-14,2022-12-07,8,77,0
48107,2023,Crosby,24,2023-01-01,2023-12-09,10,81,0
48107,2024,Crosby,17,2024-02-21,2024-12-31,15,68,0
48107,2025,Crosby,17,2025-02-03,2025-12-28,8,53,0
48109,2015,Culberson,11,2015-01-19,2015-12-11,5,33,0
48109,2016,Culberson,10,2016-01-23,2016-12-16,4,30,0
48109,2017,Culberson,11,2017-01-09,2017-12-04,9,40,0
48109,2018,Culberson,10,2018-01-06,2018-10-07,8,35,0
48109,2019,Culberson,9,2019-02-27,2019-08-26,3,21,0
48109,2020,Culberson,13,2020-01-14,2020-11-20,7,49,0
48109,2021,Culberson,13,2021-06-09,2021-12-26,7,44,0
48109,2022,Culberson,13,2022-01-07,2022-12-03,4,33,0
48109,2023,Culberson,9,2023-06-20,2023-12-08,10,42,0
48109,2024,Culberson,9,2024-02-20,2024-12-30,4,24,0
48109,2025,Culberson,9,2025-01-02,2025-12-26,10,34,0
48111,2015,Dallam,13,2015-01-19,2015-12-12,8,45,5
48111,2016,Dallam,18,2016-01-24,2016-11-18,5,51,1
48111,2017,Dallam,20,2017-01-30,2017-12-12,6,65,13
48111,2018,Dallam,17,2018-01-10,2018-10-04,8,53,38
48111,2019,Dallam,17,2019-01-05,2019-12-25,8,55,51
48111,2020,Dallam,18,2020-03-25,2020-12-27,10,73,57
48111,2021,Dallam,16,2021-02-03,2021-12-27,7,53,34
48111,2022,Dallam,22,2022-01-13,2022-12-07,14,81,80
48111,2023,Dallam,22,2023-01-01,2023-12-08,14,86,86
48111,2024,Dallam,20,2024-01-29,2024-12-30,12,81,81
48111,2025,Dallam,15,2025-02-02,2025-12-28,9,64,64
48113,2015,Dallas,12,2015-01-17,2015-12-26,6,44,0
48113,2016,Dallas,14,2016-01-29,2016-12-28,5,36,0
48113,2017,Dallas,16,2017-01-10,2017-12-11,7,43,0
48113,2018,Dallas,11,2018-01-20,2018-10-05,9,46,0
48113,2019,Dallas,8,2019-02-04,2019-12-25,6,24,0
48113,2020,Dallas,10,2020-01-14,2020-12-23,4,26,0
48113,2021,Dallas,11,2021-02-23,2022-01-01,10,38,0
48113,2022,Dallas,15,2022-01-13,2023-01-02,11,71,0
48113,2023,Dallas,17,2023-01-10,2023-11-08,11,81,0
48113,2024,Dallas,16,2024-01-29,2024-12-17,7,53,0
48113,2025,Dallas,19,2025-02-02,2025-12-28,7,63,0
48115,2015,Dawson,12,2015-01-27,2015-12-12,4,29,0
48115,2016,Dawson,9,2016-01-30,2016-12-18,4,27,0
48115,2017,Dawson,17,2017-01-12,2017-12-05,5,46,0
48115,2018,Dawson,16,2018-01-10,2018-10-05,8,50,5
48115,2019,Dawson,13,2019-01-06,2019-12-15,7,37,29
48115,2020,Dawson,14,2020-01-14,2020-12-11,10,52,50
48115,2021,Dawson,12,2021-02-03,2021-12-27,6,36,36
48115,2022,Dawson,15,2022-01-13,2022-12-07,8,58,58
48115,2023,Dawson,17,2023-01-01,2023-12-08,14,75,75
48115,2024,Dawson,15,2024-01-30,2024-12-16,14,55,55
48115,2025,Dawson,15,2025-02-02,2025-12-28,9,56,56
48117,2015,Deaf Smith,16,2015-01-19,2015-12-12,5,42,0
48117,2016,Deaf Smith,17,2016-01-24,2016-12-29,5,45,1
48117,2017,Deaf Smith,10,2017-01-31,2017-11-18,8,45,8
48117,2018,Deaf Smith,14,2018-01-10,2018-10-04,9,50,0
48117,2019,Deaf Smith,15,2019-01-06,2019-12-24,8,47,0
48117,2020,Deaf Smith,18,2020-01-14,2020-12-10,11,65,2
48117,2021,Deaf Smith,16,2021-04-06,2021-12-27,6,45,27
48117,2022,Deaf Smith,22,2022-01-13,2022-12-08,9,76,13
48117,2023,Deaf Smith,19,2023-01-01,2023-12-09,10,72,15
48117,2024,Deaf Smith,20,2024-01-29,2024-12-31,11,63,1
48117,2025,Deaf Smith,14,2025-02-03,2025-12-28,7,46,7
48119,2015,Delta,13,2015-01-18,2015-12-27,7,51,51
48119,2016,Delta,13,2016-01-29,2016-12-29,10,51,51
48119,2017,Delta,14,2017-01-10,2017-12-22,7,42,42
48119,2018,Delta,12,2018-01-21,2018-10-07,12,54,54
48119,2019,Delta,9,2019-01-06,2019-12-26,7,32,32
48119,2020,Delta,9,2020-01-15,2020-12-23,4,22,22
48119,2021,Delta,9,2021-02-23,2022-01-01,9,33,33
48119,2022,Delta,16,2022-02-21,2022-12-10,17,90,90
48119,2023,Delta,18,2023-01-01,2023-12-09,10,76,76
48119,2024,Delta,15,2024-01-30,2024-12-18,8,56,56
48119,2025,Delta,18,2025-02-02,2025-12-28,9,67,67
48121,2015,Denton,11,2015-01-18,2015-12-26,6,41,0
48121,2016,Denton,13,2016-01-29,2016-12-26,4,31,0
48121,2017,Denton,18,2017-01-01,2017-12-04,8,48,0
48121,2018,Denton,10,2018-01-20,2018-10-06,8,41,0
48121,2019,Denton,7,2019-01-06,2019-12-25,6,20,0
48121,2020,Denton,13,2020-01-09,2020-12-22,5,33,0
48121,2021,Denton,7,2021-09-01,2021-12-30,8,31,0
48121,2022,Denton,17,2022-01-13,2022-12-06,17,90,0
48121,2023,Denton,19,2023-01-01,2023-11-08,21,91,0
48121,2024,Denton,18,2024-01-29,2024-12-17,8,64,0
48121,2025,Denton,17,2025-02-02,2025-12-28,7,60,0
48123,2015,DeWitt,9,2015-01-28,2015-12-27,10,41,0
48123,2016,DeWitt,13,2016-01-30,2016-12-29,12,59,0
48123,2017,DeWitt,24,2017-01-11,2017-12-23,6,76,0
48123,2018,DeWitt,14,2018-02-16,2018-11-08,16,75,0
48123,2019,DeWitt,11,2019-04-10,2019-12-16,14,50,0
48123,2020,DeWitt,21,2020-01-06,2020-12-11,17,81,0
48123,2021,DeWitt,11,2021-01-26,2021-12-30,7,37,0
48123,2022,DeWitt,22,2022-01-01,2022-12-11,16,107,0
48123,2023,DeWitt,18,2023-01-01,2023-12-10,44,135,0
48123,2024,DeWitt,23,2024-02-21,2024-12-31,18,124,0
48123,2025,DeWitt,29,2025-01-05,2025-12-28,12,153,6
48125,2015,Dickens,13,2015-01-19,2015-12-13,6,42,0
48125,2016,Dickens,10,2016-01-30,2016-11-17,4,28,0
48125,2017,Dickens,21,2017-01-10,2017-12-22,7,56,0
48125,2018,Dickens,15,2018-01-10,2018-12-01,8,45,0
48125,2019,Dickens,10,2019-02-15,2019-12-26,7,31,0
48125,2020,Dickens,14,2020-01-14,2020-12-11,10,50,0
48125,2021,Dickens,11,2021-04-26,2021-12-25,5,31,0
48125,2022,Dickens,19,2022-01-14,2022-12-07,10,66,0
48125,2023,Dickens,25,2023-01-01,2023-12-09,10,80,0
48125,2024,Dickens,18,2024-02-21,2024-12-31,14,66,0
48125,2025,Dickens,16,2025-02-02,2025-12-29,7,48,0
48127,2015,Dimmit,8,2015-01-20,2015-12-25,5,22,0
48127,2016,Dimmit,13,2016-01-30,2016-12-29,8,51,0
48127,2017,Dimmit,19,2017-01-02,2017-12-05,6,53,0
48127,2018,Dimmit,13,2018-02-19,2018-12-27,10,49,0
48127,2019,Dimmit,11,2019-02-15,2019-12-16,13,43,0
48127,2020,Dimmit,17,2020-01-10,2020-12-29,6,46,0
48127,2021,Dimmit,15,2021-04-07,2022-01-02,5,48,0
48127,2022,Dimmit,17,2022-02-21,2022-12-09,7,61,0
48127,2023,Dimmit,20,2023-01-01,2023-12-09,20,103,0
48127,2024,Dimmit,19,2024-02-21,2024-12-31,15,77,0
48127,2025,Dimmit,19,2025-02-02,2025-12-28,9,82,0
48129,2015,Donley,12,2015-01-19,2015-12-12,5,35,0
48129,2016,Donley,10,2016-01-29,2016-11-18,4,28,0
48129,2017,Donley,12,2017-01-10,2017-12-04,5,31,5
48129,2018,Donley,11,2018-01-10,2018-07-23,9,44,44
48129,2019,Donley,9,2019-01-06,2019-12-25,4,22,22
48129,2020,Donley,13,2020-01-14,2020-12-11,7,40,40
48129,2021,Donley,11,2021-04-26,2021-12-27,5,33,33
48129,2022,Donley,13,2022-03-26,2022-08-06,14,57,57
48129,2023,Donley,20,2023-01-01,2023-12-08,9,66,66
48129,2024,Donley,19,2024-01-30,2024-12-31,11,66,66
48129,2025,Donley,15,2025-02-02,2025-12-28,8,54,54
48131,2015,Duval,11,2015-01-20,2015-12-27,8,37,1
48131,2016,Duval,7,2016-01-31,2016-12-27,4,20,0
48131,2017,Duval,18,2017-01-10,2017-12-05,7,58,0
48131,2018,Duval,14,2018-02-17,2018-12-03,4,39,0
48131,2019,Duval,12,2019-04-10,2019-12-16,9,37,0
48131,2020,Duval,15,2020-01-10,2020-12-29,5,41,0
48131,2021,Duval,15,2021-01-25,2022-01-02,9,44,0
48131,2022,Duval,20,2022-01-19,2022-12-09,7,62,2
48131,2023,Duval,21,2023-01-01,2023-11-09,23,133,0
48131,2024,Duval,18,2024-02-21,2025-01-01,11,72,0
48131,2025,Duval,25,2025-01-05,2025-12-29,11,111,0
48133,2015,Eastland,10,2015-01-19,2015-12-24,7,38,38
48133,2016,Eastland,13,2016-01-29,2016-12-26,7,40,40
48133,2017,Eastland,17,2017-01-10,2017-12-05,8,51,51
48133,2018,Eastland,12,2018-02-15,2018-10-06,10,54,54
48133,2019,Eastland,9,2019-02-04,2019-12-06,7,35,35
48133,2020,Eastland,15,2020-01-14,2020-12-11,7,45,45
48133,2021,Eastland,9,2021-02-23,2022-01-01,10,36,36
48133,2022,Eastland,16,2022-01-18,2022-12-09,17,98,98
48133,2023,Eastland,20,2023-01-01,2023-11-09,22,100,100
48133,2024,Eastland,17,2024-01-30,2024-12-30,15,76,76
48133,2025,Eastland,21,2025-02-02,2025-12-28,8,75,75
48135,2015,Ector,10,2015-01-19,2015-12-11,4,27,0
48135,2016,Ector,15,2016-01-29,2017-01-01,5,43,0
48135,2017,Ector,21,2017-01-09,2017-12-04,8,66,0
48135,2018,Ector,11,2018-01-09,2018-10-05,8,33,0
48135,2019,Ector,15,2019-02-14,2019-12-15,8,41,0
48135,2020,Ector,20,2020-01-13,2020-12-10,6,60,0
48135,2021,Ector,11,2021-02-07,2021-12-28,7,42,0
48135,2022,Ector,16,2022-01-13,2022-12-08,9,54,0
48135,2023,Ector,19,2023-01-01,2023-12-08,14,88,0
48135,2024,Ector,15,2024-02-20,2024-12-30,5,42,0
48135,2025,Ector,14,2025-02-02,2025-12-28,7,48,2
48137,2015,Edwards,12,2015-01-19,2015-12-26,5,35,9
48137,2016,Edwards,10,2016-01-29,2016-12-28,5,26,4
48137,2017,Edwards,15,2017-01-10,2017-12-05,9,55,31
48137,2018,Edwards,10,2018-03-17,2018-11-07,7,29,0
48137,2019,Edwards,9,2019-02-15,2019-12-15,6,23,0
48137,2020,Edwards,9,2020-01-05,2020-12-10,5,24,0
48137,2021,Edwards,8,2021-04-08,2022-01-01,5,26,0
48137,2022,Edwards,16,2022-01-13,2023-01-02,8,55,11
48137,2023,Edwards,14,2023-01-09,2023-11-08,18,82,0
48137,2024,Edwards,16,2024-02-20,2024-12-31,8,60,11
48137,2025,Edwards,19,2025-02-02,2025-12-28,15,80,48
48139,2015,Ellis,11,2015-01-26,2015-12-26,5,36,0
48139,2016,Ellis,10,2016-01-29,2016-12-28,5,30,0
48139,2017,Ellis,14,2017-01-10,2017-12-04,6,40,0
48139,2018,Ellis,11,2018-03-16,2018-10-07,9,54,0
48139,2019,Ellis,11,2019-02-04,2019-11-20,10,43,0
48139,2020,Ellis,15,2020-01-14,2020-12-23,4,39,0
48139,2021,Ellis,13,2021-02-27,2022-01-01,10,44,0
48139,2022,Ellis,20,2022-01-13,2023-01-02,22,111,0
48139,2023,Ellis,18,2023-01-10,2023-11-08,22,91,0
48139,2024,Ellis,18,2024-01-29,2024-12-17,7,57,0
48139,2025,Ellis,18,2025-02-02,2025-12-28,7,61,0
48141,2015,El Paso,5,2015-02-07,2015-12-11,4,12,0
48141,2016,El Paso,5,2016-01-30,2016-12-16,6,19,0
48141,2017,El Paso,22,2017-01-09,2017-12-31,10,79,0
48141,2018,El Paso,20,2018-01-30,2018-12-25,5,60,0
48141,2019,El Paso,14,2019-02-03,2019-12-15,6,41,0
48141,2020,El Paso,21,2020-01-13,2020-12-28,8,75,0
48141,2021,El Paso,17,2021-02-03,2021-12-27,6,51,0
48141,2022,El Paso,16,2022-01-07,2022-12-12,6,48,0
48141,2023,El Paso,19,2023-01-09,2023-12-08,11,85,0
48141,2024,El Paso,26,2024-01-17,2024-12-31,11,92,0
48141,2025,El Paso,18,2025-01-02,2025-12-28,13,83,0
48143,2015,Erath,12,2015-01-18,2015-12-24,7,44,0
48143,2016,Erath,16,2016-01-28,2017-01-02,5,42,2
48143,2017,Erath,18,2017-01-09,2017-12-11,8,58,1
48143,2018,Erath,15,2018-01-20,2018-11-06,13,63,1
48143,2019,Erath,15,2019-02-03,2019-12-24,6,40,0
48143,2020,Erath,18,2020-01-05,2020-12-22,5,48,0
48143,2021,Erath,13,2021-03-15,2022-01-01,10,44,0
48143,2022,Erath,24,2022-01-13,2023-01-02,21,127,0
48143,2023,Erath,19,2023-01-09,2023-12-03,22,97,1
48143,2024,Erath,12,2024-01-29,2024-12-30,8,46,0
48143,2025,Erath,20,2025-02-01,2025-12-28,8,70,0
48145,2015,Falls,10,2015-01-28,2015-12-24,7,32,2
48145,2016,Falls,12,2016-01-29,2016-12-28,5,38,27
48145,2017,Falls,15,2017-01-10,2017-12-05,7,47,47
48145,2018,Falls,10,2018-03-16,2018-10-05,13,55,55
48145,2019,Falls,5,2019-04-09,2019-10-06,7,21,21
48145,2020,Falls,10,2020-03-11,2020-12-10,5,29,29
48145,2021,Falls,7,2021-04-08,2022-01-01,10,27,27
48145,2022,Falls,14,2022-02-21,2022-12-10,20,102,102
48145,2023,Falls,17,2023-01-01,2023-11-08,37,100,100
48145,2024,Falls,16,2024-01-30,2024-12-28,15,63,63
48145,2025,Falls,15,2025-02-02,2025-12-28,13,69,69
48147,2015,Fannin,14,2015-01-18,2015-12-26,6,50,0
48147,2016,Fannin,15,2016-01-29,2016-12-29,11,60,0
48147,2017,Fannin,14,2017-01-10,2017-12-04,5,37,0
48147,2018,Fannin,9,2018-03-16,2018-10-07,9,33,0
48147,2019,Fannin,8,2019-01-06,2019-10-07,7,33,0
48147,2020,Fannin,7,2020-03-11,2020-12-23,4,18,0
48147,2021,Fannin,10,2021-02-23,2022-01-01,9,38,0
48147,2022,Fannin,18,2022-01-13,2022-12-29,7,69,0
48147,2023,Fannin,17,2023-01-01,2023-12-09,10,63,0
48147,2024,Fannin,20,2024-01-29,2024-12-17,13,86,2
48147,2025,Fannin,15,2025-02-25,2025-12-28,8,57,0
48149,2015,Fayette,7,2015-01-27,2015-12-27,7,30,0
48149,2016,Fayette,13,2016-01-29,2016-12-28,5,38,0
48149,2017,Fayette,20,2017-01-02,2017-12-05,8,69,0
48149,2018,Fayette,11,2018-02-27,2018-11-07,7,33,0
48149,2019,Fayette,9,2019-04-09,2019-12-15,16,44,0
48149,2020,Fayette,16,2020-01-15,2020-12-30,7,57,0
48149,2021,Fayette,16,2021-01-18,2022-01-01,10,50,0
48149,2022,Fayette,20,2022-01-13,2023-01-04,22,115,0
48149,2023,Fayette,20,2023-01-06,2023-12-09,24,113,0
48149,2024,Fayette,16,2024-02-20,2024-12-28,15,62,0
48149,2025,Fayette,19,2025-02-02,2025-12-28,12,82,7
48151,2015,Fisher,11,2015-01-27,2015-12-13,6,38,1
48151,2016,Fisher,12,2016-01-29,2016-12-26,4,29,3
48151,2017,Fisher,16,2017-01-10,2017-12-12,5,38,2
48151,2018,Fisher,14,2018-01-09,2018-10-04,9,47,2
48151,2019,Fisher,10,2019-04-10,2019-12-26,7,30,4
48151,2020,Fisher,16,2020-01-14,2020-12-11,9,51,21
48151,2021,Fisher,8,2021-04-26,2021-12-30,8,28,28
48151,2022,Fisher,13,2022-01-18,2022-12-07,8,50,50
48151,2023,Fisher,16,2023-01-01,2023-12-09,14,68,68
48151,2024,Fisher,12,2024-02-20,2024-12-31,14,49,49
48151,2025,Fisher,14,2025-02-02,2025-12-28,7,47,47
48153,2015,Floyd,11,2015-01-19,2015-12-13,5,29,0
48153,2016,Floyd,10,2016-01-29,2016-12-22,4,26,0
48153,2017,Floyd,12,2017-01-10,2017-12-05,6,30,0
48153,2018,Floyd,12,2018-01-10,2018-12-01,8,35,0
48153,2019,Floyd,12,2019-01-05,2019-12-25,4,32,0
48153,2020,Floyd,15,2020-01-14,2020-12-11,10,49,0
48153,2021,Floyd,9,2021-04-26,2021-12-27,5,28,0
48153,2022,Floyd,17,2022-01-13,2022-12-07,5,49,0
48153,2023,Floyd,21,2023-01-01,2023-12-09,6,61,0
48153,2024,Floyd,18,2024-02-21,2024-12-31,11,58,0
48153,2025,Floyd,15,2025-02-03,2025-12-28,6,43,0
48155,2015,Foard,11,2015-01-18,2015-12-12,6,43,43
48155,2016,Foard,10,2016-01-29,2016-11-17,7,31,31
48155,2017,Foard,16,2017-01-10,2017-12-12,8,50,50
48155,2018,Foard,15,2018-01-10,2018-10-05,9,54,54
48155,2019,Foard,10,2019-01-06,2019-12-26,8,34,34
48155,2020,Foard,14,2020-01-14,2020-12-11,8,54,54
48155,2021,Foard,11,2021-02-03,2021-12-31,9,41,41
48155,2022,Foard,16,2022-01-13,2022-12-06,17,88,88
48155,2023,Foard,24,2023-01-01,2023-12-08,14,94,94
48155,2024,Foard,20,2024-01-30,2024-12-31,14,75,75
48155,2025,Foard,18,2025-02-02,2025-12-28,8,66,66
48157,2015,Fort Bend,12,2015-01-27,2015-12-27,10,50,0
48157,2016,Fort Bend,7,2016-01-30,2016-12-28,6,26,0
48157,2017,Fort Bend,18,2017-01-10,2017-12-22,11,64,0
48157,2018,Fort Bend,18,2018-01-20,2018-12-02,8,71,0
48157,2019,Fort Bend,8,2019-02-05,2019-12-16,6,25,0
48157,2020,Fort Bend,14,2020-01-14,2020-12-10,6,41,0
48157,2021,Fort Bend,12,2021-01-24,2022-01-01,10,44,0
48157,2022,Fort Bend,22,2022-01-08,2023-01-03,13,86,0
48157,2023,Fort Bend,17,2023-01-05,2023-11-09,23,133,0
48157,2024,Fort Bend,21,2024-02-20,2024-12-18,10,80,0
48157,2025,Fort Bend,22,2025-02-02,2025-12-28,10,88,0
48159,2015,Franklin,12,2015-01-19,2015-12-27,7,48,0
48159,2016,Franklin,12,2016-01-30,2016-12-29,14,54,0
48159,2017,Franklin,14,2017-01-11,2017-12-05,5,36,0
48159,2018,Franklin,14,2018-02-20,2018-10-08,11,55,0
48159,2019,Franklin,8,2019-01-06,2019-12-28,7,27,0
48159,2020,Franklin,7,2020-01-11,2020-12-11,4,17,0
48159,2021,Franklin,8,2021-02-24,2022-01-01,9,31,0
48159,2022,Franklin,24,2022-01-14,2022-12-09,9,85,0
48159,2023,Franklin,16,2023-01-01,2023-12-09,10,70,46
48159,2024,Franklin,10,2024-02-21,2024-12-18,5,33,0
48159,2025,Franklin,14,2025-02-03,2025-12-29,8,46,0
48161,2015,Freestone,8,2015-01-27,2015-12-27,6,29,29
48161,2016,Freestone,9,2016-01-30,2016-12-28,4,27,27
48161,2017,Freestone,11,2017-01-10,2017-12-22,7,36,36
48161,2018,Freestone,9,2018-03-17,2018-10-05,10,43,43
48161,2019,Freestone,5,2019-02-05,2019-10-06,6,18,18
48161,2020,Freestone,4,2020-03-25,2020-12-10,4,10,10
48161,2021,Freestone,6,2021-10-08,2022-01-01,9,26,26
48161,2022,Freestone,13,2022-02-21,2022-12-10,18,82,82
48161,2023,Freestone,20,2023-01-01,2023-12-09,17,90,90
48161,2024,Freestone,12,2024-01-30,2024-12-17,7,47,47
48161,2025,Freestone,13,2025-02-02,2025-12-28,9,57,57
48163,2015,Frio,12,2015-01-19,2015-12-26,12,58,0
48163,2016,Frio,16,2016-01-30,2016-12-28,14,59,2
48163,2017,Frio,18,2017-01-02,2017-12-22,13,54,0
48163,2018,Frio,7,2018-02-04,2018-07-25,7,25,4
48163,2019,Frio,3,2019-10-01,2019-12-15,3,7,7
48163,2020,Frio,4,2020-03-25,2020-10-12,4,12,12
48163,2021,Frio,7,2021-03-11,2022-01-02,5,20,16
48163,2022,Frio,13,2022-03-26,2022-12-09,7,42,37
48163,2023,Frio,19,2023-01-01,2023-11-08,14,93,25
48163,2024,Frio,11,2024-02-20,2024-12-30,6,37,9
48163,2025,Frio,12,2025-02-03,2025-12-28,7,39,39
48165,2015,Gaines,11,2015-01-27,2015-12-12,5,35,0
48165,2016,Gaines,6,2016-01-29,2016-11-02,5,20,0
48165,2017,Gaines,11,2017-01-10,2017-12-22,7,37,0
48165,2018,Gaines,14,2018-01-09,2018-10-05,9,47,0
48165,2019,Gaines,12,2019-01-06,2019-12-15,7,33,1
48165,2020,Gaines,18,2020-01-13,2020-12-11,10,69,0
48165,2021,Gaines,9,2021-04-26,2021-12-27,6,36,0
48165,2022,Gaines,12,2022-01-13,2022-08-06,9,45,0
48165,2023,Gaines,17,2023-01-01,2023-12-08,13,74,0
48165,2024,Gaines,18,2024-02-20,2024-12-30,6,50,0
48165,2025,Gaines,17,2025-02-02,2025-12-28,8,58,0
48167,2015,Galveston,14,2015-01-27,2015-12-27,11,58,0
48167,2016,Galveston,20,2016-01-30,2016-12-28,6,65,0
48167,2017,Galveston,27,2017-01-01,2017-12-22,15,104,0
48167,2018,Galveston,20,2018-02-14,2018-12-02,16,97,0
48167,2019,Galveston,21,2019-01-06,2019-12-16,15,84,0
48167,2020,Galveston,22,2020-01-05,2020-12-11,10,106,0
48167,2021,Galveston,20,2021-01-24,2022-01-02,11,81,0
48167,2022,Galveston,30,2022-01-05,2022-12-11,22,135,0
48167,2023,Galveston,22,2023-01-01,2023-12-09,27,127,0
48167,2024,Galveston,19,2024-02-20,2024-12-28,8,82,0
48167,2025,Galveston,25,2025-02-03,2025-12-28,9,95,0
48169,2015,Garza,12,2015-01-27,2015-12-13,10,42,0
48169,2016,Garza,15,2016-01-30,2016-11-17,8,49,0
48169,2017,Garza,23,2017-01-10,2017-12-12,6,57,0
48169,2018,Garza,16,2018-01-10,2018-10-06,8,55,0
48169,2019,Garza,16,2019-02-04,2019-10-07,10,56,0
48169,2020,Garza,19,2020-01-14,2020-12-11,10,67,0
48169,2021,Garza,14,2021-04-26,2021-12-27,6,44,0
48169,2022,Garza,19,2022-01-14,2022-12-07,11,82,0
48169,2023,Garza,25,2023-01-01,2023-12-09,21,106,0
48169,2024,Garza,18,2024-01-30,2024-12-31,12,75,0
48169,2025,Garza,21,2025-02-03,2025-12-28,8,63,0
48171,2015,Gillespie,11,2015-01-19,2015-12-27,5,31,0
48171,2016,Gillespie,8,2016-01-30,2016-12-26,3,18,0
48171,2017,Gillespie,13,2017-01-01,2017-12-02,6,34,0
48171,2018,Gillespie,11,2018-03-17,2018-11-07,10,39,0
48171,2019,Gillespie,9,2019-02-15,2019-12-16,7,26,0
48171,2020,Gillespie,12,2020-01-06,2020-12-10,6,36,0
48171,2021,Gillespie,5,2021-09-19,2022-01-01,6,19,0
48171,2022,Gillespie,13,2022-03-26,2022-12-10,12,77,0
48171,2023,Gillespie,17,2023-01-01,2023-11-08,23,100,0
48171,2024,Gillespie,11,2024-02-21,2024-12-31,15,53,0
48171,2025,Gillespie,12,2025-02-02,2025-12-28,12,61,0
48173,2015,Glasscock,10,2015-01-19,2015-12-12,9,33,33
48173,2016,Glasscock,9,2016-01-29,2016-11-17,8,35,35
48173,2017,Glasscock,10,2017-01-10,2017-12-04,7,39,39
48173,2018,Glasscock,10,2018-01-20,2018-10-05,8,35,35
48173,2019,Glasscock,11,2019-02-04,2019-12-15,8,35,35
48173,2020,Glasscock,13,2020-01-14,2020-12-11,9,53,53
48173,2021,Glasscock,11,2021-04-26,2021-12-30,9,38,38
48173,2022,Glasscock,15,2022-01-18,2022-12-07,9,62,62
48173,2023,Glasscock,19,2023-01-01,2023-12-08,15,89,89
48173,2024,Glasscock,17,2024-02-20,2024-12-30,15,72,72
48173,2025,Glasscock,13,2025-02-02,2025-12-28,9,56,56
48175,2015,Goliad,3,2015-01-28,2015-08-13,2,6,0
48175,2016,Goliad,4,2016-03-14,2016-12-29,4,12,0
48175,2017,Goliad,6,2017-01-03,2017-11-08,5,18,0
48175,2018,Goliad,4,2018-05-17,2018-11-08,5,11,0
48175,2019,Goliad,5,2019-04-10,2019-12-16,2,10,0
48175,2020,Goliad,4,2020-01-15,2020-11-12,4,11,0
48175,2021,Goliad,3,2021-12-06,2021-12-30,2,6,0
48175,2022,Goliad,11,2022-01-01,2022-12-09,5,27,0
48175,2023,Goliad,15,2023-01-03,2023-10-05,12,49,0
48175,2024,Goliad,6,2024-10-02,2025-01-01,5,17,0
48175,2025,Goliad,11,2025-02-09,2025-12-29,7,32,1
48177,2015,Gonzales,12,2015-01-20,2015-12-25,8,40,0
48177,2016,Gonzales,11,2016-01-30,2016-12-29,5,36,0
48177,2017,Gonzales,18,2017-01-03,2017-12-05,7,61,0
48177,2018,Gonzales,9,2018-03-18,2018-12-02,16,47,0
48177,2019,Gonzales,11,2019-01-06,2019-12-15,16,55,0
48177,2020,Gonzales,21,2020-01-09,2020-12-29,7,70,0
48177,2021,Gonzales,10,2021-01-25,2022-01-01,9,36,0
48177,2022,Gonzales,15,2022-02-21,2022-12-14,24,104,0
48177,2023,Gonzales,17,2023-01-01,2023-11-09,44,133,0
48177,2024,Gonzales,16,2024-02-21,2024-12-31,16,87,0
48177,2025,Gonzales,27,2025-01-30,2025-12-28,21,124,0
48179,2015,Gray,12,2015-01-17,2015-12-12,5,38,0
48179,2016,Gray,12,2016-01-29,2016-12-25,4,30,0
48179,2017,Gray,11,2017-01-30,2017-12-04,6,32,0
48179,2018,Gray,13,2018-01-10,2018-07-23,9,44,0
48179,2019,Gray,13,2019-01-06,2019-12-25,6,41,0
48179,2020,Gray,17,2020-01-14,2020-12-11,7,50,0
48179,2021,Gray,13,2021-04-26,2021-12-27,5,38,0
48179,2022,Gray,17,2022-02-16,2022-12-29,6,48,0
48179,2023,Gray,23,2023-01-02,2023-12-23,7,82,0
48179,2024,Gray,22,2024-01-18,2024-11-25,12,78,0
48179,2025,Gray,18,2025-02-02,2025-12-28,6,56,0
48181,2015,Grayson,15,2015-01-18,2015-12-26,6,52,0
48181,2016,Grayson,12,2016-01-28,2017-01-02,7,41,0
48181,2017,Grayson,16,2017-01-10,2017-12-11,5,43,0
48181,2018,Grayson,12,2018-01-20,2018-10-06,8,44,0
48181,2019,Grayson,7,2019-02-04,2019-12-26,6,26,0
48181,2020,Grayson,12,2020-02-16,2020-12-27,4,28,0
48181,2021,Grayson,8,2021-06-16,2021-12-31,9,33,0
48181,2022,Grayson,24,2022-01-13,2023-01-02,8,82,0
48181,2023,Grayson,19,2023-01-09,2023-12-08,10,81,0
48181,2024,Grayson,19,2024-01-29,2024-12-16,8,66,0
48181,2025,Grayson,17,2025-02-02,2025-12-28,9,56,0
48183,2015,Gregg,12,2015-01-19,2015-12-27,8,48,0
48183,2016,Gregg,12,2016-01-30,2016-12-28,5,41,0
48183,2017,Gregg,18,2017-01-11,2017-12-22,6,57,0
48183,2018,Gregg,11,2018-02-20,2018-10-08,19,61,0
48183,2019,Gregg,11,2019-02-05,2019-12-26,16,44,0
48183,2020,Gregg,7,2020-01-15,2020-12-11,5,21,0
48183,2021,Gregg,9,2021-03-15,2022-01-01,9,32,0
48183,2022,Gregg,18,2022-01-14,2022-12-11,17,91,0
48183,2023,Gregg,21,2023-01-01,2023-12-09,10,83,0
48183,2024,Gregg,14,2024-01-30,2024-12-18,8,53,0
48183,2025,Gregg,15,2025-02-02,2025-12-28,9,64,0
48185,2015,Grimes,12,2015-01-27,2015-12-27,9,47,47
48185,2016,Grimes,12,2016-01-29,2016-12-29,6,44,44
48185,2017,Grimes,20,2017-01-02,2017-12-22,7,62,62
48185,2018,Grimes,13,2018-02-15,2018-11-07,10,54,54
48185,2019,Grimes,9,2019-01-06,2019-12-16,9,38,38
48185,2020,Grimes,15,2020-01-15,2020-12-10,5,40,40
48185,2021,Grimes,13,2021-01-25,2022-01-01,10,43,43
48185,2022,Grimes,17,2022-02-21,2022-12-10,25,111,111
48185,2023,Grimes,19,2023-01-01,2023-12-09,48,125,125
48185,2024,Grimes,16,2024-01-30,2024-12-28,15,69,69
48185,2025,Grimes,16,2025-02-02,2025-12-28,15,82,82
48187,2015,Guadalupe,15,2015-01-27,2015-12-27,10,53,0
48187,2016,Guadalupe,13,2016-01-29,2016-12-28,5,42,0
48187,2017,Guadalupe,20,2017-01-01,2017-12-22,14,86,0
48187,2018,Guadalupe,15,2018-02-19,2018-12-02,10,67,0
48187,2019,Guadalupe,11,2019-01-07,2019-12-16,14,55,0
48187,2020,Guadalupe,24,2020-01-05,2020-12-30,16,95,0
48187,2021,Guadalupe,13,2021-01-04,2022-01-01,9,41,0
48187,2022,Guadalupe,17,2022-02-16,2022-12-14,20,119,0
48187,2023,Guadalupe,18,2023-01-01,2023-11-08,44,130,0
48187,2024,Guadalupe,17,2024-02-21,2024-12-31,15,86,0
48187,2025,Guadalupe,19,2025-02-02,2025-12-28,13,89,0
48189,2015,Hale,18,2015-01-19,2015-12-13,6,57,0
48189,2016,Hale,13,2016-01-29,2016-12-29,6,44,0
48189,2017,Hale,15,2017-02-06,2017-12-22,8,48,0
48189,2018,Hale,16,2018-01-10,2018-08-29,8,51,0
48189,2019,Hale,17,2019-01-06,2019-12-25,7,50,0
48189,2020,Hale,16,2020-01-14,2020-12-11,11,62,0
48189,2021,Hale,15,2021-04-26,2021-12-27,5,44,0
48189,2022,Hale,21,2022-01-14,2022-12-07,8,72,0
48189,2023,Hale,23,2023-01-01,2023-12-09,10,79,0
48189,2024,Hale,22,2024-01-18,2024-12-31,15,75,0
48189,2025,Hale,17,2025-02-03,2025-12-28,7,54,0
48191,2015,Hall,14,2015-01-19,2015-12-13,5,44,0
48191,2016,Hall,14,2016-01-29,2016-11-22,4,36,0
48191,2017,Hall,18,2017-01-10,2017-12-12,5,46,0
48191,2018,Hall,17,2018-01-10,2018-08-29,9,53,0
48191,2019,Hall,12,2019-01-06,2019-12-25,7,37,0
48191,2020,Hall,17,2020-01-14,2020-12-11,9,54,0
48191,2021,Hall,12,2021-04-26,2021-12-27,5,40,0
48191,2022,Hall,18,2022-02-16,2022-08-07,7,65,0
48191,2023,Hall,21,2023-01-01,2023-12-09,8,67,0
48191,2024,Hall,20,2024-01-30,2024-10-25,15,67,0
48191,2025,Hall,12,2025-02-02,2025-12-28,6,38,0
48193,2015,Hamilton,12,2015-01-20,2015-12-24,7,42,26
48193,2016,Hamilton,13,2016-01-29,2016-12-28,4,38,30
48193,2017,Hamilton,17,2017-01-10,2017-12-05,7,49,49
48193,2018,Hamilton,9,2018-03-24,2018-10-06,10,47,47
48193,2019,Hamilton,8,2019-02-04,2019-10-06,7,30,30
48193,2020,Hamilton,12,2020-03-11,2020-12-11,5,33,33
48193,2021,Hamilton,8,2021-02-23,2022-01-01,10,34,34
48193,2022,Hamilton,18,2022-01-18,2023-01-02,20,113,18
48193,2023,Hamilton,17,2023-01-09,2023-12-03,23,106,6
48193,2024,Hamilton,17,2024-01-30,2024-12-30,9,64,7
48193,2025,Hamilton,21,2025-02-02,2025-12-28,7,68,3
48195,2015,Hansford,14,2015-01-19,2015-12-10,5,36,0
48195,2016,Hansford,14,2016-01-29,2016-11-18,4,38,0
48195,2017,Hansford,12,2017-01-30,2017-12-12,8,36,0
48195,2018,Hansford,15,2018-01-10,2018-10-04,7,41,0
48195,2019,Hansford,16,2019-01-07,2019-12-25,7,46,0
48195,2020,Hansford,18,2020-01-14,2020-12-10,7,56,0
48195,2021,Hansford,17,2021-04-06,2021-12-27,6,50,0
48195,2022,Hansford,23,2022-01-13,2022-11-04,6,65,0
48195,2023,Hansford,17,2023-01-15,2023-12-08,12,55,0
48195,2024,Hansford,14,2024-01-29,2024-10-13,10,55,0
48195,2025,Hansford,17,2025-02-03,2025-12-28,6,50,0
48197,2015,Hardeman,10,2015-01-18,2015-12-12,5,32,32
48197,2016,Hardeman,7,2016-01-29,2016-11-17,4,19,19
48197,2017,Hardeman,11,2017-01-10,2017-12-04,7,35,35
48197,2018,Hardeman,13,2018-01-20,2018-10-04,9,42,42
48197,2019,Hardeman,9,2019-01-06,2019-12-25,3,20,20
48197,2020,Hardeman,11,2020-01-14,2020-12-11,6,36,36
48197,2021,Hardeman,10,2021-02-03,2021-12-31,9,36,36
48197,2022,Hardeman,16,2022-01-13,2022-12-06,14,66,66
48197,2023,Hardeman,23,2023-01-01,2023-12-08,9,80,80
48197,2024,Hardeman,17,2024-01-29,2024-12-16,11,59,59
48197,2025,Hardeman,15,2025-02-02,2025-12-28,8,51,51
48199,2015,Hardin,13,2015-01-28,2015-12-29,16,63,1
48199,2016,Hardin,11,2016-01-30,2016-12-29,7,43,0
48199,2017,Hardin,18,2017-01-11,2017-12-23,7,62,0
48199,2018,Hardin,16,2018-02-16,2018-12-03,10,56,0
48199,2019,Hardin,6,2019-02-07,2019-10-07,7,22,0
48199,2020,Hardin,11,2020-01-15,2020-11-16,8,37,0
48199,2021,Hardin,18,2021-01-05,2022-01-02,9,68,0
48199,2022,Hardin,21,2022-01-06,2022-12-11,20,104,0
48199,2023,Hardin,23,2023-01-01,2023-11-10,46,160,1
48199,2024,Hardin,23,2024-01-31,2024-12-29,8,78,6
48199,2025,Hardin,21,2025-02-03,2025-12-29,9,80,2
48201,2015,Harris,13,2015-01-27,2015-12-27,12,60,0
48201,2016,Harris,20,2016-01-29,2016-12-28,12,79,0
48201,2017,Harris,24,2017-01-01,2017-12-22,12,85,0
48201,2018,Harris,19,2018-02-14,2018-12-02,10,72,0
48201,2019,Harris,12,2019-01-07,2019-12-16,10,45,0
48201,2020,Harris,21,2020-01-05,2020-12-11,11,71,0
48201,2021,Harris,20,2021-01-24,2022-01-01,10,65,0
48201,2022,Harris,28,2022-01-08,2023-01-03,23,123,0
48201,2023,Harris,18,2023-01-06,2023-12-09,66,142,0
48201,2024,Harris,18,2024-02-20,2024-12-28,11,90,0
48201,2025,Harris,15,2025-02-02,2025-12-28,10,68,0
48203,2015,Harrison,10,2015-01-27,2015-12-27,10,47,0
48203,2016,Harrison,9,2016-01-29,2016-12-28,5,31,0
48203,2017,Harrison,15,2017-01-11,2017-12-22,8,58,0
48203,2018,Harrison,12,2018-02-19,2018-10-08,12,60,0
48203,2019,Harrison,9,2019-02-05,2019-12-26,7,33,0
48203,2020,Harrison,8,2020-01-10,2020-12-23,4,20,0
48203,2021,Harrison,13,2021-01-25,2022-01-02,10,41,0
48203,2022,Harrison,17,2022-01-14,2022-12-30,17,85,0
48203,2023,Harrison,22,2023-01-01,2023-12-10,13,87,0
48203,2024,Harrison,15,2024-01-30,2024-12-18,8,59,0
48203,2025,Harrison,22,2025-02-03,2025-12-28,10,84,0
48205,2015,Hartley,16,2015-01-18,2015-12-11,8,53,0
48205,2016,Hartley,18,2016-01-28,2016-12-17,4,55,0
48205,2017,Hartley,24,2017-01-10,2017-12-12,7,62,0
48205,2018,Hartley,18,2018-01-09,2018-12-17,8,51,0
48205,2019,Hartley,22,2019-01-06,2019-12-24,7,69,0
48205,2020,Hartley,26,2020-01-07,2020-12-26,8,91,0
48205,2021,Hartley,19,2021-01-20,2021-12-26,6,59,0
48205,2022,Hartley,22,2022-01-13,2023-01-01,6,71,0
48205,2023,Hartley,16,2023-01-10,2023-12-22,11,63,0
48205,2024,Hartley,20,2024-01-29,2024-12-22,9,76,0
48205,2025,Hartley,18,2025-02-02,2025-12-27,6,61,0
48207,2015,Haskell,10,2015-01-17,2015-12-12,7,34,7
48207,2016,Haskell,14,2016-01-29,2016-11-18,5,44,0
48207,2017,Haskell,12,2017-01-10,2017-12-04,6,37,14
48207,2018,Haskell,13,2018-01-10,2018-10-05,8,42,33
48207,2019,Haskell,8,2019-02-04,2019-12-26,4,25,0
48207,2020,Haskell,9,2020-01-14,2020-12-11,7,25,0
48207,2021,Haskell,11,2021-04-26,2022-01-01,4,31,0
48207,2022,Haskell,18,2022-01-14,2022-11-11,7,64,0
48207,2023,Haskell,24,2023-01-01,2023-12-09,10,84,0
48207,2024,Haskell,18,2024-01-30,2024-12-31,10,62,0
48207,2025,Haskell,13,2025-02-02,2025-12-29,7,41,0
48209,2015,Hays,7,2015-01-27,2015-12-24,9,28,0
48209,2016,Hays,8,2016-01-30,2016-12-29,5,22,0
48209,2017,Hays,17,2017-01-11,2017-12-05,11,55,0
48209,2018,Hays,8,2018-03-17,2018-08-24,10,46,0
48209,2019,Hays,7,2019-02-15,2019-12-15,8,30,0
48209,2020,Hays,14,2020-01-15,2020-12-09,5,38,0
48209,2021,Hays,6,2021-04-07,2022-01-01,4,18,0
48209,2022,Hays,19,2022-01-13,2023-01-03,11,92,0
48209,2023,Hays,17,2023-01-06,2023-10-21,23,97,0
48209,2024,Hays,11,2024-02-22,2024-12-30,15,47,0
48209,2025,Hays,16,2025-02-02,2025-12-28,11,73,0
48211,2015,Hemphill,12,2015-01-19,2015-12-12,5,38,38
48211,2016,Hemphill,9,2016-01-29,2016-12-25,4,23,23
48211,2017,Hemphill,12,2017-01-10,2017-12-04,5,34,34
48211,2018,Hemphill,10,2018-01-09,2018-10-04,9,38,38
48211,2019,Hemphill,8,2019-01-05,2019-12-25,4,21,21
48211,2020,Hemphill,10,2020-01-14,2020-12-10,7,36,36
48211,2021,Hemphill,13,2021-02-23,2021-12-27,6,41,41
48211,2022,Hemphill,17,2022-01-13,2022-12-29,13,63,63
48211,2023,Hemphill,18,2023-01-01,2023-12-08,9,64,64
48211,2024,Hemphill,21,2024-01-29,2024-12-31,11,70,70
48211,2025,Hemphill,14,2025-02-02,2025-12-28,8,51,51
48213,2015,Henderson,12,2015-01-27,2015-12-27,6,42,0
48213,2016,Henderson,13,2016-01-29,2016-12-28,4,41,0
48213,2017,Henderson,18,2017-01-01,2017-12-05,7,52,0
48213,2018,Henderson,11,2018-03-17,2018-10-06,11,49,0
48213,2019,Henderson,6,2019-02-05,2019-10-11,7,23,0
48213,2020,Henderson,8,2020-01-10,2020-12-10,4,20,0
48213,2021,Henderson,7,2021-04-12,2022-01-01,9,26,0
48213,2022,Henderson,14,2022-02-21,2022-12-10,21,71,0
48213,2023,Henderson,15,2023-01-01,2023-12-09,17,72,0
48213,2024,Henderson,11,2024-01-30,2024-12-17,7,39,0
48213,2025,Henderson,15,2025-02-02,2025-12-28,9,59,0
48215,2015,Hidalgo,8,2015-07-26,2015-12-27,8,28,0
48215,2016,Hidalgo,20,2016-01-31,2016-12-29,16,92,0
48215,2017,Hidalgo,28,2017-01-02,2017-12-22,12,112,0
48215,2018,Hidalgo,16,2018-02-16,2018-12-23,18,90,0
48215,2019,Hidalgo,20,2019-01-07,2019-12-16,28,80,0
48215,2020,Hidalgo,24,2020-01-09,2020-12-13,7,74,0
48215,2021,Hidalgo,13,2021-01-25,2022-01-02,8,51,0
48215,2022,Hidalgo,17,2022-02-22,2022-12-13,9,63,0
48215,2023,Hidalgo,17,2023-01-01,2023-11-09,23,135,0
48215,2024,Hidalgo,16,2024-02-25,2024-12-31,15,85,0
48215,2025,Hidalgo,18,2025-01-05,2025-12-28,12,96,0
48217,2015,Hill,8,2015-01-27,2015-12-24,6,28,0
48217,2016,Hill,8,2016-01-29,2016-12-29,5,24,0
48217,2017,Hill,14,2017-01-01,2017-12-05,6,44,0
48217,2018,Hill,10,2018-03-16,2018-10-07,12,57,0
48217,2019,Hill,7,2019-02-05,2019-12-05,11,32,0
48217,2020,Hill,7,2020-03-25,2020-12-11,5,21,0
48217,2021,Hill,9,2021-06-16,2022-01-01,10,34,0
48217,2022,Hill,18,2022-02-21,2022-12-10,20,103,0
48217,2023,Hill,21,2023-01-01,2023-12-09,23,111,0
48217,2024,Hill,18,2024-01-30,2024-12-31,9,76,0
48217,2025,Hill,16,2025-02-02,2025-12-28,9,58,0
48219,2015,Hockley,9,2015-01-19,2015-12-12,5,25,0
48219,2016,Hockley,7,2016-01-30,2016-11-18,4,22,0
48219,2017,Hockley,10,2017-02-06,2017-12-22,6,34,0
48219,2018,Hockley,12,2018-01-10,2018-07-23,8,36,0
48219,2019,Hockley,10,2019-01-06,2019-08-27,4,24,0
48219,2020,Hockley,13,2020-01-14,2020-12-11,10,44,0
48219,2021,Hockley,8,2021-04-26,2021-12-25,4,22,0
48219,2022,Hockley,12,2022-01-14,2022-12-07,5,35,0
48219,2023,Hockley,15,2023-01-01,2023-12-09,10,55,0
48219,2024,Hockley,13,2024-02-21,2024-12-31,6,36,0
48219,2025,Hockley,16,2025-02-03,2025-12-28,6,48,0
48221,2015,Hood,13,2015-01-18,2015-12-26,7,51,0
48221,2016,Hood,19,2016-01-29,2016-12-29,9,53,0
48221,2017,Hood,17,2017-01-10,2017-12-11,7,48,0
48221,2018,Hood,13,2018-02-15,2018-12-01,13,68,0
48221,2019,Hood,10,2019-01-06,2019-10-06,6,34,0
48221,2020,Hood,14,2020-01-09,2020-12-23,7,46,0
48221,2021,Hood,10,2021-02-23,2022-01-01,9,39,0
48221,2022,Hood,14,2022-01-13,2022-12-08,24,97,0
48221,2023,Hood,19,2023-01-01,2023-12-09,22,99,1
48221,2024,Hood,15,2024-01-30,2024-12-30,11,60,4
48221,2025,Hood,18,2025-02-02,2025-12-29,7,59,0
48223,2015,Hopkins,13,2015-01-20,2015-12-27,7,47,0
48223,2016,Hopkins,13,2016-01-30,2016-12-27,10,46,0
48223,2017,Hopkins,14,2017-01-11,2017-12-05,5,37,0
48223,2018,Hopkins,12,2018-02-20,2018-10-08,9,51,0
48223,2019,Hopkins,5,2019-02-05,2019-10-07,7,17,0
48223,2020,Hopkins,6,2020-02-03,2020-12-11,4,16,0
48223,2021,Hopkins,5,2021-10-08,2022-01-01,9,24,0
48223,2022,Hopkins,15,2022-01-14,2022-12-30,17,67,0
48223,2023,Hopkins,16,2023-01-01,2023-12-09,10,57,0
48223,2024,Hopkins,15,2024-01-30,2024-12-18,5,45,0
48223,2025,Hopkins,14,2025-02-03,2025-12-28,7,48,0
48225,2015,Houston,11,2015-01-27,2015-12-28,10,56,0
48225,2016,Houston,13,2016-01-29,2016-12-29,11,60,0
48225,2017,Houston,15,2017-01-11,2017-12-22,7,44,0
48225,2018,Houston,13,2018-02-15,2018-11-07,11,54,0
48225,2019,Houston,7,2019-02-05,2019-12-16,6,25,0
48225,2020,Houston,11,2020-01-15,2020-12-29,5,30,0
48225,2021,Houston,10,2021-02-23,2022-01-02,10,32,0
48225,2022,Houston,15,2022-01-19,2022-12-10,18,76,0
48225,2023,Houston,20,2023-01-01,2023-11-09,17,86,0
48225,2024,Houston,10,2024-01-30,2024-12-17,8,38,0
48225,2025,Houston,12,2025-02-03,2025-12-29,9,49,0
48227,2015,Howard,6,2015-01-26,2015-12-11,5,21,0
48227,2016,Howard,12,2016-01-30,2016-11-17,8,44,0
48227,2017,Howard,12,2017-01-10,2017-12-04,7,41,0
48227,2018,Howard,12,2018-01-09,2018-07-23,8,43,0
48227,2019,Howard,14,2019-01-17,2019-12-15,4,34,0
48227,2020,Howard,17,2020-01-14,2020-12-10,10,65,0
48227,2021,Howard,11,2021-02-02,2021-12-26,6,37,0
48227,2022,Howard,17,2022-01-13,2023-01-02,9,59,0
48227,2023,Howard,17,2023-01-09,2023-12-08,14,80,0
48227,2024,Howard,18,2024-02-01,2024-12-30,11,60,0
48227,2025,Howard,16,2025-02-02,2025-12-28,7,49,0
48229,2015,Hudspeth,17,2015-01-19,2015-12-13,9,66,0
48229,2016,Hudspeth,17,2016-01-20,2016-12-17,15,71,0
48229,2017,Hudspeth,25,2017-01-05,2017-12-31,10,86,0
48229,2018,Hudspeth,22,2018-01-07,2018-12-26,11,86,0
48229,2019,Hudspeth,21,2019-01-16,2019-12-16,8,69,0
48229,2020,Hudspeth,27,2020-01-09,2020-12-29,12,106,1
48229,2021,Hudspeth,24,2021-01-24,2021-12-28,7,79,0
48229,2022,Hudspeth,18,2022-01-08,2022-12-13,14,70,0
48229,2023,Hudspeth,27,2023-01-06,2023-12-24,14,121,0
48229,2024,Hudspeth,33,2024-01-18,2025-01-01,12,130,0
48229,2025,Hudspeth,22,2025-01-03,2025-12-28,12,104,0
48231,2015,Hunt,14,2015-01-18,2015-12-27,6,48,0
48231,2016,Hunt,15,2016-01-29,2016-12-28,6,49,0
48231,2017,Hunt,20,2017-01-10,2017-12-05,5,55,0
48231,2018,Hunt,12,2018-02-19,2018-10-08,13,73,0
48231,2019,Hunt,10,2019-01-06,2019-10-06,6,36,0
48231,2020,Hunt,9,2020-01-05,2020-12-23,5,24,0
48231,2021,Hunt,7,2021-02-23,2022-01-01,10,30,0
48231,2022,Hunt,20,2022-01-13,2023-01-02,16,89,0
48231,2023,Hunt,14,2023-01-10,2023-11-08,10,62,0
48231,2024,Hunt,14,2024-01-29,2024-12-17,7,47,0
48231,2025,Hunt,19,2025-02-02,2025-12-28,8,61,0
48233,2015,Hutchinson,12,2015-01-18,2015-12-11,6,44,0
48233,2016,Hutchinson,20,2016-01-23,2016-12-28,4,56,0
48233,2017,Hutchinson,22,2017-01-09,2017-12-11,8,66,0
48233,2018,Hutchinson,20,2018-01-09,2018-10-03,9,66,0
48233,2019,Hutchinson,13,2019-01-05,2019-12-25,7,50,0
48233,2020,Hutchinson,21,2020-01-13,2020-12-10,9,82,0
48233,2021,Hutchinson,16,2021-04-05,2021-12-26,5,49,0
48233,2022,Hutchinson,27,2022-01-12,2023-01-01,8,90,0
48233,2023,Hutchinson,21,2023-01-09,2023-12-22,13,83,0
48233,2024,Hutchinson,22,2024-01-29,2024-10-29,11,82,0
48233,2025,Hutchinson,13,2025-02-02,2025-12-27,6,47,0
48235,2015,Irion,14,2015-01-19,2015-12-27,10,49,8
48235,2016,Irion,14,2016-01-30,2016-12-18,5,46,1
48235,2017,Irion,20,2017-01-01,2017-12-22,6,55,0
48235,2018,Irion,18,2018-01-10,2018-12-01,10,56,0
48235,2019,Irion,15,2019-02-15,2019-12-25,7,54,0
48235,2020,Irion,16,2020-01-09,2020-12-30,8,57,1
48235,2021,Irion,11,2021-04-09,2021-12-31,10,48,0
48235,2022,Irion,19,2022-01-14,2022-12-09,10,76,0
48235,2023,Irion,22,2023-01-01,2023-11-09,16,105,0
48235,2024,Irion,15,2024-02-20,2024-12-30,15,66,66
48235,2025,Irion,17,2025-02-02,2025-12-28,7,65,65
48237,2015,Jack,12,2015-01-19,2015-12-24,5,33,2
48237,2016,Jack,10,2016-01-30,2016-12-27,3,23,4
48237,2017,Jack,15,2017-01-02,2017-12-12,7,38,3
48237,2018,Jack,12,2018-02-15,2018-12-01,9,41,0
48237,2019,Jack,7,2019-02-04,2019-10-11,4,20,2
48237,2020,Jack,10,2020-01-10,2020-12-23,6,28,0
48237,2021,Jack,7,2021-02-23,2021-12-30,7,24,2
48237,2022,Jack,21,2022-01-14,2022-11-08,7,67,1
48237,2023,Jack,19,2023-01-01,2023-11-09,22,89,0
48237,2024,Jack,14,2024-01-12,2024-12-31,8,47,7
48237,2025,Jack,15,2025-02-02,2025-12-29,7,46,3
48239,2015,Jackson,9,2015-01-27,2015-12-27,10,40,40
48239,2016,Jackson,13,2016-01-30,2016-12-28,6,52,52
48239,2017,Jackson,20,2017-01-02,2017-12-22,14,76,76
48239,2018,Jackson,12,2018-02-19,2018-12-02,16,57,57
48239,2019,Jackson,8,2019-01-07,2019-12-16,12,40,40
48239,2020,Jackson,18,2020-01-15,2020-12-11,6,57,57
48239,2021,Jackson,11,2021-01-25,2022-01-01,9,36,36
48239,2022,Jackson,16,2022-02-21,2022-12-10,22,107,107
48239,2023,Jackson,18,2023-01-01,2023-12-09,43,134,134
48239,2024,Jackson,15,2024-02-21,2024-12-31,15,78,78
48239,2025,Jackson,15,2025-02-02,2025-12-28,12,82,82
48241,2015,Jasper,10,2015-01-28,2015-12-28,10,41,3
48241,2016,Jasper,14,2016-01-30,2016-12-31,12,63,4
48241,2017,Jasper,17,2017-01-11,2017-12-22,7,66,3
48241,2018,Jasper,13,2018-01-21,2018-12-25,7,41,1
48241,2019,Jasper,11,2019-01-06,2019-12-17,7,32,1
48241,2020,Jasper,10,2020-01-06,2020-12-24,6,32,0
48241,2021,Jasper,10,2021-01-25,2022-01-01,9,34,9
48241,2022,Jasper,21,2022-01-09,2022-12-30,15,85,6
48241,2023,Jasper,20,2023-01-01,2023-11-10,22,112,10
48241,2024,Jasper,11,2024-02-21,2024-12-18,5,32,6
48241,2025,Jasper,12,2025-02-03,2025-12-29,9,46,11
48243,2015,Jeff Davis,16,2015-01-19,2015-12-12,11,57,0
48243,2016,Jeff Davis,20,2016-01-24,2016-12-22,8,74,0
48243,2017,Jeff Davis,22,2017-01-09,2017-12-31,10,85,0
48243,2018,Jeff Davis,18,2018-01-09,2018-12-26,9,62,0
48243,2019,Jeff Davis,18,2019-01-06,2019-12-16,14,60,0
48243,2020,Jeff Davis,21,2020-01-14,2020-12-30,15,107,0
48243,2021,Jeff Davis,17,2021-02-03,2021-12-28,8,62,0
48243,2022,Jeff Davis,13,2022-03-26,2022-12-09,6,49,0
48243,2023,Jeff Davis,16,2023-01-06,2023-12-08,17,98,0
48243,2024,Jeff Davis,26,2024-01-30,2024-12-31,8,91,0
48243,2025,Jeff Davis,18,2025-01-03,2025-12-28,12,81,0
48245,2015,Jefferson,15,2015-01-20,2015-12-27,16,59,0
48245,2016,Jefferson,15,2016-01-30,2016-12-29,6,52,0
48245,2017,Jefferson,18,2017-01-02,2017-12-22,12,66,0
48245,2018,Jefferson,14,2018-02-15,2018-12-02,11,58,0
48245,2019,Jefferson,9,2019-01-07,2019-12-16,10,33,0
48245,2020,Jefferson,9,2020-01-10,2020-11-14,7,28,0
48245,2021,Jefferson,13,2021-01-25,2022-01-02,10,44,0
48245,2022,Jefferson,10,2022-01-19,2022-12-11,19,63,0
48245,2023,Jefferson,17,2023-01-03,2023-11-09,47,128,0
48245,2024,Jefferson,17,2024-02-23,2024-12-28,8,61,0
48245,2025,Jefferson,15,2025-02-03,2025-12-28,9,60,0
48247,2015,Jim Hogg,5,2015-01-28,2015-12-12,4,13,13
48247,2016,Jim Hogg,10,2016-01-31,2016-12-27,4,26,26
48247,2017,Jim Hogg,13,2017-01-02,2017-11-07,6,36,36
48247,2018,Jim Hogg,4,2018-03-17,2018-11-07,6,12,12
48247,2019,Jim Hogg,5,2019-06-07,2019-12-16,14,25,25
48247,2020,Jim Hogg,5,2020-03-24,2020-10-12,5,17,17
48247,2021,Jim Hogg,7,2021-04-09,2022-01-01,8,22,22
48247,2022,Jim Hogg,8,2022-03-26,2022-12-09,7,30,30
48247,2023,Jim Hogg,15,2023-01-01,2023-11-08,22,92,92
48247,2024,Jim Hogg,8,2024-02-25,2024-12-31,8,33,33
48247,2025,Jim Hogg,11,2025-02-03,2025-12-28,7,37,37
48249,2015,Jim Wells,11,2015-01-20,2015-12-27,5,30,0
48249,2016,Jim Wells,13,2016-01-30,2016-12-28,8,46,0
48249,2017,Jim Wells,24,2017-01-02,2017-12-22,8,79,0
48249,2018,Jim Wells,12,2018-02-16,2018-12-02,14,45,0
48249,2019,Jim Wells,13,2019-02-15,2019-12-16,13,44,0
48249,2020,Jim Wells,13,2020-01-14,2020-11-15,6,51,0
48249,2021,Jim Wells,14,2021-01-05,2022-01-02,10,44,0
48249,2022,Jim Wells,14,2022-03-25,2022-12-10,8,59,0
48249,2023,Jim Wells,16,2023-01-01,2023-11-09,27,126,0
48249,2024,Jim Wells,16,2024-02-21,2024-12-31,11,66,0
48249,2025,Jim Wells,21,2025-02-02,2025-12-28,10,80,0
48251,2015,Johnson,8,2015-01-26,2015-12-26,5,30,0
48251,2016,Johnson,9,2016-01-29,2016-12-26,4,24,0
48251,2017,Johnson,11,2017-01-10,2017-12-05,6,35,0
48251,2018,Johnson,5,2018-03-24,2018-07-24,8,27,0
48251,2019,Johnson,3,2019-02-05,2019-10-07,7,13,0
48251,2020,Johnson,10,2020-01-09,2020-12-11,4,26,0
48251,2021,Johnson,7,2021-02-23,2022-01-01,9,29,0
48251,2022,Johnson,13,2022-01-18,2022-12-10,18,75,0
48251,2023,Johnson,16,2023-01-01,2023-12-09,17,76,0
48251,2024,Johnson,7,2024-01-30,2024-12-17,9,27,0
48251,2025,Johnson,15,2025-02-02,2025-12-28,7,49,0
48253,2015,Jones,11,2015-01-27,2015-12-24,5,36,0
48253,2016,Jones,7,2016-01-29,2016-12-26,3,18,0
48253,2017,Jones,17,2017-01-10,2017-12-12,8,47,0
48253,2018,Jones,12,2018-01-21,2018-12-01,8,44,0
48253,2019,Jones,6,2019-04-10,2019-12-26,6,20,0
48253,2020,Jones,12,2020-01-14,2020-12-11,7,38,0
48253,2021,Jones,9,2021-04-26,2021-12-31,8,38,0
48253,2022,Jones,18,2022-01-14,2022-12-07,14,76,0
48253,2023,Jones,24,2023-01-01,2023-12-09,11,85,0
48253,2024,Jones,15,2024-02-21,2024-12-31,14,58,0
48253,2025,Jones,18,2025-02-02,2025-12-29,7,54,0
48255,2015,Karnes,8,2015-01-28,2015-12-24,6,24,24
48255,2016,Karnes,9,2016-01-30,2016-12-28,5,29,29
48255,2017,Karnes,11,2017-01-11,2017-12-05,6,40,40
48255,2018,Karnes,6,2018-03-17,2018-12-02,14,28,28
48255,2019,Karnes,6,2019-04-10,2019-12-15,9,25,25
48255,2020,Karnes,11,2020-01-15,2020-12-10,5,30,30
48255,2021,Karnes,4,2021-12-02,2022-01-01,9,19,19
48255,2022,Karnes,13,2022-03-26,2022-12-10,12,67,67
48255,2023,Karnes,19,2023-01-01,2023-11-08,23,113,113
48255,2024,Karnes,11,2024-02-21,2024-12-31,15,58,58
48255,2025,Karnes,14,2025-02-03,2025-12-28,11,69,69
48257,2015,Kaufman,12,2015-01-17,2015-12-26,6,39,0
48257,2016,Kaufman,10,2016-01-29,2016-12-28,5,25,1
48257,2017,Kaufman,16,2017-01-10,2017-12-11,4,40,0
48257,2018,Kaufman,9,2018-03-16,2018-10-07,11,50,0
48257,2019,Kaufman,11,2019-01-07,2019-12-05,6,30,1
48257,2020,Kaufman,9,2020-02-02,2020-12-10,4,22,0
48257,2021,Kaufman,8,2021-02-23,2022-01-01,10,30,0
48257,2022,Kaufman,14,2022-01-13,2022-12-08,17,78,0
48257,2023,Kaufman,14,2023-01-01,2023-11-08,10,62,0
48257,2024,Kaufman,13,2024-01-29,2024-12-17,7,40,0
48257,2025,Kaufman,16,2025-02-02,2025-12-28,8,57,0
48259,2015,Kendall,11,2015-01-20,2015-12-24,6,37,0
48259,2016,Kendall,14,2016-01-08,2016-12-28,5,40,2
48259,2017,Kendall,18,2017-01-01,2017-12-22,6,54,0
48259,2018,Kendall,12,2018-03-17,2018-12-02,13,69,0
48259,2019,Kendall,16,2019-01-05,2019-12-16,16,75,0
48259,2020,Kendall,20,2020-01-05,2020-12-29,7,66,0
48259,2021,Kendall,15,2021-01-30,2022-01-02,7,53,0
48259,2022,Kendall,23,2022-01-14,2023-01-08,45,154,0
48259,2023,Kendall,14,2023-01-10,2023-11-09,45,138,0
48259,2024,Kendall,20,2024-02-21,2024-12-31,15,93,0
48259,2025,Kendall,19,2025-02-02,2025-12-28,21,110,0
48261,2015,Kenedy,10,2015-01-21,2015-12-28,5,32,2
48261,2016,Kenedy,23,2016-01-31,2016-12-29,9,77,0
48261,2017,Kenedy,24,2017-01-02,2017-12-05,11,87,14
48261,2018,Kenedy,9,2018-03-17,2018-11-07,14,37,37
48261,2019,Kenedy,8,2019-04-09,2019-12-16,13,34,34
48261,2020,Kenedy,15,2020-01-15,2020-12-31,6,48,39
48261,2021,Kenedy,24,2021-01-05,2022-01-02,13,92,2
48261,2022,Kenedy,29,2022-01-06,2022-12-30,10,103,2
48261,2023,Kenedy,24,2023-01-01,2023-12-10,25,157,0
48261,2024,Kenedy,24,2024-01-01,2024-12-31,13,105,2
48261,2025,Kenedy,26,2025-01-05,2025-12-29,14,131,6
48263,2015,Kent,16,2015-01-19,2015-12-24,6,48,0
48263,2016,Kent,13,2016-01-29,2016-11-17,6,39,0
48263,2017,Kent,27,2017-01-10,2017-12-22,6,69,0
48263,2018,Kent,20,2018-01-10,2018-12-01,9,72,0
48263,2019,Kent,15,2019-01-06,2019-12-26,11,56,0
48263,2020,Kent,17,2020-01-14,2020-12-11,11,64,0
48263,2021,Kent,15,2021-04-26,2021-12-25,4,40,0
48263,2022,Kent,24,2022-01-14,2022-12-07,15,96,0
48263,2023,Kent,29,2023-01-01,2023-12-09,11,101,0
48263,2024,Kent,20,2024-01-11,2024-12-31,14,72,0
48263,2025,Kent,17,2025-02-02,2025-12-28,7,61,0
48265,2015,Kerr,11,2015-01-19,2015-12-27,6,40,0
48265,2016,Kerr,10,2016-01-30,2016-12-29,4,33,0
48265,2017,Kerr,18,2017-01-01,2017-12-22,6,54,0
48265,2018,Kerr,14,2018-03-17,2018-12-02,8,45,0
48265,2019,Kerr,13,2019-02-15,2019-12-24,7,42,0
48265,2020,Kerr,15,2020-01-05,2020-12-11,11,53,0
48265,2021,Kerr,10,2021-02-04,2022-01-01,4,28,0
48265,2022,Kerr,12,2022-03-26,2022-12-09,16,75,0
48265,2023,Kerr,19,2023-01-01,2023-11-08,22,114,0
48265,2024,Kerr,15,2024-02-21,2024-12-30,15,68,0
48265,2025,Kerr,18,2025-02-02,2025-12-28,6,70,0
48267,2015,Kimble,14,2015-01-19,2015-12-26,11,52,0
48267,2016,Kimble,15,2016-01-30,2016-12-28,6,58,0
48267,2017,Kimble,19,2017-01-01,2017-12-22,9,69,0
48267,2018,Kimble,14,2018-02-20,2018-11-07,14,59,0
48267,2019,Kimble,17,2019-02-15,2019-12-25,10,62,0
48267,2020,Kimble,14,2020-01-05,2020-12-10,9,53,0
48267,2021,Kimble,11,2021-02-03,2022-01-01,11,44,0
48267,2022,Kimble,15,2022-01-18,2022-12-09,16,83,0
48267,2023,Kimble,17,2023-01-01,2023-11-08,23,104,0
48267,2024,Kimble,15,2024-02-20,2024-12-31,15,67,0
48267,2025,Kimble,15,2025-02-02,2025-12-28,9,68,0
48269,2015,King,13,2015-01-19,2015-12-24,6,41,0
48269,2016,King,9,2016-01-29,2016-12-26,4,25,0
48269,2017,King,19,2017-01-10,2017-12-22,6,52,0
48269,2018,King,14,2018-01-10,2018-07-23,8,49,0
48269,2019,King,9,2019-02-04,2019-12-26,7,28,0
48269,2020,King,12,2020-01-14,2020-12-11,7,38,0
48269,2021,King,11,2021-04-26,2021-12-25,5,30,0
48269,2022,King,16,2022-01-13,2022-08-07,10,69,0
48269,2023,King,22,2023-01-01,2023-12-09,9,74,0
48269,2024,King,14,2024-01-30,2024-12-31,14,54,0
48269,2025,King,16,2025-02-02,2025-12-28,7,50,0
48271,2015,Kinney,4,2015-10-01,2015-12-24,3,10,0
48271,2016,Kinney,2,2016-01-30,2016-03-16,3,5,0
48271,2017,Kinney,12,2017-01-02,2017-12-04,5,35,0
48271,2018,Kinney,9,2018-02-19,2018-12-02,7,34,0
48271,2019,Kinney,4,2019-02-16,2019-12-16,3,11,1
48271,2020,Kinney,7,2020-03-25,2020-12-12,5,21,9
48271,2021,Kinney,7,2021-04-09,2022-01-01,5,20,8
48271,2022,Kinney,14,2022-02-21,2022-12-08,8,50,45
48271,2023,Kinney,15,2023-01-01,2023-11-08,22,89,89
48271,2024,Kinney,13,2024-02-21,2024-12-30,15,55,55
48271,2025,Kinney,15,2025-02-02,2025-12-28,9,59,59
48273,2015,Kleberg,8,2015-01-27,2015-12-27,6,29,0
48273,2016,Kleberg,14,2016-01-31,2016-12-28,8,43,0
48273,2017,Kleberg,28,2017-01-02,2017-12-22,8,96,0
48273,2018,Kleberg,13,2018-02-16,2018-12-02,17,53,0
48273,2019,Kleberg,16,2019-02-15,2019-12-16,7,50,0
48273,2020,Kleberg,16,2020-01-14,2020-12-30,7,60,0
48273,2021,Kleberg,16,2021-01-05,2022-01-02,11,51,0
48273,2022,Kleberg,20,2022-02-22,2022-12-10,11,80,0
48273,2023,Kleberg,16,2023-01-01,2023-11-09,26,149,0
48273,2024,Kleberg,22,2024-02-21,2024-12-31,9,87,0
48273,2025,Kleberg,23,2025-01-05,2025-12-28,10,76,0
48275,2015,Knox,10,2015-01-19,2015-12-13,5,30,2
48275,2016,Knox,10,2016-01-28,2016-12-23,5,31,0
48275,2017,Knox,14,2017-01-10,2017-12-12,6,38,19
48275,2018,Knox,16,2018-01-10,2018-09-02,6,48,7
48275,2019,Knox,8,2019-01-07,2019-12-25,8,25,3
48275,2020,Knox,10,2020-01-14,2020-12-30,7,30,5
48275,2021,Knox,10,2021-04-26,2022-01-01,9,34,0
48275,2022,Knox,19,2022-01-14,2022-11-11,9,81,1
48275,2023,Knox,19,2023-01-01,2023-11-09,14,76,0
48275,2024,Knox,14,2024-01-30,2024-10-29,15,59,0
48275,2025,Knox,17,2025-02-02,2025-12-28,7,55,0
48277,2015,Lamar,9,2015-01-19,2015-12-27,6,35,0
48277,2016,Lamar,12,2016-01-29,2016-12-28,4,38,0
48277,2017,Lamar,10,2017-01-10,2017-12-04,6,31,0
48277,2018,Lamar,8,2018-03-16,2018-10-08,9,36,0
48277,2019,Lamar,6,2019-01-06,2019-12-26,4,19,0
48277,2020,Lamar,8,2020-01-15,2020-12-23,4,20,0
48277,2021,Lamar,11,2021-02-23,2022-01-01,9,38,0
48277,2022,Lamar,22,2022-01-13,2022-12-10,8,83,0
48277,2023,Lamar,16,2023-01-01,2023-12-09,5,49,0
48277,2024,Lamar,15,2024-01-30,2024-12-17,8,53,0
48277,2025,Lamar,13,2025-02-03,2025-12-28,8,47,0
48279,2015,Lamb,14,2015-01-19,2015-12-12,5,36,0
48279,2016,Lamb,10,2016-01-24,2016-11-18,5,31,0
48279,2017,Lamb,15,2017-02-06,2017-12-22,8,52,0
48279,2018,Lamb,16,2018-01-10,2018-08-05,8,49,0
48279,2019,Lamb,16,2019-01-05,2019-12-25,7,46,0
48279,2020,Lamb,17,2020-01-14,2020-12-11,11,61,0
48279,2021,Lamb,14,2021-04-26,2021-12-27,6,43,0
48279,2022,Lamb,19,2022-01-14,2022-12-07,7,61,0
48279,2023,Lamb,19,2023-01-01,2023-12-09,11,67,0
48279,2024,Lamb,21,2024-01-18,2024-12-31,12,70,0
48279,2025,Lamb,18,2025-02-03,2025-12-28,6,54,0
48281,2015,Lampasas,9,2015-01-27,2015-12-24,7,34,34
48281,2016,Lampasas,10,2016-01-29,2016-12-28,4,29,29
48281,2017,Lampasas,16,2017-01-10,2017-12-05,7,48,48
48281,2018,Lampasas,9,2018-03-17,2018-07-26,10,41,41
48281,2019,Lampasas,5,2019-02-05,2019-10-06,6,21,21
48281,2020,Lampasas,11,2020-03-11,2020-12-10,6,32,32
48281,2021,Lampasas,9,2021-02-23,2022-01-01,10,32,32
48281,2022,Lampasas,17,2022-01-18,2023-01-02,16,86,15
48281,2023,Lampasas,16,2023-01-09,2023-11-08,37,98,4
48281,2024,Lampasas,14,2024-01-29,2024-12-30,15,64,49
48281,2025,Lampasas,18,2025-02-02,2025-12-28,8,70,40
48283,2015,La Salle,14,2015-01-19,2015-12-26,9,47,0
48283,2016,La Salle,19,2016-01-29,2016-12-28,8,74,0
48283,2017,La Salle,27,2017-01-01,2017-12-22,6,83,0
48283,2018,La Salle,9,2018-02-18,2018-12-02,10,34,0
48283,2019,La Salle,19,2019-04-30,2019-12-16,15,77,0
48283,2020,La Salle,24,2020-01-05,2020-12-29,8,83,0
48283,2021,La Salle,23,2021-01-24,2022-01-01,11,85,0
48283,2022,La Salle,25,2022-01-05,2023-01-06,24,127,0
48283,2023,La Salle,18,2023-01-10,2023-11-08,23,129,2
48283,2024,La Salle,23,2024-02-20,2024-12-30,11,88,0
48283,2025,La Salle,22,2025-02-02,2025-12-27,14,93,0
48285,2015,Lavaca,10,2015-01-27,2015-12-25,11,43,0
48285,2016,Lavaca,12,2016-01-30,2016-12-28,9,44,0
48285,2017,Lavaca,31,2017-01-01,2017-12-22,9,109,0
48285,2018,Lavaca,13,2018-02-23,2018-11-07,21,75,0
48285,2019,Lavaca,18,2019-01-05,2019-12-15,12,67,0
48285,2020,Lavaca,21,2020-01-05,2020-12-10,7,69,0
48285,2021,Lavaca,13,2021-01-18,2022-01-01,10,44,0
48285,2022,Lavaca,18,2022-01-18,2023-01-07,17,110,0
48285,2023,Lavaca,17,2023-01-10,2023-12-09,44,140,0
48285,2024,Lavaca,19,2024-02-20,2024-12-17,16,79,0
48285,2025,Lavaca,24,2025-01-04,2025-12-28,11,104,1
48287,2015,Lee,9,2015-01-27,2015-12-24,6,29,0
48287,2016,Lee,11,2016-01-30,2016-12-28,4,33,0
48287,2017,Lee,15,2017-01-10,2017-12-05,6,49,0
48287,2018,Lee,11,2018-02-18,2018-08-22,6,34,0
48287,2019,Lee,7,2019-03-09,2019-10-06,22,53,0
48287,2020,Lee,18,2020-03-12,2020-12-29,10,72,0
48287,2021,Lee,5,2021-04-08,2022-01-01,7,17,0
48287,2022,Lee,19,2022-02-21,2022-12-10,21,89,0
48287,2023,Lee,21,2023-01-01,2023-12-09,17,103,0
48287,2024,Lee,15,2024-02-21,2024-12-28,15,55,7
48287,2025,Lee,17,2025-02-02,2025-12-28,12,73,0
48289,2015,Leon,7,2015-01-28,2015-12-28,7,28,1
48289,2016,Leon,11,2016-01-30,2016-12-30,5,32,0
48289,2017,Leon,15,2017-01-11,2017-12-06,6,50,0
48289,2018,Leon,6,2018-03-11,2018-07-24,6,23,0
48289,2019,Leon,3,2019-09-05,2019-12-10,12,20,0
48289,2020,Leon,11,2020-01-07,2020-12-11,7,38,0
48289,2021,Leon,7,2021-02-24,2022-01-03,10,22,0
48289,2022,Leon,19,2022-01-14,2022-12-15,10,76,6
48289,2023,Leon,22,2023-01-03,2023-12-11,17,101,1
48289,2024,Leon,12,2024-01-31,2024-12-31,15,56,0
48289,2025,Leon,19,2025-02-03,2025-12-29,10,68,1
48291,2015,Liberty,10,2015-01-28,2015-12-27,12,47,0
48291,2016,Liberty,18,2016-01-30,2016-12-29,8,72,0
48291,2017,Liberty,17,2017-01-02,2017-12-22,7,57,0
48291,2018,Liberty,14,2018-02-15,2018-11-07,10,56,0
48291,2019,Liberty,6,2019-04-09,2019-12-16,16,36,0
48291,2020,Liberty,13,2020-01-10,2020-12-10,8,49,0
48291,2021,Liberty,13,2021-01-25,2022-01-02,10,44,0
48291,2022,Liberty,17,2022-01-19,2022-12-10,14,86,0
48291,2023,Liberty,15,2023-01-01,2023-11-09,50,125,0
48291,2024,Liberty,18,2024-02-21,2024-12-28,8,65,0
48291,2025,Liberty,19,2025-02-03,2025-12-28,11,79,1
48293,2015,Limestone,7,2015-01-27,2015-12-26,5,26,26
48293,2016,Limestone,7,2016-01-29,2016-12-28,4,21,21
48293,2017,Limestone,11,2017-01-10,2017-12-05,7,38,38
48293,2018,Limestone,9,2018-02-19,2018-07-24,7,34,34
48293,2019,Limestone,3,2019-02-05,2019-10-06,6,12,12
48293,2020,Limestone,6,2020-03-11,2020-12-10,5,16,16
48293,2021,Limestone,6,2021-10-08,2022-01-01,9,24,24
48293,2022,Limestone,21,2022-02-21,2023-01-03,15,84,13
48293,2023,Limestone,19,2023-01-10,2023-11-08,17,88,0
48293,2024,Limestone,15,2024-01-30,2024-12-28,7,47,0
48293,2025,Limestone,13,2025-02-02,2025-12-26,7,43,6
48295,2015,Lipscomb,15,2015-01-19,2015-12-12,8,48,0
48295,2016,Lipscomb,16,2016-01-29,2016-12-25,4,39,0
48295,2017,Lipscomb,15,2017-01-10,2017-12-04,8,44,2
48295,2018,Lipscomb,13,2018-01-09,2018-10-03,9,44,0
48295,2019,Lipscomb,9,2019-01-05,2019-12-25,7,27,0
48295,2020,Lipscomb,11,2020-03-25,2020-12-10,7,36,0
48295,2021,Lipscomb,13,2021-02-23,2021-12-27,6,42,0
48295,2022,Lipscomb,26,2022-01-11,2022-12-03,6,77,0
48295,2023,Lipscomb,17,2023-01-09,2023-12-08,5,51,0
48295,2024,Lipscomb,19,2024-01-29,2024-11-03,5,54,0
48295,2025,Lipscomb,15,2025-02-02,2025-12-28,6,51,0
48297,2015,Live Oak,10,2015-01-20,2015-12-27,5,29,0
48297,2016,Live Oak,12,2016-01-30,2016-12-28,4,35,0
48297,2017,Live Oak,21,2017-01-02,2017-12-05,7,71,0
48297,2018,Live Oak,9,2018-02-16,2018-09-03,5,26,0
48297,2019,Live Oak,9,2019-03-13,2019-12-16,9,28,0
48297,2020,Live Oak,10,2020-01-15,2020-10-12,5,29,0
48297,2021,Live Oak,8,2021-01-25,2022-01-02,11,31,0
48297,2022,Live Oak,17,2022-01-19,2023-01-07,9,65,0
48297,2023,Live Oak,16,2023-01-11,2023-12-09,21,109,0
48297,2024,Live Oak,17,2024-02-21,2024-12-31,15,80,0
48297,2025,Live Oak,24,2025-02-02,2025-12-29,15,129,0
48299,2015,Llano,13,2015-01-19,2015-12-27,8,46,0
48299,2016,Llano,13,2016-01-29,2017-01-01,5,36,0
48299,2017,Llano,17,2017-01-10,2017-12-04,6,50,0
48299,2018,Llano,11,2018-01-20,2018-11-07,13,49,0
48299,2019,Llano,10,2019-02-03,2019-12-15,6,31,0
48299,2020,Llano,12,2020-01-05,2020-12-10,7,35,0
48299,2021,Llano,6,2021-04-08,2022-01-01,10,26,0
48299,2022,Llano,18,2022-01-18,2022-12-10,16,91,0
48299,2023,Llano,18,2023-01-01,2023-11-08,45,111,0
48299,2024,Llano,9,2024-02-20,2024-12-30,15,42,0
48299,2025,Llano,20,2025-02-01,2025-12-28,8,77,0
48301,2015,Loving,13,2015-01-19,2015-12-12,10,45,45
48301,2016,Loving,16,2016-01-29,2016-11-17,6,49,49
48301,2017,Loving,17,2017-01-10,2017-12-04,7,57,57
48301,2018,Loving,11,2018-01-09,2018-10-05,9,41,41
48301,2019,Loving,18,2019-01-06,2019-12-15,8,51,51
48301,2020,Loving,16,2020-01-14,2020-12-11,12,65,65
48301,2021,Loving,15,2021-02-03,2021-12-28,7,54,54
48301,2022,Loving,16,2022-02-15,2022-12-07,9,63,63
48301,2023,Loving,20,2023-01-01,2023-12-08,16,96,96
48301,2024,Loving,22,2024-02-20,2024-12-30,14,84,84
48301,2025,Loving,16,2025-02-02,2025-12-28,10,64,64
48303,2015,Lubbock,14,2015-01-18,2015-12-12,5,40,0
48303,2016,Lubbock,8,2016-01-29,2016-11-17,5,28,0
48303,2017,Lubbock,21,2017-01-30,2017-12-21,6,59,0
48303,2018,Lubbock,15,2018-01-09,2018-07-22,8,47,0
48303,2019,Lubbock,14,2019-01-05,2019-12-24,6,37,0
48303,2020,Lubbock,17,2020-01-13,2020-12-10,11,56,0
48303,2021,Lubbock,13,2021-04-25,2021-12-24,3,33,0
48303,2022,Lubbock,21,2022-01-13,2023-01-02,5,61,0
48303,2023,Lubbock,23,2023-01-09,2023-12-08,9,83,0
48303,2024,Lubbock,19,2024-02-20,2024-12-30,11,66,0
48303,2025,Lubbock,20,2025-02-02,2025-12-27,7,63,0
48305,2015,Lynn,16,2015-01-27,2015-12-13,6,47,0
48305,2016,Lynn,11,2016-01-29,2016-12-22,7,38,0
48305,2017,Lynn,18,2017-01-10,2017-12-22,6,52,0
48305,2018,Lynn,21,2018-01-10,2018-12-01,8,64,0
48305,2019,Lynn,14,2019-01-17,2019-09-20,6,42,0
48305,2020,Lynn,19,2020-01-14,2020-12-23,9,58,0
48305,2021,Lynn,11,2021-04-26,2021-12-25,5,31,0
48305,2022,Lynn,17,2022-01-14,2022-12-07,9,60,0
48305,2023,Lynn,19,2023-01-01,2023-12-09,10,70,0
48305,2024,Lynn,20,2024-01-30,2024-12-31,11,66,0
48305,2025,Lynn,17,2025-02-03,2025-12-28,6,52,0
48307,2015,McCulloch,12,2015-01-27,2015-12-24,8,43,0
48307,2016,McCulloch,8,2016-01-30,2016-11-16,3,20,0
48307,2017,McCulloch,13,2017-01-10,2017-12-02,6,35,0
48307,2018,McCulloch,9,2018-03-24,2018-07-23,6,26,0
48307,2019,McCulloch,6,2019-02-04,2019-12-15,3,13,0
48307,2020,McCulloch,10,2020-01-14,2020-12-10,3,24,0
48307,2021,McCulloch,7,2021-04-08,2022-01-01,5,23,0
48307,2022,McCulloch,15,2022-01-13,2023-01-02,9,50,0
48307,2023,McCulloch,15,2023-01-09,2023-11-08,11,64,0
48307,2024,McCulloch,17,2024-02-20,2024-12-31,10,64,0
48307,2025,McCulloch,19,2025-02-03,2025-12-28,8,71,22
48309,2015,McLennan,10,2015-01-26,2015-12-24,7,40,0
48309,2016,McLennan,14,2016-01-29,2017-01-02,10,50,0
48309,2017,McLennan,17,2017-01-10,2017-12-05,7,54,0
48309,2018,McLennan,10,2018-03-16,2018-10-07,15,73,0
48309,2019,McLennan,9,2019-02-04,2019-12-09,10,35,0
48309,2020,McLennan,15,2020-01-05,2020-12-23,5,44,0
48309,2021,McLennan,14,2021-02-23,2022-01-01,10,43,0
48309,2022,McLennan,24,2022-01-13,2023-01-04,26,136,0
48309,2023,McLennan,17,2023-01-09,2023-11-08,18,110,0
48309,2024,McLennan,21,2024-01-29,2024-12-30,9,80,0
48309,2025,McLennan,17,2025-02-01,2025-12-28,10,69,0
48311,2015,McMullen,9,2015-01-28,2015-12-27,4,21,0
48311,2016,McMullen,9,2016-02-01,2016-12-29,5,28,0
48311,2017,McMullen,20,2017-01-02,2017-12-05,8,70,0
48311,2018,McMullen,10,2018-02-19,2018-12-02,9,36,0
48311,2019,McMullen,12,2019-06-07,2019-12-16,9,42,0
48311,2020,McMullen,14,2020-01-06,2020-10-12,3,30,0
48311,2021,McMullen,9,2021-04-09,2022-01-02,9,28,0
48311,2022,McMullen,16,2022-02-22,2022-12-11,11,72,0
48311,2023,McMullen,20,2023-01-01,2023-11-09,19,95,0
48311,2024,McMullen,12,2024-02-21,2024-12-31,12,48,0
48311,2025,McMullen,20,2025-02-03,2025-12-29,9,77,0
48313,2015,Madison,6,2015-01-28,2015-12-27,5,18,0
48313,2016,Madison,6,2016-01-30,2016-12-27,3,14,1
48313,2017,Madison,9,2017-01-11,2017-11-19,6,25,0
48313,2018,Madison,8,2018-02-19,2018-12-02,4,21,0
48313,2019,Madison,5,2019-04-10,2019-12-16,8,22,2
48313,2020,Madison,8,2020-03-13,2020-11-16,4,21,0
48313,2021,Madison,6,2021-02-05,2022-01-02,7,19,3
48313,2022,Madison,15,2022-01-15,2022-12-10,9,58,9
48313,2023,Madison,14,2023-01-01,2023-12-10,16,63,7
48313,2024,Madison,11,2024-02-22,2024-12-18,8,35,9
48313,2025,Madison,12,2025-02-03,2025-12-29,9,47,7
48315,2015,Marion,12,2015-01-19,2015-12-28,9,52,5
48315,2016,Marion,15,2016-01-26,2016-12-27,6,45,1
48315,2017,Marion,18,2017-01-11,2017-12-23,7,57,4
48315,2018,Marion,12,2018-02-20,2018-10-08,12,51,0
48315,2019,Marion,11,2019-02-05,2019-12-26,9,37,4
48315,2020,Marion,4,2020-03-11,2020-12-11,4,11,0
48315,2021,Marion,10,2021-02-24,2022-01-02,10,35,0
48315,2022,Marion,15,2022-02-22,2022-12-09,16,67,1
48315,2023,Marion,16,2023-01-02,2023-11-09,11,58,1
48315,2024,Marion,12,2024-02-21,2024-12-18,9,39,2
48315,2025,Marion,12,2025-02-06,2025-12-29,8,42,6
48317,2015,Martin,14,2015-01-19,2015-12-12,6,44,44
48317,2016,Martin,12,2016-01-29,2016-11-17,8,43,43
48317,2017,Martin,14,2017-01-10,2017-12-04,7,50,50
48317,2018,Martin,15,2018-01-09,2018-10-05,9,52,52
48317,2019,Martin,19,2019-01-06,2019-12-25,8,55,55
48317,2020,Martin,14,2020-01-14,2020-12-11,12,68,68
48317,2021,Martin,13,2021-04-26,2021-12-30,9,49,49
48317,2022,Martin,16,2022-01-13,2022-12-07,14,76,76
48317,2023,Martin,21,2023-01-01,2023-12-08,15,96,96
48317,2024,Martin,19,2024-02-20,2024-12-30,14,77,77
48317,2025,Martin,17,2025-02-02,2025-12-28,9,68,68
48319,2015,Mason,13,2015-01-19,2015-12-24,10,53,0
48319,2016,Mason,15,2016-01-29,2016-11-17,6,46,1
48319,2017,Mason,19,2017-01-10,2017-12-22,6,55,0
48319,2018,Mason,12,2018-03-17,2018-11-07,10,52,0
48319,2019,Mason,11,2019-04-09,2019-12-15,8,40,0
48319,2020,Mason,16,2020-01-05,2020-12-28,7,56,0
48319,2021,Mason,11,2021-04-08,2022-01-01,11,48,0
48319,2022,Mason,17,2022-01-18,2022-12-10,21,111,0
48319,2023,Mason,17,2023-01-01,2023-11-08,51,121,0
48319,2024,Mason,18,2024-02-19,2024-12-31,15,75,0
48319,2025,Mason,16,2025-02-02,2025-12-28,13,80,0
48321,2015,Matagorda,15,2015-01-27,2015-12-27,7,49,0
48321,2016,Matagorda,15,2016-02-15,2016-12-28,7,52,0
48321,2017,Matagorda,18,2017-01-01,2017-12-22,12,79,0
48321,2018,Matagorda,14,2018-02-15,2018-12-02,11,70,0
48321,2019,Matagorda,17,2019-01-07,2019-12-28,11,66,0
48321,2020,Matagorda,16,2020-01-09,2020-11-14,10,73,0
48321,2021,Matagorda,9,2021-01-25,2022-01-02,9,36,0
48321,2022,Matagorda,17,2022-01-08,2022-12-10,19,93,0
48321,2023,Matagorda,13,2023-01-01,2023-11-09,69,140,0
48321,2024,Matagorda,16,2024-02-23,2024-12-18,11,74,0
48321,2025,Matagorda,17,2025-01-04,2025-12-28,11,79,0
48323,2015,Maverick,3,2015-01-28,2015-11-04,2,6,2
48323,2016,Maverick,10,2016-01-30,2016-12-11,4,25,0
48323,2017,Maverick,14,2017-01-02,2017-12-05,6,38,0
48323,2018,Maverick,8,2018-02-20,2018-07-24,6,22,3
48323,2019,Maverick,3,2019-10-01,2019-12-15,3,7,7
48323,2020,Maverick,5,2020-03-25,2020-12-10,3,14,14
48323,2021,Maverick,6,2021-11-16,2022-01-01,5,20,20
48323,2022,Maverick,9,2022-03-26,2022-12-09,5,29,29
48323,2023,Maverick,14,2023-01-01,2023-11-08,14,63,63
48323,2024,Maverick,9,2024-02-21,2024-12-31,7,34,34
48323,2025,Maverick,8,2025-02-03,2025-12-28,9,33,33
48325,2015,Medina,8,2015-01-27,2015-12-27,8,31,0
48325,2016,Medina,13,2016-01-30,2016-12-28,5,46,0
48325,2017,Medina,24,2017-01-01,2017-12-22,14,94,0
48325,2018,Medina,14,2018-02-19,2018-12-02,10,51,0
48325,2019,Medina,12,2019-01-06,2019-12-15,7,47,0
48325,2020,Medina,23,2020-01-10,2020-12-29,10,81,0
48325,2021,Medina,17,2021-01-25,2022-01-01,9,62,0
48325,2022,Medina,23,2022-01-05,2023-01-08,24,120,1
48325,2023,Medina,18,2023-01-10,2023-11-08,23,121,0
48325,2024,Medina,18,2024-02-20,2024-12-30,15,79,0
48325,2025,Medina,24,2025-02-02,2025-12-28,15,97,2
48327,2015,Menard,13,2015-01-20,2015-12-25,11,48,0
48327,2016,Menard,10,2016-01-30,2016-12-27,4,30,0
48327,2017,Menard,18,2017-01-11,2017-12-05,6,53,0
48327,2018,Menard,11,2018-03-18,2018-12-01,8,35,0
48327,2019,Menard,9,2019-04-10,2019-12-16,7,28,0
48327,2020,Menard,11,2020-01-06,2020-12-11,5,31,0
48327,2021,Menard,8,2021-04-09,2022-01-02,11,31,3
48327,2022,Menard,16,2022-01-19,2022-12-07,16,63,1
48327,2023,Menard,20,2023-01-01,2023-12-10,16,91,1
48327,2024,Menard,18,2024-02-21,2024-12-31,9,59,0
48327,2025,Menard,18,2025-02-03,2025-12-29,7,59,0
48329,2015,Midland,13,2015-01-27,2015-12-12,11,47,0
48329,2016,Midland,17,2016-01-29,2016-12-17,8,57,0
48329,2017,Midland,17,2017-01-09,2017-12-04,8,57,0
48329,2018,Midland,13,2018-01-09,2018-10-05,9,49,0
48329,2019,Midland,19,2019-01-17,2019-12-15,9,58,0
48329,2020,Midland,19,2020-01-13,2020-12-10,11,70,0
48329,2021,Midland,11,2021-04-26,2021-12-28,7,39,0
48329,2022,Midland,13,2022-03-26,2022-12-08,9,49,0
48329,2023,Midland,17,2023-01-01,2023-12-08,15,89,0
48329,2024,Midland,14,2024-02-20,2024-12-30,11,46,0
48329,2025,Midland,17,2025-02-02,2025-12-28,7,64,0
48331,2015,Milam,10,2015-01-27,2015-12-24,8,34,34
48331,2016,Milam,12,2016-01-29,2016-12-28,4,34,31
48331,2017,Milam,19,2017-01-10,2017-12-04,7,56,40
48331,2018,Milam,13,2018-02-18,2018-11-07,15,71,0
48331,2019,Milam,8,2019-04-09,2019-11-06,12,32,0
48331,2020,Milam,16,2020-03-11,2020-12-10,8,51,0
48331,2021,Milam,12,2021-02-27,2022-01-01,9,38,0
48331,2022,Milam,24,2022-01-13,2023-01-02,19,119,15
48331,2023,Milam,16,2023-01-10,2023-11-08,38,103,4
48331,2024,Milam,19,2024-01-30,2024-12-28,15,78,0
48331,2025,Milam,22,2025-02-02,2025-12-28,12,87,0
48333,2015,Mills,12,2015-01-20,2015-12-27,7,40,0
48333,2016,Mills,10,2016-01-30,2016-12-18,3,24,0
48333,2017,Mills,9,2017-01-11,2017-11-07,7,31,0
48333,2018,Mills,11,2018-01-21,2018-11-07,13,45,1
48333,2019,Mills,12,2019-02-05,2019-12-16,7,34,0
48333,2020,Mills,10,2020-01-15,2020-12-11,6,28,0
48333,2021,Mills,9,2021-04-09,2022-01-02,10,36,0
48333,2022,Mills,20,2022-01-14,2023-01-03,16,85,0
48333,2023,Mills,16,2023-01-10,2023-11-09,19,91,1
48333,2024,Mills,10,2024-02-21,2024-12-31,6,39,0
48333,2025,Mills,18,2025-02-03,2025-12-28,15,75,45
48335,2015,Mitchell,10,2015-01-19,2015-12-12,6,32,32
48335,2016,Mitchell,9,2016-01-29,2016-11-17,4,22,22
48335,2017,Mitchell,11,2017-01-10,2017-12-04,6,34,34
48335,2018,Mitchell,10,2018-01-20,2018-10-04,8,34,34
48335,2019,Mitchell,6,2019-02-04,2019-10-06,7,21,21
48335,2020,Mitchell,11,2020-01-14,2020-12-10,8,40,40
48335,2021,Mitchell,8,2021-04-26,2021-12-30,9,30,30
48335,2022,Mitchell,14,2022-01-18,2022-12-07,9,64,64
48335,2023,Mitchell,18,2023-01-01,2023-12-08,15,78,78
48335,2024,Mitchell,16,2024-02-20,2024-12-16,14,60,60
48335,2025,Mitchell,15,2025-02-02,2025-12-28,7,52,52
48337,2015,Montague,12,2015-01-18,2015-12-26,6,39,0
48337,2016,Montague,8,2016-01-29,2016-12-29,5,26,0
48337,2017,Montague,14,2017-01-10,2017-12-12,8,41,0
48337,2018,Montague,12,2018-01-21,2018-12-01,10,51,0
48337,2019,Montague,8,2019-01-06,2019-12-26,7,24,0
48337,2020,Montague,13,2020-01-09,2020-12-22,5,36,0
48337,2021,Montague,7,2021-02-23,2021-12-30,8,27,0
48337,2022,Montague,18,2022-01-13,2022-11-09,10,73,0
48337,2023,Montague,20,2023-01-01,2023-11-09,15,88,0
48337,2024,Montague,14,2024-01-11,2024-12-30,13,55,0
48337,2025,Montague,13,2025-02-02,2025-12-28,7,47,0
48339,2015,Montgomery,11,2015-01-27,2015-12-27,6,40,0
48339,2016,Montgomery,15,2016-01-29,2016-12-28,7,60,0
48339,2017,Montgomery,23,2017-01-02,2017-12-22,7,71,0
48339,2018,Montgomery,16,2018-02-15,2018-12-02,7,57,0
48339,2019,Montgomery,9,2019-02-05,2019-12-16,9,34,0
48339,2020,Montgomery,14,2020-01-15,2020-12-10,6,50,0
48339,2021,Montgomery,13,2021-01-25,2022-01-01,10,47,0
48339,2022,Montgomery,18,2022-02-21,2023-01-03,23,107,0
48339,2023,Montgomery,16,2023-01-06,2023-12-09,47,122,0
48339,2024,Montgomery,12,2024-02-21,2024-12-17,15,54,0
48339,2025,Montgomery,18,2025-02-02,2025-12-28,15,88,0
48341,2015,Moore,13,2015-01-19,2015-12-12,6,40,0
48341,2016,Moore,16,2016-01-30,2016-12-25,5,46,2
48341,2017,Moore,16,2017-01-31,2017-12-12,8,48,37
48341,2018,Moore,16,2018-01-10,2018-10-04,7,45,0
48341,2019,Moore,17,2019-01-06,2019-12-25,7,46,1
48341,2020,Moore,15,2020-03-26,2020-12-10,7,53,0
48341,2021,Moore,19,2021-04-06,2021-12-27,4,52,10
48341,2022,Moore,21,2022-01-08,2022-12-07,6,62,1
48341,2023,Moore,24,2023-01-01,2023-12-08,13,88,88
48341,2024,Moore,20,2024-01-29,2024-12-30,11,83,83
48341,2025,Moore,15,2025-02-02,2025-12-28,9,62,62
48343,2015,Morris,11,2015-01-19,2015-12-27,6,42,0
48343,2016,Morris,11,2016-01-29,2016-12-27,5,36,0
48343,2017,Morris,12,2017-01-10,2017-12-22,6,35,0
48343,2018,Morris,7,2018-02-20,2018-10-06,8,25,0
48343,2019,Morris,5,2019-02-05,2019-12-10,6,17,0
48343,2020,Morris,4,2020-01-10,2020-12-10,3,10,0
48343,2021,Morris,9,2021-02-23,2022-01-01,10,33,0
48343,2022,Morris,15,2022-02-21,2022-12-29,6,49,1
48343,2023,Morris,16,2023-01-01,2023-11-08,10,55,0
48343,2024,Morris,11,2024-01-29,2024-12-17,4,33,0
48343,2025,Morris,15,2025-02-02,2025-12-28,8,48,0
48345,2015,Motley,12,2015-01-19,2015-12-13,5,33,0
48345,2016,Motley,11,2016-01-30,2016-12-22,4,29,0
48345,2017,Motley,13,2017-02-06,2017-12-05,6,39,0
48345,2018,Motley,18,2018-01-10,2018-12-01,8,55,0
48345,2019,Motley,11,2019-01-06,2019-12-25,6,32,0
48345,2020,Motley,17,2020-01-14,2020-12-11,8,54,0
48345,2021,Motley,10,2021-04-26,2021-12-27,5,32,0
48345,2022,Motley,19,2022-01-14,2022-12-07,8,70,0
48345,2023,Motley,17,2023-01-01,2023-11-09,7,55,0
48345,2024,Motley,17,2024-02-21,2024-10-25,15,63,0
48345,2025,Motley,16,2025-02-03,2025-12-28,7,47,0
48347,2015,Nacogdoches,5,2015-01-28,2015-12-26,4,14,2
48347,2016,Nacogdoches,6,2016-01-30,2016-11-03,6,18,0
48347,2017,Nacogdoches,11,2017-01-10,2017-12-22,7,35,0
48347,2018,Nacogdoches,9,2018-02-14,2018-07-26,4,22,0
48347,2019,Nacogdoches,4,2019-02-05,2019-12-10,8,21,0
48347,2020,Nacogdoches,4,2020-03-24,2020-12-29,5,14,0
48347,2021,Nacogdoches,10,2021-02-23,2022-01-01,7,29,1
48347,2022,Nacogdoches,18,2022-01-13,2022-12-10,18,89,0
48347,2023,Nacogdoches,16,2023-01-01,2023-10-21,22,78,0
48347,2024,Nacogdoches,12,2024-01-30,2024-12-18,4,31,2
48347,2025,Nacogdoches,17,2025-02-03,2025-12-28,10,67,0
48349,2015,Navarro,10,2015-01-27,2015-12-27,6,36,0
48349,2016,Navarro,10,2016-01-29,2016-12-29,5,32,0
48349,2017,Navarro,15,2017-01-01,2017-12-05,6,42,0
48349,2018,Navarro,10,2018-03-17,2018-10-07,14,51,0
48349,2019,Navarro,5,2019-02-05,2019-10-07,7,20,0
48349,2020,Navarro,10,2020-01-15,2020-12-11,4,25,0
48349,2021,Navarro,7,2021-06-14,2022-01-01,10,30,0
48349,2022,Navarro,15,2022-01-18,2022-12-10,18,83,0
48349,2023,Navarro,20,2023-01-01,2023-12-09,18,88,0
48349,2024,Navarro,14,2024-01-30,2024-12-18,8,53,0
48349,2025,Navarro,13,2025-02-02,2025-12-28,10,61,0
48351,2015,Newton,12,2015-01-27,2015-12-27,12,53,0
48351,2016,Newton,18,2016-01-20,2016-12-28,10,74,2
48351,2017,Newton,18,2017-01-01,2017-12-20,7,67,0
48351,2018,Newton,10,2018-02-14,2018-12-02,12,46,0
48351,2019,Newton,9,2019-01-07,2019-12-16,8,29,0
48351,2020,Newton,11,2020-01-05,2020-12-10,7,33,0
48351,2021,Newton,12,2021-01-25,2022-01-01,9,44,0
48351,2022,Newton,22,2022-01-05,2022-12-10,18,91,0
48351,2023,Newton,24,2023-01-01,2023-11-09,46,145,1
48351,2024,Newton,19,2024-01-30,2024-12-28,8,56,0
48351,2025,Newton,17,2025-01-29,2025-12-28,15,68,1
48353,2015,Nolan,10,2015-01-28,2015-12-13,5,32,3
48353,2016,Nolan,12,2016-01-30,2016-11-17,9,38,1
48353,2017,Nolan,16,2017-01-10,2017-12-22,7,44,1
48353,2018,Nolan,13,2018-01-10,2018-09-02,9,44,2
48353,2019,Nolan,8,2019-04-10,2019-10-07,7,29,1
48353,2020,Nolan,15,2020-01-14,2020-12-11,10,56,6
48353,2021,Nolan,10,2021-04-26,2021-12-27,4,31,0
48353,2022,Nolan,18,2022-01-14,2022-12-08,10,80,0
48353,2023,Nolan,16,2023-01-02,2023-12-09,21,83,0
48353,2024,Nolan,16,2024-02-21,2024-12-31,14,61,0
48353,2025,Nolan,16,2025-02-03,2025-12-29,7,51,0
48355,2015,Nueces,5,2015-01-27,2015-12-26,4,14,0
48355,2016,Nueces,8,2016-02-15,2016-11-29,5,24,0
48355,2017,Nueces,17,2017-01-02,2017-12-05,7,63,0
48355,2018,Nueces,10,2018-02-16,2018-12-02,6,33,0
48355,2019,Nueces,10,2019-03-13,2019-12-16,7,32,0
48355,2020,Nueces,14,2020-01-14,2020-11-15,6,45,0
48355,2021,Nueces,13,2021-01-25,2022-01-02,9,43,0
48355,2022,Nueces,8,2022-03-25,2022-12-13,7,25,0
48355,2023,Nueces,19,2023-01-01,2023-12-09,21,109,0
48355,2024,Nueces,20,2024-02-24,2024-12-30,13,93,0
48355,2025,Nueces,16,2025-02-03,2025-12-28,9,69,0
48357,2015,Ochiltree,11,2015-01-19,2015-12-12,8,38,4
48357,2016,Ochiltree,19,2016-01-29,2016-11-17,5,52,2
48357,2017,Ochiltree,28,2017-01-10,2017-12-20,8,73,15
48357,2018,Ochiltree,19,2018-01-09,2018-12-16,10,61,0
48357,2019,Ochiltree,13,2019-01-05,2019-12-26,5,31,0
48357,2020,Ochiltree,14,2020-01-13,2020-12-22,7,35,0
48357,2021,Ochiltree,14,2021-04-25,2021-12-26,5,43,0
48357,2022,Ochiltree,20,2022-01-17,2022-12-29,6,63,38
48357,2023,Ochiltree,24,2023-01-01,2023-12-21,9,83,83
48357,2024,Ochiltree,22,2024-01-29,2024-12-31,13,85,85
48357,2025,Ochiltree,16,2025-02-02,2025-12-28,8,59,59
48359,2015,Oldham,16,2015-01-18,2015-12-20,6,50,0
48359,2016,Oldham,17,2016-01-23,2016-12-28,5,49,0
48359,2017,Oldham,18,2017-01-30,2017-12-11,5,50,0
48359,2018,Oldham,18,2018-01-09,2018-10-03,5,47,0
48359,2019,Oldham,12,2019-01-05,2019-12-24,7,41,0
48359,2020,Oldham,18,2020-03-25,2020-12-09,7,58,0
48359,2021,Oldham,14,2021-04-05,2021-12-26,6,41,0
48359,2022,Oldham,12,2022-01-13,2022-12-06,6,41,0
48359,2023,Oldham,18,2023-01-10,2023-12-08,6,61,0
48359,2024,Oldham,17,2024-01-29,2024-10-29,9,60,0
48359,2025,Oldham,12,2025-02-02,2025-12-28,9,46,0
48361,2015,Orange,8,2015-07-19,2015-12-28,7,28,0
48361,2016,Orange,7,2016-02-12,2016-12-29,5,20,0
48361,2017,Orange,17,2017-01-11,2017-12-21,6,48,0
48361,2018,Orange,17,2018-02-15,2018-12-02,11,54,2
48361,2019,Orange,16,2019-04-10,2019-12-17,12,60,4
48361,2020,Orange,9,2020-01-15,2020-11-14,8,30,4
48361,2021,Orange,10,2021-02-26,2022-01-02,9,33,0
48361,2022,Orange,8,2022-02-22,2022-12-11,10,42,1
48361,2023,Orange,21,2023-01-02,2023-11-10,29,102,1
48361,2024,Orange,20,2024-01-12,2024-12-29,5,58,1
48361,2025,Orange,12,2025-02-04,2025-12-29,8,37,1
48363,2015,Palo Pinto,12,2015-01-18,2015-12-23,6,41,0
48363,2016,Palo Pinto,15,2016-01-29,2016-12-26,7,42,2
48363,2017,Palo Pinto,21,2017-01-01,2017-12-11,7,56,1
48363,2018,Palo Pinto,14,2018-01-20,2018-10-04,11,56,0
48363,2019,Palo Pinto,7,2019-02-04,2019-10-10,7,27,3
48363,2020,Palo Pinto,16,2020-01-13,2020-12-22,6,44,0
48363,2021,Palo Pinto,8,2021-04-08,2021-12-29,7,25,0
48363,2022,Palo Pinto,21,2022-01-13,2023-01-02,17,93,0
48363,2023,Palo Pinto,20,2023-01-09,2023-12-08,22,91,0
48363,2024,Palo Pinto,17,2024-01-29,2024-12-30,13,68,2
48363,2025,Palo Pinto,23,2025-02-01,2025-12-28,7,72,1
48365,2015,Panola,11,2015-01-28,2015-12-28,6,36,0
48365,2016,Panola,12,2016-01-30,2016-12-27,5,38,0
48365,2017,Panola,16,2017-01-11,2017-12-05,5,42,0
48365,2018,Panola,13,2018-02-16,2018-12-02,11,51,0
48365,2019,Panola,7,2019-02-05,2019-10-07,7,23,0
48365,2020,Panola,6,2020-01-06,2020-12-11,4,16,0
48365,2021,Panola,14,2021-01-25,2022-01-02,10,46,0
48365,2022,Panola,12,2022-01-19,2022-12-12,15,60,7
48365,2023,Panola,18,2023-01-02,2023-12-12,11,66,4
48365,2024,Panola,9,2024-02-21,2024-12-18,4,24,0
48365,2025,Panola,14,2025-02-05,2025-12-29,5,37,0
48367,2015,Parker,9,2015-01-19,2015-12-24,6,29,0
48367,2016,Parker,12,2016-01-29,2016-12-29,4,30,0
48367,2017,Parker,16,2017-01-01,2017-12-05,7,46,0
48367,2018,Parker,13,2018-02-15,2018-10-05,11,54,0
48367,2019,Parker,8,2019-01-06,2019-10-06,6,24,0
48367,2020,Parker,12,2020-02-02,2020-12-10,5,31,0
48367,2021,Parker,7,2021-02-23,2021-12-30,8,31,0
48367,2022,Parker,16,2022-01-13,2022-12-08,21,97,1
48367,2023,Parker,21,2023-01-01,2023-12-09,22,97,0
48367,2024,Parker,13,2024-01-30,2024-12-30,15,62,0
48367,2025,Parker,15,2025-02-02,2025-12-28,15,64,0
48369,2015,Parmer,17,2015-01-27,2015-12-12,7,54,0
48369,2016,Parmer,16,2016-01-24,2016-11-18,5,46,0
48369,2017,Parmer,13,2017-01-31,2017-11-18,8,43,0
48369,2018,Parmer,14,2018-01-10,2018-10-04,8,51,0
48369,2019,Parmer,16,2019-01-06,2019-12-24,9,59,0
48369,2020,Parmer,18,2020-03-26,2020-12-11,7,55,0
48369,2021,Parmer,18,2021-02-03,2021-12-27,5,49,0
48369,2022,Parmer,21,2022-01-08,2022-09-19,14,80,0
48369,2023,Parmer,17,2023-01-01,2023-12-09,14,77,0
48369,2024,Parmer,21,2024-01-30,2024-12-31,11,72,0
48369,2025,Parmer,19,2025-02-03,2025-12-28,6,59,0
48371,2015,Pecos,13,2015-01-19,2015-12-12,13,46,0
48371,2016,Pecos,15,2016-01-30,2016-12-17,5,40,0
48371,2017,Pecos,16,2017-01-09,2017-11-28,7,55,0
48371,2018,Pecos,10,2018-01-09,2018-10-05,9,33,0
48371,2019,Pecos,17,2019-02-05,2019-12-15,9,48,0
48371,2020,Pecos,19,2020-01-13,2020-12-10,8,79,0
48371,2021,Pecos,18,2021-02-03,2021-12-28,7,65,0
48371,2022,Pecos,18,2022-02-15,2023-01-02,7,59,0
48371,2023,Pecos,21,2023-01-09,2023-12-08,19,104,0
48371,2024,Pecos,26,2024-02-19,2024-12-30,11,98,0
48371,2025,Pecos,23,2025-01-04,2025-12-28,7,81,0
48373,2015,Polk,11,2015-01-20,2015-12-27,5,30,7
48373,2016,Polk,12,2016-01-30,2016-12-28,6,43,24
48373,2017,Polk,10,2017-01-11,2017-12-22,6,30,27
48373,2018,Polk,8,2018-02-15,2018-11-07,3,18,14
48373,2019,Polk,3,2019-09-02,2019-10-06,8,17,17
48373,2020,Polk,7,2020-01-15,2020-12-10,5,17,17
48373,2021,Polk,6,2021-06-14,2022-01-01,9,28,28
48373,2022,Polk,11,2022-03-26,2022-12-10,18,75,75
48373,2023,Polk,16,2023-01-01,2023-11-09,46,102,102
48373,2024,Polk,10,2024-02-21,2024-12-17,7,39,39
48373,2025,Polk,12,2025-02-03,2025-12-28,11,58,58
48375,2015,Potter,10,2015-01-18,2015-12-12,6,34,0
48375,2016,Potter,15,2016-01-29,2016-12-28,5,44,0
48375,2017,Potter,14,2017-01-09,2017-12-04,7,44,0
48375,2018,Potter,15,2018-01-09,2018-10-03,8,51,0
48375,2019,Potter,11,2019-01-05,2019-12-25,7,39,0
48375,2020,Potter,16,2020-03-25,2020-12-10,11,59,0
48375,2021,Potter,14,2021-04-25,2021-12-26,5,42,0
48375,2022,Potter,18,2022-01-13,2022-12-06,7,52,0
48375,2023,Potter,21,2023-01-01,2023-12-22,7,70,0
48375,2024,Potter,21,2024-01-29,2024-12-30,15,81,0
48375,2025,Potter,15,2025-02-02,2025-12-27,7,49,0
48377,2015,Presidio,3,2015-01-29,2015-12-11,2,6,0
48377,2016,Presidio,3,2016-02-18,2016-11-02,3,7,0
48377,2017,Presidio,13,2017-01-09,2017-12-31,5,38,0
48377,2018,Presidio,5,2018-03-22,2018-11-07,6,14,0
48377,2019,Presidio,11,2019-02-15,2019-12-15,8,31,0
48377,2020,Presidio,16,2020-03-23,2020-12-29,9,55,0
48377,2021,Presidio,12,2021-02-27,2022-01-01,10,45,0
48377,2022,Presidio,16,2022-02-15,2022-12-09,13,72,0
48377,2023,Presidio,17,2023-01-10,2023-12-08,23,102,5
48377,2024,Presidio,17,2024-02-20,2024-12-31,13,69,0
48377,2025,Presidio,23,2025-02-02,2025-12-28,11,99,0
48379,2015,Rains,11,2015-01-20,2015-12-27,5,29,0
48379,2016,Rains,10,2016-01-30,2016-12-27,3,25,1
48379,2017,Rains,13,2017-01-11,2017-12-05,3,30,0
48379,2018,Rains,13,2018-02-20,2018-10-08,9,45,0
48379,2019,Rains,4,2019-02-05,2019-11-21,7,14,0
48379,2020,Rains,7,2020-01-10,2020-12-11,4,17,0
48379,2021,Rains,7,2021-03-25,2022-01-02,10,28,0
48379,2022,Rains,15,2022-01-14,2022-12-09,16,73,0
48379,2023,Rains,17,2023-01-02,2023-12-10,10,56,0
48379,2024,Rains,15,2024-01-31,2024-12-18,8,49,0
48379,2025,Rains,12,2025-02-03,2025-12-29,7,39,0
48381,2015,Randall,11,2015-01-19,2015-12-12,5,30,0
48381,2016,Randall,15,2016-01-23,2016-12-28,5,40,2
48381,2017,Randall,11,2017-02-05,2017-11-18,5,29,0
48381,2018,Randall,14,2018-01-10,2018-10-07,7,44,4
48381,2019,Randall,9,2019-01-05,2019-12-24,7,31,0
48381,2020,Randall,11,2020-02-02,2020-12-10,11,43,2
48381,2021,Randall,13,2021-04-26,2021-12-27,5,35,2
48381,2022,Randall,12,2022-01-08,2022-12-07,7,38,5
48381,2023,Randall,24,2023-01-01,2023-12-07,8,70,8
48381,2024,Randall,17,2024-01-29,2024-11-24,10,56,0
48381,2025,Randall,12,2025-02-03,2025-12-28,6,41,5
48383,2015,Reagan,15,2015-01-20,2015-12-24,7,44,0
48383,2016,Reagan,14,2016-01-30,2016-12-28,5,42,0
48383,2017,Reagan,24,2017-01-01,2017-12-22,7,78,0
48383,2018,Reagan,17,2018-01-20,2018-12-01,14,59,0
48383,2019,Reagan,18,2019-01-18,2019-12-25,8,54,0
48383,2020,Reagan,17,2020-01-27,2020-12-11,8,59,0
48383,2021,Reagan,18,2021-04-09,2021-12-30,8,63,3
48383,2022,Reagan,20,2022-01-14,2022-11-11,20,97,3
48383,2023,Reagan,21,2023-01-01,2023-11-09,16,101,3
48383,2024,Reagan,25,2024-02-21,2025-01-01,19,122,8
48383,2025,Reagan,20,2025-02-02,2025-12-29,19,102,5
48385,2015,Real,8,2015-01-19,2015-12-24,4,23,3
48385,2016,Real,4,2016-01-30,2016-12-29,3,9,5
48385,2017,Real,15,2017-01-11,2017-11-08,5,42,0
48385,2018,Real,9,2018-03-17,2018-11-08,6,26,1
48385,2019,Real,12,2019-01-07,2019-12-16,3,26,0
48385,2020,Real,11,2020-01-26,2020-12-11,5,36,2
48385,2021,Real,9,2021-01-30,2022-01-01,5,28,0
48385,2022,Real,16,2022-01-13,2023-01-02,7,57,0
48385,2023,Real,14,2023-01-09,2023-11-08,18,86,0
48385,2024,Real,22,2024-02-20,2024-12-31,19,89,0
48385,2025,Real,24,2025-02-02,2025-12-28,8,86,12
48387,2015,Red River,15,2015-01-17,2015-12-27,7,57,0
48387,2016,Red River,15,2016-01-29,2016-12-28,6,54,1
48387,2017,Red River,13,2017-01-10,2017-12-11,5,35,0
48387,2018,Red River,12,2018-02-19,2018-10-07,13,56,1
48387,2019,Red River,9,2019-01-05,2019-12-27,5,28,0
48387,2020,Red River,8,2020-01-09,2020-12-27,4,20,0
48387,2021,Red River,11,2021-02-23,2022-01-01,6,38,0
48387,2022,Red River,21,2022-01-30,2022-12-10,11,79,0
48387,2023,Red River,17,2023-01-01,2023-11-08,10,51,0
48387,2024,Red River,13,2024-01-29,2024-12-17,5,38,0
48387,2025,Red River,18,2025-02-02,2025-12-28,7,53,0
48389,2015,Reeves,11,2015-01-19,2015-12-12,11,41,0
48389,2016,Reeves,14,2016-01-29,2016-12-17,9,48,0
48389,2017,Reeves,16,2017-01-09,2017-12-05,8,49,0
48389,2018,Reeves,10,2018-01-07,2018-10-05,8,33,0
48389,2019,Reeves,12,2019-02-04,2019-12-15,8,35,0
48389,2020,Reeves,16,2020-01-26,2020-12-11,11,63,0
48389,2021,Reeves,14,2021-02-03,2021-12-27,7,45,0
48389,2022,Reeves,14,2022-03-26,2022-11-09,6,45,0
48389,2023,Reeves,21,2023-01-01,2023-12-08,14,91,0
48389,2024,Reeves,26,2024-02-19,2024-12-30,15,96,0
48389,2025,Reeves,9,2025-02-02,2025-12-28,8,46,0
48391,2015,Refugio,7,2015-01-28,2015-12-27,5,20,1
48391,2016,Refugio,4,2016-10-18,2016-12-26,2,8,0
48391,2017,Refugio,12,2017-01-02,2017-12-06,4,31,0
48391,2018,Refugio,1,2018-11-07,2018-11-08,2,2,0
48391,2019,Refugio,3,2019-10-07,2019-12-17,3,7,0
48391,2020,Refugio,3,2020-04-24,2020-09-03,3,7,0
48391,2021,Refugio,4,2021-12-04,2021-12-30,5,16,0
48391,2022,Refugio,5,2022-01-01,2022-12-13,7,15,0
48391,2023,Refugio,10,2023-01-01,2023-11-09,8,31,0
48391,2024,Refugio,5,2024-02-27,2024-12-17,3,12,0
48391,2025,Refugio,12,2025-01-05,2025-12-29,6,36,4
48393,2015,Roberts,14,2015-01-17,2015-12-12,6,47,47
48393,2016,Roberts,17,2016-01-29,2016-12-25,4,48,48
48393,2017,Roberts,18,2017-01-10,2017-12-12,8,55,55
48393,2018,Roberts,13,2018-01-09,2018-10-04,9,54,54
48393,2019,Roberts,12,2019-01-05,2019-12-26,7,38,38
48393,2020,Roberts,15,2020-01-14,2020-12-10,9,65,65
48393,2021,Roberts,17,2021-02-03,2021-12-27,6,52,52
48393,2022,Roberts,21,2022-01-13,2022-12-29,14,79,79
48393,2023,Roberts,24,2023-01-01,2023-12-08,13,92,92
48393,2024,Roberts,21,2024-01-29,2024-12-16,13,88,88
48393,2025,Roberts,14,2025-02-02,2025-12-28,9,59,59
48395,2015,Robertson,10,2015-01-27,2015-12-27,6,32,0
48395,2016,Robertson,10,2016-01-29,2016-12-28,5,30,1
48395,2017,Robertson,16,2017-01-02,2017-12-04,6,48,0
48395,2018,Robertson,12,2018-02-18,2018-11-07,10,40,3
48395,2019,Robertson,8,2019-09-01,2019-12-15,10,31,0
48395,2020,Robertson,22,2020-01-05,2020-12-29,7,64,0
48395,2021,Robertson,16,2021-01-25,2022-01-01,9,52,21
48395,2022,Robertson,23,2022-02-21,2023-01-03,20,116,3
48395,2023,Robertson,19,2023-01-06,2023-12-09,42,117,0
48395,2024,Robertson,22,2024-01-30,2024-12-28,15,82,1
48395,2025,Robertson,19,2025-02-02,2025-12-28,15,83,0
48397,2015,Rockwall,11,2015-01-18,2015-12-26,6,42,42
48397,2016,Rockwall,13,2016-01-29,2016-12-28,4,38,35
48397,2017,Rockwall,18,2017-01-10,2017-12-04,7,49,39
48397,2018,Rockwall,10,2018-03-16,2018-11-06,8,37,0
48397,2019,Rockwall,8,2019-01-05,2019-10-06,6,28,0
48397,2020,Rockwall,13,2020-02-02,2020-12-23,4,33,1
48397,2021,Rockwall,10,2021-03-15,2022-01-01,10,36,0
48397,2022,Rockwall,16,2022-01-13,2023-01-02,11,72,0
48397,2023,Rockwall,16,2023-01-10,2023-11-08,10,75,2
48397,2024,Rockwall,16,2024-01-29,2024-12-17,7,54,0
48397,2025,Rockwall,16,2025-02-02,2025-12-28,7,52,0
48399,2015,Runnels,11,2015-01-20,2015-12-25,6,32,0
48399,2016,Runnels,13,2016-01-30,2016-11-18,4,35,0
48399,2017,Runnels,15,2017-01-01,2017-12-05,7,44,0
48399,2018,Runnels,12,2018-01-10,2018-12-01,10,42,0
48399,2019,Runnels,13,2019-02-05,2019-12-25,7,36,0
48399,2020,Runnels,12,2020-01-10,2020-12-11,6,37,0
48399,2021,Runnels,9,2021-04-09,2021-12-31,8,31,0
48399,2022,Runnels,17,2022-01-13,2022-12-09,15,75,0
48399,2023,Runnels,19,2023-01-01,2023-11-09,14,84,0
48399,2024,Runnels,18,2024-02-21,2025-01-01,13,73,0
48399,2025,Runnels,17,2025-02-03,2025-12-29,7,58,0
48401,2015,Rusk,11,2015-01-19,2015-12-27,6,37,0
48401,2016,Rusk,12,2016-01-31,2016-12-28,4,36,0
48401,2017,Rusk,15,2017-01-10,2017-12-22,6,52,0
48401,2018,Rusk,11,2018-02-20,2018-10-08,12,66,0
48401,2019,Rusk,10,2019-02-05,2019-12-26,9,38,0
48401,2020,Rusk,9,2020-01-06,2020-12-11,10,30,0
48401,2021,Rusk,9,2021-01-25,2022-01-01,9,33,0
48401,2022,Rusk,17,2022-02-21,2022-12-10,18,75,0
48401,2023,Rusk,20,2023-01-02,2023-11-09,22,84,0
48401,2024,Rusk,14,2024-01-30,2024-12-18,8,58,0
48401,2025,Rusk,17,2025-02-02,2025-12-28,9,69,0
48403,2015,Sabine,13,2015-01-27,2015-12-27,10,53,1
48403,2016,Sabine,11,2016-01-29,2016-12-26,5,42,1
48403,2017,Sabine,16,2017-01-10,2017-12-22,7,54,0
48403,2018,Sabine,15,2018-02-14,2018-10-08,7,50,0
48403,2019,Sabine,10,2019-01-07,2019-12-16,9,37,1
48403,2020,Sabine,8,2020-01-05,2020-12-10,6,24,0
48403,2021,Sabine,13,2021-02-23,2022-01-01,9,45,0
48403,2022,Sabine,24,2022-01-08,2022-12-10,15,103,1
48403,2023,Sabine,25,2023-01-01,2023-11-09,22,114,0
48403,2024,Sabine,20,2024-01-30,2024-12-28,8,58,0
48403,2025,Sabine,22,2025-02-02,2025-12-28,11,100,0
48405,2015,San Augustine,11,2015-01-19,2015-12-28,11,47,7
48405,2016,San Augustine,11,2016-01-26,2016-12-30,5,32,7
48405,2017,San Augustine,16,2017-01-11,2017-12-23,6,58,2
48405,2018,San Augustine,22,2018-02-15,2018-11-08,17,96,7
48405,2019,San Augustine,11,2019-01-08,2019-12-17,7,33,0
48405,2020,San Augustine,8,2020-01-15,2020-12-11,5,23,0
48405,2021,San Augustine,11,2021-02-24,2022-01-02,9,34,0
48405,2022,San Augustine,24,2022-01-14,2022-12-12,15,105,0
48405,2023,San Augustine,23,2023-01-01,2023-11-10,22,98,2
48405,2024,San Augustine,11,2024-02-21,2024-12-29,5,32,0
48405,2025,San Augustine,15,2025-02-03,2025-12-29,10,75,2
48407,2015,San Jacinto,9,2015-01-27,2015-12-27,8,36,36
48407,2016,San Jacinto,13,2016-01-30,2016-12-28,5,44,44
48407,2017,San Jacinto,17,2017-01-02,2017-12-22,7,52,52
48407,2018,San Jacinto,13,2018-02-15,2018-11-07,10,49,49
48407,2019,San Jacinto,7,2019-02-05,2019-12-16,8,28,28
48407,2020,San Jacinto,12,2020-01-15,2020-12-10,5,30,30
48407,2021,San Jacinto,8,2021-01-25,2022-01-01,9,34,34
48407,2022,San Jacinto,16,2022-02-21,2022-12-10,23,98,98
48407,2023,San Jacinto,17,2023-01-01,2023-11-09,47,112,112
48407,2024,San Jacinto,11,2024-02-21,2024-12-17,8,51,51
48407,2025,San Jacinto,15,2025-02-02,2025-12-28,12,71,71
48409,2015,San Patricio,7,2015-01-27,2015-12-25,4,18,0
48409,2016,San Patricio,11,2016-01-21,2016-11-30,6,33,0
48409,2017,San Patricio,16,2017-01-03,2017-12-05,6,56,0
48409,2018,San Patricio,8,2018-02-16,2018-12-03,5,23,0
48409,2019,San Patricio,7,2019-04-10,2019-12-15,3,17,0
48409,2020,San Patricio,13,2020-01-17,2020-11-12,6,38,13
48409,2021,San Patricio,10,2021-01-26,2022-01-02,9,32,2
48409,2022,San Patricio,22,2022-02-21,2022-12-11,9,83,10
48409,2023,San Patricio,19,2023-01-06,2023-12-10,22,119,8
48409,2024,San Patricio,18,2024-02-23,2024-12-31,13,85,0
48409,2025,San Patricio,23,2025-01-05,2025-12-29,11,86,7
48411,2015,San Saba,11,2015-01-19,2015-12-24,8,40,0
48411,2016,San Saba,9,2016-01-29,2016-12-29,4,22,2
48411,2017,San Saba,16,2017-01-01,2017-12-22,5,41,0
48411,2018,San Saba,7,2018-02-24,2018-07-24,10,36,0
48411,2019,San Saba,10,2019-02-04,2019-12-16,8,34,0
48411,2020,San Saba,11,2020-01-05,2020-12-11,5,32,0
48411,2021,San Saba,5,2021-02-23,2022-01-01,10,24,0
48411,2022,San Saba,17,2022-01-13,2022-12-10,16,82,0
48411,2023,San Saba,19,2023-01-01,2023-11-08,18,101,0
48411,2024,San Saba,11,2024-02-20,2024-12-31,15,51,0
48411,2025,San Saba,15,2025-02-02,2025-12-29,7,58,0
48413,2015,Schleicher,16,2015-01-20,2015-12-27,7,48,1
48413,2016,Schleicher,10,2016-01-31,2016-12-29,4,29,0
48413,2017,Schleicher,13,2017-01-11,2017-12-02,8,43,0
48413,2018,Schleicher,10,2018-02-20,2018-07-25,9,38,0
48413,2019,Schleicher,12,2019-02-06,2019-12-24,7,33,0
48413,2020,Schleicher,14,2020-01-10,2020-12-11,5,39,0
48413,2021,Schleicher,10,2021-02-09,2022-01-02,11,36,0
48413,2022,Schleicher,18,2022-01-14,2022-12-10,9,65,0
48413,2023,Schleicher,18,2023-01-01,2023-11-09,17,90,0
48413,2024,Schleicher,16,2024-02-21,2024-12-30,6,52,1
48413,2025,Schleicher,15,2025-02-03,2025-12-30,7,52,4
48415,2015,Scurry,10,2015-01-28,2015-12-23,6,30,0
48415,2016,Scurry,7,2016-01-29,2016-11-02,4,19,0
48415,2017,Scurry,13,2017-01-10,2017-12-05,6,38,2
48415,2018,Scurry,15,2018-01-09,2018-11-06,8,46,0
48415,2019,Scurry,14,2019-02-03,2019-10-10,9,48,0
48415,2020,Scurry,13,2020-01-14,2020-12-10,10,55,0
48415,2021,Scurry,12,2021-04-26,2021-12-30,8,41,0
48415,2022,Scurry,14,2022-02-15,2022-12-06,14,67,0
48415,2023,Scurry,15,2023-01-01,2023-12-08,13,71,0
48415,2024,Scurry,18,2024-02-01,2024-12-30,15,76,0
48415,2025,Scurry,18,2025-02-02,2025-12-28,6,56,0
48417,2015,Shackelford,11,2015-01-19,2015-12-24,5,27,0
48417,2016,Shackelford,6,2016-01-30,2016-12-26,3,15,0
48417,2017,Shackelford,13,2017-01-10,2017-12-05,7,37,0
48417,2018,Shackelford,12,2018-01-10,2018-12-01,9,38,0
48417,2019,Shackelford,8,2019-02-05,2019-12-26,4,20,0
48417,2020,Shackelford,14,2020-01-10,2020-12-23,7,40,0
48417,2021,Shackelford,9,2021-04-26,2021-12-31,8,33,0
48417,2022,Shackelford,19,2022-01-14,2022-12-07,10,82,0
48417,2023,Shackelford,20,2023-01-01,2023-12-09,22,101,0
48417,2024,Shackelford,18,2024-01-30,2024-12-31,14,77,0
48417,2025,Shackelford,18,2025-02-02,2025-12-29,8,59,0
48419,2015,Shelby,9,2015-01-28,2015-12-28,5,32,0
48419,2016,Shelby,10,2016-01-30,2016-12-27,4,29,0
48419,2017,Shelby,16,2017-01-11,2017-12-23,7,50,0
48419,2018,Shelby,15,2018-02-15,2018-12-02,8,50,0
48419,2019,Shelby,10,2019-02-05,2019-12-17,7,35,0
48419,2020,Shelby,6,2020-01-15,2020-12-10,4,14,14
48419,2021,Shelby,5,2021-10-08,2022-01-01,9,23,23
48419,2022,Shelby,12,2022-03-26,2022-12-10,17,78,78
48419,2023,Shelby,16,2023-01-01,2023-11-08,22,81,81
48419,2024,Shelby,10,2024-01-30,2024-12-18,8,36,36
48419,2025,Shelby,13,2025-02-03,2025-12-28,9,54,54
48421,2015,Sherman,16,2015-01-18,2015-12-20,7,52,0
48421,2016,Sherman,19,2016-01-23,2016-11-17,4,49,0
48421,2017,Sherman,18,2017-01-09,2017-12-12,4,50,0
48421,2018,Sherman,19,2018-01-09,2018-10-03,7,51,2
48421,2019,Sherman,13,2019-03-27,2019-12-26,8,45,33
48421,2020,Sherman,19,2020-01-14,2020-12-10,9,74,74
48421,2021,Sherman,17,2021-02-03,2021-12-27,7,55,55
48421,2022,Sherman,22,2022-01-13,2022-12-29,14,84,84
48421,2023,Sherman,24,2023-01-01,2023-12-08,14,94,94
48421,2024,Sherman,19,2024-01-29,2024-12-30,15,89,89
48421,2025,Sherman,19,2025-02-02,2025-12-28,9,72,72
48423,2015,Smith,13,2015-01-27,2015-12-27,8,52,0
48423,2016,Smith,12,2016-01-29,2016-12-28,11,47,0
48423,2017,Smith,15,2017-01-10,2017-12-05,5,42,0
48423,2018,Smith,13,2018-02-19,2018-10-07,11,63,0
48423,2019,Smith,9,2019-01-07,2019-10-06,17,38,0
48423,2020,Smith,7,2020-03-10,2020-12-10,4,20,0
48423,2021,Smith,10,2021-02-23,2022-01-01,9,34,0
48423,2022,Smith,15,2022-03-26,2022-12-10,17,74,0
48423,2023,Smith,16,2023-01-01,2023-11-08,17,70,0
48423,2024,Smith,13,2024-01-30,2024-12-18,8,45,0
48423,2025,Smith,15,2025-02-03,2025-12-28,9,62,0
48425,2015,Somervell,9,2015-01-20,2015-12-25,5,28,0
48425,2016,Somervell,8,2016-01-30,2016-12-26,3,20,4
48425,2017,Somervell,9,2017-01-11,2017-11-06,7,26,11
48425,2018,Somervell,6,2018-02-15,2018-07-24,7,18,18
48425,2019,Somervell,5,2019-02-05,2019-10-07,7,16,3
48425,2020,Somervell,8,2020-01-15,2020-12-11,3,19,0
48425,2021,Somervell,5,2021-11-16,2021-12-31,8,23,4
48425,2022,Somervell,10,2022-01-14,2022-12-09,18,63,7
48425,2023,Somervell,16,2023-01-01,2023-11-09,16,69,0
48425,2024,Somervell,8,2024-01-30,2024-12-18,4,21,1
48425,2025,Somervell,15,2025-02-03,2025-12-29,7,47,2
48427,2015,Starr,10,2015-01-28,2015-12-27,6,38,0
48427,2016,Starr,17,2016-01-31,2016-12-28,10,73,0
48427,2017,Starr,28,2017-01-02,2017-12-22,12,114,0
48427,2018,Starr,19,2018-01-10,2018-12-23,21,90,0
48427,2019,Starr,25,2019-01-06,2019-12-16,25,104,0
48427,2020,Starr,26,2020-01-09,2020-12-30,9,91,1
48427,2021,Starr,19,2021-01-04,2022-01-02,9,65,0
48427,2022,Starr,17,2022-02-21,2023-01-08,9,69,0
48427,2023,Starr,16,2023-01-11,2023-11-09,17,118,0
48427,2024,Starr,11,2024-02-26,2025-01-02,11,41,0
48427,2025,Starr,21,2025-01-05,2025-12-29,10,70,0
48429,2015,Stephens,9,2015-01-27,2015-12-24,3,22,0
48429,2016,Stephens,8,2016-01-30,2016-12-26,4,20,0
48429,2017,Stephens,15,2017-01-02,2017-12-12,8,41,0
48429,2018,Stephens,14,2018-01-21,2018-12-01,10,46,0
48429,2019,Stephens,9,2019-02-04,2019-12-25,4,22,0
48429,2020,Stephens,11,2020-01-10,2020-12-11,6,30,0
48429,2021,Stephens,7,2021-10-08,2021-12-30,7,25,0
48429,2022,Stephens,15,2022-01-14,2022-12-07,17,82,0
48429,2023,Stephens,20,2023-01-01,2023-12-08,16,88,0
48429,2024,Stephens,15,2024-01-30,2024-12-30,14,62,0
48429,2025,Stephens,19,2025-02-01,2025-12-28,15,74,0
48431,2015,Sterling,6,2015-01-28,2015-12-12,6,18,0
48431,2016,Sterling,7,2016-01-30,2016-12-18,4,20,0
48431,2017,Sterling,13,2017-01-11,2017-12-05,8,55,1
48431,2018,Sterling,8,2018-03-23,2018-07-24,8,32,32
48431,2019,Sterling,12,2019-02-04,2019-12-15,9,37,30
48431,2020,Sterling,13,2020-01-14,2020-12-11,9,48,48
48431,2021,Sterling,7,2021-10-07,2021-12-30,8,27,27
48431,2022,Sterling,14,2022-01-18,2022-12-07,9,67,67
48431,2023,Sterling,18,2023-01-01,2023-11-09,15,86,86
48431,2024,Sterling,15,2024-02-20,2024-12-30,11,59,59
48431,2025,Sterling,17,2025-02-02,2025-12-28,7,56,56
48433,2015,Stonewall,15,2015-01-19,2015-12-24,6,45,0
48433,2016,Stonewall,12,2016-01-29,2016-12-26,4,33,0
48433,2017,Stonewall,18,2017-01-02,2017-12-12,6,44,0
48433,2018,Stonewall,19,2018-01-10,2018-09-02,9,58,0
48433,2019,Stonewall,11,2019-01-06,2019-12-26,7,36,0
48433,2020,Stonewall,14,2020-01-14,2020-12-11,6,36,0
48433,2021,Stonewall,11,2021-04-26,2022-01-01,5,37,0
48433,2022,Stonewall,21,2022-01-14,2022-12-07,15,83,0
48433,2023,Stonewall,23,2023-01-01,2023-12-09,9,72,0
48433,2024,Stonewall,12,2024-02-21,2024-12-31,14,46,0
48433,2025,Stonewall,19,2025-02-02,2025-12-29,7,65,0
48435,2015,Sutton,11,2015-01-19,2015-12-26,6,34,5
48435,2016,Sutton,7,2016-01-31,2016-11-03,5,23,5
48435,2017,Sutton,10,2017-02-07,2017-12-22,6,31,28
48435,2018,Sutton,7,2018-03-24,2018-11-07,9,28,28
48435,2019,Sutton,6,2019-02-15,2019-12-15,6,20,20
48435,2020,Sutton,11,2020-01-14,2020-12-11,6,32,32
48435,2021,Sutton,7,2021-10-08,2022-01-01,10,28,28
48435,2022,Sutton,15,2022-01-18,2022-12-09,8,61,61
48435,2023,Sutton,17,2023-01-01,2023-12-09,16,90,90
48435,2024,Sutton,24,2024-02-20,2024-12-31,8,92,3
48435,2025,Sutton,14,2025-02-04,2025-12-29,9,57,3
48437,2015,Swisher,12,2015-01-19,2015-12-12,5,31,0
48437,2016,Swisher,13,2016-01-24,2016-11-18,5,36,0
48437,2017,Swisher,9,2017-02-06,2017-12-05,5,30,0
48437,2018,Swisher,19,2018-01-10,2018-09-02,9,58,0
48437,2019,Swisher,13,2019-01-05,2019-12-25,8,44,0
48437,2020,Swisher,17,2020-01-14,2020-12-11,11,60,0
48437,2021,Swisher,13,2021-04-26,2021-12-27,5,44,0
48437,2022,Swisher,24,2022-01-14,2022-12-07,7,74,0
48437,2023,Swisher,21,2023-01-01,2023-12-09,7,72,0
48437,2024,Swisher,17,2024-01-18,2024-10-25,15,66,0
48437,2025,Swisher,19,2025-02-03,2025-12-28,6,59,0
48439,2015,Tarrant,11,2015-01-18,2015-12-26,6,41,0
48439,2016,Tarrant,13,2016-01-29,2016-12-29,5,37,0
48439,2017,Tarrant,18,2017-01-10,2017-12-05,7,48,0
48439,2018,Tarrant,10,2018-02-15,2018-10-07,12,52,0
48439,2019,Tarrant,11,2019-01-06,2019-12-25,6,34,0
48439,2020,Tarrant,11,2020-01-09,2020-12-22,4,32,0
48439,2021,Tarrant,9,2021-02-22,2022-01-01,10,39,0
48439,2022,Tarrant,16,2022-01-13,2023-01-03,20,92,0
48439,2023,Tarrant,16,2023-01-10,2023-11-08,22,87,0
48439,2024,Tarrant,18,2024-01-29,2024-12-30,8,66,0
48439,2025,Tarrant,19,2025-02-02,2025-12-28,8,68,0
48441,2015,Taylor,10,2015-01-18,2015-12-23,7,39,0
48441,2016,Taylor,7,2016-01-29,2016-11-17,3,16,0
48441,2017,Taylor,16,2017-01-01,2017-12-04,7,45,0
48441,2018,Taylor,10,2018-02-15,2018-12-01,10,39,0
48441,2019,Taylor,12,2019-02-04,2019-12-25,8,46,0
48441,2020,Taylor,13,2020-01-13,2020-12-10,7,51,0
48441,2021,Taylor,9,2021-04-26,2022-01-01,11,38,0
48441,2022,Taylor,15,2022-01-13,2022-12-08,18,95,0
48441,2023,Taylor,16,2023-01-01,2023-12-08,22,98,0
48441,2024,Taylor,18,2024-01-30,2024-12-16,15,77,0
48441,2025,Taylor,20,2025-01-31,2025-12-28,9,77,0
48443,2015,Terrell,18,2015-01-19,2015-12-24,33,98,0
48443,2016,Terrell,18,2016-01-14,2017-01-03,8,68,1
48443,2017,Terrell,31,2017-01-10,2017-12-21,7,85,0
48443,2018,Terrell,17,2018-02-03,2018-11-30,10,57,0
48443,2019,Terrell,22,2019-02-05,2019-12-15,14,77,0
48443,2020,Terrell,21,2020-01-05,2020-12-11,8,75,2
48443,2021,Terrell,12,2021-03-26,2022-01-01,11,53,0
48443,2022,Terrell,19,2022-01-04,2023-01-02,9,68,0
48443,2023,Terrell,13,2023-01-09,2023-11-08,20,82,0
48443,2024,Terrell,23,2024-02-19,2024-12-30,15,90,17
48443,2025,Terrell,29,2025-02-02,2025-12-28,8,108,0
48445,2015,Terry,14,2015-01-19,2015-12-12,6,43,0
48445,2016,Terry,9,2016-01-30,2016-12-18,5,26,0
48445,2017,Terry,15,2017-01-10,2017-12-22,6,48,0
48445,2018,Terry,16,2018-01-10,2018-09-02,8,52,0
48445,2019,Terry,13,2019-02-15,2019-12-16,6,34,0
48445,2020,Terry,19,2020-01-14,2020-12-11,11,70,0
48445,2021,Terry,14,2021-02-03,2021-12-25,5,40,0
48445,2022,Terry,17,2022-01-14,2022-12-07,7,57,0
48445,2023,Terry,16,2023-01-01,2023-12-09,10,68,0
48445,2024,Terry,18,2024-02-21,2024-12-31,14,65,0
48445,2025,Terry,18,2025-02-03,2025-12-28,6,57,0
48447,2015,Throckmorton,7,2015-01-27,2015-12-12,3,17,5
48447,2016,Throckmorton,8,2016-01-30,2016-12-26,3,18,5
48447,2017,Throckmorton,16,2017-01-10,2017-12-11,5,44,8
48447,2018,Throckmorton,10,2018-01-21,2018-07-23,10,39,6
48447,2019,Throckmorton,6,2019-02-04,2019-12-25,4,17,6
48447,2020,Throckmorton,14,2020-01-09,2020-12-10,6,37,4
48447,2021,Throckmorton,6,2021-10-08,2021-12-31,9,24,7
48447,2022,Throckmorton,14,2022-03-25,2022-08-06,13,61,20
48447,2023,Throckmorton,18,2023-01-01,2023-11-09,16,87,0
48447,2024,Throckmorton,12,2024-01-11,2024-12-16,13,50,46
48447,2025,Throckmorton,14,2025-02-02,2025-12-28,7,47,47
48449,2015,Titus,16,2015-01-18,2015-12-27,9,60,0
48449,2016,Titus,19,2016-01-29,2016-12-29,12,79,1
48449,2017,Titus,16,2017-01-10,2017-12-05,5,48,0
48449,2018,Titus,11,2018-05-19,2018-10-09,8,38,1
48449,2019,Titus,6,2019-02-05,2019-10-07,4,18,0
48449,2020,Titus,4,2020-03-12,2020-12-11,4,10,0
48449,2021,Titus,7,2021-02-24,2022-01-02,9,27,0
48449,2022,Titus,17,2022-01-19,2022-12-09,18,105,12
48449,2023,Titus,24,2023-01-01,2023-11-09,11,99,0
48449,2024,Titus,15,2024-01-30,2024-12-18,8,46,0
48449,2025,Titus,21,2025-02-03,2025-12-29,8,95,0
48451,2015,Tom Green,12,2015-01-19,2015-12-26,11,51,0
48451,2016,Tom Green,11,2016-01-29,2016-11-17,12,45,0
48451,2017,Tom Green,26,2017-01-01,2017-12-22,10,85,0
48451,2018,Tom Green,14,2018-02-19,2018-12-01,15,62,0
48451,2019,Tom Green,24,2019-01-06,2019-12-26,9,82,0
48451,2020,Tom Green,19,2020-01-13,2020-12-28,13,82,0
48451,2021,Tom Green,14,2021-02-03,2021-12-31,10,49,0
48451,2022,Tom Green,17,2022-01-17,2022-12-09,17,97,0
48451,2023,Tom Green,24,2023-01-01,2023-11-09,16,112,0
48451,2024,Tom Green,22,2024-02-20,2024-12-31,15,88,0
48451,2025,Tom Green,17,2025-02-02,2025-12-28,8,67,0
48453,2015,Travis,12,2015-01-19,2015-12-23,6,36,0
48453,2016,Travis,9,2016-01-29,2016-12-28,4,26,0
48453,2017,Travis,16,2017-01-10,2017-12-02,12,53,0
48453,2018,Travis,11,2018-03-16,2018-08-24,10,49,0
48453,2019,Travis,9,2019-01-07,2019-12-15,9,34,0
48453,2020,Travis,14,2020-01-05,2020-12-10,6,42,0
48453,2021,Travis,10,2021-02-23,2022-01-01,9,32,0
48453,2022,Travis,17,2022-02-21,2022-12-10,20,100,0
48453,2023,Travis,16,2023-01-01,2023-10-21,44,103,0
48453,2024,Travis,13,2024-02-20,2024-12-30,15,54,0
48453,2025,Travis,18,2025-02-02,2025-12-28,12,75,0
48455,2015,Trinity,8,2015-01-27,2015-12-27,5,28,28
48455,2016,Trinity,9,2016-01-30,2016-12-28,4,28,28
48455,2017,Trinity,12,2017-01-11,2017-12-22,6,37,37
48455,2018,Trinity,8,2018-02-15,2018-11-07,6,26,26
48455,2019,Trinity,2,2019-09-04,2019-10-06,6,12,12
48455,2020,Trinity,8,2020-01-15,2020-12-10,5,23,23
48455,2021,Trinity,5,2021-09-01,2022-01-01,9,23,23
48455,2022,Trinity,14,2022-02-21,2022-12-10,17,73,73
48455,2023,Trinity,17,2023-01-01,2023-11-09,23,89,89
48455,2024,Trinity,8,2024-02-21,2024-12-17,8,32,32
48455,2025,Trinity,11,2025-02-03,2025-12-28,9,52,52
48457,2015,Tyler,16,2015-01-19,2015-12-27,28,72,0
48457,2016,Tyler,16,2016-01-29,2016-12-28,11,75,0
48457,2017,Tyler,19,2017-01-02,2017-12-22,7,64,0
48457,2018,Tyler,16,2018-02-15,2018-12-02,10,60,0
48457,2019,Tyler,9,2019-01-07,2019-12-16,9,35,0
48457,2020,Tyler,11,2020-01-10,2020-12-10,5,33,0
48457,2021,Tyler,11,2021-01-25,2022-01-02,10,44,0
48457,2022,Tyler,19,2022-02-22,2023-01-04,20,98,0
48457,2023,Tyler,15,2023-01-06,2023-11-09,47,129,0
48457,2024,Tyler,17,2024-01-11,2024-12-17,8,51,0
48457,2025,Tyler,15,2025-02-02,2025-12-29,18,79,0
48459,2015,Upshur,12,2015-01-19,2015-12-28,7,39,0
48459,2016,Upshur,12,2016-01-29,2016-12-28,5,39,0
48459,2017,Upshur,17,2017-01-10,2017-12-22,5,51,0
48459,2018,Upshur,10,2018-03-16,2018-10-07,11,48,0
48459,2019,Upshur,6,2019-01-06,2019-10-06,16,34,0
48459,2020,Upshur,5,2020-01-15,2020-12-10,4,12,0
48459,2021,Upshur,10,2021-03-26,2022-01-01,9,34,0
48459,2022,Upshur,16,2022-02-21,2022-12-10,17,85,0
48459,2023,Upshur,15,2023-01-01,2023-11-08,11,63,0
48459,2024,Upshur,12,2024-01-29,2024-12-17,4,35,0
48459,2025,Upshur,16,2025-02-03,2025-12-28,8,56,0
48461,2015,Upton,13,2015-01-20,2015-11-04,13,48,0
48461,2016,Upton,18,2016-01-30,2016-12-19,5,52,0
48461,2017,Upton,24,2017-01-01,2017-12-22,6,66,1
48461,2018,Upton,14,2018-01-10,2018-12-02,9,44,1
48461,2019,Upton,16,2019-01-19,2019-12-16,12,49,0
48461,2020,Upton,23,2020-02-17,2020-12-28,8,65,1
48461,2021,Upton,13,2021-02-03,2021-12-29,8,47,0
48461,2022,Upton,13,2022-03-26,2023-01-02,8,48,8
48461,2023,Upton,14,2023-01-09,2023-11-08,16,85,17
48461,2024,Upton,18,2024-02-21,2024-12-31,5,52,15
48461,2025,Upton,14,2025-02-02,2025-12-28,9,56,31
48463,2015,Uvalde,6,2015-01-19,2015-10-14,3,13,0
48463,2016,Uvalde,8,2016-01-30,2016-12-28,4,22,0
48463,2017,Uvalde,16,2017-01-01,2017-12-04,6,43,0
48463,2018,Uvalde,11,2018-02-18,2018-12-02,8,38,0
48463,2019,Uvalde,8,2019-04-09,2019-12-15,6,27,0
48463,2020,Uvalde,18,2020-01-05,2020-12-29,6,51,0
48463,2021,Uvalde,9,2021-03-26,2022-01-01,4,24,0
48463,2022,Uvalde,24,2022-01-05,2023-01-06,8,76,2
48463,2023,Uvalde,17,2023-01-10,2023-11-08,18,93,4
48463,2024,Uvalde,16,2024-02-20,2024-12-30,6,54,1
48463,2025,Uvalde,21,2025-02-02,2025-12-28,9,73,3
48465,2015,Val Verde,12,2015-01-18,2015-12-26,13,50,0
48465,2016,Val Verde,14,2016-01-30,2016-12-28,6,48,0
48465,2017,Val Verde,22,2017-01-02,2017-12-22,6,66,0
48465,2018,Val Verde,16,2018-02-20,2018-12-03,8,62,0
48465,2019,Val Verde,19,2019-01-06,2019-12-24,21,81,0
48465,2020,Val Verde,23,2020-01-05,2020-12-29,13,108,0
48465,2021,Val Verde,17,2021-02-04,2022-01-02,12,72,0
48465,2022,Val Verde,21,2022-01-14,2023-01-03,10,79,0
48465,2023,Val Verde,19,2023-01-05,2023-12-05,22,124,0
48465,2024,Val Verde,27,2024-01-30,2024-12-31,18,133,0
48465,2025,Val Verde,24,2025-01-30,2025-12-28,15,110,0
48467,2015,Van Zandt,12,2015-01-20,2015-12-27,7,40,0
48467,2016,Van Zandt,11,2016-01-30,2016-12-29,10,45,0
48467,2017,Van Zandt,16,2017-01-11,2017-12-05,4,43,0
48467,2018,Van Zandt,15,2018-02-20,2018-10-08,8,63,0
48467,2019,Van Zandt,6,2019-01-08,2019-10-11,7,19,0
48467,2020,Van Zandt,8,2020-03-11,2020-12-11,4,22,0
48467,2021,Van Zandt,11,2021-02-24,2022-01-02,10,33,0
48467,2022,Van Zandt,15,2022-01-14,2022-12-09,17,83,0
48467,2023,Van Zandt,16,2023-01-01,2023-11-09,11,63,0
48467,2024,Van Zandt,13,2024-01-30,2024-12-18,4,35,0
48467,2025,Van Zandt,17,2025-02-03,2025-12-29,8,57,20
48469,2015,Victoria,8,2015-01-27,2015-12-27,8,36,0
48469,2016,Victoria,13,2016-01-31,2016-12-28,9,54,0
48469,2017,Victoria,21,2017-01-02,2017-12-05,7,75,0
48469,2018,Victoria,11,2018-02-16,2018-12-02,9,45,0
48469,2019,Victoria,13,2019-01-07,2019-12-16,10,48,0
48469,2020,Victoria,17,2020-01-14,2020-12-10,7,65,0
48469,2021,Victoria,9,2021-01-25,2022-01-02,10,37,0
48469,2022,Victoria,23,2022-01-05,2023-01-07,14,104,0
48469,2023,Victoria,15,2023-01-10,2023-11-08,42,137,0
48469,2024,Victoria,17,2024-02-22,2024-12-31,15,84,0
48469,2025,Victoria,15,2025-01-30,2025-12-28,11,69,0
48471,2015,Walker,8,2015-01-28,2015-12-27,6,30,0
48471,2016,Walker,10,2016-01-30,2016-12-29,5,32,0
48471,2017,Walker,17,2017-01-02,2017-12-05,6,50,0
48471,2018,Walker,8,2018-02-15,2018-11-07,5,26,0
48471,2019,Walker,7,2019-03-09,2019-12-16,7,26,0
48471,2020,Walker,11,2020-01-15,2020-12-10,6,37,0
48471,2021,Walker,10,2021-01-25,2022-01-01,9,35,0
48471,2022,Walker,16,2022-03-26,2022-12-10,22,101,0
48471,2023,Walker,14,2023-01-01,2023-11-09,49,109,0
48471,2024,Walker,14,2024-02-21,2024-12-17,8,46,0
48471,2025,Walker,14,2025-02-03,2025-12-28,10,62,0
48473,2015,Waller,11,2015-01-27,2015-12-27,10,43,43
48473,2016,Waller,12,2016-01-30,2016-12-29,6,50,50
48473,2017,Waller,21,2017-01-02,2017-12-22,7,71,71
48473,2018,Waller,14,2018-02-15,2018-12-02,10,54,54
48473,2019,Waller,8,2019-01-07,2019-12-16,12,38,38
48473,2020,Waller,15,2020-01-15,2020-12-10,5,40,40
48473,2021,Waller,9,2021-01-25,2022-01-01,9,32,32
48473,2022,Waller,16,2022-02-21,2022-12-10,23,108,108
48473,2023,Waller,18,2023-01-01,2023-12-09,49,127,127
48473,2024,Waller,15,2024-02-21,2024-12-28,15,68,68
48473,2025,Waller,15,2025-02-02,2025-12-28,15,82,82
48475,2015,Ward,9,2015-01-27,2015-12-11,6,26,0
48475,2016,Ward,8,2016-01-29,2016-12-17,5,26,0
48475,2017,Ward,16,2017-01-10,2017-12-04,5,42,2
48475,2018,Ward,10,2018-01-09,2018-10-05,9,31,0
48475,2019,Ward,13,2019-02-15,2019-12-15,8,37,0
48475,2020,Ward,18,2020-01-13,2020-12-10,8,52,0
48475,2021,Ward,11,2021-04-25,2021-12-27,6,34,0
48475,2022,Ward,10,2022-02-15,2022-08-04,5,30,0
48475,2023,Ward,15,2023-01-01,2023-12-08,14,71,0
48475,2024,Ward,17,2024-02-20,2024-12-30,5,47,0
48475,2025,Ward,15,2025-02-02,2025-12-28,7,49,0
48477,2015,Washington,9,2015-01-28,2015-12-27,9,37,0
48477,2016,Washington,11,2016-01-30,2016-12-29,6,37,0
48477,2017,Washington,14,2017-01-02,2017-12-22,13,53,0
48477,2018,Washington,9,2018-02-19,2018-11-07,6,30,0
48477,2019,Washington,6,2019-03-09,2019-12-16,6,20,0
48477,2020,Washington,8,2020-01-15,2020-12-10,5,22,0
48477,2021,Washington,6,2021-01-24,2022-01-01,9,24,0
48477,2022,Washington,15,2022-02-21,2022-12-10,12,82,0
48477,2023,Washington,19,2023-01-01,2023-12-09,22,95,0
48477,2024,Washington,11,2024-02-21,2024-12-17,8,45,0
48477,2025,Washington,11,2025-02-02,2025-12-28,9,49,0
48479,2015,Webb,12,2015-01-27,2015-12-26,6,44,0
48479,2016,Webb,16,2016-01-30,2016-12-27,5,49,0
48479,2017,Webb,19,2017-01-01,2017-12-05,6,58,0
48479,2018,Webb,9,2018-02-18,2018-12-02,13,33,0
48479,2019,Webb,15,2019-02-15,2019-12-16,16,50,0
48479,2020,Webb,16,2020-01-14,2020-12-29,7,50,0
48479,2021,Webb,20,2021-01-24,2022-01-01,11,74,0
48479,2022,Webb,18,2022-01-05,2023-01-06,9,72,0
48479,2023,Webb,14,2023-01-10,2023-11-08,20,110,0
48479,2024,Webb,21,2024-02-21,2024-12-31,10,83,0
48479,2025,Webb,25,2025-02-03,2025-12-28,13,111,0
48481,2015,Wharton,8,2015-01-28,2015-12-27,13,40,0
48481,2016,Wharton,17,2016-02-12,2016-12-28,6,63,0
48481,2017,Wharton,17,2017-01-02,2017-12-05,6,59,0
48481,2018,Wharton,14,2018-02-16,2018-12-02,10,58,0
48481,2019,Wharton,4,2019-08-11,2019-12-16,8,23,0
48481,2020,Wharton,10,2020-01-15,2020-11-13,6,32,0
48481,2021,Wharton,7,2021-01-25,2022-01-02,9,26,0
48481,2022,Wharton,14,2022-03-26,2022-12-10,14,73,0
48481,2023,Wharton,13,2023-01-01,2023-11-09,24,128,0
48481,2024,Wharton,17,2024-02-27,2024-12-18,10,63,0
48481,2025,Wharton,13,2025-02-03,2025-12-28,12,67,0
48483,2015,Wheeler,12,2015-01-19,2015-12-12,5,44,4
48483,2016,Wheeler,12,2016-01-29,2016-11-18,4,33,1
48483,2017,Wheeler,14,2017-01-11,2017-12-05,5,40,1
48483,2018,Wheeler,14,2018-01-10,2018-10-04,10,47,3
48483,2019,Wheeler,13,2019-01-05,2019-12-26,4,34,34
48483,2020,Wheeler,14,2020-01-14,2020-12-11,8,49,49
48483,2021,Wheeler,14,2021-02-03,2021-12-27,7,43,43
48483,2022,Wheeler,19,2022-01-13,2022-12-29,14,69,69
48483,2023,Wheeler,22,2023-01-01,2023-12-08,10,74,74
48483,2024,Wheeler,21,2024-01-29,2024-12-31,11,79,79
48483,2025,Wheeler,17,2025-02-02,2025-12-28,8,62,62
48485,2015,Wichita,8,2015-01-17,2015-12-12,5,25,0
48485,2016,Wichita,7,2016-01-29,2016-11-17,3,16,0
48485,2017,Wichita,12,2017-01-10,2017-12-11,5,32,0
48485,2018,Wichita,9,2018-01-20,2018-10-05,6,29,0
48485,2019,Wichita,7,2019-02-03,2019-12-26,3,18,0
48485,2020,Wichita,8,2020-01-09,2020-12-27,4,18,0
48485,2021,Wichita,7,2021-10-07,2021-12-30,5,24,0
48485,2022,Wichita,22,2022-01-13,2023-01-02,6,70,0
48485,2023,Wichita,19,2023-01-09,2023-12-08,11,79,0
48485,2024,Wichita,15,2024-01-29,2024-12-30,13,61,0
48485,2025,Wichita,13,2025-02-01,2025-12-28,9,47,0
48487,2015,Wilbarger,9,2015-01-18,2015-12-23,5,28,28
48487,2016,Wilbarger,8,2016-01-29,2016-12-26,4,21,21
48487,2017,Wilbarger,11,2017-01-10,2017-12-04,8,36,36
48487,2018,Wilbarger,7,2018-01-20,2018-07-23,8,27,27
48487,2019,Wilbarger,7,2019-01-06,2019-12-26,3,17,17
48487,2020,Wilbarger,11,2020-01-09,2020-12-11,4,29,29
48487,2021,Wilbarger,9,2021-02-23,2021-12-31,9,33,33
48487,2022,Wilbarger,16,2022-01-13,2022-12-06,14,68,68
48487,2023,Wilbarger,21,2023-01-01,2023-12-08,9,78,78
48487,2024,Wilbarger,13,2024-01-30,2024-12-16,11,48,48
48487,2025,Wilbarger,15,2025-02-02,2025-12-28,8,53,53
48489,2015,Willacy,8,2015-04-27,2015-12-26,4,20,2
48489,2016,Willacy,18,2016-02-01,2016-12-18,8,62,0
48489,2017,Willacy,22,2017-01-02,2017-12-05,6,62,14
48489,2018,Willacy,11,2018-03-17,2018-11-07,26,85,85
48489,2019,Willacy,14,2019-04-09,2019-12-16,34,92,92
48489,2020,Willacy,17,2020-01-14,2020-10-15,9,71,71
48489,2021,Willacy,14,2021-01-06,2022-01-02,9,46,3
48489,2022,Willacy,15,2022-01-06,2022-12-14,5,41,2
48489,2023,Willacy,24,2023-01-01,2023-12-10,19,127,0
48489,2024,Willacy,17,2024-01-01,2024-12-28,15,67,0
48489,2025,Willacy,26,2025-01-02,2025-12-29,11,99,0
48491,2015,Williamson,9,2015-01-27,2015-12-24,6,31,0
48491,2016,Williamson,10,2016-01-30,2016-12-27,4,26,0
48491,2017,Williamson,18,2017-01-11,2017-12-22,6,59,0
48491,2018,Williamson,11,2018-03-17,2018-09-02,13,50,0
48491,2019,Williamson,5,2019-02-15,2019-10-11,10,22,0
48491,2020,Williamson,12,2020-01-15,2020-12-10,5,35,0
48491,2021,Williamson,9,2021-04-08,2022-01-01,9,35,0
48491,2022,Williamson,15,2022-02-21,2022-12-10,26,93,0
48491,2023,Williamson,17,2023-01-01,2023-11-08,31,110,0
48491,2024,Williamson,14,2024-02-21,2024-12-31,15,67,0
48491,2025,Williamson,18,2025-02-02,2025-12-28,13,80,0
48493,2015,Wilson,6,2015-01-28,2015-10-16,6,19,0
48493,2016,Wilson,12,2016-02-01,2016-12-27,6,39,4
48493,2017,Wilson,10,2017-01-11,2017-12-06,7,31,0
48493,2018,Wilson,11,2018-02-03,2018-12-03,6,39,0
48493,2019,Wilson,5,2019-03-12,2019-10-06,6,18,12
48493,2020,Wilson,6,2020-03-24,2020-12-10,4,17,17
48493,2021,Wilson,5,2021-12-03,2022-01-01,4,14,14
48493,2022,Wilson,11,2022-03-26,2022-12-09,9,56,56
48493,2023,Wilson,16,2023-01-01,2023-11-08,22,87,87
48493,2024,Wilson,10,2024-02-21,2024-12-30,15,41,41
48493,2025,Wilson,13,2025-02-03,2025-12-28,7,51,51
48495,2015,Winkler,9,2015-01-19,2015-11-04,8,30,0
48495,2016,Winkler,8,2016-01-29,2016-12-17,5,25,0
48495,2017,Winkler,13,2017-01-11,2017-12-04,6,37,0
48495,2018,Winkler,7,2018-03-22,2018-10-05,8,29,0
48495,2019,Winkler,9,2019-01-20,2019-10-06,11,32,0
48495,2020,Winkler,16,2020-01-26,2020-12-11,8,58,0
48495,2021,Winkler,8,2021-04-25,2021-12-27,6,26,0
48495,2022,Winkler,13,2022-02-15,2022-12-07,5,40,0
48495,2023,Winkler,18,2023-01-01,2023-12-08,15,75,10
48495,2024,Winkler,19,2024-02-20,2024-12-30,8,59,0
48495,2025,Winkler,11,2025-02-02,2025-12-28,7,37,19
48497,2015,Wise,8,2015-01-18,2015-12-26,6,25,0
48497,2016,Wise,7,2016-01-29,2016-12-29,3,18,0
48497,2017,Wise,13,2017-01-01,2017-12-05,7,37,0
48497,2018,Wise,8,2018-02-15,2018-07-23,9,36,0
48497,2019,Wise,4,2019-01-06,2019-12-26,6,13,0
48497,2020,Wise,5,2020-03-11,2020-12-11,4,15,0
48497,2021,Wise,8,2021-09-01,2021-12-31,9,32,0
48497,2022,Wise,19,2022-01-13,2023-01-02,17,71,0
48497,2023,Wise,17,2023-01-09,2023-11-08,16,81,0
48497,2024,Wise,15,2024-01-29,2024-12-30,8,49,0
48497,2025,Wise,13,2025-02-02,2025-12-28,7,42,0
48499,2015,Wood,12,2015-01-20,2015-12-27,6,36,0
48499,2016,Wood,8,2016-01-30,2016-12-28,4,26,0
48499,2017,Wood,10,2017-01-10,2017-12-05,5,29,0
48499,2018,Wood,5,2018-05-17,2018-07-24,8,24,0
48499,2019,Wood,6,2019-02-05,2019-12-16,6,19,0
48499,2020,Wood,5,2020-01-10,2020-12-11,4,12,0
48499,2021,Wood,5,2021-02-24,2022-01-02,10,20,0
48499,2022,Wood,12,2022-01-14,2022-12-11,12,52,0
48499,2023,Wood,14,2023-01-01,2023-11-09,10,59,0
48499,2024,Wood,12,2024-01-30,2024-12-18,4,34,0
48499,2025,Wood,14,2025-02-03,2025-12-29,8,48,0
48501,2015,Yoakum,15,2015-01-19,2015-12-13,8,52,0
48501,2016,Yoakum,12,2016-01-29,2016-12-18,5,38,0
48501,2017,Yoakum,13,2017-01-10,2017-12-22,10,56,0
48501,2018,Yoakum,18,2018-01-10,2018-12-23,8,55,0
48501,2019,Yoakum,16,2019-01-06,2019-12-16,6,45,0
48501,2020,Yoakum,20,2020-01-14,2020-12-11,12,73,0
48501,2021,Yoakum,13,2021-02-03,2021-12-25,6,37,0
48501,2022,Yoakum,16,2022-01-14,2022-12-07,7,52,0
48501,2023,Yoakum,18,2023-01-01,2023-12-09,11,76,0
48501,2024,Yoakum,20,2024-02-20,2024-12-31,11,66,0
48501,2025,Yoakum,19,2025-02-03,2025-12-28,8,62,0
48503,2015,Young,14,2015-01-18,2015-12-23,6,41,0
48503,2016,Young,10,2016-01-29,2016-12-25,3,23,0
48503,2017,Young,21,2017-01-01,2017-12-11,8,55,1
48503,2018,Young,13,2018-01-20,2018-10-04,9,45,0
48503,2019,Young,6,2019-02-03,2019-10-10,4,15,0
48503,2020,Young,9,2020-01-09,2020-12-10,5,24,0
48503,2021,Young,7,2021-02-23,2021-12-29,7,22,5
48503,2022,Young,18,2022-01-13,2023-01-02,8,60,0
48503,2023,Young,20,2023-01-09,2023-12-08,15,79,0
48503,2024,Young,15,2024-01-29,2024-12-30,9,56,2
48503,2025,Young,14,2025-02-01,2025-12-28,7,46,0
48505,2015,Zapata,5,2015-01-28,2015-12-27,3,11,0
48505,2016,Zapata,12,2016-02-01,2016-12-27,9,40,0
48505,2017,Zapata,16,2017-01-02,2017-11-06,4,43,4
48505,2018,Zapata,1,2018-07-23,2018-07-24,2,2,2
48505,2019,Zapata,3,2019-08-12,2019-12-15,3,7,7
48505,2020,Zapata,3,2020-03-26,2020-10-12,3,8,8
48505,2021,Zapata,4,2021-12-03,2022-01-01,4,11,11
48505,2022,Zapata,1,2022-07-09,2022-07-13,5,6,6
48505,2023,Zapata,9,2023-01-01,2023-09-10,11,44,44
48505,2024,Zapata,5,2024-02-26,2024-12-31,4,14,14
48505,2025,Zapata,5,2025-02-06,2025-12-28,6,16,16
48507,2015,Zavala,3,2015-10-01,2015-12-11,4,8,8
48507,2016,Zavala,3,2016-01-30,2016-11-17,3,8,8
48507,2017,Zavala,8,2017-01-11,2017-11-06,3,18,18
48507,2018,Zavala,3,2018-05-26,2018-07-24,7,15,15
48507,2019,Zavala,5,2019-08-09,2019-12-15,6,16,16
48507,2020,Zavala,5,2020-03-25,2020-12-10,5,16,16
48507,2021,Zavala,6,2021-11-16,2022-01-01,4,18,18
48507,2022,Zavala,15,2022-02-21,2022-12-09,8,49,49
48507,2023,Zavala,16,2023-01-01,2023-11-08,22,88,88
48507,2024,Zavala,10,2024-02-21,2024-12-31,15,44,44
48507,2025,Zavala,15,2025-02-03,2025-12-28,8,48,48
