county_fips,year,county_name,heatwave_events_started,first_event_start_date,last_event_end_date,longest_event_duration_days,heatwave_days,heatwave_days_imputed
48001,2015,Anderson,16,2015-03-17,2015-12-26,5,48,0
48001,2016,Anderson,17,2016-01-07,2016-12-28,11,71,0
48001,2017,Anderson,23,2017-01-01,2017-12-04,13,87,0
48001,2018,Anderson,19,2018-01-20,2018-11-30,9,69,0
48001,2019,Anderson,16,2019-01-07,2019-11-06,7,50,0
48001,2020,Anderson,15,2020-01-09,2020-12-29,6,50,0
48001,2021,Anderson,14,2021-01-22,2021-12-29,6,45,0
48001,2022,Anderson,13,2022-04-21,2022-12-30,9,61,0
48001,2023,Anderson,17,2023-01-01,2023-12-23,14,79,0
48001,2024,Anderson,21,2024-01-23,2024-12-26,5,60,0
48001,2025,Anderson,15,2025-01-29,2025-12-27,8,60,0
48003,2015,Andrews,9,2015-01-28,2015-12-12,5,24,1
48003,2016,Andrews,10,2016-02-18,2016-11-08,8,39,0
48003,2017,Andrews,13,2017-01-10,2017-12-04,5,41,0
48003,2018,Andrews,10,2018-02-15,2018-12-01,8,42,0
48003,2019,Andrews,16,2019-01-06,2019-12-28,5,49,5
48003,2020,Andrews,16,2020-01-09,2020-11-09,5,43,0
48003,2021,Andrews,13,2021-01-23,2021-12-29,8,37,0
48003,2022,Andrews,17,2022-03-27,2023-01-02,9,73,9
48003,2023,Andrews,21,2023-01-10,2023-12-08,8,76,0
48003,2024,Andrews,22,2024-02-01,2024-12-30,9,72,12
48003,2025,Andrews,17,2025-03-25,2025-12-27,7,50,2
48005,2015,Angelina,19,2015-03-18,2015-12-26,5,56,0
48005,2016,Angelina,24,2016-01-30,2016-12-28,8,83,0
48005,2017,Angelina,21,2017-01-10,2017-11-17,13,73,0
48005,2018,Angelina,15,2018-01-20,2018-12-26,9,54,0
48005,2019,Angelina,17,2019-01-07,2019-11-06,7,56,0
48005,2020,Angelina,22,2020-01-09,2020-12-30,8,80,0
48005,2021,Angelina,18,2021-01-19,2022-01-01,9,70,0
48005,2022,Angelina,21,2022-02-21,2023-01-03,11,80,0
48005,2023,Angelina,19,2023-01-16,2023-12-24,24,105,0
48005,2024,Angelina,24,2024-01-23,2024-12-25,9,91,0
48005,2025,Angelina,18,2025-01-03,2025-12-28,8,66,0
48007,2015,Aransas,13,2015-02-20,2015-12-26,4,34,0
48007,2016,Aransas,18,2016-01-31,2016-12-28,10,68,0
48007,2017,Aransas,25,2017-01-12,2017-12-04,9,81,0
48007,2018,Aransas,17,2018-02-15,2018-12-26,6,51,1
48007,2019,Aransas,17,2019-01-07,2019-12-28,13,59,0
48007,2020,Aransas,16,2020-01-09,2020-11-14,10,60,0
48007,2021,Aransas,21,2021-01-19,2022-01-01,9,67,0
48007,2022,Aransas,21,2022-02-21,2022-12-13,6,63,0
48007,2023,Aransas,20,2023-01-01,2023-12-23,9,80,0
48007,2024,Aransas,21,2024-01-23,2024-12-17,9,74,0
48007,2025,Aransas,23,2025-01-03,2025-12-28,9,88,0
48009,2015,Archer,9,2015-01-28,2015-12-24,5,25,25
48009,2016,Archer,14,2016-02-18,2016-12-28,9,44,15
48009,2017,Archer,12,2017-01-02,2017-12-20,5,35,17
48009,2018,Archer,11,2018-02-15,2018-10-08,8,44,44
48009,2019,Archer,13,2019-01-07,2019-12-28,9,46,46
48009,2020,Archer,11,2020-01-09,2020-11-21,5,32,32
48009,2021,Archer,12,2021-01-19,2021-12-29,7,42,42
48009,2022,Archer,13,2022-04-11,2022-12-13,16,65,65
48009,2023,Archer,20,2023-01-01,2023-12-24,9,76,76
48009,2024,Archer,23,2024-01-24,2024-12-28,10,85,85
48009,2025,Archer,13,2025-01-29,2025-12-28,8,52,52
48011,2015,Armstrong,19,2015-01-19,2015-12-24,8,76,76
48011,2016,Armstrong,21,2016-01-30,2016-12-04,9,79,79
48011,2017,Armstrong,20,2017-01-10,2017-12-04,9,75,75
48011,2018,Armstrong,18,2018-02-15,2018-12-27,9,74,74
48011,2019,Armstrong,22,2019-01-06,2019-12-28,10,88,88
48011,2020,Armstrong,19,2020-01-02,2020-12-29,9,67,67
48011,2021,Armstrong,19,2021-01-19,2021-12-29,7,72,72
48011,2022,Armstrong,19,2022-04-21,2022-12-29,12,97,97
48011,2023,Armstrong,26,2023-01-01,2023-12-24,9,100,100
48011,2024,Armstrong,28,2024-01-23,2024-12-30,15,122,122
48011,2025,Armstrong,16,2025-02-26,2025-12-28,17,75,75
48013,2015,Atascosa,20,2015-01-30,2015-12-26,8,69,0
48013,2016,Atascosa,14,2016-02-19,2016-12-29,9,48,0
48013,2017,Atascosa,25,2017-01-11,2017-12-05,7,75,0
48013,2018,Atascosa,18,2018-01-27,2018-11-07,9,57,0
48013,2019,Atascosa,18,2019-01-08,2019-12-28,11,84,0
48013,2020,Atascosa,21,2020-01-10,2020-12-30,8,73,0
48013,2021,Atascosa,22,2021-01-20,2022-01-01,14,98,0
48013,2022,Atascosa,22,2022-03-05,2022-12-13,12,94,0
48013,2023,Atascosa,26,2023-01-02,2023-12-24,15,112,0
48013,2024,Atascosa,25,2024-02-09,2024-12-25,8,93,2
48013,2025,Atascosa,16,2025-01-03,2025-12-28,8,68,0
48015,2015,Austin,12,2015-02-21,2015-12-27,4,31,4
48015,2016,Austin,18,2016-01-31,2016-12-29,6,61,10
48015,2017,Austin,26,2017-01-01,2017-12-20,8,76,1
48015,2018,Austin,15,2018-01-21,2018-12-01,9,52,8
48015,2019,Austin,13,2019-01-07,2019-10-15,18,63,22
48015,2020,Austin,23,2020-01-14,2020-12-30,12,91,20
48015,2021,Austin,20,2021-01-22,2022-01-01,9,73,16
48015,2022,Austin,22,2022-02-16,2022-12-30,13,90,10
48015,2023,Austin,22,2023-01-02,2023-12-24,18,123,31
48015,2024,Austin,22,2024-01-23,2024-12-25,13,93,45
48015,2025,Austin,17,2025-01-29,2025-12-28,8,64,28
48017,2015,Bailey,11,2015-01-19,2015-12-24,5,33,0
48017,2016,Bailey,11,2016-01-06,2016-12-04,9,44,0
48017,2017,Bailey,15,2017-01-10,2017-12-04,6,48,0
48017,2018,Bailey,10,2018-02-15,2018-10-08,8,33,0
48017,2019,Bailey,21,2019-01-07,2019-12-28,7,55,0
48017,2020,Bailey,11,2020-03-11,2020-11-24,10,47,0
48017,2021,Bailey,13,2021-01-20,2021-12-10,5,37,0
48017,2022,Bailey,18,2022-04-22,2023-01-02,7,55,0
48017,2023,Bailey,24,2023-01-10,2023-12-24,13,80,0
48017,2024,Bailey,16,2024-01-24,2024-12-30,11,57,0
48017,2025,Bailey,13,2025-02-26,2025-12-27,10,48,0
48019,2015,Bandera,15,2015-02-21,2015-11-27,8,42,0
48019,2016,Bandera,12,2016-02-19,2016-12-29,13,60,0
48019,2017,Bandera,21,2017-01-01,2017-12-05,8,61,0
48019,2018,Bandera,8,2018-02-15,2018-10-09,10,43,0
48019,2019,Bandera,16,2019-01-07,2019-12-28,7,58,0
48019,2020,Bandera,12,2020-01-14,2020-12-30,9,48,2
48019,2021,Bandera,11,2021-01-22,2022-01-01,8,37,0
48019,2022,Bandera,12,2022-03-05,2022-12-14,12,45,0
48019,2023,Bandera,16,2023-01-07,2023-12-24,7,53,0
48019,2024,Bandera,22,2024-02-09,2024-12-25,11,97,83
48019,2025,Bandera,18,2025-01-29,2025-12-28,7,71,71
48021,2015,Bastrop,18,2015-03-18,2015-12-26,8,71,0
48021,2016,Bastrop,16,2016-02-14,2016-12-28,14,84,0
48021,2017,Bastrop,26,2017-01-01,2017-12-05,10,96,0
48021,2018,Bastrop,22,2018-01-21,2018-12-27,9,76,0
48021,2019,Bastrop,16,2019-01-07,2019-12-28,22,91,0
48021,2020,Bastrop,19,2020-01-14,2020-12-29,13,76,0
48021,2021,Bastrop,19,2021-01-21,2021-12-31,9,71,0
48021,2022,Bastrop,18,2022-03-05,2022-12-13,15,97,1
48021,2023,Bastrop,21,2023-01-01,2023-12-23,16,115,0
48021,2024,Bastrop,24,2024-01-23,2024-12-25,7,102,0
48021,2025,Bastrop,23,2025-01-03,2025-12-28,8,85,0
48023,2015,Baylor,20,2015-01-27,2015-12-24,9,68,0
48023,2016,Baylor,22,2016-01-30,2016-12-26,11,93,0
48023,2017,Baylor,23,2017-01-10,2017-12-05,8,77,0
48023,2018,Baylor,18,2018-02-27,2018-12-02,8,68,0
48023,2019,Baylor,21,2019-01-06,2019-12-28,7,64,0
48023,2020,Baylor,17,2020-01-02,2020-11-20,7,48,0
48023,2021,Baylor,14,2021-01-19,2021-12-31,8,53,0
48023,2022,Baylor,18,2022-01-31,2022-12-13,9,74,0
48023,2023,Baylor,23,2023-01-01,2023-12-24,8,80,0
48023,2024,Baylor,28,2024-01-24,2024-12-30,13,107,0
48023,2025,Baylor,15,2025-01-29,2025-12-28,7,59,0
48025,2015,Bee,6,2015-05-10,2015-12-26,3,13,1
48025,2016,Bee,10,2016-02-20,2016-12-28,8,37,0
48025,2017,Bee,15,2017-01-01,2017-12-05,7,44,0
48025,2018,Bee,7,2018-02-16,2018-11-08,6,26,0
48025,2019,Bee,8,2019-02-03,2019-12-29,7,31,0
48025,2020,Bee,11,2020-01-14,2020-12-30,5,36,3
48025,2021,Bee,13,2021-01-22,2022-01-01,8,46,0
48025,2022,Bee,9,2022-04-12,2022-12-14,9,33,0
48025,2023,Bee,16,2023-01-02,2023-12-24,6,58,4
48025,2024,Bee,16,2024-01-26,2024-12-18,8,56,25
48025,2025,Bee,12,2025-01-04,2025-12-28,7,46,1
48027,2015,Bell,12,2015-01-27,2015-12-24,7,40,0
48027,2016,Bell,21,2016-02-19,2017-01-02,10,83,0
48027,2017,Bell,24,2017-01-10,2017-12-20,7,78,0
48027,2018,Bell,18,2018-01-20,2018-12-01,8,64,0
48027,2019,Bell,16,2019-01-07,2019-12-28,9,64,0
48027,2020,Bell,19,2020-01-01,2020-11-21,10,65,1
48027,2021,Bell,16,2021-01-21,2021-12-31,9,57,0
48027,2022,Bell,17,2022-03-28,2022-12-13,12,83,0
48027,2023,Bell,22,2023-01-01,2023-12-24,15,108,0
48027,2024,Bell,28,2024-01-23,2024-12-25,12,106,0
48027,2025,Bell,17,2025-01-03,2025-12-27,8,63,0
48029,2015,Bexar,22,2015-01-29,2015-12-26,9,68,0
48029,2016,Bexar,20,2016-02-18,2016-12-28,13,89,0
48029,2017,Bexar,22,2017-01-10,2017-12-04,8,72,0
48029,2018,Bexar,14,2018-02-15,2018-12-26,8,40,0
48029,2019,Bexar,18,2019-01-07,2019-12-27,6,50,0
48029,2020,Bexar,8,2020-01-09,2020-10-22,7,32,0
48029,2021,Bexar,16,2021-01-23,2022-01-01,8,46,0
48029,2022,Bexar,14,2022-02-21,2022-12-13,9,44,0
48029,2023,Bexar,19,2023-01-02,2023-12-23,10,62,0
48029,2024,Bexar,22,2024-01-23,2024-12-25,7,80,0
48029,2025,Bexar,15,2025-01-03,2025-12-28,9,60,0
48031,2015,Blanco,12,2015-02-21,2015-11-27,7,39,0
48031,2016,Blanco,15,2016-02-19,2016-12-29,10,66,14
48031,2017,Blanco,18,2017-01-01,2017-12-04,10,56,0
48031,2018,Blanco,9,2018-02-19,2018-10-09,9,27,0
48031,2019,Blanco,16,2019-01-07,2019-12-29,6,48,0
48031,2020,Blanco,10,2020-01-15,2020-09-04,11,40,7
48031,2021,Blanco,14,2021-01-21,2022-01-01,5,50,34
48031,2022,Blanco,20,2022-02-16,2022-12-12,9,79,2
48031,2023,Blanco,16,2023-02-20,2023-12-24,15,97,0
48031,2024,Blanco,24,2024-01-23,2024-12-26,9,95,21
48031,2025,Blanco,17,2025-01-03,2025-12-28,8,73,61
48033,2015,Borden,11,2015-01-27,2015-12-12,5,28,7
48033,2016,Borden,14,2016-01-06,2016-11-17,8,44,14
48033,2017,Borden,14,2017-01-10,2017-12-04,5,36,6
48033,2018,Borden,12,2018-02-27,2018-10-05,9,42,6
48033,2019,Borden,18,2019-01-07,2019-12-28,9,51,2
48033,2020,Borden,13,2020-01-09,2020-12-11,8,41,0
48033,2021,Borden,11,2021-03-09,2021-12-29,5,33,1
48033,2022,Borden,20,2022-03-27,2023-01-02,13,82,10
48033,2023,Borden,20,2023-01-10,2023-12-24,8,76,20
48033,2024,Borden,19,2024-02-25,2024-12-25,7,63,21
48033,2025,Borden,17,2025-02-25,2025-12-27,7,55,13
48035,2015,Bosque,6,2015-04-08,2015-12-24,5,16,7
48035,2016,Bosque,15,2016-02-19,2016-12-29,8,52,30
48035,2017,Bosque,17,2017-01-01,2017-12-03,8,56,38
48035,2018,Bosque,14,2018-03-24,2018-12-27,8,45,34
48035,2019,Bosque,13,2019-02-01,2019-12-28,6,42,31
48035,2020,Bosque,14,2020-01-09,2020-11-21,5,42,24
48035,2021,Bosque,11,2021-01-20,2021-12-31,8,43,32
48035,2022,Bosque,19,2022-03-28,2022-12-14,9,61,39
48035,2023,Bosque,20,2023-01-01,2023-12-24,16,100,53
48035,2024,Bosque,23,2024-01-24,2024-12-26,10,84,84
48035,2025,Bosque,14,2025-01-29,2025-12-28,8,53,53
48037,2015,Bowie,11,2015-04-02,2015-12-27,7,36,0
48037,2016,Bowie,16,2016-02-19,2016-12-28,7,58,0
48037,2017,Bowie,15,2017-01-01,2017-12-21,12,62,0
48037,2018,Bowie,18,2018-01-21,2018-12-27,10,65,0
48037,2019,Bowie,10,2019-01-07,2019-12-29,7,35,0
48037,2020,Bowie,17,2020-01-14,2020-11-10,5,51,0
48037,2021,Bowie,16,2021-01-20,2022-01-01,9,61,0
48037,2022,Bowie,17,2022-04-11,2023-01-03,8,65,0
48037,2023,Bowie,17,2023-01-11,2023-12-24,8,72,0
48037,2024,Bowie,23,2024-01-24,2024-12-30,8,87,0
48037,2025,Bowie,17,2025-01-30,2025-12-28,8,74,0
48039,2015,Brazoria,22,2015-03-19,2015-12-26,7,65,0
48039,2016,Brazoria,25,2016-01-31,2016-12-28,27,135,0
48039,2017,Brazoria,28,2017-01-01,2017-11-17,13,109,0
48039,2018,Brazoria,19,2018-02-15,2018-11-08,9,77,0
48039,2019,Brazoria,15,2019-01-07,2019-11-30,11,76,0
48039,2020,Brazoria,21,2020-01-09,2020-12-30,9,80,0
48039,2021,Brazoria,23,2021-01-19,2022-01-01,9,92,0
48039,2022,Brazoria,24,2022-01-08,2022-12-13,9,77,0
48039,2023,Brazoria,26,2023-01-01,2023-12-23,13,108,0
48039,2024,Brazoria,24,2024-01-23,2024-12-26,13,103,0
48039,2025,Brazoria,17,2025-01-03,2025-12-28,12,80,0
48041,2015,Brazos,14,2015-03-17,2015-12-26,4,36,0
48041,2016,Brazos,17,2016-01-31,2016-12-28,6,56,0
48041,2017,Brazos,19,2017-01-10,2017-11-17,8,53,0
48041,2018,Brazos,14,2018-01-20,2018-12-26,7,38,0
48041,2019,Brazos,17,2019-01-07,2019-11-06,9,55,0
48041,2020,Brazos,19,2020-01-09,2020-12-29,7,57,0
48041,2021,Brazos,17,2021-01-22,2021-12-31,9,58,0
48041,2022,Brazos,21,2022-03-05,2022-12-30,14,94,1
48041,2023,Brazos,20,2023-01-01,2023-12-23,17,119,0
48041,2024,Brazos,24,2024-01-23,2024-12-25,11,92,0
48041,2025,Brazos,17,2025-01-03,2025-12-27,7,64,0
48043,2015,Brewster,12,2015-01-28,2015-12-12,7,41,0
48043,2016,Brewster,15,2016-02-18,2017-01-02,8,57,0
48043,2017,Brewster,16,2017-01-10,2017-12-05,7,57,0
48043,2018,Brewster,12,2018-02-15,2018-11-07,8,51,0
48043,2019,Brewster,18,2019-01-07,2019-12-28,11,77,0
48043,2020,Brewster,18,2020-01-15,2020-11-24,9,62,0
48043,2021,Brewster,21,2021-01-21,2022-01-01,9,75,0
48043,2022,Brewster,19,2022-02-21,2022-12-13,12,78,0
48043,2023,Brewster,21,2023-01-01,2023-12-24,21,129,0
48043,2024,Brewster,23,2024-01-23,2024-12-30,18,115,0
48043,2025,Brewster,25,2025-01-17,2025-12-28,17,113,0
48045,2015,Briscoe,19,2015-01-20,2015-12-13,7,64,0
48045,2016,Briscoe,19,2016-02-19,2016-12-04,9,66,0
48045,2017,Briscoe,19,2017-01-02,2017-12-04,8,64,0
48045,2018,Briscoe,15,2018-03-25,2018-10-05,9,56,0
48045,2019,Briscoe,16,2019-01-07,2019-12-26,8,54,0
48045,2020,Briscoe,12,2020-01-22,2020-11-22,5,40,0
48045,2021,Briscoe,19,2021-01-20,2021-12-26,5,57,0
48045,2022,Briscoe,18,2022-04-21,2022-12-10,6,57,0
48045,2023,Briscoe,19,2023-01-01,2023-12-24,5,62,0
48045,2024,Briscoe,33,2024-01-24,2024-12-31,12,131,0
48045,2025,Briscoe,22,2025-02-02,2025-12-28,14,88,0
48047,2015,Brooks,6,2015-04-25,2015-12-26,5,16,11
48047,2016,Brooks,14,2016-02-21,2016-12-29,14,52,27
48047,2017,Brooks,10,2017-01-11,2017-11-06,8,38,18
48047,2018,Brooks,10,2018-02-16,2018-11-08,5,31,19
48047,2019,Brooks,13,2019-02-04,2019-10-03,8,48,26
48047,2020,Brooks,11,2020-01-10,2020-12-30,9,43,28
48047,2021,Brooks,15,2021-01-23,2022-01-01,8,47,22
48047,2022,Brooks,14,2022-02-22,2022-12-13,8,46,37
48047,2023,Brooks,16,2023-01-02,2023-10-28,15,85,85
48047,2024,Brooks,18,2024-03-14,2024-12-17,8,70,70
48047,2025,Brooks,16,2025-01-04,2025-12-28,8,60,60
48049,2015,Brown,8,2015-01-30,2015-10-24,5,25,1
48049,2016,Brown,16,2016-02-20,2016-12-29,9,62,1
48049,2017,Brown,19,2017-01-01,2017-12-05,8,62,1
48049,2018,Brown,19,2018-02-15,2018-12-27,10,65,0
48049,2019,Brown,14,2019-01-10,2019-12-28,9,57,3
48049,2020,Brown,17,2020-01-02,2020-12-30,8,55,42
48049,2021,Brown,16,2021-01-05,2022-01-01,9,59,1
48049,2022,Brown,18,2022-03-05,2023-01-04,26,113,3
48049,2023,Brown,19,2023-01-06,2023-12-24,22,113,1
48049,2024,Brown,26,2024-01-24,2024-12-25,12,89,0
48049,2025,Brown,13,2025-01-29,2025-12-28,8,53,0
48051,2015,Burleson,6,2015-05-09,2015-12-27,2,12,1
48051,2016,Burleson,7,2016-02-20,2016-12-29,6,26,3
48051,2017,Burleson,20,2017-01-01,2017-12-22,7,64,21
48051,2018,Burleson,3,2018-03-17,2018-10-08,3,7,1
48051,2019,Burleson,3,2019-02-05,2019-12-28,3,7,4
48051,2020,Burleson,14,2020-01-15,2020-12-30,12,55,1
48051,2021,Burleson,21,2021-01-19,2022-01-01,9,77,14
48051,2022,Burleson,23,2022-03-05,2022-12-13,13,100,16
48051,2023,Burleson,24,2023-01-01,2023-12-24,12,108,33
48051,2024,Burleson,22,2024-01-23,2024-12-27,9,89,12
48051,2025,Burleson,18,2025-01-02,2025-12-28,10,86,20
48053,2015,Burnet,17,2015-01-27,2015-12-24,6,46,0
48053,2016,Burnet,18,2016-02-18,2016-12-29,10,75,0
48053,2017,Burnet,26,2017-01-10,2017-12-20,8,86,0
48053,2018,Burnet,19,2018-02-15,2018-10-08,11,66,0
48053,2019,Burnet,17,2019-01-07,2019-12-28,19,83,0
48053,2020,Burnet,17,2020-01-09,2020-12-29,10,64,0
48053,2021,Burnet,14,2021-01-22,2021-12-31,9,52,0
48053,2022,Burnet,15,2022-03-28,2022-12-13,11,73,0
48053,2023,Burnet,24,2023-01-01,2023-12-24,17,117,0
48053,2024,Burnet,26,2024-01-23,2024-12-26,8,96,0
48053,2025,Burnet,18,2025-01-03,2025-12-28,9,69,0
48055,2015,Caldwell,18,2015-02-20,2015-12-26,7,54,0
48055,2016,Caldwell,18,2016-01-31,2017-01-01,9,69,0
48055,2017,Caldwell,25,2017-01-10,2017-12-04,9,82,0
48055,2018,Caldwell,27,2018-01-20,2018-11-07,9,84,0
48055,2019,Caldwell,21,2019-01-07,2019-12-28,8,76,0
48055,2020,Caldwell,16,2020-01-09,2020-12-29,11,69,0
48055,2021,Caldwell,19,2021-01-19,2021-12-31,8,67,0
48055,2022,Caldwell,27,2022-04-11,2022-12-13,12,102,0
48055,2023,Caldwell,23,2023-01-01,2023-12-23,15,116,0
48055,2024,Caldwell,26,2024-01-23,2024-12-25,11,104,0
48055,2025,Caldwell,22,2025-01-03,2025-12-27,8,97,0
48057,2015,Calhoun,12,2015-04-08,2015-12-26,4,30,0
48057,2016,Calhoun,24,2016-01-31,2016-12-28,8,96,0
48057,2017,Calhoun,27,2017-01-10,2017-12-04,9,93,0
48057,2018,Calhoun,14,2018-02-15,2018-11-07,8,45,0
48057,2019,Calhoun,15,2019-01-07,2019-10-04,14,68,0
48057,2020,Calhoun,13,2020-01-09,2020-10-20,9,53,0
48057,2021,Calhoun,17,2021-01-19,2022-01-01,9,59,0
48057,2022,Calhoun,13,2022-04-11,2022-12-13,9,55,0
48057,2023,Calhoun,18,2023-01-01,2023-12-23,9,69,0
48057,2024,Calhoun,21,2024-01-23,2024-12-26,10,73,0
48057,2025,Calhoun,21,2025-01-03,2025-12-28,10,85,0
48059,2015,Callahan,11,2015-01-28,2015-12-24,6,30,0
48059,2016,Callahan,18,2016-01-30,2016-12-26,9,59,0
48059,2017,Callahan,15,2017-01-10,2017-12-04,5,42,0
48059,2018,Callahan,10,2018-02-19,2018-10-07,9,48,0
48059,2019,Callahan,12,2019-01-06,2019-12-28,8,48,0
48059,2020,Callahan,10,2020-01-09,2020-11-09,10,32,0
48059,2021,Callahan,10,2021-03-10,2021-12-29,6,30,0
48059,2022,Callahan,15,2022-01-31,2022-12-13,23,79,0
48059,2023,Callahan,19,2023-01-01,2023-12-24,9,80,0
48059,2024,Callahan,18,2024-02-21,2024-12-24,13,62,0
48059,2025,Callahan,14,2025-01-29,2025-12-28,6,40,0
48061,2015,Cameron,18,2015-02-21,2015-12-26,6,53,0
48061,2016,Cameron,20,2016-02-20,2016-12-29,14,100,0
48061,2017,Cameron,22,2017-01-11,2017-12-04,8,80,0
48061,2018,Cameron,22,2018-02-05,2018-11-08,9,80,0
48061,2019,Cameron,21,2019-01-07,2019-11-07,10,86,0
48061,2020,Cameron,19,2020-01-09,2020-12-30,8,64,0
48061,2021,Cameron,19,2021-01-22,2022-01-01,9,66,0
48061,2022,Cameron,16,2022-02-21,2022-12-13,11,66,0
48061,2023,Cameron,21,2023-01-01,2023-10-27,16,102,0
48061,2024,Cameron,18,2024-02-26,2024-12-27,10,78,0
48061,2025,Cameron,17,2025-01-01,2025-12-28,9,79,0
48063,2015,Camp,21,2015-01-02,2015-12-27,17,92,11
48063,2016,Camp,24,2016-01-13,2017-01-01,14,128,4
48063,2017,Camp,20,2017-01-10,2017-12-20,13,82,36
48063,2018,Camp,14,2018-02-15,2018-12-27,9,62,62
48063,2019,Camp,12,2019-01-07,2019-12-28,8,47,47
48063,2020,Camp,16,2020-01-15,2020-11-10,5,44,44
48063,2021,Camp,14,2021-01-21,2022-01-01,9,52,52
48063,2022,Camp,12,2022-04-21,2023-01-03,12,57,57
48063,2023,Camp,20,2023-01-11,2023-12-24,13,82,82
48063,2024,Camp,22,2024-01-24,2024-12-30,7,77,77
48063,2025,Camp,13,2025-01-29,2025-12-28,8,56,56
48065,2015,Carson,23,2015-01-19,2015-12-23,7,86,14
48065,2016,Carson,23,2016-01-24,2016-12-04,9,71,14
48065,2017,Carson,21,2017-01-10,2017-12-04,8,72,25
48065,2018,Carson,20,2018-01-09,2018-12-27,14,104,104
48065,2019,Carson,21,2019-01-06,2019-12-28,14,94,94
48065,2020,Carson,28,2020-01-02,2020-12-29,11,100,100
48065,2021,Carson,24,2021-01-24,2021-12-31,11,96,96
48065,2022,Carson,21,2022-04-20,2022-12-29,20,114,114
48065,2023,Carson,27,2023-01-01,2023-12-24,16,119,119
48065,2024,Carson,28,2024-01-23,2024-12-30,15,144,144
48065,2025,Carson,18,2025-01-30,2025-12-28,17,84,84
48067,2015,Cass,10,2015-03-14,2015-12-27,8,42,0
48067,2016,Cass,18,2016-01-08,2016-12-29,8,61,0
48067,2017,Cass,22,2017-01-01,2017-12-22,12,78,0
48067,2018,Cass,25,2018-01-08,2018-12-27,10,95,0
48067,2019,Cass,14,2019-01-07,2019-12-29,12,73,0
48067,2020,Cass,19,2020-01-15,2020-11-10,5,57,2
48067,2021,Cass,15,2021-01-20,2022-01-01,8,54,1
48067,2022,Cass,15,2022-04-22,2023-01-03,9,61,0
48067,2023,Cass,20,2023-01-11,2023-12-24,8,78,0
48067,2024,Cass,23,2024-01-24,2024-12-31,6,75,0
48067,2025,Cass,18,2025-01-29,2025-12-28,7,70,0
48069,2015,Castro,12,2015-01-27,2015-12-24,6,40,0
48069,2016,Castro,15,2016-01-30,2016-11-17,9,54,0
48069,2017,Castro,18,2017-01-10,2017-12-04,7,57,0
48069,2018,Castro,8,2018-01-10,2018-10-06,6,29,0
48069,2019,Castro,16,2019-01-07,2019-12-28,6,56,0
48069,2020,Castro,16,2020-01-22,2020-11-24,8,63,0
48069,2021,Castro,16,2021-02-03,2021-12-27,8,51,0
48069,2022,Castro,21,2022-03-28,2022-12-10,10,73,0
48069,2023,Castro,19,2023-01-01,2023-12-24,13,87,0
48069,2024,Castro,22,2024-01-24,2024-12-30,13,93,0
48069,2025,Castro,15,2025-02-26,2025-12-28,17,68,0
48071,2015,Chambers,18,2015-03-18,2015-12-26,6,58,0
48071,2016,Chambers,21,2016-01-30,2016-12-28,8,75,0
48071,2017,Chambers,22,2017-01-01,2017-12-19,13,78,0
48071,2018,Chambers,16,2018-02-14,2018-12-26,15,71,0
48071,2019,Chambers,17,2019-01-07,2019-12-28,10,63,0
48071,2020,Chambers,21,2020-01-09,2020-12-30,10,76,0
48071,2021,Chambers,20,2021-01-19,2022-01-01,9,76,0
48071,2022,Chambers,17,2022-02-21,2022-12-30,11,56,0
48071,2023,Chambers,24,2023-01-01,2023-12-23,10,95,0
48071,2024,Chambers,24,2024-01-23,2024-12-17,11,85,0
48071,2025,Chambers,19,2025-01-03,2025-12-28,10,83,1
48073,2015,Cherokee,13,2015-01-28,2015-12-27,5,43,0
48073,2016,Cherokee,14,2016-01-30,2016-12-29,9,52,0
48073,2017,Cherokee,15,2017-01-02,2017-11-18,12,57,0
48073,2018,Cherokee,13,2018-03-17,2018-10-09,9,42,0
48073,2019,Cherokee,13,2019-01-07,2019-11-07,7,40,0
48073,2020,Cherokee,10,2020-01-15,2020-10-21,6,31,0
48073,2021,Cherokee,10,2021-01-22,2022-01-01,8,39,0
48073,2022,Cherokee,12,2022-03-29,2023-01-03,12,57,0
48073,2023,Cherokee,17,2023-01-16,2023-11-09,13,71,0
48073,2024,Cherokee,18,2024-01-24,2024-12-26,8,64,0
48073,2025,Cherokee,11,2025-02-04,2025-12-28,8,46,0
48075,2015,Childress,10,2015-01-19,2015-12-13,7,35,0
48075,2016,Childress,18,2016-01-29,2016-12-04,9,54,0
48075,2017,Childress,13,2017-01-10,2017-12-04,6,43,0
48075,2018,Childress,12,2018-02-19,2018-10-06,7,53,0
48075,2019,Childress,14,2019-01-06,2019-12-26,7,43,0
48075,2020,Childress,14,2020-01-09,2020-12-09,4,37,0
48075,2021,Childress,13,2021-01-23,2021-12-29,6,42,0
48075,2022,Childress,20,2022-01-13,2022-12-29,14,76,0
48075,2023,Childress,21,2023-01-01,2023-12-24,7,71,0
48075,2024,Childress,29,2024-01-24,2024-12-30,11,100,0
48075,2025,Childress,17,2025-01-29,2025-12-28,8,64,0
48077,2015,Clay,14,2015-01-27,2015-12-24,6,45,45
48077,2016,Clay,19,2016-01-30,2016-12-28,9,73,73
48077,2017,Clay,20,2017-01-01,2017-12-21,8,78,78
48077,2018,Clay,17,2018-01-20,2018-12-27,9,73,73
48077,2019,Clay,17,2019-01-06,2019-12-28,16,73,73
48077,2020,Clay,19,2020-01-02,2020-11-21,8,59,59
48077,2021,Clay,15,2021-01-19,2021-12-31,8,54,54
48077,2022,Clay,15,2022-04-11,2022-12-13,17,76,76
48077,2023,Clay,23,2023-01-01,2023-12-24,14,98,98
48077,2024,Clay,28,2024-01-24,2024-12-28,12,111,111
48077,2025,Clay,16,2025-01-29,2025-12-28,9,71,71
48079,2015,Cochran,13,2015-01-19,2015-12-12,5,33,0
48079,2016,Cochran,14,2016-01-20,2016-11-08,8,47,0
48079,2017,Cochran,13,2017-01-10,2017-12-04,8,53,0
48079,2018,Cochran,11,2018-01-10,2018-10-08,8,39,0
48079,2019,Cochran,15,2019-01-07,2019-12-28,6,48,0
48079,2020,Cochran,12,2020-01-15,2020-11-22,7,40,0
48079,2021,Cochran,16,2021-01-19,2021-12-29,7,49,0
48079,2022,Cochran,19,2022-03-28,2022-12-29,6,61,0
48079,2023,Cochran,16,2023-01-01,2023-12-24,7,67,0
48079,2024,Cochran,18,2024-01-24,2024-12-30,10,57,0
48079,2025,Cochran,12,2025-02-26,2025-12-28,9,49,0
48081,2015,Coke,8,2015-01-29,2015-12-13,5,20,0
48081,2016,Coke,11,2016-02-19,2017-01-02,9,39,0
48081,2017,Coke,12,2017-01-11,2017-12-04,6,44,0
48081,2018,Coke,11,2018-02-14,2018-10-08,8,33,0
48081,2019,Coke,10,2019-01-09,2019-12-28,6,31,0
48081,2020,Coke,6,2020-01-09,2020-11-09,3,13,0
48081,2021,Coke,9,2021-01-21,2021-12-28,5,26,0
48081,2022,Coke,12,2022-04-20,2022-12-12,8,39,0
48081,2023,Coke,14,2023-01-01,2023-12-23,5,40,0
48081,2024,Coke,10,2024-01-24,2024-12-24,6,29,0
48081,2025,Coke,11,2025-01-28,2025-12-28,6,32,0
48083,2015,Coleman,19,2015-01-27,2015-12-13,11,71,0
48083,2016,Coleman,17,2016-02-19,2016-12-29,10,86,0
48083,2017,Coleman,25,2017-01-01,2017-12-04,8,81,0
48083,2018,Coleman,21,2018-02-15,2018-10-08,10,83,0
48083,2019,Coleman,16,2019-01-06,2019-12-29,18,78,0
48083,2020,Coleman,14,2020-01-09,2020-11-10,9,52,0
48083,2021,Coleman,13,2021-01-22,2022-01-01,9,48,0
48083,2022,Coleman,21,2022-04-12,2022-12-13,25,99,0
48083,2023,Coleman,21,2023-01-02,2023-12-24,14,111,0
48083,2024,Coleman,25,2024-01-24,2024-12-31,16,91,0
48083,2025,Coleman,19,2025-01-29,2025-12-28,8,68,0
48085,2015,Collin,19,2015-03-17,2015-12-24,8,55,0
48085,2016,Collin,24,2016-01-30,2017-01-02,8,88,0
48085,2017,Collin,24,2017-01-10,2017-12-04,8,81,0
48085,2018,Collin,15,2018-01-20,2018-12-26,9,65,0
48085,2019,Collin,17,2019-01-07,2019-12-28,8,71,0
48085,2020,Collin,16,2020-01-02,2020-11-21,6,51,0
48085,2021,Collin,18,2021-01-19,2021-12-29,7,59,0
48085,2022,Collin,16,2022-03-28,2022-12-13,17,80,0
48085,2023,Collin,20,2023-01-01,2023-12-23,14,88,0
48085,2024,Collin,32,2024-01-25,2024-12-30,12,107,0
48085,2025,Collin,21,2025-01-28,2025-12-27,8,74,0
48087,2015,Collingsworth,12,2015-01-19,2015-12-24,7,39,0
48087,2016,Collingsworth,10,2016-02-16,2016-11-08,8,40,2
48087,2017,Collingsworth,12,2017-01-10,2017-12-04,6,40,6
48087,2018,Collingsworth,10,2018-01-21,2018-10-06,7,33,29
48087,2019,Collingsworth,11,2019-01-07,2019-12-28,5,36,36
48087,2020,Collingsworth,10,2020-01-09,2020-11-21,7,29,29
48087,2021,Collingsworth,13,2021-01-23,2021-12-29,6,41,41
48087,2022,Collingsworth,14,2022-04-21,2022-12-13,9,59,59
48087,2023,Collingsworth,18,2023-01-01,2023-12-24,6,63,63
48087,2024,Collingsworth,22,2024-01-24,2024-12-30,12,78,78
48087,2025,Collingsworth,8,2025-03-26,2025-12-28,14,46,46
48089,2015,Colorado,30,2015-01-21,2015-12-26,9,104,0
48089,2016,Colorado,25,2016-01-31,2016-12-29,13,124,0
48089,2017,Colorado,30,2017-01-01,2017-12-20,13,124,0
48089,2018,Colorado,25,2018-01-21,2018-12-01,15,111,0
48089,2019,Colorado,16,2019-01-17,2019-12-16,14,100,0
48089,2020,Colorado,23,2020-01-14,2020-12-30,11,97,0
48089,2021,Colorado,23,2021-01-19,2022-01-01,9,99,0
48089,2022,Colorado,21,2022-02-21,2022-12-14,15,110,0
48089,2023,Colorado,29,2023-01-01,2023-12-24,17,142,0
48089,2024,Colorado,29,2024-01-23,2024-12-26,11,122,0
48089,2025,Colorado,20,2025-01-03,2025-12-28,8,92,0
48091,2015,Comal,15,2015-03-30,2015-12-12,7,37,1
48091,2016,Comal,16,2016-01-25,2016-12-29,9,69,0
48091,2017,Comal,23,2017-01-01,2017-12-05,7,64,0
48091,2018,Comal,15,2018-02-24,2018-11-07,8,56,0
48091,2019,Comal,20,2019-01-08,2019-12-28,9,76,0
48091,2020,Comal,17,2020-01-02,2020-12-30,10,66,2
48091,2021,Comal,17,2021-01-22,2022-01-01,9,57,1
48091,2022,Comal,15,2022-03-05,2022-12-14,9,66,1
48091,2023,Comal,21,2023-01-02,2023-12-24,17,120,1
48091,2024,Comal,23,2024-01-24,2024-12-26,8,92,22
48091,2025,Comal,19,2025-01-03,2025-12-28,8,66,8
48093,2015,Comanche,15,2015-01-17,2015-12-24,7,57,0
48093,2016,Comanche,21,2016-01-06,2016-12-29,9,76,1
48093,2017,Comanche,24,2017-01-01,2017-12-05,8,76,0
48093,2018,Comanche,14,2018-01-20,2018-12-01,10,56,0
48093,2019,Comanche,15,2019-01-06,2019-12-28,11,61,0
48093,2020,Comanche,22,2020-01-02,2020-11-21,10,72,9
48093,2021,Comanche,15,2021-01-21,2021-12-31,8,52,0
48093,2022,Comanche,20,2022-01-31,2023-01-04,25,102,15
48093,2023,Comanche,24,2023-01-10,2023-12-24,15,114,4
48093,2024,Comanche,30,2024-01-23,2024-12-30,7,101,5
48093,2025,Comanche,18,2025-01-03,2025-12-27,7,51,0
48095,2015,Concho,8,2015-01-29,2015-11-05,6,21,0
48095,2016,Concho,10,2016-05-23,2016-12-29,10,42,1
48095,2017,Concho,14,2017-01-01,2017-12-04,8,50,0
48095,2018,Concho,11,2018-02-15,2018-12-27,7,41,1
48095,2019,Concho,10,2019-01-17,2019-12-28,14,45,0
48095,2020,Concho,11,2020-01-14,2020-11-10,7,43,0
48095,2021,Concho,13,2021-01-21,2021-12-29,6,43,0
48095,2022,Concho,15,2022-03-27,2022-12-14,18,70,0
48095,2023,Concho,15,2023-01-02,2023-12-24,13,66,0
48095,2024,Concho,17,2024-01-24,2024-12-18,5,47,0
48095,2025,Concho,11,2025-02-03,2025-12-28,6,36,0
48097,2015,Cooke,10,2015-01-28,2015-12-24,5,29,0
48097,2016,Cooke,15,2016-01-30,2016-12-26,6,51,0
48097,2017,Cooke,15,2017-01-01,2017-12-21,8,49,0
48097,2018,Cooke,17,2018-01-20,2018-10-09,9,59,0
48097,2019,Cooke,14,2019-01-07,2019-12-28,7,46,0
48097,2020,Cooke,10,2020-01-02,2020-11-21,4,26,0
48097,2021,Cooke,10,2021-01-19,2021-12-29,7,41,0
48097,2022,Cooke,15,2022-01-31,2022-12-13,10,69,0
48097,2023,Cooke,18,2023-01-01,2023-12-24,9,73,0
48097,2024,Cooke,24,2024-01-25,2024-12-26,11,80,0
48097,2025,Cooke,14,2025-01-29,2025-12-28,8,53,3
48099,2015,Coryell,22,2015-01-29,2015-12-21,7,61,0
48099,2016,Coryell,21,2016-02-18,2016-12-28,10,90,0
48099,2017,Coryell,26,2017-01-10,2017-12-04,10,102,0
48099,2018,Coryell,22,2018-01-20,2018-12-26,9,76,0
48099,2019,Coryell,16,2019-01-17,2019-12-28,12,67,0
48099,2020,Coryell,14,2020-01-09,2020-10-22,8,50,0
48099,2021,Coryell,19,2021-01-21,2021-12-29,7,60,0
48099,2022,Coryell,20,2022-03-27,2022-12-13,21,105,1
48099,2023,Coryell,21,2023-01-01,2023-12-24,21,113,0
48099,2024,Coryell,22,2024-01-23,2024-12-25,7,81,0
48099,2025,Coryell,16,2025-01-03,2025-12-28,6,56,3
48101,2015,Cottle,11,2015-01-25,2015-12-13,7,39,0
48101,2016,Cottle,11,2016-01-29,2016-11-08,8,39,0
48101,2017,Cottle,14,2017-01-10,2017-12-04,6,49,0
48101,2018,Cottle,18,2018-01-09,2018-10-06,8,70,0
48101,2019,Cottle,21,2019-01-06,2019-12-28,7,64,0
48101,2020,Cottle,15,2020-01-22,2020-11-21,7,41,2
48101,2021,Cottle,16,2021-01-23,2021-12-29,6,50,0
48101,2022,Cottle,20,2022-02-20,2022-12-13,10,75,0
48101,2023,Cottle,17,2023-01-01,2023-12-24,9,58,0
48101,2024,Cottle,22,2024-02-01,2024-12-30,6,63,0
48101,2025,Cottle,14,2025-01-29,2025-12-28,14,56,0
48103,2015,Crane,7,2015-01-28,2015-10-03,5,20,0
48103,2016,Crane,16,2016-02-19,2016-11-09,9,67,0
48103,2017,Crane,12,2017-01-12,2017-12-05,7,42,0
48103,2018,Crane,20,2018-02-15,2018-12-02,9,79,1
48103,2019,Crane,18,2019-01-07,2019-10-11,6,56,0
48103,2020,Crane,21,2020-01-09,2020-11-21,11,72,0
48103,2021,Crane,15,2021-01-22,2022-01-01,6,48,0
48103,2022,Crane,21,2022-02-21,2022-12-13,8,72,0
48103,2023,Crane,17,2023-01-02,2023-12-25,15,94,0
48103,2024,Crane,23,2024-01-24,2024-12-29,8,84,0
48103,2025,Crane,19,2025-02-05,2025-12-29,8,66,0
48105,2015,Crockett,15,2015-01-29,2015-11-27,5,41,0
48105,2016,Crockett,17,2016-01-06,2017-01-02,11,74,0
48105,2017,Crockett,16,2017-01-13,2017-12-05,8,66,0
48105,2018,Crockett,12,2018-02-14,2018-10-08,8,50,0
48105,2019,Crockett,15,2019-01-07,2019-12-28,8,66,0
48105,2020,Crockett,14,2020-01-14,2020-12-11,7,47,0
48105,2021,Crockett,14,2021-01-21,2021-12-31,10,50,0
48105,2022,Crockett,20,2022-03-04,2023-01-04,9,69,0
48105,2023,Crockett,20,2023-01-06,2023-12-23,15,99,0
48105,2024,Crockett,25,2024-01-23,2024-12-30,7,85,0
48105,2025,Crockett,18,2025-01-28,2025-12-28,6,60,1
48107,2015,Crosby,15,2015-01-19,2015-12-12,8,52,0
48107,2016,Crosby,16,2016-02-19,2016-12-04,9,66,0
48107,2017,Crosby,12,2017-01-02,2017-12-04,8,47,0
48107,2018,Crosby,18,2018-01-10,2018-10-06,10,68,0
48107,2019,Crosby,18,2019-01-07,2019-12-28,9,69,0
48107,2020,Crosby,12,2020-01-22,2020-11-22,12,50,0
48107,2021,Crosby,18,2021-01-20,2022-01-01,9,64,0
48107,2022,Crosby,19,2022-04-21,2022-12-13,10,74,0
48107,2023,Crosby,20,2023-01-01,2023-12-24,13,78,0
48107,2024,Crosby,21,2024-01-23,2024-12-30,11,86,0
48107,2025,Crosby,15,2025-02-26,2025-12-28,14,63,0
48109,2015,Culberson,18,2015-01-27,2015-12-25,8,58,0
48109,2016,Culberson,26,2016-01-30,2017-01-01,11,95,0
48109,2017,Culberson,24,2017-01-09,2017-12-04,9,91,0
48109,2018,Culberson,19,2018-01-08,2018-12-17,12,76,0
48109,2019,Culberson,20,2019-01-16,2019-12-15,9,72,0
48109,2020,Culberson,16,2020-01-13,2020-11-21,12,76,0
48109,2021,Culberson,23,2021-01-21,2021-12-27,11,87,0
48109,2022,Culberson,21,2022-01-07,2023-01-01,9,77,0
48109,2023,Culberson,24,2023-01-09,2023-12-23,15,96,0
48109,2024,Culberson,28,2024-01-30,2024-12-30,6,80,0
48109,2025,Culberson,18,2025-01-03,2025-12-27,13,83,0
48111,2015,Dallam,15,2015-01-27,2015-12-13,7,47,8
48111,2016,Dallam,8,2016-02-18,2016-11-08,8,32,1
48111,2017,Dallam,11,2017-01-10,2017-12-04,7,43,16
48111,2018,Dallam,16,2018-01-10,2018-10-06,9,58,51
48111,2019,Dallam,22,2019-01-06,2019-12-28,7,75,74
48111,2020,Dallam,20,2020-01-22,2020-11-20,5,60,53
48111,2021,Dallam,16,2021-03-09,2021-12-29,7,50,35
48111,2022,Dallam,21,2022-04-20,2022-12-29,16,103,102
48111,2023,Dallam,29,2023-01-01,2023-12-24,10,104,104
48111,2024,Dallam,27,2024-01-23,2024-12-30,15,120,120
48111,2025,Dallam,17,2025-02-25,2025-12-28,17,76,76
48113,2015,Dallas,13,2015-01-28,2015-12-24,9,44,0
48113,2016,Dallas,21,2016-01-30,2017-01-02,9,75,0
48113,2017,Dallas,21,2017-01-10,2017-12-04,8,76,0
48113,2018,Dallas,18,2018-01-20,2018-12-26,11,81,0
48113,2019,Dallas,14,2019-01-07,2019-12-28,8,58,0
48113,2020,Dallas,12,2020-01-14,2020-11-21,5,34,0
48113,2021,Dallas,14,2021-01-21,2021-12-31,9,51,0
48113,2022,Dallas,15,2022-03-28,2023-01-03,13,73,0
48113,2023,Dallas,17,2023-01-10,2023-12-23,14,81,0
48113,2024,Dallas,25,2024-01-25,2024-12-26,9,79,0
48113,2025,Dallas,13,2025-01-28,2025-12-27,8,51,0
48115,2015,Dawson,9,2015-01-28,2015-12-25,4,23,2
48115,2016,Dawson,14,2016-02-19,2016-12-31,12,51,2
48115,2017,Dawson,15,2017-01-11,2017-12-04,6,48,4
48115,2018,Dawson,17,2018-03-26,2018-12-27,9,56,22
48115,2019,Dawson,21,2019-01-06,2019-12-28,36,127,117
48115,2020,Dawson,25,2020-01-02,2020-12-29,24,119,115
48115,2021,Dawson,26,2021-01-19,2022-01-01,10,104,104
48115,2022,Dawson,22,2022-03-27,2023-01-04,27,140,140
48115,2023,Dawson,26,2023-01-06,2023-12-24,29,149,149
48115,2024,Dawson,32,2024-01-23,2024-12-30,23,183,183
48115,2025,Dawson,30,2025-01-29,2025-12-28,18,140,140
48117,2015,Deaf Smith,15,2015-01-26,2015-12-24,7,56,0
48117,2016,Deaf Smith,12,2016-01-30,2016-11-08,8,50,0
48117,2017,Deaf Smith,14,2017-01-01,2017-12-04,8,62,10
48117,2018,Deaf Smith,13,2018-03-17,2018-10-05,8,55,0
48117,2019,Deaf Smith,19,2019-01-07,2019-12-09,7,66,0
48117,2020,Deaf Smith,15,2020-01-22,2020-11-24,8,51,0
48117,2021,Deaf Smith,19,2021-01-04,2021-12-29,11,77,62
48117,2022,Deaf Smith,19,2022-04-22,2022-12-29,19,93,9
48117,2023,Deaf Smith,30,2023-01-01,2023-12-22,8,95,15
48117,2024,Deaf Smith,17,2024-01-24,2024-12-30,7,54,1
48117,2025,Deaf Smith,15,2025-03-28,2025-12-28,8,52,14
48119,2015,Delta,15,2015-01-28,2015-12-27,9,62,62
48119,2016,Delta,22,2016-01-30,2016-12-29,9,97,97
48119,2017,Delta,21,2017-01-01,2017-12-21,13,88,88
48119,2018,Delta,16,2018-02-15,2018-12-27,9,82,82
48119,2019,Delta,13,2019-01-07,2019-12-28,19,70,70
48119,2020,Delta,19,2020-01-02,2020-12-30,6,55,55
48119,2021,Delta,16,2021-01-20,2022-01-01,9,59,59
48119,2022,Delta,21,2022-02-16,2023-01-03,13,90,90
48119,2023,Delta,19,2023-01-11,2023-12-24,14,87,87
48119,2024,Delta,25,2024-01-24,2024-12-30,13,98,98
48119,2025,Delta,15,2025-01-29,2025-12-28,8,63,63
48121,2015,Denton,13,2015-01-28,2015-12-24,5,39,0
48121,2016,Denton,17,2016-01-30,2016-12-26,8,62,0
48121,2017,Denton,19,2017-01-10,2017-12-21,8,67,0
48121,2018,Denton,17,2018-01-20,2018-12-26,9,73,0
48121,2019,Denton,14,2019-01-06,2019-12-28,17,65,0
48121,2020,Denton,17,2020-01-09,2020-12-29,8,53,0
48121,2021,Denton,17,2021-01-06,2021-12-29,7,55,0
48121,2022,Denton,18,2022-03-28,2022-12-13,17,85,0
48121,2023,Denton,24,2023-01-01,2023-12-24,10,100,0
48121,2024,Denton,31,2024-01-25,2024-12-28,15,111,0
48121,2025,Denton,17,2025-01-29,2025-12-27,8,56,0
48123,2015,DeWitt,17,2015-02-21,2015-12-27,7,48,0
48123,2016,DeWitt,21,2016-02-01,2016-12-29,10,75,0
48123,2017,DeWitt,28,2017-01-01,2017-12-05,7,87,0
48123,2018,DeWitt,21,2018-02-20,2018-12-27,10,83,0
48123,2019,DeWitt,18,2019-02-02,2019-12-29,17,85,0
48123,2020,DeWitt,21,2020-01-14,2020-12-30,14,92,4
48123,2021,DeWitt,18,2021-01-22,2022-01-01,8,58,0
48123,2022,DeWitt,17,2022-04-05,2022-12-14,10,62,0
48123,2023,DeWitt,19,2023-01-02,2023-12-24,15,114,0
48123,2024,DeWitt,27,2024-01-23,2024-12-26,11,115,0
48123,2025,DeWitt,21,2025-01-04,2025-12-28,9,91,7
48125,2015,Dickens,6,2015-01-26,2015-12-12,6,18,0
48125,2016,Dickens,12,2016-02-19,2016-12-04,9,51,0
48125,2017,Dickens,16,2017-01-03,2017-12-06,8,54,0
48125,2018,Dickens,10,2018-02-15,2018-10-06,11,46,0
48125,2019,Dickens,14,2019-01-07,2019-12-28,8,46,0
48125,2020,Dickens,15,2020-01-22,2020-11-22,10,50,0
48125,2021,Dickens,13,2021-01-20,2021-12-29,8,50,0
48125,2022,Dickens,13,2022-04-21,2022-12-13,14,61,0
48125,2023,Dickens,13,2023-01-01,2023-12-24,12,50,0
48125,2024,Dickens,18,2024-01-23,2024-12-28,11,70,0
48125,2025,Dickens,11,2025-03-26,2025-12-28,7,37,0
48127,2015,Dimmit,5,2015-05-26,2015-11-13,3,12,0
48127,2016,Dimmit,10,2016-02-19,2016-12-29,9,47,0
48127,2017,Dimmit,12,2017-01-13,2017-12-05,5,31,0
48127,2018,Dimmit,15,2018-01-27,2018-11-08,9,58,0
48127,2019,Dimmit,17,2019-01-08,2019-12-28,9,57,0
48127,2020,Dimmit,12,2020-01-14,2020-12-30,8,34,2
48127,2021,Dimmit,12,2021-01-23,2022-01-01,5,35,0
48127,2022,Dimmit,21,2022-02-21,2022-12-13,10,76,0
48127,2023,Dimmit,26,2023-01-02,2023-12-24,11,111,0
48127,2024,Dimmit,24,2024-02-09,2024-12-24,9,99,0
48127,2025,Dimmit,11,2025-01-29,2025-12-28,11,64,0
48129,2015,Donley,18,2015-01-19,2015-12-24,6,50,0
48129,2016,Donley,11,2016-02-18,2016-11-08,9,41,0
48129,2017,Donley,20,2017-01-10,2017-12-04,7,64,27
48129,2018,Donley,19,2018-02-15,2018-12-27,11,87,87
48129,2019,Donley,20,2019-01-06,2019-12-28,17,89,89
48129,2020,Donley,21,2020-01-02,2020-12-29,9,72,72
48129,2021,Donley,21,2021-01-19,2021-12-31,8,74,74
48129,2022,Donley,20,2022-04-21,2022-12-29,13,99,99
48129,2023,Donley,23,2023-01-01,2023-12-24,10,100,100
48129,2024,Donley,30,2024-01-23,2024-12-30,15,132,132
48129,2025,Donley,21,2025-01-29,2025-12-28,15,83,83
48131,2015,Duval,16,2015-01-29,2015-11-27,6,43,0
48131,2016,Duval,13,2016-02-19,2016-12-28,6,41,0
48131,2017,Duval,15,2017-01-11,2017-12-05,7,52,0
48131,2018,Duval,14,2018-01-27,2018-12-27,9,43,0
48131,2019,Duval,19,2019-02-04,2019-12-29,8,63,0
48131,2020,Duval,14,2020-01-10,2020-12-30,9,53,0
48131,2021,Duval,15,2021-01-23,2022-01-01,8,55,0
48131,2022,Duval,15,2022-02-22,2022-12-14,9,52,1
48131,2023,Duval,23,2023-01-02,2023-12-24,10,104,0
48131,2024,Duval,25,2024-02-10,2024-12-26,9,100,0
48131,2025,Duval,20,2025-01-03,2025-12-28,12,110,0
48133,2015,Eastland,14,2015-01-28,2015-12-24,13,57,57
48133,2016,Eastland,21,2016-01-30,2016-12-29,14,99,99
48133,2017,Eastland,22,2017-01-01,2017-12-21,8,94,94
48133,2018,Eastland,14,2018-02-15,2018-12-27,11,81,81
48133,2019,Eastland,17,2019-01-07,2019-12-28,17,81,81
48133,2020,Eastland,20,2020-01-02,2020-11-21,10,69,69
48133,2021,Eastland,17,2021-01-19,2021-12-31,8,65,65
48133,2022,Eastland,18,2022-03-28,2022-12-13,25,110,110
48133,2023,Eastland,22,2023-01-01,2023-12-24,15,122,122
48133,2024,Eastland,30,2024-01-24,2024-12-30,19,123,123
48133,2025,Eastland,22,2025-01-29,2025-12-28,8,83,83
48135,2015,Ector,13,2015-01-28,2015-12-24,6,39,0
48135,2016,Ector,17,2016-02-18,2016-12-29,10,61,0
48135,2017,Ector,23,2017-01-01,2017-12-05,9,79,0
48135,2018,Ector,17,2018-01-09,2018-12-01,9,61,0
48135,2019,Ector,21,2019-01-06,2019-12-27,10,82,0
48135,2020,Ector,18,2020-01-09,2020-12-11,10,58,0
48135,2021,Ector,15,2021-01-21,2021-12-31,9,54,0
48135,2022,Ector,19,2022-03-27,2022-12-29,24,98,0
48135,2023,Ector,23,2023-01-01,2023-12-23,15,110,0
48135,2024,Ector,29,2024-01-23,2024-12-30,18,113,0
48135,2025,Ector,18,2025-02-03,2025-12-28,14,84,0
48137,2015,Edwards,17,2015-01-19,2015-11-26,6,49,0
48137,2016,Edwards,16,2016-02-18,2016-12-28,8,62,0
48137,2017,Edwards,24,2017-01-01,2017-12-05,7,75,22
48137,2018,Edwards,18,2018-01-26,2018-12-26,8,52,0
48137,2019,Edwards,15,2019-01-05,2019-12-28,7,50,0
48137,2020,Edwards,19,2020-01-09,2020-12-29,7,57,0
48137,2021,Edwards,15,2021-01-22,2021-12-31,10,51,0
48137,2022,Edwards,12,2022-01-13,2022-12-13,9,39,6
48137,2023,Edwards,24,2023-01-01,2023-12-23,12,80,0
48137,2024,Edwards,19,2024-01-23,2024-12-24,7,64,9
48137,2025,Edwards,10,2025-02-03,2025-12-28,7,42,9
48139,2015,Ellis,13,2015-01-27,2015-12-24,6,42,0
48139,2016,Ellis,18,2016-01-30,2016-12-28,8,66,0
48139,2017,Ellis,21,2017-01-01,2017-12-20,8,74,0
48139,2018,Ellis,18,2018-01-20,2018-12-26,10,78,0
48139,2019,Ellis,14,2019-01-05,2019-12-28,8,58,0
48139,2020,Ellis,14,2020-01-09,2020-11-21,6,38,0
48139,2021,Ellis,17,2021-01-19,2021-12-31,9,55,0
48139,2022,Ellis,17,2022-01-31,2023-01-02,13,83,0
48139,2023,Ellis,19,2023-01-10,2023-12-23,14,79,0
48139,2024,Ellis,22,2024-01-24,2024-12-30,6,67,0
48139,2025,Ellis,11,2025-01-28,2025-12-27,9,55,0
48141,2015,El Paso,5,2015-01-29,2015-10-04,5,14,0
48141,2016,El Paso,5,2016-02-19,2016-12-30,6,15,0
48141,2017,El Paso,25,2017-01-04,2017-12-19,6,77,0
48141,2018,El Paso,27,2018-01-10,2018-12-27,7,78,0
48141,2019,El Paso,24,2019-01-09,2019-12-15,15,95,0
48141,2020,El Paso,23,2020-01-15,2020-11-23,4,61,0
48141,2021,El Paso,12,2021-01-29,2021-12-28,5,34,0
48141,2022,El Paso,15,2022-01-08,2023-01-03,8,47,0
48141,2023,El Paso,19,2023-01-15,2023-12-23,12,73,0
48141,2024,El Paso,23,2024-01-23,2024-12-07,7,62,0
48141,2025,El Paso,24,2025-01-17,2025-12-29,18,102,0
48143,2015,Erath,18,2015-01-27,2015-12-24,6,49,0
48143,2016,Erath,22,2016-01-06,2017-01-02,9,80,3
48143,2017,Erath,25,2017-01-10,2017-12-21,7,83,1
48143,2018,Erath,18,2018-01-20,2018-12-26,10,65,0
48143,2019,Erath,14,2019-01-07,2019-12-28,17,55,0
48143,2020,Erath,16,2020-01-09,2020-11-21,7,48,0
48143,2021,Erath,14,2021-01-21,2021-12-29,6,48,0
48143,2022,Erath,22,2022-01-31,2022-12-13,21,101,0
48143,2023,Erath,24,2023-01-01,2023-12-23,14,108,1
48143,2024,Erath,25,2024-01-24,2024-12-25,7,87,0
48143,2025,Erath,14,2025-01-29,2025-12-27,7,46,0
48145,2015,Falls,6,2015-04-02,2015-11-06,4,16,0
48145,2016,Falls,8,2016-02-20,2016-12-28,9,38,35
48145,2017,Falls,13,2017-01-01,2017-12-04,13,50,50
48145,2018,Falls,12,2018-02-15,2018-12-01,9,35,35
48145,2019,Falls,10,2019-01-07,2019-12-28,9,44,44
48145,2020,Falls,12,2020-01-09,2020-11-10,8,45,45
48145,2021,Falls,13,2021-01-21,2021-12-31,8,44,44
48145,2022,Falls,10,2022-04-21,2022-12-13,19,62,62
48145,2023,Falls,18,2023-01-01,2023-12-24,15,91,91
48145,2024,Falls,20,2024-01-23,2024-12-26,10,73,73
48145,2025,Falls,12,2025-01-29,2025-12-28,8,48,48
48147,2015,Fannin,13,2015-01-28,2015-12-15,9,49,0
48147,2016,Fannin,23,2016-01-30,2016-12-29,6,80,0
48147,2017,Fannin,19,2017-01-01,2017-12-21,8,64,0
48147,2018,Fannin,15,2018-02-15,2018-12-27,9,55,0
48147,2019,Fannin,13,2019-01-07,2019-12-28,9,60,0
48147,2020,Fannin,12,2020-01-09,2020-11-10,5,34,0
48147,2021,Fannin,15,2021-01-21,2021-12-29,6,51,0
48147,2022,Fannin,17,2022-04-11,2022-12-13,13,76,0
48147,2023,Fannin,18,2023-01-01,2023-12-24,6,63,0
48147,2024,Fannin,26,2024-01-24,2024-12-30,20,119,1
48147,2025,Fannin,22,2025-01-29,2025-12-28,8,79,0
48149,2015,Fayette,17,2015-01-20,2015-12-26,5,57,0
48149,2016,Fayette,16,2016-01-31,2016-12-28,13,68,0
48149,2017,Fayette,24,2017-01-01,2017-12-05,8,66,0
48149,2018,Fayette,11,2018-02-15,2018-11-07,8,34,0
48149,2019,Fayette,15,2019-01-07,2019-10-07,20,72,0
48149,2020,Fayette,17,2020-01-14,2020-11-14,13,74,0
48149,2021,Fayette,21,2021-01-22,2021-12-31,8,70,0
48149,2022,Fayette,15,2022-03-05,2022-12-13,9,60,0
48149,2023,Fayette,18,2023-01-01,2023-12-23,15,93,0
48149,2024,Fayette,21,2024-01-23,2024-12-25,8,80,0
48149,2025,Fayette,16,2025-02-03,2025-12-28,7,63,7
48151,2015,Fisher,10,2015-01-28,2015-12-12,8,39,3
48151,2016,Fisher,10,2016-02-18,2016-11-08,12,48,3
48151,2017,Fisher,24,2017-01-01,2017-12-04,5,74,0
48151,2018,Fisher,25,2018-01-09,2018-12-27,10,95,1
48151,2019,Fisher,16,2019-01-07,2019-12-28,6,59,18
48151,2020,Fisher,9,2020-03-11,2020-11-09,10,29,12
48151,2021,Fisher,10,2021-01-22,2022-01-01,6,32,32
48151,2022,Fisher,14,2022-03-29,2022-12-13,9,56,56
48151,2023,Fisher,17,2023-01-01,2023-12-24,9,65,65
48151,2024,Fisher,19,2024-01-24,2024-12-26,6,54,54
48151,2025,Fisher,7,2025-01-29,2025-12-28,9,35,35
48153,2015,Floyd,15,2015-01-26,2015-12-12,6,44,0
48153,2016,Floyd,20,2016-01-07,2016-12-26,8,58,0
48153,2017,Floyd,12,2017-01-10,2017-12-04,8,45,0
48153,2018,Floyd,11,2018-01-10,2018-10-06,7,42,0
48153,2019,Floyd,16,2019-01-07,2019-12-28,10,59,0
48153,2020,Floyd,12,2020-01-22,2020-12-29,6,34,0
48153,2021,Floyd,15,2021-01-20,2022-01-01,8,54,0
48153,2022,Floyd,18,2022-04-21,2022-12-29,10,70,0
48153,2023,Floyd,17,2023-01-01,2023-12-24,10,68,0
48153,2024,Floyd,19,2024-01-25,2024-12-28,14,69,0
48153,2025,Floyd,13,2025-02-26,2025-12-28,7,51,0
48155,2015,Foard,12,2015-01-26,2015-12-24,6,44,44
48155,2016,Foard,16,2016-01-30,2016-12-26,9,61,61
48155,2017,Foard,17,2017-01-02,2017-12-05,8,69,69
48155,2018,Foard,14,2018-02-15,2018-12-27,11,69,69
48155,2019,Foard,16,2019-01-06,2019-12-28,13,70,70
48155,2020,Foard,15,2020-01-02,2020-11-21,9,54,54
48155,2021,Foard,14,2021-01-19,2022-01-01,9,56,56
48155,2022,Foard,17,2022-04-20,2022-12-13,11,86,86
48155,2023,Foard,25,2023-01-01,2023-12-24,9,96,96
48155,2024,Foard,28,2024-01-23,2024-12-30,15,114,114
48155,2025,Foard,13,2025-01-29,2025-12-28,14,62,62
48157,2015,Fort Bend,13,2015-03-20,2015-12-27,5,35,0
48157,2016,Fort Bend,20,2016-01-31,2016-12-28,8,66,0
48157,2017,Fort Bend,22,2017-01-01,2017-12-19,12,80,0
48157,2018,Fort Bend,24,2018-02-15,2018-12-01,9,77,0
48157,2019,Fort Bend,17,2019-01-07,2019-12-29,10,62,0
48157,2020,Fort Bend,25,2020-01-09,2020-12-29,9,90,0
48157,2021,Fort Bend,26,2021-01-19,2022-01-01,10,113,0
48157,2022,Fort Bend,19,2022-01-08,2022-12-13,9,72,0
48157,2023,Fort Bend,25,2023-01-01,2023-12-23,14,110,0
48157,2024,Fort Bend,29,2024-01-23,2024-12-26,7,107,0
48157,2025,Fort Bend,18,2025-01-03,2025-12-28,12,75,0
48159,2015,Franklin,10,2015-01-28,2015-12-27,7,36,0
48159,2016,Franklin,18,2016-01-30,2016-12-29,8,63,0
48159,2017,Franklin,20,2017-01-01,2017-12-22,12,73,0
48159,2018,Franklin,12,2018-03-27,2018-12-27,10,51,0
48159,2019,Franklin,12,2019-01-07,2019-12-29,7,46,0
48159,2020,Franklin,10,2020-01-15,2020-11-10,5,27,0
48159,2021,Franklin,13,2021-01-22,2022-01-01,9,45,0
48159,2022,Franklin,11,2022-04-21,2023-01-03,12,52,0
48159,2023,Franklin,20,2023-01-11,2023-12-24,13,78,47
48159,2024,Franklin,17,2024-01-24,2024-12-30,6,49,0
48159,2025,Franklin,14,2025-01-29,2025-12-28,8,47,0
48161,2015,Freestone,8,2015-04-08,2015-12-27,5,24,24
48161,2016,Freestone,14,2016-02-20,2016-12-28,11,62,62
48161,2017,Freestone,20,2017-01-01,2017-12-04,7,65,65
48161,2018,Freestone,13,2018-02-15,2018-12-01,9,62,62
48161,2019,Freestone,10,2019-01-07,2019-10-06,9,50,50
48161,2020,Freestone,10,2020-01-15,2020-11-10,9,38,38
48161,2021,Freestone,14,2021-01-22,2022-01-01,9,47,47
48161,2022,Freestone,14,2022-04-21,2022-12-13,13,73,73
48161,2023,Freestone,19,2023-01-01,2023-12-24,14,89,89
48161,2024,Freestone,21,2024-01-24,2024-12-26,10,72,72
48161,2025,Freestone,14,2025-01-29,2025-12-28,8,55,55
48163,2015,Frio,22,2015-03-31,2015-12-26,11,92,0
48163,2016,Frio,20,2016-02-20,2016-12-29,13,91,6
48163,2017,Frio,32,2017-01-11,2017-12-05,12,133,1
48163,2018,Frio,18,2018-01-27,2018-12-26,9,61,18
48163,2019,Frio,16,2019-01-07,2019-12-28,8,66,61
48163,2020,Frio,15,2020-01-14,2020-11-09,8,59,59
48163,2021,Frio,19,2021-01-21,2022-01-01,9,67,25
48163,2022,Frio,21,2022-02-21,2022-12-13,11,88,77
48163,2023,Frio,26,2023-01-02,2023-12-24,19,122,36
48163,2024,Frio,29,2024-02-02,2024-12-25,15,128,31
48163,2025,Frio,18,2025-01-29,2025-12-28,7,70,70
48165,2015,Gaines,17,2015-01-19,2015-12-24,7,53,0
48165,2016,Gaines,19,2016-02-18,2016-12-31,8,63,0
48165,2017,Gaines,19,2017-01-02,2017-12-04,8,71,0
48165,2018,Gaines,18,2018-01-10,2018-12-18,9,68,0
48165,2019,Gaines,16,2019-01-07,2019-12-28,14,66,0
48165,2020,Gaines,15,2020-01-15,2020-11-22,14,65,0
48165,2021,Gaines,19,2021-01-20,2021-12-31,9,69,0
48165,2022,Gaines,22,2022-03-28,2023-01-04,25,108,0
48165,2023,Gaines,28,2023-01-06,2023-12-23,15,116,0
48165,2024,Gaines,24,2024-01-22,2024-12-30,13,99,0
48165,2025,Gaines,24,2025-02-03,2025-12-27,9,87,2
48167,2015,Galveston,17,2015-03-19,2015-12-26,4,45,0
48167,2016,Galveston,20,2016-01-31,2016-12-28,9,81,0
48167,2017,Galveston,24,2017-01-01,2017-11-07,13,86,0
48167,2018,Galveston,10,2018-02-15,2018-11-08,7,44,0
48167,2019,Galveston,20,2019-01-07,2019-11-30,10,73,0
48167,2020,Galveston,23,2020-01-09,2020-12-30,9,86,0
48167,2021,Galveston,19,2021-01-19,2022-01-01,10,64,0
48167,2022,Galveston,22,2022-01-08,2022-12-13,11,75,0
48167,2023,Galveston,22,2023-01-01,2023-11-09,15,100,0
48167,2024,Galveston,18,2024-01-23,2024-12-17,11,63,0
48167,2025,Galveston,15,2025-01-03,2025-12-28,9,63,0
48169,2015,Garza,13,2015-01-27,2015-12-24,6,35,0
48169,2016,Garza,17,2016-01-30,2016-11-17,8,58,0
48169,2017,Garza,15,2017-01-10,2017-12-04,5,42,0
48169,2018,Garza,13,2018-01-10,2018-10-06,10,58,0
48169,2019,Garza,16,2019-01-07,2019-12-28,6,60,0
48169,2020,Garza,17,2020-01-09,2020-12-11,11,56,0
48169,2021,Garza,17,2021-01-20,2022-01-01,9,58,0
48169,2022,Garza,19,2022-02-15,2022-12-13,9,87,0
48169,2023,Garza,19,2023-01-01,2023-12-24,16,81,0
48169,2024,Garza,25,2024-01-25,2024-12-30,15,98,0
48169,2025,Garza,15,2025-02-26,2025-12-28,8,55,0
48171,2015,Gillespie,10,2015-03-30,2015-11-06,3,24,0
48171,2016,Gillespie,13,2016-02-19,2016-12-29,9,53,0
48171,2017,Gillespie,15,2017-01-10,2017-12-04,7,44,0
48171,2018,Gillespie,9,2018-02-15,2018-10-14,7,28,0
48171,2019,Gillespie,12,2019-02-02,2019-12-28,6,41,0
48171,2020,Gillespie,14,2020-01-14,2020-12-30,9,52,0
48171,2021,Gillespie,12,2021-01-22,2021-12-29,6,36,0
48171,2022,Gillespie,15,2022-04-16,2022-12-13,9,49,0
48171,2023,Gillespie,14,2023-01-01,2023-12-24,14,71,0
48171,2024,Gillespie,20,2024-01-23,2024-12-25,8,69,0
48171,2025,Gillespie,12,2025-01-29,2025-12-28,7,44,0
48173,2015,Glasscock,16,2015-01-28,2015-12-24,6,51,51
48173,2016,Glasscock,17,2016-02-18,2017-01-03,12,78,78
48173,2017,Glasscock,17,2017-01-10,2017-12-05,8,70,70
48173,2018,Glasscock,18,2018-01-10,2018-12-27,9,79,79
48173,2019,Glasscock,16,2019-01-06,2019-12-28,18,83,83
48173,2020,Glasscock,17,2020-01-02,2020-11-21,11,66,66
48173,2021,Glasscock,15,2021-01-21,2021-12-31,8,56,56
48173,2022,Glasscock,16,2022-03-28,2022-12-13,25,96,96
48173,2023,Glasscock,24,2023-01-01,2023-12-24,15,110,110
48173,2024,Glasscock,24,2024-01-23,2024-12-30,18,104,104
48173,2025,Glasscock,19,2025-02-03,2025-12-28,9,76,76
48175,2015,Goliad,11,2015-04-08,2015-12-27,4,30,0
48175,2016,Goliad,8,2016-02-21,2016-12-29,8,32,0
48175,2017,Goliad,15,2017-01-12,2017-12-05,6,39,0
48175,2018,Goliad,11,2018-02-16,2018-11-08,6,35,0
48175,2019,Goliad,11,2019-02-03,2019-12-29,7,44,0
48175,2020,Goliad,13,2020-01-14,2020-11-15,5,44,0
48175,2021,Goliad,19,2021-01-22,2022-01-01,8,65,0
48175,2022,Goliad,19,2022-04-05,2022-12-14,9,68,0
48175,2023,Goliad,25,2023-01-02,2023-12-24,24,118,1
48175,2024,Goliad,26,2024-01-23,2024-12-27,10,118,0
48175,2025,Goliad,12,2025-01-04,2025-12-28,7,47,2
48177,2015,Gonzales,12,2015-02-21,2015-12-12,4,27,0
48177,2016,Gonzales,16,2016-02-20,2016-12-29,13,68,0
48177,2017,Gonzales,24,2017-01-01,2017-12-05,8,77,0
48177,2018,Gonzales,18,2018-01-27,2018-11-07,11,65,0
48177,2019,Gonzales,20,2019-01-07,2019-12-28,17,83,0
48177,2020,Gonzales,19,2020-01-14,2020-12-30,14,84,0
48177,2021,Gonzales,19,2021-01-21,2022-01-01,8,59,0
48177,2022,Gonzales,19,2022-02-21,2022-12-14,12,79,0
48177,2023,Gonzales,25,2023-01-02,2023-12-24,13,104,0
48177,2024,Gonzales,25,2024-01-24,2024-12-26,8,97,0
48177,2025,Gonzales,28,2025-01-03,2025-12-28,9,125,0
48179,2015,Gray,15,2015-01-19,2015-12-23,8,55,0
48179,2016,Gray,16,2016-02-17,2016-11-17,6,46,0
48179,2017,Gray,9,2017-01-21,2017-11-15,6,25,0
48179,2018,Gray,12,2018-03-24,2018-10-04,10,47,0
48179,2019,Gray,13,2019-01-07,2019-12-26,6,41,0
48179,2020,Gray,13,2020-01-09,2020-11-20,6,37,0
48179,2021,Gray,13,2021-04-27,2021-12-29,6,42,0
48179,2022,Gray,13,2022-04-28,2022-11-10,14,55,0
48179,2023,Gray,17,2023-01-10,2023-12-24,7,55,0
48179,2024,Gray,22,2024-01-23,2024-12-30,6,75,0
48179,2025,Gray,14,2025-01-30,2025-12-28,7,49,0
48181,2015,Grayson,14,2015-01-27,2015-12-24,9,46,0
48181,2016,Grayson,20,2016-02-14,2017-01-02,8,72,0
48181,2017,Grayson,21,2017-01-10,2017-12-21,8,63,0
48181,2018,Grayson,18,2018-01-20,2018-12-26,8,67,0
48181,2019,Grayson,16,2019-02-03,2019-12-28,15,69,0
48181,2020,Grayson,11,2020-01-14,2020-11-09,6,32,0
48181,2021,Grayson,12,2021-01-21,2021-12-31,9,46,0
48181,2022,Grayson,19,2022-01-31,2023-01-02,16,83,0
48181,2023,Grayson,21,2023-01-06,2023-12-23,6,75,0
48181,2024,Grayson,29,2024-01-25,2024-12-28,13,91,0
48181,2025,Grayson,17,2025-01-29,2025-12-27,8,56,0
48183,2015,Gregg,16,2015-03-17,2015-12-27,9,64,0
48183,2016,Gregg,20,2016-02-19,2016-12-29,9,80,0
48183,2017,Gregg,22,2017-01-01,2017-12-20,13,92,0
48183,2018,Gregg,20,2018-01-21,2018-12-26,12,95,0
48183,2019,Gregg,19,2019-01-07,2019-12-29,9,69,0
48183,2020,Gregg,16,2020-01-15,2020-12-30,8,57,0
48183,2021,Gregg,14,2021-01-21,2022-01-01,9,47,0
48183,2022,Gregg,15,2022-03-28,2022-12-14,12,78,0
48183,2023,Gregg,22,2023-01-01,2023-12-24,14,93,4
48183,2024,Gregg,22,2024-01-24,2024-12-30,9,90,0
48183,2025,Gregg,20,2025-01-03,2025-12-28,8,78,0
48185,2015,Grimes,15,2015-03-18,2015-12-27,6,48,48
48185,2016,Grimes,19,2016-01-31,2016-12-28,13,84,84
48185,2017,Grimes,24,2017-01-01,2017-12-05,13,93,93
48185,2018,Grimes,14,2018-02-15,2018-12-01,10,65,65
48185,2019,Grimes,14,2019-01-07,2019-12-28,9,63,63
48185,2020,Grimes,17,2020-01-14,2020-12-30,12,76,76
48185,2021,Grimes,19,2021-01-20,2022-01-01,9,71,71
48185,2022,Grimes,19,2022-03-05,2022-12-30,20,101,101
48185,2023,Grimes,23,2023-01-01,2023-12-24,16,125,125
48185,2024,Grimes,24,2024-01-23,2024-12-26,12,104,104
48185,2025,Grimes,18,2025-01-29,2025-12-28,8,76,76
48187,2015,Guadalupe,21,2015-01-30,2015-12-26,8,67,0
48187,2016,Guadalupe,19,2016-02-19,2016-12-29,13,79,0
48187,2017,Guadalupe,25,2017-01-01,2017-12-05,13,80,0
48187,2018,Guadalupe,18,2018-02-15,2018-10-14,8,64,0
48187,2019,Guadalupe,17,2019-01-07,2019-12-28,14,86,0
48187,2020,Guadalupe,22,2020-01-14,2020-12-30,9,87,0
48187,2021,Guadalupe,18,2021-01-20,2022-01-01,8,62,0
48187,2022,Guadalupe,20,2022-03-05,2022-12-13,9,63,0
48187,2023,Guadalupe,24,2023-01-02,2023-12-24,17,115,0
48187,2024,Guadalupe,26,2024-01-23,2024-12-26,8,83,0
48187,2025,Guadalupe,18,2025-01-03,2025-12-28,8,69,0
48189,2015,Hale,11,2015-01-27,2015-12-12,5,34,0
48189,2016,Hale,16,2016-02-19,2016-11-08,8,56,0
48189,2017,Hale,10,2017-01-11,2017-12-04,9,37,0
48189,2018,Hale,10,2018-03-23,2018-10-06,7,38,0
48189,2019,Hale,17,2019-01-07,2019-12-28,6,54,0
48189,2020,Hale,12,2020-01-22,2020-11-22,7,38,0
48189,2021,Hale,12,2021-01-23,2021-12-26,6,35,0
48189,2022,Hale,16,2022-04-21,2022-12-29,8,58,0
48189,2023,Hale,16,2023-01-01,2023-12-24,7,58,0
48189,2024,Hale,18,2024-01-25,2024-12-28,9,58,0
48189,2025,Hale,11,2025-03-26,2025-12-28,7,44,0
48191,2015,Hall,14,2015-01-19,2015-12-24,6,41,0
48191,2016,Hall,11,2016-01-29,2016-11-17,9,37,0
48191,2017,Hall,13,2017-01-19,2017-12-04,8,46,0
48191,2018,Hall,9,2018-03-24,2018-10-05,8,39,0
48191,2019,Hall,12,2019-01-07,2019-10-03,5,35,0
48191,2020,Hall,10,2020-01-09,2020-11-22,4,29,0
48191,2021,Hall,10,2021-04-27,2021-12-28,5,33,0
48191,2022,Hall,18,2022-04-22,2022-12-13,6,55,0
48191,2023,Hall,21,2023-01-01,2023-12-24,5,62,0
48191,2024,Hall,22,2024-01-25,2024-12-27,5,64,0
48191,2025,Hall,13,2025-01-30,2025-12-28,6,52,0
48193,2015,Hamilton,12,2015-02-08,2015-12-24,5,30,26
48193,2016,Hamilton,15,2016-02-19,2016-12-29,9,62,46
48193,2017,Hamilton,20,2017-01-01,2017-12-05,8,74,74
48193,2018,Hamilton,12,2018-02-15,2018-10-08,10,55,55
48193,2019,Hamilton,12,2019-01-07,2019-12-28,17,63,63
48193,2020,Hamilton,15,2020-01-09,2020-11-21,9,57,57
48193,2021,Hamilton,14,2021-01-21,2021-12-31,8,49,49
48193,2022,Hamilton,16,2022-04-21,2022-12-13,23,86,6
48193,2023,Hamilton,24,2023-01-01,2023-12-23,15,112,9
48193,2024,Hamilton,25,2024-01-23,2024-12-25,7,85,2
48193,2025,Hamilton,10,2025-01-29,2025-12-27,6,34,4
48195,2015,Hansford,12,2015-01-19,2015-12-22,6,31,0
48195,2016,Hansford,8,2016-02-19,2016-11-08,7,27,0
48195,2017,Hansford,10,2017-01-10,2017-11-15,6,31,0
48195,2018,Hansford,9,2018-02-18,2018-10-04,7,31,0
48195,2019,Hansford,12,2019-01-06,2019-12-26,6,39,0
48195,2020,Hansford,10,2020-01-22,2020-11-24,6,33,0
48195,2021,Hansford,10,2021-04-27,2021-12-26,6,28,0
48195,2022,Hansford,17,2022-04-21,2022-12-29,8,53,0
48195,2023,Hansford,13,2023-01-10,2023-12-24,7,40,0
48195,2024,Hansford,19,2024-01-24,2024-12-30,9,60,0
48195,2025,Hansford,13,2025-03-26,2025-12-28,9,46,0
48197,2015,Hardeman,13,2015-01-19,2015-12-24,6,45,45
48197,2016,Hardeman,13,2016-01-29,2016-12-26,9,46,46
48197,2017,Hardeman,16,2017-01-02,2017-12-05,8,67,67
48197,2018,Hardeman,13,2018-02-15,2018-12-27,9,50,50
48197,2019,Hardeman,19,2019-01-06,2019-12-28,5,59,59
48197,2020,Hardeman,18,2020-01-02,2020-12-29,4,50,50
48197,2021,Hardeman,15,2021-01-19,2021-12-31,8,57,57
48197,2022,Hardeman,15,2022-04-20,2022-12-13,10,68,68
48197,2023,Hardeman,24,2023-01-01,2023-12-24,9,82,82
48197,2024,Hardeman,25,2024-01-23,2024-12-30,9,95,95
48197,2025,Hardeman,12,2025-01-29,2025-12-28,14,58,58
48199,2015,Hardin,19,2015-03-18,2015-12-27,6,55,1
48199,2016,Hardin,25,2016-01-08,2016-12-29,7,84,0
48199,2017,Hardin,21,2017-01-01,2017-12-20,12,73,0
48199,2018,Hardin,19,2018-01-21,2018-12-01,15,69,0
48199,2019,Hardin,20,2019-02-03,2019-12-29,7,64,0
48199,2020,Hardin,17,2020-01-10,2020-11-11,11,72,0
48199,2021,Hardin,16,2021-01-20,2022-01-01,8,56,0
48199,2022,Hardin,11,2022-04-21,2023-01-03,12,44,0
48199,2023,Hardin,17,2023-01-29,2023-12-02,14,87,0
48199,2024,Hardin,22,2024-01-24,2024-12-26,12,82,2
48199,2025,Hardin,14,2025-01-04,2025-12-28,12,80,1
48201,2015,Harris,16,2015-03-18,2015-12-26,4,40,0
48201,2016,Harris,16,2016-01-31,2016-12-28,13,72,0
48201,2017,Harris,24,2017-01-10,2017-11-17,13,86,0
48201,2018,Harris,20,2018-02-15,2018-12-26,9,69,0
48201,2019,Harris,18,2019-01-07,2019-11-30,8,66,0
48201,2020,Harris,21,2020-01-09,2020-11-14,12,81,0
48201,2021,Harris,20,2021-01-19,2022-01-01,9,76,0
48201,2022,Harris,18,2022-02-21,2022-12-13,11,69,0
48201,2023,Harris,22,2023-01-01,2023-12-09,14,114,0
48201,2024,Harris,25,2024-01-23,2024-12-26,12,97,0
48201,2025,Harris,21,2025-01-03,2025-12-28,11,85,0
48203,2015,Harrison,10,2015-03-17,2015-12-27,7,30,0
48203,2016,Harrison,16,2016-01-08,2016-12-28,6,48,0
48203,2017,Harrison,17,2017-01-01,2017-12-20,11,57,0
48203,2018,Harrison,13,2018-01-20,2018-12-27,9,45,0
48203,2019,Harrison,7,2019-02-04,2019-10-07,7,24,0
48203,2020,Harrison,13,2020-01-15,2020-12-30,7,42,0
48203,2021,Harrison,12,2021-01-21,2022-01-01,9,42,0
48203,2022,Harrison,11,2022-04-11,2023-01-03,11,38,0
48203,2023,Harrison,15,2023-01-11,2023-12-24,11,53,0
48203,2024,Harrison,14,2024-01-24,2024-12-30,12,59,0
48203,2025,Harrison,13,2025-01-30,2025-12-28,7,55,0
48205,2015,Hartley,21,2015-01-18,2015-12-23,9,85,0
48205,2016,Hartley,16,2016-02-18,2016-11-15,8,54,0
48205,2017,Hartley,17,2017-01-10,2017-12-04,6,52,0
48205,2018,Hartley,12,2018-01-09,2018-10-05,6,36,0
48205,2019,Hartley,13,2019-01-06,2019-12-25,5,39,0
48205,2020,Hartley,14,2020-01-21,2020-12-29,6,41,0
48205,2021,Hartley,11,2021-01-23,2021-12-26,7,34,0
48205,2022,Hartley,17,2022-04-20,2022-12-29,8,56,0
48205,2023,Hartley,17,2023-01-01,2023-12-24,6,43,0
48205,2024,Hartley,18,2024-01-29,2024-12-30,12,57,0
48205,2025,Hartley,8,2025-02-25,2025-12-28,10,39,0
48207,2015,Haskell,11,2015-01-28,2015-12-25,11,52,4
48207,2016,Haskell,17,2016-02-18,2016-12-13,17,87,0
48207,2017,Haskell,10,2017-01-10,2017-12-05,5,36,24
48207,2018,Haskell,9,2018-02-15,2018-10-06,6,30,22
48207,2019,Haskell,10,2019-01-07,2019-10-03,5,27,0
48207,2020,Haskell,7,2020-01-14,2020-11-10,4,18,0
48207,2021,Haskell,8,2021-01-22,2022-01-01,8,31,0
48207,2022,Haskell,14,2022-04-21,2022-12-13,9,61,0
48207,2023,Haskell,18,2023-01-01,2023-12-24,14,77,0
48207,2024,Haskell,26,2024-01-24,2024-12-26,7,77,0
48207,2025,Haskell,13,2025-01-29,2025-12-28,6,42,0
48209,2015,Hays,10,2015-03-31,2015-10-23,5,33,0
48209,2016,Hays,18,2016-02-19,2016-12-29,9,73,0
48209,2017,Hays,19,2017-01-01,2017-12-04,8,59,0
48209,2018,Hays,14,2018-02-15,2018-10-09,9,42,0
48209,2019,Hays,15,2019-01-07,2019-10-04,10,62,0
48209,2020,Hays,13,2020-01-14,2020-10-22,10,54,0
48209,2021,Hays,11,2021-01-22,2022-01-01,9,39,0
48209,2022,Hays,13,2022-04-21,2022-12-13,9,54,0
48209,2023,Hays,20,2023-01-01,2023-12-23,16,100,0
48209,2024,Hays,19,2024-02-08,2024-12-25,7,70,0
48209,2025,Hays,18,2025-01-03,2025-12-28,8,69,0
48211,2015,Hemphill,17,2015-01-19,2015-12-24,7,59,59
48211,2016,Hemphill,18,2016-01-30,2016-12-26,8,59,59
48211,2017,Hemphill,15,2017-01-10,2017-12-04,9,64,64
48211,2018,Hemphill,9,2018-03-23,2018-10-06,9,47,47
48211,2019,Hemphill,17,2019-01-06,2019-12-28,7,64,64
48211,2020,Hemphill,14,2020-01-09,2020-12-29,6,49,49
48211,2021,Hemphill,14,2021-01-23,2021-12-29,6,51,51
48211,2022,Hemphill,18,2022-04-21,2022-12-29,11,81,81
48211,2023,Hemphill,24,2023-01-01,2023-12-24,7,85,85
48211,2024,Hemphill,27,2024-01-23,2024-12-30,13,121,121
48211,2025,Hemphill,18,2025-01-29,2025-12-28,18,81,81
48213,2015,Henderson,16,2015-03-18,2015-12-26,7,53,0
48213,2016,Henderson,22,2016-01-07,2016-12-28,12,99,0
48213,2017,Henderson,27,2017-01-01,2017-12-20,13,105,0
48213,2018,Henderson,21,2018-02-15,2018-12-27,10,99,0
48213,2019,Henderson,19,2019-01-07,2019-12-28,9,75,0
48213,2020,Henderson,13,2020-02-17,2020-11-21,5,38,0
48213,2021,Henderson,12,2021-01-21,2022-01-01,9,47,0
48213,2022,Henderson,18,2022-03-05,2023-01-03,13,79,0
48213,2023,Henderson,22,2023-01-16,2023-12-24,14,95,0
48213,2024,Henderson,23,2024-01-23,2024-12-28,7,74,0
48213,2025,Henderson,19,2025-01-29,2025-12-27,9,81,0
48215,2015,Hidalgo,15,2015-02-21,2015-12-26,8,52,0
48215,2016,Hidalgo,18,2016-02-20,2016-12-29,14,77,0
48215,2017,Hidalgo,20,2017-01-11,2017-12-22,8,74,0
48215,2018,Hidalgo,20,2018-02-15,2018-11-08,9,69,0
48215,2019,Hidalgo,19,2019-01-07,2019-12-01,9,74,0
48215,2020,Hidalgo,14,2020-01-09,2020-11-27,8,58,0
48215,2021,Hidalgo,15,2021-01-24,2022-01-01,8,50,0
48215,2022,Hidalgo,15,2022-04-12,2022-12-13,10,54,0
48215,2023,Hidalgo,24,2023-01-02,2023-12-23,16,106,0
48215,2024,Hidalgo,20,2024-01-24,2024-12-26,9,85,0
48215,2025,Hidalgo,18,2025-01-03,2025-12-28,9,81,0
48217,2015,Hill,7,2015-03-31,2015-12-24,6,21,0
48217,2016,Hill,14,2016-02-19,2016-12-28,9,46,0
48217,2017,Hill,20,2017-01-10,2017-12-05,8,67,0
48217,2018,Hill,13,2018-02-15,2018-12-01,10,58,0
48217,2019,Hill,13,2019-02-03,2019-12-28,9,53,0
48217,2020,Hill,15,2020-01-09,2020-11-10,5,43,0
48217,2021,Hill,10,2021-01-22,2022-01-01,7,36,0
48217,2022,Hill,12,2022-04-21,2022-12-13,20,81,0
48217,2023,Hill,16,2023-01-01,2023-12-24,20,99,0
48217,2024,Hill,19,2024-01-24,2024-12-26,10,65,0
48217,2025,Hill,13,2025-01-29,2025-12-28,8,53,0
48219,2015,Hockley,12,2015-01-28,2015-12-13,5,32,0
48219,2016,Hockley,17,2016-01-07,2016-12-04,8,57,0
48219,2017,Hockley,13,2017-01-10,2017-12-04,10,53,0
48219,2018,Hockley,11,2018-02-15,2018-10-08,8,44,0
48219,2019,Hockley,16,2019-01-07,2019-12-28,10,60,0
48219,2020,Hockley,17,2020-01-22,2020-11-22,6,49,0
48219,2021,Hockley,17,2021-01-20,2021-12-29,6,48,0
48219,2022,Hockley,18,2022-04-20,2023-01-04,6,58,0
48219,2023,Hockley,16,2023-01-11,2023-12-24,5,56,0
48219,2024,Hockley,21,2024-01-23,2024-12-30,9,66,0
48219,2025,Hockley,10,2025-02-03,2025-12-28,11,45,0
48221,2015,Hood,19,2015-03-24,2015-12-21,10,71,0
48221,2016,Hood,26,2016-02-19,2016-12-29,18,124,0
48221,2017,Hood,30,2017-01-01,2017-12-19,8,105,0
48221,2018,Hood,22,2018-01-20,2018-12-01,9,98,0
48221,2019,Hood,18,2019-01-07,2019-12-28,9,78,1
48221,2020,Hood,19,2020-01-09,2020-11-21,12,69,0
48221,2021,Hood,18,2021-01-21,2021-12-29,6,61,0
48221,2022,Hood,14,2022-04-11,2022-12-13,24,80,0
48221,2023,Hood,20,2023-01-01,2023-12-23,14,97,1
48221,2024,Hood,22,2024-01-24,2024-12-26,13,81,1
48221,2025,Hood,13,2025-01-28,2025-12-28,8,47,0
48223,2015,Hopkins,15,2015-01-28,2015-12-27,24,83,0
48223,2016,Hopkins,24,2016-01-30,2016-12-29,9,100,0
48223,2017,Hopkins,24,2017-01-01,2017-12-22,12,95,0
48223,2018,Hopkins,22,2018-01-10,2018-12-27,10,100,0
48223,2019,Hopkins,16,2019-01-06,2019-12-29,19,89,0
48223,2020,Hopkins,19,2020-01-02,2020-11-22,5,56,0
48223,2021,Hopkins,14,2021-01-21,2021-12-29,6,49,0
48223,2022,Hopkins,18,2022-03-05,2023-01-03,13,85,0
48223,2023,Hopkins,24,2023-01-07,2023-12-24,8,90,0
48223,2024,Hopkins,23,2024-01-24,2024-12-30,9,83,0
48223,2025,Hopkins,16,2025-01-29,2025-12-28,8,62,0
48225,2015,Houston,16,2015-03-18,2015-12-27,5,50,0
48225,2016,Houston,18,2016-01-31,2016-12-28,7,68,1
48225,2017,Houston,20,2017-01-01,2017-12-20,13,71,0
48225,2018,Houston,12,2018-02-19,2018-12-27,9,39,0
48225,2019,Houston,10,2019-01-07,2019-12-29,6,33,0
48225,2020,Houston,15,2020-01-14,2020-12-30,6,48,0
48225,2021,Houston,15,2021-01-20,2022-01-01,9,60,0
48225,2022,Houston,13,2022-04-21,2023-01-03,11,63,0
48225,2023,Houston,18,2023-01-11,2023-12-24,14,99,0
48225,2024,Houston,24,2024-01-23,2024-12-30,8,92,0
48225,2025,Houston,14,2025-01-29,2025-12-28,8,57,0
48227,2015,Howard,11,2015-01-28,2015-11-05,6,37,0
48227,2016,Howard,12,2016-02-18,2016-12-29,11,47,0
48227,2017,Howard,15,2017-01-02,2017-11-05,7,43,0
48227,2018,Howard,12,2018-02-14,2018-10-07,8,50,0
48227,2019,Howard,14,2019-01-06,2019-12-28,7,50,0
48227,2020,Howard,10,2020-01-09,2020-11-20,9,37,0
48227,2021,Howard,10,2021-01-23,2021-12-28,5,32,0
48227,2022,Howard,19,2022-03-27,2022-12-12,9,77,0
48227,2023,Howard,21,2023-01-01,2023-12-23,12,75,0
48227,2024,Howard,21,2024-01-22,2024-12-25,6,54,0
48227,2025,Howard,10,2025-02-03,2025-12-27,13,46,1
48229,2015,Hudspeth,24,2015-01-27,2015-10-21,10,100,0
48229,2016,Hudspeth,16,2016-02-18,2016-12-23,10,72,0
48229,2017,Hudspeth,18,2017-01-04,2017-12-06,7,62,0
48229,2018,Hudspeth,29,2018-01-10,2018-12-18,15,120,0
48229,2019,Hudspeth,27,2019-01-09,2019-12-28,17,112,0
48229,2020,Hudspeth,26,2020-01-15,2020-11-23,13,121,0
48229,2021,Hudspeth,24,2021-01-19,2022-01-01,10,96,1
48229,2022,Hudspeth,22,2022-01-09,2022-12-31,10,91,0
48229,2023,Hudspeth,28,2023-01-02,2023-12-23,8,97,0
48229,2024,Hudspeth,27,2024-01-23,2024-12-07,11,92,0
48229,2025,Hudspeth,29,2025-01-17,2025-12-29,17,126,0
48231,2015,Hunt,17,2015-01-28,2015-12-24,8,67,0
48231,2016,Hunt,23,2016-01-30,2017-01-02,14,94,0
48231,2017,Hunt,24,2017-01-10,2017-12-21,8,93,0
48231,2018,Hunt,19,2018-01-20,2018-12-27,12,98,0
48231,2019,Hunt,19,2019-01-07,2019-12-28,18,85,0
48231,2020,Hunt,22,2020-01-02,2020-12-30,7,60,0
48231,2021,Hunt,14,2021-01-19,2021-12-29,7,51,0
48231,2022,Hunt,16,2022-02-21,2023-01-03,13,70,0
48231,2023,Hunt,17,2023-01-10,2023-12-24,13,79,0
48231,2024,Hunt,26,2024-01-23,2024-12-30,8,78,0
48231,2025,Hunt,16,2025-01-29,2025-12-27,8,62,0
48233,2015,Hutchinson,14,2015-01-26,2015-12-23,7,50,0
48233,2016,Hutchinson,19,2016-01-24,2016-11-17,6,55,0
48233,2017,Hutchinson,18,2017-01-10,2017-12-04,8,54,0
48233,2018,Hutchinson,17,2018-01-09,2018-10-03,7,48,0
48233,2019,Hutchinson,13,2019-01-06,2019-12-26,7,43,0
48233,2020,Hutchinson,11,2020-03-08,2020-11-21,5,35,0
48233,2021,Hutchinson,16,2021-01-29,2021-12-26,6,47,0
48233,2022,Hutchinson,19,2022-04-22,2022-12-05,9,71,0
48233,2023,Hutchinson,21,2023-01-01,2023-12-21,5,55,0
48233,2024,Hutchinson,28,2024-01-25,2024-12-30,5,84,0
48233,2025,Hutchinson,13,2025-03-26,2025-12-27,7,52,0
48235,2015,Irion,9,2015-01-29,2015-11-05,3,24,4
48235,2016,Irion,14,2016-02-19,2016-12-29,11,57,3
48235,2017,Irion,15,2017-01-01,2017-12-05,8,55,0
48235,2018,Irion,16,2018-02-15,2018-12-27,11,77,3
48235,2019,Irion,11,2019-01-16,2019-12-27,7,40,2
48235,2020,Irion,12,2020-01-14,2020-11-10,5,35,1
48235,2021,Irion,13,2021-01-24,2021-12-29,6,42,0
48235,2022,Irion,16,2022-03-27,2022-12-13,9,66,0
48235,2023,Irion,18,2023-01-11,2023-12-25,8,73,0
48235,2024,Irion,20,2024-01-24,2024-12-26,10,71,71
48235,2025,Irion,12,2025-01-29,2025-12-28,7,48,48
48237,2015,Jack,9,2015-03-31,2015-12-24,6,35,0
48237,2016,Jack,14,2016-01-30,2016-12-26,10,57,6
48237,2017,Jack,10,2017-01-11,2017-12-05,7,35,4
48237,2018,Jack,7,2018-03-26,2018-10-08,8,26,0
48237,2019,Jack,13,2019-01-07,2019-12-28,9,43,2
48237,2020,Jack,8,2020-01-14,2020-11-21,3,17,0
48237,2021,Jack,9,2021-03-10,2022-01-01,5,25,1
48237,2022,Jack,16,2022-03-05,2022-12-13,8,57,1
48237,2023,Jack,22,2023-01-01,2023-12-24,5,62,1
48237,2024,Jack,17,2024-02-02,2024-12-26,6,53,6
48237,2025,Jack,13,2025-01-29,2025-12-28,8,38,7
48239,2015,Jackson,17,2015-03-19,2015-12-26,7,53,53
48239,2016,Jackson,19,2016-01-31,2016-12-29,13,84,84
48239,2017,Jackson,25,2017-01-01,2017-12-05,13,92,92
48239,2018,Jackson,16,2018-02-15,2018-11-08,9,64,64
48239,2019,Jackson,16,2019-01-07,2019-12-28,17,85,85
48239,2020,Jackson,18,2020-01-14,2020-12-30,12,82,82
48239,2021,Jackson,19,2021-01-19,2022-01-01,9,77,77
48239,2022,Jackson,20,2022-02-21,2022-12-13,12,90,90
48239,2023,Jackson,23,2023-01-01,2023-12-24,15,125,125
48239,2024,Jackson,28,2024-01-23,2024-12-26,11,111,111
48239,2025,Jackson,21,2025-01-03,2025-12-28,8,89,89
48241,2015,Jasper,21,2015-03-18,2015-12-27,7,71,3
48241,2016,Jasper,22,2016-01-08,2016-12-29,14,90,5
48241,2017,Jasper,20,2017-01-01,2017-12-20,14,89,2
48241,2018,Jasper,24,2018-01-21,2018-12-27,15,98,1
48241,2019,Jasper,23,2019-01-01,2019-12-29,13,90,1
48241,2020,Jasper,25,2020-01-10,2020-12-31,19,108,2
48241,2021,Jasper,17,2021-01-06,2022-01-01,9,62,10
48241,2022,Jasper,15,2022-02-21,2023-01-03,12,48,4
48241,2023,Jasper,25,2023-01-07,2023-12-24,10,96,7
48241,2024,Jasper,23,2024-01-24,2024-12-26,15,89,7
48241,2025,Jasper,16,2025-02-04,2025-12-28,8,67,12
48243,2015,Jeff Davis,22,2015-01-27,2015-12-24,8,74,0
48243,2016,Jeff Davis,16,2016-01-30,2016-12-14,6,55,0
48243,2017,Jeff Davis,26,2017-01-04,2017-12-04,9,97,0
48243,2018,Jeff Davis,19,2018-01-10,2018-12-26,9,74,0
48243,2019,Jeff Davis,25,2019-01-06,2019-12-15,14,94,0
48243,2020,Jeff Davis,23,2020-01-13,2020-12-11,13,100,0
48243,2021,Jeff Davis,19,2021-02-03,2022-01-01,11,66,0
48243,2022,Jeff Davis,18,2022-01-05,2022-12-10,15,85,0
48243,2023,Jeff Davis,20,2023-01-01,2023-12-24,15,109,0
48243,2024,Jeff Davis,33,2024-01-23,2024-12-30,6,111,0
48243,2025,Jeff Davis,27,2025-01-03,2025-12-28,11,104,0
48245,2015,Jefferson,18,2015-03-18,2015-12-27,7,64,0
48245,2016,Jefferson,26,2016-01-31,2016-12-29,13,96,0
48245,2017,Jefferson,27,2017-01-01,2017-12-20,13,99,0
48245,2018,Jefferson,19,2018-01-27,2018-12-01,15,88,0
48245,2019,Jefferson,21,2019-02-04,2019-12-29,13,92,0
48245,2020,Jefferson,15,2020-01-14,2020-11-11,6,64,0
48245,2021,Jefferson,21,2021-01-20,2022-01-01,9,77,0
48245,2022,Jefferson,17,2022-03-29,2022-12-13,11,62,0
48245,2023,Jefferson,21,2023-01-01,2023-12-02,14,102,0
48245,2024,Jefferson,22,2024-01-23,2024-12-18,14,92,0
48245,2025,Jefferson,17,2025-01-03,2025-12-28,9,74,0
48247,2015,Jim Hogg,7,2015-07-18,2015-12-26,8,24,24
48247,2016,Jim Hogg,10,2016-02-20,2016-12-29,13,51,51
48247,2017,Jim Hogg,14,2017-01-01,2017-12-04,7,47,47
48247,2018,Jim Hogg,9,2018-02-16,2018-11-08,8,34,34
48247,2019,Jim Hogg,13,2019-02-04,2019-12-28,9,52,52
48247,2020,Jim Hogg,12,2020-01-14,2020-12-30,8,49,49
48247,2021,Jim Hogg,16,2021-01-23,2022-01-01,9,50,50
48247,2022,Jim Hogg,16,2022-04-12,2022-12-13,9,56,56
48247,2023,Jim Hogg,20,2023-01-02,2023-12-24,19,99,99
48247,2024,Jim Hogg,21,2024-03-14,2024-12-26,8,82,82
48247,2025,Jim Hogg,16,2025-01-04,2025-12-28,8,63,63
48249,2015,Jim Wells,13,2015-04-23,2015-12-26,4,35,0
48249,2016,Jim Wells,13,2016-02-21,2016-12-29,9,51,0
48249,2017,Jim Wells,20,2017-01-01,2017-12-05,6,61,0
48249,2018,Jim Wells,13,2018-02-16,2018-11-08,5,43,0
48249,2019,Jim Wells,16,2019-01-17,2019-12-28,8,63,0
48249,2020,Jim Wells,13,2020-01-14,2020-12-30,8,51,0
48249,2021,Jim Wells,13,2021-01-22,2022-01-01,8,47,0
48249,2022,Jim Wells,12,2022-04-12,2022-12-13,9,41,0
48249,2023,Jim Wells,15,2023-01-02,2023-12-23,10,60,0
48249,2024,Jim Wells,23,2024-01-24,2024-12-18,9,83,0
48249,2025,Jim Wells,18,2025-01-02,2025-12-28,11,81,0
48251,2015,Johnson,13,2015-01-28,2015-12-24,5,34,0
48251,2016,Johnson,15,2016-02-19,2016-12-29,9,52,0
48251,2017,Johnson,16,2017-01-01,2017-12-05,8,50,0
48251,2018,Johnson,14,2018-02-19,2018-12-27,9,53,0
48251,2019,Johnson,11,2019-01-07,2019-12-28,8,42,0
48251,2020,Johnson,13,2020-01-09,2020-12-30,5,35,0
48251,2021,Johnson,11,2021-01-22,2021-12-29,6,38,0
48251,2022,Johnson,14,2022-02-21,2022-12-13,24,74,0
48251,2023,Johnson,16,2023-01-01,2023-12-24,14,86,0
48251,2024,Johnson,17,2024-01-25,2024-12-26,8,53,1
48251,2025,Johnson,13,2025-01-29,2025-12-28,8,47,0
48253,2015,Jones,8,2015-03-24,2015-12-13,5,24,0
48253,2016,Jones,14,2016-02-19,2016-12-04,9,51,0
48253,2017,Jones,13,2017-01-11,2017-12-04,5,39,0
48253,2018,Jones,10,2018-02-19,2018-10-06,8,39,0
48253,2019,Jones,10,2019-01-07,2019-10-03,9,48,0
48253,2020,Jones,7,2020-01-02,2020-11-10,9,27,0
48253,2021,Jones,10,2021-01-23,2022-01-01,9,34,0
48253,2022,Jones,15,2022-03-29,2022-12-13,16,64,0
48253,2023,Jones,16,2023-01-01,2023-12-24,9,56,0
48253,2024,Jones,24,2024-02-04,2024-12-28,8,68,0
48253,2025,Jones,12,2025-01-29,2025-12-28,5,44,0
48255,2015,Karnes,8,2015-04-08,2015-12-26,7,25,25
48255,2016,Karnes,11,2016-02-20,2016-12-29,13,56,56
48255,2017,Karnes,17,2017-01-01,2017-12-05,7,54,54
48255,2018,Karnes,12,2018-02-16,2018-11-07,9,42,42
48255,2019,Karnes,13,2019-02-02,2019-12-28,9,56,56
48255,2020,Karnes,12,2020-01-14,2020-12-30,12,57,57
48255,2021,Karnes,15,2021-01-22,2022-01-01,9,55,55
48255,2022,Karnes,19,2022-04-12,2022-12-13,9,77,77
48255,2023,Karnes,20,2023-01-02,2023-12-24,24,115,115
48255,2024,Karnes,19,2024-02-09,2024-12-26,10,87,87
48255,2025,Karnes,18,2025-01-29,2025-12-28,8,68,68
48257,2015,Kaufman,18,2015-01-28,2015-12-24,6,50,0
48257,2016,Kaufman,19,2016-01-30,2017-01-02,8,66,1
48257,2017,Kaufman,22,2017-01-10,2017-12-04,7,73,0
48257,2018,Kaufman,22,2018-01-20,2018-12-26,11,89,0
48257,2019,Kaufman,17,2019-02-01,2019-12-28,9,70,0
48257,2020,Kaufman,17,2020-01-09,2020-11-21,5,42,0
48257,2021,Kaufman,13,2021-01-19,2021-12-29,7,46,0
48257,2022,Kaufman,14,2022-01-31,2022-12-13,13,68,0
48257,2023,Kaufman,19,2023-01-01,2023-12-23,14,67,0
48257,2024,Kaufman,17,2024-01-24,2024-12-26,10,55,0
48257,2025,Kaufman,15,2025-01-28,2025-12-27,9,54,1
48259,2015,Kendall,14,2015-02-15,2015-11-27,7,37,0
48259,2016,Kendall,15,2016-02-19,2016-12-29,12,70,0
48259,2017,Kendall,21,2017-01-01,2017-12-05,7,66,0
48259,2018,Kendall,19,2018-02-16,2018-11-08,12,77,0
48259,2019,Kendall,19,2019-01-07,2019-12-28,25,98,0
48259,2020,Kendall,16,2020-01-09,2020-12-30,10,52,0
48259,2021,Kendall,22,2021-01-19,2022-01-01,10,96,0
48259,2022,Kendall,22,2022-03-05,2022-12-13,14,118,0
48259,2023,Kendall,25,2023-01-02,2023-12-24,17,123,0
48259,2024,Kendall,23,2024-01-23,2024-12-25,9,94,0
48259,2025,Kendall,22,2025-01-03,2025-12-28,10,97,0
48261,2015,Kenedy,19,2015-02-21,2015-12-27,5,54,0
48261,2016,Kenedy,16,2016-02-01,2016-12-29,13,72,0
48261,2017,Kenedy,18,2017-01-01,2017-11-17,7,64,12
48261,2018,Kenedy,16,2018-02-16,2018-11-08,9,57,57
48261,2019,Kenedy,13,2019-02-03,2019-10-04,17,67,67
48261,2020,Kenedy,13,2020-01-14,2020-12-30,12,59,55
48261,2021,Kenedy,20,2021-01-20,2022-01-01,9,74,12
48261,2022,Kenedy,10,2022-02-16,2022-12-14,15,60,3
48261,2023,Kenedy,23,2023-01-02,2023-12-24,10,92,1
48261,2024,Kenedy,20,2024-01-24,2024-12-28,11,77,3
48261,2025,Kenedy,13,2025-01-02,2025-12-28,10,61,4
48263,2015,Kent,14,2015-01-28,2015-12-24,6,44,0
48263,2016,Kent,17,2016-02-19,2016-12-26,9,59,0
48263,2017,Kent,15,2017-01-02,2017-12-04,7,53,0
48263,2018,Kent,16,2018-01-10,2018-12-14,8,61,0
48263,2019,Kent,14,2019-01-07,2019-12-27,8,54,0
48263,2020,Kent,10,2020-03-10,2020-11-21,11,40,0
48263,2021,Kent,13,2021-01-19,2022-01-01,9,42,0
48263,2022,Kent,17,2022-04-21,2022-12-13,11,71,0
48263,2023,Kent,21,2023-01-01,2023-12-24,9,76,0
48263,2024,Kent,24,2024-01-24,2024-12-28,13,93,0
48263,2025,Kent,12,2025-02-26,2025-12-28,7,47,0
48265,2015,Kerr,12,2015-03-19,2015-10-23,5,31,0
48265,2016,Kerr,14,2016-02-20,2016-12-29,13,66,0
48265,2017,Kerr,24,2017-01-10,2017-12-05,7,71,0
48265,2018,Kerr,15,2018-02-15,2018-10-08,9,52,0
48265,2019,Kerr,14,2019-01-17,2019-12-28,11,67,0
48265,2020,Kerr,14,2020-01-14,2020-12-30,11,60,0
48265,2021,Kerr,15,2021-01-22,2022-01-01,6,46,0
48265,2022,Kerr,20,2022-03-05,2022-12-13,11,69,0
48265,2023,Kerr,19,2023-02-22,2023-12-24,14,86,0
48265,2024,Kerr,22,2024-01-23,2024-12-24,9,83,0
48265,2025,Kerr,13,2025-01-29,2025-12-28,9,54,0
48267,2015,Kimble,13,2015-02-20,2015-11-26,4,32,0
48267,2016,Kimble,16,2016-02-21,2016-12-29,13,76,0
48267,2017,Kimble,22,2017-01-12,2017-12-05,8,74,0
48267,2018,Kimble,18,2018-02-15,2018-11-07,9,62,0
48267,2019,Kimble,20,2019-01-09,2019-12-28,11,77,0
48267,2020,Kimble,14,2020-01-14,2020-10-21,10,56,0
48267,2021,Kimble,13,2021-01-21,2021-12-29,6,46,0
48267,2022,Kimble,16,2022-04-11,2022-12-12,11,67,0
48267,2023,Kimble,16,2023-01-01,2023-12-24,11,59,0
48267,2024,Kimble,20,2024-01-23,2024-12-17,9,62,0
48267,2025,Kimble,9,2025-01-04,2025-12-28,6,32,0
48269,2015,King,15,2015-01-27,2015-12-24,7,45,0
48269,2016,King,19,2016-01-30,2016-12-04,9,56,0
48269,2017,King,17,2017-01-10,2017-12-06,7,67,0
48269,2018,King,14,2018-01-10,2018-10-06,11,65,0
48269,2019,King,18,2019-01-07,2019-12-28,6,57,0
48269,2020,King,14,2020-01-22,2020-12-11,11,50,0
48269,2021,King,15,2021-01-20,2022-01-01,9,56,0
48269,2022,King,20,2022-04-21,2022-12-13,15,95,0
48269,2023,King,21,2023-01-01,2023-12-24,7,80,0
48269,2024,King,25,2024-01-23,2024-12-31,8,95,0
48269,2025,King,9,2025-03-26,2025-12-28,7,46,0
48271,2015,Kinney,5,2015-04-07,2015-10-02,6,15,0
48271,2016,Kinney,12,2016-02-18,2016-12-29,7,39,0
48271,2017,Kinney,17,2017-01-11,2017-12-05,6,51,0
48271,2018,Kinney,13,2018-02-15,2018-10-07,7,39,0
48271,2019,Kinney,10,2019-02-02,2019-11-07,16,46,1
48271,2020,Kinney,10,2020-01-14,2020-11-23,4,28,10
48271,2021,Kinney,10,2021-01-23,2022-01-01,6,28,15
48271,2022,Kinney,12,2022-04-21,2022-12-13,9,46,46
48271,2023,Kinney,15,2023-01-02,2023-12-24,13,71,71
48271,2024,Kinney,19,2024-02-09,2024-12-24,8,70,70
48271,2025,Kinney,10,2025-02-04,2025-12-28,7,38,38
48273,2015,Kleberg,16,2015-04-08,2015-12-26,4,42,0
48273,2016,Kleberg,19,2016-02-20,2016-12-29,9,64,0
48273,2017,Kleberg,21,2017-01-01,2017-11-18,7,69,0
48273,2018,Kleberg,25,2018-02-05,2018-12-26,5,70,0
48273,2019,Kleberg,15,2019-01-17,2019-12-01,9,68,0
48273,2020,Kleberg,15,2020-01-14,2020-12-30,9,60,0
48273,2021,Kleberg,20,2021-01-22,2022-01-01,7,65,0
48273,2022,Kleberg,15,2022-04-05,2022-12-13,9,48,0
48273,2023,Kleberg,27,2023-01-01,2023-12-24,14,112,0
48273,2024,Kleberg,31,2024-01-23,2024-12-25,11,126,0
48273,2025,Kleberg,21,2025-01-03,2025-12-28,9,78,0
48275,2015,Knox,9,2015-01-25,2015-12-13,7,30,0
48275,2016,Knox,12,2016-02-19,2016-12-23,11,51,3
48275,2017,Knox,12,2017-01-10,2017-12-03,8,48,41
48275,2018,Knox,14,2018-02-14,2018-12-27,10,58,14
48275,2019,Knox,15,2019-01-06,2019-12-28,5,46,13
48275,2020,Knox,13,2020-01-02,2020-12-24,6,32,4
48275,2021,Knox,12,2021-01-20,2022-01-01,8,44,0
48275,2022,Knox,18,2022-04-22,2022-12-13,11,76,1
48275,2023,Knox,20,2023-01-01,2023-12-24,7,70,0
48275,2024,Knox,20,2024-02-01,2024-12-30,5,62,0
48275,2025,Knox,7,2025-01-30,2025-12-28,14,39,0
48277,2015,Lamar,10,2015-01-28,2015-12-27,6,37,0
48277,2016,Lamar,21,2016-01-30,2016-12-29,9,72,0
48277,2017,Lamar,17,2017-01-01,2017-12-21,8,68,0
48277,2018,Lamar,16,2018-01-20,2018-12-27,9,49,0
48277,2019,Lamar,8,2019-02-02,2019-12-28,6,31,0
48277,2020,Lamar,11,2020-01-02,2020-11-10,4,29,0
48277,2021,Lamar,11,2021-01-21,2022-01-01,9,40,0
48277,2022,Lamar,18,2022-04-11,2022-12-30,8,58,0
48277,2023,Lamar,18,2023-01-01,2023-12-24,6,64,0
48277,2024,Lamar,24,2024-02-02,2024-12-30,7,71,0
48277,2025,Lamar,13,2025-01-29,2025-12-28,8,54,1
48279,2015,Lamb,17,2015-01-19,2015-12-13,6,53,0
48279,2016,Lamb,16,2016-01-30,2016-12-04,9,60,0
48279,2017,Lamb,15,2017-01-10,2017-12-04,9,57,0
48279,2018,Lamb,17,2018-01-10,2018-12-01,9,55,0
48279,2019,Lamb,18,2019-01-07,2019-12-28,8,63,0
48279,2020,Lamb,17,2020-01-22,2020-11-24,10,61,0
48279,2021,Lamb,18,2021-01-19,2021-12-29,7,54,0
48279,2022,Lamb,17,2022-03-28,2022-12-29,10,65,0
48279,2023,Lamb,15,2023-01-01,2023-12-24,10,59,0
48279,2024,Lamb,22,2024-01-24,2024-12-30,7,70,0
48279,2025,Lamb,12,2025-02-26,2025-12-28,14,57,0
48281,2015,Lampasas,14,2015-01-29,2015-12-24,6,39,39
48281,2016,Lampasas,18,2016-02-18,2016-12-29,9,78,78
48281,2017,Lampasas,20,2017-01-01,2017-12-05,13,82,82
48281,2018,Lampasas,16,2018-02-15,2018-10-08,10,63,63
48281,2019,Lampasas,13,2019-01-07,2019-12-28,9,64,64
48281,2020,Lampasas,17,2020-01-09,2020-12-29,10,66,66
48281,2021,Lampasas,13,2021-01-19,2022-01-01,9,51,51
48281,2022,Lampasas,16,2022-02-21,2022-12-13,9,66,11
48281,2023,Lampasas,20,2023-01-01,2023-12-23,13,93,2
48281,2024,Lampasas,25,2024-01-04,2024-12-26,10,94,71
48281,2025,Lampasas,14,2025-01-29,2025-12-28,7,55,39
48283,2015,La Salle,23,2015-01-29,2015-12-21,11,79,0
48283,2016,La Salle,29,2016-02-18,2016-12-29,14,130,0
48283,2017,La Salle,30,2017-01-01,2017-12-05,12,96,0
48283,2018,La Salle,15,2018-01-26,2018-12-26,8,49,0
48283,2019,La Salle,25,2019-01-07,2019-12-28,33,125,0
48283,2020,La Salle,27,2020-01-09,2020-12-29,11,91,0
48283,2021,La Salle,27,2021-01-05,2022-01-01,9,113,0
48283,2022,La Salle,19,2022-02-21,2022-12-13,22,126,1
48283,2023,La Salle,26,2023-01-01,2023-12-23,19,156,2
48283,2024,La Salle,32,2024-01-23,2024-12-25,11,146,1
48283,2025,La Salle,20,2025-01-03,2025-12-28,13,94,0
48285,2015,Lavaca,7,2015-03-30,2015-12-26,3,18,0
48285,2016,Lavaca,19,2016-01-31,2016-12-28,6,60,0
48285,2017,Lavaca,25,2017-01-01,2017-12-20,8,81,0
48285,2018,Lavaca,25,2018-02-15,2018-12-26,11,92,0
48285,2019,Lavaca,22,2019-01-07,2019-12-28,26,105,0
48285,2020,Lavaca,18,2020-01-09,2020-12-29,21,76,2
48285,2021,Lavaca,26,2021-01-21,2021-12-31,9,96,0
48285,2022,Lavaca,24,2022-04-11,2022-12-13,9,96,0
48285,2023,Lavaca,24,2023-01-01,2023-12-24,27,142,0
48285,2024,Lavaca,27,2024-01-23,2024-12-26,11,105,0
48285,2025,Lavaca,17,2025-01-03,2025-12-27,9,74,1
48287,2015,Lee,14,2015-03-18,2015-12-26,4,41,0
48287,2016,Lee,15,2016-01-31,2016-12-29,7,59,0
48287,2017,Lee,22,2017-01-01,2017-12-20,8,76,0
48287,2018,Lee,12,2018-02-19,2018-10-09,7,35,0
48287,2019,Lee,18,2019-01-07,2019-10-16,16,80,0
48287,2020,Lee,21,2020-01-10,2020-12-30,7,72,0
48287,2021,Lee,19,2021-01-22,2022-01-01,10,56,0
48287,2022,Lee,15,2022-03-05,2022-12-30,12,58,0
48287,2023,Lee,22,2023-01-01,2023-12-24,12,93,0
48287,2024,Lee,24,2024-01-23,2024-12-25,8,89,20
48287,2025,Lee,18,2025-01-03,2025-12-28,8,72,2
48289,2015,Leon,8,2015-03-18,2015-12-27,6,23,0
48289,2016,Leon,7,2016-02-21,2016-12-29,13,42,0
48289,2017,Leon,15,2017-01-10,2017-11-18,8,59,0
48289,2018,Leon,14,2018-01-21,2018-12-01,10,55,0
48289,2019,Leon,7,2019-02-02,2019-10-06,6,29,0
48289,2020,Leon,11,2020-01-15,2020-09-17,9,46,0
48289,2021,Leon,13,2021-01-19,2022-01-01,9,44,1
48289,2022,Leon,7,2022-04-23,2022-12-10,8,26,6
48289,2023,Leon,17,2023-01-02,2023-12-24,14,68,1
48289,2024,Leon,17,2024-01-25,2024-12-18,6,61,0
48289,2025,Leon,11,2025-02-03,2025-12-27,9,51,1
48291,2015,Liberty,14,2015-02-21,2015-12-27,6,39,0
48291,2016,Liberty,17,2016-01-31,2016-12-29,8,64,0
48291,2017,Liberty,18,2017-01-01,2017-11-07,12,56,0
48291,2018,Liberty,16,2018-01-27,2018-12-01,9,68,0
48291,2019,Liberty,14,2019-02-03,2019-11-30,8,51,0
48291,2020,Liberty,15,2020-01-14,2020-12-30,8,63,0
48291,2021,Liberty,15,2021-01-19,2022-01-01,9,56,0
48291,2022,Liberty,14,2022-03-05,2022-12-13,11,54,0
48291,2023,Liberty,18,2023-01-01,2023-12-24,10,85,0
48291,2024,Liberty,21,2024-01-23,2024-12-25,12,77,0
48291,2025,Liberty,20,2025-01-03,2025-12-28,9,78,1
48293,2015,Limestone,13,2015-03-18,2015-12-27,6,45,45
48293,2016,Limestone,18,2016-02-19,2016-12-29,10,80,80
48293,2017,Limestone,24,2017-01-01,2017-12-20,13,96,96
48293,2018,Limestone,16,2018-02-15,2018-12-01,10,75,75
48293,2019,Limestone,13,2019-01-07,2019-12-28,9,58,58
48293,2020,Limestone,17,2020-01-09,2020-12-30,9,63,63
48293,2021,Limestone,16,2021-01-19,2022-01-01,9,59,59
48293,2022,Limestone,21,2022-04-11,2022-12-30,12,97,10
48293,2023,Limestone,30,2023-01-01,2023-12-24,14,121,2
48293,2024,Limestone,31,2024-01-23,2024-12-30,10,119,0
48293,2025,Limestone,14,2025-01-03,2025-12-27,8,57,13
48295,2015,Lipscomb,17,2015-01-25,2015-12-23,7,56,1
48295,2016,Lipscomb,13,2016-02-19,2016-11-07,7,44,1
48295,2017,Lipscomb,17,2017-01-09,2017-12-04,9,67,1
48295,2018,Lipscomb,9,2018-01-09,2018-10-03,9,39,0
48295,2019,Lipscomb,14,2019-01-06,2019-12-25,5,40,0
48295,2020,Lipscomb,7,2020-01-08,2020-11-21,5,20,0
48295,2021,Lipscomb,11,2021-04-26,2021-12-27,5,36,0
48295,2022,Lipscomb,18,2022-04-21,2022-12-29,5,48,0
48295,2023,Lipscomb,19,2023-01-01,2023-12-24,9,61,0
48295,2024,Lipscomb,27,2024-01-23,2024-12-30,18,97,0
48295,2025,Lipscomb,16,2025-01-30,2025-12-28,14,70,1
48297,2015,Live Oak,17,2015-01-30,2015-12-26,4,41,0
48297,2016,Live Oak,18,2016-02-19,2016-12-29,15,74,0
48297,2017,Live Oak,24,2017-01-01,2017-12-05,7,73,0
48297,2018,Live Oak,18,2018-02-16,2018-11-08,9,67,0
48297,2019,Live Oak,19,2019-01-07,2019-12-28,10,84,0
48297,2020,Live Oak,17,2020-01-09,2020-12-30,8,59,0
48297,2021,Live Oak,19,2021-01-21,2022-01-01,9,64,0
48297,2022,Live Oak,14,2022-03-05,2022-12-14,10,57,0
48297,2023,Live Oak,24,2023-01-02,2023-12-24,14,113,0
48297,2024,Live Oak,25,2024-01-23,2024-12-26,9,107,0
48297,2025,Live Oak,22,2025-01-03,2025-12-28,9,93,0
48299,2015,Llano,16,2015-01-29,2015-12-21,7,47,0
48299,2016,Llano,22,2016-01-06,2017-01-02,10,80,0
48299,2017,Llano,21,2017-01-10,2017-12-05,10,77,0
48299,2018,Llano,21,2018-01-20,2018-12-27,9,66,0
48299,2019,Llano,20,2019-01-07,2019-12-27,9,73,0
48299,2020,Llano,16,2020-01-01,2020-12-30,7,53,0
48299,2021,Llano,14,2021-01-19,2021-12-29,7,48,0
48299,2022,Llano,17,2022-01-31,2022-12-13,11,66,0
48299,2023,Llano,25,2023-01-01,2023-12-24,15,110,0
48299,2024,Llano,20,2024-01-23,2024-12-26,5,66,0
48299,2025,Llano,10,2025-01-28,2025-12-28,6,41,0
48301,2015,Loving,16,2015-01-28,2015-12-24,6,54,54
48301,2016,Loving,14,2016-02-18,2016-12-29,13,74,74
48301,2017,Loving,19,2017-01-01,2017-12-05,8,75,75
48301,2018,Loving,18,2018-02-15,2018-12-27,9,76,76
48301,2019,Loving,19,2019-01-07,2019-12-28,9,90,90
48301,2020,Loving,17,2020-01-09,2020-11-23,12,75,75
48301,2021,Loving,15,2021-01-21,2021-12-29,7,60,60
48301,2022,Loving,18,2022-03-28,2022-12-13,24,101,101
48301,2023,Loving,24,2023-01-01,2023-12-24,24,123,123
48301,2024,Loving,28,2024-01-23,2024-12-30,20,126,126
48301,2025,Loving,19,2025-02-03,2025-12-28,18,88,88
48303,2015,Lubbock,13,2015-01-27,2015-12-12,6,48,0
48303,2016,Lubbock,21,2016-01-24,2016-11-08,9,74,0
48303,2017,Lubbock,20,2017-01-09,2017-12-04,8,61,0
48303,2018,Lubbock,20,2018-01-09,2018-12-01,11,70,0
48303,2019,Lubbock,19,2019-01-06,2019-12-28,7,71,0
48303,2020,Lubbock,20,2020-01-02,2020-12-29,11,63,0
48303,2021,Lubbock,19,2021-01-19,2021-12-31,9,62,0
48303,2022,Lubbock,20,2022-03-04,2023-01-04,9,71,0
48303,2023,Lubbock,24,2023-01-06,2023-12-23,11,92,0
48303,2024,Lubbock,22,2024-01-24,2024-12-30,12,89,0
48303,2025,Lubbock,18,2025-02-02,2025-12-27,14,69,0
48305,2015,Lynn,17,2015-01-28,2015-12-24,5,43,0
48305,2016,Lynn,20,2016-02-18,2016-12-04,11,77,0
48305,2017,Lynn,14,2017-01-11,2017-12-04,8,57,0
48305,2018,Lynn,16,2018-01-10,2018-12-18,9,64,0
48305,2019,Lynn,15,2019-01-07,2019-12-28,8,56,0
48305,2020,Lynn,15,2020-01-15,2020-11-21,6,44,0
48305,2021,Lynn,17,2021-01-20,2022-01-01,6,49,0
48305,2022,Lynn,14,2022-03-28,2022-12-12,10,58,0
48305,2023,Lynn,17,2023-01-01,2023-12-24,6,60,0
48305,2024,Lynn,21,2024-01-25,2024-12-30,7,64,0
48305,2025,Lynn,9,2025-03-26,2025-12-28,12,45,0
48307,2015,McCulloch,20,2015-01-19,2015-12-21,7,63,0
48307,2016,McCulloch,16,2016-02-18,2016-12-28,8,57,0
48307,2017,McCulloch,17,2017-01-10,2017-12-04,6,62,0
48307,2018,McCulloch,15,2018-01-26,2018-12-26,8,49,0
48307,2019,McCulloch,16,2019-02-01,2019-12-28,7,59,0
48307,2020,McCulloch,18,2020-01-01,2020-11-10,7,60,1
48307,2021,McCulloch,14,2021-01-21,2021-12-29,7,43,0
48307,2022,McCulloch,18,2022-03-26,2022-12-13,14,79,0
48307,2023,McCulloch,19,2023-01-01,2023-12-23,15,90,1
48307,2024,McCulloch,14,2024-01-24,2024-12-25,6,47,0
48307,2025,McCulloch,9,2025-01-29,2025-12-28,6,33,10
48309,2015,McLennan,18,2015-03-17,2015-12-24,7,50,0
48309,2016,McLennan,21,2016-02-19,2016-12-29,9,77,0
48309,2017,McLennan,24,2017-01-10,2017-12-04,8,90,0
48309,2018,McLennan,20,2018-01-20,2018-12-26,10,80,0
48309,2019,McLennan,15,2019-01-07,2019-12-28,9,63,0
48309,2020,McLennan,13,2020-01-14,2020-10-22,9,47,0
48309,2021,McLennan,15,2021-01-19,2021-12-29,7,54,0
48309,2022,McLennan,16,2022-01-31,2022-12-13,21,85,0
48309,2023,McLennan,13,2023-01-01,2023-11-09,17,68,0
48309,2024,McLennan,22,2024-01-23,2024-12-25,7,76,0
48309,2025,McLennan,17,2025-01-03,2025-12-28,9,64,0
48311,2015,McMullen,20,2015-01-30,2015-12-27,7,55,0
48311,2016,McMullen,19,2016-02-19,2016-12-29,14,77,1
48311,2017,McMullen,20,2017-01-01,2017-12-05,7,55,0
48311,2018,McMullen,13,2018-01-27,2018-11-08,8,46,0
48311,2019,McMullen,20,2019-01-08,2019-12-29,9,72,0
48311,2020,McMullen,16,2020-01-10,2020-12-30,8,56,0
48311,2021,McMullen,16,2021-01-22,2022-01-01,9,53,0
48311,2022,McMullen,15,2022-03-05,2022-12-14,9,58,0
48311,2023,McMullen,20,2023-01-02,2023-12-24,9,86,0
48311,2024,McMullen,22,2024-01-24,2024-12-26,9,77,0
48311,2025,McMullen,21,2025-01-03,2025-12-28,7,76,0
48313,2015,Madison,6,2015-04-24,2015-12-27,2,12,0
48313,2016,Madison,11,2016-02-20,2016-12-29,6,42,0
48313,2017,Madison,11,2017-01-01,2017-11-18,4,28,1
48313,2018,Madison,11,2018-02-19,2018-12-27,10,41,0
48313,2019,Madison,8,2019-02-03,2019-10-04,5,21,1
48313,2020,Madison,17,2020-01-15,2020-12-30,9,60,12
48313,2021,Madison,12,2021-01-22,2022-01-01,8,39,8
48313,2022,Madison,13,2022-03-29,2022-12-14,12,61,10
48313,2023,Madison,17,2023-01-02,2023-12-24,15,81,6
48313,2024,Madison,15,2024-01-24,2024-12-26,7,50,8
48313,2025,Madison,10,2025-02-03,2025-12-28,7,41,3
48315,2015,Marion,15,2015-04-02,2015-12-27,12,53,25
48315,2016,Marion,16,2016-02-20,2016-12-29,8,68,3
48315,2017,Marion,22,2017-01-01,2017-12-20,12,74,3
48315,2018,Marion,18,2018-01-10,2018-12-27,10,66,0
48315,2019,Marion,15,2019-01-07,2019-12-29,6,42,12
48315,2020,Marion,18,2020-01-10,2020-11-10,6,50,1
48315,2021,Marion,14,2021-01-20,2022-01-01,8,48,1
48315,2022,Marion,11,2022-04-11,2023-01-03,11,47,1
48315,2023,Marion,15,2023-01-11,2023-12-24,8,55,2
48315,2024,Marion,19,2024-01-24,2024-12-30,7,64,3
48315,2025,Marion,11,2025-01-30,2025-12-28,7,43,7
48317,2015,Martin,16,2015-01-28,2015-12-24,6,50,50
48317,2016,Martin,17,2016-02-18,2017-01-03,13,76,76
48317,2017,Martin,17,2017-01-10,2017-12-05,8,69,69
48317,2018,Martin,17,2018-02-15,2018-10-08,11,77,77
48317,2019,Martin,17,2019-01-06,2019-12-28,18,89,89
48317,2020,Martin,19,2020-01-02,2020-11-21,12,72,72
48317,2021,Martin,16,2021-01-21,2021-12-31,8,62,62
48317,2022,Martin,19,2022-03-28,2022-12-13,26,106,106
48317,2023,Martin,26,2023-01-01,2023-12-24,15,112,112
48317,2024,Martin,27,2024-01-23,2024-12-30,20,124,124
48317,2025,Martin,20,2025-02-03,2025-12-28,14,83,83
48319,2015,Mason,15,2015-01-29,2015-12-13,7,46,0
48319,2016,Mason,22,2016-02-19,2017-01-02,10,85,1
48319,2017,Mason,27,2017-01-10,2017-12-05,8,97,0
48319,2018,Mason,20,2018-02-15,2018-11-08,9,71,0
48319,2019,Mason,19,2019-01-07,2019-12-28,17,84,0
48319,2020,Mason,15,2020-01-09,2020-12-30,11,56,0
48319,2021,Mason,16,2021-01-22,2021-12-31,8,58,0
48319,2022,Mason,21,2022-02-01,2022-12-13,19,101,0
48319,2023,Mason,23,2023-01-01,2023-12-23,15,111,0
48319,2024,Mason,24,2024-01-23,2024-12-26,10,89,0
48319,2025,Mason,14,2025-01-28,2025-12-28,7,56,0
48321,2015,Matagorda,15,2015-03-18,2015-12-26,5,52,0
48321,2016,Matagorda,17,2016-01-31,2016-12-28,8,60,0
48321,2017,Matagorda,16,2017-01-01,2017-11-17,9,54,0
48321,2018,Matagorda,14,2018-01-27,2018-11-08,9,47,0
48321,2019,Matagorda,15,2019-01-07,2019-11-30,8,51,0
48321,2020,Matagorda,13,2020-01-09,2020-12-30,8,49,0
48321,2021,Matagorda,12,2021-01-19,2022-01-01,9,47,0
48321,2022,Matagorda,17,2022-02-21,2022-12-13,9,58,0
48321,2023,Matagorda,21,2023-01-01,2023-10-28,11,81,0
48321,2024,Matagorda,15,2024-01-23,2024-12-16,7,45,0
48321,2025,Matagorda,16,2025-01-03,2025-12-28,8,61,0
48323,2015,Maverick,3,2015-04-03,2015-11-06,4,9,0
48323,2016,Maverick,8,2016-02-20,2016-12-26,4,21,0
48323,2017,Maverick,5,2017-01-14,2017-12-05,4,17,0
48323,2018,Maverick,2,2018-02-15,2018-10-08,7,14,7
48323,2019,Maverick,4,2019-02-03,2019-12-28,4,12,12
48323,2020,Maverick,4,2020-01-14,2020-09-02,4,12,12
48323,2021,Maverick,7,2021-01-22,2022-01-01,9,27,27
48323,2022,Maverick,9,2022-04-21,2022-12-13,9,29,29
48323,2023,Maverick,11,2023-01-02,2023-12-24,8,40,40
48323,2024,Maverick,13,2024-02-09,2024-12-24,7,39,39
48323,2025,Maverick,6,2025-02-04,2025-12-28,6,26,26
48325,2015,Medina,9,2015-04-02,2015-11-05,6,25,0
48325,2016,Medina,16,2016-02-19,2016-12-29,13,68,0
48325,2017,Medina,22,2017-01-12,2017-12-05,8,72,0
48325,2018,Medina,20,2018-02-15,2018-11-08,9,66,0
48325,2019,Medina,15,2019-01-09,2019-12-28,7,59,0
48325,2020,Medina,14,2020-01-09,2020-11-09,8,49,0
48325,2021,Medina,16,2021-01-23,2022-01-01,8,52,0
48325,2022,Medina,22,2022-02-21,2022-12-13,11,80,1
48325,2023,Medina,16,2023-01-02,2023-12-23,9,60,0
48325,2024,Medina,23,2024-01-23,2024-12-24,7,93,0
48325,2025,Medina,15,2025-01-03,2025-12-28,8,65,1
48327,2015,Menard,10,2015-01-30,2015-10-24,5,28,0
48327,2016,Menard,12,2016-02-19,2016-12-29,10,61,0
48327,2017,Menard,14,2017-01-11,2017-12-05,7,47,0
48327,2018,Menard,14,2018-02-15,2018-12-20,7,46,0
48327,2019,Menard,12,2019-01-16,2019-12-28,13,45,1
48327,2020,Menard,10,2020-01-14,2020-11-10,7,40,1
48327,2021,Menard,11,2021-01-23,2021-12-26,4,31,2
48327,2022,Menard,18,2022-03-05,2022-12-12,12,63,0
48327,2023,Menard,15,2023-01-10,2023-12-24,15,68,2
48327,2024,Menard,21,2024-01-23,2025-01-01,7,60,0
48327,2025,Menard,11,2025-01-29,2025-12-28,6,37,0
48329,2015,Midland,21,2015-01-28,2015-12-24,7,63,0
48329,2016,Midland,20,2016-02-18,2017-01-02,18,90,0
48329,2017,Midland,21,2017-01-10,2017-12-04,10,84,0
48329,2018,Midland,24,2018-02-15,2018-12-27,9,94,0
48329,2019,Midland,18,2019-01-06,2019-12-28,15,84,0
48329,2020,Midland,17,2020-01-09,2020-11-20,12,63,0
48329,2021,Midland,13,2021-01-21,2021-12-29,7,47,0
48329,2022,Midland,18,2022-03-28,2023-01-03,26,95,0
48329,2023,Midland,22,2023-01-10,2023-12-23,15,103,0
48329,2024,Midland,22,2024-01-23,2024-12-30,21,96,0
48329,2025,Midland,22,2025-02-04,2025-12-28,18,93,0
48331,2015,Milam,3,2015-04-08,2015-12-12,4,8,8
48331,2016,Milam,12,2016-01-30,2016-12-28,5,39,37
48331,2017,Milam,15,2017-01-01,2017-12-04,7,42,28
48331,2018,Milam,17,2018-01-20,2018-12-26,7,52,0
48331,2019,Milam,13,2019-01-07,2019-11-21,9,54,0
48331,2020,Milam,15,2020-01-09,2020-12-29,5,48,0
48331,2021,Milam,17,2021-01-22,2021-12-31,9,51,0
48331,2022,Milam,15,2022-04-11,2022-12-13,14,78,3
48331,2023,Milam,21,2023-01-01,2023-12-23,18,100,0
48331,2024,Milam,21,2024-01-23,2024-12-25,9,69,0
48331,2025,Milam,13,2025-01-03,2025-12-27,8,55,1
48333,2015,Mills,5,2015-04-23,2015-11-05,5,15,0
48333,2016,Mills,10,2016-02-20,2016-12-29,9,41,0
48333,2017,Mills,15,2017-01-11,2017-12-05,6,46,0
48333,2018,Mills,12,2018-03-17,2018-10-08,8,40,1
48333,2019,Mills,10,2019-02-03,2019-12-28,8,44,0
48333,2020,Mills,12,2020-01-14,2020-12-30,4,32,0
48333,2021,Mills,9,2021-03-11,2022-01-01,6,28,0
48333,2022,Mills,13,2022-03-05,2022-12-14,11,69,0
48333,2023,Mills,16,2023-01-17,2023-12-24,15,79,1
48333,2024,Mills,23,2024-01-24,2024-12-26,6,68,0
48333,2025,Mills,11,2025-01-29,2025-12-28,6,37,19
48335,2015,Mitchell,12,2015-01-27,2015-12-24,5,38,38
48335,2016,Mitchell,16,2016-02-18,2017-01-03,12,67,67
48335,2017,Mitchell,14,2017-01-10,2017-12-05,8,59,59
48335,2018,Mitchell,13,2018-01-10,2018-12-27,8,45,45
48335,2019,Mitchell,16,2019-01-07,2019-12-28,9,67,67
48335,2020,Mitchell,13,2020-01-02,2020-11-21,9,45,45
48335,2021,Mitchell,13,2021-01-21,2021-12-31,8,47,47
48335,2022,Mitchell,13,2022-03-28,2022-12-13,24,76,76
48335,2023,Mitchell,22,2023-01-01,2023-12-24,14,87,87
48335,2024,Mitchell,24,2024-01-23,2024-12-28,10,86,86
48335,2025,Mitchell,14,2025-01-29,2025-12-28,9,58,58
48337,2015,Montague,8,2015-01-28,2015-12-13,5,21,0
48337,2016,Montague,14,2016-02-18,2016-12-26,9,49,0
48337,2017,Montague,11,2017-01-11,2017-12-21,8,36,0
48337,2018,Montague,11,2018-02-19,2018-10-08,8,47,0
48337,2019,Montague,13,2019-01-07,2019-12-28,13,47,0
48337,2020,Montague,13,2020-01-02,2020-11-21,5,36,0
48337,2021,Montague,12,2021-01-20,2021-12-29,6,41,0
48337,2022,Montague,12,2022-04-11,2022-12-13,16,58,0
48337,2023,Montague,18,2023-01-01,2023-12-24,8,65,0
48337,2024,Montague,18,2024-01-25,2024-12-26,6,56,0
48337,2025,Montague,9,2025-01-29,2025-12-27,8,35,0
48339,2015,Montgomery,17,2015-03-18,2015-12-26,5,51,0
48339,2016,Montgomery,21,2016-01-30,2016-12-28,13,86,0
48339,2017,Montgomery,24,2017-01-01,2017-12-05,13,80,0
48339,2018,Montgomery,17,2018-02-15,2018-12-26,9,57,0
48339,2019,Montgomery,17,2019-01-07,2019-11-30,10,68,0
48339,2020,Montgomery,18,2020-01-09,2020-11-10,9,73,0
48339,2021,Montgomery,18,2021-01-19,2022-01-01,9,63,0
48339,2022,Montgomery,16,2022-04-11,2022-12-30,11,67,0
48339,2023,Montgomery,22,2023-01-01,2023-12-23,14,98,0
48339,2024,Montgomery,19,2024-01-23,2024-12-25,7,69,0
48339,2025,Montgomery,18,2025-01-29,2025-12-28,8,67,0
48341,2015,Moore,16,2015-01-17,2015-12-22,8,67,0
48341,2016,Moore,14,2016-01-24,2016-11-17,7,52,0
48341,2017,Moore,15,2017-01-10,2017-12-04,9,59,49
48341,2018,Moore,12,2018-02-18,2018-10-04,8,45,0
48341,2019,Moore,14,2019-02-04,2019-12-25,10,44,5
48341,2020,Moore,18,2020-01-22,2020-11-24,7,61,0
48341,2021,Moore,18,2021-01-05,2021-12-28,7,62,16
48341,2022,Moore,21,2022-02-20,2022-12-29,11,78,2
48341,2023,Moore,31,2023-01-01,2023-12-24,9,107,107
48341,2024,Moore,26,2024-01-23,2024-12-30,13,125,125
48341,2025,Moore,16,2025-02-25,2025-12-28,17,76,76
48343,2015,Morris,12,2015-04-07,2015-12-27,7,39,0
48343,2016,Morris,18,2016-01-30,2016-12-28,5,52,0
48343,2017,Morris,14,2017-01-01,2017-12-20,13,49,0
48343,2018,Morris,16,2018-01-21,2018-12-27,9,50,0
48343,2019,Morris,6,2019-01-07,2019-10-06,7,27,0
48343,2020,Morris,11,2020-01-15,2020-11-10,5,29,0
48343,2021,Morris,15,2021-01-21,2022-01-01,9,42,1
48343,2022,Morris,8,2022-05-09,2023-01-03,8,28,1
48343,2023,Morris,13,2023-01-16,2023-12-24,5,39,1
48343,2024,Morris,18,2024-01-23,2024-12-28,5,52,0
48343,2025,Morris,11,2025-01-29,2025-12-27,8,41,0
48345,2015,Motley,10,2015-01-19,2015-12-12,6,33,0
48345,2016,Motley,10,2016-01-29,2016-12-25,4,30,0
48345,2017,Motley,11,2017-01-19,2017-12-04,5,32,0
48345,2018,Motley,11,2018-02-19,2018-10-05,5,34,0
48345,2019,Motley,9,2019-01-06,2019-12-26,4,23,0
48345,2020,Motley,12,2020-01-09,2020-12-10,5,30,0
48345,2021,Motley,12,2021-03-09,2021-12-29,6,39,0
48345,2022,Motley,15,2022-03-04,2022-12-08,7,53,0
48345,2023,Motley,14,2023-01-01,2023-12-24,6,42,0
48345,2024,Motley,21,2024-01-29,2024-12-27,5,61,0
48345,2025,Motley,9,2025-02-02,2025-12-28,6,27,0
48347,2015,Nacogdoches,9,2015-03-18,2015-12-13,7,28,0
48347,2016,Nacogdoches,7,2016-01-30,2016-12-14,4,21,0
48347,2017,Nacogdoches,12,2017-01-09,2017-12-20,10,69,0
48347,2018,Nacogdoches,18,2018-02-14,2018-12-26,9,68,0
48347,2019,Nacogdoches,11,2019-01-07,2019-11-06,6,31,0
48347,2020,Nacogdoches,12,2020-01-09,2020-12-30,6,32,0
48347,2021,Nacogdoches,14,2021-01-19,2021-12-31,8,49,0
48347,2022,Nacogdoches,10,2022-03-28,2022-12-13,11,46,0
48347,2023,Nacogdoches,18,2023-01-01,2023-12-24,10,69,0
48347,2024,Nacogdoches,18,2024-01-23,2024-12-18,9,66,4
48347,2025,Nacogdoches,16,2025-01-29,2025-12-28,7,54,0
48349,2015,Navarro,20,2015-03-18,2015-12-26,7,68,0
48349,2016,Navarro,23,2016-01-07,2016-12-29,10,107,0
48349,2017,Navarro,23,2017-01-01,2017-12-21,8,96,0
48349,2018,Navarro,21,2018-02-15,2018-12-27,9,84,0
48349,2019,Navarro,14,2019-01-07,2019-12-28,18,64,0
48349,2020,Navarro,16,2020-01-14,2020-12-30,8,50,0
48349,2021,Navarro,15,2021-01-19,2022-01-01,10,60,0
48349,2022,Navarro,18,2022-04-11,2022-12-13,13,98,0
48349,2023,Navarro,19,2023-01-01,2023-12-24,19,102,0
48349,2024,Navarro,26,2024-01-24,2024-12-30,14,105,0
48349,2025,Navarro,16,2025-02-03,2025-12-28,8,65,0
48351,2015,Newton,20,2015-03-18,2015-12-26,6,67,0
48351,2016,Newton,25,2016-01-07,2016-12-28,7,87,3
48351,2017,Newton,21,2017-01-01,2017-12-19,13,84,0
48351,2018,Newton,18,2018-02-14,2018-12-26,11,73,0
48351,2019,Newton,18,2019-01-07,2019-12-28,7,61,0
48351,2020,Newton,20,2020-01-14,2020-11-10,9,79,1
48351,2021,Newton,19,2021-01-20,2022-01-01,9,70,0
48351,2022,Newton,18,2022-02-01,2023-01-03,11,52,0
48351,2023,Newton,18,2023-01-16,2023-12-24,16,98,0
48351,2024,Newton,23,2024-01-23,2024-12-26,13,95,0
48351,2025,Newton,18,2025-01-03,2025-12-28,9,73,3
48353,2015,Nolan,11,2015-01-28,2015-12-24,5,29,1
48353,2016,Nolan,13,2016-02-19,2016-12-26,8,48,1
48353,2017,Nolan,14,2017-01-02,2017-12-04,5,40,2
48353,2018,Nolan,14,2018-01-10,2018-12-27,9,53,3
48353,2019,Nolan,16,2019-01-17,2019-12-28,8,51,2
48353,2020,Nolan,12,2020-03-11,2020-10-09,11,43,2
48353,2021,Nolan,11,2021-01-24,2021-12-29,6,35,0
48353,2022,Nolan,19,2022-03-28,2022-12-13,10,78,0
48353,2023,Nolan,20,2023-01-10,2023-12-24,9,77,0
48353,2024,Nolan,19,2024-02-09,2024-12-25,8,57,0
48353,2025,Nolan,17,2025-03-26,2025-12-28,6,50,0
48355,2015,Nueces,18,2015-04-08,2015-12-26,6,56,0
48355,2016,Nueces,22,2016-01-31,2016-12-29,14,120,0
48355,2017,Nueces,26,2017-01-01,2017-12-05,8,93,0
48355,2018,Nueces,19,2018-02-16,2018-12-27,9,75,0
48355,2019,Nueces,16,2019-01-07,2019-12-01,14,81,0
48355,2020,Nueces,17,2020-01-09,2020-12-30,9,68,0
48355,2021,Nueces,20,2021-01-19,2022-01-01,9,65,0
48355,2022,Nueces,15,2022-04-12,2022-12-13,9,55,0
48355,2023,Nueces,26,2023-01-02,2023-12-24,15,116,0
48355,2024,Nueces,28,2024-02-09,2024-12-25,11,117,0
48355,2025,Nueces,21,2025-01-02,2025-12-28,12,101,0
48357,2015,Ochiltree,23,2015-01-20,2015-12-24,12,98,13
48357,2016,Ochiltree,23,2016-01-06,2016-12-05,12,99,2
48357,2017,Ochiltree,19,2017-01-15,2017-12-05,16,94,20
48357,2018,Ochiltree,19,2018-02-18,2018-12-02,9,70,0
48357,2019,Ochiltree,17,2019-01-06,2019-12-26,9,56,0
48357,2020,Ochiltree,14,2020-01-09,2020-11-22,6,39,0
48357,2021,Ochiltree,11,2021-01-30,2021-12-26,6,31,3
48357,2022,Ochiltree,20,2022-04-21,2022-12-29,15,94,84
48357,2023,Ochiltree,28,2023-01-01,2023-12-24,14,139,139
48357,2024,Ochiltree,29,2024-01-23,2024-12-31,19,163,163
48357,2025,Ochiltree,23,2025-01-29,2025-12-28,18,104,104
48359,2015,Oldham,15,2015-01-26,2015-12-12,8,47,0
48359,2016,Oldham,12,2016-02-18,2016-11-07,7,39,0
48359,2017,Oldham,15,2017-01-09,2017-12-04,7,52,0
48359,2018,Oldham,12,2018-01-09,2018-12-27,5,37,0
48359,2019,Oldham,14,2019-01-06,2019-12-25,5,37,0
48359,2020,Oldham,17,2020-01-22,2020-11-24,6,51,0
48359,2021,Oldham,14,2021-02-03,2021-12-26,8,39,0
48359,2022,Oldham,17,2022-04-20,2022-12-29,9,63,0
48359,2023,Oldham,16,2023-01-01,2023-12-24,6,49,0
48359,2024,Oldham,17,2024-01-24,2024-12-30,5,50,0
48359,2025,Oldham,10,2025-03-25,2025-12-27,9,42,0
48361,2015,Orange,13,2015-03-19,2015-12-27,7,43,0
48361,2016,Orange,22,2016-01-08,2016-12-29,5,66,3
48361,2017,Orange,18,2017-01-01,2017-12-20,12,69,0
48361,2018,Orange,13,2018-02-15,2018-11-08,15,52,0
48361,2019,Orange,16,2019-01-08,2019-12-01,8,56,2
48361,2020,Orange,15,2020-01-10,2020-11-11,8,57,6
48361,2021,Orange,17,2021-01-20,2022-01-01,8,65,1
48361,2022,Orange,16,2022-02-22,2023-01-03,10,61,1
48361,2023,Orange,19,2023-01-11,2023-11-10,13,93,1
48361,2024,Orange,22,2024-01-24,2024-12-26,11,87,1
48361,2025,Orange,20,2025-01-04,2025-12-28,7,67,2
48363,2015,Palo Pinto,18,2015-01-27,2015-12-24,9,71,1
48363,2016,Palo Pinto,28,2016-01-06,2016-12-26,13,105,2
48363,2017,Palo Pinto,24,2017-01-10,2017-12-20,9,75,1
48363,2018,Palo Pinto,22,2018-01-20,2018-12-26,8,71,0
48363,2019,Palo Pinto,17,2019-01-06,2019-12-28,13,79,5
48363,2020,Palo Pinto,19,2020-01-01,2020-12-11,9,59,0
48363,2021,Palo Pinto,13,2021-01-21,2021-12-31,8,52,0
48363,2022,Palo Pinto,22,2022-03-28,2023-01-02,16,94,0
48363,2023,Palo Pinto,21,2023-01-09,2023-12-23,20,108,0
48363,2024,Palo Pinto,28,2024-01-25,2024-12-28,11,102,2
48363,2025,Palo Pinto,18,2025-01-28,2025-12-27,7,60,1
48365,2015,Panola,15,2015-03-17,2015-12-27,9,58,0
48365,2016,Panola,22,2016-01-06,2016-12-29,8,89,0
48365,2017,Panola,23,2017-01-02,2017-12-20,12,88,0
48365,2018,Panola,19,2018-01-21,2018-12-27,10,81,0
48365,2019,Panola,14,2019-02-03,2019-11-07,8,53,0
48365,2020,Panola,15,2020-01-15,2020-12-30,9,56,0
48365,2021,Panola,18,2021-01-20,2022-01-01,8,66,0
48365,2022,Panola,12,2022-03-29,2023-01-03,12,60,3
48365,2023,Panola,16,2023-01-17,2023-12-24,13,71,4
48365,2024,Panola,16,2024-01-24,2024-12-28,13,77,0
48365,2025,Panola,13,2025-01-30,2025-12-28,8,56,0
48367,2015,Parker,11,2015-01-28,2015-12-21,5,29,0
48367,2016,Parker,13,2016-02-19,2016-12-29,9,54,0
48367,2017,Parker,19,2017-01-10,2017-12-19,8,58,0
48367,2018,Parker,16,2018-01-20,2018-12-01,8,54,0
48367,2019,Parker,10,2019-01-16,2019-12-28,16,43,0
48367,2020,Parker,15,2020-01-02,2020-12-29,9,42,0
48367,2021,Parker,14,2021-01-20,2021-12-29,6,47,0
48367,2022,Parker,15,2022-03-28,2022-12-13,24,73,1
48367,2023,Parker,22,2023-01-01,2023-12-24,8,82,0
48367,2024,Parker,26,2024-01-24,2024-12-26,7,80,0
48367,2025,Parker,15,2025-01-29,2025-12-27,7,46,3
48369,2015,Parmer,15,2015-01-28,2015-12-24,8,52,0
48369,2016,Parmer,13,2016-01-07,2016-11-08,9,44,0
48369,2017,Parmer,9,2017-01-10,2017-12-04,6,37,0
48369,2018,Parmer,12,2018-01-10,2018-10-05,5,33,0
48369,2019,Parmer,13,2019-01-11,2019-12-09,6,43,0
48369,2020,Parmer,12,2020-03-11,2020-11-24,6,38,0
48369,2021,Parmer,13,2021-01-05,2021-12-29,7,40,0
48369,2022,Parmer,20,2022-04-21,2022-12-29,10,68,0
48369,2023,Parmer,22,2023-01-01,2023-12-22,6,79,0
48369,2024,Parmer,25,2024-01-25,2024-12-30,15,98,0
48369,2025,Parmer,16,2025-02-06,2025-12-28,7,61,0
48371,2015,Pecos,14,2015-01-28,2015-12-25,6,41,0
48371,2016,Pecos,16,2016-01-30,2017-01-02,8,56,0
48371,2017,Pecos,22,2017-01-09,2017-12-21,7,72,0
48371,2018,Pecos,11,2018-01-20,2018-12-02,9,45,0
48371,2019,Pecos,16,2019-01-07,2019-12-28,8,51,0
48371,2020,Pecos,16,2020-01-14,2020-12-11,7,50,0
48371,2021,Pecos,17,2021-01-21,2021-12-31,10,55,0
48371,2022,Pecos,16,2022-01-18,2023-01-03,16,62,0
48371,2023,Pecos,21,2023-01-06,2023-12-24,15,108,0
48371,2024,Pecos,26,2024-01-23,2024-12-30,7,94,0
48371,2025,Pecos,24,2025-02-02,2025-12-28,18,105,0
48373,2015,Polk,22,2015-01-21,2015-12-27,9,66,40
48373,2016,Polk,18,2016-01-20,2016-12-28,6,61,48
48373,2017,Polk,14,2017-01-01,2017-11-07,12,53,46
48373,2018,Polk,15,2018-01-21,2018-12-01,8,48,24
48373,2019,Polk,11,2019-01-07,2019-10-06,9,50,46
48373,2020,Polk,14,2020-01-14,2020-11-10,9,60,60
48373,2021,Polk,15,2021-01-20,2022-01-01,9,55,55
48373,2022,Polk,12,2022-04-21,2022-12-13,12,62,62
48373,2023,Polk,20,2023-01-01,2023-12-24,16,98,98
48373,2024,Polk,20,2024-01-23,2024-12-17,9,79,79
48373,2025,Polk,15,2025-01-29,2025-12-28,8,57,57
48375,2015,Potter,11,2015-01-20,2015-12-12,7,41,0
48375,2016,Potter,10,2016-02-18,2016-11-17,7,33,0
48375,2017,Potter,13,2017-01-10,2017-12-04,8,48,0
48375,2018,Potter,12,2018-01-09,2018-10-05,5,32,0
48375,2019,Potter,10,2019-01-06,2019-12-25,5,29,0
48375,2020,Potter,15,2020-01-21,2020-11-19,3,33,0
48375,2021,Potter,14,2021-03-09,2021-12-26,5,37,0
48375,2022,Potter,19,2022-04-22,2022-12-29,8,53,0
48375,2023,Potter,19,2023-01-01,2023-12-23,5,55,0
48375,2024,Potter,21,2024-01-25,2024-12-30,12,66,0
48375,2025,Potter,12,2025-02-25,2025-12-27,6,47,0
48377,2015,Presidio,11,2015-01-28,2015-10-22,4,30,0
48377,2016,Presidio,16,2016-01-04,2016-12-29,7,52,12
48377,2017,Presidio,12,2017-01-13,2017-11-07,6,37,2
48377,2018,Presidio,21,2018-02-14,2018-12-17,7,58,0
48377,2019,Presidio,20,2019-01-06,2019-12-15,24,123,0
48377,2020,Presidio,30,2020-01-15,2020-12-11,19,166,0
48377,2021,Presidio,32,2021-01-19,2022-01-01,14,140,0
48377,2022,Presidio,33,2022-01-07,2022-12-30,22,195,1
48377,2023,Presidio,30,2023-01-01,2023-12-24,66,223,10
48377,2024,Presidio,26,2024-01-23,2025-01-01,30,160,0
48377,2025,Presidio,28,2025-01-04,2025-12-30,27,239,2
48379,2015,Rains,19,2015-01-28,2015-12-27,7,63,0
48379,2016,Rains,20,2016-02-19,2016-12-29,11,82,1
48379,2017,Rains,25,2017-01-01,2017-12-22,7,85,0
48379,2018,Rains,19,2018-03-17,2018-12-27,10,73,0
48379,2019,Rains,14,2019-02-02,2019-12-29,6,49,5
48379,2020,Rains,11,2020-01-15,2020-11-22,7,33,0
48379,2021,Rains,14,2021-01-20,2022-01-01,6,51,0
48379,2022,Rains,14,2022-03-29,2022-12-14,13,66,0
48379,2023,Rains,20,2023-01-01,2023-12-24,6,67,0
48379,2024,Rains,23,2024-01-24,2024-12-31,8,71,0
48379,2025,Rains,14,2025-01-29,2025-12-28,8,57,0
48381,2015,Randall,8,2015-01-26,2015-12-12,6,24,1
48381,2016,Randall,9,2016-02-19,2016-11-06,5,25,0
48381,2017,Randall,12,2017-01-10,2017-12-04,4,35,1
48381,2018,Randall,7,2018-05-10,2018-10-06,5,24,0
48381,2019,Randall,13,2019-01-11,2019-12-25,7,43,0
48381,2020,Randall,6,2020-06-28,2020-12-29,5,17,4
48381,2021,Randall,14,2021-01-30,2021-12-27,7,39,3
48381,2022,Randall,16,2022-04-21,2022-12-29,12,63,12
48381,2023,Randall,21,2023-01-01,2023-12-14,4,56,10
48381,2024,Randall,14,2024-01-24,2024-11-17,6,40,1
48381,2025,Randall,9,2025-03-27,2025-12-28,8,40,12
48383,2015,Reagan,12,2015-01-28,2015-12-24,6,37,0
48383,2016,Reagan,15,2016-01-06,2017-01-03,12,64,0
48383,2017,Reagan,19,2017-01-11,2017-12-05,8,71,0
48383,2018,Reagan,15,2018-02-15,2018-12-27,8,59,0
48383,2019,Reagan,15,2019-01-06,2019-12-28,10,63,0
48383,2020,Reagan,18,2020-01-02,2020-11-09,10,72,0
48383,2021,Reagan,16,2021-01-22,2021-12-29,6,46,6
48383,2022,Reagan,15,2022-04-20,2022-12-13,18,66,2
48383,2023,Reagan,15,2023-01-01,2023-12-24,14,80,4
48383,2024,Reagan,22,2024-02-02,2024-12-25,12,80,8
48383,2025,Reagan,15,2025-02-03,2025-12-28,13,56,9
48385,2015,Real,6,2015-01-30,2015-11-06,10,22,0
48385,2016,Real,15,2016-01-11,2016-12-29,10,54,1
48385,2017,Real,10,2017-01-13,2017-12-05,4,28,0
48385,2018,Real,6,2018-02-18,2018-11-09,7,17,1
48385,2019,Real,7,2019-01-09,2019-10-03,7,27,1
48385,2020,Real,12,2020-01-14,2020-11-09,5,37,3
48385,2021,Real,10,2021-01-30,2021-12-29,5,27,0
48385,2022,Real,12,2022-04-16,2022-12-13,11,49,0
48385,2023,Real,14,2023-01-28,2023-12-23,11,50,0
48385,2024,Real,22,2024-01-23,2024-12-25,8,88,0
48385,2025,Real,16,2025-01-26,2025-12-28,8,59,8
48387,2015,Red River,16,2015-01-27,2015-12-27,20,78,1
48387,2016,Red River,29,2016-01-07,2017-01-02,8,96,2
48387,2017,Red River,22,2017-01-10,2017-12-21,13,88,1
48387,2018,Red River,17,2018-01-20,2018-12-26,9,62,0
48387,2019,Red River,19,2019-01-06,2019-12-28,8,69,0
48387,2020,Red River,20,2020-01-02,2020-11-21,6,55,0
48387,2021,Red River,17,2021-01-19,2021-12-31,9,60,0
48387,2022,Red River,18,2022-04-11,2023-01-03,8,67,0
48387,2023,Red River,22,2023-01-16,2023-12-24,9,89,1
48387,2024,Red River,24,2024-01-23,2024-12-28,7,86,0
48387,2025,Red River,20,2025-01-29,2025-12-27,8,69,0
48389,2015,Reeves,19,2015-01-19,2015-12-24,6,60,0
48389,2016,Reeves,13,2016-02-19,2016-12-30,11,58,0
48389,2017,Reeves,26,2017-01-01,2017-12-21,7,89,0
48389,2018,Reeves,21,2018-03-10,2018-12-01,8,63,0
48389,2019,Reeves,21,2019-01-07,2019-12-15,19,96,0
48389,2020,Reeves,20,2020-01-15,2020-11-24,11,84,0
48389,2021,Reeves,16,2021-01-21,2021-12-29,7,53,0
48389,2022,Reeves,23,2022-01-18,2023-01-04,17,90,0
48389,2023,Reeves,24,2023-01-15,2023-12-24,16,115,0
48389,2024,Reeves,24,2024-01-23,2024-12-30,15,111,13
48389,2025,Reeves,23,2025-02-06,2025-12-28,16,94,44
48391,2015,Refugio,16,2015-02-21,2015-12-27,7,44,0
48391,2016,Refugio,19,2016-02-01,2016-12-29,9,77,1
48391,2017,Refugio,20,2017-01-11,2017-12-05,8,71,3
48391,2018,Refugio,18,2018-02-16,2018-12-27,16,85,0
48391,2019,Refugio,15,2019-01-18,2019-10-07,15,89,0
48391,2020,Refugio,23,2020-01-14,2020-12-30,9,88,0
48391,2021,Refugio,25,2021-01-20,2022-01-01,9,90,0
48391,2022,Refugio,22,2022-04-05,2022-12-14,12,93,0
48391,2023,Refugio,21,2023-01-02,2023-12-24,23,140,0
48391,2024,Refugio,32,2024-02-09,2024-12-28,14,153,1
48391,2025,Refugio,24,2025-01-04,2025-12-28,11,106,19
48393,2015,Roberts,17,2015-01-19,2015-12-24,8,68,68
48393,2016,Roberts,17,2016-01-30,2016-11-17,9,61,61
48393,2017,Roberts,16,2017-01-10,2017-12-04,9,67,67
48393,2018,Roberts,15,2018-01-09,2018-10-05,9,61,61
48393,2019,Roberts,17,2019-01-06,2019-12-28,6,64,64
48393,2020,Roberts,15,2020-01-09,2020-12-29,6,50,50
48393,2021,Roberts,18,2021-01-24,2021-12-29,6,55,55
48393,2022,Roberts,20,2022-04-21,2022-12-29,14,88,88
48393,2023,Roberts,29,2023-01-01,2023-12-24,6,91,91
48393,2024,Roberts,28,2024-01-23,2024-12-30,13,133,133
48393,2025,Roberts,18,2025-01-29,2025-12-28,17,78,78
48395,2015,Robertson,13,2015-03-17,2015-12-12,5,37,0
48395,2016,Robertson,19,2016-02-19,2016-12-28,6,64,5
48395,2017,Robertson,20,2017-01-10,2017-11-17,8,61,2
48395,2018,Robertson,16,2018-01-20,2018-10-08,8,47,4
48395,2019,Robertson,14,2019-01-07,2019-10-06,9,56,0
48395,2020,Robertson,19,2020-01-09,2020-12-29,10,73,0
48395,2021,Robertson,23,2021-01-22,2021-12-31,8,76,18
48395,2022,Robertson,17,2022-03-05,2022-12-30,15,86,0
48395,2023,Robertson,21,2023-01-01,2023-12-24,15,101,0
48395,2024,Robertson,26,2024-01-23,2024-12-25,11,92,2
48395,2025,Robertson,14,2025-02-03,2025-12-27,8,55,1
48397,2015,Rockwall,15,2015-01-28,2015-12-26,8,57,57
48397,2016,Rockwall,22,2016-01-07,2016-12-29,11,94,90
48397,2017,Rockwall,24,2017-01-01,2017-12-21,8,90,66
48397,2018,Rockwall,23,2018-01-20,2018-12-26,14,108,1
48397,2019,Rockwall,21,2019-01-06,2019-12-28,14,101,0
48397,2020,Rockwall,21,2020-01-02,2020-11-21,9,72,0
48397,2021,Rockwall,22,2021-01-19,2021-12-31,9,75,0
48397,2022,Rockwall,26,2022-01-31,2023-01-03,13,106,0
48397,2023,Rockwall,26,2023-01-10,2023-12-24,20,115,2
48397,2024,Rockwall,29,2024-01-24,2024-12-30,13,124,0
48397,2025,Rockwall,24,2025-01-28,2025-12-27,9,88,1
48399,2015,Runnels,7,2015-01-30,2015-11-11,3,15,0
48399,2016,Runnels,10,2016-02-19,2016-12-29,10,40,0
48399,2017,Runnels,13,2017-01-01,2017-12-05,5,40,0
48399,2018,Runnels,8,2018-02-15,2018-10-08,8,27,0
48399,2019,Runnels,11,2019-01-10,2019-12-28,7,36,0
48399,2020,Runnels,7,2020-01-02,2020-11-10,3,15,0
48399,2021,Runnels,10,2021-01-22,2021-12-29,5,31,0
48399,2022,Runnels,15,2022-03-29,2022-12-14,18,67,0
48399,2023,Runnels,19,2023-01-02,2023-12-24,11,69,0
48399,2024,Runnels,26,2024-01-24,2024-12-26,10,85,0
48399,2025,Runnels,11,2025-01-28,2025-12-28,7,46,0
48401,2015,Rusk,12,2015-03-30,2015-12-27,6,35,0
48401,2016,Rusk,18,2016-02-19,2016-12-28,6,60,0
48401,2017,Rusk,24,2017-01-01,2017-12-20,12,77,0
48401,2018,Rusk,16,2018-02-15,2018-12-27,9,61,0
48401,2019,Rusk,12,2019-01-07,2019-12-28,8,44,0
48401,2020,Rusk,12,2020-01-15,2020-12-30,5,34,0
48401,2021,Rusk,13,2021-01-20,2022-01-01,9,45,0
48401,2022,Rusk,14,2022-02-16,2022-12-13,11,64,0
48401,2023,Rusk,21,2023-01-01,2023-12-24,13,81,0
48401,2024,Rusk,24,2024-01-23,2024-12-26,8,80,0
48401,2025,Rusk,13,2025-01-29,2025-12-28,8,52,0
48403,2015,Sabine,17,2015-03-18,2015-12-27,7,56,1
48403,2016,Sabine,25,2016-01-07,2016-12-28,8,82,2
48403,2017,Sabine,26,2017-01-01,2017-12-19,13,95,0
48403,2018,Sabine,18,2018-02-15,2018-12-26,10,80,0
48403,2019,Sabine,18,2019-01-07,2019-12-28,9,60,1
48403,2020,Sabine,22,2020-01-02,2020-12-30,10,83,0
48403,2021,Sabine,19,2021-01-19,2022-01-01,9,68,0
48403,2022,Sabine,21,2022-02-21,2023-01-03,11,80,1
48403,2023,Sabine,22,2023-01-16,2023-12-24,17,106,0
48403,2024,Sabine,22,2024-01-23,2024-12-26,14,94,0
48403,2025,Sabine,20,2025-01-03,2025-12-28,8,70,0
48405,2015,San Augustine,16,2015-03-19,2015-12-23,7,45,23
48405,2016,San Augustine,17,2016-01-07,2016-12-29,9,66,34
48405,2017,San Augustine,21,2017-01-11,2017-11-18,13,84,19
48405,2018,San Augustine,18,2018-02-16,2018-12-27,10,61,4
48405,2019,San Augustine,15,2019-01-07,2019-11-22,6,42,0
48405,2020,San Augustine,17,2020-01-10,2020-11-10,9,62,0
48405,2021,San Augustine,15,2021-01-20,2022-01-01,9,47,0
48405,2022,San Augustine,15,2022-03-29,2023-01-03,12,51,0
48405,2023,San Augustine,20,2023-01-11,2023-12-24,13,81,1
48405,2024,San Augustine,20,2024-01-24,2024-12-28,13,85,0
48405,2025,San Augustine,13,2025-02-04,2025-12-28,7,54,1
48407,2015,San Jacinto,17,2015-03-18,2015-12-27,8,66,66
48407,2016,San Jacinto,20,2016-01-31,2016-12-28,15,95,95
48407,2017,San Jacinto,22,2017-01-01,2017-12-20,13,88,88
48407,2018,San Jacinto,14,2018-02-15,2018-12-01,9,66,66
48407,2019,San Jacinto,13,2019-01-07,2019-10-06,12,68,68
48407,2020,San Jacinto,18,2020-01-14,2020-12-30,12,78,78
48407,2021,San Jacinto,18,2021-01-20,2022-01-01,9,72,72
48407,2022,San Jacinto,13,2022-04-21,2022-12-13,13,80,80
48407,2023,San Jacinto,19,2023-01-01,2023-12-24,22,116,116
48407,2024,San Jacinto,22,2024-01-23,2024-12-26,12,94,94
48407,2025,San Jacinto,17,2025-01-29,2025-12-28,8,71,71
48409,2015,San Patricio,21,2015-04-07,2015-12-26,7,66,0
48409,2016,San Patricio,20,2016-02-20,2016-12-29,14,84,0
48409,2017,San Patricio,17,2017-01-11,2017-12-05,8,59,0
48409,2018,San Patricio,13,2018-01-27,2018-11-07,5,35,0
48409,2019,San Patricio,14,2019-01-11,2019-12-28,8,52,0
48409,2020,San Patricio,10,2020-01-14,2020-09-16,9,40,4
48409,2021,San Patricio,17,2021-01-20,2022-01-01,8,56,4
48409,2022,San Patricio,12,2022-04-12,2022-12-14,9,43,3
48409,2023,San Patricio,19,2023-01-02,2023-12-24,10,83,0
48409,2024,San Patricio,17,2024-01-24,2024-12-26,9,72,0
48409,2025,San Patricio,15,2025-01-03,2025-12-28,10,76,4
48411,2015,San Saba,13,2015-01-28,2015-12-24,5,35,0
48411,2016,San Saba,14,2016-02-19,2016-12-29,9,58,2
48411,2017,San Saba,17,2017-01-10,2017-12-04,8,68,0
48411,2018,San Saba,19,2018-01-20,2018-10-08,8,57,0
48411,2019,San Saba,11,2019-01-16,2019-12-28,17,62,0
48411,2020,San Saba,14,2020-01-09,2020-11-21,8,47,0
48411,2021,San Saba,11,2021-01-22,2021-12-29,6,37,0
48411,2022,San Saba,18,2022-02-21,2022-12-13,9,75,0
48411,2023,San Saba,21,2023-01-01,2023-12-24,14,96,0
48411,2024,San Saba,24,2024-01-25,2024-12-26,8,83,0
48411,2025,San Saba,14,2025-01-29,2025-12-28,7,52,0
48413,2015,Schleicher,9,2015-01-29,2015-12-24,4,21,0
48413,2016,Schleicher,13,2016-01-07,2016-12-29,9,51,0
48413,2017,Schleicher,17,2017-01-11,2017-12-05,8,61,0
48413,2018,Schleicher,15,2018-01-10,2018-11-07,11,57,1
48413,2019,Schleicher,14,2019-01-07,2019-12-28,14,50,0
48413,2020,Schleicher,14,2020-01-14,2020-11-21,12,50,0
48413,2021,Schleicher,13,2021-01-22,2022-01-01,8,47,0
48413,2022,Schleicher,18,2022-03-05,2022-12-13,11,68,0
48413,2023,Schleicher,19,2023-01-01,2023-12-24,16,100,0
48413,2024,Schleicher,20,2024-01-23,2024-12-24,15,78,3
48413,2025,Schleicher,11,2025-01-29,2025-12-28,6,38,1
48415,2015,Scurry,17,2015-01-29,2015-12-13,6,56,0
48415,2016,Scurry,18,2016-02-18,2017-01-02,11,71,1
48415,2017,Scurry,20,2017-01-10,2017-12-05,9,66,2
48415,2018,Scurry,21,2018-01-10,2018-12-27,12,87,0
48415,2019,Scurry,19,2019-01-08,2019-12-28,16,82,0
48415,2020,Scurry,15,2020-01-09,2020-12-29,14,65,0
48415,2021,Scurry,16,2021-01-21,2021-12-31,8,56,0
48415,2022,Scurry,17,2022-03-28,2022-12-13,24,94,0
48415,2023,Scurry,21,2023-01-01,2023-12-24,17,104,0
48415,2024,Scurry,25,2024-01-25,2024-12-28,28,114,0
48415,2025,Scurry,18,2025-01-29,2025-12-27,13,79,0
48417,2015,Shackelford,8,2015-01-27,2015-12-24,4,19,0
48417,2016,Shackelford,11,2016-02-19,2016-12-26,9,38,0
48417,2017,Shackelford,12,2017-01-11,2017-12-04,6,36,0
48417,2018,Shackelford,8,2018-03-24,2018-10-08,8,30,0
48417,2019,Shackelford,7,2019-02-02,2019-10-03,7,22,0
48417,2020,Shackelford,8,2020-01-02,2020-11-10,8,25,0
48417,2021,Shackelford,10,2021-01-22,2022-01-01,9,34,0
48417,2022,Shackelford,20,2022-01-31,2022-12-13,13,80,0
48417,2023,Shackelford,23,2023-01-01,2023-12-24,10,86,0
48417,2024,Shackelford,19,2024-02-03,2024-12-28,9,65,0
48417,2025,Shackelford,9,2025-01-29,2025-12-28,6,33,0
48419,2015,Shelby,14,2015-03-18,2015-12-27,9,59,0
48419,2016,Shelby,20,2016-01-08,2016-12-29,8,84,0
48419,2017,Shelby,19,2017-01-01,2017-11-18,12,71,0
48419,2018,Shelby,15,2018-01-21,2018-12-27,9,58,0
48419,2019,Shelby,8,2019-02-04,2019-10-04,8,33,0
48419,2020,Shelby,13,2020-01-14,2020-12-30,8,53,53
48419,2021,Shelby,15,2021-01-20,2022-01-01,9,53,53
48419,2022,Shelby,14,2022-03-29,2023-01-03,12,67,67
48419,2023,Shelby,18,2023-01-11,2023-12-24,14,86,86
48419,2024,Shelby,19,2024-01-23,2024-12-26,8,81,81
48419,2025,Shelby,15,2025-01-29,2025-12-28,8,60,60
48421,2015,Sherman,19,2015-01-18,2015-12-12,12,79,0
48421,2016,Sherman,18,2016-02-16,2016-11-17,8,62,2
48421,2017,Sherman,15,2017-01-10,2017-12-02,6,44,0
48421,2018,Sherman,13,2018-01-09,2018-12-27,6,38,4
48421,2019,Sherman,16,2019-01-06,2019-12-28,22,91,69
48421,2020,Sherman,29,2020-01-02,2020-12-29,13,136,136
48421,2021,Sherman,28,2021-01-05,2021-12-31,12,121,121
48421,2022,Sherman,22,2022-04-20,2022-12-29,19,130,130
48421,2023,Sherman,30,2023-01-01,2023-12-24,21,164,164
48421,2024,Sherman,28,2024-01-23,2024-12-30,22,188,188
48421,2025,Sherman,27,2025-01-30,2025-12-28,18,128,128
48423,2015,Smith,19,2015-03-17,2015-12-26,10,64,0
48423,2016,Smith,22,2016-01-07,2016-12-28,9,89,0
48423,2017,Smith,25,2017-01-01,2017-12-20,8,79,0
48423,2018,Smith,21,2018-01-20,2018-12-26,10,80,0
48423,2019,Smith,16,2019-01-07,2019-12-28,7,53,0
48423,2020,Smith,16,2020-01-09,2020-12-29,7,50,0
48423,2021,Smith,14,2021-01-21,2022-01-01,9,45,0
48423,2022,Smith,13,2022-04-21,2023-01-03,12,68,0
48423,2023,Smith,16,2023-01-16,2023-12-24,16,85,0
48423,2024,Smith,25,2024-01-23,2024-12-30,7,79,0
48423,2025,Smith,12,2025-01-29,2025-12-28,8,47,0
48425,2015,Somervell,8,2015-04-08,2015-12-21,6,26,9
48425,2016,Somervell,22,2016-02-19,2016-12-29,9,79,31
48425,2017,Somervell,23,2017-01-02,2017-12-21,8,75,33
48425,2018,Somervell,20,2018-01-26,2018-12-27,9,84,78
48425,2019,Somervell,10,2019-01-11,2019-12-28,17,49,4
48425,2020,Somervell,13,2020-01-14,2020-11-10,10,47,4
48425,2021,Somervell,14,2021-01-19,2021-12-29,7,46,5
48425,2022,Somervell,18,2022-03-29,2022-12-14,24,99,5
48425,2023,Somervell,18,2023-01-01,2023-12-24,13,79,2
48425,2024,Somervell,21,2024-01-24,2024-12-26,6,68,9
48425,2025,Somervell,11,2025-01-04,2025-12-28,8,39,5
48427,2015,Starr,14,2015-01-30,2015-12-27,8,47,0
48427,2016,Starr,20,2016-02-18,2016-12-29,15,86,0
48427,2017,Starr,20,2017-01-01,2017-12-04,11,81,0
48427,2018,Starr,21,2018-01-27,2018-12-26,9,74,0
48427,2019,Starr,27,2019-01-06,2019-12-28,11,116,0
48427,2020,Starr,24,2020-01-09,2020-12-30,8,82,0
48427,2021,Starr,18,2021-01-22,2022-01-01,9,60,0
48427,2022,Starr,16,2022-04-12,2022-12-13,14,76,0
48427,2023,Starr,24,2023-01-07,2023-12-23,11,107,0
48427,2024,Starr,22,2024-01-24,2024-12-26,8,85,1
48427,2025,Starr,21,2025-01-02,2025-12-28,9,73,1
48429,2015,Stephens,5,2015-04-02,2015-12-13,4,13,0
48429,2016,Stephens,12,2016-02-21,2016-12-26,7,30,0
48429,2017,Stephens,11,2017-01-12,2017-12-05,5,32,0
48429,2018,Stephens,9,2018-02-15,2018-10-08,8,34,0
48429,2019,Stephens,12,2019-01-07,2019-12-28,8,38,0
48429,2020,Stephens,7,2020-01-02,2020-11-10,8,24,0
48429,2021,Stephens,9,2021-03-11,2021-12-29,5,25,0
48429,2022,Stephens,17,2022-03-05,2022-12-13,24,93,0
48429,2023,Stephens,24,2023-01-01,2023-12-24,11,96,1
48429,2024,Stephens,25,2024-01-24,2024-12-28,10,90,0
48429,2025,Stephens,21,2025-01-28,2025-12-27,9,78,0
48431,2015,Sterling,13,2015-01-29,2015-12-13,7,38,1
48431,2016,Sterling,15,2016-02-19,2016-12-03,12,68,1
48431,2017,Sterling,15,2017-01-01,2017-12-05,5,41,1
48431,2018,Sterling,16,2018-01-10,2018-10-08,9,69,69
48431,2019,Sterling,15,2019-01-07,2019-12-28,17,74,68
48431,2020,Sterling,12,2020-01-02,2020-11-09,10,49,49
48431,2021,Sterling,14,2021-01-19,2021-12-31,8,52,52
48431,2022,Sterling,14,2022-03-28,2022-12-13,25,82,82
48431,2023,Sterling,22,2023-01-01,2023-12-24,14,95,95
48431,2024,Sterling,22,2024-01-23,2024-12-26,10,82,82
48431,2025,Sterling,16,2025-01-29,2025-12-28,8,65,65
48433,2015,Stonewall,10,2015-01-27,2015-12-24,6,33,0
48433,2016,Stonewall,18,2016-01-30,2016-12-26,9,63,0
48433,2017,Stonewall,16,2017-01-10,2017-12-04,7,56,0
48433,2018,Stonewall,14,2018-01-10,2018-10-08,10,60,0
48433,2019,Stonewall,15,2019-01-06,2019-12-28,7,53,0
48433,2020,Stonewall,11,2020-01-15,2020-11-10,9,37,0
48433,2021,Stonewall,10,2021-01-20,2022-01-01,9,40,0
48433,2022,Stonewall,14,2022-04-21,2022-12-13,11,62,0
48433,2023,Stonewall,16,2023-01-01,2023-12-24,9,56,0
48433,2024,Stonewall,25,2024-01-23,2024-12-28,10,77,0
48433,2025,Stonewall,12,2025-01-29,2025-12-28,6,38,0
48435,2015,Sutton,16,2015-01-30,2015-11-26,6,45,9
48435,2016,Sutton,15,2016-01-06,2016-12-29,10,68,11
48435,2017,Sutton,19,2017-01-01,2017-12-05,9,73,59
48435,2018,Sutton,13,2018-02-15,2018-12-27,9,63,63
48435,2019,Sutton,12,2019-01-07,2019-12-28,18,66,66
48435,2020,Sutton,11,2020-01-09,2020-11-10,11,57,57
48435,2021,Sutton,15,2021-01-19,2022-01-01,9,55,55
48435,2022,Sutton,14,2022-02-21,2022-12-13,24,79,79
48435,2023,Sutton,21,2023-01-01,2023-12-24,14,102,102
48435,2024,Sutton,18,2024-01-23,2024-12-18,6,55,12
48435,2025,Sutton,6,2025-02-06,2025-12-28,5,16,1
48437,2015,Swisher,17,2015-01-26,2015-12-12,6,47,0
48437,2016,Swisher,13,2016-02-19,2016-11-08,6,41,0
48437,2017,Swisher,12,2017-01-10,2017-12-04,6,45,0
48437,2018,Swisher,12,2018-03-26,2018-10-05,8,43,0
48437,2019,Swisher,17,2019-01-07,2019-12-28,6,59,0
48437,2020,Swisher,13,2020-02-23,2020-11-22,6,38,0
48437,2021,Swisher,13,2021-04-26,2021-12-26,5,44,0
48437,2022,Swisher,17,2022-04-21,2022-12-29,10,60,0
48437,2023,Swisher,23,2023-01-01,2023-12-24,6,65,0
48437,2024,Swisher,22,2024-01-25,2024-12-30,8,62,0
48437,2025,Swisher,13,2025-03-26,2025-12-28,7,53,0
48439,2015,Tarrant,18,2015-01-28,2015-12-24,9,65,0
48439,2016,Tarrant,23,2016-01-30,2016-12-29,9,94,0
48439,2017,Tarrant,25,2017-01-01,2017-12-21,8,89,0
48439,2018,Tarrant,21,2018-01-20,2018-12-26,9,75,0
48439,2019,Tarrant,14,2019-01-07,2019-12-28,9,62,0
48439,2020,Tarrant,15,2020-01-02,2020-12-29,7,45,0
48439,2021,Tarrant,19,2021-01-06,2021-12-31,9,61,0
48439,2022,Tarrant,16,2022-01-31,2023-01-03,17,90,0
48439,2023,Tarrant,23,2023-01-10,2023-12-24,15,110,0
48439,2024,Tarrant,29,2024-01-24,2024-12-26,14,104,0
48439,2025,Tarrant,18,2025-01-28,2025-12-27,9,71,0
48441,2015,Taylor,8,2015-01-28,2015-12-12,5,21,0
48441,2016,Taylor,10,2016-02-18,2016-11-08,8,34,0
48441,2017,Taylor,12,2017-01-10,2017-12-04,5,35,0
48441,2018,Taylor,9,2018-02-19,2018-12-26,8,32,0
48441,2019,Taylor,11,2019-02-02,2019-12-28,7,40,0
48441,2020,Taylor,8,2020-01-09,2020-08-15,6,23,0
48441,2021,Taylor,10,2021-03-10,2021-12-31,8,35,0
48441,2022,Taylor,15,2022-03-28,2022-12-13,25,76,0
48441,2023,Taylor,21,2023-01-01,2023-12-24,10,69,0
48441,2024,Taylor,23,2024-01-25,2024-12-24,14,76,0
48441,2025,Taylor,17,2025-01-29,2025-12-28,6,55,0
48443,2015,Terrell,29,2015-01-20,2015-12-26,16,123,0
48443,2016,Terrell,28,2016-01-05,2017-01-03,11,106,1
48443,2017,Terrell,28,2017-01-11,2017-12-20,8,107,1
48443,2018,Terrell,17,2018-02-14,2018-10-13,8,59,0
48443,2019,Terrell,25,2019-01-06,2019-12-28,9,84,0
48443,2020,Terrell,24,2020-01-09,2020-12-29,10,73,2
48443,2021,Terrell,17,2021-01-21,2022-01-01,9,58,0
48443,2022,Terrell,19,2022-04-16,2022-12-30,13,89,0
48443,2023,Terrell,24,2023-01-01,2023-12-24,10,84,0
48443,2024,Terrell,25,2024-01-23,2024-12-31,8,86,0
48443,2025,Terrell,28,2025-01-29,2025-12-28,14,109,1
48445,2015,Terry,11,2015-01-28,2015-12-24,6,38,0
48445,2016,Terry,20,2016-02-19,2016-12-04,8,77,0
48445,2017,Terry,15,2017-01-11,2017-12-04,8,56,0
48445,2018,Terry,19,2018-02-15,2018-10-08,8,69,0
48445,2019,Terry,16,2019-01-07,2019-12-28,9,70,0
48445,2020,Terry,13,2020-03-03,2020-11-09,11,46,0
48445,2021,Terry,18,2021-01-20,2022-01-01,6,54,0
48445,2022,Terry,16,2022-04-20,2022-12-12,11,77,0
48445,2023,Terry,18,2023-01-01,2023-12-24,7,60,0
48445,2024,Terry,21,2024-01-24,2024-12-30,10,81,0
48445,2025,Terry,15,2025-02-03,2025-12-28,13,65,0
48447,2015,Throckmorton,8,2015-01-28,2015-12-24,5,25,8
48447,2016,Throckmorton,12,2016-01-29,2016-12-04,9,40,8
48447,2017,Throckmorton,18,2017-01-18,2017-12-04,5,52,19
48447,2018,Throckmorton,8,2018-03-23,2018-10-08,8,32,8
48447,2019,Throckmorton,14,2019-01-07,2019-12-06,5,35,16
48447,2020,Throckmorton,12,2020-01-02,2020-11-10,4,30,7
48447,2021,Throckmorton,11,2021-01-21,2021-12-31,8,33,8
48447,2022,Throckmorton,14,2022-01-31,2022-12-13,9,54,20
48447,2023,Throckmorton,22,2023-01-01,2023-12-24,6,65,2
48447,2024,Throckmorton,25,2024-01-30,2024-12-30,10,100,98
48447,2025,Throckmorton,15,2025-01-29,2025-12-28,10,64,64
48449,2015,Titus,17,2015-03-31,2015-12-26,11,77,0
48449,2016,Titus,17,2016-02-20,2016-12-29,9,66,2
48449,2017,Titus,19,2017-01-01,2017-12-20,12,69,3
48449,2018,Titus,14,2018-01-21,2018-12-27,10,59,1
48449,2019,Titus,11,2019-02-03,2019-12-29,7,41,9
48449,2020,Titus,14,2020-01-17,2020-11-10,7,41,0
48449,2021,Titus,14,2021-01-20,2022-01-01,7,45,0
48449,2022,Titus,12,2022-04-21,2023-01-03,15,61,1
48449,2023,Titus,20,2023-01-11,2023-12-24,8,69,0
48449,2024,Titus,20,2024-01-24,2024-12-30,8,75,0
48449,2025,Titus,19,2025-01-29,2025-12-28,8,71,2
48451,2015,Tom Green,15,2015-01-29,2015-12-13,7,44,0
48451,2016,Tom Green,16,2016-02-19,2017-01-03,11,74,0
48451,2017,Tom Green,18,2017-01-10,2017-12-05,8,71,0
48451,2018,Tom Green,14,2018-02-14,2018-10-08,9,69,0
48451,2019,Tom Green,16,2019-01-09,2019-12-28,10,59,0
48451,2020,Tom Green,17,2020-01-02,2020-11-10,10,58,0
48451,2021,Tom Green,15,2021-01-21,2022-01-01,6,48,0
48451,2022,Tom Green,16,2022-03-27,2022-12-13,21,87,0
48451,2023,Tom Green,21,2023-01-01,2023-12-24,14,90,0
48451,2024,Tom Green,27,2024-01-23,2024-12-25,9,82,0
48451,2025,Tom Green,17,2025-01-29,2025-12-28,7,51,0
48453,2015,Travis,6,2015-03-30,2015-09-08,4,18,0
48453,2016,Travis,10,2016-02-19,2016-12-28,6,38,0
48453,2017,Travis,15,2017-01-10,2017-12-04,6,41,0
48453,2018,Travis,10,2018-02-15,2018-10-08,7,28,0
48453,2019,Travis,11,2019-01-07,2019-10-04,8,50,0
48453,2020,Travis,15,2020-01-09,2020-12-29,7,50,0
48453,2021,Travis,14,2021-01-22,2021-12-31,8,44,0
48453,2022,Travis,11,2022-03-05,2022-12-13,9,39,0
48453,2023,Travis,18,2023-01-02,2023-12-24,14,81,0
48453,2024,Travis,20,2024-01-23,2024-12-25,7,67,0
48453,2025,Travis,15,2025-01-03,2025-12-28,8,56,0
48455,2015,Trinity,16,2015-03-18,2015-12-27,6,56,56
48455,2016,Trinity,20,2016-01-31,2016-12-28,13,84,84
48455,2017,Trinity,23,2017-01-01,2017-12-20,13,83,83
48455,2018,Trinity,14,2018-02-15,2018-12-01,9,63,63
48455,2019,Trinity,11,2019-01-07,2019-12-28,9,52,52
48455,2020,Trinity,16,2020-01-14,2020-12-30,9,65,65
48455,2021,Trinity,17,2021-01-20,2022-01-01,9,62,62
48455,2022,Trinity,15,2022-04-11,2022-12-13,13,75,75
48455,2023,Trinity,20,2023-01-01,2023-12-24,20,111,111
48455,2024,Trinity,21,2024-01-23,2024-12-26,12,94,94
48455,2025,Trinity,19,2025-01-29,2025-12-28,8,76,76
48457,2015,Tyler,17,2015-03-18,2015-12-27,8,58,0
48457,2016,Tyler,21,2016-01-31,2016-12-28,14,85,0
48457,2017,Tyler,22,2017-01-01,2017-12-20,12,82,0
48457,2018,Tyler,13,2018-02-15,2018-12-01,10,60,0
48457,2019,Tyler,16,2019-02-03,2019-11-30,6,52,0
48457,2020,Tyler,17,2020-01-14,2020-11-10,9,74,0
48457,2021,Tyler,19,2021-01-20,2022-01-01,9,66,0
48457,2022,Tyler,15,2022-04-16,2022-12-30,11,53,0
48457,2023,Tyler,21,2023-01-01,2023-12-24,21,103,0
48457,2024,Tyler,23,2024-01-23,2024-12-26,13,93,0
48457,2025,Tyler,19,2025-01-29,2025-12-28,8,70,0
48459,2015,Upshur,21,2015-03-17,2015-12-27,7,62,0
48459,2016,Upshur,28,2016-01-30,2016-12-28,7,95,0
48459,2017,Upshur,27,2017-01-01,2017-12-22,13,93,0
48459,2018,Upshur,26,2018-01-21,2018-12-27,9,88,0
48459,2019,Upshur,19,2019-01-07,2019-12-28,8,66,0
48459,2020,Upshur,24,2020-01-02,2020-12-30,8,71,0
48459,2021,Upshur,17,2021-01-19,2022-01-01,10,69,0
48459,2022,Upshur,17,2022-02-21,2023-01-03,14,82,0
48459,2023,Upshur,18,2023-01-10,2023-12-24,13,83,0
48459,2024,Upshur,23,2024-01-23,2024-12-30,7,94,0
48459,2025,Upshur,18,2025-01-29,2025-12-28,8,69,0
48461,2015,Upton,15,2015-01-29,2015-12-26,12,54,1
48461,2016,Upton,19,2016-02-18,2016-12-29,10,71,0
48461,2017,Upton,19,2017-01-01,2017-12-05,11,68,0
48461,2018,Upton,22,2018-01-10,2018-12-02,10,81,0
48461,2019,Upton,17,2019-01-10,2019-12-28,13,71,1
48461,2020,Upton,17,2020-01-09,2020-12-30,10,65,0
48461,2021,Upton,12,2021-01-22,2022-01-02,6,39,1
48461,2022,Upton,16,2022-03-05,2022-12-12,10,75,6
48461,2023,Upton,14,2023-01-01,2023-12-23,13,57,18
48461,2024,Upton,12,2024-02-26,2024-12-24,11,41,14
48461,2025,Upton,9,2025-02-04,2025-12-28,7,34,22
48463,2015,Uvalde,11,2015-01-29,2015-10-23,6,32,0
48463,2016,Uvalde,14,2016-02-18,2016-12-29,9,50,0
48463,2017,Uvalde,22,2017-01-11,2017-12-04,8,60,0
48463,2018,Uvalde,17,2018-01-26,2018-12-26,8,48,0
48463,2019,Uvalde,17,2019-01-07,2019-12-27,7,50,2
48463,2020,Uvalde,23,2020-01-09,2020-12-29,8,71,0
48463,2021,Uvalde,16,2021-01-22,2022-01-01,9,50,0
48463,2022,Uvalde,18,2022-02-21,2022-12-13,11,64,1
48463,2023,Uvalde,19,2023-01-02,2023-12-24,9,69,4
48463,2024,Uvalde,25,2024-01-23,2024-12-24,9,100,0
48463,2025,Uvalde,11,2025-02-04,2025-12-28,10,50,1
48465,2015,Val Verde,18,2015-01-29,2015-12-26,8,53,0
48465,2016,Val Verde,15,2016-01-06,2016-12-30,13,81,0
48465,2017,Val Verde,20,2017-01-01,2017-12-05,8,67,0
48465,2018,Val Verde,19,2018-02-15,2018-12-06,9,77,0
48465,2019,Val Verde,17,2019-01-07,2019-12-28,19,99,0
48465,2020,Val Verde,22,2020-01-09,2020-12-30,11,91,0
48465,2021,Val Verde,20,2021-01-22,2022-01-01,9,74,0
48465,2022,Val Verde,23,2022-02-21,2022-12-13,12,98,0
48465,2023,Val Verde,27,2023-01-01,2023-12-24,18,132,0
48465,2024,Val Verde,30,2024-01-23,2024-12-24,20,146,0
48465,2025,Val Verde,24,2025-01-04,2025-12-28,13,122,0
48467,2015,Van Zandt,13,2015-02-09,2015-12-13,5,38,0
48467,2016,Van Zandt,18,2016-02-20,2016-12-29,9,81,0
48467,2017,Van Zandt,21,2017-01-01,2017-12-22,7,73,0
48467,2018,Van Zandt,11,2018-03-24,2018-12-27,9,59,0
48467,2019,Van Zandt,14,2019-01-07,2019-12-29,7,43,0
48467,2020,Van Zandt,13,2020-01-15,2020-11-22,4,31,0
48467,2021,Van Zandt,11,2021-01-20,2022-01-01,9,43,0
48467,2022,Van Zandt,12,2022-04-12,2022-12-14,12,58,0
48467,2023,Van Zandt,17,2023-01-01,2023-12-24,13,72,0
48467,2024,Van Zandt,17,2024-01-24,2024-12-30,8,62,0
48467,2025,Van Zandt,11,2025-01-29,2025-12-28,8,42,16
48469,2015,Victoria,13,2015-03-19,2015-12-26,4,31,0
48469,2016,Victoria,17,2016-01-31,2016-12-28,9,56,0
48469,2017,Victoria,17,2017-01-01,2017-12-05,6,51,0
48469,2018,Victoria,13,2018-02-15,2018-12-01,8,41,0
48469,2019,Victoria,14,2019-02-02,2019-12-28,8,53,0
48469,2020,Victoria,18,2020-01-14,2020-11-14,6,60,0
48469,2021,Victoria,19,2021-01-05,2022-01-01,9,64,0
48469,2022,Victoria,16,2022-02-21,2022-12-13,9,53,0
48469,2023,Victoria,25,2023-01-01,2023-12-24,14,101,0
48469,2024,Victoria,21,2024-01-23,2024-12-26,9,77,0
48469,2025,Victoria,17,2025-01-03,2025-12-28,9,66,0
48471,2015,Walker,12,2015-03-18,2015-12-27,5,39,0
48471,2016,Walker,18,2016-01-31,2016-12-28,8,62,0
48471,2017,Walker,22,2017-01-01,2017-12-04,10,74,0
48471,2018,Walker,15,2018-02-15,2018-12-01,9,42,0
48471,2019,Walker,14,2019-01-07,2019-11-30,10,48,0
48471,2020,Walker,15,2020-01-14,2020-11-10,9,62,0
48471,2021,Walker,18,2021-01-20,2022-01-01,9,62,0
48471,2022,Walker,15,2022-04-21,2022-12-13,13,83,0
48471,2023,Walker,18,2023-01-01,2023-12-24,38,121,0
48471,2024,Walker,16,2024-01-23,2024-12-18,7,63,0
48471,2025,Walker,15,2025-02-04,2025-12-28,8,60,0
48473,2015,Waller,20,2015-03-18,2015-12-27,6,61,61
48473,2016,Waller,20,2016-01-31,2016-12-29,13,93,93
48473,2017,Waller,25,2017-01-01,2017-12-20,13,103,103
48473,2018,Waller,15,2018-02-15,2018-12-01,9,74,74
48473,2019,Waller,15,2019-01-07,2019-12-28,16,81,81
48473,2020,Waller,20,2020-01-14,2020-12-30,12,91,91
48473,2021,Waller,20,2021-01-19,2022-01-01,9,82,82
48473,2022,Waller,23,2022-02-21,2022-12-30,20,109,109
48473,2023,Waller,20,2023-01-01,2023-12-24,24,129,129
48473,2024,Waller,28,2024-01-23,2024-12-26,13,111,111
48473,2025,Waller,18,2025-01-03,2025-12-28,8,80,80
48475,2015,Ward,25,2015-01-28,2015-12-25,6,78,0
48475,2016,Ward,22,2016-01-06,2016-12-30,14,86,1
48475,2017,Ward,22,2017-01-01,2017-12-05,9,85,1
48475,2018,Ward,26,2018-01-09,2018-12-27,12,92,0
48475,2019,Ward,23,2019-01-06,2019-12-28,12,97,0
48475,2020,Ward,21,2020-01-21,2020-12-29,12,80,0
48475,2021,Ward,19,2021-01-19,2021-12-29,7,73,0
48475,2022,Ward,18,2022-03-26,2022-12-29,23,91,0
48475,2023,Ward,21,2023-01-01,2023-12-24,18,116,0
48475,2024,Ward,27,2024-01-23,2024-12-24,18,112,0
48475,2025,Ward,23,2025-01-03,2025-12-28,16,96,0
48477,2015,Washington,16,2015-03-18,2015-12-27,6,48,0
48477,2016,Washington,19,2016-01-31,2016-12-29,7,76,0
48477,2017,Washington,24,2017-01-01,2017-12-20,13,94,0
48477,2018,Washington,19,2018-01-27,2018-12-01,9,65,0
48477,2019,Washington,17,2019-01-07,2019-10-07,10,66,0
48477,2020,Washington,20,2020-01-14,2020-12-30,11,86,0
48477,2021,Washington,22,2021-01-20,2022-01-01,9,76,0
48477,2022,Washington,19,2022-02-21,2022-12-13,15,92,0
48477,2023,Washington,22,2023-01-01,2023-12-24,19,131,0
48477,2024,Washington,25,2024-01-23,2024-12-26,12,109,0
48477,2025,Washington,15,2025-01-30,2025-12-28,8,64,0
48479,2015,Webb,15,2015-04-23,2015-12-26,7,44,0
48479,2016,Webb,22,2016-02-17,2017-01-02,14,91,0
48479,2017,Webb,19,2017-01-10,2017-12-05,12,75,0
48479,2018,Webb,13,2018-01-27,2018-12-27,8,48,0
48479,2019,Webb,25,2019-01-07,2019-12-29,10,99,0
48479,2020,Webb,19,2020-01-14,2020-12-29,7,69,0
48479,2021,Webb,27,2021-01-23,2022-01-01,6,86,0
48479,2022,Webb,19,2022-02-21,2022-12-13,16,110,0
48479,2023,Webb,22,2023-01-01,2023-12-23,31,152,0
48479,2024,Webb,27,2024-02-09,2024-12-25,10,97,0
48479,2025,Webb,18,2025-01-04,2025-12-28,12,77,0
48481,2015,Wharton,11,2015-04-02,2015-12-27,5,27,0
48481,2016,Wharton,21,2016-02-21,2016-12-29,12,87,0
48481,2017,Wharton,23,2017-01-01,2017-12-05,12,86,0
48481,2018,Wharton,11,2018-02-16,2018-11-08,9,44,0
48481,2019,Wharton,18,2019-02-02,2019-12-29,10,74,0
48481,2020,Wharton,16,2020-01-14,2020-11-15,10,67,0
48481,2021,Wharton,17,2021-01-20,2022-01-01,9,67,0
48481,2022,Wharton,20,2022-03-29,2022-12-13,9,68,0
48481,2023,Wharton,24,2023-01-02,2023-12-24,12,107,0
48481,2024,Wharton,20,2024-02-09,2024-12-26,7,68,0
48481,2025,Wharton,15,2025-01-29,2025-12-28,12,63,0
48483,2015,Wheeler,10,2015-01-18,2015-12-13,6,30,6
48483,2016,Wheeler,13,2016-01-30,2016-11-08,8,40,1
48483,2017,Wheeler,11,2017-01-19,2017-12-04,8,47,1
48483,2018,Wheeler,14,2018-03-24,2018-12-27,8,52,13
48483,2019,Wheeler,20,2019-01-06,2019-12-28,7,69,69
48483,2020,Wheeler,19,2020-01-02,2020-12-29,7,64,64
48483,2021,Wheeler,18,2021-01-21,2021-12-31,8,62,62
48483,2022,Wheeler,17,2022-04-21,2022-12-13,12,87,87
48483,2023,Wheeler,24,2023-01-01,2023-12-24,10,96,96
48483,2024,Wheeler,28,2024-01-23,2024-12-30,15,131,131
48483,2025,Wheeler,19,2025-01-29,2025-12-28,15,78,78
48485,2015,Wichita,8,2015-01-28,2015-12-13,3,18,0
48485,2016,Wichita,9,2016-01-06,2016-12-26,8,32,0
48485,2017,Wichita,16,2017-01-10,2017-12-20,5,42,0
48485,2018,Wichita,9,2018-01-20,2018-10-08,5,28,0
48485,2019,Wichita,8,2019-02-01,2019-10-02,6,22,0
48485,2020,Wichita,11,2020-01-14,2020-11-20,3,23,0
48485,2021,Wichita,12,2021-01-23,2021-12-29,6,36,0
48485,2022,Wichita,19,2022-04-10,2022-12-29,9,62,0
48485,2023,Wichita,17,2023-01-01,2023-12-23,5,48,0
48485,2024,Wichita,24,2024-01-25,2024-12-25,6,66,0
48485,2025,Wichita,9,2025-01-29,2025-12-27,7,32,0
48487,2015,Wilbarger,14,2015-01-27,2015-12-24,5,42,42
48487,2016,Wilbarger,12,2016-01-30,2016-12-26,9,43,43
48487,2017,Wilbarger,17,2017-01-01,2017-12-20,8,66,66
48487,2018,Wilbarger,11,2018-02-15,2018-12-27,8,44,44
48487,2019,Wilbarger,19,2019-01-06,2019-12-28,9,61,61
48487,2020,Wilbarger,18,2020-01-02,2020-12-29,4,48,48
48487,2021,Wilbarger,15,2021-01-19,2021-12-31,8,54,54
48487,2022,Wilbarger,16,2022-04-11,2022-12-13,9,65,65
48487,2023,Wilbarger,22,2023-01-01,2023-12-24,9,81,81
48487,2024,Wilbarger,26,2024-01-23,2024-12-30,8,97,97
48487,2025,Wilbarger,13,2025-01-29,2025-12-28,10,58,58
48489,2015,Willacy,18,2015-01-30,2015-12-26,8,53,1
48489,2016,Willacy,18,2016-02-20,2016-12-03,14,79,0
48489,2017,Willacy,14,2017-01-12,2017-09-28,7,51,1
48489,2018,Willacy,4,2018-02-19,2018-09-21,3,9,9
48489,2019,Willacy,9,2019-02-04,2019-10-02,7,29,29
48489,2020,Willacy,8,2020-01-14,2020-12-30,5,23,19
48489,2021,Willacy,20,2021-01-24,2022-01-01,8,67,1
48489,2022,Willacy,16,2022-02-22,2022-12-14,11,55,0
48489,2023,Willacy,28,2023-01-02,2023-12-24,17,119,0
48489,2024,Willacy,20,2024-02-10,2024-12-26,8,75,0
48489,2025,Willacy,17,2025-04-03,2025-12-28,11,65,0
48491,2015,Williamson,18,2015-01-30,2015-12-13,7,56,0
48491,2016,Williamson,18,2016-02-19,2016-12-29,10,72,0
48491,2017,Williamson,24,2017-01-01,2017-12-20,8,85,0
48491,2018,Williamson,21,2018-01-27,2018-12-27,9,77,0
48491,2019,Williamson,16,2019-01-07,2019-10-06,17,77,0
48491,2020,Williamson,16,2020-01-09,2020-11-21,11,61,0
48491,2021,Williamson,18,2021-01-20,2021-12-31,9,68,0
48491,2022,Williamson,13,2022-04-21,2022-12-13,22,78,0
48491,2023,Williamson,22,2023-01-01,2023-12-24,21,121,0
48491,2024,Williamson,23,2024-01-23,2024-12-25,9,97,0
48491,2025,Williamson,20,2025-01-03,2025-12-28,8,75,0
48493,2015,Wilson,7,2015-04-11,2015-12-26,7,23,2
48493,2016,Wilson,9,2016-02-19,2016-12-29,9,39,1
48493,2017,Wilson,20,2017-01-01,2017-12-05,7,53,0
48493,2018,Wilson,5,2018-03-16,2018-10-09,9,24,4
48493,2019,Wilson,17,2019-01-07,2019-12-28,7,51,30
48493,2020,Wilson,10,2020-01-14,2020-09-03,7,40,40
48493,2021,Wilson,12,2021-01-21,2022-01-01,9,42,42
48493,2022,Wilson,12,2022-04-12,2022-12-13,9,48,48
48493,2023,Wilson,20,2023-01-02,2023-12-24,13,85,85
48493,2024,Wilson,18,2024-01-23,2024-12-25,7,66,66
48493,2025,Wilson,14,2025-01-03,2025-12-28,8,54,54
48495,2015,Winkler,9,2015-01-28,2015-12-13,7,29,0
48495,2016,Winkler,8,2016-02-20,2016-12-30,11,31,0
48495,2017,Winkler,12,2017-01-13,2017-12-05,8,46,0
48495,2018,Winkler,8,2018-01-09,2018-10-08,8,27,0
48495,2019,Winkler,16,2019-01-10,2019-12-28,6,47,0
48495,2020,Winkler,5,2020-03-12,2020-11-09,4,14,0
48495,2021,Winkler,12,2021-01-21,2021-12-29,6,36,2
48495,2022,Winkler,17,2022-03-28,2022-12-14,23,71,0
48495,2023,Winkler,19,2023-01-15,2023-12-24,19,106,14
48495,2024,Winkler,22,2024-01-23,2024-12-07,21,97,1
48495,2025,Winkler,13,2025-03-06,2025-12-28,14,63,44
48497,2015,Wise,13,2015-01-28,2015-12-24,7,44,0
48497,2016,Wise,17,2016-02-19,2016-12-26,9,71,0
48497,2017,Wise,20,2017-01-11,2017-12-21,8,66,0
48497,2018,Wise,15,2018-02-19,2018-10-09,10,77,0
48497,2019,Wise,16,2019-01-07,2019-12-28,16,68,0
48497,2020,Wise,14,2020-01-14,2020-12-11,9,53,0
48497,2021,Wise,21,2021-01-06,2021-12-31,9,74,0
48497,2022,Wise,18,2022-02-15,2022-12-29,24,89,0
48497,2023,Wise,23,2023-01-01,2023-12-23,10,94,0
48497,2024,Wise,27,2024-01-24,2024-12-30,10,107,0
48497,2025,Wise,16,2025-01-28,2025-12-27,8,53,1
48499,2015,Wood,9,2015-04-02,2015-12-27,7,34,0
48499,2016,Wood,19,2016-01-08,2016-12-29,9,75,0
48499,2017,Wood,24,2017-01-01,2017-12-20,12,84,0
48499,2018,Wood,15,2018-02-19,2018-12-27,10,72,0
48499,2019,Wood,20,2019-01-07,2019-12-29,9,73,0
48499,2020,Wood,19,2020-01-15,2020-11-22,5,55,0
48499,2021,Wood,13,2021-01-21,2022-01-01,9,47,0
48499,2022,Wood,20,2022-02-21,2023-01-03,13,83,0
48499,2023,Wood,18,2023-01-11,2023-12-24,13,76,0
48499,2024,Wood,26,2024-01-24,2024-12-30,9,92,0
48499,2025,Wood,15,2025-01-29,2025-12-28,8,58,0
48501,2015,Yoakum,18,2015-01-27,2015-12-24,5,54,0
48501,2016,Yoakum,16,2016-01-07,2016-12-04,12,71,0
48501,2017,Yoakum,17,2017-01-10,2017-12-04,8,66,0
48501,2018,Yoakum,18,2018-02-15,2018-12-18,10,73,0
48501,2019,Yoakum,17,2019-01-10,2019-12-28,17,75,0
48501,2020,Yoakum,16,2020-03-11,2020-11-24,8,55,0
48501,2021,Yoakum,18,2021-01-19,2021-12-29,7,60,0
48501,2022,Yoakum,19,2022-03-28,2023-01-02,19,88,0
48501,2023,Yoakum,21,2023-01-16,2023-12-24,22,109,0
48501,2024,Yoakum,26,2024-01-23,2024-12-30,21,114,0
48501,2025,Yoakum,18,2025-02-03,2025-12-28,17,102,0
48503,2015,Young,16,2015-02-10,2015-12-13,6,43,2
48503,2016,Young,27,2016-01-06,2016-12-26,8,82,0
48503,2017,Young,24,2017-01-10,2017-12-21,8,79,2
48503,2018,Young,16,2018-01-20,2018-12-26,8,59,0
48503,2019,Young,16,2019-01-06,2019-12-28,9,53,0
48503,2020,Young,16,2020-01-01,2020-12-29,8,43,0
48503,2021,Young,14,2021-01-19,2021-12-29,6,42,19
48503,2022,Young,26,2022-01-31,2022-12-29,19,97,0
48503,2023,Young,27,2023-01-01,2023-12-24,10,95,0
48503,2024,Young,29,2024-01-23,2024-12-26,10,102,1
48503,2025,Young,18,2025-01-28,2025-12-27,6,59,0
48505,2015,Zapata,7,2015-01-30,2015-12-22,4,16,0
48505,2016,Zapata,10,2016-02-19,2016-12-29,13,45,1
48505,2017,Zapata,11,2017-01-01,2017-11-05,7,34,3
48505,2018,Zapata,2,2018-02-19,2018-10-08,3,5,5
48505,2019,Zapata,2,2019-02-04,2019-10-02,4,7,7
48505,2020,Zapata,4,2020-01-14,2020-09-02,4,11,11
48505,2021,Zapata,8,2021-01-24,2022-01-01,5,21,21
48505,2022,Zapata,3,2022-04-22,2022-12-13,8,14,14
48505,2023,Zapata,9,2023-02-21,2023-12-23,8,33,33
48505,2024,Zapata,6,2024-03-14,2024-12-17,7,21,21
48505,2025,Zapata,4,2025-02-05,2025-12-28,6,16,16
48507,2016,Zavala,3,2016-02-20,2016-12-28,7,14,14
48507,2017,Zavala,2,2017-01-12,2017-11-05,5,7,7
48507,2018,Zavala,2,2018-02-19,2018-10-07,3,5,5
48507,2019,Zavala,4,2019-02-05,2019-12-28,4,10,10
48507,2020,Zavala,5,2020-01-14,2020-09-02,3,13,13
48507,2021,Zavala,6,2021-01-23,2022-01-01,5,17,17
48507,2022,Zavala,7,2022-04-21,2022-12-13,9,26,26
48507,2023,Zavala,6,2023-02-22,2023-12-23,8,23,23
48507,2024,Zavala,9,2024-02-09,2024-12-17,7,29,29
48507,2025,Zavala,6,2025-02-04,2025-12-28,6,23,23
