sample,state,variable,county_fips,county_name,period,county_period_value_f,annual_observations_used,first_year_used,last_year_used,mean_contributing_stations,county_period_statistic
consistent_county,AL,Tavg,01003,Baldwin,1980-1989,66.575,10,1980,1989,2.952,mean
consistent_county,AL,Tavg,01003,Baldwin,1990-1999,66.763,10,1990,1999,2.925,mean
consistent_county,AL,Tavg,01003,Baldwin,2000-2009,67.594,10,2000,2009,3.956,mean
consistent_county,AL,Tavg,01003,Baldwin,2010-2019,67.841,10,2010,2019,4.923,mean
consistent_county,AL,Tavg,01003,Baldwin,2020-2025,68.817,6,2020,2025,3.947,mean
consistent_county,AL,Tavg,01005,Barbour,1980-1989,64.223,10,1980,1989,1.852,mean
consistent_county,AL,Tavg,01005,Barbour,1990-1999,64.272,10,1990,1999,1.94,mean
consistent_county,AL,Tavg,01005,Barbour,2000-2009,64.59,10,2000,2009,1.728,mean
consistent_county,AL,Tavg,01005,Barbour,2010-2019,66.71,10,2010,2019,2.607,mean
consistent_county,AL,Tavg,01005,Barbour,2020-2025,66.804,6,2020,2025,1.813,mean
consistent_county,AL,Tavg,01007,Bibb,1980-1989,62.855,10,1980,1989,1.0,mean
consistent_county,AL,Tavg,01007,Bibb,1990-1999,62.978,9,1990,1999,1.103,mean
consistent_county,AL,Tavg,01007,Bibb,2000-2009,63.266,10,2000,2009,1.896,mean
consistent_county,AL,Tavg,01007,Bibb,2010-2019,64.367,10,2010,2019,1.359,mean
consistent_county,AL,Tavg,01007,Bibb,2020-2025,65.858,6,2020,2025,1.0,mean
consistent_county,AL,Tavg,01015,Calhoun,1980-1989,62.133,10,1980,1989,1.0,mean
consistent_county,AL,Tavg,01015,Calhoun,1990-1999,62.91,10,1990,1999,1.0,mean
consistent_county,AL,Tavg,01015,Calhoun,2000-2009,62.86,10,2000,2009,1.0,mean
consistent_county,AL,Tavg,01015,Calhoun,2010-2019,63.58,10,2010,2019,1.0,mean
consistent_county,AL,Tavg,01015,Calhoun,2020-2025,63.906,6,2020,2025,1.0,mean
consistent_county,AL,Tavg,01021,Chilton,1980-1989,62.283,8,1980,1987,1.798,mean
consistent_county,AL,Tavg,01021,Chilton,1990-1999,62.522,10,1990,1999,1.944,mean
consistent_county,AL,Tavg,01021,Chilton,2000-2009,62.864,10,2000,2009,2.566,mean
consistent_county,AL,Tavg,01021,Chilton,2010-2019,63.587,10,2010,2019,2.45,mean
consistent_county,AL,Tavg,01021,Chilton,2020-2025,64.322,6,2020,2025,2.777,mean
consistent_county,AL,Tavg,01025,Clarke,1980-1989,64.534,10,1980,1989,2.577,mean
consistent_county,AL,Tavg,01025,Clarke,1990-1999,65.256,10,1990,1999,2.938,mean
consistent_county,AL,Tavg,01025,Clarke,2000-2009,65.099,10,2000,2009,2.814,mean
consistent_county,AL,Tavg,01025,Clarke,2010-2019,65.148,10,2010,2019,2.28,mean
consistent_county,AL,Tavg,01025,Clarke,2020-2025,65.78,6,2020,2025,1.931,mean
consistent_county,AL,Tavg,01041,Crenshaw,1980-1989,63.631,8,1980,1989,1.242,mean
consistent_county,AL,Tavg,01041,Crenshaw,1990-1999,64.472,8,1990,1999,1.0,mean
consistent_county,AL,Tavg,01041,Crenshaw,2000-2009,63.057,9,2000,2009,1.103,mean
consistent_county,AL,Tavg,01041,Crenshaw,2010-2019,65.274,10,2010,2019,1.741,mean
consistent_county,AL,Tavg,01041,Crenshaw,2020-2025,66.393,6,2020,2025,1.834,mean
consistent_county,AL,Tavg,01043,Cullman,1980-1989,59.48,10,1980,1989,1.0,mean
consistent_county,AL,Tavg,01043,Cullman,1990-1999,60.13,10,1990,1999,1.488,mean
consistent_county,AL,Tavg,01043,Cullman,2000-2009,61.099,10,2000,2009,3.125,mean
consistent_county,AL,Tavg,01043,Cullman,2010-2019,60.626,10,2010,2019,4.507,mean
consistent_county,AL,Tavg,01043,Cullman,2020-2025,61.602,6,2020,2025,5.201,mean
consistent_county,AL,Tavg,01045,Dale,1980-1989,66.586,10,1980,1989,1.589,mean
consistent_county,AL,Tavg,01045,Dale,1990-1999,67.834,10,1990,1999,1.0,mean
consistent_county,AL,Tavg,01045,Dale,2000-2009,67.172,10,2000,2009,1.202,mean
consistent_county,AL,Tavg,01045,Dale,2010-2019,67.756,10,2010,2019,1.812,mean
consistent_county,AL,Tavg,01045,Dale,2020-2025,68.782,6,2020,2025,1.469,mean
consistent_county,AL,Tavg,01047,Dallas,1980-1989,63.922,10,1980,1989,1.924,mean
consistent_county,AL,Tavg,01047,Dallas,1990-1999,64.263,10,1990,1999,1.976,mean
consistent_county,AL,Tavg,01047,Dallas,2000-2009,64.272,10,2000,2009,2.717,mean
consistent_county,AL,Tavg,01047,Dallas,2010-2019,64.872,10,2010,2019,3.908,mean
consistent_county,AL,Tavg,01047,Dallas,2020-2025,65.522,6,2020,2025,3.917,mean
consistent_county,AL,Tavg,01049,DeKalb,1980-1989,57.471,10,1980,1989,1.981,mean
consistent_county,AL,Tavg,01049,DeKalb,1990-1999,58.761,10,1990,1999,2.264,mean
consistent_county,AL,Tavg,01049,DeKalb,2000-2009,59.402,10,2000,2009,4.416,mean
consistent_county,AL,Tavg,01049,DeKalb,2010-2019,60.179,10,2010,2019,5.322,mean
consistent_county,AL,Tavg,01049,DeKalb,2020-2025,60.398,6,2020,2025,5.738,mean
consistent_county,AL,Tavg,01053,Escambia,1980-1989,65.049,10,1980,1989,2.787,mean
consistent_county,AL,Tavg,01053,Escambia,1990-1999,65.23,10,1990,1999,2.942,mean
consistent_county,AL,Tavg,01053,Escambia,2000-2009,65.85,10,2000,2009,3.086,mean
consistent_county,AL,Tavg,01053,Escambia,2010-2019,66.266,10,2010,2019,3.454,mean
consistent_county,AL,Tavg,01053,Escambia,2020-2025,66.998,6,2020,2025,2.991,mean
consistent_county,AL,Tavg,01061,Geneva,1980-1989,65.703,10,1980,1989,1.0,mean
consistent_county,AL,Tavg,01061,Geneva,1990-1999,64.948,10,1990,1999,1.0,mean
consistent_county,AL,Tavg,01061,Geneva,2000-2009,65.692,9,2000,2008,1.0,mean
consistent_county,AL,Tavg,01061,Geneva,2010-2019,65.801,10,2010,2019,1.0,mean
consistent_county,AL,Tavg,01061,Geneva,2020-2025,66.011,6,2020,2025,1.0,mean
consistent_county,AL,Tavg,01063,Greene,1980-1989,62.897,9,1980,1989,1.0,mean
consistent_county,AL,Tavg,01063,Greene,1990-1999,63.607,10,1990,1999,1.0,mean
consistent_county,AL,Tavg,01063,Greene,2000-2009,63.796,8,2000,2009,1.3,mean
consistent_county,AL,Tavg,01063,Greene,2010-2019,64.174,10,2010,2019,1.965,mean
consistent_county,AL,Tavg,01063,Greene,2020-2025,64.768,6,2020,2025,1.871,mean
consistent_county,AL,Tavg,01071,Jackson,1980-1989,59.056,9,1980,1989,1.545,mean
consistent_county,AL,Tavg,01071,Jackson,1990-1999,59.57,10,1990,1999,1.97,mean
consistent_county,AL,Tavg,01071,Jackson,2000-2009,60.102,10,2000,2009,2.254,mean
consistent_county,AL,Tavg,01071,Jackson,2010-2019,60.615,10,2010,2019,2.82,mean
consistent_county,AL,Tavg,01071,Jackson,2020-2025,61.12,6,2020,2025,2.341,mean
consistent_county,AL,Tavg,01073,Jefferson,1980-1989,61.815,10,1980,1989,3.978,mean
consistent_county,AL,Tavg,01073,Jefferson,1990-1999,62.466,10,1990,1999,2.994,mean
consistent_county,AL,Tavg,01073,Jefferson,2000-2009,63.095,10,2000,2009,2.971,mean
consistent_county,AL,Tavg,01073,Jefferson,2010-2019,63.895,10,2010,2019,2.486,mean
consistent_county,AL,Tavg,01073,Jefferson,2020-2025,64.954,6,2020,2025,1.992,mean
consistent_county,AL,Tavg,01079,Lawrence,1980-1989,61.08,10,1980,1989,1.0,mean
consistent_county,AL,Tavg,01079,Lawrence,1990-1999,61.945,10,1990,1999,1.0,mean
consistent_county,AL,Tavg,01079,Lawrence,2000-2009,61.281,9,2000,2009,1.304,mean
consistent_county,AL,Tavg,01079,Lawrence,2010-2019,60.844,10,2010,2019,1.996,mean
consistent_county,AL,Tavg,01079,Lawrence,2020-2025,61.566,6,2020,2025,1.98,mean
consistent_county,AL,Tavg,01081,Lee,1980-1989,62.497,10,1980,1989,1.962,mean
consistent_county,AL,Tavg,01081,Lee,1990-1999,63.574,9,1990,1999,1.771,mean
consistent_county,AL,Tavg,01081,Lee,2000-2009,62.888,10,2000,2009,1.838,mean
consistent_county,AL,Tavg,01081,Lee,2010-2019,63.745,10,2010,2019,2.705,mean
consistent_county,AL,Tavg,01081,Lee,2020-2025,64.063,6,2020,2025,2.747,mean
consistent_county,AL,Tavg,01083,Limestone,1980-1989,59.815,10,1980,1989,1.814,mean
consistent_county,AL,Tavg,01083,Limestone,1990-1999,60.14,10,1990,1999,2.279,mean
consistent_county,AL,Tavg,01083,Limestone,2000-2009,60.912,10,2000,2009,2.925,mean
consistent_county,AL,Tavg,01083,Limestone,2010-2019,61.485,10,2010,2019,2.978,mean
consistent_county,AL,Tavg,01083,Limestone,2020-2025,62.008,6,2020,2025,2.966,mean
consistent_county,AL,Tavg,01089,Madison,1980-1989,60.343,10,1980,1989,1.0,mean
consistent_county,AL,Tavg,01089,Madison,1990-1999,61.339,10,1990,1999,1.0,mean
consistent_county,AL,Tavg,01089,Madison,2000-2009,61.303,10,2000,2009,1.53,mean
consistent_county,AL,Tavg,01089,Madison,2010-2019,61.735,10,2010,2019,2.519,mean
consistent_county,AL,Tavg,01089,Madison,2020-2025,61.534,6,2020,2025,2.628,mean
consistent_county,AL,Tavg,01093,Marion,1980-1989,59.349,10,1980,1989,1.995,mean
consistent_county,AL,Tavg,01093,Marion,1990-1999,60.344,10,1990,1999,1.945,mean
consistent_county,AL,Tavg,01093,Marion,2000-2009,61.084,10,2000,2009,2.034,mean
consistent_county,AL,Tavg,01093,Marion,2010-2019,61.359,10,2010,2019,1.958,mean
consistent_county,AL,Tavg,01093,Marion,2020-2025,62.564,6,2020,2025,1.705,mean
consistent_county,AL,Tavg,01097,Mobile,1980-1989,67.449,10,1980,1989,2.468,mean
consistent_county,AL,Tavg,01097,Mobile,1990-1999,67.529,10,1990,1999,3.281,mean
consistent_county,AL,Tavg,01097,Mobile,2000-2009,67.8,10,2000,2009,3.974,mean
consistent_county,AL,Tavg,01097,Mobile,2010-2019,68.693,10,2010,2019,3.406,mean
consistent_county,AL,Tavg,01097,Mobile,2020-2025,70.068,6,2020,2025,2.874,mean
consistent_county,AL,Tavg,01101,Montgomery,1980-1989,65.126,10,1980,1989,1.0,mean
consistent_county,AL,Tavg,01101,Montgomery,1990-1999,65.372,10,1990,1999,1.157,mean
consistent_county,AL,Tavg,01101,Montgomery,2000-2009,65.312,10,2000,2009,1.936,mean
consistent_county,AL,Tavg,01101,Montgomery,2010-2019,67.022,10,2010,2019,2.144,mean
consistent_county,AL,Tavg,01101,Montgomery,2020-2025,66.631,6,2020,2025,3.138,mean
consistent_county,AL,Tavg,01109,Pike,1980-1989,64.43,9,1980,1989,1.0,mean
consistent_county,AL,Tavg,01109,Pike,1990-1999,64.89,10,1990,1999,1.0,mean
consistent_county,AL,Tavg,01109,Pike,2000-2009,64.948,9,2001,2009,2.151,mean
consistent_county,AL,Tavg,01109,Pike,2010-2019,65.471,10,2010,2019,2.887,mean
consistent_county,AL,Tavg,01109,Pike,2020-2025,66.771,6,2020,2025,2.894,mean
consistent_county,AL,Tavg,01121,Talladega,1980-1989,62.333,10,1980,1989,2.689,mean
consistent_county,AL,Tavg,01121,Talladega,1990-1999,62.357,10,1990,1999,3.081,mean
consistent_county,AL,Tavg,01121,Talladega,2000-2009,62.521,10,2000,2009,4.013,mean
consistent_county,AL,Tavg,01121,Talladega,2010-2019,63.22,10,2010,2019,4.946,mean
consistent_county,AL,Tavg,01121,Talladega,2020-2025,63.578,6,2020,2025,4.899,mean
consistent_county,AL,Tavg,01125,Tuscaloosa,1980-1989,62.799,10,1980,1989,2.721,mean
consistent_county,AL,Tavg,01125,Tuscaloosa,1990-1999,63.407,10,1990,1999,2.033,mean
consistent_county,AL,Tavg,01125,Tuscaloosa,2000-2009,64.327,10,2000,2009,2.973,mean
consistent_county,AL,Tavg,01125,Tuscaloosa,2010-2019,65.065,10,2010,2019,3.933,mean
consistent_county,AL,Tavg,01125,Tuscaloosa,2020-2025,65.179,6,2020,2025,3.89,mean
consistent_county,AL,Tmax,01003,Baldwin,1980-1989,77.123,10,1980,1989,2.952,mean
consistent_county,AL,Tmax,01003,Baldwin,1990-1999,77.183,10,1990,1999,2.925,mean
consistent_county,AL,Tmax,01003,Baldwin,2000-2009,78.008,10,2000,2009,3.956,mean
consistent_county,AL,Tmax,01003,Baldwin,2010-2019,78.068,10,2010,2019,4.923,mean
consistent_county,AL,Tmax,01003,Baldwin,2020-2025,78.481,6,2020,2025,3.947,mean
consistent_county,AL,Tmax,01005,Barbour,1980-1989,76.064,10,1980,1989,1.849,mean
consistent_county,AL,Tmax,01005,Barbour,1990-1999,76.104,10,1990,1999,1.936,mean
consistent_county,AL,Tmax,01005,Barbour,2000-2009,77.184,10,2000,2009,1.724,mean
consistent_county,AL,Tmax,01005,Barbour,2010-2019,79.254,10,2010,2019,2.607,mean
consistent_county,AL,Tmax,01005,Barbour,2020-2025,78.159,6,2020,2025,1.813,mean
consistent_county,AL,Tmax,01007,Bibb,1980-1989,73.897,10,1980,1989,1.0,mean
consistent_county,AL,Tmax,01007,Bibb,1990-1999,74.667,9,1990,1999,1.102,mean
consistent_county,AL,Tmax,01007,Bibb,2000-2009,75.926,10,2000,2009,1.895,mean
consistent_county,AL,Tmax,01007,Bibb,2010-2019,76.561,10,2010,2019,1.359,mean
consistent_county,AL,Tmax,01007,Bibb,2020-2025,77.798,6,2020,2025,1.0,mean
consistent_county,AL,Tmax,01015,Calhoun,1980-1989,73.064,10,1980,1989,1.0,mean
consistent_county,AL,Tmax,01015,Calhoun,1990-1999,73.691,10,1990,1999,1.0,mean
consistent_county,AL,Tmax,01015,Calhoun,2000-2009,74.146,10,2000,2009,1.0,mean
consistent_county,AL,Tmax,01015,Calhoun,2010-2019,74.779,10,2010,2019,1.0,mean
consistent_county,AL,Tmax,01015,Calhoun,2020-2025,75.117,6,2020,2025,1.0,mean
consistent_county,AL,Tmax,01021,Chilton,1980-1989,74.247,10,1980,1989,1.638,mean
consistent_county,AL,Tmax,01021,Chilton,1990-1999,74.148,10,1990,1999,1.944,mean
consistent_county,AL,Tmax,01021,Chilton,2000-2009,74.102,10,2000,2009,2.566,mean
consistent_county,AL,Tmax,01021,Chilton,2010-2019,74.931,10,2010,2019,2.45,mean
consistent_county,AL,Tmax,01021,Chilton,2020-2025,75.657,6,2020,2025,2.777,mean
consistent_county,AL,Tmax,01025,Clarke,1980-1989,77.015,10,1980,1989,2.576,mean
consistent_county,AL,Tmax,01025,Clarke,1990-1999,77.021,10,1990,1999,2.938,mean
consistent_county,AL,Tmax,01025,Clarke,2000-2009,76.87,10,2000,2009,2.814,mean
consistent_county,AL,Tmax,01025,Clarke,2010-2019,76.615,10,2010,2019,2.279,mean
consistent_county,AL,Tmax,01025,Clarke,2020-2025,77.066,6,2020,2025,1.931,mean
consistent_county,AL,Tmax,01035,Conecuh,1980-1989,76.422,10,1980,1989,1.0,mean
consistent_county,AL,Tmax,01035,Conecuh,1990-1999,75.71,10,1990,1999,1.251,mean
consistent_county,AL,Tmax,01035,Conecuh,2000-2009,77.193,10,2000,2009,1.991,mean
consistent_county,AL,Tmax,01035,Conecuh,2010-2019,78.372,10,2010,2019,1.805,mean
consistent_county,AL,Tmax,01035,Conecuh,2020-2025,80.07,6,2020,2025,1.0,mean
consistent_county,AL,Tmax,01041,Crenshaw,1980-1989,75.85,8,1980,1989,1.242,mean
consistent_county,AL,Tmax,01041,Crenshaw,1990-1999,75.3,9,1990,1999,1.0,mean
consistent_county,AL,Tmax,01041,Crenshaw,2000-2009,75.546,10,2000,2009,1.092,mean
consistent_county,AL,Tmax,01041,Crenshaw,2010-2019,75.961,10,2010,2019,1.741,mean
consistent_county,AL,Tmax,01041,Crenshaw,2020-2025,76.961,6,2020,2025,1.834,mean
consistent_county,AL,Tmax,01043,Cullman,1980-1989,72.486,10,1980,1989,1.0,mean
consistent_county,AL,Tmax,01043,Cullman,1990-1999,72.812,10,1990,1999,1.486,mean
consistent_county,AL,Tmax,01043,Cullman,2000-2009,72.793,10,2000,2009,3.124,mean
consistent_county,AL,Tmax,01043,Cullman,2010-2019,71.806,10,2010,2019,4.507,mean
consistent_county,AL,Tmax,01043,Cullman,2020-2025,72.297,6,2020,2025,5.201,mean
consistent_county,AL,Tmax,01045,Dale,1980-1989,77.111,10,1980,1989,1.589,mean
consistent_county,AL,Tmax,01045,Dale,1990-1999,77.98,10,1990,1999,1.0,mean
consistent_county,AL,Tmax,01045,Dale,2000-2009,77.876,10,2000,2009,1.202,mean
consistent_county,AL,Tmax,01045,Dale,2010-2019,78.886,10,2010,2019,1.812,mean
consistent_county,AL,Tmax,01045,Dale,2020-2025,79.488,6,2020,2025,1.469,mean
consistent_county,AL,Tmax,01047,Dallas,1980-1989,75.574,10,1980,1989,1.923,mean
consistent_county,AL,Tmax,01047,Dallas,1990-1999,75.565,10,1990,1999,1.976,mean
consistent_county,AL,Tmax,01047,Dallas,2000-2009,75.774,10,2000,2009,2.717,mean
consistent_county,AL,Tmax,01047,Dallas,2010-2019,76.511,10,2010,2019,3.908,mean
consistent_county,AL,Tmax,01047,Dallas,2020-2025,77.289,6,2020,2025,3.917,mean
consistent_county,AL,Tmax,01049,DeKalb,1980-1989,69.617,10,1980,1989,1.981,mean
consistent_county,AL,Tmax,01049,DeKalb,1990-1999,70.014,10,1990,1999,2.264,mean
consistent_county,AL,Tmax,01049,DeKalb,2000-2009,70.671,10,2000,2009,4.416,mean
consistent_county,AL,Tmax,01049,DeKalb,2010-2019,71.034,10,2010,2019,5.322,mean
consistent_county,AL,Tmax,01049,DeKalb,2020-2025,71.376,6,2020,2025,5.738,mean
consistent_county,AL,Tmax,01053,Escambia,1980-1989,77.725,10,1980,1989,2.787,mean
consistent_county,AL,Tmax,01053,Escambia,1990-1999,77.646,10,1990,1999,2.942,mean
consistent_county,AL,Tmax,01053,Escambia,2000-2009,77.908,10,2000,2009,3.086,mean
consistent_county,AL,Tmax,01053,Escambia,2010-2019,77.686,10,2010,2019,3.454,mean
consistent_county,AL,Tmax,01053,Escambia,2020-2025,78.094,6,2020,2025,2.991,mean
consistent_county,AL,Tmax,01057,Fayette,1980-1989,73.504,10,1980,1989,1.49,mean
consistent_county,AL,Tmax,01057,Fayette,1990-1999,73.828,10,1990,1999,1.989,mean
consistent_county,AL,Tmax,01057,Fayette,2000-2009,73.588,10,2000,2009,1.862,mean
consistent_county,AL,Tmax,01057,Fayette,2010-2019,72.796,9,2010,2019,1.177,mean
consistent_county,AL,Tmax,01057,Fayette,2020-2025,74.442,6,2020,2025,1.268,mean
consistent_county,AL,Tmax,01061,Geneva,1980-1989,77.586,10,1980,1989,1.0,mean
consistent_county,AL,Tmax,01061,Geneva,1990-1999,76.171,10,1990,1999,1.0,mean
consistent_county,AL,Tmax,01061,Geneva,2000-2009,78.371,9,2000,2008,1.0,mean
consistent_county,AL,Tmax,01061,Geneva,2010-2019,78.39,10,2010,2019,1.0,mean
consistent_county,AL,Tmax,01061,Geneva,2020-2025,78.57,6,2020,2025,1.0,mean
consistent_county,AL,Tmax,01063,Greene,1980-1989,74.702,10,1980,1989,1.0,mean
consistent_county,AL,Tmax,01063,Greene,1990-1999,74.655,10,1990,1999,1.0,mean
consistent_county,AL,Tmax,01063,Greene,2000-2009,75.085,10,2000,2009,1.239,mean
consistent_county,AL,Tmax,01063,Greene,2010-2019,75.478,10,2010,2019,1.965,mean
consistent_county,AL,Tmax,01063,Greene,2020-2025,75.732,6,2020,2025,1.87,mean
consistent_county,AL,Tmax,01071,Jackson,1980-1989,71.897,10,1980,1989,1.517,mean
consistent_county,AL,Tmax,01071,Jackson,1990-1999,71.456,10,1990,1999,1.97,mean
consistent_county,AL,Tmax,01071,Jackson,2000-2009,72.081,10,2000,2009,2.253,mean
consistent_county,AL,Tmax,01071,Jackson,2010-2019,72.255,10,2010,2019,2.82,mean
consistent_county,AL,Tmax,01071,Jackson,2020-2025,72.827,6,2020,2025,2.341,mean
consistent_county,AL,Tmax,01073,Jefferson,1980-1989,73.593,10,1980,1989,3.978,mean
consistent_county,AL,Tmax,01073,Jefferson,1990-1999,74.936,10,1990,1999,2.994,mean
consistent_county,AL,Tmax,01073,Jefferson,2000-2009,74.689,10,2000,2009,2.971,mean
consistent_county,AL,Tmax,01073,Jefferson,2010-2019,74.854,10,2010,2019,2.486,mean
consistent_county,AL,Tmax,01073,Jefferson,2020-2025,75.86,6,2020,2025,1.992,mean
consistent_county,AL,Tmax,01079,Lawrence,1980-1989,72.429,10,1980,1989,1.0,mean
consistent_county,AL,Tmax,01079,Lawrence,1990-1999,73.075,10,1990,1999,1.0,mean
consistent_county,AL,Tmax,01079,Lawrence,2000-2009,72.515,9,2000,2009,1.304,mean
consistent_county,AL,Tmax,01079,Lawrence,2010-2019,71.701,10,2010,2019,1.996,mean
consistent_county,AL,Tmax,01079,Lawrence,2020-2025,72.477,6,2020,2025,1.98,mean
consistent_county,AL,Tmax,01081,Lee,1980-1989,74.129,10,1980,1989,1.962,mean
consistent_county,AL,Tmax,01081,Lee,1990-1999,74.556,9,1990,1999,1.771,mean
consistent_county,AL,Tmax,01081,Lee,2000-2009,74.567,10,2000,2009,1.836,mean
consistent_county,AL,Tmax,01081,Lee,2010-2019,74.557,10,2010,2019,2.705,mean
consistent_county,AL,Tmax,01081,Lee,2020-2025,74.593,6,2020,2025,2.747,mean
consistent_county,AL,Tmax,01083,Limestone,1980-1989,71.445,10,1980,1989,1.813,mean
consistent_county,AL,Tmax,01083,Limestone,1990-1999,71.09,10,1990,1999,2.279,mean
consistent_county,AL,Tmax,01083,Limestone,2000-2009,72.45,10,2000,2009,2.925,mean
consistent_county,AL,Tmax,01083,Limestone,2010-2019,72.615,10,2010,2019,2.978,mean
consistent_county,AL,Tmax,01083,Limestone,2020-2025,72.952,6,2020,2025,2.966,mean
consistent_county,AL,Tmax,01089,Madison,1980-1989,71.038,10,1980,1989,1.0,mean
consistent_county,AL,Tmax,01089,Madison,1990-1999,71.9,10,1990,1999,1.0,mean
consistent_county,AL,Tmax,01089,Madison,2000-2009,72.261,10,2000,2009,1.53,mean
consistent_county,AL,Tmax,01089,Madison,2010-2019,72.823,10,2010,2019,2.519,mean
consistent_county,AL,Tmax,01089,Madison,2020-2025,72.297,6,2020,2025,2.628,mean
consistent_county,AL,Tmax,01093,Marion,1980-1989,71.989,10,1980,1989,1.995,mean
consistent_county,AL,Tmax,01093,Marion,1990-1999,72.456,10,1990,1999,1.945,mean
consistent_county,AL,Tmax,01093,Marion,2000-2009,73.554,10,2000,2009,2.034,mean
consistent_county,AL,Tmax,01093,Marion,2010-2019,73.404,10,2010,2019,1.958,mean
consistent_county,AL,Tmax,01093,Marion,2020-2025,73.364,6,2020,2025,1.703,mean
consistent_county,AL,Tmax,01097,Mobile,1980-1989,76.143,10,1980,1989,2.468,mean
consistent_county,AL,Tmax,01097,Mobile,1990-1999,76.123,10,1990,1999,3.281,mean
consistent_county,AL,Tmax,01097,Mobile,2000-2009,76.62,10,2000,2009,3.974,mean
consistent_county,AL,Tmax,01097,Mobile,2010-2019,77.211,10,2010,2019,3.406,mean
consistent_county,AL,Tmax,01097,Mobile,2020-2025,78.735,6,2020,2025,2.874,mean
consistent_county,AL,Tmax,01101,Montgomery,1980-1989,76.403,10,1980,1989,1.0,mean
consistent_county,AL,Tmax,01101,Montgomery,1990-1999,76.928,10,1990,1999,1.157,mean
consistent_county,AL,Tmax,01101,Montgomery,2000-2009,77.028,10,2000,2009,1.936,mean
consistent_county,AL,Tmax,01101,Montgomery,2010-2019,78.684,10,2010,2019,2.144,mean
consistent_county,AL,Tmax,01101,Montgomery,2020-2025,78.023,6,2020,2025,3.138,mean
consistent_county,AL,Tmax,01109,Pike,1980-1989,76.043,9,1980,1989,1.0,mean
consistent_county,AL,Tmax,01109,Pike,1990-1999,76.076,10,1990,1999,1.0,mean
consistent_county,AL,Tmax,01109,Pike,2000-2009,76.38,10,2000,2009,2.062,mean
consistent_county,AL,Tmax,01109,Pike,2010-2019,76.841,10,2010,2019,2.887,mean
consistent_county,AL,Tmax,01109,Pike,2020-2025,78.033,6,2020,2025,2.894,mean
consistent_county,AL,Tmax,01121,Talladega,1980-1989,75.2,10,1980,1989,2.689,mean
consistent_county,AL,Tmax,01121,Talladega,1990-1999,75.667,10,1990,1999,3.081,mean
consistent_county,AL,Tmax,01121,Talladega,2000-2009,75.283,10,2000,2009,4.013,mean
consistent_county,AL,Tmax,01121,Talladega,2010-2019,75.436,10,2010,2019,4.946,mean
consistent_county,AL,Tmax,01121,Talladega,2020-2025,75.964,6,2020,2025,4.899,mean
consistent_county,AL,Tmax,01125,Tuscaloosa,1980-1989,74.369,10,1980,1989,2.721,mean
consistent_county,AL,Tmax,01125,Tuscaloosa,1990-1999,75.559,10,1990,1999,2.03,mean
consistent_county,AL,Tmax,01125,Tuscaloosa,2000-2009,75.712,10,2000,2009,2.973,mean
consistent_county,AL,Tmax,01125,Tuscaloosa,2010-2019,76.254,10,2010,2019,3.933,mean
consistent_county,AL,Tmax,01125,Tuscaloosa,2020-2025,76.346,6,2020,2025,3.89,mean
consistent_county,AL,Tmin,01003,Baldwin,1980-1989,56.027,10,1980,1989,2.952,mean
consistent_county,AL,Tmin,01003,Baldwin,1990-1999,56.344,10,1990,1999,2.925,mean
consistent_county,AL,Tmin,01003,Baldwin,2000-2009,57.178,10,2000,2009,3.956,mean
consistent_county,AL,Tmin,01003,Baldwin,2010-2019,57.615,10,2010,2019,4.923,mean
consistent_county,AL,Tmin,01003,Baldwin,2020-2025,59.153,6,2020,2025,3.947,mean
consistent_county,AL,Tmin,01005,Barbour,1980-1989,52.254,10,1980,1989,1.852,mean
consistent_county,AL,Tmin,01005,Barbour,1990-1999,52.463,10,1990,1999,1.94,mean
consistent_county,AL,Tmin,01005,Barbour,2000-2009,51.985,10,2000,2009,1.728,mean
consistent_county,AL,Tmin,01005,Barbour,2010-2019,54.17,10,2010,2019,2.607,mean
consistent_county,AL,Tmin,01005,Barbour,2020-2025,55.45,6,2020,2025,1.813,mean
consistent_county,AL,Tmin,01007,Bibb,1980-1989,51.765,10,1980,1989,1.0,mean
consistent_county,AL,Tmin,01007,Bibb,1990-1999,51.283,9,1990,1999,1.103,mean
consistent_county,AL,Tmin,01007,Bibb,2000-2009,50.604,10,2000,2009,1.896,mean
consistent_county,AL,Tmin,01007,Bibb,2010-2019,52.154,10,2010,2019,1.359,mean
consistent_county,AL,Tmin,01007,Bibb,2020-2025,53.822,6,2020,2025,1.0,mean
consistent_county,AL,Tmin,01015,Calhoun,1980-1989,51.202,10,1980,1989,1.0,mean
consistent_county,AL,Tmin,01015,Calhoun,1990-1999,52.084,10,1990,1999,1.0,mean
consistent_county,AL,Tmin,01015,Calhoun,2000-2009,51.563,10,2000,2009,1.0,mean
consistent_county,AL,Tmin,01015,Calhoun,2010-2019,52.381,10,2010,2019,1.0,mean
consistent_county,AL,Tmin,01015,Calhoun,2020-2025,52.709,6,2020,2025,1.0,mean
consistent_county,AL,Tmin,01021,Chilton,1980-1989,50.291,8,1980,1987,1.798,mean
consistent_county,AL,Tmin,01021,Chilton,1990-1999,50.908,10,1990,1999,1.944,mean
consistent_county,AL,Tmin,01021,Chilton,2000-2009,51.626,10,2000,2009,2.566,mean
consistent_county,AL,Tmin,01021,Chilton,2010-2019,52.242,10,2010,2019,2.45,mean
consistent_county,AL,Tmin,01021,Chilton,2020-2025,52.987,6,2020,2025,2.777,mean
consistent_county,AL,Tmin,01025,Clarke,1980-1989,52.045,10,1980,1989,2.577,mean
consistent_county,AL,Tmin,01025,Clarke,1990-1999,53.49,10,1990,1999,2.938,mean
consistent_county,AL,Tmin,01025,Clarke,2000-2009,53.325,10,2000,2009,2.814,mean
consistent_county,AL,Tmin,01025,Clarke,2010-2019,53.682,10,2010,2019,2.28,mean
consistent_county,AL,Tmin,01025,Clarke,2020-2025,54.494,6,2020,2025,1.931,mean
consistent_county,AL,Tmin,01041,Crenshaw,1980-1989,51.411,8,1980,1989,1.242,mean
consistent_county,AL,Tmin,01041,Crenshaw,1990-1999,53.44,8,1990,1999,1.0,mean
consistent_county,AL,Tmin,01041,Crenshaw,2000-2009,50.508,9,2000,2009,1.103,mean
consistent_county,AL,Tmin,01041,Crenshaw,2010-2019,54.587,10,2010,2019,1.741,mean
consistent_county,AL,Tmin,01041,Crenshaw,2020-2025,55.826,6,2020,2025,1.834,mean
consistent_county,AL,Tmin,01043,Cullman,1980-1989,46.385,10,1980,1989,1.0,mean
consistent_county,AL,Tmin,01043,Cullman,1990-1999,47.428,10,1990,1999,1.488,mean
consistent_county,AL,Tmin,01043,Cullman,2000-2009,49.408,10,2000,2009,3.125,mean
consistent_county,AL,Tmin,01043,Cullman,2010-2019,49.446,10,2010,2019,4.507,mean
consistent_county,AL,Tmin,01043,Cullman,2020-2025,50.906,6,2020,2025,5.201,mean
consistent_county,AL,Tmin,01045,Dale,1980-1989,56.061,10,1980,1989,1.589,mean
consistent_county,AL,Tmin,01045,Dale,1990-1999,57.649,10,1990,1999,1.0,mean
consistent_county,AL,Tmin,01045,Dale,2000-2009,56.468,10,2000,2009,1.202,mean
consistent_county,AL,Tmin,01045,Dale,2010-2019,56.624,10,2010,2019,1.812,mean
consistent_county,AL,Tmin,01045,Dale,2020-2025,58.049,6,2020,2025,1.469,mean
consistent_county,AL,Tmin,01047,Dallas,1980-1989,52.269,10,1980,1989,1.924,mean
consistent_county,AL,Tmin,01047,Dallas,1990-1999,52.923,10,1990,1999,1.976,mean
consistent_county,AL,Tmin,01047,Dallas,2000-2009,52.768,10,2000,2009,2.717,mean
consistent_county,AL,Tmin,01047,Dallas,2010-2019,53.233,10,2010,2019,3.908,mean
consistent_county,AL,Tmin,01047,Dallas,2020-2025,53.755,6,2020,2025,3.917,mean
consistent_county,AL,Tmin,01049,DeKalb,1980-1989,45.33,10,1980,1989,1.981,mean
consistent_county,AL,Tmin,01049,DeKalb,1990-1999,47.508,10,1990,1999,2.264,mean
consistent_county,AL,Tmin,01049,DeKalb,2000-2009,48.133,10,2000,2009,4.416,mean
consistent_county,AL,Tmin,01049,DeKalb,2010-2019,49.325,10,2010,2019,5.322,mean
consistent_county,AL,Tmin,01049,DeKalb,2020-2025,49.419,6,2020,2025,5.738,mean
consistent_county,AL,Tmin,01053,Escambia,1980-1989,52.374,10,1980,1989,2.787,mean
consistent_county,AL,Tmin,01053,Escambia,1990-1999,52.814,10,1990,1999,2.942,mean
consistent_county,AL,Tmin,01053,Escambia,2000-2009,53.792,10,2000,2009,3.086,mean
consistent_county,AL,Tmin,01053,Escambia,2010-2019,54.845,10,2010,2019,3.454,mean
consistent_county,AL,Tmin,01053,Escambia,2020-2025,55.902,6,2020,2025,2.991,mean
consistent_county,AL,Tmin,01061,Geneva,1980-1989,53.809,10,1980,1989,1.0,mean
consistent_county,AL,Tmin,01061,Geneva,1990-1999,53.736,10,1990,1999,1.0,mean
consistent_county,AL,Tmin,01061,Geneva,2000-2009,53.002,9,2000,2008,1.0,mean
consistent_county,AL,Tmin,01061,Geneva,2010-2019,53.188,10,2010,2019,1.0,mean
consistent_county,AL,Tmin,01061,Geneva,2020-2025,53.452,6,2020,2025,1.0,mean
consistent_county,AL,Tmin,01063,Greene,1980-1989,50.774,10,1980,1989,1.0,mean
consistent_county,AL,Tmin,01063,Greene,1990-1999,52.502,10,1990,1999,1.0,mean
consistent_county,AL,Tmin,01063,Greene,2000-2009,52.374,8,2000,2009,1.3,mean
consistent_county,AL,Tmin,01063,Greene,2010-2019,52.87,10,2010,2019,1.965,mean
consistent_county,AL,Tmin,01063,Greene,2020-2025,53.802,6,2020,2025,1.871,mean
consistent_county,AL,Tmin,01065,Hale,1980-1989,52.28,10,1980,1989,1.0,mean
consistent_county,AL,Tmin,01065,Hale,1990-1999,54.255,10,1990,1999,1.0,mean
consistent_county,AL,Tmin,01065,Hale,2000-2009,54.261,9,2000,2009,1.257,mean
consistent_county,AL,Tmin,01065,Hale,2010-2019,53.863,10,2010,2019,1.844,mean
consistent_county,AL,Tmin,01065,Hale,2020-2025,54.474,6,2020,2025,1.982,mean
consistent_county,AL,Tmin,01071,Jackson,1980-1989,46.205,9,1980,1989,1.545,mean
consistent_county,AL,Tmin,01071,Jackson,1990-1999,47.68,10,1990,1999,1.97,mean
consistent_county,AL,Tmin,01071,Jackson,2000-2009,48.106,10,2000,2009,2.254,mean
consistent_county,AL,Tmin,01071,Jackson,2010-2019,48.975,10,2010,2019,2.82,mean
consistent_county,AL,Tmin,01071,Jackson,2020-2025,49.413,6,2020,2025,2.341,mean
consistent_county,AL,Tmin,01073,Jefferson,1980-1989,50.037,10,1980,1989,3.978,mean
consistent_county,AL,Tmin,01073,Jefferson,1990-1999,49.996,10,1990,1999,2.994,mean
consistent_county,AL,Tmin,01073,Jefferson,2000-2009,51.502,10,2000,2009,2.971,mean
consistent_county,AL,Tmin,01073,Jefferson,2010-2019,52.935,10,2010,2019,2.486,mean
consistent_county,AL,Tmin,01073,Jefferson,2020-2025,54.049,6,2020,2025,1.992,mean
consistent_county,AL,Tmin,01079,Lawrence,1980-1989,49.757,10,1980,1989,1.0,mean
consistent_county,AL,Tmin,01079,Lawrence,1990-1999,50.791,10,1990,1999,1.0,mean
consistent_county,AL,Tmin,01079,Lawrence,2000-2009,50.036,9,2000,2009,1.304,mean
consistent_county,AL,Tmin,01079,Lawrence,2010-2019,49.988,10,2010,2019,1.996,mean
consistent_county,AL,Tmin,01079,Lawrence,2020-2025,50.654,6,2020,2025,1.98,mean
consistent_county,AL,Tmin,01081,Lee,1980-1989,50.865,10,1980,1989,1.962,mean
consistent_county,AL,Tmin,01081,Lee,1990-1999,52.591,9,1990,1999,1.771,mean
consistent_county,AL,Tmin,01081,Lee,2000-2009,51.202,10,2000,2009,1.838,mean
consistent_county,AL,Tmin,01081,Lee,2010-2019,52.931,10,2010,2019,2.705,mean
consistent_county,AL,Tmin,01081,Lee,2020-2025,53.533,6,2020,2025,2.747,mean
consistent_county,AL,Tmin,01083,Limestone,1980-1989,48.183,10,1980,1989,1.814,mean
consistent_county,AL,Tmin,01083,Limestone,1990-1999,49.195,10,1990,1999,2.279,mean
consistent_county,AL,Tmin,01083,Limestone,2000-2009,49.375,10,2000,2009,2.925,mean
consistent_county,AL,Tmin,01083,Limestone,2010-2019,50.356,10,2010,2019,2.978,mean
consistent_county,AL,Tmin,01083,Limestone,2020-2025,51.064,6,2020,2025,2.966,mean
consistent_county,AL,Tmin,01089,Madison,1980-1989,49.649,10,1980,1989,1.0,mean
consistent_county,AL,Tmin,01089,Madison,1990-1999,50.771,10,1990,1999,1.0,mean
consistent_county,AL,Tmin,01089,Madison,2000-2009,50.345,10,2000,2009,1.53,mean
consistent_county,AL,Tmin,01089,Madison,2010-2019,50.647,10,2010,2019,2.519,mean
consistent_county,AL,Tmin,01089,Madison,2020-2025,50.771,6,2020,2025,2.628,mean
consistent_county,AL,Tmin,01093,Marion,1980-1989,46.706,10,1980,1989,1.995,mean
consistent_county,AL,Tmin,01093,Marion,1990-1999,48.232,10,1990,1999,1.945,mean
consistent_county,AL,Tmin,01093,Marion,2000-2009,48.604,10,2000,2009,2.034,mean
consistent_county,AL,Tmin,01093,Marion,2010-2019,49.308,10,2010,2019,1.958,mean
consistent_county,AL,Tmin,01093,Marion,2020-2025,51.776,6,2020,2025,1.705,mean
consistent_county,AL,Tmin,01097,Mobile,1980-1989,58.754,10,1980,1989,2.468,mean
consistent_county,AL,Tmin,01097,Mobile,1990-1999,58.934,10,1990,1999,3.281,mean
consistent_county,AL,Tmin,01097,Mobile,2000-2009,58.979,10,2000,2009,3.974,mean
consistent_county,AL,Tmin,01097,Mobile,2010-2019,60.174,10,2010,2019,3.406,mean
consistent_county,AL,Tmin,01097,Mobile,2020-2025,61.4,6,2020,2025,2.874,mean
consistent_county,AL,Tmin,01101,Montgomery,1980-1989,53.849,10,1980,1989,1.0,mean
consistent_county,AL,Tmin,01101,Montgomery,1990-1999,53.81,10,1990,1999,1.157,mean
consistent_county,AL,Tmin,01101,Montgomery,2000-2009,53.596,10,2000,2009,1.936,mean
consistent_county,AL,Tmin,01101,Montgomery,2010-2019,55.361,10,2010,2019,2.144,mean
consistent_county,AL,Tmin,01101,Montgomery,2020-2025,55.24,6,2020,2025,3.138,mean
consistent_county,AL,Tmin,01109,Pike,1980-1989,52.811,9,1980,1989,1.0,mean
consistent_county,AL,Tmin,01109,Pike,1990-1999,53.658,10,1990,1999,1.0,mean
consistent_county,AL,Tmin,01109,Pike,2000-2009,53.589,9,2001,2009,2.151,mean
consistent_county,AL,Tmin,01109,Pike,2010-2019,54.1,10,2010,2019,2.887,mean
consistent_county,AL,Tmin,01109,Pike,2020-2025,55.508,6,2020,2025,2.894,mean
consistent_county,AL,Tmin,01121,Talladega,1980-1989,49.465,10,1980,1989,2.689,mean
consistent_county,AL,Tmin,01121,Talladega,1990-1999,49.047,10,1990,1999,3.081,mean
consistent_county,AL,Tmin,01121,Talladega,2000-2009,49.76,10,2000,2009,4.013,mean
consistent_county,AL,Tmin,01121,Talladega,2010-2019,51.003,10,2010,2019,4.946,mean
consistent_county,AL,Tmin,01121,Talladega,2020-2025,51.192,6,2020,2025,4.899,mean
consistent_county,AL,Tmin,01125,Tuscaloosa,1980-1989,51.23,10,1980,1989,2.721,mean
consistent_county,AL,Tmin,01125,Tuscaloosa,1990-1999,51.3,10,1990,1999,2.033,mean
consistent_county,AL,Tmin,01125,Tuscaloosa,2000-2009,52.941,10,2000,2009,2.973,mean
consistent_county,AL,Tmin,01125,Tuscaloosa,2010-2019,53.876,10,2010,2019,3.933,mean
consistent_county,AL,Tmin,01125,Tuscaloosa,2020-2025,54.012,6,2020,2025,3.89,mean
consistent_county,FL,Tavg,12001,Alachua,1980-1989,69.272,10,1980,1989,2.553,mean
consistent_county,FL,Tavg,12001,Alachua,1990-1999,69.293,10,1990,1999,2.95,mean
consistent_county,FL,Tavg,12001,Alachua,2000-2009,68.999,10,2000,2009,2.062,mean
consistent_county,FL,Tavg,12001,Alachua,2010-2019,70.056,10,2010,2019,1.47,mean
consistent_county,FL,Tavg,12001,Alachua,2020-2025,70.69,6,2020,2025,1.0,mean
consistent_county,FL,Tavg,12005,Bay,1980-1989,66.696,10,1980,1989,1.731,mean
consistent_county,FL,Tavg,12005,Bay,1990-1999,67.139,9,1990,1999,1.152,mean
consistent_county,FL,Tavg,12005,Bay,2000-2009,69.097,10,2000,2009,1.919,mean
consistent_county,FL,Tavg,12005,Bay,2010-2019,69.135,10,2010,2019,1.978,mean
consistent_county,FL,Tavg,12005,Bay,2020-2025,70.049,6,2020,2025,1.776,mean
consistent_county,FL,Tavg,12009,Brevard,1980-1989,71.553,10,1980,1989,1.953,mean
consistent_county,FL,Tavg,12009,Brevard,1990-1999,72.584,10,1990,1999,1.957,mean
consistent_county,FL,Tavg,12009,Brevard,2000-2009,72.382,10,2000,2009,4.077,mean
consistent_county,FL,Tavg,12009,Brevard,2010-2019,73.001,10,2010,2019,7.444,mean
consistent_county,FL,Tavg,12009,Brevard,2020-2025,73.626,6,2020,2025,7.336,mean
consistent_county,FL,Tavg,12011,Broward,1980-1989,76.262,10,1980,1989,1.928,mean
consistent_county,FL,Tavg,12011,Broward,1990-1999,76.078,10,1990,1999,3.173,mean
consistent_county,FL,Tavg,12011,Broward,2000-2009,76.362,10,2000,2009,8.328,mean
consistent_county,FL,Tavg,12011,Broward,2010-2019,77.163,10,2010,2019,6.975,mean
consistent_county,FL,Tavg,12011,Broward,2020-2025,78.091,6,2020,2025,6.516,mean
consistent_county,FL,Tavg,12015,Charlotte,1980-1989,73.851,10,1980,1989,1.0,mean
consistent_county,FL,Tavg,12015,Charlotte,1990-1999,74.554,10,1990,1999,1.297,mean
consistent_county,FL,Tavg,12015,Charlotte,2000-2009,73.826,10,2000,2009,1.946,mean
consistent_county,FL,Tavg,12015,Charlotte,2010-2019,75.005,10,2010,2019,1.972,mean
consistent_county,FL,Tavg,12015,Charlotte,2020-2025,76.113,6,2020,2025,1.345,mean
consistent_county,FL,Tavg,12021,Collier,1980-1989,74.489,10,1980,1989,4.281,mean
consistent_county,FL,Tavg,12021,Collier,1990-1999,75.435,10,1990,1999,6.158,mean
consistent_county,FL,Tavg,12021,Collier,2000-2009,75.154,10,2000,2009,9.072,mean
consistent_county,FL,Tavg,12021,Collier,2010-2019,75.88,10,2010,2019,10.063,mean
consistent_county,FL,Tavg,12021,Collier,2020-2025,76.77,6,2020,2025,7.674,mean
consistent_county,FL,Tavg,12031,Duval,1980-1989,69.279,10,1980,1989,4.417,mean
consistent_county,FL,Tavg,12031,Duval,1990-1999,70.128,10,1990,1999,4.846,mean
consistent_county,FL,Tavg,12031,Duval,2000-2009,69.61,10,2000,2009,4.788,mean
consistent_county,FL,Tavg,12031,Duval,2010-2019,70.769,10,2010,2019,5.532,mean
consistent_county,FL,Tavg,12031,Duval,2020-2025,71.604,6,2020,2025,5.738,mean
consistent_county,FL,Tavg,12033,Escambia,1980-1989,67.557,10,1980,1989,1.999,mean
consistent_county,FL,Tavg,12033,Escambia,1990-1999,68.512,10,1990,1999,1.898,mean
consistent_county,FL,Tavg,12033,Escambia,2000-2009,68.483,10,2000,2009,2.638,mean
consistent_county,FL,Tavg,12033,Escambia,2010-2019,69.364,10,2010,2019,1.78,mean
consistent_county,FL,Tavg,12033,Escambia,2020-2025,70.284,6,2020,2025,1.886,mean
consistent_county,FL,Tavg,12037,Franklin,1980-1989,68.089,10,1980,1989,1.0,mean
consistent_county,FL,Tavg,12037,Franklin,1990-1999,69.583,9,1990,1999,1.154,mean
consistent_county,FL,Tavg,12037,Franklin,2000-2009,68.773,10,2000,2009,1.844,mean
consistent_county,FL,Tavg,12037,Franklin,2010-2019,69.826,10,2010,2019,1.267,mean
consistent_county,FL,Tavg,12037,Franklin,2020-2025,69.961,5,2021,2025,1.389,mean
consistent_county,FL,Tavg,12043,Glades,1980-1989,73.176,9,1980,1989,1.0,mean
consistent_county,FL,Tavg,12043,Glades,1990-1999,74.092,9,1990,1999,1.0,mean
consistent_county,FL,Tavg,12043,Glades,2000-2009,73.506,9,2000,2009,2.521,mean
consistent_county,FL,Tavg,12043,Glades,2010-2019,73.996,10,2010,2019,3.269,mean
consistent_county,FL,Tavg,12043,Glades,2020-2025,74.725,5,2020,2025,1.298,mean
consistent_county,FL,Tavg,12049,Hardee,1980-1989,73.019,9,1980,1989,1.0,mean
consistent_county,FL,Tavg,12049,Hardee,1990-1999,72.842,8,1990,1999,1.0,mean
consistent_county,FL,Tavg,12049,Hardee,2000-2009,72.24,10,2000,2009,1.0,mean
consistent_county,FL,Tavg,12049,Hardee,2010-2019,72.197,10,2010,2019,1.0,mean
consistent_county,FL,Tavg,12049,Hardee,2020-2025,73.638,6,2020,2025,1.0,mean
consistent_county,FL,Tavg,12053,Hernando,1980-1989,70.449,10,1980,1989,1.79,mean
consistent_county,FL,Tavg,12053,Hernando,1990-1999,71.71,10,1990,1999,2.233,mean
consistent_county,FL,Tavg,12053,Hernando,2000-2009,70.848,10,2000,2009,2.898,mean
consistent_county,FL,Tavg,12053,Hernando,2010-2019,72.132,10,2010,2019,1.723,mean
consistent_county,FL,Tavg,12053,Hernando,2020-2025,72.834,6,2020,2025,1.0,mean
consistent_county,FL,Tavg,12055,Highlands,1980-1989,71.874,10,1980,1989,1.912,mean
consistent_county,FL,Tavg,12055,Highlands,1990-1999,72.526,10,1990,1999,1.986,mean
consistent_county,FL,Tavg,12055,Highlands,2000-2009,72.271,10,2000,2009,2.189,mean
consistent_county,FL,Tavg,12055,Highlands,2010-2019,73.397,10,2010,2019,2.824,mean
consistent_county,FL,Tavg,12055,Highlands,2020-2025,74.17,6,2020,2025,2.37,mean
consistent_county,FL,Tavg,12057,Hillsborough,1980-1989,72.18,10,1980,1989,2.95,mean
consistent_county,FL,Tavg,12057,Hillsborough,1990-1999,73.086,10,1990,1999,2.979,mean
consistent_county,FL,Tavg,12057,Hillsborough,2000-2009,72.823,10,2000,2009,2.938,mean
consistent_county,FL,Tavg,12057,Hillsborough,2010-2019,74.274,10,2010,2019,3.009,mean
consistent_county,FL,Tavg,12057,Hillsborough,2020-2025,75.664,6,2020,2025,3.523,mean
consistent_county,FL,Tavg,12061,Indian River,1980-1989,72.606,10,1980,1989,1.576,mean
consistent_county,FL,Tavg,12061,Indian River,1990-1999,73.345,10,1990,1999,1.965,mean
consistent_county,FL,Tavg,12061,Indian River,2000-2009,72.801,10,2000,2009,1.918,mean
consistent_county,FL,Tavg,12061,Indian River,2010-2019,73.871,10,2010,2019,1.946,mean
consistent_county,FL,Tavg,12061,Indian River,2020-2025,74.836,6,2020,2025,1.988,mean
consistent_county,FL,Tavg,12069,Lake,1980-1989,71.133,10,1980,1989,1.934,mean
consistent_county,FL,Tavg,12069,Lake,1990-1999,71.58,10,1990,1999,2.398,mean
consistent_county,FL,Tavg,12069,Lake,2000-2009,71.383,10,2000,2009,3.988,mean
consistent_county,FL,Tavg,12069,Lake,2010-2019,72.215,10,2010,2019,4.626,mean
consistent_county,FL,Tavg,12069,Lake,2020-2025,73.173,6,2020,2025,4.887,mean
consistent_county,FL,Tavg,12071,Lee,1980-1989,74.893,10,1980,1989,1.0,mean
consistent_county,FL,Tavg,12071,Lee,1990-1999,75.693,10,1990,1999,1.161,mean
consistent_county,FL,Tavg,12071,Lee,2000-2009,74.735,10,2000,2009,1.986,mean
consistent_county,FL,Tavg,12071,Lee,2010-2019,75.61,10,2010,2019,1.991,mean
consistent_county,FL,Tavg,12071,Lee,2020-2025,76.67,6,2020,2025,1.973,mean
consistent_county,FL,Tavg,12073,Leon,1980-1989,67.148,10,1980,1989,1.0,mean
consistent_county,FL,Tavg,12073,Leon,1990-1999,68.287,10,1990,1999,1.0,mean
consistent_county,FL,Tavg,12073,Leon,2000-2009,68.063,10,2000,2009,1.647,mean
consistent_county,FL,Tavg,12073,Leon,2010-2019,69.45,10,2010,2019,1.948,mean
consistent_county,FL,Tavg,12073,Leon,2020-2025,69.704,6,2020,2025,1.976,mean
consistent_county,FL,Tavg,12081,Manatee,1980-1989,72.21,10,1980,1989,1.97,mean
consistent_county,FL,Tavg,12081,Manatee,1990-1999,73.012,10,1990,1999,2.046,mean
consistent_county,FL,Tavg,12081,Manatee,2000-2009,72.659,10,2000,2009,3.598,mean
consistent_county,FL,Tavg,12081,Manatee,2010-2019,73.704,10,2010,2019,3.305,mean
consistent_county,FL,Tavg,12081,Manatee,2020-2025,74.985,6,2020,2025,2.99,mean
consistent_county,FL,Tavg,12086,Miami-Dade,1980-1989,75.73,10,1980,1989,7.147,mean
consistent_county,FL,Tavg,12086,Miami-Dade,1990-1999,76.565,10,1990,1999,8.505,mean
consistent_county,FL,Tavg,12086,Miami-Dade,2000-2009,75.997,10,2000,2009,14.041,mean
consistent_county,FL,Tavg,12086,Miami-Dade,2010-2019,76.901,10,2010,2019,12.998,mean
consistent_county,FL,Tavg,12086,Miami-Dade,2020-2025,77.826,6,2020,2025,11.768,mean
consistent_county,FL,Tavg,12087,Monroe,1980-1989,77.009,10,1980,1989,4.962,mean
consistent_county,FL,Tavg,12087,Monroe,1990-1999,77.624,10,1990,1999,5.673,mean
consistent_county,FL,Tavg,12087,Monroe,2000-2009,77.629,10,2000,2009,8.236,mean
consistent_county,FL,Tavg,12087,Monroe,2010-2019,78.221,10,2010,2019,9.7,mean
consistent_county,FL,Tavg,12087,Monroe,2020-2025,79.64,6,2020,2025,7.982,mean
consistent_county,FL,Tavg,12095,Orange,1980-1989,72.474,10,1980,1989,1.0,mean
consistent_county,FL,Tavg,12095,Orange,1990-1999,73.23,10,1990,1999,1.164,mean
consistent_county,FL,Tavg,12095,Orange,2000-2009,73.098,10,2000,2009,1.991,mean
consistent_county,FL,Tavg,12095,Orange,2010-2019,73.867,10,2010,2019,2.682,mean
consistent_county,FL,Tavg,12095,Orange,2020-2025,74.704,6,2020,2025,2.982,mean
consistent_county,FL,Tavg,12099,Palm Beach,1980-1989,73.811,10,1980,1989,3.784,mean
consistent_county,FL,Tavg,12099,Palm Beach,1990-1999,74.661,10,1990,1999,3.822,mean
consistent_county,FL,Tavg,12099,Palm Beach,2000-2009,74.523,10,2000,2009,5.879,mean
consistent_county,FL,Tavg,12099,Palm Beach,2010-2019,75.404,10,2010,2019,5.957,mean
consistent_county,FL,Tavg,12099,Palm Beach,2020-2025,76.262,6,2020,2025,5.509,mean
consistent_county,FL,Tavg,12101,Pasco,1980-1989,72.654,10,1980,1989,1.0,mean
consistent_county,FL,Tavg,12101,Pasco,1990-1999,72.882,10,1990,1999,1.246,mean
consistent_county,FL,Tavg,12101,Pasco,2000-2009,73.216,10,2000,2009,1.0,mean
consistent_county,FL,Tavg,12101,Pasco,2010-2019,72.245,9,2010,2019,1.0,mean
consistent_county,FL,Tavg,12101,Pasco,2020-2025,73.41,6,2020,2025,1.0,mean
consistent_county,FL,Tavg,12103,Pinellas,1980-1989,73.124,10,1980,1989,1.961,mean
consistent_county,FL,Tavg,12103,Pinellas,1990-1999,73.981,10,1990,1999,2.256,mean
consistent_county,FL,Tavg,12103,Pinellas,2000-2009,73.868,10,2000,2009,3.948,mean
consistent_county,FL,Tavg,12103,Pinellas,2010-2019,74.429,10,2010,2019,3.476,mean
consistent_county,FL,Tavg,12103,Pinellas,2020-2025,74.958,6,2020,2025,3.411,mean
consistent_county,FL,Tavg,12105,Polk,1980-1989,72.708,10,1980,1989,4.954,mean
consistent_county,FL,Tavg,12105,Polk,1990-1999,73.617,10,1990,1999,5.137,mean
consistent_county,FL,Tavg,12105,Polk,2000-2009,73.455,10,2000,2009,4.637,mean
consistent_county,FL,Tavg,12105,Polk,2010-2019,74.384,10,2010,2019,4.722,mean
consistent_county,FL,Tavg,12105,Polk,2020-2025,75.106,6,2020,2025,5.07,mean
consistent_county,FL,Tavg,12109,St. Johns,1980-1989,69.003,10,1980,1989,1.919,mean
consistent_county,FL,Tavg,12109,St. Johns,1990-1999,69.843,10,1990,1999,1.961,mean
consistent_county,FL,Tavg,12109,St. Johns,2000-2009,69.979,10,2000,2009,1.976,mean
consistent_county,FL,Tavg,12109,St. Johns,2010-2019,70.307,9,2010,2018,1.812,mean
consistent_county,FL,Tavg,12109,St. Johns,2020-2025,71.201,6,2020,2025,2.22,mean
consistent_county,FL,Tavg,12111,St. Lucie,1980-1989,73.287,10,1980,1989,1.0,mean
consistent_county,FL,Tavg,12111,St. Lucie,1990-1999,73.28,10,1990,1999,1.164,mean
consistent_county,FL,Tavg,12111,St. Lucie,2000-2009,72.663,10,2000,2009,2.703,mean
consistent_county,FL,Tavg,12111,St. Lucie,2010-2019,73.93,10,2010,2019,3.341,mean
consistent_county,FL,Tavg,12111,St. Lucie,2020-2025,75.276,6,2020,2025,2.952,mean
consistent_county,FL,Tavg,12113,Santa Rosa,1980-1989,66.851,10,1980,1989,1.998,mean
consistent_county,FL,Tavg,12113,Santa Rosa,1990-1999,67.511,10,1990,1999,1.978,mean
consistent_county,FL,Tavg,12113,Santa Rosa,2000-2009,67.698,9,2001,2009,2.639,mean
consistent_county,FL,Tavg,12113,Santa Rosa,2010-2019,68.872,10,2010,2019,3.38,mean
consistent_county,FL,Tavg,12113,Santa Rosa,2020-2025,69.523,6,2020,2025,3.01,mean
consistent_county,FL,Tavg,12115,Sarasota,1980-1989,72.872,10,1980,1989,1.934,mean
consistent_county,FL,Tavg,12115,Sarasota,1990-1999,74.314,9,1990,1999,1.742,mean
consistent_county,FL,Tavg,12115,Sarasota,2000-2009,73.287,10,2000,2009,1.943,mean
consistent_county,FL,Tavg,12115,Sarasota,2010-2019,74.617,10,2010,2019,1.948,mean
consistent_county,FL,Tavg,12115,Sarasota,2020-2025,74.452,6,2020,2025,2.474,mean
consistent_county,FL,Tavg,12117,Seminole,1980-1989,71.032,10,1980,1989,1.0,mean
consistent_county,FL,Tavg,12117,Seminole,1990-1999,72.337,9,1990,1999,1.098,mean
consistent_county,FL,Tavg,12117,Seminole,2000-2009,72.881,10,2000,2009,1.951,mean
consistent_county,FL,Tavg,12117,Seminole,2010-2019,73.431,10,2010,2019,1.989,mean
consistent_county,FL,Tavg,12117,Seminole,2020-2025,74.289,6,2020,2025,1.962,mean
consistent_county,FL,Tavg,12127,Volusia,1980-1989,70.132,10,1980,1989,1.911,mean
consistent_county,FL,Tavg,12127,Volusia,1990-1999,71.221,10,1990,1999,1.987,mean
consistent_county,FL,Tavg,12127,Volusia,2000-2009,71.096,10,2000,2009,3.477,mean
consistent_county,FL,Tavg,12127,Volusia,2010-2019,72.215,10,2010,2019,3.802,mean
consistent_county,FL,Tavg,12127,Volusia,2020-2025,72.837,6,2020,2025,3.799,mean
consistent_county,FL,Tmax,12001,Alachua,1980-1989,81.75,10,1980,1989,2.553,mean
consistent_county,FL,Tmax,12001,Alachua,1990-1999,81.234,10,1990,1999,2.95,mean
consistent_county,FL,Tmax,12001,Alachua,2000-2009,80.915,10,2000,2009,2.062,mean
consistent_county,FL,Tmax,12001,Alachua,2010-2019,81.731,10,2010,2019,1.47,mean
consistent_county,FL,Tmax,12001,Alachua,2020-2025,82.077,6,2020,2025,1.0,mean
consistent_county,FL,Tmax,12005,Bay,1980-1989,78.745,10,1980,1989,1.724,mean
consistent_county,FL,Tmax,12005,Bay,1990-1999,77.765,10,1990,1999,1.136,mean
consistent_county,FL,Tmax,12005,Bay,2000-2009,78.512,10,2000,2009,1.918,mean
consistent_county,FL,Tmax,12005,Bay,2010-2019,79.123,10,2010,2019,1.978,mean
consistent_county,FL,Tmax,12005,Bay,2020-2025,79.752,6,2020,2025,1.776,mean
consistent_county,FL,Tmax,12009,Brevard,1980-1989,80.834,10,1980,1989,1.953,mean
consistent_county,FL,Tmax,12009,Brevard,1990-1999,82.251,10,1990,1999,1.957,mean
consistent_county,FL,Tmax,12009,Brevard,2000-2009,81.24,10,2000,2009,4.077,mean
consistent_county,FL,Tmax,12009,Brevard,2010-2019,81.895,10,2010,2019,7.444,mean
consistent_county,FL,Tmax,12009,Brevard,2020-2025,82.338,6,2020,2025,7.336,mean
consistent_county,FL,Tmax,12011,Broward,1980-1989,84.562,10,1980,1989,1.928,mean
consistent_county,FL,Tmax,12011,Broward,1990-1999,83.715,10,1990,1999,3.173,mean
consistent_county,FL,Tmax,12011,Broward,2000-2009,83.805,10,2000,2009,8.328,mean
consistent_county,FL,Tmax,12011,Broward,2010-2019,84.148,10,2010,2019,6.975,mean
consistent_county,FL,Tmax,12011,Broward,2020-2025,85.114,6,2020,2025,6.516,mean
consistent_county,FL,Tmax,12015,Charlotte,1980-1989,84.599,10,1980,1989,1.0,mean
consistent_county,FL,Tmax,12015,Charlotte,1990-1999,84.744,10,1990,1999,1.297,mean
consistent_county,FL,Tmax,12015,Charlotte,2000-2009,84.511,10,2000,2009,1.946,mean
consistent_county,FL,Tmax,12015,Charlotte,2010-2019,85.772,10,2010,2019,1.972,mean
consistent_county,FL,Tmax,12015,Charlotte,2020-2025,86.678,6,2020,2025,1.345,mean
consistent_county,FL,Tmax,12017,Citrus,1980-1989,82.135,10,1980,1989,1.0,mean
consistent_county,FL,Tmax,12017,Citrus,1990-1999,82.189,10,1990,1999,1.0,mean
consistent_county,FL,Tmax,12017,Citrus,2000-2009,82.563,9,2000,2009,1.0,mean
consistent_county,FL,Tmax,12017,Citrus,2010-2019,83.877,10,2010,2019,1.0,mean
consistent_county,FL,Tmax,12017,Citrus,2020-2025,84.236,5,2020,2025,1.0,mean
consistent_county,FL,Tmax,12021,Collier,1980-1989,85.311,10,1980,1989,4.281,mean
consistent_county,FL,Tmax,12021,Collier,1990-1999,85.235,10,1990,1999,6.158,mean
consistent_county,FL,Tmax,12021,Collier,2000-2009,85.435,10,2000,2009,9.072,mean
consistent_county,FL,Tmax,12021,Collier,2010-2019,85.789,10,2010,2019,10.063,mean
consistent_county,FL,Tmax,12021,Collier,2020-2025,86.356,6,2020,2025,7.674,mean
consistent_county,FL,Tmax,12031,Duval,1980-1989,79.314,10,1980,1989,4.417,mean
consistent_county,FL,Tmax,12031,Duval,1990-1999,79.481,10,1990,1999,4.846,mean
consistent_county,FL,Tmax,12031,Duval,2000-2009,78.588,10,2000,2009,4.788,mean
consistent_county,FL,Tmax,12031,Duval,2010-2019,79.889,10,2010,2019,5.532,mean
consistent_county,FL,Tmax,12031,Duval,2020-2025,80.648,6,2020,2025,5.738,mean
consistent_county,FL,Tmax,12033,Escambia,1980-1989,76.576,10,1980,1989,1.999,mean
consistent_county,FL,Tmax,12033,Escambia,1990-1999,77.524,10,1990,1999,1.898,mean
consistent_county,FL,Tmax,12033,Escambia,2000-2009,77.528,10,2000,2009,2.638,mean
consistent_county,FL,Tmax,12033,Escambia,2010-2019,78.156,10,2010,2019,1.78,mean
consistent_county,FL,Tmax,12033,Escambia,2020-2025,79.054,6,2020,2025,1.886,mean
consistent_county,FL,Tmax,12037,Franklin,1980-1989,76.917,10,1980,1989,1.0,mean
consistent_county,FL,Tmax,12037,Franklin,1990-1999,78.692,9,1990,1999,1.153,mean
consistent_county,FL,Tmax,12037,Franklin,2000-2009,78.355,10,2000,2009,1.838,mean
consistent_county,FL,Tmax,12037,Franklin,2010-2019,78.727,10,2010,2019,1.267,mean
consistent_county,FL,Tmax,12037,Franklin,2020-2025,78.67,5,2021,2025,1.389,mean
consistent_county,FL,Tmax,12043,Glades,1980-1989,83.725,10,1980,1989,1.0,mean
consistent_county,FL,Tmax,12043,Glades,1990-1999,83.962,9,1990,1999,1.0,mean
consistent_county,FL,Tmax,12043,Glades,2000-2009,84.051,10,2000,2009,2.369,mean
consistent_county,FL,Tmax,12043,Glades,2010-2019,84.641,10,2010,2019,3.269,mean
consistent_county,FL,Tmax,12043,Glades,2020-2025,84.559,5,2020,2025,1.297,mean
consistent_county,FL,Tmax,12049,Hardee,1980-1989,84.803,9,1980,1989,1.0,mean
consistent_county,FL,Tmax,12049,Hardee,1990-1999,84.115,8,1990,1999,1.0,mean
consistent_county,FL,Tmax,12049,Hardee,2000-2009,83.912,10,2000,2009,1.0,mean
consistent_county,FL,Tmax,12049,Hardee,2010-2019,83.766,10,2010,2019,1.0,mean
consistent_county,FL,Tmax,12049,Hardee,2020-2025,85.384,6,2020,2025,1.0,mean
consistent_county,FL,Tmax,12053,Hernando,1980-1989,81.955,10,1980,1989,1.788,mean
consistent_county,FL,Tmax,12053,Hernando,1990-1999,82.612,10,1990,1999,2.233,mean
consistent_county,FL,Tmax,12053,Hernando,2000-2009,82.151,10,2000,2009,2.898,mean
consistent_county,FL,Tmax,12053,Hernando,2010-2019,83.392,10,2010,2019,1.723,mean
consistent_county,FL,Tmax,12053,Hernando,2020-2025,84.7,6,2020,2025,1.0,mean
consistent_county,FL,Tmax,12055,Highlands,1980-1989,84.139,10,1980,1989,1.912,mean
consistent_county,FL,Tmax,12055,Highlands,1990-1999,84.215,10,1990,1999,1.986,mean
consistent_county,FL,Tmax,12055,Highlands,2000-2009,84.252,10,2000,2009,2.189,mean
consistent_county,FL,Tmax,12055,Highlands,2010-2019,85.186,10,2010,2019,2.824,mean
consistent_county,FL,Tmax,12055,Highlands,2020-2025,85.905,6,2020,2025,2.37,mean
consistent_county,FL,Tmax,12057,Hillsborough,1980-1989,82.426,10,1980,1989,2.95,mean
consistent_county,FL,Tmax,12057,Hillsborough,1990-1999,82.807,10,1990,1999,2.979,mean
consistent_county,FL,Tmax,12057,Hillsborough,2000-2009,82.383,10,2000,2009,2.938,mean
consistent_county,FL,Tmax,12057,Hillsborough,2010-2019,83.65,10,2010,2019,3.009,mean
consistent_county,FL,Tmax,12057,Hillsborough,2020-2025,85.336,6,2020,2025,3.523,mean
consistent_county,FL,Tmax,12061,Indian River,1980-1989,82.413,10,1980,1989,1.576,mean
consistent_county,FL,Tmax,12061,Indian River,1990-1999,82.57,10,1990,1999,1.965,mean
consistent_county,FL,Tmax,12061,Indian River,2000-2009,81.887,10,2000,2009,1.918,mean
consistent_county,FL,Tmax,12061,Indian River,2010-2019,82.537,10,2010,2019,1.946,mean
consistent_county,FL,Tmax,12061,Indian River,2020-2025,83.29,6,2020,2025,1.988,mean
consistent_county,FL,Tmax,12067,Lafayette,1980-1989,80.038,10,1980,1989,1.0,mean
consistent_county,FL,Tmax,12067,Lafayette,1990-1999,81.151,10,1990,1999,1.0,mean
consistent_county,FL,Tmax,12067,Lafayette,2000-2009,80.319,9,2000,2009,1.0,mean
consistent_county,FL,Tmax,12067,Lafayette,2010-2019,80.862,10,2010,2019,1.0,mean
consistent_county,FL,Tmax,12067,Lafayette,2020-2025,80.664,6,2020,2025,1.0,mean
consistent_county,FL,Tmax,12069,Lake,1980-1989,81.632,10,1980,1989,1.934,mean
consistent_county,FL,Tmax,12069,Lake,1990-1999,81.65,10,1990,1999,2.398,mean
consistent_county,FL,Tmax,12069,Lake,2000-2009,82.149,10,2000,2009,3.988,mean
consistent_county,FL,Tmax,12069,Lake,2010-2019,82.996,10,2010,2019,4.626,mean
consistent_county,FL,Tmax,12069,Lake,2020-2025,83.942,6,2020,2025,4.887,mean
consistent_county,FL,Tmax,12071,Lee,1980-1989,84.593,10,1980,1989,1.0,mean
consistent_county,FL,Tmax,12071,Lee,1990-1999,85.274,10,1990,1999,1.161,mean
consistent_county,FL,Tmax,12071,Lee,2000-2009,84.436,10,2000,2009,1.986,mean
consistent_county,FL,Tmax,12071,Lee,2010-2019,84.973,10,2010,2019,1.991,mean
consistent_county,FL,Tmax,12071,Lee,2020-2025,85.937,6,2020,2025,1.973,mean
consistent_county,FL,Tmax,12073,Leon,1980-1989,79.238,10,1980,1989,1.0,mean
consistent_county,FL,Tmax,12073,Leon,1990-1999,80.262,10,1990,1999,1.0,mean
consistent_county,FL,Tmax,12073,Leon,2000-2009,80.298,10,2000,2009,1.647,mean
consistent_county,FL,Tmax,12073,Leon,2010-2019,81.636,10,2010,2019,1.948,mean
consistent_county,FL,Tmax,12073,Leon,2020-2025,81.316,6,2020,2025,1.976,mean
consistent_county,FL,Tmax,12081,Manatee,1980-1989,82.925,10,1980,1989,1.97,mean
consistent_county,FL,Tmax,12081,Manatee,1990-1999,83.473,10,1990,1999,2.046,mean
consistent_county,FL,Tmax,12081,Manatee,2000-2009,82.417,10,2000,2009,3.598,mean
consistent_county,FL,Tmax,12081,Manatee,2010-2019,83.348,10,2010,2019,3.305,mean
consistent_county,FL,Tmax,12081,Manatee,2020-2025,84.546,6,2020,2025,2.99,mean
consistent_county,FL,Tmax,12083,Marion,1980-1989,82.364,10,1980,1989,1.0,mean
consistent_county,FL,Tmax,12083,Marion,1990-1999,82.685,9,1990,1999,1.0,mean
consistent_county,FL,Tmax,12083,Marion,2000-2009,82.484,10,2000,2009,1.941,mean
consistent_county,FL,Tmax,12083,Marion,2010-2019,82.848,8,2010,2017,1.667,mean
consistent_county,FL,Tmax,12083,Marion,2020-2025,83.186,6,2020,2025,1.525,mean
consistent_county,FL,Tmax,12086,Miami-Dade,1980-1989,83.52,10,1980,1989,7.147,mean
consistent_county,FL,Tmax,12086,Miami-Dade,1990-1999,84.176,10,1990,1999,8.505,mean
consistent_county,FL,Tmax,12086,Miami-Dade,2000-2009,84.231,10,2000,2009,14.041,mean
consistent_county,FL,Tmax,12086,Miami-Dade,2010-2019,84.853,10,2010,2019,12.998,mean
consistent_county,FL,Tmax,12086,Miami-Dade,2020-2025,85.481,6,2020,2025,11.768,mean
consistent_county,FL,Tmax,12087,Monroe,1980-1989,83.13,10,1980,1989,4.962,mean
consistent_county,FL,Tmax,12087,Monroe,1990-1999,83.617,10,1990,1999,5.673,mean
consistent_county,FL,Tmax,12087,Monroe,2000-2009,83.232,10,2000,2009,8.236,mean
consistent_county,FL,Tmax,12087,Monroe,2010-2019,83.55,10,2010,2019,9.7,mean
consistent_county,FL,Tmax,12087,Monroe,2020-2025,84.94,6,2020,2025,7.982,mean
consistent_county,FL,Tmax,12091,Okaloosa,1980-1989,78.416,8,1980,1989,1.597,mean
consistent_county,FL,Tmax,12091,Okaloosa,1990-1999,78.584,10,1990,1999,1.952,mean
consistent_county,FL,Tmax,12091,Okaloosa,2000-2009,77.327,10,2000,2009,2.935,mean
consistent_county,FL,Tmax,12091,Okaloosa,2010-2019,78.106,10,2010,2019,2.961,mean
consistent_county,FL,Tmax,12091,Okaloosa,2020-2025,79.185,6,2020,2025,3.314,mean
consistent_county,FL,Tmax,12095,Orange,1980-1989,82.737,10,1980,1989,1.0,mean
consistent_county,FL,Tmax,12095,Orange,1990-1999,82.93,10,1990,1999,1.164,mean
consistent_county,FL,Tmax,12095,Orange,2000-2009,82.724,10,2000,2009,1.991,mean
consistent_county,FL,Tmax,12095,Orange,2010-2019,83.713,10,2010,2019,2.682,mean
consistent_county,FL,Tmax,12095,Orange,2020-2025,84.464,6,2020,2025,2.982,mean
consistent_county,FL,Tmax,12097,Osceola,1980-1989,83.844,8,1980,1989,1.0,mean
consistent_county,FL,Tmax,12097,Osceola,1990-1999,83.303,8,1991,1998,1.079,mean
consistent_county,FL,Tmax,12097,Osceola,2000-2009,82.771,10,2000,2009,1.518,mean
consistent_county,FL,Tmax,12097,Osceola,2010-2019,83.671,9,2011,2019,1.895,mean
consistent_county,FL,Tmax,12097,Osceola,2020-2025,84.924,6,2020,2025,1.624,mean
consistent_county,FL,Tmax,12099,Palm Beach,1980-1989,83.935,10,1980,1989,3.784,mean
consistent_county,FL,Tmax,12099,Palm Beach,1990-1999,83.821,10,1990,1999,3.822,mean
consistent_county,FL,Tmax,12099,Palm Beach,2000-2009,83.319,10,2000,2009,5.879,mean
consistent_county,FL,Tmax,12099,Palm Beach,2010-2019,83.534,10,2010,2019,5.957,mean
consistent_county,FL,Tmax,12099,Palm Beach,2020-2025,84.385,6,2020,2025,5.509,mean
consistent_county,FL,Tmax,12101,Pasco,1980-1989,83.9,10,1980,1989,1.0,mean
consistent_county,FL,Tmax,12101,Pasco,1990-1999,83.727,10,1990,1999,1.246,mean
consistent_county,FL,Tmax,12101,Pasco,2000-2009,84.079,10,2000,2009,1.0,mean
consistent_county,FL,Tmax,12101,Pasco,2010-2019,82.132,9,2010,2019,1.0,mean
consistent_county,FL,Tmax,12101,Pasco,2020-2025,83.149,6,2020,2025,1.0,mean
consistent_county,FL,Tmax,12103,Pinellas,1980-1989,81.74,10,1980,1989,1.961,mean
consistent_county,FL,Tmax,12103,Pinellas,1990-1999,82.456,10,1990,1999,2.256,mean
consistent_county,FL,Tmax,12103,Pinellas,2000-2009,81.342,10,2000,2009,3.948,mean
consistent_county,FL,Tmax,12103,Pinellas,2010-2019,81.836,10,2010,2019,3.476,mean
consistent_county,FL,Tmax,12103,Pinellas,2020-2025,82.918,6,2020,2025,3.411,mean
consistent_county,FL,Tmax,12105,Polk,1980-1989,84.263,10,1980,1989,4.954,mean
consistent_county,FL,Tmax,12105,Polk,1990-1999,84.033,10,1990,1999,5.137,mean
consistent_county,FL,Tmax,12105,Polk,2000-2009,83.662,10,2000,2009,4.637,mean
consistent_county,FL,Tmax,12105,Polk,2010-2019,84.821,10,2010,2019,4.722,mean
consistent_county,FL,Tmax,12105,Polk,2020-2025,85.461,6,2020,2025,5.07,mean
consistent_county,FL,Tmax,12109,St. Johns,1980-1989,79.236,10,1980,1989,1.919,mean
consistent_county,FL,Tmax,12109,St. Johns,1990-1999,80.045,10,1990,1999,1.961,mean
consistent_county,FL,Tmax,12109,St. Johns,2000-2009,79.955,10,2000,2009,1.976,mean
consistent_county,FL,Tmax,12109,St. Johns,2010-2019,79.907,9,2010,2018,1.812,mean
consistent_county,FL,Tmax,12109,St. Johns,2020-2025,80.149,6,2020,2025,2.22,mean
consistent_county,FL,Tmax,12111,St. Lucie,1980-1989,83.463,10,1980,1989,1.0,mean
consistent_county,FL,Tmax,12111,St. Lucie,1990-1999,83.876,10,1990,1999,1.163,mean
consistent_county,FL,Tmax,12111,St. Lucie,2000-2009,81.814,10,2000,2009,2.702,mean
consistent_county,FL,Tmax,12111,St. Lucie,2010-2019,82.21,10,2010,2019,3.341,mean
consistent_county,FL,Tmax,12111,St. Lucie,2020-2025,82.984,6,2020,2025,2.952,mean
consistent_county,FL,Tmax,12113,Santa Rosa,1980-1989,77.739,10,1980,1989,1.998,mean
consistent_county,FL,Tmax,12113,Santa Rosa,1990-1999,78.315,10,1990,1999,1.976,mean
consistent_county,FL,Tmax,12113,Santa Rosa,2000-2009,78.555,9,2001,2009,2.632,mean
consistent_county,FL,Tmax,12113,Santa Rosa,2010-2019,79.191,10,2010,2019,3.38,mean
consistent_county,FL,Tmax,12113,Santa Rosa,2020-2025,79.193,6,2020,2025,3.007,mean
consistent_county,FL,Tmax,12115,Sarasota,1980-1989,83.72,10,1980,1989,1.934,mean
consistent_county,FL,Tmax,12115,Sarasota,1990-1999,85.624,9,1990,1999,1.742,mean
consistent_county,FL,Tmax,12115,Sarasota,2000-2009,83.963,10,2000,2009,1.943,mean
consistent_county,FL,Tmax,12115,Sarasota,2010-2019,84.916,10,2010,2019,1.948,mean
consistent_county,FL,Tmax,12115,Sarasota,2020-2025,84.408,6,2020,2025,2.474,mean
consistent_county,FL,Tmax,12117,Seminole,1980-1989,81.45,10,1980,1989,1.0,mean
consistent_county,FL,Tmax,12117,Seminole,1990-1999,82.427,10,1990,1999,1.086,mean
consistent_county,FL,Tmax,12117,Seminole,2000-2009,82.899,10,2000,2009,1.95,mean
consistent_county,FL,Tmax,12117,Seminole,2010-2019,83.238,10,2010,2019,1.989,mean
consistent_county,FL,Tmax,12117,Seminole,2020-2025,83.722,6,2020,2025,1.962,mean
consistent_county,FL,Tmax,12127,Volusia,1980-1989,80.86,10,1980,1989,1.911,mean
consistent_county,FL,Tmax,12127,Volusia,1990-1999,80.867,10,1990,1999,1.987,mean
consistent_county,FL,Tmax,12127,Volusia,2000-2009,80.548,10,2000,2009,3.477,mean
consistent_county,FL,Tmax,12127,Volusia,2010-2019,81.077,10,2010,2019,3.802,mean
consistent_county,FL,Tmax,12127,Volusia,2020-2025,81.17,6,2020,2025,3.799,mean
consistent_county,FL,Tmin,12001,Alachua,1980-1989,56.793,10,1980,1989,2.553,mean
consistent_county,FL,Tmin,12001,Alachua,1990-1999,57.352,10,1990,1999,2.95,mean
consistent_county,FL,Tmin,12001,Alachua,2000-2009,57.082,10,2000,2009,2.062,mean
consistent_county,FL,Tmin,12001,Alachua,2010-2019,58.382,10,2010,2019,1.47,mean
consistent_county,FL,Tmin,12001,Alachua,2020-2025,59.303,6,2020,2025,1.0,mean
consistent_county,FL,Tmin,12005,Bay,1980-1989,54.652,10,1980,1989,1.731,mean
consistent_county,FL,Tmin,12005,Bay,1990-1999,56.472,10,1990,1999,1.137,mean
consistent_county,FL,Tmin,12005,Bay,2000-2009,59.671,10,2000,2009,1.919,mean
consistent_county,FL,Tmin,12005,Bay,2010-2019,59.148,10,2010,2019,1.978,mean
consistent_county,FL,Tmin,12005,Bay,2020-2025,60.349,6,2020,2025,1.776,mean
consistent_county,FL,Tmin,12009,Brevard,1980-1989,62.274,10,1980,1989,1.953,mean
consistent_county,FL,Tmin,12009,Brevard,1990-1999,62.918,10,1990,1999,1.957,mean
consistent_county,FL,Tmin,12009,Brevard,2000-2009,63.523,10,2000,2009,4.077,mean
consistent_county,FL,Tmin,12009,Brevard,2010-2019,64.108,10,2010,2019,7.444,mean
consistent_county,FL,Tmin,12009,Brevard,2020-2025,64.915,6,2020,2025,7.336,mean
consistent_county,FL,Tmin,12011,Broward,1980-1989,67.916,10,1980,1989,1.928,mean
consistent_county,FL,Tmin,12011,Broward,1990-1999,68.441,10,1990,1999,3.173,mean
consistent_county,FL,Tmin,12011,Broward,2000-2009,68.918,10,2000,2009,8.328,mean
consistent_county,FL,Tmin,12011,Broward,2010-2019,70.178,10,2010,2019,6.975,mean
consistent_county,FL,Tmin,12011,Broward,2020-2025,71.069,6,2020,2025,6.516,mean
consistent_county,FL,Tmin,12015,Charlotte,1980-1989,63.05,10,1980,1989,1.0,mean
consistent_county,FL,Tmin,12015,Charlotte,1990-1999,64.371,10,1990,1999,1.297,mean
consistent_county,FL,Tmin,12015,Charlotte,2000-2009,63.146,10,2000,2009,1.946,mean
consistent_county,FL,Tmin,12015,Charlotte,2010-2019,64.238,10,2010,2019,1.972,mean
consistent_county,FL,Tmin,12015,Charlotte,2020-2025,65.546,6,2020,2025,1.345,mean
consistent_county,FL,Tmin,12021,Collier,1980-1989,63.667,10,1980,1989,4.281,mean
consistent_county,FL,Tmin,12021,Collier,1990-1999,65.636,10,1990,1999,6.158,mean
consistent_county,FL,Tmin,12021,Collier,2000-2009,64.872,10,2000,2009,9.072,mean
consistent_county,FL,Tmin,12021,Collier,2010-2019,65.972,10,2010,2019,10.063,mean
consistent_county,FL,Tmin,12021,Collier,2020-2025,67.185,6,2020,2025,7.674,mean
consistent_county,FL,Tmin,12031,Duval,1980-1989,59.243,10,1980,1989,4.417,mean
consistent_county,FL,Tmin,12031,Duval,1990-1999,60.775,10,1990,1999,4.846,mean
consistent_county,FL,Tmin,12031,Duval,2000-2009,60.632,10,2000,2009,4.788,mean
consistent_county,FL,Tmin,12031,Duval,2010-2019,61.649,10,2010,2019,5.532,mean
consistent_county,FL,Tmin,12031,Duval,2020-2025,62.559,6,2020,2025,5.738,mean
consistent_county,FL,Tmin,12033,Escambia,1980-1989,58.538,10,1980,1989,1.999,mean
consistent_county,FL,Tmin,12033,Escambia,1990-1999,59.5,10,1990,1999,1.898,mean
consistent_county,FL,Tmin,12033,Escambia,2000-2009,59.438,10,2000,2009,2.638,mean
consistent_county,FL,Tmin,12033,Escambia,2010-2019,60.571,10,2010,2019,1.78,mean
consistent_county,FL,Tmin,12033,Escambia,2020-2025,61.513,6,2020,2025,1.886,mean
consistent_county,FL,Tmin,12037,Franklin,1980-1989,59.26,10,1980,1989,1.0,mean
consistent_county,FL,Tmin,12037,Franklin,1990-1999,60.339,9,1990,1999,1.154,mean
consistent_county,FL,Tmin,12037,Franklin,2000-2009,59.174,10,2000,2009,1.844,mean
consistent_county,FL,Tmin,12037,Franklin,2010-2019,60.926,10,2010,2019,1.267,mean
consistent_county,FL,Tmin,12037,Franklin,2020-2025,61.255,5,2021,2025,1.389,mean
consistent_county,FL,Tmin,12043,Glades,1980-1989,62.684,9,1980,1989,1.0,mean
consistent_county,FL,Tmin,12043,Glades,1990-1999,64.12,9,1990,1999,1.0,mean
consistent_county,FL,Tmin,12043,Glades,2000-2009,62.932,9,2000,2009,2.521,mean
consistent_county,FL,Tmin,12043,Glades,2010-2019,63.35,10,2010,2019,3.269,mean
consistent_county,FL,Tmin,12043,Glades,2020-2025,64.859,5,2020,2025,1.298,mean
consistent_county,FL,Tmin,12049,Hardee,1980-1989,61.16,10,1980,1989,1.0,mean
consistent_county,FL,Tmin,12049,Hardee,1990-1999,61.499,8,1990,1999,1.0,mean
consistent_county,FL,Tmin,12049,Hardee,2000-2009,60.546,10,2000,2009,1.0,mean
consistent_county,FL,Tmin,12049,Hardee,2010-2019,60.623,10,2010,2019,1.0,mean
consistent_county,FL,Tmin,12049,Hardee,2020-2025,61.883,6,2020,2025,1.0,mean
consistent_county,FL,Tmin,12051,Hendry,1980-1989,62.308,10,1980,1989,2.865,mean
consistent_county,FL,Tmin,12051,Hendry,1990-1999,63.012,10,1990,1999,2.44,mean
consistent_county,FL,Tmin,12051,Hendry,2000-2009,63.104,10,2000,2009,3.098,mean
consistent_county,FL,Tmin,12051,Hendry,2010-2019,63.593,10,2010,2019,3.398,mean
consistent_county,FL,Tmin,12051,Hendry,2020-2025,65.296,6,2020,2025,1.0,mean
consistent_county,FL,Tmin,12053,Hernando,1980-1989,58.934,10,1980,1989,1.79,mean
consistent_county,FL,Tmin,12053,Hernando,1990-1999,60.809,10,1990,1999,2.233,mean
consistent_county,FL,Tmin,12053,Hernando,2000-2009,59.545,10,2000,2009,2.898,mean
consistent_county,FL,Tmin,12053,Hernando,2010-2019,60.871,10,2010,2019,1.723,mean
consistent_county,FL,Tmin,12053,Hernando,2020-2025,60.967,6,2020,2025,1.0,mean
consistent_county,FL,Tmin,12055,Highlands,1980-1989,59.608,10,1980,1989,1.912,mean
consistent_county,FL,Tmin,12055,Highlands,1990-1999,60.838,10,1990,1999,1.986,mean
consistent_county,FL,Tmin,12055,Highlands,2000-2009,60.29,10,2000,2009,2.189,mean
consistent_county,FL,Tmin,12055,Highlands,2010-2019,61.608,10,2010,2019,2.824,mean
consistent_county,FL,Tmin,12055,Highlands,2020-2025,62.434,6,2020,2025,2.37,mean
consistent_county,FL,Tmin,12057,Hillsborough,1980-1989,61.933,10,1980,1989,2.95,mean
consistent_county,FL,Tmin,12057,Hillsborough,1990-1999,63.364,10,1990,1999,2.979,mean
consistent_county,FL,Tmin,12057,Hillsborough,2000-2009,63.264,10,2000,2009,2.938,mean
consistent_county,FL,Tmin,12057,Hillsborough,2010-2019,64.898,10,2010,2019,3.009,mean
consistent_county,FL,Tmin,12057,Hillsborough,2020-2025,65.992,6,2020,2025,3.523,mean
consistent_county,FL,Tmin,12061,Indian River,1980-1989,62.795,10,1980,1989,1.576,mean
consistent_county,FL,Tmin,12061,Indian River,1990-1999,64.12,10,1990,1999,1.965,mean
consistent_county,FL,Tmin,12061,Indian River,2000-2009,63.714,10,2000,2009,1.918,mean
consistent_county,FL,Tmin,12061,Indian River,2010-2019,65.205,10,2010,2019,1.946,mean
consistent_county,FL,Tmin,12061,Indian River,2020-2025,66.384,6,2020,2025,1.988,mean
consistent_county,FL,Tmin,12069,Lake,1980-1989,60.635,10,1980,1989,1.934,mean
consistent_county,FL,Tmin,12069,Lake,1990-1999,61.508,10,1990,1999,2.398,mean
consistent_county,FL,Tmin,12069,Lake,2000-2009,60.616,10,2000,2009,3.988,mean
consistent_county,FL,Tmin,12069,Lake,2010-2019,61.433,10,2010,2019,4.626,mean
consistent_county,FL,Tmin,12069,Lake,2020-2025,62.404,6,2020,2025,4.887,mean
consistent_county,FL,Tmin,12071,Lee,1980-1989,65.193,10,1980,1989,1.0,mean
consistent_county,FL,Tmin,12071,Lee,1990-1999,66.098,10,1990,1999,1.161,mean
consistent_county,FL,Tmin,12071,Lee,2000-2009,65.034,10,2000,2009,1.986,mean
consistent_county,FL,Tmin,12071,Lee,2010-2019,66.249,10,2010,2019,1.991,mean
consistent_county,FL,Tmin,12071,Lee,2020-2025,67.402,6,2020,2025,1.973,mean
consistent_county,FL,Tmin,12073,Leon,1980-1989,55.058,10,1980,1989,1.0,mean
consistent_county,FL,Tmin,12073,Leon,1990-1999,56.312,10,1990,1999,1.0,mean
consistent_county,FL,Tmin,12073,Leon,2000-2009,55.831,10,2000,2009,1.647,mean
consistent_county,FL,Tmin,12073,Leon,2010-2019,57.264,10,2010,2019,1.948,mean
consistent_county,FL,Tmin,12073,Leon,2020-2025,58.092,6,2020,2025,1.976,mean
consistent_county,FL,Tmin,12075,Levy,1980-1989,56.13,8,1980,1989,1.0,mean
consistent_county,FL,Tmin,12075,Levy,1990-1999,59.211,10,1990,1999,1.0,mean
consistent_county,FL,Tmin,12075,Levy,2000-2009,57.596,10,2000,2009,1.658,mean
consistent_county,FL,Tmin,12075,Levy,2010-2019,59.464,10,2010,2019,1.929,mean
consistent_county,FL,Tmin,12075,Levy,2020-2025,59.986,6,2020,2025,1.995,mean
consistent_county,FL,Tmin,12081,Manatee,1980-1989,61.486,10,1980,1989,1.97,mean
consistent_county,FL,Tmin,12081,Manatee,1990-1999,62.553,10,1990,1999,2.046,mean
consistent_county,FL,Tmin,12081,Manatee,2000-2009,62.901,10,2000,2009,3.598,mean
consistent_county,FL,Tmin,12081,Manatee,2010-2019,64.06,10,2010,2019,3.305,mean
consistent_county,FL,Tmin,12081,Manatee,2020-2025,65.425,6,2020,2025,2.99,mean
consistent_county,FL,Tmin,12086,Miami-Dade,1980-1989,67.939,10,1980,1989,7.147,mean
consistent_county,FL,Tmin,12086,Miami-Dade,1990-1999,68.954,10,1990,1999,8.505,mean
consistent_county,FL,Tmin,12086,Miami-Dade,2000-2009,67.763,10,2000,2009,14.041,mean
consistent_county,FL,Tmin,12086,Miami-Dade,2010-2019,68.95,10,2010,2019,12.998,mean
consistent_county,FL,Tmin,12086,Miami-Dade,2020-2025,70.17,6,2020,2025,11.768,mean
consistent_county,FL,Tmin,12087,Monroe,1980-1989,70.889,10,1980,1989,4.962,mean
consistent_county,FL,Tmin,12087,Monroe,1990-1999,71.632,10,1990,1999,5.673,mean
consistent_county,FL,Tmin,12087,Monroe,2000-2009,72.026,10,2000,2009,8.236,mean
consistent_county,FL,Tmin,12087,Monroe,2010-2019,72.892,10,2010,2019,9.7,mean
consistent_county,FL,Tmin,12087,Monroe,2020-2025,74.34,6,2020,2025,7.982,mean
consistent_county,FL,Tmin,12095,Orange,1980-1989,62.21,10,1980,1989,1.0,mean
consistent_county,FL,Tmin,12095,Orange,1990-1999,63.531,10,1990,1999,1.164,mean
consistent_county,FL,Tmin,12095,Orange,2000-2009,63.472,10,2000,2009,1.991,mean
consistent_county,FL,Tmin,12095,Orange,2010-2019,64.021,10,2010,2019,2.682,mean
consistent_county,FL,Tmin,12095,Orange,2020-2025,64.944,6,2020,2025,2.982,mean
consistent_county,FL,Tmin,12099,Palm Beach,1980-1989,63.688,10,1980,1989,3.784,mean
consistent_county,FL,Tmin,12099,Palm Beach,1990-1999,65.5,10,1990,1999,3.822,mean
consistent_county,FL,Tmin,12099,Palm Beach,2000-2009,65.726,10,2000,2009,5.879,mean
consistent_county,FL,Tmin,12099,Palm Beach,2010-2019,67.274,10,2010,2019,5.957,mean
consistent_county,FL,Tmin,12099,Palm Beach,2020-2025,68.139,6,2020,2025,5.509,mean
consistent_county,FL,Tmin,12101,Pasco,1980-1989,61.41,10,1980,1989,1.0,mean
consistent_county,FL,Tmin,12101,Pasco,1990-1999,62.03,10,1990,1999,1.246,mean
consistent_county,FL,Tmin,12101,Pasco,2000-2009,62.332,10,2000,2009,1.0,mean
consistent_county,FL,Tmin,12101,Pasco,2010-2019,62.364,9,2010,2019,1.0,mean
consistent_county,FL,Tmin,12101,Pasco,2020-2025,63.674,6,2020,2025,1.0,mean
consistent_county,FL,Tmin,12103,Pinellas,1980-1989,64.496,10,1980,1989,1.961,mean
consistent_county,FL,Tmin,12103,Pinellas,1990-1999,65.505,10,1990,1999,2.256,mean
consistent_county,FL,Tmin,12103,Pinellas,2000-2009,66.394,10,2000,2009,3.948,mean
consistent_county,FL,Tmin,12103,Pinellas,2010-2019,67.021,10,2010,2019,3.476,mean
consistent_county,FL,Tmin,12103,Pinellas,2020-2025,66.998,6,2020,2025,3.411,mean
consistent_county,FL,Tmin,12105,Polk,1980-1989,61.154,10,1980,1989,4.954,mean
consistent_county,FL,Tmin,12105,Polk,1990-1999,63.202,10,1990,1999,5.137,mean
consistent_county,FL,Tmin,12105,Polk,2000-2009,63.248,10,2000,2009,4.637,mean
consistent_county,FL,Tmin,12105,Polk,2010-2019,63.946,10,2010,2019,4.722,mean
consistent_county,FL,Tmin,12105,Polk,2020-2025,64.752,6,2020,2025,5.07,mean
consistent_county,FL,Tmin,12109,St. Johns,1980-1989,58.764,10,1980,1989,1.919,mean
consistent_county,FL,Tmin,12109,St. Johns,1990-1999,59.641,10,1990,1999,1.961,mean
consistent_county,FL,Tmin,12109,St. Johns,2000-2009,60.004,10,2000,2009,1.976,mean
consistent_county,FL,Tmin,12109,St. Johns,2010-2019,60.707,9,2010,2018,1.812,mean
consistent_county,FL,Tmin,12109,St. Johns,2020-2025,62.252,6,2020,2025,2.22,mean
consistent_county,FL,Tmin,12111,St. Lucie,1980-1989,63.119,10,1980,1989,1.0,mean
consistent_county,FL,Tmin,12111,St. Lucie,1990-1999,62.695,10,1990,1999,1.164,mean
consistent_county,FL,Tmin,12111,St. Lucie,2000-2009,63.512,10,2000,2009,2.703,mean
consistent_county,FL,Tmin,12111,St. Lucie,2010-2019,65.651,10,2010,2019,3.341,mean
consistent_county,FL,Tmin,12111,St. Lucie,2020-2025,67.568,6,2020,2025,2.952,mean
consistent_county,FL,Tmin,12113,Santa Rosa,1980-1989,55.962,10,1980,1989,1.998,mean
consistent_county,FL,Tmin,12113,Santa Rosa,1990-1999,56.627,10,1990,1999,1.978,mean
consistent_county,FL,Tmin,12113,Santa Rosa,2000-2009,56.745,9,2001,2009,2.639,mean
consistent_county,FL,Tmin,12113,Santa Rosa,2010-2019,58.554,10,2010,2019,3.38,mean
consistent_county,FL,Tmin,12113,Santa Rosa,2020-2025,59.812,6,2020,2025,3.01,mean
consistent_county,FL,Tmin,12115,Sarasota,1980-1989,62.01,10,1980,1989,1.934,mean
consistent_county,FL,Tmin,12115,Sarasota,1990-1999,62.99,9,1990,1999,1.742,mean
consistent_county,FL,Tmin,12115,Sarasota,2000-2009,62.616,10,2000,2009,1.943,mean
consistent_county,FL,Tmin,12115,Sarasota,2010-2019,64.318,10,2010,2019,1.948,mean
consistent_county,FL,Tmin,12115,Sarasota,2020-2025,64.495,6,2020,2025,2.474,mean
consistent_county,FL,Tmin,12117,Seminole,1980-1989,60.479,10,1980,1989,1.0,mean
consistent_county,FL,Tmin,12117,Seminole,1990-1999,61.907,10,1990,1999,1.088,mean
consistent_county,FL,Tmin,12117,Seminole,2000-2009,62.854,10,2000,2009,1.951,mean
consistent_county,FL,Tmin,12117,Seminole,2010-2019,63.625,10,2010,2019,1.989,mean
consistent_county,FL,Tmin,12117,Seminole,2020-2025,64.856,6,2020,2025,1.962,mean
consistent_county,FL,Tmin,12127,Volusia,1980-1989,59.405,10,1980,1989,1.911,mean
consistent_county,FL,Tmin,12127,Volusia,1990-1999,61.574,10,1990,1999,1.987,mean
consistent_county,FL,Tmin,12127,Volusia,2000-2009,61.645,10,2000,2009,3.477,mean
consistent_county,FL,Tmin,12127,Volusia,2010-2019,63.352,10,2010,2019,3.802,mean
consistent_county,FL,Tmin,12127,Volusia,2020-2025,64.504,6,2020,2025,3.799,mean
consistent_county,LA,Tavg,22003,Allen,1980-1989,66.567,10,1980,1989,1.993,mean
consistent_county,LA,Tavg,22003,Allen,1990-1999,67.093,10,1990,1999,1.986,mean
consistent_county,LA,Tavg,22003,Allen,2000-2009,67.491,10,2000,2009,1.279,mean
consistent_county,LA,Tavg,22003,Allen,2010-2019,67.27,10,2010,2019,1.0,mean
consistent_county,LA,Tavg,22003,Allen,2020-2025,69.027,5,2021,2025,1.0,mean
consistent_county,LA,Tavg,22007,Assumption,1980-1989,67.738,10,1980,1989,1.0,mean
consistent_county,LA,Tavg,22007,Assumption,1990-1999,68.131,10,1990,1999,1.0,mean
consistent_county,LA,Tavg,22007,Assumption,2000-2009,68.119,10,2000,2009,1.0,mean
consistent_county,LA,Tavg,22007,Assumption,2010-2019,68.419,10,2010,2019,1.0,mean
consistent_county,LA,Tavg,22007,Assumption,2020-2025,69.618,6,2020,2025,1.0,mean
consistent_county,LA,Tavg,22009,Avoyelles,1980-1989,66.159,10,1980,1989,1.0,mean
consistent_county,LA,Tavg,22009,Avoyelles,1990-1999,67.212,10,1990,1999,1.0,mean
consistent_county,LA,Tavg,22009,Avoyelles,2000-2009,67.607,10,2000,2009,1.0,mean
consistent_county,LA,Tavg,22009,Avoyelles,2010-2019,67.431,10,2010,2019,1.0,mean
consistent_county,LA,Tavg,22009,Avoyelles,2020-2025,67.478,6,2020,2025,1.0,mean
consistent_county,LA,Tavg,22013,Bienville,1980-1989,63.958,10,1980,1989,1.0,mean
consistent_county,LA,Tavg,22013,Bienville,1990-1999,64.674,10,1990,1999,1.0,mean
consistent_county,LA,Tavg,22013,Bienville,2000-2009,64.861,8,2000,2009,1.0,mean
consistent_county,LA,Tavg,22013,Bienville,2010-2019,65.948,10,2010,2019,1.0,mean
consistent_county,LA,Tavg,22013,Bienville,2020-2025,66.341,6,2020,2025,1.0,mean
consistent_county,LA,Tavg,22015,Bossier,1980-1989,63.689,10,1980,1989,1.998,mean
consistent_county,LA,Tavg,22015,Bossier,1990-1999,64.895,10,1990,1999,2.176,mean
consistent_county,LA,Tavg,22015,Bossier,2000-2009,65.65,10,2000,2009,2.483,mean
consistent_county,LA,Tavg,22015,Bossier,2010-2019,66.276,10,2010,2019,2.961,mean
consistent_county,LA,Tavg,22015,Bossier,2020-2025,67.868,6,2020,2025,2.183,mean
consistent_county,LA,Tavg,22017,Caddo,1980-1989,65.191,10,1980,1989,1.0,mean
consistent_county,LA,Tavg,22017,Caddo,1990-1999,65.976,10,1990,1999,1.291,mean
consistent_county,LA,Tavg,22017,Caddo,2000-2009,65.786,10,2000,2009,3.609,mean
consistent_county,LA,Tavg,22017,Caddo,2010-2019,66.272,10,2010,2019,4.232,mean
consistent_county,LA,Tavg,22017,Caddo,2020-2025,66.769,6,2020,2025,4.684,mean
consistent_county,LA,Tavg,22019,Calcasieu,1980-1989,67.178,10,1980,1989,1.959,mean
consistent_county,LA,Tavg,22019,Calcasieu,1990-1999,68.324,10,1990,1999,1.449,mean
consistent_county,LA,Tavg,22019,Calcasieu,2000-2009,68.425,10,2000,2009,1.627,mean
consistent_county,LA,Tavg,22019,Calcasieu,2010-2019,68.958,10,2010,2019,2.543,mean
consistent_county,LA,Tavg,22019,Calcasieu,2020-2025,69.774,6,2020,2025,2.15,mean
consistent_county,LA,Tavg,22027,Claiborne,1980-1989,63.067,10,1980,1989,1.0,mean
consistent_county,LA,Tavg,22027,Claiborne,1990-1999,63.995,9,1990,1999,1.0,mean
consistent_county,LA,Tavg,22027,Claiborne,2000-2009,63.496,10,2000,2009,1.658,mean
consistent_county,LA,Tavg,22027,Claiborne,2010-2019,64.326,10,2010,2019,1.914,mean
consistent_county,LA,Tavg,22027,Claiborne,2020-2025,65.139,6,2020,2025,1.988,mean
consistent_county,LA,Tavg,22033,East Baton Rouge,1980-1989,67.195,10,1980,1989,2.006,mean
consistent_county,LA,Tavg,22033,East Baton Rouge,1990-1999,67.882,10,1990,1999,1.993,mean
consistent_county,LA,Tavg,22033,East Baton Rouge,2000-2009,68.291,10,2000,2009,1.983,mean
consistent_county,LA,Tavg,22033,East Baton Rouge,2010-2019,68.404,10,2010,2019,1.921,mean
consistent_county,LA,Tavg,22033,East Baton Rouge,2020-2025,70.476,6,2020,2025,1.0,mean
consistent_county,LA,Tavg,22041,Franklin,1980-1989,64.784,10,1980,1989,1.0,mean
consistent_county,LA,Tavg,22041,Franklin,1990-1999,65.9,9,1990,1999,1.0,mean
consistent_county,LA,Tavg,22041,Franklin,2000-2009,66.322,10,2000,2009,1.555,mean
consistent_county,LA,Tavg,22041,Franklin,2010-2019,66.39,8,2010,2017,1.842,mean
consistent_county,LA,Tavg,22041,Franklin,2020-2025,67.447,5,2020,2024,1.387,mean
consistent_county,LA,Tavg,22045,Iberia,1980-1989,67.551,10,1980,1989,1.992,mean
consistent_county,LA,Tavg,22045,Iberia,1990-1999,68.163,10,1990,1999,2.13,mean
consistent_county,LA,Tavg,22045,Iberia,2000-2009,68.789,10,2000,2009,2.669,mean
consistent_county,LA,Tavg,22045,Iberia,2010-2019,69.061,10,2010,2019,1.993,mean
consistent_county,LA,Tavg,22045,Iberia,2020-2025,69.628,6,2020,2025,2.323,mean
consistent_county,LA,Tavg,22047,Iberville,1980-1989,67.607,9,1980,1988,1.0,mean
consistent_county,LA,Tavg,22047,Iberville,1990-1999,68.446,10,1990,1999,1.0,mean
consistent_county,LA,Tavg,22047,Iberville,2000-2009,69.126,8,2000,2008,1.0,mean
consistent_county,LA,Tavg,22047,Iberville,2010-2019,69.269,8,2012,2019,1.0,mean
consistent_county,LA,Tavg,22047,Iberville,2020-2025,70.226,6,2020,2025,1.0,mean
consistent_county,LA,Tavg,22051,Jefferson,1980-1989,68.429,10,1980,1989,1.0,mean
consistent_county,LA,Tavg,22051,Jefferson,1990-1999,69.147,10,1990,1999,1.994,mean
consistent_county,LA,Tavg,22051,Jefferson,2000-2009,69.74,10,2000,2009,2.827,mean
consistent_county,LA,Tavg,22051,Jefferson,2010-2019,70.481,10,2010,2019,2.857,mean
consistent_county,LA,Tavg,22051,Jefferson,2020-2025,72.152,6,2020,2025,1.091,mean
consistent_county,LA,Tavg,22053,Jefferson Davis,1980-1989,66.946,10,1980,1989,1.0,mean
consistent_county,LA,Tavg,22053,Jefferson Davis,1990-1999,67.465,10,1990,1999,1.0,mean
consistent_county,LA,Tavg,22053,Jefferson Davis,2000-2009,67.922,10,2000,2009,1.0,mean
consistent_county,LA,Tavg,22053,Jefferson Davis,2010-2019,68.569,10,2010,2019,1.0,mean
consistent_county,LA,Tavg,22053,Jefferson Davis,2020-2025,68.948,6,2020,2025,1.0,mean
consistent_county,LA,Tavg,22055,Lafayette,1980-1989,67.79,10,1980,1989,1.042,mean
consistent_county,LA,Tavg,22055,Lafayette,1990-1999,68.595,10,1990,1999,1.994,mean
consistent_county,LA,Tavg,22055,Lafayette,2000-2009,68.398,10,2000,2009,1.979,mean
consistent_county,LA,Tavg,22055,Lafayette,2010-2019,69.53,10,2010,2019,1.574,mean
consistent_county,LA,Tavg,22055,Lafayette,2020-2025,70.789,6,2020,2025,1.0,mean
consistent_county,LA,Tavg,22057,Lafourche,1980-1989,68.716,10,1980,1989,1.968,mean
consistent_county,LA,Tavg,22057,Lafourche,1990-1999,68.762,10,1990,1999,1.988,mean
consistent_county,LA,Tavg,22057,Lafourche,2000-2009,69.28,10,2000,2009,1.781,mean
consistent_county,LA,Tavg,22057,Lafourche,2010-2019,69.598,10,2010,2019,1.758,mean
consistent_county,LA,Tavg,22057,Lafourche,2020-2025,70.522,6,2020,2025,1.182,mean
consistent_county,LA,Tavg,22065,Madison,1980-1989,64.083,10,1980,1989,1.0,mean
consistent_county,LA,Tavg,22065,Madison,1990-1999,64.947,10,1990,1999,1.342,mean
consistent_county,LA,Tavg,22065,Madison,2000-2009,65.267,10,2000,2009,1.96,mean
consistent_county,LA,Tavg,22065,Madison,2010-2019,66.214,10,2010,2019,1.763,mean
consistent_county,LA,Tavg,22065,Madison,2020-2025,67.851,6,2020,2025,1.054,mean
consistent_county,LA,Tavg,22069,Natchitoches,1980-1989,64.305,10,1980,1989,1.995,mean
consistent_county,LA,Tavg,22069,Natchitoches,1990-1999,65.319,10,1990,1999,2.072,mean
consistent_county,LA,Tavg,22069,Natchitoches,2000-2009,66.133,10,2000,2009,3.027,mean
consistent_county,LA,Tavg,22069,Natchitoches,2010-2019,67.127,10,2010,2019,2.479,mean
consistent_county,LA,Tavg,22069,Natchitoches,2020-2025,68.363,6,2020,2025,1.989,mean
consistent_county,LA,Tavg,22071,Orleans,1980-1989,69.703,10,1980,1989,1.797,mean
consistent_county,LA,Tavg,22071,Orleans,1990-1999,70.936,10,1990,1999,1.814,mean
consistent_county,LA,Tavg,22071,Orleans,2000-2009,71.526,9,2000,2009,1.881,mean
consistent_county,LA,Tavg,22071,Orleans,2010-2019,71.646,10,2010,2019,1.842,mean
consistent_county,LA,Tavg,22071,Orleans,2020-2025,72.433,6,2020,2025,1.976,mean
consistent_county,LA,Tavg,22073,Ouachita,1980-1989,64.47,10,1980,1989,2.997,mean
consistent_county,LA,Tavg,22073,Ouachita,1990-1999,65.262,10,1990,1999,3.512,mean
consistent_county,LA,Tavg,22073,Ouachita,2000-2009,64.89,10,2000,2009,3.164,mean
consistent_county,LA,Tavg,22073,Ouachita,2010-2019,65.987,10,2010,2019,1.627,mean
consistent_county,LA,Tavg,22073,Ouachita,2020-2025,67.578,6,2020,2025,1.289,mean
consistent_county,LA,Tavg,22077,Pointe Coupee,1980-1989,66.397,10,1980,1989,2.285,mean
consistent_county,LA,Tavg,22077,Pointe Coupee,1990-1999,66.884,10,1990,1999,1.0,mean
consistent_county,LA,Tavg,22077,Pointe Coupee,2000-2009,68.21,9,2000,2009,1.0,mean
consistent_county,LA,Tavg,22077,Pointe Coupee,2010-2019,68.553,9,2010,2019,1.0,mean
consistent_county,LA,Tavg,22077,Pointe Coupee,2020-2025,69.84,6,2020,2025,1.0,mean
consistent_county,LA,Tavg,22079,Rapides,1980-1989,66.323,10,1980,1989,3.699,mean
consistent_county,LA,Tavg,22079,Rapides,1990-1999,67.097,10,1990,1999,4.814,mean
consistent_county,LA,Tavg,22079,Rapides,2000-2009,66.718,10,2000,2009,7.067,mean
consistent_county,LA,Tavg,22079,Rapides,2010-2019,67.192,10,2010,2019,6.31,mean
consistent_county,LA,Tavg,22079,Rapides,2020-2025,67.829,6,2020,2025,5.923,mean
consistent_county,LA,Tavg,22085,Sabine,1980-1989,64.517,10,1980,1989,1.642,mean
consistent_county,LA,Tavg,22085,Sabine,1990-1999,64.894,10,1990,1999,1.192,mean
consistent_county,LA,Tavg,22085,Sabine,2000-2009,66.318,10,2000,2009,2.147,mean
consistent_county,LA,Tavg,22085,Sabine,2010-2019,67.194,8,2010,2017,1.951,mean
consistent_county,LA,Tavg,22085,Sabine,2020-2025,68.82,5,2021,2025,1.0,mean
consistent_county,LA,Tavg,22103,St. Tammany,1980-1989,67.281,10,1980,1989,1.989,mean
consistent_county,LA,Tavg,22103,St. Tammany,1990-1999,67.655,10,1990,1999,2.552,mean
consistent_county,LA,Tavg,22103,St. Tammany,2000-2009,67.632,10,2000,2009,3.598,mean
consistent_county,LA,Tavg,22103,St. Tammany,2010-2019,68.201,10,2010,2019,3.019,mean
consistent_county,LA,Tavg,22103,St. Tammany,2020-2025,69.467,6,2020,2025,3.466,mean
consistent_county,LA,Tavg,22115,Vernon,1980-1989,65.73,10,1980,1989,1.998,mean
consistent_county,LA,Tavg,22115,Vernon,1990-1999,66.326,10,1990,1999,1.993,mean
consistent_county,LA,Tavg,22115,Vernon,2000-2009,66.787,10,2000,2009,3.983,mean
consistent_county,LA,Tavg,22115,Vernon,2010-2019,67.801,10,2010,2019,4.461,mean
consistent_county,LA,Tavg,22115,Vernon,2020-2025,68.844,6,2020,2025,3.971,mean
consistent_county,LA,Tavg,22127,Winn,1980-1989,65.071,10,1980,1989,1.0,mean
consistent_county,LA,Tavg,22127,Winn,1990-1999,64.908,9,1990,1999,1.0,mean
consistent_county,LA,Tavg,22127,Winn,2000-2009,65.926,10,2000,2009,1.488,mean
consistent_county,LA,Tavg,22127,Winn,2010-2019,67.483,10,2010,2019,1.0,mean
consistent_county,LA,Tavg,22127,Winn,2020-2025,68.574,6,2020,2025,1.0,mean
consistent_county,LA,Tmax,22003,Allen,1980-1989,77.516,10,1980,1989,1.993,mean
consistent_county,LA,Tmax,22003,Allen,1990-1999,77.651,10,1990,1999,1.986,mean
consistent_county,LA,Tmax,22003,Allen,2000-2009,77.947,10,2000,2009,1.279,mean
consistent_county,LA,Tmax,22003,Allen,2010-2019,77.416,10,2010,2019,1.0,mean
consistent_county,LA,Tmax,22003,Allen,2020-2025,79.177,5,2021,2025,1.0,mean
consistent_county,LA,Tmax,22007,Assumption,1980-1989,77.488,10,1980,1989,1.0,mean
consistent_county,LA,Tmax,22007,Assumption,1990-1999,78.243,10,1990,1999,1.0,mean
consistent_county,LA,Tmax,22007,Assumption,2000-2009,78.424,10,2000,2009,1.0,mean
consistent_county,LA,Tmax,22007,Assumption,2010-2019,78.556,10,2010,2019,1.0,mean
consistent_county,LA,Tmax,22007,Assumption,2020-2025,79.775,6,2020,2025,1.0,mean
consistent_county,LA,Tmax,22009,Avoyelles,1980-1989,76.65,10,1980,1989,1.0,mean
consistent_county,LA,Tmax,22009,Avoyelles,1990-1999,77.33,10,1990,1999,1.0,mean
consistent_county,LA,Tmax,22009,Avoyelles,2000-2009,78.166,10,2000,2009,1.0,mean
consistent_county,LA,Tmax,22009,Avoyelles,2010-2019,78.014,10,2010,2019,1.0,mean
consistent_county,LA,Tmax,22009,Avoyelles,2020-2025,77.835,6,2020,2025,1.0,mean
consistent_county,LA,Tmax,22013,Bienville,1980-1989,75.587,10,1980,1989,1.0,mean
consistent_county,LA,Tmax,22013,Bienville,1990-1999,75.853,10,1990,1999,1.0,mean
consistent_county,LA,Tmax,22013,Bienville,2000-2009,76.133,8,2000,2009,1.0,mean
consistent_county,LA,Tmax,22013,Bienville,2010-2019,77.207,10,2010,2019,1.0,mean
consistent_county,LA,Tmax,22013,Bienville,2020-2025,77.25,6,2020,2025,1.0,mean
consistent_county,LA,Tmax,22015,Bossier,1980-1989,75.742,10,1980,1989,1.998,mean
consistent_county,LA,Tmax,22015,Bossier,1990-1999,76.807,10,1990,1999,2.176,mean
consistent_county,LA,Tmax,22015,Bossier,2000-2009,76.156,10,2000,2009,2.483,mean
consistent_county,LA,Tmax,22015,Bossier,2010-2019,76.641,10,2010,2019,2.961,mean
consistent_county,LA,Tmax,22015,Bossier,2020-2025,78.016,6,2020,2025,2.183,mean
consistent_county,LA,Tmax,22017,Caddo,1980-1989,76.207,10,1980,1989,1.0,mean
consistent_county,LA,Tmax,22017,Caddo,1990-1999,76.94,10,1990,1999,1.291,mean
consistent_county,LA,Tmax,22017,Caddo,2000-2009,76.707,10,2000,2009,3.609,mean
consistent_county,LA,Tmax,22017,Caddo,2010-2019,76.919,10,2010,2019,4.232,mean
consistent_county,LA,Tmax,22017,Caddo,2020-2025,77.417,6,2020,2025,4.684,mean
consistent_county,LA,Tmax,22019,Calcasieu,1980-1989,77.556,10,1980,1989,1.959,mean
consistent_county,LA,Tmax,22019,Calcasieu,1990-1999,77.993,10,1990,1999,1.449,mean
consistent_county,LA,Tmax,22019,Calcasieu,2000-2009,78.427,10,2000,2009,1.627,mean
consistent_county,LA,Tmax,22019,Calcasieu,2010-2019,79.168,10,2010,2019,2.543,mean
consistent_county,LA,Tmax,22019,Calcasieu,2020-2025,79.922,6,2020,2025,2.15,mean
consistent_county,LA,Tmax,22027,Claiborne,1980-1989,74.742,10,1980,1989,1.0,mean
consistent_county,LA,Tmax,22027,Claiborne,1990-1999,75.227,9,1990,1999,1.0,mean
consistent_county,LA,Tmax,22027,Claiborne,2000-2009,75.259,10,2000,2009,1.658,mean
consistent_county,LA,Tmax,22027,Claiborne,2010-2019,76.549,10,2010,2019,1.914,mean
consistent_county,LA,Tmax,22027,Claiborne,2020-2025,77.146,6,2020,2025,1.988,mean
consistent_county,LA,Tmax,22033,East Baton Rouge,1980-1989,77.544,10,1980,1989,2.006,mean
consistent_county,LA,Tmax,22033,East Baton Rouge,1990-1999,78.283,10,1990,1999,1.993,mean
consistent_county,LA,Tmax,22033,East Baton Rouge,2000-2009,79.068,10,2000,2009,1.983,mean
consistent_county,LA,Tmax,22033,East Baton Rouge,2010-2019,78.671,10,2010,2019,1.921,mean
consistent_county,LA,Tmax,22033,East Baton Rouge,2020-2025,81.035,6,2020,2025,1.0,mean
consistent_county,LA,Tmax,22041,Franklin,1980-1989,75.839,10,1980,1989,1.0,mean
consistent_county,LA,Tmax,22041,Franklin,1990-1999,76.598,10,1990,1999,1.0,mean
consistent_county,LA,Tmax,22041,Franklin,2000-2009,77.453,10,2000,2009,1.555,mean
consistent_county,LA,Tmax,22041,Franklin,2010-2019,78.106,8,2010,2017,1.842,mean
consistent_county,LA,Tmax,22041,Franklin,2020-2025,79.099,5,2020,2024,1.386,mean
consistent_county,LA,Tmax,22045,Iberia,1980-1989,77.334,10,1980,1989,1.992,mean
consistent_county,LA,Tmax,22045,Iberia,1990-1999,77.65,10,1990,1999,2.129,mean
consistent_county,LA,Tmax,22045,Iberia,2000-2009,78.706,10,2000,2009,2.668,mean
consistent_county,LA,Tmax,22045,Iberia,2010-2019,78.802,10,2010,2019,1.993,mean
consistent_county,LA,Tmax,22045,Iberia,2020-2025,79.402,6,2020,2025,2.323,mean
consistent_county,LA,Tmax,22047,Iberville,1980-1989,77.662,9,1980,1988,1.0,mean
consistent_county,LA,Tmax,22047,Iberville,1990-1999,77.884,10,1990,1999,1.0,mean
consistent_county,LA,Tmax,22047,Iberville,2000-2009,78.742,8,2000,2008,1.0,mean
consistent_county,LA,Tmax,22047,Iberville,2010-2019,78.065,8,2012,2019,1.0,mean
consistent_county,LA,Tmax,22047,Iberville,2020-2025,79.037,6,2020,2025,1.0,mean
consistent_county,LA,Tmax,22051,Jefferson,1980-1989,77.68,10,1980,1989,1.0,mean
consistent_county,LA,Tmax,22051,Jefferson,1990-1999,78.708,10,1990,1999,1.994,mean
consistent_county,LA,Tmax,22051,Jefferson,2000-2009,78.66,10,2000,2009,2.827,mean
consistent_county,LA,Tmax,22051,Jefferson,2010-2019,79.156,10,2010,2019,2.857,mean
consistent_county,LA,Tmax,22051,Jefferson,2020-2025,80.259,6,2020,2025,1.091,mean
consistent_county,LA,Tmax,22053,Jefferson Davis,1980-1989,76.961,10,1980,1989,1.0,mean
consistent_county,LA,Tmax,22053,Jefferson Davis,1990-1999,76.768,10,1990,1999,1.0,mean
consistent_county,LA,Tmax,22053,Jefferson Davis,2000-2009,77.61,10,2000,2009,1.0,mean
consistent_county,LA,Tmax,22053,Jefferson Davis,2010-2019,78.066,10,2010,2019,1.0,mean
consistent_county,LA,Tmax,22053,Jefferson Davis,2020-2025,77.919,6,2020,2025,1.0,mean
consistent_county,LA,Tmax,22055,Lafayette,1980-1989,77.35,10,1980,1989,1.042,mean
consistent_county,LA,Tmax,22055,Lafayette,1990-1999,78.148,10,1990,1999,1.994,mean
consistent_county,LA,Tmax,22055,Lafayette,2000-2009,78.284,10,2000,2009,1.979,mean
consistent_county,LA,Tmax,22055,Lafayette,2010-2019,79.184,10,2010,2019,1.574,mean
consistent_county,LA,Tmax,22055,Lafayette,2020-2025,80.391,6,2020,2025,1.0,mean
consistent_county,LA,Tmax,22057,Lafourche,1980-1989,78.548,10,1980,1989,1.968,mean
consistent_county,LA,Tmax,22057,Lafourche,1990-1999,77.867,10,1990,1999,1.988,mean
consistent_county,LA,Tmax,22057,Lafourche,2000-2009,78.302,10,2000,2009,1.781,mean
consistent_county,LA,Tmax,22057,Lafourche,2010-2019,78.255,10,2010,2019,1.758,mean
consistent_county,LA,Tmax,22057,Lafourche,2020-2025,79.927,6,2020,2025,1.182,mean
consistent_county,LA,Tmax,22065,Madison,1980-1989,75.106,10,1980,1989,1.0,mean
consistent_county,LA,Tmax,22065,Madison,1990-1999,75.269,10,1990,1999,1.341,mean
consistent_county,LA,Tmax,22065,Madison,2000-2009,76.352,10,2000,2009,1.96,mean
consistent_county,LA,Tmax,22065,Madison,2010-2019,77.162,10,2010,2019,1.763,mean
consistent_county,LA,Tmax,22065,Madison,2020-2025,78.959,6,2020,2025,1.054,mean
consistent_county,LA,Tmax,22069,Natchitoches,1980-1989,75.957,10,1980,1989,1.995,mean
consistent_county,LA,Tmax,22069,Natchitoches,1990-1999,76.667,10,1990,1999,2.072,mean
consistent_county,LA,Tmax,22069,Natchitoches,2000-2009,77.636,10,2000,2009,3.027,mean
consistent_county,LA,Tmax,22069,Natchitoches,2010-2019,78.43,10,2010,2019,2.479,mean
consistent_county,LA,Tmax,22069,Natchitoches,2020-2025,79.952,6,2020,2025,1.989,mean
consistent_county,LA,Tmax,22071,Orleans,1980-1989,78.676,10,1980,1989,1.796,mean
consistent_county,LA,Tmax,22071,Orleans,1990-1999,79.083,10,1990,1999,1.814,mean
consistent_county,LA,Tmax,22071,Orleans,2000-2009,79.331,9,2000,2009,1.88,mean
consistent_county,LA,Tmax,22071,Orleans,2010-2019,79.053,10,2010,2019,1.842,mean
consistent_county,LA,Tmax,22071,Orleans,2020-2025,79.817,6,2020,2025,1.976,mean
consistent_county,LA,Tmax,22073,Ouachita,1980-1989,75.577,10,1980,1989,2.997,mean
consistent_county,LA,Tmax,22073,Ouachita,1990-1999,76.605,10,1990,1999,3.512,mean
consistent_county,LA,Tmax,22073,Ouachita,2000-2009,76.583,10,2000,2009,3.164,mean
consistent_county,LA,Tmax,22073,Ouachita,2010-2019,77.369,10,2010,2019,1.627,mean
consistent_county,LA,Tmax,22073,Ouachita,2020-2025,78.381,6,2020,2025,1.289,mean
consistent_county,LA,Tmax,22077,Pointe Coupee,1980-1989,77.012,10,1980,1989,2.285,mean
consistent_county,LA,Tmax,22077,Pointe Coupee,1990-1999,76.755,10,1990,1999,1.0,mean
consistent_county,LA,Tmax,22077,Pointe Coupee,2000-2009,78.848,10,2000,2009,1.0,mean
consistent_county,LA,Tmax,22077,Pointe Coupee,2010-2019,78.59,9,2010,2019,1.0,mean
consistent_county,LA,Tmax,22077,Pointe Coupee,2020-2025,79.578,6,2020,2025,1.0,mean
consistent_county,LA,Tmax,22079,Rapides,1980-1989,77.196,10,1980,1989,3.699,mean
consistent_county,LA,Tmax,22079,Rapides,1990-1999,77.61,10,1990,1999,4.814,mean
consistent_county,LA,Tmax,22079,Rapides,2000-2009,77.679,10,2000,2009,7.067,mean
consistent_county,LA,Tmax,22079,Rapides,2010-2019,77.984,10,2010,2019,6.31,mean
consistent_county,LA,Tmax,22079,Rapides,2020-2025,78.698,6,2020,2025,5.923,mean
consistent_county,LA,Tmax,22085,Sabine,1980-1989,77.246,10,1980,1989,1.642,mean
consistent_county,LA,Tmax,22085,Sabine,1990-1999,76.34,10,1990,1999,1.192,mean
consistent_county,LA,Tmax,22085,Sabine,2000-2009,77.208,10,2000,2009,2.144,mean
consistent_county,LA,Tmax,22085,Sabine,2010-2019,77.555,8,2010,2017,1.951,mean
consistent_county,LA,Tmax,22085,Sabine,2020-2025,79.721,5,2021,2025,1.0,mean
consistent_county,LA,Tmax,22103,St. Tammany,1980-1989,78.19,10,1980,1989,1.989,mean
consistent_county,LA,Tmax,22103,St. Tammany,1990-1999,78.136,10,1990,1999,2.552,mean
consistent_county,LA,Tmax,22103,St. Tammany,2000-2009,78.292,10,2000,2009,3.598,mean
consistent_county,LA,Tmax,22103,St. Tammany,2010-2019,78.183,10,2010,2019,3.019,mean
consistent_county,LA,Tmax,22103,St. Tammany,2020-2025,79.673,6,2020,2025,3.466,mean
consistent_county,LA,Tmax,22115,Vernon,1980-1989,77.227,10,1980,1989,1.998,mean
consistent_county,LA,Tmax,22115,Vernon,1990-1999,78.2,10,1990,1999,1.993,mean
consistent_county,LA,Tmax,22115,Vernon,2000-2009,77.88,10,2000,2009,3.983,mean
consistent_county,LA,Tmax,22115,Vernon,2010-2019,78.804,10,2010,2019,4.461,mean
consistent_county,LA,Tmax,22115,Vernon,2020-2025,80.052,6,2020,2025,3.971,mean
consistent_county,LA,Tmax,22127,Winn,1980-1989,77.167,10,1980,1989,1.0,mean
consistent_county,LA,Tmax,22127,Winn,1990-1999,76.9,9,1990,1999,1.0,mean
consistent_county,LA,Tmax,22127,Winn,2000-2009,76.96,10,2000,2009,1.488,mean
consistent_county,LA,Tmax,22127,Winn,2010-2019,77.935,10,2010,2019,1.0,mean
consistent_county,LA,Tmax,22127,Winn,2020-2025,79.192,6,2020,2025,1.0,mean
consistent_county,LA,Tmin,22003,Allen,1980-1989,55.619,10,1980,1989,1.993,mean
consistent_county,LA,Tmin,22003,Allen,1990-1999,56.536,10,1990,1999,1.986,mean
consistent_county,LA,Tmin,22003,Allen,2000-2009,57.04,10,2000,2009,1.279,mean
consistent_county,LA,Tmin,22003,Allen,2010-2019,57.106,10,2010,2019,1.0,mean
consistent_county,LA,Tmin,22003,Allen,2020-2025,58.986,5,2021,2025,1.0,mean
consistent_county,LA,Tmin,22007,Assumption,1980-1989,57.886,10,1980,1989,1.0,mean
consistent_county,LA,Tmin,22007,Assumption,1990-1999,58.025,10,1990,1999,1.0,mean
consistent_county,LA,Tmin,22007,Assumption,2000-2009,57.808,10,2000,2009,1.0,mean
consistent_county,LA,Tmin,22007,Assumption,2010-2019,58.282,10,2010,2019,1.0,mean
consistent_county,LA,Tmin,22007,Assumption,2020-2025,59.461,6,2020,2025,1.0,mean
consistent_county,LA,Tmin,22009,Avoyelles,1980-1989,55.641,10,1980,1989,1.0,mean
consistent_county,LA,Tmin,22009,Avoyelles,1990-1999,57.09,10,1990,1999,1.0,mean
consistent_county,LA,Tmin,22009,Avoyelles,2000-2009,56.947,10,2000,2009,1.0,mean
consistent_county,LA,Tmin,22009,Avoyelles,2010-2019,56.859,10,2010,2019,1.0,mean
consistent_county,LA,Tmin,22009,Avoyelles,2020-2025,57.052,6,2020,2025,1.0,mean
consistent_county,LA,Tmin,22013,Bienville,1980-1989,52.286,10,1980,1989,1.0,mean
consistent_county,LA,Tmin,22013,Bienville,1990-1999,53.537,10,1990,1999,1.0,mean
consistent_county,LA,Tmin,22013,Bienville,2000-2009,53.534,8,2000,2009,1.0,mean
consistent_county,LA,Tmin,22013,Bienville,2010-2019,54.691,10,2010,2019,1.0,mean
consistent_county,LA,Tmin,22013,Bienville,2020-2025,55.437,6,2020,2025,1.0,mean
consistent_county,LA,Tmin,22015,Bossier,1980-1989,51.636,10,1980,1989,1.998,mean
consistent_county,LA,Tmin,22015,Bossier,1990-1999,52.983,10,1990,1999,2.176,mean
consistent_county,LA,Tmin,22015,Bossier,2000-2009,55.144,10,2000,2009,2.483,mean
consistent_county,LA,Tmin,22015,Bossier,2010-2019,55.912,10,2010,2019,2.961,mean
consistent_county,LA,Tmin,22015,Bossier,2020-2025,57.721,6,2020,2025,2.183,mean
consistent_county,LA,Tmin,22017,Caddo,1980-1989,54.176,10,1980,1989,1.0,mean
consistent_county,LA,Tmin,22017,Caddo,1990-1999,55.011,10,1990,1999,1.291,mean
consistent_county,LA,Tmin,22017,Caddo,2000-2009,54.865,10,2000,2009,3.609,mean
consistent_county,LA,Tmin,22017,Caddo,2010-2019,55.624,10,2010,2019,4.232,mean
consistent_county,LA,Tmin,22017,Caddo,2020-2025,56.121,6,2020,2025,4.684,mean
consistent_county,LA,Tmin,22019,Calcasieu,1980-1989,56.799,10,1980,1989,1.959,mean
consistent_county,LA,Tmin,22019,Calcasieu,1990-1999,58.655,10,1990,1999,1.449,mean
consistent_county,LA,Tmin,22019,Calcasieu,2000-2009,58.414,10,2000,2009,1.627,mean
consistent_county,LA,Tmin,22019,Calcasieu,2010-2019,58.748,10,2010,2019,2.543,mean
consistent_county,LA,Tmin,22019,Calcasieu,2020-2025,59.626,6,2020,2025,2.15,mean
consistent_county,LA,Tmin,22027,Claiborne,1980-1989,51.341,10,1980,1989,1.0,mean
consistent_county,LA,Tmin,22027,Claiborne,1990-1999,52.816,9,1990,1999,1.0,mean
consistent_county,LA,Tmin,22027,Claiborne,2000-2009,51.73,10,2000,2009,1.658,mean
consistent_county,LA,Tmin,22027,Claiborne,2010-2019,52.105,10,2010,2019,1.914,mean
consistent_county,LA,Tmin,22027,Claiborne,2020-2025,53.131,6,2020,2025,1.988,mean
consistent_county,LA,Tmin,22033,East Baton Rouge,1980-1989,56.847,10,1980,1989,2.006,mean
consistent_county,LA,Tmin,22033,East Baton Rouge,1990-1999,57.482,10,1990,1999,1.993,mean
consistent_county,LA,Tmin,22033,East Baton Rouge,2000-2009,57.513,10,2000,2009,1.983,mean
consistent_county,LA,Tmin,22033,East Baton Rouge,2010-2019,58.136,10,2010,2019,1.921,mean
consistent_county,LA,Tmin,22033,East Baton Rouge,2020-2025,59.917,6,2020,2025,1.0,mean
consistent_county,LA,Tmin,22041,Franklin,1980-1989,53.721,10,1980,1989,1.0,mean
consistent_county,LA,Tmin,22041,Franklin,1990-1999,55.19,9,1990,1999,1.0,mean
consistent_county,LA,Tmin,22041,Franklin,2000-2009,55.164,10,2000,2009,1.555,mean
consistent_county,LA,Tmin,22041,Franklin,2010-2019,54.676,8,2010,2017,1.842,mean
consistent_county,LA,Tmin,22041,Franklin,2020-2025,55.772,5,2020,2024,1.387,mean
consistent_county,LA,Tmin,22045,Iberia,1980-1989,57.768,10,1980,1989,1.992,mean
consistent_county,LA,Tmin,22045,Iberia,1990-1999,58.683,10,1990,1999,2.13,mean
consistent_county,LA,Tmin,22045,Iberia,2000-2009,58.876,10,2000,2009,2.669,mean
consistent_county,LA,Tmin,22045,Iberia,2010-2019,59.319,10,2010,2019,1.993,mean
consistent_county,LA,Tmin,22045,Iberia,2020-2025,59.854,6,2020,2025,2.323,mean
consistent_county,LA,Tmin,22047,Iberville,1980-1989,57.439,9,1980,1988,1.0,mean
consistent_county,LA,Tmin,22047,Iberville,1990-1999,58.875,10,1990,1999,1.0,mean
consistent_county,LA,Tmin,22047,Iberville,2000-2009,59.436,8,2000,2008,1.0,mean
consistent_county,LA,Tmin,22047,Iberville,2010-2019,60.471,8,2012,2019,1.0,mean
consistent_county,LA,Tmin,22047,Iberville,2020-2025,61.425,6,2020,2025,1.0,mean
consistent_county,LA,Tmin,22051,Jefferson,1980-1989,59.178,10,1980,1989,1.0,mean
consistent_county,LA,Tmin,22051,Jefferson,1990-1999,59.586,10,1990,1999,1.994,mean
consistent_county,LA,Tmin,22051,Jefferson,2000-2009,60.82,10,2000,2009,2.827,mean
consistent_county,LA,Tmin,22051,Jefferson,2010-2019,61.806,10,2010,2019,2.857,mean
consistent_county,LA,Tmin,22051,Jefferson,2020-2025,64.045,6,2020,2025,1.091,mean
consistent_county,LA,Tmin,22053,Jefferson Davis,1980-1989,56.935,10,1980,1989,1.0,mean
consistent_county,LA,Tmin,22053,Jefferson Davis,1990-1999,58.126,10,1990,1999,1.0,mean
consistent_county,LA,Tmin,22053,Jefferson Davis,2000-2009,58.25,10,2000,2009,1.0,mean
consistent_county,LA,Tmin,22053,Jefferson Davis,2010-2019,59.07,10,2010,2019,1.0,mean
consistent_county,LA,Tmin,22053,Jefferson Davis,2020-2025,59.976,6,2020,2025,1.0,mean
consistent_county,LA,Tmin,22055,Lafayette,1980-1989,58.227,10,1980,1989,1.042,mean
consistent_county,LA,Tmin,22055,Lafayette,1990-1999,59.041,10,1990,1999,1.994,mean
consistent_county,LA,Tmin,22055,Lafayette,2000-2009,58.512,10,2000,2009,1.979,mean
consistent_county,LA,Tmin,22055,Lafayette,2010-2019,59.873,10,2010,2019,1.574,mean
consistent_county,LA,Tmin,22055,Lafayette,2020-2025,61.186,6,2020,2025,1.0,mean
consistent_county,LA,Tmin,22057,Lafourche,1980-1989,58.886,10,1980,1989,1.968,mean
consistent_county,LA,Tmin,22057,Lafourche,1990-1999,59.649,10,1990,1999,1.988,mean
consistent_county,LA,Tmin,22057,Lafourche,2000-2009,60.283,10,2000,2009,1.781,mean
consistent_county,LA,Tmin,22057,Lafourche,2010-2019,60.948,10,2010,2019,1.758,mean
consistent_county,LA,Tmin,22057,Lafourche,2020-2025,61.118,6,2020,2025,1.182,mean
consistent_county,LA,Tmin,22065,Madison,1980-1989,53.01,10,1980,1989,1.0,mean
consistent_county,LA,Tmin,22065,Madison,1990-1999,54.576,10,1990,1999,1.342,mean
consistent_county,LA,Tmin,22065,Madison,2000-2009,54.181,10,2000,2009,1.96,mean
consistent_county,LA,Tmin,22065,Madison,2010-2019,55.266,10,2010,2019,1.763,mean
consistent_county,LA,Tmin,22065,Madison,2020-2025,56.749,6,2020,2025,1.054,mean
consistent_county,LA,Tmin,22069,Natchitoches,1980-1989,52.646,10,1980,1989,1.995,mean
consistent_county,LA,Tmin,22069,Natchitoches,1990-1999,53.966,10,1990,1999,2.072,mean
consistent_county,LA,Tmin,22069,Natchitoches,2000-2009,54.631,10,2000,2009,3.027,mean
consistent_county,LA,Tmin,22069,Natchitoches,2010-2019,55.823,10,2010,2019,2.479,mean
consistent_county,LA,Tmin,22069,Natchitoches,2020-2025,56.774,6,2020,2025,1.989,mean
consistent_county,LA,Tmin,22071,Orleans,1980-1989,60.732,10,1980,1989,1.797,mean
consistent_county,LA,Tmin,22071,Orleans,1990-1999,62.781,10,1990,1999,1.814,mean
consistent_county,LA,Tmin,22071,Orleans,2000-2009,63.724,9,2000,2009,1.881,mean
consistent_county,LA,Tmin,22071,Orleans,2010-2019,64.242,10,2010,2019,1.842,mean
consistent_county,LA,Tmin,22071,Orleans,2020-2025,65.049,6,2020,2025,1.976,mean
consistent_county,LA,Tmin,22073,Ouachita,1980-1989,53.363,10,1980,1989,2.997,mean
consistent_county,LA,Tmin,22073,Ouachita,1990-1999,53.92,10,1990,1999,3.512,mean
consistent_county,LA,Tmin,22073,Ouachita,2000-2009,53.196,10,2000,2009,3.164,mean
consistent_county,LA,Tmin,22073,Ouachita,2010-2019,54.594,10,2010,2019,1.627,mean
consistent_county,LA,Tmin,22073,Ouachita,2020-2025,56.779,6,2020,2025,1.289,mean
consistent_county,LA,Tmin,22077,Pointe Coupee,1980-1989,55.758,10,1980,1989,2.285,mean
consistent_county,LA,Tmin,22077,Pointe Coupee,1990-1999,56.982,10,1990,1999,1.0,mean
consistent_county,LA,Tmin,22077,Pointe Coupee,2000-2009,57.485,9,2000,2009,1.0,mean
consistent_county,LA,Tmin,22077,Pointe Coupee,2010-2019,58.522,9,2010,2019,1.0,mean
consistent_county,LA,Tmin,22077,Pointe Coupee,2020-2025,60.102,6,2020,2025,1.0,mean
consistent_county,LA,Tmin,22079,Rapides,1980-1989,55.451,10,1980,1989,3.699,mean
consistent_county,LA,Tmin,22079,Rapides,1990-1999,56.585,10,1990,1999,4.814,mean
consistent_county,LA,Tmin,22079,Rapides,2000-2009,55.758,10,2000,2009,7.067,mean
consistent_county,LA,Tmin,22079,Rapides,2010-2019,56.401,10,2010,2019,6.31,mean
consistent_county,LA,Tmin,22079,Rapides,2020-2025,56.959,6,2020,2025,5.923,mean
consistent_county,LA,Tmin,22085,Sabine,1980-1989,51.754,10,1980,1989,1.642,mean
consistent_county,LA,Tmin,22085,Sabine,1990-1999,53.446,10,1990,1999,1.192,mean
consistent_county,LA,Tmin,22085,Sabine,2000-2009,55.392,10,2000,2009,2.147,mean
consistent_county,LA,Tmin,22085,Sabine,2010-2019,56.832,8,2010,2017,1.951,mean
consistent_county,LA,Tmin,22085,Sabine,2020-2025,57.95,5,2021,2025,1.0,mean
consistent_county,LA,Tmin,22103,St. Tammany,1980-1989,56.372,10,1980,1989,1.989,mean
consistent_county,LA,Tmin,22103,St. Tammany,1990-1999,57.175,10,1990,1999,2.552,mean
consistent_county,LA,Tmin,22103,St. Tammany,2000-2009,56.972,10,2000,2009,3.598,mean
consistent_county,LA,Tmin,22103,St. Tammany,2010-2019,58.218,10,2010,2019,3.019,mean
consistent_county,LA,Tmin,22103,St. Tammany,2020-2025,59.26,6,2020,2025,3.466,mean
consistent_county,LA,Tmin,22115,Vernon,1980-1989,54.233,10,1980,1989,1.998,mean
consistent_county,LA,Tmin,22115,Vernon,1990-1999,54.455,10,1990,1999,1.993,mean
consistent_county,LA,Tmin,22115,Vernon,2000-2009,55.693,10,2000,2009,3.983,mean
consistent_county,LA,Tmin,22115,Vernon,2010-2019,56.798,10,2010,2019,4.461,mean
consistent_county,LA,Tmin,22115,Vernon,2020-2025,57.635,6,2020,2025,3.971,mean
consistent_county,LA,Tmin,22127,Winn,1980-1989,52.988,10,1980,1989,1.0,mean
consistent_county,LA,Tmin,22127,Winn,1990-1999,52.94,9,1990,1999,1.0,mean
consistent_county,LA,Tmin,22127,Winn,2000-2009,54.822,10,2000,2009,1.488,mean
consistent_county,LA,Tmin,22127,Winn,2010-2019,56.931,10,2010,2019,1.0,mean
consistent_county,LA,Tmin,22127,Winn,2020-2025,57.874,6,2020,2025,1.0,mean
consistent_county,MS,Tavg,28015,Carroll,1980-1989,63.649,10,1980,1989,1.0,mean
consistent_county,MS,Tavg,28015,Carroll,1990-1999,65.045,9,1990,1999,1.0,mean
consistent_county,MS,Tavg,28015,Carroll,2000-2009,65.22,10,2000,2009,1.884,mean
consistent_county,MS,Tavg,28015,Carroll,2010-2019,64.686,10,2010,2019,1.225,mean
consistent_county,MS,Tavg,28015,Carroll,2020-2025,66.641,6,2020,2025,1.0,mean
consistent_county,MS,Tavg,28029,Copiah,1980-1989,65.105,10,1980,1989,1.913,mean
consistent_county,MS,Tavg,28029,Copiah,1990-1999,65.744,10,1990,1999,1.855,mean
consistent_county,MS,Tavg,28029,Copiah,2000-2009,65.898,10,2000,2009,2.515,mean
consistent_county,MS,Tavg,28029,Copiah,2010-2019,66.201,10,2010,2019,2.524,mean
consistent_county,MS,Tavg,28029,Copiah,2020-2025,66.942,6,2020,2025,1.791,mean
consistent_county,MS,Tavg,28033,DeSoto,1980-1989,61.857,10,1980,1989,1.0,mean
consistent_county,MS,Tavg,28033,DeSoto,1990-1999,61.835,8,1990,1999,1.221,mean
consistent_county,MS,Tavg,28033,DeSoto,2000-2009,61.92,10,2000,2009,1.75,mean
consistent_county,MS,Tavg,28033,DeSoto,2010-2019,61.686,10,2010,2019,1.946,mean
consistent_county,MS,Tavg,28033,DeSoto,2020-2025,62.628,6,2020,2025,1.991,mean
consistent_county,MS,Tavg,28035,Forrest,1980-1989,65.49,10,1980,1989,1.0,mean
consistent_county,MS,Tavg,28035,Forrest,1990-1999,65.913,8,1990,1997,1.0,mean
consistent_county,MS,Tavg,28035,Forrest,2000-2009,66.521,10,2000,2009,1.922,mean
consistent_county,MS,Tavg,28035,Forrest,2010-2019,66.945,10,2010,2019,1.821,mean
consistent_county,MS,Tavg,28035,Forrest,2020-2025,68.292,6,2020,2025,1.698,mean
consistent_county,MS,Tavg,28045,Hancock,1980-1989,66.614,10,1980,1989,1.748,mean
consistent_county,MS,Tavg,28045,Hancock,1990-1999,66.87,10,1990,1999,1.978,mean
consistent_county,MS,Tavg,28045,Hancock,2000-2009,67.339,10,2000,2009,2.39,mean
consistent_county,MS,Tavg,28045,Hancock,2010-2019,68.069,10,2010,2019,1.816,mean
consistent_county,MS,Tavg,28045,Hancock,2020-2025,69.499,6,2020,2025,1.221,mean
consistent_county,MS,Tavg,28047,Harrison,1980-1989,67.822,10,1980,1989,2.682,mean
consistent_county,MS,Tavg,28047,Harrison,1990-1999,67.951,10,1990,1999,2.897,mean
consistent_county,MS,Tavg,28047,Harrison,2000-2009,68.255,10,2000,2009,3.677,mean
consistent_county,MS,Tavg,28047,Harrison,2010-2019,68.187,10,2010,2019,3.726,mean
consistent_county,MS,Tavg,28047,Harrison,2020-2025,70.027,6,2020,2025,2.346,mean
consistent_county,MS,Tavg,28059,Jackson,1980-1989,67.32,9,1980,1989,1.0,mean
consistent_county,MS,Tavg,28059,Jackson,1990-1999,66.09,10,1990,1999,1.228,mean
consistent_county,MS,Tavg,28059,Jackson,2000-2009,67.045,10,2000,2009,2.534,mean
consistent_county,MS,Tavg,28059,Jackson,2010-2019,67.615,10,2010,2019,2.455,mean
consistent_county,MS,Tavg,28059,Jackson,2020-2025,69.366,6,2020,2025,1.995,mean
consistent_county,MS,Tavg,28071,Lafayette,1980-1989,60.189,9,1980,1989,1.0,mean
consistent_county,MS,Tavg,28071,Lafayette,1990-1999,62.46,8,1990,1999,1.0,mean
consistent_county,MS,Tavg,28071,Lafayette,2000-2009,61.949,9,2000,2009,1.0,mean
consistent_county,MS,Tavg,28071,Lafayette,2010-2019,62.41,10,2010,2019,1.0,mean
consistent_county,MS,Tavg,28071,Lafayette,2020-2025,62.87,6,2020,2025,1.0,mean
consistent_county,MS,Tavg,28075,Lauderdale,1980-1989,64.261,10,1980,1989,2.656,mean
consistent_county,MS,Tavg,28075,Lauderdale,1990-1999,65.045,10,1990,1999,1.894,mean
consistent_county,MS,Tavg,28075,Lauderdale,2000-2009,64.47,10,2000,2009,1.714,mean
consistent_county,MS,Tavg,28075,Lauderdale,2010-2019,65.368,10,2010,2019,1.982,mean
consistent_county,MS,Tavg,28075,Lauderdale,2020-2025,66.265,6,2020,2025,1.839,mean
consistent_county,MS,Tavg,28081,Lee,1980-1989,61.79,9,1980,1989,1.3,mean
consistent_county,MS,Tavg,28081,Lee,1990-1999,62.397,10,1990,1999,2.041,mean
consistent_county,MS,Tavg,28081,Lee,2000-2009,62.581,10,2000,2009,2.894,mean
consistent_county,MS,Tavg,28081,Lee,2010-2019,62.923,10,2010,2019,2.906,mean
consistent_county,MS,Tavg,28081,Lee,2020-2025,64.439,6,2020,2025,2.05,mean
consistent_county,MS,Tavg,28087,Lowndes,1980-1989,62.667,10,1980,1989,1.0,mean
consistent_county,MS,Tavg,28087,Lowndes,1990-1999,64.444,9,1990,1999,1.0,mean
consistent_county,MS,Tavg,28087,Lowndes,2000-2009,63.698,8,2000,2009,1.0,mean
consistent_county,MS,Tavg,28087,Lowndes,2010-2019,64.615,10,2010,2019,1.082,mean
consistent_county,MS,Tavg,28087,Lowndes,2020-2025,65.381,6,2020,2025,1.981,mean
consistent_county,MS,Tavg,28093,Marshall,1980-1989,59.111,10,1980,1989,1.0,mean
consistent_county,MS,Tavg,28093,Marshall,1990-1999,60.205,8,1990,1998,1.0,mean
consistent_county,MS,Tavg,28093,Marshall,2000-2009,60.285,10,2000,2009,1.934,mean
consistent_county,MS,Tavg,28093,Marshall,2010-2019,60.748,10,2010,2019,2.568,mean
consistent_county,MS,Tavg,28093,Marshall,2020-2025,61.651,6,2020,2025,2.0,mean
consistent_county,MS,Tavg,28101,Newton,1980-1989,62.906,10,1980,1989,1.0,mean
consistent_county,MS,Tavg,28101,Newton,1990-1999,63.753,8,1990,1999,1.0,mean
consistent_county,MS,Tavg,28101,Newton,2000-2009,62.928,9,2000,2009,1.76,mean
consistent_county,MS,Tavg,28101,Newton,2010-2019,63.93,10,2010,2019,1.85,mean
consistent_county,MS,Tavg,28101,Newton,2020-2025,64.668,6,2020,2025,1.426,mean
consistent_county,MS,Tavg,28111,Perry,1980-1989,64.381,10,1980,1989,1.0,mean
consistent_county,MS,Tavg,28111,Perry,1990-1999,65.129,10,1990,1999,1.784,mean
consistent_county,MS,Tavg,28111,Perry,2000-2009,66.064,10,2000,2009,1.314,mean
consistent_county,MS,Tavg,28111,Perry,2010-2019,66.679,10,2010,2019,1.0,mean
consistent_county,MS,Tavg,28111,Perry,2020-2025,67.27,6,2020,2025,1.0,mean
consistent_county,MS,Tavg,28113,Pike,1980-1989,65.126,10,1980,1989,1.0,mean
consistent_county,MS,Tavg,28113,Pike,1990-1999,66.303,10,1990,1999,1.0,mean
consistent_county,MS,Tavg,28113,Pike,2000-2009,66.322,10,2000,2009,1.0,mean
consistent_county,MS,Tavg,28113,Pike,2010-2019,67.002,10,2010,2019,1.0,mean
consistent_county,MS,Tavg,28113,Pike,2020-2025,67.534,6,2020,2025,1.0,mean
consistent_county,MS,Tavg,28115,Pontotoc,1980-1989,60.69,10,1980,1989,1.0,mean
consistent_county,MS,Tavg,28115,Pontotoc,1990-1999,61.931,10,1990,1999,1.123,mean
consistent_county,MS,Tavg,28115,Pontotoc,2000-2009,62.067,10,2000,2009,1.925,mean
consistent_county,MS,Tavg,28115,Pontotoc,2010-2019,63.168,10,2010,2019,1.838,mean
consistent_county,MS,Tavg,28115,Pontotoc,2020-2025,64.071,6,2020,2025,1.568,mean
consistent_county,MS,Tavg,28121,Rankin,1980-1989,64.694,10,1980,1989,1.711,mean
consistent_county,MS,Tavg,28121,Rankin,1990-1999,64.989,10,1990,1999,1.721,mean
consistent_county,MS,Tavg,28121,Rankin,2000-2009,65.142,10,2000,2009,1.016,mean
consistent_county,MS,Tavg,28121,Rankin,2010-2019,66.126,10,2010,2019,1.0,mean
consistent_county,MS,Tavg,28121,Rankin,2020-2025,67.335,6,2020,2025,1.0,mean
consistent_county,MS,Tavg,28151,Washington,1980-1989,63.113,10,1980,1989,1.94,mean
consistent_county,MS,Tavg,28151,Washington,1990-1999,63.763,10,1990,1999,1.876,mean
consistent_county,MS,Tavg,28151,Washington,2000-2009,64.077,10,2000,2009,2.361,mean
consistent_county,MS,Tavg,28151,Washington,2010-2019,64.594,10,2010,2019,2.33,mean
consistent_county,MS,Tavg,28151,Washington,2020-2025,65.48,6,2020,2025,1.763,mean
consistent_county,MS,Tmax,28011,Bolivar,1980-1989,73.614,9,1980,1989,1.26,mean
consistent_county,MS,Tmax,28011,Bolivar,1990-1999,73.823,9,1990,1999,1.0,mean
consistent_county,MS,Tmax,28011,Bolivar,2000-2009,74.098,8,2002,2009,1.53,mean
consistent_county,MS,Tmax,28011,Bolivar,2010-2019,74.468,8,2010,2017,1.222,mean
consistent_county,MS,Tmax,28011,Bolivar,2020-2025,74.556,6,2020,2025,1.0,mean
consistent_county,MS,Tmax,28015,Carroll,1980-1989,73.815,10,1980,1989,1.0,mean
consistent_county,MS,Tmax,28015,Carroll,1990-1999,75.848,9,1990,1999,1.0,mean
consistent_county,MS,Tmax,28015,Carroll,2000-2009,77.034,10,2000,2009,1.884,mean
consistent_county,MS,Tmax,28015,Carroll,2010-2019,75.998,10,2010,2019,1.225,mean
consistent_county,MS,Tmax,28015,Carroll,2020-2025,77.715,6,2020,2025,1.0,mean
consistent_county,MS,Tmax,28029,Copiah,1980-1989,76.762,10,1980,1989,1.913,mean
consistent_county,MS,Tmax,28029,Copiah,1990-1999,76.84,10,1990,1999,1.855,mean
consistent_county,MS,Tmax,28029,Copiah,2000-2009,76.976,10,2000,2009,2.515,mean
consistent_county,MS,Tmax,28029,Copiah,2010-2019,76.851,10,2010,2019,2.523,mean
consistent_county,MS,Tmax,28029,Copiah,2020-2025,77.316,6,2020,2025,1.789,mean
consistent_county,MS,Tmax,28033,DeSoto,1980-1989,72.22,10,1980,1989,1.0,mean
consistent_county,MS,Tmax,28033,DeSoto,1990-1999,71.757,8,1990,1999,1.22,mean
consistent_county,MS,Tmax,28033,DeSoto,2000-2009,73.826,10,2000,2009,1.747,mean
consistent_county,MS,Tmax,28033,DeSoto,2010-2019,72.399,10,2010,2019,1.946,mean
consistent_county,MS,Tmax,28033,DeSoto,2020-2025,73.133,6,2020,2025,1.991,mean
consistent_county,MS,Tmax,28035,Forrest,1980-1989,76.785,10,1980,1989,1.0,mean
consistent_county,MS,Tmax,28035,Forrest,1990-1999,77.225,10,1990,1999,1.0,mean
consistent_county,MS,Tmax,28035,Forrest,2000-2009,78.005,10,2000,2009,1.918,mean
consistent_county,MS,Tmax,28035,Forrest,2010-2019,78.134,10,2010,2019,1.821,mean
consistent_county,MS,Tmax,28035,Forrest,2020-2025,79.532,6,2020,2025,1.698,mean
consistent_county,MS,Tmax,28045,Hancock,1980-1989,77.306,10,1980,1989,1.744,mean
consistent_county,MS,Tmax,28045,Hancock,1990-1999,76.998,10,1990,1999,1.977,mean
consistent_county,MS,Tmax,28045,Hancock,2000-2009,78.176,10,2000,2009,2.39,mean
consistent_county,MS,Tmax,28045,Hancock,2010-2019,78.384,10,2010,2019,1.815,mean
consistent_county,MS,Tmax,28045,Hancock,2020-2025,80.665,6,2020,2025,1.221,mean
consistent_county,MS,Tmax,28047,Harrison,1980-1989,77.472,10,1980,1989,2.682,mean
consistent_county,MS,Tmax,28047,Harrison,1990-1999,76.978,10,1990,1999,2.897,mean
consistent_county,MS,Tmax,28047,Harrison,2000-2009,77.474,10,2000,2009,3.676,mean
consistent_county,MS,Tmax,28047,Harrison,2010-2019,77.242,10,2010,2019,3.726,mean
consistent_county,MS,Tmax,28047,Harrison,2020-2025,78.646,6,2020,2025,2.346,mean
consistent_county,MS,Tmax,28049,Hinds,1980-1989,75.307,10,1980,1989,1.0,mean
consistent_county,MS,Tmax,28049,Hinds,1990-1999,76.337,9,1990,1999,1.0,mean
consistent_county,MS,Tmax,28049,Hinds,2000-2009,77.127,10,2000,2009,2.226,mean
consistent_county,MS,Tmax,28049,Hinds,2010-2019,77.538,10,2010,2019,1.815,mean
consistent_county,MS,Tmax,28049,Hinds,2020-2025,77.964,6,2020,2025,1.122,mean
consistent_county,MS,Tmax,28059,Jackson,1980-1989,76.045,10,1980,1989,1.0,mean
consistent_county,MS,Tmax,28059,Jackson,1990-1999,75.842,10,1990,1999,1.227,mean
consistent_county,MS,Tmax,28059,Jackson,2000-2009,77.751,10,2000,2009,2.534,mean
consistent_county,MS,Tmax,28059,Jackson,2010-2019,78.266,10,2010,2019,2.455,mean
consistent_county,MS,Tmax,28059,Jackson,2020-2025,80.12,6,2020,2025,1.995,mean
consistent_county,MS,Tmax,28067,Jones,1980-1989,76.381,10,1980,1989,1.0,mean
consistent_county,MS,Tmax,28067,Jones,1990-1999,75.958,10,1990,1999,1.0,mean
consistent_county,MS,Tmax,28067,Jones,2000-2009,77.256,10,2000,2009,1.0,mean
consistent_county,MS,Tmax,28067,Jones,2010-2019,77.677,8,2011,2019,1.404,mean
consistent_county,MS,Tmax,28067,Jones,2020-2025,78.824,6,2020,2025,1.59,mean
consistent_county,MS,Tmax,28071,Lafayette,1980-1989,72.216,10,1980,1989,1.0,mean
consistent_county,MS,Tmax,28071,Lafayette,1990-1999,73.847,10,1990,1999,1.0,mean
consistent_county,MS,Tmax,28071,Lafayette,2000-2009,73.417,9,2000,2009,1.0,mean
consistent_county,MS,Tmax,28071,Lafayette,2010-2019,74.174,10,2010,2019,1.0,mean
consistent_county,MS,Tmax,28071,Lafayette,2020-2025,75.522,6,2020,2025,1.0,mean
consistent_county,MS,Tmax,28075,Lauderdale,1980-1989,76.391,10,1980,1989,2.656,mean
consistent_county,MS,Tmax,28075,Lauderdale,1990-1999,76.891,10,1990,1999,1.894,mean
consistent_county,MS,Tmax,28075,Lauderdale,2000-2009,76.406,10,2000,2009,1.714,mean
consistent_county,MS,Tmax,28075,Lauderdale,2010-2019,77.092,10,2010,2019,1.982,mean
consistent_county,MS,Tmax,28075,Lauderdale,2020-2025,77.902,6,2020,2025,1.839,mean
consistent_county,MS,Tmax,28081,Lee,1980-1989,73.229,9,1980,1989,1.3,mean
consistent_county,MS,Tmax,28081,Lee,1990-1999,73.202,10,1990,1999,2.041,mean
consistent_county,MS,Tmax,28081,Lee,2000-2009,73.478,10,2000,2009,2.894,mean
consistent_county,MS,Tmax,28081,Lee,2010-2019,73.783,10,2010,2019,2.906,mean
consistent_county,MS,Tmax,28081,Lee,2020-2025,75.138,6,2020,2025,2.05,mean
consistent_county,MS,Tmax,28087,Lowndes,1980-1989,74.116,10,1980,1989,1.0,mean
consistent_county,MS,Tmax,28087,Lowndes,1990-1999,75.513,9,1990,1999,1.0,mean
consistent_county,MS,Tmax,28087,Lowndes,2000-2009,75.104,10,2000,2009,1.0,mean
consistent_county,MS,Tmax,28087,Lowndes,2010-2019,75.725,10,2010,2019,1.082,mean
consistent_county,MS,Tmax,28087,Lowndes,2020-2025,76.498,6,2020,2025,1.981,mean
consistent_county,MS,Tmax,28091,Marion,1980-1989,77.905,10,1980,1989,1.0,mean
consistent_county,MS,Tmax,28091,Marion,1990-1999,77.49,10,1990,1999,1.0,mean
consistent_county,MS,Tmax,28091,Marion,2000-2009,77.824,10,2000,2009,1.695,mean
consistent_county,MS,Tmax,28091,Marion,2010-2019,78.559,10,2010,2019,1.861,mean
consistent_county,MS,Tmax,28091,Marion,2020-2025,80.076,6,2020,2025,1.923,mean
consistent_county,MS,Tmax,28093,Marshall,1980-1989,70.363,10,1980,1989,1.0,mean
consistent_county,MS,Tmax,28093,Marshall,1990-1999,71.803,10,1990,1999,1.0,mean
consistent_county,MS,Tmax,28093,Marshall,2000-2009,72.488,10,2000,2009,1.933,mean
consistent_county,MS,Tmax,28093,Marshall,2010-2019,72.357,10,2010,2019,2.568,mean
consistent_county,MS,Tmax,28093,Marshall,2020-2025,72.799,6,2020,2025,2.0,mean
consistent_county,MS,Tmax,28101,Newton,1980-1989,74.893,10,1980,1989,1.0,mean
consistent_county,MS,Tmax,28101,Newton,1990-1999,75.845,10,1990,1999,1.0,mean
consistent_county,MS,Tmax,28101,Newton,2000-2009,76.088,10,2000,2009,1.701,mean
consistent_county,MS,Tmax,28101,Newton,2010-2019,76.006,10,2010,2019,1.85,mean
consistent_county,MS,Tmax,28101,Newton,2020-2025,76.44,6,2020,2025,1.426,mean
consistent_county,MS,Tmax,28107,Panola,1980-1989,72.567,10,1980,1989,1.0,mean
consistent_county,MS,Tmax,28107,Panola,1990-1999,72.532,10,1990,1999,1.0,mean
consistent_county,MS,Tmax,28107,Panola,2000-2009,74.057,10,2000,2009,1.72,mean
consistent_county,MS,Tmax,28107,Panola,2010-2019,73.626,10,2010,2019,1.562,mean
consistent_county,MS,Tmax,28107,Panola,2020-2025,73.938,5,2020,2025,1.32,mean
consistent_county,MS,Tmax,28109,Pearl River,1980-1989,77.562,10,1980,1989,1.878,mean
consistent_county,MS,Tmax,28109,Pearl River,1990-1999,77.752,10,1990,1999,1.93,mean
consistent_county,MS,Tmax,28109,Pearl River,2000-2009,77.514,9,2000,2009,1.799,mean
consistent_county,MS,Tmax,28109,Pearl River,2010-2019,77.508,9,2010,2019,1.33,mean
consistent_county,MS,Tmax,28109,Pearl River,2020-2025,78.048,5,2021,2025,1.0,mean
consistent_county,MS,Tmax,28111,Perry,1980-1989,77.215,10,1980,1989,1.0,mean
consistent_county,MS,Tmax,28111,Perry,1990-1999,78.2,10,1990,1999,1.783,mean
consistent_county,MS,Tmax,28111,Perry,2000-2009,79.167,10,2000,2009,1.312,mean
consistent_county,MS,Tmax,28111,Perry,2010-2019,79.577,10,2010,2019,1.0,mean
consistent_county,MS,Tmax,28111,Perry,2020-2025,79.548,6,2020,2025,1.0,mean
consistent_county,MS,Tmax,28113,Pike,1980-1989,76.747,10,1980,1989,1.0,mean
consistent_county,MS,Tmax,28113,Pike,1990-1999,77.853,10,1990,1999,1.0,mean
consistent_county,MS,Tmax,28113,Pike,2000-2009,77.39,10,2000,2009,1.0,mean
consistent_county,MS,Tmax,28113,Pike,2010-2019,77.779,10,2010,2019,1.0,mean
consistent_county,MS,Tmax,28113,Pike,2020-2025,78.403,6,2020,2025,1.0,mean
consistent_county,MS,Tmax,28115,Pontotoc,1980-1989,72.05,10,1980,1989,1.0,mean
consistent_county,MS,Tmax,28115,Pontotoc,1990-1999,72.837,10,1990,1999,1.122,mean
consistent_county,MS,Tmax,28115,Pontotoc,2000-2009,73.606,10,2000,2009,1.924,mean
consistent_county,MS,Tmax,28115,Pontotoc,2010-2019,74.868,10,2010,2019,1.837,mean
consistent_county,MS,Tmax,28115,Pontotoc,2020-2025,75.843,6,2020,2025,1.568,mean
consistent_county,MS,Tmax,28121,Rankin,1980-1989,76.851,10,1980,1989,1.711,mean
consistent_county,MS,Tmax,28121,Rankin,1990-1999,76.57,10,1990,1999,1.721,mean
consistent_county,MS,Tmax,28121,Rankin,2000-2009,76.294,10,2000,2009,1.016,mean
consistent_county,MS,Tmax,28121,Rankin,2010-2019,77.328,10,2010,2019,1.0,mean
consistent_county,MS,Tmax,28121,Rankin,2020-2025,78.445,6,2020,2025,1.0,mean
consistent_county,MS,Tmax,28123,Scott,1980-1989,76.329,10,1980,1989,1.0,mean
consistent_county,MS,Tmax,28123,Scott,1990-1999,76.357,8,1990,1998,1.0,mean
consistent_county,MS,Tmax,28123,Scott,2000-2009,76.665,10,2000,2009,1.712,mean
consistent_county,MS,Tmax,28123,Scott,2010-2019,76.869,10,2010,2019,1.297,mean
consistent_county,MS,Tmax,28123,Scott,2020-2025,78.42,5,2020,2025,1.0,mean
consistent_county,MS,Tmax,28151,Washington,1980-1989,73.711,10,1980,1989,1.94,mean
consistent_county,MS,Tmax,28151,Washington,1990-1999,73.831,10,1990,1999,1.874,mean
consistent_county,MS,Tmax,28151,Washington,2000-2009,74.626,10,2000,2009,2.361,mean
consistent_county,MS,Tmax,28151,Washington,2010-2019,74.978,10,2010,2019,2.33,mean
consistent_county,MS,Tmax,28151,Washington,2020-2025,76.119,6,2020,2025,1.763,mean
consistent_county,MS,Tmin,28015,Carroll,1980-1989,53.482,10,1980,1989,1.0,mean
consistent_county,MS,Tmin,28015,Carroll,1990-1999,54.202,9,1990,1999,1.0,mean
consistent_county,MS,Tmin,28015,Carroll,2000-2009,53.406,10,2000,2009,1.884,mean
consistent_county,MS,Tmin,28015,Carroll,2010-2019,53.375,10,2010,2019,1.225,mean
consistent_county,MS,Tmin,28015,Carroll,2020-2025,55.548,6,2020,2025,1.0,mean
consistent_county,MS,Tmin,28029,Copiah,1980-1989,53.396,10,1980,1989,1.913,mean
consistent_county,MS,Tmin,28029,Copiah,1990-1999,54.649,10,1990,1999,1.855,mean
consistent_county,MS,Tmin,28029,Copiah,2000-2009,54.8,10,2000,2009,2.515,mean
consistent_county,MS,Tmin,28029,Copiah,2010-2019,55.542,10,2010,2019,2.524,mean
consistent_county,MS,Tmin,28029,Copiah,2020-2025,56.511,6,2020,2025,1.791,mean
consistent_county,MS,Tmin,28033,DeSoto,1980-1989,51.481,10,1980,1989,1.0,mean
consistent_county,MS,Tmin,28033,DeSoto,1990-1999,51.836,9,1990,1999,1.196,mean
consistent_county,MS,Tmin,28033,DeSoto,2000-2009,49.961,10,2000,2009,1.75,mean
consistent_county,MS,Tmin,28033,DeSoto,2010-2019,50.973,10,2010,2019,1.946,mean
consistent_county,MS,Tmin,28033,DeSoto,2020-2025,52.123,6,2020,2025,1.991,mean
consistent_county,MS,Tmin,28035,Forrest,1980-1989,54.153,10,1980,1989,1.0,mean
consistent_county,MS,Tmin,28035,Forrest,1990-1999,55.074,8,1990,1997,1.0,mean
consistent_county,MS,Tmin,28035,Forrest,2000-2009,54.995,10,2000,2009,1.922,mean
consistent_county,MS,Tmin,28035,Forrest,2010-2019,55.757,10,2010,2019,1.821,mean
consistent_county,MS,Tmin,28035,Forrest,2020-2025,57.053,6,2020,2025,1.698,mean
consistent_county,MS,Tmin,28045,Hancock,1980-1989,55.777,10,1980,1989,1.748,mean
consistent_county,MS,Tmin,28045,Hancock,1990-1999,56.728,10,1990,1999,1.978,mean
consistent_county,MS,Tmin,28045,Hancock,2000-2009,56.493,10,2000,2009,2.39,mean
consistent_county,MS,Tmin,28045,Hancock,2010-2019,57.72,10,2010,2019,1.816,mean
consistent_county,MS,Tmin,28045,Hancock,2020-2025,58.252,6,2020,2025,1.221,mean
consistent_county,MS,Tmin,28047,Harrison,1980-1989,58.172,10,1980,1989,2.682,mean
consistent_county,MS,Tmin,28047,Harrison,1990-1999,58.925,10,1990,1999,2.897,mean
consistent_county,MS,Tmin,28047,Harrison,2000-2009,59.038,10,2000,2009,3.677,mean
consistent_county,MS,Tmin,28047,Harrison,2010-2019,59.131,10,2010,2019,3.726,mean
consistent_county,MS,Tmin,28047,Harrison,2020-2025,61.407,6,2020,2025,2.346,mean
consistent_county,MS,Tmin,28059,Jackson,1980-1989,58.394,9,1980,1989,1.0,mean
consistent_county,MS,Tmin,28059,Jackson,1990-1999,56.33,10,1990,1999,1.228,mean
consistent_county,MS,Tmin,28059,Jackson,2000-2009,56.339,10,2000,2009,2.534,mean
consistent_county,MS,Tmin,28059,Jackson,2010-2019,56.965,10,2010,2019,2.455,mean
consistent_county,MS,Tmin,28059,Jackson,2020-2025,58.613,6,2020,2025,1.995,mean
consistent_county,MS,Tmin,28071,Lafayette,1980-1989,48.289,9,1980,1989,1.0,mean
consistent_county,MS,Tmin,28071,Lafayette,1990-1999,50.422,9,1990,1999,1.0,mean
consistent_county,MS,Tmin,28071,Lafayette,2000-2009,50.436,9,2000,2009,1.0,mean
consistent_county,MS,Tmin,28071,Lafayette,2010-2019,50.632,10,2010,2019,1.0,mean
consistent_county,MS,Tmin,28071,Lafayette,2020-2025,50.193,6,2020,2025,1.0,mean
consistent_county,MS,Tmin,28075,Lauderdale,1980-1989,52.131,10,1980,1989,2.656,mean
consistent_county,MS,Tmin,28075,Lauderdale,1990-1999,53.199,10,1990,1999,1.894,mean
consistent_county,MS,Tmin,28075,Lauderdale,2000-2009,52.533,10,2000,2009,1.714,mean
consistent_county,MS,Tmin,28075,Lauderdale,2010-2019,53.645,10,2010,2019,1.982,mean
consistent_county,MS,Tmin,28075,Lauderdale,2020-2025,54.627,6,2020,2025,1.839,mean
consistent_county,MS,Tmin,28081,Lee,1980-1989,50.324,9,1980,1989,1.3,mean
consistent_county,MS,Tmin,28081,Lee,1990-1999,51.593,10,1990,1999,2.041,mean
consistent_county,MS,Tmin,28081,Lee,2000-2009,51.685,10,2000,2009,2.894,mean
consistent_county,MS,Tmin,28081,Lee,2010-2019,52.062,10,2010,2019,2.906,mean
consistent_county,MS,Tmin,28081,Lee,2020-2025,53.75,6,2020,2025,2.05,mean
consistent_county,MS,Tmin,28087,Lowndes,1980-1989,51.121,10,1980,1989,1.0,mean
consistent_county,MS,Tmin,28087,Lowndes,1990-1999,53.331,9,1990,1999,1.0,mean
consistent_county,MS,Tmin,28087,Lowndes,2000-2009,52.159,8,2000,2009,1.0,mean
consistent_county,MS,Tmin,28087,Lowndes,2010-2019,53.428,10,2010,2019,1.082,mean
consistent_county,MS,Tmin,28087,Lowndes,2020-2025,54.263,6,2020,2025,1.981,mean
consistent_county,MS,Tmin,28093,Marshall,1980-1989,47.686,10,1980,1989,1.0,mean
consistent_county,MS,Tmin,28093,Marshall,1990-1999,48.797,8,1990,1998,1.0,mean
consistent_county,MS,Tmin,28093,Marshall,2000-2009,47.969,10,2000,2009,1.934,mean
consistent_county,MS,Tmin,28093,Marshall,2010-2019,49.139,10,2010,2019,2.568,mean
consistent_county,MS,Tmin,28093,Marshall,2020-2025,50.502,6,2020,2025,2.0,mean
consistent_county,MS,Tmin,28101,Newton,1980-1989,50.843,10,1980,1989,1.0,mean
consistent_county,MS,Tmin,28101,Newton,1990-1999,51.34,8,1990,1999,1.0,mean
consistent_county,MS,Tmin,28101,Newton,2000-2009,49.907,9,2000,2009,1.76,mean
consistent_county,MS,Tmin,28101,Newton,2010-2019,51.857,10,2010,2019,1.85,mean
consistent_county,MS,Tmin,28101,Newton,2020-2025,52.89,6,2020,2025,1.426,mean
consistent_county,MS,Tmin,28111,Perry,1980-1989,51.498,10,1980,1989,1.0,mean
consistent_county,MS,Tmin,28111,Perry,1990-1999,52.062,10,1990,1999,1.784,mean
consistent_county,MS,Tmin,28111,Perry,2000-2009,52.973,10,2000,2009,1.314,mean
consistent_county,MS,Tmin,28111,Perry,2010-2019,53.772,10,2010,2019,1.0,mean
consistent_county,MS,Tmin,28111,Perry,2020-2025,54.991,6,2020,2025,1.0,mean
consistent_county,MS,Tmin,28113,Pike,1980-1989,53.51,10,1980,1989,1.0,mean
consistent_county,MS,Tmin,28113,Pike,1990-1999,54.753,10,1990,1999,1.0,mean
consistent_county,MS,Tmin,28113,Pike,2000-2009,55.269,10,2000,2009,1.0,mean
consistent_county,MS,Tmin,28113,Pike,2010-2019,56.223,10,2010,2019,1.0,mean
consistent_county,MS,Tmin,28113,Pike,2020-2025,56.661,6,2020,2025,1.0,mean
consistent_county,MS,Tmin,28115,Pontotoc,1980-1989,49.296,10,1980,1989,1.0,mean
consistent_county,MS,Tmin,28115,Pontotoc,1990-1999,50.931,10,1990,1999,1.123,mean
consistent_county,MS,Tmin,28115,Pontotoc,2000-2009,50.544,10,2000,2009,1.925,mean
consistent_county,MS,Tmin,28115,Pontotoc,2010-2019,51.456,10,2010,2019,1.838,mean
consistent_county,MS,Tmin,28115,Pontotoc,2020-2025,52.28,6,2020,2025,1.568,mean
consistent_county,MS,Tmin,28121,Rankin,1980-1989,52.537,10,1980,1989,1.711,mean
consistent_county,MS,Tmin,28121,Rankin,1990-1999,53.408,10,1990,1999,1.721,mean
consistent_county,MS,Tmin,28121,Rankin,2000-2009,53.99,10,2000,2009,1.016,mean
consistent_county,MS,Tmin,28121,Rankin,2010-2019,54.924,10,2010,2019,1.0,mean
consistent_county,MS,Tmin,28121,Rankin,2020-2025,56.226,6,2020,2025,1.0,mean
consistent_county,MS,Tmin,28151,Washington,1980-1989,52.513,10,1980,1989,1.94,mean
consistent_county,MS,Tmin,28151,Washington,1990-1999,53.654,10,1990,1999,1.876,mean
consistent_county,MS,Tmin,28151,Washington,2000-2009,53.521,10,2000,2009,2.361,mean
consistent_county,MS,Tmin,28151,Washington,2010-2019,54.21,10,2010,2019,2.33,mean
consistent_county,MS,Tmin,28151,Washington,2020-2025,54.84,6,2020,2025,1.763,mean
consistent_county,TX,Tavg,48001,Anderson,1980-1989,65.192,8,1980,1989,1.0,mean
consistent_county,TX,Tavg,48001,Anderson,1990-1999,66.734,9,1990,1998,1.0,mean
consistent_county,TX,Tavg,48001,Anderson,2000-2009,66.373,10,2000,2009,2.334,mean
consistent_county,TX,Tavg,48001,Anderson,2010-2019,67.026,10,2010,2019,3.634,mean
consistent_county,TX,Tavg,48001,Anderson,2020-2025,67.651,6,2020,2025,3.554,mean
consistent_county,TX,Tavg,48005,Angelina,1980-1989,66.258,10,1980,1989,1.0,mean
consistent_county,TX,Tavg,48005,Angelina,1990-1999,66.815,10,1990,1999,1.405,mean
consistent_county,TX,Tavg,48005,Angelina,2000-2009,66.51,10,2000,2009,2.943,mean
consistent_county,TX,Tavg,48005,Angelina,2010-2019,67.427,10,2010,2019,2.6,mean
consistent_county,TX,Tavg,48005,Angelina,2020-2025,68.938,6,2020,2025,1.987,mean
consistent_county,TX,Tavg,48007,Aransas,1980-1989,71.447,10,1980,1989,1.886,mean
consistent_county,TX,Tavg,48007,Aransas,1990-1999,71.577,10,1990,1999,2.26,mean
consistent_county,TX,Tavg,48007,Aransas,2000-2009,71.769,10,2000,2009,3.086,mean
consistent_county,TX,Tavg,48007,Aransas,2010-2019,71.781,10,2010,2019,2.442,mean
consistent_county,TX,Tavg,48007,Aransas,2020-2025,73.332,6,2020,2025,2.402,mean
consistent_county,TX,Tavg,48013,Atascosa,1980-1989,70.411,10,1980,1989,1.873,mean
consistent_county,TX,Tavg,48013,Atascosa,1990-1999,70.697,10,1990,1999,2.8,mean
consistent_county,TX,Tavg,48013,Atascosa,2000-2009,70.788,10,2000,2009,2.903,mean
consistent_county,TX,Tavg,48013,Atascosa,2010-2019,70.931,10,2010,2019,2.598,mean
consistent_county,TX,Tavg,48013,Atascosa,2020-2025,72.449,6,2020,2025,2.571,mean
consistent_county,TX,Tavg,48017,Bailey,1980-1989,57.122,10,1980,1989,1.961,mean
consistent_county,TX,Tavg,48017,Bailey,1990-1999,57.797,10,1990,1999,1.959,mean
consistent_county,TX,Tavg,48017,Bailey,2000-2009,57.854,10,2000,2009,2.418,mean
consistent_county,TX,Tavg,48017,Bailey,2010-2019,57.842,10,2010,2019,2.994,mean
consistent_county,TX,Tavg,48017,Bailey,2020-2025,58.549,6,2020,2025,2.996,mean
consistent_county,TX,Tavg,48021,Bastrop,1980-1989,67.32,10,1980,1989,2.957,mean
consistent_county,TX,Tavg,48021,Bastrop,1990-1999,68.263,10,1990,1999,2.724,mean
consistent_county,TX,Tavg,48021,Bastrop,2000-2009,68.752,10,2000,2009,3.531,mean
consistent_county,TX,Tavg,48021,Bastrop,2010-2019,68.852,10,2010,2019,3.389,mean
consistent_county,TX,Tavg,48021,Bastrop,2020-2025,70.398,6,2020,2025,1.233,mean
consistent_county,TX,Tavg,48023,Baylor,1980-1989,62.664,10,1980,1989,1.998,mean
consistent_county,TX,Tavg,48023,Baylor,1990-1999,63.478,10,1990,1999,1.949,mean
consistent_county,TX,Tavg,48023,Baylor,2000-2009,64.368,10,2000,2009,2.222,mean
consistent_county,TX,Tavg,48023,Baylor,2010-2019,65.45,10,2010,2019,1.982,mean
consistent_county,TX,Tavg,48023,Baylor,2020-2025,66.094,6,2020,2025,1.994,mean
consistent_county,TX,Tavg,48029,Bexar,1980-1989,68.815,10,1980,1989,1.158,mean
consistent_county,TX,Tavg,48029,Bexar,1990-1999,69.503,10,1990,1999,2.365,mean
consistent_county,TX,Tavg,48029,Bexar,2000-2009,69.929,10,2000,2009,3.892,mean
consistent_county,TX,Tavg,48029,Bexar,2010-2019,70.661,10,2010,2019,3.365,mean
consistent_county,TX,Tavg,48029,Bexar,2020-2025,71.008,6,2020,2025,5.513,mean
consistent_county,TX,Tavg,48037,Bowie,1980-1989,63.229,10,1980,1989,1.766,mean
consistent_county,TX,Tavg,48037,Bowie,1990-1999,64.358,10,1990,1999,1.937,mean
consistent_county,TX,Tavg,48037,Bowie,2000-2009,63.96,10,2000,2009,2.182,mean
consistent_county,TX,Tavg,48037,Bowie,2010-2019,64.39,10,2010,2019,2.649,mean
consistent_county,TX,Tavg,48037,Bowie,2020-2025,65.335,6,2020,2025,1.982,mean
consistent_county,TX,Tavg,48039,Brazoria,1980-1989,68.805,10,1980,1989,3.185,mean
consistent_county,TX,Tavg,48039,Brazoria,1990-1999,70.0,10,1990,1999,3.351,mean
consistent_county,TX,Tavg,48039,Brazoria,2000-2009,70.189,10,2000,2009,6.23,mean
consistent_county,TX,Tavg,48039,Brazoria,2010-2019,71.153,10,2010,2019,5.245,mean
consistent_county,TX,Tavg,48039,Brazoria,2020-2025,72.029,6,2020,2025,4.895,mean
consistent_county,TX,Tavg,48041,Brazos,1980-1989,68.107,10,1980,1989,1.0,mean
consistent_county,TX,Tavg,48041,Brazos,1990-1999,68.922,10,1990,1999,1.0,mean
consistent_county,TX,Tavg,48041,Brazos,2000-2009,69.249,10,2000,2009,1.0,mean
consistent_county,TX,Tavg,48041,Brazos,2010-2019,69.987,10,2010,2019,1.0,mean
consistent_county,TX,Tavg,48041,Brazos,2020-2025,71.544,6,2020,2025,1.0,mean
consistent_county,TX,Tavg,48043,Brewster,1980-1989,66.355,10,1980,1989,7.875,mean
consistent_county,TX,Tavg,48043,Brewster,1990-1999,67.448,10,1990,1999,9.304,mean
consistent_county,TX,Tavg,48043,Brewster,2000-2009,67.536,10,2000,2009,11.129,mean
consistent_county,TX,Tavg,48043,Brewster,2010-2019,67.296,10,2010,2019,14.163,mean
consistent_county,TX,Tavg,48043,Brewster,2020-2025,68.89,6,2020,2025,11.788,mean
consistent_county,TX,Tavg,48045,Briscoe,1980-1989,56.954,10,1980,1989,1.0,mean
consistent_county,TX,Tavg,48045,Briscoe,1990-1999,57.562,10,1990,1999,1.0,mean
consistent_county,TX,Tavg,48045,Briscoe,2000-2009,57.932,10,2000,2009,1.0,mean
consistent_county,TX,Tavg,48045,Briscoe,2010-2019,59.135,10,2010,2019,1.0,mean
consistent_county,TX,Tavg,48045,Briscoe,2020-2025,60.399,6,2020,2025,1.326,mean
consistent_county,TX,Tavg,48053,Burnet,1980-1989,65.201,10,1980,1989,1.0,mean
consistent_county,TX,Tavg,48053,Burnet,1990-1999,65.693,8,1990,1999,1.39,mean
consistent_county,TX,Tavg,48053,Burnet,2000-2009,66.841,10,2000,2009,1.973,mean
consistent_county,TX,Tavg,48053,Burnet,2010-2019,67.262,10,2010,2019,2.976,mean
consistent_county,TX,Tavg,48053,Burnet,2020-2025,68.489,6,2020,2025,2.966,mean
consistent_county,TX,Tavg,48055,Caldwell,1980-1989,68.205,10,1980,1989,1.0,mean
consistent_county,TX,Tavg,48055,Caldwell,1990-1999,68.394,10,1990,1999,1.0,mean
consistent_county,TX,Tavg,48055,Caldwell,2000-2009,68.037,9,2001,2009,1.0,mean
consistent_county,TX,Tavg,48055,Caldwell,2010-2019,68.725,10,2010,2019,1.221,mean
consistent_county,TX,Tavg,48055,Caldwell,2020-2025,71.172,6,2020,2025,1.962,mean
consistent_county,TX,Tavg,48059,Callahan,1980-1989,65.503,10,1980,1989,1.0,mean
consistent_county,TX,Tavg,48059,Callahan,1990-1999,65.759,10,1990,1999,1.0,mean
consistent_county,TX,Tavg,48059,Callahan,2000-2009,64.669,10,2000,2009,1.833,mean
consistent_county,TX,Tavg,48059,Callahan,2010-2019,65.322,10,2010,2019,1.993,mean
consistent_county,TX,Tavg,48059,Callahan,2020-2025,66.088,6,2020,2025,1.854,mean
consistent_county,TX,Tavg,48061,Cameron,1980-1989,73.498,10,1980,1989,2.854,mean
consistent_county,TX,Tavg,48061,Cameron,1990-1999,74.092,10,1990,1999,4.056,mean
consistent_county,TX,Tavg,48061,Cameron,2000-2009,74.852,10,2000,2009,6.57,mean
consistent_county,TX,Tavg,48061,Cameron,2010-2019,75.128,10,2010,2019,5.859,mean
consistent_county,TX,Tavg,48061,Cameron,2020-2025,75.876,6,2020,2025,6.555,mean
consistent_county,TX,Tavg,48073,Cherokee,1980-1989,65.61,10,1980,1989,1.779,mean
consistent_county,TX,Tavg,48073,Cherokee,1990-1999,65.698,10,1990,1999,1.84,mean
consistent_county,TX,Tavg,48073,Cherokee,2000-2009,66.017,10,2000,2009,1.786,mean
consistent_county,TX,Tavg,48073,Cherokee,2010-2019,66.06,10,2010,2019,1.821,mean
consistent_county,TX,Tavg,48073,Cherokee,2020-2025,66.509,6,2020,2025,1.89,mean
consistent_county,TX,Tavg,48075,Childress,1980-1989,61.057,10,1980,1989,1.0,mean
consistent_county,TX,Tavg,48075,Childress,1990-1999,62.207,10,1990,1999,1.214,mean
consistent_county,TX,Tavg,48075,Childress,2000-2009,62.335,10,2000,2009,1.991,mean
consistent_county,TX,Tavg,48075,Childress,2010-2019,62.99,10,2010,2019,1.999,mean
consistent_county,TX,Tavg,48075,Childress,2020-2025,64.159,6,2020,2025,2.0,mean
consistent_county,TX,Tavg,48079,Cochran,1980-1989,57.562,10,1980,1989,1.0,mean
consistent_county,TX,Tavg,48079,Cochran,1990-1999,59.11,9,1990,1999,1.0,mean
consistent_county,TX,Tavg,48079,Cochran,2000-2009,59.966,10,2000,2009,1.0,mean
consistent_county,TX,Tavg,48079,Cochran,2010-2019,59.728,10,2010,2019,1.0,mean
consistent_county,TX,Tavg,48079,Cochran,2020-2025,60.58,6,2020,2025,1.0,mean
consistent_county,TX,Tavg,48081,Coke,1980-1989,64.797,10,1980,1989,1.0,mean
consistent_county,TX,Tavg,48081,Coke,1990-1999,64.807,9,1990,1998,1.0,mean
consistent_county,TX,Tavg,48081,Coke,2000-2009,64.844,8,2000,2009,1.292,mean
consistent_county,TX,Tavg,48081,Coke,2010-2019,64.548,10,2010,2019,1.614,mean
consistent_county,TX,Tavg,48081,Coke,2020-2025,65.254,6,2020,2025,1.053,mean
consistent_county,TX,Tavg,48083,Coleman,1980-1989,64.258,10,1980,1989,1.963,mean
consistent_county,TX,Tavg,48083,Coleman,1990-1999,64.06,10,1990,1999,1.985,mean
consistent_county,TX,Tavg,48083,Coleman,2000-2009,65.067,10,2000,2009,2.621,mean
consistent_county,TX,Tavg,48083,Coleman,2010-2019,66.31,10,2010,2019,2.593,mean
consistent_county,TX,Tavg,48083,Coleman,2020-2025,67.162,6,2020,2025,2.816,mean
consistent_county,TX,Tavg,48085,Collin,1980-1989,64.46,10,1980,1989,1.98,mean
consistent_county,TX,Tavg,48085,Collin,1990-1999,64.85,10,1990,1999,2.061,mean
consistent_county,TX,Tavg,48085,Collin,2000-2009,64.74,10,2000,2009,2.844,mean
consistent_county,TX,Tavg,48085,Collin,2010-2019,65.617,10,2010,2019,2.606,mean
consistent_county,TX,Tavg,48085,Collin,2020-2025,66.782,6,2020,2025,2.328,mean
consistent_county,TX,Tavg,48089,Colorado,1980-1989,67.982,10,1980,1989,1.0,mean
consistent_county,TX,Tavg,48089,Colorado,1990-1999,67.84,10,1990,1999,1.0,mean
consistent_county,TX,Tavg,48089,Colorado,2000-2009,68.67,10,2000,2009,1.723,mean
consistent_county,TX,Tavg,48089,Colorado,2010-2019,69.999,10,2010,2019,2.653,mean
consistent_county,TX,Tavg,48089,Colorado,2020-2025,71.383,6,2020,2025,2.246,mean
consistent_county,TX,Tavg,48095,Concho,1980-1989,65.788,10,1980,1989,1.566,mean
consistent_county,TX,Tavg,48095,Concho,1990-1999,66.426,10,1990,1999,1.158,mean
consistent_county,TX,Tavg,48095,Concho,2000-2009,65.305,10,2000,2009,2.234,mean
consistent_county,TX,Tavg,48095,Concho,2010-2019,65.085,10,2010,2019,2.24,mean
consistent_county,TX,Tavg,48095,Concho,2020-2025,66.253,6,2020,2025,2.101,mean
consistent_county,TX,Tavg,48097,Cooke,1980-1989,62.7,8,1980,1989,1.03,mean
consistent_county,TX,Tavg,48097,Cooke,1990-1999,63.318,10,1990,1999,1.0,mean
consistent_county,TX,Tavg,48097,Cooke,2000-2009,63.564,10,2000,2009,1.0,mean
consistent_county,TX,Tavg,48097,Cooke,2010-2019,63.746,10,2010,2019,1.801,mean
consistent_county,TX,Tavg,48097,Cooke,2020-2025,64.41,6,2020,2025,1.738,mean
consistent_county,TX,Tavg,48099,Coryell,1980-1989,65.427,10,1980,1989,1.901,mean
consistent_county,TX,Tavg,48099,Coryell,1990-1999,65.674,10,1990,1999,1.942,mean
consistent_county,TX,Tavg,48099,Coryell,2000-2009,65.68,8,2000,2008,1.833,mean
consistent_county,TX,Tavg,48099,Coryell,2010-2019,67.481,8,2011,2019,1.66,mean
consistent_county,TX,Tavg,48099,Coryell,2020-2025,68.287,6,2020,2025,1.207,mean
consistent_county,TX,Tavg,48101,Cottle,1980-1989,61.454,10,1980,1989,1.0,mean
consistent_county,TX,Tavg,48101,Cottle,1990-1999,62.126,10,1990,1999,1.0,mean
consistent_county,TX,Tavg,48101,Cottle,2000-2009,63.154,9,2001,2009,1.586,mean
consistent_county,TX,Tavg,48101,Cottle,2010-2019,63.689,10,2010,2019,1.996,mean
consistent_county,TX,Tavg,48101,Cottle,2020-2025,64.4,6,2020,2025,1.63,mean
consistent_county,TX,Tavg,48105,Crockett,1980-1989,63.882,8,1980,1989,1.0,mean
consistent_county,TX,Tavg,48105,Crockett,1990-1999,64.452,9,1990,1999,1.694,mean
consistent_county,TX,Tavg,48105,Crockett,2000-2009,64.687,10,2000,2009,2.885,mean
consistent_county,TX,Tavg,48105,Crockett,2010-2019,65.188,10,2010,2019,3.014,mean
consistent_county,TX,Tavg,48105,Crockett,2020-2025,66.66,6,2020,2025,1.148,mean
consistent_county,TX,Tavg,48107,Crosby,1980-1989,59.229,10,1980,1989,1.0,mean
consistent_county,TX,Tavg,48107,Crosby,1990-1999,60.342,10,1990,1999,1.225,mean
consistent_county,TX,Tavg,48107,Crosby,2000-2009,61.594,10,2000,2009,1.994,mean
consistent_county,TX,Tavg,48107,Crosby,2010-2019,61.862,10,2010,2019,2.0,mean
consistent_county,TX,Tavg,48107,Crosby,2020-2025,62.898,6,2020,2025,2.0,mean
consistent_county,TX,Tavg,48113,Dallas,1980-1989,66.125,10,1980,1989,3.074,mean
consistent_county,TX,Tavg,48113,Dallas,1990-1999,66.475,10,1990,1999,3.813,mean
consistent_county,TX,Tavg,48113,Dallas,2000-2009,66.618,10,2000,2009,3.625,mean
consistent_county,TX,Tavg,48113,Dallas,2010-2019,67.758,10,2010,2019,3.646,mean
consistent_county,TX,Tavg,48113,Dallas,2020-2025,68.212,6,2020,2025,5.057,mean
consistent_county,TX,Tavg,48121,Denton,1980-1989,64.233,10,1980,1989,2.282,mean
consistent_county,TX,Tavg,48121,Denton,1990-1999,64.575,10,1990,1999,3.374,mean
consistent_county,TX,Tavg,48121,Denton,2000-2009,65.528,10,2000,2009,4.289,mean
consistent_county,TX,Tavg,48121,Denton,2010-2019,65.873,10,2010,2019,3.989,mean
consistent_county,TX,Tavg,48121,Denton,2020-2025,67.037,6,2020,2025,3.987,mean
consistent_county,TX,Tavg,48123,DeWitt,1980-1989,69.207,10,1980,1989,1.911,mean
consistent_county,TX,Tavg,48123,DeWitt,1990-1999,69.896,10,1990,1999,1.934,mean
consistent_county,TX,Tavg,48123,DeWitt,2000-2009,69.718,8,2000,2009,1.832,mean
consistent_county,TX,Tavg,48123,DeWitt,2010-2019,70.361,10,2010,2019,1.97,mean
consistent_county,TX,Tavg,48123,DeWitt,2020-2025,72.425,6,2020,2025,1.626,mean
consistent_county,TX,Tavg,48127,Dimmit,1980-1989,71.786,9,1980,1989,1.878,mean
consistent_county,TX,Tavg,48127,Dimmit,1990-1999,72.363,8,1990,1999,1.814,mean
consistent_county,TX,Tavg,48127,Dimmit,2000-2009,71.356,9,2000,2009,1.18,mean
consistent_county,TX,Tavg,48127,Dimmit,2010-2019,70.975,9,2011,2019,1.135,mean
consistent_county,TX,Tavg,48127,Dimmit,2020-2025,73.379,5,2021,2025,1.826,mean
consistent_county,TX,Tavg,48131,Duval,1980-1989,72.033,8,1980,1989,1.706,mean
consistent_county,TX,Tavg,48131,Duval,1990-1999,72.701,8,1990,1999,2.155,mean
consistent_county,TX,Tavg,48131,Duval,2000-2009,72.452,9,2000,2009,1.801,mean
consistent_county,TX,Tavg,48131,Duval,2010-2019,72.706,10,2010,2019,1.773,mean
consistent_county,TX,Tavg,48131,Duval,2020-2025,74.055,6,2020,2025,1.386,mean
consistent_county,TX,Tavg,48135,Ector,1980-1989,63.934,10,1980,1989,1.016,mean
consistent_county,TX,Tavg,48135,Ector,1990-1999,64.733,10,1990,1999,1.123,mean
consistent_county,TX,Tavg,48135,Ector,2000-2009,65.279,10,2000,2009,3.431,mean
consistent_county,TX,Tavg,48135,Ector,2010-2019,65.562,10,2010,2019,3.271,mean
consistent_county,TX,Tavg,48135,Ector,2020-2025,66.592,6,2020,2025,2.32,mean
consistent_county,TX,Tavg,48139,Ellis,1980-1989,65.25,10,1980,1989,2.915,mean
consistent_county,TX,Tavg,48139,Ellis,1990-1999,65.836,10,1990,1999,2.901,mean
consistent_county,TX,Tavg,48139,Ellis,2000-2009,65.92,10,2000,2009,2.738,mean
consistent_county,TX,Tavg,48139,Ellis,2010-2019,66.264,10,2010,2019,2.93,mean
consistent_county,TX,Tavg,48139,Ellis,2020-2025,67.299,6,2020,2025,1.967,mean
consistent_county,TX,Tavg,48141,El Paso,1980-1989,63.437,10,1980,1989,3.719,mean
consistent_county,TX,Tavg,48141,El Paso,1990-1999,64.383,10,1990,1999,3.854,mean
consistent_county,TX,Tavg,48141,El Paso,2000-2009,65.107,10,2000,2009,4.281,mean
consistent_county,TX,Tavg,48141,El Paso,2010-2019,64.904,10,2010,2019,2.184,mean
consistent_county,TX,Tavg,48141,El Paso,2020-2025,66.382,6,2020,2025,2.164,mean
consistent_county,TX,Tavg,48143,Erath,1980-1989,63.842,10,1980,1989,1.988,mean
consistent_county,TX,Tavg,48143,Erath,1990-1999,63.748,10,1990,1999,1.972,mean
consistent_county,TX,Tavg,48143,Erath,2000-2009,64.012,10,2000,2009,1.812,mean
consistent_county,TX,Tavg,48143,Erath,2010-2019,65.715,10,2010,2019,1.099,mean
consistent_county,TX,Tavg,48143,Erath,2020-2025,67.021,6,2020,2025,1.0,mean
consistent_county,TX,Tavg,48147,Fannin,1980-1989,63.291,10,1980,1989,1.0,mean
consistent_county,TX,Tavg,48147,Fannin,1990-1999,62.515,9,1990,1998,1.0,mean
consistent_county,TX,Tavg,48147,Fannin,2000-2009,63.381,10,2000,2009,1.752,mean
consistent_county,TX,Tavg,48147,Fannin,2010-2019,64.435,10,2010,2019,1.86,mean
consistent_county,TX,Tavg,48147,Fannin,2020-2025,65.27,6,2020,2025,1.957,mean
consistent_county,TX,Tavg,48149,Fayette,1980-1989,69.112,10,1980,1989,1.991,mean
consistent_county,TX,Tavg,48149,Fayette,1990-1999,69.607,10,1990,1999,1.957,mean
consistent_county,TX,Tavg,48149,Fayette,2000-2009,69.37,10,2000,2009,2.872,mean
consistent_county,TX,Tavg,48149,Fayette,2010-2019,69.911,10,2010,2019,3.215,mean
consistent_county,TX,Tavg,48149,Fayette,2020-2025,71.26,6,2020,2025,1.833,mean
consistent_county,TX,Tavg,48153,Floyd,1980-1989,58.263,9,1980,1989,1.0,mean
consistent_county,TX,Tavg,48153,Floyd,1990-1999,59.148,10,1990,1999,1.0,mean
consistent_county,TX,Tavg,48153,Floyd,2000-2009,59.636,10,2000,2009,1.0,mean
consistent_county,TX,Tavg,48153,Floyd,2010-2019,59.605,10,2010,2019,1.0,mean
consistent_county,TX,Tavg,48153,Floyd,2020-2025,60.643,6,2020,2025,1.0,mean
consistent_county,TX,Tavg,48157,Fort Bend,1980-1989,68.846,10,1980,1989,1.945,mean
consistent_county,TX,Tavg,48157,Fort Bend,1990-1999,70.221,9,1990,1999,1.86,mean
consistent_county,TX,Tavg,48157,Fort Bend,2000-2009,70.575,10,2000,2009,2.541,mean
consistent_county,TX,Tavg,48157,Fort Bend,2010-2019,70.981,10,2010,2019,2.083,mean
consistent_county,TX,Tavg,48157,Fort Bend,2020-2025,72.599,6,2020,2025,1.568,mean
consistent_county,TX,Tavg,48159,Franklin,1980-1989,63.513,10,1980,1989,1.0,mean
consistent_county,TX,Tavg,48159,Franklin,1990-1999,64.165,10,1990,1999,1.0,mean
consistent_county,TX,Tavg,48159,Franklin,2000-2009,64.823,10,2000,2009,1.0,mean
consistent_county,TX,Tavg,48159,Franklin,2010-2019,65.104,10,2010,2019,1.0,mean
consistent_county,TX,Tavg,48159,Franklin,2020-2025,65.306,5,2020,2025,1.0,mean
consistent_county,TX,Tavg,48165,Gaines,1980-1989,60.904,10,1980,1989,1.065,mean
consistent_county,TX,Tavg,48165,Gaines,1990-1999,61.447,10,1990,1999,1.0,mean
consistent_county,TX,Tavg,48165,Gaines,2000-2009,61.628,9,2000,2009,1.047,mean
consistent_county,TX,Tavg,48165,Gaines,2010-2019,62.27,10,2010,2019,1.712,mean
consistent_county,TX,Tavg,48165,Gaines,2020-2025,63.943,6,2020,2025,1.567,mean
consistent_county,TX,Tavg,48167,Galveston,1980-1989,69.885,10,1980,1989,1.0,mean
consistent_county,TX,Tavg,48167,Galveston,1990-1999,70.262,10,1990,1999,2.268,mean
consistent_county,TX,Tavg,48167,Galveston,2000-2009,70.589,10,2000,2009,2.891,mean
consistent_county,TX,Tavg,48167,Galveston,2010-2019,71.33,10,2010,2019,2.092,mean
consistent_county,TX,Tavg,48167,Galveston,2020-2025,72.778,6,2020,2025,1.939,mean
consistent_county,TX,Tavg,48169,Garza,1980-1989,61.041,10,1980,1989,1.0,mean
consistent_county,TX,Tavg,48169,Garza,1990-1999,63.201,8,1990,1999,1.666,mean
consistent_county,TX,Tavg,48169,Garza,2000-2009,63.177,10,2000,2009,1.974,mean
consistent_county,TX,Tavg,48169,Garza,2010-2019,63.88,10,2010,2019,1.999,mean
consistent_county,TX,Tavg,48169,Garza,2020-2025,65.252,6,2020,2025,2.0,mean
consistent_county,TX,Tavg,48171,Gillespie,1980-1989,65.221,10,1980,1989,1.0,mean
consistent_county,TX,Tavg,48171,Gillespie,1990-1999,67.057,10,1990,1999,1.0,mean
consistent_county,TX,Tavg,48171,Gillespie,2000-2009,66.662,10,2000,2009,1.836,mean
consistent_county,TX,Tavg,48171,Gillespie,2010-2019,66.233,10,2010,2019,3.662,mean
consistent_county,TX,Tavg,48171,Gillespie,2020-2025,67.415,6,2020,2025,3.823,mean
consistent_county,TX,Tavg,48177,Gonzales,1980-1989,68.84,10,1980,1989,1.912,mean
consistent_county,TX,Tavg,48177,Gonzales,1990-1999,68.778,10,1990,1999,1.949,mean
consistent_county,TX,Tavg,48177,Gonzales,2000-2009,69.321,10,2000,2009,2.374,mean
consistent_county,TX,Tavg,48177,Gonzales,2010-2019,69.581,10,2010,2019,2.996,mean
consistent_county,TX,Tavg,48177,Gonzales,2020-2025,71.406,6,2020,2025,3.168,mean
consistent_county,TX,Tavg,48179,Gray,1980-1989,58.043,10,1980,1989,1.969,mean
consistent_county,TX,Tavg,48179,Gray,1990-1999,58.133,10,1990,1999,1.941,mean
consistent_county,TX,Tavg,48179,Gray,2000-2009,58.556,10,2000,2009,1.762,mean
consistent_county,TX,Tavg,48179,Gray,2010-2019,58.332,10,2010,2019,1.0,mean
consistent_county,TX,Tavg,48179,Gray,2020-2025,59.455,6,2020,2025,1.0,mean
consistent_county,TX,Tavg,48181,Grayson,1980-1989,63.024,10,1980,1989,1.982,mean
consistent_county,TX,Tavg,48181,Grayson,1990-1999,63.284,10,1990,1999,1.746,mean
consistent_county,TX,Tavg,48181,Grayson,2000-2009,63.591,9,2000,2009,1.0,mean
consistent_county,TX,Tavg,48181,Grayson,2010-2019,64.414,10,2010,2019,1.805,mean
consistent_county,TX,Tavg,48181,Grayson,2020-2025,65.375,6,2020,2025,1.944,mean
consistent_county,TX,Tavg,48189,Hale,1980-1989,58.917,10,1980,1989,1.124,mean
consistent_county,TX,Tavg,48189,Hale,1990-1999,58.91,10,1990,1999,1.0,mean
consistent_county,TX,Tavg,48189,Hale,2000-2009,59.049,10,2000,2009,2.645,mean
consistent_county,TX,Tavg,48189,Hale,2010-2019,59.582,10,2010,2019,2.999,mean
consistent_county,TX,Tavg,48189,Hale,2020-2025,60.438,6,2020,2025,3.0,mean
consistent_county,TX,Tavg,48191,Hall,1980-1989,61.68,10,1980,1989,1.766,mean
consistent_county,TX,Tavg,48191,Hall,1990-1999,61.494,10,1990,1999,1.948,mean
consistent_county,TX,Tavg,48191,Hall,2000-2009,61.276,10,2000,2009,1.98,mean
consistent_county,TX,Tavg,48191,Hall,2010-2019,62.004,10,2010,2019,1.999,mean
consistent_county,TX,Tavg,48191,Hall,2020-2025,62.79,6,2020,2025,2.0,mean
consistent_county,TX,Tavg,48201,Harris,1980-1989,68.829,10,1980,1989,3.96,mean
consistent_county,TX,Tavg,48201,Harris,1990-1999,70.103,10,1990,1999,3.762,mean
consistent_county,TX,Tavg,48201,Harris,2000-2009,70.278,10,2000,2009,3.905,mean
consistent_county,TX,Tavg,48201,Harris,2010-2019,70.795,10,2010,2019,3.28,mean
consistent_county,TX,Tavg,48201,Harris,2020-2025,72.317,6,2020,2025,3.151,mean
consistent_county,TX,Tavg,48205,Hartley,1980-1989,55.846,8,1980,1989,1.488,mean
consistent_county,TX,Tavg,48205,Hartley,1990-1999,54.908,10,1990,1999,2.569,mean
consistent_county,TX,Tavg,48205,Hartley,2000-2009,55.62,10,2000,2009,2.639,mean
consistent_county,TX,Tavg,48205,Hartley,2010-2019,56.86,10,2010,2019,1.889,mean
consistent_county,TX,Tavg,48205,Hartley,2020-2025,57.45,6,2020,2025,1.686,mean
consistent_county,TX,Tavg,48209,Hays,1980-1989,67.257,8,1980,1989,1.568,mean
consistent_county,TX,Tavg,48209,Hays,1990-1999,68.359,10,1990,1999,1.957,mean
consistent_county,TX,Tavg,48209,Hays,2000-2009,68.26,10,2000,2009,1.956,mean
consistent_county,TX,Tavg,48209,Hays,2010-2019,68.535,10,2010,2019,1.958,mean
consistent_county,TX,Tavg,48209,Hays,2020-2025,69.618,6,2020,2025,1.959,mean
consistent_county,TX,Tavg,48215,Hidalgo,1980-1989,74.025,10,1980,1989,5.132,mean
consistent_county,TX,Tavg,48215,Hidalgo,1990-1999,74.839,10,1990,1999,5.73,mean
consistent_county,TX,Tavg,48215,Hidalgo,2000-2009,75.225,10,2000,2009,9.383,mean
consistent_county,TX,Tavg,48215,Hidalgo,2010-2019,75.348,10,2010,2019,8.908,mean
consistent_county,TX,Tavg,48215,Hidalgo,2020-2025,76.278,6,2020,2025,8.681,mean
consistent_county,TX,Tavg,48219,Hockley,1980-1989,58.432,10,1980,1989,1.0,mean
consistent_county,TX,Tavg,48219,Hockley,1990-1999,59.922,10,1990,1999,1.0,mean
consistent_county,TX,Tavg,48219,Hockley,2000-2009,59.915,10,2000,2009,1.0,mean
consistent_county,TX,Tavg,48219,Hockley,2010-2019,60.109,10,2010,2019,1.0,mean
consistent_county,TX,Tavg,48219,Hockley,2020-2025,60.505,6,2020,2025,1.0,mean
consistent_county,TX,Tavg,48223,Hopkins,1980-1989,62.824,10,1980,1989,1.0,mean
consistent_county,TX,Tavg,48223,Hopkins,1990-1999,64.587,10,1990,1999,1.0,mean
consistent_county,TX,Tavg,48223,Hopkins,2000-2009,64.145,10,2000,2009,1.116,mean
consistent_county,TX,Tavg,48223,Hopkins,2010-2019,65.139,10,2010,2019,1.953,mean
consistent_county,TX,Tavg,48223,Hopkins,2020-2025,65.838,6,2020,2025,2.898,mean
consistent_county,TX,Tavg,48225,Houston,1980-1989,65.683,8,1980,1989,1.824,mean
consistent_county,TX,Tavg,48225,Houston,1990-1999,66.546,8,1990,1999,1.0,mean
consistent_county,TX,Tavg,48225,Houston,2000-2009,67.58,8,2002,2009,1.782,mean
consistent_county,TX,Tavg,48225,Houston,2010-2019,68.064,10,2010,2019,1.947,mean
consistent_county,TX,Tavg,48225,Houston,2020-2025,68.356,6,2020,2025,1.991,mean
consistent_county,TX,Tavg,48229,Hudspeth,1980-1989,61.122,10,1980,1989,5.112,mean
consistent_county,TX,Tavg,48229,Hudspeth,1990-1999,61.562,10,1990,1999,5.447,mean
consistent_county,TX,Tavg,48229,Hudspeth,2000-2009,62.404,10,2000,2009,3.204,mean
consistent_county,TX,Tavg,48229,Hudspeth,2010-2019,63.67,10,2010,2019,1.753,mean
consistent_county,TX,Tavg,48229,Hudspeth,2020-2025,65.337,6,2020,2025,1.0,mean
consistent_county,TX,Tavg,48233,Hutchinson,1980-1989,58.251,10,1980,1989,1.0,mean
consistent_county,TX,Tavg,48233,Hutchinson,1990-1999,58.792,10,1990,1999,2.09,mean
consistent_county,TX,Tavg,48233,Hutchinson,2000-2009,60.018,10,2000,2009,3.88,mean
consistent_county,TX,Tavg,48233,Hutchinson,2010-2019,60.805,10,2010,2019,3.799,mean
consistent_county,TX,Tavg,48233,Hutchinson,2020-2025,61.576,6,2020,2025,2.979,mean
consistent_county,TX,Tavg,48243,Jeff Davis,1980-1989,59.613,10,1980,1989,2.899,mean
consistent_county,TX,Tavg,48243,Jeff Davis,1990-1999,60.655,10,1990,1999,3.873,mean
consistent_county,TX,Tavg,48243,Jeff Davis,2000-2009,60.932,10,2000,2009,3.717,mean
consistent_county,TX,Tavg,48243,Jeff Davis,2010-2019,62.301,10,2010,2019,3.872,mean
consistent_county,TX,Tavg,48243,Jeff Davis,2020-2025,63.358,6,2020,2025,3.248,mean
consistent_county,TX,Tavg,48245,Jefferson,1980-1989,68.077,10,1980,1989,2.014,mean
consistent_county,TX,Tavg,48245,Jefferson,1990-1999,69.008,10,1990,1999,2.098,mean
consistent_county,TX,Tavg,48245,Jefferson,2000-2009,69.355,10,2000,2009,3.571,mean
consistent_county,TX,Tavg,48245,Jefferson,2010-2019,69.909,10,2010,2019,3.976,mean
consistent_county,TX,Tavg,48245,Jefferson,2020-2025,70.846,6,2020,2025,3.334,mean
consistent_county,TX,Tavg,48249,Jim Wells,1980-1989,71.302,10,1980,1989,1.859,mean
consistent_county,TX,Tavg,48249,Jim Wells,1990-1999,72.1,10,1990,1999,2.081,mean
consistent_county,TX,Tavg,48249,Jim Wells,2000-2009,72.759,10,2000,2009,2.63,mean
consistent_county,TX,Tavg,48249,Jim Wells,2010-2019,72.395,10,2010,2019,1.99,mean
consistent_county,TX,Tavg,48249,Jim Wells,2020-2025,73.444,6,2020,2025,2.135,mean
consistent_county,TX,Tavg,48251,Johnson,1980-1989,66.126,10,1980,1989,1.357,mean
consistent_county,TX,Tavg,48251,Johnson,1990-1999,66.166,10,1990,1999,1.957,mean
consistent_county,TX,Tavg,48251,Johnson,2000-2009,66.441,10,2000,2009,1.871,mean
consistent_county,TX,Tavg,48251,Johnson,2010-2019,65.941,10,2010,2019,2.722,mean
consistent_county,TX,Tavg,48251,Johnson,2020-2025,66.799,6,2020,2025,2.688,mean
consistent_county,TX,Tavg,48253,Jones,1980-1989,64.664,8,1980,1989,1.756,mean
consistent_county,TX,Tavg,48253,Jones,1990-1999,64.527,10,1990,1999,1.982,mean
consistent_county,TX,Tavg,48253,Jones,2000-2009,64.693,10,2000,2009,1.849,mean
consistent_county,TX,Tavg,48253,Jones,2010-2019,64.486,10,2010,2019,1.775,mean
consistent_county,TX,Tavg,48253,Jones,2020-2025,65.39,6,2020,2025,1.95,mean
consistent_county,TX,Tavg,48259,Kendall,1980-1989,65.499,10,1980,1989,1.0,mean
consistent_county,TX,Tavg,48259,Kendall,1990-1999,65.896,10,1990,1999,1.0,mean
consistent_county,TX,Tavg,48259,Kendall,2000-2009,66.387,9,2000,2009,1.0,mean
consistent_county,TX,Tavg,48259,Kendall,2010-2019,67.218,10,2010,2019,1.157,mean
consistent_county,TX,Tavg,48259,Kendall,2020-2025,70.265,6,2020,2025,1.774,mean
consistent_county,TX,Tavg,48265,Kerr,1980-1989,63.938,10,1980,1989,1.0,mean
consistent_county,TX,Tavg,48265,Kerr,1990-1999,64.892,10,1990,1999,1.259,mean
consistent_county,TX,Tavg,48265,Kerr,2000-2009,65.331,10,2000,2009,1.789,mean
consistent_county,TX,Tavg,48265,Kerr,2010-2019,65.472,10,2010,2019,2.793,mean
consistent_county,TX,Tavg,48265,Kerr,2020-2025,66.704,6,2020,2025,2.858,mean
consistent_county,TX,Tavg,48273,Kleberg,1980-1989,72.636,10,1980,1989,1.934,mean
consistent_county,TX,Tavg,48273,Kleberg,1990-1999,73.277,9,1990,1998,1.622,mean
consistent_county,TX,Tavg,48273,Kleberg,2000-2009,72.969,9,2000,2009,1.757,mean
consistent_county,TX,Tavg,48273,Kleberg,2010-2019,73.773,10,2010,2019,1.963,mean
consistent_county,TX,Tavg,48273,Kleberg,2020-2025,75.179,6,2020,2025,1.846,mean
consistent_county,TX,Tavg,48279,Lamb,1980-1989,57.26,10,1980,1989,1.907,mean
consistent_county,TX,Tavg,48279,Lamb,1990-1999,58.239,10,1990,1999,1.946,mean
consistent_county,TX,Tavg,48279,Lamb,2000-2009,59.155,10,2000,2009,1.694,mean
consistent_county,TX,Tavg,48279,Lamb,2010-2019,59.105,10,2010,2019,2.0,mean
consistent_county,TX,Tavg,48279,Lamb,2020-2025,59.817,6,2020,2025,2.0,mean
consistent_county,TX,Tavg,48287,Lee,1980-1989,67.119,10,1980,1989,1.0,mean
consistent_county,TX,Tavg,48287,Lee,1990-1999,67.287,8,1991,1999,1.0,mean
consistent_county,TX,Tavg,48287,Lee,2000-2009,68.251,10,2000,2009,1.0,mean
consistent_county,TX,Tavg,48287,Lee,2010-2019,68.491,10,2010,2019,1.786,mean
consistent_county,TX,Tavg,48287,Lee,2020-2025,70.044,5,2020,2025,1.377,mean
consistent_county,TX,Tavg,48289,Leon,1980-1989,66.11,10,1980,1989,1.882,mean
consistent_county,TX,Tavg,48289,Leon,1990-1999,65.908,9,1990,1999,1.102,mean
consistent_county,TX,Tavg,48289,Leon,2000-2009,66.464,9,2000,2009,1.0,mean
consistent_county,TX,Tavg,48289,Leon,2010-2019,66.025,10,2010,2019,1.0,mean
consistent_county,TX,Tavg,48289,Leon,2020-2025,67.162,5,2020,2025,1.0,mean
consistent_county,TX,Tavg,48291,Liberty,1980-1989,67.462,10,1980,1989,2.741,mean
consistent_county,TX,Tavg,48291,Liberty,1990-1999,68.815,10,1990,1999,2.917,mean
consistent_county,TX,Tavg,48291,Liberty,2000-2009,68.577,10,2000,2009,4.105,mean
consistent_county,TX,Tavg,48291,Liberty,2010-2019,69.087,10,2010,2019,4.694,mean
consistent_county,TX,Tavg,48291,Liberty,2020-2025,70.342,6,2020,2025,3.004,mean
consistent_county,TX,Tavg,48295,Lipscomb,1980-1989,56.84,10,1980,1989,2.08,mean
consistent_county,TX,Tavg,48295,Lipscomb,1990-1999,55.776,10,1990,1999,1.954,mean
consistent_county,TX,Tavg,48295,Lipscomb,2000-2009,57.103,10,2000,2009,1.531,mean
consistent_county,TX,Tavg,48295,Lipscomb,2010-2019,57.875,10,2010,2019,1.895,mean
consistent_county,TX,Tavg,48295,Lipscomb,2020-2025,58.797,6,2020,2025,1.545,mean
consistent_county,TX,Tavg,48303,Lubbock,1980-1989,60.363,10,1980,1989,1.0,mean
consistent_county,TX,Tavg,48303,Lubbock,1990-1999,61.076,10,1990,1999,1.0,mean
consistent_county,TX,Tavg,48303,Lubbock,2000-2009,61.318,10,2000,2009,1.0,mean
consistent_county,TX,Tavg,48303,Lubbock,2010-2019,62.391,10,2010,2019,1.791,mean
consistent_county,TX,Tavg,48303,Lubbock,2020-2025,63.577,6,2020,2025,2.0,mean
consistent_county,TX,Tavg,48305,Lynn,1980-1989,60.124,10,1980,1989,1.0,mean
consistent_county,TX,Tavg,48305,Lynn,1990-1999,60.39,10,1990,1999,1.0,mean
consistent_county,TX,Tavg,48305,Lynn,2000-2009,62.257,10,2000,2009,1.0,mean
consistent_county,TX,Tavg,48305,Lynn,2010-2019,62.093,10,2010,2019,1.0,mean
consistent_county,TX,Tavg,48305,Lynn,2020-2025,62.802,6,2020,2025,1.0,mean
consistent_county,TX,Tavg,48307,McCulloch,1980-1989,65.224,10,1980,1989,1.0,mean
consistent_county,TX,Tavg,48307,McCulloch,1990-1999,65.28,10,1990,1999,1.0,mean
consistent_county,TX,Tavg,48307,McCulloch,2000-2009,65.931,10,2000,2009,1.0,mean
consistent_county,TX,Tavg,48307,McCulloch,2010-2019,66.404,10,2010,2019,1.0,mean
consistent_county,TX,Tavg,48307,McCulloch,2020-2025,66.849,5,2020,2024,1.0,mean
consistent_county,TX,Tavg,48309,McLennan,1980-1989,65.982,10,1980,1989,2.989,mean
consistent_county,TX,Tavg,48309,McLennan,1990-1999,66.391,10,1990,1999,3.208,mean
consistent_county,TX,Tavg,48309,McLennan,2000-2009,66.766,10,2000,2009,3.314,mean
consistent_county,TX,Tavg,48309,McLennan,2010-2019,67.405,10,2010,2019,2.979,mean
consistent_county,TX,Tavg,48309,McLennan,2020-2025,68.427,6,2020,2025,2.424,mean
consistent_county,TX,Tavg,48321,Matagorda,1980-1989,70.035,10,1980,1989,2.797,mean
consistent_county,TX,Tavg,48321,Matagorda,1990-1999,70.66,10,1990,1999,2.863,mean
consistent_county,TX,Tavg,48321,Matagorda,2000-2009,70.56,10,2000,2009,2.929,mean
consistent_county,TX,Tavg,48321,Matagorda,2010-2019,70.83,10,2010,2019,3.451,mean
consistent_county,TX,Tavg,48321,Matagorda,2020-2025,71.507,6,2020,2025,2.87,mean
consistent_county,TX,Tavg,48325,Medina,1980-1989,69.059,10,1980,1989,1.98,mean
consistent_county,TX,Tavg,48325,Medina,1990-1999,69.379,10,1990,1999,2.259,mean
consistent_county,TX,Tavg,48325,Medina,2000-2009,69.61,10,2000,2009,2.675,mean
consistent_county,TX,Tavg,48325,Medina,2010-2019,70.196,10,2010,2019,1.953,mean
consistent_county,TX,Tavg,48325,Medina,2020-2025,71.338,6,2020,2025,1.039,mean
consistent_county,TX,Tavg,48327,Menard,1980-1989,64.821,10,1980,1989,1.0,mean
consistent_county,TX,Tavg,48327,Menard,1990-1999,64.845,8,1990,1999,1.294,mean
consistent_county,TX,Tavg,48327,Menard,2000-2009,64.547,10,2000,2009,1.892,mean
consistent_county,TX,Tavg,48327,Menard,2010-2019,64.726,10,2010,2019,1.78,mean
consistent_county,TX,Tavg,48327,Menard,2020-2025,65.527,6,2020,2025,1.0,mean
consistent_county,TX,Tavg,48329,Midland,1980-1989,63.475,10,1980,1989,1.958,mean
consistent_county,TX,Tavg,48329,Midland,1990-1999,64.743,10,1990,1999,1.942,mean
consistent_county,TX,Tavg,48329,Midland,2000-2009,64.931,10,2000,2009,2.673,mean
consistent_county,TX,Tavg,48329,Midland,2010-2019,66.095,10,2010,2019,4.061,mean
consistent_county,TX,Tavg,48329,Midland,2020-2025,66.612,6,2020,2025,3.98,mean
consistent_county,TX,Tavg,48337,Montague,1980-1989,64.363,10,1980,1989,1.0,mean
consistent_county,TX,Tavg,48337,Montague,1990-1999,63.334,8,1990,1999,1.0,mean
consistent_county,TX,Tavg,48337,Montague,2000-2009,63.201,9,2000,2009,1.837,mean
consistent_county,TX,Tavg,48337,Montague,2010-2019,63.794,10,2010,2019,2.507,mean
consistent_county,TX,Tavg,48337,Montague,2020-2025,64.651,6,2020,2025,2.13,mean
consistent_county,TX,Tavg,48343,Morris,1980-1989,67.104,10,1980,1989,1.0,mean
consistent_county,TX,Tavg,48343,Morris,1990-1999,66.185,8,1990,1999,1.288,mean
consistent_county,TX,Tavg,48343,Morris,2000-2009,65.392,10,2000,2009,2.124,mean
consistent_county,TX,Tavg,48343,Morris,2010-2019,66.056,10,2010,2019,1.99,mean
consistent_county,TX,Tavg,48343,Morris,2020-2025,66.122,6,2020,2025,1.091,mean
consistent_county,TX,Tavg,48347,Nacogdoches,1980-1989,65.502,10,1980,1989,1.0,mean
consistent_county,TX,Tavg,48347,Nacogdoches,1990-1999,66.741,9,1990,1999,1.2,mean
consistent_county,TX,Tavg,48347,Nacogdoches,2000-2009,66.726,9,2000,2009,1.524,mean
consistent_county,TX,Tavg,48347,Nacogdoches,2010-2019,66.209,10,2010,2019,1.224,mean
consistent_county,TX,Tavg,48347,Nacogdoches,2020-2025,67.01,6,2020,2025,1.826,mean
consistent_county,TX,Tavg,48349,Navarro,1980-1989,64.868,10,1980,1989,1.966,mean
consistent_county,TX,Tavg,48349,Navarro,1990-1999,65.338,10,1990,1999,2.145,mean
consistent_county,TX,Tavg,48349,Navarro,2000-2009,66.647,10,2000,2009,2.929,mean
consistent_county,TX,Tavg,48349,Navarro,2010-2019,66.948,10,2010,2019,2.864,mean
consistent_county,TX,Tavg,48349,Navarro,2020-2025,67.842,6,2020,2025,2.716,mean
consistent_county,TX,Tavg,48351,Newton,1980-1989,64.668,10,1980,1989,1.0,mean
consistent_county,TX,Tavg,48351,Newton,1990-1999,65.595,10,1990,1999,1.0,mean
consistent_county,TX,Tavg,48351,Newton,2000-2009,67.53,10,2000,2009,1.361,mean
consistent_county,TX,Tavg,48351,Newton,2010-2019,68.914,10,2010,2019,1.0,mean
consistent_county,TX,Tavg,48351,Newton,2020-2025,69.894,6,2020,2025,1.0,mean
consistent_county,TX,Tavg,48353,Nolan,1980-1989,63.437,10,1980,1989,1.0,mean
consistent_county,TX,Tavg,48353,Nolan,1990-1999,63.81,10,1990,1999,1.0,mean
consistent_county,TX,Tavg,48353,Nolan,2000-2009,63.637,9,2000,2009,1.166,mean
consistent_county,TX,Tavg,48353,Nolan,2010-2019,64.351,9,2010,2018,1.067,mean
consistent_county,TX,Tavg,48353,Nolan,2020-2025,65.142,5,2021,2025,1.0,mean
consistent_county,TX,Tavg,48355,Nueces,1980-1989,72.095,10,1980,1989,4.162,mean
consistent_county,TX,Tavg,48355,Nueces,1990-1999,72.554,10,1990,1999,4.74,mean
consistent_county,TX,Tavg,48355,Nueces,2000-2009,72.768,10,2000,2009,6.624,mean
consistent_county,TX,Tavg,48355,Nueces,2010-2019,72.875,10,2010,2019,6.475,mean
consistent_county,TX,Tavg,48355,Nueces,2020-2025,73.977,6,2020,2025,4.585,mean
consistent_county,TX,Tavg,48359,Oldham,1980-1989,56.402,10,1980,1989,2.222,mean
consistent_county,TX,Tavg,48359,Oldham,1990-1999,56.868,10,1990,1999,1.962,mean
consistent_county,TX,Tavg,48359,Oldham,2000-2009,56.892,10,2000,2009,2.744,mean
consistent_county,TX,Tavg,48359,Oldham,2010-2019,57.288,10,2010,2019,2.215,mean
consistent_county,TX,Tavg,48359,Oldham,2020-2025,57.856,6,2020,2025,1.992,mean
consistent_county,TX,Tavg,48361,Orange,1980-1989,66.576,9,1980,1989,1.0,mean
consistent_county,TX,Tavg,48361,Orange,1990-1999,67.323,10,1990,1999,1.0,mean
consistent_county,TX,Tavg,48361,Orange,2000-2009,67.533,9,2000,2009,1.0,mean
consistent_county,TX,Tavg,48361,Orange,2010-2019,67.689,10,2010,2019,1.0,mean
consistent_county,TX,Tavg,48361,Orange,2020-2025,68.54,6,2020,2025,1.0,mean
consistent_county,TX,Tavg,48367,Parker,1980-1989,63.632,10,1980,1989,1.397,mean
consistent_county,TX,Tavg,48367,Parker,1990-1999,65.289,10,1990,1999,1.981,mean
consistent_county,TX,Tavg,48367,Parker,2000-2009,64.7,10,2000,2009,2.663,mean
consistent_county,TX,Tavg,48367,Parker,2010-2019,65.084,10,2010,2019,2.134,mean
consistent_county,TX,Tavg,48367,Parker,2020-2025,66.167,6,2020,2025,1.874,mean
consistent_county,TX,Tavg,48369,Parmer,1980-1989,55.909,8,1980,1989,1.0,mean
consistent_county,TX,Tavg,48369,Parmer,1990-1999,56.517,10,1990,1999,1.0,mean
consistent_county,TX,Tavg,48369,Parmer,2000-2009,57.181,10,2000,2009,1.0,mean
consistent_county,TX,Tavg,48369,Parmer,2010-2019,57.632,10,2010,2019,1.0,mean
consistent_county,TX,Tavg,48369,Parmer,2020-2025,58.979,6,2020,2025,1.0,mean
consistent_county,TX,Tavg,48371,Pecos,1980-1989,65.889,10,1980,1989,2.911,mean
consistent_county,TX,Tavg,48371,Pecos,1990-1999,66.378,10,1990,1999,3.194,mean
consistent_county,TX,Tavg,48371,Pecos,2000-2009,66.952,10,2000,2009,3.345,mean
consistent_county,TX,Tavg,48371,Pecos,2010-2019,67.052,10,2010,2019,3.098,mean
consistent_county,TX,Tavg,48371,Pecos,2020-2025,69.144,6,2020,2025,1.904,mean
consistent_county,TX,Tavg,48375,Potter,1980-1989,56.707,10,1980,1989,1.0,mean
consistent_county,TX,Tavg,48375,Potter,1990-1999,57.198,10,1990,1999,1.0,mean
consistent_county,TX,Tavg,48375,Potter,2000-2009,57.572,10,2000,2009,1.521,mean
consistent_county,TX,Tavg,48375,Potter,2010-2019,57.899,10,2010,2019,2.146,mean
consistent_county,TX,Tavg,48375,Potter,2020-2025,58.881,6,2020,2025,2.963,mean
consistent_county,TX,Tavg,48377,Presidio,1980-1989,66.109,10,1980,1989,3.589,mean
consistent_county,TX,Tavg,48377,Presidio,1990-1999,66.398,10,1990,1999,3.198,mean
consistent_county,TX,Tavg,48377,Presidio,2000-2009,66.613,10,2000,2009,3.07,mean
consistent_county,TX,Tavg,48377,Presidio,2010-2019,67.041,8,2010,2019,1.885,mean
consistent_county,TX,Tavg,48377,Presidio,2020-2025,71.125,6,2020,2025,1.38,mean
consistent_county,TX,Tavg,48379,Rains,1980-1989,63.522,10,1980,1989,1.836,mean
consistent_county,TX,Tavg,48379,Rains,1990-1999,64.196,10,1990,1999,1.917,mean
consistent_county,TX,Tavg,48379,Rains,2000-2009,64.368,10,2000,2009,1.754,mean
consistent_county,TX,Tavg,48379,Rains,2010-2019,64.825,10,2010,2019,1.282,mean
consistent_county,TX,Tavg,48379,Rains,2020-2025,65.489,6,2020,2025,1.0,mean
consistent_county,TX,Tavg,48383,Reagan,1980-1989,62.68,10,1980,1989,1.914,mean
consistent_county,TX,Tavg,48383,Reagan,1990-1999,63.462,10,1990,1999,1.948,mean
consistent_county,TX,Tavg,48383,Reagan,2000-2009,63.925,9,2000,2009,1.484,mean
consistent_county,TX,Tavg,48383,Reagan,2010-2019,64.411,10,2010,2019,1.944,mean
consistent_county,TX,Tavg,48383,Reagan,2020-2025,65.269,6,2020,2025,1.214,mean
consistent_county,TX,Tavg,48385,Real,1980-1989,65.723,10,1980,1989,1.331,mean
consistent_county,TX,Tavg,48385,Real,1990-1999,65.023,10,1990,1999,1.853,mean
consistent_county,TX,Tavg,48385,Real,2000-2009,65.282,8,2000,2007,1.765,mean
consistent_county,TX,Tavg,48385,Real,2010-2019,64.954,10,2010,2019,1.358,mean
consistent_county,TX,Tavg,48385,Real,2020-2025,66.044,6,2020,2025,1.0,mean
consistent_county,TX,Tavg,48387,Red River,1980-1989,61.98,10,1980,1989,1.0,mean
consistent_county,TX,Tavg,48387,Red River,1990-1999,62.639,8,1990,1999,1.0,mean
consistent_county,TX,Tavg,48387,Red River,2000-2009,63.716,10,2000,2009,1.775,mean
consistent_county,TX,Tavg,48387,Red River,2010-2019,65.281,10,2010,2019,1.055,mean
consistent_county,TX,Tavg,48387,Red River,2020-2025,65.752,6,2020,2025,1.0,mean
consistent_county,TX,Tavg,48399,Runnels,1980-1989,65.023,10,1980,1989,1.839,mean
consistent_county,TX,Tavg,48399,Runnels,1990-1999,65.964,10,1990,1999,1.93,mean
consistent_county,TX,Tavg,48399,Runnels,2000-2009,64.786,10,2000,2009,1.985,mean
consistent_county,TX,Tavg,48399,Runnels,2010-2019,64.97,10,2010,2019,1.797,mean
consistent_county,TX,Tavg,48399,Runnels,2020-2025,66.099,6,2020,2025,1.624,mean
consistent_county,TX,Tavg,48401,Rusk,1980-1989,64.82,10,1980,1989,1.958,mean
consistent_county,TX,Tavg,48401,Rusk,1990-1999,65.607,10,1990,1999,1.92,mean
consistent_county,TX,Tavg,48401,Rusk,2000-2009,66.142,10,2000,2009,2.857,mean
consistent_county,TX,Tavg,48401,Rusk,2010-2019,66.342,10,2010,2019,2.922,mean
consistent_county,TX,Tavg,48401,Rusk,2020-2025,66.869,6,2020,2025,2.728,mean
consistent_county,TX,Tavg,48411,San Saba,1980-1989,65.614,10,1980,1989,1.0,mean
consistent_county,TX,Tavg,48411,San Saba,1990-1999,66.762,10,1990,1999,1.0,mean
consistent_county,TX,Tavg,48411,San Saba,2000-2009,66.108,10,2000,2009,1.857,mean
consistent_county,TX,Tavg,48411,San Saba,2010-2019,66.792,10,2010,2019,1.961,mean
consistent_county,TX,Tavg,48411,San Saba,2020-2025,68.023,6,2020,2025,1.964,mean
consistent_county,TX,Tavg,48423,Smith,1980-1989,64.788,10,1980,1989,1.0,mean
consistent_county,TX,Tavg,48423,Smith,1990-1999,66.749,10,1990,1999,1.161,mean
consistent_county,TX,Tavg,48423,Smith,2000-2009,66.315,10,2000,2009,2.467,mean
consistent_county,TX,Tavg,48423,Smith,2010-2019,67.401,10,2010,2019,1.998,mean
consistent_county,TX,Tavg,48423,Smith,2020-2025,67.644,6,2020,2025,1.999,mean
consistent_county,TX,Tavg,48427,Starr,1980-1989,73.195,10,1980,1989,1.921,mean
consistent_county,TX,Tavg,48427,Starr,1990-1999,75.088,10,1990,1999,1.935,mean
consistent_county,TX,Tavg,48427,Starr,2000-2009,75.131,10,2000,2009,2.936,mean
consistent_county,TX,Tavg,48427,Starr,2010-2019,76.045,9,2010,2019,2.597,mean
consistent_county,TX,Tavg,48427,Starr,2020-2025,76.829,6,2020,2025,1.955,mean
consistent_county,TX,Tavg,48433,Stonewall,1980-1989,63.796,9,1980,1988,1.0,mean
consistent_county,TX,Tavg,48433,Stonewall,1990-1999,62.805,10,1990,1999,1.0,mean
consistent_county,TX,Tavg,48433,Stonewall,2000-2009,63.163,10,2000,2009,1.0,mean
consistent_county,TX,Tavg,48433,Stonewall,2010-2019,64.405,10,2010,2019,1.0,mean
consistent_county,TX,Tavg,48433,Stonewall,2020-2025,65.038,6,2020,2025,1.0,mean
consistent_county,TX,Tavg,48437,Swisher,1980-1989,57.184,10,1980,1989,1.0,mean
consistent_county,TX,Tavg,48437,Swisher,1990-1999,57.474,10,1990,1999,1.0,mean
consistent_county,TX,Tavg,48437,Swisher,2000-2009,57.807,10,2000,2009,1.651,mean
consistent_county,TX,Tavg,48437,Swisher,2010-2019,58.058,10,2010,2019,1.998,mean
consistent_county,TX,Tavg,48437,Swisher,2020-2025,59.327,6,2020,2025,1.999,mean
consistent_county,TX,Tavg,48439,Tarrant,1980-1989,64.732,10,1980,1989,2.948,mean
consistent_county,TX,Tavg,48439,Tarrant,1990-1999,65.533,10,1990,1999,5.211,mean
consistent_county,TX,Tavg,48439,Tarrant,2000-2009,66.336,10,2000,2009,7.398,mean
consistent_county,TX,Tavg,48439,Tarrant,2010-2019,66.958,10,2010,2019,8.769,mean
consistent_county,TX,Tavg,48439,Tarrant,2020-2025,67.87,6,2020,2025,7.705,mean
consistent_county,TX,Tavg,48441,Taylor,1980-1989,64.427,10,1980,1989,1.0,mean
consistent_county,TX,Tavg,48441,Taylor,1990-1999,64.6,10,1990,1999,1.0,mean
consistent_county,TX,Tavg,48441,Taylor,2000-2009,64.478,10,2000,2009,2.503,mean
consistent_county,TX,Tavg,48441,Taylor,2010-2019,64.908,10,2010,2019,2.587,mean
consistent_county,TX,Tavg,48441,Taylor,2020-2025,66.476,6,2020,2025,2.443,mean
consistent_county,TX,Tavg,48443,Terrell,1980-1989,64.714,10,1980,1989,1.833,mean
consistent_county,TX,Tavg,48443,Terrell,1990-1999,65.874,9,1990,1999,1.505,mean
consistent_county,TX,Tavg,48443,Terrell,2000-2009,66.947,10,2000,2009,1.808,mean
consistent_county,TX,Tavg,48443,Terrell,2010-2019,69.079,10,2010,2019,1.335,mean
consistent_county,TX,Tavg,48443,Terrell,2020-2025,69.76,6,2020,2025,1.0,mean
consistent_county,TX,Tavg,48445,Terry,1980-1989,60.2,10,1980,1989,1.0,mean
consistent_county,TX,Tavg,48445,Terry,1990-1999,60.539,10,1990,1999,1.0,mean
consistent_county,TX,Tavg,48445,Terry,2000-2009,60.995,10,2000,2009,1.0,mean
consistent_county,TX,Tavg,48445,Terry,2010-2019,61.354,10,2010,2019,1.0,mean
consistent_county,TX,Tavg,48445,Terry,2020-2025,62.244,6,2020,2025,1.0,mean
consistent_county,TX,Tavg,48449,Titus,1980-1989,63.183,9,1980,1989,1.0,mean
consistent_county,TX,Tavg,48449,Titus,1990-1999,63.251,8,1992,1999,1.0,mean
consistent_county,TX,Tavg,48449,Titus,2000-2009,64.67,8,2000,2009,1.0,mean
consistent_county,TX,Tavg,48449,Titus,2010-2019,64.838,8,2010,2019,1.0,mean
consistent_county,TX,Tavg,48449,Titus,2020-2025,66.062,6,2020,2025,1.0,mean
consistent_county,TX,Tavg,48451,Tom Green,1980-1989,63.871,10,1980,1989,2.982,mean
consistent_county,TX,Tavg,48451,Tom Green,1990-1999,64.871,10,1990,1999,2.915,mean
consistent_county,TX,Tavg,48451,Tom Green,2000-2009,64.945,10,2000,2009,2.831,mean
consistent_county,TX,Tavg,48451,Tom Green,2010-2019,65.98,10,2010,2019,2.949,mean
consistent_county,TX,Tavg,48451,Tom Green,2020-2025,66.967,6,2020,2025,2.946,mean
consistent_county,TX,Tavg,48453,Travis,1980-1989,68.684,10,1980,1989,1.0,mean
consistent_county,TX,Tavg,48453,Travis,1990-1999,69.239,10,1990,1999,1.57,mean
consistent_county,TX,Tavg,48453,Travis,2000-2009,68.429,10,2000,2009,3.72,mean
consistent_county,TX,Tavg,48453,Travis,2010-2019,68.74,10,2010,2019,5.337,mean
consistent_county,TX,Tavg,48453,Travis,2020-2025,69.983,6,2020,2025,5.873,mean
consistent_county,TX,Tavg,48457,Tyler,1980-1989,66.188,10,1980,1989,1.0,mean
consistent_county,TX,Tavg,48457,Tyler,1990-1999,66.979,10,1990,1999,1.08,mean
consistent_county,TX,Tavg,48457,Tyler,2000-2009,67.502,10,2000,2009,3.499,mean
consistent_county,TX,Tavg,48457,Tyler,2010-2019,68.213,10,2010,2019,3.599,mean
consistent_county,TX,Tavg,48457,Tyler,2020-2025,69.082,6,2020,2025,2.984,mean
consistent_county,TX,Tavg,48459,Upshur,1980-1989,63.382,10,1980,1989,1.0,mean
consistent_county,TX,Tavg,48459,Upshur,1990-1999,64.108,10,1990,1999,1.0,mean
consistent_county,TX,Tavg,48459,Upshur,2000-2009,65.123,9,2000,2009,1.825,mean
consistent_county,TX,Tavg,48459,Upshur,2010-2019,65.744,10,2010,2019,1.954,mean
consistent_county,TX,Tavg,48459,Upshur,2020-2025,66.626,6,2020,2025,1.956,mean
consistent_county,TX,Tavg,48465,Val Verde,1980-1989,68.307,10,1980,1989,5.243,mean
consistent_county,TX,Tavg,48465,Val Verde,1990-1999,68.734,10,1990,1999,7.135,mean
consistent_county,TX,Tavg,48465,Val Verde,2000-2009,69.474,10,2000,2009,6.261,mean
consistent_county,TX,Tavg,48465,Val Verde,2010-2019,70.364,10,2010,2019,4.392,mean
consistent_county,TX,Tavg,48465,Val Verde,2020-2025,72.783,6,2020,2025,3.315,mean
consistent_county,TX,Tavg,48467,Van Zandt,1980-1989,64.558,10,1980,1989,1.0,mean
consistent_county,TX,Tavg,48467,Van Zandt,1990-1999,64.152,10,1990,1999,1.0,mean
consistent_county,TX,Tavg,48467,Van Zandt,2000-2009,64.561,10,2000,2009,1.0,mean
consistent_county,TX,Tavg,48467,Van Zandt,2010-2019,65.688,10,2010,2019,1.0,mean
consistent_county,TX,Tavg,48467,Van Zandt,2020-2025,66.05,5,2020,2024,1.0,mean
consistent_county,TX,Tavg,48469,Victoria,1980-1989,70.269,10,1980,1989,1.0,mean
consistent_county,TX,Tavg,48469,Victoria,1990-1999,70.797,10,1990,1999,1.157,mean
consistent_county,TX,Tavg,48469,Victoria,2000-2009,70.954,10,2000,2009,3.797,mean
consistent_county,TX,Tavg,48469,Victoria,2010-2019,71.203,10,2010,2019,3.82,mean
consistent_county,TX,Tavg,48469,Victoria,2020-2025,72.466,6,2020,2025,2.852,mean
consistent_county,TX,Tavg,48471,Walker,1980-1989,67.27,10,1980,1989,1.0,mean
consistent_county,TX,Tavg,48471,Walker,1990-1999,68.042,10,1990,1999,1.288,mean
consistent_county,TX,Tavg,48471,Walker,2000-2009,68.371,10,2000,2009,1.988,mean
consistent_county,TX,Tavg,48471,Walker,2010-2019,68.281,10,2010,2019,1.995,mean
consistent_county,TX,Tavg,48471,Walker,2020-2025,69.701,6,2020,2025,2.0,mean
consistent_county,TX,Tavg,48475,Ward,1980-1989,64.436,10,1980,1989,1.876,mean
consistent_county,TX,Tavg,48475,Ward,1990-1999,65.496,10,1990,1999,1.903,mean
consistent_county,TX,Tavg,48475,Ward,2000-2009,65.538,8,2002,2009,2.305,mean
consistent_county,TX,Tavg,48475,Ward,2010-2019,66.251,10,2010,2019,1.351,mean
consistent_county,TX,Tavg,48475,Ward,2020-2025,67.475,6,2020,2025,1.0,mean
consistent_county,TX,Tavg,48477,Washington,1980-1989,67.701,10,1980,1989,1.99,mean
consistent_county,TX,Tavg,48477,Washington,1990-1999,68.921,10,1990,1999,1.951,mean
consistent_county,TX,Tavg,48477,Washington,2000-2009,68.204,10,2000,2009,1.95,mean
consistent_county,TX,Tavg,48477,Washington,2010-2019,69.119,10,2010,2019,2.789,mean
consistent_county,TX,Tavg,48477,Washington,2020-2025,70.512,6,2020,2025,2.083,mean
consistent_county,TX,Tavg,48479,Webb,1980-1989,72.288,10,1980,1989,1.87,mean
consistent_county,TX,Tavg,48479,Webb,1990-1999,73.798,10,1990,1999,1.853,mean
consistent_county,TX,Tavg,48479,Webb,2000-2009,73.995,10,2000,2009,1.75,mean
consistent_county,TX,Tavg,48479,Webb,2010-2019,74.395,10,2010,2019,3.006,mean
consistent_county,TX,Tavg,48479,Webb,2020-2025,76.22,6,2020,2025,2.188,mean
consistent_county,TX,Tavg,48481,Wharton,1980-1989,69.266,10,1980,1989,2.794,mean
consistent_county,TX,Tavg,48481,Wharton,1990-1999,69.864,10,1990,1999,2.583,mean
consistent_county,TX,Tavg,48481,Wharton,2000-2009,69.954,10,2000,2009,2.297,mean
consistent_county,TX,Tavg,48481,Wharton,2010-2019,70.081,10,2010,2019,3.11,mean
consistent_county,TX,Tavg,48481,Wharton,2020-2025,71.03,6,2020,2025,2.92,mean
consistent_county,TX,Tavg,48485,Wichita,1980-1989,63.079,10,1980,1989,1.0,mean
consistent_county,TX,Tavg,48485,Wichita,1990-1999,63.72,10,1990,1999,1.0,mean
consistent_county,TX,Tavg,48485,Wichita,2000-2009,64.568,10,2000,2009,1.0,mean
consistent_county,TX,Tavg,48485,Wichita,2010-2019,64.487,10,2010,2019,1.0,mean
consistent_county,TX,Tavg,48485,Wichita,2020-2025,65.333,6,2020,2025,1.0,mean
consistent_county,TX,Tavg,48491,Williamson,1980-1989,66.4,10,1980,1989,3.152,mean
consistent_county,TX,Tavg,48491,Williamson,1990-1999,67.184,10,1990,1999,2.944,mean
consistent_county,TX,Tavg,48491,Williamson,2000-2009,67.524,10,2000,2009,2.757,mean
consistent_county,TX,Tavg,48491,Williamson,2010-2019,67.887,10,2010,2019,3.098,mean
consistent_county,TX,Tavg,48491,Williamson,2020-2025,69.043,6,2020,2025,4.057,mean
consistent_county,TX,Tavg,48503,Young,1980-1989,63.84,10,1980,1989,1.901,mean
consistent_county,TX,Tavg,48503,Young,1990-1999,64.284,10,1990,1999,1.888,mean
consistent_county,TX,Tavg,48503,Young,2000-2009,64.403,8,2000,2009,1.884,mean
consistent_county,TX,Tavg,48503,Young,2010-2019,65.2,10,2010,2019,1.48,mean
consistent_county,TX,Tavg,48503,Young,2020-2025,66.292,5,2020,2025,1.0,mean
consistent_county,TX,Tmax,48001,Anderson,1980-1989,76.595,8,1980,1989,1.0,mean
consistent_county,TX,Tmax,48001,Anderson,1990-1999,77.391,9,1990,1998,1.0,mean
consistent_county,TX,Tmax,48001,Anderson,2000-2009,77.146,10,2000,2009,2.334,mean
consistent_county,TX,Tmax,48001,Anderson,2010-2019,77.913,10,2010,2019,3.634,mean
consistent_county,TX,Tmax,48001,Anderson,2020-2025,78.639,6,2020,2025,3.554,mean
consistent_county,TX,Tmax,48005,Angelina,1980-1989,77.518,10,1980,1989,1.0,mean
consistent_county,TX,Tmax,48005,Angelina,1990-1999,78.176,10,1990,1999,1.405,mean
consistent_county,TX,Tmax,48005,Angelina,2000-2009,77.731,10,2000,2009,2.943,mean
consistent_county,TX,Tmax,48005,Angelina,2010-2019,78.638,10,2010,2019,2.6,mean
consistent_county,TX,Tmax,48005,Angelina,2020-2025,79.972,6,2020,2025,1.987,mean
consistent_county,TX,Tmax,48007,Aransas,1980-1989,79.113,10,1980,1989,1.883,mean
consistent_county,TX,Tmax,48007,Aransas,1990-1999,79.288,10,1990,1999,2.26,mean
consistent_county,TX,Tmax,48007,Aransas,2000-2009,79.657,10,2000,2009,3.086,mean
consistent_county,TX,Tmax,48007,Aransas,2010-2019,80.191,10,2010,2019,2.442,mean
consistent_county,TX,Tmax,48007,Aransas,2020-2025,81.853,6,2020,2025,2.402,mean
consistent_county,TX,Tmax,48013,Atascosa,1980-1989,82.965,10,1980,1989,1.873,mean
consistent_county,TX,Tmax,48013,Atascosa,1990-1999,82.945,10,1990,1999,2.8,mean
consistent_county,TX,Tmax,48013,Atascosa,2000-2009,83.105,10,2000,2009,2.903,mean
consistent_county,TX,Tmax,48013,Atascosa,2010-2019,83.167,10,2010,2019,2.598,mean
consistent_county,TX,Tmax,48013,Atascosa,2020-2025,84.611,6,2020,2025,2.571,mean
consistent_county,TX,Tmax,48017,Bailey,1980-1989,72.984,10,1980,1989,1.96,mean
consistent_county,TX,Tmax,48017,Bailey,1990-1999,73.867,10,1990,1999,1.959,mean
consistent_county,TX,Tmax,48017,Bailey,2000-2009,74.071,10,2000,2009,2.418,mean
consistent_county,TX,Tmax,48017,Bailey,2010-2019,74.299,10,2010,2019,2.994,mean
consistent_county,TX,Tmax,48017,Bailey,2020-2025,75.389,6,2020,2025,2.996,mean
consistent_county,TX,Tmax,48021,Bastrop,1980-1989,79.396,10,1980,1989,2.957,mean
consistent_county,TX,Tmax,48021,Bastrop,1990-1999,80.294,10,1990,1999,2.724,mean
consistent_county,TX,Tmax,48021,Bastrop,2000-2009,80.445,10,2000,2009,3.531,mean
consistent_county,TX,Tmax,48021,Bastrop,2010-2019,80.24,10,2010,2019,3.389,mean
consistent_county,TX,Tmax,48021,Bastrop,2020-2025,81.698,6,2020,2025,1.233,mean
consistent_county,TX,Tmax,48023,Baylor,1980-1989,75.604,10,1980,1989,1.998,mean
consistent_county,TX,Tmax,48023,Baylor,1990-1999,75.863,10,1990,1999,1.949,mean
consistent_county,TX,Tmax,48023,Baylor,2000-2009,76.965,10,2000,2009,2.221,mean
consistent_county,TX,Tmax,48023,Baylor,2010-2019,77.776,10,2010,2019,1.982,mean
consistent_county,TX,Tmax,48023,Baylor,2020-2025,78.647,6,2020,2025,1.994,mean
consistent_county,TX,Tmax,48025,Bee,1980-1989,81.923,10,1980,1989,1.994,mean
consistent_county,TX,Tmax,48025,Bee,1990-1999,81.435,10,1990,1999,1.272,mean
consistent_county,TX,Tmax,48025,Bee,2000-2009,82.313,9,2000,2009,1.0,mean
consistent_county,TX,Tmax,48025,Bee,2010-2019,82.231,10,2010,2019,1.0,mean
consistent_county,TX,Tmax,48025,Bee,2020-2025,83.427,5,2020,2025,1.0,mean
consistent_county,TX,Tmax,48029,Bexar,1980-1989,79.724,10,1980,1989,1.158,mean
consistent_county,TX,Tmax,48029,Bexar,1990-1999,80.316,10,1990,1999,2.365,mean
consistent_county,TX,Tmax,48029,Bexar,2000-2009,81.069,10,2000,2009,3.892,mean
consistent_county,TX,Tmax,48029,Bexar,2010-2019,81.48,10,2010,2019,3.365,mean
consistent_county,TX,Tmax,48029,Bexar,2020-2025,82.268,6,2020,2025,5.513,mean
consistent_county,TX,Tmax,48037,Bowie,1980-1989,74.738,10,1980,1989,1.765,mean
consistent_county,TX,Tmax,48037,Bowie,1990-1999,74.966,10,1990,1999,1.937,mean
consistent_county,TX,Tmax,48037,Bowie,2000-2009,75.132,10,2000,2009,2.181,mean
consistent_county,TX,Tmax,48037,Bowie,2010-2019,76.019,10,2010,2019,2.649,mean
consistent_county,TX,Tmax,48037,Bowie,2020-2025,76.326,6,2020,2025,1.982,mean
consistent_county,TX,Tmax,48039,Brazoria,1980-1989,78.321,10,1980,1989,3.185,mean
consistent_county,TX,Tmax,48039,Brazoria,1990-1999,78.627,10,1990,1999,3.351,mean
consistent_county,TX,Tmax,48039,Brazoria,2000-2009,79.473,10,2000,2009,6.23,mean
consistent_county,TX,Tmax,48039,Brazoria,2010-2019,79.908,10,2010,2019,5.245,mean
consistent_county,TX,Tmax,48039,Brazoria,2020-2025,80.681,6,2020,2025,4.895,mean
consistent_county,TX,Tmax,48041,Brazos,1980-1989,78.565,10,1980,1989,1.0,mean
consistent_county,TX,Tmax,48041,Brazos,1990-1999,79.573,10,1990,1999,1.0,mean
consistent_county,TX,Tmax,48041,Brazos,2000-2009,79.696,10,2000,2009,1.0,mean
consistent_county,TX,Tmax,48041,Brazos,2010-2019,80.271,10,2010,2019,1.0,mean
consistent_county,TX,Tmax,48041,Brazos,2020-2025,81.977,6,2020,2025,1.0,mean
consistent_county,TX,Tmax,48043,Brewster,1980-1989,81.412,10,1980,1989,7.875,mean
consistent_county,TX,Tmax,48043,Brewster,1990-1999,82.09,10,1990,1999,9.304,mean
consistent_county,TX,Tmax,48043,Brewster,2000-2009,81.562,10,2000,2009,11.129,mean
consistent_county,TX,Tmax,48043,Brewster,2010-2019,81.37,10,2010,2019,14.163,mean
consistent_county,TX,Tmax,48043,Brewster,2020-2025,82.788,6,2020,2025,11.788,mean
consistent_county,TX,Tmax,48045,Briscoe,1980-1989,70.718,10,1980,1989,1.0,mean
consistent_county,TX,Tmax,48045,Briscoe,1990-1999,71.673,10,1990,1999,1.0,mean
consistent_county,TX,Tmax,48045,Briscoe,2000-2009,72.135,10,2000,2009,1.0,mean
consistent_county,TX,Tmax,48045,Briscoe,2010-2019,73.283,10,2010,2019,1.0,mean
consistent_county,TX,Tmax,48045,Briscoe,2020-2025,74.604,6,2020,2025,1.326,mean
consistent_county,TX,Tmax,48053,Burnet,1980-1989,77.006,10,1980,1989,1.0,mean
consistent_county,TX,Tmax,48053,Burnet,1990-1999,77.49,10,1990,1999,1.31,mean
consistent_county,TX,Tmax,48053,Burnet,2000-2009,77.878,10,2000,2009,1.973,mean
consistent_county,TX,Tmax,48053,Burnet,2010-2019,78.26,10,2010,2019,2.976,mean
consistent_county,TX,Tmax,48053,Burnet,2020-2025,79.599,6,2020,2025,2.966,mean
consistent_county,TX,Tmax,48055,Caldwell,1980-1989,80.747,10,1980,1989,1.0,mean
consistent_county,TX,Tmax,48055,Caldwell,1990-1999,80.242,10,1990,1999,1.0,mean
consistent_county,TX,Tmax,48055,Caldwell,2000-2009,79.946,9,2001,2009,1.0,mean
consistent_county,TX,Tmax,48055,Caldwell,2010-2019,80.536,10,2010,2019,1.221,mean
consistent_county,TX,Tmax,48055,Caldwell,2020-2025,83.263,6,2020,2025,1.962,mean
consistent_county,TX,Tmax,48059,Callahan,1980-1989,77.663,10,1980,1989,1.0,mean
consistent_county,TX,Tmax,48059,Callahan,1990-1999,77.869,10,1990,1999,1.0,mean
consistent_county,TX,Tmax,48059,Callahan,2000-2009,76.985,10,2000,2009,1.833,mean
consistent_county,TX,Tmax,48059,Callahan,2010-2019,77.788,10,2010,2019,1.993,mean
consistent_county,TX,Tmax,48059,Callahan,2020-2025,78.796,6,2020,2025,1.854,mean
consistent_county,TX,Tmax,48061,Cameron,1980-1989,82.377,10,1980,1989,2.854,mean
consistent_county,TX,Tmax,48061,Cameron,1990-1999,82.143,10,1990,1999,4.056,mean
consistent_county,TX,Tmax,48061,Cameron,2000-2009,83.371,10,2000,2009,6.57,mean
consistent_county,TX,Tmax,48061,Cameron,2010-2019,83.866,10,2010,2019,5.859,mean
consistent_county,TX,Tmax,48061,Cameron,2020-2025,84.607,6,2020,2025,6.555,mean
consistent_county,TX,Tmax,48069,Castro,1980-1989,70.65,10,1980,1989,1.326,mean
consistent_county,TX,Tmax,48069,Castro,1990-1999,71.406,10,1990,1999,1.987,mean
consistent_county,TX,Tmax,48069,Castro,2000-2009,72.142,10,2000,2009,1.996,mean
consistent_county,TX,Tmax,48069,Castro,2010-2019,72.658,10,2010,2019,2.0,mean
consistent_county,TX,Tmax,48069,Castro,2020-2025,73.204,6,2020,2025,2.0,mean
consistent_county,TX,Tmax,48073,Cherokee,1980-1989,77.097,10,1980,1989,1.776,mean
consistent_county,TX,Tmax,48073,Cherokee,1990-1999,75.875,10,1990,1999,1.839,mean
consistent_county,TX,Tmax,48073,Cherokee,2000-2009,76.236,10,2000,2009,1.784,mean
consistent_county,TX,Tmax,48073,Cherokee,2010-2019,76.675,10,2010,2019,1.821,mean
consistent_county,TX,Tmax,48073,Cherokee,2020-2025,77.278,6,2020,2025,1.89,mean
consistent_county,TX,Tmax,48075,Childress,1980-1989,73.963,10,1980,1989,1.0,mean
consistent_county,TX,Tmax,48075,Childress,1990-1999,74.981,10,1990,1999,1.213,mean
consistent_county,TX,Tmax,48075,Childress,2000-2009,75.104,10,2000,2009,1.991,mean
consistent_county,TX,Tmax,48075,Childress,2010-2019,76.237,10,2010,2019,1.999,mean
consistent_county,TX,Tmax,48075,Childress,2020-2025,77.516,6,2020,2025,2.0,mean
consistent_county,TX,Tmax,48079,Cochran,1980-1989,72.534,10,1980,1989,1.0,mean
consistent_county,TX,Tmax,48079,Cochran,1990-1999,73.734,9,1990,1999,1.0,mean
consistent_county,TX,Tmax,48079,Cochran,2000-2009,74.902,10,2000,2009,1.0,mean
consistent_county,TX,Tmax,48079,Cochran,2010-2019,74.923,10,2010,2019,1.0,mean
consistent_county,TX,Tmax,48079,Cochran,2020-2025,76.029,6,2020,2025,1.0,mean
consistent_county,TX,Tmax,48081,Coke,1980-1989,78.778,10,1980,1989,1.0,mean
consistent_county,TX,Tmax,48081,Coke,1990-1999,78.124,9,1990,1998,1.0,mean
consistent_county,TX,Tmax,48081,Coke,2000-2009,78.656,8,2000,2009,1.292,mean
consistent_county,TX,Tmax,48081,Coke,2010-2019,78.327,10,2010,2019,1.614,mean
consistent_county,TX,Tmax,48081,Coke,2020-2025,79.66,6,2020,2025,1.053,mean
consistent_county,TX,Tmax,48083,Coleman,1980-1989,77.106,10,1980,1989,1.963,mean
consistent_county,TX,Tmax,48083,Coleman,1990-1999,77.23,10,1990,1999,1.985,mean
consistent_county,TX,Tmax,48083,Coleman,2000-2009,77.734,10,2000,2009,2.621,mean
consistent_county,TX,Tmax,48083,Coleman,2010-2019,78.975,10,2010,2019,2.593,mean
consistent_county,TX,Tmax,48083,Coleman,2020-2025,79.911,6,2020,2025,2.816,mean
consistent_county,TX,Tmax,48085,Collin,1980-1989,75.949,10,1980,1989,1.98,mean
consistent_county,TX,Tmax,48085,Collin,1990-1999,76.243,10,1990,1999,2.059,mean
consistent_county,TX,Tmax,48085,Collin,2000-2009,76.075,10,2000,2009,2.844,mean
consistent_county,TX,Tmax,48085,Collin,2010-2019,76.073,10,2010,2019,2.606,mean
consistent_county,TX,Tmax,48085,Collin,2020-2025,77.41,6,2020,2025,2.328,mean
consistent_county,TX,Tmax,48089,Colorado,1980-1989,80.518,10,1980,1989,1.0,mean
consistent_county,TX,Tmax,48089,Colorado,1990-1999,82.06,10,1990,1999,1.0,mean
consistent_county,TX,Tmax,48089,Colorado,2000-2009,81.429,10,2000,2009,1.723,mean
consistent_county,TX,Tmax,48089,Colorado,2010-2019,80.906,10,2010,2019,2.653,mean
consistent_county,TX,Tmax,48089,Colorado,2020-2025,82.136,6,2020,2025,2.246,mean
consistent_county,TX,Tmax,48093,Comanche,1980-1989,76.963,10,1980,1989,1.0,mean
consistent_county,TX,Tmax,48093,Comanche,1990-1999,77.512,10,1990,1999,1.0,mean
consistent_county,TX,Tmax,48093,Comanche,2000-2009,79.212,8,2000,2009,1.152,mean
consistent_county,TX,Tmax,48093,Comanche,2010-2019,78.283,9,2011,2019,1.63,mean
consistent_county,TX,Tmax,48093,Comanche,2020-2025,82.483,5,2021,2025,1.029,mean
consistent_county,TX,Tmax,48095,Concho,1980-1989,79.537,10,1980,1989,1.566,mean
consistent_county,TX,Tmax,48095,Concho,1990-1999,79.961,10,1990,1999,1.158,mean
consistent_county,TX,Tmax,48095,Concho,2000-2009,78.234,10,2000,2009,2.234,mean
consistent_county,TX,Tmax,48095,Concho,2010-2019,78.587,10,2010,2019,2.24,mean
consistent_county,TX,Tmax,48095,Concho,2020-2025,80.092,6,2020,2025,2.101,mean
consistent_county,TX,Tmax,48097,Cooke,1980-1989,74.344,8,1980,1989,1.03,mean
consistent_county,TX,Tmax,48097,Cooke,1990-1999,74.092,10,1990,1999,1.0,mean
consistent_county,TX,Tmax,48097,Cooke,2000-2009,74.446,10,2000,2009,1.0,mean
consistent_county,TX,Tmax,48097,Cooke,2010-2019,74.648,10,2010,2019,1.801,mean
consistent_county,TX,Tmax,48097,Cooke,2020-2025,75.355,6,2020,2025,1.738,mean
consistent_county,TX,Tmax,48099,Coryell,1980-1989,77.588,10,1980,1989,1.9,mean
consistent_county,TX,Tmax,48099,Coryell,1990-1999,77.465,10,1990,1999,1.942,mean
consistent_county,TX,Tmax,48099,Coryell,2000-2009,78.11,8,2000,2008,1.829,mean
consistent_county,TX,Tmax,48099,Coryell,2010-2019,79.177,8,2011,2019,1.66,mean
consistent_county,TX,Tmax,48099,Coryell,2020-2025,79.831,6,2020,2025,1.207,mean
consistent_county,TX,Tmax,48101,Cottle,1980-1989,74.956,10,1980,1989,1.0,mean
consistent_county,TX,Tmax,48101,Cottle,1990-1999,75.511,10,1990,1999,1.0,mean
consistent_county,TX,Tmax,48101,Cottle,2000-2009,76.484,10,2000,2009,1.536,mean
consistent_county,TX,Tmax,48101,Cottle,2010-2019,77.674,10,2010,2019,1.996,mean
consistent_county,TX,Tmax,48101,Cottle,2020-2025,78.536,6,2020,2025,1.629,mean
consistent_county,TX,Tmax,48105,Crockett,1980-1989,77.517,10,1980,1989,1.0,mean
consistent_county,TX,Tmax,48105,Crockett,1990-1999,78.085,10,1990,1999,1.668,mean
consistent_county,TX,Tmax,48105,Crockett,2000-2009,78.054,10,2000,2009,2.885,mean
consistent_county,TX,Tmax,48105,Crockett,2010-2019,78.769,10,2010,2019,3.014,mean
consistent_county,TX,Tmax,48105,Crockett,2020-2025,79.728,6,2020,2025,1.147,mean
consistent_county,TX,Tmax,48107,Crosby,1980-1989,72.951,10,1980,1989,1.0,mean
consistent_county,TX,Tmax,48107,Crosby,1990-1999,74.212,10,1990,1999,1.225,mean
consistent_county,TX,Tmax,48107,Crosby,2000-2009,75.061,10,2000,2009,1.994,mean
consistent_county,TX,Tmax,48107,Crosby,2010-2019,75.804,10,2010,2019,2.0,mean
consistent_county,TX,Tmax,48107,Crosby,2020-2025,76.901,6,2020,2025,2.0,mean
consistent_county,TX,Tmax,48113,Dallas,1980-1989,76.54,10,1980,1989,3.074,mean
consistent_county,TX,Tmax,48113,Dallas,1990-1999,77.078,10,1990,1999,3.813,mean
consistent_county,TX,Tmax,48113,Dallas,2000-2009,77.129,10,2000,2009,3.625,mean
consistent_county,TX,Tmax,48113,Dallas,2010-2019,78.016,10,2010,2019,3.646,mean
consistent_county,TX,Tmax,48113,Dallas,2020-2025,78.554,6,2020,2025,5.057,mean
consistent_county,TX,Tmax,48121,Denton,1980-1989,76.185,10,1980,1989,2.282,mean
consistent_county,TX,Tmax,48121,Denton,1990-1999,75.401,10,1990,1999,3.374,mean
consistent_county,TX,Tmax,48121,Denton,2000-2009,76.596,10,2000,2009,4.289,mean
consistent_county,TX,Tmax,48121,Denton,2010-2019,77.048,10,2010,2019,3.989,mean
consistent_county,TX,Tmax,48121,Denton,2020-2025,78.277,6,2020,2025,3.987,mean
consistent_county,TX,Tmax,48123,DeWitt,1980-1989,80.65,10,1980,1989,1.91,mean
consistent_county,TX,Tmax,48123,DeWitt,1990-1999,81.401,10,1990,1999,1.934,mean
consistent_county,TX,Tmax,48123,DeWitt,2000-2009,82.048,10,2000,2009,1.662,mean
consistent_county,TX,Tmax,48123,DeWitt,2010-2019,81.924,10,2010,2019,1.967,mean
consistent_county,TX,Tmax,48123,DeWitt,2020-2025,84.324,6,2020,2025,1.626,mean
consistent_county,TX,Tmax,48127,Dimmit,1980-1989,84.973,9,1980,1989,1.875,mean
consistent_county,TX,Tmax,48127,Dimmit,1990-1999,84.548,8,1990,1999,1.812,mean
consistent_county,TX,Tmax,48127,Dimmit,2000-2009,84.313,9,2000,2009,1.179,mean
consistent_county,TX,Tmax,48127,Dimmit,2010-2019,84.113,9,2011,2019,1.135,mean
consistent_county,TX,Tmax,48127,Dimmit,2020-2025,86.428,5,2021,2025,1.826,mean
consistent_county,TX,Tmax,48131,Duval,1980-1989,83.633,9,1980,1989,1.691,mean
consistent_county,TX,Tmax,48131,Duval,1990-1999,84.749,9,1990,1999,2.022,mean
consistent_county,TX,Tmax,48131,Duval,2000-2009,84.519,10,2000,2009,1.785,mean
consistent_county,TX,Tmax,48131,Duval,2010-2019,84.519,10,2010,2019,1.773,mean
consistent_county,TX,Tmax,48131,Duval,2020-2025,86.0,6,2020,2025,1.386,mean
consistent_county,TX,Tmax,48135,Ector,1980-1989,77.495,10,1980,1989,1.016,mean
consistent_county,TX,Tmax,48135,Ector,1990-1999,78.825,10,1990,1999,1.122,mean
consistent_county,TX,Tmax,48135,Ector,2000-2009,78.224,10,2000,2009,3.431,mean
consistent_county,TX,Tmax,48135,Ector,2010-2019,78.774,10,2010,2019,3.271,mean
consistent_county,TX,Tmax,48135,Ector,2020-2025,79.521,6,2020,2025,2.32,mean
consistent_county,TX,Tmax,48139,Ellis,1980-1989,77.126,10,1980,1989,2.915,mean
consistent_county,TX,Tmax,48139,Ellis,1990-1999,77.048,10,1990,1999,2.901,mean
consistent_county,TX,Tmax,48139,Ellis,2000-2009,77.423,10,2000,2009,2.735,mean
consistent_county,TX,Tmax,48139,Ellis,2010-2019,77.295,10,2010,2019,2.93,mean
consistent_county,TX,Tmax,48139,Ellis,2020-2025,78.597,6,2020,2025,1.967,mean
consistent_county,TX,Tmax,48141,El Paso,1980-1989,79.268,10,1980,1989,3.719,mean
consistent_county,TX,Tmax,48141,El Paso,1990-1999,79.316,10,1990,1999,3.854,mean
consistent_county,TX,Tmax,48141,El Paso,2000-2009,79.456,10,2000,2009,4.281,mean
consistent_county,TX,Tmax,48141,El Paso,2010-2019,78.899,10,2010,2019,2.184,mean
consistent_county,TX,Tmax,48141,El Paso,2020-2025,81.363,6,2020,2025,2.164,mean
consistent_county,TX,Tmax,48143,Erath,1980-1989,75.663,10,1980,1989,1.988,mean
consistent_county,TX,Tmax,48143,Erath,1990-1999,75.288,10,1990,1999,1.972,mean
consistent_county,TX,Tmax,48143,Erath,2000-2009,75.876,10,2000,2009,1.812,mean
consistent_county,TX,Tmax,48143,Erath,2010-2019,77.302,10,2010,2019,1.099,mean
consistent_county,TX,Tmax,48143,Erath,2020-2025,78.83,6,2020,2025,1.0,mean
consistent_county,TX,Tmax,48147,Fannin,1980-1989,75.233,10,1980,1989,1.0,mean
consistent_county,TX,Tmax,48147,Fannin,1990-1999,73.272,10,1990,1999,1.0,mean
consistent_county,TX,Tmax,48147,Fannin,2000-2009,74.117,10,2000,2009,1.751,mean
consistent_county,TX,Tmax,48147,Fannin,2010-2019,75.535,10,2010,2019,1.86,mean
consistent_county,TX,Tmax,48147,Fannin,2020-2025,76.19,6,2020,2025,1.957,mean
consistent_county,TX,Tmax,48149,Fayette,1980-1989,79.744,10,1980,1989,1.991,mean
consistent_county,TX,Tmax,48149,Fayette,1990-1999,80.076,10,1990,1999,1.957,mean
consistent_county,TX,Tmax,48149,Fayette,2000-2009,79.939,10,2000,2009,2.872,mean
consistent_county,TX,Tmax,48149,Fayette,2010-2019,80.404,10,2010,2019,3.215,mean
consistent_county,TX,Tmax,48149,Fayette,2020-2025,82.042,6,2020,2025,1.833,mean
consistent_county,TX,Tmax,48153,Floyd,1980-1989,71.974,9,1980,1989,1.0,mean
consistent_county,TX,Tmax,48153,Floyd,1990-1999,72.677,10,1990,1999,1.0,mean
consistent_county,TX,Tmax,48153,Floyd,2000-2009,72.909,10,2000,2009,1.0,mean
consistent_county,TX,Tmax,48153,Floyd,2010-2019,72.907,10,2010,2019,1.0,mean
consistent_county,TX,Tmax,48153,Floyd,2020-2025,74.212,6,2020,2025,1.0,mean
consistent_county,TX,Tmax,48157,Fort Bend,1980-1989,79.033,10,1980,1989,1.945,mean
consistent_county,TX,Tmax,48157,Fort Bend,1990-1999,80.26,9,1990,1999,1.859,mean
consistent_county,TX,Tmax,48157,Fort Bend,2000-2009,80.974,10,2000,2009,2.541,mean
consistent_county,TX,Tmax,48157,Fort Bend,2010-2019,81.247,10,2010,2019,2.083,mean
consistent_county,TX,Tmax,48157,Fort Bend,2020-2025,82.607,6,2020,2025,1.568,mean
consistent_county,TX,Tmax,48159,Franklin,1980-1989,74.63,10,1980,1989,1.0,mean
consistent_county,TX,Tmax,48159,Franklin,1990-1999,74.486,10,1990,1999,1.0,mean
consistent_county,TX,Tmax,48159,Franklin,2000-2009,75.746,10,2000,2009,1.0,mean
consistent_county,TX,Tmax,48159,Franklin,2010-2019,76.129,10,2010,2019,1.0,mean
consistent_county,TX,Tmax,48159,Franklin,2020-2025,76.358,5,2020,2025,1.0,mean
consistent_county,TX,Tmax,48165,Gaines,1980-1989,75.819,10,1980,1989,1.065,mean
consistent_county,TX,Tmax,48165,Gaines,1990-1999,75.89,10,1990,1999,1.0,mean
consistent_county,TX,Tmax,48165,Gaines,2000-2009,75.87,9,2000,2009,1.047,mean
consistent_county,TX,Tmax,48165,Gaines,2010-2019,76.597,10,2010,2019,1.711,mean
consistent_county,TX,Tmax,48165,Gaines,2020-2025,78.058,6,2020,2025,1.567,mean
consistent_county,TX,Tmax,48167,Galveston,1980-1989,74.61,10,1980,1989,1.0,mean
consistent_county,TX,Tmax,48167,Galveston,1990-1999,77.24,10,1990,1999,2.268,mean
consistent_county,TX,Tmax,48167,Galveston,2000-2009,77.58,10,2000,2009,2.891,mean
consistent_county,TX,Tmax,48167,Galveston,2010-2019,78.493,10,2010,2019,2.092,mean
consistent_county,TX,Tmax,48167,Galveston,2020-2025,79.83,6,2020,2025,1.939,mean
consistent_county,TX,Tmax,48169,Garza,1980-1989,74.504,10,1980,1989,1.0,mean
consistent_county,TX,Tmax,48169,Garza,1990-1999,76.663,8,1990,1999,1.666,mean
consistent_county,TX,Tmax,48169,Garza,2000-2009,75.697,10,2000,2009,1.974,mean
consistent_county,TX,Tmax,48169,Garza,2010-2019,77.148,10,2010,2019,1.999,mean
consistent_county,TX,Tmax,48169,Garza,2020-2025,78.625,6,2020,2025,2.0,mean
consistent_county,TX,Tmax,48171,Gillespie,1980-1989,77.13,10,1980,1989,1.0,mean
consistent_county,TX,Tmax,48171,Gillespie,1990-1999,79.054,10,1990,1999,1.0,mean
consistent_county,TX,Tmax,48171,Gillespie,2000-2009,78.54,10,2000,2009,1.836,mean
consistent_county,TX,Tmax,48171,Gillespie,2010-2019,77.982,10,2010,2019,3.662,mean
consistent_county,TX,Tmax,48171,Gillespie,2020-2025,79.247,6,2020,2025,3.823,mean
consistent_county,TX,Tmax,48177,Gonzales,1980-1989,80.433,10,1980,1989,1.912,mean
consistent_county,TX,Tmax,48177,Gonzales,1990-1999,79.419,10,1990,1999,1.949,mean
consistent_county,TX,Tmax,48177,Gonzales,2000-2009,80.803,10,2000,2009,2.372,mean
consistent_county,TX,Tmax,48177,Gonzales,2010-2019,81.123,10,2010,2019,2.996,mean
consistent_county,TX,Tmax,48177,Gonzales,2020-2025,82.808,6,2020,2025,3.168,mean
consistent_county,TX,Tmax,48179,Gray,1980-1989,70.988,10,1980,1989,1.969,mean
consistent_county,TX,Tmax,48179,Gray,1990-1999,71.094,10,1990,1999,1.941,mean
consistent_county,TX,Tmax,48179,Gray,2000-2009,71.78,10,2000,2009,1.762,mean
consistent_county,TX,Tmax,48179,Gray,2010-2019,72.306,10,2010,2019,1.0,mean
consistent_county,TX,Tmax,48179,Gray,2020-2025,73.398,6,2020,2025,1.0,mean
consistent_county,TX,Tmax,48181,Grayson,1980-1989,74.003,10,1980,1989,1.982,mean
consistent_county,TX,Tmax,48181,Grayson,1990-1999,73.28,10,1990,1999,1.746,mean
consistent_county,TX,Tmax,48181,Grayson,2000-2009,73.447,9,2000,2009,1.0,mean
consistent_county,TX,Tmax,48181,Grayson,2010-2019,74.666,10,2010,2019,1.805,mean
consistent_county,TX,Tmax,48181,Grayson,2020-2025,75.836,6,2020,2025,1.944,mean
consistent_county,TX,Tmax,48189,Hale,1980-1989,71.591,10,1980,1989,1.124,mean
consistent_county,TX,Tmax,48189,Hale,1990-1999,71.842,10,1990,1999,1.0,mean
consistent_county,TX,Tmax,48189,Hale,2000-2009,72.67,10,2000,2009,2.645,mean
consistent_county,TX,Tmax,48189,Hale,2010-2019,73.729,10,2010,2019,2.999,mean
consistent_county,TX,Tmax,48189,Hale,2020-2025,74.84,6,2020,2025,3.0,mean
consistent_county,TX,Tmax,48191,Hall,1980-1989,74.887,10,1980,1989,1.766,mean
consistent_county,TX,Tmax,48191,Hall,1990-1999,75.313,10,1990,1999,1.947,mean
consistent_county,TX,Tmax,48191,Hall,2000-2009,75.318,10,2000,2009,1.98,mean
consistent_county,TX,Tmax,48191,Hall,2010-2019,76.048,10,2010,2019,1.999,mean
consistent_county,TX,Tmax,48191,Hall,2020-2025,76.973,6,2020,2025,2.0,mean
consistent_county,TX,Tmax,48195,Hansford,1980-1989,72.081,10,1980,1989,1.898,mean
consistent_county,TX,Tmax,48195,Hansford,1990-1999,71.766,10,1990,1999,1.947,mean
consistent_county,TX,Tmax,48195,Hansford,2000-2009,71.985,10,2000,2009,1.337,mean
consistent_county,TX,Tmax,48195,Hansford,2010-2019,72.151,10,2010,2019,1.0,mean
consistent_county,TX,Tmax,48195,Hansford,2020-2025,73.903,6,2020,2025,1.0,mean
consistent_county,TX,Tmax,48201,Harris,1980-1989,78.046,10,1980,1989,3.96,mean
consistent_county,TX,Tmax,48201,Harris,1990-1999,79.666,10,1990,1999,3.762,mean
consistent_county,TX,Tmax,48201,Harris,2000-2009,79.915,10,2000,2009,3.905,mean
consistent_county,TX,Tmax,48201,Harris,2010-2019,80.48,10,2010,2019,3.28,mean
consistent_county,TX,Tmax,48201,Harris,2020-2025,82.083,6,2020,2025,3.151,mean
consistent_county,TX,Tmax,48203,Harrison,1980-1989,75.155,8,1980,1989,1.072,mean
consistent_county,TX,Tmax,48203,Harrison,1990-1999,74.925,10,1990,1999,1.17,mean
consistent_county,TX,Tmax,48203,Harrison,2000-2009,76.297,10,2000,2009,2.715,mean
consistent_county,TX,Tmax,48203,Harrison,2010-2019,77.068,10,2010,2019,2.924,mean
consistent_county,TX,Tmax,48203,Harrison,2020-2025,77.758,6,2020,2025,3.588,mean
consistent_county,TX,Tmax,48205,Hartley,1980-1989,70.364,8,1980,1989,1.488,mean
consistent_county,TX,Tmax,48205,Hartley,1990-1999,69.726,10,1990,1999,2.569,mean
consistent_county,TX,Tmax,48205,Hartley,2000-2009,70.423,10,2000,2009,2.639,mean
consistent_county,TX,Tmax,48205,Hartley,2010-2019,72.12,10,2010,2019,1.889,mean
consistent_county,TX,Tmax,48205,Hartley,2020-2025,73.154,6,2020,2025,1.686,mean
consistent_county,TX,Tmax,48209,Hays,1980-1989,79.168,8,1980,1989,1.568,mean
consistent_county,TX,Tmax,48209,Hays,1990-1999,79.727,10,1990,1999,1.957,mean
consistent_county,TX,Tmax,48209,Hays,2000-2009,79.509,10,2000,2009,1.956,mean
consistent_county,TX,Tmax,48209,Hays,2010-2019,79.827,10,2010,2019,1.958,mean
consistent_county,TX,Tmax,48209,Hays,2020-2025,81.003,6,2020,2025,1.959,mean
consistent_county,TX,Tmax,48215,Hidalgo,1980-1989,84.673,10,1980,1989,5.132,mean
consistent_county,TX,Tmax,48215,Hidalgo,1990-1999,85.625,10,1990,1999,5.73,mean
consistent_county,TX,Tmax,48215,Hidalgo,2000-2009,86.301,10,2000,2009,9.383,mean
consistent_county,TX,Tmax,48215,Hidalgo,2010-2019,86.439,10,2010,2019,8.908,mean
consistent_county,TX,Tmax,48215,Hidalgo,2020-2025,87.461,6,2020,2025,8.681,mean
consistent_county,TX,Tmax,48219,Hockley,1980-1989,73.564,10,1980,1989,1.0,mean
consistent_county,TX,Tmax,48219,Hockley,1990-1999,75.686,10,1990,1999,1.0,mean
consistent_county,TX,Tmax,48219,Hockley,2000-2009,73.834,10,2000,2009,1.0,mean
consistent_county,TX,Tmax,48219,Hockley,2010-2019,74.701,10,2010,2019,1.0,mean
consistent_county,TX,Tmax,48219,Hockley,2020-2025,75.253,6,2020,2025,1.0,mean
consistent_county,TX,Tmax,48223,Hopkins,1980-1989,74.36,10,1980,1989,1.0,mean
consistent_county,TX,Tmax,48223,Hopkins,1990-1999,75.972,10,1990,1999,1.0,mean
consistent_county,TX,Tmax,48223,Hopkins,2000-2009,76.111,10,2000,2009,1.116,mean
consistent_county,TX,Tmax,48223,Hopkins,2010-2019,75.946,10,2010,2019,1.953,mean
consistent_county,TX,Tmax,48223,Hopkins,2020-2025,76.51,6,2020,2025,2.898,mean
consistent_county,TX,Tmax,48225,Houston,1980-1989,77.163,10,1980,1989,1.657,mean
consistent_county,TX,Tmax,48225,Houston,1990-1999,77.085,10,1990,1999,1.0,mean
consistent_county,TX,Tmax,48225,Houston,2000-2009,78.301,10,2000,2009,1.634,mean
consistent_county,TX,Tmax,48225,Houston,2010-2019,79.268,10,2010,2019,1.946,mean
consistent_county,TX,Tmax,48225,Houston,2020-2025,79.026,6,2020,2025,1.991,mean
consistent_county,TX,Tmax,48229,Hudspeth,1980-1989,77.412,10,1980,1989,5.112,mean
consistent_county,TX,Tmax,48229,Hudspeth,1990-1999,77.738,10,1990,1999,5.447,mean
consistent_county,TX,Tmax,48229,Hudspeth,2000-2009,79.499,10,2000,2009,3.204,mean
consistent_county,TX,Tmax,48229,Hudspeth,2010-2019,81.398,10,2010,2019,1.753,mean
consistent_county,TX,Tmax,48229,Hudspeth,2020-2025,82.462,6,2020,2025,1.0,mean
consistent_county,TX,Tmax,48233,Hutchinson,1980-1989,71.384,10,1980,1989,1.0,mean
consistent_county,TX,Tmax,48233,Hutchinson,1990-1999,72.004,10,1990,1999,2.089,mean
consistent_county,TX,Tmax,48233,Hutchinson,2000-2009,73.364,10,2000,2009,3.88,mean
consistent_county,TX,Tmax,48233,Hutchinson,2010-2019,74.667,10,2010,2019,3.799,mean
consistent_county,TX,Tmax,48233,Hutchinson,2020-2025,75.695,6,2020,2025,2.979,mean
consistent_county,TX,Tmax,48243,Jeff Davis,1980-1989,73.989,10,1980,1989,2.899,mean
consistent_county,TX,Tmax,48243,Jeff Davis,1990-1999,74.882,10,1990,1999,3.873,mean
consistent_county,TX,Tmax,48243,Jeff Davis,2000-2009,75.376,10,2000,2009,3.717,mean
consistent_county,TX,Tmax,48243,Jeff Davis,2010-2019,76.536,10,2010,2019,3.872,mean
consistent_county,TX,Tmax,48243,Jeff Davis,2020-2025,77.135,6,2020,2025,3.248,mean
consistent_county,TX,Tmax,48245,Jefferson,1980-1989,77.845,10,1980,1989,2.014,mean
consistent_county,TX,Tmax,48245,Jefferson,1990-1999,78.68,10,1990,1999,2.098,mean
consistent_county,TX,Tmax,48245,Jefferson,2000-2009,78.576,10,2000,2009,3.571,mean
consistent_county,TX,Tmax,48245,Jefferson,2010-2019,78.99,10,2010,2019,3.976,mean
consistent_county,TX,Tmax,48245,Jefferson,2020-2025,79.908,6,2020,2025,3.334,mean
consistent_county,TX,Tmax,48249,Jim Wells,1980-1989,82.319,10,1980,1989,1.857,mean
consistent_county,TX,Tmax,48249,Jim Wells,1990-1999,82.838,10,1990,1999,2.081,mean
consistent_county,TX,Tmax,48249,Jim Wells,2000-2009,83.697,10,2000,2009,2.63,mean
consistent_county,TX,Tmax,48249,Jim Wells,2010-2019,83.445,10,2010,2019,1.99,mean
consistent_county,TX,Tmax,48249,Jim Wells,2020-2025,84.61,6,2020,2025,2.135,mean
consistent_county,TX,Tmax,48251,Johnson,1980-1989,78.521,10,1980,1989,1.357,mean
consistent_county,TX,Tmax,48251,Johnson,1990-1999,77.445,10,1990,1999,1.957,mean
consistent_county,TX,Tmax,48251,Johnson,2000-2009,77.812,10,2000,2009,1.871,mean
consistent_county,TX,Tmax,48251,Johnson,2010-2019,77.087,10,2010,2019,2.722,mean
consistent_county,TX,Tmax,48251,Johnson,2020-2025,78.038,6,2020,2025,2.688,mean
consistent_county,TX,Tmax,48253,Jones,1980-1989,77.942,8,1980,1989,1.756,mean
consistent_county,TX,Tmax,48253,Jones,1990-1999,77.345,10,1990,1999,1.981,mean
consistent_county,TX,Tmax,48253,Jones,2000-2009,77.383,10,2000,2009,1.847,mean
consistent_county,TX,Tmax,48253,Jones,2010-2019,77.728,10,2010,2019,1.775,mean
consistent_county,TX,Tmax,48253,Jones,2020-2025,78.779,6,2020,2025,1.95,mean
consistent_county,TX,Tmax,48257,Kaufman,1980-1989,76.181,10,1980,1989,1.0,mean
consistent_county,TX,Tmax,48257,Kaufman,1990-1999,76.38,10,1990,1999,1.194,mean
consistent_county,TX,Tmax,48257,Kaufman,2000-2009,76.226,10,2000,2009,2.236,mean
consistent_county,TX,Tmax,48257,Kaufman,2010-2019,77.505,10,2010,2019,1.225,mean
consistent_county,TX,Tmax,48257,Kaufman,2020-2025,77.784,6,2020,2025,1.0,mean
consistent_county,TX,Tmax,48259,Kendall,1980-1989,78.078,10,1980,1989,1.0,mean
consistent_county,TX,Tmax,48259,Kendall,1990-1999,78.188,10,1990,1999,1.0,mean
consistent_county,TX,Tmax,48259,Kendall,2000-2009,78.548,9,2000,2009,1.0,mean
consistent_county,TX,Tmax,48259,Kendall,2010-2019,79.252,10,2010,2019,1.157,mean
consistent_county,TX,Tmax,48259,Kendall,2020-2025,82.495,6,2020,2025,1.774,mean
consistent_county,TX,Tmax,48265,Kerr,1980-1989,76.004,10,1980,1989,1.0,mean
consistent_county,TX,Tmax,48265,Kerr,1990-1999,77.141,10,1990,1999,1.259,mean
consistent_county,TX,Tmax,48265,Kerr,2000-2009,77.988,10,2000,2009,1.789,mean
consistent_county,TX,Tmax,48265,Kerr,2010-2019,78.357,10,2010,2019,2.793,mean
consistent_county,TX,Tmax,48265,Kerr,2020-2025,79.506,6,2020,2025,2.858,mean
consistent_county,TX,Tmax,48269,King,1980-1989,77.533,8,1982,1989,1.0,mean
consistent_county,TX,Tmax,48269,King,1990-1999,76.955,10,1990,1999,1.347,mean
consistent_county,TX,Tmax,48269,King,2000-2009,77.064,10,2000,2009,1.883,mean
consistent_county,TX,Tmax,48269,King,2010-2019,77.681,10,2010,2019,1.993,mean
consistent_county,TX,Tmax,48269,King,2020-2025,78.378,6,2020,2025,2.0,mean
consistent_county,TX,Tmax,48273,Kleberg,1980-1989,83.643,10,1980,1989,1.934,mean
consistent_county,TX,Tmax,48273,Kleberg,1990-1999,83.959,10,1990,1999,1.56,mean
consistent_county,TX,Tmax,48273,Kleberg,2000-2009,83.566,9,2000,2009,1.756,mean
consistent_county,TX,Tmax,48273,Kleberg,2010-2019,84.447,10,2010,2019,1.963,mean
consistent_county,TX,Tmax,48273,Kleberg,2020-2025,85.941,6,2020,2025,1.846,mean
consistent_county,TX,Tmax,48279,Lamb,1980-1989,71.737,10,1980,1989,1.905,mean
consistent_county,TX,Tmax,48279,Lamb,1990-1999,73.17,10,1990,1999,1.946,mean
consistent_county,TX,Tmax,48279,Lamb,2000-2009,73.692,10,2000,2009,1.693,mean
consistent_county,TX,Tmax,48279,Lamb,2010-2019,73.873,10,2010,2019,2.0,mean
consistent_county,TX,Tmax,48279,Lamb,2020-2025,74.816,6,2020,2025,2.0,mean
consistent_county,TX,Tmax,48287,Lee,1980-1989,77.95,10,1980,1989,1.0,mean
consistent_county,TX,Tmax,48287,Lee,1990-1999,77.975,8,1991,1999,1.0,mean
consistent_county,TX,Tmax,48287,Lee,2000-2009,79.402,10,2000,2009,1.0,mean
consistent_county,TX,Tmax,48287,Lee,2010-2019,79.56,10,2010,2019,1.786,mean
consistent_county,TX,Tmax,48287,Lee,2020-2025,81.066,5,2020,2025,1.377,mean
consistent_county,TX,Tmax,48289,Leon,1980-1989,77.568,10,1980,1989,1.882,mean
consistent_county,TX,Tmax,48289,Leon,1990-1999,77.806,10,1990,1999,1.092,mean
consistent_county,TX,Tmax,48289,Leon,2000-2009,78.427,9,2000,2009,1.0,mean
consistent_county,TX,Tmax,48289,Leon,2010-2019,78.287,10,2010,2019,1.0,mean
consistent_county,TX,Tmax,48289,Leon,2020-2025,79.162,6,2020,2025,1.0,mean
consistent_county,TX,Tmax,48291,Liberty,1980-1989,77.867,10,1980,1989,2.741,mean
consistent_county,TX,Tmax,48291,Liberty,1990-1999,78.845,10,1990,1999,2.917,mean
consistent_county,TX,Tmax,48291,Liberty,2000-2009,78.532,10,2000,2009,4.105,mean
consistent_county,TX,Tmax,48291,Liberty,2010-2019,79.306,10,2010,2019,4.694,mean
consistent_county,TX,Tmax,48291,Liberty,2020-2025,80.576,6,2020,2025,3.003,mean
consistent_county,TX,Tmax,48295,Lipscomb,1980-1989,70.576,10,1980,1989,2.08,mean
consistent_county,TX,Tmax,48295,Lipscomb,1990-1999,69.622,10,1990,1999,1.954,mean
consistent_county,TX,Tmax,48295,Lipscomb,2000-2009,71.685,10,2000,2009,1.531,mean
consistent_county,TX,Tmax,48295,Lipscomb,2010-2019,72.434,10,2010,2019,1.895,mean
consistent_county,TX,Tmax,48295,Lipscomb,2020-2025,73.434,6,2020,2025,1.545,mean
consistent_county,TX,Tmax,48299,Llano,1980-1989,79.143,10,1980,1989,1.0,mean
consistent_county,TX,Tmax,48299,Llano,1990-1999,79.498,8,1990,1999,1.0,mean
consistent_county,TX,Tmax,48299,Llano,2000-2009,79.961,9,2000,2009,1.0,mean
consistent_county,TX,Tmax,48299,Llano,2010-2019,80.971,10,2010,2019,2.053,mean
consistent_county,TX,Tmax,48299,Llano,2020-2025,81.765,6,2020,2025,2.824,mean
consistent_county,TX,Tmax,48303,Lubbock,1980-1989,73.547,10,1980,1989,1.0,mean
consistent_county,TX,Tmax,48303,Lubbock,1990-1999,74.681,10,1990,1999,1.0,mean
consistent_county,TX,Tmax,48303,Lubbock,2000-2009,74.822,10,2000,2009,1.0,mean
consistent_county,TX,Tmax,48303,Lubbock,2010-2019,75.701,10,2010,2019,1.791,mean
consistent_county,TX,Tmax,48303,Lubbock,2020-2025,76.739,6,2020,2025,2.0,mean
consistent_county,TX,Tmax,48305,Lynn,1980-1989,74.416,10,1980,1989,1.0,mean
consistent_county,TX,Tmax,48305,Lynn,1990-1999,74.271,10,1990,1999,1.0,mean
consistent_county,TX,Tmax,48305,Lynn,2000-2009,75.172,10,2000,2009,1.0,mean
consistent_county,TX,Tmax,48305,Lynn,2010-2019,76.0,10,2010,2019,1.0,mean
consistent_county,TX,Tmax,48305,Lynn,2020-2025,76.954,6,2020,2025,1.0,mean
consistent_county,TX,Tmax,48307,McCulloch,1980-1989,78.274,10,1980,1989,1.0,mean
consistent_county,TX,Tmax,48307,McCulloch,1990-1999,77.995,10,1990,1999,1.0,mean
consistent_county,TX,Tmax,48307,McCulloch,2000-2009,78.067,10,2000,2009,1.0,mean
consistent_county,TX,Tmax,48307,McCulloch,2010-2019,78.296,10,2010,2019,1.0,mean
consistent_county,TX,Tmax,48307,McCulloch,2020-2025,78.991,5,2020,2024,1.0,mean
consistent_county,TX,Tmax,48309,McLennan,1980-1989,77.359,10,1980,1989,2.989,mean
consistent_county,TX,Tmax,48309,McLennan,1990-1999,77.538,10,1990,1999,3.208,mean
consistent_county,TX,Tmax,48309,McLennan,2000-2009,78.04,10,2000,2009,3.314,mean
consistent_county,TX,Tmax,48309,McLennan,2010-2019,78.777,10,2010,2019,2.979,mean
consistent_county,TX,Tmax,48309,McLennan,2020-2025,80.247,6,2020,2025,2.424,mean
consistent_county,TX,Tmax,48311,McMullen,1980-1989,83.549,8,1980,1989,1.0,mean
consistent_county,TX,Tmax,48311,McMullen,1990-1999,84.722,9,1990,1999,1.054,mean
consistent_county,TX,Tmax,48311,McMullen,2000-2009,83.356,10,2000,2009,2.408,mean
consistent_county,TX,Tmax,48311,McMullen,2010-2019,83.764,10,2010,2019,2.019,mean
consistent_county,TX,Tmax,48311,McMullen,2020-2025,84.761,6,2020,2025,1.998,mean
consistent_county,TX,Tmax,48321,Matagorda,1980-1989,78.67,10,1980,1989,2.796,mean
consistent_county,TX,Tmax,48321,Matagorda,1990-1999,79.145,10,1990,1999,2.863,mean
consistent_county,TX,Tmax,48321,Matagorda,2000-2009,78.766,10,2000,2009,2.929,mean
consistent_county,TX,Tmax,48321,Matagorda,2010-2019,79.359,10,2010,2019,3.451,mean
consistent_county,TX,Tmax,48321,Matagorda,2020-2025,80.5,6,2020,2025,2.87,mean
consistent_county,TX,Tmax,48325,Medina,1980-1989,80.748,10,1980,1989,1.98,mean
consistent_county,TX,Tmax,48325,Medina,1990-1999,80.871,10,1990,1999,2.259,mean
consistent_county,TX,Tmax,48325,Medina,2000-2009,81.547,10,2000,2009,2.675,mean
consistent_county,TX,Tmax,48325,Medina,2010-2019,82.396,10,2010,2019,1.953,mean
consistent_county,TX,Tmax,48325,Medina,2020-2025,84.047,6,2020,2025,1.039,mean
consistent_county,TX,Tmax,48327,Menard,1980-1989,79.002,10,1980,1989,1.0,mean
consistent_county,TX,Tmax,48327,Menard,1990-1999,78.546,8,1990,1999,1.294,mean
consistent_county,TX,Tmax,48327,Menard,2000-2009,77.957,10,2000,2009,1.892,mean
consistent_county,TX,Tmax,48327,Menard,2010-2019,78.627,10,2010,2019,1.78,mean
consistent_county,TX,Tmax,48327,Menard,2020-2025,79.707,6,2020,2025,1.0,mean
consistent_county,TX,Tmax,48329,Midland,1980-1989,77.565,10,1980,1989,1.958,mean
consistent_county,TX,Tmax,48329,Midland,1990-1999,78.773,10,1990,1999,1.942,mean
consistent_county,TX,Tmax,48329,Midland,2000-2009,78.011,10,2000,2009,2.673,mean
consistent_county,TX,Tmax,48329,Midland,2010-2019,79.32,10,2010,2019,4.061,mean
consistent_county,TX,Tmax,48329,Midland,2020-2025,79.62,6,2020,2025,3.98,mean
consistent_county,TX,Tmax,48337,Montague,1980-1989,75.46,10,1980,1989,1.0,mean
consistent_county,TX,Tmax,48337,Montague,1990-1999,74.682,9,1990,1999,1.0,mean
consistent_county,TX,Tmax,48337,Montague,2000-2009,74.662,10,2000,2009,1.76,mean
consistent_county,TX,Tmax,48337,Montague,2010-2019,75.258,10,2010,2019,2.507,mean
consistent_county,TX,Tmax,48337,Montague,2020-2025,76.427,6,2020,2025,2.13,mean
consistent_county,TX,Tmax,48339,Montgomery,1980-1989,78.507,10,1980,1989,1.0,mean
consistent_county,TX,Tmax,48339,Montgomery,1990-1999,79.049,10,1990,1999,1.384,mean
consistent_county,TX,Tmax,48339,Montgomery,2000-2009,79.152,10,2000,2009,3.796,mean
consistent_county,TX,Tmax,48339,Montgomery,2010-2019,79.912,10,2010,2019,3.962,mean
consistent_county,TX,Tmax,48339,Montgomery,2020-2025,81.29,6,2020,2025,3.986,mean
consistent_county,TX,Tmax,48343,Morris,1980-1989,77.864,10,1980,1989,1.0,mean
consistent_county,TX,Tmax,48343,Morris,1990-1999,77.283,8,1990,1999,1.288,mean
consistent_county,TX,Tmax,48343,Morris,2000-2009,76.273,10,2000,2009,2.124,mean
consistent_county,TX,Tmax,48343,Morris,2010-2019,76.891,10,2010,2019,1.99,mean
consistent_county,TX,Tmax,48343,Morris,2020-2025,77.116,6,2020,2025,1.091,mean
consistent_county,TX,Tmax,48347,Nacogdoches,1980-1989,76.405,10,1980,1989,1.0,mean
consistent_county,TX,Tmax,48347,Nacogdoches,1990-1999,78.159,10,1990,1999,1.178,mean
consistent_county,TX,Tmax,48347,Nacogdoches,2000-2009,78.411,10,2000,2009,1.466,mean
consistent_county,TX,Tmax,48347,Nacogdoches,2010-2019,77.609,10,2010,2019,1.224,mean
consistent_county,TX,Tmax,48347,Nacogdoches,2020-2025,78.598,6,2020,2025,1.826,mean
consistent_county,TX,Tmax,48349,Navarro,1980-1989,76.167,10,1980,1989,1.966,mean
consistent_county,TX,Tmax,48349,Navarro,1990-1999,77.011,10,1990,1999,2.145,mean
consistent_county,TX,Tmax,48349,Navarro,2000-2009,77.918,10,2000,2009,2.929,mean
consistent_county,TX,Tmax,48349,Navarro,2010-2019,77.77,10,2010,2019,2.864,mean
consistent_county,TX,Tmax,48349,Navarro,2020-2025,78.658,6,2020,2025,2.716,mean
consistent_county,TX,Tmax,48351,Newton,1980-1989,75.738,10,1980,1989,1.0,mean
consistent_county,TX,Tmax,48351,Newton,1990-1999,77.146,10,1990,1999,1.0,mean
consistent_county,TX,Tmax,48351,Newton,2000-2009,78.733,10,2000,2009,1.359,mean
consistent_county,TX,Tmax,48351,Newton,2010-2019,80.135,10,2010,2019,1.0,mean
consistent_county,TX,Tmax,48351,Newton,2020-2025,81.114,6,2020,2025,1.0,mean
consistent_county,TX,Tmax,48353,Nolan,1980-1989,76.216,10,1980,1989,1.0,mean
consistent_county,TX,Tmax,48353,Nolan,1990-1999,76.155,10,1990,1999,1.0,mean
consistent_county,TX,Tmax,48353,Nolan,2000-2009,75.957,10,2000,2009,1.147,mean
consistent_county,TX,Tmax,48353,Nolan,2010-2019,77.002,9,2010,2018,1.067,mean
consistent_county,TX,Tmax,48353,Nolan,2020-2025,77.785,5,2021,2025,1.0,mean
consistent_county,TX,Tmax,48355,Nueces,1980-1989,80.6,10,1980,1989,4.162,mean
consistent_county,TX,Tmax,48355,Nueces,1990-1999,80.544,10,1990,1999,4.74,mean
consistent_county,TX,Tmax,48355,Nueces,2000-2009,81.346,10,2000,2009,6.624,mean
consistent_county,TX,Tmax,48355,Nueces,2010-2019,80.748,10,2010,2019,6.475,mean
consistent_county,TX,Tmax,48355,Nueces,2020-2025,81.955,6,2020,2025,4.585,mean
consistent_county,TX,Tmax,48359,Oldham,1980-1989,71.724,10,1980,1989,2.218,mean
consistent_county,TX,Tmax,48359,Oldham,1990-1999,72.076,10,1990,1999,1.962,mean
consistent_county,TX,Tmax,48359,Oldham,2000-2009,71.91,10,2000,2009,2.744,mean
consistent_county,TX,Tmax,48359,Oldham,2010-2019,72.714,10,2010,2019,2.215,mean
consistent_county,TX,Tmax,48359,Oldham,2020-2025,73.196,6,2020,2025,1.992,mean
consistent_county,TX,Tmax,48361,Orange,1980-1989,76.805,9,1980,1989,1.0,mean
consistent_county,TX,Tmax,48361,Orange,1990-1999,77.062,10,1990,1999,1.0,mean
consistent_county,TX,Tmax,48361,Orange,2000-2009,77.688,9,2000,2009,1.0,mean
consistent_county,TX,Tmax,48361,Orange,2010-2019,77.729,10,2010,2019,1.0,mean
consistent_county,TX,Tmax,48361,Orange,2020-2025,78.346,6,2020,2025,1.0,mean
consistent_county,TX,Tmax,48367,Parker,1980-1989,76.526,10,1980,1989,1.395,mean
consistent_county,TX,Tmax,48367,Parker,1990-1999,77.436,10,1990,1999,1.981,mean
consistent_county,TX,Tmax,48367,Parker,2000-2009,76.726,10,2000,2009,2.663,mean
consistent_county,TX,Tmax,48367,Parker,2010-2019,77.065,10,2010,2019,2.134,mean
consistent_county,TX,Tmax,48367,Parker,2020-2025,78.67,6,2020,2025,1.874,mean
consistent_county,TX,Tmax,48369,Parmer,1980-1989,70.736,10,1980,1989,1.0,mean
consistent_county,TX,Tmax,48369,Parmer,1990-1999,70.953,10,1990,1999,1.0,mean
consistent_county,TX,Tmax,48369,Parmer,2000-2009,71.628,10,2000,2009,1.0,mean
consistent_county,TX,Tmax,48369,Parmer,2010-2019,72.658,10,2010,2019,1.0,mean
consistent_county,TX,Tmax,48369,Parmer,2020-2025,74.241,6,2020,2025,1.0,mean
consistent_county,TX,Tmax,48371,Pecos,1980-1989,79.608,10,1980,1989,2.911,mean
consistent_county,TX,Tmax,48371,Pecos,1990-1999,80.194,10,1990,1999,3.194,mean
consistent_county,TX,Tmax,48371,Pecos,2000-2009,80.466,10,2000,2009,3.345,mean
consistent_county,TX,Tmax,48371,Pecos,2010-2019,80.387,10,2010,2019,3.098,mean
consistent_county,TX,Tmax,48371,Pecos,2020-2025,82.612,6,2020,2025,1.904,mean
consistent_county,TX,Tmax,48375,Potter,1980-1989,70.173,10,1980,1989,1.0,mean
consistent_county,TX,Tmax,48375,Potter,1990-1999,70.852,10,1990,1999,1.0,mean
consistent_county,TX,Tmax,48375,Potter,2000-2009,71.577,10,2000,2009,1.521,mean
consistent_county,TX,Tmax,48375,Potter,2010-2019,72.399,10,2010,2019,2.146,mean
consistent_county,TX,Tmax,48375,Potter,2020-2025,73.344,6,2020,2025,2.963,mean
consistent_county,TX,Tmax,48377,Presidio,1980-1989,82.59,10,1980,1989,3.589,mean
consistent_county,TX,Tmax,48377,Presidio,1990-1999,82.702,10,1990,1999,3.198,mean
consistent_county,TX,Tmax,48377,Presidio,2000-2009,82.72,10,2000,2009,3.07,mean
consistent_county,TX,Tmax,48377,Presidio,2010-2019,81.955,8,2010,2019,1.885,mean
consistent_county,TX,Tmax,48377,Presidio,2020-2025,84.523,6,2020,2025,1.38,mean
consistent_county,TX,Tmax,48379,Rains,1980-1989,75.026,10,1980,1989,1.835,mean
consistent_county,TX,Tmax,48379,Rains,1990-1999,75.716,10,1990,1999,1.916,mean
consistent_county,TX,Tmax,48379,Rains,2000-2009,75.241,10,2000,2009,1.749,mean
consistent_county,TX,Tmax,48379,Rains,2010-2019,75.56,10,2010,2019,1.282,mean
consistent_county,TX,Tmax,48379,Rains,2020-2025,76.273,6,2020,2025,1.0,mean
consistent_county,TX,Tmax,48383,Reagan,1980-1989,76.744,10,1980,1989,1.909,mean
consistent_county,TX,Tmax,48383,Reagan,1990-1999,77.43,10,1990,1999,1.947,mean
consistent_county,TX,Tmax,48383,Reagan,2000-2009,77.952,10,2000,2009,1.435,mean
consistent_county,TX,Tmax,48383,Reagan,2010-2019,78.498,10,2010,2019,1.943,mean
consistent_county,TX,Tmax,48383,Reagan,2020-2025,80.34,6,2020,2025,1.214,mean
consistent_county,TX,Tmax,48385,Real,1980-1989,79.172,10,1980,1989,1.33,mean
consistent_county,TX,Tmax,48385,Real,1990-1999,77.832,10,1990,1999,1.851,mean
consistent_county,TX,Tmax,48385,Real,2000-2009,78.25,8,2000,2007,1.764,mean
consistent_county,TX,Tmax,48385,Real,2010-2019,78.561,10,2010,2019,1.358,mean
consistent_county,TX,Tmax,48385,Real,2020-2025,80.385,6,2020,2025,1.0,mean
consistent_county,TX,Tmax,48387,Red River,1980-1989,73.878,10,1980,1989,1.0,mean
consistent_county,TX,Tmax,48387,Red River,1990-1999,73.921,9,1990,1999,1.0,mean
consistent_county,TX,Tmax,48387,Red River,2000-2009,74.494,10,2000,2009,1.775,mean
consistent_county,TX,Tmax,48387,Red River,2010-2019,75.74,10,2010,2019,1.055,mean
consistent_county,TX,Tmax,48387,Red River,2020-2025,76.111,6,2020,2025,1.0,mean
consistent_county,TX,Tmax,48399,Runnels,1980-1989,78.574,10,1980,1989,1.838,mean
consistent_county,TX,Tmax,48399,Runnels,1990-1999,78.948,10,1990,1999,1.93,mean
consistent_county,TX,Tmax,48399,Runnels,2000-2009,77.665,10,2000,2009,1.985,mean
consistent_county,TX,Tmax,48399,Runnels,2010-2019,78.559,10,2010,2019,1.797,mean
consistent_county,TX,Tmax,48399,Runnels,2020-2025,79.799,6,2020,2025,1.624,mean
consistent_county,TX,Tmax,48401,Rusk,1980-1989,75.802,10,1980,1989,1.958,mean
consistent_county,TX,Tmax,48401,Rusk,1990-1999,76.443,10,1990,1999,1.918,mean
consistent_county,TX,Tmax,48401,Rusk,2000-2009,76.867,10,2000,2009,2.854,mean
consistent_county,TX,Tmax,48401,Rusk,2010-2019,77.323,10,2010,2019,2.922,mean
consistent_county,TX,Tmax,48401,Rusk,2020-2025,77.971,6,2020,2025,2.728,mean
consistent_county,TX,Tmax,48411,San Saba,1980-1989,78.603,10,1980,1989,1.0,mean
consistent_county,TX,Tmax,48411,San Saba,1990-1999,78.738,10,1990,1999,1.0,mean
consistent_county,TX,Tmax,48411,San Saba,2000-2009,78.23,10,2000,2009,1.856,mean
consistent_county,TX,Tmax,48411,San Saba,2010-2019,78.719,10,2010,2019,1.96,mean
consistent_county,TX,Tmax,48411,San Saba,2020-2025,80.063,6,2020,2025,1.964,mean
consistent_county,TX,Tmax,48423,Smith,1980-1989,76.208,10,1980,1989,1.0,mean
consistent_county,TX,Tmax,48423,Smith,1990-1999,77.358,10,1990,1999,1.161,mean
consistent_county,TX,Tmax,48423,Smith,2000-2009,76.675,10,2000,2009,2.467,mean
consistent_county,TX,Tmax,48423,Smith,2010-2019,77.879,10,2010,2019,1.998,mean
consistent_county,TX,Tmax,48423,Smith,2020-2025,78.047,6,2020,2025,1.999,mean
consistent_county,TX,Tmax,48425,Somervell,1980-1989,79.586,10,1980,1989,1.0,mean
consistent_county,TX,Tmax,48425,Somervell,1990-1999,78.655,9,1990,1999,1.0,mean
consistent_county,TX,Tmax,48425,Somervell,2000-2009,77.964,9,2001,2009,1.0,mean
consistent_county,TX,Tmax,48425,Somervell,2010-2019,78.149,9,2010,2019,1.0,mean
consistent_county,TX,Tmax,48425,Somervell,2020-2025,78.281,6,2020,2025,1.0,mean
consistent_county,TX,Tmax,48427,Starr,1980-1989,85.187,10,1980,1989,1.921,mean
consistent_county,TX,Tmax,48427,Starr,1990-1999,87.238,10,1990,1999,1.935,mean
consistent_county,TX,Tmax,48427,Starr,2000-2009,87.206,10,2000,2009,2.936,mean
consistent_county,TX,Tmax,48427,Starr,2010-2019,88.766,9,2010,2019,2.597,mean
consistent_county,TX,Tmax,48427,Starr,2020-2025,89.478,6,2020,2025,1.955,mean
consistent_county,TX,Tmax,48433,Stonewall,1980-1989,77.294,9,1980,1988,1.0,mean
consistent_county,TX,Tmax,48433,Stonewall,1990-1999,76.468,10,1990,1999,1.0,mean
consistent_county,TX,Tmax,48433,Stonewall,2000-2009,76.677,10,2000,2009,1.0,mean
consistent_county,TX,Tmax,48433,Stonewall,2010-2019,78.414,10,2010,2019,1.0,mean
consistent_county,TX,Tmax,48433,Stonewall,2020-2025,79.16,6,2020,2025,1.0,mean
consistent_county,TX,Tmax,48437,Swisher,1980-1989,71.033,10,1980,1989,1.0,mean
consistent_county,TX,Tmax,48437,Swisher,1990-1999,72.339,10,1990,1999,1.0,mean
consistent_county,TX,Tmax,48437,Swisher,2000-2009,72.524,10,2000,2009,1.651,mean
consistent_county,TX,Tmax,48437,Swisher,2010-2019,73.06,10,2010,2019,1.998,mean
consistent_county,TX,Tmax,48437,Swisher,2020-2025,74.516,6,2020,2025,1.999,mean
consistent_county,TX,Tmax,48439,Tarrant,1980-1989,76.261,10,1980,1989,2.948,mean
consistent_county,TX,Tmax,48439,Tarrant,1990-1999,76.87,10,1990,1999,5.211,mean
consistent_county,TX,Tmax,48439,Tarrant,2000-2009,77.146,10,2000,2009,7.398,mean
consistent_county,TX,Tmax,48439,Tarrant,2010-2019,77.714,10,2010,2019,8.769,mean
consistent_county,TX,Tmax,48439,Tarrant,2020-2025,78.787,6,2020,2025,7.705,mean
consistent_county,TX,Tmax,48441,Taylor,1980-1989,75.852,10,1980,1989,1.0,mean
consistent_county,TX,Tmax,48441,Taylor,1990-1999,76.242,10,1990,1999,1.0,mean
consistent_county,TX,Tmax,48441,Taylor,2000-2009,76.536,10,2000,2009,2.503,mean
consistent_county,TX,Tmax,48441,Taylor,2010-2019,77.517,10,2010,2019,2.587,mean
consistent_county,TX,Tmax,48441,Taylor,2020-2025,79.142,6,2020,2025,2.443,mean
consistent_county,TX,Tmax,48443,Terrell,1980-1989,78.284,10,1980,1989,1.832,mean
consistent_county,TX,Tmax,48443,Terrell,1990-1999,79.271,10,1990,1999,1.452,mean
consistent_county,TX,Tmax,48443,Terrell,2000-2009,79.439,10,2000,2009,1.807,mean
consistent_county,TX,Tmax,48443,Terrell,2010-2019,81.888,10,2010,2019,1.335,mean
consistent_county,TX,Tmax,48443,Terrell,2020-2025,83.012,6,2020,2025,1.0,mean
consistent_county,TX,Tmax,48445,Terry,1980-1989,74.531,10,1980,1989,1.0,mean
consistent_county,TX,Tmax,48445,Terry,1990-1999,74.794,10,1990,1999,1.0,mean
consistent_county,TX,Tmax,48445,Terry,2000-2009,75.388,10,2000,2009,1.0,mean
consistent_county,TX,Tmax,48445,Terry,2010-2019,75.87,10,2010,2019,1.0,mean
consistent_county,TX,Tmax,48445,Terry,2020-2025,76.8,6,2020,2025,1.0,mean
consistent_county,TX,Tmax,48449,Titus,1980-1989,75.923,9,1980,1989,1.0,mean
consistent_county,TX,Tmax,48449,Titus,1990-1999,76.144,8,1992,1999,1.0,mean
consistent_county,TX,Tmax,48449,Titus,2000-2009,77.125,9,2000,2009,1.0,mean
consistent_county,TX,Tmax,48449,Titus,2010-2019,77.252,8,2010,2019,1.0,mean
consistent_county,TX,Tmax,48449,Titus,2020-2025,78.828,6,2020,2025,1.0,mean
consistent_county,TX,Tmax,48451,Tom Green,1980-1989,77.287,10,1980,1989,2.982,mean
consistent_county,TX,Tmax,48451,Tom Green,1990-1999,78.557,10,1990,1999,2.915,mean
consistent_county,TX,Tmax,48451,Tom Green,2000-2009,78.54,10,2000,2009,2.831,mean
consistent_county,TX,Tmax,48451,Tom Green,2010-2019,79.812,10,2010,2019,2.949,mean
consistent_county,TX,Tmax,48451,Tom Green,2020-2025,81.012,6,2020,2025,2.946,mean
consistent_county,TX,Tmax,48453,Travis,1980-1989,78.946,10,1980,1989,1.0,mean
consistent_county,TX,Tmax,48453,Travis,1990-1999,79.76,10,1990,1999,1.57,mean
consistent_county,TX,Tmax,48453,Travis,2000-2009,79.922,10,2000,2009,3.72,mean
consistent_county,TX,Tmax,48453,Travis,2010-2019,80.259,10,2010,2019,5.337,mean
consistent_county,TX,Tmax,48453,Travis,2020-2025,81.369,6,2020,2025,5.873,mean
consistent_county,TX,Tmax,48457,Tyler,1980-1989,77.128,10,1980,1989,1.0,mean
consistent_county,TX,Tmax,48457,Tyler,1990-1999,77.796,10,1990,1999,1.08,mean
consistent_county,TX,Tmax,48457,Tyler,2000-2009,78.77,10,2000,2009,3.499,mean
consistent_county,TX,Tmax,48457,Tyler,2010-2019,79.551,10,2010,2019,3.599,mean
consistent_county,TX,Tmax,48457,Tyler,2020-2025,80.191,6,2020,2025,2.984,mean
consistent_county,TX,Tmax,48459,Upshur,1980-1989,75.834,10,1980,1989,1.0,mean
consistent_county,TX,Tmax,48459,Upshur,1990-1999,75.802,10,1990,1999,1.0,mean
consistent_county,TX,Tmax,48459,Upshur,2000-2009,76.683,9,2000,2009,1.824,mean
consistent_county,TX,Tmax,48459,Upshur,2010-2019,76.8,10,2010,2019,1.954,mean
consistent_county,TX,Tmax,48459,Upshur,2020-2025,77.29,6,2020,2025,1.956,mean
consistent_county,TX,Tmax,48465,Val Verde,1980-1989,80.492,10,1980,1989,5.243,mean
consistent_county,TX,Tmax,48465,Val Verde,1990-1999,81.227,10,1990,1999,7.135,mean
consistent_county,TX,Tmax,48465,Val Verde,2000-2009,81.7,10,2000,2009,6.261,mean
consistent_county,TX,Tmax,48465,Val Verde,2010-2019,82.438,10,2010,2019,4.392,mean
consistent_county,TX,Tmax,48465,Val Verde,2020-2025,84.871,6,2020,2025,3.315,mean
consistent_county,TX,Tmax,48467,Van Zandt,1980-1989,75.102,10,1980,1989,1.0,mean
consistent_county,TX,Tmax,48467,Van Zandt,1990-1999,74.571,10,1990,1999,1.0,mean
consistent_county,TX,Tmax,48467,Van Zandt,2000-2009,75.304,10,2000,2009,1.0,mean
consistent_county,TX,Tmax,48467,Van Zandt,2010-2019,76.402,10,2010,2019,1.0,mean
consistent_county,TX,Tmax,48467,Van Zandt,2020-2025,76.848,5,2020,2024,1.0,mean
consistent_county,TX,Tmax,48469,Victoria,1980-1989,80.166,10,1980,1989,1.0,mean
consistent_county,TX,Tmax,48469,Victoria,1990-1999,80.74,10,1990,1999,1.157,mean
consistent_county,TX,Tmax,48469,Victoria,2000-2009,81.206,10,2000,2009,3.797,mean
consistent_county,TX,Tmax,48469,Victoria,2010-2019,81.492,10,2010,2019,3.82,mean
consistent_county,TX,Tmax,48469,Victoria,2020-2025,82.81,6,2020,2025,2.852,mean
consistent_county,TX,Tmax,48471,Walker,1980-1989,77.468,10,1980,1989,1.0,mean
consistent_county,TX,Tmax,48471,Walker,1990-1999,77.785,10,1990,1999,1.287,mean
consistent_county,TX,Tmax,48471,Walker,2000-2009,78.582,10,2000,2009,1.988,mean
consistent_county,TX,Tmax,48471,Walker,2010-2019,78.324,10,2010,2019,1.995,mean
consistent_county,TX,Tmax,48471,Walker,2020-2025,79.886,6,2020,2025,2.0,mean
consistent_county,TX,Tmax,48475,Ward,1980-1989,80.704,10,1980,1989,1.876,mean
consistent_county,TX,Tmax,48475,Ward,1990-1999,82.029,10,1990,1999,1.902,mean
consistent_county,TX,Tmax,48475,Ward,2000-2009,80.478,8,2002,2009,2.304,mean
consistent_county,TX,Tmax,48475,Ward,2010-2019,80.785,10,2010,2019,1.351,mean
consistent_county,TX,Tmax,48475,Ward,2020-2025,81.624,6,2020,2025,1.0,mean
consistent_county,TX,Tmax,48477,Washington,1980-1989,78.857,10,1980,1989,1.99,mean
consistent_county,TX,Tmax,48477,Washington,1990-1999,79.754,10,1990,1999,1.951,mean
consistent_county,TX,Tmax,48477,Washington,2000-2009,80.066,10,2000,2009,1.949,mean
consistent_county,TX,Tmax,48477,Washington,2010-2019,80.347,10,2010,2019,2.789,mean
consistent_county,TX,Tmax,48477,Washington,2020-2025,81.1,6,2020,2025,2.083,mean
consistent_county,TX,Tmax,48479,Webb,1980-1989,84.349,10,1980,1989,1.87,mean
consistent_county,TX,Tmax,48479,Webb,1990-1999,86.331,10,1990,1999,1.853,mean
consistent_county,TX,Tmax,48479,Webb,2000-2009,85.723,10,2000,2009,1.75,mean
consistent_county,TX,Tmax,48479,Webb,2010-2019,85.929,10,2010,2019,3.006,mean
consistent_county,TX,Tmax,48479,Webb,2020-2025,87.912,6,2020,2025,2.188,mean
consistent_county,TX,Tmax,48481,Wharton,1980-1989,79.848,10,1980,1989,2.794,mean
consistent_county,TX,Tmax,48481,Wharton,1990-1999,80.433,10,1990,1999,2.581,mean
consistent_county,TX,Tmax,48481,Wharton,2000-2009,80.704,10,2000,2009,2.295,mean
consistent_county,TX,Tmax,48481,Wharton,2010-2019,80.664,10,2010,2019,3.11,mean
consistent_county,TX,Tmax,48481,Wharton,2020-2025,81.417,6,2020,2025,2.92,mean
consistent_county,TX,Tmax,48485,Wichita,1980-1989,75.347,10,1980,1989,1.0,mean
consistent_county,TX,Tmax,48485,Wichita,1990-1999,75.697,10,1990,1999,1.0,mean
consistent_county,TX,Tmax,48485,Wichita,2000-2009,76.695,10,2000,2009,1.0,mean
consistent_county,TX,Tmax,48485,Wichita,2010-2019,76.857,10,2010,2019,1.0,mean
consistent_county,TX,Tmax,48485,Wichita,2020-2025,78.162,6,2020,2025,1.0,mean
consistent_county,TX,Tmax,48491,Williamson,1980-1989,78.389,10,1980,1989,3.152,mean
consistent_county,TX,Tmax,48491,Williamson,1990-1999,78.663,10,1990,1999,2.944,mean
consistent_county,TX,Tmax,48491,Williamson,2000-2009,79.042,10,2000,2009,2.757,mean
consistent_county,TX,Tmax,48491,Williamson,2010-2019,79.469,10,2010,2019,3.098,mean
consistent_county,TX,Tmax,48491,Williamson,2020-2025,80.764,6,2020,2025,4.057,mean
consistent_county,TX,Tmax,48499,Wood,1980-1989,75.181,8,1980,1989,1.123,mean
consistent_county,TX,Tmax,48499,Wood,1990-1999,75.425,10,1990,1999,1.975,mean
consistent_county,TX,Tmax,48499,Wood,2000-2009,77.106,10,2000,2009,2.173,mean
consistent_county,TX,Tmax,48499,Wood,2010-2019,76.441,10,2010,2019,2.417,mean
consistent_county,TX,Tmax,48499,Wood,2020-2025,76.229,6,2020,2025,1.896,mean
consistent_county,TX,Tmax,48503,Young,1980-1989,77.347,10,1980,1989,1.899,mean
consistent_county,TX,Tmax,48503,Young,1990-1999,77.401,10,1990,1999,1.887,mean
consistent_county,TX,Tmax,48503,Young,2000-2009,77.286,8,2000,2009,1.883,mean
consistent_county,TX,Tmax,48503,Young,2010-2019,78.194,10,2010,2019,1.479,mean
consistent_county,TX,Tmax,48503,Young,2020-2025,78.871,5,2020,2025,1.0,mean
consistent_county,TX,Tmin,48001,Anderson,1980-1989,53.708,8,1980,1989,1.0,mean
consistent_county,TX,Tmin,48001,Anderson,1990-1999,55.995,9,1990,1998,1.0,mean
consistent_county,TX,Tmin,48001,Anderson,2000-2009,55.596,10,2000,2009,2.334,mean
consistent_county,TX,Tmin,48001,Anderson,2010-2019,56.14,10,2010,2019,3.634,mean
consistent_county,TX,Tmin,48001,Anderson,2020-2025,56.665,6,2020,2025,3.554,mean
consistent_county,TX,Tmin,48005,Angelina,1980-1989,55.0,10,1980,1989,1.0,mean
consistent_county,TX,Tmin,48005,Angelina,1990-1999,55.454,10,1990,1999,1.405,mean
consistent_county,TX,Tmin,48005,Angelina,2000-2009,55.29,10,2000,2009,2.943,mean
consistent_county,TX,Tmin,48005,Angelina,2010-2019,56.216,10,2010,2019,2.6,mean
consistent_county,TX,Tmin,48005,Angelina,2020-2025,57.904,6,2020,2025,1.987,mean
consistent_county,TX,Tmin,48007,Aransas,1980-1989,63.824,10,1980,1989,1.886,mean
consistent_county,TX,Tmin,48007,Aransas,1990-1999,63.865,10,1990,1999,2.26,mean
consistent_county,TX,Tmin,48007,Aransas,2000-2009,63.87,10,2000,2009,3.086,mean
consistent_county,TX,Tmin,48007,Aransas,2010-2019,63.371,10,2010,2019,2.442,mean
consistent_county,TX,Tmin,48007,Aransas,2020-2025,64.812,6,2020,2025,2.402,mean
consistent_county,TX,Tmin,48013,Atascosa,1980-1989,57.856,10,1980,1989,1.873,mean
consistent_county,TX,Tmin,48013,Atascosa,1990-1999,58.449,10,1990,1999,2.8,mean
consistent_county,TX,Tmin,48013,Atascosa,2000-2009,58.461,10,2000,2009,2.903,mean
consistent_county,TX,Tmin,48013,Atascosa,2010-2019,58.696,10,2010,2019,2.598,mean
consistent_county,TX,Tmin,48013,Atascosa,2020-2025,60.287,6,2020,2025,2.571,mean
consistent_county,TX,Tmin,48017,Bailey,1980-1989,41.24,10,1980,1989,1.961,mean
consistent_county,TX,Tmin,48017,Bailey,1990-1999,41.721,10,1990,1999,1.959,mean
consistent_county,TX,Tmin,48017,Bailey,2000-2009,41.632,10,2000,2009,2.418,mean
consistent_county,TX,Tmin,48017,Bailey,2010-2019,41.386,10,2010,2019,2.994,mean
consistent_county,TX,Tmin,48017,Bailey,2020-2025,41.71,6,2020,2025,2.996,mean
consistent_county,TX,Tmin,48021,Bastrop,1980-1989,55.244,10,1980,1989,2.957,mean
consistent_county,TX,Tmin,48021,Bastrop,1990-1999,56.223,10,1990,1999,2.724,mean
consistent_county,TX,Tmin,48021,Bastrop,2000-2009,57.059,10,2000,2009,3.531,mean
consistent_county,TX,Tmin,48021,Bastrop,2010-2019,57.465,10,2010,2019,3.389,mean
consistent_county,TX,Tmin,48021,Bastrop,2020-2025,59.032,6,2020,2025,1.233,mean
consistent_county,TX,Tmin,48023,Baylor,1980-1989,49.704,10,1980,1989,1.998,mean
consistent_county,TX,Tmin,48023,Baylor,1990-1999,51.094,10,1990,1999,1.949,mean
consistent_county,TX,Tmin,48023,Baylor,2000-2009,51.773,10,2000,2009,2.222,mean
consistent_county,TX,Tmin,48023,Baylor,2010-2019,53.123,10,2010,2019,1.982,mean
consistent_county,TX,Tmin,48023,Baylor,2020-2025,53.54,6,2020,2025,1.994,mean
consistent_county,TX,Tmin,48025,Bee,1980-1989,60.025,10,1980,1989,1.994,mean
consistent_county,TX,Tmin,48025,Bee,1990-1999,60.65,10,1990,1999,1.273,mean
consistent_county,TX,Tmin,48025,Bee,2000-2009,60.294,8,2000,2009,1.0,mean
consistent_county,TX,Tmin,48025,Bee,2010-2019,59.815,10,2010,2019,1.0,mean
consistent_county,TX,Tmin,48025,Bee,2020-2025,60.642,5,2020,2025,1.0,mean
consistent_county,TX,Tmin,48029,Bexar,1980-1989,57.907,10,1980,1989,1.158,mean
consistent_county,TX,Tmin,48029,Bexar,1990-1999,58.689,10,1990,1999,2.365,mean
consistent_county,TX,Tmin,48029,Bexar,2000-2009,58.789,10,2000,2009,3.892,mean
consistent_county,TX,Tmin,48029,Bexar,2010-2019,59.842,10,2010,2019,3.365,mean
consistent_county,TX,Tmin,48029,Bexar,2020-2025,59.747,6,2020,2025,5.513,mean
consistent_county,TX,Tmin,48037,Bowie,1980-1989,51.695,10,1980,1989,1.766,mean
consistent_county,TX,Tmin,48037,Bowie,1990-1999,53.753,10,1990,1999,1.937,mean
consistent_county,TX,Tmin,48037,Bowie,2000-2009,52.788,10,2000,2009,2.182,mean
consistent_county,TX,Tmin,48037,Bowie,2010-2019,52.76,10,2010,2019,2.649,mean
consistent_county,TX,Tmin,48037,Bowie,2020-2025,54.344,6,2020,2025,1.982,mean
consistent_county,TX,Tmin,48039,Brazoria,1980-1989,59.29,10,1980,1989,3.185,mean
consistent_county,TX,Tmin,48039,Brazoria,1990-1999,61.373,10,1990,1999,3.351,mean
consistent_county,TX,Tmin,48039,Brazoria,2000-2009,60.9,10,2000,2009,6.23,mean
consistent_county,TX,Tmin,48039,Brazoria,2010-2019,62.397,10,2010,2019,5.245,mean
consistent_county,TX,Tmin,48039,Brazoria,2020-2025,63.377,6,2020,2025,4.895,mean
consistent_county,TX,Tmin,48041,Brazos,1980-1989,57.649,10,1980,1989,1.0,mean
consistent_county,TX,Tmin,48041,Brazos,1990-1999,58.278,10,1990,1999,1.0,mean
consistent_county,TX,Tmin,48041,Brazos,2000-2009,58.802,10,2000,2009,1.0,mean
consistent_county,TX,Tmin,48041,Brazos,2010-2019,59.702,10,2010,2019,1.0,mean
consistent_county,TX,Tmin,48041,Brazos,2020-2025,61.11,6,2020,2025,1.0,mean
consistent_county,TX,Tmin,48043,Brewster,1980-1989,51.298,10,1980,1989,7.875,mean
consistent_county,TX,Tmin,48043,Brewster,1990-1999,52.807,10,1990,1999,9.304,mean
consistent_county,TX,Tmin,48043,Brewster,2000-2009,53.509,10,2000,2009,11.129,mean
consistent_county,TX,Tmin,48043,Brewster,2010-2019,53.222,10,2010,2019,14.163,mean
consistent_county,TX,Tmin,48043,Brewster,2020-2025,54.991,6,2020,2025,11.788,mean
consistent_county,TX,Tmin,48045,Briscoe,1980-1989,43.204,10,1980,1989,1.0,mean
consistent_county,TX,Tmin,48045,Briscoe,1990-1999,43.418,10,1990,1999,1.0,mean
consistent_county,TX,Tmin,48045,Briscoe,2000-2009,43.74,10,2000,2009,1.0,mean
consistent_county,TX,Tmin,48045,Briscoe,2010-2019,44.988,10,2010,2019,1.0,mean
consistent_county,TX,Tmin,48045,Briscoe,2020-2025,46.183,6,2020,2025,1.326,mean
consistent_county,TX,Tmin,48053,Burnet,1980-1989,53.25,10,1980,1989,1.0,mean
consistent_county,TX,Tmin,48053,Burnet,1990-1999,54.389,8,1990,1999,1.39,mean
consistent_county,TX,Tmin,48053,Burnet,2000-2009,55.8,10,2000,2009,1.973,mean
consistent_county,TX,Tmin,48053,Burnet,2010-2019,56.265,10,2010,2019,2.976,mean
consistent_county,TX,Tmin,48053,Burnet,2020-2025,57.378,6,2020,2025,2.966,mean
consistent_county,TX,Tmin,48055,Caldwell,1980-1989,55.631,10,1980,1989,1.0,mean
consistent_county,TX,Tmin,48055,Caldwell,1990-1999,56.541,10,1990,1999,1.0,mean
consistent_county,TX,Tmin,48055,Caldwell,2000-2009,56.089,9,2001,2009,1.0,mean
consistent_county,TX,Tmin,48055,Caldwell,2010-2019,56.78,10,2010,2019,1.221,mean
consistent_county,TX,Tmin,48055,Caldwell,2020-2025,59.081,6,2020,2025,1.962,mean
consistent_county,TX,Tmin,48057,Calhoun,1980-1989,62.694,10,1980,1989,2.385,mean
consistent_county,TX,Tmin,48057,Calhoun,1990-1999,64.174,10,1990,1999,1.516,mean
consistent_county,TX,Tmin,48057,Calhoun,2000-2009,63.021,10,2000,2009,3.568,mean
consistent_county,TX,Tmin,48057,Calhoun,2010-2019,63.506,10,2010,2019,3.471,mean
consistent_county,TX,Tmin,48057,Calhoun,2020-2025,64.242,6,2020,2025,2.708,mean
consistent_county,TX,Tmin,48059,Callahan,1980-1989,53.219,10,1980,1989,1.0,mean
consistent_county,TX,Tmin,48059,Callahan,1990-1999,53.619,10,1990,1999,1.0,mean
consistent_county,TX,Tmin,48059,Callahan,2000-2009,52.342,10,2000,2009,1.833,mean
consistent_county,TX,Tmin,48059,Callahan,2010-2019,52.857,10,2010,2019,1.993,mean
consistent_county,TX,Tmin,48059,Callahan,2020-2025,53.379,6,2020,2025,1.854,mean
consistent_county,TX,Tmin,48061,Cameron,1980-1989,64.619,10,1980,1989,2.854,mean
consistent_county,TX,Tmin,48061,Cameron,1990-1999,66.042,10,1990,1999,4.056,mean
consistent_county,TX,Tmin,48061,Cameron,2000-2009,66.332,10,2000,2009,6.57,mean
consistent_county,TX,Tmin,48061,Cameron,2010-2019,66.391,10,2010,2019,5.859,mean
consistent_county,TX,Tmin,48061,Cameron,2020-2025,67.145,6,2020,2025,6.555,mean
consistent_county,TX,Tmin,48073,Cherokee,1980-1989,54.027,10,1980,1989,1.779,mean
consistent_county,TX,Tmin,48073,Cherokee,1990-1999,55.533,10,1990,1999,1.84,mean
consistent_county,TX,Tmin,48073,Cherokee,2000-2009,55.764,10,2000,2009,1.786,mean
consistent_county,TX,Tmin,48073,Cherokee,2010-2019,55.441,10,2010,2019,1.821,mean
consistent_county,TX,Tmin,48073,Cherokee,2020-2025,55.731,6,2020,2025,1.89,mean
consistent_county,TX,Tmin,48075,Childress,1980-1989,48.142,10,1980,1989,1.0,mean
consistent_county,TX,Tmin,48075,Childress,1990-1999,49.426,10,1990,1999,1.214,mean
consistent_county,TX,Tmin,48075,Childress,2000-2009,49.567,10,2000,2009,1.991,mean
consistent_county,TX,Tmin,48075,Childress,2010-2019,49.743,10,2010,2019,1.999,mean
consistent_county,TX,Tmin,48075,Childress,2020-2025,50.801,6,2020,2025,2.0,mean
consistent_county,TX,Tmin,48079,Cochran,1980-1989,42.566,10,1980,1989,1.0,mean
consistent_county,TX,Tmin,48079,Cochran,1990-1999,44.449,9,1990,1999,1.0,mean
consistent_county,TX,Tmin,48079,Cochran,2000-2009,45.034,10,2000,2009,1.0,mean
consistent_county,TX,Tmin,48079,Cochran,2010-2019,44.532,10,2010,2019,1.0,mean
consistent_county,TX,Tmin,48079,Cochran,2020-2025,45.13,6,2020,2025,1.0,mean
consistent_county,TX,Tmin,48081,Coke,1980-1989,50.789,10,1980,1989,1.0,mean
consistent_county,TX,Tmin,48081,Coke,1990-1999,51.475,9,1990,1998,1.0,mean
consistent_county,TX,Tmin,48081,Coke,2000-2009,51.051,8,2000,2009,1.292,mean
consistent_county,TX,Tmin,48081,Coke,2010-2019,50.768,10,2010,2019,1.614,mean
consistent_county,TX,Tmin,48081,Coke,2020-2025,50.844,6,2020,2025,1.053,mean
consistent_county,TX,Tmin,48083,Coleman,1980-1989,51.402,10,1980,1989,1.963,mean
consistent_county,TX,Tmin,48083,Coleman,1990-1999,50.89,10,1990,1999,1.985,mean
consistent_county,TX,Tmin,48083,Coleman,2000-2009,52.4,10,2000,2009,2.621,mean
consistent_county,TX,Tmin,48083,Coleman,2010-2019,53.644,10,2010,2019,2.593,mean
consistent_county,TX,Tmin,48083,Coleman,2020-2025,54.413,6,2020,2025,2.816,mean
consistent_county,TX,Tmin,48085,Collin,1980-1989,52.987,10,1980,1989,1.98,mean
consistent_county,TX,Tmin,48085,Collin,1990-1999,53.495,10,1990,1999,2.061,mean
consistent_county,TX,Tmin,48085,Collin,2000-2009,53.405,10,2000,2009,2.844,mean
consistent_county,TX,Tmin,48085,Collin,2010-2019,55.161,10,2010,2019,2.606,mean
consistent_county,TX,Tmin,48085,Collin,2020-2025,56.154,6,2020,2025,2.328,mean
consistent_county,TX,Tmin,48089,Colorado,1980-1989,55.429,10,1980,1989,1.0,mean
consistent_county,TX,Tmin,48089,Colorado,1990-1999,53.626,10,1990,1999,1.0,mean
consistent_county,TX,Tmin,48089,Colorado,2000-2009,55.87,10,2000,2009,1.723,mean
consistent_county,TX,Tmin,48089,Colorado,2010-2019,59.093,10,2010,2019,2.653,mean
consistent_county,TX,Tmin,48089,Colorado,2020-2025,60.617,6,2020,2025,2.246,mean
consistent_county,TX,Tmin,48095,Concho,1980-1989,52.012,10,1980,1989,1.566,mean
consistent_county,TX,Tmin,48095,Concho,1990-1999,52.82,10,1990,1999,1.158,mean
consistent_county,TX,Tmin,48095,Concho,2000-2009,52.386,10,2000,2009,2.234,mean
consistent_county,TX,Tmin,48095,Concho,2010-2019,51.587,10,2010,2019,2.24,mean
consistent_county,TX,Tmin,48095,Concho,2020-2025,52.413,6,2020,2025,2.101,mean
consistent_county,TX,Tmin,48097,Cooke,1980-1989,51.013,8,1980,1989,1.03,mean
consistent_county,TX,Tmin,48097,Cooke,1990-1999,52.572,10,1990,1999,1.0,mean
consistent_county,TX,Tmin,48097,Cooke,2000-2009,52.69,10,2000,2009,1.0,mean
consistent_county,TX,Tmin,48097,Cooke,2010-2019,52.841,10,2010,2019,1.801,mean
consistent_county,TX,Tmin,48097,Cooke,2020-2025,53.465,6,2020,2025,1.738,mean
consistent_county,TX,Tmin,48099,Coryell,1980-1989,53.24,10,1980,1989,1.901,mean
consistent_county,TX,Tmin,48099,Coryell,1990-1999,53.876,10,1990,1999,1.942,mean
consistent_county,TX,Tmin,48099,Coryell,2000-2009,53.279,8,2000,2008,1.833,mean
consistent_county,TX,Tmin,48099,Coryell,2010-2019,55.765,8,2011,2019,1.66,mean
consistent_county,TX,Tmin,48099,Coryell,2020-2025,56.69,6,2020,2025,1.207,mean
consistent_county,TX,Tmin,48101,Cottle,1980-1989,47.958,10,1980,1989,1.0,mean
consistent_county,TX,Tmin,48101,Cottle,1990-1999,48.741,10,1990,1999,1.0,mean
consistent_county,TX,Tmin,48101,Cottle,2000-2009,49.672,9,2001,2009,1.586,mean
consistent_county,TX,Tmin,48101,Cottle,2010-2019,49.704,10,2010,2019,1.996,mean
consistent_county,TX,Tmin,48101,Cottle,2020-2025,50.242,6,2020,2025,1.63,mean
consistent_county,TX,Tmin,48105,Crockett,1980-1989,49.83,8,1980,1989,1.0,mean
consistent_county,TX,Tmin,48105,Crockett,1990-1999,50.89,9,1990,1999,1.694,mean
consistent_county,TX,Tmin,48105,Crockett,2000-2009,51.32,10,2000,2009,2.885,mean
consistent_county,TX,Tmin,48105,Crockett,2010-2019,51.608,10,2010,2019,3.014,mean
consistent_county,TX,Tmin,48105,Crockett,2020-2025,53.566,6,2020,2025,1.148,mean
consistent_county,TX,Tmin,48107,Crosby,1980-1989,45.506,10,1980,1989,1.0,mean
consistent_county,TX,Tmin,48107,Crosby,1990-1999,46.471,10,1990,1999,1.225,mean
consistent_county,TX,Tmin,48107,Crosby,2000-2009,48.127,10,2000,2009,1.994,mean
consistent_county,TX,Tmin,48107,Crosby,2010-2019,47.92,10,2010,2019,2.0,mean
consistent_county,TX,Tmin,48107,Crosby,2020-2025,48.894,6,2020,2025,2.0,mean
consistent_county,TX,Tmin,48113,Dallas,1980-1989,55.71,10,1980,1989,3.074,mean
consistent_county,TX,Tmin,48113,Dallas,1990-1999,55.872,10,1990,1999,3.813,mean
consistent_county,TX,Tmin,48113,Dallas,2000-2009,56.107,10,2000,2009,3.625,mean
consistent_county,TX,Tmin,48113,Dallas,2010-2019,57.501,10,2010,2019,3.646,mean
consistent_county,TX,Tmin,48113,Dallas,2020-2025,57.87,6,2020,2025,5.057,mean
consistent_county,TX,Tmin,48121,Denton,1980-1989,52.273,10,1980,1989,2.282,mean
consistent_county,TX,Tmin,48121,Denton,1990-1999,53.748,10,1990,1999,3.374,mean
consistent_county,TX,Tmin,48121,Denton,2000-2009,54.459,10,2000,2009,4.289,mean
consistent_county,TX,Tmin,48121,Denton,2010-2019,54.698,10,2010,2019,3.989,mean
consistent_county,TX,Tmin,48121,Denton,2020-2025,55.798,6,2020,2025,3.987,mean
consistent_county,TX,Tmin,48123,DeWitt,1980-1989,57.768,10,1980,1989,1.911,mean
consistent_county,TX,Tmin,48123,DeWitt,1990-1999,58.386,10,1990,1999,1.934,mean
consistent_county,TX,Tmin,48123,DeWitt,2000-2009,57.469,8,2000,2009,1.832,mean
consistent_county,TX,Tmin,48123,DeWitt,2010-2019,58.736,10,2010,2019,1.97,mean
consistent_county,TX,Tmin,48123,DeWitt,2020-2025,60.525,6,2020,2025,1.626,mean
consistent_county,TX,Tmin,48127,Dimmit,1980-1989,58.776,10,1980,1989,1.852,mean
consistent_county,TX,Tmin,48127,Dimmit,1990-1999,60.147,8,1990,1999,1.814,mean
consistent_county,TX,Tmin,48127,Dimmit,2000-2009,58.369,9,2000,2009,1.18,mean
consistent_county,TX,Tmin,48127,Dimmit,2010-2019,57.849,9,2011,2019,1.135,mean
consistent_county,TX,Tmin,48127,Dimmit,2020-2025,60.329,5,2021,2025,1.826,mean
consistent_county,TX,Tmin,48131,Duval,1980-1989,60.301,10,1980,1989,1.647,mean
consistent_county,TX,Tmin,48131,Duval,1990-1999,60.692,8,1990,1999,2.155,mean
consistent_county,TX,Tmin,48131,Duval,2000-2009,60.232,9,2000,2009,1.801,mean
consistent_county,TX,Tmin,48131,Duval,2010-2019,60.845,10,2010,2019,1.773,mean
consistent_county,TX,Tmin,48131,Duval,2020-2025,62.101,6,2020,2025,1.386,mean
consistent_county,TX,Tmin,48135,Ector,1980-1989,50.032,10,1980,1989,1.016,mean
consistent_county,TX,Tmin,48135,Ector,1990-1999,50.406,10,1990,1999,1.123,mean
consistent_county,TX,Tmin,48135,Ector,2000-2009,52.335,10,2000,2009,3.431,mean
consistent_county,TX,Tmin,48135,Ector,2010-2019,52.35,10,2010,2019,3.271,mean
consistent_county,TX,Tmin,48135,Ector,2020-2025,53.663,6,2020,2025,2.32,mean
consistent_county,TX,Tmin,48139,Ellis,1980-1989,53.375,10,1980,1989,2.915,mean
consistent_county,TX,Tmin,48139,Ellis,1990-1999,54.628,10,1990,1999,2.901,mean
consistent_county,TX,Tmin,48139,Ellis,2000-2009,54.353,10,2000,2009,2.738,mean
consistent_county,TX,Tmin,48139,Ellis,2010-2019,55.234,10,2010,2019,2.93,mean
consistent_county,TX,Tmin,48139,Ellis,2020-2025,56.002,6,2020,2025,1.967,mean
consistent_county,TX,Tmin,48141,El Paso,1980-1989,47.606,10,1980,1989,3.719,mean
consistent_county,TX,Tmin,48141,El Paso,1990-1999,49.45,10,1990,1999,3.854,mean
consistent_county,TX,Tmin,48141,El Paso,2000-2009,50.759,10,2000,2009,4.281,mean
consistent_county,TX,Tmin,48141,El Paso,2010-2019,50.908,10,2010,2019,2.184,mean
consistent_county,TX,Tmin,48141,El Paso,2020-2025,51.4,6,2020,2025,2.164,mean
consistent_county,TX,Tmin,48143,Erath,1980-1989,52.022,10,1980,1989,1.988,mean
consistent_county,TX,Tmin,48143,Erath,1990-1999,52.21,10,1990,1999,1.972,mean
consistent_county,TX,Tmin,48143,Erath,2000-2009,52.159,10,2000,2009,1.812,mean
consistent_county,TX,Tmin,48143,Erath,2010-2019,54.117,10,2010,2019,1.099,mean
consistent_county,TX,Tmin,48143,Erath,2020-2025,55.196,6,2020,2025,1.0,mean
consistent_county,TX,Tmin,48147,Fannin,1980-1989,51.287,10,1980,1989,1.0,mean
consistent_county,TX,Tmin,48147,Fannin,1990-1999,51.774,10,1990,1999,1.0,mean
consistent_county,TX,Tmin,48147,Fannin,2000-2009,52.637,10,2000,2009,1.752,mean
consistent_county,TX,Tmin,48147,Fannin,2010-2019,53.309,10,2010,2019,1.86,mean
consistent_county,TX,Tmin,48147,Fannin,2020-2025,54.338,6,2020,2025,1.957,mean
consistent_county,TX,Tmin,48149,Fayette,1980-1989,58.483,10,1980,1989,1.991,mean
consistent_county,TX,Tmin,48149,Fayette,1990-1999,59.139,10,1990,1999,1.957,mean
consistent_county,TX,Tmin,48149,Fayette,2000-2009,58.8,10,2000,2009,2.872,mean
consistent_county,TX,Tmin,48149,Fayette,2010-2019,59.418,10,2010,2019,3.215,mean
consistent_county,TX,Tmin,48149,Fayette,2020-2025,60.478,6,2020,2025,1.833,mean
consistent_county,TX,Tmin,48153,Floyd,1980-1989,44.568,9,1980,1989,1.0,mean
consistent_county,TX,Tmin,48153,Floyd,1990-1999,45.586,10,1990,1999,1.0,mean
consistent_county,TX,Tmin,48153,Floyd,2000-2009,46.265,10,2000,2009,1.0,mean
consistent_county,TX,Tmin,48153,Floyd,2010-2019,46.305,10,2010,2019,1.0,mean
consistent_county,TX,Tmin,48153,Floyd,2020-2025,47.074,6,2020,2025,1.0,mean
consistent_county,TX,Tmin,48157,Fort Bend,1980-1989,58.658,10,1980,1989,1.945,mean
consistent_county,TX,Tmin,48157,Fort Bend,1990-1999,60.027,10,1990,1999,1.832,mean
consistent_county,TX,Tmin,48157,Fort Bend,2000-2009,60.192,10,2000,2009,2.541,mean
consistent_county,TX,Tmin,48157,Fort Bend,2010-2019,60.719,10,2010,2019,2.083,mean
consistent_county,TX,Tmin,48157,Fort Bend,2020-2025,62.538,6,2020,2025,1.568,mean
consistent_county,TX,Tmin,48159,Franklin,1980-1989,52.314,10,1980,1989,1.0,mean
consistent_county,TX,Tmin,48159,Franklin,1990-1999,53.782,10,1990,1999,1.0,mean
consistent_county,TX,Tmin,48159,Franklin,2000-2009,53.939,10,2000,2009,1.0,mean
consistent_county,TX,Tmin,48159,Franklin,2010-2019,54.078,10,2010,2019,1.0,mean
consistent_county,TX,Tmin,48159,Franklin,2020-2025,54.253,5,2020,2025,1.0,mean
consistent_county,TX,Tmin,48165,Gaines,1980-1989,45.983,10,1980,1989,1.065,mean
consistent_county,TX,Tmin,48165,Gaines,1990-1999,46.997,10,1990,1999,1.0,mean
consistent_county,TX,Tmin,48165,Gaines,2000-2009,47.386,9,2000,2009,1.047,mean
consistent_county,TX,Tmin,48165,Gaines,2010-2019,47.949,10,2010,2019,1.712,mean
consistent_county,TX,Tmin,48165,Gaines,2020-2025,49.825,6,2020,2025,1.567,mean
consistent_county,TX,Tmin,48167,Galveston,1980-1989,65.16,10,1980,1989,1.0,mean
consistent_county,TX,Tmin,48167,Galveston,1990-1999,63.284,10,1990,1999,2.268,mean
consistent_county,TX,Tmin,48167,Galveston,2000-2009,63.598,10,2000,2009,2.891,mean
consistent_county,TX,Tmin,48167,Galveston,2010-2019,64.167,10,2010,2019,2.092,mean
consistent_county,TX,Tmin,48167,Galveston,2020-2025,65.725,6,2020,2025,1.939,mean
consistent_county,TX,Tmin,48169,Garza,1980-1989,47.587,10,1980,1989,1.0,mean
consistent_county,TX,Tmin,48169,Garza,1990-1999,49.709,8,1990,1999,1.666,mean
consistent_county,TX,Tmin,48169,Garza,2000-2009,50.658,10,2000,2009,1.974,mean
consistent_county,TX,Tmin,48169,Garza,2010-2019,50.612,10,2010,2019,1.999,mean
consistent_county,TX,Tmin,48169,Garza,2020-2025,51.88,6,2020,2025,2.0,mean
consistent_county,TX,Tmin,48171,Gillespie,1980-1989,53.265,10,1980,1989,1.0,mean
consistent_county,TX,Tmin,48171,Gillespie,1990-1999,54.985,10,1990,1999,1.0,mean
consistent_county,TX,Tmin,48171,Gillespie,2000-2009,54.726,10,2000,2009,1.836,mean
consistent_county,TX,Tmin,48171,Gillespie,2010-2019,54.484,10,2010,2019,3.662,mean
consistent_county,TX,Tmin,48171,Gillespie,2020-2025,55.584,6,2020,2025,3.823,mean
consistent_county,TX,Tmin,48177,Gonzales,1980-1989,57.246,10,1980,1989,1.912,mean
consistent_county,TX,Tmin,48177,Gonzales,1990-1999,58.137,10,1990,1999,1.949,mean
consistent_county,TX,Tmin,48177,Gonzales,2000-2009,57.833,10,2000,2009,2.374,mean
consistent_county,TX,Tmin,48177,Gonzales,2010-2019,58.038,10,2010,2019,2.996,mean
consistent_county,TX,Tmin,48177,Gonzales,2020-2025,60.004,6,2020,2025,3.168,mean
consistent_county,TX,Tmin,48179,Gray,1980-1989,45.099,10,1980,1989,1.969,mean
consistent_county,TX,Tmin,48179,Gray,1990-1999,45.174,10,1990,1999,1.941,mean
consistent_county,TX,Tmin,48179,Gray,2000-2009,45.331,10,2000,2009,1.762,mean
consistent_county,TX,Tmin,48179,Gray,2010-2019,44.346,10,2010,2019,1.0,mean
consistent_county,TX,Tmin,48179,Gray,2020-2025,45.512,6,2020,2025,1.0,mean
consistent_county,TX,Tmin,48181,Grayson,1980-1989,52.048,10,1980,1989,1.982,mean
consistent_county,TX,Tmin,48181,Grayson,1990-1999,53.274,10,1990,1999,1.746,mean
consistent_county,TX,Tmin,48181,Grayson,2000-2009,53.713,9,2000,2009,1.0,mean
consistent_county,TX,Tmin,48181,Grayson,2010-2019,54.154,10,2010,2019,1.805,mean
consistent_county,TX,Tmin,48181,Grayson,2020-2025,54.914,6,2020,2025,1.944,mean
consistent_county,TX,Tmin,48189,Hale,1980-1989,46.206,10,1980,1989,1.124,mean
consistent_county,TX,Tmin,48189,Hale,1990-1999,45.961,10,1990,1999,1.0,mean
consistent_county,TX,Tmin,48189,Hale,2000-2009,45.428,10,2000,2009,2.645,mean
consistent_county,TX,Tmin,48189,Hale,2010-2019,45.435,10,2010,2019,2.999,mean
consistent_county,TX,Tmin,48189,Hale,2020-2025,46.037,6,2020,2025,3.0,mean
consistent_county,TX,Tmin,48191,Hall,1980-1989,48.268,10,1980,1989,1.766,mean
consistent_county,TX,Tmin,48191,Hall,1990-1999,47.652,10,1990,1999,1.948,mean
consistent_county,TX,Tmin,48191,Hall,2000-2009,47.233,10,2000,2009,1.98,mean
consistent_county,TX,Tmin,48191,Hall,2010-2019,47.96,10,2010,2019,1.999,mean
consistent_county,TX,Tmin,48191,Hall,2020-2025,48.607,6,2020,2025,2.0,mean
consistent_county,TX,Tmin,48201,Harris,1980-1989,59.612,10,1980,1989,3.96,mean
consistent_county,TX,Tmin,48201,Harris,1990-1999,60.539,10,1990,1999,3.762,mean
consistent_county,TX,Tmin,48201,Harris,2000-2009,60.641,10,2000,2009,3.905,mean
consistent_county,TX,Tmin,48201,Harris,2010-2019,61.11,10,2010,2019,3.28,mean
consistent_county,TX,Tmin,48201,Harris,2020-2025,62.55,6,2020,2025,3.151,mean
consistent_county,TX,Tmin,48205,Hartley,1980-1989,41.329,8,1980,1989,1.488,mean
consistent_county,TX,Tmin,48205,Hartley,1990-1999,40.09,10,1990,1999,2.569,mean
consistent_county,TX,Tmin,48205,Hartley,2000-2009,40.816,10,2000,2009,2.639,mean
consistent_county,TX,Tmin,48205,Hartley,2010-2019,41.594,10,2010,2019,1.889,mean
consistent_county,TX,Tmin,48205,Hartley,2020-2025,41.746,6,2020,2025,1.686,mean
consistent_county,TX,Tmin,48209,Hays,1980-1989,55.334,8,1980,1989,1.568,mean
consistent_county,TX,Tmin,48209,Hays,1990-1999,56.992,10,1990,1999,1.957,mean
consistent_county,TX,Tmin,48209,Hays,2000-2009,57.01,10,2000,2009,1.956,mean
consistent_county,TX,Tmin,48209,Hays,2010-2019,57.243,10,2010,2019,1.958,mean
consistent_county,TX,Tmin,48209,Hays,2020-2025,58.233,6,2020,2025,1.959,mean
consistent_county,TX,Tmin,48215,Hidalgo,1980-1989,63.376,10,1980,1989,5.132,mean
consistent_county,TX,Tmin,48215,Hidalgo,1990-1999,64.052,10,1990,1999,5.73,mean
consistent_county,TX,Tmin,48215,Hidalgo,2000-2009,64.143,10,2000,2009,9.383,mean
consistent_county,TX,Tmin,48215,Hidalgo,2010-2019,64.256,10,2010,2019,8.908,mean
consistent_county,TX,Tmin,48215,Hidalgo,2020-2025,65.096,6,2020,2025,8.681,mean
consistent_county,TX,Tmin,48217,Hill,1980-1989,54.879,10,1980,1989,1.0,mean
consistent_county,TX,Tmin,48217,Hill,1990-1999,55.981,10,1990,1999,1.0,mean
consistent_county,TX,Tmin,48217,Hill,2000-2009,55.852,8,2000,2009,1.0,mean
consistent_county,TX,Tmin,48217,Hill,2010-2019,55.65,10,2010,2019,1.808,mean
consistent_county,TX,Tmin,48217,Hill,2020-2025,56.599,6,2020,2025,1.959,mean
consistent_county,TX,Tmin,48219,Hockley,1980-1989,43.296,10,1980,1989,1.0,mean
consistent_county,TX,Tmin,48219,Hockley,1990-1999,44.167,10,1990,1999,1.0,mean
consistent_county,TX,Tmin,48219,Hockley,2000-2009,45.993,10,2000,2009,1.0,mean
consistent_county,TX,Tmin,48219,Hockley,2010-2019,45.517,10,2010,2019,1.0,mean
consistent_county,TX,Tmin,48219,Hockley,2020-2025,45.756,6,2020,2025,1.0,mean
consistent_county,TX,Tmin,48223,Hopkins,1980-1989,51.225,10,1980,1989,1.0,mean
consistent_county,TX,Tmin,48223,Hopkins,1990-1999,52.985,10,1990,1999,1.0,mean
consistent_county,TX,Tmin,48223,Hopkins,2000-2009,52.16,10,2000,2009,1.116,mean
consistent_county,TX,Tmin,48223,Hopkins,2010-2019,54.333,10,2010,2019,1.953,mean
consistent_county,TX,Tmin,48223,Hopkins,2020-2025,55.165,6,2020,2025,2.898,mean
consistent_county,TX,Tmin,48225,Houston,1980-1989,54.206,8,1980,1989,1.824,mean
consistent_county,TX,Tmin,48225,Houston,1990-1999,55.653,9,1990,1999,1.0,mean
consistent_county,TX,Tmin,48225,Houston,2000-2009,56.503,8,2002,2009,1.782,mean
consistent_county,TX,Tmin,48225,Houston,2010-2019,56.857,10,2010,2019,1.947,mean
consistent_county,TX,Tmin,48225,Houston,2020-2025,57.686,6,2020,2025,1.991,mean
consistent_county,TX,Tmin,48229,Hudspeth,1980-1989,44.832,10,1980,1989,5.112,mean
consistent_county,TX,Tmin,48229,Hudspeth,1990-1999,45.386,10,1990,1999,5.447,mean
consistent_county,TX,Tmin,48229,Hudspeth,2000-2009,45.294,10,2000,2009,3.204,mean
consistent_county,TX,Tmin,48229,Hudspeth,2010-2019,45.93,10,2010,2019,1.753,mean
consistent_county,TX,Tmin,48229,Hudspeth,2020-2025,48.198,6,2020,2025,1.0,mean
consistent_county,TX,Tmin,48233,Hutchinson,1980-1989,45.077,10,1980,1989,1.0,mean
consistent_county,TX,Tmin,48233,Hutchinson,1990-1999,45.577,10,1990,1999,2.09,mean
consistent_county,TX,Tmin,48233,Hutchinson,2000-2009,46.674,10,2000,2009,3.88,mean
consistent_county,TX,Tmin,48233,Hutchinson,2010-2019,46.944,10,2010,2019,3.799,mean
consistent_county,TX,Tmin,48233,Hutchinson,2020-2025,47.456,6,2020,2025,2.979,mean
consistent_county,TX,Tmin,48243,Jeff Davis,1980-1989,45.237,10,1980,1989,2.899,mean
consistent_county,TX,Tmin,48243,Jeff Davis,1990-1999,46.429,10,1990,1999,3.873,mean
consistent_county,TX,Tmin,48243,Jeff Davis,2000-2009,46.488,10,2000,2009,3.717,mean
consistent_county,TX,Tmin,48243,Jeff Davis,2010-2019,48.065,10,2010,2019,3.872,mean
consistent_county,TX,Tmin,48243,Jeff Davis,2020-2025,49.581,6,2020,2025,3.248,mean
consistent_county,TX,Tmin,48245,Jefferson,1980-1989,58.31,10,1980,1989,2.014,mean
consistent_county,TX,Tmin,48245,Jefferson,1990-1999,59.336,10,1990,1999,2.098,mean
consistent_county,TX,Tmin,48245,Jefferson,2000-2009,60.134,10,2000,2009,3.571,mean
consistent_county,TX,Tmin,48245,Jefferson,2010-2019,60.828,10,2010,2019,3.976,mean
consistent_county,TX,Tmin,48245,Jefferson,2020-2025,61.784,6,2020,2025,3.334,mean
consistent_county,TX,Tmin,48249,Jim Wells,1980-1989,60.256,10,1980,1989,1.859,mean
consistent_county,TX,Tmin,48249,Jim Wells,1990-1999,61.364,10,1990,1999,2.081,mean
consistent_county,TX,Tmin,48249,Jim Wells,2000-2009,61.82,10,2000,2009,2.63,mean
consistent_county,TX,Tmin,48249,Jim Wells,2010-2019,61.345,10,2010,2019,1.99,mean
consistent_county,TX,Tmin,48249,Jim Wells,2020-2025,62.278,6,2020,2025,2.135,mean
consistent_county,TX,Tmin,48251,Johnson,1980-1989,53.65,10,1980,1989,1.357,mean
consistent_county,TX,Tmin,48251,Johnson,1990-1999,54.887,10,1990,1999,1.957,mean
consistent_county,TX,Tmin,48251,Johnson,2000-2009,55.07,10,2000,2009,1.871,mean
consistent_county,TX,Tmin,48251,Johnson,2010-2019,54.795,10,2010,2019,2.722,mean
consistent_county,TX,Tmin,48251,Johnson,2020-2025,55.56,6,2020,2025,2.688,mean
consistent_county,TX,Tmin,48253,Jones,1980-1989,51.154,10,1980,1989,1.643,mean
consistent_county,TX,Tmin,48253,Jones,1990-1999,51.71,10,1990,1999,1.982,mean
consistent_county,TX,Tmin,48253,Jones,2000-2009,51.96,10,2000,2009,1.849,mean
consistent_county,TX,Tmin,48253,Jones,2010-2019,51.243,10,2010,2019,1.775,mean
consistent_county,TX,Tmin,48253,Jones,2020-2025,52.0,6,2020,2025,1.95,mean
consistent_county,TX,Tmin,48259,Kendall,1980-1989,52.908,10,1980,1989,1.0,mean
consistent_county,TX,Tmin,48259,Kendall,1990-1999,53.538,10,1990,1999,1.0,mean
consistent_county,TX,Tmin,48259,Kendall,2000-2009,54.183,9,2000,2009,1.0,mean
consistent_county,TX,Tmin,48259,Kendall,2010-2019,55.183,10,2010,2019,1.157,mean
consistent_county,TX,Tmin,48259,Kendall,2020-2025,58.036,6,2020,2025,1.774,mean
consistent_county,TX,Tmin,48265,Kerr,1980-1989,51.873,10,1980,1989,1.0,mean
consistent_county,TX,Tmin,48265,Kerr,1990-1999,52.623,10,1990,1999,1.259,mean
consistent_county,TX,Tmin,48265,Kerr,2000-2009,52.671,10,2000,2009,1.789,mean
consistent_county,TX,Tmin,48265,Kerr,2010-2019,52.586,10,2010,2019,2.793,mean
consistent_county,TX,Tmin,48265,Kerr,2020-2025,53.902,6,2020,2025,2.858,mean
consistent_county,TX,Tmin,48269,King,1980-1989,47.135,8,1982,1989,1.0,mean
consistent_county,TX,Tmin,48269,King,1990-1999,47.244,10,1990,1999,1.35,mean
consistent_county,TX,Tmin,48269,King,2000-2009,48.486,10,2000,2009,1.888,mean
consistent_county,TX,Tmin,48269,King,2010-2019,49.037,10,2010,2019,1.993,mean
consistent_county,TX,Tmin,48269,King,2020-2025,50.043,6,2020,2025,2.0,mean
consistent_county,TX,Tmin,48273,Kleberg,1980-1989,61.62,10,1980,1989,1.934,mean
consistent_county,TX,Tmin,48273,Kleberg,1990-1999,62.817,9,1990,1998,1.622,mean
consistent_county,TX,Tmin,48273,Kleberg,2000-2009,62.321,9,2000,2009,1.757,mean
consistent_county,TX,Tmin,48273,Kleberg,2010-2019,63.099,10,2010,2019,1.963,mean
consistent_county,TX,Tmin,48273,Kleberg,2020-2025,64.417,6,2020,2025,1.846,mean
consistent_county,TX,Tmin,48279,Lamb,1980-1989,42.789,10,1980,1989,1.907,mean
consistent_county,TX,Tmin,48279,Lamb,1990-1999,43.306,10,1990,1999,1.946,mean
consistent_county,TX,Tmin,48279,Lamb,2000-2009,44.623,10,2000,2009,1.694,mean
consistent_county,TX,Tmin,48279,Lamb,2010-2019,44.337,10,2010,2019,2.0,mean
consistent_county,TX,Tmin,48279,Lamb,2020-2025,44.818,6,2020,2025,2.0,mean
consistent_county,TX,Tmin,48285,Lavaca,1980-1989,58.268,10,1980,1989,1.0,mean
consistent_county,TX,Tmin,48285,Lavaca,1990-1999,59.472,10,1990,1999,1.0,mean
consistent_county,TX,Tmin,48285,Lavaca,2000-2009,59.135,10,2000,2009,1.0,mean
consistent_county,TX,Tmin,48285,Lavaca,2010-2019,60.113,10,2010,2019,1.0,mean
consistent_county,TX,Tmin,48285,Lavaca,2020-2025,62.619,6,2020,2025,1.0,mean
consistent_county,TX,Tmin,48287,Lee,1980-1989,56.182,10,1980,1989,1.0,mean
consistent_county,TX,Tmin,48287,Lee,1990-1999,56.666,8,1991,1999,1.0,mean
consistent_county,TX,Tmin,48287,Lee,2000-2009,56.992,10,2000,2009,1.0,mean
consistent_county,TX,Tmin,48287,Lee,2010-2019,57.414,10,2010,2019,1.786,mean
consistent_county,TX,Tmin,48287,Lee,2020-2025,59.022,5,2020,2025,1.377,mean
consistent_county,TX,Tmin,48289,Leon,1980-1989,54.656,10,1980,1989,1.882,mean
consistent_county,TX,Tmin,48289,Leon,1990-1999,53.816,9,1990,1999,1.102,mean
consistent_county,TX,Tmin,48289,Leon,2000-2009,54.532,10,2000,2009,1.0,mean
consistent_county,TX,Tmin,48289,Leon,2010-2019,53.733,10,2010,2019,1.0,mean
consistent_county,TX,Tmin,48289,Leon,2020-2025,55.039,5,2020,2025,1.0,mean
consistent_county,TX,Tmin,48291,Liberty,1980-1989,57.046,10,1980,1989,2.741,mean
consistent_county,TX,Tmin,48291,Liberty,1990-1999,58.785,10,1990,1999,2.917,mean
consistent_county,TX,Tmin,48291,Liberty,2000-2009,58.622,10,2000,2009,4.105,mean
consistent_county,TX,Tmin,48291,Liberty,2010-2019,58.867,10,2010,2019,4.694,mean
consistent_county,TX,Tmin,48291,Liberty,2020-2025,60.099,6,2020,2025,3.004,mean
consistent_county,TX,Tmin,48295,Lipscomb,1980-1989,43.111,10,1980,1989,2.08,mean
consistent_county,TX,Tmin,48295,Lipscomb,1990-1999,41.936,10,1990,1999,1.954,mean
consistent_county,TX,Tmin,48295,Lipscomb,2000-2009,42.449,10,2000,2009,1.531,mean
consistent_county,TX,Tmin,48295,Lipscomb,2010-2019,43.316,10,2010,2019,1.895,mean
consistent_county,TX,Tmin,48295,Lipscomb,2020-2025,44.161,6,2020,2025,1.545,mean
consistent_county,TX,Tmin,48303,Lubbock,1980-1989,47.178,10,1980,1989,1.0,mean
consistent_county,TX,Tmin,48303,Lubbock,1990-1999,47.472,10,1990,1999,1.0,mean
consistent_county,TX,Tmin,48303,Lubbock,2000-2009,47.807,10,2000,2009,1.0,mean
consistent_county,TX,Tmin,48303,Lubbock,2010-2019,49.081,10,2010,2019,1.791,mean
consistent_county,TX,Tmin,48303,Lubbock,2020-2025,50.416,6,2020,2025,2.0,mean
consistent_county,TX,Tmin,48305,Lynn,1980-1989,45.785,10,1980,1989,1.0,mean
consistent_county,TX,Tmin,48305,Lynn,1990-1999,46.505,10,1990,1999,1.0,mean
consistent_county,TX,Tmin,48305,Lynn,2000-2009,49.316,10,2000,2009,1.0,mean
consistent_county,TX,Tmin,48305,Lynn,2010-2019,48.186,10,2010,2019,1.0,mean
consistent_county,TX,Tmin,48305,Lynn,2020-2025,48.65,6,2020,2025,1.0,mean
consistent_county,TX,Tmin,48307,McCulloch,1980-1989,51.967,10,1980,1989,1.0,mean
consistent_county,TX,Tmin,48307,McCulloch,1990-1999,52.448,10,1990,1999,1.0,mean
consistent_county,TX,Tmin,48307,McCulloch,2000-2009,53.77,10,2000,2009,1.0,mean
consistent_county,TX,Tmin,48307,McCulloch,2010-2019,54.372,10,2010,2019,1.0,mean
consistent_county,TX,Tmin,48307,McCulloch,2020-2025,54.712,5,2020,2024,1.0,mean
consistent_county,TX,Tmin,48309,McLennan,1980-1989,54.605,10,1980,1989,2.989,mean
consistent_county,TX,Tmin,48309,McLennan,1990-1999,55.244,10,1990,1999,3.208,mean
consistent_county,TX,Tmin,48309,McLennan,2000-2009,55.491,10,2000,2009,3.314,mean
consistent_county,TX,Tmin,48309,McLennan,2010-2019,56.033,10,2010,2019,2.979,mean
consistent_county,TX,Tmin,48309,McLennan,2020-2025,56.607,6,2020,2025,2.424,mean
consistent_county,TX,Tmin,48321,Matagorda,1980-1989,61.397,10,1980,1989,2.797,mean
consistent_county,TX,Tmin,48321,Matagorda,1990-1999,62.175,10,1990,1999,2.863,mean
consistent_county,TX,Tmin,48321,Matagorda,2000-2009,62.355,10,2000,2009,2.929,mean
consistent_county,TX,Tmin,48321,Matagorda,2010-2019,62.3,10,2010,2019,3.451,mean
consistent_county,TX,Tmin,48321,Matagorda,2020-2025,62.514,6,2020,2025,2.87,mean
consistent_county,TX,Tmin,48325,Medina,1980-1989,57.373,10,1980,1989,1.98,mean
consistent_county,TX,Tmin,48325,Medina,1990-1999,57.883,10,1990,1999,2.259,mean
consistent_county,TX,Tmin,48325,Medina,2000-2009,57.667,10,2000,2009,2.675,mean
consistent_county,TX,Tmin,48325,Medina,2010-2019,57.995,10,2010,2019,1.953,mean
consistent_county,TX,Tmin,48325,Medina,2020-2025,58.598,6,2020,2025,1.039,mean
consistent_county,TX,Tmin,48327,Menard,1980-1989,50.504,10,1980,1989,1.0,mean
consistent_county,TX,Tmin,48327,Menard,1990-1999,51.134,8,1990,1999,1.294,mean
consistent_county,TX,Tmin,48327,Menard,2000-2009,51.12,10,2000,2009,1.892,mean
consistent_county,TX,Tmin,48327,Menard,2010-2019,50.824,10,2010,2019,1.78,mean
consistent_county,TX,Tmin,48327,Menard,2020-2025,51.301,6,2020,2025,1.0,mean
consistent_county,TX,Tmin,48329,Midland,1980-1989,49.385,10,1980,1989,1.958,mean
consistent_county,TX,Tmin,48329,Midland,1990-1999,50.714,10,1990,1999,1.942,mean
consistent_county,TX,Tmin,48329,Midland,2000-2009,51.85,10,2000,2009,2.673,mean
consistent_county,TX,Tmin,48329,Midland,2010-2019,52.871,10,2010,2019,4.061,mean
consistent_county,TX,Tmin,48329,Midland,2020-2025,53.604,6,2020,2025,3.98,mean
consistent_county,TX,Tmin,48337,Montague,1980-1989,53.218,10,1980,1989,1.0,mean
consistent_county,TX,Tmin,48337,Montague,1990-1999,52.002,8,1990,1999,1.0,mean
consistent_county,TX,Tmin,48337,Montague,2000-2009,51.658,9,2000,2009,1.837,mean
consistent_county,TX,Tmin,48337,Montague,2010-2019,52.329,10,2010,2019,2.507,mean
consistent_county,TX,Tmin,48337,Montague,2020-2025,52.876,6,2020,2025,2.13,mean
consistent_county,TX,Tmin,48339,Montgomery,1980-1989,55.976,8,1980,1989,1.0,mean
consistent_county,TX,Tmin,48339,Montgomery,1990-1999,57.971,10,1990,1999,1.384,mean
consistent_county,TX,Tmin,48339,Montgomery,2000-2009,58.066,10,2000,2009,3.796,mean
consistent_county,TX,Tmin,48339,Montgomery,2010-2019,58.469,10,2010,2019,3.962,mean
consistent_county,TX,Tmin,48339,Montgomery,2020-2025,59.33,6,2020,2025,3.986,mean
consistent_county,TX,Tmin,48343,Morris,1980-1989,56.272,10,1980,1989,1.0,mean
consistent_county,TX,Tmin,48343,Morris,1990-1999,55.059,8,1990,1999,1.288,mean
consistent_county,TX,Tmin,48343,Morris,2000-2009,54.503,10,2000,2009,2.124,mean
consistent_county,TX,Tmin,48343,Morris,2010-2019,55.22,10,2010,2019,1.99,mean
consistent_county,TX,Tmin,48343,Morris,2020-2025,55.041,6,2020,2025,1.091,mean
consistent_county,TX,Tmin,48347,Nacogdoches,1980-1989,54.486,10,1980,1989,1.0,mean
consistent_county,TX,Tmin,48347,Nacogdoches,1990-1999,54.962,9,1990,1999,1.2,mean
consistent_county,TX,Tmin,48347,Nacogdoches,2000-2009,55.044,9,2000,2009,1.524,mean
consistent_county,TX,Tmin,48347,Nacogdoches,2010-2019,54.762,10,2010,2019,1.224,mean
consistent_county,TX,Tmin,48347,Nacogdoches,2020-2025,55.423,6,2020,2025,1.826,mean
consistent_county,TX,Tmin,48349,Navarro,1980-1989,53.49,10,1980,1989,1.966,mean
consistent_county,TX,Tmin,48349,Navarro,1990-1999,53.663,10,1990,1999,2.145,mean
consistent_county,TX,Tmin,48349,Navarro,2000-2009,55.377,10,2000,2009,2.929,mean
consistent_county,TX,Tmin,48349,Navarro,2010-2019,56.126,10,2010,2019,2.864,mean
consistent_county,TX,Tmin,48349,Navarro,2020-2025,57.025,6,2020,2025,2.716,mean
consistent_county,TX,Tmin,48351,Newton,1980-1989,53.589,10,1980,1989,1.0,mean
consistent_county,TX,Tmin,48351,Newton,1990-1999,54.003,10,1990,1999,1.0,mean
consistent_county,TX,Tmin,48351,Newton,2000-2009,56.22,10,2000,2009,1.361,mean
consistent_county,TX,Tmin,48351,Newton,2010-2019,57.604,10,2010,2019,1.0,mean
consistent_county,TX,Tmin,48351,Newton,2020-2025,58.655,6,2020,2025,1.0,mean
consistent_county,TX,Tmin,48353,Nolan,1980-1989,50.486,10,1980,1989,1.0,mean
consistent_county,TX,Tmin,48353,Nolan,1990-1999,51.43,10,1990,1999,1.0,mean
consistent_county,TX,Tmin,48353,Nolan,2000-2009,51.017,10,2000,2009,1.149,mean
consistent_county,TX,Tmin,48353,Nolan,2010-2019,51.573,9,2010,2018,1.067,mean
consistent_county,TX,Tmin,48353,Nolan,2020-2025,52.472,5,2021,2025,1.0,mean
consistent_county,TX,Tmin,48355,Nueces,1980-1989,63.589,10,1980,1989,4.162,mean
consistent_county,TX,Tmin,48355,Nueces,1990-1999,64.565,10,1990,1999,4.74,mean
consistent_county,TX,Tmin,48355,Nueces,2000-2009,64.191,10,2000,2009,6.624,mean
consistent_county,TX,Tmin,48355,Nueces,2010-2019,65.001,10,2010,2019,6.475,mean
consistent_county,TX,Tmin,48355,Nueces,2020-2025,65.999,6,2020,2025,4.585,mean
consistent_county,TX,Tmin,48359,Oldham,1980-1989,41.071,10,1980,1989,2.222,mean
consistent_county,TX,Tmin,48359,Oldham,1990-1999,41.67,10,1990,1999,1.962,mean
consistent_county,TX,Tmin,48359,Oldham,2000-2009,41.874,10,2000,2009,2.744,mean
consistent_county,TX,Tmin,48359,Oldham,2010-2019,41.863,10,2010,2019,2.215,mean
consistent_county,TX,Tmin,48359,Oldham,2020-2025,42.515,6,2020,2025,1.992,mean
consistent_county,TX,Tmin,48361,Orange,1980-1989,56.292,9,1980,1989,1.0,mean
consistent_county,TX,Tmin,48361,Orange,1990-1999,57.531,10,1990,1999,1.0,mean
consistent_county,TX,Tmin,48361,Orange,2000-2009,57.286,9,2000,2009,1.0,mean
consistent_county,TX,Tmin,48361,Orange,2010-2019,57.67,10,2010,2019,1.0,mean
consistent_county,TX,Tmin,48361,Orange,2020-2025,58.74,6,2020,2025,1.0,mean
consistent_county,TX,Tmin,48367,Parker,1980-1989,50.504,10,1980,1989,1.397,mean
consistent_county,TX,Tmin,48367,Parker,1990-1999,53.141,10,1990,1999,1.981,mean
consistent_county,TX,Tmin,48367,Parker,2000-2009,52.675,10,2000,2009,2.663,mean
consistent_county,TX,Tmin,48367,Parker,2010-2019,53.096,10,2010,2019,2.134,mean
consistent_county,TX,Tmin,48367,Parker,2020-2025,53.674,6,2020,2025,1.874,mean
consistent_county,TX,Tmin,48369,Parmer,1980-1989,41.12,8,1980,1989,1.0,mean
consistent_county,TX,Tmin,48369,Parmer,1990-1999,42.122,10,1990,1999,1.0,mean
consistent_county,TX,Tmin,48369,Parmer,2000-2009,42.717,10,2000,2009,1.0,mean
consistent_county,TX,Tmin,48369,Parmer,2010-2019,42.606,10,2010,2019,1.0,mean
consistent_county,TX,Tmin,48369,Parmer,2020-2025,43.717,6,2020,2025,1.0,mean
consistent_county,TX,Tmin,48371,Pecos,1980-1989,52.17,10,1980,1989,2.911,mean
consistent_county,TX,Tmin,48371,Pecos,1990-1999,52.562,10,1990,1999,3.194,mean
consistent_county,TX,Tmin,48371,Pecos,2000-2009,53.439,10,2000,2009,3.345,mean
consistent_county,TX,Tmin,48371,Pecos,2010-2019,53.718,10,2010,2019,3.098,mean
consistent_county,TX,Tmin,48371,Pecos,2020-2025,55.675,6,2020,2025,1.904,mean
consistent_county,TX,Tmin,48375,Potter,1980-1989,43.241,10,1980,1989,1.0,mean
consistent_county,TX,Tmin,48375,Potter,1990-1999,43.545,10,1990,1999,1.0,mean
consistent_county,TX,Tmin,48375,Potter,2000-2009,43.567,10,2000,2009,1.521,mean
consistent_county,TX,Tmin,48375,Potter,2010-2019,43.4,10,2010,2019,2.146,mean
consistent_county,TX,Tmin,48375,Potter,2020-2025,44.418,6,2020,2025,2.963,mean
consistent_county,TX,Tmin,48377,Presidio,1980-1989,49.627,10,1980,1989,3.589,mean
consistent_county,TX,Tmin,48377,Presidio,1990-1999,50.093,10,1990,1999,3.198,mean
consistent_county,TX,Tmin,48377,Presidio,2000-2009,50.502,10,2000,2009,3.07,mean
consistent_county,TX,Tmin,48377,Presidio,2010-2019,52.131,8,2010,2019,1.885,mean
consistent_county,TX,Tmin,48377,Presidio,2020-2025,57.727,6,2020,2025,1.38,mean
consistent_county,TX,Tmin,48379,Rains,1980-1989,52.045,10,1980,1989,1.836,mean
consistent_county,TX,Tmin,48379,Rains,1990-1999,52.643,10,1990,1999,1.917,mean
consistent_county,TX,Tmin,48379,Rains,2000-2009,53.532,10,2000,2009,1.754,mean
consistent_county,TX,Tmin,48379,Rains,2010-2019,54.104,10,2010,2019,1.282,mean
consistent_county,TX,Tmin,48379,Rains,2020-2025,54.711,6,2020,2025,1.0,mean
consistent_county,TX,Tmin,48383,Reagan,1980-1989,48.562,10,1980,1989,1.914,mean
consistent_county,TX,Tmin,48383,Reagan,1990-1999,49.492,10,1990,1999,1.948,mean
consistent_county,TX,Tmin,48383,Reagan,2000-2009,49.706,10,2000,2009,1.436,mean
consistent_county,TX,Tmin,48383,Reagan,2010-2019,50.329,10,2010,2019,1.944,mean
consistent_county,TX,Tmin,48383,Reagan,2020-2025,50.271,6,2020,2025,1.214,mean
consistent_county,TX,Tmin,48385,Real,1980-1989,52.289,10,1980,1989,1.331,mean
consistent_county,TX,Tmin,48385,Real,1990-1999,52.162,10,1990,1999,1.853,mean
consistent_county,TX,Tmin,48385,Real,2000-2009,52.296,8,2000,2007,1.765,mean
consistent_county,TX,Tmin,48385,Real,2010-2019,51.344,10,2010,2019,1.358,mean
consistent_county,TX,Tmin,48385,Real,2020-2025,51.695,6,2020,2025,1.0,mean
consistent_county,TX,Tmin,48387,Red River,1980-1989,50.009,10,1980,1989,1.0,mean
consistent_county,TX,Tmin,48387,Red River,1990-1999,51.866,9,1990,1999,1.0,mean
consistent_county,TX,Tmin,48387,Red River,2000-2009,52.933,10,2000,2009,1.775,mean
consistent_county,TX,Tmin,48387,Red River,2010-2019,54.755,10,2010,2019,1.055,mean
consistent_county,TX,Tmin,48387,Red River,2020-2025,55.354,6,2020,2025,1.0,mean
consistent_county,TX,Tmin,48399,Runnels,1980-1989,51.423,10,1980,1989,1.839,mean
consistent_county,TX,Tmin,48399,Runnels,1990-1999,52.962,10,1990,1999,1.93,mean
consistent_county,TX,Tmin,48399,Runnels,2000-2009,51.906,10,2000,2009,1.985,mean
consistent_county,TX,Tmin,48399,Runnels,2010-2019,51.38,10,2010,2019,1.797,mean
consistent_county,TX,Tmin,48399,Runnels,2020-2025,52.387,6,2020,2025,1.624,mean
consistent_county,TX,Tmin,48401,Rusk,1980-1989,53.832,10,1980,1989,1.958,mean
consistent_county,TX,Tmin,48401,Rusk,1990-1999,54.767,10,1990,1999,1.92,mean
consistent_county,TX,Tmin,48401,Rusk,2000-2009,55.4,10,2000,2009,2.857,mean
consistent_county,TX,Tmin,48401,Rusk,2010-2019,55.362,10,2010,2019,2.922,mean
consistent_county,TX,Tmin,48401,Rusk,2020-2025,55.766,6,2020,2025,2.728,mean
consistent_county,TX,Tmin,48411,San Saba,1980-1989,52.577,10,1980,1989,1.0,mean
consistent_county,TX,Tmin,48411,San Saba,1990-1999,54.752,10,1990,1999,1.0,mean
consistent_county,TX,Tmin,48411,San Saba,2000-2009,53.976,10,2000,2009,1.857,mean
consistent_county,TX,Tmin,48411,San Saba,2010-2019,54.855,10,2010,2019,1.961,mean
consistent_county,TX,Tmin,48411,San Saba,2020-2025,55.981,6,2020,2025,1.964,mean
consistent_county,TX,Tmin,48423,Smith,1980-1989,53.358,10,1980,1989,1.0,mean
consistent_county,TX,Tmin,48423,Smith,1990-1999,56.147,10,1990,1999,1.161,mean
consistent_county,TX,Tmin,48423,Smith,2000-2009,55.955,10,2000,2009,2.467,mean
consistent_county,TX,Tmin,48423,Smith,2010-2019,56.923,10,2010,2019,1.998,mean
consistent_county,TX,Tmin,48423,Smith,2020-2025,57.242,6,2020,2025,1.999,mean
consistent_county,TX,Tmin,48427,Starr,1980-1989,61.207,10,1980,1989,1.921,mean
consistent_county,TX,Tmin,48427,Starr,1990-1999,62.922,10,1990,1999,1.935,mean
consistent_county,TX,Tmin,48427,Starr,2000-2009,63.046,10,2000,2009,2.936,mean
consistent_county,TX,Tmin,48427,Starr,2010-2019,63.307,9,2010,2019,2.597,mean
consistent_county,TX,Tmin,48427,Starr,2020-2025,64.173,6,2020,2025,1.955,mean
consistent_county,TX,Tmin,48433,Stonewall,1980-1989,50.201,9,1980,1988,1.0,mean
consistent_county,TX,Tmin,48433,Stonewall,1990-1999,49.134,10,1990,1999,1.0,mean
consistent_county,TX,Tmin,48433,Stonewall,2000-2009,49.639,10,2000,2009,1.0,mean
consistent_county,TX,Tmin,48433,Stonewall,2010-2019,50.396,10,2010,2019,1.0,mean
consistent_county,TX,Tmin,48433,Stonewall,2020-2025,50.916,6,2020,2025,1.0,mean
consistent_county,TX,Tmin,48437,Swisher,1980-1989,43.355,10,1980,1989,1.0,mean
consistent_county,TX,Tmin,48437,Swisher,1990-1999,42.527,10,1990,1999,1.0,mean
consistent_county,TX,Tmin,48437,Swisher,2000-2009,43.092,10,2000,2009,1.651,mean
consistent_county,TX,Tmin,48437,Swisher,2010-2019,43.057,10,2010,2019,1.998,mean
consistent_county,TX,Tmin,48437,Swisher,2020-2025,44.138,6,2020,2025,1.999,mean
consistent_county,TX,Tmin,48439,Tarrant,1980-1989,53.202,10,1980,1989,2.948,mean
consistent_county,TX,Tmin,48439,Tarrant,1990-1999,54.195,10,1990,1999,5.211,mean
consistent_county,TX,Tmin,48439,Tarrant,2000-2009,55.525,10,2000,2009,7.398,mean
consistent_county,TX,Tmin,48439,Tarrant,2010-2019,56.201,10,2010,2019,8.769,mean
consistent_county,TX,Tmin,48439,Tarrant,2020-2025,56.953,6,2020,2025,7.705,mean
consistent_county,TX,Tmin,48441,Taylor,1980-1989,53.001,10,1980,1989,1.0,mean
consistent_county,TX,Tmin,48441,Taylor,1990-1999,52.959,10,1990,1999,1.0,mean
consistent_county,TX,Tmin,48441,Taylor,2000-2009,52.42,10,2000,2009,2.503,mean
consistent_county,TX,Tmin,48441,Taylor,2010-2019,52.3,10,2010,2019,2.587,mean
consistent_county,TX,Tmin,48441,Taylor,2020-2025,53.809,6,2020,2025,2.443,mean
consistent_county,TX,Tmin,48443,Terrell,1980-1989,51.14,10,1980,1989,1.833,mean
consistent_county,TX,Tmin,48443,Terrell,1990-1999,52.281,10,1990,1999,1.454,mean
consistent_county,TX,Tmin,48443,Terrell,2000-2009,54.462,10,2000,2009,1.808,mean
consistent_county,TX,Tmin,48443,Terrell,2010-2019,56.269,10,2010,2019,1.335,mean
consistent_county,TX,Tmin,48443,Terrell,2020-2025,56.505,6,2020,2025,1.0,mean
consistent_county,TX,Tmin,48445,Terry,1980-1989,45.887,10,1980,1989,1.0,mean
consistent_county,TX,Tmin,48445,Terry,1990-1999,46.3,10,1990,1999,1.0,mean
consistent_county,TX,Tmin,48445,Terry,2000-2009,46.593,10,2000,2009,1.0,mean
consistent_county,TX,Tmin,48445,Terry,2010-2019,46.839,10,2010,2019,1.0,mean
consistent_county,TX,Tmin,48445,Terry,2020-2025,47.688,6,2020,2025,1.0,mean
consistent_county,TX,Tmin,48449,Titus,1980-1989,50.391,9,1980,1989,1.0,mean
consistent_county,TX,Tmin,48449,Titus,1990-1999,50.249,8,1992,1999,1.0,mean
consistent_county,TX,Tmin,48449,Titus,2000-2009,51.776,9,2000,2009,1.0,mean
consistent_county,TX,Tmin,48449,Titus,2010-2019,52.431,8,2010,2019,1.0,mean
consistent_county,TX,Tmin,48449,Titus,2020-2025,53.419,6,2020,2025,1.0,mean
consistent_county,TX,Tmin,48451,Tom Green,1980-1989,50.454,10,1980,1989,2.982,mean
consistent_county,TX,Tmin,48451,Tom Green,1990-1999,51.186,10,1990,1999,2.915,mean
consistent_county,TX,Tmin,48451,Tom Green,2000-2009,51.351,10,2000,2009,2.831,mean
consistent_county,TX,Tmin,48451,Tom Green,2010-2019,52.148,10,2010,2019,2.949,mean
consistent_county,TX,Tmin,48451,Tom Green,2020-2025,52.921,6,2020,2025,2.946,mean
consistent_county,TX,Tmin,48453,Travis,1980-1989,58.421,10,1980,1989,1.0,mean
consistent_county,TX,Tmin,48453,Travis,1990-1999,58.718,10,1990,1999,1.57,mean
consistent_county,TX,Tmin,48453,Travis,2000-2009,56.936,10,2000,2009,3.72,mean
consistent_county,TX,Tmin,48453,Travis,2010-2019,57.223,10,2010,2019,5.337,mean
consistent_county,TX,Tmin,48453,Travis,2020-2025,58.598,6,2020,2025,5.873,mean
consistent_county,TX,Tmin,48457,Tyler,1980-1989,55.165,10,1980,1989,1.0,mean
consistent_county,TX,Tmin,48457,Tyler,1990-1999,56.16,10,1990,1999,1.08,mean
consistent_county,TX,Tmin,48457,Tyler,2000-2009,56.229,10,2000,2009,3.499,mean
consistent_county,TX,Tmin,48457,Tyler,2010-2019,56.876,10,2010,2019,3.599,mean
consistent_county,TX,Tmin,48457,Tyler,2020-2025,57.972,6,2020,2025,2.984,mean
consistent_county,TX,Tmin,48459,Upshur,1980-1989,50.888,10,1980,1989,1.0,mean
consistent_county,TX,Tmin,48459,Upshur,1990-1999,52.355,10,1990,1999,1.0,mean
consistent_county,TX,Tmin,48459,Upshur,2000-2009,53.53,9,2000,2009,1.825,mean
consistent_county,TX,Tmin,48459,Upshur,2010-2019,54.681,10,2010,2019,1.954,mean
consistent_county,TX,Tmin,48459,Upshur,2020-2025,55.963,6,2020,2025,1.956,mean
consistent_county,TX,Tmin,48465,Val Verde,1980-1989,56.123,10,1980,1989,5.243,mean
consistent_county,TX,Tmin,48465,Val Verde,1990-1999,56.241,10,1990,1999,7.135,mean
consistent_county,TX,Tmin,48465,Val Verde,2000-2009,57.249,10,2000,2009,6.261,mean
consistent_county,TX,Tmin,48465,Val Verde,2010-2019,58.291,10,2010,2019,4.392,mean
consistent_county,TX,Tmin,48465,Val Verde,2020-2025,60.695,6,2020,2025,3.315,mean
consistent_county,TX,Tmin,48467,Van Zandt,1980-1989,54.032,10,1980,1989,1.0,mean
consistent_county,TX,Tmin,48467,Van Zandt,1990-1999,53.72,10,1990,1999,1.0,mean
consistent_county,TX,Tmin,48467,Van Zandt,2000-2009,53.779,10,2000,2009,1.0,mean
consistent_county,TX,Tmin,48467,Van Zandt,2010-2019,54.975,10,2010,2019,1.0,mean
consistent_county,TX,Tmin,48467,Van Zandt,2020-2025,55.251,5,2020,2024,1.0,mean
consistent_county,TX,Tmin,48469,Victoria,1980-1989,60.371,10,1980,1989,1.0,mean
consistent_county,TX,Tmin,48469,Victoria,1990-1999,60.854,10,1990,1999,1.157,mean
consistent_county,TX,Tmin,48469,Victoria,2000-2009,60.697,10,2000,2009,3.797,mean
consistent_county,TX,Tmin,48469,Victoria,2010-2019,60.913,10,2010,2019,3.82,mean
consistent_county,TX,Tmin,48469,Victoria,2020-2025,62.123,6,2020,2025,2.852,mean
consistent_county,TX,Tmin,48471,Walker,1980-1989,57.069,10,1980,1989,1.0,mean
consistent_county,TX,Tmin,48471,Walker,1990-1999,58.282,10,1990,1999,1.288,mean
consistent_county,TX,Tmin,48471,Walker,2000-2009,58.161,10,2000,2009,1.988,mean
consistent_county,TX,Tmin,48471,Walker,2010-2019,58.239,10,2010,2019,1.995,mean
consistent_county,TX,Tmin,48471,Walker,2020-2025,59.515,6,2020,2025,2.0,mean
consistent_county,TX,Tmin,48475,Ward,1980-1989,48.174,10,1980,1989,1.876,mean
consistent_county,TX,Tmin,48475,Ward,1990-1999,48.95,10,1990,1999,1.903,mean
consistent_county,TX,Tmin,48475,Ward,2000-2009,50.598,8,2002,2009,2.305,mean
consistent_county,TX,Tmin,48475,Ward,2010-2019,51.717,10,2010,2019,1.351,mean
consistent_county,TX,Tmin,48475,Ward,2020-2025,53.326,6,2020,2025,1.0,mean
consistent_county,TX,Tmin,48477,Washington,1980-1989,56.538,10,1980,1989,1.99,mean
consistent_county,TX,Tmin,48477,Washington,1990-1999,58.087,10,1990,1999,1.951,mean
consistent_county,TX,Tmin,48477,Washington,2000-2009,56.35,10,2000,2009,1.95,mean
consistent_county,TX,Tmin,48477,Washington,2010-2019,57.891,10,2010,2019,2.789,mean
consistent_county,TX,Tmin,48477,Washington,2020-2025,59.924,6,2020,2025,2.083,mean
consistent_county,TX,Tmin,48479,Webb,1980-1989,60.223,10,1980,1989,1.87,mean
consistent_county,TX,Tmin,48479,Webb,1990-1999,61.265,10,1990,1999,1.853,mean
consistent_county,TX,Tmin,48479,Webb,2000-2009,62.268,10,2000,2009,1.75,mean
consistent_county,TX,Tmin,48479,Webb,2010-2019,62.861,10,2010,2019,3.006,mean
consistent_county,TX,Tmin,48479,Webb,2020-2025,64.533,6,2020,2025,2.188,mean
consistent_county,TX,Tmin,48481,Wharton,1980-1989,58.678,10,1980,1989,2.794,mean
consistent_county,TX,Tmin,48481,Wharton,1990-1999,59.287,10,1990,1999,2.583,mean
consistent_county,TX,Tmin,48481,Wharton,2000-2009,59.196,10,2000,2009,2.297,mean
consistent_county,TX,Tmin,48481,Wharton,2010-2019,59.498,10,2010,2019,3.11,mean
consistent_county,TX,Tmin,48481,Wharton,2020-2025,60.64,6,2020,2025,2.92,mean
consistent_county,TX,Tmin,48485,Wichita,1980-1989,50.812,10,1980,1989,1.0,mean
consistent_county,TX,Tmin,48485,Wichita,1990-1999,51.743,10,1990,1999,1.0,mean
consistent_county,TX,Tmin,48485,Wichita,2000-2009,52.44,10,2000,2009,1.0,mean
consistent_county,TX,Tmin,48485,Wichita,2010-2019,52.116,10,2010,2019,1.0,mean
consistent_county,TX,Tmin,48485,Wichita,2020-2025,52.505,6,2020,2025,1.0,mean
consistent_county,TX,Tmin,48491,Williamson,1980-1989,54.422,10,1980,1989,3.152,mean
consistent_county,TX,Tmin,48491,Williamson,1990-1999,55.704,10,1990,1999,2.944,mean
consistent_county,TX,Tmin,48491,Williamson,2000-2009,55.997,10,2000,2009,2.757,mean
consistent_county,TX,Tmin,48491,Williamson,2010-2019,56.306,10,2010,2019,3.098,mean
consistent_county,TX,Tmin,48491,Williamson,2020-2025,57.323,6,2020,2025,4.057,mean
consistent_county,TX,Tmin,48497,Wise,1980-1989,50.11,8,1980,1989,1.0,mean
consistent_county,TX,Tmin,48497,Wise,1990-1999,52.134,9,1990,1999,1.0,mean
consistent_county,TX,Tmin,48497,Wise,2000-2009,51.807,8,2000,2009,2.114,mean
consistent_county,TX,Tmin,48497,Wise,2010-2019,52.676,10,2010,2019,4.431,mean
consistent_county,TX,Tmin,48497,Wise,2020-2025,54.976,6,2020,2025,2.529,mean
consistent_county,TX,Tmin,48503,Young,1980-1989,50.327,10,1980,1989,1.901,mean
consistent_county,TX,Tmin,48503,Young,1990-1999,51.152,10,1990,1999,1.888,mean
consistent_county,TX,Tmin,48503,Young,2000-2009,51.499,8,2000,2009,1.884,mean
consistent_county,TX,Tmin,48503,Young,2010-2019,52.204,10,2010,2019,1.48,mean
consistent_county,TX,Tmin,48503,Young,2020-2025,53.681,5,2020,2025,1.0,mean
strict_balanced,AL,Tavg,01003,Baldwin,1980-1989,66.775,6,1982,1987,2.94,mean
strict_balanced,AL,Tavg,01003,Baldwin,1990-1999,66.004,6,1992,1997,2.958,mean
strict_balanced,AL,Tavg,01003,Baldwin,2000-2009,67.904,6,2002,2007,4.002,mean
strict_balanced,AL,Tavg,01003,Baldwin,2010-2019,67.982,6,2012,2017,4.897,mean
strict_balanced,AL,Tavg,01003,Baldwin,2020-2025,68.817,6,2020,2025,3.947,mean
strict_balanced,AL,Tavg,01005,Barbour,1980-1989,64.768,6,1982,1987,1.947,mean
strict_balanced,AL,Tavg,01005,Barbour,1990-1999,63.592,6,1992,1997,1.96,mean
strict_balanced,AL,Tavg,01005,Barbour,2000-2009,64.461,6,2002,2007,1.728,mean
strict_balanced,AL,Tavg,01005,Barbour,2010-2019,66.797,6,2012,2017,2.708,mean
strict_balanced,AL,Tavg,01005,Barbour,2020-2025,66.804,6,2020,2025,1.813,mean
strict_balanced,AL,Tavg,01007,Bibb,1980-1989,63.008,6,1982,1987,1.0,mean
strict_balanced,AL,Tavg,01007,Bibb,1990-1999,62.257,6,1991,1997,1.0,mean
strict_balanced,AL,Tavg,01007,Bibb,2000-2009,63.57,6,2002,2007,1.943,mean
strict_balanced,AL,Tavg,01007,Bibb,2010-2019,64.305,6,2012,2017,1.272,mean
strict_balanced,AL,Tavg,01007,Bibb,2020-2025,65.858,6,2020,2025,1.0,mean
strict_balanced,AL,Tavg,01011,Bullock,1980-1989,63.98,6,1981,1987,1.0,mean
strict_balanced,AL,Tavg,01011,Bullock,1990-1999,62.706,6,1992,1997,1.0,mean
strict_balanced,AL,Tavg,01011,Bullock,2000-2009,63.143,6,2002,2007,1.0,mean
strict_balanced,AL,Tavg,01011,Bullock,2010-2019,63.817,6,2011,2016,1.0,mean
strict_balanced,AL,Tavg,01011,Bullock,2020-2025,65.067,6,2020,2025,1.0,mean
strict_balanced,AL,Tavg,01015,Calhoun,1980-1989,62.478,6,1982,1987,1.0,mean
strict_balanced,AL,Tavg,01015,Calhoun,1990-1999,62.37,6,1992,1997,1.0,mean
strict_balanced,AL,Tavg,01015,Calhoun,2000-2009,63.277,6,2002,2007,1.0,mean
strict_balanced,AL,Tavg,01015,Calhoun,2010-2019,63.672,6,2012,2017,1.0,mean
strict_balanced,AL,Tavg,01015,Calhoun,2020-2025,63.906,6,2020,2025,1.0,mean
strict_balanced,AL,Tavg,01017,Chambers,1980-1989,62.632,6,1981,1986,1.0,mean
strict_balanced,AL,Tavg,01017,Chambers,1990-1999,62.655,6,1990,1999,1.0,mean
strict_balanced,AL,Tavg,01017,Chambers,2000-2009,62.336,6,2001,2007,1.0,mean
strict_balanced,AL,Tavg,01017,Chambers,2010-2019,62.457,6,2012,2017,1.0,mean
strict_balanced,AL,Tavg,01017,Chambers,2020-2025,62.416,6,2020,2025,1.0,mean
strict_balanced,AL,Tavg,01021,Chilton,1980-1989,62.524,6,1982,1987,1.734,mean
strict_balanced,AL,Tavg,01021,Chilton,1990-1999,61.781,6,1992,1997,1.981,mean
strict_balanced,AL,Tavg,01021,Chilton,2000-2009,62.997,6,2002,2007,2.667,mean
strict_balanced,AL,Tavg,01021,Chilton,2010-2019,63.502,6,2012,2017,2.207,mean
strict_balanced,AL,Tavg,01021,Chilton,2020-2025,64.322,6,2020,2025,2.777,mean
strict_balanced,AL,Tavg,01025,Clarke,1980-1989,64.896,6,1982,1987,2.658,mean
strict_balanced,AL,Tavg,01025,Clarke,1990-1999,64.506,6,1992,1997,2.937,mean
strict_balanced,AL,Tavg,01025,Clarke,2000-2009,65.286,6,2002,2007,2.783,mean
strict_balanced,AL,Tavg,01025,Clarke,2010-2019,65.205,6,2012,2017,2.289,mean
strict_balanced,AL,Tavg,01025,Clarke,2020-2025,65.78,6,2020,2025,1.931,mean
strict_balanced,AL,Tavg,01033,Colbert,1980-1989,61.064,6,1982,1987,1.0,mean
strict_balanced,AL,Tavg,01033,Colbert,1990-1999,62.286,6,1990,1998,1.0,mean
strict_balanced,AL,Tavg,01033,Colbert,2000-2009,61.251,6,2002,2007,1.882,mean
strict_balanced,AL,Tavg,01033,Colbert,2010-2019,61.889,6,2012,2017,2.968,mean
strict_balanced,AL,Tavg,01033,Colbert,2020-2025,62.706,6,2020,2025,2.965,mean
strict_balanced,AL,Tavg,01035,Conecuh,1980-1989,64.245,6,1980,1989,1.0,mean
strict_balanced,AL,Tavg,01035,Conecuh,1990-1999,63.766,6,1992,1997,1.096,mean
strict_balanced,AL,Tavg,01035,Conecuh,2000-2009,65.518,6,2002,2007,1.99,mean
strict_balanced,AL,Tavg,01035,Conecuh,2010-2019,66.318,6,2012,2017,1.992,mean
strict_balanced,AL,Tavg,01035,Conecuh,2020-2025,67.811,6,2020,2025,1.0,mean
strict_balanced,AL,Tavg,01041,Crenshaw,1980-1989,63.623,6,1981,1987,1.159,mean
strict_balanced,AL,Tavg,01041,Crenshaw,1990-1999,64.196,6,1991,1998,1.0,mean
strict_balanced,AL,Tavg,01041,Crenshaw,2000-2009,63.068,6,2001,2007,1.0,mean
strict_balanced,AL,Tavg,01041,Crenshaw,2010-2019,65.444,6,2012,2017,1.862,mean
strict_balanced,AL,Tavg,01041,Crenshaw,2020-2025,66.393,6,2020,2025,1.834,mean
strict_balanced,AL,Tavg,01043,Cullman,1980-1989,59.47,6,1982,1987,1.0,mean
strict_balanced,AL,Tavg,01043,Cullman,1990-1999,59.099,6,1992,1997,1.496,mean
strict_balanced,AL,Tavg,01043,Cullman,2000-2009,61.493,6,2002,2007,2.931,mean
strict_balanced,AL,Tavg,01043,Cullman,2010-2019,60.588,6,2012,2017,4.56,mean
strict_balanced,AL,Tavg,01043,Cullman,2020-2025,61.602,6,2020,2025,5.201,mean
strict_balanced,AL,Tavg,01045,Dale,1980-1989,66.676,6,1982,1987,1.665,mean
strict_balanced,AL,Tavg,01045,Dale,1990-1999,66.679,6,1992,1997,1.0,mean
strict_balanced,AL,Tavg,01045,Dale,2000-2009,66.952,6,2002,2007,1.209,mean
strict_balanced,AL,Tavg,01045,Dale,2010-2019,67.625,6,2012,2017,2.021,mean
strict_balanced,AL,Tavg,01045,Dale,2020-2025,68.782,6,2020,2025,1.469,mean
strict_balanced,AL,Tavg,01047,Dallas,1980-1989,64.172,6,1982,1987,1.91,mean
strict_balanced,AL,Tavg,01047,Dallas,1990-1999,63.352,6,1992,1997,1.964,mean
strict_balanced,AL,Tavg,01047,Dallas,2000-2009,64.509,6,2002,2007,2.549,mean
strict_balanced,AL,Tavg,01047,Dallas,2010-2019,64.879,6,2012,2017,3.915,mean
strict_balanced,AL,Tavg,01047,Dallas,2020-2025,65.522,6,2020,2025,3.917,mean
strict_balanced,AL,Tavg,01049,DeKalb,1980-1989,57.82,6,1982,1987,1.984,mean
strict_balanced,AL,Tavg,01049,DeKalb,1990-1999,57.821,6,1992,1997,2.137,mean
strict_balanced,AL,Tavg,01049,DeKalb,2000-2009,59.716,6,2002,2007,4.526,mean
strict_balanced,AL,Tavg,01049,DeKalb,2010-2019,60.268,6,2012,2017,5.211,mean
strict_balanced,AL,Tavg,01049,DeKalb,2020-2025,60.398,6,2020,2025,5.738,mean
strict_balanced,AL,Tavg,01053,Escambia,1980-1989,65.36,6,1982,1987,2.793,mean
strict_balanced,AL,Tavg,01053,Escambia,1990-1999,64.455,6,1992,1997,2.955,mean
strict_balanced,AL,Tavg,01053,Escambia,2000-2009,66.139,6,2002,2007,2.904,mean
strict_balanced,AL,Tavg,01053,Escambia,2010-2019,66.232,6,2012,2017,3.458,mean
strict_balanced,AL,Tavg,01053,Escambia,2020-2025,66.998,6,2020,2025,2.991,mean
strict_balanced,AL,Tavg,01061,Geneva,1980-1989,65.986,6,1982,1987,1.0,mean
strict_balanced,AL,Tavg,01061,Geneva,1990-1999,64.334,6,1992,1997,1.0,mean
strict_balanced,AL,Tavg,01061,Geneva,2000-2009,65.912,6,2002,2007,1.0,mean
strict_balanced,AL,Tavg,01061,Geneva,2010-2019,65.813,6,2012,2017,1.0,mean
strict_balanced,AL,Tavg,01061,Geneva,2020-2025,66.011,6,2020,2025,1.0,mean
strict_balanced,AL,Tavg,01063,Greene,1980-1989,63.115,6,1981,1987,1.0,mean
strict_balanced,AL,Tavg,01063,Greene,1990-1999,62.768,6,1992,1997,1.0,mean
strict_balanced,AL,Tavg,01063,Greene,2000-2009,63.96,6,2001,2008,1.274,mean
strict_balanced,AL,Tavg,01063,Greene,2010-2019,64.153,6,2012,2017,1.97,mean
strict_balanced,AL,Tavg,01063,Greene,2020-2025,64.768,6,2020,2025,1.871,mean
strict_balanced,AL,Tavg,01071,Jackson,1980-1989,59.177,6,1981,1987,1.538,mean
strict_balanced,AL,Tavg,01071,Jackson,1990-1999,58.702,6,1992,1997,1.978,mean
strict_balanced,AL,Tavg,01071,Jackson,2000-2009,60.459,6,2002,2007,2.148,mean
strict_balanced,AL,Tavg,01071,Jackson,2010-2019,60.729,6,2012,2017,2.788,mean
strict_balanced,AL,Tavg,01071,Jackson,2020-2025,61.12,6,2020,2025,2.341,mean
strict_balanced,AL,Tavg,01073,Jefferson,1980-1989,62.023,6,1982,1987,3.969,mean
strict_balanced,AL,Tavg,01073,Jefferson,1990-1999,61.442,6,1992,1997,2.996,mean
strict_balanced,AL,Tavg,01073,Jefferson,2000-2009,63.435,6,2002,2007,2.963,mean
strict_balanced,AL,Tavg,01073,Jefferson,2010-2019,63.867,6,2012,2017,2.483,mean
strict_balanced,AL,Tavg,01073,Jefferson,2020-2025,64.954,6,2020,2025,1.992,mean
strict_balanced,AL,Tavg,01079,Lawrence,1980-1989,61.203,6,1982,1987,1.0,mean
strict_balanced,AL,Tavg,01079,Lawrence,1990-1999,60.985,6,1992,1997,1.0,mean
strict_balanced,AL,Tavg,01079,Lawrence,2000-2009,61.563,6,2001,2007,1.125,mean
strict_balanced,AL,Tavg,01079,Lawrence,2010-2019,60.84,6,2012,2017,1.999,mean
strict_balanced,AL,Tavg,01079,Lawrence,2020-2025,61.566,6,2020,2025,1.98,mean
strict_balanced,AL,Tavg,01081,Lee,1980-1989,62.885,6,1982,1987,1.968,mean
strict_balanced,AL,Tavg,01081,Lee,1990-1999,63.162,6,1991,1997,1.675,mean
strict_balanced,AL,Tavg,01081,Lee,2000-2009,63.03,6,2002,2007,1.783,mean
strict_balanced,AL,Tavg,01081,Lee,2010-2019,63.798,6,2012,2017,2.887,mean
strict_balanced,AL,Tavg,01081,Lee,2020-2025,64.063,6,2020,2025,2.747,mean
strict_balanced,AL,Tavg,01083,Limestone,1980-1989,60.115,6,1982,1987,1.865,mean
strict_balanced,AL,Tavg,01083,Limestone,1990-1999,58.896,6,1992,1997,2.187,mean
strict_balanced,AL,Tavg,01083,Limestone,2000-2009,61.237,6,2002,2007,2.971,mean
strict_balanced,AL,Tavg,01083,Limestone,2010-2019,61.5,6,2012,2017,2.989,mean
strict_balanced,AL,Tavg,01083,Limestone,2020-2025,62.008,6,2020,2025,2.966,mean
strict_balanced,AL,Tavg,01089,Madison,1980-1989,60.655,6,1982,1987,1.0,mean
strict_balanced,AL,Tavg,01089,Madison,1990-1999,60.278,6,1992,1997,1.0,mean
strict_balanced,AL,Tavg,01089,Madison,2000-2009,61.59,6,2002,2007,1.553,mean
strict_balanced,AL,Tavg,01089,Madison,2010-2019,61.692,6,2012,2017,2.721,mean
strict_balanced,AL,Tavg,01089,Madison,2020-2025,61.534,6,2020,2025,2.628,mean
strict_balanced,AL,Tavg,01093,Marion,1980-1989,59.734,6,1982,1987,1.995,mean
strict_balanced,AL,Tavg,01093,Marion,1990-1999,59.339,6,1992,1997,1.916,mean
strict_balanced,AL,Tavg,01093,Marion,2000-2009,61.422,6,2002,2007,2.092,mean
strict_balanced,AL,Tavg,01093,Marion,2010-2019,61.268,6,2012,2017,1.964,mean
strict_balanced,AL,Tavg,01093,Marion,2020-2025,62.564,6,2020,2025,1.705,mean
strict_balanced,AL,Tavg,01097,Mobile,1980-1989,67.386,6,1982,1987,2.45,mean
strict_balanced,AL,Tavg,01097,Mobile,1990-1999,66.92,6,1992,1997,3.152,mean
strict_balanced,AL,Tavg,01097,Mobile,2000-2009,67.921,6,2002,2007,3.968,mean
strict_balanced,AL,Tavg,01097,Mobile,2010-2019,68.697,6,2012,2017,3.381,mean
strict_balanced,AL,Tavg,01097,Mobile,2020-2025,70.068,6,2020,2025,2.874,mean
strict_balanced,AL,Tavg,01101,Montgomery,1980-1989,65.39,6,1982,1987,1.0,mean
strict_balanced,AL,Tavg,01101,Montgomery,1990-1999,64.771,6,1992,1997,1.0,mean
strict_balanced,AL,Tavg,01101,Montgomery,2000-2009,65.606,6,2002,2007,1.932,mean
strict_balanced,AL,Tavg,01101,Montgomery,2010-2019,67.253,6,2012,2017,1.987,mean
strict_balanced,AL,Tavg,01101,Montgomery,2020-2025,66.631,6,2020,2025,3.138,mean
strict_balanced,AL,Tavg,01109,Pike,1980-1989,64.699,6,1981,1987,1.0,mean
strict_balanced,AL,Tavg,01109,Pike,1990-1999,63.89,6,1992,1997,1.0,mean
strict_balanced,AL,Tavg,01109,Pike,2000-2009,65.237,6,2002,2007,1.942,mean
strict_balanced,AL,Tavg,01109,Pike,2010-2019,65.591,6,2012,2017,2.879,mean
strict_balanced,AL,Tavg,01109,Pike,2020-2025,66.771,6,2020,2025,2.894,mean
strict_balanced,AL,Tavg,01121,Talladega,1980-1989,62.467,6,1982,1987,2.861,mean
strict_balanced,AL,Tavg,01121,Talladega,1990-1999,61.552,6,1992,1997,2.93,mean
strict_balanced,AL,Tavg,01121,Talladega,2000-2009,62.954,6,2002,2007,3.904,mean
strict_balanced,AL,Tavg,01121,Talladega,2010-2019,63.199,6,2012,2017,4.94,mean
strict_balanced,AL,Tavg,01121,Talladega,2020-2025,63.578,6,2020,2025,4.899,mean
strict_balanced,AL,Tavg,01125,Tuscaloosa,1980-1989,62.916,6,1982,1987,2.876,mean
strict_balanced,AL,Tavg,01125,Tuscaloosa,1990-1999,62.568,6,1992,1997,1.899,mean
strict_balanced,AL,Tavg,01125,Tuscaloosa,2000-2009,64.612,6,2002,2007,2.896,mean
strict_balanced,AL,Tavg,01125,Tuscaloosa,2010-2019,65.082,6,2012,2017,3.926,mean
strict_balanced,AL,Tavg,01125,Tuscaloosa,2020-2025,65.179,6,2020,2025,3.89,mean
strict_balanced,AL,Tmax,01003,Baldwin,1980-1989,77.276,6,1982,1987,2.94,mean
strict_balanced,AL,Tmax,01003,Baldwin,1990-1999,76.339,6,1992,1997,2.958,mean
strict_balanced,AL,Tmax,01003,Baldwin,2000-2009,78.124,6,2002,2007,4.002,mean
strict_balanced,AL,Tmax,01003,Baldwin,2010-2019,78.098,6,2012,2017,4.897,mean
strict_balanced,AL,Tmax,01003,Baldwin,2020-2025,78.481,6,2020,2025,3.947,mean
strict_balanced,AL,Tmax,01005,Barbour,1980-1989,76.768,6,1982,1987,1.943,mean
strict_balanced,AL,Tmax,01005,Barbour,1990-1999,75.322,6,1992,1997,1.957,mean
strict_balanced,AL,Tmax,01005,Barbour,2000-2009,76.968,6,2002,2007,1.725,mean
strict_balanced,AL,Tmax,01005,Barbour,2010-2019,79.395,6,2012,2017,2.708,mean
strict_balanced,AL,Tmax,01005,Barbour,2020-2025,78.159,6,2020,2025,1.813,mean
strict_balanced,AL,Tmax,01007,Bibb,1980-1989,73.818,6,1982,1987,1.0,mean
strict_balanced,AL,Tmax,01007,Bibb,1990-1999,73.646,6,1991,1997,1.0,mean
strict_balanced,AL,Tmax,01007,Bibb,2000-2009,76.169,6,2002,2007,1.943,mean
strict_balanced,AL,Tmax,01007,Bibb,2010-2019,76.402,6,2012,2017,1.272,mean
strict_balanced,AL,Tmax,01007,Bibb,2020-2025,77.798,6,2020,2025,1.0,mean
strict_balanced,AL,Tmax,01011,Bullock,1980-1989,76.117,6,1981,1987,1.0,mean
strict_balanced,AL,Tmax,01011,Bullock,1990-1999,74.609,6,1992,1997,1.0,mean
strict_balanced,AL,Tmax,01011,Bullock,2000-2009,75.31,6,2002,2007,1.0,mean
strict_balanced,AL,Tmax,01011,Bullock,2010-2019,76.054,6,2011,2016,1.0,mean
strict_balanced,AL,Tmax,01011,Bullock,2020-2025,76.652,6,2020,2025,1.0,mean
strict_balanced,AL,Tmax,01015,Calhoun,1980-1989,73.365,6,1982,1987,1.0,mean
strict_balanced,AL,Tmax,01015,Calhoun,1990-1999,72.948,6,1992,1997,1.0,mean
strict_balanced,AL,Tmax,01015,Calhoun,2000-2009,74.613,6,2002,2007,1.0,mean
strict_balanced,AL,Tmax,01015,Calhoun,2010-2019,74.734,6,2012,2017,1.0,mean
strict_balanced,AL,Tmax,01015,Calhoun,2020-2025,75.117,6,2020,2025,1.0,mean
strict_balanced,AL,Tmax,01017,Chambers,1980-1989,74.874,6,1981,1986,1.0,mean
strict_balanced,AL,Tmax,01017,Chambers,1990-1999,75.53,6,1990,1999,1.0,mean
strict_balanced,AL,Tmax,01017,Chambers,2000-2009,75.407,6,2001,2007,1.0,mean
strict_balanced,AL,Tmax,01017,Chambers,2010-2019,75.12,6,2012,2017,1.0,mean
strict_balanced,AL,Tmax,01017,Chambers,2020-2025,75.482,6,2020,2025,1.0,mean
strict_balanced,AL,Tmax,01021,Chilton,1980-1989,74.374,6,1982,1987,1.733,mean
strict_balanced,AL,Tmax,01021,Chilton,1990-1999,73.226,6,1992,1997,1.981,mean
strict_balanced,AL,Tmax,01021,Chilton,2000-2009,74.178,6,2002,2007,2.667,mean
strict_balanced,AL,Tmax,01021,Chilton,2010-2019,74.574,6,2012,2017,2.207,mean
strict_balanced,AL,Tmax,01021,Chilton,2020-2025,75.657,6,2020,2025,2.777,mean
strict_balanced,AL,Tmax,01025,Clarke,1980-1989,77.196,6,1982,1987,2.658,mean
strict_balanced,AL,Tmax,01025,Clarke,1990-1999,76.15,6,1992,1997,2.937,mean
strict_balanced,AL,Tmax,01025,Clarke,2000-2009,77.103,6,2002,2007,2.783,mean
strict_balanced,AL,Tmax,01025,Clarke,2010-2019,76.598,6,2012,2017,2.288,mean
strict_balanced,AL,Tmax,01025,Clarke,2020-2025,77.066,6,2020,2025,1.931,mean
strict_balanced,AL,Tmax,01029,Cleburne,1980-1989,72.021,6,1981,1989,1.0,mean
strict_balanced,AL,Tmax,01029,Cleburne,1990-1999,71.438,6,1992,1997,1.0,mean
strict_balanced,AL,Tmax,01029,Cleburne,2000-2009,72.012,6,2002,2007,1.821,mean
strict_balanced,AL,Tmax,01029,Cleburne,2010-2019,72.74,6,2012,2017,1.884,mean
strict_balanced,AL,Tmax,01029,Cleburne,2020-2025,73.11,6,2020,2025,1.971,mean
strict_balanced,AL,Tmax,01033,Colbert,1980-1989,71.728,6,1982,1987,1.0,mean
strict_balanced,AL,Tmax,01033,Colbert,1990-1999,72.777,6,1990,1998,1.0,mean
strict_balanced,AL,Tmax,01033,Colbert,2000-2009,72.065,6,2002,2007,1.882,mean
strict_balanced,AL,Tmax,01033,Colbert,2010-2019,73.026,6,2012,2017,2.968,mean
strict_balanced,AL,Tmax,01033,Colbert,2020-2025,73.645,6,2020,2025,2.965,mean
strict_balanced,AL,Tmax,01035,Conecuh,1980-1989,76.883,6,1982,1987,1.0,mean
strict_balanced,AL,Tmax,01035,Conecuh,1990-1999,74.464,6,1992,1997,1.096,mean
strict_balanced,AL,Tmax,01035,Conecuh,2000-2009,77.265,6,2002,2007,1.99,mean
strict_balanced,AL,Tmax,01035,Conecuh,2010-2019,77.958,6,2012,2017,1.992,mean
strict_balanced,AL,Tmax,01035,Conecuh,2020-2025,80.07,6,2020,2025,1.0,mean
strict_balanced,AL,Tmax,01039,Covington,1980-1989,77.938,6,1980,1988,1.0,mean
strict_balanced,AL,Tmax,01039,Covington,1990-1999,77.33,6,1991,1997,1.0,mean
strict_balanced,AL,Tmax,01039,Covington,2000-2009,78.983,6,2002,2007,2.29,mean
strict_balanced,AL,Tmax,01039,Covington,2010-2019,79.44,6,2012,2017,3.676,mean
strict_balanced,AL,Tmax,01039,Covington,2020-2025,80.756,6,2020,2025,2.138,mean
strict_balanced,AL,Tmax,01041,Crenshaw,1980-1989,75.874,6,1981,1987,1.159,mean
strict_balanced,AL,Tmax,01041,Crenshaw,1990-1999,74.439,6,1991,1997,1.0,mean
strict_balanced,AL,Tmax,01041,Crenshaw,2000-2009,75.945,6,2002,2007,1.0,mean
strict_balanced,AL,Tmax,01041,Crenshaw,2010-2019,76.005,6,2012,2017,1.862,mean
strict_balanced,AL,Tmax,01041,Crenshaw,2020-2025,76.961,6,2020,2025,1.834,mean
strict_balanced,AL,Tmax,01043,Cullman,1980-1989,72.758,6,1982,1987,1.0,mean
strict_balanced,AL,Tmax,01043,Cullman,1990-1999,71.627,6,1992,1997,1.495,mean
strict_balanced,AL,Tmax,01043,Cullman,2000-2009,73.287,6,2002,2007,2.93,mean
strict_balanced,AL,Tmax,01043,Cullman,2010-2019,71.714,6,2012,2017,4.56,mean
strict_balanced,AL,Tmax,01043,Cullman,2020-2025,72.297,6,2020,2025,5.201,mean
strict_balanced,AL,Tmax,01045,Dale,1980-1989,77.218,6,1982,1987,1.665,mean
strict_balanced,AL,Tmax,01045,Dale,1990-1999,76.577,6,1992,1997,1.0,mean
strict_balanced,AL,Tmax,01045,Dale,2000-2009,77.634,6,2002,2007,1.209,mean
strict_balanced,AL,Tmax,01045,Dale,2010-2019,78.583,6,2012,2017,2.021,mean
strict_balanced,AL,Tmax,01045,Dale,2020-2025,79.488,6,2020,2025,1.469,mean
strict_balanced,AL,Tmax,01047,Dallas,1980-1989,75.847,6,1982,1987,1.91,mean
strict_balanced,AL,Tmax,01047,Dallas,1990-1999,74.431,6,1992,1997,1.964,mean
strict_balanced,AL,Tmax,01047,Dallas,2000-2009,75.864,6,2002,2007,2.549,mean
strict_balanced,AL,Tmax,01047,Dallas,2010-2019,76.438,6,2012,2017,3.915,mean
strict_balanced,AL,Tmax,01047,Dallas,2020-2025,77.289,6,2020,2025,3.917,mean
strict_balanced,AL,Tmax,01049,DeKalb,1980-1989,69.948,6,1982,1987,1.983,mean
strict_balanced,AL,Tmax,01049,DeKalb,1990-1999,68.857,6,1992,1997,2.137,mean
strict_balanced,AL,Tmax,01049,DeKalb,2000-2009,70.983,6,2002,2007,4.526,mean
strict_balanced,AL,Tmax,01049,DeKalb,2010-2019,71.059,6,2012,2017,5.211,mean
strict_balanced,AL,Tmax,01049,DeKalb,2020-2025,71.376,6,2020,2025,5.738,mean
strict_balanced,AL,Tmax,01053,Escambia,1980-1989,77.842,6,1982,1987,2.793,mean
strict_balanced,AL,Tmax,01053,Escambia,1990-1999,76.89,6,1992,1997,2.955,mean
strict_balanced,AL,Tmax,01053,Escambia,2000-2009,78.137,6,2002,2007,2.904,mean
strict_balanced,AL,Tmax,01053,Escambia,2010-2019,77.534,6,2012,2017,3.458,mean
strict_balanced,AL,Tmax,01053,Escambia,2020-2025,78.094,6,2020,2025,2.991,mean
strict_balanced,AL,Tmax,01055,Etowah,1980-1989,73.377,6,1982,1987,1.0,mean
strict_balanced,AL,Tmax,01055,Etowah,1990-1999,73.74,6,1990,1999,1.0,mean
strict_balanced,AL,Tmax,01055,Etowah,2000-2009,73.326,6,2000,2005,1.0,mean
strict_balanced,AL,Tmax,01055,Etowah,2010-2019,74.224,6,2012,2017,1.483,mean
strict_balanced,AL,Tmax,01055,Etowah,2020-2025,74.264,6,2020,2025,1.803,mean
strict_balanced,AL,Tmax,01057,Fayette,1980-1989,73.604,6,1982,1987,1.231,mean
strict_balanced,AL,Tmax,01057,Fayette,1990-1999,72.844,6,1992,1997,1.987,mean
strict_balanced,AL,Tmax,01057,Fayette,2000-2009,73.963,6,2002,2007,1.868,mean
strict_balanced,AL,Tmax,01057,Fayette,2010-2019,72.525,6,2011,2017,1.106,mean
strict_balanced,AL,Tmax,01057,Fayette,2020-2025,74.442,6,2020,2025,1.268,mean
strict_balanced,AL,Tmax,01059,Franklin,1980-1989,70.74,6,1981,1987,1.0,mean
strict_balanced,AL,Tmax,01059,Franklin,1990-1999,70.542,6,1992,1997,1.0,mean
strict_balanced,AL,Tmax,01059,Franklin,2000-2009,72.268,6,2002,2007,1.221,mean
strict_balanced,AL,Tmax,01059,Franklin,2010-2019,72.269,6,2012,2017,1.826,mean
strict_balanced,AL,Tmax,01059,Franklin,2020-2025,72.622,6,2020,2025,1.797,mean
strict_balanced,AL,Tmax,01061,Geneva,1980-1989,77.93,6,1982,1987,1.0,mean
strict_balanced,AL,Tmax,01061,Geneva,1990-1999,75.378,6,1992,1997,1.0,mean
strict_balanced,AL,Tmax,01061,Geneva,2000-2009,78.563,6,2002,2007,1.0,mean
strict_balanced,AL,Tmax,01061,Geneva,2010-2019,78.144,6,2012,2017,1.0,mean
strict_balanced,AL,Tmax,01061,Geneva,2020-2025,78.57,6,2020,2025,1.0,mean
strict_balanced,AL,Tmax,01063,Greene,1980-1989,74.974,6,1982,1987,1.0,mean
strict_balanced,AL,Tmax,01063,Greene,1990-1999,73.602,6,1992,1997,1.0,mean
strict_balanced,AL,Tmax,01063,Greene,2000-2009,75.418,6,2002,2007,1.129,mean
strict_balanced,AL,Tmax,01063,Greene,2010-2019,75.482,6,2012,2017,1.97,mean
strict_balanced,AL,Tmax,01063,Greene,2020-2025,75.732,6,2020,2025,1.87,mean
strict_balanced,AL,Tmax,01071,Jackson,1980-1989,71.926,6,1982,1987,1.584,mean
strict_balanced,AL,Tmax,01071,Jackson,1990-1999,70.51,6,1992,1997,1.978,mean
strict_balanced,AL,Tmax,01071,Jackson,2000-2009,72.501,6,2002,2007,2.147,mean
strict_balanced,AL,Tmax,01071,Jackson,2010-2019,72.412,6,2012,2017,2.788,mean
strict_balanced,AL,Tmax,01071,Jackson,2020-2025,72.827,6,2020,2025,2.341,mean
strict_balanced,AL,Tmax,01073,Jefferson,1980-1989,73.769,6,1982,1987,3.969,mean
strict_balanced,AL,Tmax,01073,Jefferson,1990-1999,73.846,6,1992,1997,2.996,mean
strict_balanced,AL,Tmax,01073,Jefferson,2000-2009,75.032,6,2002,2007,2.963,mean
strict_balanced,AL,Tmax,01073,Jefferson,2010-2019,74.63,6,2012,2017,2.483,mean
strict_balanced,AL,Tmax,01073,Jefferson,2020-2025,75.86,6,2020,2025,1.992,mean
strict_balanced,AL,Tmax,01079,Lawrence,1980-1989,72.59,6,1982,1987,1.0,mean
strict_balanced,AL,Tmax,01079,Lawrence,1990-1999,71.972,6,1992,1997,1.0,mean
strict_balanced,AL,Tmax,01079,Lawrence,2000-2009,72.817,6,2001,2007,1.125,mean
strict_balanced,AL,Tmax,01079,Lawrence,2010-2019,71.718,6,2012,2017,1.999,mean
strict_balanced,AL,Tmax,01079,Lawrence,2020-2025,72.477,6,2020,2025,1.98,mean
strict_balanced,AL,Tmax,01081,Lee,1980-1989,74.689,6,1982,1987,1.968,mean
strict_balanced,AL,Tmax,01081,Lee,1990-1999,73.722,6,1991,1997,1.675,mean
strict_balanced,AL,Tmax,01081,Lee,2000-2009,74.596,6,2002,2007,1.781,mean
strict_balanced,AL,Tmax,01081,Lee,2010-2019,74.424,6,2012,2017,2.887,mean
strict_balanced,AL,Tmax,01081,Lee,2020-2025,74.593,6,2020,2025,2.747,mean
strict_balanced,AL,Tmax,01083,Limestone,1980-1989,71.677,6,1982,1987,1.864,mean
strict_balanced,AL,Tmax,01083,Limestone,1990-1999,69.594,6,1992,1997,2.187,mean
strict_balanced,AL,Tmax,01083,Limestone,2000-2009,72.838,6,2002,2007,2.971,mean
strict_balanced,AL,Tmax,01083,Limestone,2010-2019,72.541,6,2012,2017,2.989,mean
strict_balanced,AL,Tmax,01083,Limestone,2020-2025,72.952,6,2020,2025,2.966,mean
strict_balanced,AL,Tmax,01089,Madison,1980-1989,71.229,6,1982,1987,1.0,mean
strict_balanced,AL,Tmax,01089,Madison,1990-1999,70.677,6,1992,1997,1.0,mean
strict_balanced,AL,Tmax,01089,Madison,2000-2009,72.634,6,2002,2007,1.553,mean
strict_balanced,AL,Tmax,01089,Madison,2010-2019,72.785,6,2012,2017,2.721,mean
strict_balanced,AL,Tmax,01089,Madison,2020-2025,72.297,6,2020,2025,2.628,mean
strict_balanced,AL,Tmax,01093,Marion,1980-1989,72.275,6,1982,1987,1.995,mean
strict_balanced,AL,Tmax,01093,Marion,1990-1999,71.183,6,1992,1997,1.916,mean
strict_balanced,AL,Tmax,01093,Marion,2000-2009,73.745,6,2002,2007,2.092,mean
strict_balanced,AL,Tmax,01093,Marion,2010-2019,73.337,6,2012,2017,1.964,mean
strict_balanced,AL,Tmax,01093,Marion,2020-2025,73.364,6,2020,2025,1.703,mean
strict_balanced,AL,Tmax,01097,Mobile,1980-1989,76.049,6,1982,1987,2.45,mean
strict_balanced,AL,Tmax,01097,Mobile,1990-1999,75.434,6,1992,1997,3.152,mean
strict_balanced,AL,Tmax,01097,Mobile,2000-2009,76.716,6,2002,2007,3.968,mean
strict_balanced,AL,Tmax,01097,Mobile,2010-2019,77.162,6,2012,2017,3.381,mean
strict_balanced,AL,Tmax,01097,Mobile,2020-2025,78.735,6,2020,2025,2.874,mean
strict_balanced,AL,Tmax,01101,Montgomery,1980-1989,76.715,6,1982,1987,1.0,mean
strict_balanced,AL,Tmax,01101,Montgomery,1990-1999,76.101,6,1992,1997,1.0,mean
strict_balanced,AL,Tmax,01101,Montgomery,2000-2009,77.303,6,2002,2007,1.932,mean
strict_balanced,AL,Tmax,01101,Montgomery,2010-2019,78.798,6,2012,2017,1.987,mean
strict_balanced,AL,Tmax,01101,Montgomery,2020-2025,78.023,6,2020,2025,3.138,mean
strict_balanced,AL,Tmax,01109,Pike,1980-1989,76.319,6,1981,1987,1.0,mean
strict_balanced,AL,Tmax,01109,Pike,1990-1999,74.962,6,1992,1997,1.0,mean
strict_balanced,AL,Tmax,01109,Pike,2000-2009,76.572,6,2002,2007,1.942,mean
strict_balanced,AL,Tmax,01109,Pike,2010-2019,76.831,6,2012,2017,2.879,mean
strict_balanced,AL,Tmax,01109,Pike,2020-2025,78.033,6,2020,2025,2.894,mean
strict_balanced,AL,Tmax,01121,Talladega,1980-1989,75.15,6,1982,1987,2.861,mean
strict_balanced,AL,Tmax,01121,Talladega,1990-1999,74.737,6,1992,1997,2.93,mean
strict_balanced,AL,Tmax,01121,Talladega,2000-2009,75.765,6,2002,2007,3.904,mean
strict_balanced,AL,Tmax,01121,Talladega,2010-2019,75.301,6,2012,2017,4.94,mean
strict_balanced,AL,Tmax,01121,Talladega,2020-2025,75.964,6,2020,2025,4.899,mean
strict_balanced,AL,Tmax,01125,Tuscaloosa,1980-1989,74.435,6,1982,1987,2.876,mean
strict_balanced,AL,Tmax,01125,Tuscaloosa,1990-1999,74.573,6,1992,1997,1.893,mean
strict_balanced,AL,Tmax,01125,Tuscaloosa,2000-2009,75.934,6,2002,2007,2.896,mean
strict_balanced,AL,Tmax,01125,Tuscaloosa,2010-2019,76.204,6,2012,2017,3.926,mean
strict_balanced,AL,Tmax,01125,Tuscaloosa,2020-2025,76.346,6,2020,2025,3.89,mean
strict_balanced,AL,Tmin,01003,Baldwin,1980-1989,56.274,6,1982,1987,2.94,mean
strict_balanced,AL,Tmin,01003,Baldwin,1990-1999,55.668,6,1992,1997,2.958,mean
strict_balanced,AL,Tmin,01003,Baldwin,2000-2009,57.683,6,2002,2007,4.002,mean
strict_balanced,AL,Tmin,01003,Baldwin,2010-2019,57.866,6,2012,2017,4.897,mean
strict_balanced,AL,Tmin,01003,Baldwin,2020-2025,59.153,6,2020,2025,3.947,mean
strict_balanced,AL,Tmin,01005,Barbour,1980-1989,52.562,6,1982,1987,1.947,mean
strict_balanced,AL,Tmin,01005,Barbour,1990-1999,51.851,6,1992,1997,1.96,mean
strict_balanced,AL,Tmin,01005,Barbour,2000-2009,51.949,6,2002,2007,1.728,mean
strict_balanced,AL,Tmin,01005,Barbour,2010-2019,54.2,6,2012,2017,2.708,mean
strict_balanced,AL,Tmin,01005,Barbour,2020-2025,55.45,6,2020,2025,1.813,mean
strict_balanced,AL,Tmin,01007,Bibb,1980-1989,52.169,6,1982,1987,1.0,mean
strict_balanced,AL,Tmin,01007,Bibb,1990-1999,50.857,6,1991,1997,1.0,mean
strict_balanced,AL,Tmin,01007,Bibb,2000-2009,50.961,6,2002,2007,1.943,mean
strict_balanced,AL,Tmin,01007,Bibb,2010-2019,52.184,6,2012,2017,1.272,mean
strict_balanced,AL,Tmin,01007,Bibb,2020-2025,53.822,6,2020,2025,1.0,mean
strict_balanced,AL,Tmin,01011,Bullock,1980-1989,51.887,6,1981,1987,1.0,mean
strict_balanced,AL,Tmin,01011,Bullock,1990-1999,50.794,6,1992,1997,1.0,mean
strict_balanced,AL,Tmin,01011,Bullock,2000-2009,50.965,6,2002,2007,1.0,mean
strict_balanced,AL,Tmin,01011,Bullock,2010-2019,51.568,6,2011,2016,1.0,mean
strict_balanced,AL,Tmin,01011,Bullock,2020-2025,53.466,6,2020,2025,1.0,mean
strict_balanced,AL,Tmin,01015,Calhoun,1980-1989,51.591,6,1982,1987,1.0,mean
strict_balanced,AL,Tmin,01015,Calhoun,1990-1999,51.719,6,1992,1997,1.0,mean
strict_balanced,AL,Tmin,01015,Calhoun,2000-2009,51.926,6,2002,2007,1.0,mean
strict_balanced,AL,Tmin,01015,Calhoun,2010-2019,52.608,6,2012,2017,1.0,mean
strict_balanced,AL,Tmin,01015,Calhoun,2020-2025,52.709,6,2020,2025,1.0,mean
strict_balanced,AL,Tmin,01017,Chambers,1980-1989,50.428,6,1982,1987,1.0,mean
strict_balanced,AL,Tmin,01017,Chambers,1990-1999,49.66,6,1990,1999,1.0,mean
strict_balanced,AL,Tmin,01017,Chambers,2000-2009,48.734,6,2002,2007,1.0,mean
strict_balanced,AL,Tmin,01017,Chambers,2010-2019,49.76,6,2012,2017,1.0,mean
strict_balanced,AL,Tmin,01017,Chambers,2020-2025,49.335,6,2020,2025,1.0,mean
strict_balanced,AL,Tmin,01021,Chilton,1980-1989,50.61,6,1982,1987,1.734,mean
strict_balanced,AL,Tmin,01021,Chilton,1990-1999,50.346,6,1992,1997,1.981,mean
strict_balanced,AL,Tmin,01021,Chilton,2000-2009,51.816,6,2002,2007,2.667,mean
strict_balanced,AL,Tmin,01021,Chilton,2010-2019,52.431,6,2012,2017,2.207,mean
strict_balanced,AL,Tmin,01021,Chilton,2020-2025,52.987,6,2020,2025,2.777,mean
strict_balanced,AL,Tmin,01025,Clarke,1980-1989,52.584,6,1982,1987,2.658,mean
strict_balanced,AL,Tmin,01025,Clarke,1990-1999,52.862,6,1992,1997,2.937,mean
strict_balanced,AL,Tmin,01025,Clarke,2000-2009,53.462,6,2002,2007,2.783,mean
strict_balanced,AL,Tmin,01025,Clarke,2010-2019,53.812,6,2012,2017,2.289,mean
strict_balanced,AL,Tmin,01025,Clarke,2020-2025,54.494,6,2020,2025,1.931,mean
strict_balanced,AL,Tmin,01033,Colbert,1980-1989,50.401,6,1982,1987,1.0,mean
strict_balanced,AL,Tmin,01033,Colbert,1990-1999,51.771,6,1990,1998,1.0,mean
strict_balanced,AL,Tmin,01033,Colbert,2000-2009,50.416,6,2002,2007,1.882,mean
strict_balanced,AL,Tmin,01033,Colbert,2010-2019,50.751,6,2012,2017,2.968,mean
strict_balanced,AL,Tmin,01033,Colbert,2020-2025,51.768,6,2020,2025,2.965,mean
strict_balanced,AL,Tmin,01035,Conecuh,1980-1989,52.236,6,1980,1989,1.0,mean
strict_balanced,AL,Tmin,01035,Conecuh,1990-1999,53.036,6,1992,1997,1.096,mean
strict_balanced,AL,Tmin,01035,Conecuh,2000-2009,53.774,6,2002,2007,1.99,mean
strict_balanced,AL,Tmin,01035,Conecuh,2010-2019,54.679,6,2012,2017,1.992,mean
strict_balanced,AL,Tmin,01035,Conecuh,2020-2025,55.535,6,2020,2025,1.0,mean
strict_balanced,AL,Tmin,01039,Covington,1980-1989,51.227,6,1982,1987,1.0,mean
strict_balanced,AL,Tmin,01039,Covington,1990-1999,53.012,6,1990,1999,1.241,mean
strict_balanced,AL,Tmin,01039,Covington,2000-2009,54.163,6,2002,2007,2.291,mean
strict_balanced,AL,Tmin,01039,Covington,2010-2019,56.458,6,2012,2017,3.676,mean
strict_balanced,AL,Tmin,01039,Covington,2020-2025,58.469,6,2020,2025,2.138,mean
strict_balanced,AL,Tmin,01041,Crenshaw,1980-1989,51.36,6,1981,1987,1.159,mean
strict_balanced,AL,Tmin,01041,Crenshaw,1990-1999,53.445,6,1991,1998,1.0,mean
strict_balanced,AL,Tmin,01041,Crenshaw,2000-2009,50.14,6,2001,2007,1.0,mean
strict_balanced,AL,Tmin,01041,Crenshaw,2010-2019,54.883,6,2012,2017,1.862,mean
strict_balanced,AL,Tmin,01041,Crenshaw,2020-2025,55.826,6,2020,2025,1.834,mean
strict_balanced,AL,Tmin,01043,Cullman,1980-1989,46.101,6,1982,1987,1.0,mean
strict_balanced,AL,Tmin,01043,Cullman,1990-1999,46.576,6,1992,1997,1.496,mean
strict_balanced,AL,Tmin,01043,Cullman,2000-2009,49.696,6,2002,2007,2.931,mean
strict_balanced,AL,Tmin,01043,Cullman,2010-2019,49.461,6,2012,2017,4.56,mean
strict_balanced,AL,Tmin,01043,Cullman,2020-2025,50.906,6,2020,2025,5.201,mean
strict_balanced,AL,Tmin,01045,Dale,1980-1989,56.134,6,1982,1987,1.665,mean
strict_balanced,AL,Tmin,01045,Dale,1990-1999,56.801,6,1992,1997,1.0,mean
strict_balanced,AL,Tmin,01045,Dale,2000-2009,56.27,6,2002,2007,1.209,mean
strict_balanced,AL,Tmin,01045,Dale,2010-2019,56.664,6,2012,2017,2.021,mean
strict_balanced,AL,Tmin,01045,Dale,2020-2025,58.049,6,2020,2025,1.469,mean
strict_balanced,AL,Tmin,01047,Dallas,1980-1989,52.497,6,1982,1987,1.91,mean
strict_balanced,AL,Tmin,01047,Dallas,1990-1999,52.211,6,1992,1997,1.964,mean
strict_balanced,AL,Tmin,01047,Dallas,2000-2009,53.131,6,2002,2007,2.549,mean
strict_balanced,AL,Tmin,01047,Dallas,2010-2019,53.321,6,2012,2017,3.915,mean
strict_balanced,AL,Tmin,01047,Dallas,2020-2025,53.755,6,2020,2025,3.917,mean
strict_balanced,AL,Tmin,01049,DeKalb,1980-1989,45.692,6,1982,1987,1.984,mean
strict_balanced,AL,Tmin,01049,DeKalb,1990-1999,46.786,6,1992,1997,2.137,mean
strict_balanced,AL,Tmin,01049,DeKalb,2000-2009,48.449,6,2002,2007,4.526,mean
strict_balanced,AL,Tmin,01049,DeKalb,2010-2019,49.477,6,2012,2017,5.211,mean
strict_balanced,AL,Tmin,01049,DeKalb,2020-2025,49.419,6,2020,2025,5.738,mean
strict_balanced,AL,Tmin,01053,Escambia,1980-1989,52.878,6,1982,1987,2.793,mean
strict_balanced,AL,Tmin,01053,Escambia,1990-1999,52.02,6,1992,1997,2.955,mean
strict_balanced,AL,Tmin,01053,Escambia,2000-2009,54.14,6,2002,2007,2.904,mean
strict_balanced,AL,Tmin,01053,Escambia,2010-2019,54.929,6,2012,2017,3.458,mean
strict_balanced,AL,Tmin,01053,Escambia,2020-2025,55.902,6,2020,2025,2.991,mean
strict_balanced,AL,Tmin,01061,Geneva,1980-1989,54.007,6,1982,1987,1.0,mean
strict_balanced,AL,Tmin,01061,Geneva,1990-1999,53.298,6,1992,1997,1.0,mean
strict_balanced,AL,Tmin,01061,Geneva,2000-2009,53.22,6,2002,2007,1.0,mean
strict_balanced,AL,Tmin,01061,Geneva,2010-2019,53.448,6,2012,2017,1.0,mean
strict_balanced,AL,Tmin,01061,Geneva,2020-2025,53.452,6,2020,2025,1.0,mean
strict_balanced,AL,Tmin,01063,Greene,1980-1989,50.54,6,1982,1987,1.0,mean
strict_balanced,AL,Tmin,01063,Greene,1990-1999,51.881,6,1992,1997,1.0,mean
strict_balanced,AL,Tmin,01063,Greene,2000-2009,52.508,6,2001,2008,1.274,mean
strict_balanced,AL,Tmin,01063,Greene,2010-2019,52.823,6,2012,2017,1.97,mean
strict_balanced,AL,Tmin,01063,Greene,2020-2025,53.802,6,2020,2025,1.871,mean
strict_balanced,AL,Tmin,01065,Hale,1980-1989,53.05,6,1982,1987,1.0,mean
strict_balanced,AL,Tmin,01065,Hale,1990-1999,53.741,6,1992,1997,1.0,mean
strict_balanced,AL,Tmin,01065,Hale,2000-2009,54.578,6,2001,2007,1.134,mean
strict_balanced,AL,Tmin,01065,Hale,2010-2019,53.947,6,2012,2017,1.886,mean
strict_balanced,AL,Tmin,01065,Hale,2020-2025,54.474,6,2020,2025,1.982,mean
strict_balanced,AL,Tmin,01071,Jackson,1980-1989,46.184,6,1981,1987,1.538,mean
strict_balanced,AL,Tmin,01071,Jackson,1990-1999,46.888,6,1992,1997,1.978,mean
strict_balanced,AL,Tmin,01071,Jackson,2000-2009,48.399,6,2002,2007,2.148,mean
strict_balanced,AL,Tmin,01071,Jackson,2010-2019,49.046,6,2012,2017,2.788,mean
strict_balanced,AL,Tmin,01071,Jackson,2020-2025,49.413,6,2020,2025,2.341,mean
strict_balanced,AL,Tmin,01073,Jefferson,1980-1989,50.276,6,1982,1987,3.969,mean
strict_balanced,AL,Tmin,01073,Jefferson,1990-1999,49.038,6,1992,1997,2.996,mean
strict_balanced,AL,Tmin,01073,Jefferson,2000-2009,51.84,6,2002,2007,2.963,mean
strict_balanced,AL,Tmin,01073,Jefferson,2010-2019,53.103,6,2012,2017,2.483,mean
strict_balanced,AL,Tmin,01073,Jefferson,2020-2025,54.049,6,2020,2025,1.992,mean
strict_balanced,AL,Tmin,01079,Lawrence,1980-1989,49.866,6,1982,1987,1.0,mean
strict_balanced,AL,Tmin,01079,Lawrence,1990-1999,49.962,6,1992,1997,1.0,mean
strict_balanced,AL,Tmin,01079,Lawrence,2000-2009,50.293,6,2001,2007,1.125,mean
strict_balanced,AL,Tmin,01079,Lawrence,2010-2019,49.961,6,2012,2017,1.999,mean
strict_balanced,AL,Tmin,01079,Lawrence,2020-2025,50.654,6,2020,2025,1.98,mean
strict_balanced,AL,Tmin,01081,Lee,1980-1989,51.081,6,1982,1987,1.968,mean
strict_balanced,AL,Tmin,01081,Lee,1990-1999,52.6,6,1991,1997,1.675,mean
strict_balanced,AL,Tmin,01081,Lee,2000-2009,51.444,6,2002,2007,1.783,mean
strict_balanced,AL,Tmin,01081,Lee,2010-2019,53.172,6,2012,2017,2.887,mean
strict_balanced,AL,Tmin,01081,Lee,2020-2025,53.533,6,2020,2025,2.747,mean
strict_balanced,AL,Tmin,01083,Limestone,1980-1989,48.551,6,1982,1987,1.865,mean
strict_balanced,AL,Tmin,01083,Limestone,1990-1999,48.2,6,1992,1997,2.187,mean
strict_balanced,AL,Tmin,01083,Limestone,2000-2009,49.636,6,2002,2007,2.971,mean
strict_balanced,AL,Tmin,01083,Limestone,2010-2019,50.458,6,2012,2017,2.989,mean
strict_balanced,AL,Tmin,01083,Limestone,2020-2025,51.064,6,2020,2025,2.966,mean
strict_balanced,AL,Tmin,01089,Madison,1980-1989,50.081,6,1982,1987,1.0,mean
strict_balanced,AL,Tmin,01089,Madison,1990-1999,49.866,6,1992,1997,1.0,mean
strict_balanced,AL,Tmin,01089,Madison,2000-2009,50.546,6,2002,2007,1.553,mean
strict_balanced,AL,Tmin,01089,Madison,2010-2019,50.598,6,2012,2017,2.721,mean
strict_balanced,AL,Tmin,01089,Madison,2020-2025,50.771,6,2020,2025,2.628,mean
strict_balanced,AL,Tmin,01093,Marion,1980-1989,47.192,6,1982,1987,1.995,mean
strict_balanced,AL,Tmin,01093,Marion,1990-1999,47.494,6,1992,1997,1.916,mean
strict_balanced,AL,Tmin,01093,Marion,2000-2009,49.097,6,2002,2007,2.092,mean
strict_balanced,AL,Tmin,01093,Marion,2010-2019,49.199,6,2012,2017,1.964,mean
strict_balanced,AL,Tmin,01093,Marion,2020-2025,51.776,6,2020,2025,1.705,mean
strict_balanced,AL,Tmin,01097,Mobile,1980-1989,58.723,6,1982,1987,2.45,mean
strict_balanced,AL,Tmin,01097,Mobile,1990-1999,58.405,6,1992,1997,3.152,mean
strict_balanced,AL,Tmin,01097,Mobile,2000-2009,59.126,6,2002,2007,3.968,mean
strict_balanced,AL,Tmin,01097,Mobile,2010-2019,60.23,6,2012,2017,3.381,mean
strict_balanced,AL,Tmin,01097,Mobile,2020-2025,61.4,6,2020,2025,2.874,mean
strict_balanced,AL,Tmin,01101,Montgomery,1980-1989,54.065,6,1982,1987,1.0,mean
strict_balanced,AL,Tmin,01101,Montgomery,1990-1999,53.431,6,1992,1997,1.0,mean
strict_balanced,AL,Tmin,01101,Montgomery,2000-2009,53.908,6,2002,2007,1.932,mean
strict_balanced,AL,Tmin,01101,Montgomery,2010-2019,55.708,6,2012,2017,1.987,mean
strict_balanced,AL,Tmin,01101,Montgomery,2020-2025,55.24,6,2020,2025,3.138,mean
strict_balanced,AL,Tmin,01109,Pike,1980-1989,53.052,6,1981,1987,1.0,mean
strict_balanced,AL,Tmin,01109,Pike,1990-1999,52.792,6,1992,1997,1.0,mean
strict_balanced,AL,Tmin,01109,Pike,2000-2009,53.899,6,2002,2007,1.942,mean
strict_balanced,AL,Tmin,01109,Pike,2010-2019,54.351,6,2012,2017,2.879,mean
strict_balanced,AL,Tmin,01109,Pike,2020-2025,55.508,6,2020,2025,2.894,mean
strict_balanced,AL,Tmin,01121,Talladega,1980-1989,49.783,6,1982,1987,2.861,mean
strict_balanced,AL,Tmin,01121,Talladega,1990-1999,48.367,6,1992,1997,2.93,mean
strict_balanced,AL,Tmin,01121,Talladega,2000-2009,50.144,6,2002,2007,3.904,mean
strict_balanced,AL,Tmin,01121,Talladega,2010-2019,51.096,6,2012,2017,4.94,mean
strict_balanced,AL,Tmin,01121,Talladega,2020-2025,51.192,6,2020,2025,4.899,mean
strict_balanced,AL,Tmin,01125,Tuscaloosa,1980-1989,51.397,6,1982,1987,2.876,mean
strict_balanced,AL,Tmin,01125,Tuscaloosa,1990-1999,50.638,6,1992,1997,1.899,mean
strict_balanced,AL,Tmin,01125,Tuscaloosa,2000-2009,53.29,6,2002,2007,2.896,mean
strict_balanced,AL,Tmin,01125,Tuscaloosa,2010-2019,53.96,6,2012,2017,3.926,mean
strict_balanced,AL,Tmin,01125,Tuscaloosa,2020-2025,54.012,6,2020,2025,3.89,mean
strict_balanced,FL,Tavg,12001,Alachua,1980-1989,69.554,6,1982,1987,2.634,mean
strict_balanced,FL,Tavg,12001,Alachua,1990-1999,68.698,6,1992,1997,2.947,mean
strict_balanced,FL,Tavg,12001,Alachua,2000-2009,69.097,6,2002,2007,1.949,mean
strict_balanced,FL,Tavg,12001,Alachua,2010-2019,69.962,6,2012,2017,1.476,mean
strict_balanced,FL,Tavg,12001,Alachua,2020-2025,70.69,6,2020,2025,1.0,mean
strict_balanced,FL,Tavg,12005,Bay,1980-1989,66.874,6,1982,1987,1.761,mean
strict_balanced,FL,Tavg,12005,Bay,1990-1999,66.848,6,1991,1997,1.0,mean
strict_balanced,FL,Tavg,12005,Bay,2000-2009,69.536,6,2002,2007,1.899,mean
strict_balanced,FL,Tavg,12005,Bay,2010-2019,69.256,6,2012,2017,1.986,mean
strict_balanced,FL,Tavg,12005,Bay,2020-2025,70.049,6,2020,2025,1.776,mean
strict_balanced,FL,Tavg,12009,Brevard,1980-1989,71.721,6,1982,1987,1.952,mean
strict_balanced,FL,Tavg,12009,Brevard,1990-1999,72.151,6,1992,1997,1.953,mean
strict_balanced,FL,Tavg,12009,Brevard,2000-2009,72.419,6,2002,2007,4.25,mean
strict_balanced,FL,Tavg,12009,Brevard,2010-2019,73.241,6,2012,2017,7.718,mean
strict_balanced,FL,Tavg,12009,Brevard,2020-2025,73.626,6,2020,2025,7.336,mean
strict_balanced,FL,Tavg,12011,Broward,1980-1989,76.448,6,1982,1987,1.892,mean
strict_balanced,FL,Tavg,12011,Broward,1990-1999,75.499,6,1992,1997,2.591,mean
strict_balanced,FL,Tavg,12011,Broward,2000-2009,76.428,6,2002,2007,8.764,mean
strict_balanced,FL,Tavg,12011,Broward,2010-2019,77.342,6,2012,2017,6.964,mean
strict_balanced,FL,Tavg,12011,Broward,2020-2025,78.091,6,2020,2025,6.516,mean
strict_balanced,FL,Tavg,12015,Charlotte,1980-1989,74.171,6,1982,1987,1.0,mean
strict_balanced,FL,Tavg,12015,Charlotte,1990-1999,74.283,6,1992,1997,1.201,mean
strict_balanced,FL,Tavg,12015,Charlotte,2000-2009,73.868,6,2002,2007,1.937,mean
strict_balanced,FL,Tavg,12015,Charlotte,2010-2019,75.228,6,2012,2017,1.972,mean
strict_balanced,FL,Tavg,12015,Charlotte,2020-2025,76.113,6,2020,2025,1.345,mean
strict_balanced,FL,Tavg,12021,Collier,1980-1989,74.764,6,1982,1987,3.891,mean
strict_balanced,FL,Tavg,12021,Collier,1990-1999,75.094,6,1992,1997,6.329,mean
strict_balanced,FL,Tavg,12021,Collier,2000-2009,75.391,6,2002,2007,9.629,mean
strict_balanced,FL,Tavg,12021,Collier,2010-2019,76.153,6,2012,2017,10.485,mean
strict_balanced,FL,Tavg,12021,Collier,2020-2025,76.77,6,2020,2025,7.674,mean
strict_balanced,FL,Tavg,12031,Duval,1980-1989,69.555,6,1982,1987,4.444,mean
strict_balanced,FL,Tavg,12031,Duval,1990-1999,69.549,6,1992,1997,4.954,mean
strict_balanced,FL,Tavg,12031,Duval,2000-2009,69.924,6,2002,2007,4.694,mean
strict_balanced,FL,Tavg,12031,Duval,2010-2019,71.02,6,2012,2017,5.642,mean
strict_balanced,FL,Tavg,12031,Duval,2020-2025,71.604,6,2020,2025,5.738,mean
strict_balanced,FL,Tavg,12033,Escambia,1980-1989,67.7,6,1982,1987,1.999,mean
strict_balanced,FL,Tavg,12033,Escambia,1990-1999,67.915,6,1992,1997,1.998,mean
strict_balanced,FL,Tavg,12033,Escambia,2000-2009,68.546,6,2002,2007,2.736,mean
strict_balanced,FL,Tavg,12033,Escambia,2010-2019,69.502,6,2012,2017,1.561,mean
strict_balanced,FL,Tavg,12033,Escambia,2020-2025,70.284,6,2020,2025,1.886,mean
strict_balanced,FL,Tavg,12049,Hardee,1980-1989,73.034,6,1981,1987,1.0,mean
strict_balanced,FL,Tavg,12049,Hardee,1990-1999,72.68,6,1991,1998,1.0,mean
strict_balanced,FL,Tavg,12049,Hardee,2000-2009,71.9,6,2002,2007,1.0,mean
strict_balanced,FL,Tavg,12049,Hardee,2010-2019,72.607,6,2012,2017,1.0,mean
strict_balanced,FL,Tavg,12049,Hardee,2020-2025,73.638,6,2020,2025,1.0,mean
strict_balanced,FL,Tavg,12053,Hernando,1980-1989,70.573,6,1982,1987,1.724,mean
strict_balanced,FL,Tavg,12053,Hernando,1990-1999,71.093,6,1992,1997,2.167,mean
strict_balanced,FL,Tavg,12053,Hernando,2000-2009,71.079,6,2002,2007,2.877,mean
strict_balanced,FL,Tavg,12053,Hernando,2010-2019,72.504,6,2012,2017,1.551,mean
strict_balanced,FL,Tavg,12053,Hernando,2020-2025,72.834,6,2020,2025,1.0,mean
strict_balanced,FL,Tavg,12055,Highlands,1980-1989,72.049,6,1982,1987,1.896,mean
strict_balanced,FL,Tavg,12055,Highlands,1990-1999,72.003,6,1992,1997,1.985,mean
strict_balanced,FL,Tavg,12055,Highlands,2000-2009,72.434,6,2002,2007,1.999,mean
strict_balanced,FL,Tavg,12055,Highlands,2010-2019,73.669,6,2012,2017,2.763,mean
strict_balanced,FL,Tavg,12055,Highlands,2020-2025,74.17,6,2020,2025,2.37,mean
strict_balanced,FL,Tavg,12057,Hillsborough,1980-1989,72.411,6,1982,1987,2.956,mean
strict_balanced,FL,Tavg,12057,Hillsborough,1990-1999,72.678,6,1992,1997,2.986,mean
strict_balanced,FL,Tavg,12057,Hillsborough,2000-2009,72.869,6,2002,2007,2.937,mean
strict_balanced,FL,Tavg,12057,Hillsborough,2010-2019,74.461,6,2012,2017,2.99,mean
strict_balanced,FL,Tavg,12057,Hillsborough,2020-2025,75.664,6,2020,2025,3.523,mean
strict_balanced,FL,Tavg,12061,Indian River,1980-1989,72.777,6,1982,1987,1.645,mean
strict_balanced,FL,Tavg,12061,Indian River,1990-1999,73.133,6,1992,1997,1.965,mean
strict_balanced,FL,Tavg,12061,Indian River,2000-2009,73.059,6,2002,2007,1.929,mean
strict_balanced,FL,Tavg,12061,Indian River,2010-2019,74.244,6,2012,2017,1.939,mean
strict_balanced,FL,Tavg,12061,Indian River,2020-2025,74.836,6,2020,2025,1.988,mean
strict_balanced,FL,Tavg,12069,Lake,1980-1989,71.373,6,1982,1987,1.896,mean
strict_balanced,FL,Tavg,12069,Lake,1990-1999,70.807,6,1992,1997,2.365,mean
strict_balanced,FL,Tavg,12069,Lake,2000-2009,71.496,6,2002,2007,4.059,mean
strict_balanced,FL,Tavg,12069,Lake,2010-2019,72.489,6,2012,2017,4.466,mean
strict_balanced,FL,Tavg,12069,Lake,2020-2025,73.173,6,2020,2025,4.887,mean
strict_balanced,FL,Tavg,12071,Lee,1980-1989,74.839,6,1982,1987,1.0,mean
strict_balanced,FL,Tavg,12071,Lee,1990-1999,75.612,6,1992,1997,1.0,mean
strict_balanced,FL,Tavg,12071,Lee,2000-2009,75.017,6,2002,2007,1.986,mean
strict_balanced,FL,Tavg,12071,Lee,2010-2019,75.813,6,2012,2017,1.994,mean
strict_balanced,FL,Tavg,12071,Lee,2020-2025,76.67,6,2020,2025,1.973,mean
strict_balanced,FL,Tavg,12073,Leon,1980-1989,67.588,6,1982,1987,1.0,mean
strict_balanced,FL,Tavg,12073,Leon,1990-1999,67.625,6,1992,1997,1.0,mean
strict_balanced,FL,Tavg,12073,Leon,2000-2009,68.243,6,2002,2007,1.79,mean
strict_balanced,FL,Tavg,12073,Leon,2010-2019,69.839,6,2012,2017,1.951,mean
strict_balanced,FL,Tavg,12073,Leon,2020-2025,69.704,6,2020,2025,1.976,mean
strict_balanced,FL,Tavg,12075,Levy,1980-1989,69.669,6,1980,1989,1.0,mean
strict_balanced,FL,Tavg,12075,Levy,1990-1999,69.484,6,1992,1997,1.0,mean
strict_balanced,FL,Tavg,12075,Levy,2000-2009,69.112,6,2002,2007,1.785,mean
strict_balanced,FL,Tavg,12075,Levy,2010-2019,70.846,6,2012,2017,1.922,mean
strict_balanced,FL,Tavg,12075,Levy,2020-2025,71.024,6,2020,2025,1.995,mean
strict_balanced,FL,Tavg,12081,Manatee,1980-1989,72.446,6,1982,1987,1.968,mean
strict_balanced,FL,Tavg,12081,Manatee,1990-1999,72.554,6,1992,1997,1.968,mean
strict_balanced,FL,Tavg,12081,Manatee,2000-2009,72.762,6,2002,2007,3.689,mean
strict_balanced,FL,Tavg,12081,Manatee,2010-2019,74.056,6,2012,2017,3.22,mean
strict_balanced,FL,Tavg,12081,Manatee,2020-2025,74.985,6,2020,2025,2.99,mean
strict_balanced,FL,Tavg,12083,Marion,1980-1989,70.472,6,1982,1987,1.0,mean
strict_balanced,FL,Tavg,12083,Marion,1990-1999,71.019,6,1991,1997,1.0,mean
strict_balanced,FL,Tavg,12083,Marion,2000-2009,70.48,6,2002,2007,1.963,mean
strict_balanced,FL,Tavg,12083,Marion,2010-2019,71.277,6,2011,2017,1.662,mean
strict_balanced,FL,Tavg,12083,Marion,2020-2025,72.328,6,2020,2025,1.525,mean
strict_balanced,FL,Tavg,12085,Martin,1980-1989,74.662,6,1982,1987,1.0,mean
strict_balanced,FL,Tavg,12085,Martin,1990-1999,75.687,6,1991,1996,1.0,mean
strict_balanced,FL,Tavg,12085,Martin,2000-2009,74.16,6,2004,2009,1.844,mean
strict_balanced,FL,Tavg,12085,Martin,2010-2019,75.004,6,2012,2017,1.987,mean
strict_balanced,FL,Tavg,12085,Martin,2020-2025,75.932,6,2020,2025,1.978,mean
strict_balanced,FL,Tavg,12086,Miami-Dade,1980-1989,75.822,6,1982,1987,7.254,mean
strict_balanced,FL,Tavg,12086,Miami-Dade,1990-1999,76.518,6,1992,1997,8.019,mean
strict_balanced,FL,Tavg,12086,Miami-Dade,2000-2009,76.019,6,2002,2007,14.378,mean
strict_balanced,FL,Tavg,12086,Miami-Dade,2010-2019,77.142,6,2012,2017,12.796,mean
strict_balanced,FL,Tavg,12086,Miami-Dade,2020-2025,77.826,6,2020,2025,11.768,mean
strict_balanced,FL,Tavg,12087,Monroe,1980-1989,77.164,6,1982,1987,5.0,mean
strict_balanced,FL,Tavg,12087,Monroe,1990-1999,77.346,6,1992,1997,5.622,mean
strict_balanced,FL,Tavg,12087,Monroe,2000-2009,77.664,6,2002,2007,8.341,mean
strict_balanced,FL,Tavg,12087,Monroe,2010-2019,78.336,6,2012,2017,10.085,mean
strict_balanced,FL,Tavg,12087,Monroe,2020-2025,79.64,6,2020,2025,7.982,mean
strict_balanced,FL,Tavg,12091,Okaloosa,1980-1989,66.392,6,1980,1985,1.69,mean
strict_balanced,FL,Tavg,12091,Okaloosa,1990-1999,66.698,6,1992,1997,1.912,mean
strict_balanced,FL,Tavg,12091,Okaloosa,2000-2009,67.164,6,2002,2007,2.945,mean
strict_balanced,FL,Tavg,12091,Okaloosa,2010-2019,68.311,6,2012,2017,2.978,mean
strict_balanced,FL,Tavg,12091,Okaloosa,2020-2025,69.14,6,2020,2025,3.314,mean
strict_balanced,FL,Tavg,12095,Orange,1980-1989,72.589,6,1982,1987,1.0,mean
strict_balanced,FL,Tavg,12095,Orange,1990-1999,72.721,6,1992,1997,1.0,mean
strict_balanced,FL,Tavg,12095,Orange,2000-2009,73.214,6,2002,2007,1.99,mean
strict_balanced,FL,Tavg,12095,Orange,2010-2019,74.188,6,2012,2017,2.643,mean
strict_balanced,FL,Tavg,12095,Orange,2020-2025,74.704,6,2020,2025,2.982,mean
strict_balanced,FL,Tavg,12099,Palm Beach,1980-1989,73.977,6,1982,1987,3.969,mean
strict_balanced,FL,Tavg,12099,Palm Beach,1990-1999,74.46,6,1992,1997,3.874,mean
strict_balanced,FL,Tavg,12099,Palm Beach,2000-2009,74.556,6,2002,2007,6.462,mean
strict_balanced,FL,Tavg,12099,Palm Beach,2010-2019,75.584,6,2012,2017,5.961,mean
strict_balanced,FL,Tavg,12099,Palm Beach,2020-2025,76.262,6,2020,2025,5.509,mean
strict_balanced,FL,Tavg,12101,Pasco,1980-1989,72.938,6,1982,1987,1.0,mean
strict_balanced,FL,Tavg,12101,Pasco,1990-1999,72.367,6,1992,1997,1.248,mean
strict_balanced,FL,Tavg,12101,Pasco,2000-2009,73.291,6,2002,2007,1.0,mean
strict_balanced,FL,Tavg,12101,Pasco,2010-2019,72.438,6,2011,2017,1.0,mean
strict_balanced,FL,Tavg,12101,Pasco,2020-2025,73.41,6,2020,2025,1.0,mean
strict_balanced,FL,Tavg,12103,Pinellas,1980-1989,73.391,6,1982,1987,1.946,mean
strict_balanced,FL,Tavg,12103,Pinellas,1990-1999,73.606,6,1992,1997,1.976,mean
strict_balanced,FL,Tavg,12103,Pinellas,2000-2009,73.95,6,2002,2007,3.932,mean
strict_balanced,FL,Tavg,12103,Pinellas,2010-2019,74.653,6,2012,2017,3.493,mean
strict_balanced,FL,Tavg,12103,Pinellas,2020-2025,74.958,6,2020,2025,3.411,mean
strict_balanced,FL,Tavg,12105,Polk,1980-1989,72.872,6,1982,1987,4.761,mean
strict_balanced,FL,Tavg,12105,Polk,1990-1999,73.207,6,1992,1997,5.048,mean
strict_balanced,FL,Tavg,12105,Polk,2000-2009,73.624,6,2002,2007,4.701,mean
strict_balanced,FL,Tavg,12105,Polk,2010-2019,74.7,6,2012,2017,4.9,mean
strict_balanced,FL,Tavg,12105,Polk,2020-2025,75.106,6,2020,2025,5.07,mean
strict_balanced,FL,Tavg,12109,St. Johns,1980-1989,69.405,6,1982,1987,1.872,mean
strict_balanced,FL,Tavg,12109,St. Johns,1990-1999,69.193,6,1992,1997,1.957,mean
strict_balanced,FL,Tavg,12109,St. Johns,2000-2009,70.079,6,2002,2007,1.978,mean
strict_balanced,FL,Tavg,12109,St. Johns,2010-2019,70.733,6,2012,2017,1.888,mean
strict_balanced,FL,Tavg,12109,St. Johns,2020-2025,71.201,6,2020,2025,2.22,mean
strict_balanced,FL,Tavg,12111,St. Lucie,1980-1989,73.456,6,1982,1987,1.0,mean
strict_balanced,FL,Tavg,12111,St. Lucie,1990-1999,72.868,6,1992,1997,1.0,mean
strict_balanced,FL,Tavg,12111,St. Lucie,2000-2009,72.657,6,2002,2007,2.741,mean
strict_balanced,FL,Tavg,12111,St. Lucie,2010-2019,74.257,6,2012,2017,3.477,mean
strict_balanced,FL,Tavg,12111,St. Lucie,2020-2025,75.276,6,2020,2025,2.952,mean
strict_balanced,FL,Tavg,12113,Santa Rosa,1980-1989,67.188,6,1982,1987,1.997,mean
strict_balanced,FL,Tavg,12113,Santa Rosa,1990-1999,66.744,6,1992,1997,2.163,mean
strict_balanced,FL,Tavg,12113,Santa Rosa,2000-2009,67.571,6,2002,2007,2.266,mean
strict_balanced,FL,Tavg,12113,Santa Rosa,2010-2019,68.94,6,2012,2017,3.265,mean
strict_balanced,FL,Tavg,12113,Santa Rosa,2020-2025,69.523,6,2020,2025,3.01,mean
strict_balanced,FL,Tavg,12115,Sarasota,1980-1989,73.044,6,1982,1987,1.952,mean
strict_balanced,FL,Tavg,12115,Sarasota,1990-1999,73.977,6,1992,1997,1.786,mean
strict_balanced,FL,Tavg,12115,Sarasota,2000-2009,73.4,6,2002,2007,1.938,mean
strict_balanced,FL,Tavg,12115,Sarasota,2010-2019,74.775,6,2012,2017,1.928,mean
strict_balanced,FL,Tavg,12115,Sarasota,2020-2025,74.452,6,2020,2025,2.474,mean
strict_balanced,FL,Tavg,12117,Seminole,1980-1989,71.428,6,1982,1987,1.0,mean
strict_balanced,FL,Tavg,12117,Seminole,1990-1999,71.973,6,1991,1997,1.0,mean
strict_balanced,FL,Tavg,12117,Seminole,2000-2009,72.985,6,2002,2007,1.958,mean
strict_balanced,FL,Tavg,12117,Seminole,2010-2019,73.706,6,2012,2017,1.993,mean
strict_balanced,FL,Tavg,12117,Seminole,2020-2025,74.289,6,2020,2025,1.962,mean
strict_balanced,FL,Tavg,12127,Volusia,1980-1989,70.396,6,1982,1987,1.923,mean
strict_balanced,FL,Tavg,12127,Volusia,1990-1999,70.688,6,1992,1997,1.983,mean
strict_balanced,FL,Tavg,12127,Volusia,2000-2009,71.226,6,2002,2007,3.784,mean
strict_balanced,FL,Tavg,12127,Volusia,2010-2019,72.606,6,2012,2017,3.722,mean
strict_balanced,FL,Tavg,12127,Volusia,2020-2025,72.837,6,2020,2025,3.799,mean
strict_balanced,FL,Tmax,12001,Alachua,1980-1989,81.814,6,1982,1987,2.634,mean
strict_balanced,FL,Tmax,12001,Alachua,1990-1999,80.27,6,1992,1997,2.947,mean
strict_balanced,FL,Tmax,12001,Alachua,2000-2009,80.833,6,2002,2007,1.949,mean
strict_balanced,FL,Tmax,12001,Alachua,2010-2019,81.549,6,2012,2017,1.476,mean
strict_balanced,FL,Tmax,12001,Alachua,2020-2025,82.077,6,2020,2025,1.0,mean
strict_balanced,FL,Tmax,12005,Bay,1980-1989,78.877,6,1982,1987,1.753,mean
strict_balanced,FL,Tmax,12005,Bay,1990-1999,77.348,6,1992,1997,1.0,mean
strict_balanced,FL,Tmax,12005,Bay,2000-2009,78.768,6,2002,2007,1.898,mean
strict_balanced,FL,Tmax,12005,Bay,2010-2019,79.137,6,2012,2017,1.986,mean
strict_balanced,FL,Tmax,12005,Bay,2020-2025,79.752,6,2020,2025,1.776,mean
strict_balanced,FL,Tmax,12009,Brevard,1980-1989,80.649,6,1982,1987,1.952,mean
strict_balanced,FL,Tmax,12009,Brevard,1990-1999,81.856,6,1992,1997,1.953,mean
strict_balanced,FL,Tmax,12009,Brevard,2000-2009,81.219,6,2002,2007,4.25,mean
strict_balanced,FL,Tmax,12009,Brevard,2010-2019,82.108,6,2012,2017,7.718,mean
strict_balanced,FL,Tmax,12009,Brevard,2020-2025,82.338,6,2020,2025,7.336,mean
strict_balanced,FL,Tmax,12011,Broward,1980-1989,84.629,6,1982,1987,1.892,mean
strict_balanced,FL,Tmax,12011,Broward,1990-1999,83.173,6,1992,1997,2.591,mean
strict_balanced,FL,Tmax,12011,Broward,2000-2009,83.888,6,2002,2007,8.764,mean
strict_balanced,FL,Tmax,12011,Broward,2010-2019,84.214,6,2012,2017,6.964,mean
strict_balanced,FL,Tmax,12011,Broward,2020-2025,85.114,6,2020,2025,6.516,mean
strict_balanced,FL,Tmax,12015,Charlotte,1980-1989,84.672,6,1982,1987,1.0,mean
strict_balanced,FL,Tmax,12015,Charlotte,1990-1999,84.412,6,1992,1997,1.201,mean
strict_balanced,FL,Tmax,12015,Charlotte,2000-2009,84.441,6,2002,2007,1.936,mean
strict_balanced,FL,Tmax,12015,Charlotte,2010-2019,86.015,6,2012,2017,1.972,mean
strict_balanced,FL,Tmax,12015,Charlotte,2020-2025,86.678,6,2020,2025,1.345,mean
strict_balanced,FL,Tmax,12021,Collier,1980-1989,85.188,6,1982,1987,3.891,mean
strict_balanced,FL,Tmax,12021,Collier,1990-1999,84.619,6,1992,1997,6.329,mean
strict_balanced,FL,Tmax,12021,Collier,2000-2009,85.527,6,2002,2007,9.629,mean
strict_balanced,FL,Tmax,12021,Collier,2010-2019,85.898,6,2012,2017,10.485,mean
strict_balanced,FL,Tmax,12021,Collier,2020-2025,86.356,6,2020,2025,7.674,mean
strict_balanced,FL,Tmax,12031,Duval,1980-1989,79.314,6,1982,1987,4.444,mean
strict_balanced,FL,Tmax,12031,Duval,1990-1999,78.881,6,1992,1997,4.954,mean
strict_balanced,FL,Tmax,12031,Duval,2000-2009,78.705,6,2002,2007,4.694,mean
strict_balanced,FL,Tmax,12031,Duval,2010-2019,79.937,6,2012,2017,5.642,mean
strict_balanced,FL,Tmax,12031,Duval,2020-2025,80.648,6,2020,2025,5.738,mean
strict_balanced,FL,Tmax,12033,Escambia,1980-1989,76.612,6,1982,1987,1.999,mean
strict_balanced,FL,Tmax,12033,Escambia,1990-1999,76.99,6,1992,1997,1.998,mean
strict_balanced,FL,Tmax,12033,Escambia,2000-2009,77.521,6,2002,2007,2.736,mean
strict_balanced,FL,Tmax,12033,Escambia,2010-2019,78.163,6,2012,2017,1.561,mean
strict_balanced,FL,Tmax,12033,Escambia,2020-2025,79.054,6,2020,2025,1.886,mean
strict_balanced,FL,Tmax,12049,Hardee,1980-1989,84.806,6,1981,1987,1.0,mean
strict_balanced,FL,Tmax,12049,Hardee,1990-1999,83.767,6,1991,1998,1.0,mean
strict_balanced,FL,Tmax,12049,Hardee,2000-2009,83.57,6,2002,2007,1.0,mean
strict_balanced,FL,Tmax,12049,Hardee,2010-2019,84.148,6,2012,2017,1.0,mean
strict_balanced,FL,Tmax,12049,Hardee,2020-2025,85.384,6,2020,2025,1.0,mean
strict_balanced,FL,Tmax,12053,Hernando,1980-1989,81.749,6,1982,1987,1.721,mean
strict_balanced,FL,Tmax,12053,Hernando,1990-1999,81.905,6,1992,1997,2.167,mean
strict_balanced,FL,Tmax,12053,Hernando,2000-2009,82.194,6,2002,2007,2.877,mean
strict_balanced,FL,Tmax,12053,Hernando,2010-2019,83.602,6,2012,2017,1.551,mean
strict_balanced,FL,Tmax,12053,Hernando,2020-2025,84.7,6,2020,2025,1.0,mean
strict_balanced,FL,Tmax,12055,Highlands,1980-1989,84.108,6,1982,1987,1.896,mean
strict_balanced,FL,Tmax,12055,Highlands,1990-1999,83.66,6,1992,1997,1.985,mean
strict_balanced,FL,Tmax,12055,Highlands,2000-2009,84.161,6,2002,2007,1.999,mean
strict_balanced,FL,Tmax,12055,Highlands,2010-2019,85.39,6,2012,2017,2.763,mean
strict_balanced,FL,Tmax,12055,Highlands,2020-2025,85.905,6,2020,2025,2.37,mean
strict_balanced,FL,Tmax,12057,Hillsborough,1980-1989,82.476,6,1982,1987,2.956,mean
strict_balanced,FL,Tmax,12057,Hillsborough,1990-1999,82.408,6,1992,1997,2.986,mean
strict_balanced,FL,Tmax,12057,Hillsborough,2000-2009,82.35,6,2002,2007,2.937,mean
strict_balanced,FL,Tmax,12057,Hillsborough,2010-2019,83.759,6,2012,2017,2.99,mean
strict_balanced,FL,Tmax,12057,Hillsborough,2020-2025,85.336,6,2020,2025,3.523,mean
strict_balanced,FL,Tmax,12061,Indian River,1980-1989,82.286,6,1982,1987,1.645,mean
strict_balanced,FL,Tmax,12061,Indian River,1990-1999,82.505,6,1992,1997,1.965,mean
strict_balanced,FL,Tmax,12061,Indian River,2000-2009,82.092,6,2002,2007,1.929,mean
strict_balanced,FL,Tmax,12061,Indian River,2010-2019,82.813,6,2012,2017,1.939,mean
strict_balanced,FL,Tmax,12061,Indian River,2020-2025,83.29,6,2020,2025,1.988,mean
strict_balanced,FL,Tmax,12067,Lafayette,1980-1989,80.29,6,1982,1987,1.0,mean
strict_balanced,FL,Tmax,12067,Lafayette,1990-1999,80.411,6,1992,1997,1.0,mean
strict_balanced,FL,Tmax,12067,Lafayette,2000-2009,80.307,6,2002,2007,1.0,mean
strict_balanced,FL,Tmax,12067,Lafayette,2010-2019,81.226,6,2012,2017,1.0,mean
strict_balanced,FL,Tmax,12067,Lafayette,2020-2025,80.664,6,2020,2025,1.0,mean
strict_balanced,FL,Tmax,12069,Lake,1980-1989,81.676,6,1982,1987,1.895,mean
strict_balanced,FL,Tmax,12069,Lake,1990-1999,80.799,6,1992,1997,2.365,mean
strict_balanced,FL,Tmax,12069,Lake,2000-2009,82.19,6,2002,2007,4.059,mean
strict_balanced,FL,Tmax,12069,Lake,2010-2019,83.206,6,2012,2017,4.466,mean
strict_balanced,FL,Tmax,12069,Lake,2020-2025,83.942,6,2020,2025,4.887,mean
strict_balanced,FL,Tmax,12071,Lee,1980-1989,84.167,6,1982,1987,1.0,mean
strict_balanced,FL,Tmax,12071,Lee,1990-1999,85.062,6,1992,1997,1.0,mean
strict_balanced,FL,Tmax,12071,Lee,2000-2009,84.511,6,2002,2007,1.986,mean
strict_balanced,FL,Tmax,12071,Lee,2010-2019,85.136,6,2012,2017,1.994,mean
strict_balanced,FL,Tmax,12071,Lee,2020-2025,85.937,6,2020,2025,1.973,mean
strict_balanced,FL,Tmax,12073,Leon,1980-1989,79.531,6,1982,1987,1.0,mean
strict_balanced,FL,Tmax,12073,Leon,1990-1999,79.491,6,1992,1997,1.0,mean
strict_balanced,FL,Tmax,12073,Leon,2000-2009,80.432,6,2002,2007,1.79,mean
strict_balanced,FL,Tmax,12073,Leon,2010-2019,81.919,6,2012,2017,1.951,mean
strict_balanced,FL,Tmax,12073,Leon,2020-2025,81.316,6,2020,2025,1.976,mean
strict_balanced,FL,Tmax,12075,Levy,1980-1989,82.503,6,1980,1986,1.0,mean
strict_balanced,FL,Tmax,12075,Levy,1990-1999,80.208,6,1992,1997,1.0,mean
strict_balanced,FL,Tmax,12075,Levy,2000-2009,80.086,6,2002,2007,1.785,mean
strict_balanced,FL,Tmax,12075,Levy,2010-2019,81.895,6,2012,2017,1.922,mean
strict_balanced,FL,Tmax,12075,Levy,2020-2025,82.063,6,2020,2025,1.995,mean
strict_balanced,FL,Tmax,12081,Manatee,1980-1989,83.098,6,1982,1987,1.968,mean
strict_balanced,FL,Tmax,12081,Manatee,1990-1999,83.16,6,1992,1997,1.968,mean
strict_balanced,FL,Tmax,12081,Manatee,2000-2009,82.534,6,2002,2007,3.689,mean
strict_balanced,FL,Tmax,12081,Manatee,2010-2019,83.64,6,2012,2017,3.22,mean
strict_balanced,FL,Tmax,12081,Manatee,2020-2025,84.546,6,2020,2025,2.99,mean
strict_balanced,FL,Tmax,12083,Marion,1980-1989,82.386,6,1982,1987,1.0,mean
strict_balanced,FL,Tmax,12083,Marion,1990-1999,82.02,6,1991,1997,1.0,mean
strict_balanced,FL,Tmax,12083,Marion,2000-2009,82.219,6,2002,2007,1.962,mean
strict_balanced,FL,Tmax,12083,Marion,2010-2019,82.906,6,2012,2017,1.56,mean
strict_balanced,FL,Tmax,12083,Marion,2020-2025,83.186,6,2020,2025,1.525,mean
strict_balanced,FL,Tmax,12085,Martin,1980-1989,83.26,6,1982,1987,1.0,mean
strict_balanced,FL,Tmax,12085,Martin,1990-1999,84.145,6,1991,1996,1.0,mean
strict_balanced,FL,Tmax,12085,Martin,2000-2009,82.612,6,2004,2009,1.838,mean
strict_balanced,FL,Tmax,12085,Martin,2010-2019,83.232,6,2012,2017,1.987,mean
strict_balanced,FL,Tmax,12085,Martin,2020-2025,83.865,6,2020,2025,1.978,mean
strict_balanced,FL,Tmax,12086,Miami-Dade,1980-1989,83.533,6,1982,1987,7.254,mean
strict_balanced,FL,Tmax,12086,Miami-Dade,1990-1999,84.08,6,1992,1997,8.019,mean
strict_balanced,FL,Tmax,12086,Miami-Dade,2000-2009,84.28,6,2002,2007,14.378,mean
strict_balanced,FL,Tmax,12086,Miami-Dade,2010-2019,84.926,6,2012,2017,12.796,mean
strict_balanced,FL,Tmax,12086,Miami-Dade,2020-2025,85.481,6,2020,2025,11.768,mean
strict_balanced,FL,Tmax,12087,Monroe,1980-1989,83.029,6,1982,1987,5.0,mean
strict_balanced,FL,Tmax,12087,Monroe,1990-1999,83.377,6,1992,1997,5.622,mean
strict_balanced,FL,Tmax,12087,Monroe,2000-2009,83.302,6,2002,2007,8.341,mean
strict_balanced,FL,Tmax,12087,Monroe,2010-2019,83.522,6,2012,2017,10.085,mean
strict_balanced,FL,Tmax,12087,Monroe,2020-2025,84.94,6,2020,2025,7.982,mean
strict_balanced,FL,Tmax,12091,Okaloosa,1980-1989,78.267,6,1981,1988,1.525,mean
strict_balanced,FL,Tmax,12091,Okaloosa,1990-1999,77.99,6,1992,1997,1.912,mean
strict_balanced,FL,Tmax,12091,Okaloosa,2000-2009,77.474,6,2002,2007,2.945,mean
strict_balanced,FL,Tmax,12091,Okaloosa,2010-2019,78.174,6,2012,2017,2.978,mean
strict_balanced,FL,Tmax,12091,Okaloosa,2020-2025,79.185,6,2020,2025,3.314,mean
strict_balanced,FL,Tmax,12095,Orange,1980-1989,82.539,6,1982,1987,1.0,mean
strict_balanced,FL,Tmax,12095,Orange,1990-1999,82.394,6,1992,1997,1.0,mean
strict_balanced,FL,Tmax,12095,Orange,2000-2009,82.682,6,2002,2007,1.99,mean
strict_balanced,FL,Tmax,12095,Orange,2010-2019,83.966,6,2012,2017,2.643,mean
strict_balanced,FL,Tmax,12095,Orange,2020-2025,84.464,6,2020,2025,2.982,mean
strict_balanced,FL,Tmax,12097,Osceola,1980-1989,83.846,6,1981,1987,1.0,mean
strict_balanced,FL,Tmax,12097,Osceola,1990-1999,82.944,6,1992,1997,1.105,mean
strict_balanced,FL,Tmax,12097,Osceola,2000-2009,82.63,6,2002,2007,1.636,mean
strict_balanced,FL,Tmax,12097,Osceola,2010-2019,83.524,6,2012,2017,1.913,mean
strict_balanced,FL,Tmax,12097,Osceola,2020-2025,84.924,6,2020,2025,1.624,mean
strict_balanced,FL,Tmax,12099,Palm Beach,1980-1989,83.922,6,1982,1987,3.969,mean
strict_balanced,FL,Tmax,12099,Palm Beach,1990-1999,83.446,6,1992,1997,3.874,mean
strict_balanced,FL,Tmax,12099,Palm Beach,2000-2009,83.301,6,2002,2007,6.462,mean
strict_balanced,FL,Tmax,12099,Palm Beach,2010-2019,83.632,6,2012,2017,5.961,mean
strict_balanced,FL,Tmax,12099,Palm Beach,2020-2025,84.385,6,2020,2025,5.509,mean
strict_balanced,FL,Tmax,12101,Pasco,1980-1989,83.994,6,1982,1987,1.0,mean
strict_balanced,FL,Tmax,12101,Pasco,1990-1999,83.098,6,1992,1997,1.248,mean
strict_balanced,FL,Tmax,12101,Pasco,2000-2009,83.978,6,2002,2007,1.0,mean
strict_balanced,FL,Tmax,12101,Pasco,2010-2019,82.406,6,2011,2017,1.0,mean
strict_balanced,FL,Tmax,12101,Pasco,2020-2025,83.149,6,2020,2025,1.0,mean
strict_balanced,FL,Tmax,12103,Pinellas,1980-1989,81.944,6,1982,1987,1.946,mean
strict_balanced,FL,Tmax,12103,Pinellas,1990-1999,82.161,6,1992,1997,1.976,mean
strict_balanced,FL,Tmax,12103,Pinellas,2000-2009,81.26,6,2002,2007,3.932,mean
strict_balanced,FL,Tmax,12103,Pinellas,2010-2019,82.036,6,2012,2017,3.493,mean
strict_balanced,FL,Tmax,12103,Pinellas,2020-2025,82.918,6,2020,2025,3.411,mean
strict_balanced,FL,Tmax,12105,Polk,1980-1989,84.2,6,1982,1987,4.761,mean
strict_balanced,FL,Tmax,12105,Polk,1990-1999,83.575,6,1992,1997,5.048,mean
strict_balanced,FL,Tmax,12105,Polk,2000-2009,83.574,6,2002,2007,4.701,mean
strict_balanced,FL,Tmax,12105,Polk,2010-2019,85.055,6,2012,2017,4.9,mean
strict_balanced,FL,Tmax,12105,Polk,2020-2025,85.461,6,2020,2025,5.07,mean
strict_balanced,FL,Tmax,12109,St. Johns,1980-1989,79.446,6,1982,1987,1.872,mean
strict_balanced,FL,Tmax,12109,St. Johns,1990-1999,79.374,6,1992,1997,1.957,mean
strict_balanced,FL,Tmax,12109,St. Johns,2000-2009,79.911,6,2002,2007,1.978,mean
strict_balanced,FL,Tmax,12109,St. Johns,2010-2019,80.344,6,2012,2017,1.888,mean
strict_balanced,FL,Tmax,12109,St. Johns,2020-2025,80.149,6,2020,2025,2.22,mean
strict_balanced,FL,Tmax,12111,St. Lucie,1980-1989,83.483,6,1982,1987,1.0,mean
strict_balanced,FL,Tmax,12111,St. Lucie,1990-1999,83.813,6,1992,1997,1.0,mean
strict_balanced,FL,Tmax,12111,St. Lucie,2000-2009,81.76,6,2002,2007,2.739,mean
strict_balanced,FL,Tmax,12111,St. Lucie,2010-2019,82.441,6,2012,2017,3.477,mean
strict_balanced,FL,Tmax,12111,St. Lucie,2020-2025,82.984,6,2020,2025,2.952,mean
strict_balanced,FL,Tmax,12113,Santa Rosa,1980-1989,78.017,6,1982,1987,1.997,mean
strict_balanced,FL,Tmax,12113,Santa Rosa,1990-1999,77.441,6,1992,1997,2.163,mean
strict_balanced,FL,Tmax,12113,Santa Rosa,2000-2009,78.482,6,2002,2007,2.259,mean
strict_balanced,FL,Tmax,12113,Santa Rosa,2010-2019,79.135,6,2012,2017,3.265,mean
strict_balanced,FL,Tmax,12113,Santa Rosa,2020-2025,79.193,6,2020,2025,3.007,mean
strict_balanced,FL,Tmax,12115,Sarasota,1980-1989,83.651,6,1982,1987,1.951,mean
strict_balanced,FL,Tmax,12115,Sarasota,1990-1999,85.126,6,1992,1997,1.786,mean
strict_balanced,FL,Tmax,12115,Sarasota,2000-2009,83.944,6,2002,2007,1.938,mean
strict_balanced,FL,Tmax,12115,Sarasota,2010-2019,84.997,6,2012,2017,1.928,mean
strict_balanced,FL,Tmax,12115,Sarasota,2020-2025,84.408,6,2020,2025,2.474,mean
strict_balanced,FL,Tmax,12117,Seminole,1980-1989,81.474,6,1982,1987,1.0,mean
strict_balanced,FL,Tmax,12117,Seminole,1990-1999,81.829,6,1992,1997,1.0,mean
strict_balanced,FL,Tmax,12117,Seminole,2000-2009,82.874,6,2002,2007,1.957,mean
strict_balanced,FL,Tmax,12117,Seminole,2010-2019,83.438,6,2012,2017,1.993,mean
strict_balanced,FL,Tmax,12117,Seminole,2020-2025,83.722,6,2020,2025,1.962,mean
strict_balanced,FL,Tmax,12127,Volusia,1980-1989,80.871,6,1982,1987,1.923,mean
strict_balanced,FL,Tmax,12127,Volusia,1990-1999,80.154,6,1992,1997,1.983,mean
strict_balanced,FL,Tmax,12127,Volusia,2000-2009,80.477,6,2002,2007,3.784,mean
strict_balanced,FL,Tmax,12127,Volusia,2010-2019,81.391,6,2012,2017,3.722,mean
strict_balanced,FL,Tmax,12127,Volusia,2020-2025,81.17,6,2020,2025,3.799,mean
strict_balanced,FL,Tmin,12001,Alachua,1980-1989,57.294,6,1982,1987,2.634,mean
strict_balanced,FL,Tmin,12001,Alachua,1990-1999,57.127,6,1992,1997,2.947,mean
strict_balanced,FL,Tmin,12001,Alachua,2000-2009,57.362,6,2002,2007,1.949,mean
strict_balanced,FL,Tmin,12001,Alachua,2010-2019,58.376,6,2012,2017,1.476,mean
strict_balanced,FL,Tmin,12001,Alachua,2020-2025,59.303,6,2020,2025,1.0,mean
strict_balanced,FL,Tmin,12005,Bay,1980-1989,54.869,6,1982,1987,1.761,mean
strict_balanced,FL,Tmin,12005,Bay,1990-1999,55.89,6,1992,1997,1.0,mean
strict_balanced,FL,Tmin,12005,Bay,2000-2009,60.286,6,2002,2007,1.899,mean
strict_balanced,FL,Tmin,12005,Bay,2010-2019,59.376,6,2012,2017,1.986,mean
strict_balanced,FL,Tmin,12005,Bay,2020-2025,60.349,6,2020,2025,1.776,mean
strict_balanced,FL,Tmin,12009,Brevard,1980-1989,62.796,6,1982,1987,1.952,mean
strict_balanced,FL,Tmin,12009,Brevard,1990-1999,62.446,6,1992,1997,1.953,mean
strict_balanced,FL,Tmin,12009,Brevard,2000-2009,63.619,6,2002,2007,4.25,mean
strict_balanced,FL,Tmin,12009,Brevard,2010-2019,64.375,6,2012,2017,7.718,mean
strict_balanced,FL,Tmin,12009,Brevard,2020-2025,64.915,6,2020,2025,7.336,mean
strict_balanced,FL,Tmin,12011,Broward,1980-1989,68.186,6,1982,1987,1.892,mean
strict_balanced,FL,Tmin,12011,Broward,1990-1999,67.825,6,1992,1997,2.591,mean
strict_balanced,FL,Tmin,12011,Broward,2000-2009,68.969,6,2002,2007,8.764,mean
strict_balanced,FL,Tmin,12011,Broward,2010-2019,70.469,6,2012,2017,6.964,mean
strict_balanced,FL,Tmin,12011,Broward,2020-2025,71.069,6,2020,2025,6.516,mean
strict_balanced,FL,Tmin,12015,Charlotte,1980-1989,63.604,6,1982,1987,1.0,mean
strict_balanced,FL,Tmin,12015,Charlotte,1990-1999,64.16,6,1992,1997,1.201,mean
strict_balanced,FL,Tmin,12015,Charlotte,2000-2009,63.301,6,2002,2007,1.937,mean
strict_balanced,FL,Tmin,12015,Charlotte,2010-2019,64.441,6,2012,2017,1.972,mean
strict_balanced,FL,Tmin,12015,Charlotte,2020-2025,65.546,6,2020,2025,1.345,mean
strict_balanced,FL,Tmin,12021,Collier,1980-1989,64.34,6,1982,1987,3.891,mean
strict_balanced,FL,Tmin,12021,Collier,1990-1999,65.57,6,1992,1997,6.329,mean
strict_balanced,FL,Tmin,12021,Collier,2000-2009,65.254,6,2002,2007,9.629,mean
strict_balanced,FL,Tmin,12021,Collier,2010-2019,66.409,6,2012,2017,10.485,mean
strict_balanced,FL,Tmin,12021,Collier,2020-2025,67.185,6,2020,2025,7.674,mean
strict_balanced,FL,Tmin,12031,Duval,1980-1989,59.796,6,1982,1987,4.444,mean
strict_balanced,FL,Tmin,12031,Duval,1990-1999,60.218,6,1992,1997,4.954,mean
strict_balanced,FL,Tmin,12031,Duval,2000-2009,61.143,6,2002,2007,4.694,mean
strict_balanced,FL,Tmin,12031,Duval,2010-2019,62.103,6,2012,2017,5.642,mean
strict_balanced,FL,Tmin,12031,Duval,2020-2025,62.559,6,2020,2025,5.738,mean
strict_balanced,FL,Tmin,12033,Escambia,1980-1989,58.788,6,1982,1987,1.999,mean
strict_balanced,FL,Tmin,12033,Escambia,1990-1999,58.84,6,1992,1997,1.998,mean
strict_balanced,FL,Tmin,12033,Escambia,2000-2009,59.572,6,2002,2007,2.736,mean
strict_balanced,FL,Tmin,12033,Escambia,2010-2019,60.842,6,2012,2017,1.561,mean
strict_balanced,FL,Tmin,12033,Escambia,2020-2025,61.513,6,2020,2025,1.886,mean
strict_balanced,FL,Tmin,12049,Hardee,1980-1989,61.602,6,1982,1987,1.0,mean
strict_balanced,FL,Tmin,12049,Hardee,1990-1999,61.508,6,1991,1998,1.0,mean
strict_balanced,FL,Tmin,12049,Hardee,2000-2009,60.178,6,2002,2007,1.0,mean
strict_balanced,FL,Tmin,12049,Hardee,2010-2019,61.059,6,2012,2017,1.0,mean
strict_balanced,FL,Tmin,12049,Hardee,2020-2025,61.883,6,2020,2025,1.0,mean
strict_balanced,FL,Tmin,12051,Hendry,1980-1989,62.76,6,1982,1987,2.893,mean
strict_balanced,FL,Tmin,12051,Hendry,1990-1999,62.641,6,1992,1997,2.46,mean
strict_balanced,FL,Tmin,12051,Hendry,2000-2009,63.219,6,2002,2007,3.31,mean
strict_balanced,FL,Tmin,12051,Hendry,2010-2019,63.962,6,2012,2017,3.747,mean
strict_balanced,FL,Tmin,12051,Hendry,2020-2025,65.296,6,2020,2025,1.0,mean
strict_balanced,FL,Tmin,12053,Hernando,1980-1989,59.384,6,1982,1987,1.724,mean
strict_balanced,FL,Tmin,12053,Hernando,1990-1999,60.282,6,1992,1997,2.167,mean
strict_balanced,FL,Tmin,12053,Hernando,2000-2009,59.966,6,2002,2007,2.877,mean
strict_balanced,FL,Tmin,12053,Hernando,2010-2019,61.403,6,2012,2017,1.551,mean
strict_balanced,FL,Tmin,12053,Hernando,2020-2025,60.967,6,2020,2025,1.0,mean
strict_balanced,FL,Tmin,12055,Highlands,1980-1989,59.988,6,1982,1987,1.896,mean
strict_balanced,FL,Tmin,12055,Highlands,1990-1999,60.345,6,1992,1997,1.985,mean
strict_balanced,FL,Tmin,12055,Highlands,2000-2009,60.708,6,2002,2007,1.999,mean
strict_balanced,FL,Tmin,12055,Highlands,2010-2019,61.949,6,2012,2017,2.763,mean
strict_balanced,FL,Tmin,12055,Highlands,2020-2025,62.434,6,2020,2025,2.37,mean
strict_balanced,FL,Tmin,12057,Hillsborough,1980-1989,62.344,6,1982,1987,2.956,mean
strict_balanced,FL,Tmin,12057,Hillsborough,1990-1999,62.946,6,1992,1997,2.986,mean
strict_balanced,FL,Tmin,12057,Hillsborough,2000-2009,63.389,6,2002,2007,2.937,mean
strict_balanced,FL,Tmin,12057,Hillsborough,2010-2019,65.162,6,2012,2017,2.99,mean
strict_balanced,FL,Tmin,12057,Hillsborough,2020-2025,65.992,6,2020,2025,3.523,mean
strict_balanced,FL,Tmin,12061,Indian River,1980-1989,63.267,6,1982,1987,1.645,mean
strict_balanced,FL,Tmin,12061,Indian River,1990-1999,63.76,6,1992,1997,1.965,mean
strict_balanced,FL,Tmin,12061,Indian River,2000-2009,64.026,6,2002,2007,1.929,mean
strict_balanced,FL,Tmin,12061,Indian River,2010-2019,65.674,6,2012,2017,1.939,mean
strict_balanced,FL,Tmin,12061,Indian River,2020-2025,66.384,6,2020,2025,1.988,mean
strict_balanced,FL,Tmin,12069,Lake,1980-1989,61.072,6,1982,1987,1.896,mean
strict_balanced,FL,Tmin,12069,Lake,1990-1999,60.82,6,1992,1997,2.365,mean
strict_balanced,FL,Tmin,12069,Lake,2000-2009,60.802,6,2002,2007,4.059,mean
strict_balanced,FL,Tmin,12069,Lake,2010-2019,61.772,6,2012,2017,4.466,mean
strict_balanced,FL,Tmin,12069,Lake,2020-2025,62.404,6,2020,2025,4.887,mean
strict_balanced,FL,Tmin,12071,Lee,1980-1989,65.512,6,1982,1987,1.0,mean
strict_balanced,FL,Tmin,12071,Lee,1990-1999,66.139,6,1992,1997,1.0,mean
strict_balanced,FL,Tmin,12071,Lee,2000-2009,65.522,6,2002,2007,1.986,mean
strict_balanced,FL,Tmin,12071,Lee,2010-2019,66.489,6,2012,2017,1.994,mean
strict_balanced,FL,Tmin,12071,Lee,2020-2025,67.402,6,2020,2025,1.973,mean
strict_balanced,FL,Tmin,12073,Leon,1980-1989,55.646,6,1982,1987,1.0,mean
strict_balanced,FL,Tmin,12073,Leon,1990-1999,55.759,6,1992,1997,1.0,mean
strict_balanced,FL,Tmin,12073,Leon,2000-2009,56.058,6,2002,2007,1.79,mean
strict_balanced,FL,Tmin,12073,Leon,2010-2019,57.759,6,2012,2017,1.951,mean
strict_balanced,FL,Tmin,12073,Leon,2020-2025,58.092,6,2020,2025,1.976,mean
strict_balanced,FL,Tmin,12075,Levy,1980-1989,55.98,6,1981,1986,1.0,mean
strict_balanced,FL,Tmin,12075,Levy,1990-1999,58.647,6,1992,1997,1.0,mean
strict_balanced,FL,Tmin,12075,Levy,2000-2009,58.141,6,2002,2007,1.785,mean
strict_balanced,FL,Tmin,12075,Levy,2010-2019,59.796,6,2012,2017,1.922,mean
strict_balanced,FL,Tmin,12075,Levy,2020-2025,59.986,6,2020,2025,1.995,mean
strict_balanced,FL,Tmin,12081,Manatee,1980-1989,61.783,6,1982,1987,1.968,mean
strict_balanced,FL,Tmin,12081,Manatee,1990-1999,61.948,6,1992,1997,1.968,mean
strict_balanced,FL,Tmin,12081,Manatee,2000-2009,62.99,6,2002,2007,3.689,mean
strict_balanced,FL,Tmin,12081,Manatee,2010-2019,64.472,6,2012,2017,3.22,mean
strict_balanced,FL,Tmin,12081,Manatee,2020-2025,65.425,6,2020,2025,2.99,mean
strict_balanced,FL,Tmin,12083,Marion,1980-1989,58.493,6,1982,1987,1.0,mean
strict_balanced,FL,Tmin,12083,Marion,1990-1999,59.917,6,1992,1997,1.0,mean
strict_balanced,FL,Tmin,12083,Marion,2000-2009,58.746,6,2002,2007,1.963,mean
strict_balanced,FL,Tmin,12083,Marion,2010-2019,59.449,6,2011,2017,1.662,mean
strict_balanced,FL,Tmin,12083,Marion,2020-2025,61.469,6,2020,2025,1.525,mean
strict_balanced,FL,Tmin,12085,Martin,1980-1989,65.802,6,1982,1987,1.0,mean
strict_balanced,FL,Tmin,12085,Martin,1990-1999,67.124,6,1991,1996,1.0,mean
strict_balanced,FL,Tmin,12085,Martin,2000-2009,65.661,6,2004,2009,1.844,mean
strict_balanced,FL,Tmin,12085,Martin,2010-2019,66.776,6,2012,2017,1.987,mean
strict_balanced,FL,Tmin,12085,Martin,2020-2025,68.0,6,2020,2025,1.978,mean
strict_balanced,FL,Tmin,12086,Miami-Dade,1980-1989,68.11,6,1982,1987,7.254,mean
strict_balanced,FL,Tmin,12086,Miami-Dade,1990-1999,68.956,6,1992,1997,8.019,mean
strict_balanced,FL,Tmin,12086,Miami-Dade,2000-2009,67.758,6,2002,2007,14.378,mean
strict_balanced,FL,Tmin,12086,Miami-Dade,2010-2019,69.36,6,2012,2017,12.796,mean
strict_balanced,FL,Tmin,12086,Miami-Dade,2020-2025,70.17,6,2020,2025,11.768,mean
strict_balanced,FL,Tmin,12087,Monroe,1980-1989,71.298,6,1982,1987,5.0,mean
strict_balanced,FL,Tmin,12087,Monroe,1990-1999,71.315,6,1992,1997,5.622,mean
strict_balanced,FL,Tmin,12087,Monroe,2000-2009,72.026,6,2002,2007,8.341,mean
strict_balanced,FL,Tmin,12087,Monroe,2010-2019,73.15,6,2012,2017,10.085,mean
strict_balanced,FL,Tmin,12087,Monroe,2020-2025,74.34,6,2020,2025,7.982,mean
strict_balanced,FL,Tmin,12091,Okaloosa,1980-1989,54.335,6,1980,1985,1.69,mean
strict_balanced,FL,Tmin,12091,Okaloosa,1990-1999,55.392,6,1992,1997,1.912,mean
strict_balanced,FL,Tmin,12091,Okaloosa,2000-2009,56.852,6,2002,2007,2.945,mean
strict_balanced,FL,Tmin,12091,Okaloosa,2010-2019,58.449,6,2012,2017,2.978,mean
strict_balanced,FL,Tmin,12091,Okaloosa,2020-2025,59.095,6,2020,2025,3.314,mean
strict_balanced,FL,Tmin,12095,Orange,1980-1989,62.639,6,1982,1987,1.0,mean
strict_balanced,FL,Tmin,12095,Orange,1990-1999,63.048,6,1992,1997,1.0,mean
strict_balanced,FL,Tmin,12095,Orange,2000-2009,63.746,6,2002,2007,1.99,mean
strict_balanced,FL,Tmin,12095,Orange,2010-2019,64.409,6,2012,2017,2.643,mean
strict_balanced,FL,Tmin,12095,Orange,2020-2025,64.944,6,2020,2025,2.982,mean
strict_balanced,FL,Tmin,12097,Osceola,1980-1989,62.32,6,1982,1987,1.0,mean
strict_balanced,FL,Tmin,12097,Osceola,1990-1999,62.523,6,1992,1997,1.106,mean
strict_balanced,FL,Tmin,12097,Osceola,2000-2009,60.91,6,2003,2008,1.74,mean
strict_balanced,FL,Tmin,12097,Osceola,2010-2019,63.363,6,2012,2017,1.914,mean
strict_balanced,FL,Tmin,12097,Osceola,2020-2025,63.864,6,2020,2025,1.632,mean
strict_balanced,FL,Tmin,12099,Palm Beach,1980-1989,64.032,6,1982,1987,3.969,mean
strict_balanced,FL,Tmin,12099,Palm Beach,1990-1999,65.474,6,1992,1997,3.874,mean
strict_balanced,FL,Tmin,12099,Palm Beach,2000-2009,65.81,6,2002,2007,6.462,mean
strict_balanced,FL,Tmin,12099,Palm Beach,2010-2019,67.536,6,2012,2017,5.961,mean
strict_balanced,FL,Tmin,12099,Palm Beach,2020-2025,68.139,6,2020,2025,5.509,mean
strict_balanced,FL,Tmin,12101,Pasco,1980-1989,61.893,6,1982,1987,1.0,mean
strict_balanced,FL,Tmin,12101,Pasco,1990-1999,61.63,6,1992,1997,1.248,mean
strict_balanced,FL,Tmin,12101,Pasco,2000-2009,62.578,6,2002,2007,1.0,mean
strict_balanced,FL,Tmin,12101,Pasco,2010-2019,62.479,6,2011,2017,1.0,mean
strict_balanced,FL,Tmin,12101,Pasco,2020-2025,63.674,6,2020,2025,1.0,mean
strict_balanced,FL,Tmin,12103,Pinellas,1980-1989,64.817,6,1982,1987,1.946,mean
strict_balanced,FL,Tmin,12103,Pinellas,1990-1999,65.051,6,1992,1997,1.976,mean
strict_balanced,FL,Tmin,12103,Pinellas,2000-2009,66.64,6,2002,2007,3.932,mean
strict_balanced,FL,Tmin,12103,Pinellas,2010-2019,67.27,6,2012,2017,3.493,mean
strict_balanced,FL,Tmin,12103,Pinellas,2020-2025,66.998,6,2020,2025,3.411,mean
strict_balanced,FL,Tmin,12105,Polk,1980-1989,61.544,6,1982,1987,4.761,mean
strict_balanced,FL,Tmin,12105,Polk,1990-1999,62.839,6,1992,1997,5.048,mean
strict_balanced,FL,Tmin,12105,Polk,2000-2009,63.673,6,2002,2007,4.701,mean
strict_balanced,FL,Tmin,12105,Polk,2010-2019,64.344,6,2012,2017,4.9,mean
strict_balanced,FL,Tmin,12105,Polk,2020-2025,64.752,6,2020,2025,5.07,mean
strict_balanced,FL,Tmin,12109,St. Johns,1980-1989,59.355,6,1982,1987,1.872,mean
strict_balanced,FL,Tmin,12109,St. Johns,1990-1999,59.01,6,1992,1997,1.957,mean
strict_balanced,FL,Tmin,12109,St. Johns,2000-2009,60.247,6,2002,2007,1.978,mean
strict_balanced,FL,Tmin,12109,St. Johns,2010-2019,61.122,6,2012,2017,1.888,mean
strict_balanced,FL,Tmin,12109,St. Johns,2020-2025,62.252,6,2020,2025,2.22,mean
strict_balanced,FL,Tmin,12111,St. Lucie,1980-1989,63.43,6,1982,1987,1.0,mean
strict_balanced,FL,Tmin,12111,St. Lucie,1990-1999,61.946,6,1992,1997,1.0,mean
strict_balanced,FL,Tmin,12111,St. Lucie,2000-2009,63.553,6,2002,2007,2.741,mean
strict_balanced,FL,Tmin,12111,St. Lucie,2010-2019,66.073,6,2012,2017,3.477,mean
strict_balanced,FL,Tmin,12111,St. Lucie,2020-2025,67.568,6,2020,2025,2.952,mean
strict_balanced,FL,Tmin,12113,Santa Rosa,1980-1989,56.359,6,1982,1987,1.997,mean
strict_balanced,FL,Tmin,12113,Santa Rosa,1990-1999,56.048,6,1992,1997,2.163,mean
strict_balanced,FL,Tmin,12113,Santa Rosa,2000-2009,56.532,6,2002,2007,2.266,mean
strict_balanced,FL,Tmin,12113,Santa Rosa,2010-2019,58.745,6,2012,2017,3.265,mean
strict_balanced,FL,Tmin,12113,Santa Rosa,2020-2025,59.812,6,2020,2025,3.01,mean
strict_balanced,FL,Tmin,12115,Sarasota,1980-1989,62.417,6,1982,1987,1.952,mean
strict_balanced,FL,Tmin,12115,Sarasota,1990-1999,62.818,6,1992,1997,1.786,mean
strict_balanced,FL,Tmin,12115,Sarasota,2000-2009,62.856,6,2002,2007,1.938,mean
strict_balanced,FL,Tmin,12115,Sarasota,2010-2019,64.553,6,2012,2017,1.928,mean
strict_balanced,FL,Tmin,12115,Sarasota,2020-2025,64.495,6,2020,2025,2.474,mean
strict_balanced,FL,Tmin,12117,Seminole,1980-1989,61.149,6,1982,1987,1.0,mean
strict_balanced,FL,Tmin,12117,Seminole,1990-1999,61.649,6,1992,1997,1.0,mean
strict_balanced,FL,Tmin,12117,Seminole,2000-2009,63.083,6,2002,2007,1.958,mean
strict_balanced,FL,Tmin,12117,Seminole,2010-2019,63.974,6,2012,2017,1.993,mean
strict_balanced,FL,Tmin,12117,Seminole,2020-2025,64.856,6,2020,2025,1.962,mean
strict_balanced,FL,Tmin,12127,Volusia,1980-1989,59.921,6,1982,1987,1.923,mean
strict_balanced,FL,Tmin,12127,Volusia,1990-1999,61.222,6,1992,1997,1.983,mean
strict_balanced,FL,Tmin,12127,Volusia,2000-2009,61.976,6,2002,2007,3.784,mean
strict_balanced,FL,Tmin,12127,Volusia,2010-2019,63.821,6,2012,2017,3.722,mean
strict_balanced,FL,Tmin,12127,Volusia,2020-2025,64.504,6,2020,2025,3.799,mean
strict_balanced,LA,Tavg,22007,Assumption,1980-1989,67.749,6,1982,1987,1.0,mean
strict_balanced,LA,Tavg,22007,Assumption,1990-1999,67.441,6,1992,1997,1.0,mean
strict_balanced,LA,Tavg,22007,Assumption,2000-2009,68.331,6,2002,2007,1.0,mean
strict_balanced,LA,Tavg,22007,Assumption,2010-2019,68.697,6,2012,2017,1.0,mean
strict_balanced,LA,Tavg,22007,Assumption,2020-2025,69.618,6,2020,2025,1.0,mean
strict_balanced,LA,Tavg,22009,Avoyelles,1980-1989,66.437,6,1982,1987,1.0,mean
strict_balanced,LA,Tavg,22009,Avoyelles,1990-1999,66.41,6,1992,1997,1.0,mean
strict_balanced,LA,Tavg,22009,Avoyelles,2000-2009,67.689,6,2002,2007,1.0,mean
strict_balanced,LA,Tavg,22009,Avoyelles,2010-2019,67.53,6,2012,2017,1.0,mean
strict_balanced,LA,Tavg,22009,Avoyelles,2020-2025,67.478,6,2020,2025,1.0,mean
strict_balanced,LA,Tavg,22013,Bienville,1980-1989,63.808,6,1982,1987,1.0,mean
strict_balanced,LA,Tavg,22013,Bienville,1990-1999,63.981,6,1992,1997,1.0,mean
strict_balanced,LA,Tavg,22013,Bienville,2000-2009,64.825,6,2001,2008,1.0,mean
strict_balanced,LA,Tavg,22013,Bienville,2010-2019,66.154,6,2012,2017,1.0,mean
strict_balanced,LA,Tavg,22013,Bienville,2020-2025,66.341,6,2020,2025,1.0,mean
strict_balanced,LA,Tavg,22015,Bossier,1980-1989,63.846,6,1982,1987,2.0,mean
strict_balanced,LA,Tavg,22015,Bossier,1990-1999,64.088,6,1992,1997,2.094,mean
strict_balanced,LA,Tavg,22015,Bossier,2000-2009,65.884,6,2002,2007,2.473,mean
strict_balanced,LA,Tavg,22015,Bossier,2010-2019,66.065,6,2012,2017,2.965,mean
strict_balanced,LA,Tavg,22015,Bossier,2020-2025,67.868,6,2020,2025,2.183,mean
strict_balanced,LA,Tavg,22017,Caddo,1980-1989,65.251,6,1982,1987,1.0,mean
strict_balanced,LA,Tavg,22017,Caddo,1990-1999,65.298,6,1992,1997,1.152,mean
strict_balanced,LA,Tavg,22017,Caddo,2000-2009,65.984,6,2002,2007,3.71,mean
strict_balanced,LA,Tavg,22017,Caddo,2010-2019,66.267,6,2012,2017,4.074,mean
strict_balanced,LA,Tavg,22017,Caddo,2020-2025,66.769,6,2020,2025,4.684,mean
strict_balanced,LA,Tavg,22019,Calcasieu,1980-1989,67.269,6,1982,1987,1.992,mean
strict_balanced,LA,Tavg,22019,Calcasieu,1990-1999,68.084,6,1992,1997,1.415,mean
strict_balanced,LA,Tavg,22019,Calcasieu,2000-2009,68.763,6,2002,2007,1.272,mean
strict_balanced,LA,Tavg,22019,Calcasieu,2010-2019,68.974,6,2012,2017,2.561,mean
strict_balanced,LA,Tavg,22019,Calcasieu,2020-2025,69.774,6,2020,2025,2.15,mean
strict_balanced,LA,Tavg,22027,Claiborne,1980-1989,63.204,6,1982,1987,1.0,mean
strict_balanced,LA,Tavg,22027,Claiborne,1990-1999,63.365,6,1992,1997,1.0,mean
strict_balanced,LA,Tavg,22027,Claiborne,2000-2009,63.715,6,2002,2007,1.784,mean
strict_balanced,LA,Tavg,22027,Claiborne,2010-2019,64.299,6,2012,2017,1.891,mean
strict_balanced,LA,Tavg,22027,Claiborne,2020-2025,65.139,6,2020,2025,1.988,mean
strict_balanced,LA,Tavg,22033,East Baton Rouge,1980-1989,67.3,6,1982,1987,1.997,mean
strict_balanced,LA,Tavg,22033,East Baton Rouge,1990-1999,67.206,6,1992,1997,1.989,mean
strict_balanced,LA,Tavg,22033,East Baton Rouge,2000-2009,68.414,6,2002,2007,1.986,mean
strict_balanced,LA,Tavg,22033,East Baton Rouge,2010-2019,68.499,6,2012,2017,2.0,mean
strict_balanced,LA,Tavg,22033,East Baton Rouge,2020-2025,70.476,6,2020,2025,1.0,mean
strict_balanced,LA,Tavg,22045,Iberia,1980-1989,67.809,6,1982,1987,1.992,mean
strict_balanced,LA,Tavg,22045,Iberia,1990-1999,67.67,6,1992,1997,1.961,mean
strict_balanced,LA,Tavg,22045,Iberia,2000-2009,68.876,6,2002,2007,2.822,mean
strict_balanced,LA,Tavg,22045,Iberia,2010-2019,69.296,6,2012,2017,1.994,mean
strict_balanced,LA,Tavg,22045,Iberia,2020-2025,69.628,6,2020,2025,2.323,mean
strict_balanced,LA,Tavg,22047,Iberville,1980-1989,67.649,6,1982,1987,1.0,mean
strict_balanced,LA,Tavg,22047,Iberville,1990-1999,67.853,6,1992,1997,1.0,mean
strict_balanced,LA,Tavg,22047,Iberville,2000-2009,69.208,6,2001,2007,1.0,mean
strict_balanced,LA,Tavg,22047,Iberville,2010-2019,69.192,6,2012,2017,1.0,mean
strict_balanced,LA,Tavg,22047,Iberville,2020-2025,70.226,6,2020,2025,1.0,mean
strict_balanced,LA,Tavg,22051,Jefferson,1980-1989,68.176,6,1982,1987,1.0,mean
strict_balanced,LA,Tavg,22051,Jefferson,1990-1999,68.538,6,1992,1997,2.006,mean
strict_balanced,LA,Tavg,22051,Jefferson,2000-2009,69.806,6,2002,2007,2.796,mean
strict_balanced,LA,Tavg,22051,Jefferson,2010-2019,70.558,6,2012,2017,3.037,mean
strict_balanced,LA,Tavg,22051,Jefferson,2020-2025,72.152,6,2020,2025,1.091,mean
strict_balanced,LA,Tavg,22053,Jefferson Davis,1980-1989,67.183,6,1982,1987,1.0,mean
strict_balanced,LA,Tavg,22053,Jefferson Davis,1990-1999,66.802,6,1992,1997,1.0,mean
strict_balanced,LA,Tavg,22053,Jefferson Davis,2000-2009,67.86,6,2002,2007,1.0,mean
strict_balanced,LA,Tavg,22053,Jefferson Davis,2010-2019,68.793,6,2012,2017,1.0,mean
strict_balanced,LA,Tavg,22053,Jefferson Davis,2020-2025,68.948,6,2020,2025,1.0,mean
strict_balanced,LA,Tavg,22055,Lafayette,1980-1989,67.976,6,1982,1987,1.0,mean
strict_balanced,LA,Tavg,22055,Lafayette,1990-1999,68.027,6,1992,1997,1.995,mean
strict_balanced,LA,Tavg,22055,Lafayette,2000-2009,68.7,6,2002,2007,1.996,mean
strict_balanced,LA,Tavg,22055,Lafayette,2010-2019,69.71,6,2012,2017,1.627,mean
strict_balanced,LA,Tavg,22055,Lafayette,2020-2025,70.789,6,2020,2025,1.0,mean
strict_balanced,LA,Tavg,22057,Lafourche,1980-1989,68.785,6,1982,1987,1.952,mean
strict_balanced,LA,Tavg,22057,Lafourche,1990-1999,68.3,6,1992,1997,1.987,mean
strict_balanced,LA,Tavg,22057,Lafourche,2000-2009,69.368,6,2002,2007,1.972,mean
strict_balanced,LA,Tavg,22057,Lafourche,2010-2019,69.568,6,2012,2017,1.939,mean
strict_balanced,LA,Tavg,22057,Lafourche,2020-2025,70.522,6,2020,2025,1.182,mean
strict_balanced,LA,Tavg,22065,Madison,1980-1989,64.298,6,1982,1987,1.0,mean
strict_balanced,LA,Tavg,22065,Madison,1990-1999,64.209,6,1992,1997,1.245,mean
strict_balanced,LA,Tavg,22065,Madison,2000-2009,65.287,6,2002,2007,1.958,mean
strict_balanced,LA,Tavg,22065,Madison,2010-2019,66.419,6,2012,2017,1.874,mean
strict_balanced,LA,Tavg,22065,Madison,2020-2025,67.851,6,2020,2025,1.054,mean
strict_balanced,LA,Tavg,22069,Natchitoches,1980-1989,64.436,6,1982,1987,1.996,mean
strict_balanced,LA,Tavg,22069,Natchitoches,1990-1999,64.591,6,1992,1997,1.995,mean
strict_balanced,LA,Tavg,22069,Natchitoches,2000-2009,66.231,6,2002,2007,2.922,mean
strict_balanced,LA,Tavg,22069,Natchitoches,2010-2019,66.962,6,2012,2017,2.382,mean
strict_balanced,LA,Tavg,22069,Natchitoches,2020-2025,68.363,6,2020,2025,1.989,mean
strict_balanced,LA,Tavg,22071,Orleans,1980-1989,69.452,6,1982,1987,1.93,mean
strict_balanced,LA,Tavg,22071,Orleans,1990-1999,70.32,6,1992,1997,1.963,mean
strict_balanced,LA,Tavg,22071,Orleans,2000-2009,71.707,6,2001,2007,1.838,mean
strict_balanced,LA,Tavg,22071,Orleans,2010-2019,71.846,6,2012,2017,1.769,mean
strict_balanced,LA,Tavg,22071,Orleans,2020-2025,72.433,6,2020,2025,1.976,mean
strict_balanced,LA,Tavg,22073,Ouachita,1980-1989,64.551,6,1982,1987,2.998,mean
strict_balanced,LA,Tavg,22073,Ouachita,1990-1999,64.55,6,1992,1997,3.537,mean
strict_balanced,LA,Tavg,22073,Ouachita,2000-2009,65.048,6,2002,2007,3.013,mean
strict_balanced,LA,Tavg,22073,Ouachita,2010-2019,65.687,6,2012,2017,1.707,mean
strict_balanced,LA,Tavg,22073,Ouachita,2020-2025,67.578,6,2020,2025,1.289,mean
strict_balanced,LA,Tavg,22077,Pointe Coupee,1980-1989,66.57,6,1982,1987,2.325,mean
strict_balanced,LA,Tavg,22077,Pointe Coupee,1990-1999,66.253,6,1992,1997,1.0,mean
strict_balanced,LA,Tavg,22077,Pointe Coupee,2000-2009,68.194,6,2001,2007,1.0,mean
strict_balanced,LA,Tavg,22077,Pointe Coupee,2010-2019,68.42,6,2012,2017,1.0,mean
strict_balanced,LA,Tavg,22077,Pointe Coupee,2020-2025,69.84,6,2020,2025,1.0,mean
strict_balanced,LA,Tavg,22079,Rapides,1980-1989,66.504,6,1982,1987,3.558,mean
strict_balanced,LA,Tavg,22079,Rapides,1990-1999,66.511,6,1992,1997,4.631,mean
strict_balanced,LA,Tavg,22079,Rapides,2000-2009,66.758,6,2002,2007,6.976,mean
strict_balanced,LA,Tavg,22079,Rapides,2010-2019,67.293,6,2012,2017,6.108,mean
strict_balanced,LA,Tavg,22079,Rapides,2020-2025,67.829,6,2020,2025,5.923,mean
strict_balanced,LA,Tavg,22103,St. Tammany,1980-1989,67.419,6,1982,1987,1.997,mean
strict_balanced,LA,Tavg,22103,St. Tammany,1990-1999,67.155,6,1992,1997,2.612,mean
strict_balanced,LA,Tavg,22103,St. Tammany,2000-2009,67.75,6,2002,2007,3.773,mean
strict_balanced,LA,Tavg,22103,St. Tammany,2010-2019,68.359,6,2012,2017,3.046,mean
strict_balanced,LA,Tavg,22103,St. Tammany,2020-2025,69.467,6,2020,2025,3.466,mean
strict_balanced,LA,Tavg,22115,Vernon,1980-1989,65.832,6,1982,1987,1.998,mean
strict_balanced,LA,Tavg,22115,Vernon,1990-1999,65.677,6,1992,1997,1.99,mean
strict_balanced,LA,Tavg,22115,Vernon,2000-2009,66.929,6,2002,2007,3.909,mean
strict_balanced,LA,Tavg,22115,Vernon,2010-2019,67.851,6,2012,2017,4.273,mean
strict_balanced,LA,Tavg,22115,Vernon,2020-2025,68.844,6,2020,2025,3.971,mean
strict_balanced,LA,Tavg,22127,Winn,1980-1989,65.204,6,1982,1987,1.0,mean
strict_balanced,LA,Tavg,22127,Winn,1990-1999,64.128,6,1991,1997,1.0,mean
strict_balanced,LA,Tavg,22127,Winn,2000-2009,66.195,6,2002,2007,1.738,mean
strict_balanced,LA,Tavg,22127,Winn,2010-2019,67.465,6,2012,2017,1.0,mean
strict_balanced,LA,Tavg,22127,Winn,2020-2025,68.574,6,2020,2025,1.0,mean
strict_balanced,LA,Tmax,22007,Assumption,1980-1989,77.36,6,1982,1987,1.0,mean
strict_balanced,LA,Tmax,22007,Assumption,1990-1999,77.455,6,1992,1997,1.0,mean
strict_balanced,LA,Tmax,22007,Assumption,2000-2009,78.482,6,2002,2007,1.0,mean
strict_balanced,LA,Tmax,22007,Assumption,2010-2019,78.642,6,2012,2017,1.0,mean
strict_balanced,LA,Tmax,22007,Assumption,2020-2025,79.775,6,2020,2025,1.0,mean
strict_balanced,LA,Tmax,22009,Avoyelles,1980-1989,76.804,6,1982,1987,1.0,mean
strict_balanced,LA,Tmax,22009,Avoyelles,1990-1999,76.44,6,1992,1997,1.0,mean
strict_balanced,LA,Tmax,22009,Avoyelles,2000-2009,78.169,6,2002,2007,1.0,mean
strict_balanced,LA,Tmax,22009,Avoyelles,2010-2019,78.003,6,2012,2017,1.0,mean
strict_balanced,LA,Tmax,22009,Avoyelles,2020-2025,77.835,6,2020,2025,1.0,mean
strict_balanced,LA,Tmax,22013,Bienville,1980-1989,75.366,6,1982,1987,1.0,mean
strict_balanced,LA,Tmax,22013,Bienville,1990-1999,74.994,6,1992,1997,1.0,mean
strict_balanced,LA,Tmax,22013,Bienville,2000-2009,76.151,6,2001,2008,1.0,mean
strict_balanced,LA,Tmax,22013,Bienville,2010-2019,77.221,6,2012,2017,1.0,mean
strict_balanced,LA,Tmax,22013,Bienville,2020-2025,77.25,6,2020,2025,1.0,mean
strict_balanced,LA,Tmax,22015,Bossier,1980-1989,75.709,6,1982,1987,2.0,mean
strict_balanced,LA,Tmax,22015,Bossier,1990-1999,76.129,6,1992,1997,2.094,mean
strict_balanced,LA,Tmax,22015,Bossier,2000-2009,76.413,6,2002,2007,2.473,mean
strict_balanced,LA,Tmax,22015,Bossier,2010-2019,76.234,6,2012,2017,2.965,mean
strict_balanced,LA,Tmax,22015,Bossier,2020-2025,78.016,6,2020,2025,2.183,mean
strict_balanced,LA,Tmax,22017,Caddo,1980-1989,76.024,6,1982,1987,1.0,mean
strict_balanced,LA,Tmax,22017,Caddo,1990-1999,76.074,6,1992,1997,1.152,mean
strict_balanced,LA,Tmax,22017,Caddo,2000-2009,76.878,6,2002,2007,3.71,mean
strict_balanced,LA,Tmax,22017,Caddo,2010-2019,76.637,6,2012,2017,4.074,mean
strict_balanced,LA,Tmax,22017,Caddo,2020-2025,77.417,6,2020,2025,4.684,mean
strict_balanced,LA,Tmax,22019,Calcasieu,1980-1989,77.526,6,1982,1987,1.992,mean
strict_balanced,LA,Tmax,22019,Calcasieu,1990-1999,77.631,6,1992,1997,1.415,mean
strict_balanced,LA,Tmax,22019,Calcasieu,2000-2009,78.534,6,2002,2007,1.272,mean
strict_balanced,LA,Tmax,22019,Calcasieu,2010-2019,79.114,6,2012,2017,2.561,mean
strict_balanced,LA,Tmax,22019,Calcasieu,2020-2025,79.922,6,2020,2025,2.15,mean
strict_balanced,LA,Tmax,22027,Claiborne,1980-1989,74.729,6,1982,1987,1.0,mean
strict_balanced,LA,Tmax,22027,Claiborne,1990-1999,74.372,6,1992,1997,1.0,mean
strict_balanced,LA,Tmax,22027,Claiborne,2000-2009,75.35,6,2002,2007,1.784,mean
strict_balanced,LA,Tmax,22027,Claiborne,2010-2019,76.322,6,2012,2017,1.891,mean
strict_balanced,LA,Tmax,22027,Claiborne,2020-2025,77.146,6,2020,2025,1.988,mean
strict_balanced,LA,Tmax,22033,East Baton Rouge,1980-1989,77.497,6,1982,1987,1.997,mean
strict_balanced,LA,Tmax,22033,East Baton Rouge,1990-1999,77.498,6,1992,1997,1.989,mean
strict_balanced,LA,Tmax,22033,East Baton Rouge,2000-2009,79.138,6,2002,2007,1.986,mean
strict_balanced,LA,Tmax,22033,East Baton Rouge,2010-2019,78.687,6,2012,2017,2.0,mean
strict_balanced,LA,Tmax,22033,East Baton Rouge,2020-2025,81.035,6,2020,2025,1.0,mean
strict_balanced,LA,Tmax,22045,Iberia,1980-1989,77.521,6,1982,1987,1.992,mean
strict_balanced,LA,Tmax,22045,Iberia,1990-1999,77.132,6,1992,1997,1.961,mean
strict_balanced,LA,Tmax,22045,Iberia,2000-2009,78.708,6,2002,2007,2.821,mean
strict_balanced,LA,Tmax,22045,Iberia,2010-2019,78.954,6,2012,2017,1.994,mean
strict_balanced,LA,Tmax,22045,Iberia,2020-2025,79.402,6,2020,2025,2.323,mean
strict_balanced,LA,Tmax,22047,Iberville,1980-1989,77.489,6,1982,1987,1.0,mean
strict_balanced,LA,Tmax,22047,Iberville,1990-1999,77.279,6,1992,1997,1.0,mean
strict_balanced,LA,Tmax,22047,Iberville,2000-2009,78.78,6,2001,2007,1.0,mean
strict_balanced,LA,Tmax,22047,Iberville,2010-2019,77.967,6,2012,2017,1.0,mean
strict_balanced,LA,Tmax,22047,Iberville,2020-2025,79.037,6,2020,2025,1.0,mean
strict_balanced,LA,Tmax,22051,Jefferson,1980-1989,77.296,6,1982,1987,1.0,mean
strict_balanced,LA,Tmax,22051,Jefferson,1990-1999,78.266,6,1992,1997,2.006,mean
strict_balanced,LA,Tmax,22051,Jefferson,2000-2009,78.52,6,2002,2007,2.796,mean
strict_balanced,LA,Tmax,22051,Jefferson,2010-2019,79.078,6,2012,2017,3.037,mean
strict_balanced,LA,Tmax,22051,Jefferson,2020-2025,80.259,6,2020,2025,1.091,mean
strict_balanced,LA,Tmax,22053,Jefferson Davis,1980-1989,77.083,6,1982,1987,1.0,mean
strict_balanced,LA,Tmax,22053,Jefferson Davis,1990-1999,75.969,6,1992,1997,1.0,mean
strict_balanced,LA,Tmax,22053,Jefferson Davis,2000-2009,77.492,6,2002,2007,1.0,mean
strict_balanced,LA,Tmax,22053,Jefferson Davis,2010-2019,78.217,6,2012,2017,1.0,mean
strict_balanced,LA,Tmax,22053,Jefferson Davis,2020-2025,77.919,6,2020,2025,1.0,mean
strict_balanced,LA,Tmax,22055,Lafayette,1980-1989,77.472,6,1982,1987,1.0,mean
strict_balanced,LA,Tmax,22055,Lafayette,1990-1999,77.438,6,1992,1997,1.995,mean
strict_balanced,LA,Tmax,22055,Lafayette,2000-2009,78.528,6,2002,2007,1.996,mean
strict_balanced,LA,Tmax,22055,Lafayette,2010-2019,79.25,6,2012,2017,1.627,mean
strict_balanced,LA,Tmax,22055,Lafayette,2020-2025,80.391,6,2020,2025,1.0,mean
strict_balanced,LA,Tmax,22057,Lafourche,1980-1989,78.729,6,1982,1987,1.952,mean
strict_balanced,LA,Tmax,22057,Lafourche,1990-1999,77.246,6,1992,1997,1.987,mean
strict_balanced,LA,Tmax,22057,Lafourche,2000-2009,78.531,6,2002,2007,1.972,mean
strict_balanced,LA,Tmax,22057,Lafourche,2010-2019,78.204,6,2012,2017,1.939,mean
strict_balanced,LA,Tmax,22057,Lafourche,2020-2025,79.927,6,2020,2025,1.182,mean
strict_balanced,LA,Tmax,22065,Madison,1980-1989,75.308,6,1982,1987,1.0,mean
strict_balanced,LA,Tmax,22065,Madison,1990-1999,74.511,6,1992,1997,1.244,mean
strict_balanced,LA,Tmax,22065,Madison,2000-2009,76.356,6,2002,2007,1.958,mean
strict_balanced,LA,Tmax,22065,Madison,2010-2019,77.437,6,2012,2017,1.874,mean
strict_balanced,LA,Tmax,22065,Madison,2020-2025,78.959,6,2020,2025,1.054,mean
strict_balanced,LA,Tmax,22069,Natchitoches,1980-1989,75.984,6,1982,1987,1.996,mean
strict_balanced,LA,Tmax,22069,Natchitoches,1990-1999,75.773,6,1992,1997,1.995,mean
strict_balanced,LA,Tmax,22069,Natchitoches,2000-2009,77.663,6,2002,2007,2.922,mean
strict_balanced,LA,Tmax,22069,Natchitoches,2010-2019,78.01,6,2012,2017,2.382,mean
strict_balanced,LA,Tmax,22069,Natchitoches,2020-2025,79.952,6,2020,2025,1.989,mean
strict_balanced,LA,Tmax,22071,Orleans,1980-1989,78.372,6,1982,1987,1.929,mean
strict_balanced,LA,Tmax,22071,Orleans,1990-1999,78.317,6,1992,1997,1.963,mean
strict_balanced,LA,Tmax,22071,Orleans,2000-2009,79.476,6,2001,2007,1.836,mean
strict_balanced,LA,Tmax,22071,Orleans,2010-2019,79.182,6,2012,2017,1.768,mean
strict_balanced,LA,Tmax,22071,Orleans,2020-2025,79.817,6,2020,2025,1.976,mean
strict_balanced,LA,Tmax,22073,Ouachita,1980-1989,75.525,6,1982,1987,2.998,mean
strict_balanced,LA,Tmax,22073,Ouachita,1990-1999,75.836,6,1992,1997,3.537,mean
strict_balanced,LA,Tmax,22073,Ouachita,2000-2009,76.748,6,2002,2007,3.013,mean
strict_balanced,LA,Tmax,22073,Ouachita,2010-2019,77.163,6,2012,2017,1.707,mean
strict_balanced,LA,Tmax,22073,Ouachita,2020-2025,78.381,6,2020,2025,1.289,mean
strict_balanced,LA,Tmax,22077,Pointe Coupee,1980-1989,77.202,6,1982,1987,2.325,mean
strict_balanced,LA,Tmax,22077,Pointe Coupee,1990-1999,76.087,6,1992,1997,1.0,mean
strict_balanced,LA,Tmax,22077,Pointe Coupee,2000-2009,78.925,6,2002,2007,1.0,mean
strict_balanced,LA,Tmax,22077,Pointe Coupee,2010-2019,78.556,6,2012,2017,1.0,mean
strict_balanced,LA,Tmax,22077,Pointe Coupee,2020-2025,79.578,6,2020,2025,1.0,mean
strict_balanced,LA,Tmax,22079,Rapides,1980-1989,77.306,6,1982,1987,3.558,mean
strict_balanced,LA,Tmax,22079,Rapides,1990-1999,76.838,6,1992,1997,4.631,mean
strict_balanced,LA,Tmax,22079,Rapides,2000-2009,77.658,6,2002,2007,6.976,mean
strict_balanced,LA,Tmax,22079,Rapides,2010-2019,77.944,6,2012,2017,6.108,mean
strict_balanced,LA,Tmax,22079,Rapides,2020-2025,78.698,6,2020,2025,5.923,mean
strict_balanced,LA,Tmax,22103,St. Tammany,1980-1989,78.253,6,1982,1987,1.997,mean
strict_balanced,LA,Tmax,22103,St. Tammany,1990-1999,77.518,6,1992,1997,2.612,mean
strict_balanced,LA,Tmax,22103,St. Tammany,2000-2009,78.298,6,2002,2007,3.773,mean
strict_balanced,LA,Tmax,22103,St. Tammany,2010-2019,78.285,6,2012,2017,3.046,mean
strict_balanced,LA,Tmax,22103,St. Tammany,2020-2025,79.673,6,2020,2025,3.466,mean
strict_balanced,LA,Tmax,22115,Vernon,1980-1989,77.125,6,1982,1987,1.998,mean
strict_balanced,LA,Tmax,22115,Vernon,1990-1999,77.499,6,1992,1997,1.99,mean
strict_balanced,LA,Tmax,22115,Vernon,2000-2009,77.845,6,2002,2007,3.909,mean
strict_balanced,LA,Tmax,22115,Vernon,2010-2019,78.715,6,2012,2017,4.273,mean
strict_balanced,LA,Tmax,22115,Vernon,2020-2025,80.052,6,2020,2025,3.971,mean
strict_balanced,LA,Tmax,22127,Winn,1980-1989,77.148,6,1982,1987,1.0,mean
strict_balanced,LA,Tmax,22127,Winn,1990-1999,75.978,6,1991,1997,1.0,mean
strict_balanced,LA,Tmax,22127,Winn,2000-2009,77.242,6,2002,2007,1.738,mean
strict_balanced,LA,Tmax,22127,Winn,2010-2019,77.703,6,2012,2017,1.0,mean
strict_balanced,LA,Tmax,22127,Winn,2020-2025,79.192,6,2020,2025,1.0,mean
strict_balanced,LA,Tmin,22007,Assumption,1980-1989,58.04,6,1982,1987,1.0,mean
strict_balanced,LA,Tmin,22007,Assumption,1990-1999,57.442,6,1992,1997,1.0,mean
strict_balanced,LA,Tmin,22007,Assumption,2000-2009,58.166,6,2002,2007,1.0,mean
strict_balanced,LA,Tmin,22007,Assumption,2010-2019,58.752,6,2012,2017,1.0,mean
strict_balanced,LA,Tmin,22007,Assumption,2020-2025,59.461,6,2020,2025,1.0,mean
strict_balanced,LA,Tmin,22009,Avoyelles,1980-1989,56.037,6,1982,1987,1.0,mean
strict_balanced,LA,Tmin,22009,Avoyelles,1990-1999,56.414,6,1992,1997,1.0,mean
strict_balanced,LA,Tmin,22009,Avoyelles,2000-2009,57.055,6,2002,2007,1.0,mean
strict_balanced,LA,Tmin,22009,Avoyelles,2010-2019,57.067,6,2012,2017,1.0,mean
strict_balanced,LA,Tmin,22009,Avoyelles,2020-2025,57.052,6,2020,2025,1.0,mean
strict_balanced,LA,Tmin,22013,Bienville,1980-1989,52.166,6,1982,1987,1.0,mean
strict_balanced,LA,Tmin,22013,Bienville,1990-1999,53.028,6,1992,1997,1.0,mean
strict_balanced,LA,Tmin,22013,Bienville,2000-2009,53.474,6,2001,2008,1.0,mean
strict_balanced,LA,Tmin,22013,Bienville,2010-2019,55.077,6,2012,2017,1.0,mean
strict_balanced,LA,Tmin,22013,Bienville,2020-2025,55.437,6,2020,2025,1.0,mean
strict_balanced,LA,Tmin,22015,Bossier,1980-1989,51.984,6,1982,1987,2.0,mean
strict_balanced,LA,Tmin,22015,Bossier,1990-1999,52.047,6,1992,1997,2.094,mean
strict_balanced,LA,Tmin,22015,Bossier,2000-2009,55.355,6,2002,2007,2.473,mean
strict_balanced,LA,Tmin,22015,Bossier,2010-2019,55.896,6,2012,2017,2.965,mean
strict_balanced,LA,Tmin,22015,Bossier,2020-2025,57.721,6,2020,2025,2.183,mean
strict_balanced,LA,Tmin,22017,Caddo,1980-1989,54.478,6,1982,1987,1.0,mean
strict_balanced,LA,Tmin,22017,Caddo,1990-1999,54.522,6,1992,1997,1.152,mean
strict_balanced,LA,Tmin,22017,Caddo,2000-2009,55.09,6,2002,2007,3.71,mean
strict_balanced,LA,Tmin,22017,Caddo,2010-2019,55.896,6,2012,2017,4.074,mean
strict_balanced,LA,Tmin,22017,Caddo,2020-2025,56.121,6,2020,2025,4.684,mean
strict_balanced,LA,Tmin,22019,Calcasieu,1980-1989,57.012,6,1982,1987,1.992,mean
strict_balanced,LA,Tmin,22019,Calcasieu,1990-1999,58.537,6,1992,1997,1.415,mean
strict_balanced,LA,Tmin,22019,Calcasieu,2000-2009,58.979,6,2002,2007,1.272,mean
strict_balanced,LA,Tmin,22019,Calcasieu,2010-2019,58.832,6,2012,2017,2.561,mean
strict_balanced,LA,Tmin,22019,Calcasieu,2020-2025,59.626,6,2020,2025,2.15,mean
strict_balanced,LA,Tmin,22027,Claiborne,1980-1989,51.628,6,1982,1987,1.0,mean
strict_balanced,LA,Tmin,22027,Claiborne,1990-1999,52.417,6,1992,1997,1.0,mean
strict_balanced,LA,Tmin,22027,Claiborne,2000-2009,52.069,6,2002,2007,1.784,mean
strict_balanced,LA,Tmin,22027,Claiborne,2010-2019,52.276,6,2012,2017,1.891,mean
strict_balanced,LA,Tmin,22027,Claiborne,2020-2025,53.131,6,2020,2025,1.988,mean
strict_balanced,LA,Tmin,22033,East Baton Rouge,1980-1989,57.103,6,1982,1987,1.997,mean
strict_balanced,LA,Tmin,22033,East Baton Rouge,1990-1999,56.914,6,1992,1997,1.989,mean
strict_balanced,LA,Tmin,22033,East Baton Rouge,2000-2009,57.69,6,2002,2007,1.986,mean
strict_balanced,LA,Tmin,22033,East Baton Rouge,2010-2019,58.311,6,2012,2017,2.0,mean
strict_balanced,LA,Tmin,22033,East Baton Rouge,2020-2025,59.917,6,2020,2025,1.0,mean
strict_balanced,LA,Tmin,22045,Iberia,1980-1989,58.097,6,1982,1987,1.992,mean
strict_balanced,LA,Tmin,22045,Iberia,1990-1999,58.218,6,1992,1997,1.961,mean
strict_balanced,LA,Tmin,22045,Iberia,2000-2009,59.052,6,2002,2007,2.822,mean
strict_balanced,LA,Tmin,22045,Iberia,2010-2019,59.637,6,2012,2017,1.994,mean
strict_balanced,LA,Tmin,22045,Iberia,2020-2025,59.854,6,2020,2025,2.323,mean
strict_balanced,LA,Tmin,22047,Iberville,1980-1989,57.703,6,1982,1987,1.0,mean
strict_balanced,LA,Tmin,22047,Iberville,1990-1999,58.28,6,1992,1997,1.0,mean
strict_balanced,LA,Tmin,22047,Iberville,2000-2009,59.586,6,2001,2007,1.0,mean
strict_balanced,LA,Tmin,22047,Iberville,2010-2019,60.416,6,2012,2017,1.0,mean
strict_balanced,LA,Tmin,22047,Iberville,2020-2025,61.425,6,2020,2025,1.0,mean
strict_balanced,LA,Tmin,22051,Jefferson,1980-1989,59.057,6,1982,1987,1.0,mean
strict_balanced,LA,Tmin,22051,Jefferson,1990-1999,58.81,6,1992,1997,2.006,mean
strict_balanced,LA,Tmin,22051,Jefferson,2000-2009,61.091,6,2002,2007,2.796,mean
strict_balanced,LA,Tmin,22051,Jefferson,2010-2019,62.037,6,2012,2017,3.037,mean
strict_balanced,LA,Tmin,22051,Jefferson,2020-2025,64.045,6,2020,2025,1.091,mean
strict_balanced,LA,Tmin,22053,Jefferson Davis,1980-1989,57.281,6,1982,1987,1.0,mean
strict_balanced,LA,Tmin,22053,Jefferson Davis,1990-1999,57.591,6,1992,1997,1.0,mean
strict_balanced,LA,Tmin,22053,Jefferson Davis,2000-2009,58.25,6,2002,2007,1.0,mean
strict_balanced,LA,Tmin,22053,Jefferson Davis,2010-2019,59.365,6,2012,2017,1.0,mean
strict_balanced,LA,Tmin,22053,Jefferson Davis,2020-2025,59.976,6,2020,2025,1.0,mean
strict_balanced,LA,Tmin,22055,Lafayette,1980-1989,58.48,6,1982,1987,1.0,mean
strict_balanced,LA,Tmin,22055,Lafayette,1990-1999,58.617,6,1992,1997,1.995,mean
strict_balanced,LA,Tmin,22055,Lafayette,2000-2009,58.873,6,2002,2007,1.996,mean
strict_balanced,LA,Tmin,22055,Lafayette,2010-2019,60.167,6,2012,2017,1.627,mean
strict_balanced,LA,Tmin,22055,Lafayette,2020-2025,61.186,6,2020,2025,1.0,mean
strict_balanced,LA,Tmin,22057,Lafourche,1980-1989,58.84,6,1982,1987,1.952,mean
strict_balanced,LA,Tmin,22057,Lafourche,1990-1999,59.344,6,1992,1997,1.987,mean
strict_balanced,LA,Tmin,22057,Lafourche,2000-2009,60.204,6,2002,2007,1.972,mean
strict_balanced,LA,Tmin,22057,Lafourche,2010-2019,60.931,6,2012,2017,1.939,mean
strict_balanced,LA,Tmin,22057,Lafourche,2020-2025,61.118,6,2020,2025,1.182,mean
strict_balanced,LA,Tmin,22065,Madison,1980-1989,53.213,6,1982,1987,1.0,mean
strict_balanced,LA,Tmin,22065,Madison,1990-1999,53.845,6,1992,1997,1.245,mean
strict_balanced,LA,Tmin,22065,Madison,2000-2009,54.218,6,2002,2007,1.958,mean
strict_balanced,LA,Tmin,22065,Madison,2010-2019,55.4,6,2012,2017,1.874,mean
strict_balanced,LA,Tmin,22065,Madison,2020-2025,56.749,6,2020,2025,1.054,mean
strict_balanced,LA,Tmin,22069,Natchitoches,1980-1989,52.882,6,1982,1987,1.996,mean
strict_balanced,LA,Tmin,22069,Natchitoches,1990-1999,53.399,6,1992,1997,1.995,mean
strict_balanced,LA,Tmin,22069,Natchitoches,2000-2009,54.798,6,2002,2007,2.922,mean
strict_balanced,LA,Tmin,22069,Natchitoches,2010-2019,55.914,6,2012,2017,2.382,mean
strict_balanced,LA,Tmin,22069,Natchitoches,2020-2025,56.774,6,2020,2025,1.989,mean
strict_balanced,LA,Tmin,22071,Orleans,1980-1989,60.533,6,1982,1987,1.93,mean
strict_balanced,LA,Tmin,22071,Orleans,1990-1999,62.324,6,1992,1997,1.963,mean
strict_balanced,LA,Tmin,22071,Orleans,2000-2009,63.943,6,2001,2007,1.838,mean
strict_balanced,LA,Tmin,22071,Orleans,2010-2019,64.512,6,2012,2017,1.769,mean
strict_balanced,LA,Tmin,22071,Orleans,2020-2025,65.049,6,2020,2025,1.976,mean
strict_balanced,LA,Tmin,22073,Ouachita,1980-1989,53.577,6,1982,1987,2.998,mean
strict_balanced,LA,Tmin,22073,Ouachita,1990-1999,53.263,6,1992,1997,3.537,mean
strict_balanced,LA,Tmin,22073,Ouachita,2000-2009,53.348,6,2002,2007,3.013,mean
strict_balanced,LA,Tmin,22073,Ouachita,2010-2019,54.198,6,2012,2017,1.707,mean
strict_balanced,LA,Tmin,22073,Ouachita,2020-2025,56.779,6,2020,2025,1.289,mean
strict_balanced,LA,Tmin,22077,Pointe Coupee,1980-1989,55.934,6,1982,1987,2.325,mean
strict_balanced,LA,Tmin,22077,Pointe Coupee,1990-1999,56.393,6,1992,1997,1.0,mean
strict_balanced,LA,Tmin,22077,Pointe Coupee,2000-2009,57.453,6,2001,2007,1.0,mean
strict_balanced,LA,Tmin,22077,Pointe Coupee,2010-2019,58.294,6,2012,2017,1.0,mean
strict_balanced,LA,Tmin,22077,Pointe Coupee,2020-2025,60.102,6,2020,2025,1.0,mean
strict_balanced,LA,Tmin,22079,Rapides,1980-1989,55.702,6,1982,1987,3.558,mean
strict_balanced,LA,Tmin,22079,Rapides,1990-1999,56.184,6,1992,1997,4.631,mean
strict_balanced,LA,Tmin,22079,Rapides,2000-2009,55.857,6,2002,2007,6.976,mean
strict_balanced,LA,Tmin,22079,Rapides,2010-2019,56.641,6,2012,2017,6.108,mean
strict_balanced,LA,Tmin,22079,Rapides,2020-2025,56.959,6,2020,2025,5.923,mean
strict_balanced,LA,Tmin,22103,St. Tammany,1980-1989,56.584,6,1982,1987,1.997,mean
strict_balanced,LA,Tmin,22103,St. Tammany,1990-1999,56.793,6,1992,1997,2.612,mean
strict_balanced,LA,Tmin,22103,St. Tammany,2000-2009,57.201,6,2002,2007,3.773,mean
strict_balanced,LA,Tmin,22103,St. Tammany,2010-2019,58.432,6,2012,2017,3.046,mean
strict_balanced,LA,Tmin,22103,St. Tammany,2020-2025,59.26,6,2020,2025,3.466,mean
strict_balanced,LA,Tmin,22115,Vernon,1980-1989,54.54,6,1982,1987,1.998,mean
strict_balanced,LA,Tmin,22115,Vernon,1990-1999,53.86,6,1992,1997,1.99,mean
strict_balanced,LA,Tmin,22115,Vernon,2000-2009,56.013,6,2002,2007,3.909,mean
strict_balanced,LA,Tmin,22115,Vernon,2010-2019,56.986,6,2012,2017,4.273,mean
strict_balanced,LA,Tmin,22115,Vernon,2020-2025,57.635,6,2020,2025,3.971,mean
strict_balanced,LA,Tmin,22127,Winn,1980-1989,53.283,6,1982,1987,1.0,mean
strict_balanced,LA,Tmin,22127,Winn,1990-1999,52.328,6,1991,1997,1.0,mean
strict_balanced,LA,Tmin,22127,Winn,2000-2009,55.135,6,2002,2007,1.738,mean
strict_balanced,LA,Tmin,22127,Winn,2010-2019,57.157,6,2012,2017,1.0,mean
strict_balanced,LA,Tmin,22127,Winn,2020-2025,57.874,6,2020,2025,1.0,mean
strict_balanced,MS,Tavg,28011,Bolivar,1980-1989,63.409,6,1981,1986,1.228,mean
strict_balanced,MS,Tavg,28011,Bolivar,1990-1999,62.604,6,1991,1997,1.0,mean
strict_balanced,MS,Tavg,28011,Bolivar,2000-2009,63.682,6,2002,2008,1.6,mean
strict_balanced,MS,Tavg,28011,Bolivar,2010-2019,63.875,6,2012,2017,1.197,mean
strict_balanced,MS,Tavg,28011,Bolivar,2020-2025,64.284,6,2020,2025,1.0,mean
strict_balanced,MS,Tavg,28015,Carroll,1980-1989,64.059,6,1982,1987,1.0,mean
strict_balanced,MS,Tavg,28015,Carroll,1990-1999,64.945,6,1991,1996,1.0,mean
strict_balanced,MS,Tavg,28015,Carroll,2000-2009,65.494,6,2002,2007,1.935,mean
strict_balanced,MS,Tavg,28015,Carroll,2010-2019,64.485,6,2012,2017,1.075,mean
strict_balanced,MS,Tavg,28015,Carroll,2020-2025,66.641,6,2020,2025,1.0,mean
strict_balanced,MS,Tavg,28029,Copiah,1980-1989,65.335,6,1982,1987,1.881,mean
strict_balanced,MS,Tavg,28029,Copiah,1990-1999,64.975,6,1992,1997,1.812,mean
strict_balanced,MS,Tavg,28029,Copiah,2000-2009,66.064,6,2002,2007,2.621,mean
strict_balanced,MS,Tavg,28029,Copiah,2010-2019,66.22,6,2012,2017,2.758,mean
strict_balanced,MS,Tavg,28029,Copiah,2020-2025,66.942,6,2020,2025,1.791,mean
strict_balanced,MS,Tavg,28033,DeSoto,1980-1989,62.14,6,1982,1987,1.0,mean
strict_balanced,MS,Tavg,28033,DeSoto,1990-1999,61.62,6,1991,1998,1.13,mean
strict_balanced,MS,Tavg,28033,DeSoto,2000-2009,62.545,6,2002,2007,1.718,mean
strict_balanced,MS,Tavg,28033,DeSoto,2010-2019,61.545,6,2012,2017,1.982,mean
strict_balanced,MS,Tavg,28033,DeSoto,2020-2025,62.628,6,2020,2025,1.991,mean
strict_balanced,MS,Tavg,28035,Forrest,1980-1989,65.828,6,1982,1987,1.0,mean
strict_balanced,MS,Tavg,28035,Forrest,1990-1999,65.639,6,1992,1997,1.0,mean
strict_balanced,MS,Tavg,28035,Forrest,2000-2009,66.6,6,2002,2007,1.947,mean
strict_balanced,MS,Tavg,28035,Forrest,2010-2019,67.094,6,2012,2017,1.918,mean
strict_balanced,MS,Tavg,28035,Forrest,2020-2025,68.292,6,2020,2025,1.698,mean
strict_balanced,MS,Tavg,28037,Franklin,1980-1989,64.414,6,1984,1989,1.0,mean
strict_balanced,MS,Tavg,28037,Franklin,1990-1999,64.284,6,1992,1997,1.0,mean
strict_balanced,MS,Tavg,28037,Franklin,2000-2009,66.7,6,2003,2008,1.752,mean
strict_balanced,MS,Tavg,28037,Franklin,2010-2019,66.684,6,2012,2017,1.894,mean
strict_balanced,MS,Tavg,28037,Franklin,2020-2025,68.618,6,2020,2025,1.0,mean
strict_balanced,MS,Tavg,28045,Hancock,1980-1989,66.667,6,1982,1987,1.919,mean
strict_balanced,MS,Tavg,28045,Hancock,1990-1999,66.343,6,1992,1997,1.98,mean
strict_balanced,MS,Tavg,28045,Hancock,2000-2009,67.43,6,2002,2007,2.564,mean
strict_balanced,MS,Tavg,28045,Hancock,2010-2019,68.155,6,2012,2017,1.773,mean
strict_balanced,MS,Tavg,28045,Hancock,2020-2025,69.499,6,2020,2025,1.221,mean
strict_balanced,MS,Tavg,28047,Harrison,1980-1989,67.873,6,1982,1987,2.694,mean
strict_balanced,MS,Tavg,28047,Harrison,1990-1999,67.376,6,1992,1997,2.914,mean
strict_balanced,MS,Tavg,28047,Harrison,2000-2009,68.389,6,2002,2007,3.835,mean
strict_balanced,MS,Tavg,28047,Harrison,2010-2019,68.227,6,2012,2017,3.874,mean
strict_balanced,MS,Tavg,28047,Harrison,2020-2025,70.027,6,2020,2025,2.346,mean
strict_balanced,MS,Tavg,28049,Hinds,1980-1989,64.256,6,1982,1987,1.0,mean
strict_balanced,MS,Tavg,28049,Hinds,1990-1999,63.925,6,1991,1997,1.0,mean
strict_balanced,MS,Tavg,28049,Hinds,2000-2009,65.805,6,2002,2007,2.57,mean
strict_balanced,MS,Tavg,28049,Hinds,2010-2019,66.1,6,2012,2017,1.858,mean
strict_balanced,MS,Tavg,28049,Hinds,2020-2025,67.248,6,2020,2025,1.122,mean
strict_balanced,MS,Tavg,28059,Jackson,1980-1989,67.741,6,1981,1987,1.0,mean
strict_balanced,MS,Tavg,28059,Jackson,1990-1999,65.345,6,1992,1997,1.054,mean
strict_balanced,MS,Tavg,28059,Jackson,2000-2009,67.21,6,2002,2007,2.702,mean
strict_balanced,MS,Tavg,28059,Jackson,2010-2019,67.567,6,2012,2017,2.512,mean
strict_balanced,MS,Tavg,28059,Jackson,2020-2025,69.366,6,2020,2025,1.995,mean
strict_balanced,MS,Tavg,28071,Lafayette,1980-1989,59.682,6,1981,1986,1.0,mean
strict_balanced,MS,Tavg,28071,Lafayette,1990-1999,62.087,6,1991,1998,1.0,mean
strict_balanced,MS,Tavg,28071,Lafayette,2000-2009,62.197,6,2001,2006,1.0,mean
strict_balanced,MS,Tavg,28071,Lafayette,2010-2019,62.431,6,2012,2017,1.0,mean
strict_balanced,MS,Tavg,28071,Lafayette,2020-2025,62.87,6,2020,2025,1.0,mean
strict_balanced,MS,Tavg,28075,Lauderdale,1980-1989,64.314,6,1982,1987,2.713,mean
strict_balanced,MS,Tavg,28075,Lauderdale,1990-1999,64.208,6,1992,1997,1.998,mean
strict_balanced,MS,Tavg,28075,Lauderdale,2000-2009,64.737,6,2002,2007,1.721,mean
strict_balanced,MS,Tavg,28075,Lauderdale,2010-2019,65.351,6,2012,2017,1.983,mean
strict_balanced,MS,Tavg,28075,Lauderdale,2020-2025,66.265,6,2020,2025,1.839,mean
strict_balanced,MS,Tavg,28081,Lee,1980-1989,62.064,6,1981,1987,1.125,mean
strict_balanced,MS,Tavg,28081,Lee,1990-1999,61.367,6,1992,1997,1.981,mean
strict_balanced,MS,Tavg,28081,Lee,2000-2009,62.942,6,2002,2007,2.941,mean
strict_balanced,MS,Tavg,28081,Lee,2010-2019,62.88,6,2012,2017,2.986,mean
strict_balanced,MS,Tavg,28081,Lee,2020-2025,64.439,6,2020,2025,2.05,mean
strict_balanced,MS,Tavg,28087,Lowndes,1980-1989,62.982,6,1982,1987,1.0,mean
strict_balanced,MS,Tavg,28087,Lowndes,1990-1999,63.707,6,1992,1997,1.0,mean
strict_balanced,MS,Tavg,28087,Lowndes,2000-2009,63.649,6,2001,2008,1.0,mean
strict_balanced,MS,Tavg,28087,Lowndes,2010-2019,64.81,6,2012,2017,1.037,mean
strict_balanced,MS,Tavg,28087,Lowndes,2020-2025,65.381,6,2020,2025,1.981,mean
strict_balanced,MS,Tavg,28093,Marshall,1980-1989,59.363,6,1982,1987,1.0,mean
strict_balanced,MS,Tavg,28093,Marshall,1990-1999,59.629,6,1991,1996,1.0,mean
strict_balanced,MS,Tavg,28093,Marshall,2000-2009,60.516,6,2002,2007,1.912,mean
strict_balanced,MS,Tavg,28093,Marshall,2010-2019,60.704,6,2012,2017,2.62,mean
strict_balanced,MS,Tavg,28093,Marshall,2020-2025,61.651,6,2020,2025,2.0,mean
strict_balanced,MS,Tavg,28101,Newton,1980-1989,62.864,6,1982,1987,1.0,mean
strict_balanced,MS,Tavg,28101,Newton,1990-1999,63.536,6,1991,1998,1.0,mean
strict_balanced,MS,Tavg,28101,Newton,2000-2009,62.944,6,2001,2007,1.81,mean
strict_balanced,MS,Tavg,28101,Newton,2010-2019,64.095,6,2012,2017,1.984,mean
strict_balanced,MS,Tavg,28101,Newton,2020-2025,64.668,6,2020,2025,1.426,mean
strict_balanced,MS,Tavg,28111,Perry,1980-1989,64.641,6,1982,1987,1.0,mean
strict_balanced,MS,Tavg,28111,Perry,1990-1999,64.404,6,1992,1997,1.958,mean
strict_balanced,MS,Tavg,28111,Perry,2000-2009,65.967,6,2002,2007,1.484,mean
strict_balanced,MS,Tavg,28111,Perry,2010-2019,66.628,6,2012,2017,1.0,mean
strict_balanced,MS,Tavg,28111,Perry,2020-2025,67.27,6,2020,2025,1.0,mean
strict_balanced,MS,Tavg,28113,Pike,1980-1989,65.309,6,1982,1987,1.0,mean
strict_balanced,MS,Tavg,28113,Pike,1990-1999,65.626,6,1992,1997,1.0,mean
strict_balanced,MS,Tavg,28113,Pike,2000-2009,66.537,6,2002,2007,1.0,mean
strict_balanced,MS,Tavg,28113,Pike,2010-2019,67.13,6,2012,2017,1.0,mean
strict_balanced,MS,Tavg,28113,Pike,2020-2025,67.534,6,2020,2025,1.0,mean
strict_balanced,MS,Tavg,28115,Pontotoc,1980-1989,60.919,6,1982,1987,1.0,mean
strict_balanced,MS,Tavg,28115,Pontotoc,1990-1999,61.044,6,1992,1997,1.073,mean
strict_balanced,MS,Tavg,28115,Pontotoc,2000-2009,62.124,6,2002,2007,1.932,mean
strict_balanced,MS,Tavg,28115,Pontotoc,2010-2019,63.109,6,2012,2017,1.917,mean
strict_balanced,MS,Tavg,28115,Pontotoc,2020-2025,64.071,6,2020,2025,1.568,mean
strict_balanced,MS,Tavg,28121,Rankin,1980-1989,64.804,6,1982,1987,1.853,mean
strict_balanced,MS,Tavg,28121,Rankin,1990-1999,64.084,6,1992,1997,1.879,mean
strict_balanced,MS,Tavg,28121,Rankin,2000-2009,65.303,6,2002,2007,1.0,mean
strict_balanced,MS,Tavg,28121,Rankin,2010-2019,66.348,6,2012,2017,1.0,mean
strict_balanced,MS,Tavg,28121,Rankin,2020-2025,67.335,6,2020,2025,1.0,mean
strict_balanced,MS,Tavg,28151,Washington,1980-1989,63.292,6,1982,1987,1.932,mean
strict_balanced,MS,Tavg,28151,Washington,1990-1999,63.04,6,1992,1997,1.932,mean
strict_balanced,MS,Tavg,28151,Washington,2000-2009,64.415,6,2002,2007,2.469,mean
strict_balanced,MS,Tavg,28151,Washington,2010-2019,64.728,6,2012,2017,2.478,mean
strict_balanced,MS,Tavg,28151,Washington,2020-2025,65.48,6,2020,2025,1.763,mean
strict_balanced,MS,Tmax,28011,Bolivar,1980-1989,73.897,6,1982,1987,1.07,mean
strict_balanced,MS,Tmax,28011,Bolivar,1990-1999,72.922,6,1991,1997,1.0,mean
strict_balanced,MS,Tmax,28011,Bolivar,2000-2009,74.393,6,2002,2007,1.497,mean
strict_balanced,MS,Tmax,28011,Bolivar,2010-2019,74.326,6,2012,2017,1.197,mean
strict_balanced,MS,Tmax,28011,Bolivar,2020-2025,74.556,6,2020,2025,1.0,mean
strict_balanced,MS,Tmax,28015,Carroll,1980-1989,74.057,6,1982,1987,1.0,mean
strict_balanced,MS,Tmax,28015,Carroll,1990-1999,75.676,6,1991,1996,1.0,mean
strict_balanced,MS,Tmax,28015,Carroll,2000-2009,77.326,6,2002,2007,1.935,mean
strict_balanced,MS,Tmax,28015,Carroll,2010-2019,75.737,6,2012,2017,1.075,mean
strict_balanced,MS,Tmax,28015,Carroll,2020-2025,77.715,6,2020,2025,1.0,mean
strict_balanced,MS,Tmax,28029,Copiah,1980-1989,77.066,6,1982,1987,1.88,mean
strict_balanced,MS,Tmax,28029,Copiah,1990-1999,76.003,6,1992,1997,1.812,mean
strict_balanced,MS,Tmax,28029,Copiah,2000-2009,76.955,6,2002,2007,2.621,mean
strict_balanced,MS,Tmax,28029,Copiah,2010-2019,76.802,6,2012,2017,2.758,mean
strict_balanced,MS,Tmax,28029,Copiah,2020-2025,77.316,6,2020,2025,1.789,mean
strict_balanced,MS,Tmax,28033,DeSoto,1980-1989,72.332,6,1982,1987,1.0,mean
strict_balanced,MS,Tmax,28033,DeSoto,1990-1999,71.206,6,1991,1998,1.129,mean
strict_balanced,MS,Tmax,28033,DeSoto,2000-2009,74.659,6,2002,2007,1.714,mean
strict_balanced,MS,Tmax,28033,DeSoto,2010-2019,72.128,6,2012,2017,1.982,mean
strict_balanced,MS,Tmax,28033,DeSoto,2020-2025,73.133,6,2020,2025,1.991,mean
strict_balanced,MS,Tmax,28035,Forrest,1980-1989,76.995,6,1982,1987,1.0,mean
strict_balanced,MS,Tmax,28035,Forrest,1990-1999,76.428,6,1992,1997,1.0,mean
strict_balanced,MS,Tmax,28035,Forrest,2000-2009,78.102,6,2002,2007,1.946,mean
strict_balanced,MS,Tmax,28035,Forrest,2010-2019,78.176,6,2012,2017,1.918,mean
strict_balanced,MS,Tmax,28035,Forrest,2020-2025,79.532,6,2020,2025,1.698,mean
strict_balanced,MS,Tmax,28037,Franklin,1980-1989,77.297,6,1983,1988,1.0,mean
strict_balanced,MS,Tmax,28037,Franklin,1990-1999,75.875,6,1992,1997,1.0,mean
strict_balanced,MS,Tmax,28037,Franklin,2000-2009,77.658,6,2003,2008,1.75,mean
strict_balanced,MS,Tmax,28037,Franklin,2010-2019,77.723,6,2012,2017,1.894,mean
strict_balanced,MS,Tmax,28037,Franklin,2020-2025,79.26,6,2020,2025,1.0,mean
strict_balanced,MS,Tmax,28045,Hancock,1980-1989,77.108,6,1982,1987,1.914,mean
strict_balanced,MS,Tmax,28045,Hancock,1990-1999,76.248,6,1992,1997,1.98,mean
strict_balanced,MS,Tmax,28045,Hancock,2000-2009,78.13,6,2002,2007,2.564,mean
strict_balanced,MS,Tmax,28045,Hancock,2010-2019,78.259,6,2012,2017,1.772,mean
strict_balanced,MS,Tmax,28045,Hancock,2020-2025,80.665,6,2020,2025,1.221,mean
strict_balanced,MS,Tmax,28047,Harrison,1980-1989,77.561,6,1982,1987,2.694,mean
strict_balanced,MS,Tmax,28047,Harrison,1990-1999,76.26,6,1992,1997,2.914,mean
strict_balanced,MS,Tmax,28047,Harrison,2000-2009,77.461,6,2002,2007,3.834,mean
strict_balanced,MS,Tmax,28047,Harrison,2010-2019,77.044,6,2012,2017,3.874,mean
strict_balanced,MS,Tmax,28047,Harrison,2020-2025,78.646,6,2020,2025,2.346,mean
strict_balanced,MS,Tmax,28049,Hinds,1980-1989,75.429,6,1982,1987,1.0,mean
strict_balanced,MS,Tmax,28049,Hinds,1990-1999,75.432,6,1992,1997,1.0,mean
strict_balanced,MS,Tmax,28049,Hinds,2000-2009,76.913,6,2002,2007,2.57,mean
strict_balanced,MS,Tmax,28049,Hinds,2010-2019,77.707,6,2012,2017,1.858,mean
strict_balanced,MS,Tmax,28049,Hinds,2020-2025,77.964,6,2020,2025,1.122,mean
strict_balanced,MS,Tmax,28059,Jackson,1980-1989,75.789,6,1982,1987,1.0,mean
strict_balanced,MS,Tmax,28059,Jackson,1990-1999,74.856,6,1992,1997,1.053,mean
strict_balanced,MS,Tmax,28059,Jackson,2000-2009,77.859,6,2002,2007,2.702,mean
strict_balanced,MS,Tmax,28059,Jackson,2010-2019,78.12,6,2012,2017,2.512,mean
strict_balanced,MS,Tmax,28059,Jackson,2020-2025,80.12,6,2020,2025,1.995,mean
strict_balanced,MS,Tmax,28067,Jones,1980-1989,76.825,6,1982,1987,1.0,mean
strict_balanced,MS,Tmax,28067,Jones,1990-1999,75.044,6,1992,1997,1.0,mean
strict_balanced,MS,Tmax,28067,Jones,2000-2009,77.504,6,2002,2007,1.0,mean
strict_balanced,MS,Tmax,28067,Jones,2010-2019,77.714,6,2011,2017,1.435,mean
strict_balanced,MS,Tmax,28067,Jones,2020-2025,78.824,6,2020,2025,1.59,mean
strict_balanced,MS,Tmax,28071,Lafayette,1980-1989,71.991,6,1982,1987,1.0,mean
strict_balanced,MS,Tmax,28071,Lafayette,1990-1999,73.047,6,1992,1997,1.0,mean
strict_balanced,MS,Tmax,28071,Lafayette,2000-2009,73.658,6,2001,2006,1.0,mean
strict_balanced,MS,Tmax,28071,Lafayette,2010-2019,74.287,6,2012,2017,1.0,mean
strict_balanced,MS,Tmax,28071,Lafayette,2020-2025,75.522,6,2020,2025,1.0,mean
strict_balanced,MS,Tmax,28075,Lauderdale,1980-1989,76.326,6,1982,1987,2.713,mean
strict_balanced,MS,Tmax,28075,Lauderdale,1990-1999,75.768,6,1992,1997,1.998,mean
strict_balanced,MS,Tmax,28075,Lauderdale,2000-2009,76.604,6,2002,2007,1.721,mean
strict_balanced,MS,Tmax,28075,Lauderdale,2010-2019,77.002,6,2012,2017,1.983,mean
strict_balanced,MS,Tmax,28075,Lauderdale,2020-2025,77.902,6,2020,2025,1.839,mean
strict_balanced,MS,Tmax,28081,Lee,1980-1989,73.344,6,1981,1987,1.125,mean
strict_balanced,MS,Tmax,28081,Lee,1990-1999,72.09,6,1992,1997,1.981,mean
strict_balanced,MS,Tmax,28081,Lee,2000-2009,73.79,6,2002,2007,2.941,mean
strict_balanced,MS,Tmax,28081,Lee,2010-2019,73.745,6,2012,2017,2.986,mean
strict_balanced,MS,Tmax,28081,Lee,2020-2025,75.138,6,2020,2025,2.05,mean
strict_balanced,MS,Tmax,28087,Lowndes,1980-1989,74.246,6,1982,1987,1.0,mean
strict_balanced,MS,Tmax,28087,Lowndes,1990-1999,74.528,6,1992,1997,1.0,mean
strict_balanced,MS,Tmax,28087,Lowndes,2000-2009,75.219,6,2002,2007,1.0,mean
strict_balanced,MS,Tmax,28087,Lowndes,2010-2019,75.909,6,2012,2017,1.037,mean
strict_balanced,MS,Tmax,28087,Lowndes,2020-2025,76.498,6,2020,2025,1.981,mean
strict_balanced,MS,Tmax,28091,Marion,1980-1989,78.148,6,1982,1987,1.0,mean
strict_balanced,MS,Tmax,28091,Marion,1990-1999,76.664,6,1992,1997,1.0,mean
strict_balanced,MS,Tmax,28091,Marion,2000-2009,77.835,6,2002,2007,1.828,mean
strict_balanced,MS,Tmax,28091,Marion,2010-2019,78.45,6,2012,2017,1.99,mean
strict_balanced,MS,Tmax,28091,Marion,2020-2025,80.076,6,2020,2025,1.923,mean
strict_balanced,MS,Tmax,28093,Marshall,1980-1989,70.452,6,1982,1987,1.0,mean
strict_balanced,MS,Tmax,28093,Marshall,1990-1999,70.524,6,1992,1997,1.0,mean
strict_balanced,MS,Tmax,28093,Marshall,2000-2009,72.568,6,2002,2007,1.91,mean
strict_balanced,MS,Tmax,28093,Marshall,2010-2019,72.459,6,2012,2017,2.62,mean
strict_balanced,MS,Tmax,28093,Marshall,2020-2025,72.799,6,2020,2025,2.0,mean
strict_balanced,MS,Tmax,28101,Newton,1980-1989,74.701,6,1982,1987,1.0,mean
strict_balanced,MS,Tmax,28101,Newton,1990-1999,74.97,6,1992,1997,1.0,mean
strict_balanced,MS,Tmax,28101,Newton,2000-2009,76.262,6,2002,2007,1.839,mean
strict_balanced,MS,Tmax,28101,Newton,2010-2019,76.205,6,2012,2017,1.984,mean
strict_balanced,MS,Tmax,28101,Newton,2020-2025,76.44,6,2020,2025,1.426,mean
strict_balanced,MS,Tmax,28111,Perry,1980-1989,77.348,6,1982,1987,1.0,mean
strict_balanced,MS,Tmax,28111,Perry,1990-1999,77.493,6,1992,1997,1.958,mean
strict_balanced,MS,Tmax,28111,Perry,2000-2009,78.918,6,2002,2007,1.483,mean
strict_balanced,MS,Tmax,28111,Perry,2010-2019,79.437,6,2012,2017,1.0,mean
strict_balanced,MS,Tmax,28111,Perry,2020-2025,79.548,6,2020,2025,1.0,mean
strict_balanced,MS,Tmax,28113,Pike,1980-1989,76.772,6,1982,1987,1.0,mean
strict_balanced,MS,Tmax,28113,Pike,1990-1999,77.263,6,1992,1997,1.0,mean
strict_balanced,MS,Tmax,28113,Pike,2000-2009,77.485,6,2002,2007,1.0,mean
strict_balanced,MS,Tmax,28113,Pike,2010-2019,77.759,6,2012,2017,1.0,mean
strict_balanced,MS,Tmax,28113,Pike,2020-2025,78.403,6,2020,2025,1.0,mean
strict_balanced,MS,Tmax,28115,Pontotoc,1980-1989,72.078,6,1982,1987,1.0,mean
strict_balanced,MS,Tmax,28115,Pontotoc,1990-1999,71.805,6,1992,1997,1.072,mean
strict_balanced,MS,Tmax,28115,Pontotoc,2000-2009,73.587,6,2002,2007,1.932,mean
strict_balanced,MS,Tmax,28115,Pontotoc,2010-2019,74.729,6,2012,2017,1.917,mean
strict_balanced,MS,Tmax,28115,Pontotoc,2020-2025,75.843,6,2020,2025,1.568,mean
strict_balanced,MS,Tmax,28121,Rankin,1980-1989,76.994,6,1982,1987,1.853,mean
strict_balanced,MS,Tmax,28121,Rankin,1990-1999,75.495,6,1992,1997,1.879,mean
strict_balanced,MS,Tmax,28121,Rankin,2000-2009,76.431,6,2002,2007,1.0,mean
strict_balanced,MS,Tmax,28121,Rankin,2010-2019,77.48,6,2012,2017,1.0,mean
strict_balanced,MS,Tmax,28121,Rankin,2020-2025,78.445,6,2020,2025,1.0,mean
strict_balanced,MS,Tmax,28151,Washington,1980-1989,73.828,6,1982,1987,1.931,mean
strict_balanced,MS,Tmax,28151,Washington,1990-1999,72.983,6,1992,1997,1.93,mean
strict_balanced,MS,Tmax,28151,Washington,2000-2009,74.945,6,2002,2007,2.469,mean
strict_balanced,MS,Tmax,28151,Washington,2010-2019,75.077,6,2012,2017,2.478,mean
strict_balanced,MS,Tmax,28151,Washington,2020-2025,76.119,6,2020,2025,1.763,mean
strict_balanced,MS,Tmin,28011,Bolivar,1980-1989,53.718,6,1982,1987,1.07,mean
strict_balanced,MS,Tmin,28011,Bolivar,1990-1999,52.025,6,1992,1997,1.0,mean
strict_balanced,MS,Tmin,28011,Bolivar,2000-2009,53.082,6,2002,2008,1.6,mean
strict_balanced,MS,Tmin,28011,Bolivar,2010-2019,53.441,6,2012,2017,1.197,mean
strict_balanced,MS,Tmin,28011,Bolivar,2020-2025,54.028,6,2020,2025,1.0,mean
strict_balanced,MS,Tmin,28015,Carroll,1980-1989,54.061,6,1982,1987,1.0,mean
strict_balanced,MS,Tmin,28015,Carroll,1990-1999,54.147,6,1991,1996,1.0,mean
strict_balanced,MS,Tmin,28015,Carroll,2000-2009,53.662,6,2002,2007,1.935,mean
strict_balanced,MS,Tmin,28015,Carroll,2010-2019,53.234,6,2012,2017,1.075,mean
strict_balanced,MS,Tmin,28015,Carroll,2020-2025,55.548,6,2020,2025,1.0,mean
strict_balanced,MS,Tmin,28029,Copiah,1980-1989,53.517,6,1982,1987,1.881,mean
strict_balanced,MS,Tmin,28029,Copiah,1990-1999,53.952,6,1992,1997,1.812,mean
strict_balanced,MS,Tmin,28029,Copiah,2000-2009,55.142,6,2002,2007,2.621,mean
strict_balanced,MS,Tmin,28029,Copiah,2010-2019,55.639,6,2012,2017,2.758,mean
strict_balanced,MS,Tmin,28029,Copiah,2020-2025,56.511,6,2020,2025,1.791,mean
strict_balanced,MS,Tmin,28033,DeSoto,1980-1989,51.924,6,1982,1987,1.0,mean
strict_balanced,MS,Tmin,28033,DeSoto,1990-1999,51.837,6,1991,1997,1.0,mean
strict_balanced,MS,Tmin,28033,DeSoto,2000-2009,50.332,6,2002,2007,1.718,mean
strict_balanced,MS,Tmin,28033,DeSoto,2010-2019,50.961,6,2012,2017,1.982,mean
strict_balanced,MS,Tmin,28033,DeSoto,2020-2025,52.123,6,2020,2025,1.991,mean
strict_balanced,MS,Tmin,28035,Forrest,1980-1989,54.628,6,1982,1987,1.0,mean
strict_balanced,MS,Tmin,28035,Forrest,1990-1999,54.784,6,1992,1997,1.0,mean
strict_balanced,MS,Tmin,28035,Forrest,2000-2009,55.086,6,2002,2007,1.947,mean
strict_balanced,MS,Tmin,28035,Forrest,2010-2019,56.013,6,2012,2017,1.918,mean
strict_balanced,MS,Tmin,28035,Forrest,2020-2025,57.053,6,2020,2025,1.698,mean
strict_balanced,MS,Tmin,28037,Franklin,1980-1989,51.503,6,1984,1989,1.0,mean
strict_balanced,MS,Tmin,28037,Franklin,1990-1999,52.67,6,1992,1997,1.0,mean
strict_balanced,MS,Tmin,28037,Franklin,2000-2009,55.706,6,2003,2008,1.752,mean
strict_balanced,MS,Tmin,28037,Franklin,2010-2019,55.646,6,2012,2017,1.894,mean
strict_balanced,MS,Tmin,28037,Franklin,2020-2025,57.859,6,2020,2025,1.0,mean
strict_balanced,MS,Tmin,28045,Hancock,1980-1989,56.013,6,1982,1987,1.919,mean
strict_balanced,MS,Tmin,28045,Hancock,1990-1999,56.438,6,1992,1997,1.98,mean
strict_balanced,MS,Tmin,28045,Hancock,2000-2009,56.729,6,2002,2007,2.564,mean
strict_balanced,MS,Tmin,28045,Hancock,2010-2019,58.027,6,2012,2017,1.773,mean
strict_balanced,MS,Tmin,28045,Hancock,2020-2025,58.252,6,2020,2025,1.221,mean
strict_balanced,MS,Tmin,28047,Harrison,1980-1989,58.184,6,1982,1987,2.694,mean
strict_balanced,MS,Tmin,28047,Harrison,1990-1999,58.493,6,1992,1997,2.914,mean
strict_balanced,MS,Tmin,28047,Harrison,2000-2009,59.321,6,2002,2007,3.835,mean
strict_balanced,MS,Tmin,28047,Harrison,2010-2019,59.409,6,2012,2017,3.874,mean
strict_balanced,MS,Tmin,28047,Harrison,2020-2025,61.407,6,2020,2025,2.346,mean
strict_balanced,MS,Tmin,28049,Hinds,1980-1989,52.885,6,1982,1987,1.0,mean
strict_balanced,MS,Tmin,28049,Hinds,1990-1999,52.333,6,1991,1997,1.0,mean
strict_balanced,MS,Tmin,28049,Hinds,2000-2009,54.697,6,2002,2007,2.57,mean
strict_balanced,MS,Tmin,28049,Hinds,2010-2019,54.494,6,2012,2017,1.858,mean
strict_balanced,MS,Tmin,28049,Hinds,2020-2025,56.528,6,2020,2025,1.122,mean
strict_balanced,MS,Tmin,28059,Jackson,1980-1989,59.072,6,1981,1987,1.0,mean
strict_balanced,MS,Tmin,28059,Jackson,1990-1999,55.842,6,1992,1997,1.054,mean
strict_balanced,MS,Tmin,28059,Jackson,2000-2009,56.56,6,2002,2007,2.702,mean
strict_balanced,MS,Tmin,28059,Jackson,2010-2019,57.014,6,2012,2017,2.512,mean
strict_balanced,MS,Tmin,28059,Jackson,2020-2025,58.613,6,2020,2025,1.995,mean
strict_balanced,MS,Tmin,28071,Lafayette,1980-1989,47.778,6,1981,1986,1.0,mean
strict_balanced,MS,Tmin,28071,Lafayette,1990-1999,49.653,6,1991,1997,1.0,mean
strict_balanced,MS,Tmin,28071,Lafayette,2000-2009,50.656,6,2001,2006,1.0,mean
strict_balanced,MS,Tmin,28071,Lafayette,2010-2019,50.54,6,2012,2017,1.0,mean
strict_balanced,MS,Tmin,28071,Lafayette,2020-2025,50.193,6,2020,2025,1.0,mean
strict_balanced,MS,Tmin,28075,Lauderdale,1980-1989,52.303,6,1982,1987,2.713,mean
strict_balanced,MS,Tmin,28075,Lauderdale,1990-1999,52.648,6,1992,1997,1.998,mean
strict_balanced,MS,Tmin,28075,Lauderdale,2000-2009,52.869,6,2002,2007,1.721,mean
strict_balanced,MS,Tmin,28075,Lauderdale,2010-2019,53.701,6,2012,2017,1.983,mean
strict_balanced,MS,Tmin,28075,Lauderdale,2020-2025,54.627,6,2020,2025,1.839,mean
strict_balanced,MS,Tmin,28081,Lee,1980-1989,50.779,6,1981,1987,1.125,mean
strict_balanced,MS,Tmin,28081,Lee,1990-1999,50.644,6,1992,1997,1.981,mean
strict_balanced,MS,Tmin,28081,Lee,2000-2009,52.095,6,2002,2007,2.941,mean
strict_balanced,MS,Tmin,28081,Lee,2010-2019,52.014,6,2012,2017,2.986,mean
strict_balanced,MS,Tmin,28081,Lee,2020-2025,53.75,6,2020,2025,2.05,mean
strict_balanced,MS,Tmin,28087,Lowndes,1980-1989,51.555,6,1982,1987,1.0,mean
strict_balanced,MS,Tmin,28087,Lowndes,1990-1999,52.825,6,1992,1997,1.0,mean
strict_balanced,MS,Tmin,28087,Lowndes,2000-2009,52.173,6,2001,2008,1.0,mean
strict_balanced,MS,Tmin,28087,Lowndes,2010-2019,53.621,6,2012,2017,1.037,mean
strict_balanced,MS,Tmin,28087,Lowndes,2020-2025,54.263,6,2020,2025,1.981,mean
strict_balanced,MS,Tmin,28093,Marshall,1980-1989,48.087,6,1982,1987,1.0,mean
strict_balanced,MS,Tmin,28093,Marshall,1990-1999,48.429,6,1991,1996,1.0,mean
strict_balanced,MS,Tmin,28093,Marshall,2000-2009,48.442,6,2002,2007,1.912,mean
strict_balanced,MS,Tmin,28093,Marshall,2010-2019,48.948,6,2012,2017,2.62,mean
strict_balanced,MS,Tmin,28093,Marshall,2020-2025,50.502,6,2020,2025,2.0,mean
strict_balanced,MS,Tmin,28101,Newton,1980-1989,50.947,6,1982,1987,1.0,mean
strict_balanced,MS,Tmin,28101,Newton,1990-1999,51.479,6,1991,1998,1.0,mean
strict_balanced,MS,Tmin,28101,Newton,2000-2009,49.901,6,2001,2007,1.81,mean
strict_balanced,MS,Tmin,28101,Newton,2010-2019,51.984,6,2012,2017,1.984,mean
strict_balanced,MS,Tmin,28101,Newton,2020-2025,52.89,6,2020,2025,1.426,mean
strict_balanced,MS,Tmin,28111,Perry,1980-1989,51.853,6,1982,1987,1.0,mean
strict_balanced,MS,Tmin,28111,Perry,1990-1999,51.311,6,1992,1997,1.958,mean
strict_balanced,MS,Tmin,28111,Perry,2000-2009,53.011,6,2002,2007,1.484,mean
strict_balanced,MS,Tmin,28111,Perry,2010-2019,53.809,6,2012,2017,1.0,mean
strict_balanced,MS,Tmin,28111,Perry,2020-2025,54.991,6,2020,2025,1.0,mean
strict_balanced,MS,Tmin,28113,Pike,1980-1989,53.844,6,1982,1987,1.0,mean
strict_balanced,MS,Tmin,28113,Pike,1990-1999,53.988,6,1992,1997,1.0,mean
strict_balanced,MS,Tmin,28113,Pike,2000-2009,55.588,6,2002,2007,1.0,mean
strict_balanced,MS,Tmin,28113,Pike,2010-2019,56.493,6,2012,2017,1.0,mean
strict_balanced,MS,Tmin,28113,Pike,2020-2025,56.661,6,2020,2025,1.0,mean
strict_balanced,MS,Tmin,28115,Pontotoc,1980-1989,49.758,6,1982,1987,1.0,mean
strict_balanced,MS,Tmin,28115,Pontotoc,1990-1999,50.15,6,1992,1997,1.073,mean
strict_balanced,MS,Tmin,28115,Pontotoc,2000-2009,50.665,6,2002,2007,1.932,mean
strict_balanced,MS,Tmin,28115,Pontotoc,2010-2019,51.489,6,2012,2017,1.917,mean
strict_balanced,MS,Tmin,28115,Pontotoc,2020-2025,52.28,6,2020,2025,1.568,mean
strict_balanced,MS,Tmin,28121,Rankin,1980-1989,52.614,6,1982,1987,1.853,mean
strict_balanced,MS,Tmin,28121,Rankin,1990-1999,52.674,6,1992,1997,1.879,mean
strict_balanced,MS,Tmin,28121,Rankin,2000-2009,54.175,6,2002,2007,1.0,mean
strict_balanced,MS,Tmin,28121,Rankin,2010-2019,55.217,6,2012,2017,1.0,mean
strict_balanced,MS,Tmin,28121,Rankin,2020-2025,56.226,6,2020,2025,1.0,mean
strict_balanced,MS,Tmin,28151,Washington,1980-1989,52.754,6,1982,1987,1.932,mean
strict_balanced,MS,Tmin,28151,Washington,1990-1999,53.045,6,1992,1997,1.932,mean
strict_balanced,MS,Tmin,28151,Washington,2000-2009,53.885,6,2002,2007,2.469,mean
strict_balanced,MS,Tmin,28151,Washington,2010-2019,54.379,6,2012,2017,2.478,mean
strict_balanced,MS,Tmin,28151,Washington,2020-2025,54.84,6,2020,2025,1.763,mean
strict_balanced,TX,Tavg,48001,Anderson,1980-1989,65.385,6,1981,1988,1.0,mean
strict_balanced,TX,Tavg,48001,Anderson,1990-1999,66.274,6,1992,1997,1.0,mean
strict_balanced,TX,Tavg,48001,Anderson,2000-2009,66.239,6,2002,2007,2.643,mean
strict_balanced,TX,Tavg,48001,Anderson,2010-2019,67.141,6,2012,2017,3.758,mean
strict_balanced,TX,Tavg,48001,Anderson,2020-2025,67.651,6,2020,2025,3.554,mean
strict_balanced,TX,Tavg,48005,Angelina,1980-1989,66.317,6,1982,1987,1.0,mean
strict_balanced,TX,Tavg,48005,Angelina,1990-1999,66.257,6,1992,1997,1.317,mean
strict_balanced,TX,Tavg,48005,Angelina,2000-2009,66.587,6,2002,2007,2.976,mean
strict_balanced,TX,Tavg,48005,Angelina,2010-2019,67.55,6,2012,2017,2.677,mean
strict_balanced,TX,Tavg,48005,Angelina,2020-2025,68.938,6,2020,2025,1.987,mean
strict_balanced,TX,Tavg,48007,Aransas,1980-1989,71.49,6,1982,1987,1.911,mean
strict_balanced,TX,Tavg,48007,Aransas,1990-1999,71.106,6,1992,1997,2.186,mean
strict_balanced,TX,Tavg,48007,Aransas,2000-2009,71.854,6,2002,2007,2.919,mean
strict_balanced,TX,Tavg,48007,Aransas,2010-2019,72.059,6,2012,2017,2.161,mean
strict_balanced,TX,Tavg,48007,Aransas,2020-2025,73.332,6,2020,2025,2.402,mean
strict_balanced,TX,Tavg,48013,Atascosa,1980-1989,70.335,6,1982,1987,1.852,mean
strict_balanced,TX,Tavg,48013,Atascosa,1990-1999,70.318,6,1992,1997,2.841,mean
strict_balanced,TX,Tavg,48013,Atascosa,2000-2009,70.655,6,2002,2007,2.895,mean
strict_balanced,TX,Tavg,48013,Atascosa,2010-2019,70.981,6,2012,2017,2.523,mean
strict_balanced,TX,Tavg,48013,Atascosa,2020-2025,72.449,6,2020,2025,2.571,mean
strict_balanced,TX,Tavg,48017,Bailey,1980-1989,56.829,6,1982,1987,1.955,mean
strict_balanced,TX,Tavg,48017,Bailey,1990-1999,57.535,6,1992,1997,1.967,mean
strict_balanced,TX,Tavg,48017,Bailey,2000-2009,57.628,6,2002,2007,2.558,mean
strict_balanced,TX,Tavg,48017,Bailey,2010-2019,57.93,6,2012,2017,2.997,mean
strict_balanced,TX,Tavg,48017,Bailey,2020-2025,58.549,6,2020,2025,2.996,mean
strict_balanced,TX,Tavg,48021,Bastrop,1980-1989,67.259,6,1982,1987,2.952,mean
strict_balanced,TX,Tavg,48021,Bastrop,1990-1999,67.61,6,1992,1997,2.583,mean
strict_balanced,TX,Tavg,48021,Bastrop,2000-2009,68.626,6,2002,2007,3.725,mean
strict_balanced,TX,Tavg,48021,Bastrop,2010-2019,69.061,6,2012,2017,3.285,mean
strict_balanced,TX,Tavg,48021,Bastrop,2020-2025,70.398,6,2020,2025,1.233,mean
strict_balanced,TX,Tavg,48023,Baylor,1980-1989,62.399,6,1982,1987,1.997,mean
strict_balanced,TX,Tavg,48023,Baylor,1990-1999,62.742,6,1992,1997,1.978,mean
strict_balanced,TX,Tavg,48023,Baylor,2000-2009,64.145,6,2002,2007,2.438,mean
strict_balanced,TX,Tavg,48023,Baylor,2010-2019,65.722,6,2012,2017,1.987,mean
strict_balanced,TX,Tavg,48023,Baylor,2020-2025,66.094,6,2020,2025,1.994,mean
strict_balanced,TX,Tavg,48027,Bell,1980-1989,65.982,6,1982,1987,3.786,mean
strict_balanced,TX,Tavg,48027,Bell,1990-1999,65.799,6,1992,1997,2.98,mean
strict_balanced,TX,Tavg,48027,Bell,2000-2009,67.497,6,2000,2009,2.811,mean
strict_balanced,TX,Tavg,48027,Bell,2010-2019,68.118,6,2012,2017,3.68,mean
strict_balanced,TX,Tavg,48027,Bell,2020-2025,69.004,6,2020,2025,3.143,mean
strict_balanced,TX,Tavg,48029,Bexar,1980-1989,68.513,6,1982,1987,1.0,mean
strict_balanced,TX,Tavg,48029,Bexar,1990-1999,69.06,6,1992,1997,2.036,mean
strict_balanced,TX,Tavg,48029,Bexar,2000-2009,69.67,6,2002,2007,3.927,mean
strict_balanced,TX,Tavg,48029,Bexar,2010-2019,71.056,6,2012,2017,2.529,mean
strict_balanced,TX,Tavg,48029,Bexar,2020-2025,71.008,6,2020,2025,5.513,mean
strict_balanced,TX,Tavg,48037,Bowie,1980-1989,63.314,6,1982,1987,1.654,mean
strict_balanced,TX,Tavg,48037,Bowie,1990-1999,63.558,6,1992,1997,1.95,mean
strict_balanced,TX,Tavg,48037,Bowie,2000-2009,64.393,6,2002,2007,2.292,mean
strict_balanced,TX,Tavg,48037,Bowie,2010-2019,64.374,6,2012,2017,2.809,mean
strict_balanced,TX,Tavg,48037,Bowie,2020-2025,65.335,6,2020,2025,1.982,mean
strict_balanced,TX,Tavg,48039,Brazoria,1980-1989,68.912,6,1982,1987,3.38,mean
strict_balanced,TX,Tavg,48039,Brazoria,1990-1999,69.594,6,1992,1997,3.066,mean
strict_balanced,TX,Tavg,48039,Brazoria,2000-2009,70.169,6,2002,2007,6.406,mean
strict_balanced,TX,Tavg,48039,Brazoria,2010-2019,71.486,6,2012,2017,4.973,mean
strict_balanced,TX,Tavg,48039,Brazoria,2020-2025,72.029,6,2020,2025,4.895,mean
strict_balanced,TX,Tavg,48041,Brazos,1980-1989,68.175,6,1982,1987,1.0,mean
strict_balanced,TX,Tavg,48041,Brazos,1990-1999,68.584,6,1992,1997,1.0,mean
strict_balanced,TX,Tavg,48041,Brazos,2000-2009,69.14,6,2002,2007,1.0,mean
strict_balanced,TX,Tavg,48041,Brazos,2010-2019,69.98,6,2012,2017,1.0,mean
strict_balanced,TX,Tavg,48041,Brazos,2020-2025,71.544,6,2020,2025,1.0,mean
strict_balanced,TX,Tavg,48043,Brewster,1980-1989,66.328,6,1982,1987,8.095,mean
strict_balanced,TX,Tavg,48043,Brewster,1990-1999,67.299,6,1992,1997,9.506,mean
strict_balanced,TX,Tavg,48043,Brewster,2000-2009,67.294,6,2002,2007,11.112,mean
strict_balanced,TX,Tavg,48043,Brewster,2010-2019,67.154,6,2012,2017,14.133,mean
strict_balanced,TX,Tavg,48043,Brewster,2020-2025,68.89,6,2020,2025,11.788,mean
strict_balanced,TX,Tavg,48045,Briscoe,1980-1989,56.768,6,1982,1987,1.0,mean
strict_balanced,TX,Tavg,48045,Briscoe,1990-1999,57.294,6,1992,1997,1.0,mean
strict_balanced,TX,Tavg,48045,Briscoe,2000-2009,57.87,6,2002,2007,1.0,mean
strict_balanced,TX,Tavg,48045,Briscoe,2010-2019,59.255,6,2012,2017,1.0,mean
strict_balanced,TX,Tavg,48045,Briscoe,2020-2025,60.399,6,2020,2025,1.326,mean
strict_balanced,TX,Tavg,48053,Burnet,1980-1989,65.149,6,1982,1987,1.0,mean
strict_balanced,TX,Tavg,48053,Burnet,1990-1999,65.323,6,1991,1998,1.356,mean
strict_balanced,TX,Tavg,48053,Burnet,2000-2009,66.769,6,2002,2007,1.856,mean
strict_balanced,TX,Tavg,48053,Burnet,2010-2019,67.355,6,2012,2017,2.985,mean
strict_balanced,TX,Tavg,48053,Burnet,2020-2025,68.489,6,2020,2025,2.966,mean
strict_balanced,TX,Tavg,48055,Caldwell,1980-1989,68.339,6,1982,1987,1.0,mean
strict_balanced,TX,Tavg,48055,Caldwell,1990-1999,68.045,6,1992,1997,1.0,mean
strict_balanced,TX,Tavg,48055,Caldwell,2000-2009,68.064,6,2002,2007,1.0,mean
strict_balanced,TX,Tavg,48055,Caldwell,2010-2019,68.625,6,2012,2017,1.051,mean
strict_balanced,TX,Tavg,48055,Caldwell,2020-2025,71.172,6,2020,2025,1.962,mean
strict_balanced,TX,Tavg,48059,Callahan,1980-1989,65.465,6,1982,1987,1.0,mean
strict_balanced,TX,Tavg,48059,Callahan,1990-1999,65.478,6,1992,1997,1.0,mean
strict_balanced,TX,Tavg,48059,Callahan,2000-2009,64.437,6,2002,2007,1.925,mean
strict_balanced,TX,Tavg,48059,Callahan,2010-2019,65.401,6,2012,2017,1.992,mean
strict_balanced,TX,Tavg,48059,Callahan,2020-2025,66.088,6,2020,2025,1.854,mean
strict_balanced,TX,Tavg,48061,Cameron,1980-1989,73.517,6,1982,1987,2.797,mean
strict_balanced,TX,Tavg,48061,Cameron,1990-1999,73.578,6,1992,1997,3.978,mean
strict_balanced,TX,Tavg,48061,Cameron,2000-2009,74.807,6,2002,2007,6.79,mean
strict_balanced,TX,Tavg,48061,Cameron,2010-2019,75.293,6,2012,2017,6.255,mean
strict_balanced,TX,Tavg,48061,Cameron,2020-2025,75.876,6,2020,2025,6.555,mean
strict_balanced,TX,Tavg,48069,Castro,1980-1989,56.154,6,1980,1989,1.543,mean
strict_balanced,TX,Tavg,48069,Castro,1990-1999,56.118,6,1992,1997,1.983,mean
strict_balanced,TX,Tavg,48069,Castro,2000-2009,56.909,6,2002,2007,1.996,mean
strict_balanced,TX,Tavg,48069,Castro,2010-2019,57.117,6,2012,2017,2.0,mean
strict_balanced,TX,Tavg,48069,Castro,2020-2025,58.292,6,2020,2025,2.0,mean
strict_balanced,TX,Tavg,48071,Chambers,1980-1989,69.453,6,1982,1987,1.0,mean
strict_balanced,TX,Tavg,48071,Chambers,1990-1999,68.652,6,1990,1998,1.095,mean
strict_balanced,TX,Tavg,48071,Chambers,2000-2009,68.671,6,2001,2007,1.54,mean
strict_balanced,TX,Tavg,48071,Chambers,2010-2019,69.392,6,2012,2017,1.883,mean
strict_balanced,TX,Tavg,48071,Chambers,2020-2025,70.662,6,2020,2025,1.0,mean
strict_balanced,TX,Tavg,48073,Cherokee,1980-1989,65.977,6,1982,1987,1.878,mean
strict_balanced,TX,Tavg,48073,Cherokee,1990-1999,65.077,6,1992,1997,1.865,mean
strict_balanced,TX,Tavg,48073,Cherokee,2000-2009,66.108,6,2002,2007,1.758,mean
strict_balanced,TX,Tavg,48073,Cherokee,2010-2019,66.036,6,2012,2017,1.852,mean
strict_balanced,TX,Tavg,48073,Cherokee,2020-2025,66.509,6,2020,2025,1.89,mean
strict_balanced,TX,Tavg,48075,Childress,1980-1989,60.473,6,1982,1987,1.0,mean
strict_balanced,TX,Tavg,48075,Childress,1990-1999,61.636,6,1992,1997,1.028,mean
strict_balanced,TX,Tavg,48075,Childress,2000-2009,62.304,6,2002,2007,1.999,mean
strict_balanced,TX,Tavg,48075,Childress,2010-2019,63.073,6,2012,2017,1.999,mean
strict_balanced,TX,Tavg,48075,Childress,2020-2025,64.159,6,2020,2025,2.0,mean
strict_balanced,TX,Tavg,48079,Cochran,1980-1989,57.067,6,1982,1987,1.0,mean
strict_balanced,TX,Tavg,48079,Cochran,1990-1999,58.798,6,1992,1997,1.0,mean
strict_balanced,TX,Tavg,48079,Cochran,2000-2009,59.976,6,2002,2007,1.0,mean
strict_balanced,TX,Tavg,48079,Cochran,2010-2019,59.646,6,2012,2017,1.0,mean
strict_balanced,TX,Tavg,48079,Cochran,2020-2025,60.58,6,2020,2025,1.0,mean
strict_balanced,TX,Tavg,48081,Coke,1980-1989,64.792,6,1982,1987,1.0,mean
strict_balanced,TX,Tavg,48081,Coke,1990-1999,64.527,6,1992,1997,1.0,mean
strict_balanced,TX,Tavg,48081,Coke,2000-2009,64.603,6,2002,2008,1.32,mean
strict_balanced,TX,Tavg,48081,Coke,2010-2019,64.637,6,2012,2017,1.617,mean
strict_balanced,TX,Tavg,48081,Coke,2020-2025,65.254,6,2020,2025,1.053,mean
strict_balanced,TX,Tavg,48083,Coleman,1980-1989,64.146,6,1982,1987,1.965,mean
strict_balanced,TX,Tavg,48083,Coleman,1990-1999,63.541,6,1992,1997,1.987,mean
strict_balanced,TX,Tavg,48083,Coleman,2000-2009,65.068,6,2002,2007,2.756,mean
strict_balanced,TX,Tavg,48083,Coleman,2010-2019,66.438,6,2012,2017,2.365,mean
strict_balanced,TX,Tavg,48083,Coleman,2020-2025,67.162,6,2020,2025,2.816,mean
strict_balanced,TX,Tavg,48085,Collin,1980-1989,64.557,6,1982,1987,1.958,mean
strict_balanced,TX,Tavg,48085,Collin,1990-1999,64.191,6,1992,1997,1.901,mean
strict_balanced,TX,Tavg,48085,Collin,2000-2009,64.89,6,2002,2007,2.785,mean
strict_balanced,TX,Tavg,48085,Collin,2010-2019,65.686,6,2012,2017,2.683,mean
strict_balanced,TX,Tavg,48085,Collin,2020-2025,66.782,6,2020,2025,2.328,mean
strict_balanced,TX,Tavg,48089,Colorado,1980-1989,68.18,6,1982,1987,1.0,mean
strict_balanced,TX,Tavg,48089,Colorado,1990-1999,67.286,6,1992,1997,1.0,mean
strict_balanced,TX,Tavg,48089,Colorado,2000-2009,68.636,6,2002,2007,1.932,mean
strict_balanced,TX,Tavg,48089,Colorado,2010-2019,70.126,6,2012,2017,2.701,mean
strict_balanced,TX,Tavg,48089,Colorado,2020-2025,71.383,6,2020,2025,2.246,mean
strict_balanced,TX,Tavg,48095,Concho,1980-1989,65.478,6,1982,1987,1.625,mean
strict_balanced,TX,Tavg,48095,Concho,1990-1999,65.988,6,1992,1997,1.0,mean
strict_balanced,TX,Tavg,48095,Concho,2000-2009,65.04,6,2002,2007,2.277,mean
strict_balanced,TX,Tavg,48095,Concho,2010-2019,65.224,6,2012,2017,2.312,mean
strict_balanced,TX,Tavg,48095,Concho,2020-2025,66.253,6,2020,2025,2.101,mean
strict_balanced,TX,Tavg,48097,Cooke,1980-1989,62.564,6,1981,1988,1.0,mean
strict_balanced,TX,Tavg,48097,Cooke,1990-1999,62.349,6,1992,1997,1.0,mean
strict_balanced,TX,Tavg,48097,Cooke,2000-2009,63.763,6,2002,2007,1.0,mean
strict_balanced,TX,Tavg,48097,Cooke,2010-2019,63.89,6,2012,2017,1.968,mean
strict_balanced,TX,Tavg,48097,Cooke,2020-2025,64.41,6,2020,2025,1.738,mean
strict_balanced,TX,Tavg,48099,Coryell,1980-1989,65.328,6,1982,1987,1.958,mean
strict_balanced,TX,Tavg,48099,Coryell,1990-1999,65.018,6,1992,1997,1.934,mean
strict_balanced,TX,Tavg,48099,Coryell,2000-2009,65.547,6,2001,2006,1.952,mean
strict_balanced,TX,Tavg,48099,Coryell,2010-2019,67.744,6,2011,2017,1.55,mean
strict_balanced,TX,Tavg,48099,Coryell,2020-2025,68.287,6,2020,2025,1.207,mean
strict_balanced,TX,Tavg,48101,Cottle,1980-1989,61.262,6,1982,1987,1.0,mean
strict_balanced,TX,Tavg,48101,Cottle,1990-1999,61.542,6,1992,1997,1.0,mean
strict_balanced,TX,Tavg,48101,Cottle,2000-2009,63.187,6,2002,2007,1.469,mean
strict_balanced,TX,Tavg,48101,Cottle,2010-2019,63.777,6,2012,2017,1.994,mean
strict_balanced,TX,Tavg,48101,Cottle,2020-2025,64.4,6,2020,2025,1.63,mean
strict_balanced,TX,Tavg,48105,Crockett,1980-1989,63.817,6,1982,1988,1.0,mean
strict_balanced,TX,Tavg,48105,Crockett,1990-1999,64.028,6,1991,1997,1.72,mean
strict_balanced,TX,Tavg,48105,Crockett,2000-2009,64.48,6,2002,2007,3.041,mean
strict_balanced,TX,Tavg,48105,Crockett,2010-2019,65.148,6,2012,2017,3.042,mean
strict_balanced,TX,Tavg,48105,Crockett,2020-2025,66.66,6,2020,2025,1.148,mean
strict_balanced,TX,Tavg,48107,Crosby,1980-1989,58.881,6,1982,1987,1.0,mean
strict_balanced,TX,Tavg,48107,Crosby,1990-1999,59.608,6,1992,1997,1.042,mean
strict_balanced,TX,Tavg,48107,Crosby,2000-2009,61.605,6,2002,2007,1.992,mean
strict_balanced,TX,Tavg,48107,Crosby,2010-2019,61.906,6,2012,2017,2.0,mean
strict_balanced,TX,Tavg,48107,Crosby,2020-2025,62.898,6,2020,2025,2.0,mean
strict_balanced,TX,Tavg,48113,Dallas,1980-1989,65.961,6,1982,1987,3.0,mean
strict_balanced,TX,Tavg,48113,Dallas,1990-1999,65.782,6,1992,1997,3.802,mean
strict_balanced,TX,Tavg,48113,Dallas,2000-2009,66.61,6,2002,2007,3.565,mean
strict_balanced,TX,Tavg,48113,Dallas,2010-2019,67.943,6,2012,2017,3.699,mean
strict_balanced,TX,Tavg,48113,Dallas,2020-2025,68.212,6,2020,2025,5.057,mean
strict_balanced,TX,Tavg,48121,Denton,1980-1989,64.097,6,1982,1987,2.493,mean
strict_balanced,TX,Tavg,48121,Denton,1990-1999,63.589,6,1992,1997,3.215,mean
strict_balanced,TX,Tavg,48121,Denton,2000-2009,65.712,6,2002,2007,4.219,mean
strict_balanced,TX,Tavg,48121,Denton,2010-2019,65.889,6,2012,2017,3.989,mean
strict_balanced,TX,Tavg,48121,Denton,2020-2025,67.037,6,2020,2025,3.987,mean
strict_balanced,TX,Tavg,48123,DeWitt,1980-1989,68.911,6,1982,1987,1.928,mean
strict_balanced,TX,Tavg,48123,DeWitt,1990-1999,69.319,6,1992,1997,1.941,mean
strict_balanced,TX,Tavg,48123,DeWitt,2000-2009,69.426,6,2001,2008,1.79,mean
strict_balanced,TX,Tavg,48123,DeWitt,2010-2019,70.486,6,2012,2017,1.991,mean
strict_balanced,TX,Tavg,48123,DeWitt,2020-2025,72.425,6,2020,2025,1.626,mean
strict_balanced,TX,Tavg,48125,Dickens,1980-1989,61.313,6,1980,1988,1.0,mean
strict_balanced,TX,Tavg,48125,Dickens,1990-1999,61.505,6,1991,1998,1.0,mean
strict_balanced,TX,Tavg,48125,Dickens,2000-2009,61.452,6,2002,2007,1.0,mean
strict_balanced,TX,Tavg,48125,Dickens,2010-2019,62.071,6,2012,2017,1.0,mean
strict_balanced,TX,Tavg,48125,Dickens,2020-2025,63.239,6,2020,2025,1.0,mean
strict_balanced,TX,Tavg,48131,Duval,1980-1989,71.835,6,1981,1988,1.759,mean
strict_balanced,TX,Tavg,48131,Duval,1990-1999,72.519,6,1991,1998,2.12,mean
strict_balanced,TX,Tavg,48131,Duval,2000-2009,72.116,6,2001,2007,1.872,mean
strict_balanced,TX,Tavg,48131,Duval,2010-2019,72.939,6,2012,2017,1.892,mean
strict_balanced,TX,Tavg,48131,Duval,2020-2025,74.055,6,2020,2025,1.386,mean
strict_balanced,TX,Tavg,48135,Ector,1980-1989,64.023,6,1982,1987,1.0,mean
strict_balanced,TX,Tavg,48135,Ector,1990-1999,64.311,6,1992,1997,1.0,mean
strict_balanced,TX,Tavg,48135,Ector,2000-2009,64.905,6,2002,2007,3.401,mean
strict_balanced,TX,Tavg,48135,Ector,2010-2019,65.547,6,2012,2017,3.105,mean
strict_balanced,TX,Tavg,48135,Ector,2020-2025,66.592,6,2020,2025,2.32,mean
strict_balanced,TX,Tavg,48139,Ellis,1980-1989,65.452,6,1982,1987,2.906,mean
strict_balanced,TX,Tavg,48139,Ellis,1990-1999,65.116,6,1992,1997,2.906,mean
strict_balanced,TX,Tavg,48139,Ellis,2000-2009,65.901,6,2002,2007,2.655,mean
strict_balanced,TX,Tavg,48139,Ellis,2010-2019,66.326,6,2012,2017,3.038,mean
strict_balanced,TX,Tavg,48139,Ellis,2020-2025,67.299,6,2020,2025,1.967,mean
strict_balanced,TX,Tavg,48141,El Paso,1980-1989,63.056,6,1982,1987,3.871,mean
strict_balanced,TX,Tavg,48141,El Paso,1990-1999,64.676,6,1992,1997,3.86,mean
strict_balanced,TX,Tavg,48141,El Paso,2000-2009,65.09,6,2002,2007,4.317,mean
strict_balanced,TX,Tavg,48141,El Paso,2010-2019,64.687,6,2012,2017,1.765,mean
strict_balanced,TX,Tavg,48141,El Paso,2020-2025,66.382,6,2020,2025,2.164,mean
strict_balanced,TX,Tavg,48143,Erath,1980-1989,63.742,6,1982,1987,1.981,mean
strict_balanced,TX,Tavg,48143,Erath,1990-1999,63.125,6,1992,1997,1.955,mean
strict_balanced,TX,Tavg,48143,Erath,2000-2009,63.897,6,2002,2007,1.828,mean
strict_balanced,TX,Tavg,48143,Erath,2010-2019,66.119,6,2012,2017,1.0,mean
strict_balanced,TX,Tavg,48143,Erath,2020-2025,67.021,6,2020,2025,1.0,mean
strict_balanced,TX,Tavg,48147,Fannin,1980-1989,63.479,6,1982,1987,1.0,mean
strict_balanced,TX,Tavg,48147,Fannin,1990-1999,61.774,6,1992,1997,1.0,mean
strict_balanced,TX,Tavg,48147,Fannin,2000-2009,63.552,6,2002,2007,1.886,mean
strict_balanced,TX,Tavg,48147,Fannin,2010-2019,64.502,6,2012,2017,1.975,mean
strict_balanced,TX,Tavg,48147,Fannin,2020-2025,65.27,6,2020,2025,1.957,mean
strict_balanced,TX,Tavg,48149,Fayette,1980-1989,69.104,6,1982,1987,1.918,mean
strict_balanced,TX,Tavg,48149,Fayette,1990-1999,69.057,6,1992,1997,1.951,mean
strict_balanced,TX,Tavg,48149,Fayette,2000-2009,69.414,6,2002,2007,2.956,mean
strict_balanced,TX,Tavg,48149,Fayette,2010-2019,70.308,6,2012,2017,3.34,mean
strict_balanced,TX,Tavg,48149,Fayette,2020-2025,71.26,6,2020,2025,1.833,mean
strict_balanced,TX,Tavg,48153,Floyd,1980-1989,58.165,6,1982,1987,1.0,mean
strict_balanced,TX,Tavg,48153,Floyd,1990-1999,58.666,6,1992,1997,1.0,mean
strict_balanced,TX,Tavg,48153,Floyd,2000-2009,59.576,6,2002,2007,1.0,mean
strict_balanced,TX,Tavg,48153,Floyd,2010-2019,59.698,6,2012,2017,1.0,mean
strict_balanced,TX,Tavg,48153,Floyd,2020-2025,60.643,6,2020,2025,1.0,mean
strict_balanced,TX,Tavg,48157,Fort Bend,1980-1989,68.78,6,1982,1987,1.952,mean
strict_balanced,TX,Tavg,48157,Fort Bend,1990-1999,69.556,6,1991,1996,1.909,mean
strict_balanced,TX,Tavg,48157,Fort Bend,2000-2009,70.528,6,2002,2007,2.629,mean
strict_balanced,TX,Tavg,48157,Fort Bend,2010-2019,71.095,6,2012,2017,2.075,mean
strict_balanced,TX,Tavg,48157,Fort Bend,2020-2025,72.599,6,2020,2025,1.568,mean
strict_balanced,TX,Tavg,48165,Gaines,1980-1989,60.764,6,1982,1987,1.0,mean
strict_balanced,TX,Tavg,48165,Gaines,1990-1999,61.034,6,1992,1997,1.0,mean
strict_balanced,TX,Tavg,48165,Gaines,2000-2009,61.48,6,2001,2007,1.071,mean
strict_balanced,TX,Tavg,48165,Gaines,2010-2019,62.358,6,2012,2017,1.845,mean
strict_balanced,TX,Tavg,48165,Gaines,2020-2025,63.943,6,2020,2025,1.567,mean
strict_balanced,TX,Tavg,48167,Galveston,1980-1989,69.945,6,1982,1987,1.0,mean
strict_balanced,TX,Tavg,48167,Galveston,1990-1999,69.73,6,1992,1997,2.35,mean
strict_balanced,TX,Tavg,48167,Galveston,2000-2009,70.666,6,2002,2007,3.161,mean
strict_balanced,TX,Tavg,48167,Galveston,2010-2019,71.483,6,2012,2017,2.0,mean
strict_balanced,TX,Tavg,48167,Galveston,2020-2025,72.778,6,2020,2025,1.939,mean
strict_balanced,TX,Tavg,48169,Garza,1980-1989,60.789,6,1982,1987,1.0,mean
strict_balanced,TX,Tavg,48169,Garza,1990-1999,63.034,6,1993,1998,1.74,mean
strict_balanced,TX,Tavg,48169,Garza,2000-2009,62.922,6,2002,2007,1.977,mean
strict_balanced,TX,Tavg,48169,Garza,2010-2019,63.939,6,2012,2017,2.0,mean
strict_balanced,TX,Tavg,48169,Garza,2020-2025,65.252,6,2020,2025,2.0,mean
strict_balanced,TX,Tavg,48171,Gillespie,1980-1989,65.101,6,1982,1987,1.0,mean
strict_balanced,TX,Tavg,48171,Gillespie,1990-1999,66.822,6,1992,1997,1.0,mean
strict_balanced,TX,Tavg,48171,Gillespie,2000-2009,66.346,6,2002,2007,1.964,mean
strict_balanced,TX,Tavg,48171,Gillespie,2010-2019,66.234,6,2012,2017,3.948,mean
strict_balanced,TX,Tavg,48171,Gillespie,2020-2025,67.415,6,2020,2025,3.823,mean
strict_balanced,TX,Tavg,48175,Goliad,1980-1989,70.923,6,1980,1985,1.0,mean
strict_balanced,TX,Tavg,48175,Goliad,1990-1999,72.257,6,1990,1995,1.0,mean
strict_balanced,TX,Tavg,48175,Goliad,2000-2009,70.973,6,2002,2007,1.728,mean
strict_balanced,TX,Tavg,48175,Goliad,2010-2019,70.202,6,2012,2017,1.289,mean
strict_balanced,TX,Tavg,48175,Goliad,2020-2025,71.424,6,2020,2025,1.0,mean
strict_balanced,TX,Tavg,48177,Gonzales,1980-1989,68.854,6,1982,1987,1.936,mean
strict_balanced,TX,Tavg,48177,Gonzales,1990-1999,68.128,6,1992,1997,1.921,mean
strict_balanced,TX,Tavg,48177,Gonzales,2000-2009,69.151,6,2002,2007,2.48,mean
strict_balanced,TX,Tavg,48177,Gonzales,2010-2019,69.6,6,2012,2017,2.959,mean
strict_balanced,TX,Tavg,48177,Gonzales,2020-2025,71.406,6,2020,2025,3.168,mean
strict_balanced,TX,Tavg,48179,Gray,1980-1989,57.823,6,1982,1987,1.968,mean
strict_balanced,TX,Tavg,48179,Gray,1990-1999,57.54,6,1992,1997,1.95,mean
strict_balanced,TX,Tavg,48179,Gray,2000-2009,58.662,6,2002,2007,1.828,mean
strict_balanced,TX,Tavg,48179,Gray,2010-2019,58.525,6,2012,2017,1.0,mean
strict_balanced,TX,Tavg,48179,Gray,2020-2025,59.455,6,2020,2025,1.0,mean
strict_balanced,TX,Tavg,48181,Grayson,1980-1989,63.133,6,1982,1987,1.976,mean
strict_balanced,TX,Tavg,48181,Grayson,1990-1999,62.268,6,1992,1997,1.912,mean
strict_balanced,TX,Tavg,48181,Grayson,2000-2009,63.517,6,2002,2007,1.0,mean
strict_balanced,TX,Tavg,48181,Grayson,2010-2019,64.7,6,2012,2017,1.976,mean
strict_balanced,TX,Tavg,48181,Grayson,2020-2025,65.375,6,2020,2025,1.944,mean
strict_balanced,TX,Tavg,48189,Hale,1980-1989,58.806,6,1982,1987,1.0,mean
strict_balanced,TX,Tavg,48189,Hale,1990-1999,58.473,6,1992,1997,1.0,mean
strict_balanced,TX,Tavg,48189,Hale,2000-2009,58.904,6,2002,2007,2.792,mean
strict_balanced,TX,Tavg,48189,Hale,2010-2019,59.684,6,2012,2017,3.0,mean
strict_balanced,TX,Tavg,48189,Hale,2020-2025,60.438,6,2020,2025,3.0,mean
strict_balanced,TX,Tavg,48191,Hall,1980-1989,61.373,6,1982,1987,1.724,mean
strict_balanced,TX,Tavg,48191,Hall,1990-1999,60.85,6,1992,1997,1.928,mean
strict_balanced,TX,Tavg,48191,Hall,2000-2009,61.266,6,2002,2007,1.977,mean
strict_balanced,TX,Tavg,48191,Hall,2010-2019,62.207,6,2012,2017,2.0,mean
strict_balanced,TX,Tavg,48191,Hall,2020-2025,62.79,6,2020,2025,2.0,mean
strict_balanced,TX,Tavg,48195,Hansford,1980-1989,57.514,6,1982,1987,1.866,mean
strict_balanced,TX,Tavg,48195,Hansford,1990-1999,56.852,6,1992,1997,1.935,mean
strict_balanced,TX,Tavg,48195,Hansford,2000-2009,57.545,6,2000,2008,1.446,mean
strict_balanced,TX,Tavg,48195,Hansford,2010-2019,57.153,6,2012,2017,1.0,mean
strict_balanced,TX,Tavg,48195,Hansford,2020-2025,58.458,6,2020,2025,1.0,mean
strict_balanced,TX,Tavg,48201,Harris,1980-1989,68.66,6,1982,1987,3.988,mean
strict_balanced,TX,Tavg,48201,Harris,1990-1999,69.647,6,1992,1997,3.758,mean
strict_balanced,TX,Tavg,48201,Harris,2000-2009,70.384,6,2002,2007,3.901,mean
strict_balanced,TX,Tavg,48201,Harris,2010-2019,70.916,6,2012,2017,3.2,mean
strict_balanced,TX,Tavg,48201,Harris,2020-2025,72.317,6,2020,2025,3.151,mean
strict_balanced,TX,Tavg,48203,Harrison,1980-1989,63.801,6,1980,1988,1.096,mean
strict_balanced,TX,Tavg,48203,Harrison,1990-1999,63.676,6,1992,1997,1.0,mean
strict_balanced,TX,Tavg,48203,Harrison,2000-2009,65.315,6,2002,2007,2.889,mean
strict_balanced,TX,Tavg,48203,Harrison,2010-2019,65.288,6,2012,2017,2.884,mean
strict_balanced,TX,Tavg,48203,Harrison,2020-2025,65.759,6,2020,2025,3.588,mean
strict_balanced,TX,Tavg,48205,Hartley,1980-1989,55.986,6,1981,1986,1.35,mean
strict_balanced,TX,Tavg,48205,Hartley,1990-1999,54.681,6,1992,1997,2.628,mean
strict_balanced,TX,Tavg,48205,Hartley,2000-2009,55.656,6,2002,2007,2.77,mean
strict_balanced,TX,Tavg,48205,Hartley,2010-2019,57.233,6,2012,2017,1.982,mean
strict_balanced,TX,Tavg,48205,Hartley,2020-2025,57.45,6,2020,2025,1.686,mean
strict_balanced,TX,Tavg,48209,Hays,1980-1989,67.24,6,1981,1988,1.593,mean
strict_balanced,TX,Tavg,48209,Hays,1990-1999,67.883,6,1992,1997,1.955,mean
strict_balanced,TX,Tavg,48209,Hays,2000-2009,68.067,6,2002,2007,1.966,mean
strict_balanced,TX,Tavg,48209,Hays,2010-2019,68.81,6,2012,2017,1.989,mean
strict_balanced,TX,Tavg,48209,Hays,2020-2025,69.618,6,2020,2025,1.959,mean
strict_balanced,TX,Tavg,48213,Henderson,1980-1989,65.232,6,1982,1987,1.0,mean
strict_balanced,TX,Tavg,48213,Henderson,1990-1999,65.548,6,1990,1998,1.0,mean
strict_balanced,TX,Tavg,48213,Henderson,2000-2009,66.08,6,2002,2007,1.851,mean
strict_balanced,TX,Tavg,48213,Henderson,2010-2019,66.913,6,2012,2017,1.994,mean
strict_balanced,TX,Tavg,48213,Henderson,2020-2025,66.943,6,2020,2025,1.845,mean
strict_balanced,TX,Tavg,48215,Hidalgo,1980-1989,74.065,6,1982,1987,4.865,mean
strict_balanced,TX,Tavg,48215,Hidalgo,1990-1999,74.319,6,1992,1997,5.499,mean
strict_balanced,TX,Tavg,48215,Hidalgo,2000-2009,75.067,6,2002,2007,9.579,mean
strict_balanced,TX,Tavg,48215,Hidalgo,2010-2019,75.504,6,2012,2017,9.498,mean
strict_balanced,TX,Tavg,48215,Hidalgo,2020-2025,76.278,6,2020,2025,8.681,mean
strict_balanced,TX,Tavg,48219,Hockley,1980-1989,58.016,6,1982,1987,1.0,mean
strict_balanced,TX,Tavg,48219,Hockley,1990-1999,59.616,6,1992,1997,1.0,mean
strict_balanced,TX,Tavg,48219,Hockley,2000-2009,59.788,6,2002,2007,1.0,mean
strict_balanced,TX,Tavg,48219,Hockley,2010-2019,60.209,6,2012,2017,1.0,mean
strict_balanced,TX,Tavg,48219,Hockley,2020-2025,60.505,6,2020,2025,1.0,mean
strict_balanced,TX,Tavg,48223,Hopkins,1980-1989,62.988,6,1982,1987,1.0,mean
strict_balanced,TX,Tavg,48223,Hopkins,1990-1999,63.572,6,1992,1997,1.0,mean
strict_balanced,TX,Tavg,48223,Hopkins,2000-2009,64.339,6,2002,2007,1.0,mean
strict_balanced,TX,Tavg,48223,Hopkins,2010-2019,65.304,6,2012,2017,1.96,mean
strict_balanced,TX,Tavg,48223,Hopkins,2020-2025,65.838,6,2020,2025,2.898,mean
strict_balanced,TX,Tavg,48225,Houston,1980-1989,65.652,6,1981,1986,1.934,mean
strict_balanced,TX,Tavg,48225,Houston,1990-1999,66.197,6,1991,1998,1.0,mean
strict_balanced,TX,Tavg,48225,Houston,2000-2009,67.579,6,2002,2007,1.722,mean
strict_balanced,TX,Tavg,48225,Houston,2010-2019,68.341,6,2012,2017,1.921,mean
strict_balanced,TX,Tavg,48225,Houston,2020-2025,68.356,6,2020,2025,1.991,mean
strict_balanced,TX,Tavg,48229,Hudspeth,1980-1989,60.812,6,1982,1987,5.179,mean
strict_balanced,TX,Tavg,48229,Hudspeth,1990-1999,61.686,6,1992,1997,5.496,mean
strict_balanced,TX,Tavg,48229,Hudspeth,2000-2009,62.311,6,2002,2007,3.237,mean
strict_balanced,TX,Tavg,48229,Hudspeth,2010-2019,63.404,6,2012,2017,1.896,mean
strict_balanced,TX,Tavg,48229,Hudspeth,2020-2025,65.337,6,2020,2025,1.0,mean
strict_balanced,TX,Tavg,48233,Hutchinson,1980-1989,57.854,6,1982,1987,1.0,mean
strict_balanced,TX,Tavg,48233,Hutchinson,1990-1999,58.238,6,1992,1997,1.832,mean
strict_balanced,TX,Tavg,48233,Hutchinson,2000-2009,59.877,6,2002,2007,3.894,mean
strict_balanced,TX,Tavg,48233,Hutchinson,2010-2019,61.003,6,2012,2017,3.982,mean
strict_balanced,TX,Tavg,48233,Hutchinson,2020-2025,61.576,6,2020,2025,2.979,mean
strict_balanced,TX,Tavg,48241,Jasper,1980-1989,65.602,6,1982,1987,1.0,mean
strict_balanced,TX,Tavg,48241,Jasper,1990-1999,64.382,6,1992,1997,1.0,mean
strict_balanced,TX,Tavg,48241,Jasper,2000-2009,67.078,6,2002,2007,1.0,mean
strict_balanced,TX,Tavg,48241,Jasper,2010-2019,68.672,6,2014,2019,1.0,mean
strict_balanced,TX,Tavg,48241,Jasper,2020-2025,69.322,6,2020,2025,1.0,mean
strict_balanced,TX,Tavg,48243,Jeff Davis,1980-1989,59.338,6,1982,1987,2.87,mean
strict_balanced,TX,Tavg,48243,Jeff Davis,1990-1999,60.619,6,1992,1997,3.91,mean
strict_balanced,TX,Tavg,48243,Jeff Davis,2000-2009,60.646,6,2002,2007,3.743,mean
strict_balanced,TX,Tavg,48243,Jeff Davis,2010-2019,62.333,6,2012,2017,3.871,mean
strict_balanced,TX,Tavg,48243,Jeff Davis,2020-2025,63.358,6,2020,2025,3.248,mean
strict_balanced,TX,Tavg,48245,Jefferson,1980-1989,68.15,6,1982,1987,1.997,mean
strict_balanced,TX,Tavg,48245,Jefferson,1990-1999,68.402,6,1992,1997,1.998,mean
strict_balanced,TX,Tavg,48245,Jefferson,2000-2009,69.384,6,2002,2007,3.682,mean
strict_balanced,TX,Tavg,48245,Jefferson,2010-2019,70.08,6,2012,2017,3.972,mean
strict_balanced,TX,Tavg,48245,Jefferson,2020-2025,70.846,6,2020,2025,3.334,mean
strict_balanced,TX,Tavg,48249,Jim Wells,1980-1989,71.219,6,1982,1987,1.795,mean
strict_balanced,TX,Tavg,48249,Jim Wells,1990-1999,71.643,6,1992,1997,2.152,mean
strict_balanced,TX,Tavg,48249,Jim Wells,2000-2009,72.416,6,2002,2007,2.73,mean
strict_balanced,TX,Tavg,48249,Jim Wells,2010-2019,72.675,6,2012,2017,1.99,mean
strict_balanced,TX,Tavg,48249,Jim Wells,2020-2025,73.444,6,2020,2025,2.135,mean
strict_balanced,TX,Tavg,48251,Johnson,1980-1989,66.107,6,1982,1987,1.264,mean
strict_balanced,TX,Tavg,48251,Johnson,1990-1999,65.413,6,1992,1997,1.975,mean
strict_balanced,TX,Tavg,48251,Johnson,2000-2009,66.481,6,2002,2007,1.83,mean
strict_balanced,TX,Tavg,48251,Johnson,2010-2019,66.101,6,2012,2017,2.882,mean
strict_balanced,TX,Tavg,48251,Johnson,2020-2025,66.799,6,2020,2025,2.688,mean
strict_balanced,TX,Tavg,48253,Jones,1980-1989,64.663,6,1981,1988,1.757,mean
strict_balanced,TX,Tavg,48253,Jones,1990-1999,63.908,6,1992,1997,1.985,mean
strict_balanced,TX,Tavg,48253,Jones,2000-2009,64.538,6,2002,2007,1.942,mean
strict_balanced,TX,Tavg,48253,Jones,2010-2019,64.583,6,2012,2017,1.76,mean
strict_balanced,TX,Tavg,48253,Jones,2020-2025,65.39,6,2020,2025,1.95,mean
strict_balanced,TX,Tavg,48259,Kendall,1980-1989,65.645,6,1982,1987,1.0,mean
strict_balanced,TX,Tavg,48259,Kendall,1990-1999,65.393,6,1992,1997,1.0,mean
strict_balanced,TX,Tavg,48259,Kendall,2000-2009,66.096,6,2001,2006,1.0,mean
strict_balanced,TX,Tavg,48259,Kendall,2010-2019,67.019,6,2012,2017,1.0,mean
strict_balanced,TX,Tavg,48259,Kendall,2020-2025,70.265,6,2020,2025,1.774,mean
strict_balanced,TX,Tavg,48263,Kent,1980-1989,61.554,6,1981,1988,1.0,mean
strict_balanced,TX,Tavg,48263,Kent,1990-1999,60.92,6,1992,1997,1.0,mean
strict_balanced,TX,Tavg,48263,Kent,2000-2009,62.153,6,2002,2008,1.0,mean
strict_balanced,TX,Tavg,48263,Kent,2010-2019,63.826,6,2012,2017,1.0,mean
strict_balanced,TX,Tavg,48263,Kent,2020-2025,64.692,6,2020,2025,1.0,mean
strict_balanced,TX,Tavg,48265,Kerr,1980-1989,63.812,6,1982,1987,1.0,mean
strict_balanced,TX,Tavg,48265,Kerr,1990-1999,64.467,6,1992,1997,1.14,mean
strict_balanced,TX,Tavg,48265,Kerr,2000-2009,65.193,6,2002,2007,1.72,mean
strict_balanced,TX,Tavg,48265,Kerr,2010-2019,65.56,6,2012,2017,2.987,mean
strict_balanced,TX,Tavg,48265,Kerr,2020-2025,66.704,6,2020,2025,2.858,mean
strict_balanced,TX,Tavg,48269,King,1980-1989,62.078,6,1982,1988,1.0,mean
strict_balanced,TX,Tavg,48269,King,1990-1999,61.482,6,1992,1997,1.257,mean
strict_balanced,TX,Tavg,48269,King,2000-2009,62.624,6,2002,2007,1.902,mean
strict_balanced,TX,Tavg,48269,King,2010-2019,63.534,6,2012,2017,2.0,mean
strict_balanced,TX,Tavg,48269,King,2020-2025,64.21,6,2020,2025,2.0,mean
strict_balanced,TX,Tavg,48273,Kleberg,1980-1989,72.555,6,1982,1987,1.93,mean
strict_balanced,TX,Tavg,48273,Kleberg,1990-1999,72.65,6,1992,1997,1.489,mean
strict_balanced,TX,Tavg,48273,Kleberg,2000-2009,72.67,6,2001,2007,1.806,mean
strict_balanced,TX,Tavg,48273,Kleberg,2010-2019,74.027,6,2012,2017,1.951,mean
strict_balanced,TX,Tavg,48273,Kleberg,2020-2025,75.179,6,2020,2025,1.846,mean
strict_balanced,TX,Tavg,48277,Lamar,1980-1989,63.913,6,1981,1988,1.0,mean
strict_balanced,TX,Tavg,48277,Lamar,1990-1999,62.286,6,1992,1997,1.0,mean
strict_balanced,TX,Tavg,48277,Lamar,2000-2009,65.504,6,2001,2006,1.0,mean
strict_balanced,TX,Tavg,48277,Lamar,2010-2019,65.101,6,2012,2017,1.968,mean
strict_balanced,TX,Tavg,48277,Lamar,2020-2025,65.636,6,2020,2025,1.895,mean
strict_balanced,TX,Tavg,48279,Lamb,1980-1989,56.959,6,1982,1987,1.888,mean
strict_balanced,TX,Tavg,48279,Lamb,1990-1999,57.947,6,1992,1997,1.926,mean
strict_balanced,TX,Tavg,48279,Lamb,2000-2009,59.263,6,2002,2007,1.592,mean
strict_balanced,TX,Tavg,48279,Lamb,2010-2019,59.053,6,2012,2017,2.0,mean
strict_balanced,TX,Tavg,48279,Lamb,2020-2025,59.817,6,2020,2025,2.0,mean
strict_balanced,TX,Tavg,48291,Liberty,1980-1989,67.771,6,1982,1987,2.91,mean
strict_balanced,TX,Tavg,48291,Liberty,1990-1999,68.372,6,1992,1997,2.94,mean
strict_balanced,TX,Tavg,48291,Liberty,2000-2009,68.514,6,2002,2007,4.238,mean
strict_balanced,TX,Tavg,48291,Liberty,2010-2019,69.179,6,2012,2017,4.925,mean
strict_balanced,TX,Tavg,48291,Liberty,2020-2025,70.342,6,2020,2025,3.004,mean
strict_balanced,TX,Tavg,48295,Lipscomb,1980-1989,56.762,6,1982,1987,1.956,mean
strict_balanced,TX,Tavg,48295,Lipscomb,1990-1999,54.761,6,1992,1997,1.961,mean
strict_balanced,TX,Tavg,48295,Lipscomb,2000-2009,57.217,6,2002,2007,1.328,mean
strict_balanced,TX,Tavg,48295,Lipscomb,2010-2019,58.206,6,2012,2017,1.877,mean
strict_balanced,TX,Tavg,48295,Lipscomb,2020-2025,58.797,6,2020,2025,1.545,mean
strict_balanced,TX,Tavg,48297,Live Oak,1980-1989,71.836,6,1984,1989,1.0,mean
strict_balanced,TX,Tavg,48297,Live Oak,1990-1999,71.366,6,1992,1997,1.0,mean
strict_balanced,TX,Tavg,48297,Live Oak,2000-2009,71.4,6,2002,2007,2.377,mean
strict_balanced,TX,Tavg,48297,Live Oak,2010-2019,72.246,6,2012,2017,1.988,mean
strict_balanced,TX,Tavg,48297,Live Oak,2020-2025,73.62,6,2020,2025,1.994,mean
strict_balanced,TX,Tavg,48299,Llano,1980-1989,66.302,6,1982,1987,1.0,mean
strict_balanced,TX,Tavg,48299,Llano,1990-1999,66.714,6,1991,1996,1.0,mean
strict_balanced,TX,Tavg,48299,Llano,2000-2009,66.738,6,2000,2009,1.0,mean
strict_balanced,TX,Tavg,48299,Llano,2010-2019,68.188,6,2011,2017,2.088,mean
strict_balanced,TX,Tavg,48299,Llano,2020-2025,68.861,6,2020,2025,2.824,mean
strict_balanced,TX,Tavg,48303,Lubbock,1980-1989,59.958,6,1982,1987,1.0,mean
strict_balanced,TX,Tavg,48303,Lubbock,1990-1999,60.789,6,1992,1997,1.0,mean
strict_balanced,TX,Tavg,48303,Lubbock,2000-2009,61.288,6,2002,2007,1.0,mean
strict_balanced,TX,Tavg,48303,Lubbock,2010-2019,62.538,6,2012,2017,1.985,mean
strict_balanced,TX,Tavg,48303,Lubbock,2020-2025,63.577,6,2020,2025,2.0,mean
strict_balanced,TX,Tavg,48305,Lynn,1980-1989,59.907,6,1982,1987,1.0,mean
strict_balanced,TX,Tavg,48305,Lynn,1990-1999,59.68,6,1992,1997,1.0,mean
strict_balanced,TX,Tavg,48305,Lynn,2000-2009,62.467,6,2002,2007,1.0,mean
strict_balanced,TX,Tavg,48305,Lynn,2010-2019,62.089,6,2012,2017,1.0,mean
strict_balanced,TX,Tavg,48305,Lynn,2020-2025,62.802,6,2020,2025,1.0,mean
strict_balanced,TX,Tavg,48309,McLennan,1980-1989,66.029,6,1982,1987,2.987,mean
strict_balanced,TX,Tavg,48309,McLennan,1990-1999,65.76,6,1992,1997,3.127,mean
strict_balanced,TX,Tavg,48309,McLennan,2000-2009,66.824,6,2002,2007,3.313,mean
strict_balanced,TX,Tavg,48309,McLennan,2010-2019,67.556,6,2012,2017,3.012,mean
strict_balanced,TX,Tavg,48309,McLennan,2020-2025,68.427,6,2020,2025,2.424,mean
strict_balanced,TX,Tavg,48311,McMullen,1980-1989,71.454,6,1980,1987,1.0,mean
strict_balanced,TX,Tavg,48311,McMullen,1990-1999,71.316,6,1990,1999,1.085,mean
strict_balanced,TX,Tavg,48311,McMullen,2000-2009,71.086,6,2002,2007,2.496,mean
strict_balanced,TX,Tavg,48311,McMullen,2010-2019,72.007,6,2012,2017,1.928,mean
strict_balanced,TX,Tavg,48311,McMullen,2020-2025,72.26,6,2020,2025,1.998,mean
strict_balanced,TX,Tavg,48321,Matagorda,1980-1989,70.086,6,1982,1987,2.769,mean
strict_balanced,TX,Tavg,48321,Matagorda,1990-1999,70.244,6,1992,1997,2.837,mean
strict_balanced,TX,Tavg,48321,Matagorda,2000-2009,70.458,6,2002,2007,2.914,mean
strict_balanced,TX,Tavg,48321,Matagorda,2010-2019,71.06,6,2012,2017,3.688,mean
strict_balanced,TX,Tavg,48321,Matagorda,2020-2025,71.507,6,2020,2025,2.87,mean
strict_balanced,TX,Tavg,48325,Medina,1980-1989,68.861,6,1982,1987,1.97,mean
strict_balanced,TX,Tavg,48325,Medina,1990-1999,68.764,6,1992,1997,2.158,mean
strict_balanced,TX,Tavg,48325,Medina,2000-2009,69.47,6,2002,2007,2.826,mean
strict_balanced,TX,Tavg,48325,Medina,2010-2019,70.308,6,2012,2017,1.955,mean
strict_balanced,TX,Tavg,48325,Medina,2020-2025,71.338,6,2020,2025,1.039,mean
strict_balanced,TX,Tavg,48327,Menard,1980-1989,65.047,6,1982,1987,1.0,mean
strict_balanced,TX,Tavg,48327,Menard,1990-1999,64.66,6,1991,1998,1.228,mean
strict_balanced,TX,Tavg,48327,Menard,2000-2009,64.242,6,2002,2007,1.924,mean
strict_balanced,TX,Tavg,48327,Menard,2010-2019,64.749,6,2012,2017,1.858,mean
strict_balanced,TX,Tavg,48327,Menard,2020-2025,65.527,6,2020,2025,1.0,mean
strict_balanced,TX,Tavg,48329,Midland,1980-1989,63.406,6,1982,1987,1.942,mean
strict_balanced,TX,Tavg,48329,Midland,1990-1999,64.358,6,1992,1997,1.932,mean
strict_balanced,TX,Tavg,48329,Midland,2000-2009,64.679,6,2002,2007,2.727,mean
strict_balanced,TX,Tavg,48329,Midland,2010-2019,66.246,6,2012,2017,4.296,mean
strict_balanced,TX,Tavg,48329,Midland,2020-2025,66.612,6,2020,2025,3.98,mean
strict_balanced,TX,Tavg,48337,Montague,1980-1989,64.242,6,1982,1987,1.0,mean
strict_balanced,TX,Tavg,48337,Montague,1990-1999,62.815,6,1991,1998,1.0,mean
strict_balanced,TX,Tavg,48337,Montague,2000-2009,63.038,6,2002,2007,1.928,mean
strict_balanced,TX,Tavg,48337,Montague,2010-2019,63.871,6,2012,2017,2.502,mean
strict_balanced,TX,Tavg,48337,Montague,2020-2025,64.651,6,2020,2025,2.13,mean
strict_balanced,TX,Tavg,48339,Montgomery,1980-1989,67.585,6,1980,1988,1.0,mean
strict_balanced,TX,Tavg,48339,Montgomery,1990-1999,67.989,6,1992,1997,1.316,mean
strict_balanced,TX,Tavg,48339,Montgomery,2000-2009,68.603,6,2002,2007,3.911,mean
strict_balanced,TX,Tavg,48339,Montgomery,2010-2019,69.341,6,2012,2017,3.946,mean
strict_balanced,TX,Tavg,48339,Montgomery,2020-2025,70.31,6,2020,2025,3.986,mean
strict_balanced,TX,Tavg,48343,Morris,1980-1989,67.222,6,1982,1987,1.0,mean
strict_balanced,TX,Tavg,48343,Morris,1990-1999,65.757,6,1991,1998,1.221,mean
strict_balanced,TX,Tavg,48343,Morris,2000-2009,65.736,6,2002,2007,2.216,mean
strict_balanced,TX,Tavg,48343,Morris,2010-2019,66.152,6,2012,2017,1.992,mean
strict_balanced,TX,Tavg,48343,Morris,2020-2025,66.122,6,2020,2025,1.091,mean
strict_balanced,TX,Tavg,48345,Motley,1980-1989,61.568,6,1982,1987,1.0,mean
strict_balanced,TX,Tavg,48345,Motley,1990-1999,61.131,6,1991,1996,1.0,mean
strict_balanced,TX,Tavg,48345,Motley,2000-2009,62.153,6,2000,2009,1.0,mean
strict_balanced,TX,Tavg,48345,Motley,2010-2019,62.354,6,2012,2017,1.0,mean
strict_balanced,TX,Tavg,48345,Motley,2020-2025,63.197,6,2020,2025,1.0,mean
strict_balanced,TX,Tavg,48347,Nacogdoches,1980-1989,65.632,6,1982,1987,1.0,mean
strict_balanced,TX,Tavg,48347,Nacogdoches,1990-1999,66.008,6,1991,1996,1.0,mean
strict_balanced,TX,Tavg,48347,Nacogdoches,2000-2009,66.908,6,2001,2007,1.63,mean
strict_balanced,TX,Tavg,48347,Nacogdoches,2010-2019,65.928,6,2012,2017,1.059,mean
strict_balanced,TX,Tavg,48347,Nacogdoches,2020-2025,67.01,6,2020,2025,1.826,mean
strict_balanced,TX,Tavg,48349,Navarro,1980-1989,64.871,6,1982,1987,1.979,mean
strict_balanced,TX,Tavg,48349,Navarro,1990-1999,64.367,6,1992,1997,1.954,mean
strict_balanced,TX,Tavg,48349,Navarro,2000-2009,66.808,6,2002,2007,2.95,mean
strict_balanced,TX,Tavg,48349,Navarro,2010-2019,67.111,6,2012,2017,2.954,mean
strict_balanced,TX,Tavg,48349,Navarro,2020-2025,67.842,6,2020,2025,2.716,mean
strict_balanced,TX,Tavg,48351,Newton,1980-1989,64.781,6,1982,1987,1.0,mean
strict_balanced,TX,Tavg,48351,Newton,1990-1999,64.96,6,1992,1997,1.0,mean
strict_balanced,TX,Tavg,48351,Newton,2000-2009,67.819,6,2002,2007,1.449,mean
strict_balanced,TX,Tavg,48351,Newton,2010-2019,69.016,6,2012,2017,1.0,mean
strict_balanced,TX,Tavg,48351,Newton,2020-2025,69.894,6,2020,2025,1.0,mean
strict_balanced,TX,Tavg,48355,Nueces,1980-1989,71.97,6,1982,1987,3.958,mean
strict_balanced,TX,Tavg,48355,Nueces,1990-1999,72.08,6,1992,1997,4.728,mean
strict_balanced,TX,Tavg,48355,Nueces,2000-2009,72.73,6,2002,2007,6.508,mean
strict_balanced,TX,Tavg,48355,Nueces,2010-2019,73.003,6,2012,2017,6.183,mean
strict_balanced,TX,Tavg,48355,Nueces,2020-2025,73.977,6,2020,2025,4.585,mean
strict_balanced,TX,Tavg,48359,Oldham,1980-1989,56.299,6,1982,1987,2.137,mean
strict_balanced,TX,Tavg,48359,Oldham,1990-1999,56.556,6,1992,1997,1.966,mean
strict_balanced,TX,Tavg,48359,Oldham,2000-2009,56.806,6,2002,2007,2.92,mean
strict_balanced,TX,Tavg,48359,Oldham,2010-2019,57.477,6,2012,2017,2.032,mean
strict_balanced,TX,Tavg,48359,Oldham,2020-2025,57.856,6,2020,2025,1.992,mean
strict_balanced,TX,Tavg,48361,Orange,1980-1989,66.835,6,1981,1987,1.0,mean
strict_balanced,TX,Tavg,48361,Orange,1990-1999,66.766,6,1992,1997,1.0,mean
strict_balanced,TX,Tavg,48361,Orange,2000-2009,67.696,6,2001,2007,1.0,mean
strict_balanced,TX,Tavg,48361,Orange,2010-2019,67.829,6,2012,2017,1.0,mean
strict_balanced,TX,Tavg,48361,Orange,2020-2025,68.54,6,2020,2025,1.0,mean
strict_balanced,TX,Tavg,48367,Parker,1980-1989,63.328,6,1982,1987,1.233,mean
strict_balanced,TX,Tavg,48367,Parker,1990-1999,64.831,6,1992,1997,1.981,mean
strict_balanced,TX,Tavg,48367,Parker,2000-2009,64.528,6,2002,2007,2.828,mean
strict_balanced,TX,Tavg,48367,Parker,2010-2019,64.847,6,2012,2017,1.955,mean
strict_balanced,TX,Tavg,48367,Parker,2020-2025,66.167,6,2020,2025,1.874,mean
strict_balanced,TX,Tavg,48369,Parmer,1980-1989,55.684,6,1981,1988,1.0,mean
strict_balanced,TX,Tavg,48369,Parmer,1990-1999,56.232,6,1992,1997,1.0,mean
strict_balanced,TX,Tavg,48369,Parmer,2000-2009,57.13,6,2002,2007,1.0,mean
strict_balanced,TX,Tavg,48369,Parmer,2010-2019,57.705,6,2012,2017,1.0,mean
strict_balanced,TX,Tavg,48369,Parmer,2020-2025,58.979,6,2020,2025,1.0,mean
strict_balanced,TX,Tavg,48371,Pecos,1980-1989,65.874,6,1982,1987,2.876,mean
strict_balanced,TX,Tavg,48371,Pecos,1990-1999,66.066,6,1992,1997,3.136,mean
strict_balanced,TX,Tavg,48371,Pecos,2000-2009,66.836,6,2002,2007,3.255,mean
strict_balanced,TX,Tavg,48371,Pecos,2010-2019,67.034,6,2012,2017,2.955,mean
strict_balanced,TX,Tavg,48371,Pecos,2020-2025,69.144,6,2020,2025,1.904,mean
strict_balanced,TX,Tavg,48375,Potter,1980-1989,56.44,6,1982,1987,1.0,mean
strict_balanced,TX,Tavg,48375,Potter,1990-1999,56.668,6,1992,1997,1.0,mean
strict_balanced,TX,Tavg,48375,Potter,2000-2009,57.376,6,2002,2007,1.538,mean
strict_balanced,TX,Tavg,48375,Potter,2010-2019,58.018,6,2012,2017,2.0,mean
strict_balanced,TX,Tavg,48375,Potter,2020-2025,58.881,6,2020,2025,2.963,mean
strict_balanced,TX,Tavg,48377,Presidio,1980-1989,65.855,6,1982,1987,3.681,mean
strict_balanced,TX,Tavg,48377,Presidio,1990-1999,65.911,6,1992,1997,3.255,mean
strict_balanced,TX,Tavg,48377,Presidio,2000-2009,65.726,6,2002,2007,3.426,mean
strict_balanced,TX,Tavg,48377,Presidio,2010-2019,66.749,6,2011,2018,1.768,mean
strict_balanced,TX,Tavg,48377,Presidio,2020-2025,71.125,6,2020,2025,1.38,mean
strict_balanced,TX,Tavg,48379,Rains,1980-1989,63.418,6,1982,1987,1.846,mean
strict_balanced,TX,Tavg,48379,Rains,1990-1999,63.308,6,1992,1997,1.883,mean
strict_balanced,TX,Tavg,48379,Rains,2000-2009,64.639,6,2002,2007,1.637,mean
strict_balanced,TX,Tavg,48379,Rains,2010-2019,65.063,6,2012,2017,1.138,mean
strict_balanced,TX,Tavg,48379,Rains,2020-2025,65.489,6,2020,2025,1.0,mean
strict_balanced,TX,Tavg,48383,Reagan,1980-1989,62.803,6,1982,1987,1.883,mean
strict_balanced,TX,Tavg,48383,Reagan,1990-1999,62.95,6,1992,1997,1.962,mean
strict_balanced,TX,Tavg,48383,Reagan,2000-2009,63.726,6,2001,2007,1.414,mean
strict_balanced,TX,Tavg,48383,Reagan,2010-2019,64.366,6,2012,2017,1.934,mean
strict_balanced,TX,Tavg,48383,Reagan,2020-2025,65.269,6,2020,2025,1.214,mean
strict_balanced,TX,Tavg,48385,Real,1980-1989,65.938,6,1982,1987,1.014,mean
strict_balanced,TX,Tavg,48385,Real,1990-1999,64.551,6,1992,1997,1.823,mean
strict_balanced,TX,Tavg,48385,Real,2000-2009,65.082,6,2002,2007,1.761,mean
strict_balanced,TX,Tavg,48385,Real,2010-2019,65.086,6,2012,2017,1.265,mean
strict_balanced,TX,Tavg,48385,Real,2020-2025,66.044,6,2020,2025,1.0,mean
strict_balanced,TX,Tavg,48387,Red River,1980-1989,62.131,6,1982,1987,1.0,mean
strict_balanced,TX,Tavg,48387,Red River,1990-1999,62.157,6,1991,1996,1.0,mean
strict_balanced,TX,Tavg,48387,Red River,2000-2009,64.034,6,2002,2007,1.935,mean
strict_balanced,TX,Tavg,48387,Red River,2010-2019,65.433,6,2012,2017,1.0,mean
strict_balanced,TX,Tavg,48387,Red River,2020-2025,65.752,6,2020,2025,1.0,mean
strict_balanced,TX,Tavg,48399,Runnels,1980-1989,64.951,6,1982,1987,1.863,mean
strict_balanced,TX,Tavg,48399,Runnels,1990-1999,65.654,6,1992,1997,1.907,mean
strict_balanced,TX,Tavg,48399,Runnels,2000-2009,64.49,6,2002,2007,1.981,mean
strict_balanced,TX,Tavg,48399,Runnels,2010-2019,65.018,6,2012,2017,1.741,mean
strict_balanced,TX,Tavg,48399,Runnels,2020-2025,66.099,6,2020,2025,1.624,mean
strict_balanced,TX,Tavg,48401,Rusk,1980-1989,64.896,6,1982,1987,1.938,mean
strict_balanced,TX,Tavg,48401,Rusk,1990-1999,64.84,6,1992,1997,1.916,mean
strict_balanced,TX,Tavg,48401,Rusk,2000-2009,66.289,6,2002,2007,2.943,mean
strict_balanced,TX,Tavg,48401,Rusk,2010-2019,66.154,6,2012,2017,2.949,mean
strict_balanced,TX,Tavg,48401,Rusk,2020-2025,66.869,6,2020,2025,2.728,mean
strict_balanced,TX,Tavg,48411,San Saba,1980-1989,65.569,6,1982,1987,1.0,mean
strict_balanced,TX,Tavg,48411,San Saba,1990-1999,66.101,6,1992,1997,1.0,mean
strict_balanced,TX,Tavg,48411,San Saba,2000-2009,66.03,6,2002,2007,1.973,mean
strict_balanced,TX,Tavg,48411,San Saba,2010-2019,66.773,6,2012,2017,1.952,mean
strict_balanced,TX,Tavg,48411,San Saba,2020-2025,68.023,6,2020,2025,1.964,mean
strict_balanced,TX,Tavg,48423,Smith,1980-1989,65.132,6,1982,1987,1.0,mean
strict_balanced,TX,Tavg,48423,Smith,1990-1999,66.289,6,1992,1997,1.0,mean
strict_balanced,TX,Tavg,48423,Smith,2000-2009,66.577,6,2002,2007,2.687,mean
strict_balanced,TX,Tavg,48423,Smith,2010-2019,67.513,6,2012,2017,1.999,mean
strict_balanced,TX,Tavg,48423,Smith,2020-2025,67.644,6,2020,2025,1.999,mean
strict_balanced,TX,Tavg,48425,Somervell,1980-1989,65.033,6,1982,1987,1.0,mean
strict_balanced,TX,Tavg,48425,Somervell,1990-1999,62.313,6,1992,1997,1.0,mean
strict_balanced,TX,Tavg,48425,Somervell,2000-2009,64.873,6,2001,2007,1.0,mean
strict_balanced,TX,Tavg,48425,Somervell,2010-2019,64.828,6,2010,2019,1.0,mean
strict_balanced,TX,Tavg,48425,Somervell,2020-2025,65.861,6,2020,2025,1.0,mean
strict_balanced,TX,Tavg,48427,Starr,1980-1989,73.065,6,1982,1987,1.918,mean
strict_balanced,TX,Tavg,48427,Starr,1990-1999,74.576,6,1992,1997,1.968,mean
strict_balanced,TX,Tavg,48427,Starr,2000-2009,74.823,6,2002,2007,3.24,mean
strict_balanced,TX,Tavg,48427,Starr,2010-2019,76.116,6,2012,2017,2.732,mean
strict_balanced,TX,Tavg,48427,Starr,2020-2025,76.829,6,2020,2025,1.955,mean
strict_balanced,TX,Tavg,48433,Stonewall,1980-1989,63.494,6,1982,1987,1.0,mean
strict_balanced,TX,Tavg,48433,Stonewall,1990-1999,62.022,6,1992,1997,1.0,mean
strict_balanced,TX,Tavg,48433,Stonewall,2000-2009,62.762,6,2002,2007,1.0,mean
strict_balanced,TX,Tavg,48433,Stonewall,2010-2019,64.6,6,2012,2017,1.0,mean
strict_balanced,TX,Tavg,48433,Stonewall,2020-2025,65.038,6,2020,2025,1.0,mean
strict_balanced,TX,Tavg,48437,Swisher,1980-1989,56.998,6,1982,1987,1.0,mean
strict_balanced,TX,Tavg,48437,Swisher,1990-1999,57.08,6,1992,1997,1.0,mean
strict_balanced,TX,Tavg,48437,Swisher,2000-2009,57.756,6,2002,2007,1.811,mean
strict_balanced,TX,Tavg,48437,Swisher,2010-2019,58.068,6,2012,2017,1.998,mean
strict_balanced,TX,Tavg,48437,Swisher,2020-2025,59.327,6,2020,2025,1.999,mean
strict_balanced,TX,Tavg,48439,Tarrant,1980-1989,64.657,6,1982,1987,2.959,mean
strict_balanced,TX,Tavg,48439,Tarrant,1990-1999,64.804,6,1992,1997,5.378,mean
strict_balanced,TX,Tavg,48439,Tarrant,2000-2009,66.468,6,2002,2007,7.399,mean
strict_balanced,TX,Tavg,48439,Tarrant,2010-2019,67.168,6,2012,2017,8.924,mean
strict_balanced,TX,Tavg,48439,Tarrant,2020-2025,67.87,6,2020,2025,7.705,mean
strict_balanced,TX,Tavg,48441,Taylor,1980-1989,64.124,6,1982,1987,1.0,mean
strict_balanced,TX,Tavg,48441,Taylor,1990-1999,63.912,6,1992,1997,1.0,mean
strict_balanced,TX,Tavg,48441,Taylor,2000-2009,64.14,6,2002,2007,2.789,mean
strict_balanced,TX,Tavg,48441,Taylor,2010-2019,65.028,6,2012,2017,2.481,mean
strict_balanced,TX,Tavg,48441,Taylor,2020-2025,66.476,6,2020,2025,2.443,mean
strict_balanced,TX,Tavg,48443,Terrell,1980-1989,65.052,6,1982,1987,1.828,mean
strict_balanced,TX,Tavg,48443,Terrell,1990-1999,65.614,6,1991,1997,1.543,mean
strict_balanced,TX,Tavg,48443,Terrell,2000-2009,66.828,6,2002,2007,1.719,mean
strict_balanced,TX,Tavg,48443,Terrell,2010-2019,69.625,6,2012,2017,1.234,mean
strict_balanced,TX,Tavg,48443,Terrell,2020-2025,69.76,6,2020,2025,1.0,mean
strict_balanced,TX,Tavg,48445,Terry,1980-1989,60.027,6,1982,1987,1.0,mean
strict_balanced,TX,Tavg,48445,Terry,1990-1999,60.044,6,1992,1997,1.0,mean
strict_balanced,TX,Tavg,48445,Terry,2000-2009,60.909,6,2002,2007,1.0,mean
strict_balanced,TX,Tavg,48445,Terry,2010-2019,61.406,6,2012,2017,1.0,mean
strict_balanced,TX,Tavg,48445,Terry,2020-2025,62.244,6,2020,2025,1.0,mean
strict_balanced,TX,Tavg,48449,Titus,1980-1989,63.412,6,1982,1987,1.0,mean
strict_balanced,TX,Tavg,48449,Titus,1990-1999,62.373,6,1992,1997,1.0,mean
strict_balanced,TX,Tavg,48449,Titus,2000-2009,64.994,6,2002,2008,1.0,mean
strict_balanced,TX,Tavg,48449,Titus,2010-2019,65.468,6,2011,2018,1.0,mean
strict_balanced,TX,Tavg,48449,Titus,2020-2025,66.062,6,2020,2025,1.0,mean
strict_balanced,TX,Tavg,48451,Tom Green,1980-1989,63.87,6,1982,1987,2.991,mean
strict_balanced,TX,Tavg,48451,Tom Green,1990-1999,64.537,6,1992,1997,2.965,mean
strict_balanced,TX,Tavg,48451,Tom Green,2000-2009,64.691,6,2002,2007,2.847,mean
strict_balanced,TX,Tavg,48451,Tom Green,2010-2019,66.021,6,2012,2017,2.947,mean
strict_balanced,TX,Tavg,48451,Tom Green,2020-2025,66.967,6,2020,2025,2.946,mean
strict_balanced,TX,Tavg,48453,Travis,1980-1989,68.459,6,1982,1987,1.0,mean
strict_balanced,TX,Tavg,48453,Travis,1990-1999,68.791,6,1992,1997,1.618,mean
strict_balanced,TX,Tavg,48453,Travis,2000-2009,68.353,6,2002,2007,3.624,mean
strict_balanced,TX,Tavg,48453,Travis,2010-2019,68.789,6,2012,2017,5.213,mean
strict_balanced,TX,Tavg,48453,Travis,2020-2025,69.983,6,2020,2025,5.873,mean
strict_balanced,TX,Tavg,48457,Tyler,1980-1989,66.388,6,1982,1987,1.0,mean
strict_balanced,TX,Tavg,48457,Tyler,1990-1999,66.272,6,1992,1997,1.0,mean
strict_balanced,TX,Tavg,48457,Tyler,2000-2009,67.554,6,2002,2007,3.663,mean
strict_balanced,TX,Tavg,48457,Tyler,2010-2019,68.409,6,2012,2017,3.677,mean
strict_balanced,TX,Tavg,48457,Tyler,2020-2025,69.082,6,2020,2025,2.984,mean
strict_balanced,TX,Tavg,48459,Upshur,1980-1989,63.274,6,1982,1987,1.0,mean
strict_balanced,TX,Tavg,48459,Upshur,1990-1999,63.453,6,1992,1997,1.0,mean
strict_balanced,TX,Tavg,48459,Upshur,2000-2009,65.422,6,2002,2007,1.905,mean
strict_balanced,TX,Tavg,48459,Upshur,2010-2019,65.823,6,2012,2017,1.928,mean
strict_balanced,TX,Tavg,48459,Upshur,2020-2025,66.626,6,2020,2025,1.956,mean
strict_balanced,TX,Tavg,48465,Val Verde,1980-1989,68.222,6,1982,1987,5.277,mean
strict_balanced,TX,Tavg,48465,Val Verde,1990-1999,68.398,6,1992,1997,7.102,mean
strict_balanced,TX,Tavg,48465,Val Verde,2000-2009,69.224,6,2002,2007,6.125,mean
strict_balanced,TX,Tavg,48465,Val Verde,2010-2019,70.356,6,2012,2017,4.11,mean
strict_balanced,TX,Tavg,48465,Val Verde,2020-2025,72.783,6,2020,2025,3.315,mean
strict_balanced,TX,Tavg,48469,Victoria,1980-1989,70.268,6,1982,1987,1.0,mean
strict_balanced,TX,Tavg,48469,Victoria,1990-1999,70.374,6,1992,1997,1.0,mean
strict_balanced,TX,Tavg,48469,Victoria,2000-2009,70.749,6,2002,2007,3.735,mean
strict_balanced,TX,Tavg,48469,Victoria,2010-2019,71.331,6,2012,2017,3.804,mean
strict_balanced,TX,Tavg,48469,Victoria,2020-2025,72.466,6,2020,2025,2.852,mean
strict_balanced,TX,Tavg,48471,Walker,1980-1989,67.168,6,1982,1987,1.0,mean
strict_balanced,TX,Tavg,48471,Walker,1990-1999,67.425,6,1992,1997,1.15,mean
strict_balanced,TX,Tavg,48471,Walker,2000-2009,68.454,6,2002,2007,1.998,mean
strict_balanced,TX,Tavg,48471,Walker,2010-2019,68.133,6,2012,2017,1.999,mean
strict_balanced,TX,Tavg,48471,Walker,2020-2025,69.701,6,2020,2025,2.0,mean
strict_balanced,TX,Tavg,48475,Ward,1980-1989,64.303,6,1982,1987,1.827,mean
strict_balanced,TX,Tavg,48475,Ward,1990-1999,65.139,6,1992,1997,1.935,mean
strict_balanced,TX,Tavg,48475,Ward,2000-2009,65.534,6,2002,2007,2.355,mean
strict_balanced,TX,Tavg,48475,Ward,2010-2019,66.218,6,2012,2017,1.274,mean
strict_balanced,TX,Tavg,48475,Ward,2020-2025,67.475,6,2020,2025,1.0,mean
strict_balanced,TX,Tavg,48477,Washington,1980-1989,67.69,6,1982,1987,1.992,mean
strict_balanced,TX,Tavg,48477,Washington,1990-1999,68.225,6,1992,1997,1.939,mean
strict_balanced,TX,Tavg,48477,Washington,2000-2009,68.025,6,2002,2007,1.944,mean
strict_balanced,TX,Tavg,48477,Washington,2010-2019,69.401,6,2012,2017,2.937,mean
strict_balanced,TX,Tavg,48477,Washington,2020-2025,70.512,6,2020,2025,2.083,mean
strict_balanced,TX,Tavg,48479,Webb,1980-1989,72.236,6,1982,1987,1.847,mean
strict_balanced,TX,Tavg,48479,Webb,1990-1999,73.277,6,1992,1997,1.872,mean
strict_balanced,TX,Tavg,48479,Webb,2000-2009,74.042,6,2002,2007,1.626,mean
strict_balanced,TX,Tavg,48479,Webb,2010-2019,74.427,6,2012,2017,3.337,mean
strict_balanced,TX,Tavg,48479,Webb,2020-2025,76.22,6,2020,2025,2.188,mean
strict_balanced,TX,Tavg,48481,Wharton,1980-1989,69.32,6,1982,1987,2.698,mean
strict_balanced,TX,Tavg,48481,Wharton,1990-1999,69.172,6,1992,1997,2.642,mean
strict_balanced,TX,Tavg,48481,Wharton,2000-2009,70.038,6,2002,2007,2.419,mean
strict_balanced,TX,Tavg,48481,Wharton,2010-2019,70.126,6,2012,2017,3.233,mean
strict_balanced,TX,Tavg,48481,Wharton,2020-2025,71.03,6,2020,2025,2.92,mean
strict_balanced,TX,Tavg,48485,Wichita,1980-1989,62.793,6,1982,1987,1.0,mean
strict_balanced,TX,Tavg,48485,Wichita,1990-1999,62.903,6,1992,1997,1.0,mean
strict_balanced,TX,Tavg,48485,Wichita,2000-2009,64.532,6,2002,2007,1.0,mean
strict_balanced,TX,Tavg,48485,Wichita,2010-2019,64.561,6,2012,2017,1.0,mean
strict_balanced,TX,Tavg,48485,Wichita,2020-2025,65.333,6,2020,2025,1.0,mean
strict_balanced,TX,Tavg,48491,Williamson,1980-1989,66.344,6,1982,1987,3.112,mean
strict_balanced,TX,Tavg,48491,Williamson,1990-1999,66.596,6,1992,1997,2.938,mean
strict_balanced,TX,Tavg,48491,Williamson,2000-2009,67.546,6,2002,2007,2.754,mean
strict_balanced,TX,Tavg,48491,Williamson,2010-2019,68.056,6,2012,2017,2.996,mean
strict_balanced,TX,Tavg,48491,Williamson,2020-2025,69.043,6,2020,2025,4.057,mean
strict_balanced,TX,Tavg,48499,Wood,1980-1989,62.964,6,1980,1987,1.0,mean
strict_balanced,TX,Tavg,48499,Wood,1990-1999,63.152,6,1992,1997,1.992,mean
strict_balanced,TX,Tavg,48499,Wood,2000-2009,66.003,6,2002,2007,2.213,mean
strict_balanced,TX,Tavg,48499,Wood,2010-2019,65.387,6,2012,2017,2.576,mean
strict_balanced,TX,Tavg,48499,Wood,2020-2025,65.272,6,2020,2025,1.896,mean
strict_balanced,TX,Tmax,48001,Anderson,1980-1989,76.784,6,1981,1988,1.0,mean
strict_balanced,TX,Tmax,48001,Anderson,1990-1999,76.938,6,1992,1997,1.0,mean
strict_balanced,TX,Tmax,48001,Anderson,2000-2009,76.905,6,2002,2007,2.643,mean
strict_balanced,TX,Tmax,48001,Anderson,2010-2019,77.885,6,2012,2017,3.758,mean
strict_balanced,TX,Tmax,48001,Anderson,2020-2025,78.639,6,2020,2025,3.554,mean
strict_balanced,TX,Tmax,48005,Angelina,1980-1989,77.328,6,1982,1987,1.0,mean
strict_balanced,TX,Tmax,48005,Angelina,1990-1999,77.39,6,1992,1997,1.317,mean
strict_balanced,TX,Tmax,48005,Angelina,2000-2009,77.621,6,2002,2007,2.976,mean
strict_balanced,TX,Tmax,48005,Angelina,2010-2019,78.579,6,2012,2017,2.677,mean
strict_balanced,TX,Tmax,48005,Angelina,2020-2025,79.972,6,2020,2025,1.987,mean
strict_balanced,TX,Tmax,48007,Aransas,1980-1989,79.026,6,1982,1987,1.91,mean
strict_balanced,TX,Tmax,48007,Aransas,1990-1999,79.016,6,1992,1997,2.186,mean
strict_balanced,TX,Tmax,48007,Aransas,2000-2009,79.675,6,2002,2007,2.919,mean
strict_balanced,TX,Tmax,48007,Aransas,2010-2019,80.582,6,2012,2017,2.161,mean
strict_balanced,TX,Tmax,48007,Aransas,2020-2025,81.853,6,2020,2025,2.402,mean
strict_balanced,TX,Tmax,48013,Atascosa,1980-1989,82.796,6,1982,1987,1.852,mean
strict_balanced,TX,Tmax,48013,Atascosa,1990-1999,82.564,6,1992,1997,2.841,mean
strict_balanced,TX,Tmax,48013,Atascosa,2000-2009,82.72,6,2002,2007,2.895,mean
strict_balanced,TX,Tmax,48013,Atascosa,2010-2019,83.0,6,2012,2017,2.523,mean
strict_balanced,TX,Tmax,48013,Atascosa,2020-2025,84.611,6,2020,2025,2.571,mean
strict_balanced,TX,Tmax,48017,Bailey,1980-1989,72.545,6,1982,1987,1.954,mean
strict_balanced,TX,Tmax,48017,Bailey,1990-1999,73.531,6,1992,1997,1.966,mean
strict_balanced,TX,Tmax,48017,Bailey,2000-2009,73.526,6,2002,2007,2.558,mean
strict_balanced,TX,Tmax,48017,Bailey,2010-2019,74.216,6,2012,2017,2.997,mean
strict_balanced,TX,Tmax,48017,Bailey,2020-2025,75.389,6,2020,2025,2.996,mean
strict_balanced,TX,Tmax,48021,Bastrop,1980-1989,79.047,6,1982,1987,2.952,mean
strict_balanced,TX,Tmax,48021,Bastrop,1990-1999,79.569,6,1992,1997,2.583,mean
strict_balanced,TX,Tmax,48021,Bastrop,2000-2009,80.097,6,2002,2007,3.725,mean
strict_balanced,TX,Tmax,48021,Bastrop,2010-2019,80.282,6,2012,2017,3.285,mean
strict_balanced,TX,Tmax,48021,Bastrop,2020-2025,81.698,6,2020,2025,1.233,mean
strict_balanced,TX,Tmax,48023,Baylor,1980-1989,75.24,6,1982,1987,1.997,mean
strict_balanced,TX,Tmax,48023,Baylor,1990-1999,75.162,6,1992,1997,1.978,mean
strict_balanced,TX,Tmax,48023,Baylor,2000-2009,76.52,6,2002,2007,2.437,mean
strict_balanced,TX,Tmax,48023,Baylor,2010-2019,78.011,6,2012,2017,1.987,mean
strict_balanced,TX,Tmax,48023,Baylor,2020-2025,78.647,6,2020,2025,1.994,mean
strict_balanced,TX,Tmax,48027,Bell,1980-1989,77.488,6,1982,1987,3.786,mean
strict_balanced,TX,Tmax,48027,Bell,1990-1999,77.358,6,1992,1997,2.98,mean
strict_balanced,TX,Tmax,48027,Bell,2000-2009,78.826,6,2000,2008,2.675,mean
strict_balanced,TX,Tmax,48027,Bell,2010-2019,79.403,6,2012,2017,3.68,mean
strict_balanced,TX,Tmax,48027,Bell,2020-2025,80.403,6,2020,2025,3.143,mean
strict_balanced,TX,Tmax,48029,Bexar,1980-1989,79.154,6,1982,1987,1.0,mean
strict_balanced,TX,Tmax,48029,Bexar,1990-1999,79.914,6,1992,1997,2.036,mean
strict_balanced,TX,Tmax,48029,Bexar,2000-2009,80.625,6,2002,2007,3.927,mean
strict_balanced,TX,Tmax,48029,Bexar,2010-2019,81.789,6,2012,2017,2.529,mean
strict_balanced,TX,Tmax,48029,Bexar,2020-2025,82.268,6,2020,2025,5.513,mean
strict_balanced,TX,Tmax,48037,Bowie,1980-1989,74.688,6,1982,1987,1.653,mean
strict_balanced,TX,Tmax,48037,Bowie,1990-1999,73.974,6,1992,1997,1.95,mean
strict_balanced,TX,Tmax,48037,Bowie,2000-2009,75.621,6,2002,2007,2.291,mean
strict_balanced,TX,Tmax,48037,Bowie,2010-2019,76.003,6,2012,2017,2.809,mean
strict_balanced,TX,Tmax,48037,Bowie,2020-2025,76.326,6,2020,2025,1.982,mean
strict_balanced,TX,Tmax,48039,Brazoria,1980-1989,78.438,6,1982,1987,3.38,mean
strict_balanced,TX,Tmax,48039,Brazoria,1990-1999,78.163,6,1992,1997,3.066,mean
strict_balanced,TX,Tmax,48039,Brazoria,2000-2009,79.363,6,2002,2007,6.406,mean
strict_balanced,TX,Tmax,48039,Brazoria,2010-2019,80.206,6,2012,2017,4.973,mean
strict_balanced,TX,Tmax,48039,Brazoria,2020-2025,80.681,6,2020,2025,4.895,mean
strict_balanced,TX,Tmax,48041,Brazos,1980-1989,78.461,6,1982,1987,1.0,mean
strict_balanced,TX,Tmax,48041,Brazos,1990-1999,79.068,6,1992,1997,1.0,mean
strict_balanced,TX,Tmax,48041,Brazos,2000-2009,79.255,6,2002,2007,1.0,mean
strict_balanced,TX,Tmax,48041,Brazos,2010-2019,80.122,6,2012,2017,1.0,mean
strict_balanced,TX,Tmax,48041,Brazos,2020-2025,81.977,6,2020,2025,1.0,mean
strict_balanced,TX,Tmax,48043,Brewster,1980-1989,81.43,6,1982,1987,8.095,mean
strict_balanced,TX,Tmax,48043,Brewster,1990-1999,81.951,6,1992,1997,9.506,mean
strict_balanced,TX,Tmax,48043,Brewster,2000-2009,81.136,6,2002,2007,11.112,mean
strict_balanced,TX,Tmax,48043,Brewster,2010-2019,81.04,6,2012,2017,14.133,mean
strict_balanced,TX,Tmax,48043,Brewster,2020-2025,82.788,6,2020,2025,11.788,mean
strict_balanced,TX,Tmax,48045,Briscoe,1980-1989,70.158,6,1982,1987,1.0,mean
strict_balanced,TX,Tmax,48045,Briscoe,1990-1999,71.35,6,1992,1997,1.0,mean
strict_balanced,TX,Tmax,48045,Briscoe,2000-2009,71.861,6,2002,2007,1.0,mean
strict_balanced,TX,Tmax,48045,Briscoe,2010-2019,73.366,6,2012,2017,1.0,mean
strict_balanced,TX,Tmax,48045,Briscoe,2020-2025,74.604,6,2020,2025,1.326,mean
strict_balanced,TX,Tmax,48053,Burnet,1980-1989,76.887,6,1982,1987,1.0,mean
strict_balanced,TX,Tmax,48053,Burnet,1990-1999,77.344,6,1992,1997,1.199,mean
strict_balanced,TX,Tmax,48053,Burnet,2000-2009,77.637,6,2002,2007,1.856,mean
strict_balanced,TX,Tmax,48053,Burnet,2010-2019,78.258,6,2012,2017,2.985,mean
strict_balanced,TX,Tmax,48053,Burnet,2020-2025,79.599,6,2020,2025,2.966,mean
strict_balanced,TX,Tmax,48055,Caldwell,1980-1989,80.618,6,1982,1987,1.0,mean
strict_balanced,TX,Tmax,48055,Caldwell,1990-1999,79.817,6,1992,1997,1.0,mean
strict_balanced,TX,Tmax,48055,Caldwell,2000-2009,79.698,6,2002,2007,1.0,mean
strict_balanced,TX,Tmax,48055,Caldwell,2010-2019,80.452,6,2012,2017,1.051,mean
strict_balanced,TX,Tmax,48055,Caldwell,2020-2025,83.263,6,2020,2025,1.962,mean
strict_balanced,TX,Tmax,48059,Callahan,1980-1989,77.413,6,1982,1987,1.0,mean
strict_balanced,TX,Tmax,48059,Callahan,1990-1999,77.562,6,1992,1997,1.0,mean
strict_balanced,TX,Tmax,48059,Callahan,2000-2009,76.593,6,2002,2007,1.925,mean
strict_balanced,TX,Tmax,48059,Callahan,2010-2019,77.759,6,2012,2017,1.992,mean
strict_balanced,TX,Tmax,48059,Callahan,2020-2025,78.796,6,2020,2025,1.854,mean
strict_balanced,TX,Tmax,48061,Cameron,1980-1989,82.43,6,1982,1987,2.797,mean
strict_balanced,TX,Tmax,48061,Cameron,1990-1999,81.342,6,1992,1997,3.978,mean
strict_balanced,TX,Tmax,48061,Cameron,2000-2009,83.237,6,2002,2007,6.79,mean
strict_balanced,TX,Tmax,48061,Cameron,2010-2019,83.961,6,2012,2017,6.255,mean
strict_balanced,TX,Tmax,48061,Cameron,2020-2025,84.607,6,2020,2025,6.555,mean
strict_balanced,TX,Tmax,48069,Castro,1980-1989,70.084,6,1982,1987,1.212,mean
strict_balanced,TX,Tmax,48069,Castro,1990-1999,71.047,6,1992,1997,1.983,mean
strict_balanced,TX,Tmax,48069,Castro,2000-2009,71.934,6,2002,2007,1.996,mean
strict_balanced,TX,Tmax,48069,Castro,2010-2019,72.56,6,2012,2017,2.0,mean
strict_balanced,TX,Tmax,48069,Castro,2020-2025,73.204,6,2020,2025,2.0,mean
strict_balanced,TX,Tmax,48071,Chambers,1980-1989,79.503,6,1982,1987,1.0,mean
strict_balanced,TX,Tmax,48071,Chambers,1990-1999,77.554,6,1990,1998,1.095,mean
strict_balanced,TX,Tmax,48071,Chambers,2000-2009,77.858,6,2001,2007,1.54,mean
strict_balanced,TX,Tmax,48071,Chambers,2010-2019,78.072,6,2012,2017,1.883,mean
strict_balanced,TX,Tmax,48071,Chambers,2020-2025,79.074,6,2020,2025,1.0,mean
strict_balanced,TX,Tmax,48073,Cherokee,1980-1989,77.602,6,1982,1987,1.876,mean
strict_balanced,TX,Tmax,48073,Cherokee,1990-1999,75.098,6,1992,1997,1.865,mean
strict_balanced,TX,Tmax,48073,Cherokee,2000-2009,76.028,6,2002,2007,1.756,mean
strict_balanced,TX,Tmax,48073,Cherokee,2010-2019,76.445,6,2012,2017,1.852,mean
strict_balanced,TX,Tmax,48073,Cherokee,2020-2025,77.278,6,2020,2025,1.89,mean
strict_balanced,TX,Tmax,48075,Childress,1980-1989,73.21,6,1982,1987,1.0,mean
strict_balanced,TX,Tmax,48075,Childress,1990-1999,74.27,6,1992,1997,1.028,mean
strict_balanced,TX,Tmax,48075,Childress,2000-2009,74.857,6,2002,2007,1.999,mean
strict_balanced,TX,Tmax,48075,Childress,2010-2019,76.26,6,2012,2017,1.999,mean
strict_balanced,TX,Tmax,48075,Childress,2020-2025,77.516,6,2020,2025,2.0,mean
strict_balanced,TX,Tmax,48079,Cochran,1980-1989,71.724,6,1982,1987,1.0,mean
strict_balanced,TX,Tmax,48079,Cochran,1990-1999,73.206,6,1992,1997,1.0,mean
strict_balanced,TX,Tmax,48079,Cochran,2000-2009,74.66,6,2002,2007,1.0,mean
strict_balanced,TX,Tmax,48079,Cochran,2010-2019,74.785,6,2012,2017,1.0,mean
strict_balanced,TX,Tmax,48079,Cochran,2020-2025,76.029,6,2020,2025,1.0,mean
strict_balanced,TX,Tmax,48081,Coke,1980-1989,78.536,6,1982,1987,1.0,mean
strict_balanced,TX,Tmax,48081,Coke,1990-1999,77.66,6,1992,1997,1.0,mean
strict_balanced,TX,Tmax,48081,Coke,2000-2009,78.404,6,2002,2008,1.32,mean
strict_balanced,TX,Tmax,48081,Coke,2010-2019,78.197,6,2012,2017,1.617,mean
strict_balanced,TX,Tmax,48081,Coke,2020-2025,79.66,6,2020,2025,1.053,mean
strict_balanced,TX,Tmax,48083,Coleman,1980-1989,76.776,6,1982,1987,1.965,mean
strict_balanced,TX,Tmax,48083,Coleman,1990-1999,76.766,6,1992,1997,1.987,mean
strict_balanced,TX,Tmax,48083,Coleman,2000-2009,77.241,6,2002,2007,2.756,mean
strict_balanced,TX,Tmax,48083,Coleman,2010-2019,78.932,6,2012,2017,2.365,mean
strict_balanced,TX,Tmax,48083,Coleman,2020-2025,79.911,6,2020,2025,2.816,mean
strict_balanced,TX,Tmax,48085,Collin,1980-1989,75.673,6,1982,1987,1.958,mean
strict_balanced,TX,Tmax,48085,Collin,1990-1999,75.538,6,1992,1997,1.899,mean
strict_balanced,TX,Tmax,48085,Collin,2000-2009,76.374,6,2002,2007,2.785,mean
strict_balanced,TX,Tmax,48085,Collin,2010-2019,76.152,6,2012,2017,2.683,mean
strict_balanced,TX,Tmax,48085,Collin,2020-2025,77.41,6,2020,2025,2.328,mean
strict_balanced,TX,Tmax,48089,Colorado,1980-1989,80.381,6,1982,1987,1.0,mean
strict_balanced,TX,Tmax,48089,Colorado,1990-1999,81.55,6,1992,1997,1.0,mean
strict_balanced,TX,Tmax,48089,Colorado,2000-2009,81.03,6,2002,2007,1.932,mean
strict_balanced,TX,Tmax,48089,Colorado,2010-2019,80.877,6,2012,2017,2.701,mean
strict_balanced,TX,Tmax,48089,Colorado,2020-2025,82.136,6,2020,2025,2.246,mean
strict_balanced,TX,Tmax,48095,Concho,1980-1989,78.988,6,1982,1987,1.625,mean
strict_balanced,TX,Tmax,48095,Concho,1990-1999,79.726,6,1992,1997,1.0,mean
strict_balanced,TX,Tmax,48095,Concho,2000-2009,77.841,6,2002,2007,2.277,mean
strict_balanced,TX,Tmax,48095,Concho,2010-2019,78.523,6,2012,2017,2.312,mean
strict_balanced,TX,Tmax,48095,Concho,2020-2025,80.092,6,2020,2025,2.101,mean
strict_balanced,TX,Tmax,48097,Cooke,1980-1989,74.043,6,1981,1988,1.0,mean
strict_balanced,TX,Tmax,48097,Cooke,1990-1999,72.824,6,1992,1997,1.0,mean
strict_balanced,TX,Tmax,48097,Cooke,2000-2009,74.533,6,2002,2007,1.0,mean
strict_balanced,TX,Tmax,48097,Cooke,2010-2019,74.838,6,2012,2017,1.968,mean
strict_balanced,TX,Tmax,48097,Cooke,2020-2025,75.355,6,2020,2025,1.738,mean
strict_balanced,TX,Tmax,48099,Coryell,1980-1989,77.46,6,1982,1987,1.957,mean
strict_balanced,TX,Tmax,48099,Coryell,1990-1999,76.818,6,1992,1997,1.934,mean
strict_balanced,TX,Tmax,48099,Coryell,2000-2009,77.731,6,2001,2006,1.947,mean
strict_balanced,TX,Tmax,48099,Coryell,2010-2019,79.519,6,2011,2017,1.55,mean
strict_balanced,TX,Tmax,48099,Coryell,2020-2025,79.831,6,2020,2025,1.207,mean
strict_balanced,TX,Tmax,48101,Cottle,1980-1989,74.551,6,1982,1987,1.0,mean
strict_balanced,TX,Tmax,48101,Cottle,1990-1999,74.86,6,1992,1997,1.0,mean
strict_balanced,TX,Tmax,48101,Cottle,2000-2009,76.315,6,2002,2007,1.469,mean
strict_balanced,TX,Tmax,48101,Cottle,2010-2019,77.74,6,2012,2017,1.994,mean
strict_balanced,TX,Tmax,48101,Cottle,2020-2025,78.536,6,2020,2025,1.629,mean
strict_balanced,TX,Tmax,48105,Crockett,1980-1989,77.277,6,1982,1987,1.0,mean
strict_balanced,TX,Tmax,48105,Crockett,1990-1999,77.952,6,1992,1997,1.791,mean
strict_balanced,TX,Tmax,48105,Crockett,2000-2009,77.601,6,2002,2007,3.041,mean
strict_balanced,TX,Tmax,48105,Crockett,2010-2019,78.533,6,2012,2017,3.042,mean
strict_balanced,TX,Tmax,48105,Crockett,2020-2025,79.728,6,2020,2025,1.147,mean
strict_balanced,TX,Tmax,48107,Crosby,1980-1989,72.441,6,1982,1987,1.0,mean
strict_balanced,TX,Tmax,48107,Crosby,1990-1999,73.559,6,1992,1997,1.042,mean
strict_balanced,TX,Tmax,48107,Crosby,2000-2009,74.756,6,2002,2007,1.992,mean
strict_balanced,TX,Tmax,48107,Crosby,2010-2019,75.817,6,2012,2017,2.0,mean
strict_balanced,TX,Tmax,48107,Crosby,2020-2025,76.901,6,2020,2025,2.0,mean
strict_balanced,TX,Tmax,48113,Dallas,1980-1989,76.11,6,1982,1987,3.0,mean
strict_balanced,TX,Tmax,48113,Dallas,1990-1999,76.432,6,1992,1997,3.802,mean
strict_balanced,TX,Tmax,48113,Dallas,2000-2009,77.069,6,2002,2007,3.565,mean
strict_balanced,TX,Tmax,48113,Dallas,2010-2019,78.212,6,2012,2017,3.699,mean
strict_balanced,TX,Tmax,48113,Dallas,2020-2025,78.554,6,2020,2025,5.057,mean
strict_balanced,TX,Tmax,48121,Denton,1980-1989,75.945,6,1982,1987,2.493,mean
strict_balanced,TX,Tmax,48121,Denton,1990-1999,74.356,6,1992,1997,3.215,mean
strict_balanced,TX,Tmax,48121,Denton,2000-2009,76.709,6,2002,2007,4.219,mean
strict_balanced,TX,Tmax,48121,Denton,2010-2019,77.054,6,2012,2017,3.989,mean
strict_balanced,TX,Tmax,48121,Denton,2020-2025,78.277,6,2020,2025,3.987,mean
strict_balanced,TX,Tmax,48123,DeWitt,1980-1989,80.284,6,1982,1987,1.928,mean
strict_balanced,TX,Tmax,48123,DeWitt,1990-1999,80.767,6,1992,1997,1.941,mean
strict_balanced,TX,Tmax,48123,DeWitt,2000-2009,81.936,6,2002,2007,1.481,mean
strict_balanced,TX,Tmax,48123,DeWitt,2010-2019,81.979,6,2012,2017,1.991,mean
strict_balanced,TX,Tmax,48123,DeWitt,2020-2025,84.324,6,2020,2025,1.626,mean
strict_balanced,TX,Tmax,48125,Dickens,1980-1989,74.637,6,1980,1988,1.0,mean
strict_balanced,TX,Tmax,48125,Dickens,1990-1999,75.124,6,1991,1997,1.0,mean
strict_balanced,TX,Tmax,48125,Dickens,2000-2009,75.412,6,2002,2007,1.0,mean
strict_balanced,TX,Tmax,48125,Dickens,2010-2019,76.425,6,2012,2017,1.0,mean
strict_balanced,TX,Tmax,48125,Dickens,2020-2025,77.573,6,2020,2025,1.0,mean
strict_balanced,TX,Tmax,48131,Duval,1980-1989,83.266,6,1981,1986,1.753,mean
strict_balanced,TX,Tmax,48131,Duval,1990-1999,84.292,6,1991,1997,1.837,mean
strict_balanced,TX,Tmax,48131,Duval,2000-2009,83.873,6,2002,2007,1.782,mean
strict_balanced,TX,Tmax,48131,Duval,2010-2019,84.55,6,2012,2017,1.892,mean
strict_balanced,TX,Tmax,48131,Duval,2020-2025,86.0,6,2020,2025,1.386,mean
strict_balanced,TX,Tmax,48135,Ector,1980-1989,77.174,6,1982,1987,1.0,mean
strict_balanced,TX,Tmax,48135,Ector,1990-1999,78.396,6,1992,1997,1.0,mean
strict_balanced,TX,Tmax,48135,Ector,2000-2009,77.578,6,2002,2007,3.401,mean
strict_balanced,TX,Tmax,48135,Ector,2010-2019,78.513,6,2012,2017,3.105,mean
strict_balanced,TX,Tmax,48135,Ector,2020-2025,79.521,6,2020,2025,2.32,mean
strict_balanced,TX,Tmax,48139,Ellis,1980-1989,77.061,6,1982,1987,2.906,mean
strict_balanced,TX,Tmax,48139,Ellis,1990-1999,76.372,6,1992,1997,2.906,mean
strict_balanced,TX,Tmax,48139,Ellis,2000-2009,77.522,6,2002,2007,2.65,mean
strict_balanced,TX,Tmax,48139,Ellis,2010-2019,77.253,6,2012,2017,3.038,mean
strict_balanced,TX,Tmax,48139,Ellis,2020-2025,78.597,6,2020,2025,1.967,mean
strict_balanced,TX,Tmax,48141,El Paso,1980-1989,78.764,6,1982,1987,3.871,mean
strict_balanced,TX,Tmax,48141,El Paso,1990-1999,79.56,6,1992,1997,3.86,mean
strict_balanced,TX,Tmax,48141,El Paso,2000-2009,79.299,6,2002,2007,4.317,mean
strict_balanced,TX,Tmax,48141,El Paso,2010-2019,78.496,6,2012,2017,1.765,mean
strict_balanced,TX,Tmax,48141,El Paso,2020-2025,81.363,6,2020,2025,2.164,mean
strict_balanced,TX,Tmax,48143,Erath,1980-1989,75.282,6,1982,1987,1.981,mean
strict_balanced,TX,Tmax,48143,Erath,1990-1999,74.583,6,1992,1997,1.955,mean
strict_balanced,TX,Tmax,48143,Erath,2000-2009,75.66,6,2002,2007,1.828,mean
strict_balanced,TX,Tmax,48143,Erath,2010-2019,77.458,6,2012,2017,1.0,mean
strict_balanced,TX,Tmax,48143,Erath,2020-2025,78.83,6,2020,2025,1.0,mean
strict_balanced,TX,Tmax,48147,Fannin,1980-1989,75.21,6,1982,1987,1.0,mean
strict_balanced,TX,Tmax,48147,Fannin,1990-1999,72.496,6,1992,1997,1.0,mean
strict_balanced,TX,Tmax,48147,Fannin,2000-2009,74.398,6,2002,2007,1.885,mean
strict_balanced,TX,Tmax,48147,Fannin,2010-2019,75.617,6,2012,2017,1.975,mean
strict_balanced,TX,Tmax,48147,Fannin,2020-2025,76.19,6,2020,2025,1.957,mean
strict_balanced,TX,Tmax,48149,Fayette,1980-1989,79.612,6,1982,1987,1.918,mean
strict_balanced,TX,Tmax,48149,Fayette,1990-1999,79.463,6,1992,1997,1.951,mean
strict_balanced,TX,Tmax,48149,Fayette,2000-2009,79.846,6,2002,2007,2.956,mean
strict_balanced,TX,Tmax,48149,Fayette,2010-2019,80.637,6,2012,2017,3.34,mean
strict_balanced,TX,Tmax,48149,Fayette,2020-2025,82.042,6,2020,2025,1.833,mean
strict_balanced,TX,Tmax,48153,Floyd,1980-1989,71.837,6,1982,1987,1.0,mean
strict_balanced,TX,Tmax,48153,Floyd,1990-1999,72.298,6,1992,1997,1.0,mean
strict_balanced,TX,Tmax,48153,Floyd,2000-2009,72.724,6,2002,2007,1.0,mean
strict_balanced,TX,Tmax,48153,Floyd,2010-2019,72.928,6,2012,2017,1.0,mean
strict_balanced,TX,Tmax,48153,Floyd,2020-2025,74.212,6,2020,2025,1.0,mean
strict_balanced,TX,Tmax,48157,Fort Bend,1980-1989,78.708,6,1982,1987,1.952,mean
strict_balanced,TX,Tmax,48157,Fort Bend,1990-1999,79.441,6,1991,1996,1.908,mean
strict_balanced,TX,Tmax,48157,Fort Bend,2000-2009,80.706,6,2002,2007,2.629,mean
strict_balanced,TX,Tmax,48157,Fort Bend,2010-2019,81.386,6,2012,2017,2.075,mean
strict_balanced,TX,Tmax,48157,Fort Bend,2020-2025,82.607,6,2020,2025,1.568,mean
strict_balanced,TX,Tmax,48165,Gaines,1980-1989,75.376,6,1982,1987,1.0,mean
strict_balanced,TX,Tmax,48165,Gaines,1990-1999,75.413,6,1992,1997,1.0,mean
strict_balanced,TX,Tmax,48165,Gaines,2000-2009,75.38,6,2001,2007,1.071,mean
strict_balanced,TX,Tmax,48165,Gaines,2010-2019,76.44,6,2012,2017,1.845,mean
strict_balanced,TX,Tmax,48165,Gaines,2020-2025,78.058,6,2020,2025,1.567,mean
strict_balanced,TX,Tmax,48167,Galveston,1980-1989,74.677,6,1982,1987,1.0,mean
strict_balanced,TX,Tmax,48167,Galveston,1990-1999,76.853,6,1992,1997,2.35,mean
strict_balanced,TX,Tmax,48167,Galveston,2000-2009,77.362,6,2002,2007,3.161,mean
strict_balanced,TX,Tmax,48167,Galveston,2010-2019,78.574,6,2012,2017,2.0,mean
strict_balanced,TX,Tmax,48167,Galveston,2020-2025,79.83,6,2020,2025,1.939,mean
strict_balanced,TX,Tmax,48169,Garza,1980-1989,73.948,6,1982,1987,1.0,mean
strict_balanced,TX,Tmax,48169,Garza,1990-1999,76.524,6,1993,1998,1.739,mean
strict_balanced,TX,Tmax,48169,Garza,2000-2009,75.146,6,2002,2007,1.977,mean
strict_balanced,TX,Tmax,48169,Garza,2010-2019,77.184,6,2012,2017,2.0,mean
strict_balanced,TX,Tmax,48169,Garza,2020-2025,78.625,6,2020,2025,2.0,mean
strict_balanced,TX,Tmax,48171,Gillespie,1980-1989,76.562,6,1982,1987,1.0,mean
strict_balanced,TX,Tmax,48171,Gillespie,1990-1999,78.91,6,1992,1997,1.0,mean
strict_balanced,TX,Tmax,48171,Gillespie,2000-2009,77.896,6,2002,2007,1.964,mean
strict_balanced,TX,Tmax,48171,Gillespie,2010-2019,77.869,6,2012,2017,3.948,mean
strict_balanced,TX,Tmax,48171,Gillespie,2020-2025,79.247,6,2020,2025,3.823,mean
strict_balanced,TX,Tmax,48175,Goliad,1980-1989,82.716,6,1980,1985,1.0,mean
strict_balanced,TX,Tmax,48175,Goliad,1990-1999,84.209,6,1990,1995,1.0,mean
strict_balanced,TX,Tmax,48175,Goliad,2000-2009,81.98,6,2002,2007,1.728,mean
strict_balanced,TX,Tmax,48175,Goliad,2010-2019,80.558,6,2012,2017,1.289,mean
strict_balanced,TX,Tmax,48175,Goliad,2020-2025,81.454,6,2020,2025,1.0,mean
strict_balanced,TX,Tmax,48177,Gonzales,1980-1989,80.26,6,1982,1987,1.936,mean
strict_balanced,TX,Tmax,48177,Gonzales,1990-1999,78.57,6,1992,1997,1.921,mean
strict_balanced,TX,Tmax,48177,Gonzales,2000-2009,80.61,6,2002,2007,2.478,mean
strict_balanced,TX,Tmax,48177,Gonzales,2010-2019,81.121,6,2012,2017,2.959,mean
strict_balanced,TX,Tmax,48177,Gonzales,2020-2025,82.808,6,2020,2025,3.168,mean
strict_balanced,TX,Tmax,48179,Gray,1980-1989,70.614,6,1982,1987,1.968,mean
strict_balanced,TX,Tmax,48179,Gray,1990-1999,70.506,6,1992,1997,1.95,mean
strict_balanced,TX,Tmax,48179,Gray,2000-2009,71.667,6,2002,2007,1.828,mean
strict_balanced,TX,Tmax,48179,Gray,2010-2019,72.405,6,2012,2017,1.0,mean
strict_balanced,TX,Tmax,48179,Gray,2020-2025,73.398,6,2020,2025,1.0,mean
strict_balanced,TX,Tmax,48181,Grayson,1980-1989,73.78,6,1982,1987,1.976,mean
strict_balanced,TX,Tmax,48181,Grayson,1990-1999,72.218,6,1992,1997,1.911,mean
strict_balanced,TX,Tmax,48181,Grayson,2000-2009,73.53,6,2002,2007,1.0,mean
strict_balanced,TX,Tmax,48181,Grayson,2010-2019,75.066,6,2012,2017,1.976,mean
strict_balanced,TX,Tmax,48181,Grayson,2020-2025,75.836,6,2020,2025,1.944,mean
strict_balanced,TX,Tmax,48189,Hale,1980-1989,71.077,6,1982,1987,1.0,mean
strict_balanced,TX,Tmax,48189,Hale,1990-1999,71.414,6,1992,1997,1.0,mean
strict_balanced,TX,Tmax,48189,Hale,2000-2009,72.363,6,2002,2007,2.792,mean
strict_balanced,TX,Tmax,48189,Hale,2010-2019,73.834,6,2012,2017,3.0,mean
strict_balanced,TX,Tmax,48189,Hale,2020-2025,74.84,6,2020,2025,3.0,mean
strict_balanced,TX,Tmax,48191,Hall,1980-1989,74.199,6,1982,1987,1.724,mean
strict_balanced,TX,Tmax,48191,Hall,1990-1999,74.606,6,1992,1997,1.927,mean
strict_balanced,TX,Tmax,48191,Hall,2000-2009,75.069,6,2002,2007,1.976,mean
strict_balanced,TX,Tmax,48191,Hall,2010-2019,76.124,6,2012,2017,2.0,mean
strict_balanced,TX,Tmax,48191,Hall,2020-2025,76.973,6,2020,2025,2.0,mean
strict_balanced,TX,Tmax,48195,Hansford,1980-1989,71.534,6,1982,1987,1.866,mean
strict_balanced,TX,Tmax,48195,Hansford,1990-1999,71.032,6,1992,1997,1.935,mean
strict_balanced,TX,Tmax,48195,Hansford,2000-2009,71.369,6,2002,2007,1.246,mean
strict_balanced,TX,Tmax,48195,Hansford,2010-2019,72.229,6,2012,2017,1.0,mean
strict_balanced,TX,Tmax,48195,Hansford,2020-2025,73.903,6,2020,2025,1.0,mean
strict_balanced,TX,Tmax,48201,Harris,1980-1989,77.709,6,1982,1987,3.988,mean
strict_balanced,TX,Tmax,48201,Harris,1990-1999,79.208,6,1992,1997,3.758,mean
strict_balanced,TX,Tmax,48201,Harris,2000-2009,79.759,6,2002,2007,3.901,mean
strict_balanced,TX,Tmax,48201,Harris,2010-2019,80.568,6,2012,2017,3.2,mean
strict_balanced,TX,Tmax,48201,Harris,2020-2025,82.083,6,2020,2025,3.151,mean
strict_balanced,TX,Tmax,48203,Harrison,1980-1989,75.045,6,1983,1988,1.0,mean
strict_balanced,TX,Tmax,48203,Harrison,1990-1999,73.789,6,1992,1997,1.0,mean
strict_balanced,TX,Tmax,48203,Harrison,2000-2009,76.641,6,2002,2007,2.889,mean
strict_balanced,TX,Tmax,48203,Harrison,2010-2019,76.72,6,2012,2017,2.884,mean
strict_balanced,TX,Tmax,48203,Harrison,2020-2025,77.758,6,2020,2025,3.588,mean
strict_balanced,TX,Tmax,48205,Hartley,1980-1989,70.259,6,1981,1986,1.35,mean
strict_balanced,TX,Tmax,48205,Hartley,1990-1999,69.51,6,1992,1997,2.628,mean
strict_balanced,TX,Tmax,48205,Hartley,2000-2009,70.337,6,2002,2007,2.77,mean
strict_balanced,TX,Tmax,48205,Hartley,2010-2019,72.321,6,2012,2017,1.982,mean
strict_balanced,TX,Tmax,48205,Hartley,2020-2025,73.154,6,2020,2025,1.686,mean
strict_balanced,TX,Tmax,48209,Hays,1980-1989,78.998,6,1981,1988,1.593,mean
strict_balanced,TX,Tmax,48209,Hays,1990-1999,79.196,6,1992,1997,1.955,mean
strict_balanced,TX,Tmax,48209,Hays,2000-2009,78.942,6,2002,2007,1.966,mean
strict_balanced,TX,Tmax,48209,Hays,2010-2019,79.903,6,2012,2017,1.989,mean
strict_balanced,TX,Tmax,48209,Hays,2020-2025,81.003,6,2020,2025,1.959,mean
strict_balanced,TX,Tmax,48213,Henderson,1980-1989,77.374,6,1982,1987,1.0,mean
strict_balanced,TX,Tmax,48213,Henderson,1990-1999,76.402,6,1990,1998,1.0,mean
strict_balanced,TX,Tmax,48213,Henderson,2000-2009,76.559,6,2002,2007,1.849,mean
strict_balanced,TX,Tmax,48213,Henderson,2010-2019,77.544,6,2012,2017,1.994,mean
strict_balanced,TX,Tmax,48213,Henderson,2020-2025,77.43,6,2020,2025,1.845,mean
strict_balanced,TX,Tmax,48215,Hidalgo,1980-1989,84.598,6,1982,1987,4.865,mean
strict_balanced,TX,Tmax,48215,Hidalgo,1990-1999,85.082,6,1992,1997,5.499,mean
strict_balanced,TX,Tmax,48215,Hidalgo,2000-2009,86.08,6,2002,2007,9.579,mean
strict_balanced,TX,Tmax,48215,Hidalgo,2010-2019,86.5,6,2012,2017,9.498,mean
strict_balanced,TX,Tmax,48215,Hidalgo,2020-2025,87.461,6,2020,2025,8.681,mean
strict_balanced,TX,Tmax,48219,Hockley,1980-1989,72.794,6,1982,1987,1.0,mean
strict_balanced,TX,Tmax,48219,Hockley,1990-1999,75.366,6,1992,1997,1.0,mean
strict_balanced,TX,Tmax,48219,Hockley,2000-2009,73.142,6,2002,2007,1.0,mean
strict_balanced,TX,Tmax,48219,Hockley,2010-2019,74.752,6,2012,2017,1.0,mean
strict_balanced,TX,Tmax,48219,Hockley,2020-2025,75.253,6,2020,2025,1.0,mean
strict_balanced,TX,Tmax,48223,Hopkins,1980-1989,74.306,6,1982,1987,1.0,mean
strict_balanced,TX,Tmax,48223,Hopkins,1990-1999,75.165,6,1992,1997,1.0,mean
strict_balanced,TX,Tmax,48223,Hopkins,2000-2009,76.557,6,2002,2007,1.0,mean
strict_balanced,TX,Tmax,48223,Hopkins,2010-2019,76.196,6,2012,2017,1.96,mean
strict_balanced,TX,Tmax,48223,Hopkins,2020-2025,76.51,6,2020,2025,2.898,mean
strict_balanced,TX,Tmax,48225,Houston,1980-1989,77.23,6,1982,1987,1.764,mean
strict_balanced,TX,Tmax,48225,Houston,1990-1999,76.593,6,1992,1997,1.0,mean
strict_balanced,TX,Tmax,48225,Houston,2000-2009,78.456,6,2002,2007,1.722,mean
strict_balanced,TX,Tmax,48225,Houston,2010-2019,79.388,6,2012,2017,1.92,mean
strict_balanced,TX,Tmax,48225,Houston,2020-2025,79.026,6,2020,2025,1.991,mean
strict_balanced,TX,Tmax,48227,Howard,1980-1989,75.487,6,1981,1988,1.0,mean
strict_balanced,TX,Tmax,48227,Howard,1990-1999,76.542,6,1991,1997,1.0,mean
strict_balanced,TX,Tmax,48227,Howard,2000-2009,76.96,6,2000,2008,1.0,mean
strict_balanced,TX,Tmax,48227,Howard,2010-2019,78.889,6,2012,2017,1.585,mean
strict_balanced,TX,Tmax,48227,Howard,2020-2025,79.228,6,2020,2025,1.18,mean
strict_balanced,TX,Tmax,48229,Hudspeth,1980-1989,76.853,6,1982,1987,5.179,mean
strict_balanced,TX,Tmax,48229,Hudspeth,1990-1999,77.919,6,1992,1997,5.496,mean
strict_balanced,TX,Tmax,48229,Hudspeth,2000-2009,79.051,6,2002,2007,3.237,mean
strict_balanced,TX,Tmax,48229,Hudspeth,2010-2019,81.179,6,2012,2017,1.896,mean
strict_balanced,TX,Tmax,48229,Hudspeth,2020-2025,82.462,6,2020,2025,1.0,mean
strict_balanced,TX,Tmax,48231,Hunt,1980-1989,74.152,6,1982,1987,1.0,mean
strict_balanced,TX,Tmax,48231,Hunt,1990-1999,75.408,6,1990,1999,1.0,mean
strict_balanced,TX,Tmax,48231,Hunt,2000-2009,76.098,6,2002,2007,1.817,mean
strict_balanced,TX,Tmax,48231,Hunt,2010-2019,76.974,6,2012,2017,2.712,mean
strict_balanced,TX,Tmax,48231,Hunt,2020-2025,77.217,6,2020,2025,2.404,mean
strict_balanced,TX,Tmax,48233,Hutchinson,1980-1989,70.729,6,1982,1987,1.0,mean
strict_balanced,TX,Tmax,48233,Hutchinson,1990-1999,71.455,6,1992,1997,1.831,mean
strict_balanced,TX,Tmax,48233,Hutchinson,2000-2009,72.957,6,2002,2007,3.894,mean
strict_balanced,TX,Tmax,48233,Hutchinson,2010-2019,74.679,6,2012,2017,3.982,mean
strict_balanced,TX,Tmax,48233,Hutchinson,2020-2025,75.695,6,2020,2025,2.979,mean
strict_balanced,TX,Tmax,48241,Jasper,1980-1989,76.675,6,1982,1987,1.0,mean
strict_balanced,TX,Tmax,48241,Jasper,1990-1999,76.663,6,1992,1997,1.0,mean
strict_balanced,TX,Tmax,48241,Jasper,2000-2009,77.024,6,2002,2007,1.0,mean
strict_balanced,TX,Tmax,48241,Jasper,2010-2019,78.657,6,2014,2019,1.0,mean
strict_balanced,TX,Tmax,48241,Jasper,2020-2025,79.733,6,2020,2025,1.0,mean
strict_balanced,TX,Tmax,48243,Jeff Davis,1980-1989,73.658,6,1982,1987,2.87,mean
strict_balanced,TX,Tmax,48243,Jeff Davis,1990-1999,74.872,6,1992,1997,3.91,mean
strict_balanced,TX,Tmax,48243,Jeff Davis,2000-2009,74.996,6,2002,2007,3.743,mean
strict_balanced,TX,Tmax,48243,Jeff Davis,2010-2019,76.36,6,2012,2017,3.871,mean
strict_balanced,TX,Tmax,48243,Jeff Davis,2020-2025,77.135,6,2020,2025,3.248,mean
strict_balanced,TX,Tmax,48245,Jefferson,1980-1989,77.852,6,1982,1987,1.997,mean
strict_balanced,TX,Tmax,48245,Jefferson,1990-1999,78.162,6,1992,1997,1.998,mean
strict_balanced,TX,Tmax,48245,Jefferson,2000-2009,78.495,6,2002,2007,3.682,mean
strict_balanced,TX,Tmax,48245,Jefferson,2010-2019,79.095,6,2012,2017,3.972,mean
strict_balanced,TX,Tmax,48245,Jefferson,2020-2025,79.908,6,2020,2025,3.334,mean
strict_balanced,TX,Tmax,48249,Jim Wells,1980-1989,82.157,6,1982,1987,1.793,mean
strict_balanced,TX,Tmax,48249,Jim Wells,1990-1999,82.398,6,1992,1997,2.152,mean
strict_balanced,TX,Tmax,48249,Jim Wells,2000-2009,83.092,6,2002,2007,2.73,mean
strict_balanced,TX,Tmax,48249,Jim Wells,2010-2019,83.699,6,2012,2017,1.99,mean
strict_balanced,TX,Tmax,48249,Jim Wells,2020-2025,84.61,6,2020,2025,2.135,mean
strict_balanced,TX,Tmax,48251,Johnson,1980-1989,78.358,6,1982,1987,1.264,mean
strict_balanced,TX,Tmax,48251,Johnson,1990-1999,76.634,6,1992,1997,1.975,mean
strict_balanced,TX,Tmax,48251,Johnson,2000-2009,77.848,6,2002,2007,1.83,mean
strict_balanced,TX,Tmax,48251,Johnson,2010-2019,77.073,6,2012,2017,2.882,mean
strict_balanced,TX,Tmax,48251,Johnson,2020-2025,78.038,6,2020,2025,2.688,mean
strict_balanced,TX,Tmax,48253,Jones,1980-1989,77.678,6,1981,1988,1.757,mean
strict_balanced,TX,Tmax,48253,Jones,1990-1999,76.787,6,1992,1997,1.984,mean
strict_balanced,TX,Tmax,48253,Jones,2000-2009,77.034,6,2002,2007,1.94,mean
strict_balanced,TX,Tmax,48253,Jones,2010-2019,77.78,6,2012,2017,1.76,mean
strict_balanced,TX,Tmax,48253,Jones,2020-2025,78.779,6,2020,2025,1.95,mean
strict_balanced,TX,Tmax,48257,Kaufman,1980-1989,76.082,6,1982,1987,1.0,mean
strict_balanced,TX,Tmax,48257,Kaufman,1990-1999,75.721,6,1992,1997,1.0,mean
strict_balanced,TX,Tmax,48257,Kaufman,2000-2009,76.332,6,2002,2007,2.409,mean
strict_balanced,TX,Tmax,48257,Kaufman,2010-2019,77.574,6,2012,2017,1.075,mean
strict_balanced,TX,Tmax,48257,Kaufman,2020-2025,77.784,6,2020,2025,1.0,mean
strict_balanced,TX,Tmax,48259,Kendall,1980-1989,78.12,6,1982,1987,1.0,mean
strict_balanced,TX,Tmax,48259,Kendall,1990-1999,77.758,6,1992,1997,1.0,mean
strict_balanced,TX,Tmax,48259,Kendall,2000-2009,77.934,6,2001,2006,1.0,mean
strict_balanced,TX,Tmax,48259,Kendall,2010-2019,79.134,6,2012,2017,1.0,mean
strict_balanced,TX,Tmax,48259,Kendall,2020-2025,82.495,6,2020,2025,1.774,mean
strict_balanced,TX,Tmax,48263,Kent,1980-1989,75.269,6,1981,1988,1.0,mean
strict_balanced,TX,Tmax,48263,Kent,1990-1999,74.656,6,1992,1997,1.0,mean
strict_balanced,TX,Tmax,48263,Kent,2000-2009,75.639,6,2002,2008,1.0,mean
strict_balanced,TX,Tmax,48263,Kent,2010-2019,77.922,6,2012,2017,1.0,mean
strict_balanced,TX,Tmax,48263,Kent,2020-2025,79.272,6,2020,2025,1.0,mean
strict_balanced,TX,Tmax,48265,Kerr,1980-1989,75.529,6,1982,1987,1.0,mean
strict_balanced,TX,Tmax,48265,Kerr,1990-1999,76.659,6,1992,1997,1.14,mean
strict_balanced,TX,Tmax,48265,Kerr,2000-2009,77.546,6,2002,2007,1.72,mean
strict_balanced,TX,Tmax,48265,Kerr,2010-2019,78.281,6,2012,2017,2.987,mean
strict_balanced,TX,Tmax,48265,Kerr,2020-2025,79.506,6,2020,2025,2.858,mean
strict_balanced,TX,Tmax,48267,Kimble,1980-1989,80.963,6,1980,1989,1.0,mean
strict_balanced,TX,Tmax,48267,Kimble,1990-1999,79.694,6,1990,1999,1.444,mean
strict_balanced,TX,Tmax,48267,Kimble,2000-2009,78.889,6,2002,2007,1.986,mean
strict_balanced,TX,Tmax,48267,Kimble,2010-2019,80.226,6,2012,2017,1.984,mean
strict_balanced,TX,Tmax,48267,Kimble,2020-2025,81.724,6,2020,2025,1.991,mean
strict_balanced,TX,Tmax,48269,King,1980-1989,77.669,6,1982,1987,1.0,mean
strict_balanced,TX,Tmax,48269,King,1990-1999,76.452,6,1992,1997,1.252,mean
strict_balanced,TX,Tmax,48269,King,2000-2009,76.689,6,2002,2007,1.9,mean
strict_balanced,TX,Tmax,48269,King,2010-2019,77.73,6,2012,2017,2.0,mean
strict_balanced,TX,Tmax,48269,King,2020-2025,78.378,6,2020,2025,2.0,mean
strict_balanced,TX,Tmax,48273,Kleberg,1980-1989,83.414,6,1982,1987,1.93,mean
strict_balanced,TX,Tmax,48273,Kleberg,1990-1999,82.944,6,1992,1997,1.489,mean
strict_balanced,TX,Tmax,48273,Kleberg,2000-2009,83.004,6,2001,2007,1.804,mean
strict_balanced,TX,Tmax,48273,Kleberg,2010-2019,84.669,6,2012,2017,1.951,mean
strict_balanced,TX,Tmax,48273,Kleberg,2020-2025,85.941,6,2020,2025,1.846,mean
strict_balanced,TX,Tmax,48277,Lamar,1980-1989,74.398,6,1982,1987,1.0,mean
strict_balanced,TX,Tmax,48277,Lamar,1990-1999,73.103,6,1992,1997,1.0,mean
strict_balanced,TX,Tmax,48277,Lamar,2000-2009,76.616,6,2001,2006,1.0,mean
strict_balanced,TX,Tmax,48277,Lamar,2010-2019,75.592,6,2012,2017,1.968,mean
strict_balanced,TX,Tmax,48277,Lamar,2020-2025,76.312,6,2020,2025,1.895,mean
strict_balanced,TX,Tmax,48279,Lamb,1980-1989,71.211,6,1982,1987,1.885,mean
strict_balanced,TX,Tmax,48279,Lamb,1990-1999,73.005,6,1992,1997,1.926,mean
strict_balanced,TX,Tmax,48279,Lamb,2000-2009,73.505,6,2002,2007,1.59,mean
strict_balanced,TX,Tmax,48279,Lamb,2010-2019,73.718,6,2012,2017,2.0,mean
strict_balanced,TX,Tmax,48279,Lamb,2020-2025,74.816,6,2020,2025,2.0,mean
strict_balanced,TX,Tmax,48289,Leon,1980-1989,77.483,6,1982,1987,1.942,mean
strict_balanced,TX,Tmax,48289,Leon,1990-1999,76.925,6,1992,1997,1.0,mean
strict_balanced,TX,Tmax,48289,Leon,2000-2009,78.197,6,2001,2007,1.0,mean
strict_balanced,TX,Tmax,48289,Leon,2010-2019,78.37,6,2012,2017,1.0,mean
strict_balanced,TX,Tmax,48289,Leon,2020-2025,79.162,6,2020,2025,1.0,mean
strict_balanced,TX,Tmax,48291,Liberty,1980-1989,77.974,6,1982,1987,2.91,mean
strict_balanced,TX,Tmax,48291,Liberty,1990-1999,78.357,6,1992,1997,2.94,mean
strict_balanced,TX,Tmax,48291,Liberty,2000-2009,78.313,6,2002,2007,4.238,mean
strict_balanced,TX,Tmax,48291,Liberty,2010-2019,79.366,6,2012,2017,4.925,mean
strict_balanced,TX,Tmax,48291,Liberty,2020-2025,80.576,6,2020,2025,3.003,mean
strict_balanced,TX,Tmax,48295,Lipscomb,1980-1989,70.351,6,1982,1987,1.956,mean
strict_balanced,TX,Tmax,48295,Lipscomb,1990-1999,68.427,6,1992,1997,1.96,mean
strict_balanced,TX,Tmax,48295,Lipscomb,2000-2009,71.824,6,2002,2007,1.328,mean
strict_balanced,TX,Tmax,48295,Lipscomb,2010-2019,72.723,6,2012,2017,1.877,mean
strict_balanced,TX,Tmax,48295,Lipscomb,2020-2025,73.434,6,2020,2025,1.545,mean
strict_balanced,TX,Tmax,48297,Live Oak,1980-1989,83.681,6,1984,1989,1.0,mean
strict_balanced,TX,Tmax,48297,Live Oak,1990-1999,83.396,6,1992,1997,1.0,mean
strict_balanced,TX,Tmax,48297,Live Oak,2000-2009,82.575,6,2002,2007,2.377,mean
strict_balanced,TX,Tmax,48297,Live Oak,2010-2019,83.38,6,2012,2017,1.988,mean
strict_balanced,TX,Tmax,48297,Live Oak,2020-2025,84.806,6,2020,2025,1.994,mean
strict_balanced,TX,Tmax,48299,Llano,1980-1989,79.06,6,1982,1987,1.0,mean
strict_balanced,TX,Tmax,48299,Llano,1990-1999,79.034,6,1991,1996,1.0,mean
strict_balanced,TX,Tmax,48299,Llano,2000-2009,78.965,6,2002,2007,1.0,mean
strict_balanced,TX,Tmax,48299,Llano,2010-2019,80.883,6,2012,2017,2.094,mean
strict_balanced,TX,Tmax,48299,Llano,2020-2025,81.765,6,2020,2025,2.824,mean
strict_balanced,TX,Tmax,48303,Lubbock,1980-1989,72.965,6,1982,1987,1.0,mean
strict_balanced,TX,Tmax,48303,Lubbock,1990-1999,74.474,6,1992,1997,1.0,mean
strict_balanced,TX,Tmax,48303,Lubbock,2000-2009,74.561,6,2002,2007,1.0,mean
strict_balanced,TX,Tmax,48303,Lubbock,2010-2019,75.721,6,2012,2017,1.985,mean
strict_balanced,TX,Tmax,48303,Lubbock,2020-2025,76.739,6,2020,2025,2.0,mean
strict_balanced,TX,Tmax,48305,Lynn,1980-1989,73.996,6,1982,1987,1.0,mean
strict_balanced,TX,Tmax,48305,Lynn,1990-1999,73.644,6,1992,1997,1.0,mean
strict_balanced,TX,Tmax,48305,Lynn,2000-2009,75.001,6,2002,2007,1.0,mean
strict_balanced,TX,Tmax,48305,Lynn,2010-2019,75.99,6,2012,2017,1.0,mean
strict_balanced,TX,Tmax,48305,Lynn,2020-2025,76.954,6,2020,2025,1.0,mean
strict_balanced,TX,Tmax,48309,McLennan,1980-1989,77.293,6,1982,1987,2.987,mean
strict_balanced,TX,Tmax,48309,McLennan,1990-1999,76.888,6,1992,1997,3.127,mean
strict_balanced,TX,Tmax,48309,McLennan,2000-2009,77.977,6,2002,2007,3.313,mean
strict_balanced,TX,Tmax,48309,McLennan,2010-2019,78.836,6,2012,2017,3.012,mean
strict_balanced,TX,Tmax,48309,McLennan,2020-2025,80.247,6,2020,2025,2.424,mean
strict_balanced,TX,Tmax,48311,McMullen,1980-1989,83.384,6,1981,1988,1.0,mean
strict_balanced,TX,Tmax,48311,McMullen,1990-1999,84.294,6,1991,1996,1.0,mean
strict_balanced,TX,Tmax,48311,McMullen,2000-2009,82.566,6,2002,2007,2.492,mean
strict_balanced,TX,Tmax,48311,McMullen,2010-2019,83.851,6,2012,2017,1.927,mean
strict_balanced,TX,Tmax,48311,McMullen,2020-2025,84.761,6,2020,2025,1.998,mean
strict_balanced,TX,Tmax,48321,Matagorda,1980-1989,78.651,6,1982,1987,2.769,mean
strict_balanced,TX,Tmax,48321,Matagorda,1990-1999,78.624,6,1992,1997,2.837,mean
strict_balanced,TX,Tmax,48321,Matagorda,2000-2009,78.597,6,2002,2007,2.914,mean
strict_balanced,TX,Tmax,48321,Matagorda,2010-2019,79.573,6,2012,2017,3.688,mean
strict_balanced,TX,Tmax,48321,Matagorda,2020-2025,80.5,6,2020,2025,2.87,mean
strict_balanced,TX,Tmax,48325,Medina,1980-1989,80.199,6,1982,1987,1.97,mean
strict_balanced,TX,Tmax,48325,Medina,1990-1999,80.122,6,1992,1997,2.158,mean
strict_balanced,TX,Tmax,48325,Medina,2000-2009,81.111,6,2002,2007,2.826,mean
strict_balanced,TX,Tmax,48325,Medina,2010-2019,82.46,6,2012,2017,1.955,mean
strict_balanced,TX,Tmax,48325,Medina,2020-2025,84.047,6,2020,2025,1.039,mean
strict_balanced,TX,Tmax,48327,Menard,1980-1989,79.101,6,1982,1987,1.0,mean
strict_balanced,TX,Tmax,48327,Menard,1990-1999,78.327,6,1991,1998,1.228,mean
strict_balanced,TX,Tmax,48327,Menard,2000-2009,77.37,6,2002,2007,1.923,mean
strict_balanced,TX,Tmax,48327,Menard,2010-2019,78.524,6,2012,2017,1.858,mean
strict_balanced,TX,Tmax,48327,Menard,2020-2025,79.707,6,2020,2025,1.0,mean
strict_balanced,TX,Tmax,48329,Midland,1980-1989,77.278,6,1982,1987,1.942,mean
strict_balanced,TX,Tmax,48329,Midland,1990-1999,78.496,6,1992,1997,1.932,mean
strict_balanced,TX,Tmax,48329,Midland,2000-2009,77.453,6,2002,2007,2.727,mean
strict_balanced,TX,Tmax,48329,Midland,2010-2019,79.178,6,2012,2017,4.296,mean
strict_balanced,TX,Tmax,48329,Midland,2020-2025,79.62,6,2020,2025,3.98,mean
strict_balanced,TX,Tmax,48337,Montague,1980-1989,75.114,6,1982,1987,1.0,mean
strict_balanced,TX,Tmax,48337,Montague,1990-1999,73.92,6,1991,1997,1.0,mean
strict_balanced,TX,Tmax,48337,Montague,2000-2009,74.526,6,2002,2007,1.928,mean
strict_balanced,TX,Tmax,48337,Montague,2010-2019,75.323,6,2012,2017,2.502,mean
strict_balanced,TX,Tmax,48337,Montague,2020-2025,76.427,6,2020,2025,2.13,mean
strict_balanced,TX,Tmax,48339,Montgomery,1980-1989,78.398,6,1982,1987,1.0,mean
strict_balanced,TX,Tmax,48339,Montgomery,1990-1999,78.25,6,1992,1997,1.316,mean
strict_balanced,TX,Tmax,48339,Montgomery,2000-2009,79.039,6,2002,2007,3.911,mean
strict_balanced,TX,Tmax,48339,Montgomery,2010-2019,79.831,6,2012,2017,3.946,mean
strict_balanced,TX,Tmax,48339,Montgomery,2020-2025,81.29,6,2020,2025,3.986,mean
strict_balanced,TX,Tmax,48343,Morris,1980-1989,77.819,6,1982,1987,1.0,mean
strict_balanced,TX,Tmax,48343,Morris,1990-1999,76.705,6,1991,1998,1.221,mean
strict_balanced,TX,Tmax,48343,Morris,2000-2009,76.717,6,2002,2007,2.216,mean
strict_balanced,TX,Tmax,48343,Morris,2010-2019,76.973,6,2012,2017,1.992,mean
strict_balanced,TX,Tmax,48343,Morris,2020-2025,77.116,6,2020,2025,1.091,mean
strict_balanced,TX,Tmax,48345,Motley,1980-1989,73.982,6,1982,1987,1.0,mean
strict_balanced,TX,Tmax,48345,Motley,1990-1999,73.726,6,1991,1996,1.0,mean
strict_balanced,TX,Tmax,48345,Motley,2000-2009,75.114,6,2000,2009,1.0,mean
strict_balanced,TX,Tmax,48345,Motley,2010-2019,75.315,6,2012,2017,1.0,mean
strict_balanced,TX,Tmax,48345,Motley,2020-2025,76.736,6,2020,2025,1.0,mean
strict_balanced,TX,Tmax,48347,Nacogdoches,1980-1989,76.32,6,1982,1987,1.0,mean
strict_balanced,TX,Tmax,48347,Nacogdoches,1990-1999,77.258,6,1992,1997,1.0,mean
strict_balanced,TX,Tmax,48347,Nacogdoches,2000-2009,78.448,6,2002,2007,1.476,mean
strict_balanced,TX,Tmax,48347,Nacogdoches,2010-2019,77.06,6,2012,2017,1.059,mean
strict_balanced,TX,Tmax,48347,Nacogdoches,2020-2025,78.598,6,2020,2025,1.826,mean
strict_balanced,TX,Tmax,48349,Navarro,1980-1989,76.081,6,1982,1987,1.979,mean
strict_balanced,TX,Tmax,48349,Navarro,1990-1999,76.239,6,1992,1997,1.954,mean
strict_balanced,TX,Tmax,48349,Navarro,2000-2009,77.972,6,2002,2007,2.95,mean
strict_balanced,TX,Tmax,48349,Navarro,2010-2019,77.878,6,2012,2017,2.954,mean
strict_balanced,TX,Tmax,48349,Navarro,2020-2025,78.658,6,2020,2025,2.716,mean
strict_balanced,TX,Tmax,48351,Newton,1980-1989,75.644,6,1982,1987,1.0,mean
strict_balanced,TX,Tmax,48351,Newton,1990-1999,76.408,6,1992,1997,1.0,mean
strict_balanced,TX,Tmax,48351,Newton,2000-2009,78.953,6,2002,2007,1.444,mean
strict_balanced,TX,Tmax,48351,Newton,2010-2019,80.106,6,2012,2017,1.0,mean
strict_balanced,TX,Tmax,48351,Newton,2020-2025,81.114,6,2020,2025,1.0,mean
strict_balanced,TX,Tmax,48355,Nueces,1980-1989,80.393,6,1982,1987,3.958,mean
strict_balanced,TX,Tmax,48355,Nueces,1990-1999,80.027,6,1992,1997,4.728,mean
strict_balanced,TX,Tmax,48355,Nueces,2000-2009,81.136,6,2002,2007,6.508,mean
strict_balanced,TX,Tmax,48355,Nueces,2010-2019,80.68,6,2012,2017,6.183,mean
strict_balanced,TX,Tmax,48355,Nueces,2020-2025,81.955,6,2020,2025,4.585,mean
strict_balanced,TX,Tmax,48359,Oldham,1980-1989,71.309,6,1982,1987,2.129,mean
strict_balanced,TX,Tmax,48359,Oldham,1990-1999,71.735,6,1992,1997,1.965,mean
strict_balanced,TX,Tmax,48359,Oldham,2000-2009,71.578,6,2002,2007,2.92,mean
strict_balanced,TX,Tmax,48359,Oldham,2010-2019,72.807,6,2012,2017,2.032,mean
strict_balanced,TX,Tmax,48359,Oldham,2020-2025,73.196,6,2020,2025,1.992,mean
strict_balanced,TX,Tmax,48361,Orange,1980-1989,77.106,6,1981,1987,1.0,mean
strict_balanced,TX,Tmax,48361,Orange,1990-1999,76.475,6,1992,1997,1.0,mean
strict_balanced,TX,Tmax,48361,Orange,2000-2009,77.71,6,2001,2007,1.0,mean
strict_balanced,TX,Tmax,48361,Orange,2010-2019,77.633,6,2012,2017,1.0,mean
strict_balanced,TX,Tmax,48361,Orange,2020-2025,78.346,6,2020,2025,1.0,mean
strict_balanced,TX,Tmax,48367,Parker,1980-1989,75.991,6,1982,1987,1.23,mean
strict_balanced,TX,Tmax,48367,Parker,1990-1999,76.758,6,1992,1997,1.981,mean
strict_balanced,TX,Tmax,48367,Parker,2000-2009,76.458,6,2002,2007,2.828,mean
strict_balanced,TX,Tmax,48367,Parker,2010-2019,76.797,6,2012,2017,1.955,mean
strict_balanced,TX,Tmax,48367,Parker,2020-2025,78.67,6,2020,2025,1.874,mean
strict_balanced,TX,Tmax,48369,Parmer,1980-1989,70.327,6,1982,1987,1.0,mean
strict_balanced,TX,Tmax,48369,Parmer,1990-1999,70.718,6,1992,1997,1.0,mean
strict_balanced,TX,Tmax,48369,Parmer,2000-2009,71.352,6,2002,2007,1.0,mean
strict_balanced,TX,Tmax,48369,Parmer,2010-2019,72.647,6,2012,2017,1.0,mean
strict_balanced,TX,Tmax,48369,Parmer,2020-2025,74.241,6,2020,2025,1.0,mean
strict_balanced,TX,Tmax,48371,Pecos,1980-1989,79.291,6,1982,1987,2.876,mean
strict_balanced,TX,Tmax,48371,Pecos,1990-1999,80.0,6,1992,1997,3.136,mean
strict_balanced,TX,Tmax,48371,Pecos,2000-2009,80.165,6,2002,2007,3.255,mean
strict_balanced,TX,Tmax,48371,Pecos,2010-2019,80.163,6,2012,2017,2.955,mean
strict_balanced,TX,Tmax,48371,Pecos,2020-2025,82.612,6,2020,2025,1.904,mean
strict_balanced,TX,Tmax,48375,Potter,1980-1989,69.6,6,1982,1987,1.0,mean
strict_balanced,TX,Tmax,48375,Potter,1990-1999,70.342,6,1992,1997,1.0,mean
strict_balanced,TX,Tmax,48375,Potter,2000-2009,71.125,6,2002,2007,1.538,mean
strict_balanced,TX,Tmax,48375,Potter,2010-2019,72.38,6,2012,2017,2.0,mean
strict_balanced,TX,Tmax,48375,Potter,2020-2025,73.344,6,2020,2025,2.963,mean
strict_balanced,TX,Tmax,48377,Presidio,1980-1989,82.191,6,1982,1987,3.681,mean
strict_balanced,TX,Tmax,48377,Presidio,1990-1999,82.256,6,1992,1997,3.255,mean
strict_balanced,TX,Tmax,48377,Presidio,2000-2009,81.853,6,2002,2007,3.426,mean
strict_balanced,TX,Tmax,48377,Presidio,2010-2019,81.641,6,2011,2018,1.768,mean
strict_balanced,TX,Tmax,48377,Presidio,2020-2025,84.523,6,2020,2025,1.38,mean
strict_balanced,TX,Tmax,48379,Rains,1980-1989,74.818,6,1982,1987,1.845,mean
strict_balanced,TX,Tmax,48379,Rains,1990-1999,74.958,6,1992,1997,1.881,mean
strict_balanced,TX,Tmax,48379,Rains,2000-2009,75.488,6,2002,2007,1.632,mean
strict_balanced,TX,Tmax,48379,Rains,2010-2019,75.607,6,2012,2017,1.138,mean
strict_balanced,TX,Tmax,48379,Rains,2020-2025,76.273,6,2020,2025,1.0,mean
strict_balanced,TX,Tmax,48383,Reagan,1980-1989,76.548,6,1982,1987,1.875,mean
strict_balanced,TX,Tmax,48383,Reagan,1990-1999,76.971,6,1992,1997,1.961,mean
strict_balanced,TX,Tmax,48383,Reagan,2000-2009,77.44,6,2002,2007,1.322,mean
strict_balanced,TX,Tmax,48383,Reagan,2010-2019,78.406,6,2012,2017,1.934,mean
strict_balanced,TX,Tmax,48383,Reagan,2020-2025,80.34,6,2020,2025,1.214,mean
strict_balanced,TX,Tmax,48385,Real,1980-1989,79.196,6,1982,1987,1.014,mean
strict_balanced,TX,Tmax,48385,Real,1990-1999,77.158,6,1992,1997,1.82,mean
strict_balanced,TX,Tmax,48385,Real,2000-2009,78.088,6,2002,2007,1.759,mean
strict_balanced,TX,Tmax,48385,Real,2010-2019,78.488,6,2012,2017,1.265,mean
strict_balanced,TX,Tmax,48385,Real,2020-2025,80.385,6,2020,2025,1.0,mean
strict_balanced,TX,Tmax,48387,Red River,1980-1989,73.768,6,1982,1987,1.0,mean
strict_balanced,TX,Tmax,48387,Red River,1990-1999,72.884,6,1991,1996,1.0,mean
strict_balanced,TX,Tmax,48387,Red River,2000-2009,74.753,6,2002,2007,1.935,mean
strict_balanced,TX,Tmax,48387,Red River,2010-2019,75.884,6,2012,2017,1.0,mean
strict_balanced,TX,Tmax,48387,Red River,2020-2025,76.111,6,2020,2025,1.0,mean
strict_balanced,TX,Tmax,48399,Runnels,1980-1989,78.107,6,1982,1987,1.862,mean
strict_balanced,TX,Tmax,48399,Runnels,1990-1999,78.615,6,1992,1997,1.906,mean
strict_balanced,TX,Tmax,48399,Runnels,2000-2009,77.105,6,2002,2007,1.981,mean
strict_balanced,TX,Tmax,48399,Runnels,2010-2019,78.571,6,2012,2017,1.741,mean
strict_balanced,TX,Tmax,48399,Runnels,2020-2025,79.799,6,2020,2025,1.624,mean
strict_balanced,TX,Tmax,48401,Rusk,1980-1989,75.808,6,1982,1987,1.938,mean
strict_balanced,TX,Tmax,48401,Rusk,1990-1999,75.524,6,1992,1997,1.914,mean
strict_balanced,TX,Tmax,48401,Rusk,2000-2009,76.922,6,2002,2007,2.938,mean
strict_balanced,TX,Tmax,48401,Rusk,2010-2019,76.928,6,2012,2017,2.949,mean
strict_balanced,TX,Tmax,48401,Rusk,2020-2025,77.971,6,2020,2025,2.728,mean
strict_balanced,TX,Tmax,48411,San Saba,1980-1989,78.602,6,1982,1987,1.0,mean
strict_balanced,TX,Tmax,48411,San Saba,1990-1999,78.035,6,1992,1997,1.0,mean
strict_balanced,TX,Tmax,48411,San Saba,2000-2009,77.923,6,2002,2007,1.973,mean
strict_balanced,TX,Tmax,48411,San Saba,2010-2019,78.513,6,2012,2017,1.952,mean
strict_balanced,TX,Tmax,48411,San Saba,2020-2025,80.063,6,2020,2025,1.964,mean
strict_balanced,TX,Tmax,48415,Scurry,1980-1989,75.028,6,1981,1987,1.0,mean
strict_balanced,TX,Tmax,48415,Scurry,1990-1999,75.72,6,1990,1999,1.0,mean
strict_balanced,TX,Tmax,48415,Scurry,2000-2009,75.878,6,2001,2006,1.0,mean
strict_balanced,TX,Tmax,48415,Scurry,2010-2019,76.426,6,2012,2017,1.894,mean
strict_balanced,TX,Tmax,48415,Scurry,2020-2025,77.917,6,2020,2025,1.969,mean
strict_balanced,TX,Tmax,48417,Shackelford,1980-1989,76.647,6,1980,1989,1.0,mean
strict_balanced,TX,Tmax,48417,Shackelford,1990-1999,77.599,6,1992,1997,1.0,mean
strict_balanced,TX,Tmax,48417,Shackelford,2000-2009,77.083,6,2001,2006,1.0,mean
strict_balanced,TX,Tmax,48417,Shackelford,2010-2019,77.563,6,2012,2017,1.893,mean
strict_balanced,TX,Tmax,48417,Shackelford,2020-2025,79.185,6,2020,2025,1.978,mean
strict_balanced,TX,Tmax,48423,Smith,1980-1989,76.194,6,1982,1987,1.0,mean
strict_balanced,TX,Tmax,48423,Smith,1990-1999,76.869,6,1992,1997,1.0,mean
strict_balanced,TX,Tmax,48423,Smith,2000-2009,76.966,6,2002,2007,2.687,mean
strict_balanced,TX,Tmax,48423,Smith,2010-2019,77.839,6,2012,2017,1.999,mean
strict_balanced,TX,Tmax,48423,Smith,2020-2025,78.047,6,2020,2025,1.999,mean
strict_balanced,TX,Tmax,48425,Somervell,1980-1989,79.381,6,1982,1987,1.0,mean
strict_balanced,TX,Tmax,48425,Somervell,1990-1999,78.033,6,1992,1997,1.0,mean
strict_balanced,TX,Tmax,48425,Somervell,2000-2009,77.794,6,2002,2007,1.0,mean
strict_balanced,TX,Tmax,48425,Somervell,2010-2019,78.848,6,2011,2017,1.0,mean
strict_balanced,TX,Tmax,48425,Somervell,2020-2025,78.281,6,2020,2025,1.0,mean
strict_balanced,TX,Tmax,48427,Starr,1980-1989,85.192,6,1982,1987,1.918,mean
strict_balanced,TX,Tmax,48427,Starr,1990-1999,86.611,6,1992,1997,1.968,mean
strict_balanced,TX,Tmax,48427,Starr,2000-2009,86.475,6,2002,2007,3.24,mean
strict_balanced,TX,Tmax,48427,Starr,2010-2019,88.731,6,2012,2017,2.731,mean
strict_balanced,TX,Tmax,48427,Starr,2020-2025,89.478,6,2020,2025,1.955,mean
strict_balanced,TX,Tmax,48429,Stephens,1980-1989,76.207,6,1981,1989,1.0,mean
strict_balanced,TX,Tmax,48429,Stephens,1990-1999,77.695,6,1994,1999,1.0,mean
strict_balanced,TX,Tmax,48429,Stephens,2000-2009,77.312,6,2002,2007,1.0,mean
strict_balanced,TX,Tmax,48429,Stephens,2010-2019,77.358,6,2012,2017,1.0,mean
strict_balanced,TX,Tmax,48429,Stephens,2020-2025,79.275,6,2020,2025,1.34,mean
strict_balanced,TX,Tmax,48433,Stonewall,1980-1989,76.787,6,1982,1987,1.0,mean
strict_balanced,TX,Tmax,48433,Stonewall,1990-1999,75.761,6,1992,1997,1.0,mean
strict_balanced,TX,Tmax,48433,Stonewall,2000-2009,75.993,6,2002,2007,1.0,mean
strict_balanced,TX,Tmax,48433,Stonewall,2010-2019,78.523,6,2012,2017,1.0,mean
strict_balanced,TX,Tmax,48433,Stonewall,2020-2025,79.16,6,2020,2025,1.0,mean
strict_balanced,TX,Tmax,48437,Swisher,1980-1989,70.536,6,1982,1987,1.0,mean
strict_balanced,TX,Tmax,48437,Swisher,1990-1999,71.852,6,1992,1997,1.0,mean
strict_balanced,TX,Tmax,48437,Swisher,2000-2009,72.226,6,2002,2007,1.811,mean
strict_balanced,TX,Tmax,48437,Swisher,2010-2019,72.898,6,2012,2017,1.998,mean
strict_balanced,TX,Tmax,48437,Swisher,2020-2025,74.516,6,2020,2025,1.999,mean
strict_balanced,TX,Tmax,48439,Tarrant,1980-1989,75.989,6,1982,1987,2.959,mean
strict_balanced,TX,Tmax,48439,Tarrant,1990-1999,76.137,6,1992,1997,5.378,mean
strict_balanced,TX,Tmax,48439,Tarrant,2000-2009,77.195,6,2002,2007,7.399,mean
strict_balanced,TX,Tmax,48439,Tarrant,2010-2019,77.855,6,2012,2017,8.924,mean
strict_balanced,TX,Tmax,48439,Tarrant,2020-2025,78.787,6,2020,2025,7.705,mean
strict_balanced,TX,Tmax,48441,Taylor,1980-1989,75.35,6,1982,1987,1.0,mean
strict_balanced,TX,Tmax,48441,Taylor,1990-1999,75.508,6,1992,1997,1.0,mean
strict_balanced,TX,Tmax,48441,Taylor,2000-2009,76.112,6,2002,2007,2.789,mean
strict_balanced,TX,Tmax,48441,Taylor,2010-2019,77.468,6,2012,2017,2.481,mean
strict_balanced,TX,Tmax,48441,Taylor,2020-2025,79.142,6,2020,2025,2.443,mean
strict_balanced,TX,Tmax,48443,Terrell,1980-1989,78.279,6,1982,1987,1.828,mean
strict_balanced,TX,Tmax,48443,Terrell,1990-1999,78.854,6,1992,1997,1.385,mean
strict_balanced,TX,Tmax,48443,Terrell,2000-2009,78.946,6,2002,2007,1.718,mean
strict_balanced,TX,Tmax,48443,Terrell,2010-2019,82.211,6,2012,2017,1.234,mean
strict_balanced,TX,Tmax,48443,Terrell,2020-2025,83.012,6,2020,2025,1.0,mean
strict_balanced,TX,Tmax,48445,Terry,1980-1989,74.094,6,1982,1987,1.0,mean
strict_balanced,TX,Tmax,48445,Terry,1990-1999,74.21,6,1992,1997,1.0,mean
strict_balanced,TX,Tmax,48445,Terry,2000-2009,74.995,6,2002,2007,1.0,mean
strict_balanced,TX,Tmax,48445,Terry,2010-2019,75.904,6,2012,2017,1.0,mean
strict_balanced,TX,Tmax,48445,Terry,2020-2025,76.8,6,2020,2025,1.0,mean
strict_balanced,TX,Tmax,48449,Titus,1980-1989,76.081,6,1982,1987,1.0,mean
strict_balanced,TX,Tmax,48449,Titus,1990-1999,75.294,6,1992,1997,1.0,mean
strict_balanced,TX,Tmax,48449,Titus,2000-2009,77.709,6,2001,2006,1.0,mean
strict_balanced,TX,Tmax,48449,Titus,2010-2019,77.909,6,2011,2018,1.0,mean
strict_balanced,TX,Tmax,48449,Titus,2020-2025,78.828,6,2020,2025,1.0,mean
strict_balanced,TX,Tmax,48451,Tom Green,1980-1989,76.914,6,1982,1987,2.991,mean
strict_balanced,TX,Tmax,48451,Tom Green,1990-1999,78.113,6,1992,1997,2.965,mean
strict_balanced,TX,Tmax,48451,Tom Green,2000-2009,77.95,6,2002,2007,2.847,mean
strict_balanced,TX,Tmax,48451,Tom Green,2010-2019,79.635,6,2012,2017,2.947,mean
strict_balanced,TX,Tmax,48451,Tom Green,2020-2025,81.012,6,2020,2025,2.946,mean
strict_balanced,TX,Tmax,48453,Travis,1980-1989,78.5,6,1982,1987,1.0,mean
strict_balanced,TX,Tmax,48453,Travis,1990-1999,79.059,6,1992,1997,1.618,mean
strict_balanced,TX,Tmax,48453,Travis,2000-2009,79.626,6,2002,2007,3.624,mean
strict_balanced,TX,Tmax,48453,Travis,2010-2019,80.215,6,2012,2017,5.213,mean
strict_balanced,TX,Tmax,48453,Travis,2020-2025,81.369,6,2020,2025,5.873,mean
strict_balanced,TX,Tmax,48457,Tyler,1980-1989,77.285,6,1982,1987,1.0,mean
strict_balanced,TX,Tmax,48457,Tyler,1990-1999,76.782,6,1992,1997,1.0,mean
strict_balanced,TX,Tmax,48457,Tyler,2000-2009,78.608,6,2002,2007,3.663,mean
strict_balanced,TX,Tmax,48457,Tyler,2010-2019,79.63,6,2012,2017,3.677,mean
strict_balanced,TX,Tmax,48457,Tyler,2020-2025,80.191,6,2020,2025,2.984,mean
strict_balanced,TX,Tmax,48459,Upshur,1980-1989,75.483,6,1982,1987,1.0,mean
strict_balanced,TX,Tmax,48459,Upshur,1990-1999,75.025,6,1992,1997,1.0,mean
strict_balanced,TX,Tmax,48459,Upshur,2000-2009,76.993,6,2002,2007,1.904,mean
strict_balanced,TX,Tmax,48459,Upshur,2010-2019,76.74,6,2012,2017,1.928,mean
strict_balanced,TX,Tmax,48459,Upshur,2020-2025,77.29,6,2020,2025,1.956,mean
strict_balanced,TX,Tmax,48465,Val Verde,1980-1989,80.151,6,1982,1987,5.277,mean
strict_balanced,TX,Tmax,48465,Val Verde,1990-1999,80.88,6,1992,1997,7.102,mean
strict_balanced,TX,Tmax,48465,Val Verde,2000-2009,81.159,6,2002,2007,6.125,mean
strict_balanced,TX,Tmax,48465,Val Verde,2010-2019,82.208,6,2012,2017,4.11,mean
strict_balanced,TX,Tmax,48465,Val Verde,2020-2025,84.871,6,2020,2025,3.315,mean
strict_balanced,TX,Tmax,48469,Victoria,1980-1989,79.995,6,1982,1987,1.0,mean
strict_balanced,TX,Tmax,48469,Victoria,1990-1999,80.275,6,1992,1997,1.0,mean
strict_balanced,TX,Tmax,48469,Victoria,2000-2009,80.829,6,2002,2007,3.735,mean
strict_balanced,TX,Tmax,48469,Victoria,2010-2019,81.608,6,2012,2017,3.804,mean
strict_balanced,TX,Tmax,48469,Victoria,2020-2025,82.81,6,2020,2025,2.852,mean
strict_balanced,TX,Tmax,48471,Walker,1980-1989,77.299,6,1982,1987,1.0,mean
strict_balanced,TX,Tmax,48471,Walker,1990-1999,77.08,6,1992,1997,1.15,mean
strict_balanced,TX,Tmax,48471,Walker,2000-2009,78.602,6,2002,2007,1.998,mean
strict_balanced,TX,Tmax,48471,Walker,2010-2019,78.002,6,2012,2017,1.999,mean
strict_balanced,TX,Tmax,48471,Walker,2020-2025,79.886,6,2020,2025,2.0,mean
strict_balanced,TX,Tmax,48475,Ward,1980-1989,80.493,6,1982,1987,1.826,mean
strict_balanced,TX,Tmax,48475,Ward,1990-1999,81.596,6,1992,1997,1.933,mean
strict_balanced,TX,Tmax,48475,Ward,2000-2009,80.179,6,2002,2007,2.354,mean
strict_balanced,TX,Tmax,48475,Ward,2010-2019,80.446,6,2012,2017,1.274,mean
strict_balanced,TX,Tmax,48475,Ward,2020-2025,81.624,6,2020,2025,1.0,mean
strict_balanced,TX,Tmax,48477,Washington,1980-1989,78.742,6,1982,1987,1.992,mean
strict_balanced,TX,Tmax,48477,Washington,1990-1999,78.889,6,1992,1997,1.939,mean
strict_balanced,TX,Tmax,48477,Washington,2000-2009,79.721,6,2002,2007,1.943,mean
strict_balanced,TX,Tmax,48477,Washington,2010-2019,80.507,6,2012,2017,2.937,mean
strict_balanced,TX,Tmax,48477,Washington,2020-2025,81.1,6,2020,2025,2.083,mean
strict_balanced,TX,Tmax,48479,Webb,1980-1989,84.287,6,1982,1987,1.847,mean
strict_balanced,TX,Tmax,48479,Webb,1990-1999,85.594,6,1992,1997,1.872,mean
strict_balanced,TX,Tmax,48479,Webb,2000-2009,85.481,6,2002,2007,1.626,mean
strict_balanced,TX,Tmax,48479,Webb,2010-2019,85.704,6,2012,2017,3.337,mean
strict_balanced,TX,Tmax,48479,Webb,2020-2025,87.912,6,2020,2025,2.188,mean
strict_balanced,TX,Tmax,48481,Wharton,1980-1989,79.882,6,1982,1987,2.698,mean
strict_balanced,TX,Tmax,48481,Wharton,1990-1999,79.683,6,1992,1997,2.64,mean
strict_balanced,TX,Tmax,48481,Wharton,2000-2009,80.62,6,2002,2007,2.416,mean
strict_balanced,TX,Tmax,48481,Wharton,2010-2019,80.579,6,2012,2017,3.233,mean
strict_balanced,TX,Tmax,48481,Wharton,2020-2025,81.417,6,2020,2025,2.92,mean
strict_balanced,TX,Tmax,48485,Wichita,1980-1989,74.794,6,1982,1987,1.0,mean
strict_balanced,TX,Tmax,48485,Wichita,1990-1999,74.886,6,1992,1997,1.0,mean
strict_balanced,TX,Tmax,48485,Wichita,2000-2009,76.536,6,2002,2007,1.0,mean
strict_balanced,TX,Tmax,48485,Wichita,2010-2019,76.861,6,2012,2017,1.0,mean
strict_balanced,TX,Tmax,48485,Wichita,2020-2025,78.162,6,2020,2025,1.0,mean
strict_balanced,TX,Tmax,48491,Williamson,1980-1989,78.107,6,1982,1987,3.112,mean
strict_balanced,TX,Tmax,48491,Williamson,1990-1999,78.001,6,1992,1997,2.938,mean
strict_balanced,TX,Tmax,48491,Williamson,2000-2009,78.92,6,2002,2007,2.754,mean
strict_balanced,TX,Tmax,48491,Williamson,2010-2019,79.499,6,2012,2017,2.996,mean
strict_balanced,TX,Tmax,48491,Williamson,2020-2025,80.764,6,2020,2025,4.057,mean
strict_balanced,TX,Tmax,48499,Wood,1980-1989,75.253,6,1981,1988,1.0,mean
strict_balanced,TX,Tmax,48499,Wood,1990-1999,74.956,6,1992,1997,1.992,mean
strict_balanced,TX,Tmax,48499,Wood,2000-2009,77.877,6,2002,2007,2.213,mean
strict_balanced,TX,Tmax,48499,Wood,2010-2019,76.406,6,2012,2017,2.576,mean
strict_balanced,TX,Tmax,48499,Wood,2020-2025,76.229,6,2020,2025,1.896,mean
strict_balanced,TX,Tmax,48501,Yoakum,1980-1989,73.821,6,1982,1988,1.135,mean
strict_balanced,TX,Tmax,48501,Yoakum,1990-1999,74.694,6,1992,1997,1.576,mean
strict_balanced,TX,Tmax,48501,Yoakum,2000-2009,75.025,6,2002,2007,1.722,mean
strict_balanced,TX,Tmax,48501,Yoakum,2010-2019,75.487,6,2012,2017,2.0,mean
strict_balanced,TX,Tmax,48501,Yoakum,2020-2025,76.737,6,2020,2025,2.0,mean
strict_balanced,TX,Tmin,48001,Anderson,1980-1989,53.904,6,1981,1988,1.0,mean
strict_balanced,TX,Tmin,48001,Anderson,1990-1999,55.544,6,1992,1997,1.0,mean
strict_balanced,TX,Tmin,48001,Anderson,2000-2009,55.588,6,2002,2007,2.643,mean
strict_balanced,TX,Tmin,48001,Anderson,2010-2019,56.396,6,2012,2017,3.758,mean
strict_balanced,TX,Tmin,48001,Anderson,2020-2025,56.665,6,2020,2025,3.554,mean
strict_balanced,TX,Tmin,48005,Angelina,1980-1989,55.311,6,1982,1987,1.0,mean
strict_balanced,TX,Tmin,48005,Angelina,1990-1999,55.124,6,1992,1997,1.317,mean
strict_balanced,TX,Tmin,48005,Angelina,2000-2009,55.554,6,2002,2007,2.976,mean
strict_balanced,TX,Tmin,48005,Angelina,2010-2019,56.522,6,2012,2017,2.677,mean
strict_balanced,TX,Tmin,48005,Angelina,2020-2025,57.904,6,2020,2025,1.987,mean
strict_balanced,TX,Tmin,48007,Aransas,1980-1989,63.963,6,1982,1987,1.911,mean
strict_balanced,TX,Tmin,48007,Aransas,1990-1999,63.197,6,1992,1997,2.186,mean
strict_balanced,TX,Tmin,48007,Aransas,2000-2009,64.033,6,2002,2007,2.919,mean
strict_balanced,TX,Tmin,48007,Aransas,2010-2019,63.536,6,2012,2017,2.161,mean
strict_balanced,TX,Tmin,48007,Aransas,2020-2025,64.812,6,2020,2025,2.402,mean
strict_balanced,TX,Tmin,48013,Atascosa,1980-1989,57.881,6,1982,1987,1.852,mean
strict_balanced,TX,Tmin,48013,Atascosa,1990-1999,58.071,6,1992,1997,2.841,mean
strict_balanced,TX,Tmin,48013,Atascosa,2000-2009,58.591,6,2002,2007,2.895,mean
strict_balanced,TX,Tmin,48013,Atascosa,2010-2019,58.962,6,2012,2017,2.523,mean
strict_balanced,TX,Tmin,48013,Atascosa,2020-2025,60.287,6,2020,2025,2.571,mean
strict_balanced,TX,Tmin,48017,Bailey,1980-1989,41.08,6,1982,1987,1.955,mean
strict_balanced,TX,Tmin,48017,Bailey,1990-1999,41.529,6,1992,1997,1.967,mean
strict_balanced,TX,Tmin,48017,Bailey,2000-2009,41.73,6,2002,2007,2.558,mean
strict_balanced,TX,Tmin,48017,Bailey,2010-2019,41.644,6,2012,2017,2.997,mean
strict_balanced,TX,Tmin,48017,Bailey,2020-2025,41.71,6,2020,2025,2.996,mean
strict_balanced,TX,Tmin,48021,Bastrop,1980-1989,55.473,6,1982,1987,2.952,mean
strict_balanced,TX,Tmin,48021,Bastrop,1990-1999,55.637,6,1992,1997,2.583,mean
strict_balanced,TX,Tmin,48021,Bastrop,2000-2009,57.155,6,2002,2007,3.725,mean
strict_balanced,TX,Tmin,48021,Bastrop,2010-2019,57.841,6,2012,2017,3.285,mean
strict_balanced,TX,Tmin,48021,Bastrop,2020-2025,59.032,6,2020,2025,1.233,mean
strict_balanced,TX,Tmin,48023,Baylor,1980-1989,49.525,6,1982,1987,1.997,mean
strict_balanced,TX,Tmin,48023,Baylor,1990-1999,50.322,6,1992,1997,1.978,mean
strict_balanced,TX,Tmin,48023,Baylor,2000-2009,51.77,6,2002,2007,2.438,mean
strict_balanced,TX,Tmin,48023,Baylor,2010-2019,53.434,6,2012,2017,1.987,mean
strict_balanced,TX,Tmin,48023,Baylor,2020-2025,53.54,6,2020,2025,1.994,mean
strict_balanced,TX,Tmin,48027,Bell,1980-1989,54.476,6,1982,1987,3.786,mean
strict_balanced,TX,Tmin,48027,Bell,1990-1999,54.237,6,1992,1997,2.98,mean
strict_balanced,TX,Tmin,48027,Bell,2000-2009,56.026,6,2000,2009,2.811,mean
strict_balanced,TX,Tmin,48027,Bell,2010-2019,56.833,6,2012,2017,3.68,mean
strict_balanced,TX,Tmin,48027,Bell,2020-2025,57.601,6,2020,2025,3.143,mean
strict_balanced,TX,Tmin,48029,Bexar,1980-1989,57.872,6,1982,1987,1.0,mean
strict_balanced,TX,Tmin,48029,Bexar,1990-1999,58.206,6,1992,1997,2.036,mean
strict_balanced,TX,Tmin,48029,Bexar,2000-2009,58.715,6,2002,2007,3.927,mean
strict_balanced,TX,Tmin,48029,Bexar,2010-2019,60.323,6,2012,2017,2.529,mean
strict_balanced,TX,Tmin,48029,Bexar,2020-2025,59.747,6,2020,2025,5.513,mean
strict_balanced,TX,Tmin,48037,Bowie,1980-1989,51.91,6,1982,1987,1.654,mean
strict_balanced,TX,Tmin,48037,Bowie,1990-1999,53.142,6,1992,1997,1.95,mean
strict_balanced,TX,Tmin,48037,Bowie,2000-2009,53.163,6,2002,2007,2.292,mean
strict_balanced,TX,Tmin,48037,Bowie,2010-2019,52.745,6,2012,2017,2.809,mean
strict_balanced,TX,Tmin,48037,Bowie,2020-2025,54.344,6,2020,2025,1.982,mean
strict_balanced,TX,Tmin,48039,Brazoria,1980-1989,59.386,6,1982,1987,3.38,mean
strict_balanced,TX,Tmin,48039,Brazoria,1990-1999,61.026,6,1992,1997,3.066,mean
strict_balanced,TX,Tmin,48039,Brazoria,2000-2009,60.976,6,2002,2007,6.406,mean
strict_balanced,TX,Tmin,48039,Brazoria,2010-2019,62.766,6,2012,2017,4.973,mean
strict_balanced,TX,Tmin,48039,Brazoria,2020-2025,63.377,6,2020,2025,4.895,mean
strict_balanced,TX,Tmin,48041,Brazos,1980-1989,57.888,6,1982,1987,1.0,mean
strict_balanced,TX,Tmin,48041,Brazos,1990-1999,58.1,6,1992,1997,1.0,mean
strict_balanced,TX,Tmin,48041,Brazos,2000-2009,59.023,6,2002,2007,1.0,mean
strict_balanced,TX,Tmin,48041,Brazos,2010-2019,59.836,6,2012,2017,1.0,mean
strict_balanced,TX,Tmin,48041,Brazos,2020-2025,61.11,6,2020,2025,1.0,mean
strict_balanced,TX,Tmin,48043,Brewster,1980-1989,51.226,6,1982,1987,8.095,mean
strict_balanced,TX,Tmin,48043,Brewster,1990-1999,52.647,6,1992,1997,9.506,mean
strict_balanced,TX,Tmin,48043,Brewster,2000-2009,53.452,6,2002,2007,11.112,mean
strict_balanced,TX,Tmin,48043,Brewster,2010-2019,53.267,6,2012,2017,14.133,mean
strict_balanced,TX,Tmin,48043,Brewster,2020-2025,54.991,6,2020,2025,11.788,mean
strict_balanced,TX,Tmin,48045,Briscoe,1980-1989,43.386,6,1982,1987,1.0,mean
strict_balanced,TX,Tmin,48045,Briscoe,1990-1999,43.179,6,1992,1997,1.0,mean
strict_balanced,TX,Tmin,48045,Briscoe,2000-2009,43.887,6,2002,2007,1.0,mean
strict_balanced,TX,Tmin,48045,Briscoe,2010-2019,45.146,6,2012,2017,1.0,mean
strict_balanced,TX,Tmin,48045,Briscoe,2020-2025,46.183,6,2020,2025,1.326,mean
strict_balanced,TX,Tmin,48053,Burnet,1980-1989,53.228,6,1982,1987,1.0,mean
strict_balanced,TX,Tmin,48053,Burnet,1990-1999,54.089,6,1991,1998,1.356,mean
strict_balanced,TX,Tmin,48053,Burnet,2000-2009,55.895,6,2002,2007,1.856,mean
strict_balanced,TX,Tmin,48053,Burnet,2010-2019,56.452,6,2012,2017,2.985,mean
strict_balanced,TX,Tmin,48053,Burnet,2020-2025,57.378,6,2020,2025,2.966,mean
strict_balanced,TX,Tmin,48055,Caldwell,1980-1989,56.028,6,1982,1987,1.0,mean
strict_balanced,TX,Tmin,48055,Caldwell,1990-1999,56.25,6,1992,1997,1.0,mean
strict_balanced,TX,Tmin,48055,Caldwell,2000-2009,56.377,6,2002,2007,1.0,mean
strict_balanced,TX,Tmin,48055,Caldwell,2010-2019,56.778,6,2012,2017,1.051,mean
strict_balanced,TX,Tmin,48055,Caldwell,2020-2025,59.081,6,2020,2025,1.962,mean
strict_balanced,TX,Tmin,48057,Calhoun,1980-1989,62.644,6,1982,1987,2.546,mean
strict_balanced,TX,Tmin,48057,Calhoun,1990-1999,63.935,6,1992,1997,1.466,mean
strict_balanced,TX,Tmin,48057,Calhoun,2000-2009,63.151,6,2002,2007,3.531,mean
strict_balanced,TX,Tmin,48057,Calhoun,2010-2019,63.808,6,2012,2017,3.52,mean
strict_balanced,TX,Tmin,48057,Calhoun,2020-2025,64.242,6,2020,2025,2.708,mean
strict_balanced,TX,Tmin,48059,Callahan,1980-1989,53.297,6,1982,1987,1.0,mean
strict_balanced,TX,Tmin,48059,Callahan,1990-1999,53.376,6,1992,1997,1.0,mean
strict_balanced,TX,Tmin,48059,Callahan,2000-2009,52.273,6,2002,2007,1.925,mean
strict_balanced,TX,Tmin,48059,Callahan,2010-2019,53.044,6,2012,2017,1.992,mean
strict_balanced,TX,Tmin,48059,Callahan,2020-2025,53.379,6,2020,2025,1.854,mean
strict_balanced,TX,Tmin,48061,Cameron,1980-1989,64.604,6,1982,1987,2.797,mean
strict_balanced,TX,Tmin,48061,Cameron,1990-1999,65.814,6,1992,1997,3.978,mean
strict_balanced,TX,Tmin,48061,Cameron,2000-2009,66.378,6,2002,2007,6.79,mean
strict_balanced,TX,Tmin,48061,Cameron,2010-2019,66.626,6,2012,2017,6.255,mean
strict_balanced,TX,Tmin,48061,Cameron,2020-2025,67.145,6,2020,2025,6.555,mean
strict_balanced,TX,Tmin,48069,Castro,1980-1989,41.221,6,1980,1989,1.543,mean
strict_balanced,TX,Tmin,48069,Castro,1990-1999,41.189,6,1992,1997,1.983,mean
strict_balanced,TX,Tmin,48069,Castro,2000-2009,41.884,6,2002,2007,1.996,mean
strict_balanced,TX,Tmin,48069,Castro,2010-2019,41.675,6,2012,2017,2.0,mean
strict_balanced,TX,Tmin,48069,Castro,2020-2025,43.379,6,2020,2025,2.0,mean
strict_balanced,TX,Tmin,48071,Chambers,1980-1989,59.335,6,1982,1987,1.0,mean
strict_balanced,TX,Tmin,48071,Chambers,1990-1999,59.702,6,1990,1998,1.095,mean
strict_balanced,TX,Tmin,48071,Chambers,2000-2009,59.498,6,2001,2007,1.54,mean
strict_balanced,TX,Tmin,48071,Chambers,2010-2019,60.711,6,2012,2017,1.883,mean
strict_balanced,TX,Tmin,48071,Chambers,2020-2025,62.201,6,2020,2025,1.0,mean
strict_balanced,TX,Tmin,48073,Cherokee,1980-1989,54.311,6,1982,1987,1.878,mean
strict_balanced,TX,Tmin,48073,Cherokee,1990-1999,55.066,6,1992,1997,1.865,mean
strict_balanced,TX,Tmin,48073,Cherokee,2000-2009,56.156,6,2002,2007,1.758,mean
strict_balanced,TX,Tmin,48073,Cherokee,2010-2019,55.627,6,2012,2017,1.852,mean
strict_balanced,TX,Tmin,48073,Cherokee,2020-2025,55.731,6,2020,2025,1.89,mean
strict_balanced,TX,Tmin,48075,Childress,1980-1989,47.747,6,1982,1987,1.0,mean
strict_balanced,TX,Tmin,48075,Childress,1990-1999,48.995,6,1992,1997,1.028,mean
strict_balanced,TX,Tmin,48075,Childress,2000-2009,49.753,6,2002,2007,1.999,mean
strict_balanced,TX,Tmin,48075,Childress,2010-2019,49.887,6,2012,2017,1.999,mean
strict_balanced,TX,Tmin,48075,Childress,2020-2025,50.801,6,2020,2025,2.0,mean
strict_balanced,TX,Tmin,48079,Cochran,1980-1989,42.381,6,1982,1987,1.0,mean
strict_balanced,TX,Tmin,48079,Cochran,1990-1999,44.362,6,1992,1997,1.0,mean
strict_balanced,TX,Tmin,48079,Cochran,2000-2009,45.31,6,2002,2007,1.0,mean
strict_balanced,TX,Tmin,48079,Cochran,2010-2019,44.508,6,2012,2017,1.0,mean
strict_balanced,TX,Tmin,48079,Cochran,2020-2025,45.13,6,2020,2025,1.0,mean
strict_balanced,TX,Tmin,48081,Coke,1980-1989,51.04,6,1982,1987,1.0,mean
strict_balanced,TX,Tmin,48081,Coke,1990-1999,51.338,6,1992,1997,1.0,mean
strict_balanced,TX,Tmin,48081,Coke,2000-2009,50.828,6,2002,2008,1.32,mean
strict_balanced,TX,Tmin,48081,Coke,2010-2019,51.076,6,2012,2017,1.617,mean
strict_balanced,TX,Tmin,48081,Coke,2020-2025,50.844,6,2020,2025,1.053,mean
strict_balanced,TX,Tmin,48083,Coleman,1980-1989,51.504,6,1982,1987,1.965,mean
strict_balanced,TX,Tmin,48083,Coleman,1990-1999,50.315,6,1992,1997,1.987,mean
strict_balanced,TX,Tmin,48083,Coleman,2000-2009,52.896,6,2002,2007,2.756,mean
strict_balanced,TX,Tmin,48083,Coleman,2010-2019,53.943,6,2012,2017,2.365,mean
strict_balanced,TX,Tmin,48083,Coleman,2020-2025,54.413,6,2020,2025,2.816,mean
strict_balanced,TX,Tmin,48085,Collin,1980-1989,53.43,6,1982,1987,1.958,mean
strict_balanced,TX,Tmin,48085,Collin,1990-1999,52.872,6,1992,1997,1.901,mean
strict_balanced,TX,Tmin,48085,Collin,2000-2009,53.405,6,2002,2007,2.785,mean
strict_balanced,TX,Tmin,48085,Collin,2010-2019,55.22,6,2012,2017,2.683,mean
strict_balanced,TX,Tmin,48085,Collin,2020-2025,56.154,6,2020,2025,2.328,mean
strict_balanced,TX,Tmin,48089,Colorado,1980-1989,55.97,6,1982,1987,1.0,mean
strict_balanced,TX,Tmin,48089,Colorado,1990-1999,53.048,6,1992,1997,1.0,mean
strict_balanced,TX,Tmin,48089,Colorado,2000-2009,56.244,6,2002,2007,1.932,mean
strict_balanced,TX,Tmin,48089,Colorado,2010-2019,59.374,6,2012,2017,2.701,mean
strict_balanced,TX,Tmin,48089,Colorado,2020-2025,60.617,6,2020,2025,2.246,mean
strict_balanced,TX,Tmin,48095,Concho,1980-1989,51.944,6,1982,1987,1.625,mean
strict_balanced,TX,Tmin,48095,Concho,1990-1999,52.143,6,1992,1997,1.0,mean
strict_balanced,TX,Tmin,48095,Concho,2000-2009,52.257,6,2002,2007,2.277,mean
strict_balanced,TX,Tmin,48095,Concho,2010-2019,51.925,6,2012,2017,2.312,mean
strict_balanced,TX,Tmin,48095,Concho,2020-2025,52.413,6,2020,2025,2.101,mean
strict_balanced,TX,Tmin,48097,Cooke,1980-1989,51.052,6,1981,1988,1.0,mean
strict_balanced,TX,Tmin,48097,Cooke,1990-1999,51.901,6,1992,1997,1.0,mean
strict_balanced,TX,Tmin,48097,Cooke,2000-2009,52.986,6,2002,2007,1.0,mean
strict_balanced,TX,Tmin,48097,Cooke,2010-2019,52.941,6,2012,2017,1.968,mean
strict_balanced,TX,Tmin,48097,Cooke,2020-2025,53.465,6,2020,2025,1.738,mean
strict_balanced,TX,Tmin,48099,Coryell,1980-1989,53.156,6,1982,1987,1.958,mean
strict_balanced,TX,Tmin,48099,Coryell,1990-1999,53.212,6,1992,1997,1.934,mean
strict_balanced,TX,Tmin,48099,Coryell,2000-2009,53.381,6,2001,2006,1.952,mean
strict_balanced,TX,Tmin,48099,Coryell,2010-2019,55.949,6,2011,2017,1.55,mean
strict_balanced,TX,Tmin,48099,Coryell,2020-2025,56.69,6,2020,2025,1.207,mean
strict_balanced,TX,Tmin,48101,Cottle,1980-1989,47.962,6,1982,1987,1.0,mean
strict_balanced,TX,Tmin,48101,Cottle,1990-1999,48.194,6,1992,1997,1.0,mean
strict_balanced,TX,Tmin,48101,Cottle,2000-2009,49.927,6,2002,2007,1.469,mean
strict_balanced,TX,Tmin,48101,Cottle,2010-2019,49.814,6,2012,2017,1.994,mean
strict_balanced,TX,Tmin,48101,Cottle,2020-2025,50.242,6,2020,2025,1.63,mean
strict_balanced,TX,Tmin,48105,Crockett,1980-1989,49.731,6,1982,1988,1.0,mean
strict_balanced,TX,Tmin,48105,Crockett,1990-1999,50.465,6,1991,1997,1.72,mean
strict_balanced,TX,Tmin,48105,Crockett,2000-2009,51.358,6,2002,2007,3.041,mean
strict_balanced,TX,Tmin,48105,Crockett,2010-2019,51.763,6,2012,2017,3.042,mean
strict_balanced,TX,Tmin,48105,Crockett,2020-2025,53.566,6,2020,2025,1.148,mean
strict_balanced,TX,Tmin,48107,Crosby,1980-1989,45.316,6,1982,1987,1.0,mean
strict_balanced,TX,Tmin,48107,Crosby,1990-1999,45.656,6,1992,1997,1.042,mean
strict_balanced,TX,Tmin,48107,Crosby,2000-2009,48.454,6,2002,2007,1.992,mean
strict_balanced,TX,Tmin,48107,Crosby,2010-2019,47.996,6,2012,2017,2.0,mean
strict_balanced,TX,Tmin,48107,Crosby,2020-2025,48.894,6,2020,2025,2.0,mean
strict_balanced,TX,Tmin,48113,Dallas,1980-1989,55.813,6,1982,1987,3.0,mean
strict_balanced,TX,Tmin,48113,Dallas,1990-1999,55.131,6,1992,1997,3.802,mean
strict_balanced,TX,Tmin,48113,Dallas,2000-2009,56.15,6,2002,2007,3.565,mean
strict_balanced,TX,Tmin,48113,Dallas,2010-2019,57.674,6,2012,2017,3.699,mean
strict_balanced,TX,Tmin,48113,Dallas,2020-2025,57.87,6,2020,2025,5.057,mean
strict_balanced,TX,Tmin,48121,Denton,1980-1989,52.235,6,1982,1987,2.493,mean
strict_balanced,TX,Tmin,48121,Denton,1990-1999,52.821,6,1992,1997,3.215,mean
strict_balanced,TX,Tmin,48121,Denton,2000-2009,54.715,6,2002,2007,4.219,mean
strict_balanced,TX,Tmin,48121,Denton,2010-2019,54.724,6,2012,2017,3.989,mean
strict_balanced,TX,Tmin,48121,Denton,2020-2025,55.798,6,2020,2025,3.987,mean
strict_balanced,TX,Tmin,48123,DeWitt,1980-1989,57.53,6,1982,1987,1.928,mean
strict_balanced,TX,Tmin,48123,DeWitt,1990-1999,57.87,6,1992,1997,1.941,mean
strict_balanced,TX,Tmin,48123,DeWitt,2000-2009,57.106,6,2001,2008,1.79,mean
strict_balanced,TX,Tmin,48123,DeWitt,2010-2019,58.992,6,2012,2017,1.991,mean
strict_balanced,TX,Tmin,48123,DeWitt,2020-2025,60.525,6,2020,2025,1.626,mean
strict_balanced,TX,Tmin,48125,Dickens,1980-1989,47.871,6,1980,1988,1.0,mean
strict_balanced,TX,Tmin,48125,Dickens,1990-1999,46.884,6,1991,1998,1.0,mean
strict_balanced,TX,Tmin,48125,Dickens,2000-2009,47.482,6,2002,2007,1.0,mean
strict_balanced,TX,Tmin,48125,Dickens,2010-2019,47.716,6,2012,2017,1.0,mean
strict_balanced,TX,Tmin,48125,Dickens,2020-2025,48.904,6,2020,2025,1.0,mean
strict_balanced,TX,Tmin,48131,Duval,1980-1989,60.131,6,1982,1987,1.635,mean
strict_balanced,TX,Tmin,48131,Duval,1990-1999,60.563,6,1991,1998,2.12,mean
strict_balanced,TX,Tmin,48131,Duval,2000-2009,60.265,6,2001,2007,1.872,mean
strict_balanced,TX,Tmin,48131,Duval,2010-2019,61.318,6,2012,2017,1.892,mean
strict_balanced,TX,Tmin,48131,Duval,2020-2025,62.101,6,2020,2025,1.386,mean
strict_balanced,TX,Tmin,48135,Ector,1980-1989,50.346,6,1982,1987,1.0,mean
strict_balanced,TX,Tmin,48135,Ector,1990-1999,49.884,6,1992,1997,1.0,mean
strict_balanced,TX,Tmin,48135,Ector,2000-2009,52.232,6,2002,2007,3.401,mean
strict_balanced,TX,Tmin,48135,Ector,2010-2019,52.58,6,2012,2017,3.105,mean
strict_balanced,TX,Tmin,48135,Ector,2020-2025,53.663,6,2020,2025,2.32,mean
strict_balanced,TX,Tmin,48139,Ellis,1980-1989,53.844,6,1982,1987,2.906,mean
strict_balanced,TX,Tmin,48139,Ellis,1990-1999,53.86,6,1992,1997,2.906,mean
strict_balanced,TX,Tmin,48139,Ellis,2000-2009,54.21,6,2002,2007,2.655,mean
strict_balanced,TX,Tmin,48139,Ellis,2010-2019,55.4,6,2012,2017,3.038,mean
strict_balanced,TX,Tmin,48139,Ellis,2020-2025,56.002,6,2020,2025,1.967,mean
strict_balanced,TX,Tmin,48141,El Paso,1980-1989,47.348,6,1982,1987,3.871,mean
strict_balanced,TX,Tmin,48141,El Paso,1990-1999,49.791,6,1992,1997,3.86,mean
strict_balanced,TX,Tmin,48141,El Paso,2000-2009,50.88,6,2002,2007,4.317,mean
strict_balanced,TX,Tmin,48141,El Paso,2010-2019,50.878,6,2012,2017,1.765,mean
strict_balanced,TX,Tmin,48141,El Paso,2020-2025,51.4,6,2020,2025,2.164,mean
strict_balanced,TX,Tmin,48143,Erath,1980-1989,52.203,6,1982,1987,1.981,mean
strict_balanced,TX,Tmin,48143,Erath,1990-1999,51.67,6,1992,1997,1.955,mean
strict_balanced,TX,Tmin,48143,Erath,2000-2009,52.145,6,2002,2007,1.828,mean
strict_balanced,TX,Tmin,48143,Erath,2010-2019,54.758,6,2012,2017,1.0,mean
strict_balanced,TX,Tmin,48143,Erath,2020-2025,55.196,6,2020,2025,1.0,mean
strict_balanced,TX,Tmin,48147,Fannin,1980-1989,51.661,6,1982,1987,1.0,mean
strict_balanced,TX,Tmin,48147,Fannin,1990-1999,50.959,6,1992,1997,1.0,mean
strict_balanced,TX,Tmin,48147,Fannin,2000-2009,52.727,6,2002,2007,1.886,mean
strict_balanced,TX,Tmin,48147,Fannin,2010-2019,53.387,6,2012,2017,1.975,mean
strict_balanced,TX,Tmin,48147,Fannin,2020-2025,54.338,6,2020,2025,1.957,mean
strict_balanced,TX,Tmin,48149,Fayette,1980-1989,58.6,6,1982,1987,1.918,mean
strict_balanced,TX,Tmin,48149,Fayette,1990-1999,58.652,6,1992,1997,1.951,mean
strict_balanced,TX,Tmin,48149,Fayette,2000-2009,58.981,6,2002,2007,2.956,mean
strict_balanced,TX,Tmin,48149,Fayette,2010-2019,59.979,6,2012,2017,3.34,mean
strict_balanced,TX,Tmin,48149,Fayette,2020-2025,60.478,6,2020,2025,1.833,mean
strict_balanced,TX,Tmin,48153,Floyd,1980-1989,44.486,6,1982,1987,1.0,mean
strict_balanced,TX,Tmin,48153,Floyd,1990-1999,45.042,6,1992,1997,1.0,mean
strict_balanced,TX,Tmin,48153,Floyd,2000-2009,46.403,6,2002,2007,1.0,mean
strict_balanced,TX,Tmin,48153,Floyd,2010-2019,46.468,6,2012,2017,1.0,mean
strict_balanced,TX,Tmin,48153,Floyd,2020-2025,47.074,6,2020,2025,1.0,mean
strict_balanced,TX,Tmin,48157,Fort Bend,1980-1989,58.851,6,1982,1987,1.952,mean
strict_balanced,TX,Tmin,48157,Fort Bend,1990-1999,59.436,6,1992,1997,1.84,mean
strict_balanced,TX,Tmin,48157,Fort Bend,2000-2009,60.35,6,2002,2007,2.629,mean
strict_balanced,TX,Tmin,48157,Fort Bend,2010-2019,60.803,6,2012,2017,2.075,mean
strict_balanced,TX,Tmin,48157,Fort Bend,2020-2025,62.538,6,2020,2025,1.568,mean
strict_balanced,TX,Tmin,48165,Gaines,1980-1989,46.158,6,1982,1987,1.0,mean
strict_balanced,TX,Tmin,48165,Gaines,1990-1999,46.643,6,1992,1997,1.0,mean
strict_balanced,TX,Tmin,48165,Gaines,2000-2009,47.583,6,2001,2007,1.071,mean
strict_balanced,TX,Tmin,48165,Gaines,2010-2019,48.275,6,2012,2017,1.845,mean
strict_balanced,TX,Tmin,48165,Gaines,2020-2025,49.825,6,2020,2025,1.567,mean
strict_balanced,TX,Tmin,48167,Galveston,1980-1989,65.213,6,1982,1987,1.0,mean
strict_balanced,TX,Tmin,48167,Galveston,1990-1999,62.607,6,1992,1997,2.35,mean
strict_balanced,TX,Tmin,48167,Galveston,2000-2009,63.97,6,2002,2007,3.161,mean
strict_balanced,TX,Tmin,48167,Galveston,2010-2019,64.392,6,2012,2017,2.0,mean
strict_balanced,TX,Tmin,48167,Galveston,2020-2025,65.725,6,2020,2025,1.939,mean
strict_balanced,TX,Tmin,48169,Garza,1980-1989,47.655,6,1982,1987,1.0,mean
strict_balanced,TX,Tmin,48169,Garza,1990-1999,49.538,6,1993,1998,1.74,mean
strict_balanced,TX,Tmin,48169,Garza,2000-2009,50.698,6,2002,2007,1.977,mean
strict_balanced,TX,Tmin,48169,Garza,2010-2019,50.694,6,2012,2017,2.0,mean
strict_balanced,TX,Tmin,48169,Garza,2020-2025,51.88,6,2020,2025,2.0,mean
strict_balanced,TX,Tmin,48171,Gillespie,1980-1989,53.594,6,1982,1987,1.0,mean
strict_balanced,TX,Tmin,48171,Gillespie,1990-1999,54.658,6,1992,1997,1.0,mean
strict_balanced,TX,Tmin,48171,Gillespie,2000-2009,54.775,6,2002,2007,1.964,mean
strict_balanced,TX,Tmin,48171,Gillespie,2010-2019,54.599,6,2012,2017,3.948,mean
strict_balanced,TX,Tmin,48171,Gillespie,2020-2025,55.584,6,2020,2025,3.823,mean
strict_balanced,TX,Tmin,48175,Goliad,1980-1989,58.975,6,1980,1985,1.0,mean
strict_balanced,TX,Tmin,48175,Goliad,1990-1999,60.21,6,1992,1997,1.0,mean
strict_balanced,TX,Tmin,48175,Goliad,2000-2009,59.947,6,2002,2007,1.728,mean
strict_balanced,TX,Tmin,48175,Goliad,2010-2019,59.818,6,2012,2017,1.289,mean
strict_balanced,TX,Tmin,48175,Goliad,2020-2025,61.43,6,2020,2025,1.0,mean
strict_balanced,TX,Tmin,48177,Gonzales,1980-1989,57.458,6,1982,1987,1.936,mean
strict_balanced,TX,Tmin,48177,Gonzales,1990-1999,57.684,6,1992,1997,1.921,mean
strict_balanced,TX,Tmin,48177,Gonzales,2000-2009,57.686,6,2002,2007,2.48,mean
strict_balanced,TX,Tmin,48177,Gonzales,2010-2019,58.079,6,2012,2017,2.959,mean
strict_balanced,TX,Tmin,48177,Gonzales,2020-2025,60.004,6,2020,2025,3.168,mean
strict_balanced,TX,Tmin,48179,Gray,1980-1989,45.034,6,1982,1987,1.968,mean
strict_balanced,TX,Tmin,48179,Gray,1990-1999,44.574,6,1992,1997,1.95,mean
strict_balanced,TX,Tmin,48179,Gray,2000-2009,45.658,6,2002,2007,1.828,mean
strict_balanced,TX,Tmin,48179,Gray,2010-2019,44.626,6,2012,2017,1.0,mean
strict_balanced,TX,Tmin,48179,Gray,2020-2025,45.512,6,2020,2025,1.0,mean
strict_balanced,TX,Tmin,48181,Grayson,1980-1989,52.491,6,1982,1987,1.976,mean
strict_balanced,TX,Tmin,48181,Grayson,1990-1999,52.326,6,1992,1997,1.912,mean
strict_balanced,TX,Tmin,48181,Grayson,2000-2009,53.494,6,2002,2007,1.0,mean
strict_balanced,TX,Tmin,48181,Grayson,2010-2019,54.334,6,2012,2017,1.976,mean
strict_balanced,TX,Tmin,48181,Grayson,2020-2025,54.914,6,2020,2025,1.944,mean
strict_balanced,TX,Tmin,48189,Hale,1980-1989,46.497,6,1982,1987,1.0,mean
strict_balanced,TX,Tmin,48189,Hale,1990-1999,45.485,6,1992,1997,1.0,mean
strict_balanced,TX,Tmin,48189,Hale,2000-2009,45.445,6,2002,2007,2.792,mean
strict_balanced,TX,Tmin,48189,Hale,2010-2019,45.535,6,2012,2017,3.0,mean
strict_balanced,TX,Tmin,48189,Hale,2020-2025,46.037,6,2020,2025,3.0,mean
strict_balanced,TX,Tmin,48191,Hall,1980-1989,48.252,6,1982,1987,1.724,mean
strict_balanced,TX,Tmin,48191,Hall,1990-1999,47.054,6,1992,1997,1.928,mean
strict_balanced,TX,Tmin,48191,Hall,2000-2009,47.463,6,2002,2007,1.977,mean
strict_balanced,TX,Tmin,48191,Hall,2010-2019,48.289,6,2012,2017,2.0,mean
strict_balanced,TX,Tmin,48191,Hall,2020-2025,48.607,6,2020,2025,2.0,mean
strict_balanced,TX,Tmin,48195,Hansford,1980-1989,43.572,6,1982,1987,1.866,mean
strict_balanced,TX,Tmin,48195,Hansford,1990-1999,42.678,6,1992,1997,1.935,mean
strict_balanced,TX,Tmin,48195,Hansford,2000-2009,42.691,6,2000,2008,1.446,mean
strict_balanced,TX,Tmin,48195,Hansford,2010-2019,42.075,6,2012,2017,1.0,mean
strict_balanced,TX,Tmin,48195,Hansford,2020-2025,43.01,6,2020,2025,1.0,mean
strict_balanced,TX,Tmin,48201,Harris,1980-1989,59.612,6,1982,1987,3.988,mean
strict_balanced,TX,Tmin,48201,Harris,1990-1999,60.086,6,1992,1997,3.758,mean
strict_balanced,TX,Tmin,48201,Harris,2000-2009,61.008,6,2002,2007,3.901,mean
strict_balanced,TX,Tmin,48201,Harris,2010-2019,61.265,6,2012,2017,3.2,mean
strict_balanced,TX,Tmin,48201,Harris,2020-2025,62.55,6,2020,2025,3.151,mean
strict_balanced,TX,Tmin,48203,Harrison,1980-1989,51.767,6,1980,1988,1.096,mean
strict_balanced,TX,Tmin,48203,Harrison,1990-1999,53.55,6,1992,1997,1.0,mean
strict_balanced,TX,Tmin,48203,Harrison,2000-2009,53.988,6,2002,2007,2.889,mean
strict_balanced,TX,Tmin,48203,Harrison,2010-2019,53.857,6,2012,2017,2.884,mean
strict_balanced,TX,Tmin,48203,Harrison,2020-2025,53.76,6,2020,2025,3.588,mean
strict_balanced,TX,Tmin,48205,Hartley,1980-1989,41.713,6,1981,1986,1.35,mean
strict_balanced,TX,Tmin,48205,Hartley,1990-1999,39.853,6,1992,1997,2.628,mean
strict_balanced,TX,Tmin,48205,Hartley,2000-2009,40.974,6,2002,2007,2.77,mean
strict_balanced,TX,Tmin,48205,Hartley,2010-2019,42.146,6,2012,2017,1.982,mean
strict_balanced,TX,Tmin,48205,Hartley,2020-2025,41.746,6,2020,2025,1.686,mean
strict_balanced,TX,Tmin,48209,Hays,1980-1989,55.466,6,1981,1988,1.593,mean
strict_balanced,TX,Tmin,48209,Hays,1990-1999,56.571,6,1992,1997,1.955,mean
strict_balanced,TX,Tmin,48209,Hays,2000-2009,57.193,6,2002,2007,1.966,mean
strict_balanced,TX,Tmin,48209,Hays,2010-2019,57.717,6,2012,2017,1.989,mean
strict_balanced,TX,Tmin,48209,Hays,2020-2025,58.233,6,2020,2025,1.959,mean
strict_balanced,TX,Tmin,48213,Henderson,1980-1989,52.986,6,1982,1987,1.0,mean
strict_balanced,TX,Tmin,48213,Henderson,1990-1999,54.56,6,1990,1998,1.0,mean
strict_balanced,TX,Tmin,48213,Henderson,2000-2009,55.547,6,2002,2007,1.851,mean
strict_balanced,TX,Tmin,48213,Henderson,2010-2019,56.282,6,2012,2017,1.994,mean
strict_balanced,TX,Tmin,48213,Henderson,2020-2025,56.456,6,2020,2025,1.845,mean
strict_balanced,TX,Tmin,48215,Hidalgo,1980-1989,63.531,6,1982,1987,4.865,mean
strict_balanced,TX,Tmin,48215,Hidalgo,1990-1999,63.557,6,1992,1997,5.499,mean
strict_balanced,TX,Tmin,48215,Hidalgo,2000-2009,64.053,6,2002,2007,9.579,mean
strict_balanced,TX,Tmin,48215,Hidalgo,2010-2019,64.508,6,2012,2017,9.498,mean
strict_balanced,TX,Tmin,48215,Hidalgo,2020-2025,65.096,6,2020,2025,8.681,mean
strict_balanced,TX,Tmin,48217,Hill,1980-1989,55.151,6,1982,1987,1.0,mean
strict_balanced,TX,Tmin,48217,Hill,1990-1999,55.309,6,1992,1997,1.0,mean
strict_balanced,TX,Tmin,48217,Hill,2000-2009,55.472,6,2001,2008,1.0,mean
strict_balanced,TX,Tmin,48217,Hill,2010-2019,55.878,6,2012,2017,1.982,mean
strict_balanced,TX,Tmin,48217,Hill,2020-2025,56.599,6,2020,2025,1.959,mean
strict_balanced,TX,Tmin,48219,Hockley,1980-1989,43.232,6,1982,1987,1.0,mean
strict_balanced,TX,Tmin,48219,Hockley,1990-1999,43.882,6,1992,1997,1.0,mean
strict_balanced,TX,Tmin,48219,Hockley,2000-2009,46.427,6,2002,2007,1.0,mean
strict_balanced,TX,Tmin,48219,Hockley,2010-2019,45.667,6,2012,2017,1.0,mean
strict_balanced,TX,Tmin,48219,Hockley,2020-2025,45.756,6,2020,2025,1.0,mean
strict_balanced,TX,Tmin,48223,Hopkins,1980-1989,51.539,6,1982,1987,1.0,mean
strict_balanced,TX,Tmin,48223,Hopkins,1990-1999,51.738,6,1992,1997,1.0,mean
strict_balanced,TX,Tmin,48223,Hopkins,2000-2009,52.063,6,2002,2007,1.0,mean
strict_balanced,TX,Tmin,48223,Hopkins,2010-2019,54.413,6,2012,2017,1.96,mean
strict_balanced,TX,Tmin,48223,Hopkins,2020-2025,55.165,6,2020,2025,2.898,mean
strict_balanced,TX,Tmin,48225,Houston,1980-1989,54.139,6,1981,1986,1.934,mean
strict_balanced,TX,Tmin,48225,Houston,1990-1999,54.899,6,1991,1996,1.0,mean
strict_balanced,TX,Tmin,48225,Houston,2000-2009,56.679,6,2002,2007,1.722,mean
strict_balanced,TX,Tmin,48225,Houston,2010-2019,57.289,6,2012,2017,1.921,mean
strict_balanced,TX,Tmin,48225,Houston,2020-2025,57.686,6,2020,2025,1.991,mean
strict_balanced,TX,Tmin,48229,Hudspeth,1980-1989,44.771,6,1982,1987,5.179,mean
strict_balanced,TX,Tmin,48229,Hudspeth,1990-1999,45.454,6,1992,1997,5.496,mean
strict_balanced,TX,Tmin,48229,Hudspeth,2000-2009,45.572,6,2002,2007,3.237,mean
strict_balanced,TX,Tmin,48229,Hudspeth,2010-2019,45.628,6,2012,2017,1.896,mean
strict_balanced,TX,Tmin,48229,Hudspeth,2020-2025,48.198,6,2020,2025,1.0,mean
strict_balanced,TX,Tmin,48233,Hutchinson,1980-1989,44.932,6,1982,1987,1.0,mean
strict_balanced,TX,Tmin,48233,Hutchinson,1990-1999,45.026,6,1992,1997,1.832,mean
strict_balanced,TX,Tmin,48233,Hutchinson,2000-2009,46.796,6,2002,2007,3.894,mean
strict_balanced,TX,Tmin,48233,Hutchinson,2010-2019,47.327,6,2012,2017,3.982,mean
strict_balanced,TX,Tmin,48233,Hutchinson,2020-2025,47.456,6,2020,2025,2.979,mean
strict_balanced,TX,Tmin,48241,Jasper,1980-1989,54.498,6,1982,1987,1.0,mean
strict_balanced,TX,Tmin,48241,Jasper,1990-1999,52.12,6,1992,1997,1.0,mean
strict_balanced,TX,Tmin,48241,Jasper,2000-2009,57.113,6,2002,2007,1.0,mean
strict_balanced,TX,Tmin,48241,Jasper,2010-2019,58.607,6,2014,2019,1.0,mean
strict_balanced,TX,Tmin,48241,Jasper,2020-2025,58.886,6,2020,2025,1.0,mean
strict_balanced,TX,Tmin,48243,Jeff Davis,1980-1989,45.019,6,1982,1987,2.87,mean
strict_balanced,TX,Tmin,48243,Jeff Davis,1990-1999,46.365,6,1992,1997,3.91,mean
strict_balanced,TX,Tmin,48243,Jeff Davis,2000-2009,46.297,6,2002,2007,3.743,mean
strict_balanced,TX,Tmin,48243,Jeff Davis,2010-2019,48.307,6,2012,2017,3.871,mean
strict_balanced,TX,Tmin,48243,Jeff Davis,2020-2025,49.581,6,2020,2025,3.248,mean
strict_balanced,TX,Tmin,48245,Jefferson,1980-1989,58.449,6,1982,1987,1.997,mean
strict_balanced,TX,Tmin,48245,Jefferson,1990-1999,58.643,6,1992,1997,1.998,mean
strict_balanced,TX,Tmin,48245,Jefferson,2000-2009,60.273,6,2002,2007,3.682,mean
strict_balanced,TX,Tmin,48245,Jefferson,2010-2019,61.064,6,2012,2017,3.972,mean
strict_balanced,TX,Tmin,48245,Jefferson,2020-2025,61.784,6,2020,2025,3.334,mean
strict_balanced,TX,Tmin,48249,Jim Wells,1980-1989,60.234,6,1982,1987,1.795,mean
strict_balanced,TX,Tmin,48249,Jim Wells,1990-1999,60.887,6,1992,1997,2.152,mean
strict_balanced,TX,Tmin,48249,Jim Wells,2000-2009,61.74,6,2002,2007,2.73,mean
strict_balanced,TX,Tmin,48249,Jim Wells,2010-2019,61.651,6,2012,2017,1.99,mean
strict_balanced,TX,Tmin,48249,Jim Wells,2020-2025,62.278,6,2020,2025,2.135,mean
strict_balanced,TX,Tmin,48251,Johnson,1980-1989,53.716,6,1982,1987,1.264,mean
strict_balanced,TX,Tmin,48251,Johnson,1990-1999,54.192,6,1992,1997,1.975,mean
strict_balanced,TX,Tmin,48251,Johnson,2000-2009,55.115,6,2002,2007,1.83,mean
strict_balanced,TX,Tmin,48251,Johnson,2010-2019,55.13,6,2012,2017,2.882,mean
strict_balanced,TX,Tmin,48251,Johnson,2020-2025,55.56,6,2020,2025,2.688,mean
strict_balanced,TX,Tmin,48253,Jones,1980-1989,51.072,6,1982,1987,1.643,mean
strict_balanced,TX,Tmin,48253,Jones,1990-1999,51.033,6,1992,1997,1.985,mean
strict_balanced,TX,Tmin,48253,Jones,2000-2009,51.984,6,2002,2007,1.942,mean
strict_balanced,TX,Tmin,48253,Jones,2010-2019,51.386,6,2012,2017,1.76,mean
strict_balanced,TX,Tmin,48253,Jones,2020-2025,52.0,6,2020,2025,1.95,mean
strict_balanced,TX,Tmin,48257,Kaufman,1980-1989,53.331,6,1980,1989,1.0,mean
strict_balanced,TX,Tmin,48257,Kaufman,1990-1999,54.324,6,1991,1998,1.162,mean
strict_balanced,TX,Tmin,48257,Kaufman,2000-2009,55.154,6,2002,2007,2.409,mean
strict_balanced,TX,Tmin,48257,Kaufman,2010-2019,56.114,6,2012,2017,1.075,mean
strict_balanced,TX,Tmin,48257,Kaufman,2020-2025,55.93,6,2020,2025,1.0,mean
strict_balanced,TX,Tmin,48259,Kendall,1980-1989,53.152,6,1982,1987,1.0,mean
strict_balanced,TX,Tmin,48259,Kendall,1990-1999,52.968,6,1992,1997,1.0,mean
strict_balanced,TX,Tmin,48259,Kendall,2000-2009,54.213,6,2001,2006,1.0,mean
strict_balanced,TX,Tmin,48259,Kendall,2010-2019,54.903,6,2012,2017,1.0,mean
strict_balanced,TX,Tmin,48259,Kendall,2020-2025,58.036,6,2020,2025,1.774,mean
strict_balanced,TX,Tmin,48263,Kent,1980-1989,47.916,6,1981,1988,1.0,mean
strict_balanced,TX,Tmin,48263,Kent,1990-1999,47.28,6,1992,1997,1.0,mean
strict_balanced,TX,Tmin,48263,Kent,2000-2009,48.64,6,2002,2008,1.0,mean
strict_balanced,TX,Tmin,48263,Kent,2010-2019,49.731,6,2012,2017,1.0,mean
strict_balanced,TX,Tmin,48263,Kent,2020-2025,50.113,6,2020,2025,1.0,mean
strict_balanced,TX,Tmin,48265,Kerr,1980-1989,52.091,6,1982,1987,1.0,mean
strict_balanced,TX,Tmin,48265,Kerr,1990-1999,52.256,6,1992,1997,1.14,mean
strict_balanced,TX,Tmin,48265,Kerr,2000-2009,52.841,6,2002,2007,1.72,mean
strict_balanced,TX,Tmin,48265,Kerr,2010-2019,52.838,6,2012,2017,2.987,mean
strict_balanced,TX,Tmin,48265,Kerr,2020-2025,53.902,6,2020,2025,2.858,mean
strict_balanced,TX,Tmin,48269,King,1980-1989,47.564,6,1982,1987,1.0,mean
strict_balanced,TX,Tmin,48269,King,1990-1999,46.506,6,1992,1997,1.257,mean
strict_balanced,TX,Tmin,48269,King,2000-2009,48.538,6,2002,2007,1.902,mean
strict_balanced,TX,Tmin,48269,King,2010-2019,49.339,6,2012,2017,2.0,mean
strict_balanced,TX,Tmin,48269,King,2020-2025,50.043,6,2020,2025,2.0,mean
strict_balanced,TX,Tmin,48273,Kleberg,1980-1989,61.68,6,1982,1987,1.93,mean
strict_balanced,TX,Tmin,48273,Kleberg,1990-1999,62.352,6,1992,1997,1.489,mean
strict_balanced,TX,Tmin,48273,Kleberg,2000-2009,62.32,6,2001,2007,1.806,mean
strict_balanced,TX,Tmin,48273,Kleberg,2010-2019,63.386,6,2012,2017,1.951,mean
strict_balanced,TX,Tmin,48273,Kleberg,2020-2025,64.417,6,2020,2025,1.846,mean
strict_balanced,TX,Tmin,48277,Lamar,1980-1989,53.203,6,1981,1988,1.0,mean
strict_balanced,TX,Tmin,48277,Lamar,1990-1999,51.42,6,1992,1997,1.0,mean
strict_balanced,TX,Tmin,48277,Lamar,2000-2009,54.385,6,2001,2006,1.0,mean
strict_balanced,TX,Tmin,48277,Lamar,2010-2019,54.61,6,2012,2017,1.968,mean
strict_balanced,TX,Tmin,48277,Lamar,2020-2025,54.958,6,2020,2025,1.895,mean
strict_balanced,TX,Tmin,48279,Lamb,1980-1989,42.742,6,1982,1987,1.888,mean
strict_balanced,TX,Tmin,48279,Lamb,1990-1999,42.888,6,1992,1997,1.926,mean
strict_balanced,TX,Tmin,48279,Lamb,2000-2009,45.031,6,2002,2007,1.592,mean
strict_balanced,TX,Tmin,48279,Lamb,2010-2019,44.387,6,2012,2017,2.0,mean
strict_balanced,TX,Tmin,48279,Lamb,2020-2025,44.818,6,2020,2025,2.0,mean
strict_balanced,TX,Tmin,48285,Lavaca,1980-1989,58.276,6,1982,1987,1.0,mean
strict_balanced,TX,Tmin,48285,Lavaca,1990-1999,58.924,6,1992,1997,1.0,mean
strict_balanced,TX,Tmin,48285,Lavaca,2000-2009,59.168,6,2002,2007,1.0,mean
strict_balanced,TX,Tmin,48285,Lavaca,2010-2019,60.047,6,2012,2017,1.0,mean
strict_balanced,TX,Tmin,48285,Lavaca,2020-2025,62.619,6,2020,2025,1.0,mean
strict_balanced,TX,Tmin,48291,Liberty,1980-1989,57.551,6,1982,1987,2.91,mean
strict_balanced,TX,Tmin,48291,Liberty,1990-1999,58.384,6,1992,1997,2.94,mean
strict_balanced,TX,Tmin,48291,Liberty,2000-2009,58.714,6,2002,2007,4.238,mean
strict_balanced,TX,Tmin,48291,Liberty,2010-2019,58.991,6,2012,2017,4.925,mean
strict_balanced,TX,Tmin,48291,Liberty,2020-2025,60.099,6,2020,2025,3.004,mean
strict_balanced,TX,Tmin,48295,Lipscomb,1980-1989,43.174,6,1982,1987,1.956,mean
strict_balanced,TX,Tmin,48295,Lipscomb,1990-1999,41.11,6,1992,1997,1.961,mean
strict_balanced,TX,Tmin,48295,Lipscomb,2000-2009,42.503,6,2002,2007,1.328,mean
strict_balanced,TX,Tmin,48295,Lipscomb,2010-2019,43.69,6,2012,2017,1.877,mean
strict_balanced,TX,Tmin,48295,Lipscomb,2020-2025,44.161,6,2020,2025,1.545,mean
strict_balanced,TX,Tmin,48297,Live Oak,1980-1989,59.942,6,1984,1989,1.0,mean
strict_balanced,TX,Tmin,48297,Live Oak,1990-1999,59.264,6,1992,1997,1.0,mean
strict_balanced,TX,Tmin,48297,Live Oak,2000-2009,60.225,6,2002,2007,2.377,mean
strict_balanced,TX,Tmin,48297,Live Oak,2010-2019,61.113,6,2012,2017,1.988,mean
strict_balanced,TX,Tmin,48297,Live Oak,2020-2025,62.434,6,2020,2025,1.994,mean
strict_balanced,TX,Tmin,48299,Llano,1980-1989,53.468,6,1982,1987,1.0,mean
strict_balanced,TX,Tmin,48299,Llano,1990-1999,54.073,6,1991,1996,1.0,mean
strict_balanced,TX,Tmin,48299,Llano,2000-2009,53.142,6,2000,2009,1.0,mean
strict_balanced,TX,Tmin,48299,Llano,2010-2019,55.249,6,2011,2017,2.088,mean
strict_balanced,TX,Tmin,48299,Llano,2020-2025,55.958,6,2020,2025,2.824,mean
strict_balanced,TX,Tmin,48303,Lubbock,1980-1989,46.952,6,1982,1987,1.0,mean
strict_balanced,TX,Tmin,48303,Lubbock,1990-1999,47.108,6,1992,1997,1.0,mean
strict_balanced,TX,Tmin,48303,Lubbock,2000-2009,48.014,6,2002,2007,1.0,mean
strict_balanced,TX,Tmin,48303,Lubbock,2010-2019,49.357,6,2012,2017,1.985,mean
strict_balanced,TX,Tmin,48303,Lubbock,2020-2025,50.416,6,2020,2025,2.0,mean
strict_balanced,TX,Tmin,48305,Lynn,1980-1989,45.738,6,1982,1987,1.0,mean
strict_balanced,TX,Tmin,48305,Lynn,1990-1999,45.721,6,1992,1997,1.0,mean
strict_balanced,TX,Tmin,48305,Lynn,2000-2009,49.885,6,2002,2007,1.0,mean
strict_balanced,TX,Tmin,48305,Lynn,2010-2019,48.188,6,2012,2017,1.0,mean
strict_balanced,TX,Tmin,48305,Lynn,2020-2025,48.65,6,2020,2025,1.0,mean
strict_balanced,TX,Tmin,48309,McLennan,1980-1989,54.765,6,1982,1987,2.987,mean
strict_balanced,TX,Tmin,48309,McLennan,1990-1999,54.632,6,1992,1997,3.127,mean
strict_balanced,TX,Tmin,48309,McLennan,2000-2009,55.67,6,2002,2007,3.313,mean
strict_balanced,TX,Tmin,48309,McLennan,2010-2019,56.276,6,2012,2017,3.012,mean
strict_balanced,TX,Tmin,48309,McLennan,2020-2025,56.607,6,2020,2025,2.424,mean
strict_balanced,TX,Tmin,48311,McMullen,1980-1989,59.308,6,1980,1987,1.0,mean
strict_balanced,TX,Tmin,48311,McMullen,1990-1999,58.174,6,1990,1995,1.0,mean
strict_balanced,TX,Tmin,48311,McMullen,2000-2009,59.546,6,2002,2007,2.496,mean
strict_balanced,TX,Tmin,48311,McMullen,2010-2019,60.166,6,2012,2017,1.928,mean
strict_balanced,TX,Tmin,48311,McMullen,2020-2025,59.761,6,2020,2025,1.998,mean
strict_balanced,TX,Tmin,48321,Matagorda,1980-1989,61.517,6,1982,1987,2.769,mean
strict_balanced,TX,Tmin,48321,Matagorda,1990-1999,61.865,6,1992,1997,2.837,mean
strict_balanced,TX,Tmin,48321,Matagorda,2000-2009,62.319,6,2002,2007,2.914,mean
strict_balanced,TX,Tmin,48321,Matagorda,2010-2019,62.547,6,2012,2017,3.688,mean
strict_balanced,TX,Tmin,48321,Matagorda,2020-2025,62.514,6,2020,2025,2.87,mean
strict_balanced,TX,Tmin,48325,Medina,1980-1989,57.531,6,1982,1987,1.97,mean
strict_balanced,TX,Tmin,48325,Medina,1990-1999,57.399,6,1992,1997,2.158,mean
strict_balanced,TX,Tmin,48325,Medina,2000-2009,57.828,6,2002,2007,2.826,mean
strict_balanced,TX,Tmin,48325,Medina,2010-2019,58.155,6,2012,2017,1.955,mean
strict_balanced,TX,Tmin,48325,Medina,2020-2025,58.598,6,2020,2025,1.039,mean
strict_balanced,TX,Tmin,48327,Menard,1980-1989,50.825,6,1982,1987,1.0,mean
strict_balanced,TX,Tmin,48327,Menard,1990-1999,50.988,6,1991,1998,1.228,mean
strict_balanced,TX,Tmin,48327,Menard,2000-2009,51.086,6,2002,2007,1.924,mean
strict_balanced,TX,Tmin,48327,Menard,2010-2019,50.973,6,2012,2017,1.858,mean
strict_balanced,TX,Tmin,48327,Menard,2020-2025,51.301,6,2020,2025,1.0,mean
strict_balanced,TX,Tmin,48329,Midland,1980-1989,49.534,6,1982,1987,1.942,mean
strict_balanced,TX,Tmin,48329,Midland,1990-1999,50.22,6,1992,1997,1.932,mean
strict_balanced,TX,Tmin,48329,Midland,2000-2009,51.905,6,2002,2007,2.727,mean
strict_balanced,TX,Tmin,48329,Midland,2010-2019,53.314,6,2012,2017,4.296,mean
strict_balanced,TX,Tmin,48329,Midland,2020-2025,53.604,6,2020,2025,3.98,mean
strict_balanced,TX,Tmin,48337,Montague,1980-1989,53.328,6,1982,1987,1.0,mean
strict_balanced,TX,Tmin,48337,Montague,1990-1999,51.518,6,1991,1998,1.0,mean
strict_balanced,TX,Tmin,48337,Montague,2000-2009,51.576,6,2002,2007,1.928,mean
strict_balanced,TX,Tmin,48337,Montague,2010-2019,52.419,6,2012,2017,2.502,mean
strict_balanced,TX,Tmin,48337,Montague,2020-2025,52.876,6,2020,2025,2.13,mean
strict_balanced,TX,Tmin,48339,Montgomery,1980-1989,56.143,6,1981,1988,1.0,mean
strict_balanced,TX,Tmin,48339,Montgomery,1990-1999,57.652,6,1992,1997,1.316,mean
strict_balanced,TX,Tmin,48339,Montgomery,2000-2009,58.167,6,2002,2007,3.911,mean
strict_balanced,TX,Tmin,48339,Montgomery,2010-2019,58.851,6,2012,2017,3.946,mean
strict_balanced,TX,Tmin,48339,Montgomery,2020-2025,59.33,6,2020,2025,3.986,mean
strict_balanced,TX,Tmin,48343,Morris,1980-1989,56.581,6,1982,1987,1.0,mean
strict_balanced,TX,Tmin,48343,Morris,1990-1999,54.812,6,1991,1998,1.221,mean
strict_balanced,TX,Tmin,48343,Morris,2000-2009,54.741,6,2002,2007,2.216,mean
strict_balanced,TX,Tmin,48343,Morris,2010-2019,55.33,6,2012,2017,1.992,mean
strict_balanced,TX,Tmin,48343,Morris,2020-2025,55.041,6,2020,2025,1.091,mean
strict_balanced,TX,Tmin,48345,Motley,1980-1989,48.974,6,1982,1987,1.0,mean
strict_balanced,TX,Tmin,48345,Motley,1990-1999,48.666,6,1991,1996,1.0,mean
strict_balanced,TX,Tmin,48345,Motley,2000-2009,49.198,6,2000,2009,1.0,mean
strict_balanced,TX,Tmin,48345,Motley,2010-2019,49.394,6,2012,2017,1.0,mean
strict_balanced,TX,Tmin,48345,Motley,2020-2025,49.658,6,2020,2025,1.0,mean
strict_balanced,TX,Tmin,48347,Nacogdoches,1980-1989,54.824,6,1982,1987,1.0,mean
strict_balanced,TX,Tmin,48347,Nacogdoches,1990-1999,54.464,6,1991,1996,1.0,mean
strict_balanced,TX,Tmin,48347,Nacogdoches,2000-2009,55.434,6,2001,2007,1.63,mean
strict_balanced,TX,Tmin,48347,Nacogdoches,2010-2019,54.756,6,2012,2017,1.059,mean
strict_balanced,TX,Tmin,48347,Nacogdoches,2020-2025,55.423,6,2020,2025,1.826,mean
strict_balanced,TX,Tmin,48349,Navarro,1980-1989,53.599,6,1982,1987,1.979,mean
strict_balanced,TX,Tmin,48349,Navarro,1990-1999,52.491,6,1992,1997,1.954,mean
strict_balanced,TX,Tmin,48349,Navarro,2000-2009,55.644,6,2002,2007,2.95,mean
strict_balanced,TX,Tmin,48349,Navarro,2010-2019,56.344,6,2012,2017,2.954,mean
strict_balanced,TX,Tmin,48349,Navarro,2020-2025,57.025,6,2020,2025,2.716,mean
strict_balanced,TX,Tmin,48351,Newton,1980-1989,53.92,6,1982,1987,1.0,mean
strict_balanced,TX,Tmin,48351,Newton,1990-1999,53.513,6,1992,1997,1.0,mean
strict_balanced,TX,Tmin,48351,Newton,2000-2009,56.579,6,2002,2007,1.449,mean
strict_balanced,TX,Tmin,48351,Newton,2010-2019,57.827,6,2012,2017,1.0,mean
strict_balanced,TX,Tmin,48351,Newton,2020-2025,58.655,6,2020,2025,1.0,mean
strict_balanced,TX,Tmin,48355,Nueces,1980-1989,63.546,6,1982,1987,3.958,mean
strict_balanced,TX,Tmin,48355,Nueces,1990-1999,64.133,6,1992,1997,4.728,mean
strict_balanced,TX,Tmin,48355,Nueces,2000-2009,64.325,6,2002,2007,6.508,mean
strict_balanced,TX,Tmin,48355,Nueces,2010-2019,65.326,6,2012,2017,6.183,mean
strict_balanced,TX,Tmin,48355,Nueces,2020-2025,65.999,6,2020,2025,4.585,mean
strict_balanced,TX,Tmin,48359,Oldham,1980-1989,41.271,6,1982,1987,2.137,mean
strict_balanced,TX,Tmin,48359,Oldham,1990-1999,41.395,6,1992,1997,1.966,mean
strict_balanced,TX,Tmin,48359,Oldham,2000-2009,42.034,6,2002,2007,2.92,mean
strict_balanced,TX,Tmin,48359,Oldham,2010-2019,42.147,6,2012,2017,2.032,mean
strict_balanced,TX,Tmin,48359,Oldham,2020-2025,42.515,6,2020,2025,1.992,mean
strict_balanced,TX,Tmin,48361,Orange,1980-1989,56.486,6,1981,1987,1.0,mean
strict_balanced,TX,Tmin,48361,Orange,1990-1999,57.007,6,1992,1997,1.0,mean
strict_balanced,TX,Tmin,48361,Orange,2000-2009,57.613,6,2001,2007,1.0,mean
strict_balanced,TX,Tmin,48361,Orange,2010-2019,58.044,6,2012,2017,1.0,mean
strict_balanced,TX,Tmin,48361,Orange,2020-2025,58.74,6,2020,2025,1.0,mean
strict_balanced,TX,Tmin,48367,Parker,1980-1989,50.339,6,1982,1987,1.233,mean
strict_balanced,TX,Tmin,48367,Parker,1990-1999,52.903,6,1992,1997,1.981,mean
strict_balanced,TX,Tmin,48367,Parker,2000-2009,52.598,6,2002,2007,2.828,mean
strict_balanced,TX,Tmin,48367,Parker,2010-2019,52.897,6,2012,2017,1.955,mean
strict_balanced,TX,Tmin,48367,Parker,2020-2025,53.674,6,2020,2025,1.874,mean
strict_balanced,TX,Tmin,48369,Parmer,1980-1989,40.982,6,1981,1988,1.0,mean
strict_balanced,TX,Tmin,48369,Parmer,1990-1999,41.787,6,1992,1997,1.0,mean
strict_balanced,TX,Tmin,48369,Parmer,2000-2009,42.897,6,2002,2007,1.0,mean
strict_balanced,TX,Tmin,48369,Parmer,2010-2019,42.763,6,2012,2017,1.0,mean
strict_balanced,TX,Tmin,48369,Parmer,2020-2025,43.717,6,2020,2025,1.0,mean
strict_balanced,TX,Tmin,48371,Pecos,1980-1989,52.457,6,1982,1987,2.876,mean
strict_balanced,TX,Tmin,48371,Pecos,1990-1999,52.132,6,1992,1997,3.136,mean
strict_balanced,TX,Tmin,48371,Pecos,2000-2009,53.508,6,2002,2007,3.255,mean
strict_balanced,TX,Tmin,48371,Pecos,2010-2019,53.906,6,2012,2017,2.955,mean
strict_balanced,TX,Tmin,48371,Pecos,2020-2025,55.675,6,2020,2025,1.904,mean
strict_balanced,TX,Tmin,48375,Potter,1980-1989,43.281,6,1982,1987,1.0,mean
strict_balanced,TX,Tmin,48375,Potter,1990-1999,42.994,6,1992,1997,1.0,mean
strict_balanced,TX,Tmin,48375,Potter,2000-2009,43.627,6,2002,2007,1.538,mean
strict_balanced,TX,Tmin,48375,Potter,2010-2019,43.656,6,2012,2017,2.0,mean
strict_balanced,TX,Tmin,48375,Potter,2020-2025,44.418,6,2020,2025,2.963,mean
strict_balanced,TX,Tmin,48377,Presidio,1980-1989,49.518,6,1982,1987,3.681,mean
strict_balanced,TX,Tmin,48377,Presidio,1990-1999,49.566,6,1992,1997,3.255,mean
strict_balanced,TX,Tmin,48377,Presidio,2000-2009,49.6,6,2002,2007,3.426,mean
strict_balanced,TX,Tmin,48377,Presidio,2010-2019,51.863,6,2011,2018,1.768,mean
strict_balanced,TX,Tmin,48377,Presidio,2020-2025,57.727,6,2020,2025,1.38,mean
strict_balanced,TX,Tmin,48379,Rains,1980-1989,52.068,6,1982,1987,1.846,mean
strict_balanced,TX,Tmin,48379,Rains,1990-1999,51.612,6,1992,1997,1.883,mean
strict_balanced,TX,Tmin,48379,Rains,2000-2009,53.88,6,2002,2007,1.637,mean
strict_balanced,TX,Tmin,48379,Rains,2010-2019,54.521,6,2012,2017,1.138,mean
strict_balanced,TX,Tmin,48379,Rains,2020-2025,54.711,6,2020,2025,1.0,mean
strict_balanced,TX,Tmin,48383,Reagan,1980-1989,48.976,6,1982,1987,1.883,mean
strict_balanced,TX,Tmin,48383,Reagan,1990-1999,48.926,6,1992,1997,1.962,mean
strict_balanced,TX,Tmin,48383,Reagan,2000-2009,49.463,6,2002,2007,1.322,mean
strict_balanced,TX,Tmin,48383,Reagan,2010-2019,50.334,6,2012,2017,1.934,mean
strict_balanced,TX,Tmin,48383,Reagan,2020-2025,50.271,6,2020,2025,1.214,mean
strict_balanced,TX,Tmin,48385,Real,1980-1989,52.68,6,1982,1987,1.014,mean
strict_balanced,TX,Tmin,48385,Real,1990-1999,51.882,6,1992,1997,1.823,mean
strict_balanced,TX,Tmin,48385,Real,2000-2009,52.058,6,2002,2007,1.761,mean
strict_balanced,TX,Tmin,48385,Real,2010-2019,51.676,6,2012,2017,1.265,mean
strict_balanced,TX,Tmin,48385,Real,2020-2025,51.695,6,2020,2025,1.0,mean
strict_balanced,TX,Tmin,48387,Red River,1980-1989,50.431,6,1982,1987,1.0,mean
strict_balanced,TX,Tmin,48387,Red River,1990-1999,51.413,6,1991,1996,1.0,mean
strict_balanced,TX,Tmin,48387,Red River,2000-2009,53.314,6,2002,2007,1.935,mean
strict_balanced,TX,Tmin,48387,Red River,2010-2019,54.94,6,2012,2017,1.0,mean
strict_balanced,TX,Tmin,48387,Red River,2020-2025,55.354,6,2020,2025,1.0,mean
strict_balanced,TX,Tmin,48399,Runnels,1980-1989,51.759,6,1982,1987,1.863,mean
strict_balanced,TX,Tmin,48399,Runnels,1990-1999,52.666,6,1992,1997,1.907,mean
strict_balanced,TX,Tmin,48399,Runnels,2000-2009,51.875,6,2002,2007,1.981,mean
strict_balanced,TX,Tmin,48399,Runnels,2010-2019,51.464,6,2012,2017,1.741,mean
strict_balanced,TX,Tmin,48399,Runnels,2020-2025,52.387,6,2020,2025,1.624,mean
strict_balanced,TX,Tmin,48401,Rusk,1980-1989,53.973,6,1982,1987,1.938,mean
strict_balanced,TX,Tmin,48401,Rusk,1990-1999,54.177,6,1992,1997,1.916,mean
strict_balanced,TX,Tmin,48401,Rusk,2000-2009,55.627,6,2002,2007,2.943,mean
strict_balanced,TX,Tmin,48401,Rusk,2010-2019,55.381,6,2012,2017,2.949,mean
strict_balanced,TX,Tmin,48401,Rusk,2020-2025,55.766,6,2020,2025,2.728,mean
strict_balanced,TX,Tmin,48411,San Saba,1980-1989,52.477,6,1982,1987,1.0,mean
strict_balanced,TX,Tmin,48411,San Saba,1990-1999,54.119,6,1992,1997,1.0,mean
strict_balanced,TX,Tmin,48411,San Saba,2000-2009,54.126,6,2002,2007,1.973,mean
strict_balanced,TX,Tmin,48411,San Saba,2010-2019,55.016,6,2012,2017,1.952,mean
strict_balanced,TX,Tmin,48411,San Saba,2020-2025,55.981,6,2020,2025,1.964,mean
strict_balanced,TX,Tmin,48417,Shackelford,1980-1989,51.793,6,1980,1988,1.0,mean
strict_balanced,TX,Tmin,48417,Shackelford,1990-1999,52.308,6,1992,1997,1.0,mean
strict_balanced,TX,Tmin,48417,Shackelford,2000-2009,50.329,6,2001,2006,1.0,mean
strict_balanced,TX,Tmin,48417,Shackelford,2010-2019,51.239,6,2012,2017,1.893,mean
strict_balanced,TX,Tmin,48417,Shackelford,2020-2025,52.127,6,2020,2025,1.978,mean
strict_balanced,TX,Tmin,48423,Smith,1980-1989,54.048,6,1982,1987,1.0,mean
strict_balanced,TX,Tmin,48423,Smith,1990-1999,55.75,6,1992,1997,1.0,mean
strict_balanced,TX,Tmin,48423,Smith,2000-2009,56.187,6,2002,2007,2.687,mean
strict_balanced,TX,Tmin,48423,Smith,2010-2019,57.187,6,2012,2017,1.999,mean
strict_balanced,TX,Tmin,48423,Smith,2020-2025,57.242,6,2020,2025,1.999,mean
strict_balanced,TX,Tmin,48425,Somervell,1980-1989,50.646,6,1982,1987,1.0,mean
strict_balanced,TX,Tmin,48425,Somervell,1990-1999,46.605,6,1992,1997,1.0,mean
strict_balanced,TX,Tmin,48425,Somervell,2000-2009,52.543,6,2001,2007,1.0,mean
strict_balanced,TX,Tmin,48425,Somervell,2010-2019,51.538,6,2010,2019,1.0,mean
strict_balanced,TX,Tmin,48425,Somervell,2020-2025,53.416,6,2020,2025,1.0,mean
strict_balanced,TX,Tmin,48427,Starr,1980-1989,60.945,6,1982,1987,1.918,mean
strict_balanced,TX,Tmin,48427,Starr,1990-1999,62.541,6,1992,1997,1.968,mean
strict_balanced,TX,Tmin,48427,Starr,2000-2009,63.172,6,2002,2007,3.24,mean
strict_balanced,TX,Tmin,48427,Starr,2010-2019,63.488,6,2012,2017,2.732,mean
strict_balanced,TX,Tmin,48427,Starr,2020-2025,64.173,6,2020,2025,1.955,mean
strict_balanced,TX,Tmin,48433,Stonewall,1980-1989,50.1,6,1982,1987,1.0,mean
strict_balanced,TX,Tmin,48433,Stonewall,1990-1999,48.368,6,1992,1997,1.0,mean
strict_balanced,TX,Tmin,48433,Stonewall,2000-2009,49.546,6,2002,2007,1.0,mean
strict_balanced,TX,Tmin,48433,Stonewall,2010-2019,50.677,6,2012,2017,1.0,mean
strict_balanced,TX,Tmin,48433,Stonewall,2020-2025,50.916,6,2020,2025,1.0,mean
strict_balanced,TX,Tmin,48437,Swisher,1980-1989,43.435,6,1982,1987,1.0,mean
strict_balanced,TX,Tmin,48437,Swisher,1990-1999,42.231,6,1992,1997,1.0,mean
strict_balanced,TX,Tmin,48437,Swisher,2000-2009,43.285,6,2002,2007,1.811,mean
strict_balanced,TX,Tmin,48437,Swisher,2010-2019,43.238,6,2012,2017,1.998,mean
strict_balanced,TX,Tmin,48437,Swisher,2020-2025,44.138,6,2020,2025,1.999,mean
strict_balanced,TX,Tmin,48439,Tarrant,1980-1989,53.324,6,1982,1987,2.959,mean
strict_balanced,TX,Tmin,48439,Tarrant,1990-1999,53.471,6,1992,1997,5.378,mean
strict_balanced,TX,Tmin,48439,Tarrant,2000-2009,55.741,6,2002,2007,7.399,mean
strict_balanced,TX,Tmin,48439,Tarrant,2010-2019,56.481,6,2012,2017,8.924,mean
strict_balanced,TX,Tmin,48439,Tarrant,2020-2025,56.953,6,2020,2025,7.705,mean
strict_balanced,TX,Tmin,48441,Taylor,1980-1989,52.898,6,1982,1987,1.0,mean
strict_balanced,TX,Tmin,48441,Taylor,1990-1999,52.317,6,1992,1997,1.0,mean
strict_balanced,TX,Tmin,48441,Taylor,2000-2009,52.167,6,2002,2007,2.789,mean
strict_balanced,TX,Tmin,48441,Taylor,2010-2019,52.586,6,2012,2017,2.481,mean
strict_balanced,TX,Tmin,48441,Taylor,2020-2025,53.809,6,2020,2025,2.443,mean
strict_balanced,TX,Tmin,48443,Terrell,1980-1989,51.808,6,1982,1987,1.828,mean
strict_balanced,TX,Tmin,48443,Terrell,1990-1999,52.127,6,1992,1997,1.388,mean
strict_balanced,TX,Tmin,48443,Terrell,2000-2009,54.698,6,2002,2007,1.719,mean
strict_balanced,TX,Tmin,48443,Terrell,2010-2019,57.05,6,2012,2017,1.234,mean
strict_balanced,TX,Tmin,48443,Terrell,2020-2025,56.505,6,2020,2025,1.0,mean
strict_balanced,TX,Tmin,48445,Terry,1980-1989,45.984,6,1982,1987,1.0,mean
strict_balanced,TX,Tmin,48445,Terry,1990-1999,45.889,6,1992,1997,1.0,mean
strict_balanced,TX,Tmin,48445,Terry,2000-2009,46.798,6,2002,2007,1.0,mean
strict_balanced,TX,Tmin,48445,Terry,2010-2019,46.909,6,2012,2017,1.0,mean
strict_balanced,TX,Tmin,48445,Terry,2020-2025,47.688,6,2020,2025,1.0,mean
strict_balanced,TX,Tmin,48449,Titus,1980-1989,50.686,6,1982,1987,1.0,mean
strict_balanced,TX,Tmin,48449,Titus,1990-1999,49.334,6,1992,1997,1.0,mean
strict_balanced,TX,Tmin,48449,Titus,2000-2009,52.042,6,2001,2006,1.0,mean
strict_balanced,TX,Tmin,48449,Titus,2010-2019,53.012,6,2011,2018,1.0,mean
strict_balanced,TX,Tmin,48449,Titus,2020-2025,53.419,6,2020,2025,1.0,mean
strict_balanced,TX,Tmin,48451,Tom Green,1980-1989,50.826,6,1982,1987,2.991,mean
strict_balanced,TX,Tmin,48451,Tom Green,1990-1999,50.961,6,1992,1997,2.965,mean
strict_balanced,TX,Tmin,48451,Tom Green,2000-2009,51.432,6,2002,2007,2.847,mean
strict_balanced,TX,Tmin,48451,Tom Green,2010-2019,52.406,6,2012,2017,2.947,mean
strict_balanced,TX,Tmin,48451,Tom Green,2020-2025,52.921,6,2020,2025,2.946,mean
strict_balanced,TX,Tmin,48453,Travis,1980-1989,58.418,6,1982,1987,1.0,mean
strict_balanced,TX,Tmin,48453,Travis,1990-1999,58.523,6,1992,1997,1.618,mean
strict_balanced,TX,Tmin,48453,Travis,2000-2009,57.08,6,2002,2007,3.624,mean
strict_balanced,TX,Tmin,48453,Travis,2010-2019,57.363,6,2012,2017,5.213,mean
strict_balanced,TX,Tmin,48453,Travis,2020-2025,58.598,6,2020,2025,5.873,mean
strict_balanced,TX,Tmin,48457,Tyler,1980-1989,55.352,6,1982,1987,1.0,mean
strict_balanced,TX,Tmin,48457,Tyler,1990-1999,55.743,6,1992,1997,1.0,mean
strict_balanced,TX,Tmin,48457,Tyler,2000-2009,56.501,6,2002,2007,3.663,mean
strict_balanced,TX,Tmin,48457,Tyler,2010-2019,57.189,6,2012,2017,3.677,mean
strict_balanced,TX,Tmin,48457,Tyler,2020-2025,57.972,6,2020,2025,2.984,mean
strict_balanced,TX,Tmin,48459,Upshur,1980-1989,51.069,6,1982,1987,1.0,mean
strict_balanced,TX,Tmin,48459,Upshur,1990-1999,51.802,6,1992,1997,1.0,mean
strict_balanced,TX,Tmin,48459,Upshur,2000-2009,53.836,6,2002,2007,1.905,mean
strict_balanced,TX,Tmin,48459,Upshur,2010-2019,54.906,6,2012,2017,1.928,mean
strict_balanced,TX,Tmin,48459,Upshur,2020-2025,55.963,6,2020,2025,1.956,mean
strict_balanced,TX,Tmin,48465,Val Verde,1980-1989,56.294,6,1982,1987,5.277,mean
strict_balanced,TX,Tmin,48465,Val Verde,1990-1999,55.916,6,1992,1997,7.102,mean
strict_balanced,TX,Tmin,48465,Val Verde,2000-2009,57.288,6,2002,2007,6.125,mean
strict_balanced,TX,Tmin,48465,Val Verde,2010-2019,58.503,6,2012,2017,4.11,mean
strict_balanced,TX,Tmin,48465,Val Verde,2020-2025,60.695,6,2020,2025,3.315,mean
strict_balanced,TX,Tmin,48469,Victoria,1980-1989,60.54,6,1982,1987,1.0,mean
strict_balanced,TX,Tmin,48469,Victoria,1990-1999,60.474,6,1992,1997,1.0,mean
strict_balanced,TX,Tmin,48469,Victoria,2000-2009,60.669,6,2002,2007,3.735,mean
strict_balanced,TX,Tmin,48469,Victoria,2010-2019,61.054,6,2012,2017,3.804,mean
strict_balanced,TX,Tmin,48469,Victoria,2020-2025,62.123,6,2020,2025,2.852,mean
strict_balanced,TX,Tmin,48471,Walker,1980-1989,57.046,6,1982,1987,1.0,mean
strict_balanced,TX,Tmin,48471,Walker,1990-1999,57.748,6,1992,1997,1.15,mean
strict_balanced,TX,Tmin,48471,Walker,2000-2009,58.306,6,2002,2007,1.998,mean
strict_balanced,TX,Tmin,48471,Walker,2010-2019,58.265,6,2012,2017,1.999,mean
strict_balanced,TX,Tmin,48471,Walker,2020-2025,59.515,6,2020,2025,2.0,mean
strict_balanced,TX,Tmin,48475,Ward,1980-1989,48.122,6,1982,1987,1.827,mean
strict_balanced,TX,Tmin,48475,Ward,1990-1999,48.66,6,1992,1997,1.935,mean
strict_balanced,TX,Tmin,48475,Ward,2000-2009,50.89,6,2002,2007,2.355,mean
strict_balanced,TX,Tmin,48475,Ward,2010-2019,51.992,6,2012,2017,1.274,mean
strict_balanced,TX,Tmin,48475,Ward,2020-2025,53.326,6,2020,2025,1.0,mean
strict_balanced,TX,Tmin,48477,Washington,1980-1989,56.622,6,1982,1987,1.992,mean
strict_balanced,TX,Tmin,48477,Washington,1990-1999,57.57,6,1992,1997,1.939,mean
strict_balanced,TX,Tmin,48477,Washington,2000-2009,56.342,6,2002,2007,1.944,mean
strict_balanced,TX,Tmin,48477,Washington,2010-2019,58.294,6,2012,2017,2.937,mean
strict_balanced,TX,Tmin,48477,Washington,2020-2025,59.924,6,2020,2025,2.083,mean
strict_balanced,TX,Tmin,48479,Webb,1980-1989,60.178,6,1982,1987,1.847,mean
strict_balanced,TX,Tmin,48479,Webb,1990-1999,60.96,6,1992,1997,1.872,mean
strict_balanced,TX,Tmin,48479,Webb,2000-2009,62.602,6,2002,2007,1.626,mean
strict_balanced,TX,Tmin,48479,Webb,2010-2019,63.149,6,2012,2017,3.337,mean
strict_balanced,TX,Tmin,48479,Webb,2020-2025,64.533,6,2020,2025,2.188,mean
strict_balanced,TX,Tmin,48481,Wharton,1980-1989,58.75,6,1982,1987,2.698,mean
strict_balanced,TX,Tmin,48481,Wharton,1990-1999,58.66,6,1992,1997,2.642,mean
strict_balanced,TX,Tmin,48481,Wharton,2000-2009,59.455,6,2002,2007,2.419,mean
strict_balanced,TX,Tmin,48481,Wharton,2010-2019,59.674,6,2012,2017,3.233,mean
strict_balanced,TX,Tmin,48481,Wharton,2020-2025,60.64,6,2020,2025,2.92,mean
strict_balanced,TX,Tmin,48485,Wichita,1980-1989,50.792,6,1982,1987,1.0,mean
strict_balanced,TX,Tmin,48485,Wichita,1990-1999,50.92,6,1992,1997,1.0,mean
strict_balanced,TX,Tmin,48485,Wichita,2000-2009,52.528,6,2002,2007,1.0,mean
strict_balanced,TX,Tmin,48485,Wichita,2010-2019,52.26,6,2012,2017,1.0,mean
strict_balanced,TX,Tmin,48485,Wichita,2020-2025,52.505,6,2020,2025,1.0,mean
strict_balanced,TX,Tmin,48491,Williamson,1980-1989,54.593,6,1982,1987,3.112,mean
strict_balanced,TX,Tmin,48491,Williamson,1990-1999,55.189,6,1992,1997,2.938,mean
strict_balanced,TX,Tmin,48491,Williamson,2000-2009,56.172,6,2002,2007,2.754,mean
strict_balanced,TX,Tmin,48491,Williamson,2010-2019,56.612,6,2012,2017,2.996,mean
strict_balanced,TX,Tmin,48491,Williamson,2020-2025,57.323,6,2020,2025,4.057,mean
strict_balanced,TX,Tmin,48497,Wise,1980-1989,50.28,6,1981,1987,1.0,mean
strict_balanced,TX,Tmin,48497,Wise,1990-1999,51.641,6,1992,1997,1.0,mean
strict_balanced,TX,Tmin,48497,Wise,2000-2009,51.5,6,2001,2008,2.153,mean
strict_balanced,TX,Tmin,48497,Wise,2010-2019,52.911,6,2012,2017,4.807,mean
strict_balanced,TX,Tmin,48497,Wise,2020-2025,54.976,6,2020,2025,2.529,mean
strict_balanced,TX,Tmin,48499,Wood,1980-1989,50.373,6,1980,1987,1.0,mean
strict_balanced,TX,Tmin,48499,Wood,1990-1999,51.348,6,1992,1997,1.992,mean
strict_balanced,TX,Tmin,48499,Wood,2000-2009,54.074,6,2002,2007,2.213,mean
strict_balanced,TX,Tmin,48499,Wood,2010-2019,54.368,6,2012,2017,2.576,mean
strict_balanced,TX,Tmin,48499,Wood,2020-2025,54.309,6,2020,2025,1.896,mean
