construct_a,construct_b,label_a,label_b,family_a,family_b,classified_county_dates_a,classified_county_dates_b,shared_county_dates,jaccard,structurally_nested,interpretation
REL_TX_P80_D2_W15,REL_TX_P80_D3_W15,TX-P80-D2,TX-P80-D3,relative,relative,213399,171965,171965,0.8058,True,"agreement on the set of classified county-dates; NOT accuracy. Nested percentiles and durations create subset relationships, so a high value between two nested rules is structural."
REL_TX_P80_D2_W15,REL_TX_P80_D5_W15,TX-P80-D2,TX-P80-D5,relative,relative,213399,107118,107118,0.502,True,"agreement on the set of classified county-dates; NOT accuracy. Nested percentiles and durations create subset relationships, so a high value between two nested rules is structural."
REL_TX_P80_D2_W15,REL_TX_P85_D2_W15,TX-P80-D2,TX-P85-D2,relative,relative,213399,161004,161004,0.7545,True,"agreement on the set of classified county-dates; NOT accuracy. Nested percentiles and durations create subset relationships, so a high value between two nested rules is structural."
REL_TX_P80_D2_W15,REL_TX_P85_D3_W15,TX-P80-D2,TX-P85-D3,relative,relative,213399,124812,124812,0.5849,False,"agreement on the set of classified county-dates; NOT accuracy. Nested percentiles and durations create subset relationships, so a high value between two nested rules is structural."
REL_TX_P80_D2_W15,REL_TX_P85_D5_W15,TX-P80-D2,TX-P85-D5,relative,relative,213399,74264,74264,0.348,False,"agreement on the set of classified county-dates; NOT accuracy. Nested percentiles and durations create subset relationships, so a high value between two nested rules is structural."
REL_TX_P80_D2_W15,REL_TX_P90_D2_W15,TX-P80-D2,TX-P90-D2,relative,relative,213399,108359,108359,0.5078,True,"agreement on the set of classified county-dates; NOT accuracy. Nested percentiles and durations create subset relationships, so a high value between two nested rules is structural."
REL_TX_P80_D2_W15,REL_TX_P90_D3_W15,TX-P80-D2,TX-P90-D3,relative,relative,213399,80755,80755,0.3784,False,"agreement on the set of classified county-dates; NOT accuracy. Nested percentiles and durations create subset relationships, so a high value between two nested rules is structural."
REL_TX_P80_D2_W15,REL_TX_P90_D5_W15,TX-P80-D2,TX-P90-D5,relative,relative,213399,45071,45071,0.2112,False,"agreement on the set of classified county-dates; NOT accuracy. Nested percentiles and durations create subset relationships, so a high value between two nested rules is structural."
REL_TX_P80_D2_W15,HYB_TX_P80_D2_A80_W15,TX-P80-D2,TX-P80-D2+A80,relative,hybrid,213399,160847,160847,0.7537,False,"agreement on the set of classified county-dates; NOT accuracy. Nested percentiles and durations create subset relationships, so a high value between two nested rules is structural."
REL_TX_P80_D2_W15,HYB_TX_P80_D2_A90_W15,TX-P80-D2,TX-P80-D2+A90,relative,hybrid,213399,103697,103697,0.4859,False,"agreement on the set of classified county-dates; NOT accuracy. Nested percentiles and durations create subset relationships, so a high value between two nested rules is structural."
REL_TX_P80_D2_W15,HYB_TX_P80_D3_A80_W15,TX-P80-D2,TX-P80-D3+A80,relative,hybrid,213399,130885,130885,0.6133,False,"agreement on the set of classified county-dates; NOT accuracy. Nested percentiles and durations create subset relationships, so a high value between two nested rules is structural."
REL_TX_P80_D2_W15,HYB_TX_P80_D3_A90_W15,TX-P80-D2,TX-P80-D3+A90,relative,hybrid,213399,88741,88741,0.4158,False,"agreement on the set of classified county-dates; NOT accuracy. Nested percentiles and durations create subset relationships, so a high value between two nested rules is structural."
REL_TX_P80_D2_W15,HYB_TX_P80_D5_A80_W15,TX-P80-D2,TX-P80-D5+A80,relative,hybrid,213399,87258,87258,0.4089,False,"agreement on the set of classified county-dates; NOT accuracy. Nested percentiles and durations create subset relationships, so a high value between two nested rules is structural."
REL_TX_P80_D2_W15,HYB_TX_P80_D5_A90_W15,TX-P80-D2,TX-P80-D5+A90,relative,hybrid,213399,64975,64975,0.3045,False,"agreement on the set of classified county-dates; NOT accuracy. Nested percentiles and durations create subset relationships, so a high value between two nested rules is structural."
REL_TX_P80_D2_W15,HYB_TX_P85_D2_A80_W15,TX-P80-D2,TX-P85-D2+A80,relative,hybrid,213399,125734,125734,0.5892,False,"agreement on the set of classified county-dates; NOT accuracy. Nested percentiles and durations create subset relationships, so a high value between two nested rules is structural."
REL_TX_P80_D2_W15,HYB_TX_P85_D2_A90_W15,TX-P80-D2,TX-P85-D2+A90,relative,hybrid,213399,81954,81954,0.384,False,"agreement on the set of classified county-dates; NOT accuracy. Nested percentiles and durations create subset relationships, so a high value between two nested rules is structural."
REL_TX_P80_D2_W15,HYB_TX_P85_D3_A80_W15,TX-P80-D2,TX-P85-D3+A80,relative,hybrid,213399,98708,98708,0.4626,False,"agreement on the set of classified county-dates; NOT accuracy. Nested percentiles and durations create subset relationships, so a high value between two nested rules is structural."
REL_TX_P80_D2_W15,HYB_TX_P85_D3_A90_W15,TX-P80-D2,TX-P85-D3+A90,relative,hybrid,213399,68046,68046,0.3189,False,"agreement on the set of classified county-dates; NOT accuracy. Nested percentiles and durations create subset relationships, so a high value between two nested rules is structural."
REL_TX_P80_D2_W15,HYB_TX_P85_D5_A80_W15,TX-P80-D2,TX-P85-D5+A80,relative,hybrid,213399,62370,62370,0.2923,False,"agreement on the set of classified county-dates; NOT accuracy. Nested percentiles and durations create subset relationships, so a high value between two nested rules is structural."
REL_TX_P80_D2_W15,HYB_TX_P85_D5_A90_W15,TX-P80-D2,TX-P85-D5+A90,relative,hybrid,213399,47507,47507,0.2226,False,"agreement on the set of classified county-dates; NOT accuracy. Nested percentiles and durations create subset relationships, so a high value between two nested rules is structural."
REL_TX_P80_D2_W15,HYB_TX_P90_D2_A80_W15,TX-P80-D2,TX-P90-D2+A80,relative,hybrid,213399,87949,87949,0.4121,False,"agreement on the set of classified county-dates; NOT accuracy. Nested percentiles and durations create subset relationships, so a high value between two nested rules is structural."
REL_TX_P80_D2_W15,HYB_TX_P90_D2_A90_W15,TX-P80-D2,TX-P90-D2+A90,relative,hybrid,213399,57954,57954,0.2716,False,"agreement on the set of classified county-dates; NOT accuracy. Nested percentiles and durations create subset relationships, so a high value between two nested rules is structural."
REL_TX_P80_D2_W15,HYB_TX_P90_D3_A80_W15,TX-P80-D2,TX-P90-D3+A80,relative,hybrid,213399,66173,66173,0.3101,False,"agreement on the set of classified county-dates; NOT accuracy. Nested percentiles and durations create subset relationships, so a high value between two nested rules is structural."
REL_TX_P80_D2_W15,HYB_TX_P90_D3_A90_W15,TX-P80-D2,TX-P90-D3+A90,relative,hybrid,213399,46448,46448,0.2177,False,"agreement on the set of classified county-dates; NOT accuracy. Nested percentiles and durations create subset relationships, so a high value between two nested rules is structural."
REL_TX_P80_D2_W15,HYB_TX_P90_D5_A80_W15,TX-P80-D2,TX-P90-D5+A80,relative,hybrid,213399,38549,38549,0.1806,False,"agreement on the set of classified county-dates; NOT accuracy. Nested percentiles and durations create subset relationships, so a high value between two nested rules is structural."
REL_TX_P80_D2_W15,HYB_TX_P90_D5_A90_W15,TX-P80-D2,TX-P90-D5+A90,relative,hybrid,213399,29939,29939,0.1403,False,"agreement on the set of classified county-dates; NOT accuracy. Nested percentiles and durations create subset relationships, so a high value between two nested rules is structural."
REL_TX_P80_D2_W15,ABS_TX_A80_D2,TX-P80-D2,TX->80-D2,relative,absolute,213399,528693,160660,0.2763,False,"agreement on the set of classified county-dates; NOT accuracy. Nested percentiles and durations create subset relationships, so a high value between two nested rules is structural."
REL_TX_P80_D2_W15,ABS_TX_A90_D2,TX-P80-D2,TX->90-D2,relative,absolute,213399,280631,103699,0.2657,False,"agreement on the set of classified county-dates; NOT accuracy. Nested percentiles and durations create subset relationships, so a high value between two nested rules is structural."
REL_TX_P80_D2_W15,ABS_TX_A80_D3,TX-P80-D2,TX->80-D3,relative,absolute,213399,508219,150246,0.263,False,"agreement on the set of classified county-dates; NOT accuracy. Nested percentiles and durations create subset relationships, so a high value between two nested rules is structural."
REL_TX_P80_D2_W15,ABS_TX_A90_D3,TX-P80-D2,TX->90-D3,relative,absolute,213399,267781,97836,0.2552,False,"agreement on the set of classified county-dates; NOT accuracy. Nested percentiles and durations create subset relationships, so a high value between two nested rules is structural."
REL_TX_P80_D2_W15,ABS_TX_A80_D5,TX-P80-D2,TX->80-D5,relative,absolute,213399,473437,133170,0.2405,False,"agreement on the set of classified county-dates; NOT accuracy. Nested percentiles and durations create subset relationships, so a high value between two nested rules is structural."
REL_TX_P80_D2_W15,ABS_TX_A90_D5,TX-P80-D2,TX->90-D5,relative,absolute,213399,246143,89957,0.2434,False,"agreement on the set of classified county-dates; NOT accuracy. Nested percentiles and durations create subset relationships, so a high value between two nested rules is structural."
REL_TX_P80_D3_W15,REL_TX_P80_D5_W15,TX-P80-D3,TX-P80-D5,relative,relative,171965,107118,107118,0.6229,True,"agreement on the set of classified county-dates; NOT accuracy. Nested percentiles and durations create subset relationships, so a high value between two nested rules is structural."
REL_TX_P80_D3_W15,REL_TX_P85_D2_W15,TX-P80-D3,TX-P85-D2,relative,relative,171965,161004,138296,0.7104,False,"agreement on the set of classified county-dates; NOT accuracy. Nested percentiles and durations create subset relationships, so a high value between two nested rules is structural."
REL_TX_P80_D3_W15,REL_TX_P85_D3_W15,TX-P80-D3,TX-P85-D3,relative,relative,171965,124812,124812,0.7258,True,"agreement on the set of classified county-dates; NOT accuracy. Nested percentiles and durations create subset relationships, so a high value between two nested rules is structural."
REL_TX_P80_D3_W15,REL_TX_P85_D5_W15,TX-P80-D3,TX-P85-D5,relative,relative,171965,74264,74264,0.4319,False,"agreement on the set of classified county-dates; NOT accuracy. Nested percentiles and durations create subset relationships, so a high value between two nested rules is structural."
REL_TX_P80_D3_W15,REL_TX_P90_D2_W15,TX-P80-D3,TX-P90-D2,relative,relative,171965,108359,98277,0.5398,False,"agreement on the set of classified county-dates; NOT accuracy. Nested percentiles and durations create subset relationships, so a high value between two nested rules is structural."
REL_TX_P80_D3_W15,REL_TX_P90_D3_W15,TX-P80-D3,TX-P90-D3,relative,relative,171965,80755,80755,0.4696,True,"agreement on the set of classified county-dates; NOT accuracy. Nested percentiles and durations create subset relationships, so a high value between two nested rules is structural."
REL_TX_P80_D3_W15,REL_TX_P90_D5_W15,TX-P80-D3,TX-P90-D5,relative,relative,171965,45071,45071,0.2621,False,"agreement on the set of classified county-dates; NOT accuracy. Nested percentiles and durations create subset relationships, so a high value between two nested rules is structural."
REL_TX_P80_D3_W15,HYB_TX_P80_D2_A80_W15,TX-P80-D3,TX-P80-D2+A80,relative,hybrid,171965,160847,134695,0.6799,False,"agreement on the set of classified county-dates; NOT accuracy. Nested percentiles and durations create subset relationships, so a high value between two nested rules is structural."
REL_TX_P80_D3_W15,HYB_TX_P80_D2_A90_W15,TX-P80-D3,TX-P80-D2+A90,relative,hybrid,171965,103697,91307,0.4953,False,"agreement on the set of classified county-dates; NOT accuracy. Nested percentiles and durations create subset relationships, so a high value between two nested rules is structural."
REL_TX_P80_D3_W15,HYB_TX_P80_D3_A80_W15,TX-P80-D3,TX-P80-D3+A80,relative,hybrid,171965,130885,130885,0.7611,False,"agreement on the set of classified county-dates; NOT accuracy. Nested percentiles and durations create subset relationships, so a high value between two nested rules is structural."
REL_TX_P80_D3_W15,HYB_TX_P80_D3_A90_W15,TX-P80-D3,TX-P80-D3+A90,relative,hybrid,171965,88741,88741,0.516,False,"agreement on the set of classified county-dates; NOT accuracy. Nested percentiles and durations create subset relationships, so a high value between two nested rules is structural."
REL_TX_P80_D3_W15,HYB_TX_P80_D5_A80_W15,TX-P80-D3,TX-P80-D5+A80,relative,hybrid,171965,87258,87258,0.5074,False,"agreement on the set of classified county-dates; NOT accuracy. Nested percentiles and durations create subset relationships, so a high value between two nested rules is structural."
REL_TX_P80_D3_W15,HYB_TX_P80_D5_A90_W15,TX-P80-D3,TX-P80-D5+A90,relative,hybrid,171965,64975,64975,0.3778,False,"agreement on the set of classified county-dates; NOT accuracy. Nested percentiles and durations create subset relationships, so a high value between two nested rules is structural."
REL_TX_P80_D3_W15,HYB_TX_P85_D2_A80_W15,TX-P80-D3,TX-P85-D2+A80,relative,hybrid,171965,125734,111024,0.5947,False,"agreement on the set of classified county-dates; NOT accuracy. Nested percentiles and durations create subset relationships, so a high value between two nested rules is structural."
REL_TX_P80_D3_W15,HYB_TX_P85_D2_A90_W15,TX-P80-D3,TX-P85-D2+A90,relative,hybrid,171965,81954,75516,0.4233,False,"agreement on the set of classified county-dates; NOT accuracy. Nested percentiles and durations create subset relationships, so a high value between two nested rules is structural."
REL_TX_P80_D3_W15,HYB_TX_P85_D3_A80_W15,TX-P80-D3,TX-P85-D3+A80,relative,hybrid,171965,98708,98708,0.574,False,"agreement on the set of classified county-dates; NOT accuracy. Nested percentiles and durations create subset relationships, so a high value between two nested rules is structural."
REL_TX_P80_D3_W15,HYB_TX_P85_D3_A90_W15,TX-P80-D3,TX-P85-D3+A90,relative,hybrid,171965,68046,68046,0.3957,False,"agreement on the set of classified county-dates; NOT accuracy. Nested percentiles and durations create subset relationships, so a high value between two nested rules is structural."
REL_TX_P80_D3_W15,HYB_TX_P85_D5_A80_W15,TX-P80-D3,TX-P85-D5+A80,relative,hybrid,171965,62370,62370,0.3627,False,"agreement on the set of classified county-dates; NOT accuracy. Nested percentiles and durations create subset relationships, so a high value between two nested rules is structural."
REL_TX_P80_D3_W15,HYB_TX_P85_D5_A90_W15,TX-P80-D3,TX-P85-D5+A90,relative,hybrid,171965,47507,47507,0.2763,False,"agreement on the set of classified county-dates; NOT accuracy. Nested percentiles and durations create subset relationships, so a high value between two nested rules is structural."
REL_TX_P80_D3_W15,HYB_TX_P90_D2_A80_W15,TX-P80-D3,TX-P90-D2+A80,relative,hybrid,171965,87949,80881,0.4518,False,"agreement on the set of classified county-dates; NOT accuracy. Nested percentiles and durations create subset relationships, so a high value between two nested rules is structural."
REL_TX_P80_D3_W15,HYB_TX_P90_D2_A90_W15,TX-P80-D3,TX-P90-D2+A90,relative,hybrid,171965,57954,55080,0.315,False,"agreement on the set of classified county-dates; NOT accuracy. Nested percentiles and durations create subset relationships, so a high value between two nested rules is structural."
REL_TX_P80_D3_W15,HYB_TX_P90_D3_A80_W15,TX-P80-D3,TX-P90-D3+A80,relative,hybrid,171965,66173,66173,0.3848,False,"agreement on the set of classified county-dates; NOT accuracy. Nested percentiles and durations create subset relationships, so a high value between two nested rules is structural."
REL_TX_P80_D3_W15,HYB_TX_P90_D3_A90_W15,TX-P80-D3,TX-P90-D3+A90,relative,hybrid,171965,46448,46448,0.2701,False,"agreement on the set of classified county-dates; NOT accuracy. Nested percentiles and durations create subset relationships, so a high value between two nested rules is structural."
REL_TX_P80_D3_W15,HYB_TX_P90_D5_A80_W15,TX-P80-D3,TX-P90-D5+A80,relative,hybrid,171965,38549,38549,0.2242,False,"agreement on the set of classified county-dates; NOT accuracy. Nested percentiles and durations create subset relationships, so a high value between two nested rules is structural."
REL_TX_P80_D3_W15,HYB_TX_P90_D5_A90_W15,TX-P80-D3,TX-P90-D5+A90,relative,hybrid,171965,29939,29939,0.1741,False,"agreement on the set of classified county-dates; NOT accuracy. Nested percentiles and durations create subset relationships, so a high value between two nested rules is structural."
REL_TX_P80_D3_W15,ABS_TX_A80_D2,TX-P80-D3,TX->80-D2,relative,absolute,171965,528693,134540,0.2377,False,"agreement on the set of classified county-dates; NOT accuracy. Nested percentiles and durations create subset relationships, so a high value between two nested rules is structural."
REL_TX_P80_D3_W15,ABS_TX_A90_D2,TX-P80-D3,TX->90-D2,relative,absolute,171965,280631,91307,0.2527,False,"agreement on the set of classified county-dates; NOT accuracy. Nested percentiles and durations create subset relationships, so a high value between two nested rules is structural."
REL_TX_P80_D3_W15,ABS_TX_A80_D3,TX-P80-D3,TX->80-D3,relative,absolute,171965,508219,130764,0.238,False,"agreement on the set of classified county-dates; NOT accuracy. Nested percentiles and durations create subset relationships, so a high value between two nested rules is structural."
REL_TX_P80_D3_W15,ABS_TX_A90_D3,TX-P80-D3,TX->90-D3,relative,absolute,171965,267781,88749,0.2528,False,"agreement on the set of classified county-dates; NOT accuracy. Nested percentiles and durations create subset relationships, so a high value between two nested rules is structural."
REL_TX_P80_D3_W15,ABS_TX_A80_D5,TX-P80-D3,TX->80-D5,relative,absolute,171965,473437,116966,0.2213,False,"agreement on the set of classified county-dates; NOT accuracy. Nested percentiles and durations create subset relationships, so a high value between two nested rules is structural."
REL_TX_P80_D3_W15,ABS_TX_A90_D5,TX-P80-D3,TX->90-D5,relative,absolute,171965,246143,82058,0.2442,False,"agreement on the set of classified county-dates; NOT accuracy. Nested percentiles and durations create subset relationships, so a high value between two nested rules is structural."
REL_TX_P80_D5_W15,REL_TX_P85_D2_W15,TX-P80-D5,TX-P85-D2,relative,relative,107118,161004,91249,0.5159,False,"agreement on the set of classified county-dates; NOT accuracy. Nested percentiles and durations create subset relationships, so a high value between two nested rules is structural."
REL_TX_P80_D5_W15,REL_TX_P85_D3_W15,TX-P80-D5,TX-P85-D3,relative,relative,107118,124812,87715,0.6082,False,"agreement on the set of classified county-dates; NOT accuracy. Nested percentiles and durations create subset relationships, so a high value between two nested rules is structural."
REL_TX_P80_D5_W15,REL_TX_P85_D5_W15,TX-P80-D5,TX-P85-D5,relative,relative,107118,74264,74264,0.6933,True,"agreement on the set of classified county-dates; NOT accuracy. Nested percentiles and durations create subset relationships, so a high value between two nested rules is structural."
REL_TX_P80_D5_W15,REL_TX_P90_D2_W15,TX-P80-D5,TX-P90-D2,relative,relative,107118,108359,69436,0.4755,False,"agreement on the set of classified county-dates; NOT accuracy. Nested percentiles and durations create subset relationships, so a high value between two nested rules is structural."
REL_TX_P80_D5_W15,REL_TX_P90_D3_W15,TX-P80-D5,TX-P90-D3,relative,relative,107118,80755,63212,0.5071,False,"agreement on the set of classified county-dates; NOT accuracy. Nested percentiles and durations create subset relationships, so a high value between two nested rules is structural."
REL_TX_P80_D5_W15,REL_TX_P90_D5_W15,TX-P80-D5,TX-P90-D5,relative,relative,107118,45071,45071,0.4208,True,"agreement on the set of classified county-dates; NOT accuracy. Nested percentiles and durations create subset relationships, so a high value between two nested rules is structural."
REL_TX_P80_D5_W15,HYB_TX_P80_D2_A80_W15,TX-P80-D5,TX-P80-D2+A80,relative,hybrid,107118,160847,91064,0.5148,False,"agreement on the set of classified county-dates; NOT accuracy. Nested percentiles and durations create subset relationships, so a high value between two nested rules is structural."
REL_TX_P80_D5_W15,HYB_TX_P80_D2_A90_W15,TX-P80-D5,TX-P80-D2+A90,relative,hybrid,107118,103697,68162,0.4778,False,"agreement on the set of classified county-dates; NOT accuracy. Nested percentiles and durations create subset relationships, so a high value between two nested rules is structural."
REL_TX_P80_D5_W15,HYB_TX_P80_D3_A80_W15,TX-P80-D5,TX-P80-D3+A80,relative,hybrid,107118,130885,89784,0.6058,False,"agreement on the set of classified county-dates; NOT accuracy. Nested percentiles and durations create subset relationships, so a high value between two nested rules is structural."
REL_TX_P80_D5_W15,HYB_TX_P80_D3_A90_W15,TX-P80-D5,TX-P80-D3+A90,relative,hybrid,107118,88741,66978,0.5197,False,"agreement on the set of classified county-dates; NOT accuracy. Nested percentiles and durations create subset relationships, so a high value between two nested rules is structural."
REL_TX_P80_D5_W15,HYB_TX_P80_D5_A80_W15,TX-P80-D5,TX-P80-D5+A80,relative,hybrid,107118,87258,87258,0.8146,False,"agreement on the set of classified county-dates; NOT accuracy. Nested percentiles and durations create subset relationships, so a high value between two nested rules is structural."
REL_TX_P80_D5_W15,HYB_TX_P80_D5_A90_W15,TX-P80-D5,TX-P80-D5+A90,relative,hybrid,107118,64975,64975,0.6066,False,"agreement on the set of classified county-dates; NOT accuracy. Nested percentiles and durations create subset relationships, so a high value between two nested rules is structural."
REL_TX_P80_D5_W15,HYB_TX_P85_D2_A80_W15,TX-P80-D5,TX-P85-D2+A80,relative,hybrid,107118,125734,78589,0.5094,False,"agreement on the set of classified county-dates; NOT accuracy. Nested percentiles and durations create subset relationships, so a high value between two nested rules is structural."
REL_TX_P80_D5_W15,HYB_TX_P85_D2_A90_W15,TX-P80-D5,TX-P85-D2+A90,relative,hybrid,107118,81954,59036,0.454,False,"agreement on the set of classified county-dates; NOT accuracy. Nested percentiles and durations create subset relationships, so a high value between two nested rules is structural."
REL_TX_P80_D5_W15,HYB_TX_P85_D3_A80_W15,TX-P80-D5,TX-P85-D3+A80,relative,hybrid,107118,98708,74687,0.5695,False,"agreement on the set of classified county-dates; NOT accuracy. Nested percentiles and durations create subset relationships, so a high value between two nested rules is structural."
REL_TX_P80_D5_W15,HYB_TX_P85_D3_A90_W15,TX-P80-D5,TX-P85-D3+A90,relative,hybrid,107118,68046,56128,0.4715,False,"agreement on the set of classified county-dates; NOT accuracy. Nested percentiles and durations create subset relationships, so a high value between two nested rules is structural."
REL_TX_P80_D5_W15,HYB_TX_P85_D5_A80_W15,TX-P80-D5,TX-P85-D5+A80,relative,hybrid,107118,62370,62370,0.5823,False,"agreement on the set of classified county-dates; NOT accuracy. Nested percentiles and durations create subset relationships, so a high value between two nested rules is structural."
REL_TX_P80_D5_W15,HYB_TX_P85_D5_A90_W15,TX-P80-D5,TX-P85-D5+A90,relative,hybrid,107118,47507,47507,0.4435,False,"agreement on the set of classified county-dates; NOT accuracy. Nested percentiles and durations create subset relationships, so a high value between two nested rules is structural."
REL_TX_P80_D5_W15,HYB_TX_P90_D2_A80_W15,TX-P80-D5,TX-P90-D2+A80,relative,hybrid,107118,87949,60486,0.4494,False,"agreement on the set of classified county-dates; NOT accuracy. Nested percentiles and durations create subset relationships, so a high value between two nested rules is structural."
REL_TX_P80_D5_W15,HYB_TX_P90_D2_A90_W15,TX-P80-D5,TX-P90-D2+A90,relative,hybrid,107118,57954,45443,0.3799,False,"agreement on the set of classified county-dates; NOT accuracy. Nested percentiles and durations create subset relationships, so a high value between two nested rules is structural."
REL_TX_P80_D5_W15,HYB_TX_P90_D3_A80_W15,TX-P80-D5,TX-P90-D3+A80,relative,hybrid,107118,66173,54476,0.4585,False,"agreement on the set of classified county-dates; NOT accuracy. Nested percentiles and durations create subset relationships, so a high value between two nested rules is structural."
REL_TX_P80_D5_W15,HYB_TX_P90_D3_A90_W15,TX-P80-D5,TX-P90-D3+A90,relative,hybrid,107118,46448,41179,0.3664,False,"agreement on the set of classified county-dates; NOT accuracy. Nested percentiles and durations create subset relationships, so a high value between two nested rules is structural."
REL_TX_P80_D5_W15,HYB_TX_P90_D5_A80_W15,TX-P80-D5,TX-P90-D5+A80,relative,hybrid,107118,38549,38549,0.3599,False,"agreement on the set of classified county-dates; NOT accuracy. Nested percentiles and durations create subset relationships, so a high value between two nested rules is structural."
REL_TX_P80_D5_W15,HYB_TX_P90_D5_A90_W15,TX-P80-D5,TX-P90-D5+A90,relative,hybrid,107118,29939,29939,0.2795,False,"agreement on the set of classified county-dates; NOT accuracy. Nested percentiles and durations create subset relationships, so a high value between two nested rules is structural."
REL_TX_P80_D5_W15,ABS_TX_A80_D2,TX-P80-D5,TX->80-D2,relative,absolute,107118,528693,90987,0.167,False,"agreement on the set of classified county-dates; NOT accuracy. Nested percentiles and durations create subset relationships, so a high value between two nested rules is structural."
REL_TX_P80_D5_W15,ABS_TX_A90_D2,TX-P80-D5,TX->90-D2,relative,absolute,107118,280631,68162,0.2133,False,"agreement on the set of classified county-dates; NOT accuracy. Nested percentiles and durations create subset relationships, so a high value between two nested rules is structural."
REL_TX_P80_D5_W15,ABS_TX_A80_D3,TX-P80-D5,TX->80-D3,relative,absolute,107118,508219,89717,0.1707,False,"agreement on the set of classified county-dates; NOT accuracy. Nested percentiles and durations create subset relationships, so a high value between two nested rules is structural."
REL_TX_P80_D5_W15,ABS_TX_A90_D3,TX-P80-D5,TX->90-D3,relative,absolute,107118,267781,66980,0.2175,False,"agreement on the set of classified county-dates; NOT accuracy. Nested percentiles and durations create subset relationships, so a high value between two nested rules is structural."
REL_TX_P80_D5_W15,ABS_TX_A80_D5,TX-P80-D5,TX->80-D5,relative,absolute,107118,473437,87210,0.1768,False,"agreement on the set of classified county-dates; NOT accuracy. Nested percentiles and durations create subset relationships, so a high value between two nested rules is structural."
REL_TX_P80_D5_W15,ABS_TX_A90_D5,TX-P80-D5,TX->90-D5,relative,absolute,107118,246143,64985,0.2254,False,"agreement on the set of classified county-dates; NOT accuracy. Nested percentiles and durations create subset relationships, so a high value between two nested rules is structural."
REL_TX_P85_D2_W15,REL_TX_P85_D3_W15,TX-P85-D2,TX-P85-D3,relative,relative,161004,124812,124812,0.7752,True,"agreement on the set of classified county-dates; NOT accuracy. Nested percentiles and durations create subset relationships, so a high value between two nested rules is structural."
REL_TX_P85_D2_W15,REL_TX_P85_D5_W15,TX-P85-D2,TX-P85-D5,relative,relative,161004,74264,74264,0.4613,True,"agreement on the set of classified county-dates; NOT accuracy. Nested percentiles and durations create subset relationships, so a high value between two nested rules is structural."
REL_TX_P85_D2_W15,REL_TX_P90_D2_W15,TX-P85-D2,TX-P90-D2,relative,relative,161004,108359,108359,0.673,True,"agreement on the set of classified county-dates; NOT accuracy. Nested percentiles and durations create subset relationships, so a high value between two nested rules is structural."
REL_TX_P85_D2_W15,REL_TX_P90_D3_W15,TX-P85-D2,TX-P90-D3,relative,relative,161004,80755,80755,0.5016,False,"agreement on the set of classified county-dates; NOT accuracy. Nested percentiles and durations create subset relationships, so a high value between two nested rules is structural."
REL_TX_P85_D2_W15,REL_TX_P90_D5_W15,TX-P85-D2,TX-P90-D5,relative,relative,161004,45071,45071,0.2799,False,"agreement on the set of classified county-dates; NOT accuracy. Nested percentiles and durations create subset relationships, so a high value between two nested rules is structural."
REL_TX_P85_D2_W15,HYB_TX_P80_D2_A80_W15,TX-P85-D2,TX-P80-D2+A80,relative,hybrid,161004,160847,125734,0.6411,False,"agreement on the set of classified county-dates; NOT accuracy. Nested percentiles and durations create subset relationships, so a high value between two nested rules is structural."
REL_TX_P85_D2_W15,HYB_TX_P80_D2_A90_W15,TX-P85-D2,TX-P80-D2+A90,relative,hybrid,161004,103697,81955,0.4485,False,"agreement on the set of classified county-dates; NOT accuracy. Nested percentiles and durations create subset relationships, so a high value between two nested rules is structural."
REL_TX_P85_D2_W15,HYB_TX_P80_D3_A80_W15,TX-P85-D2,TX-P80-D3+A80,relative,hybrid,161004,130885,107278,0.5811,False,"agreement on the set of classified county-dates; NOT accuracy. Nested percentiles and durations create subset relationships, so a high value between two nested rules is structural."
REL_TX_P85_D2_W15,HYB_TX_P80_D3_A90_W15,TX-P85-D2,TX-P80-D3+A90,relative,hybrid,161004,88741,73019,0.4132,False,"agreement on the set of classified county-dates; NOT accuracy. Nested percentiles and durations create subset relationships, so a high value between two nested rules is structural."
REL_TX_P85_D2_W15,HYB_TX_P80_D5_A80_W15,TX-P85-D2,TX-P80-D5+A80,relative,hybrid,161004,87258,74817,0.4314,False,"agreement on the set of classified county-dates; NOT accuracy. Nested percentiles and durations create subset relationships, so a high value between two nested rules is structural."
REL_TX_P85_D2_W15,HYB_TX_P80_D5_A90_W15,TX-P85-D2,TX-P80-D5+A90,relative,hybrid,161004,64975,55905,0.3287,False,"agreement on the set of classified county-dates; NOT accuracy. Nested percentiles and durations create subset relationships, so a high value between two nested rules is structural."
REL_TX_P85_D2_W15,HYB_TX_P85_D2_A80_W15,TX-P85-D2,TX-P85-D2+A80,relative,hybrid,161004,125734,125734,0.7809,False,"agreement on the set of classified county-dates; NOT accuracy. Nested percentiles and durations create subset relationships, so a high value between two nested rules is structural."
REL_TX_P85_D2_W15,HYB_TX_P85_D2_A90_W15,TX-P85-D2,TX-P85-D2+A90,relative,hybrid,161004,81954,81954,0.509,False,"agreement on the set of classified county-dates; NOT accuracy. Nested percentiles and durations create subset relationships, so a high value between two nested rules is structural."
REL_TX_P85_D2_W15,HYB_TX_P85_D3_A80_W15,TX-P85-D2,TX-P85-D3+A80,relative,hybrid,161004,98708,98708,0.6131,False,"agreement on the set of classified county-dates; NOT accuracy. Nested percentiles and durations create subset relationships, so a high value between two nested rules is structural."
REL_TX_P85_D2_W15,HYB_TX_P85_D3_A90_W15,TX-P85-D2,TX-P85-D3+A90,relative,hybrid,161004,68046,68046,0.4226,False,"agreement on the set of classified county-dates; NOT accuracy. Nested percentiles and durations create subset relationships, so a high value between two nested rules is structural."
REL_TX_P85_D2_W15,HYB_TX_P85_D5_A80_W15,TX-P85-D2,TX-P85-D5+A80,relative,hybrid,161004,62370,62370,0.3874,False,"agreement on the set of classified county-dates; NOT accuracy. Nested percentiles and durations create subset relationships, so a high value between two nested rules is structural."
REL_TX_P85_D2_W15,HYB_TX_P85_D5_A90_W15,TX-P85-D2,TX-P85-D5+A90,relative,hybrid,161004,47507,47507,0.2951,False,"agreement on the set of classified county-dates; NOT accuracy. Nested percentiles and durations create subset relationships, so a high value between two nested rules is structural."
REL_TX_P85_D2_W15,HYB_TX_P90_D2_A80_W15,TX-P85-D2,TX-P90-D2+A80,relative,hybrid,161004,87949,87949,0.5463,False,"agreement on the set of classified county-dates; NOT accuracy. Nested percentiles and durations create subset relationships, so a high value between two nested rules is structural."
REL_TX_P85_D2_W15,HYB_TX_P90_D2_A90_W15,TX-P85-D2,TX-P90-D2+A90,relative,hybrid,161004,57954,57954,0.36,False,"agreement on the set of classified county-dates; NOT accuracy. Nested percentiles and durations create subset relationships, so a high value between two nested rules is structural."
REL_TX_P85_D2_W15,HYB_TX_P90_D3_A80_W15,TX-P85-D2,TX-P90-D3+A80,relative,hybrid,161004,66173,66173,0.411,False,"agreement on the set of classified county-dates; NOT accuracy. Nested percentiles and durations create subset relationships, so a high value between two nested rules is structural."
REL_TX_P85_D2_W15,HYB_TX_P90_D3_A90_W15,TX-P85-D2,TX-P90-D3+A90,relative,hybrid,161004,46448,46448,0.2885,False,"agreement on the set of classified county-dates; NOT accuracy. Nested percentiles and durations create subset relationships, so a high value between two nested rules is structural."
REL_TX_P85_D2_W15,HYB_TX_P90_D5_A80_W15,TX-P85-D2,TX-P90-D5+A80,relative,hybrid,161004,38549,38549,0.2394,False,"agreement on the set of classified county-dates; NOT accuracy. Nested percentiles and durations create subset relationships, so a high value between two nested rules is structural."
REL_TX_P85_D2_W15,HYB_TX_P90_D5_A90_W15,TX-P85-D2,TX-P90-D5+A90,relative,hybrid,161004,29939,29939,0.186,False,"agreement on the set of classified county-dates; NOT accuracy. Nested percentiles and durations create subset relationships, so a high value between two nested rules is structural."
REL_TX_P85_D2_W15,ABS_TX_A80_D2,TX-P85-D2,TX->80-D2,relative,absolute,161004,528693,125586,0.2226,False,"agreement on the set of classified county-dates; NOT accuracy. Nested percentiles and durations create subset relationships, so a high value between two nested rules is structural."
REL_TX_P85_D2_W15,ABS_TX_A90_D2,TX-P85-D2,TX->90-D2,relative,absolute,161004,280631,81955,0.2279,False,"agreement on the set of classified county-dates; NOT accuracy. Nested percentiles and durations create subset relationships, so a high value between two nested rules is structural."
REL_TX_P85_D2_W15,ABS_TX_A80_D3,TX-P85-D2,TX->80-D3,relative,absolute,161004,508219,117042,0.212,False,"agreement on the set of classified county-dates; NOT accuracy. Nested percentiles and durations create subset relationships, so a high value between two nested rules is structural."
REL_TX_P85_D2_W15,ABS_TX_A90_D3,TX-P85-D2,TX->90-D3,relative,absolute,161004,267781,77079,0.2192,False,"agreement on the set of classified county-dates; NOT accuracy. Nested percentiles and durations create subset relationships, so a high value between two nested rules is structural."
REL_TX_P85_D2_W15,ABS_TX_A80_D5,TX-P85-D2,TX->80-D5,relative,absolute,161004,473437,103168,0.1942,False,"agreement on the set of classified county-dates; NOT accuracy. Nested percentiles and durations create subset relationships, so a high value between two nested rules is structural."
REL_TX_P85_D2_W15,ABS_TX_A90_D5,TX-P85-D2,TX->90-D5,relative,absolute,161004,246143,70905,0.2109,False,"agreement on the set of classified county-dates; NOT accuracy. Nested percentiles and durations create subset relationships, so a high value between two nested rules is structural."
REL_TX_P85_D3_W15,REL_TX_P85_D5_W15,TX-P85-D3,TX-P85-D5,relative,relative,124812,74264,74264,0.595,True,"agreement on the set of classified county-dates; NOT accuracy. Nested percentiles and durations create subset relationships, so a high value between two nested rules is structural."
REL_TX_P85_D3_W15,REL_TX_P90_D2_W15,TX-P85-D3,TX-P90-D2,relative,relative,124812,108359,92477,0.6573,False,"agreement on the set of classified county-dates; NOT accuracy. Nested percentiles and durations create subset relationships, so a high value between two nested rules is structural."
REL_TX_P85_D3_W15,REL_TX_P90_D3_W15,TX-P85-D3,TX-P90-D3,relative,relative,124812,80755,80755,0.647,True,"agreement on the set of classified county-dates; NOT accuracy. Nested percentiles and durations create subset relationships, so a high value between two nested rules is structural."
REL_TX_P85_D3_W15,REL_TX_P90_D5_W15,TX-P85-D3,TX-P90-D5,relative,relative,124812,45071,45071,0.3611,False,"agreement on the set of classified county-dates; NOT accuracy. Nested percentiles and durations create subset relationships, so a high value between two nested rules is structural."
REL_TX_P85_D3_W15,HYB_TX_P80_D2_A80_W15,TX-P85-D3,TX-P80-D2+A80,relative,hybrid,124812,160847,101398,0.5503,False,"agreement on the set of classified county-dates; NOT accuracy. Nested percentiles and durations create subset relationships, so a high value between two nested rules is structural."
REL_TX_P85_D3_W15,HYB_TX_P80_D2_A90_W15,TX-P85-D3,TX-P80-D2+A90,relative,hybrid,124812,103697,69868,0.4404,False,"agreement on the set of classified county-dates; NOT accuracy. Nested percentiles and durations create subset relationships, so a high value between two nested rules is structural."
REL_TX_P85_D3_W15,HYB_TX_P80_D3_A80_W15,TX-P85-D3,TX-P80-D3+A80,relative,hybrid,124812,130885,98708,0.6288,False,"agreement on the set of classified county-dates; NOT accuracy. Nested percentiles and durations create subset relationships, so a high value between two nested rules is structural."
REL_TX_P85_D3_W15,HYB_TX_P80_D3_A90_W15,TX-P85-D3,TX-P80-D3+A90,relative,hybrid,124812,88741,68050,0.4677,False,"agreement on the set of classified county-dates; NOT accuracy. Nested percentiles and durations create subset relationships, so a high value between two nested rules is structural."
REL_TX_P85_D3_W15,HYB_TX_P80_D5_A80_W15,TX-P85-D3,TX-P80-D5+A80,relative,hybrid,124812,87258,72201,0.5162,False,"agreement on the set of classified county-dates; NOT accuracy. Nested percentiles and durations create subset relationships, so a high value between two nested rules is structural."
REL_TX_P85_D3_W15,HYB_TX_P80_D5_A90_W15,TX-P85-D3,TX-P80-D5+A90,relative,hybrid,124812,64975,54201,0.3998,False,"agreement on the set of classified county-dates; NOT accuracy. Nested percentiles and durations create subset relationships, so a high value between two nested rules is structural."
REL_TX_P85_D3_W15,HYB_TX_P85_D2_A80_W15,TX-P85-D3,TX-P85-D2+A80,relative,hybrid,124812,125734,101398,0.6798,False,"agreement on the set of classified county-dates; NOT accuracy. Nested percentiles and durations create subset relationships, so a high value between two nested rules is structural."
REL_TX_P85_D3_W15,HYB_TX_P85_D2_A90_W15,TX-P85-D3,TX-P85-D2+A90,relative,hybrid,124812,81954,69868,0.5104,False,"agreement on the set of classified county-dates; NOT accuracy. Nested percentiles and durations create subset relationships, so a high value between two nested rules is structural."
REL_TX_P85_D3_W15,HYB_TX_P85_D3_A80_W15,TX-P85-D3,TX-P85-D3+A80,relative,hybrid,124812,98708,98708,0.7909,False,"agreement on the set of classified county-dates; NOT accuracy. Nested percentiles and durations create subset relationships, so a high value between two nested rules is structural."
REL_TX_P85_D3_W15,HYB_TX_P85_D3_A90_W15,TX-P85-D3,TX-P85-D3+A90,relative,hybrid,124812,68046,68046,0.5452,False,"agreement on the set of classified county-dates; NOT accuracy. Nested percentiles and durations create subset relationships, so a high value between two nested rules is structural."
REL_TX_P85_D3_W15,HYB_TX_P85_D5_A80_W15,TX-P85-D3,TX-P85-D5+A80,relative,hybrid,124812,62370,62370,0.4997,False,"agreement on the set of classified county-dates; NOT accuracy. Nested percentiles and durations create subset relationships, so a high value between two nested rules is structural."
REL_TX_P85_D3_W15,HYB_TX_P85_D5_A90_W15,TX-P85-D3,TX-P85-D5+A90,relative,hybrid,124812,47507,47507,0.3806,False,"agreement on the set of classified county-dates; NOT accuracy. Nested percentiles and durations create subset relationships, so a high value between two nested rules is structural."
REL_TX_P85_D3_W15,HYB_TX_P90_D2_A80_W15,TX-P85-D3,TX-P90-D2+A80,relative,hybrid,124812,87949,76729,0.5641,False,"agreement on the set of classified county-dates; NOT accuracy. Nested percentiles and durations create subset relationships, so a high value between two nested rules is structural."
REL_TX_P85_D3_W15,HYB_TX_P90_D2_A90_W15,TX-P85-D3,TX-P90-D2+A90,relative,hybrid,124812,57954,52906,0.4074,False,"agreement on the set of classified county-dates; NOT accuracy. Nested percentiles and durations create subset relationships, so a high value between two nested rules is structural."
REL_TX_P85_D3_W15,HYB_TX_P90_D3_A80_W15,TX-P85-D3,TX-P90-D3+A80,relative,hybrid,124812,66173,66173,0.5302,False,"agreement on the set of classified county-dates; NOT accuracy. Nested percentiles and durations create subset relationships, so a high value between two nested rules is structural."
REL_TX_P85_D3_W15,HYB_TX_P90_D3_A90_W15,TX-P85-D3,TX-P90-D3+A90,relative,hybrid,124812,46448,46448,0.3721,False,"agreement on the set of classified county-dates; NOT accuracy. Nested percentiles and durations create subset relationships, so a high value between two nested rules is structural."
REL_TX_P85_D3_W15,HYB_TX_P90_D5_A80_W15,TX-P85-D3,TX-P90-D5+A80,relative,hybrid,124812,38549,38549,0.3089,False,"agreement on the set of classified county-dates; NOT accuracy. Nested percentiles and durations create subset relationships, so a high value between two nested rules is structural."
REL_TX_P85_D3_W15,HYB_TX_P90_D5_A90_W15,TX-P85-D3,TX-P90-D5+A90,relative,hybrid,124812,29939,29939,0.2399,False,"agreement on the set of classified county-dates; NOT accuracy. Nested percentiles and durations create subset relationships, so a high value between two nested rules is structural."
REL_TX_P85_D3_W15,ABS_TX_A80_D2,TX-P85-D3,TX->80-D2,relative,absolute,124812,528693,101278,0.1834,False,"agreement on the set of classified county-dates; NOT accuracy. Nested percentiles and durations create subset relationships, so a high value between two nested rules is structural."
REL_TX_P85_D3_W15,ABS_TX_A90_D2,TX-P85-D3,TX->90-D2,relative,absolute,124812,280631,69868,0.2082,False,"agreement on the set of classified county-dates; NOT accuracy. Nested percentiles and durations create subset relationships, so a high value between two nested rules is structural."
REL_TX_P85_D3_W15,ABS_TX_A80_D3,TX-P85-D3,TX->80-D3,relative,absolute,124812,508219,98618,0.1845,False,"agreement on the set of classified county-dates; NOT accuracy. Nested percentiles and durations create subset relationships, so a high value between two nested rules is structural."
REL_TX_P85_D3_W15,ABS_TX_A90_D3,TX-P85-D3,TX->90-D3,relative,absolute,124812,267781,68050,0.2097,False,"agreement on the set of classified county-dates; NOT accuracy. Nested percentiles and durations create subset relationships, so a high value between two nested rules is structural."
REL_TX_P85_D3_W15,ABS_TX_A80_D5,TX-P85-D3,TX->80-D5,relative,absolute,124812,473437,88002,0.1725,False,"agreement on the set of classified county-dates; NOT accuracy. Nested percentiles and durations create subset relationships, so a high value between two nested rules is structural."
REL_TX_P85_D3_W15,ABS_TX_A90_D5,TX-P85-D3,TX->90-D5,relative,absolute,124812,246143,63045,0.2048,False,"agreement on the set of classified county-dates; NOT accuracy. Nested percentiles and durations create subset relationships, so a high value between two nested rules is structural."
REL_TX_P85_D5_W15,REL_TX_P90_D2_W15,TX-P85-D5,TX-P90-D2,relative,relative,74264,108359,59401,0.4821,False,"agreement on the set of classified county-dates; NOT accuracy. Nested percentiles and durations create subset relationships, so a high value between two nested rules is structural."
REL_TX_P85_D5_W15,REL_TX_P90_D3_W15,TX-P85-D5,TX-P90-D3,relative,relative,74264,80755,56465,0.5729,False,"agreement on the set of classified county-dates; NOT accuracy. Nested percentiles and durations create subset relationships, so a high value between two nested rules is structural."
REL_TX_P85_D5_W15,REL_TX_P90_D5_W15,TX-P85-D5,TX-P90-D5,relative,relative,74264,45071,45071,0.6069,True,"agreement on the set of classified county-dates; NOT accuracy. Nested percentiles and durations create subset relationships, so a high value between two nested rules is structural."
REL_TX_P85_D5_W15,HYB_TX_P80_D2_A80_W15,TX-P85-D5,TX-P80-D2+A80,relative,hybrid,74264,160847,64880,0.3811,False,"agreement on the set of classified county-dates; NOT accuracy. Nested percentiles and durations create subset relationships, so a high value between two nested rules is structural."
REL_TX_P85_D5_W15,HYB_TX_P80_D2_A90_W15,TX-P85-D5,TX-P80-D2+A90,relative,hybrid,74264,103697,49439,0.3847,False,"agreement on the set of classified county-dates; NOT accuracy. Nested percentiles and durations create subset relationships, so a high value between two nested rules is structural."
REL_TX_P85_D5_W15,HYB_TX_P80_D3_A80_W15,TX-P85-D5,TX-P80-D3+A80,relative,hybrid,74264,130885,64068,0.4541,False,"agreement on the set of classified county-dates; NOT accuracy. Nested percentiles and durations create subset relationships, so a high value between two nested rules is structural."
REL_TX_P85_D5_W15,HYB_TX_P80_D3_A90_W15,TX-P85-D5,TX-P80-D3+A90,relative,hybrid,74264,88741,48719,0.4263,False,"agreement on the set of classified county-dates; NOT accuracy. Nested percentiles and durations create subset relationships, so a high value between two nested rules is structural."
REL_TX_P85_D5_W15,HYB_TX_P80_D5_A80_W15,TX-P85-D5,TX-P80-D5+A80,relative,hybrid,74264,87258,62374,0.6291,False,"agreement on the set of classified county-dates; NOT accuracy. Nested percentiles and durations create subset relationships, so a high value between two nested rules is structural."
REL_TX_P85_D5_W15,HYB_TX_P80_D5_A90_W15,TX-P85-D5,TX-P80-D5+A90,relative,hybrid,74264,64975,47519,0.5181,False,"agreement on the set of classified county-dates; NOT accuracy. Nested percentiles and durations create subset relationships, so a high value between two nested rules is structural."
REL_TX_P85_D5_W15,HYB_TX_P85_D2_A80_W15,TX-P85-D5,TX-P85-D2+A80,relative,hybrid,74264,125734,64880,0.4802,False,"agreement on the set of classified county-dates; NOT accuracy. Nested percentiles and durations create subset relationships, so a high value between two nested rules is structural."
REL_TX_P85_D5_W15,HYB_TX_P85_D2_A90_W15,TX-P85-D5,TX-P85-D2+A90,relative,hybrid,74264,81954,49439,0.463,False,"agreement on the set of classified county-dates; NOT accuracy. Nested percentiles and durations create subset relationships, so a high value between two nested rules is structural."
REL_TX_P85_D5_W15,HYB_TX_P85_D3_A80_W15,TX-P85-D5,TX-P85-D3+A80,relative,hybrid,74264,98708,64068,0.5883,False,"agreement on the set of classified county-dates; NOT accuracy. Nested percentiles and durations create subset relationships, so a high value between two nested rules is structural."
REL_TX_P85_D5_W15,HYB_TX_P85_D3_A90_W15,TX-P85-D5,TX-P85-D3+A90,relative,hybrid,74264,68046,48719,0.5206,False,"agreement on the set of classified county-dates; NOT accuracy. Nested percentiles and durations create subset relationships, so a high value between two nested rules is structural."
REL_TX_P85_D5_W15,HYB_TX_P85_D5_A80_W15,TX-P85-D5,TX-P85-D5+A80,relative,hybrid,74264,62370,62370,0.8398,False,"agreement on the set of classified county-dates; NOT accuracy. Nested percentiles and durations create subset relationships, so a high value between two nested rules is structural."
REL_TX_P85_D5_W15,HYB_TX_P85_D5_A90_W15,TX-P85-D5,TX-P85-D5+A90,relative,hybrid,74264,47507,47507,0.6397,False,"agreement on the set of classified county-dates; NOT accuracy. Nested percentiles and durations create subset relationships, so a high value between two nested rules is structural."
REL_TX_P85_D5_W15,HYB_TX_P90_D2_A80_W15,TX-P85-D5,TX-P90-D2+A80,relative,hybrid,74264,87949,52343,0.4764,False,"agreement on the set of classified county-dates; NOT accuracy. Nested percentiles and durations create subset relationships, so a high value between two nested rules is structural."
REL_TX_P85_D5_W15,HYB_TX_P90_D2_A90_W15,TX-P85-D5,TX-P90-D2+A90,relative,hybrid,74264,57954,39925,0.4326,False,"agreement on the set of classified county-dates; NOT accuracy. Nested percentiles and durations create subset relationships, so a high value between two nested rules is structural."
REL_TX_P85_D5_W15,HYB_TX_P90_D3_A80_W15,TX-P85-D5,TX-P90-D3+A80,relative,hybrid,74264,66173,49157,0.5385,False,"agreement on the set of classified county-dates; NOT accuracy. Nested percentiles and durations create subset relationships, so a high value between two nested rules is structural."
REL_TX_P85_D5_W15,HYB_TX_P90_D3_A90_W15,TX-P85-D5,TX-P90-D3+A90,relative,hybrid,74264,46448,37611,0.4526,False,"agreement on the set of classified county-dates; NOT accuracy. Nested percentiles and durations create subset relationships, so a high value between two nested rules is structural."
REL_TX_P85_D5_W15,HYB_TX_P90_D5_A80_W15,TX-P85-D5,TX-P90-D5+A80,relative,hybrid,74264,38549,38549,0.5191,False,"agreement on the set of classified county-dates; NOT accuracy. Nested percentiles and durations create subset relationships, so a high value between two nested rules is structural."
REL_TX_P85_D5_W15,HYB_TX_P90_D5_A90_W15,TX-P85-D5,TX-P90-D5+A90,relative,hybrid,74264,29939,29939,0.4031,False,"agreement on the set of classified county-dates; NOT accuracy. Nested percentiles and durations create subset relationships, so a high value between two nested rules is structural."
REL_TX_P85_D5_W15,ABS_TX_A80_D2,TX-P85-D5,TX->80-D2,relative,absolute,74264,528693,64818,0.1204,False,"agreement on the set of classified county-dates; NOT accuracy. Nested percentiles and durations create subset relationships, so a high value between two nested rules is structural."
REL_TX_P85_D5_W15,ABS_TX_A90_D2,TX-P85-D5,TX->90-D2,relative,absolute,74264,280631,49439,0.1619,False,"agreement on the set of classified county-dates; NOT accuracy. Nested percentiles and durations create subset relationships, so a high value between two nested rules is structural."
REL_TX_P85_D5_W15,ABS_TX_A80_D3,TX-P85-D5,TX->80-D3,relative,absolute,74264,508219,64014,0.1235,False,"agreement on the set of classified county-dates; NOT accuracy. Nested percentiles and durations create subset relationships, so a high value between two nested rules is structural."
REL_TX_P85_D5_W15,ABS_TX_A90_D3,TX-P85-D5,TX->90-D3,relative,absolute,74264,267781,48719,0.1661,False,"agreement on the set of classified county-dates; NOT accuracy. Nested percentiles and durations create subset relationships, so a high value between two nested rules is structural."
REL_TX_P85_D5_W15,ABS_TX_A80_D5,TX-P85-D5,TX->80-D5,relative,absolute,74264,473437,62339,0.1284,False,"agreement on the set of classified county-dates; NOT accuracy. Nested percentiles and durations create subset relationships, so a high value between two nested rules is structural."
REL_TX_P85_D5_W15,ABS_TX_A90_D5,TX-P85-D5,TX->90-D5,relative,absolute,74264,246143,47519,0.1741,False,"agreement on the set of classified county-dates; NOT accuracy. Nested percentiles and durations create subset relationships, so a high value between two nested rules is structural."
REL_TX_P90_D2_W15,REL_TX_P90_D3_W15,TX-P90-D2,TX-P90-D3,relative,relative,108359,80755,80755,0.7453,True,"agreement on the set of classified county-dates; NOT accuracy. Nested percentiles and durations create subset relationships, so a high value between two nested rules is structural."
REL_TX_P90_D2_W15,REL_TX_P90_D5_W15,TX-P90-D2,TX-P90-D5,relative,relative,108359,45071,45071,0.4159,True,"agreement on the set of classified county-dates; NOT accuracy. Nested percentiles and durations create subset relationships, so a high value between two nested rules is structural."
REL_TX_P90_D2_W15,HYB_TX_P80_D2_A80_W15,TX-P90-D2,TX-P80-D2+A80,relative,hybrid,108359,160847,87949,0.4852,False,"agreement on the set of classified county-dates; NOT accuracy. Nested percentiles and durations create subset relationships, so a high value between two nested rules is structural."
REL_TX_P90_D2_W15,HYB_TX_P80_D2_A90_W15,TX-P90-D2,TX-P80-D2+A90,relative,hybrid,108359,103697,57957,0.3761,False,"agreement on the set of classified county-dates; NOT accuracy. Nested percentiles and durations create subset relationships, so a high value between two nested rules is structural."
REL_TX_P90_D2_W15,HYB_TX_P80_D3_A80_W15,TX-P90-D2,TX-P80-D3+A80,relative,hybrid,108359,130885,77525,0.4794,False,"agreement on the set of classified county-dates; NOT accuracy. Nested percentiles and durations create subset relationships, so a high value between two nested rules is structural."
REL_TX_P90_D2_W15,HYB_TX_P80_D3_A90_W15,TX-P90-D2,TX-P80-D3+A90,relative,hybrid,108359,88741,52878,0.3666,False,"agreement on the set of classified county-dates; NOT accuracy. Nested percentiles and durations create subset relationships, so a high value between two nested rules is structural."
REL_TX_P90_D2_W15,HYB_TX_P80_D5_A80_W15,TX-P90-D2,TX-P80-D5+A80,relative,hybrid,108359,87258,56943,0.4106,False,"agreement on the set of classified county-dates; NOT accuracy. Nested percentiles and durations create subset relationships, so a high value between two nested rules is structural."
REL_TX_P90_D2_W15,HYB_TX_P80_D5_A90_W15,TX-P90-D2,TX-P80-D5+A90,relative,hybrid,108359,64975,42620,0.3261,False,"agreement on the set of classified county-dates; NOT accuracy. Nested percentiles and durations create subset relationships, so a high value between two nested rules is structural."
REL_TX_P90_D2_W15,HYB_TX_P85_D2_A80_W15,TX-P90-D2,TX-P85-D2+A80,relative,hybrid,108359,125734,87949,0.6018,False,"agreement on the set of classified county-dates; NOT accuracy. Nested percentiles and durations create subset relationships, so a high value between two nested rules is structural."
REL_TX_P90_D2_W15,HYB_TX_P85_D2_A90_W15,TX-P90-D2,TX-P85-D2+A90,relative,hybrid,108359,81954,57957,0.4379,False,"agreement on the set of classified county-dates; NOT accuracy. Nested percentiles and durations create subset relationships, so a high value between two nested rules is structural."
REL_TX_P90_D2_W15,HYB_TX_P85_D3_A80_W15,TX-P90-D2,TX-P85-D3+A80,relative,hybrid,108359,98708,74131,0.5576,False,"agreement on the set of classified county-dates; NOT accuracy. Nested percentiles and durations create subset relationships, so a high value between two nested rules is structural."
REL_TX_P90_D2_W15,HYB_TX_P85_D3_A90_W15,TX-P90-D2,TX-P85-D3+A90,relative,hybrid,108359,68046,51164,0.4085,False,"agreement on the set of classified county-dates; NOT accuracy. Nested percentiles and durations create subset relationships, so a high value between two nested rules is structural."
REL_TX_P90_D2_W15,HYB_TX_P85_D5_A80_W15,TX-P90-D2,TX-P85-D5+A80,relative,hybrid,108359,62370,49867,0.4126,False,"agreement on the set of classified county-dates; NOT accuracy. Nested percentiles and durations create subset relationships, so a high value between two nested rules is structural."
REL_TX_P90_D2_W15,HYB_TX_P85_D5_A90_W15,TX-P90-D2,TX-P85-D5+A90,relative,hybrid,108359,47507,38076,0.3233,False,"agreement on the set of classified county-dates; NOT accuracy. Nested percentiles and durations create subset relationships, so a high value between two nested rules is structural."
REL_TX_P90_D2_W15,HYB_TX_P90_D2_A80_W15,TX-P90-D2,TX-P90-D2+A80,relative,hybrid,108359,87949,87949,0.8116,False,"agreement on the set of classified county-dates; NOT accuracy. Nested percentiles and durations create subset relationships, so a high value between two nested rules is structural."
REL_TX_P90_D2_W15,HYB_TX_P90_D2_A90_W15,TX-P90-D2,TX-P90-D2+A90,relative,hybrid,108359,57954,57954,0.5348,False,"agreement on the set of classified county-dates; NOT accuracy. Nested percentiles and durations create subset relationships, so a high value between two nested rules is structural."
REL_TX_P90_D2_W15,HYB_TX_P90_D3_A80_W15,TX-P90-D2,TX-P90-D3+A80,relative,hybrid,108359,66173,66173,0.6107,False,"agreement on the set of classified county-dates; NOT accuracy. Nested percentiles and durations create subset relationships, so a high value between two nested rules is structural."
REL_TX_P90_D2_W15,HYB_TX_P90_D3_A90_W15,TX-P90-D2,TX-P90-D3+A90,relative,hybrid,108359,46448,46448,0.4286,False,"agreement on the set of classified county-dates; NOT accuracy. Nested percentiles and durations create subset relationships, so a high value between two nested rules is structural."
REL_TX_P90_D2_W15,HYB_TX_P90_D5_A80_W15,TX-P90-D2,TX-P90-D5+A80,relative,hybrid,108359,38549,38549,0.3558,False,"agreement on the set of classified county-dates; NOT accuracy. Nested percentiles and durations create subset relationships, so a high value between two nested rules is structural."
REL_TX_P90_D2_W15,HYB_TX_P90_D5_A90_W15,TX-P90-D2,TX-P90-D5+A90,relative,hybrid,108359,29939,29939,0.2763,False,"agreement on the set of classified county-dates; NOT accuracy. Nested percentiles and durations create subset relationships, so a high value between two nested rules is structural."
REL_TX_P90_D2_W15,ABS_TX_A80_D2,TX-P90-D2,TX->80-D2,relative,absolute,108359,528693,87839,0.1599,False,"agreement on the set of classified county-dates; NOT accuracy. Nested percentiles and durations create subset relationships, so a high value between two nested rules is structural."
REL_TX_P90_D2_W15,ABS_TX_A90_D2,TX-P90-D2,TX->90-D2,relative,absolute,108359,280631,57957,0.1751,False,"agreement on the set of classified county-dates; NOT accuracy. Nested percentiles and durations create subset relationships, so a high value between two nested rules is structural."
REL_TX_P90_D2_W15,ABS_TX_A80_D3,TX-P90-D2,TX->80-D3,relative,absolute,108359,508219,81567,0.1525,False,"agreement on the set of classified county-dates; NOT accuracy. Nested percentiles and durations create subset relationships, so a high value between two nested rules is structural."
REL_TX_P90_D2_W15,ABS_TX_A90_D3,TX-P90-D2,TX->90-D3,relative,absolute,108359,267781,54310,0.1688,False,"agreement on the set of classified county-dates; NOT accuracy. Nested percentiles and durations create subset relationships, so a high value between two nested rules is structural."
REL_TX_P90_D2_W15,ABS_TX_A80_D5,TX-P90-D2,TX->80-D5,relative,absolute,108359,473437,71583,0.1403,False,"agreement on the set of classified county-dates; NOT accuracy. Nested percentiles and durations create subset relationships, so a high value between two nested rules is structural."
REL_TX_P90_D2_W15,ABS_TX_A90_D5,TX-P90-D2,TX->90-D5,relative,absolute,108359,246143,50046,0.1644,False,"agreement on the set of classified county-dates; NOT accuracy. Nested percentiles and durations create subset relationships, so a high value between two nested rules is structural."
REL_TX_P90_D3_W15,REL_TX_P90_D5_W15,TX-P90-D3,TX-P90-D5,relative,relative,80755,45071,45071,0.5581,True,"agreement on the set of classified county-dates; NOT accuracy. Nested percentiles and durations create subset relationships, so a high value between two nested rules is structural."
REL_TX_P90_D3_W15,HYB_TX_P80_D2_A80_W15,TX-P90-D3,TX-P80-D2+A80,relative,hybrid,80755,160847,67761,0.3898,False,"agreement on the set of classified county-dates; NOT accuracy. Nested percentiles and durations create subset relationships, so a high value between two nested rules is structural."
REL_TX_P90_D3_W15,HYB_TX_P80_D2_A90_W15,TX-P90-D3,TX-P80-D2+A90,relative,hybrid,80755,103697,47582,0.3476,False,"agreement on the set of classified county-dates; NOT accuracy. Nested percentiles and durations create subset relationships, so a high value between two nested rules is structural."
REL_TX_P90_D3_W15,HYB_TX_P80_D3_A80_W15,TX-P90-D3,TX-P80-D3+A80,relative,hybrid,80755,130885,66173,0.4549,False,"agreement on the set of classified county-dates; NOT accuracy. Nested percentiles and durations create subset relationships, so a high value between two nested rules is structural."
REL_TX_P90_D3_W15,HYB_TX_P80_D3_A90_W15,TX-P90-D3,TX-P80-D3+A90,relative,hybrid,80755,88741,46450,0.3775,False,"agreement on the set of classified county-dates; NOT accuracy. Nested percentiles and durations create subset relationships, so a high value between two nested rules is structural."
REL_TX_P90_D3_W15,HYB_TX_P80_D5_A80_W15,TX-P90-D3,TX-P80-D5+A80,relative,hybrid,80755,87258,52219,0.451,False,"agreement on the set of classified county-dates; NOT accuracy. Nested percentiles and durations create subset relationships, so a high value between two nested rules is structural."
REL_TX_P90_D3_W15,HYB_TX_P80_D5_A90_W15,TX-P90-D3,TX-P80-D5+A90,relative,hybrid,80755,64975,39500,0.3718,False,"agreement on the set of classified county-dates; NOT accuracy. Nested percentiles and durations create subset relationships, so a high value between two nested rules is structural."
REL_TX_P90_D3_W15,HYB_TX_P85_D2_A80_W15,TX-P90-D3,TX-P85-D2+A80,relative,hybrid,80755,125734,67761,0.4884,False,"agreement on the set of classified county-dates; NOT accuracy. Nested percentiles and durations create subset relationships, so a high value between two nested rules is structural."
REL_TX_P90_D3_W15,HYB_TX_P85_D2_A90_W15,TX-P90-D3,TX-P85-D2+A90,relative,hybrid,80755,81954,47582,0.4133,False,"agreement on the set of classified county-dates; NOT accuracy. Nested percentiles and durations create subset relationships, so a high value between two nested rules is structural."
REL_TX_P90_D3_W15,HYB_TX_P85_D3_A80_W15,TX-P90-D3,TX-P85-D3+A80,relative,hybrid,80755,98708,66173,0.5841,False,"agreement on the set of classified county-dates; NOT accuracy. Nested percentiles and durations create subset relationships, so a high value between two nested rules is structural."
REL_TX_P90_D3_W15,HYB_TX_P85_D3_A90_W15,TX-P90-D3,TX-P85-D3+A90,relative,hybrid,80755,68046,46450,0.4538,False,"agreement on the set of classified county-dates; NOT accuracy. Nested percentiles and durations create subset relationships, so a high value between two nested rules is structural."
REL_TX_P90_D3_W15,HYB_TX_P85_D5_A80_W15,TX-P90-D3,TX-P85-D5+A80,relative,hybrid,80755,62370,47495,0.4967,False,"agreement on the set of classified county-dates; NOT accuracy. Nested percentiles and durations create subset relationships, so a high value between two nested rules is structural."
REL_TX_P90_D3_W15,HYB_TX_P85_D5_A90_W15,TX-P90-D3,TX-P85-D5+A90,relative,hybrid,80755,47507,36474,0.3974,False,"agreement on the set of classified county-dates; NOT accuracy. Nested percentiles and durations create subset relationships, so a high value between two nested rules is structural."
REL_TX_P90_D3_W15,HYB_TX_P90_D2_A80_W15,TX-P90-D3,TX-P90-D2+A80,relative,hybrid,80755,87949,67761,0.6713,False,"agreement on the set of classified county-dates; NOT accuracy. Nested percentiles and durations create subset relationships, so a high value between two nested rules is structural."
REL_TX_P90_D3_W15,HYB_TX_P90_D2_A90_W15,TX-P90-D3,TX-P90-D2+A90,relative,hybrid,80755,57954,47580,0.5221,False,"agreement on the set of classified county-dates; NOT accuracy. Nested percentiles and durations create subset relationships, so a high value between two nested rules is structural."
REL_TX_P90_D3_W15,HYB_TX_P90_D3_A80_W15,TX-P90-D3,TX-P90-D3+A80,relative,hybrid,80755,66173,66173,0.8194,False,"agreement on the set of classified county-dates; NOT accuracy. Nested percentiles and durations create subset relationships, so a high value between two nested rules is structural."
REL_TX_P90_D3_W15,HYB_TX_P90_D3_A90_W15,TX-P90-D3,TX-P90-D3+A90,relative,hybrid,80755,46448,46448,0.5752,False,"agreement on the set of classified county-dates; NOT accuracy. Nested percentiles and durations create subset relationships, so a high value between two nested rules is structural."
REL_TX_P90_D3_W15,HYB_TX_P90_D5_A80_W15,TX-P90-D3,TX-P90-D5+A80,relative,hybrid,80755,38549,38549,0.4774,False,"agreement on the set of classified county-dates; NOT accuracy. Nested percentiles and durations create subset relationships, so a high value between two nested rules is structural."
REL_TX_P90_D3_W15,HYB_TX_P90_D5_A90_W15,TX-P90-D3,TX-P90-D5+A90,relative,hybrid,80755,29939,29939,0.3707,False,"agreement on the set of classified county-dates; NOT accuracy. Nested percentiles and durations create subset relationships, so a high value between two nested rules is structural."
REL_TX_P90_D3_W15,ABS_TX_A80_D2,TX-P90-D3,TX->80-D2,relative,absolute,80755,528693,67671,0.1249,False,"agreement on the set of classified county-dates; NOT accuracy. Nested percentiles and durations create subset relationships, so a high value between two nested rules is structural."
REL_TX_P90_D3_W15,ABS_TX_A90_D2,TX-P90-D3,TX->90-D2,relative,absolute,80755,280631,47582,0.1516,False,"agreement on the set of classified county-dates; NOT accuracy. Nested percentiles and durations create subset relationships, so a high value between two nested rules is structural."
REL_TX_P90_D3_W15,ABS_TX_A80_D3,TX-P90-D3,TX->80-D3,relative,absolute,80755,508219,66117,0.1265,False,"agreement on the set of classified county-dates; NOT accuracy. Nested percentiles and durations create subset relationships, so a high value between two nested rules is structural."
REL_TX_P90_D3_W15,ABS_TX_A90_D3,TX-P90-D3,TX->90-D3,relative,absolute,80755,267781,46450,0.1538,False,"agreement on the set of classified county-dates; NOT accuracy. Nested percentiles and durations create subset relationships, so a high value between two nested rules is structural."
REL_TX_P90_D3_W15,ABS_TX_A80_D5,TX-P90-D3,TX->80-D5,relative,absolute,80755,473437,59117,0.1194,False,"agreement on the set of classified county-dates; NOT accuracy. Nested percentiles and durations create subset relationships, so a high value between two nested rules is structural."
REL_TX_P90_D3_W15,ABS_TX_A90_D5,TX-P90-D3,TX->90-D5,relative,absolute,80755,246143,43124,0.152,False,"agreement on the set of classified county-dates; NOT accuracy. Nested percentiles and durations create subset relationships, so a high value between two nested rules is structural."
REL_TX_P90_D5_W15,HYB_TX_P80_D2_A80_W15,TX-P90-D5,TX-P80-D2+A80,relative,hybrid,45071,160847,40047,0.2414,False,"agreement on the set of classified county-dates; NOT accuracy. Nested percentiles and durations create subset relationships, so a high value between two nested rules is structural."
REL_TX_P90_D5_W15,HYB_TX_P80_D2_A90_W15,TX-P90-D5,TX-P80-D2+A90,relative,hybrid,45071,103697,30880,0.2619,False,"agreement on the set of classified county-dates; NOT accuracy. Nested percentiles and durations create subset relationships, so a high value between two nested rules is structural."
REL_TX_P90_D5_W15,HYB_TX_P80_D3_A80_W15,TX-P90-D5,TX-P80-D3+A80,relative,hybrid,45071,130885,39567,0.2901,False,"agreement on the set of classified county-dates; NOT accuracy. Nested percentiles and durations create subset relationships, so a high value between two nested rules is structural."
REL_TX_P90_D5_W15,HYB_TX_P80_D3_A90_W15,TX-P90-D5,TX-P80-D3+A90,relative,hybrid,45071,88741,30554,0.2959,False,"agreement on the set of classified county-dates; NOT accuracy. Nested percentiles and durations create subset relationships, so a high value between two nested rules is structural."
REL_TX_P90_D5_W15,HYB_TX_P80_D5_A80_W15,TX-P90-D5,TX-P80-D5+A80,relative,hybrid,45071,87258,38553,0.4111,False,"agreement on the set of classified county-dates; NOT accuracy. Nested percentiles and durations create subset relationships, so a high value between two nested rules is structural."
REL_TX_P90_D5_W15,HYB_TX_P80_D5_A90_W15,TX-P90-D5,TX-P80-D5+A90,relative,hybrid,45071,64975,29951,0.3739,False,"agreement on the set of classified county-dates; NOT accuracy. Nested percentiles and durations create subset relationships, so a high value between two nested rules is structural."
REL_TX_P90_D5_W15,HYB_TX_P85_D2_A80_W15,TX-P90-D5,TX-P85-D2+A80,relative,hybrid,45071,125734,40047,0.3063,False,"agreement on the set of classified county-dates; NOT accuracy. Nested percentiles and durations create subset relationships, so a high value between two nested rules is structural."
REL_TX_P90_D5_W15,HYB_TX_P85_D2_A90_W15,TX-P90-D5,TX-P85-D2+A90,relative,hybrid,45071,81954,30880,0.3212,False,"agreement on the set of classified county-dates; NOT accuracy. Nested percentiles and durations create subset relationships, so a high value between two nested rules is structural."
REL_TX_P90_D5_W15,HYB_TX_P85_D3_A80_W15,TX-P90-D5,TX-P85-D3+A80,relative,hybrid,45071,98708,39567,0.3797,False,"agreement on the set of classified county-dates; NOT accuracy. Nested percentiles and durations create subset relationships, so a high value between two nested rules is structural."
REL_TX_P90_D5_W15,HYB_TX_P85_D3_A90_W15,TX-P90-D5,TX-P85-D3+A90,relative,hybrid,45071,68046,30554,0.3701,False,"agreement on the set of classified county-dates; NOT accuracy. Nested percentiles and durations create subset relationships, so a high value between two nested rules is structural."
REL_TX_P90_D5_W15,HYB_TX_P85_D5_A80_W15,TX-P90-D5,TX-P85-D5+A80,relative,hybrid,45071,62370,38553,0.5596,False,"agreement on the set of classified county-dates; NOT accuracy. Nested percentiles and durations create subset relationships, so a high value between two nested rules is structural."
REL_TX_P90_D5_W15,HYB_TX_P85_D5_A90_W15,TX-P90-D5,TX-P85-D5+A90,relative,hybrid,45071,47507,29951,0.4782,False,"agreement on the set of classified county-dates; NOT accuracy. Nested percentiles and durations create subset relationships, so a high value between two nested rules is structural."
REL_TX_P90_D5_W15,HYB_TX_P90_D2_A80_W15,TX-P90-D5,TX-P90-D2+A80,relative,hybrid,45071,87949,40047,0.4307,False,"agreement on the set of classified county-dates; NOT accuracy. Nested percentiles and durations create subset relationships, so a high value between two nested rules is structural."
REL_TX_P90_D5_W15,HYB_TX_P90_D2_A90_W15,TX-P90-D5,TX-P90-D2+A90,relative,hybrid,45071,57954,30880,0.428,False,"agreement on the set of classified county-dates; NOT accuracy. Nested percentiles and durations create subset relationships, so a high value between two nested rules is structural."
REL_TX_P90_D5_W15,HYB_TX_P90_D3_A80_W15,TX-P90-D5,TX-P90-D3+A80,relative,hybrid,45071,66173,39567,0.552,False,"agreement on the set of classified county-dates; NOT accuracy. Nested percentiles and durations create subset relationships, so a high value between two nested rules is structural."
REL_TX_P90_D5_W15,HYB_TX_P90_D3_A90_W15,TX-P90-D5,TX-P90-D3+A90,relative,hybrid,45071,46448,30554,0.5012,False,"agreement on the set of classified county-dates; NOT accuracy. Nested percentiles and durations create subset relationships, so a high value between two nested rules is structural."
REL_TX_P90_D5_W15,HYB_TX_P90_D5_A80_W15,TX-P90-D5,TX-P90-D5+A80,relative,hybrid,45071,38549,38549,0.8553,False,"agreement on the set of classified county-dates; NOT accuracy. Nested percentiles and durations create subset relationships, so a high value between two nested rules is structural."
REL_TX_P90_D5_W15,HYB_TX_P90_D5_A90_W15,TX-P90-D5,TX-P90-D5+A90,relative,hybrid,45071,29939,29939,0.6643,False,"agreement on the set of classified county-dates; NOT accuracy. Nested percentiles and durations create subset relationships, so a high value between two nested rules is structural."
REL_TX_P90_D5_W15,ABS_TX_A80_D2,TX-P90-D5,TX->80-D2,relative,absolute,45071,528693,40014,0.075,False,"agreement on the set of classified county-dates; NOT accuracy. Nested percentiles and durations create subset relationships, so a high value between two nested rules is structural."
REL_TX_P90_D5_W15,ABS_TX_A90_D2,TX-P90-D5,TX->90-D2,relative,absolute,45071,280631,30880,0.1047,False,"agreement on the set of classified county-dates; NOT accuracy. Nested percentiles and durations create subset relationships, so a high value between two nested rules is structural."
REL_TX_P90_D5_W15,ABS_TX_A80_D3,TX-P90-D5,TX->80-D3,relative,absolute,45071,508219,39542,0.077,False,"agreement on the set of classified county-dates; NOT accuracy. Nested percentiles and durations create subset relationships, so a high value between two nested rules is structural."
REL_TX_P90_D5_W15,ABS_TX_A90_D3,TX-P90-D5,TX->90-D3,relative,absolute,45071,267781,30554,0.1082,False,"agreement on the set of classified county-dates; NOT accuracy. Nested percentiles and durations create subset relationships, so a high value between two nested rules is structural."
REL_TX_P90_D5_W15,ABS_TX_A80_D5,TX-P90-D5,TX->80-D5,relative,absolute,45071,473437,38533,0.0803,False,"agreement on the set of classified county-dates; NOT accuracy. Nested percentiles and durations create subset relationships, so a high value between two nested rules is structural."
REL_TX_P90_D5_W15,ABS_TX_A90_D5,TX-P90-D5,TX->90-D5,relative,absolute,45071,246143,29951,0.1146,False,"agreement on the set of classified county-dates; NOT accuracy. Nested percentiles and durations create subset relationships, so a high value between two nested rules is structural."
HYB_TX_P80_D2_A80_W15,HYB_TX_P80_D2_A90_W15,TX-P80-D2+A80,TX-P80-D2+A90,hybrid,hybrid,160847,103697,103697,0.6447,False,"agreement on the set of classified county-dates; NOT accuracy. Nested percentiles and durations create subset relationships, so a high value between two nested rules is structural."
HYB_TX_P80_D2_A80_W15,HYB_TX_P80_D3_A80_W15,TX-P80-D2+A80,TX-P80-D3+A80,hybrid,hybrid,160847,130885,130885,0.8137,False,"agreement on the set of classified county-dates; NOT accuracy. Nested percentiles and durations create subset relationships, so a high value between two nested rules is structural."
HYB_TX_P80_D2_A80_W15,HYB_TX_P80_D3_A90_W15,TX-P80-D2+A80,TX-P80-D3+A90,hybrid,hybrid,160847,88741,88741,0.5517,False,"agreement on the set of classified county-dates; NOT accuracy. Nested percentiles and durations create subset relationships, so a high value between two nested rules is structural."
HYB_TX_P80_D2_A80_W15,HYB_TX_P80_D5_A80_W15,TX-P80-D2+A80,TX-P80-D5+A80,hybrid,hybrid,160847,87258,87258,0.5425,False,"agreement on the set of classified county-dates; NOT accuracy. Nested percentiles and durations create subset relationships, so a high value between two nested rules is structural."
HYB_TX_P80_D2_A80_W15,HYB_TX_P80_D5_A90_W15,TX-P80-D2+A80,TX-P80-D5+A90,hybrid,hybrid,160847,64975,64975,0.404,False,"agreement on the set of classified county-dates; NOT accuracy. Nested percentiles and durations create subset relationships, so a high value between two nested rules is structural."
HYB_TX_P80_D2_A80_W15,HYB_TX_P85_D2_A80_W15,TX-P80-D2+A80,TX-P85-D2+A80,hybrid,hybrid,160847,125734,125734,0.7817,False,"agreement on the set of classified county-dates; NOT accuracy. Nested percentiles and durations create subset relationships, so a high value between two nested rules is structural."
HYB_TX_P80_D2_A80_W15,HYB_TX_P85_D2_A90_W15,TX-P80-D2+A80,TX-P85-D2+A90,hybrid,hybrid,160847,81954,81954,0.5095,False,"agreement on the set of classified county-dates; NOT accuracy. Nested percentiles and durations create subset relationships, so a high value between two nested rules is structural."
HYB_TX_P80_D2_A80_W15,HYB_TX_P85_D3_A80_W15,TX-P80-D2+A80,TX-P85-D3+A80,hybrid,hybrid,160847,98708,98708,0.6137,False,"agreement on the set of classified county-dates; NOT accuracy. Nested percentiles and durations create subset relationships, so a high value between two nested rules is structural."
HYB_TX_P80_D2_A80_W15,HYB_TX_P85_D3_A90_W15,TX-P80-D2+A80,TX-P85-D3+A90,hybrid,hybrid,160847,68046,68046,0.423,False,"agreement on the set of classified county-dates; NOT accuracy. Nested percentiles and durations create subset relationships, so a high value between two nested rules is structural."
HYB_TX_P80_D2_A80_W15,HYB_TX_P85_D5_A80_W15,TX-P80-D2+A80,TX-P85-D5+A80,hybrid,hybrid,160847,62370,62370,0.3878,False,"agreement on the set of classified county-dates; NOT accuracy. Nested percentiles and durations create subset relationships, so a high value between two nested rules is structural."
HYB_TX_P80_D2_A80_W15,HYB_TX_P85_D5_A90_W15,TX-P80-D2+A80,TX-P85-D5+A90,hybrid,hybrid,160847,47507,47507,0.2954,False,"agreement on the set of classified county-dates; NOT accuracy. Nested percentiles and durations create subset relationships, so a high value between two nested rules is structural."
HYB_TX_P80_D2_A80_W15,HYB_TX_P90_D2_A80_W15,TX-P80-D2+A80,TX-P90-D2+A80,hybrid,hybrid,160847,87949,87949,0.5468,False,"agreement on the set of classified county-dates; NOT accuracy. Nested percentiles and durations create subset relationships, so a high value between two nested rules is structural."
HYB_TX_P80_D2_A80_W15,HYB_TX_P90_D2_A90_W15,TX-P80-D2+A80,TX-P90-D2+A90,hybrid,hybrid,160847,57954,57954,0.3603,False,"agreement on the set of classified county-dates; NOT accuracy. Nested percentiles and durations create subset relationships, so a high value between two nested rules is structural."
HYB_TX_P80_D2_A80_W15,HYB_TX_P90_D3_A80_W15,TX-P80-D2+A80,TX-P90-D3+A80,hybrid,hybrid,160847,66173,66173,0.4114,False,"agreement on the set of classified county-dates; NOT accuracy. Nested percentiles and durations create subset relationships, so a high value between two nested rules is structural."
HYB_TX_P80_D2_A80_W15,HYB_TX_P90_D3_A90_W15,TX-P80-D2+A80,TX-P90-D3+A90,hybrid,hybrid,160847,46448,46448,0.2888,False,"agreement on the set of classified county-dates; NOT accuracy. Nested percentiles and durations create subset relationships, so a high value between two nested rules is structural."
HYB_TX_P80_D2_A80_W15,HYB_TX_P90_D5_A80_W15,TX-P80-D2+A80,TX-P90-D5+A80,hybrid,hybrid,160847,38549,38549,0.2397,False,"agreement on the set of classified county-dates; NOT accuracy. Nested percentiles and durations create subset relationships, so a high value between two nested rules is structural."
HYB_TX_P80_D2_A80_W15,HYB_TX_P90_D5_A90_W15,TX-P80-D2+A80,TX-P90-D5+A90,hybrid,hybrid,160847,29939,29939,0.1861,False,"agreement on the set of classified county-dates; NOT accuracy. Nested percentiles and durations create subset relationships, so a high value between two nested rules is structural."
HYB_TX_P80_D2_A80_W15,ABS_TX_A80_D2,TX-P80-D2+A80,TX->80-D2,hybrid,absolute,160847,528693,160660,0.3038,False,"agreement on the set of classified county-dates; NOT accuracy. Nested percentiles and durations create subset relationships, so a high value between two nested rules is structural."
HYB_TX_P80_D2_A80_W15,ABS_TX_A90_D2,TX-P80-D2+A80,TX->90-D2,hybrid,absolute,160847,280631,103699,0.307,False,"agreement on the set of classified county-dates; NOT accuracy. Nested percentiles and durations create subset relationships, so a high value between two nested rules is structural."
HYB_TX_P80_D2_A80_W15,ABS_TX_A80_D3,TX-P80-D2+A80,TX->80-D3,hybrid,absolute,160847,508219,150246,0.2896,False,"agreement on the set of classified county-dates; NOT accuracy. Nested percentiles and durations create subset relationships, so a high value between two nested rules is structural."
HYB_TX_P80_D2_A80_W15,ABS_TX_A90_D3,TX-P80-D2+A80,TX->90-D3,hybrid,absolute,160847,267781,97836,0.2958,False,"agreement on the set of classified county-dates; NOT accuracy. Nested percentiles and durations create subset relationships, so a high value between two nested rules is structural."
HYB_TX_P80_D2_A80_W15,ABS_TX_A80_D5,TX-P80-D2+A80,TX->80-D5,hybrid,absolute,160847,473437,133170,0.2657,False,"agreement on the set of classified county-dates; NOT accuracy. Nested percentiles and durations create subset relationships, so a high value between two nested rules is structural."
HYB_TX_P80_D2_A80_W15,ABS_TX_A90_D5,TX-P80-D2+A80,TX->90-D5,hybrid,absolute,160847,246143,89957,0.2837,False,"agreement on the set of classified county-dates; NOT accuracy. Nested percentiles and durations create subset relationships, so a high value between two nested rules is structural."
HYB_TX_P80_D2_A90_W15,HYB_TX_P80_D3_A80_W15,TX-P80-D2+A90,TX-P80-D3+A80,hybrid,hybrid,103697,130885,91305,0.6373,False,"agreement on the set of classified county-dates; NOT accuracy. Nested percentiles and durations create subset relationships, so a high value between two nested rules is structural."
HYB_TX_P80_D2_A90_W15,HYB_TX_P80_D3_A90_W15,TX-P80-D2+A90,TX-P80-D3+A90,hybrid,hybrid,103697,88741,88741,0.8558,False,"agreement on the set of classified county-dates; NOT accuracy. Nested percentiles and durations create subset relationships, so a high value between two nested rules is structural."
HYB_TX_P80_D2_A90_W15,HYB_TX_P80_D5_A80_W15,TX-P80-D2+A90,TX-P80-D5+A80,hybrid,hybrid,103697,87258,68142,0.5548,False,"agreement on the set of classified county-dates; NOT accuracy. Nested percentiles and durations create subset relationships, so a high value between two nested rules is structural."
HYB_TX_P80_D2_A90_W15,HYB_TX_P80_D5_A90_W15,TX-P80-D2+A90,TX-P80-D5+A90,hybrid,hybrid,103697,64975,64975,0.6266,False,"agreement on the set of classified county-dates; NOT accuracy. Nested percentiles and durations create subset relationships, so a high value between two nested rules is structural."
HYB_TX_P80_D2_A90_W15,HYB_TX_P85_D2_A80_W15,TX-P80-D2+A90,TX-P85-D2+A80,hybrid,hybrid,103697,125734,81955,0.5557,False,"agreement on the set of classified county-dates; NOT accuracy. Nested percentiles and durations create subset relationships, so a high value between two nested rules is structural."
HYB_TX_P80_D2_A90_W15,HYB_TX_P85_D2_A90_W15,TX-P80-D2+A90,TX-P85-D2+A90,hybrid,hybrid,103697,81954,81954,0.7903,False,"agreement on the set of classified county-dates; NOT accuracy. Nested percentiles and durations create subset relationships, so a high value between two nested rules is structural."
HYB_TX_P80_D2_A90_W15,HYB_TX_P85_D3_A80_W15,TX-P80-D2+A90,TX-P85-D3+A80,hybrid,hybrid,103697,98708,69868,0.5272,False,"agreement on the set of classified county-dates; NOT accuracy. Nested percentiles and durations create subset relationships, so a high value between two nested rules is structural."
HYB_TX_P80_D2_A90_W15,HYB_TX_P85_D3_A90_W15,TX-P80-D2+A90,TX-P85-D3+A90,hybrid,hybrid,103697,68046,68046,0.6562,False,"agreement on the set of classified county-dates; NOT accuracy. Nested percentiles and durations create subset relationships, so a high value between two nested rules is structural."
HYB_TX_P80_D2_A90_W15,HYB_TX_P85_D5_A80_W15,TX-P80-D2+A90,TX-P85-D5+A80,hybrid,hybrid,103697,62370,49426,0.4237,False,"agreement on the set of classified county-dates; NOT accuracy. Nested percentiles and durations create subset relationships, so a high value between two nested rules is structural."
HYB_TX_P80_D2_A90_W15,HYB_TX_P85_D5_A90_W15,TX-P80-D2+A90,TX-P85-D5+A90,hybrid,hybrid,103697,47507,47507,0.4581,False,"agreement on the set of classified county-dates; NOT accuracy. Nested percentiles and durations create subset relationships, so a high value between two nested rules is structural."
HYB_TX_P80_D2_A90_W15,HYB_TX_P90_D2_A80_W15,TX-P80-D2+A90,TX-P90-D2+A80,hybrid,hybrid,103697,87949,57957,0.4335,False,"agreement on the set of classified county-dates; NOT accuracy. Nested percentiles and durations create subset relationships, so a high value between two nested rules is structural."
HYB_TX_P80_D2_A90_W15,HYB_TX_P90_D2_A90_W15,TX-P80-D2+A90,TX-P90-D2+A90,hybrid,hybrid,103697,57954,57954,0.5589,False,"agreement on the set of classified county-dates; NOT accuracy. Nested percentiles and durations create subset relationships, so a high value between two nested rules is structural."
HYB_TX_P80_D2_A90_W15,HYB_TX_P90_D3_A80_W15,TX-P80-D2+A90,TX-P90-D3+A80,hybrid,hybrid,103697,66173,47582,0.3891,False,"agreement on the set of classified county-dates; NOT accuracy. Nested percentiles and durations create subset relationships, so a high value between two nested rules is structural."
HYB_TX_P80_D2_A90_W15,HYB_TX_P90_D3_A90_W15,TX-P80-D2+A90,TX-P90-D3+A90,hybrid,hybrid,103697,46448,46448,0.4479,False,"agreement on the set of classified county-dates; NOT accuracy. Nested percentiles and durations create subset relationships, so a high value between two nested rules is structural."
HYB_TX_P80_D2_A90_W15,HYB_TX_P90_D5_A80_W15,TX-P80-D2+A90,TX-P90-D5+A80,hybrid,hybrid,103697,38549,30880,0.2773,False,"agreement on the set of classified county-dates; NOT accuracy. Nested percentiles and durations create subset relationships, so a high value between two nested rules is structural."
HYB_TX_P80_D2_A90_W15,HYB_TX_P90_D5_A90_W15,TX-P80-D2+A90,TX-P90-D5+A90,hybrid,hybrid,103697,29939,29939,0.2887,False,"agreement on the set of classified county-dates; NOT accuracy. Nested percentiles and durations create subset relationships, so a high value between two nested rules is structural."
HYB_TX_P80_D2_A90_W15,ABS_TX_A80_D2,TX-P80-D2+A90,TX->80-D2,hybrid,absolute,103697,528693,103697,0.1961,False,"agreement on the set of classified county-dates; NOT accuracy. Nested percentiles and durations create subset relationships, so a high value between two nested rules is structural."
HYB_TX_P80_D2_A90_W15,ABS_TX_A90_D2,TX-P80-D2+A90,TX->90-D2,hybrid,absolute,103697,280631,103697,0.3695,False,"agreement on the set of classified county-dates; NOT accuracy. Nested percentiles and durations create subset relationships, so a high value between two nested rules is structural."
HYB_TX_P80_D2_A90_W15,ABS_TX_A80_D3,TX-P80-D2+A90,TX->80-D3,hybrid,absolute,103697,508219,103477,0.2035,False,"agreement on the set of classified county-dates; NOT accuracy. Nested percentiles and durations create subset relationships, so a high value between two nested rules is structural."
HYB_TX_P80_D2_A90_W15,ABS_TX_A90_D3,TX-P80-D2+A90,TX->90-D3,hybrid,absolute,103697,267781,97835,0.3575,False,"agreement on the set of classified county-dates; NOT accuracy. Nested percentiles and durations create subset relationships, so a high value between two nested rules is structural."
HYB_TX_P80_D2_A90_W15,ABS_TX_A80_D5,TX-P80-D2+A90,TX->80-D5,hybrid,absolute,103697,473437,102510,0.216,False,"agreement on the set of classified county-dates; NOT accuracy. Nested percentiles and durations create subset relationships, so a high value between two nested rules is structural."
HYB_TX_P80_D2_A90_W15,ABS_TX_A90_D5,TX-P80-D2+A90,TX->90-D5,hybrid,absolute,103697,246143,89956,0.3461,False,"agreement on the set of classified county-dates; NOT accuracy. Nested percentiles and durations create subset relationships, so a high value between two nested rules is structural."
HYB_TX_P80_D3_A80_W15,HYB_TX_P80_D3_A90_W15,TX-P80-D3+A80,TX-P80-D3+A90,hybrid,hybrid,130885,88741,88741,0.678,False,"agreement on the set of classified county-dates; NOT accuracy. Nested percentiles and durations create subset relationships, so a high value between two nested rules is structural."
HYB_TX_P80_D3_A80_W15,HYB_TX_P80_D5_A80_W15,TX-P80-D3+A80,TX-P80-D5+A80,hybrid,hybrid,130885,87258,87258,0.6667,False,"agreement on the set of classified county-dates; NOT accuracy. Nested percentiles and durations create subset relationships, so a high value between two nested rules is structural."
HYB_TX_P80_D3_A80_W15,HYB_TX_P80_D5_A90_W15,TX-P80-D3+A80,TX-P80-D5+A90,hybrid,hybrid,130885,64975,64975,0.4964,False,"agreement on the set of classified county-dates; NOT accuracy. Nested percentiles and durations create subset relationships, so a high value between two nested rules is structural."
HYB_TX_P80_D3_A80_W15,HYB_TX_P85_D2_A80_W15,TX-P80-D3+A80,TX-P85-D2+A80,hybrid,hybrid,130885,125734,107278,0.7183,False,"agreement on the set of classified county-dates; NOT accuracy. Nested percentiles and durations create subset relationships, so a high value between two nested rules is structural."
HYB_TX_P80_D3_A80_W15,HYB_TX_P85_D2_A90_W15,TX-P80-D3+A80,TX-P85-D2+A90,hybrid,hybrid,130885,81954,75514,0.5499,False,"agreement on the set of classified county-dates; NOT accuracy. Nested percentiles and durations create subset relationships, so a high value between two nested rules is structural."
HYB_TX_P80_D3_A80_W15,HYB_TX_P85_D3_A80_W15,TX-P80-D3+A80,TX-P85-D3+A80,hybrid,hybrid,130885,98708,98708,0.7542,False,"agreement on the set of classified county-dates; NOT accuracy. Nested percentiles and durations create subset relationships, so a high value between two nested rules is structural."
HYB_TX_P80_D3_A80_W15,HYB_TX_P85_D3_A90_W15,TX-P80-D3+A80,TX-P85-D3+A90,hybrid,hybrid,130885,68046,68046,0.5199,False,"agreement on the set of classified county-dates; NOT accuracy. Nested percentiles and durations create subset relationships, so a high value between two nested rules is structural."
HYB_TX_P80_D3_A80_W15,HYB_TX_P85_D5_A80_W15,TX-P80-D3+A80,TX-P85-D5+A80,hybrid,hybrid,130885,62370,62370,0.4765,False,"agreement on the set of classified county-dates; NOT accuracy. Nested percentiles and durations create subset relationships, so a high value between two nested rules is structural."
HYB_TX_P80_D3_A80_W15,HYB_TX_P85_D5_A90_W15,TX-P80-D3+A80,TX-P85-D5+A90,hybrid,hybrid,130885,47507,47507,0.363,False,"agreement on the set of classified county-dates; NOT accuracy. Nested percentiles and durations create subset relationships, so a high value between two nested rules is structural."
HYB_TX_P80_D3_A80_W15,HYB_TX_P90_D2_A80_W15,TX-P80-D3+A80,TX-P90-D2+A80,hybrid,hybrid,130885,87949,77525,0.5486,False,"agreement on the set of classified county-dates; NOT accuracy. Nested percentiles and durations create subset relationships, so a high value between two nested rules is structural."
HYB_TX_P80_D3_A80_W15,HYB_TX_P90_D2_A90_W15,TX-P80-D3+A80,TX-P90-D2+A90,hybrid,hybrid,130885,57954,55078,0.4118,False,"agreement on the set of classified county-dates; NOT accuracy. Nested percentiles and durations create subset relationships, so a high value between two nested rules is structural."
HYB_TX_P80_D3_A80_W15,HYB_TX_P90_D3_A80_W15,TX-P80-D3+A80,TX-P90-D3+A80,hybrid,hybrid,130885,66173,66173,0.5056,False,"agreement on the set of classified county-dates; NOT accuracy. Nested percentiles and durations create subset relationships, so a high value between two nested rules is structural."
HYB_TX_P80_D3_A80_W15,HYB_TX_P90_D3_A90_W15,TX-P80-D3+A80,TX-P90-D3+A90,hybrid,hybrid,130885,46448,46448,0.3549,False,"agreement on the set of classified county-dates; NOT accuracy. Nested percentiles and durations create subset relationships, so a high value between two nested rules is structural."
HYB_TX_P80_D3_A80_W15,HYB_TX_P90_D5_A80_W15,TX-P80-D3+A80,TX-P90-D5+A80,hybrid,hybrid,130885,38549,38549,0.2945,False,"agreement on the set of classified county-dates; NOT accuracy. Nested percentiles and durations create subset relationships, so a high value between two nested rules is structural."
HYB_TX_P80_D3_A80_W15,HYB_TX_P90_D5_A90_W15,TX-P80-D3+A80,TX-P90-D5+A90,hybrid,hybrid,130885,29939,29939,0.2287,False,"agreement on the set of classified county-dates; NOT accuracy. Nested percentiles and durations create subset relationships, so a high value between two nested rules is structural."
HYB_TX_P80_D3_A80_W15,ABS_TX_A80_D2,TX-P80-D3+A80,TX->80-D2,hybrid,absolute,130885,528693,130802,0.2474,False,"agreement on the set of classified county-dates; NOT accuracy. Nested percentiles and durations create subset relationships, so a high value between two nested rules is structural."
HYB_TX_P80_D3_A80_W15,ABS_TX_A90_D2,TX-P80-D3+A80,TX->90-D2,hybrid,absolute,130885,280631,91305,0.2851,False,"agreement on the set of classified county-dates; NOT accuracy. Nested percentiles and durations create subset relationships, so a high value between two nested rules is structural."
HYB_TX_P80_D3_A80_W15,ABS_TX_A80_D3,TX-P80-D3+A80,TX->80-D3,hybrid,absolute,130885,508219,130760,0.2572,False,"agreement on the set of classified county-dates; NOT accuracy. Nested percentiles and durations create subset relationships, so a high value between two nested rules is structural."
HYB_TX_P80_D3_A80_W15,ABS_TX_A90_D3,TX-P80-D3+A80,TX->90-D3,hybrid,absolute,130885,267781,88749,0.2864,False,"agreement on the set of classified county-dates; NOT accuracy. Nested percentiles and durations create subset relationships, so a high value between two nested rules is structural."
HYB_TX_P80_D3_A80_W15,ABS_TX_A80_D5,TX-P80-D3+A80,TX->80-D5,hybrid,absolute,130885,473437,116966,0.24,False,"agreement on the set of classified county-dates; NOT accuracy. Nested percentiles and durations create subset relationships, so a high value between two nested rules is structural."
HYB_TX_P80_D3_A80_W15,ABS_TX_A90_D5,TX-P80-D3+A80,TX->90-D5,hybrid,absolute,130885,246143,82058,0.2782,False,"agreement on the set of classified county-dates; NOT accuracy. Nested percentiles and durations create subset relationships, so a high value between two nested rules is structural."
HYB_TX_P80_D3_A90_W15,HYB_TX_P80_D5_A80_W15,TX-P80-D3+A90,TX-P80-D5+A80,hybrid,hybrid,88741,87258,66972,0.6143,False,"agreement on the set of classified county-dates; NOT accuracy. Nested percentiles and durations create subset relationships, so a high value between two nested rules is structural."
HYB_TX_P80_D3_A90_W15,HYB_TX_P80_D5_A90_W15,TX-P80-D3+A90,TX-P80-D5+A90,hybrid,hybrid,88741,64975,64975,0.7322,False,"agreement on the set of classified county-dates; NOT accuracy. Nested percentiles and durations create subset relationships, so a high value between two nested rules is structural."
HYB_TX_P80_D3_A90_W15,HYB_TX_P85_D2_A80_W15,TX-P80-D3+A90,TX-P85-D2+A80,hybrid,hybrid,88741,125734,73019,0.5162,False,"agreement on the set of classified county-dates; NOT accuracy. Nested percentiles and durations create subset relationships, so a high value between two nested rules is structural."
HYB_TX_P80_D3_A90_W15,HYB_TX_P85_D2_A90_W15,TX-P80-D3+A90,TX-P85-D2+A90,hybrid,hybrid,88741,81954,73018,0.7475,False,"agreement on the set of classified county-dates; NOT accuracy. Nested percentiles and durations create subset relationships, so a high value between two nested rules is structural."
HYB_TX_P80_D3_A90_W15,HYB_TX_P85_D3_A80_W15,TX-P80-D3+A90,TX-P85-D3+A80,hybrid,hybrid,88741,98708,68050,0.5699,False,"agreement on the set of classified county-dates; NOT accuracy. Nested percentiles and durations create subset relationships, so a high value between two nested rules is structural."
HYB_TX_P80_D3_A90_W15,HYB_TX_P85_D3_A90_W15,TX-P80-D3+A90,TX-P85-D3+A90,hybrid,hybrid,88741,68046,68046,0.7668,False,"agreement on the set of classified county-dates; NOT accuracy. Nested percentiles and durations create subset relationships, so a high value between two nested rules is structural."
HYB_TX_P80_D3_A90_W15,HYB_TX_P85_D5_A80_W15,TX-P80-D3+A90,TX-P85-D5+A80,hybrid,hybrid,88741,62370,48716,0.4758,False,"agreement on the set of classified county-dates; NOT accuracy. Nested percentiles and durations create subset relationships, so a high value between two nested rules is structural."
HYB_TX_P80_D3_A90_W15,HYB_TX_P85_D5_A90_W15,TX-P80-D3+A90,TX-P85-D5+A90,hybrid,hybrid,88741,47507,47507,0.5353,False,"agreement on the set of classified county-dates; NOT accuracy. Nested percentiles and durations create subset relationships, so a high value between two nested rules is structural."
HYB_TX_P80_D3_A90_W15,HYB_TX_P90_D2_A80_W15,TX-P80-D3+A90,TX-P90-D2+A80,hybrid,hybrid,88741,87949,52878,0.4271,False,"agreement on the set of classified county-dates; NOT accuracy. Nested percentiles and durations create subset relationships, so a high value between two nested rules is structural."
HYB_TX_P80_D3_A90_W15,HYB_TX_P90_D2_A90_W15,TX-P80-D3+A90,TX-P90-D2+A90,hybrid,hybrid,88741,57954,52878,0.5636,False,"agreement on the set of classified county-dates; NOT accuracy. Nested percentiles and durations create subset relationships, so a high value between two nested rules is structural."
HYB_TX_P80_D3_A90_W15,HYB_TX_P90_D3_A80_W15,TX-P80-D3+A90,TX-P90-D3+A80,hybrid,hybrid,88741,66173,46450,0.4283,False,"agreement on the set of classified county-dates; NOT accuracy. Nested percentiles and durations create subset relationships, so a high value between two nested rules is structural."
HYB_TX_P80_D3_A90_W15,HYB_TX_P90_D3_A90_W15,TX-P80-D3+A90,TX-P90-D3+A90,hybrid,hybrid,88741,46448,46448,0.5234,False,"agreement on the set of classified county-dates; NOT accuracy. Nested percentiles and durations create subset relationships, so a high value between two nested rules is structural."
HYB_TX_P80_D3_A90_W15,HYB_TX_P90_D5_A80_W15,TX-P80-D3+A90,TX-P90-D5+A80,hybrid,hybrid,88741,38549,30554,0.3158,False,"agreement on the set of classified county-dates; NOT accuracy. Nested percentiles and durations create subset relationships, so a high value between two nested rules is structural."
HYB_TX_P80_D3_A90_W15,HYB_TX_P90_D5_A90_W15,TX-P80-D3+A90,TX-P90-D5+A90,hybrid,hybrid,88741,29939,29939,0.3374,False,"agreement on the set of classified county-dates; NOT accuracy. Nested percentiles and durations create subset relationships, so a high value between two nested rules is structural."
HYB_TX_P80_D3_A90_W15,ABS_TX_A80_D2,TX-P80-D3+A90,TX->80-D2,hybrid,absolute,88741,528693,88741,0.1678,False,"agreement on the set of classified county-dates; NOT accuracy. Nested percentiles and durations create subset relationships, so a high value between two nested rules is structural."
HYB_TX_P80_D3_A90_W15,ABS_TX_A90_D2,TX-P80-D3+A90,TX->90-D2,hybrid,absolute,88741,280631,88741,0.3162,False,"agreement on the set of classified county-dates; NOT accuracy. Nested percentiles and durations create subset relationships, so a high value between two nested rules is structural."
HYB_TX_P80_D3_A90_W15,ABS_TX_A80_D3,TX-P80-D3+A90,TX->80-D3,hybrid,absolute,88741,508219,88741,0.1746,False,"agreement on the set of classified county-dates; NOT accuracy. Nested percentiles and durations create subset relationships, so a high value between two nested rules is structural."
HYB_TX_P80_D3_A90_W15,ABS_TX_A90_D3,TX-P80-D3+A90,TX->90-D3,hybrid,absolute,88741,267781,88741,0.3314,False,"agreement on the set of classified county-dates; NOT accuracy. Nested percentiles and durations create subset relationships, so a high value between two nested rules is structural."
HYB_TX_P80_D3_A90_W15,ABS_TX_A80_D5,TX-P80-D3+A90,TX->80-D5,hybrid,absolute,88741,473437,88526,0.1869,False,"agreement on the set of classified county-dates; NOT accuracy. Nested percentiles and durations create subset relationships, so a high value between two nested rules is structural."
HYB_TX_P80_D3_A90_W15,ABS_TX_A90_D5,TX-P80-D3+A90,TX->90-D5,hybrid,absolute,88741,246143,82056,0.3246,False,"agreement on the set of classified county-dates; NOT accuracy. Nested percentiles and durations create subset relationships, so a high value between two nested rules is structural."
HYB_TX_P80_D5_A80_W15,HYB_TX_P80_D5_A90_W15,TX-P80-D5+A80,TX-P80-D5+A90,hybrid,hybrid,87258,64975,64975,0.7446,False,"agreement on the set of classified county-dates; NOT accuracy. Nested percentiles and durations create subset relationships, so a high value between two nested rules is structural."
HYB_TX_P80_D5_A80_W15,HYB_TX_P85_D2_A80_W15,TX-P80-D5+A80,TX-P85-D2+A80,hybrid,hybrid,87258,125734,74817,0.5415,False,"agreement on the set of classified county-dates; NOT accuracy. Nested percentiles and durations create subset relationships, so a high value between two nested rules is structural."
HYB_TX_P80_D5_A80_W15,HYB_TX_P85_D2_A90_W15,TX-P80-D5+A80,TX-P85-D2+A90,hybrid,hybrid,87258,81954,59016,0.5356,False,"agreement on the set of classified county-dates; NOT accuracy. Nested percentiles and durations create subset relationships, so a high value between two nested rules is structural."
HYB_TX_P80_D5_A80_W15,HYB_TX_P85_D3_A80_W15,TX-P80-D5+A80,TX-P85-D3+A80,hybrid,hybrid,87258,98708,72201,0.6347,False,"agreement on the set of classified county-dates; NOT accuracy. Nested percentiles and durations create subset relationships, so a high value between two nested rules is structural."
HYB_TX_P80_D5_A80_W15,HYB_TX_P85_D3_A90_W15,TX-P80-D5+A80,TX-P85-D3+A90,hybrid,hybrid,87258,68046,56122,0.5658,False,"agreement on the set of classified county-dates; NOT accuracy. Nested percentiles and durations create subset relationships, so a high value between two nested rules is structural."
HYB_TX_P80_D5_A80_W15,HYB_TX_P85_D5_A80_W15,TX-P80-D5+A80,TX-P85-D5+A80,hybrid,hybrid,87258,62370,62370,0.7148,False,"agreement on the set of classified county-dates; NOT accuracy. Nested percentiles and durations create subset relationships, so a high value between two nested rules is structural."
HYB_TX_P80_D5_A80_W15,HYB_TX_P85_D5_A90_W15,TX-P80-D5+A80,TX-P85-D5+A90,hybrid,hybrid,87258,47507,47507,0.5444,False,"agreement on the set of classified county-dates; NOT accuracy. Nested percentiles and durations create subset relationships, so a high value between two nested rules is structural."
HYB_TX_P80_D5_A80_W15,HYB_TX_P90_D2_A80_W15,TX-P80-D5+A80,TX-P90-D2+A80,hybrid,hybrid,87258,87949,56943,0.4815,False,"agreement on the set of classified county-dates; NOT accuracy. Nested percentiles and durations create subset relationships, so a high value between two nested rules is structural."
HYB_TX_P80_D5_A80_W15,HYB_TX_P90_D2_A90_W15,TX-P80-D5+A80,TX-P90-D2+A90,hybrid,hybrid,87258,57954,45423,0.4552,False,"agreement on the set of classified county-dates; NOT accuracy. Nested percentiles and durations create subset relationships, so a high value between two nested rules is structural."
HYB_TX_P80_D5_A80_W15,HYB_TX_P90_D3_A80_W15,TX-P80-D5+A80,TX-P90-D3+A80,hybrid,hybrid,87258,66173,52219,0.5159,False,"agreement on the set of classified county-dates; NOT accuracy. Nested percentiles and durations create subset relationships, so a high value between two nested rules is structural."
HYB_TX_P80_D5_A80_W15,HYB_TX_P90_D3_A90_W15,TX-P80-D5+A80,TX-P90-D3+A90,hybrid,hybrid,87258,46448,41173,0.445,False,"agreement on the set of classified county-dates; NOT accuracy. Nested percentiles and durations create subset relationships, so a high value between two nested rules is structural."
HYB_TX_P80_D5_A80_W15,HYB_TX_P90_D5_A80_W15,TX-P80-D5+A80,TX-P90-D5+A80,hybrid,hybrid,87258,38549,38549,0.4418,False,"agreement on the set of classified county-dates; NOT accuracy. Nested percentiles and durations create subset relationships, so a high value between two nested rules is structural."
HYB_TX_P80_D5_A80_W15,HYB_TX_P90_D5_A90_W15,TX-P80-D5+A80,TX-P90-D5+A90,hybrid,hybrid,87258,29939,29939,0.3431,False,"agreement on the set of classified county-dates; NOT accuracy. Nested percentiles and durations create subset relationships, so a high value between two nested rules is structural."
HYB_TX_P80_D5_A80_W15,ABS_TX_A80_D2,TX-P80-D5+A80,TX->80-D2,hybrid,absolute,87258,528693,87235,0.165,False,"agreement on the set of classified county-dates; NOT accuracy. Nested percentiles and durations create subset relationships, so a high value between two nested rules is structural."
HYB_TX_P80_D5_A80_W15,ABS_TX_A90_D2,TX-P80-D5+A80,TX->90-D2,hybrid,absolute,87258,280631,68142,0.2273,False,"agreement on the set of classified county-dates; NOT accuracy. Nested percentiles and durations create subset relationships, so a high value between two nested rules is structural."
HYB_TX_P80_D5_A80_W15,ABS_TX_A80_D3,TX-P80-D5+A80,TX->80-D3,hybrid,absolute,87258,508219,87235,0.1716,False,"agreement on the set of classified county-dates; NOT accuracy. Nested percentiles and durations create subset relationships, so a high value between two nested rules is structural."
HYB_TX_P80_D5_A80_W15,ABS_TX_A90_D3,TX-P80-D5+A80,TX->90-D3,hybrid,absolute,87258,267781,66974,0.2325,False,"agreement on the set of classified county-dates; NOT accuracy. Nested percentiles and durations create subset relationships, so a high value between two nested rules is structural."
HYB_TX_P80_D5_A80_W15,ABS_TX_A80_D5,TX-P80-D5+A80,TX->80-D5,hybrid,absolute,87258,473437,87202,0.1842,False,"agreement on the set of classified county-dates; NOT accuracy. Nested percentiles and durations create subset relationships, so a high value between two nested rules is structural."
HYB_TX_P80_D5_A80_W15,ABS_TX_A90_D5,TX-P80-D5+A80,TX->90-D5,hybrid,absolute,87258,246143,64985,0.2421,False,"agreement on the set of classified county-dates; NOT accuracy. Nested percentiles and durations create subset relationships, so a high value between two nested rules is structural."
HYB_TX_P80_D5_A90_W15,HYB_TX_P85_D2_A80_W15,TX-P80-D5+A90,TX-P85-D2+A80,hybrid,hybrid,64975,125734,55905,0.4147,False,"agreement on the set of classified county-dates; NOT accuracy. Nested percentiles and durations create subset relationships, so a high value between two nested rules is structural."
HYB_TX_P80_D5_A90_W15,HYB_TX_P85_D2_A90_W15,TX-P80-D5+A90,TX-P85-D2+A90,hybrid,hybrid,64975,81954,55905,0.6142,False,"agreement on the set of classified county-dates; NOT accuracy. Nested percentiles and durations create subset relationships, so a high value between two nested rules is structural."
HYB_TX_P80_D5_A90_W15,HYB_TX_P85_D3_A80_W15,TX-P80-D5+A90,TX-P85-D3+A80,hybrid,hybrid,64975,98708,54201,0.4951,False,"agreement on the set of classified county-dates; NOT accuracy. Nested percentiles and durations create subset relationships, so a high value between two nested rules is structural."
HYB_TX_P80_D5_A90_W15,HYB_TX_P85_D3_A90_W15,TX-P80-D5+A90,TX-P85-D3+A90,hybrid,hybrid,64975,68046,54199,0.6876,False,"agreement on the set of classified county-dates; NOT accuracy. Nested percentiles and durations create subset relationships, so a high value between two nested rules is structural."
HYB_TX_P80_D5_A90_W15,HYB_TX_P85_D5_A80_W15,TX-P80-D5+A90,TX-P85-D5+A80,hybrid,hybrid,64975,62370,47519,0.5953,False,"agreement on the set of classified county-dates; NOT accuracy. Nested percentiles and durations create subset relationships, so a high value between two nested rules is structural."
HYB_TX_P80_D5_A90_W15,HYB_TX_P85_D5_A90_W15,TX-P80-D5+A90,TX-P85-D5+A90,hybrid,hybrid,64975,47507,47507,0.7312,False,"agreement on the set of classified county-dates; NOT accuracy. Nested percentiles and durations create subset relationships, so a high value between two nested rules is structural."
HYB_TX_P80_D5_A90_W15,HYB_TX_P90_D2_A80_W15,TX-P80-D5+A90,TX-P90-D2+A80,hybrid,hybrid,64975,87949,42620,0.3864,False,"agreement on the set of classified county-dates; NOT accuracy. Nested percentiles and durations create subset relationships, so a high value between two nested rules is structural."
HYB_TX_P80_D5_A90_W15,HYB_TX_P90_D2_A90_W15,TX-P80-D5+A90,TX-P90-D2+A90,hybrid,hybrid,64975,57954,42620,0.5307,False,"agreement on the set of classified county-dates; NOT accuracy. Nested percentiles and durations create subset relationships, so a high value between two nested rules is structural."
HYB_TX_P80_D5_A90_W15,HYB_TX_P90_D3_A80_W15,TX-P80-D5+A90,TX-P90-D3+A80,hybrid,hybrid,64975,66173,39500,0.431,False,"agreement on the set of classified county-dates; NOT accuracy. Nested percentiles and durations create subset relationships, so a high value between two nested rules is structural."
HYB_TX_P80_D5_A90_W15,HYB_TX_P90_D3_A90_W15,TX-P80-D5+A90,TX-P90-D3+A90,hybrid,hybrid,64975,46448,39500,0.5492,False,"agreement on the set of classified county-dates; NOT accuracy. Nested percentiles and durations create subset relationships, so a high value between two nested rules is structural."
HYB_TX_P80_D5_A90_W15,HYB_TX_P90_D5_A80_W15,TX-P80-D5+A90,TX-P90-D5+A80,hybrid,hybrid,64975,38549,29951,0.4071,False,"agreement on the set of classified county-dates; NOT accuracy. Nested percentiles and durations create subset relationships, so a high value between two nested rules is structural."
HYB_TX_P80_D5_A90_W15,HYB_TX_P90_D5_A90_W15,TX-P80-D5+A90,TX-P90-D5+A90,hybrid,hybrid,64975,29939,29939,0.4608,False,"agreement on the set of classified county-dates; NOT accuracy. Nested percentiles and durations create subset relationships, so a high value between two nested rules is structural."
HYB_TX_P80_D5_A90_W15,ABS_TX_A80_D2,TX-P80-D5+A90,TX->80-D2,hybrid,absolute,64975,528693,64975,0.1229,False,"agreement on the set of classified county-dates; NOT accuracy. Nested percentiles and durations create subset relationships, so a high value between two nested rules is structural."
HYB_TX_P80_D5_A90_W15,ABS_TX_A90_D2,TX-P80-D5+A90,TX->90-D2,hybrid,absolute,64975,280631,64975,0.2315,False,"agreement on the set of classified county-dates; NOT accuracy. Nested percentiles and durations create subset relationships, so a high value between two nested rules is structural."
HYB_TX_P80_D5_A90_W15,ABS_TX_A80_D3,TX-P80-D5+A90,TX->80-D3,hybrid,absolute,64975,508219,64975,0.1278,False,"agreement on the set of classified county-dates; NOT accuracy. Nested percentiles and durations create subset relationships, so a high value between two nested rules is structural."
HYB_TX_P80_D5_A90_W15,ABS_TX_A90_D3,TX-P80-D5+A90,TX->90-D3,hybrid,absolute,64975,267781,64975,0.2426,False,"agreement on the set of classified county-dates; NOT accuracy. Nested percentiles and durations create subset relationships, so a high value between two nested rules is structural."
HYB_TX_P80_D5_A90_W15,ABS_TX_A80_D5,TX-P80-D5+A90,TX->80-D5,hybrid,absolute,64975,473437,64975,0.1372,False,"agreement on the set of classified county-dates; NOT accuracy. Nested percentiles and durations create subset relationships, so a high value between two nested rules is structural."
HYB_TX_P80_D5_A90_W15,ABS_TX_A90_D5,TX-P80-D5+A90,TX->90-D5,hybrid,absolute,64975,246143,64975,0.264,False,"agreement on the set of classified county-dates; NOT accuracy. Nested percentiles and durations create subset relationships, so a high value between two nested rules is structural."
HYB_TX_P85_D2_A80_W15,HYB_TX_P85_D2_A90_W15,TX-P85-D2+A80,TX-P85-D2+A90,hybrid,hybrid,125734,81954,81954,0.6518,False,"agreement on the set of classified county-dates; NOT accuracy. Nested percentiles and durations create subset relationships, so a high value between two nested rules is structural."
HYB_TX_P85_D2_A80_W15,HYB_TX_P85_D3_A80_W15,TX-P85-D2+A80,TX-P85-D3+A80,hybrid,hybrid,125734,98708,98708,0.7851,False,"agreement on the set of classified county-dates; NOT accuracy. Nested percentiles and durations create subset relationships, so a high value between two nested rules is structural."
HYB_TX_P85_D2_A80_W15,HYB_TX_P85_D3_A90_W15,TX-P85-D2+A80,TX-P85-D3+A90,hybrid,hybrid,125734,68046,68046,0.5412,False,"agreement on the set of classified county-dates; NOT accuracy. Nested percentiles and durations create subset relationships, so a high value between two nested rules is structural."
HYB_TX_P85_D2_A80_W15,HYB_TX_P85_D5_A80_W15,TX-P85-D2+A80,TX-P85-D5+A80,hybrid,hybrid,125734,62370,62370,0.496,False,"agreement on the set of classified county-dates; NOT accuracy. Nested percentiles and durations create subset relationships, so a high value between two nested rules is structural."
HYB_TX_P85_D2_A80_W15,HYB_TX_P85_D5_A90_W15,TX-P85-D2+A80,TX-P85-D5+A90,hybrid,hybrid,125734,47507,47507,0.3778,False,"agreement on the set of classified county-dates; NOT accuracy. Nested percentiles and durations create subset relationships, so a high value between two nested rules is structural."
HYB_TX_P85_D2_A80_W15,HYB_TX_P90_D2_A80_W15,TX-P85-D2+A80,TX-P90-D2+A80,hybrid,hybrid,125734,87949,87949,0.6995,False,"agreement on the set of classified county-dates; NOT accuracy. Nested percentiles and durations create subset relationships, so a high value between two nested rules is structural."
HYB_TX_P85_D2_A80_W15,HYB_TX_P90_D2_A90_W15,TX-P85-D2+A80,TX-P90-D2+A90,hybrid,hybrid,125734,57954,57954,0.4609,False,"agreement on the set of classified county-dates; NOT accuracy. Nested percentiles and durations create subset relationships, so a high value between two nested rules is structural."
HYB_TX_P85_D2_A80_W15,HYB_TX_P90_D3_A80_W15,TX-P85-D2+A80,TX-P90-D3+A80,hybrid,hybrid,125734,66173,66173,0.5263,False,"agreement on the set of classified county-dates; NOT accuracy. Nested percentiles and durations create subset relationships, so a high value between two nested rules is structural."
HYB_TX_P85_D2_A80_W15,HYB_TX_P90_D3_A90_W15,TX-P85-D2+A80,TX-P90-D3+A90,hybrid,hybrid,125734,46448,46448,0.3694,False,"agreement on the set of classified county-dates; NOT accuracy. Nested percentiles and durations create subset relationships, so a high value between two nested rules is structural."
HYB_TX_P85_D2_A80_W15,HYB_TX_P90_D5_A80_W15,TX-P85-D2+A80,TX-P90-D5+A80,hybrid,hybrid,125734,38549,38549,0.3066,False,"agreement on the set of classified county-dates; NOT accuracy. Nested percentiles and durations create subset relationships, so a high value between two nested rules is structural."
HYB_TX_P85_D2_A80_W15,HYB_TX_P90_D5_A90_W15,TX-P85-D2+A80,TX-P90-D5+A90,hybrid,hybrid,125734,29939,29939,0.2381,False,"agreement on the set of classified county-dates; NOT accuracy. Nested percentiles and durations create subset relationships, so a high value between two nested rules is structural."
HYB_TX_P85_D2_A80_W15,ABS_TX_A80_D2,TX-P85-D2+A80,TX->80-D2,hybrid,absolute,125734,528693,125586,0.2375,False,"agreement on the set of classified county-dates; NOT accuracy. Nested percentiles and durations create subset relationships, so a high value between two nested rules is structural."
HYB_TX_P85_D2_A80_W15,ABS_TX_A90_D2,TX-P85-D2+A80,TX->90-D2,hybrid,absolute,125734,280631,81955,0.2526,False,"agreement on the set of classified county-dates; NOT accuracy. Nested percentiles and durations create subset relationships, so a high value between two nested rules is structural."
HYB_TX_P85_D2_A80_W15,ABS_TX_A80_D3,TX-P85-D2+A80,TX->80-D3,hybrid,absolute,125734,508219,117042,0.2264,False,"agreement on the set of classified county-dates; NOT accuracy. Nested percentiles and durations create subset relationships, so a high value between two nested rules is structural."
HYB_TX_P85_D2_A80_W15,ABS_TX_A90_D3,TX-P85-D2+A80,TX->90-D3,hybrid,absolute,125734,267781,77079,0.2436,False,"agreement on the set of classified county-dates; NOT accuracy. Nested percentiles and durations create subset relationships, so a high value between two nested rules is structural."
HYB_TX_P85_D2_A80_W15,ABS_TX_A80_D5,TX-P85-D2+A80,TX->80-D5,hybrid,absolute,125734,473437,103168,0.208,False,"agreement on the set of classified county-dates; NOT accuracy. Nested percentiles and durations create subset relationships, so a high value between two nested rules is structural."
HYB_TX_P85_D2_A80_W15,ABS_TX_A90_D5,TX-P85-D2+A80,TX->90-D5,hybrid,absolute,125734,246143,70905,0.2356,False,"agreement on the set of classified county-dates; NOT accuracy. Nested percentiles and durations create subset relationships, so a high value between two nested rules is structural."
HYB_TX_P85_D2_A90_W15,HYB_TX_P85_D3_A80_W15,TX-P85-D2+A90,TX-P85-D3+A80,hybrid,hybrid,81954,98708,69868,0.6306,False,"agreement on the set of classified county-dates; NOT accuracy. Nested percentiles and durations create subset relationships, so a high value between two nested rules is structural."
HYB_TX_P85_D2_A90_W15,HYB_TX_P85_D3_A90_W15,TX-P85-D2+A90,TX-P85-D3+A90,hybrid,hybrid,81954,68046,68046,0.8303,False,"agreement on the set of classified county-dates; NOT accuracy. Nested percentiles and durations create subset relationships, so a high value between two nested rules is structural."
HYB_TX_P85_D2_A90_W15,HYB_TX_P85_D5_A80_W15,TX-P85-D2+A90,TX-P85-D5+A80,hybrid,hybrid,81954,62370,49426,0.5208,False,"agreement on the set of classified county-dates; NOT accuracy. Nested percentiles and durations create subset relationships, so a high value between two nested rules is structural."
HYB_TX_P85_D2_A90_W15,HYB_TX_P85_D5_A90_W15,TX-P85-D2+A90,TX-P85-D5+A90,hybrid,hybrid,81954,47507,47507,0.5797,False,"agreement on the set of classified county-dates; NOT accuracy. Nested percentiles and durations create subset relationships, so a high value between two nested rules is structural."
HYB_TX_P85_D2_A90_W15,HYB_TX_P90_D2_A80_W15,TX-P85-D2+A90,TX-P90-D2+A80,hybrid,hybrid,81954,87949,57957,0.5177,False,"agreement on the set of classified county-dates; NOT accuracy. Nested percentiles and durations create subset relationships, so a high value between two nested rules is structural."
HYB_TX_P85_D2_A90_W15,HYB_TX_P90_D2_A90_W15,TX-P85-D2+A90,TX-P90-D2+A90,hybrid,hybrid,81954,57954,57954,0.7072,False,"agreement on the set of classified county-dates; NOT accuracy. Nested percentiles and durations create subset relationships, so a high value between two nested rules is structural."
HYB_TX_P85_D2_A90_W15,HYB_TX_P90_D3_A80_W15,TX-P85-D2+A90,TX-P90-D3+A80,hybrid,hybrid,81954,66173,47582,0.4732,False,"agreement on the set of classified county-dates; NOT accuracy. Nested percentiles and durations create subset relationships, so a high value between two nested rules is structural."
HYB_TX_P85_D2_A90_W15,HYB_TX_P90_D3_A90_W15,TX-P85-D2+A90,TX-P90-D3+A90,hybrid,hybrid,81954,46448,46448,0.5668,False,"agreement on the set of classified county-dates; NOT accuracy. Nested percentiles and durations create subset relationships, so a high value between two nested rules is structural."
HYB_TX_P85_D2_A90_W15,HYB_TX_P90_D5_A80_W15,TX-P85-D2+A90,TX-P90-D5+A80,hybrid,hybrid,81954,38549,30880,0.3446,False,"agreement on the set of classified county-dates; NOT accuracy. Nested percentiles and durations create subset relationships, so a high value between two nested rules is structural."
HYB_TX_P85_D2_A90_W15,HYB_TX_P90_D5_A90_W15,TX-P85-D2+A90,TX-P90-D5+A90,hybrid,hybrid,81954,29939,29939,0.3653,False,"agreement on the set of classified county-dates; NOT accuracy. Nested percentiles and durations create subset relationships, so a high value between two nested rules is structural."
HYB_TX_P85_D2_A90_W15,ABS_TX_A80_D2,TX-P85-D2+A90,TX->80-D2,hybrid,absolute,81954,528693,81954,0.155,False,"agreement on the set of classified county-dates; NOT accuracy. Nested percentiles and durations create subset relationships, so a high value between two nested rules is structural."
HYB_TX_P85_D2_A90_W15,ABS_TX_A90_D2,TX-P85-D2+A90,TX->90-D2,hybrid,absolute,81954,280631,81954,0.292,False,"agreement on the set of classified county-dates; NOT accuracy. Nested percentiles and durations create subset relationships, so a high value between two nested rules is structural."
HYB_TX_P85_D2_A90_W15,ABS_TX_A80_D3,TX-P85-D2+A90,TX->80-D3,hybrid,absolute,81954,508219,81748,0.1608,False,"agreement on the set of classified county-dates; NOT accuracy. Nested percentiles and durations create subset relationships, so a high value between two nested rules is structural."
HYB_TX_P85_D2_A90_W15,ABS_TX_A90_D3,TX-P85-D2+A90,TX->90-D3,hybrid,absolute,81954,267781,77078,0.2827,False,"agreement on the set of classified county-dates; NOT accuracy. Nested percentiles and durations create subset relationships, so a high value between two nested rules is structural."
HYB_TX_P85_D2_A90_W15,ABS_TX_A80_D5,TX-P85-D2+A90,TX->80-D5,hybrid,absolute,81954,473437,80861,0.1704,False,"agreement on the set of classified county-dates; NOT accuracy. Nested percentiles and durations create subset relationships, so a high value between two nested rules is structural."
HYB_TX_P85_D2_A90_W15,ABS_TX_A90_D5,TX-P85-D2+A90,TX->90-D5,hybrid,absolute,81954,246143,70905,0.2757,False,"agreement on the set of classified county-dates; NOT accuracy. Nested percentiles and durations create subset relationships, so a high value between two nested rules is structural."
HYB_TX_P85_D3_A80_W15,HYB_TX_P85_D3_A90_W15,TX-P85-D3+A80,TX-P85-D3+A90,hybrid,hybrid,98708,68046,68046,0.6894,False,"agreement on the set of classified county-dates; NOT accuracy. Nested percentiles and durations create subset relationships, so a high value between two nested rules is structural."
HYB_TX_P85_D3_A80_W15,HYB_TX_P85_D5_A80_W15,TX-P85-D3+A80,TX-P85-D5+A80,hybrid,hybrid,98708,62370,62370,0.6319,False,"agreement on the set of classified county-dates; NOT accuracy. Nested percentiles and durations create subset relationships, so a high value between two nested rules is structural."
HYB_TX_P85_D3_A80_W15,HYB_TX_P85_D5_A90_W15,TX-P85-D3+A80,TX-P85-D5+A90,hybrid,hybrid,98708,47507,47507,0.4813,False,"agreement on the set of classified county-dates; NOT accuracy. Nested percentiles and durations create subset relationships, so a high value between two nested rules is structural."
HYB_TX_P85_D3_A80_W15,HYB_TX_P90_D2_A80_W15,TX-P85-D3+A80,TX-P90-D2+A80,hybrid,hybrid,98708,87949,74131,0.6588,False,"agreement on the set of classified county-dates; NOT accuracy. Nested percentiles and durations create subset relationships, so a high value between two nested rules is structural."
HYB_TX_P85_D3_A80_W15,HYB_TX_P90_D2_A90_W15,TX-P85-D3+A80,TX-P90-D2+A90,hybrid,hybrid,98708,57954,52906,0.5099,False,"agreement on the set of classified county-dates; NOT accuracy. Nested percentiles and durations create subset relationships, so a high value between two nested rules is structural."
HYB_TX_P85_D3_A80_W15,HYB_TX_P90_D3_A80_W15,TX-P85-D3+A80,TX-P90-D3+A80,hybrid,hybrid,98708,66173,66173,0.6704,False,"agreement on the set of classified county-dates; NOT accuracy. Nested percentiles and durations create subset relationships, so a high value between two nested rules is structural."
HYB_TX_P85_D3_A80_W15,HYB_TX_P90_D3_A90_W15,TX-P85-D3+A80,TX-P90-D3+A90,hybrid,hybrid,98708,46448,46448,0.4706,False,"agreement on the set of classified county-dates; NOT accuracy. Nested percentiles and durations create subset relationships, so a high value between two nested rules is structural."
HYB_TX_P85_D3_A80_W15,HYB_TX_P90_D5_A80_W15,TX-P85-D3+A80,TX-P90-D5+A80,hybrid,hybrid,98708,38549,38549,0.3905,False,"agreement on the set of classified county-dates; NOT accuracy. Nested percentiles and durations create subset relationships, so a high value between two nested rules is structural."
HYB_TX_P85_D3_A80_W15,HYB_TX_P90_D5_A90_W15,TX-P85-D3+A80,TX-P90-D5+A90,hybrid,hybrid,98708,29939,29939,0.3033,False,"agreement on the set of classified county-dates; NOT accuracy. Nested percentiles and durations create subset relationships, so a high value between two nested rules is structural."
HYB_TX_P85_D3_A80_W15,ABS_TX_A80_D2,TX-P85-D3+A80,TX->80-D2,hybrid,absolute,98708,528693,98648,0.1866,False,"agreement on the set of classified county-dates; NOT accuracy. Nested percentiles and durations create subset relationships, so a high value between two nested rules is structural."
HYB_TX_P85_D3_A80_W15,ABS_TX_A90_D2,TX-P85-D3+A80,TX->90-D2,hybrid,absolute,98708,280631,69868,0.2258,False,"agreement on the set of classified county-dates; NOT accuracy. Nested percentiles and durations create subset relationships, so a high value between two nested rules is structural."
HYB_TX_P85_D3_A80_W15,ABS_TX_A80_D3,TX-P85-D3+A80,TX->80-D3,hybrid,absolute,98708,508219,98618,0.194,False,"agreement on the set of classified county-dates; NOT accuracy. Nested percentiles and durations create subset relationships, so a high value between two nested rules is structural."
HYB_TX_P85_D3_A80_W15,ABS_TX_A90_D3,TX-P85-D3+A80,TX->90-D3,hybrid,absolute,98708,267781,68050,0.228,False,"agreement on the set of classified county-dates; NOT accuracy. Nested percentiles and durations create subset relationships, so a high value between two nested rules is structural."
HYB_TX_P85_D3_A80_W15,ABS_TX_A80_D5,TX-P85-D3+A80,TX->80-D5,hybrid,absolute,98708,473437,88002,0.1818,False,"agreement on the set of classified county-dates; NOT accuracy. Nested percentiles and durations create subset relationships, so a high value between two nested rules is structural."
HYB_TX_P85_D3_A80_W15,ABS_TX_A90_D5,TX-P85-D3+A80,TX->90-D5,hybrid,absolute,98708,246143,63045,0.2237,False,"agreement on the set of classified county-dates; NOT accuracy. Nested percentiles and durations create subset relationships, so a high value between two nested rules is structural."
HYB_TX_P85_D3_A90_W15,HYB_TX_P85_D5_A80_W15,TX-P85-D3+A90,TX-P85-D5+A80,hybrid,hybrid,68046,62370,48716,0.5963,False,"agreement on the set of classified county-dates; NOT accuracy. Nested percentiles and durations create subset relationships, so a high value between two nested rules is structural."
HYB_TX_P85_D3_A90_W15,HYB_TX_P85_D5_A90_W15,TX-P85-D3+A90,TX-P85-D5+A90,hybrid,hybrid,68046,47507,47507,0.6982,False,"agreement on the set of classified county-dates; NOT accuracy. Nested percentiles and durations create subset relationships, so a high value between two nested rules is structural."
HYB_TX_P85_D3_A90_W15,HYB_TX_P90_D2_A80_W15,TX-P85-D3+A90,TX-P90-D2+A80,hybrid,hybrid,68046,87949,51164,0.4881,False,"agreement on the set of classified county-dates; NOT accuracy. Nested percentiles and durations create subset relationships, so a high value between two nested rules is structural."
HYB_TX_P85_D3_A90_W15,HYB_TX_P90_D2_A90_W15,TX-P85-D3+A90,TX-P90-D2+A90,hybrid,hybrid,68046,57954,51164,0.6837,False,"agreement on the set of classified county-dates; NOT accuracy. Nested percentiles and durations create subset relationships, so a high value between two nested rules is structural."
HYB_TX_P85_D3_A90_W15,HYB_TX_P90_D3_A80_W15,TX-P85-D3+A90,TX-P90-D3+A80,hybrid,hybrid,68046,66173,46450,0.5292,False,"agreement on the set of classified county-dates; NOT accuracy. Nested percentiles and durations create subset relationships, so a high value between two nested rules is structural."
HYB_TX_P85_D3_A90_W15,HYB_TX_P90_D3_A90_W15,TX-P85-D3+A90,TX-P90-D3+A90,hybrid,hybrid,68046,46448,46448,0.6826,False,"agreement on the set of classified county-dates; NOT accuracy. Nested percentiles and durations create subset relationships, so a high value between two nested rules is structural."
HYB_TX_P85_D3_A90_W15,HYB_TX_P90_D5_A80_W15,TX-P85-D3+A90,TX-P90-D5+A80,hybrid,hybrid,68046,38549,30554,0.4018,False,"agreement on the set of classified county-dates; NOT accuracy. Nested percentiles and durations create subset relationships, so a high value between two nested rules is structural."
HYB_TX_P85_D3_A90_W15,HYB_TX_P90_D5_A90_W15,TX-P85-D3+A90,TX-P90-D5+A90,hybrid,hybrid,68046,29939,29939,0.44,False,"agreement on the set of classified county-dates; NOT accuracy. Nested percentiles and durations create subset relationships, so a high value between two nested rules is structural."
HYB_TX_P85_D3_A90_W15,ABS_TX_A80_D2,TX-P85-D3+A90,TX->80-D2,hybrid,absolute,68046,528693,68046,0.1287,False,"agreement on the set of classified county-dates; NOT accuracy. Nested percentiles and durations create subset relationships, so a high value between two nested rules is structural."
HYB_TX_P85_D3_A90_W15,ABS_TX_A90_D2,TX-P85-D3+A90,TX->90-D2,hybrid,absolute,68046,280631,68046,0.2425,False,"agreement on the set of classified county-dates; NOT accuracy. Nested percentiles and durations create subset relationships, so a high value between two nested rules is structural."
HYB_TX_P85_D3_A90_W15,ABS_TX_A80_D3,TX-P85-D3+A90,TX->80-D3,hybrid,absolute,68046,508219,68046,0.1339,False,"agreement on the set of classified county-dates; NOT accuracy. Nested percentiles and durations create subset relationships, so a high value between two nested rules is structural."
HYB_TX_P85_D3_A90_W15,ABS_TX_A90_D3,TX-P85-D3+A90,TX->90-D3,hybrid,absolute,68046,267781,68046,0.2541,False,"agreement on the set of classified county-dates; NOT accuracy. Nested percentiles and durations create subset relationships, so a high value between two nested rules is structural."
HYB_TX_P85_D3_A90_W15,ABS_TX_A80_D5,TX-P85-D3+A90,TX->80-D5,hybrid,absolute,68046,473437,67849,0.1433,False,"agreement on the set of classified county-dates; NOT accuracy. Nested percentiles and durations create subset relationships, so a high value between two nested rules is structural."
HYB_TX_P85_D3_A90_W15,ABS_TX_A90_D5,TX-P85-D3+A90,TX->90-D5,hybrid,absolute,68046,246143,63043,0.251,False,"agreement on the set of classified county-dates; NOT accuracy. Nested percentiles and durations create subset relationships, so a high value between two nested rules is structural."
HYB_TX_P85_D5_A80_W15,HYB_TX_P85_D5_A90_W15,TX-P85-D5+A80,TX-P85-D5+A90,hybrid,hybrid,62370,47507,47507,0.7617,False,"agreement on the set of classified county-dates; NOT accuracy. Nested percentiles and durations create subset relationships, so a high value between two nested rules is structural."
HYB_TX_P85_D5_A80_W15,HYB_TX_P90_D2_A80_W15,TX-P85-D5+A80,TX-P90-D2+A80,hybrid,hybrid,62370,87949,49867,0.4964,False,"agreement on the set of classified county-dates; NOT accuracy. Nested percentiles and durations create subset relationships, so a high value between two nested rules is structural."
HYB_TX_P85_D5_A80_W15,HYB_TX_P90_D2_A90_W15,TX-P85-D5+A80,TX-P90-D2+A90,hybrid,hybrid,62370,57954,39912,0.4963,False,"agreement on the set of classified county-dates; NOT accuracy. Nested percentiles and durations create subset relationships, so a high value between two nested rules is structural."
HYB_TX_P85_D5_A80_W15,HYB_TX_P90_D3_A80_W15,TX-P85-D5+A80,TX-P90-D3+A80,hybrid,hybrid,62370,66173,47495,0.586,False,"agreement on the set of classified county-dates; NOT accuracy. Nested percentiles and durations create subset relationships, so a high value between two nested rules is structural."
HYB_TX_P85_D5_A80_W15,HYB_TX_P90_D3_A90_W15,TX-P85-D5+A80,TX-P90-D3+A90,hybrid,hybrid,62370,46448,37608,0.5281,False,"agreement on the set of classified county-dates; NOT accuracy. Nested percentiles and durations create subset relationships, so a high value between two nested rules is structural."
HYB_TX_P85_D5_A80_W15,HYB_TX_P90_D5_A80_W15,TX-P85-D5+A80,TX-P90-D5+A80,hybrid,hybrid,62370,38549,38549,0.6181,False,"agreement on the set of classified county-dates; NOT accuracy. Nested percentiles and durations create subset relationships, so a high value between two nested rules is structural."
HYB_TX_P85_D5_A80_W15,HYB_TX_P90_D5_A90_W15,TX-P85-D5+A80,TX-P90-D5+A90,hybrid,hybrid,62370,29939,29939,0.48,False,"agreement on the set of classified county-dates; NOT accuracy. Nested percentiles and durations create subset relationships, so a high value between two nested rules is structural."
HYB_TX_P85_D5_A80_W15,ABS_TX_A80_D2,TX-P85-D5+A80,TX->80-D2,hybrid,absolute,62370,528693,62354,0.1179,False,"agreement on the set of classified county-dates; NOT accuracy. Nested percentiles and durations create subset relationships, so a high value between two nested rules is structural."
HYB_TX_P85_D5_A80_W15,ABS_TX_A90_D2,TX-P85-D5+A80,TX->90-D2,hybrid,absolute,62370,280631,49426,0.1684,False,"agreement on the set of classified county-dates; NOT accuracy. Nested percentiles and durations create subset relationships, so a high value between two nested rules is structural."
HYB_TX_P85_D5_A80_W15,ABS_TX_A80_D3,TX-P85-D5+A80,TX->80-D3,hybrid,absolute,62370,508219,62354,0.1227,False,"agreement on the set of classified county-dates; NOT accuracy. Nested percentiles and durations create subset relationships, so a high value between two nested rules is structural."
HYB_TX_P85_D5_A80_W15,ABS_TX_A90_D3,TX-P85-D5+A80,TX->90-D3,hybrid,absolute,62370,267781,48716,0.1731,False,"agreement on the set of classified county-dates; NOT accuracy. Nested percentiles and durations create subset relationships, so a high value between two nested rules is structural."
HYB_TX_P85_D5_A80_W15,ABS_TX_A80_D5,TX-P85-D5+A80,TX->80-D5,hybrid,absolute,62370,473437,62331,0.1316,False,"agreement on the set of classified county-dates; NOT accuracy. Nested percentiles and durations create subset relationships, so a high value between two nested rules is structural."
HYB_TX_P85_D5_A80_W15,ABS_TX_A90_D5,TX-P85-D5+A80,TX->90-D5,hybrid,absolute,62370,246143,47519,0.1821,False,"agreement on the set of classified county-dates; NOT accuracy. Nested percentiles and durations create subset relationships, so a high value between two nested rules is structural."
HYB_TX_P85_D5_A90_W15,HYB_TX_P90_D2_A80_W15,TX-P85-D5+A90,TX-P90-D2+A80,hybrid,hybrid,47507,87949,38076,0.391,False,"agreement on the set of classified county-dates; NOT accuracy. Nested percentiles and durations create subset relationships, so a high value between two nested rules is structural."
HYB_TX_P85_D5_A90_W15,HYB_TX_P90_D2_A90_W15,TX-P85-D5+A90,TX-P90-D2+A90,hybrid,hybrid,47507,57954,38076,0.5651,False,"agreement on the set of classified county-dates; NOT accuracy. Nested percentiles and durations create subset relationships, so a high value between two nested rules is structural."
HYB_TX_P85_D5_A90_W15,HYB_TX_P90_D3_A80_W15,TX-P85-D5+A90,TX-P90-D3+A80,hybrid,hybrid,47507,66173,36474,0.4724,False,"agreement on the set of classified county-dates; NOT accuracy. Nested percentiles and durations create subset relationships, so a high value between two nested rules is structural."
HYB_TX_P85_D5_A90_W15,HYB_TX_P90_D3_A90_W15,TX-P85-D5+A90,TX-P90-D3+A90,hybrid,hybrid,47507,46448,36474,0.6345,False,"agreement on the set of classified county-dates; NOT accuracy. Nested percentiles and durations create subset relationships, so a high value between two nested rules is structural."
HYB_TX_P85_D5_A90_W15,HYB_TX_P90_D5_A80_W15,TX-P85-D5+A90,TX-P90-D5+A80,hybrid,hybrid,47507,38549,29951,0.5338,False,"agreement on the set of classified county-dates; NOT accuracy. Nested percentiles and durations create subset relationships, so a high value between two nested rules is structural."
HYB_TX_P85_D5_A90_W15,HYB_TX_P90_D5_A90_W15,TX-P85-D5+A90,TX-P90-D5+A90,hybrid,hybrid,47507,29939,29939,0.6302,False,"agreement on the set of classified county-dates; NOT accuracy. Nested percentiles and durations create subset relationships, so a high value between two nested rules is structural."
HYB_TX_P85_D5_A90_W15,ABS_TX_A80_D2,TX-P85-D5+A90,TX->80-D2,hybrid,absolute,47507,528693,47507,0.0899,False,"agreement on the set of classified county-dates; NOT accuracy. Nested percentiles and durations create subset relationships, so a high value between two nested rules is structural."
HYB_TX_P85_D5_A90_W15,ABS_TX_A90_D2,TX-P85-D5+A90,TX->90-D2,hybrid,absolute,47507,280631,47507,0.1693,False,"agreement on the set of classified county-dates; NOT accuracy. Nested percentiles and durations create subset relationships, so a high value between two nested rules is structural."
HYB_TX_P85_D5_A90_W15,ABS_TX_A80_D3,TX-P85-D5+A90,TX->80-D3,hybrid,absolute,47507,508219,47507,0.0935,False,"agreement on the set of classified county-dates; NOT accuracy. Nested percentiles and durations create subset relationships, so a high value between two nested rules is structural."
HYB_TX_P85_D5_A90_W15,ABS_TX_A90_D3,TX-P85-D5+A90,TX->90-D3,hybrid,absolute,47507,267781,47507,0.1774,False,"agreement on the set of classified county-dates; NOT accuracy. Nested percentiles and durations create subset relationships, so a high value between two nested rules is structural."
HYB_TX_P85_D5_A90_W15,ABS_TX_A80_D5,TX-P85-D5+A90,TX->80-D5,hybrid,absolute,47507,473437,47507,0.1003,False,"agreement on the set of classified county-dates; NOT accuracy. Nested percentiles and durations create subset relationships, so a high value between two nested rules is structural."
HYB_TX_P85_D5_A90_W15,ABS_TX_A90_D5,TX-P85-D5+A90,TX->90-D5,hybrid,absolute,47507,246143,47507,0.193,False,"agreement on the set of classified county-dates; NOT accuracy. Nested percentiles and durations create subset relationships, so a high value between two nested rules is structural."
HYB_TX_P90_D2_A80_W15,HYB_TX_P90_D2_A90_W15,TX-P90-D2+A80,TX-P90-D2+A90,hybrid,hybrid,87949,57954,57954,0.659,False,"agreement on the set of classified county-dates; NOT accuracy. Nested percentiles and durations create subset relationships, so a high value between two nested rules is structural."
HYB_TX_P90_D2_A80_W15,HYB_TX_P90_D3_A80_W15,TX-P90-D2+A80,TX-P90-D3+A80,hybrid,hybrid,87949,66173,66173,0.7524,False,"agreement on the set of classified county-dates; NOT accuracy. Nested percentiles and durations create subset relationships, so a high value between two nested rules is structural."
HYB_TX_P90_D2_A80_W15,HYB_TX_P90_D3_A90_W15,TX-P90-D2+A80,TX-P90-D3+A90,hybrid,hybrid,87949,46448,46448,0.5281,False,"agreement on the set of classified county-dates; NOT accuracy. Nested percentiles and durations create subset relationships, so a high value between two nested rules is structural."
HYB_TX_P90_D2_A80_W15,HYB_TX_P90_D5_A80_W15,TX-P90-D2+A80,TX-P90-D5+A80,hybrid,hybrid,87949,38549,38549,0.4383,False,"agreement on the set of classified county-dates; NOT accuracy. Nested percentiles and durations create subset relationships, so a high value between two nested rules is structural."
HYB_TX_P90_D2_A80_W15,HYB_TX_P90_D5_A90_W15,TX-P90-D2+A80,TX-P90-D5+A90,hybrid,hybrid,87949,29939,29939,0.3404,False,"agreement on the set of classified county-dates; NOT accuracy. Nested percentiles and durations create subset relationships, so a high value between two nested rules is structural."
HYB_TX_P90_D2_A80_W15,ABS_TX_A80_D2,TX-P90-D2+A80,TX->80-D2,hybrid,absolute,87949,528693,87839,0.1661,False,"agreement on the set of classified county-dates; NOT accuracy. Nested percentiles and durations create subset relationships, so a high value between two nested rules is structural."
HYB_TX_P90_D2_A80_W15,ABS_TX_A90_D2,TX-P90-D2+A80,TX->90-D2,hybrid,absolute,87949,280631,57957,0.1866,False,"agreement on the set of classified county-dates; NOT accuracy. Nested percentiles and durations create subset relationships, so a high value between two nested rules is structural."
HYB_TX_P90_D2_A80_W15,ABS_TX_A80_D3,TX-P90-D2+A80,TX->80-D3,hybrid,absolute,87949,508219,81567,0.1585,False,"agreement on the set of classified county-dates; NOT accuracy. Nested percentiles and durations create subset relationships, so a high value between two nested rules is structural."
HYB_TX_P90_D2_A80_W15,ABS_TX_A90_D3,TX-P90-D2+A80,TX->90-D3,hybrid,absolute,87949,267781,54310,0.1802,False,"agreement on the set of classified county-dates; NOT accuracy. Nested percentiles and durations create subset relationships, so a high value between two nested rules is structural."
HYB_TX_P90_D2_A80_W15,ABS_TX_A80_D5,TX-P90-D2+A80,TX->80-D5,hybrid,absolute,87949,473437,71583,0.1461,False,"agreement on the set of classified county-dates; NOT accuracy. Nested percentiles and durations create subset relationships, so a high value between two nested rules is structural."
HYB_TX_P90_D2_A80_W15,ABS_TX_A90_D5,TX-P90-D2+A80,TX->90-D5,hybrid,absolute,87949,246143,50046,0.1762,False,"agreement on the set of classified county-dates; NOT accuracy. Nested percentiles and durations create subset relationships, so a high value between two nested rules is structural."
HYB_TX_P90_D2_A90_W15,HYB_TX_P90_D3_A80_W15,TX-P90-D2+A90,TX-P90-D3+A80,hybrid,hybrid,57954,66173,47580,0.6216,False,"agreement on the set of classified county-dates; NOT accuracy. Nested percentiles and durations create subset relationships, so a high value between two nested rules is structural."
HYB_TX_P90_D2_A90_W15,HYB_TX_P90_D3_A90_W15,TX-P90-D2+A90,TX-P90-D3+A90,hybrid,hybrid,57954,46448,46448,0.8015,False,"agreement on the set of classified county-dates; NOT accuracy. Nested percentiles and durations create subset relationships, so a high value between two nested rules is structural."
HYB_TX_P90_D2_A90_W15,HYB_TX_P90_D5_A80_W15,TX-P90-D2+A90,TX-P90-D5+A80,hybrid,hybrid,57954,38549,30880,0.4706,False,"agreement on the set of classified county-dates; NOT accuracy. Nested percentiles and durations create subset relationships, so a high value between two nested rules is structural."
HYB_TX_P90_D2_A90_W15,HYB_TX_P90_D5_A90_W15,TX-P90-D2+A90,TX-P90-D5+A90,hybrid,hybrid,57954,29939,29939,0.5166,False,"agreement on the set of classified county-dates; NOT accuracy. Nested percentiles and durations create subset relationships, so a high value between two nested rules is structural."
HYB_TX_P90_D2_A90_W15,ABS_TX_A80_D2,TX-P90-D2+A90,TX->80-D2,hybrid,absolute,57954,528693,57954,0.1096,False,"agreement on the set of classified county-dates; NOT accuracy. Nested percentiles and durations create subset relationships, so a high value between two nested rules is structural."
HYB_TX_P90_D2_A90_W15,ABS_TX_A90_D2,TX-P90-D2+A90,TX->90-D2,hybrid,absolute,57954,280631,57954,0.2065,False,"agreement on the set of classified county-dates; NOT accuracy. Nested percentiles and durations create subset relationships, so a high value between two nested rules is structural."
HYB_TX_P90_D2_A90_W15,ABS_TX_A80_D3,TX-P90-D2+A90,TX->80-D3,hybrid,absolute,57954,508219,57780,0.1137,False,"agreement on the set of classified county-dates; NOT accuracy. Nested percentiles and durations create subset relationships, so a high value between two nested rules is structural."
HYB_TX_P90_D2_A90_W15,ABS_TX_A90_D3,TX-P90-D2+A90,TX->90-D3,hybrid,absolute,57954,267781,54310,0.2001,False,"agreement on the set of classified county-dates; NOT accuracy. Nested percentiles and durations create subset relationships, so a high value between two nested rules is structural."
HYB_TX_P90_D2_A90_W15,ABS_TX_A80_D5,TX-P90-D2+A90,TX->80-D5,hybrid,absolute,57954,473437,57025,0.1202,False,"agreement on the set of classified county-dates; NOT accuracy. Nested percentiles and durations create subset relationships, so a high value between two nested rules is structural."
HYB_TX_P90_D2_A90_W15,ABS_TX_A90_D5,TX-P90-D2+A90,TX->90-D5,hybrid,absolute,57954,246143,50046,0.197,False,"agreement on the set of classified county-dates; NOT accuracy. Nested percentiles and durations create subset relationships, so a high value between two nested rules is structural."
HYB_TX_P90_D3_A80_W15,HYB_TX_P90_D3_A90_W15,TX-P90-D3+A80,TX-P90-D3+A90,hybrid,hybrid,66173,46448,46448,0.7019,False,"agreement on the set of classified county-dates; NOT accuracy. Nested percentiles and durations create subset relationships, so a high value between two nested rules is structural."
HYB_TX_P90_D3_A80_W15,HYB_TX_P90_D5_A80_W15,TX-P90-D3+A80,TX-P90-D5+A80,hybrid,hybrid,66173,38549,38549,0.5825,False,"agreement on the set of classified county-dates; NOT accuracy. Nested percentiles and durations create subset relationships, so a high value between two nested rules is structural."
HYB_TX_P90_D3_A80_W15,HYB_TX_P90_D5_A90_W15,TX-P90-D3+A80,TX-P90-D5+A90,hybrid,hybrid,66173,29939,29939,0.4524,False,"agreement on the set of classified county-dates; NOT accuracy. Nested percentiles and durations create subset relationships, so a high value between two nested rules is structural."
HYB_TX_P90_D3_A80_W15,ABS_TX_A80_D2,TX-P90-D3+A80,TX->80-D2,hybrid,absolute,66173,528693,66137,0.1251,False,"agreement on the set of classified county-dates; NOT accuracy. Nested percentiles and durations create subset relationships, so a high value between two nested rules is structural."
HYB_TX_P90_D3_A80_W15,ABS_TX_A90_D2,TX-P90-D3+A80,TX->90-D2,hybrid,absolute,66173,280631,47582,0.159,False,"agreement on the set of classified county-dates; NOT accuracy. Nested percentiles and durations create subset relationships, so a high value between two nested rules is structural."
HYB_TX_P90_D3_A80_W15,ABS_TX_A80_D3,TX-P90-D3+A80,TX->80-D3,hybrid,absolute,66173,508219,66117,0.1301,False,"agreement on the set of classified county-dates; NOT accuracy. Nested percentiles and durations create subset relationships, so a high value between two nested rules is structural."
HYB_TX_P90_D3_A80_W15,ABS_TX_A90_D3,TX-P90-D3+A80,TX->90-D3,hybrid,absolute,66173,267781,46450,0.1616,False,"agreement on the set of classified county-dates; NOT accuracy. Nested percentiles and durations create subset relationships, so a high value between two nested rules is structural."
HYB_TX_P90_D3_A80_W15,ABS_TX_A80_D5,TX-P90-D3+A80,TX->80-D5,hybrid,absolute,66173,473437,59117,0.123,False,"agreement on the set of classified county-dates; NOT accuracy. Nested percentiles and durations create subset relationships, so a high value between two nested rules is structural."
HYB_TX_P90_D3_A80_W15,ABS_TX_A90_D5,TX-P90-D3+A80,TX->90-D5,hybrid,absolute,66173,246143,43124,0.1602,False,"agreement on the set of classified county-dates; NOT accuracy. Nested percentiles and durations create subset relationships, so a high value between two nested rules is structural."
HYB_TX_P90_D3_A90_W15,HYB_TX_P90_D5_A80_W15,TX-P90-D3+A90,TX-P90-D5+A80,hybrid,hybrid,46448,38549,30554,0.5612,False,"agreement on the set of classified county-dates; NOT accuracy. Nested percentiles and durations create subset relationships, so a high value between two nested rules is structural."
HYB_TX_P90_D3_A90_W15,HYB_TX_P90_D5_A90_W15,TX-P90-D3+A90,TX-P90-D5+A90,hybrid,hybrid,46448,29939,29939,0.6446,False,"agreement on the set of classified county-dates; NOT accuracy. Nested percentiles and durations create subset relationships, so a high value between two nested rules is structural."
HYB_TX_P90_D3_A90_W15,ABS_TX_A80_D2,TX-P90-D3+A90,TX->80-D2,hybrid,absolute,46448,528693,46448,0.0879,False,"agreement on the set of classified county-dates; NOT accuracy. Nested percentiles and durations create subset relationships, so a high value between two nested rules is structural."
HYB_TX_P90_D3_A90_W15,ABS_TX_A90_D2,TX-P90-D3+A90,TX->90-D2,hybrid,absolute,46448,280631,46448,0.1655,False,"agreement on the set of classified county-dates; NOT accuracy. Nested percentiles and durations create subset relationships, so a high value between two nested rules is structural."
HYB_TX_P90_D3_A90_W15,ABS_TX_A80_D3,TX-P90-D3+A90,TX->80-D3,hybrid,absolute,46448,508219,46448,0.0914,False,"agreement on the set of classified county-dates; NOT accuracy. Nested percentiles and durations create subset relationships, so a high value between two nested rules is structural."
HYB_TX_P90_D3_A90_W15,ABS_TX_A90_D3,TX-P90-D3+A90,TX->90-D3,hybrid,absolute,46448,267781,46448,0.1735,False,"agreement on the set of classified county-dates; NOT accuracy. Nested percentiles and durations create subset relationships, so a high value between two nested rules is structural."
HYB_TX_P90_D3_A90_W15,ABS_TX_A80_D5,TX-P90-D3+A90,TX->80-D5,hybrid,absolute,46448,473437,46291,0.0977,False,"agreement on the set of classified county-dates; NOT accuracy. Nested percentiles and durations create subset relationships, so a high value between two nested rules is structural."
HYB_TX_P90_D3_A90_W15,ABS_TX_A90_D5,TX-P90-D3+A90,TX->90-D5,hybrid,absolute,46448,246143,43124,0.1729,False,"agreement on the set of classified county-dates; NOT accuracy. Nested percentiles and durations create subset relationships, so a high value between two nested rules is structural."
HYB_TX_P90_D5_A80_W15,HYB_TX_P90_D5_A90_W15,TX-P90-D5+A80,TX-P90-D5+A90,hybrid,hybrid,38549,29939,29939,0.7766,False,"agreement on the set of classified county-dates; NOT accuracy. Nested percentiles and durations create subset relationships, so a high value between two nested rules is structural."
HYB_TX_P90_D5_A80_W15,ABS_TX_A80_D2,TX-P90-D5+A80,TX->80-D2,hybrid,absolute,38549,528693,38541,0.0729,False,"agreement on the set of classified county-dates; NOT accuracy. Nested percentiles and durations create subset relationships, so a high value between two nested rules is structural."
HYB_TX_P90_D5_A80_W15,ABS_TX_A90_D2,TX-P90-D5+A80,TX->90-D2,hybrid,absolute,38549,280631,30880,0.1071,False,"agreement on the set of classified county-dates; NOT accuracy. Nested percentiles and durations create subset relationships, so a high value between two nested rules is structural."
HYB_TX_P90_D5_A80_W15,ABS_TX_A80_D3,TX-P90-D5+A80,TX->80-D3,hybrid,absolute,38549,508219,38541,0.0758,False,"agreement on the set of classified county-dates; NOT accuracy. Nested percentiles and durations create subset relationships, so a high value between two nested rules is structural."
HYB_TX_P90_D5_A80_W15,ABS_TX_A90_D3,TX-P90-D5+A80,TX->90-D3,hybrid,absolute,38549,267781,30554,0.1108,False,"agreement on the set of classified county-dates; NOT accuracy. Nested percentiles and durations create subset relationships, so a high value between two nested rules is structural."
HYB_TX_P90_D5_A80_W15,ABS_TX_A80_D5,TX-P90-D5+A80,TX->80-D5,hybrid,absolute,38549,473437,38529,0.0814,False,"agreement on the set of classified county-dates; NOT accuracy. Nested percentiles and durations create subset relationships, so a high value between two nested rules is structural."
HYB_TX_P90_D5_A80_W15,ABS_TX_A90_D5,TX-P90-D5+A80,TX->90-D5,hybrid,absolute,38549,246143,29951,0.1176,False,"agreement on the set of classified county-dates; NOT accuracy. Nested percentiles and durations create subset relationships, so a high value between two nested rules is structural."
HYB_TX_P90_D5_A90_W15,ABS_TX_A80_D2,TX-P90-D5+A90,TX->80-D2,hybrid,absolute,29939,528693,29939,0.0566,False,"agreement on the set of classified county-dates; NOT accuracy. Nested percentiles and durations create subset relationships, so a high value between two nested rules is structural."
HYB_TX_P90_D5_A90_W15,ABS_TX_A90_D2,TX-P90-D5+A90,TX->90-D2,hybrid,absolute,29939,280631,29939,0.1067,False,"agreement on the set of classified county-dates; NOT accuracy. Nested percentiles and durations create subset relationships, so a high value between two nested rules is structural."
HYB_TX_P90_D5_A90_W15,ABS_TX_A80_D3,TX-P90-D5+A90,TX->80-D3,hybrid,absolute,29939,508219,29939,0.0589,False,"agreement on the set of classified county-dates; NOT accuracy. Nested percentiles and durations create subset relationships, so a high value between two nested rules is structural."
HYB_TX_P90_D5_A90_W15,ABS_TX_A90_D3,TX-P90-D5+A90,TX->90-D3,hybrid,absolute,29939,267781,29939,0.1118,False,"agreement on the set of classified county-dates; NOT accuracy. Nested percentiles and durations create subset relationships, so a high value between two nested rules is structural."
HYB_TX_P90_D5_A90_W15,ABS_TX_A80_D5,TX-P90-D5+A90,TX->80-D5,hybrid,absolute,29939,473437,29939,0.0632,False,"agreement on the set of classified county-dates; NOT accuracy. Nested percentiles and durations create subset relationships, so a high value between two nested rules is structural."
HYB_TX_P90_D5_A90_W15,ABS_TX_A90_D5,TX-P90-D5+A90,TX->90-D5,hybrid,absolute,29939,246143,29939,0.1216,False,"agreement on the set of classified county-dates; NOT accuracy. Nested percentiles and durations create subset relationships, so a high value between two nested rules is structural."
ABS_TX_A80_D2,ABS_TX_A90_D2,TX->80-D2,TX->90-D2,absolute,absolute,528693,280631,280631,0.5308,False,"agreement on the set of classified county-dates; NOT accuracy. Nested percentiles and durations create subset relationships, so a high value between two nested rules is structural."
ABS_TX_A80_D2,ABS_TX_A80_D3,TX->80-D2,TX->80-D3,absolute,absolute,528693,508219,508219,0.9613,False,"agreement on the set of classified county-dates; NOT accuracy. Nested percentiles and durations create subset relationships, so a high value between two nested rules is structural."
ABS_TX_A80_D2,ABS_TX_A90_D3,TX->80-D2,TX->90-D3,absolute,absolute,528693,267781,267781,0.5065,False,"agreement on the set of classified county-dates; NOT accuracy. Nested percentiles and durations create subset relationships, so a high value between two nested rules is structural."
ABS_TX_A80_D2,ABS_TX_A80_D5,TX->80-D2,TX->80-D5,absolute,absolute,528693,473437,473437,0.8955,False,"agreement on the set of classified county-dates; NOT accuracy. Nested percentiles and durations create subset relationships, so a high value between two nested rules is structural."
ABS_TX_A80_D2,ABS_TX_A90_D5,TX->80-D2,TX->90-D5,absolute,absolute,528693,246143,246143,0.4656,False,"agreement on the set of classified county-dates; NOT accuracy. Nested percentiles and durations create subset relationships, so a high value between two nested rules is structural."
ABS_TX_A90_D2,ABS_TX_A80_D3,TX->90-D2,TX->80-D3,absolute,absolute,280631,508219,280373,0.5514,False,"agreement on the set of classified county-dates; NOT accuracy. Nested percentiles and durations create subset relationships, so a high value between two nested rules is structural."
ABS_TX_A90_D2,ABS_TX_A90_D3,TX->90-D2,TX->90-D3,absolute,absolute,280631,267781,267781,0.9542,False,"agreement on the set of classified county-dates; NOT accuracy. Nested percentiles and durations create subset relationships, so a high value between two nested rules is structural."
ABS_TX_A90_D2,ABS_TX_A80_D5,TX->90-D2,TX->80-D5,absolute,absolute,280631,473437,279195,0.5879,False,"agreement on the set of classified county-dates; NOT accuracy. Nested percentiles and durations create subset relationships, so a high value between two nested rules is structural."
ABS_TX_A90_D2,ABS_TX_A90_D5,TX->90-D2,TX->90-D5,absolute,absolute,280631,246143,246143,0.8771,False,"agreement on the set of classified county-dates; NOT accuracy. Nested percentiles and durations create subset relationships, so a high value between two nested rules is structural."
ABS_TX_A80_D3,ABS_TX_A90_D3,TX->80-D3,TX->90-D3,absolute,absolute,508219,267781,267781,0.5269,False,"agreement on the set of classified county-dates; NOT accuracy. Nested percentiles and durations create subset relationships, so a high value between two nested rules is structural."
ABS_TX_A80_D3,ABS_TX_A80_D5,TX->80-D3,TX->80-D5,absolute,absolute,508219,473437,473437,0.9316,False,"agreement on the set of classified county-dates; NOT accuracy. Nested percentiles and durations create subset relationships, so a high value between two nested rules is structural."
ABS_TX_A80_D3,ABS_TX_A90_D5,TX->80-D3,TX->90-D5,absolute,absolute,508219,246143,246143,0.4843,False,"agreement on the set of classified county-dates; NOT accuracy. Nested percentiles and durations create subset relationships, so a high value between two nested rules is structural."
ABS_TX_A90_D3,ABS_TX_A80_D5,TX->90-D3,TX->80-D5,absolute,absolute,267781,473437,267463,0.5646,False,"agreement on the set of classified county-dates; NOT accuracy. Nested percentiles and durations create subset relationships, so a high value between two nested rules is structural."
ABS_TX_A90_D3,ABS_TX_A90_D5,TX->90-D3,TX->90-D5,absolute,absolute,267781,246143,246143,0.9192,False,"agreement on the set of classified county-dates; NOT accuracy. Nested percentiles and durations create subset relationships, so a high value between two nested rules is structural."
ABS_TX_A80_D5,ABS_TX_A90_D5,TX->80-D5,TX->90-D5,absolute,absolute,473437,246143,246143,0.5199,False,"agreement on the set of classified county-dates; NOT accuracy. Nested percentiles and durations create subset relationships, so a high value between two nested rules is structural."
