event_label,county_fips,county_name,start_date,end_date,event_duration_days,peak_mean_hi_f,peak_day_date,peak_day_tmax_f,peak_day_tmin_f,peak_day_tmean_f,peak_day_rmax_pct,peak_day_rmin_pct,peak_day_threshold_f,tmax_max_f,tmean_mean_f,peak_exceedance_f,cumulative_exceedance_f,onset_year,definition_id,construct_label
CAMERON_2015_001,48061,Cameron (Brownsville),2015-04-25,2015-04-27,3,89.52,2015-04-26,89.5,77.5,83.5,85.1,55.5,85.5,90.86,82.54,3.99,7.41,2015,relMeanHI_p85_2d_walkforward,persistent_apparent_heat_anomaly
CAMERON_2015_002,48061,Cameron (Brownsville),2015-05-19,2015-05-20,2,90.21,2015-05-20,89.0,78.5,83.8,88.6,53.1,89.7,89.84,83.79,0.53,1.01,2015,relMeanHI_p85_2d_walkforward,persistent_apparent_heat_anomaly
CAMERON_2015_003,48061,Cameron (Brownsville),2015-07-18,2015-07-19,2,98.17,2015-07-19,93.2,79.4,86.3,99.4,50.5,96.5,95.0,86.55,1.67,3.17,2015,relMeanHI_p85_2d_walkforward,persistent_apparent_heat_anomaly
CAMERON_2015_004,48061,Cameron (Brownsville),2015-07-21,2015-07-22,2,96.94,2015-07-22,93.4,78.9,86.1,95.7,51.3,96.7,93.83,86.14,0.28,0.35,2015,relMeanHI_p85_2d_walkforward,persistent_apparent_heat_anomaly
CAMERON_2015_005,48061,Cameron (Brownsville),2015-07-28,2015-07-29,2,98.45,2015-07-29,94.3,79.2,86.8,99.4,46.6,97.5,96.19,87.05,0.97,1.25,2015,relMeanHI_p85_2d_walkforward,persistent_apparent_heat_anomaly
CAMERON_2015_006,48061,Cameron (Brownsville),2015-08-05,2015-08-06,2,99.68,2015-08-06,95.5,79.9,87.7,93.2,47.7,98.4,95.54,87.36,1.29,1.52,2015,relMeanHI_p85_2d_walkforward,persistent_apparent_heat_anomaly
CAMERON_2015_007,48061,Cameron (Brownsville),2015-08-23,2015-08-24,2,100.55,2015-08-23,94.7,79.0,86.9,100.0,53.0,98.0,95.18,86.6,2.55,3.36,2015,relMeanHI_p85_2d_walkforward,persistent_apparent_heat_anomaly
CAMERON_2015_008,48061,Cameron (Brownsville),2015-09-05,2015-09-07,3,98.52,2015-09-06,94.5,78.4,86.4,98.2,51.7,95.5,94.52,85.98,3.07,4.28,2015,relMeanHI_p85_2d_walkforward,persistent_apparent_heat_anomaly
CAMERON_2015_009,48061,Cameron (Brownsville),2015-09-09,2015-09-11,3,97.94,2015-09-11,96.2,76.2,86.2,100.0,50.0,95.0,96.22,86.14,2.91,4.3,2015,relMeanHI_p85_2d_walkforward,persistent_apparent_heat_anomaly
CAMERON_2015_010,48061,Cameron (Brownsville),2015-10-13,2015-10-14,2,92.76,2015-10-13,93.3,75.3,84.3,99.1,50.1,88.5,93.32,83.46,4.23,5.01,2015,relMeanHI_p85_2d_walkforward,persistent_apparent_heat_anomaly
CAMERON_2015_011,48061,Cameron (Brownsville),2015-10-29,2015-10-30,2,83.64,2015-10-29,88.0,72.2,80.1,92.2,56.2,80.4,87.98,79.71,3.24,3.78,2015,relMeanHI_p85_2d_walkforward,persistent_apparent_heat_anomaly
CAMERON_2015_012,48061,Cameron (Brownsville),2015-11-05,2015-11-06,2,84.84,2015-11-05,88.0,74.5,81.2,85.9,51.6,79.3,88.02,81.27,5.51,10.99,2015,relMeanHI_p85_2d_walkforward,persistent_apparent_heat_anomaly
CAMERON_2015_013,48061,Cameron (Brownsville),2015-11-11,2015-11-12,2,84.6,2015-11-11,88.0,74.2,81.1,87.5,50.2,77.9,88.01,79.62,6.66,8.49,2015,relMeanHI_p85_2d_walkforward,persistent_apparent_heat_anomaly
CAMERON_2015_014,48061,Cameron (Brownsville),2015-11-16,2015-11-17,2,79.89,2015-11-17,87.7,69.9,78.8,100.0,50.7,77.5,87.68,78.64,2.37,3.67,2015,relMeanHI_p85_2d_walkforward,persistent_apparent_heat_anomaly
CAMERON_2015_015,48061,Cameron (Brownsville),2015-11-26,2015-11-27,2,78.99,2015-11-27,82.4,73.5,78.0,91.7,57.4,75.7,82.44,76.87,3.28,3.4,2015,relMeanHI_p85_2d_walkforward,persistent_apparent_heat_anomaly
CAMERON_2015_016,48061,Cameron (Brownsville),2015-12-11,2015-12-12,2,76.92,2015-12-12,81.6,71.5,76.6,73.4,53.4,72.7,82.18,75.8,4.26,6.37,2015,relMeanHI_p85_2d_walkforward,persistent_apparent_heat_anomaly
CAMERON_2015_017,48061,Cameron (Brownsville),2015-12-21,2015-12-27,7,81.89,2015-12-26,84.7,75.8,80.3,67.8,48.3,70.4,87.17,76.13,11.5,41.69,2015,relMeanHI_p85_2d_walkforward,persistent_apparent_heat_anomaly
CAMERON_2016_001,48061,Cameron (Brownsville),2016-01-31,2016-02-01,2,73.93,2016-02-01,82.3,64.5,73.4,100.0,48.6,69.9,83.63,72.06,4.0,4.94,2016,relMeanHI_p85_2d_walkforward,persistent_apparent_heat_anomaly
CAMERON_2016_002,48061,Cameron (Brownsville),2016-02-20,2016-02-23,4,74.67,2016-02-20,81.7,65.7,73.7,100.0,67.4,73.6,88.49,73.87,1.1,2.63,2016,relMeanHI_p85_2d_walkforward,persistent_apparent_heat_anomaly
CAMERON_2016_003,48061,Cameron (Brownsville),2016-03-07,2016-03-08,2,79.23,2016-03-08,84.0,73.3,78.6,80.7,49.1,74.6,83.98,77.37,4.59,6.23,2016,relMeanHI_p85_2d_walkforward,persistent_apparent_heat_anomaly
CAMERON_2016_004,48061,Cameron (Brownsville),2016-03-13,2016-03-18,6,79.9,2016-03-15,87.4,71.4,79.4,79.0,44.0,76.0,89.38,77.55,3.88,12.02,2016,relMeanHI_p85_2d_walkforward,persistent_apparent_heat_anomaly
CAMERON_2016_005,48061,Cameron (Brownsville),2016-03-30,2016-03-31,2,84.91,2016-03-31,90.2,75.0,82.6,81.2,35.0,78.2,90.17,80.02,6.72,6.81,2016,relMeanHI_p85_2d_walkforward,persistent_apparent_heat_anomaly
CAMERON_2016_006,48061,Cameron (Brownsville),2016-04-26,2016-05-01,6,89.45,2016-05-01,89.4,77.0,83.2,90.9,53.3,86.8,89.99,82.67,2.67,8.72,2016,relMeanHI_p85_2d_walkforward,persistent_apparent_heat_anomaly
CAMERON_2016_007,48061,Cameron (Brownsville),2016-05-18,2016-05-19,2,90.09,2016-05-19,90.4,75.7,83.1,97.4,53.4,89.6,90.42,82.94,0.46,0.75,2016,relMeanHI_p85_2d_walkforward,persistent_apparent_heat_anomaly
CAMERON_2016_008,48061,Cameron (Brownsville),2016-05-21,2016-05-29,9,96.83,2016-05-25,91.7,80.6,86.1,92.2,54.0,91.6,91.99,84.98,5.21,19.74,2016,relMeanHI_p85_2d_walkforward,persistent_apparent_heat_anomaly
CAMERON_2016_009,48061,Cameron (Brownsville),2016-06-11,2016-06-18,8,99.26,2016-06-15,93.1,80.0,86.6,97.0,54.3,96.1,93.71,86.07,3.13,13.64,2016,relMeanHI_p85_2d_walkforward,persistent_apparent_heat_anomaly
CAMERON_2016_010,48061,Cameron (Brownsville),2016-07-01,2016-07-15,15,101.08,2016-07-03,95.0,81.6,88.3,90.2,50.0,96.2,97.04,87.5,4.84,39.77,2016,relMeanHI_p85_2d_walkforward,persistent_apparent_heat_anomaly
CAMERON_2016_011,48061,Cameron (Brownsville),2016-07-17,2016-07-18,2,97.21,2016-07-18,94.9,78.4,86.7,95.2,47.0,96.4,95.0,86.62,0.85,0.86,2016,relMeanHI_p85_2d_walkforward,persistent_apparent_heat_anomaly
CAMERON_2016_012,48061,Cameron (Brownsville),2016-07-24,2016-07-31,8,101.67,2016-07-26,96.6,80.4,88.5,91.9,48.0,97.3,96.75,87.84,4.32,17.77,2016,relMeanHI_p85_2d_walkforward,persistent_apparent_heat_anomaly
CAMERON_2016_013,48061,Cameron (Brownsville),2016-08-08,2016-08-14,7,108.28,2016-08-11,98.6,82.7,90.6,94.6,46.5,99.0,98.57,89.1,9.28,31.66,2016,relMeanHI_p85_2d_walkforward,persistent_apparent_heat_anomaly
CAMERON_2016_014,48061,Cameron (Brownsville),2016-08-19,2016-08-24,6,102.18,2016-08-20,95.5,80.5,88.0,94.4,52.4,98.5,96.0,87.14,3.72,11.48,2016,relMeanHI_p85_2d_walkforward,persistent_apparent_heat_anomaly
CAMERON_2016_015,48061,Cameron (Brownsville),2016-09-06,2016-09-08,3,98.13,2016-09-07,95.2,78.6,86.9,94.7,48.7,95.6,95.18,86.47,2.58,5.15,2016,relMeanHI_p85_2d_walkforward,persistent_apparent_heat_anomaly
CAMERON_2016_016,48061,Cameron (Brownsville),2016-09-14,2016-09-15,2,96.31,2016-09-14,95.4,77.0,86.2,95.6,47.6,94.7,95.39,85.88,1.57,2.45,2016,relMeanHI_p85_2d_walkforward,persistent_apparent_heat_anomaly
CAMERON_2016_017,48061,Cameron (Brownsville),2016-09-17,2016-09-21,5,99.49,2016-09-17,96.7,77.6,87.2,98.5,47.4,94.2,97.03,86.7,5.29,18.53,2016,relMeanHI_p85_2d_walkforward,persistent_apparent_heat_anomaly
CAMERON_2016_018,48061,Cameron (Brownsville),2016-09-23,2016-09-25,3,100.92,2016-09-25,96.0,79.0,87.5,99.8,47.4,92.5,96.02,86.7,8.47,14.97,2016,relMeanHI_p85_2d_walkforward,persistent_apparent_heat_anomaly
CAMERON_2016_019,48061,Cameron (Brownsville),2016-10-05,2016-10-07,3,91.17,2016-10-07,93.4,74.7,84.1,96.1,46.9,89.7,93.43,84.12,1.47,2.88,2016,relMeanHI_p85_2d_walkforward,persistent_apparent_heat_anomaly
CAMERON_2016_020,48061,Cameron (Brownsville),2016-10-16,2016-10-20,5,90.16,2016-10-18,95.1,73.7,84.4,89.6,43.3,86.8,95.12,83.28,3.66,9.55,2016,relMeanHI_p85_2d_walkforward,persistent_apparent_heat_anomaly
CAMERON_2016_021,48061,Cameron (Brownsville),2016-11-01,2016-11-04,4,86.15,2016-11-02,90.9,74.8,82.8,81.1,43.3,79.8,90.86,81.78,6.4,19.43,2016,relMeanHI_p85_2d_walkforward,persistent_apparent_heat_anomaly
CAMERON_2016_022,48061,Cameron (Brownsville),2016-11-28,2016-11-29,2,80.23,2016-11-29,87.3,71.7,79.5,88.0,43.5,75.2,87.26,78.99,5.07,8.61,2016,relMeanHI_p85_2d_walkforward,persistent_apparent_heat_anomaly
CAMERON_2016_023,48061,Cameron (Brownsville),2016-12-02,2016-12-03,2,75.62,2016-12-02,81.2,69.9,75.5,74.0,46.4,74.7,83.71,75.23,0.94,1.79,2016,relMeanHI_p85_2d_walkforward,persistent_apparent_heat_anomaly
CAMERON_2016_024,48061,Cameron (Brownsville),2016-12-16,2016-12-17,2,77.52,2016-12-17,83.0,70.6,76.8,100.0,43.6,72.2,82.97,74.72,5.34,6.03,2016,relMeanHI_p85_2d_walkforward,persistent_apparent_heat_anomaly
CAMERON_2016_025,48061,Cameron (Brownsville),2016-12-23,2016-12-29,7,77.07,2016-12-26,82.7,70.6,76.7,81.0,49.0,70.7,83.27,74.93,6.39,31.7,2016,relMeanHI_p85_2d_walkforward,persistent_apparent_heat_anomaly
CAMERON_2017_001,48061,Cameron (Brownsville),2017-01-01,2017-01-02,2,71.37,2017-01-01,78.9,63.7,71.3,87.2,50.5,69.5,83.27,71.25,1.84,3.58,2017,relMeanHI_p85_2d_walkforward,persistent_apparent_heat_anomaly
CAMERON_2017_002,48061,Cameron (Brownsville),2017-01-11,2017-01-17,7,75.99,2017-01-16,83.1,68.2,75.7,81.1,48.2,68.7,83.15,74.03,7.24,39.98,2017,relMeanHI_p85_2d_walkforward,persistent_apparent_heat_anomaly
CAMERON_2017_003,48061,Cameron (Brownsville),2017-01-20,2017-01-21,2,75.31,2017-01-21,88.8,62.4,75.6,79.9,23.4,69.4,88.83,72.39,5.95,6.34,2017,relMeanHI_p85_2d_walkforward,persistent_apparent_heat_anomaly
CAMERON_2017_004,48061,Cameron (Brownsville),2017-01-24,2017-01-25,2,73.54,2017-01-25,82.7,64.0,73.4,95.0,38.0,69.9,82.71,72.09,3.68,4.1,2017,relMeanHI_p85_2d_walkforward,persistent_apparent_heat_anomaly
CAMERON_2017_005,48061,Cameron (Brownsville),2017-02-02,2017-02-03,2,72.37,2017-02-02,82.0,62.4,72.2,92.1,45.5,70.0,81.99,71.71,2.36,3.82,2017,relMeanHI_p85_2d_walkforward,persistent_apparent_heat_anomaly
CAMERON_2017_006,48061,Cameron (Brownsville),2017-02-05,2017-02-08,4,78.24,2017-02-08,86.9,68.6,77.7,92.8,36.2,70.3,86.87,75.57,7.89,23.33,2017,relMeanHI_p85_2d_walkforward,persistent_apparent_heat_anomaly
CAMERON_2017_007,48061,Cameron (Brownsville),2017-02-10,2017-02-13,4,77.66,2017-02-11,84.4,70.4,77.4,76.9,42.2,71.1,84.41,76.05,6.53,19.93,2017,relMeanHI_p85_2d_walkforward,persistent_apparent_heat_anomaly
CAMERON_2017_008,48061,Cameron (Brownsville),2017-02-18,2017-02-19,2,79.81,2017-02-19,85.8,72.3,79.1,85.6,47.7,73.4,85.85,76.31,6.46,7.09,2017,relMeanHI_p85_2d_walkforward,persistent_apparent_heat_anomaly
CAMERON_2017_009,48061,Cameron (Brownsville),2017-02-23,2017-02-24,2,78.53,2017-02-24,89.8,66.7,78.3,86.0,29.6,73.7,91.55,76.63,4.87,6.2,2017,relMeanHI_p85_2d_walkforward,persistent_apparent_heat_anomaly
CAMERON_2017_010,48061,Cameron (Brownsville),2017-02-27,2017-03-01,3,79.85,2017-02-28,87.1,71.6,79.3,79.4,43.5,73.7,87.16,77.96,6.13,14.38,2017,relMeanHI_p85_2d_walkforward,persistent_apparent_heat_anomaly
CAMERON_2017_011,48061,Cameron (Brownsville),2017-03-06,2017-03-09,4,77.94,2017-03-07,83.5,71.1,77.3,83.8,51.3,75.0,83.53,76.27,2.95,7.68,2017,relMeanHI_p85_2d_walkforward,persistent_apparent_heat_anomaly
CAMERON_2017_012,48061,Cameron (Brownsville),2017-03-24,2017-03-25,2,79.75,2017-03-25,90.3,68.0,79.1,87.5,39.9,77.2,90.29,78.83,2.59,4.67,2017,relMeanHI_p85_2d_walkforward,persistent_apparent_heat_anomaly
CAMERON_2017_013,48061,Cameron (Brownsville),2017-03-27,2017-03-29,3,80.88,2017-03-29,86.7,73.0,79.9,97.3,45.0,77.8,86.75,78.84,3.06,5.79,2017,relMeanHI_p85_2d_walkforward,persistent_apparent_heat_anomaly
CAMERON_2017_014,48061,Cameron (Brownsville),2017-04-01,2017-04-02,2,85.98,2017-04-02,90.3,72.7,81.5,99.9,44.8,78.6,90.29,80.16,7.38,8.6,2017,relMeanHI_p85_2d_walkforward,persistent_apparent_heat_anomaly
CAMERON_2017_015,48061,Cameron (Brownsville),2017-04-10,2017-04-11,2,83.53,2017-04-10,86.0,74.7,80.3,84.7,55.7,79.7,86.03,79.64,3.79,3.91,2017,relMeanHI_p85_2d_walkforward,persistent_apparent_heat_anomaly
CAMERON_2017_016,48061,Cameron (Brownsville),2017-04-28,2017-04-29,2,96.78,2017-04-29,94.3,77.8,86.1,100.0,46.7,86.2,94.67,85.44,10.56,14.32,2017,relMeanHI_p85_2d_walkforward,persistent_apparent_heat_anomaly
CAMERON_2017_017,48061,Cameron (Brownsville),2017-05-17,2017-05-22,6,97.82,2017-05-22,95.3,79.4,87.4,88.9,48.1,91.0,95.33,85.21,6.86,17.15,2017,relMeanHI_p85_2d_walkforward,persistent_apparent_heat_anomaly
CAMERON_2017_018,48061,Cameron (Brownsville),2017-05-27,2017-05-28,2,100.79,2017-05-28,94.0,80.1,87.1,100.0,51.5,93.0,94.41,86.96,7.81,10.61,2017,relMeanHI_p85_2d_walkforward,persistent_apparent_heat_anomaly
CAMERON_2017_019,48061,Cameron (Brownsville),2017-06-14,2017-06-18,5,101.59,2017-06-17,97.3,79.3,88.3,91.4,50.1,96.3,97.34,87.08,5.31,13.69,2017,relMeanHI_p85_2d_walkforward,persistent_apparent_heat_anomaly
CAMERON_2017_020,48061,Cameron (Brownsville),2017-06-23,2017-06-24,2,105.26,2017-06-23,98.2,81.2,89.7,89.8,51.0,96.2,98.21,88.82,9.03,16.94,2017,relMeanHI_p85_2d_walkforward,persistent_apparent_heat_anomaly
CAMERON_2017_021,48061,Cameron (Brownsville),2017-06-30,2017-07-01,2,100.94,2017-06-30,93.9,80.5,87.2,94.6,56.3,96.5,93.87,86.92,4.39,6.37,2017,relMeanHI_p85_2d_walkforward,persistent_apparent_heat_anomaly
CAMERON_2017_022,48061,Cameron (Brownsville),2017-07-03,2017-07-04,2,98.44,2017-07-03,95.2,79.4,87.3,89.6,50.8,96.5,95.15,86.98,1.99,3.41,2017,relMeanHI_p85_2d_walkforward,persistent_apparent_heat_anomaly
CAMERON_2017_023,48061,Cameron (Brownsville),2017-07-22,2017-07-23,2,99.14,2017-07-23,94.6,80.6,87.6,91.2,48.9,97.0,95.31,87.27,2.15,2.2,2017,relMeanHI_p85_2d_walkforward,persistent_apparent_heat_anomaly
CAMERON_2017_024,48061,Cameron (Brownsville),2017-08-03,2017-08-09,7,105.59,2017-08-07,95.9,81.4,88.7,97.9,53.5,98.6,98.42,87.98,7.02,27.63,2017,relMeanHI_p85_2d_walkforward,persistent_apparent_heat_anomaly
CAMERON_2017_025,48061,Cameron (Brownsville),2017-08-12,2017-08-13,2,101.46,2017-08-13,96.4,79.5,87.9,95.4,49.5,99.4,96.38,87.7,2.07,3.07,2017,relMeanHI_p85_2d_walkforward,persistent_apparent_heat_anomaly
CAMERON_2017_026,48061,Cameron (Brownsville),2017-08-15,2017-08-18,4,103.1,2017-08-18,97.0,79.0,88.0,98.0,51.9,99.0,97.01,87.82,4.13,11.35,2017,relMeanHI_p85_2d_walkforward,persistent_apparent_heat_anomaly
CAMERON_2017_027,48061,Cameron (Brownsville),2017-09-18,2017-09-21,4,97.73,2017-09-21,94.0,79.6,86.8,91.1,51.8,93.9,94.0,86.46,3.81,10.19,2017,relMeanHI_p85_2d_walkforward,persistent_apparent_heat_anomaly
CAMERON_2017_028,48061,Cameron (Brownsville),2017-09-23,2017-09-28,6,98.97,2017-09-26,93.6,79.9,86.7,90.8,57.7,92.4,93.97,85.57,6.61,20.79,2017,relMeanHI_p85_2d_walkforward,persistent_apparent_heat_anomaly
CAMERON_2017_029,48061,Cameron (Brownsville),2017-11-01,2017-11-07,7,85.51,2017-11-02,89.5,74.0,81.7,84.4,51.1,79.9,91.72,80.55,5.62,23.39,2017,relMeanHI_p85_2d_walkforward,persistent_apparent_heat_anomaly
CAMERON_2017_030,48061,Cameron (Brownsville),2017-11-16,2017-11-18,3,80.54,2017-11-18,88.2,70.7,79.5,100.0,45.6,77.3,88.25,78.04,3.23,4.01,2017,relMeanHI_p85_2d_walkforward,persistent_apparent_heat_anomaly
CAMERON_2017_031,48061,Cameron (Brownsville),2017-12-03,2017-12-04,2,78.59,2017-12-04,86.0,70.5,78.3,76.2,43.0,74.5,86.0,76.88,4.11,5.11,2017,relMeanHI_p85_2d_walkforward,persistent_apparent_heat_anomaly
CAMERON_2017_032,48061,Cameron (Brownsville),2017-12-21,2017-12-22,2,80.26,2017-12-22,85.5,73.0,79.3,100.0,43.2,71.2,85.5,76.26,9.08,10.75,2017,relMeanHI_p85_2d_walkforward,persistent_apparent_heat_anomaly
CAMERON_2018_001,48061,Cameron (Brownsville),2018-02-04,2018-02-06,3,76.37,2018-02-06,83.0,69.6,76.3,73.5,44.1,70.3,88.74,74.34,6.05,12.08,2018,relMeanHI_p85_2d_walkforward,persistent_apparent_heat_anomaly
CAMERON_2018_002,48061,Cameron (Brownsville),2018-02-15,2018-02-21,7,77.5,2018-02-20,82.5,71.5,77.0,82.1,50.0,73.7,84.74,76.43,3.91,24.27,2018,relMeanHI_p85_2d_walkforward,persistent_apparent_heat_anomaly
CAMERON_2018_003,48061,Cameron (Brownsville),2018-02-24,2018-02-25,2,80.03,2018-02-24,87.5,71.7,79.6,76.9,39.4,73.8,87.53,78.38,6.24,10.31,2018,relMeanHI_p85_2d_walkforward,persistent_apparent_heat_anomaly
CAMERON_2018_004,48061,Cameron (Brownsville),2018-02-27,2018-03-01,3,79.37,2018-02-28,86.3,71.8,79.0,77.6,39.2,73.9,86.27,77.26,5.51,11.07,2018,relMeanHI_p85_2d_walkforward,persistent_apparent_heat_anomaly
CAMERON_2018_005,48061,Cameron (Brownsville),2018-03-03,2018-03-05,3,79.43,2018-03-05,86.5,71.3,78.9,80.6,45.0,74.6,86.5,77.05,4.8,9.19,2018,relMeanHI_p85_2d_walkforward,persistent_apparent_heat_anomaly
CAMERON_2018_006,48061,Cameron (Brownsville),2018-03-10,2018-03-11,2,82.49,2018-03-11,92.8,67.5,80.1,97.1,31.9,75.7,92.75,78.56,6.81,8.88,2018,relMeanHI_p85_2d_walkforward,persistent_apparent_heat_anomaly
CAMERON_2018_007,48061,Cameron (Brownsville),2018-03-16,2018-03-18,3,80.26,2018-03-18,87.8,71.5,79.7,84.3,40.8,76.2,87.8,78.94,4.02,10.08,2018,relMeanHI_p85_2d_walkforward,persistent_apparent_heat_anomaly
CAMERON_2018_008,48061,Cameron (Brownsville),2018-03-24,2018-03-28,5,83.36,2018-03-27,88.5,73.7,81.1,78.7,43.6,77.7,88.48,79.92,5.69,17.37,2018,relMeanHI_p85_2d_walkforward,persistent_apparent_heat_anomaly
CAMERON_2018_009,48061,Cameron (Brownsville),2018-04-01,2018-04-03,3,82.42,2018-04-02,87.4,73.0,80.2,81.4,45.2,78.7,88.63,79.39,3.72,6.0,2018,relMeanHI_p85_2d_walkforward,persistent_apparent_heat_anomaly
CAMERON_2018_010,48061,Cameron (Brownsville),2018-05-02,2018-05-04,3,90.43,2018-05-02,91.7,77.0,84.4,87.4,47.7,87.2,91.72,83.86,3.23,6.35,2018,relMeanHI_p85_2d_walkforward,persistent_apparent_heat_anomaly
CAMERON_2018_011,48061,Cameron (Brownsville),2018-05-13,2018-05-14,2,90.23,2018-05-14,91.7,75.7,83.7,95.7,46.5,89.6,91.72,83.88,0.59,0.73,2018,relMeanHI_p85_2d_walkforward,persistent_apparent_heat_anomaly
CAMERON_2018_012,48061,Cameron (Brownsville),2018-05-19,2018-05-20,2,96.12,2018-05-20,92.0,78.8,85.4,100.0,51.9,90.2,92.75,85.26,5.91,7.72,2018,relMeanHI_p85_2d_walkforward,persistent_apparent_heat_anomaly
CAMERON_2018_013,48061,Cameron (Brownsville),2018-06-01,2018-06-03,3,101.22,2018-06-02,97.0,79.7,88.4,94.8,45.2,94.0,96.98,87.66,7.18,15.63,2018,relMeanHI_p85_2d_walkforward,persistent_apparent_heat_anomaly
CAMERON_2018_014,48061,Cameron (Brownsville),2018-06-05,2018-06-06,2,102.09,2018-06-06,97.8,79.3,88.5,97.3,44.0,95.1,98.56,88.68,7.01,11.27,2018,relMeanHI_p85_2d_walkforward,persistent_apparent_heat_anomaly
CAMERON_2018_015,48061,Cameron (Brownsville),2018-06-09,2018-06-12,4,99.48,2018-06-11,95.3,80.0,87.6,91.3,49.5,96.0,95.27,87.54,3.52,11.22,2018,relMeanHI_p85_2d_walkforward,persistent_apparent_heat_anomaly
CAMERON_2018_016,48061,Cameron (Brownsville),2018-06-22,2018-06-24,3,98.64,2018-06-23,94.0,79.5,86.8,93.4,53.3,96.3,94.01,86.02,2.35,3.75,2018,relMeanHI_p85_2d_walkforward,persistent_apparent_heat_anomaly
CAMERON_2018_017,48061,Cameron (Brownsville),2018-06-26,2018-06-27,2,98.66,2018-06-27,93.5,79.3,86.4,95.7,55.1,96.5,93.52,86.26,2.14,3.74,2018,relMeanHI_p85_2d_walkforward,persistent_apparent_heat_anomaly
CAMERON_2018_018,48061,Cameron (Brownsville),2018-06-29,2018-07-01,3,100.68,2018-06-29,94.2,80.5,87.4,93.6,54.4,96.7,95.0,87.12,3.99,9.16,2018,relMeanHI_p85_2d_walkforward,persistent_apparent_heat_anomaly
CAMERON_2018_019,48061,Cameron (Brownsville),2018-07-15,2018-07-16,2,99.29,2018-07-16,95.5,79.7,87.6,94.3,46.0,96.5,95.5,87.76,2.8,4.93,2018,relMeanHI_p85_2d_walkforward,persistent_apparent_heat_anomaly
CAMERON_2018_020,48061,Cameron (Brownsville),2018-07-18,2018-07-25,8,105.12,2018-07-24,103.5,79.7,91.6,87.9,36.3,97.3,103.5,88.3,7.77,20.71,2018,relMeanHI_p85_2d_walkforward,persistent_apparent_heat_anomaly
CAMERON_2018_021,48061,Cameron (Brownsville),2018-07-27,2018-07-31,5,101.29,2018-07-29,97.5,79.2,88.4,93.5,46.5,97.8,97.74,87.8,3.5,9.49,2018,relMeanHI_p85_2d_walkforward,persistent_apparent_heat_anomaly
CAMERON_2018_022,48061,Cameron (Brownsville),2018-08-19,2018-08-21,3,100.98,2018-08-20,97.0,78.3,87.6,98.3,48.0,98.8,97.02,87.43,2.14,4.5,2018,relMeanHI_p85_2d_walkforward,persistent_apparent_heat_anomaly
CAMERON_2018_023,48061,Cameron (Brownsville),2018-08-26,2018-08-29,4,100.11,2018-08-28,97.8,78.5,88.2,94.7,43.4,97.3,97.79,87.47,2.78,7.34,2018,relMeanHI_p85_2d_walkforward,persistent_apparent_heat_anomaly
CAMERON_2018_024,48061,Cameron (Brownsville),2018-09-02,2018-09-03,2,101.65,2018-09-02,99.2,79.0,89.1,92.3,42.1,96.1,99.23,88.58,5.57,10.3,2018,relMeanHI_p85_2d_walkforward,persistent_apparent_heat_anomaly
CAMERON_2018_025,48061,Cameron (Brownsville),2018-09-20,2018-09-22,3,97.24,2018-09-22,94.2,78.3,86.2,99.9,46.9,93.9,94.24,86.08,3.39,7.64,2018,relMeanHI_p85_2d_walkforward,persistent_apparent_heat_anomaly
CAMERON_2018_026,48061,Cameron (Brownsville),2018-09-25,2018-09-26,2,98.65,2018-09-26,93.7,78.5,86.1,100.0,53.8,92.7,93.74,85.88,6.0,8.49,2018,relMeanHI_p85_2d_walkforward,persistent_apparent_heat_anomaly
CAMERON_2018_027,48061,Cameron (Brownsville),2018-10-08,2018-10-10,3,92.52,2018-10-09,92.2,78.3,85.2,86.7,49.5,89.0,92.21,84.4,3.5,6.0,2018,relMeanHI_p85_2d_walkforward,persistent_apparent_heat_anomaly
CAMERON_2018_028,48061,Cameron (Brownsville),2018-10-12,2018-10-14,3,94.21,2018-10-13,92.3,79.7,86.0,84.6,51.4,88.5,92.26,85.34,5.67,12.64,2018,relMeanHI_p85_2d_walkforward,persistent_apparent_heat_anomaly
CAMERON_2018_029,48061,Cameron (Brownsville),2018-11-05,2018-11-08,4,86.66,2018-11-07,89.4,75.3,82.4,87.3,48.7,79.3,89.56,80.79,7.4,17.23,2018,relMeanHI_p85_2d_walkforward,persistent_apparent_heat_anomaly
CAMERON_2018_030,48061,Cameron (Brownsville),2018-12-26,2018-12-27,2,72.75,2018-12-26,76.2,69.8,73.0,67.4,49.4,70.9,81.21,72.46,1.83,2.47,2018,relMeanHI_p85_2d_walkforward,persistent_apparent_heat_anomaly
CAMERON_2019_001,48061,Cameron (Brownsville),2019-01-07,2019-01-08,2,72.61,2019-01-08,80.4,64.9,72.7,80.3,45.8,68.7,81.21,72.59,3.9,7.1,2019,relMeanHI_p85_2d_walkforward,persistent_apparent_heat_anomaly
CAMERON_2019_002,48061,Cameron (Brownsville),2019-02-03,2019-02-07,5,77.61,2019-02-06,82.5,72.2,77.4,74.9,44.8,70.5,83.26,74.3,7.12,19.36,2019,relMeanHI_p85_2d_walkforward,persistent_apparent_heat_anomaly
CAMERON_2019_003,48061,Cameron (Brownsville),2019-02-15,2019-02-16,2,76.34,2019-02-16,83.5,68.8,76.2,78.6,43.1,73.2,86.5,75.34,3.13,4.67,2019,relMeanHI_p85_2d_walkforward,persistent_apparent_heat_anomaly
CAMERON_2019_004,48061,Cameron (Brownsville),2019-02-26,2019-02-28,3,76.34,2019-02-27,83.3,69.3,76.3,73.9,42.3,73.9,83.26,75.3,2.45,4.85,2019,relMeanHI_p85_2d_walkforward,persistent_apparent_heat_anomaly
CAMERON_2019_005,48061,Cameron (Brownsville),2019-03-08,2019-03-13,6,82.46,2019-03-09,90.8,70.7,80.8,80.0,35.7,75.4,90.77,78.49,7.07,21.6,2019,relMeanHI_p85_2d_walkforward,persistent_apparent_heat_anomaly
CAMERON_2019_006,48061,Cameron (Brownsville),2019-05-08,2019-05-09,2,94.73,2019-05-08,94.5,78.5,86.5,87.1,46.0,88.7,94.46,85.07,5.99,8.38,2019,relMeanHI_p85_2d_walkforward,persistent_apparent_heat_anomaly
CAMERON_2019_007,48061,Cameron (Brownsville),2019-05-17,2019-05-25,9,96.18,2019-05-21,94.2,80.5,87.4,83.5,47.2,90.8,94.19,85.83,5.34,26.18,2019,relMeanHI_p85_2d_walkforward,persistent_apparent_heat_anomaly
CAMERON_2019_008,48061,Cameron (Brownsville),2019-05-28,2019-05-31,4,96.23,2019-05-31,93.0,80.0,86.5,87.8,51.8,93.7,94.01,86.26,2.58,6.38,2019,relMeanHI_p85_2d_walkforward,persistent_apparent_heat_anomaly
CAMERON_2019_009,48061,Cameron (Brownsville),2019-06-06,2019-06-07,2,100.98,2019-06-07,99.5,79.5,89.5,87.9,40.8,95.6,99.5,88.0,5.39,5.99,2019,relMeanHI_p85_2d_walkforward,persistent_apparent_heat_anomaly
CAMERON_2019_010,48061,Cameron (Brownsville),2019-06-09,2019-06-10,2,98.96,2019-06-09,96.8,80.7,88.7,85.4,43.0,95.9,96.76,87.5,3.06,5.58,2019,relMeanHI_p85_2d_walkforward,persistent_apparent_heat_anomaly
CAMERON_2019_011,48061,Cameron (Brownsville),2019-06-15,2019-06-16,2,100.75,2019-06-16,93.5,80.7,87.1,94.9,56.0,96.5,94.01,87.08,4.22,6.56,2019,relMeanHI_p85_2d_walkforward,persistent_apparent_heat_anomaly
CAMERON_2019_012,48061,Cameron (Brownsville),2019-06-18,2019-06-23,6,104.06,2019-06-22,94.2,82.3,88.2,91.3,59.3,96.4,96.48,87.5,7.63,28.1,2019,relMeanHI_p85_2d_walkforward,persistent_apparent_heat_anomaly
CAMERON_2019_013,48061,Cameron (Brownsville),2019-06-26,2019-06-27,2,98.74,2019-06-26,91.7,79.8,85.8,98.0,60.7,96.6,91.72,85.64,2.17,2.54,2019,relMeanHI_p85_2d_walkforward,persistent_apparent_heat_anomaly
CAMERON_2019_014,48061,Cameron (Brownsville),2019-07-04,2019-07-05,2,100.16,2019-07-04,93.5,81.2,87.4,92.2,54.2,96.5,93.47,87.1,3.66,5.67,2019,relMeanHI_p85_2d_walkforward,persistent_apparent_heat_anomaly
CAMERON_2019_015,48061,Cameron (Brownsville),2019-07-07,2019-07-10,4,100.98,2019-07-09,97.3,79.0,88.2,95.7,45.5,96.2,97.3,87.09,4.78,11.11,2019,relMeanHI_p85_2d_walkforward,persistent_apparent_heat_anomaly
CAMERON_2019_016,48061,Cameron (Brownsville),2019-07-13,2019-07-20,8,102.75,2019-07-16,95.0,82.5,88.7,92.3,49.5,96.6,100.0,88.1,6.19,26.63,2019,relMeanHI_p85_2d_walkforward,persistent_apparent_heat_anomaly
CAMERON_2019_017,48061,Cameron (Brownsville),2019-07-29,2019-07-30,2,99.86,2019-07-29,94.7,79.3,87.0,98.7,50.1,97.9,95.99,86.89,1.94,2.18,2019,relMeanHI_p85_2d_walkforward,persistent_apparent_heat_anomaly
CAMERON_2019_018,48061,Cameron (Brownsville),2019-08-06,2019-08-19,14,107.4,2019-08-12,100.0,80.5,90.3,96.6,45.5,99.6,100.0,88.85,7.77,62.75,2019,relMeanHI_p85_2d_walkforward,persistent_apparent_heat_anomaly
CAMERON_2019_019,48061,Cameron (Brownsville),2019-08-23,2019-08-28,6,107.54,2019-08-26,100.0,81.7,90.9,91.5,45.8,97.9,100.0,89.14,9.64,36.89,2019,relMeanHI_p85_2d_walkforward,persistent_apparent_heat_anomaly
CAMERON_2019_020,48061,Cameron (Brownsville),2019-09-18,2019-09-22,5,101.09,2019-09-19,94.5,80.2,87.4,96.3,53.4,94.7,94.46,85.76,6.35,12.02,2019,relMeanHI_p85_2d_walkforward,persistent_apparent_heat_anomaly
CAMERON_2019_021,48061,Cameron (Brownsville),2019-09-28,2019-10-01,4,101.96,2019-09-28,95.0,80.2,87.6,95.6,54.4,92.4,95.0,85.74,9.52,19.37,2019,relMeanHI_p85_2d_walkforward,persistent_apparent_heat_anomaly
CAMERON_2019_022,48061,Cameron (Brownsville),2019-10-09,2019-10-10,2,95.36,2019-10-10,94.2,79.2,86.7,87.2,46.6,89.1,94.19,85.29,6.3,7.28,2019,relMeanHI_p85_2d_walkforward,persistent_apparent_heat_anomaly
CAMERON_2019_023,48061,Cameron (Brownsville),2019-10-20,2019-10-21,2,88.86,2019-10-21,91.8,74.0,82.9,92.5,52.9,85.7,91.76,82.57,3.15,4.87,2019,relMeanHI_p85_2d_walkforward,persistent_apparent_heat_anomaly
CAMERON_2019_024,48061,Cameron (Brownsville),2019-12-15,2019-12-16,2,76.78,2019-12-15,85.2,68.3,76.8,75.0,37.9,72.2,89.24,75.31,4.6,6.51,2019,relMeanHI_p85_2d_walkforward,persistent_apparent_heat_anomaly
CAMERON_2020_001,48061,Cameron (Brownsville),2020-01-09,2020-01-10,2,75.53,2020-01-10,79.7,70.2,75.0,93.3,48.8,68.6,79.81,73.49,6.91,9.93,2020,relMeanHI_p85_2d_walkforward,persistent_apparent_heat_anomaly
CAMERON_2020_002,48061,Cameron (Brownsville),2020-01-13,2020-01-18,6,78.05,2020-01-14,84.2,71.6,77.9,72.7,40.7,69.4,84.2,75.32,8.7,36.89,2020,relMeanHI_p85_2d_walkforward,persistent_apparent_heat_anomaly
CAMERON_2020_003,48061,Cameron (Brownsville),2020-02-09,2020-02-10,2,75.86,2020-02-10,84.6,67.4,76.0,70.7,37.8,71.7,84.6,74.36,4.13,4.85,2020,relMeanHI_p85_2d_walkforward,persistent_apparent_heat_anomaly
CAMERON_2020_004,48061,Cameron (Brownsville),2020-02-17,2020-02-18,2,78.26,2020-02-18,84.7,71.0,77.9,86.1,37.1,73.6,84.74,76.39,4.62,5.83,2020,relMeanHI_p85_2d_walkforward,persistent_apparent_heat_anomaly
CAMERON_2020_005,48061,Cameron (Brownsville),2020-03-13,2020-03-20,8,82.42,2020-03-19,89.0,72.8,80.9,75.4,36.6,76.5,89.02,78.18,5.9,18.36,2020,relMeanHI_p85_2d_walkforward,persistent_apparent_heat_anomaly
CAMERON_2020_006,48061,Cameron (Brownsville),2020-03-23,2020-03-31,9,86.26,2020-03-28,94.2,72.2,83.2,82.9,36.9,77.9,94.24,80.73,8.4,41.67,2020,relMeanHI_p85_2d_walkforward,persistent_apparent_heat_anomaly
CAMERON_2020_007,48061,Cameron (Brownsville),2020-04-07,2020-04-12,6,84.67,2020-04-12,97.6,68.0,82.8,90.8,20.1,80.1,97.59,80.82,4.6,20.12,2020,relMeanHI_p85_2d_walkforward,persistent_apparent_heat_anomaly
CAMERON_2020_008,48061,Cameron (Brownsville),2020-04-18,2020-04-20,3,89.08,2020-04-19,96.6,74.6,85.6,82.6,29.8,83.0,96.62,82.86,6.11,10.43,2020,relMeanHI_p85_2d_walkforward,persistent_apparent_heat_anomaly
CAMERON_2020_009,48061,Cameron (Brownsville),2020-04-22,2020-04-25,4,88.89,2020-04-23,94.3,75.0,84.6,85.0,37.0,84.8,94.28,83.45,4.07,8.53,2020,relMeanHI_p85_2d_walkforward,persistent_apparent_heat_anomaly
CAMERON_2020_010,48061,Cameron (Brownsville),2020-05-05,2020-05-06,2,90.98,2020-05-05,92.2,76.8,84.5,91.2,45.3,88.1,92.19,83.69,2.84,2.97,2020,relMeanHI_p85_2d_walkforward,persistent_apparent_heat_anomaly
CAMERON_2020_011,48061,Cameron (Brownsville),2020-05-14,2020-05-15,2,91.96,2020-05-15,91.0,76.5,83.7,100.0,52.7,89.9,92.48,84.18,2.05,3.47,2020,relMeanHI_p85_2d_walkforward,persistent_apparent_heat_anomaly
CAMERON_2020_012,48061,Cameron (Brownsville),2020-05-20,2020-05-21,2,93.32,2020-05-20,94.0,78.8,86.4,81.9,45.9,90.7,93.96,85.38,2.63,3.95,2020,relMeanHI_p85_2d_walkforward,persistent_apparent_heat_anomaly
CAMERON_2020_013,48061,Cameron (Brownsville),2020-05-23,2020-05-24,2,95.81,2020-05-23,92.4,80.2,86.3,88.7,51.7,91.7,92.37,85.34,4.07,5.48,2020,relMeanHI_p85_2d_walkforward,persistent_apparent_heat_anomaly
CAMERON_2020_014,48061,Cameron (Brownsville),2020-06-09,2020-06-10,2,98.85,2020-06-10,92.8,79.5,86.1,99.6,55.1,96.1,94.28,86.39,2.76,4.77,2020,relMeanHI_p85_2d_walkforward,persistent_apparent_heat_anomaly
CAMERON_2020_015,48061,Cameron (Brownsville),2020-07-06,2020-07-10,5,99.91,2020-07-10,94.6,80.4,87.5,95.7,48.1,96.5,95.3,87.21,3.41,8.72,2020,relMeanHI_p85_2d_walkforward,persistent_apparent_heat_anomaly
CAMERON_2020_016,48061,Cameron (Brownsville),2020-07-12,2020-07-17,6,99.66,2020-07-12,99.0,78.8,88.9,91.2,38.3,96.5,99.02,87.75,3.16,9.07,2020,relMeanHI_p85_2d_walkforward,persistent_apparent_heat_anomaly
CAMERON_2020_017,48061,Cameron (Brownsville),2020-08-27,2020-09-04,9,108.72,2020-09-01,98.3,83.8,91.1,93.1,45.7,96.6,99.03,88.85,12.15,68.02,2020,relMeanHI_p85_2d_walkforward,persistent_apparent_heat_anomaly
CAMERON_2020_018,48061,Cameron (Brownsville),2020-11-13,2020-11-15,3,80.53,2020-11-13,87.7,71.7,79.7,85.9,49.3,78.0,89.14,79.61,2.68,7.85,2020,relMeanHI_p85_2d_walkforward,persistent_apparent_heat_anomaly
CAMERON_2020_019,48061,Cameron (Brownsville),2020-11-24,2020-11-28,5,83.28,2020-11-27,86.8,74.0,80.4,82.1,53.2,75.8,87.26,78.33,7.51,17.75,2020,relMeanHI_p85_2d_walkforward,persistent_apparent_heat_anomaly
CAMERON_2020_020,48061,Cameron (Brownsville),2020-12-11,2020-12-13,3,73.66,2020-12-11,83.5,63.5,73.5,88.1,44.2,73.0,84.65,73.15,0.92,1.96,2020,relMeanHI_p85_2d_walkforward,persistent_apparent_heat_anomaly
CAMERON_2020_021,48061,Cameron (Brownsville),2020-12-28,2020-12-30,3,76.76,2020-12-30,82.5,69.6,76.1,100.0,44.6,70.2,82.46,73.74,6.53,9.51,2020,relMeanHI_p85_2d_walkforward,persistent_apparent_heat_anomaly
CAMERON_2021_001,48061,Cameron (Brownsville),2021-01-24,2021-01-26,3,78.44,2021-01-25,85.1,71.0,78.1,83.2,38.2,69.9,85.13,75.93,8.53,18.59,2021,relMeanHI_p85_2d_walkforward,persistent_apparent_heat_anomaly
CAMERON_2021_002,48061,Cameron (Brownsville),2021-01-30,2021-01-31,2,70.77,2021-01-30,80.6,61.9,71.2,74.7,41.1,70.2,80.57,70.97,0.6,0.82,2021,relMeanHI_p85_2d_walkforward,persistent_apparent_heat_anomaly
CAMERON_2021_003,48061,Cameron (Brownsville),2021-02-09,2021-02-10,2,76.09,2021-02-10,82.2,69.5,75.9,80.6,44.9,71.8,82.19,74.07,4.26,4.82,2021,relMeanHI_p85_2d_walkforward,persistent_apparent_heat_anomaly
CAMERON_2021_004,48061,Cameron (Brownsville),2021-02-24,2021-02-28,5,78.03,2021-02-28,84.3,70.9,77.6,80.7,47.0,74.0,84.59,75.93,4.04,10.7,2021,relMeanHI_p85_2d_walkforward,persistent_apparent_heat_anomaly
CAMERON_2021_005,48061,Cameron (Brownsville),2021-03-12,2021-03-13,2,78.1,2021-03-13,84.8,70.3,77.5,82.7,50.3,76.4,84.78,76.98,1.7,2.41,2021,relMeanHI_p85_2d_walkforward,persistent_apparent_heat_anomaly
CAMERON_2021_006,48061,Cameron (Brownsville),2021-04-07,2021-04-10,4,87.22,2021-04-09,93.5,73.9,83.7,82.9,38.1,79.8,93.53,80.74,7.41,9.6,2021,relMeanHI_p85_2d_walkforward,persistent_apparent_heat_anomaly
CAMERON_2021_007,48061,Cameron (Brownsville),2021-04-14,2021-04-16,3,85.2,2021-04-16,86.4,75.4,80.9,99.2,49.1,80.8,89.03,81.41,4.41,12.12,2021,relMeanHI_p85_2d_walkforward,persistent_apparent_heat_anomaly
CAMERON_2021_008,48061,Cameron (Brownsville),2021-04-28,2021-04-29,2,89.13,2021-04-28,92.5,76.5,84.5,81.8,43.5,86.3,92.51,83.36,2.85,3.78,2021,relMeanHI_p85_2d_walkforward,persistent_apparent_heat_anomaly
CAMERON_2021_009,48061,Cameron (Brownsville),2021-05-03,2021-05-04,2,91.37,2021-05-04,92.0,75.8,83.9,95.6,51.4,87.9,92.96,83.56,3.49,4.46,2021,relMeanHI_p85_2d_walkforward,persistent_apparent_heat_anomaly
CAMERON_2021_010,48061,Cameron (Brownsville),2021-05-09,2021-05-11,3,93.3,2021-05-11,91.0,77.7,84.4,99.2,51.8,89.3,91.01,83.99,3.98,6.46,2021,relMeanHI_p85_2d_walkforward,persistent_apparent_heat_anomaly
CAMERON_2021_011,48061,Cameron (Brownsville),2021-06-07,2021-06-09,3,97.52,2021-06-08,91.5,80.0,85.8,93.9,59.7,95.8,92.18,85.84,1.68,4.38,2021,relMeanHI_p85_2d_walkforward,persistent_apparent_heat_anomaly
CAMERON_2021_012,48061,Cameron (Brownsville),2021-06-21,2021-06-22,2,102.66,2021-06-21,93.8,82.1,88.0,91.3,57.2,96.6,93.84,86.39,6.06,6.17,2021,relMeanHI_p85_2d_walkforward,persistent_apparent_heat_anomaly
CAMERON_2021_013,48061,Cameron (Brownsville),2021-06-25,2021-06-26,2,99.28,2021-06-25,93.1,79.9,86.5,95.2,57.0,96.7,93.12,86.22,2.58,3.7,2021,relMeanHI_p85_2d_walkforward,persistent_apparent_heat_anomaly
CAMERON_2021_014,48061,Cameron (Brownsville),2021-08-02,2021-08-05,4,100.6,2021-08-03,95.3,78.6,86.9,98.9,53.5,98.5,95.28,86.73,2.12,4.11,2021,relMeanHI_p85_2d_walkforward,persistent_apparent_heat_anomaly
CAMERON_2021_015,48061,Cameron (Brownsville),2021-08-08,2021-08-09,2,101.9,2021-08-09,94.4,80.0,87.2,99.0,54.8,99.7,94.43,86.98,2.25,2.51,2021,relMeanHI_p85_2d_walkforward,persistent_apparent_heat_anomaly
CAMERON_2021_016,48061,Cameron (Brownsville),2021-08-18,2021-08-19,2,103.36,2021-08-18,96.2,80.6,88.4,94.2,53.0,99.5,96.16,88.19,3.9,7.7,2021,relMeanHI_p85_2d_walkforward,persistent_apparent_heat_anomaly
CAMERON_2021_017,48061,Cameron (Brownsville),2021-08-31,2021-09-05,6,101.97,2021-09-01,96.4,80.0,88.2,91.8,52.0,96.8,96.5,87.1,5.21,19.29,2021,relMeanHI_p85_2d_walkforward,persistent_apparent_heat_anomaly
CAMERON_2021_018,48061,Cameron (Brownsville),2021-09-28,2021-09-29,2,94.8,2021-09-28,94.7,76.2,85.4,94.0,51.3,92.5,94.67,85.21,2.25,4.06,2021,relMeanHI_p85_2d_walkforward,persistent_apparent_heat_anomaly
CAMERON_2021_019,48061,Cameron (Brownsville),2021-10-10,2021-10-15,6,95.59,2021-10-12,91.6,80.6,86.1,86.8,54.5,89.0,91.85,84.84,6.57,25.08,2021,relMeanHI_p85_2d_walkforward,persistent_apparent_heat_anomaly
CAMERON_2021_020,48061,Cameron (Brownsville),2021-10-24,2021-10-26,3,89.42,2021-10-26,89.7,76.9,83.3,87.0,56.1,83.9,90.29,81.85,5.5,8.09,2021,relMeanHI_p85_2d_walkforward,persistent_apparent_heat_anomaly
CAMERON_2021_021,48061,Cameron (Brownsville),2021-12-04,2021-12-06,3,78.01,2021-12-05,84.6,70.3,77.4,81.3,52.2,73.9,85.25,76.46,4.09,9.02,2021,relMeanHI_p85_2d_walkforward,persistent_apparent_heat_anomaly
CAMERON_2021_022,48061,Cameron (Brownsville),2021-12-09,2021-12-10,2,82.42,2021-12-10,85.3,74.8,80.0,78.6,51.1,73.2,85.28,77.94,9.2,11.85,2021,relMeanHI_p85_2d_walkforward,persistent_apparent_heat_anomaly
CAMERON_2021_023,48061,Cameron (Brownsville),2021-12-14,2021-12-18,5,78.63,2021-12-16,83.4,72.9,78.1,78.6,48.3,72.2,84.02,76.52,6.4,23.4,2021,relMeanHI_p85_2d_walkforward,persistent_apparent_heat_anomaly
CAMERON_2021_024,48061,Cameron (Brownsville),2021-12-24,2022-01-01,9,80.73,2022-01-01,88.2,71.7,79.9,96.5,36.1,70.0,88.16,76.04,10.69,50.89,2021,relMeanHI_p85_2d_walkforward,persistent_apparent_heat_anomaly
CAMERON_2022_001,48061,Cameron (Brownsville),2022-04-05,2022-04-06,2,90.37,2022-04-06,98.6,71.7,85.1,94.9,30.4,79.6,98.57,83.15,10.81,16.02,2022,relMeanHI_p85_2d_walkforward,persistent_apparent_heat_anomaly
CAMERON_2022_002,48061,Cameron (Brownsville),2022-04-12,2022-04-18,7,87.72,2022-04-13,94.1,73.7,83.9,89.3,33.4,80.5,94.1,81.21,7.24,23.93,2022,relMeanHI_p85_2d_walkforward,persistent_apparent_heat_anomaly
CAMERON_2022_003,48061,Cameron (Brownsville),2022-04-21,2022-04-22,2,84.98,2022-04-21,86.7,75.3,81.0,89.3,55.0,84.0,86.85,80.92,1.02,1.28,2022,relMeanHI_p85_2d_walkforward,persistent_apparent_heat_anomaly
CAMERON_2022_004,48061,Cameron (Brownsville),2022-05-01,2022-05-10,10,94.89,2022-05-10,90.9,78.7,84.8,98.5,55.0,89.1,92.84,84.01,5.78,31.23,2022,relMeanHI_p85_2d_walkforward,persistent_apparent_heat_anomaly
CAMERON_2022_005,48061,Cameron (Brownsville),2022-05-20,2022-05-21,2,98.77,2022-05-21,96.2,78.2,87.2,93.8,49.2,91.3,96.16,86.5,7.46,12.08,2022,relMeanHI_p85_2d_walkforward,persistent_apparent_heat_anomaly
CAMERON_2022_006,48061,Cameron (Brownsville),2022-05-30,2022-05-31,2,94.0,2022-05-31,91.0,78.9,84.9,91.5,56.0,93.7,91.01,84.83,0.44,0.72,2022,relMeanHI_p85_2d_walkforward,persistent_apparent_heat_anomaly
CAMERON_2022_007,48061,Cameron (Brownsville),2022-06-10,2022-06-13,4,100.35,2022-06-11,97.2,79.0,88.1,91.4,48.2,96.3,97.19,87.34,4.09,10.19,2022,relMeanHI_p85_2d_walkforward,persistent_apparent_heat_anomaly
CAMERON_2022_008,48061,Cameron (Brownsville),2022-07-01,2022-07-08,8,102.34,2022-07-05,96.9,80.1,88.5,95.6,46.9,96.7,97.03,87.63,5.69,22.65,2022,relMeanHI_p85_2d_walkforward,persistent_apparent_heat_anomaly
CAMERON_2022_009,48061,Cameron (Brownsville),2022-07-10,2022-07-13,4,102.52,2022-07-13,97.0,78.9,87.9,98.9,49.8,96.6,98.63,88.13,5.9,16.18,2022,relMeanHI_p85_2d_walkforward,persistent_apparent_heat_anomaly
CAMERON_2022_010,48061,Cameron (Brownsville),2022-07-19,2022-07-25,7,102.75,2022-07-20,96.4,81.0,88.7,92.8,49.0,97.2,97.16,88.08,5.54,19.16,2022,relMeanHI_p85_2d_walkforward,persistent_apparent_heat_anomaly
CAMERON_2022_011,48061,Cameron (Brownsville),2022-08-02,2022-08-05,4,103.55,2022-08-04,96.2,81.0,88.6,96.1,49.9,98.7,97.03,87.96,4.86,10.27,2022,relMeanHI_p85_2d_walkforward,persistent_apparent_heat_anomaly
CAMERON_2022_012,48061,Cameron (Brownsville),2022-08-22,2022-08-24,3,101.88,2022-08-22,96.0,78.9,87.5,98.7,52.7,98.7,97.01,87.11,3.14,7.35,2022,relMeanHI_p85_2d_walkforward,persistent_apparent_heat_anomaly
CAMERON_2022_013,48061,Cameron (Brownsville),2022-12-06,2022-12-13,8,77.55,2022-12-13,83.2,71.3,77.3,74.9,47.1,72.9,83.27,75.72,4.66,20.37,2022,relMeanHI_p85_2d_walkforward,persistent_apparent_heat_anomaly
CAMERON_2023_001,48061,Cameron (Brownsville),2023-01-01,2023-01-03,3,77.42,2023-01-02,82.7,71.4,77.1,77.1,48.5,69.7,83.56,73.92,7.75,12.82,2023,relMeanHI_p85_2d_walkforward,persistent_apparent_heat_anomaly
CAMERON_2023_002,48061,Cameron (Brownsville),2023-01-07,2023-01-11,5,74.73,2023-01-07,82.5,66.6,74.6,81.1,47.4,69.4,83.3,71.06,5.29,10.19,2023,relMeanHI_p85_2d_walkforward,persistent_apparent_heat_anomaly
CAMERON_2023_003,48061,Cameron (Brownsville),2023-01-16,2023-01-20,5,76.65,2023-01-18,85.6,67.5,76.5,78.7,39.3,69.6,85.56,72.77,7.06,15.43,2023,relMeanHI_p85_2d_walkforward,persistent_apparent_heat_anomaly
CAMERON_2023_004,48061,Cameron (Brownsville),2023-02-14,2023-02-15,2,74.26,2023-02-15,84.0,64.4,74.2,79.3,45.9,72.8,83.99,73.66,1.47,1.79,2023,relMeanHI_p85_2d_walkforward,persistent_apparent_heat_anomaly
CAMERON_2023_005,48061,Cameron (Brownsville),2023-02-21,2023-02-28,8,82.02,2023-02-23,91.9,69.7,80.8,74.4,33.5,74.0,91.86,78.53,8.0,40.86,2023,relMeanHI_p85_2d_walkforward,persistent_apparent_heat_anomaly
CAMERON_2023_006,48061,Cameron (Brownsville),2023-03-06,2023-03-12,7,85.37,2023-03-12,94.5,71.5,83.0,83.5,31.5,76.3,94.49,78.29,9.07,22.26,2023,relMeanHI_p85_2d_walkforward,persistent_apparent_heat_anomaly
CAMERON_2023_007,48061,Cameron (Brownsville),2023-03-23,2023-03-27,5,84.46,2023-03-24,92.2,73.6,82.9,74.8,33.1,77.5,92.17,79.55,6.99,13.18,2023,relMeanHI_p85_2d_walkforward,persistent_apparent_heat_anomaly
CAMERON_2023_008,48061,Cameron (Brownsville),2023-03-31,2023-04-04,5,85.09,2023-04-04,89.0,74.4,81.7,81.0,50.8,79.5,89.01,80.08,5.59,14.78,2023,relMeanHI_p85_2d_walkforward,persistent_apparent_heat_anomaly
CAMERON_2023_009,48061,Cameron (Brownsville),2023-05-07,2023-05-08,2,92.66,2023-05-08,90.0,78.2,84.1,99.2,52.4,89.0,91.58,84.41,3.63,6.0,2023,relMeanHI_p85_2d_walkforward,persistent_apparent_heat_anomaly
CAMERON_2023_010,48061,Cameron (Brownsville),2023-05-11,2023-05-12,2,95.45,2023-05-12,89.9,79.7,84.8,100.0,56.2,89.7,90.32,84.61,5.77,7.73,2023,relMeanHI_p85_2d_walkforward,persistent_apparent_heat_anomaly
CAMERON_2023_011,48061,Cameron (Brownsville),2023-06-10,2023-06-28,19,105.68,2023-06-22,98.4,81.8,90.1,89.7,48.3,96.6,99.42,88.57,9.05,112.78,2023,relMeanHI_p85_2d_walkforward,persistent_apparent_heat_anomaly
CAMERON_2023_012,48061,Cameron (Brownsville),2023-06-30,2023-07-02,3,104.93,2023-07-01,97.0,80.6,88.8,98.9,49.2,97.1,97.01,88.04,7.85,13.15,2023,relMeanHI_p85_2d_walkforward,persistent_apparent_heat_anomaly
CAMERON_2023_013,48061,Cameron (Brownsville),2023-07-08,2023-07-27,20,104.73,2023-07-16,99.0,80.3,89.7,96.4,43.1,97.0,99.29,88.18,7.8,81.45,2023,relMeanHI_p85_2d_walkforward,persistent_apparent_heat_anomaly
CAMERON_2023_014,48061,Cameron (Brownsville),2023-07-31,2023-08-15,16,111.25,2023-08-13,99.4,82.6,91.0,97.3,48.6,100.1,99.71,89.29,11.18,92.68,2023,relMeanHI_p85_2d_walkforward,persistent_apparent_heat_anomaly
CAMERON_2023_015,48061,Cameron (Brownsville),2023-08-17,2023-08-20,4,105.13,2023-08-19,98.2,79.7,88.9,95.9,51.4,99.4,100.12,88.78,5.74,17.64,2023,relMeanHI_p85_2d_walkforward,persistent_apparent_heat_anomaly
CAMERON_2023_016,48061,Cameron (Brownsville),2023-08-27,2023-08-29,3,99.52,2023-08-29,97.0,77.1,87.1,97.8,49.1,97.7,100.73,87.25,1.82,4.33,2023,relMeanHI_p85_2d_walkforward,persistent_apparent_heat_anomaly
CAMERON_2023_017,48061,Cameron (Brownsville),2023-09-04,2023-09-16,13,106.44,2023-09-05,98.0,80.9,89.4,96.1,50.5,96.0,99.14,87.73,10.44,70.8,2023,relMeanHI_p85_2d_walkforward,persistent_apparent_heat_anomaly
CAMERON_2023_018,48061,Cameron (Brownsville),2023-09-21,2023-09-26,6,102.29,2023-09-24,97.1,78.9,88.0,97.2,50.1,93.8,97.13,86.74,8.52,28.9,2023,relMeanHI_p85_2d_walkforward,persistent_apparent_heat_anomaly
CAMERON_2023_019,48061,Cameron (Brownsville),2023-10-03,2023-10-05,3,92.87,2023-10-04,95.9,77.4,86.6,80.1,42.5,90.4,95.87,85.89,2.49,5.41,2023,relMeanHI_p85_2d_walkforward,persistent_apparent_heat_anomaly
CAMERON_2023_020,48061,Cameron (Brownsville),2023-10-24,2023-10-29,6,89.18,2023-10-24,90.1,77.7,83.9,81.8,51.0,84.8,90.86,83.49,7.46,32.86,2023,relMeanHI_p85_2d_walkforward,persistent_apparent_heat_anomaly
CAMERON_2023_021,48061,Cameron (Brownsville),2023-11-08,2023-11-09,2,80.86,2023-11-09,86.0,73.4,79.7,91.6,57.0,78.6,87.29,79.0,2.23,2.37,2023,relMeanHI_p85_2d_walkforward,persistent_apparent_heat_anomaly
CAMERON_2024_001,48061,Cameron (Brownsville),2024-02-09,2024-02-11,3,74.38,2024-02-10,79.9,68.4,74.1,78.8,55.9,71.7,82.01,73.13,2.65,4.47,2024,relMeanHI_p85_2d_walkforward,persistent_apparent_heat_anomaly
CAMERON_2024_002,48061,Cameron (Brownsville),2024-02-26,2024-02-28,3,77.71,2024-02-27,85.0,68.6,76.8,94.7,55.2,74.3,85.02,75.28,3.38,5.03,2024,relMeanHI_p85_2d_walkforward,persistent_apparent_heat_anomaly
CAMERON_2024_003,48061,Cameron (Brownsville),2024-03-04,2024-03-08,5,77.77,2024-03-05,85.4,69.0,77.2,86.1,46.6,75.4,85.43,75.96,2.36,5.13,2024,relMeanHI_p85_2d_walkforward,persistent_apparent_heat_anomaly
CAMERON_2024_004,48061,Cameron (Brownsville),2024-03-13,2024-03-17,5,80.63,2024-03-15,86.0,73.0,79.5,98.2,49.1,76.5,86.44,77.44,4.11,8.32,2024,relMeanHI_p85_2d_walkforward,persistent_apparent_heat_anomaly
CAMERON_2024_005,48061,Cameron (Brownsville),2024-04-16,2024-04-20,5,87.25,2024-04-20,89.4,75.8,82.6,87.5,49.6,83.9,89.39,81.73,3.4,10.83,2024,relMeanHI_p85_2d_walkforward,persistent_apparent_heat_anomaly
CAMERON_2024_006,48061,Cameron (Brownsville),2024-04-28,2024-05-03,6,90.48,2024-05-02,88.4,78.6,83.5,87.3,59.4,87.6,90.55,83.04,3.12,11.77,2024,relMeanHI_p85_2d_walkforward,persistent_apparent_heat_anomaly
CAMERON_2024_007,48061,Cameron (Brownsville),2024-05-06,2024-05-13,8,100.36,2024-05-09,100.7,78.4,89.5,87.2,39.1,89.3,100.67,85.24,11.08,28.32,2024,relMeanHI_p85_2d_walkforward,persistent_apparent_heat_anomaly
CAMERON_2024_008,48061,Cameron (Brownsville),2024-05-18,2024-05-28,11,100.99,2024-05-24,96.6,81.4,89.0,83.9,49.4,92.1,96.65,87.37,8.88,68.5,2024,relMeanHI_p85_2d_walkforward,persistent_apparent_heat_anomaly
CAMERON_2024_009,48061,Cameron (Brownsville),2024-05-30,2024-06-07,9,107.19,2024-06-05,98.5,82.2,90.3,92.0,48.7,95.4,98.51,88.32,11.76,63.34,2024,relMeanHI_p85_2d_walkforward,persistent_apparent_heat_anomaly
CAMERON_2024_010,48061,Cameron (Brownsville),2024-06-09,2024-06-15,7,101.48,2024-06-10,95.3,79.8,87.6,96.3,52.4,96.4,96.65,86.84,5.1,13.14,2024,relMeanHI_p85_2d_walkforward,persistent_apparent_heat_anomaly
CAMERON_2024_011,48061,Cameron (Brownsville),2024-06-28,2024-06-29,2,100.07,2024-06-29,92.5,81.0,86.8,93.3,58.8,97.4,93.53,86.73,2.68,3.59,2024,relMeanHI_p85_2d_walkforward,persistent_apparent_heat_anomaly
CAMERON_2024_012,48061,Cameron (Brownsville),2024-07-04,2024-07-05,2,98.35,2024-07-05,94.8,77.7,86.3,99.8,51.5,97.2,94.85,86.27,1.17,1.8,2024,relMeanHI_p85_2d_walkforward,persistent_apparent_heat_anomaly
CAMERON_2024_013,48061,Cameron (Brownsville),2024-08-17,2024-08-19,3,101.41,2024-08-18,95.4,79.0,87.2,97.0,55.2,99.7,95.46,87.08,1.7,4.2,2024,relMeanHI_p85_2d_walkforward,persistent_apparent_heat_anomaly
CAMERON_2024_014,48061,Cameron (Brownsville),2024-08-21,2024-08-23,3,102.17,2024-08-21,99.1,77.9,88.5,95.9,46.0,99.2,99.14,87.69,3.0,6.06,2024,relMeanHI_p85_2d_walkforward,persistent_apparent_heat_anomaly
CAMERON_2024_015,48061,Cameron (Brownsville),2024-09-13,2024-09-14,2,96.17,2024-09-13,91.7,78.0,84.9,98.3,60.7,95.3,92.15,85.22,0.86,1.52,2024,relMeanHI_p85_2d_walkforward,persistent_apparent_heat_anomaly
CAMERON_2024_016,48061,Cameron (Brownsville),2024-09-19,2024-09-21,3,96.97,2024-09-20,91.7,80.0,85.9,92.5,57.6,94.8,91.71,85.6,2.15,4.54,2024,relMeanHI_p85_2d_walkforward,persistent_apparent_heat_anomaly
CAMERON_2024_017,48061,Cameron (Brownsville),2024-10-29,2024-11-04,7,88.54,2024-11-04,88.0,78.9,83.4,78.6,56.1,79.7,88.42,81.94,8.82,37.57,2024,relMeanHI_p85_2d_walkforward,persistent_apparent_heat_anomaly
CAMERON_2024_018,48061,Cameron (Brownsville),2024-11-07,2024-11-08,2,83.8,2024-11-07,87.0,73.0,80.0,95.0,57.7,79.2,88.01,79.44,4.58,5.5,2024,relMeanHI_p85_2d_walkforward,persistent_apparent_heat_anomaly
CAMERON_2024_019,48061,Cameron (Brownsville),2024-11-17,2024-11-18,2,85.78,2024-11-18,89.4,73.9,81.6,91.6,48.5,77.2,89.42,79.3,8.63,8.99,2024,relMeanHI_p85_2d_walkforward,persistent_apparent_heat_anomaly
CAMERON_2024_020,48061,Cameron (Brownsville),2024-12-15,2024-12-18,4,75.67,2024-12-16,81.7,68.7,75.2,87.1,50.8,72.7,82.43,74.03,3.0,7.2,2024,relMeanHI_p85_2d_walkforward,persistent_apparent_heat_anomaly
CAMERON_2024_021,48061,Cameron (Brownsville),2024-12-23,2024-12-28,6,76.91,2024-12-27,84.1,69.2,76.7,77.8,45.2,71.4,86.85,73.99,5.55,16.7,2024,relMeanHI_p85_2d_walkforward,persistent_apparent_heat_anomaly
CAMERON_2024_022,48061,Cameron (Brownsville),2024-12-30,2025-01-02,4,71.51,2025-01-02,79.4,64.6,72.0,75.3,35.9,70.0,85.31,71.3,1.52,2.7,2024,relMeanHI_p85_2d_walkforward,persistent_apparent_heat_anomaly
CAMERON_2025_001,48061,Cameron (Brownsville),2025-02-03,2025-02-12,10,79.72,2025-02-12,90.8,67.4,79.1,98.7,28.8,72.1,90.83,76.08,7.65,50.54,2025,relMeanHI_p85_2d_walkforward,persistent_apparent_heat_anomaly
CAMERON_2025_002,48061,Cameron (Brownsville),2025-03-29,2025-04-05,8,86.6,2025-04-04,88.6,76.6,82.6,80.6,51.6,79.5,88.88,80.69,7.09,32.7,2025,relMeanHI_p85_2d_walkforward,persistent_apparent_heat_anomaly
CAMERON_2025_003,48061,Cameron (Brownsville),2025-05-06,2025-05-07,2,92.5,2025-05-07,89.7,78.5,84.1,91.5,59.1,89.2,89.66,83.56,3.35,4.25,2025,relMeanHI_p85_2d_walkforward,persistent_apparent_heat_anomaly
CAMERON_2025_004,48061,Cameron (Brownsville),2025-05-15,2025-05-21,7,96.68,2025-05-17,92.6,79.6,86.1,90.9,55.2,90.4,93.17,85.64,6.27,31.05,2025,relMeanHI_p85_2d_walkforward,persistent_apparent_heat_anomaly
CAMERON_2025_005,48061,Cameron (Brownsville),2025-05-24,2025-05-27,4,98.44,2025-05-25,93.7,80.9,87.3,86.6,53.9,92.6,93.87,86.15,5.89,15.67,2025,relMeanHI_p85_2d_walkforward,persistent_apparent_heat_anomaly
CAMERON_2025_006,48061,Cameron (Brownsville),2025-06-03,2025-06-15,13,103.12,2025-06-15,95.1,80.9,88.0,94.6,55.5,97.2,95.87,86.5,5.87,35.13,2025,relMeanHI_p85_2d_walkforward,persistent_apparent_heat_anomaly
CAMERON_2025_007,48061,Cameron (Brownsville),2025-08-01,2025-08-04,4,102.39,2025-08-02,99.1,77.6,88.4,96.3,47.7,98.8,99.11,87.8,3.55,7.09,2025,relMeanHI_p85_2d_walkforward,persistent_apparent_heat_anomaly
CAMERON_2025_008,48061,Cameron (Brownsville),2025-08-13,2025-08-14,2,103.18,2025-08-14,97.0,79.2,88.1,98.4,51.0,100.3,97.01,87.96,2.83,4.11,2025,relMeanHI_p85_2d_walkforward,persistent_apparent_heat_anomaly
CAMERON_2025_009,48061,Cameron (Brownsville),2025-08-29,2025-08-31,3,100.54,2025-08-29,95.8,78.4,87.1,95.6,54.3,97.8,95.87,86.77,2.8,5.71,2025,relMeanHI_p85_2d_walkforward,persistent_apparent_heat_anomaly
CAMERON_2025_010,48061,Cameron (Brownsville),2025-09-05,2025-09-06,2,103.0,2025-09-06,95.8,79.2,87.5,99.5,55.2,96.1,96.59,87.26,6.86,10.34,2025,relMeanHI_p85_2d_walkforward,persistent_apparent_heat_anomaly
CAMERON_2025_011,48061,Cameron (Brownsville),2025-10-19,2025-10-22,4,88.8,2025-10-19,93.0,72.6,82.8,95.3,51.0,87.0,93.25,82.48,2.41,5.91,2025,relMeanHI_p85_2d_walkforward,persistent_apparent_heat_anomaly
CAMERON_2025_012,48061,Cameron (Brownsville),2025-10-25,2025-10-28,4,90.12,2025-10-26,93.1,74.4,83.8,92.6,48.2,84.1,93.71,83.6,6.87,23.67,2025,relMeanHI_p85_2d_walkforward,persistent_apparent_heat_anomaly
CAMERON_2025_013,48061,Cameron (Brownsville),2025-11-16,2025-11-25,10,84.54,2025-11-24,88.0,74.4,81.2,86.9,47.8,76.3,88.01,79.32,8.29,37.48,2025,relMeanHI_p85_2d_walkforward,persistent_apparent_heat_anomaly
CAMERON_2025_014,48061,Cameron (Brownsville),2025-12-21,2025-12-28,8,76.6,2025-12-27,84.6,68.3,76.4,77.0,42.4,71.5,84.83,75.31,5.12,30.42,2025,relMeanHI_p85_2d_walkforward,persistent_apparent_heat_anomaly
EL_2015_001,48141,El Paso,2015-01-27,2015-01-28,2,50.95,2015-01-28,70.0,36.0,53.0,95.5,29.3,48.6,69.98,53.28,2.31,4.44,2015,relMeanHI_p85_2d_walkforward,persistent_apparent_heat_anomaly
EL_2015_002,48141,El Paso,2015-02-07,2015-02-10,4,54.09,2015-02-08,75.5,38.5,57.0,59.7,13.3,51.2,76.01,56.0,2.93,6.66,2015,relMeanHI_p85_2d_walkforward,persistent_apparent_heat_anomaly
EL_2015_003,48141,El Paso,2015-03-30,2015-03-31,2,64.47,2015-03-31,79.0,54.5,66.7,44.0,13.9,64.2,79.97,66.85,0.73,1.05,2015,relMeanHI_p85_2d_walkforward,persistent_apparent_heat_anomaly
EL_2015_004,48141,El Paso,2015-10-19,2015-10-20,2,68.6,2015-10-19,83.5,55.5,69.5,75.1,30.0,66.9,83.48,69.15,1.71,2.9,2015,relMeanHI_p85_2d_walkforward,persistent_apparent_heat_anomaly
EL_2015_005,48141,El Paso,2015-12-10,2015-12-11,2,51.28,2015-12-11,72.5,36.5,54.5,51.0,18.3,48.9,72.5,53.74,2.41,2.99,2015,relMeanHI_p85_2d_walkforward,persistent_apparent_heat_anomaly
EL_2015_006,48141,El Paso,2015-12-23,2015-12-25,3,50.5,2015-12-23,62.1,44.0,53.0,67.7,38.0,46.6,68.0,51.41,3.93,6.44,2015,relMeanHI_p85_2d_walkforward,persistent_apparent_heat_anomaly
EL_2016_001,48141,El Paso,2016-02-18,2016-02-21,4,61.36,2016-02-21,76.5,49.0,62.7,94.9,17.9,55.8,83.48,61.86,5.58,17.43,2016,relMeanHI_p85_2d_walkforward,persistent_apparent_heat_anomaly
EL_2016_002,48141,El Paso,2016-10-25,2016-10-27,3,65.74,2016-10-26,84.5,50.4,67.5,60.8,17.4,64.7,84.92,67.31,1.02,2.7,2016,relMeanHI_p85_2d_walkforward,persistent_apparent_heat_anomaly
EL_2016_003,48141,El Paso,2016-10-31,2016-11-02,3,63.63,2016-11-01,79.5,52.0,65.8,47.6,20.6,62.4,83.03,65.24,1.18,2.34,2016,relMeanHI_p85_2d_walkforward,persistent_apparent_heat_anomaly
EL_2016_004,48141,El Paso,2016-11-04,2016-11-05,2,64.93,2016-11-05,74.5,56.0,65.3,99.5,47.4,61.1,74.48,64.9,3.87,6.13,2016,relMeanHI_p85_2d_walkforward,persistent_apparent_heat_anomaly
EL_2016_005,48141,El Paso,2016-12-13,2016-12-17,5,53.47,2016-12-16,73.5,40.0,56.8,41.8,15.6,47.7,73.49,53.39,5.76,14.2,2016,relMeanHI_p85_2d_walkforward,persistent_apparent_heat_anomaly
EL_2016_006,48141,El Paso,2016-12-22,2016-12-24,3,52.41,2016-12-24,71.5,37.0,54.3,96.7,31.2,47.0,71.51,51.42,5.38,8.75,2016,relMeanHI_p85_2d_walkforward,persistent_apparent_heat_anomaly
EL_2017_001,48141,El Paso,2017-01-04,2017-01-05,2,53.14,2017-01-04,66.5,45.0,55.7,63.6,27.9,47.1,66.47,54.36,6.08,9.35,2017,relMeanHI_p85_2d_walkforward,persistent_apparent_heat_anomaly
EL_2017_002,48141,El Paso,2017-01-09,2017-01-14,6,59.81,2017-01-14,71.5,50.5,61.0,87.5,39.2,47.4,73.49,56.0,12.38,38.01,2017,relMeanHI_p85_2d_walkforward,persistent_apparent_heat_anomaly
EL_2017_003,48141,El Paso,2017-02-03,2017-02-12,10,63.43,2017-02-11,86.0,45.5,65.8,49.6,10.2,53.0,86.0,58.62,10.39,49.05,2017,relMeanHI_p85_2d_walkforward,persistent_apparent_heat_anomaly
EL_2017_004,48141,El Paso,2017-02-22,2017-02-23,2,59.03,2017-02-23,75.0,48.0,61.5,55.6,15.0,55.8,80.51,61.25,3.2,6.0,2017,relMeanHI_p85_2d_walkforward,persistent_apparent_heat_anomaly
EL_2017_005,48141,El Paso,2017-03-04,2017-03-06,3,65.1,2017-03-06,79.0,55.0,67.0,54.0,17.8,57.8,78.98,62.82,7.3,9.1,2017,relMeanHI_p85_2d_walkforward,persistent_apparent_heat_anomaly
EL_2017_006,48141,El Paso,2017-03-09,2017-03-12,4,63.17,2017-03-11,85.0,46.5,65.8,41.2,7.7,59.5,85.01,64.05,3.66,9.03,2017,relMeanHI_p85_2d_walkforward,persistent_apparent_heat_anomaly
EL_2017_007,48141,El Paso,2017-03-14,2017-03-23,10,70.68,2017-03-19,90.5,55.0,72.8,32.9,6.8,61.7,94.01,69.0,8.96,50.09,2017,relMeanHI_p85_2d_walkforward,persistent_apparent_heat_anomaly
EL_2017_008,48141,El Paso,2017-04-08,2017-04-09,2,68.19,2017-04-09,81.5,59.5,70.5,31.6,7.7,67.0,88.52,69.89,1.2,1.22,2017,relMeanHI_p85_2d_walkforward,persistent_apparent_heat_anomaly
EL_2017_009,48141,El Paso,2017-04-11,2017-04-15,5,75.34,2017-04-12,90.5,61.1,75.8,74.6,22.1,67.5,90.5,72.36,7.79,15.05,2017,relMeanHI_p85_2d_walkforward,persistent_apparent_heat_anomaly
EL_2017_010,48141,El Paso,2017-04-19,2017-04-21,3,70.08,2017-04-19,89.5,55.0,72.3,30.9,6.5,69.3,92.48,72.08,0.8,1.1,2017,relMeanHI_p85_2d_walkforward,persistent_apparent_heat_anomaly
EL_2017_011,48141,El Paso,2017-04-24,2017-04-25,2,75.0,2017-04-25,86.0,67.0,76.5,38.7,9.8,70.9,91.49,76.5,4.06,8.02,2017,relMeanHI_p85_2d_walkforward,persistent_apparent_heat_anomaly
EL_2017_012,48141,El Paso,2017-05-25,2017-05-26,2,80.06,2017-05-26,95.0,69.4,82.2,31.5,10.6,79.4,95.99,81.59,0.7,0.72,2017,relMeanHI_p85_2d_walkforward,persistent_apparent_heat_anomaly
EL_2017_013,48141,El Paso,2017-06-20,2017-06-23,4,89.59,2017-06-23,110.5,76.5,93.5,30.0,7.2,84.9,110.48,90.3,4.65,11.25,2017,relMeanHI_p85_2d_walkforward,persistent_apparent_heat_anomaly
EL_2017_014,48141,El Paso,2017-09-18,2017-09-23,6,79.26,2017-09-20,92.0,67.0,79.5,64.0,25.0,78.1,95.0,79.01,1.18,4.52,2017,relMeanHI_p85_2d_walkforward,persistent_apparent_heat_anomaly
EL_2017_015,48141,El Paso,2017-10-01,2017-10-02,2,76.96,2017-10-01,89.5,64.5,77.0,77.6,31.2,74.8,90.05,77.02,2.16,4.26,2017,relMeanHI_p85_2d_walkforward,persistent_apparent_heat_anomaly
EL_2017_016,48141,El Paso,2017-10-04,2017-10-06,3,83.94,2017-10-05,91.5,73.0,82.3,75.7,34.9,73.3,92.48,79.5,10.68,20.98,2017,relMeanHI_p85_2d_walkforward,persistent_apparent_heat_anomaly
EL_2017_017,48141,El Paso,2017-10-12,2017-10-14,3,77.84,2017-10-14,89.5,66.6,78.0,75.2,22.9,69.2,92.48,76.26,8.66,18.54,2017,relMeanHI_p85_2d_walkforward,persistent_apparent_heat_anomaly
EL_2017_018,48141,El Paso,2017-10-18,2017-10-21,4,71.52,2017-10-19,86.4,58.5,72.5,67.1,23.0,67.0,86.54,70.77,4.53,11.22,2017,relMeanHI_p85_2d_walkforward,persistent_apparent_heat_anomaly
EL_2017_019,48141,El Paso,2017-11-05,2017-11-07,3,64.62,2017-11-06,81.0,52.0,66.5,57.3,19.4,60.7,80.96,65.49,3.87,9.05,2017,relMeanHI_p85_2d_walkforward,persistent_apparent_heat_anomaly
EL_2017_020,48141,El Paso,2017-11-11,2017-11-18,8,62.38,2017-11-14,84.5,43.4,64.0,79.7,19.9,57.5,84.47,61.87,4.92,21.6,2017,relMeanHI_p85_2d_walkforward,persistent_apparent_heat_anomaly
EL_2017_021,48141,El Paso,2017-11-24,2017-11-28,5,58.13,2017-11-28,77.0,44.0,60.5,65.8,14.7,51.5,79.52,58.85,6.64,19.45,2017,relMeanHI_p85_2d_walkforward,persistent_apparent_heat_anomaly
EL_2017_022,48141,El Paso,2017-11-30,2017-12-04,5,56.19,2017-12-03,75.5,42.0,58.7,62.4,18.1,50.1,75.47,56.95,6.06,18.25,2017,relMeanHI_p85_2d_walkforward,persistent_apparent_heat_anomaly
EL_2017_023,48141,El Paso,2017-12-25,2017-12-26,2,48.79,2017-12-26,72.5,31.5,52.0,65.6,15.7,47.0,72.5,51.51,1.74,2.17,2017,relMeanHI_p85_2d_walkforward,persistent_apparent_heat_anomaly
EL_2018_001,48141,El Paso,2018-01-09,2018-01-11,3,50.65,2018-01-09,71.1,35.5,53.3,77.6,22.0,47.1,71.06,52.34,3.57,7.62,2018,relMeanHI_p85_2d_walkforward,persistent_apparent_heat_anomaly
EL_2018_002,48141,El Paso,2018-02-03,2018-02-06,4,56.67,2018-02-03,74.9,44.0,59.4,54.2,12.8,49.9,77.0,58.03,6.81,19.3,2018,relMeanHI_p85_2d_walkforward,persistent_apparent_heat_anomaly
EL_2018_003,48141,El Paso,2018-02-14,2018-02-16,3,58.52,2018-02-14,75.5,47.0,61.2,47.4,14.2,54.2,75.47,59.93,4.34,11.98,2018,relMeanHI_p85_2d_walkforward,persistent_apparent_heat_anomaly
EL_2018_004,48141,El Paso,2018-02-18,2018-02-19,2,59.9,2018-02-19,73.0,50.4,61.7,69.1,30.2,55.5,72.95,59.34,4.4,4.58,2018,relMeanHI_p85_2d_walkforward,persistent_apparent_heat_anomaly
EL_2018_005,48141,El Paso,2018-03-09,2018-03-10,2,62.38,2018-03-10,78.5,51.4,65.0,38.8,12.0,59.4,81.05,64.9,2.97,5.8,2018,relMeanHI_p85_2d_walkforward,persistent_apparent_heat_anomaly
EL_2018_006,48141,El Paso,2018-03-22,2018-03-26,5,69.63,2018-03-24,86.0,56.5,71.2,50.3,16.5,62.6,89.51,68.49,6.99,19.77,2018,relMeanHI_p85_2d_walkforward,persistent_apparent_heat_anomaly
EL_2018_007,48141,El Paso,2018-04-01,2018-04-03,3,66.95,2018-04-01,87.1,52.0,69.5,26.9,5.8,64.5,87.08,68.34,2.46,2.85,2018,relMeanHI_p85_2d_walkforward,persistent_apparent_heat_anomaly
EL_2018_008,48141,El Paso,2018-04-06,2018-04-12,7,75.06,2018-04-12,91.5,62.0,76.7,32.7,7.9,67.7,94.46,72.57,7.38,26.52,2018,relMeanHI_p85_2d_walkforward,persistent_apparent_heat_anomaly
EL_2018_009,48141,El Paso,2018-05-07,2018-05-12,6,80.2,2018-05-11,98.0,67.6,82.8,22.5,5.4,75.5,100.94,80.49,4.68,20.94,2018,relMeanHI_p85_2d_walkforward,persistent_apparent_heat_anomaly
EL_2018_010,48141,El Paso,2018-06-02,2018-06-03,2,82.66,2018-06-03,96.5,69.1,82.8,67.7,19.6,81.2,105.53,84.04,1.45,2.54,2018,relMeanHI_p85_2d_walkforward,persistent_apparent_heat_anomaly
EL_2018_011,48141,El Paso,2018-06-05,2018-06-10,6,84.86,2018-06-06,100.5,75.6,88.0,35.1,12.0,82.0,102.47,87.29,2.86,10.92,2018,relMeanHI_p85_2d_walkforward,persistent_apparent_heat_anomaly
EL_2018_012,48141,El Paso,2018-06-28,2018-06-29,2,86.11,2018-06-28,103.5,75.5,89.5,32.9,12.3,85.4,103.46,88.27,0.67,1.09,2018,relMeanHI_p85_2d_walkforward,persistent_apparent_heat_anomaly
EL_2018_013,48141,El Paso,2018-07-25,2018-07-26,2,87.93,2018-07-25,102.0,76.6,89.3,50.9,16.5,85.4,102.02,87.53,2.58,3.52,2018,relMeanHI_p85_2d_walkforward,persistent_apparent_heat_anomaly
EL_2018_014,48141,El Paso,2018-08-02,2018-08-03,2,86.08,2018-08-03,100.0,75.0,87.5,52.5,16.8,85.1,100.94,87.12,0.97,1.28,2018,relMeanHI_p85_2d_walkforward,persistent_apparent_heat_anomaly
EL_2018_015,48141,El Paso,2018-09-13,2018-09-14,2,80.03,2018-09-13,97.1,65.0,81.0,50.4,14.6,79.6,97.07,80.64,0.67,1.13,2018,relMeanHI_p85_2d_walkforward,persistent_apparent_heat_anomaly
EL_2018_016,48141,El Paso,2018-09-17,2018-09-19,3,80.0,2018-09-18,92.5,67.0,79.7,78.9,30.8,78.4,92.48,79.42,1.62,3.65,2018,relMeanHI_p85_2d_walkforward,persistent_apparent_heat_anomaly
EL_2018_017,48141,El Paso,2018-09-28,2018-09-29,2,76.02,2018-09-29,92.0,61.5,76.8,60.5,18.8,75.3,92.48,76.64,0.7,0.79,2018,relMeanHI_p85_2d_walkforward,persistent_apparent_heat_anomaly
EL_2018_018,48141,El Paso,2018-10-01,2018-10-07,7,79.16,2018-10-02,90.0,68.4,79.2,68.1,31.2,74.4,91.49,77.03,4.72,19.05,2018,relMeanHI_p85_2d_walkforward,persistent_apparent_heat_anomaly
EL_2018_019,48141,El Paso,2018-11-05,2018-11-08,4,63.51,2018-11-06,78.1,53.1,65.6,50.5,20.9,60.9,78.53,64.02,2.64,4.65,2018,relMeanHI_p85_2d_walkforward,persistent_apparent_heat_anomaly
EL_2018_020,48141,El Paso,2018-12-17,2018-12-19,3,50.11,2018-12-17,60.0,44.5,52.2,78.3,46.5,47.7,65.48,51.82,2.43,5.82,2018,relMeanHI_p85_2d_walkforward,persistent_apparent_heat_anomaly
EL_2019_001,48141,El Paso,2019-01-10,2019-01-11,2,51.45,2019-01-11,60.5,45.5,53.0,99.9,46.2,47.5,60.53,51.51,4.0,4.69,2019,relMeanHI_p85_2d_walkforward,persistent_apparent_heat_anomaly
EL_2019_002,48141,El Paso,2019-01-15,2019-01-18,4,51.65,2019-01-18,65.9,41.5,53.7,93.6,27.5,48.2,67.55,52.74,3.8,10.52,2019,relMeanHI_p85_2d_walkforward,persistent_apparent_heat_anomaly
EL_2019_003,48141,El Paso,2019-01-31,2019-02-01,2,51.24,2019-01-31,69.5,39.0,54.3,60.5,17.6,49.1,69.53,53.78,2.17,3.14,2019,relMeanHI_p85_2d_walkforward,persistent_apparent_heat_anomaly
EL_2019_004,48141,El Paso,2019-02-03,2019-02-06,4,57.76,2019-02-05,66.5,52.5,59.5,72.5,38.8,50.5,74.48,57.81,7.29,23.02,2019,relMeanHI_p85_2d_walkforward,persistent_apparent_heat_anomaly
EL_2019_005,48141,El Paso,2019-02-14,2019-02-15,2,63.4,2019-02-15,74.5,54.5,64.5,83.3,34.0,54.6,74.48,61.61,8.77,10.11,2019,relMeanHI_p85_2d_walkforward,persistent_apparent_heat_anomaly
EL_2019_006,48141,El Paso,2019-03-01,2019-03-03,3,61.06,2019-03-02,79.0,48.5,63.7,42.1,11.6,56.9,78.98,62.26,4.12,8.9,2019,relMeanHI_p85_2d_walkforward,persistent_apparent_heat_anomaly
EL_2019_007,48141,El Paso,2019-03-07,2019-03-08,2,63.62,2019-03-07,83.0,49.0,66.0,42.5,12.8,58.7,83.03,64.51,4.95,7.51,2019,relMeanHI_p85_2d_walkforward,persistent_apparent_heat_anomaly
EL_2019_008,48141,El Paso,2019-03-11,2019-03-12,2,61.9,2019-03-12,80.5,45.5,63.0,96.5,26.6,60.4,80.51,62.38,1.54,1.71,2019,relMeanHI_p85_2d_walkforward,persistent_apparent_heat_anomaly
EL_2019_009,48141,El Paso,2019-03-26,2019-03-29,4,70.06,2019-03-27,86.0,57.0,71.5,54.8,17.5,63.4,87.08,69.78,6.62,17.25,2019,relMeanHI_p85_2d_walkforward,persistent_apparent_heat_anomaly
EL_2019_010,48141,El Paso,2019-04-09,2019-04-10,2,68.75,2019-04-10,82.5,59.4,71.0,33.9,8.1,67.2,92.48,70.99,1.55,3.1,2019,relMeanHI_p85_2d_walkforward,persistent_apparent_heat_anomaly
EL_2019_011,48141,El Paso,2019-04-20,2019-04-21,2,73.52,2019-04-21,88.1,62.5,75.3,32.2,10.3,69.7,93.47,73.9,3.79,4.45,2019,relMeanHI_p85_2d_walkforward,persistent_apparent_heat_anomaly
EL_2019_012,48141,El Paso,2019-04-26,2019-04-29,4,74.12,2019-04-28,91.9,60.0,76.0,29.4,7.0,71.6,93.02,74.93,2.56,5.92,2019,relMeanHI_p85_2d_walkforward,persistent_apparent_heat_anomaly
EL_2019_013,48141,El Paso,2019-06-01,2019-06-02,2,81.51,2019-06-02,96.0,68.4,82.2,57.6,20.3,81.1,99.5,82.11,0.45,0.83,2019,relMeanHI_p85_2d_walkforward,persistent_apparent_heat_anomaly
EL_2019_014,48141,El Paso,2019-06-27,2019-06-28,2,85.67,2019-06-28,100.0,74.5,87.2,49.2,19.5,85.5,101.48,87.48,0.18,0.27,2019,relMeanHI_p85_2d_walkforward,persistent_apparent_heat_anomaly
EL_2019_015,48141,El Paso,2019-07-20,2019-07-21,2,87.09,2019-07-20,102.5,75.6,89.0,48.1,14.6,85.5,104.0,89.13,1.55,2.9,2019,relMeanHI_p85_2d_walkforward,persistent_apparent_heat_anomaly
EL_2019_016,48141,El Paso,2019-08-02,2019-08-03,2,86.14,2019-08-03,102.5,72.5,87.5,54.9,15.4,85.1,102.47,87.1,1.03,1.05,2019,relMeanHI_p85_2d_walkforward,persistent_apparent_heat_anomaly
EL_2019_017,48141,El Paso,2019-08-05,2019-08-09,5,89.78,2019-08-09,100.0,73.9,86.9,79.6,23.2,85.0,101.03,87.4,4.81,12.42,2019,relMeanHI_p85_2d_walkforward,persistent_apparent_heat_anomaly
EL_2019_018,48141,El Paso,2019-08-12,2019-08-13,2,86.45,2019-08-12,99.5,72.5,86.0,65.0,24.0,84.8,99.5,86.27,1.63,2.51,2019,relMeanHI_p85_2d_walkforward,persistent_apparent_heat_anomaly
EL_2019_019,48141,El Paso,2019-08-17,2019-08-21,5,86.66,2019-08-19,101.0,78.0,89.5,39.6,12.6,84.0,101.93,87.44,2.7,7.72,2019,relMeanHI_p85_2d_walkforward,persistent_apparent_heat_anomaly
EL_2019_020,48141,El Paso,2019-08-25,2019-08-29,5,88.57,2019-08-26,104.4,74.0,89.2,55.9,17.0,83.5,104.45,86.03,5.08,11.65,2019,relMeanHI_p85_2d_walkforward,persistent_apparent_heat_anomaly
EL_2019_021,48141,El Paso,2019-09-06,2019-09-09,4,82.72,2019-09-07,95.4,70.0,82.7,66.7,22.6,81.1,96.53,81.62,1.66,3.18,2019,relMeanHI_p85_2d_walkforward,persistent_apparent_heat_anomaly
EL_2019_022,48141,El Paso,2019-09-18,2019-09-20,3,81.05,2019-09-20,93.5,69.0,81.2,60.6,23.6,78.2,93.47,80.39,2.84,5.09,2019,relMeanHI_p85_2d_walkforward,persistent_apparent_heat_anomaly
EL_2019_023,48141,El Paso,2019-09-30,2019-10-01,2,75.45,2019-09-30,83.5,67.5,75.5,80.1,36.3,75.2,83.93,75.2,0.22,0.29,2019,relMeanHI_p85_2d_walkforward,persistent_apparent_heat_anomaly
EL_2019_024,48141,El Paso,2019-10-05,2019-10-06,2,76.1,2019-10-05,87.5,64.5,76.0,83.6,35.0,73.7,89.06,75.16,2.38,2.8,2019,relMeanHI_p85_2d_walkforward,persistent_apparent_heat_anomaly
EL_2019_025,48141,El Paso,2019-10-08,2019-10-10,3,72.72,2019-10-08,86.0,60.0,73.0,81.3,34.5,72.6,86.0,72.76,0.41,0.92,2019,relMeanHI_p85_2d_walkforward,persistent_apparent_heat_anomaly
EL_2019_026,48141,El Paso,2019-11-05,2019-11-06,2,63.41,2019-11-06,76.0,53.1,64.5,76.1,39.9,60.9,81.95,63.88,2.53,2.68,2019,relMeanHI_p85_2d_walkforward,persistent_apparent_heat_anomaly
EL_2019_027,48141,El Paso,2019-11-20,2019-11-21,2,61.45,2019-11-20,71.5,53.0,62.2,94.5,45.3,55.0,71.51,59.5,6.49,6.96,2019,relMeanHI_p85_2d_walkforward,persistent_apparent_heat_anomaly
EL_2019_028,48141,El Paso,2019-12-07,2019-12-09,3,54.72,2019-12-08,69.4,44.0,56.7,74.6,37.9,49.8,69.44,54.23,4.92,8.25,2019,relMeanHI_p85_2d_walkforward,persistent_apparent_heat_anomaly
EL_2019_029,48141,El Paso,2019-12-13,2019-12-15,3,56.43,2019-12-15,72.9,44.5,58.7,66.8,23.6,48.0,72.95,56.0,8.42,16.59,2019,relMeanHI_p85_2d_walkforward,persistent_apparent_heat_anomaly
EL_2020_001,48141,El Paso,2020-01-15,2020-01-17,3,51.41,2020-01-17,67.6,38.9,53.2,98.5,35.2,48.2,67.55,53.32,3.25,8.75,2020,relMeanHI_p85_2d_walkforward,persistent_apparent_heat_anomaly
EL_2020_002,48141,El Paso,2020-03-11,2020-03-13,3,64.97,2020-03-13,75.0,55.9,65.5,95.3,42.7,60.9,77.0,64.6,4.1,9.78,2020,relMeanHI_p85_2d_walkforward,persistent_apparent_heat_anomaly
EL_2020_003,48141,El Paso,2020-03-25,2020-03-26,2,66.37,2020-03-26,85.0,52.0,68.5,42.6,14.0,63.3,86.45,67.12,3.03,3.23,2020,relMeanHI_p85_2d_walkforward,persistent_apparent_heat_anomaly
EL_2020_004,48141,El Paso,2020-04-01,2020-04-02,2,67.78,2020-04-01,83.5,57.0,70.2,26.2,7.9,64.7,83.48,69.76,3.05,5.0,2020,relMeanHI_p85_2d_walkforward,persistent_apparent_heat_anomaly
EL_2020_005,48141,El Paso,2020-04-26,2020-05-04,9,79.34,2020-05-02,96.5,66.0,81.3,29.7,8.5,72.9,96.53,77.25,6.43,28.69,2020,relMeanHI_p85_2d_walkforward,persistent_apparent_heat_anomaly
EL_2020_006,48141,El Paso,2020-05-06,2020-05-07,2,79.39,2020-05-07,100.0,63.0,81.5,27.9,5.2,74.3,100.04,78.62,5.09,5.6,2020,relMeanHI_p85_2d_walkforward,persistent_apparent_heat_anomaly
EL_2020_007,48141,El Paso,2020-06-03,2020-06-06,4,88.13,2020-06-06,104.0,77.0,90.5,44.1,12.5,82.1,105.53,86.75,6.05,9.68,2020,relMeanHI_p85_2d_walkforward,persistent_apparent_heat_anomaly
EL_2020_008,48141,El Paso,2020-07-03,2020-07-04,2,85.94,2020-07-04,103.0,73.0,88.0,47.7,14.4,85.7,103.01,88.02,0.27,0.39,2020,relMeanHI_p85_2d_walkforward,persistent_apparent_heat_anomaly
EL_2020_009,48141,El Paso,2020-07-09,2020-07-11,3,90.28,2020-07-10,108.0,78.4,93.2,38.1,9.2,85.6,108.05,91.67,4.66,8.58,2020,relMeanHI_p85_2d_walkforward,persistent_apparent_heat_anomaly
EL_2020_010,48141,El Paso,2020-07-13,2020-07-14,2,87.25,2020-07-13,107.0,74.5,90.7,36.4,7.1,85.6,106.97,89.76,1.63,2.45,2020,relMeanHI_p85_2d_walkforward,persistent_apparent_heat_anomaly
EL_2020_011,48141,El Paso,2020-07-18,2020-07-19,2,86.73,2020-07-18,101.5,75.5,88.5,49.4,15.8,85.5,101.48,87.87,1.22,1.6,2020,relMeanHI_p85_2d_walkforward,persistent_apparent_heat_anomaly
EL_2020_012,48141,El Paso,2020-08-10,2020-08-13,4,86.84,2020-08-12,105.0,73.9,89.5,43.1,11.8,84.9,104.99,88.42,1.93,4.48,2020,relMeanHI_p85_2d_walkforward,persistent_apparent_heat_anomaly
EL_2020_013,48141,El Paso,2020-08-15,2020-08-16,2,84.95,2020-08-15,103.0,73.0,88.0,39.0,10.4,84.5,103.01,87.51,0.42,0.84,2020,relMeanHI_p85_2d_walkforward,persistent_apparent_heat_anomaly
EL_2020_014,48141,El Paso,2020-08-31,2020-09-01,2,84.96,2020-09-01,94.0,73.5,83.8,74.7,26.8,82.4,95.0,84.0,2.57,4.65,2020,relMeanHI_p85_2d_walkforward,persistent_apparent_heat_anomaly
EL_2020_015,48141,El Paso,2020-11-05,2020-11-09,5,67.55,2020-11-08,80.5,57.5,69.0,54.3,29.2,60.2,85.46,65.93,7.34,16.53,2020,relMeanHI_p85_2d_walkforward,persistent_apparent_heat_anomaly
EL_2020_016,48141,El Paso,2020-11-18,2020-11-23,6,64.96,2020-11-23,79.5,53.0,66.2,71.7,30.2,53.7,86.0,63.71,11.26,42.04,2020,relMeanHI_p85_2d_walkforward,persistent_apparent_heat_anomaly
EL_2021_001,48141,El Paso,2021-01-29,2021-01-30,2,49.72,2021-01-29,64.0,41.4,52.7,58.0,27.2,48.8,64.04,52.5,0.92,1.22,2021,relMeanHI_p85_2d_walkforward,persistent_apparent_heat_anomaly
EL_2021_002,48141,El Paso,2021-02-02,2021-02-04,3,60.99,2021-02-04,74.0,52.0,63.0,64.5,20.0,50.4,74.48,58.74,10.61,17.77,2021,relMeanHI_p85_2d_walkforward,persistent_apparent_heat_anomaly
EL_2021_003,48141,El Paso,2021-03-08,2021-03-10,3,63.53,2021-03-09,82.5,49.6,66.0,39.6,11.7,59.4,82.49,64.34,4.13,7.36,2021,relMeanHI_p85_2d_walkforward,persistent_apparent_heat_anomaly
EL_2021_004,48141,El Paso,2021-04-02,2021-04-06,5,71.39,2021-04-05,92.9,53.5,73.2,39.4,9.6,66.0,92.93,70.55,5.44,14.44,2021,relMeanHI_p85_2d_walkforward,persistent_apparent_heat_anomaly
EL_2021_005,48141,El Paso,2021-04-08,2021-04-09,2,71.68,2021-04-09,86.0,61.4,73.7,31.2,6.8,67.2,87.98,72.86,4.52,7.05,2021,relMeanHI_p85_2d_walkforward,persistent_apparent_heat_anomaly
EL_2021_006,48141,El Paso,2021-06-06,2021-06-07,2,84.75,2021-06-06,100.5,76.6,88.5,25.5,7.2,82.1,100.49,87.89,2.64,4.01,2021,relMeanHI_p85_2d_walkforward,persistent_apparent_heat_anomaly
EL_2021_007,48141,El Paso,2021-06-12,2021-06-13,2,84.55,2021-06-13,101.9,74.0,88.0,31.5,9.8,83.2,108.5,87.76,1.32,2.16,2021,relMeanHI_p85_2d_walkforward,persistent_apparent_heat_anomaly
EL_2021_008,48141,El Paso,2021-06-21,2021-06-25,5,87.67,2021-06-21,101.9,77.4,89.7,45.4,15.6,84.6,102.47,87.99,3.12,7.43,2021,relMeanHI_p85_2d_walkforward,persistent_apparent_heat_anomaly
EL_2021_009,48141,El Paso,2021-07-04,2021-07-05,2,86.21,2021-07-05,97.0,70.0,83.5,83.6,32.5,85.8,96.98,83.52,0.45,0.78,2021,relMeanHI_p85_2d_walkforward,persistent_apparent_heat_anomaly
EL_2021_010,48141,El Paso,2021-09-16,2021-09-17,2,80.48,2021-09-16,96.5,65.5,81.0,59.7,16.5,78.8,97.07,80.91,1.64,3.16,2021,relMeanHI_p85_2d_walkforward,persistent_apparent_heat_anomaly
EL_2021_011,48141,El Paso,2021-09-19,2021-09-20,2,81.75,2021-09-20,94.5,69.0,81.7,67.0,22.1,78.2,96.98,80.49,3.52,3.78,2021,relMeanHI_p85_2d_walkforward,persistent_apparent_heat_anomaly
EL_2021_012,48141,El Paso,2021-12-02,2021-12-05,4,54.4,2021-12-03,74.5,38.5,56.5,86.1,23.3,50.6,74.48,55.5,3.81,10.57,2021,relMeanHI_p85_2d_walkforward,persistent_apparent_heat_anomaly
EL_2021_013,48141,El Paso,2021-12-09,2021-12-10,2,56.14,2021-12-10,66.0,49.0,57.5,95.7,39.3,49.5,70.52,56.39,6.64,9.06,2021,relMeanHI_p85_2d_walkforward,persistent_apparent_heat_anomaly
EL_2021_014,48141,El Paso,2021-12-14,2021-12-15,2,56.59,2021-12-15,72.1,44.5,58.3,92.1,26.2,48.0,73.94,56.37,8.56,12.19,2021,relMeanHI_p85_2d_walkforward,persistent_apparent_heat_anomaly
EL_2021_015,48141,El Paso,2021-12-22,2021-12-28,7,59.23,2021-12-26,75.6,47.0,61.3,67.6,21.9,47.0,77.45,56.48,12.18,47.96,2021,relMeanHI_p85_2d_walkforward,persistent_apparent_heat_anomaly
EL_2022_001,48141,El Paso,2022-01-07,2022-01-08,2,51.41,2022-01-08,69.5,39.5,54.5,55.8,19.0,47.0,71.51,52.39,4.36,4.42,2022,relMeanHI_p85_2d_walkforward,persistent_apparent_heat_anomaly
EL_2022_002,48141,El Paso,2022-01-18,2022-01-19,2,50.58,2022-01-19,62.5,42.5,52.5,94.3,37.9,48.4,64.49,51.89,2.21,2.44,2022,relMeanHI_p85_2d_walkforward,persistent_apparent_heat_anomaly
EL_2022_003,48141,El Paso,2022-04-05,2022-04-06,2,69.45,2022-04-06,82.9,60.0,71.5,38.3,10.1,66.6,87.08,71.26,2.91,5.78,2022,relMeanHI_p85_2d_walkforward,persistent_apparent_heat_anomaly
EL_2022_004,48141,El Paso,2022-04-10,2022-04-12,3,71.15,2022-04-10,84.5,62.0,73.2,29.1,9.7,67.3,86.45,72.32,3.83,8.5,2022,relMeanHI_p85_2d_walkforward,persistent_apparent_heat_anomaly
EL_2022_005,48141,El Paso,2022-04-19,2022-04-22,4,74.3,2022-04-20,92.5,60.0,76.2,25.8,5.9,69.7,93.47,75.12,4.58,13.36,2022,relMeanHI_p85_2d_walkforward,persistent_apparent_heat_anomaly
EL_2022_006,48141,El Paso,2022-05-11,2022-05-12,2,77.23,2022-05-12,93.6,64.0,78.8,30.5,5.5,76.0,98.51,78.28,1.22,1.58,2022,relMeanHI_p85_2d_walkforward,persistent_apparent_heat_anomaly
EL_2022_007,48141,El Paso,2022-05-17,2022-05-18,2,80.11,2022-05-17,96.1,70.0,83.0,18.6,3.7,77.4,96.53,81.28,2.73,2.79,2022,relMeanHI_p85_2d_walkforward,persistent_apparent_heat_anomaly
EL_2022_008,48141,El Paso,2022-06-07,2022-06-08,2,84.76,2022-06-08,105.5,70.4,88.0,36.7,9.2,82.5,105.53,87.49,2.29,3.56,2022,relMeanHI_p85_2d_walkforward,persistent_apparent_heat_anomaly
EL_2022_009,48141,El Paso,2022-06-10,2022-06-14,5,87.14,2022-06-13,104.0,77.4,90.7,31.7,10.1,83.3,106.52,88.85,3.85,13.06,2022,relMeanHI_p85_2d_walkforward,persistent_apparent_heat_anomaly
EL_2022_010,48141,El Paso,2022-07-19,2022-07-23,5,90.07,2022-07-20,106.5,77.4,92.0,44.2,13.8,85.5,106.52,88.95,4.53,10.07,2022,relMeanHI_p85_2d_walkforward,persistent_apparent_heat_anomaly
EL_2022_011,48141,El Paso,2022-08-01,2022-08-03,3,85.75,2022-08-01,102.0,71.0,86.5,58.5,19.0,85.2,102.47,86.22,0.53,0.68,2022,relMeanHI_p85_2d_walkforward,persistent_apparent_heat_anomaly
EL_2022_012,48141,El Paso,2022-08-28,2022-08-29,2,85.13,2022-08-28,95.0,69.5,82.3,88.9,34.3,83.2,96.53,82.51,1.95,3.4,2022,relMeanHI_p85_2d_walkforward,persistent_apparent_heat_anomaly
EL_2022_013,48141,El Paso,2022-09-20,2022-09-23,4,79.3,2022-09-21,92.5,65.5,79.0,84.1,31.6,78.1,92.93,78.61,1.24,2.99,2022,relMeanHI_p85_2d_walkforward,persistent_apparent_heat_anomaly
EL_2022_014,48141,El Paso,2022-10-22,2022-10-23,2,71.78,2022-10-23,83.0,61.5,72.3,76.1,33.8,65.8,84.92,71.62,5.97,10.02,2022,relMeanHI_p85_2d_walkforward,persistent_apparent_heat_anomaly
EL_2022_015,48141,El Paso,2022-11-08,2022-11-09,2,61.06,2022-11-08,82.5,44.0,63.2,62.2,14.7,60.2,82.94,62.98,0.82,1.35,2022,relMeanHI_p85_2d_walkforward,persistent_apparent_heat_anomaly
EL_2022_016,48141,El Paso,2022-12-02,2022-12-10,9,60.95,2022-12-05,74.5,49.5,62.0,90.6,40.6,50.0,78.98,56.72,10.92,43.81,2022,relMeanHI_p85_2d_walkforward,persistent_apparent_heat_anomaly
EL_2022_017,48141,El Paso,2022-12-30,2023-01-02,4,50.87,2023-01-01,67.5,38.6,53.0,86.6,34.7,47.2,67.46,51.79,3.66,9.89,2022,relMeanHI_p85_2d_walkforward,persistent_apparent_heat_anomaly
EL_2023_001,48141,El Paso,2023-01-09,2023-01-11,3,49.72,2023-01-10,71.1,34.5,52.8,65.1,17.8,47.4,71.06,52.34,2.31,5.85,2023,relMeanHI_p85_2d_walkforward,persistent_apparent_heat_anomaly
EL_2023_002,48141,El Paso,2023-01-15,2023-01-17,3,55.38,2023-01-15,69.0,47.5,58.2,46.8,22.2,47.8,68.99,53.93,7.55,11.34,2023,relMeanHI_p85_2d_walkforward,persistent_apparent_heat_anomaly
EL_2023_003,48141,El Paso,2023-02-05,2023-02-06,2,54.05,2023-02-06,78.0,36.5,57.2,50.9,7.9,51.1,77.99,55.51,2.99,3.06,2023,relMeanHI_p85_2d_walkforward,persistent_apparent_heat_anomaly
EL_2023_004,48141,El Paso,2023-03-09,2023-03-12,4,64.66,2023-03-12,77.0,56.0,66.5,56.9,19.2,60.8,83.48,64.88,4.26,9.89,2023,relMeanHI_p85_2d_walkforward,persistent_apparent_heat_anomaly
EL_2023_005,48141,El Paso,2023-03-21,2023-03-22,2,64.94,2023-03-22,82.5,51.0,66.7,57.6,20.0,62.3,82.49,65.75,2.64,3.1,2023,relMeanHI_p85_2d_walkforward,persistent_apparent_heat_anomaly
EL_2023_006,48141,El Paso,2023-04-18,2023-04-19,2,71.15,2023-04-18,85.5,61.0,73.2,29.4,9.3,69.5,86.54,73.0,1.65,2.72,2023,relMeanHI_p85_2d_walkforward,persistent_apparent_heat_anomaly
EL_2023_007,48141,El Paso,2023-05-26,2023-05-27,2,82.01,2023-05-27,95.5,71.4,83.5,51.9,16.1,79.5,96.53,82.62,2.55,3.15,2023,relMeanHI_p85_2d_walkforward,persistent_apparent_heat_anomaly
EL_2023_008,48141,El Paso,2023-07-06,2023-07-17,12,91.36,2023-07-12,103.0,75.6,89.3,67.5,22.7,85.7,106.52,89.93,5.69,45.43,2023,relMeanHI_p85_2d_walkforward,persistent_apparent_heat_anomaly
EL_2023_009,48141,El Paso,2023-07-21,2023-07-23,3,86.11,2023-07-23,98.1,75.5,86.8,58.9,19.0,85.5,104.0,87.66,0.62,1.26,2023,relMeanHI_p85_2d_walkforward,persistent_apparent_heat_anomaly
EL_2023_010,48141,El Paso,2023-08-04,2023-08-10,7,88.99,2023-08-06,109.0,73.9,91.4,44.6,9.9,85.2,108.95,88.51,3.76,14.87,2023,relMeanHI_p85_2d_walkforward,persistent_apparent_heat_anomaly
EL_2023_011,48141,El Paso,2023-09-07,2023-09-11,5,83.41,2023-09-07,103.0,68.5,85.8,47.6,10.1,81.1,103.46,84.7,2.35,9.16,2023,relMeanHI_p85_2d_walkforward,persistent_apparent_heat_anomaly
EL_2023_012,48141,El Paso,2023-09-22,2023-09-24,3,80.44,2023-09-22,96.0,65.0,80.5,63.8,19.7,78.0,97.52,79.91,2.46,5.48,2023,relMeanHI_p85_2d_walkforward,persistent_apparent_heat_anomaly
EL_2023_013,48141,El Paso,2023-09-28,2023-10-03,6,78.67,2023-09-30,94.5,64.0,79.2,57.6,19.0,75.3,97.07,78.59,3.54,15.27,2023,relMeanHI_p85_2d_walkforward,persistent_apparent_heat_anomaly
EL_2023_014,48141,El Paso,2023-10-11,2023-10-12,2,73.24,2023-10-12,86.5,61.5,74.0,64.9,24.7,70.4,89.51,73.54,2.83,3.48,2023,relMeanHI_p85_2d_walkforward,persistent_apparent_heat_anomaly
EL_2023_015,48141,El Paso,2023-10-18,2023-10-24,7,71.69,2023-10-18,90.0,56.5,73.2,49.7,11.8,67.7,89.96,70.69,4.61,18.22,2023,relMeanHI_p85_2d_walkforward,persistent_apparent_heat_anomaly
EL_2023_016,48141,El Paso,2023-11-05,2023-11-08,4,67.98,2023-11-08,85.5,54.5,70.0,41.9,13.4,60.2,87.08,67.2,7.73,17.43,2023,relMeanHI_p85_2d_walkforward,persistent_apparent_heat_anomaly
EL_2023_017,48141,El Paso,2023-11-16,2023-11-19,4,71.15,2023-11-18,84.5,59.0,71.7,76.9,31.5,55.6,84.47,64.81,15.53,29.64,2023,relMeanHI_p85_2d_walkforward,persistent_apparent_heat_anomaly
EL_2023_018,48141,El Paso,2023-12-07,2023-12-08,2,53.0,2023-12-08,73.0,39.5,56.3,47.8,12.5,50.3,74.48,55.13,2.65,3.01,2023,relMeanHI_p85_2d_walkforward,persistent_apparent_heat_anomaly
EL_2023_019,48141,El Paso,2023-12-13,2023-12-14,2,52.09,2023-12-14,68.0,41.0,54.5,77.1,26.6,48.4,68.54,52.99,3.67,3.95,2023,relMeanHI_p85_2d_walkforward,persistent_apparent_heat_anomaly
EL_2023_020,48141,El Paso,2023-12-22,2023-12-23,2,53.9,2023-12-23,64.9,46.0,55.5,89.4,44.9,47.4,70.52,55.26,6.53,12.34,2023,relMeanHI_p85_2d_walkforward,persistent_apparent_heat_anomaly
EL_2024_001,48141,El Paso,2024-01-23,2024-01-24,2,50.48,2024-01-23,59.5,45.5,52.5,80.7,47.5,48.5,59.54,51.62,1.97,2.21,2024,relMeanHI_p85_2d_walkforward,persistent_apparent_heat_anomaly
EL_2024_002,48141,El Paso,2024-01-30,2024-02-01,3,60.33,2024-01-31,72.9,51.4,62.2,68.4,25.9,49.3,76.01,58.4,11.04,20.48,2024,relMeanHI_p85_2d_walkforward,persistent_apparent_heat_anomaly
EL_2024_003,48141,El Paso,2024-02-20,2024-02-21,2,56.22,2024-02-21,82.9,36.0,59.5,40.3,5.2,55.7,82.94,59.38,0.55,0.82,2024,relMeanHI_p85_2d_walkforward,persistent_apparent_heat_anomaly
EL_2024_004,48141,El Paso,2024-02-25,2024-02-27,3,64.11,2024-02-26,83.0,49.0,66.0,63.4,12.8,55.9,83.03,64.74,8.18,20.51,2024,relMeanHI_p85_2d_walkforward,persistent_apparent_heat_anomaly
EL_2024_005,48141,El Paso,2024-04-14,2024-04-15,2,72.24,2024-04-15,88.5,60.0,74.3,30.6,5.8,69.0,88.52,73.15,3.25,4.57,2024,relMeanHI_p85_2d_walkforward,persistent_apparent_heat_anomaly
EL_2024_006,48141,El Paso,2024-04-23,2024-04-25,3,74.45,2024-04-25,89.1,63.5,76.3,29.2,6.7,71.5,91.94,75.26,3.0,6.75,2024,relMeanHI_p85_2d_walkforward,persistent_apparent_heat_anomaly
EL_2024_007,48141,El Paso,2024-05-19,2024-05-20,2,78.34,2024-05-20,97.5,62.5,80.0,24.7,5.0,78.1,97.52,79.77,0.29,0.49,2024,relMeanHI_p85_2d_walkforward,persistent_apparent_heat_anomaly
EL_2024_008,48141,El Paso,2024-06-06,2024-06-08,3,85.8,2024-06-07,106.1,73.0,89.6,29.2,7.9,82.4,106.52,88.2,3.35,6.54,2024,relMeanHI_p85_2d_walkforward,persistent_apparent_heat_anomaly
EL_2024_009,48141,El Paso,2024-06-12,2024-06-14,3,86.38,2024-06-14,106.1,72.9,89.5,37.8,10.9,83.4,108.05,89.0,2.96,7.3,2024,relMeanHI_p85_2d_walkforward,persistent_apparent_heat_anomaly
EL_2024_010,48141,El Paso,2024-06-24,2024-06-26,3,92.24,2024-06-26,106.0,77.5,91.8,54.4,19.6,85.4,105.98,89.92,6.88,10.37,2024,relMeanHI_p85_2d_walkforward,persistent_apparent_heat_anomaly
EL_2024_011,48141,El Paso,2024-06-28,2024-06-30,3,90.63,2024-06-29,105.4,77.0,91.2,51.2,17.7,85.5,105.44,89.0,5.13,11.85,2024,relMeanHI_p85_2d_walkforward,persistent_apparent_heat_anomaly
EL_2024_012,48141,El Paso,2024-07-04,2024-07-05,2,88.14,2024-07-05,101.5,73.0,87.3,68.2,20.9,85.9,101.48,87.51,2.29,3.29,2024,relMeanHI_p85_2d_walkforward,persistent_apparent_heat_anomaly
EL_2024_013,48141,El Paso,2024-07-28,2024-08-02,6,90.05,2024-07-30,102.5,76.5,89.5,59.6,21.3,85.3,102.47,87.08,4.76,14.03,2024,relMeanHI_p85_2d_walkforward,persistent_apparent_heat_anomaly
EL_2024_014,48141,El Paso,2024-08-15,2024-08-23,9,87.12,2024-08-18,101.5,74.0,87.8,57.3,19.0,84.3,103.01,86.66,2.79,13.19,2024,relMeanHI_p85_2d_walkforward,persistent_apparent_heat_anomaly
EL_2024_015,48141,El Paso,2024-09-16,2024-09-17,2,83.88,2024-09-17,96.0,70.0,83.0,72.6,27.3,78.7,95.99,81.88,5.18,7.55,2024,relMeanHI_p85_2d_walkforward,persistent_apparent_heat_anomaly
EL_2024_016,48141,El Paso,2024-09-20,2024-09-21,2,80.94,2024-09-20,96.5,69.0,82.8,43.7,13.9,78.3,96.53,82.15,2.59,4.99,2024,relMeanHI_p85_2d_walkforward,persistent_apparent_heat_anomaly
EL_2024_017,48141,El Paso,2024-10-11,2024-10-12,2,71.73,2024-10-11,92.5,54.5,73.5,42.6,7.9,70.9,92.48,73.36,0.91,1.71,2024,relMeanHI_p85_2d_walkforward,persistent_apparent_heat_anomaly
EL_2024_018,48141,El Paso,2024-10-20,2024-10-24,5,69.89,2024-10-24,92.5,51.0,71.7,46.6,8.0,65.7,92.48,70.06,4.17,11.24,2024,relMeanHI_p85_2d_walkforward,persistent_apparent_heat_anomaly
EL_2024_019,48141,El Paso,2024-10-26,2024-10-29,4,69.72,2024-10-28,91.5,51.5,71.5,47.7,10.2,64.1,91.49,70.76,5.72,18.76,2024,relMeanHI_p85_2d_walkforward,persistent_apparent_heat_anomaly
EL_2024_020,48141,El Paso,2024-11-24,2024-11-28,5,58.5,2024-11-27,75.5,46.5,61.0,54.1,19.2,52.4,77.0,58.14,6.14,12.55,2024,relMeanHI_p85_2d_walkforward,persistent_apparent_heat_anomaly
EL_2024_021,48141,El Paso,2024-12-03,2024-12-05,3,53.73,2024-12-04,70.1,40.5,55.3,97.5,40.3,50.8,70.07,54.06,2.97,4.54,2024,relMeanHI_p85_2d_walkforward,persistent_apparent_heat_anomaly
EL_2024_022,48141,El Paso,2024-12-28,2024-12-31,4,55.43,2024-12-30,74.9,42.4,58.7,40.9,9.2,47.4,74.93,53.79,8.03,11.33,2024,relMeanHI_p85_2d_walkforward,persistent_apparent_heat_anomaly
EL_2025_001,48141,El Paso,2025-02-02,2025-02-11,10,59.75,2025-02-08,82.2,44.0,63.1,25.4,1.5,52.1,82.22,59.97,7.69,52.14,2025,relMeanHI_p85_2d_walkforward,persistent_apparent_heat_anomaly
EL_2025_002,48141,El Paso,2025-02-14,2025-02-15,2,56.09,2025-02-14,75.0,42.0,58.5,65.8,20.2,54.2,75.02,58.37,1.92,3.29,2025,relMeanHI_p85_2d_walkforward,persistent_apparent_heat_anomaly
EL_2025_003,48141,El Paso,2025-03-26,2025-03-30,5,71.01,2025-03-27,84.6,60.3,72.4,53.4,15.9,63.7,86.72,69.33,7.34,16.67,2025,relMeanHI_p85_2d_walkforward,persistent_apparent_heat_anomaly
EL_2025_004,48141,El Paso,2025-04-10,2025-04-14,5,74.61,2025-04-13,92.1,61.3,76.7,21.0,3.2,68.5,94.88,74.33,6.18,19.88,2025,relMeanHI_p85_2d_walkforward,persistent_apparent_heat_anomaly
EL_2025_005,48141,El Paso,2025-04-16,2025-04-18,3,76.9,2025-04-17,92.4,64.0,78.2,37.7,11.1,69.4,92.78,74.56,7.47,11.05,2025,relMeanHI_p85_2d_walkforward,persistent_apparent_heat_anomaly
EL_2025_006,48141,El Paso,2025-06-13,2025-06-17,5,86.38,2025-06-14,105.6,74.8,90.2,29.2,7.6,83.5,107.6,89.2,2.9,9.31,2025,relMeanHI_p85_2d_walkforward,persistent_apparent_heat_anomaly
EL_2025_007,48141,El Paso,2025-06-19,2025-06-22,4,86.86,2025-06-21,101.1,78.0,89.5,39.0,15.2,84.8,102.62,88.62,2.1,6.74,2025,relMeanHI_p85_2d_walkforward,persistent_apparent_heat_anomaly
EL_2025_008,48141,El Paso,2025-07-05,2025-07-06,2,86.95,2025-07-06,101.7,73.6,87.6,57.3,18.7,85.9,102.02,87.35,1.07,1.46,2025,relMeanHI_p85_2d_walkforward,persistent_apparent_heat_anomaly
EL_2025_009,48141,El Paso,2025-07-11,2025-07-13,3,93.07,2025-07-11,106.2,79.0,92.6,55.2,16.5,85.8,106.22,88.65,7.24,11.78,2025,relMeanHI_p85_2d_walkforward,persistent_apparent_heat_anomaly
EL_2025_010,48141,El Paso,2025-07-16,2025-07-17,2,87.04,2025-07-17,96.7,75.6,86.2,65.7,26.5,85.6,98.72,85.86,1.39,1.98,2025,relMeanHI_p85_2d_walkforward,persistent_apparent_heat_anomaly
EL_2025_011,48141,El Paso,2025-08-09,2025-08-12,4,88.52,2025-08-10,101.4,76.8,89.1,56.6,17.7,85.2,103.82,86.83,3.37,4.64,2025,relMeanHI_p85_2d_walkforward,persistent_apparent_heat_anomaly
EL_2025_012,48141,El Paso,2025-08-17,2025-08-19,3,85.54,2025-08-17,94.3,73.4,83.9,75.7,29.7,84.5,94.34,82.93,1.01,1.96,2025,relMeanHI_p85_2d_walkforward,persistent_apparent_heat_anomaly
EL_2025_013,48141,El Paso,2025-08-28,2025-08-30,3,86.57,2025-08-29,98.2,74.5,86.4,63.7,22.5,83.0,98.42,84.47,3.56,5.84,2025,relMeanHI_p85_2d_walkforward,persistent_apparent_heat_anomaly
EL_2025_014,48141,El Paso,2025-09-09,2025-09-12,4,82.51,2025-09-09,96.1,68.8,82.4,68.3,22.1,80.7,96.08,81.56,2.08,5.22,2025,relMeanHI_p85_2d_walkforward,persistent_apparent_heat_anomaly
EL_2025_015,48141,El Paso,2025-09-21,2025-09-23,3,81.82,2025-09-22,92.2,68.4,80.3,82.7,30.6,78.1,93.02,79.64,3.68,6.64,2025,relMeanHI_p85_2d_walkforward,persistent_apparent_heat_anomaly
EL_2025_016,48141,El Paso,2025-10-01,2025-10-02,2,76.0,2025-10-02,91.8,61.4,76.6,65.4,20.9,75.1,91.82,76.5,0.94,1.56,2025,relMeanHI_p85_2d_walkforward,persistent_apparent_heat_anomaly
EL_2025_017,48141,El Paso,2025-10-04,2025-10-11,8,76.47,2025-10-11,88.2,64.9,76.6,75.7,32.2,71.1,90.44,75.5,5.42,18.27,2025,relMeanHI_p85_2d_walkforward,persistent_apparent_heat_anomaly
EL_2025_018,48141,El Paso,2025-10-13,2025-10-17,5,76.41,2025-10-15,86.7,65.8,76.3,82.4,36.7,69.2,86.72,72.65,7.22,16.73,2025,relMeanHI_p85_2d_walkforward,persistent_apparent_heat_anomaly
EL_2025_019,48141,El Paso,2025-10-23,2025-10-24,2,69.04,2025-10-23,84.4,57.1,70.7,48.0,17.5,66.3,84.38,70.13,2.73,5.08,2025,relMeanHI_p85_2d_walkforward,persistent_apparent_heat_anomaly
EL_2025_020,48141,El Paso,2025-11-13,2025-11-20,8,64.55,2025-11-16,79.2,52.8,66.0,70.8,26.7,57.0,82.76,61.72,7.53,25.35,2025,relMeanHI_p85_2d_walkforward,persistent_apparent_heat_anomaly
EL_2025_021,48141,El Paso,2025-11-28,2025-11-29,2,56.55,2025-11-29,71.7,45.6,58.6,77.0,23.0,52.0,72.68,57.83,4.55,7.33,2025,relMeanHI_p85_2d_walkforward,persistent_apparent_heat_anomaly
EL_2025_022,48141,El Paso,2025-12-12,2025-12-13,2,50.88,2025-12-12,73.9,33.7,53.8,68.3,15.0,49.4,73.94,53.21,1.5,1.88,2025,relMeanHI_p85_2d_walkforward,persistent_apparent_heat_anomaly
EL_2025_023,48141,El Paso,2025-12-16,2025-12-28,13,59.87,2025-12-20,77.1,47.9,62.5,48.6,12.6,47.5,77.06,57.44,12.37,93.44,2025,relMeanHI_p85_2d_walkforward,persistent_apparent_heat_anomaly
HARRIS_2015_001,48201,Harris (Houston),2015-03-18,2015-03-20,3,74.14,2015-03-20,81.7,66.0,73.8,84.4,51.8,71.9,81.68,72.96,2.2,4.03,2015,relMeanHI_p85_2d_walkforward,persistent_apparent_heat_anomaly
HARRIS_2015_002,48201,Harris (Houston),2015-04-02,2015-04-03,2,77.22,2015-04-03,81.7,71.0,76.3,94.1,56.7,74.5,83.36,76.28,2.71,4.9,2015,relMeanHI_p85_2d_walkforward,persistent_apparent_heat_anomaly
HARRIS_2015_003,48201,Harris (Houston),2015-04-06,2015-04-09,4,78.93,2015-04-09,86.0,70.7,78.4,79.1,50.4,74.9,86.36,77.12,4.03,10.98,2015,relMeanHI_p85_2d_walkforward,persistent_apparent_heat_anomaly
HARRIS_2015_004,48201,Harris (Houston),2015-04-23,2015-04-24,2,79.88,2015-04-23,88.0,70.0,79.0,84.7,54.3,77.9,87.98,78.74,1.99,3.4,2015,relMeanHI_p85_2d_walkforward,persistent_apparent_heat_anomaly
HARRIS_2015_005,48201,Harris (Houston),2015-05-08,2015-05-10,3,86.25,2015-05-09,87.4,76.3,81.8,83.8,57.5,81.8,87.38,81.61,4.47,11.88,2015,relMeanHI_p85_2d_walkforward,persistent_apparent_heat_anomaly
HARRIS_2015_006,48201,Harris (Houston),2015-07-18,2015-07-20,3,100.87,2015-07-18,96.3,79.0,87.7,99.4,46.1,96.2,96.98,86.73,4.67,7.08,2015,relMeanHI_p85_2d_walkforward,persistent_apparent_heat_anomaly
HARRIS_2015_007,48201,Harris (Houston),2015-07-22,2015-07-24,3,99.6,2015-07-22,96.7,78.1,87.4,98.6,45.0,96.0,98.06,87.15,3.61,8.49,2015,relMeanHI_p85_2d_walkforward,persistent_apparent_heat_anomaly
HARRIS_2015_008,48201,Harris (Houston),2015-07-26,2015-07-28,3,101.88,2015-07-27,97.0,79.3,88.2,99.1,44.9,96.5,99.38,87.97,5.39,10.54,2015,relMeanHI_p85_2d_walkforward,persistent_apparent_heat_anomaly
HARRIS_2015_009,48201,Harris (Houston),2015-07-30,2015-07-31,2,100.89,2015-07-31,98.7,78.0,88.3,99.3,39.8,97.0,100.64,89.16,3.85,5.91,2015,relMeanHI_p85_2d_walkforward,persistent_apparent_heat_anomaly
HARRIS_2015_010,48201,Harris (Houston),2015-08-05,2015-08-14,10,102.82,2015-08-05,99.0,79.0,89.0,96.3,42.8,97.6,105.02,88.66,5.18,28.95,2015,relMeanHI_p85_2d_walkforward,persistent_apparent_heat_anomaly
HARRIS_2015_011,48201,Harris (Houston),2015-08-23,2015-08-24,2,98.3,2015-08-24,97.3,77.7,87.5,94.7,43.1,96.6,97.34,87.0,1.67,2.38,2015,relMeanHI_p85_2d_walkforward,persistent_apparent_heat_anomaly
HARRIS_2015_012,48201,Harris (Houston),2015-09-06,2015-09-07,2,93.4,2015-09-06,95.0,74.7,84.8,98.1,47.7,93.1,95.0,84.65,0.27,0.54,2015,relMeanHI_p85_2d_walkforward,persistent_apparent_heat_anomaly
HARRIS_2015_013,48201,Harris (Houston),2015-10-12,2015-10-13,2,83.43,2015-10-12,91.6,69.3,80.5,90.7,44.9,79.8,94.64,79.56,3.66,3.8,2015,relMeanHI_p85_2d_walkforward,persistent_apparent_heat_anomaly
HARRIS_2015_014,48201,Harris (Houston),2015-10-21,2015-10-23,3,83.83,2015-10-23,84.3,76.3,80.3,83.6,62.8,77.7,84.98,78.86,6.16,8.32,2015,relMeanHI_p85_2d_walkforward,persistent_apparent_heat_anomaly
HARRIS_2015_015,48201,Harris (Houston),2015-11-05,2015-11-06,2,77.34,2015-11-05,85.0,68.4,76.7,87.6,53.1,74.0,84.98,76.31,3.42,6.79,2015,relMeanHI_p85_2d_walkforward,persistent_apparent_heat_anomaly
HARRIS_2015_016,48201,Harris (Houston),2015-11-26,2015-11-27,2,72.91,2015-11-26,78.0,67.0,72.5,84.7,62.3,69.5,78.02,71.85,3.42,6.18,2015,relMeanHI_p85_2d_walkforward,persistent_apparent_heat_anomaly
HARRIS_2015_017,48201,Harris (Houston),2015-12-11,2015-12-12,2,76.21,2015-12-11,82.0,70.4,76.2,69.8,45.0,66.3,81.98,75.6,9.94,19.42,2015,relMeanHI_p85_2d_walkforward,persistent_apparent_heat_anomaly
HARRIS_2015_018,48201,Harris (Houston),2015-12-21,2015-12-26,6,78.93,2015-12-25,83.6,73.3,78.5,73.5,50.6,63.5,83.6,71.1,15.45,44.72,2015,relMeanHI_p85_2d_walkforward,persistent_apparent_heat_anomaly
HARRIS_2016_001,48201,Harris (Houston),2016-01-31,2016-02-01,2,71.45,2016-02-01,77.7,64.3,71.0,100.0,55.2,62.7,79.04,70.68,8.74,17.26,2016,relMeanHI_p85_2d_walkforward,persistent_apparent_heat_anomaly
HARRIS_2016_002,48201,Harris (Houston),2016-02-19,2016-02-21,3,72.31,2016-02-20,79.3,63.0,71.2,100.0,84.8,67.1,81.02,70.6,5.23,12.69,2016,relMeanHI_p85_2d_walkforward,persistent_apparent_heat_anomaly
HARRIS_2016_003,48201,Harris (Houston),2016-03-14,2016-03-18,5,75.92,2016-03-15,85.3,66.0,75.7,80.9,45.6,71.0,88.04,73.48,4.9,12.72,2016,relMeanHI_p85_2d_walkforward,persistent_apparent_heat_anomaly
HARRIS_2016_004,48201,Harris (Houston),2016-06-13,2016-06-18,6,99.98,2016-06-15,95.4,78.7,87.0,99.2,50.0,93.9,96.32,86.21,6.09,20.48,2016,relMeanHI_p85_2d_walkforward,persistent_apparent_heat_anomaly
HARRIS_2016_005,48201,Harris (Houston),2016-07-02,2016-07-15,14,107.37,2016-07-05,95.7,82.3,89.0,97.6,55.8,95.9,98.36,87.89,11.46,76.78,2016,relMeanHI_p85_2d_walkforward,persistent_apparent_heat_anomaly
HARRIS_2016_006,48201,Harris (Houston),2016-07-17,2016-07-18,2,98.05,2016-07-18,96.0,76.9,86.5,97.3,50.2,96.3,96.02,86.16,1.72,2.19,2016,relMeanHI_p85_2d_walkforward,persistent_apparent_heat_anomaly
HARRIS_2016_007,48201,Harris (Houston),2016-07-20,2016-07-25,6,102.03,2016-07-24,98.7,77.7,88.2,98.9,45.9,96.1,99.02,87.28,5.98,18.78,2016,relMeanHI_p85_2d_walkforward,persistent_apparent_heat_anomaly
HARRIS_2016_008,48201,Harris (Houston),2016-08-02,2016-08-12,11,106.02,2016-08-11,100.0,80.4,90.2,94.0,44.8,98.1,100.28,88.24,7.92,40.0,2016,relMeanHI_p85_2d_walkforward,persistent_apparent_heat_anomaly
HARRIS_2016_009,48201,Harris (Houston),2016-08-31,2016-09-02,3,96.44,2016-08-31,95.4,77.3,86.3,92.7,49.7,95.2,96.38,86.17,1.28,1.98,2016,relMeanHI_p85_2d_walkforward,persistent_apparent_heat_anomaly
HARRIS_2016_010,48201,Harris (Houston),2016-09-07,2016-09-08,2,94.66,2016-09-08,94.0,76.3,85.2,96.7,51.2,92.8,93.98,84.74,1.87,2.35,2016,relMeanHI_p85_2d_walkforward,persistent_apparent_heat_anomaly
HARRIS_2016_011,48201,Harris (Houston),2016-09-13,2016-09-22,10,99.99,2016-09-19,97.0,76.6,86.8,99.7,51.4,90.4,97.04,84.81,9.6,33.73,2016,relMeanHI_p85_2d_walkforward,persistent_apparent_heat_anomaly
HARRIS_2016_012,48201,Harris (Houston),2016-10-05,2016-10-07,3,86.66,2016-10-05,91.3,72.7,82.0,92.3,49.5,83.5,91.34,81.12,3.18,6.41,2016,relMeanHI_p85_2d_walkforward,persistent_apparent_heat_anomaly
HARRIS_2016_013,48201,Harris (Houston),2016-10-12,2016-10-19,8,87.47,2016-10-18,93.0,71.4,82.2,97.9,47.8,78.5,93.02,80.26,9.0,35.1,2016,relMeanHI_p85_2d_walkforward,persistent_apparent_heat_anomaly
HARRIS_2016_014,48201,Harris (Houston),2016-11-01,2016-11-05,5,80.46,2016-11-03,87.7,71.0,79.3,93.5,54.7,74.5,87.68,77.1,5.95,16.52,2016,relMeanHI_p85_2d_walkforward,persistent_apparent_heat_anomaly
HARRIS_2016_015,48201,Harris (Houston),2016-11-28,2016-11-29,2,70.08,2016-11-28,82.3,57.4,69.9,99.8,50.5,68.9,83.0,69.86,1.34,2.54,2016,relMeanHI_p85_2d_walkforward,persistent_apparent_heat_anomaly
HARRIS_2016_016,48201,Harris (Houston),2016-12-12,2016-12-13,2,69.18,2016-12-13,76.0,62.1,69.1,94.4,55.6,65.8,76.04,68.21,3.35,4.78,2016,relMeanHI_p85_2d_walkforward,persistent_apparent_heat_anomaly
HARRIS_2016_017,48201,Harris (Houston),2016-12-22,2016-12-28,7,77.66,2016-12-26,83.4,71.1,77.2,78.2,50.6,63.9,83.36,73.41,13.78,66.91,2016,relMeanHI_p85_2d_walkforward,persistent_apparent_heat_anomaly
HARRIS_2017_001,48201,Harris (Houston),2017-01-01,2017-01-02,2,69.22,2017-01-01,75.7,63.0,69.3,82.1,56.8,61.8,75.68,66.57,7.39,8.85,2017,relMeanHI_p85_2d_walkforward,persistent_apparent_heat_anomaly
HARRIS_2017_002,48201,Harris (Houston),2017-01-10,2017-01-18,9,74.52,2017-01-16,80.7,67.6,74.2,82.1,55.0,62.3,81.02,70.06,12.25,73.95,2017,relMeanHI_p85_2d_walkforward,persistent_apparent_heat_anomaly
HARRIS_2017_003,48201,Harris (Houston),2017-01-20,2017-01-21,2,70.35,2017-01-21,78.7,61.7,70.2,97.8,48.6,62.5,78.68,68.53,7.89,12.0,2017,relMeanHI_p85_2d_walkforward,persistent_apparent_heat_anomaly
HARRIS_2017_004,48201,Harris (Houston),2017-01-24,2017-01-25,2,64.88,2017-01-25,75.6,55.0,65.3,100.0,42.5,63.0,80.0,65.08,1.85,2.73,2017,relMeanHI_p85_2d_walkforward,persistent_apparent_heat_anomaly
HARRIS_2017_005,48201,Harris (Houston),2017-02-01,2017-02-02,2,67.69,2017-02-01,81.3,55.0,68.1,87.3,41.3,62.8,81.32,65.82,4.89,5.15,2017,relMeanHI_p85_2d_walkforward,persistent_apparent_heat_anomaly
HARRIS_2017_006,48201,Harris (Houston),2017-02-05,2017-02-08,4,74.84,2017-02-07,85.6,64.3,75.0,74.1,38.9,64.0,87.38,73.75,11.29,39.63,2017,relMeanHI_p85_2d_walkforward,persistent_apparent_heat_anomaly
HARRIS_2017_007,48201,Harris (Houston),2017-02-11,2017-02-13,3,77.75,2017-02-11,84.6,70.7,77.7,67.1,44.6,64.4,85.64,75.11,13.32,30.83,2017,relMeanHI_p85_2d_walkforward,persistent_apparent_heat_anomaly
HARRIS_2017_008,48201,Harris (Houston),2017-02-18,2017-02-19,2,74.52,2017-02-19,80.4,68.4,74.4,76.5,52.2,66.9,83.3,71.68,7.65,9.26,2017,relMeanHI_p85_2d_walkforward,persistent_apparent_heat_anomaly
HARRIS_2017_009,48201,Harris (Houston),2017-02-27,2017-03-01,3,77.47,2017-02-28,82.3,72.0,77.2,70.0,52.4,67.8,83.96,74.49,9.63,19.92,2017,relMeanHI_p85_2d_walkforward,persistent_apparent_heat_anomaly
HARRIS_2017_010,48201,Harris (Houston),2017-03-06,2017-03-07,2,73.78,2017-03-06,78.4,68.7,73.6,75.1,60.2,69.2,81.32,72.44,4.57,6.77,2017,relMeanHI_p85_2d_walkforward,persistent_apparent_heat_anomaly
HARRIS_2017_011,48201,Harris (Houston),2017-03-09,2017-03-10,2,72.08,2017-03-10,77.7,66.0,71.9,81.3,60.1,70.1,78.38,71.76,1.99,3.95,2017,relMeanHI_p85_2d_walkforward,persistent_apparent_heat_anomaly
HARRIS_2017_012,48201,Harris (Houston),2017-03-19,2017-03-21,3,75.37,2017-03-20,85.0,65.7,75.3,80.8,39.2,72.1,84.98,73.64,3.23,4.37,2017,relMeanHI_p85_2d_walkforward,persistent_apparent_heat_anomaly
HARRIS_2017_013,48201,Harris (Houston),2017-03-23,2017-03-24,2,73.73,2017-03-24,80.7,66.6,73.6,75.7,53.2,72.6,85.34,73.74,1.13,2.11,2017,relMeanHI_p85_2d_walkforward,persistent_apparent_heat_anomaly
HARRIS_2017_014,48201,Harris (Houston),2017-03-26,2017-03-28,3,78.26,2017-03-27,86.1,69.7,77.9,74.0,48.3,73.0,86.06,76.01,5.27,9.48,2017,relMeanHI_p85_2d_walkforward,persistent_apparent_heat_anomaly
HARRIS_2017_015,48201,Harris (Houston),2017-04-20,2017-04-21,2,77.85,2017-04-21,86.4,68.0,77.2,85.6,52.8,77.3,86.36,77.09,0.55,1.02,2017,relMeanHI_p85_2d_walkforward,persistent_apparent_heat_anomaly
HARRIS_2017_016,48201,Harris (Houston),2017-05-18,2017-05-20,3,89.86,2017-05-19,89.0,78.1,83.5,86.4,56.0,85.3,89.66,83.28,4.55,12.02,2017,relMeanHI_p85_2d_walkforward,persistent_apparent_heat_anomaly
HARRIS_2017_017,48201,Harris (Houston),2017-06-14,2017-06-15,2,96.64,2017-06-15,95.0,77.0,86.0,98.1,48.9,94.0,95.0,85.42,2.66,3.02,2017,relMeanHI_p85_2d_walkforward,persistent_apparent_heat_anomaly
HARRIS_2017_018,48201,Harris (Houston),2017-06-17,2017-06-20,4,96.98,2017-06-18,94.6,78.1,86.4,94.6,49.8,94.0,96.08,86.1,2.96,8.84,2017,relMeanHI_p85_2d_walkforward,persistent_apparent_heat_anomaly
HARRIS_2017_019,48201,Harris (Houston),2017-07-03,2017-07-04,2,100.67,2017-07-04,95.7,79.0,87.4,98.8,49.4,96.1,95.72,86.94,4.58,5.95,2017,relMeanHI_p85_2d_walkforward,persistent_apparent_heat_anomaly
HARRIS_2017_020,48201,Harris (Houston),2017-07-20,2017-07-21,2,99.78,2017-07-20,97.3,77.7,87.5,98.2,45.2,96.4,97.34,87.08,3.4,4.39,2017,relMeanHI_p85_2d_walkforward,persistent_apparent_heat_anomaly
HARRIS_2017_021,48201,Harris (Houston),2017-07-23,2017-07-30,8,101.29,2017-07-30,96.4,79.3,87.9,100.0,45.2,97.4,100.7,87.72,3.85,16.64,2017,relMeanHI_p85_2d_walkforward,persistent_apparent_heat_anomaly
HARRIS_2017_022,48201,Harris (Houston),2017-08-10,2017-08-21,12,104.85,2017-08-12,97.6,79.6,88.6,99.7,49.5,98.3,98.72,88.12,6.79,46.62,2017,relMeanHI_p85_2d_walkforward,persistent_apparent_heat_anomaly
HARRIS_2017_023,48201,Harris (Houston),2017-09-19,2017-09-20,2,95.56,2017-09-20,93.3,77.7,85.5,93.8,54.3,90.8,93.32,84.58,4.73,4.74,2017,relMeanHI_p85_2d_walkforward,persistent_apparent_heat_anomaly
HARRIS_2017_024,48201,Harris (Houston),2017-09-27,2017-09-29,3,92.56,2017-09-27,92.0,75.7,83.8,99.3,55.2,87.7,92.36,83.56,5.22,12.26,2017,relMeanHI_p85_2d_walkforward,persistent_apparent_heat_anomaly
HARRIS_2017_025,48201,Harris (Houston),2017-10-02,2017-10-04,3,86.56,2017-10-03,85.7,77.0,81.4,92.8,60.8,84.5,90.02,81.25,2.22,4.4,2017,relMeanHI_p85_2d_walkforward,persistent_apparent_heat_anomaly
HARRIS_2017_026,48201,Harris (Houston),2017-10-07,2017-10-09,3,90.21,2017-10-09,94.3,72.0,83.2,98.8,51.7,81.0,94.28,81.88,9.22,15.2,2017,relMeanHI_p85_2d_walkforward,persistent_apparent_heat_anomaly
HARRIS_2017_027,48201,Harris (Houston),2017-10-13,2017-10-15,3,86.84,2017-10-13,92.7,71.0,81.8,98.2,48.5,79.7,92.66,81.06,7.16,18.37,2017,relMeanHI_p85_2d_walkforward,persistent_apparent_heat_anomaly
HARRIS_2017_028,48201,Harris (Houston),2017-11-02,2017-11-07,6,85.27,2017-11-03,87.7,74.0,80.8,93.9,57.1,74.7,88.7,79.76,10.52,47.07,2017,relMeanHI_p85_2d_walkforward,persistent_apparent_heat_anomaly
HARRIS_2017_029,48201,Harris (Houston),2017-11-15,2017-11-17,3,76.92,2017-11-17,85.3,67.3,76.3,89.4,51.4,71.3,85.28,74.42,5.62,9.83,2017,relMeanHI_p85_2d_walkforward,persistent_apparent_heat_anomaly
HARRIS_2017_030,48201,Harris (Houston),2017-12-19,2017-12-20,2,73.12,2017-12-19,79.6,66.0,72.8,87.6,53.1,65.1,79.64,69.42,7.98,8.56,2017,relMeanHI_p85_2d_walkforward,persistent_apparent_heat_anomaly
HARRIS_2018_001,48201,Harris (Houston),2018-02-15,2018-02-20,6,75.16,2018-02-20,79.0,70.7,74.9,75.1,57.1,67.3,81.32,72.4,7.88,32.73,2018,relMeanHI_p85_2d_walkforward,persistent_apparent_heat_anomaly
HARRIS_2018_002,48201,Harris (Houston),2018-02-23,2018-02-24,2,77.64,2018-02-24,81.0,72.3,76.7,99.2,54.2,67.9,81.02,72.77,9.79,10.87,2018,relMeanHI_p85_2d_walkforward,persistent_apparent_heat_anomaly
HARRIS_2018_003,48201,Harris (Houston),2018-02-27,2018-03-01,3,77.11,2018-02-28,83.0,70.6,76.8,73.7,50.1,68.1,83.0,72.73,9.0,14.05,2018,relMeanHI_p85_2d_walkforward,persistent_apparent_heat_anomaly
HARRIS_2018_004,48201,Harris (Houston),2018-03-04,2018-03-05,2,73.85,2018-03-05,81.0,65.3,73.2,100.0,56.5,69.2,81.02,71.82,4.63,5.83,2018,relMeanHI_p85_2d_walkforward,persistent_apparent_heat_anomaly
HARRIS_2018_005,48201,Harris (Houston),2018-03-16,2018-03-19,4,76.35,2018-03-18,84.0,68.0,76.0,78.4,52.3,71.8,84.62,75.3,4.57,14.95,2018,relMeanHI_p85_2d_walkforward,persistent_apparent_heat_anomaly
HARRIS_2018_006,48201,Harris (Houston),2018-03-24,2018-03-27,4,77.04,2018-03-27,81.6,71.7,76.6,74.2,55.2,73.3,84.32,75.43,3.73,10.74,2018,relMeanHI_p85_2d_walkforward,persistent_apparent_heat_anomaly
HARRIS_2018_007,48201,Harris (Houston),2018-04-02,2018-04-03,2,76.66,2018-04-02,84.3,68.4,76.3,75.5,51.7,74.6,84.32,75.23,2.08,2.26,2018,relMeanHI_p85_2d_walkforward,persistent_apparent_heat_anomaly
HARRIS_2018_008,48201,Harris (Houston),2018-05-02,2018-05-03,2,83.44,2018-05-02,87.0,73.6,80.3,85.7,53.6,80.1,87.02,80.26,3.31,5.68,2018,relMeanHI_p85_2d_walkforward,persistent_apparent_heat_anomaly
HARRIS_2018_009,48201,Harris (Houston),2018-05-17,2018-05-19,3,87.37,2018-05-19,91.3,74.7,83.0,85.7,46.4,85.4,95.0,82.89,1.93,3.04,2018,relMeanHI_p85_2d_walkforward,persistent_apparent_heat_anomaly
HARRIS_2018_010,48201,Harris (Houston),2018-05-31,2018-06-03,4,94.72,2018-06-02,95.4,76.0,85.7,98.3,43.4,90.5,96.02,84.95,4.2,8.27,2018,relMeanHI_p85_2d_walkforward,persistent_apparent_heat_anomaly
HARRIS_2018_011,48201,Harris (Houston),2018-06-05,2018-06-06,2,94.67,2018-06-06,95.7,76.6,86.2,93.8,42.3,91.6,96.68,86.16,3.12,5.51,2018,relMeanHI_p85_2d_walkforward,persistent_apparent_heat_anomaly
HARRIS_2018_012,48201,Harris (Houston),2018-06-11,2018-06-12,2,97.2,2018-06-12,95.7,78.4,87.0,95.0,43.2,93.6,95.66,86.76,3.61,4.29,2018,relMeanHI_p85_2d_walkforward,persistent_apparent_heat_anomaly
HARRIS_2018_013,48201,Harris (Houston),2018-08-19,2018-08-22,4,99.94,2018-08-22,99.3,78.7,89.0,90.5,39.1,97.1,99.32,88.5,2.84,8.81,2018,relMeanHI_p85_2d_walkforward,persistent_apparent_heat_anomaly
HARRIS_2018_014,48201,Harris (Houston),2018-09-17,2018-09-19,3,95.97,2018-09-18,95.7,76.3,86.0,97.1,46.6,90.8,95.72,85.39,5.12,9.55,2018,relMeanHI_p85_2d_walkforward,persistent_apparent_heat_anomaly
HARRIS_2018_015,48201,Harris (Houston),2018-10-03,2018-10-09,7,88.51,2018-10-07,90.7,75.0,82.8,91.1,52.5,83.5,91.7,81.94,5.05,22.11,2018,relMeanHI_p85_2d_walkforward,persistent_apparent_heat_anomaly
HARRIS_2018_016,48201,Harris (Houston),2018-10-13,2018-10-14,2,90.26,2018-10-14,91.3,74.3,82.8,98.6,57.4,79.4,91.34,81.5,10.84,14.37,2018,relMeanHI_p85_2d_walkforward,persistent_apparent_heat_anomaly
HARRIS_2018_017,48201,Harris (Houston),2018-11-05,2018-11-07,3,83.62,2018-11-06,88.0,73.0,80.5,85.3,53.0,74.1,88.34,77.99,9.48,16.49,2018,relMeanHI_p85_2d_walkforward,persistent_apparent_heat_anomaly
HARRIS_2018_018,48201,Harris (Houston),2018-11-29,2018-11-30,2,74.5,2018-11-30,80.7,67.7,74.2,81.7,54.4,68.3,80.66,72.32,6.17,8.11,2018,relMeanHI_p85_2d_walkforward,persistent_apparent_heat_anomaly
HARRIS_2018_019,48201,Harris (Houston),2018-12-25,2018-12-26,2,66.01,2018-12-26,71.0,61.0,66.0,97.9,59.2,64.5,71.0,65.44,1.5,1.65,2018,relMeanHI_p85_2d_walkforward,persistent_apparent_heat_anomaly
HARRIS_2019_001,48201,Harris (Houston),2019-01-07,2019-01-08,2,66.89,2019-01-07,74.4,59.7,67.0,94.7,53.4,61.4,77.66,66.59,5.47,10.06,2019,relMeanHI_p85_2d_walkforward,persistent_apparent_heat_anomaly
HARRIS_2019_002,48201,Harris (Houston),2019-02-03,2019-02-06,4,75.65,2019-02-06,80.7,70.4,75.6,68.9,51.5,64.0,80.72,71.02,11.63,29.03,2019,relMeanHI_p85_2d_walkforward,persistent_apparent_heat_anomaly
HARRIS_2019_003,48201,Harris (Houston),2019-03-08,2019-03-11,4,75.83,2019-03-09,82.3,68.7,75.5,76.5,53.3,69.9,82.7,74.4,5.97,17.43,2019,relMeanHI_p85_2d_walkforward,persistent_apparent_heat_anomaly
HARRIS_2019_004,48201,Harris (Houston),2019-04-05,2019-04-06,2,76.83,2019-04-06,83.3,69.4,76.3,78.6,55.5,74.8,83.3,75.6,2.04,2.76,2019,relMeanHI_p85_2d_walkforward,persistent_apparent_heat_anomaly
HARRIS_2019_005,48201,Harris (Houston),2019-04-30,2019-05-01,2,83.34,2019-04-30,86.4,75.6,81.0,71.3,52.7,79.5,86.36,80.48,3.89,5.32,2019,relMeanHI_p85_2d_walkforward,persistent_apparent_heat_anomaly
HARRIS_2019_006,48201,Harris (Houston),2019-05-18,2019-05-23,6,93.95,2019-05-19,91.7,78.0,84.9,91.6,56.5,85.4,91.7,83.32,8.52,22.24,2019,relMeanHI_p85_2d_walkforward,persistent_apparent_heat_anomaly
HARRIS_2019_007,48201,Harris (Houston),2019-06-02,2019-06-03,2,91.84,2019-06-02,94.7,73.9,84.3,98.7,45.1,90.7,94.7,84.16,1.15,1.58,2019,relMeanHI_p85_2d_walkforward,persistent_apparent_heat_anomaly
HARRIS_2019_008,48201,Harris (Houston),2019-06-19,2019-06-23,5,104.02,2019-06-23,93.0,82.3,87.6,100.0,56.9,94.7,94.34,86.76,9.27,25.41,2019,relMeanHI_p85_2d_walkforward,persistent_apparent_heat_anomaly
HARRIS_2019_009,48201,Harris (Houston),2019-07-08,2019-07-10,3,99.51,2019-07-09,96.1,79.0,87.6,95.5,46.2,96.6,96.68,87.01,2.91,4.41,2019,relMeanHI_p85_2d_walkforward,persistent_apparent_heat_anomaly
HARRIS_2019_010,48201,Harris (Houston),2019-07-16,2019-07-17,2,100.53,2019-07-16,94.6,80.4,87.5,95.6,50.5,96.7,94.64,87.08,3.85,4.65,2019,relMeanHI_p85_2d_walkforward,persistent_apparent_heat_anomaly
HARRIS_2019_011,48201,Harris (Houston),2019-08-07,2019-08-17,11,103.92,2019-08-13,101.0,79.7,90.4,91.4,39.5,98.5,101.0,88.75,5.45,29.38,2019,relMeanHI_p85_2d_walkforward,persistent_apparent_heat_anomaly
HARRIS_2019_012,48201,Harris (Houston),2019-08-26,2019-08-27,2,102.43,2019-08-27,97.0,79.0,88.0,99.2,48.1,95.8,97.04,87.62,6.61,10.15,2019,relMeanHI_p85_2d_walkforward,persistent_apparent_heat_anomaly
HARRIS_2019_013,48201,Harris (Houston),2019-09-28,2019-10-06,9,95.2,2019-09-30,92.7,77.0,84.8,99.5,55.2,86.9,93.32,83.14,8.32,35.93,2019,relMeanHI_p85_2d_walkforward,persistent_apparent_heat_anomaly
HARRIS_2019_014,48201,Harris (Houston),2019-10-14,2019-10-15,2,90.55,2019-10-15,91.9,75.6,83.8,94.6,48.8,79.3,91.94,81.48,11.23,11.48,2019,relMeanHI_p85_2d_walkforward,persistent_apparent_heat_anomaly
HARRIS_2019_015,48201,Harris (Houston),2019-11-29,2019-11-30,2,75.02,2019-11-30,80.7,67.6,74.2,100.0,59.8,68.3,80.66,73.34,6.73,11.08,2019,relMeanHI_p85_2d_walkforward,persistent_apparent_heat_anomaly
HARRIS_2020_001,48201,Harris (Houston),2020-01-09,2020-01-10,2,71.81,2020-01-10,75.0,67.3,71.2,100.0,63.6,61.7,75.02,69.26,10.12,15.6,2020,relMeanHI_p85_2d_walkforward,persistent_apparent_heat_anomaly
HARRIS_2020_002,48201,Harris (Houston),2020-01-14,2020-01-18,5,74.94,2020-01-15,81.0,68.4,74.7,78.0,54.5,62.4,80.96,69.42,12.57,34.41,2020,relMeanHI_p85_2d_walkforward,persistent_apparent_heat_anomaly
HARRIS_2020_003,48201,Harris (Houston),2020-02-03,2020-02-04,2,70.49,2020-02-04,79.3,61.0,70.2,100.0,53.6,64.1,79.34,67.9,6.43,7.79,2020,relMeanHI_p85_2d_walkforward,persistent_apparent_heat_anomaly
HARRIS_2020_004,48201,Harris (Houston),2020-02-09,2020-02-10,2,65.89,2020-02-10,78.0,53.7,65.9,100.0,58.7,64.7,78.02,65.75,1.17,1.55,2020,relMeanHI_p85_2d_walkforward,persistent_apparent_heat_anomaly
HARRIS_2020_005,48201,Harris (Houston),2020-02-17,2020-02-18,2,69.8,2020-02-17,81.0,59.0,70.0,82.9,48.4,67.2,81.02,69.76,2.58,5.08,2020,relMeanHI_p85_2d_walkforward,persistent_apparent_heat_anomaly
HARRIS_2020_006,48201,Harris (Houston),2020-03-02,2020-03-03,2,74.97,2020-03-03,82.0,67.7,74.9,72.7,51.2,69.2,82.04,73.61,5.78,9.11,2020,relMeanHI_p85_2d_walkforward,persistent_apparent_heat_anomaly
HARRIS_2020_007,48201,Harris (Houston),2020-03-10,2020-03-15,6,76.41,2020-03-13,82.6,70.0,76.3,68.1,48.3,71.6,84.02,74.6,5.0,20.44,2020,relMeanHI_p85_2d_walkforward,persistent_apparent_heat_anomaly
HARRIS_2020_008,48201,Harris (Houston),2020-03-17,2020-03-19,3,79.32,2020-03-19,84.6,73.3,78.9,68.4,49.6,72.2,84.62,77.49,7.15,17.14,2020,relMeanHI_p85_2d_walkforward,persistent_apparent_heat_anomaly
HARRIS_2020_009,48201,Harris (Houston),2020-03-23,2020-03-27,5,80.18,2020-03-25,89.0,70.7,79.8,72.8,39.9,72.9,89.0,78.61,7.27,29.09,2020,relMeanHI_p85_2d_walkforward,persistent_apparent_heat_anomaly
HARRIS_2020_010,48201,Harris (Houston),2020-04-07,2020-04-09,3,80.71,2020-04-08,87.4,72.3,79.8,81.8,53.5,75.0,90.38,79.51,5.76,16.5,2020,relMeanHI_p85_2d_walkforward,persistent_apparent_heat_anomaly
HARRIS_2020_011,48201,Harris (Houston),2020-05-03,2020-05-05,3,86.56,2020-05-05,91.3,72.3,81.8,100.0,44.2,80.8,91.34,80.85,5.75,10.4,2020,relMeanHI_p85_2d_walkforward,persistent_apparent_heat_anomaly
HARRIS_2020_012,48201,Harris (Houston),2020-05-20,2020-05-21,2,87.49,2020-05-20,93.6,74.0,83.8,80.9,41.3,86.1,93.62,83.4,1.42,1.85,2020,relMeanHI_p85_2d_walkforward,persistent_apparent_heat_anomaly
HARRIS_2020_013,48201,Harris (Houston),2020-06-29,2020-07-02,4,100.3,2020-06-30,93.6,81.7,87.6,89.1,54.7,95.8,95.66,87.49,4.51,8.06,2020,relMeanHI_p85_2d_walkforward,persistent_apparent_heat_anomaly
HARRIS_2020_014,48201,Harris (Houston),2020-07-08,2020-07-11,4,101.18,2020-07-09,96.7,81.0,88.9,90.3,44.8,96.7,99.02,88.9,4.47,11.22,2020,relMeanHI_p85_2d_walkforward,persistent_apparent_heat_anomaly
HARRIS_2020_015,48201,Harris (Houston),2020-07-15,2020-07-16,2,98.52,2020-07-15,97.3,80.4,88.9,86.0,39.9,96.7,99.02,89.03,1.84,3.05,2020,relMeanHI_p85_2d_walkforward,persistent_apparent_heat_anomaly
HARRIS_2020_016,48201,Harris (Houston),2020-07-30,2020-07-31,2,99.89,2020-07-31,95.3,78.7,87.0,100.0,49.1,97.7,95.3,86.84,2.22,4.31,2020,relMeanHI_p85_2d_walkforward,persistent_apparent_heat_anomaly
HARRIS_2020_017,48201,Harris (Houston),2020-08-12,2020-08-13,2,103.06,2020-08-12,98.7,79.0,88.8,95.6,46.0,98.9,98.66,88.26,4.21,4.82,2020,relMeanHI_p85_2d_walkforward,persistent_apparent_heat_anomaly
HARRIS_2020_018,48201,Harris (Houston),2020-08-15,2020-08-16,2,105.41,2020-08-16,100.7,79.7,90.2,99.8,37.0,98.5,100.7,89.85,6.92,9.33,2020,relMeanHI_p85_2d_walkforward,persistent_apparent_heat_anomaly
HARRIS_2020_019,48201,Harris (Houston),2020-08-26,2020-09-06,12,103.75,2020-08-29,99.0,78.7,88.8,96.8,47.0,95.5,99.02,87.74,8.25,48.92,2020,relMeanHI_p85_2d_walkforward,persistent_apparent_heat_anomaly
HARRIS_2020_020,48201,Harris (Houston),2020-10-11,2020-10-12,2,85.86,2020-10-11,93.0,71.7,82.3,86.4,43.1,81.2,92.96,82.22,4.96,9.58,2020,relMeanHI_p85_2d_walkforward,persistent_apparent_heat_anomaly
HARRIS_2020_021,48201,Harris (Houston),2020-10-19,2020-10-22,4,84.97,2020-10-19,87.1,74.4,80.7,92.5,57.8,78.9,87.98,79.26,6.03,10.43,2020,relMeanHI_p85_2d_walkforward,persistent_apparent_heat_anomaly
HARRIS_2020_022,48201,Harris (Houston),2020-11-09,2020-11-11,3,78.02,2020-11-10,86.4,68.6,77.5,83.4,48.2,73.2,86.36,76.09,4.85,10.02,2020,relMeanHI_p85_2d_walkforward,persistent_apparent_heat_anomaly
HARRIS_2020_023,48201,Harris (Houston),2020-11-13,2020-11-14,2,77.78,2020-11-14,86.4,68.3,77.3,80.2,48.3,71.7,86.36,74.77,6.12,6.18,2020,relMeanHI_p85_2d_walkforward,persistent_apparent_heat_anomaly
HARRIS_2020_024,48201,Harris (Houston),2020-12-28,2020-12-30,3,67.81,2020-12-30,77.3,58.3,67.8,91.6,57.5,62.8,77.3,66.28,5.03,7.19,2020,relMeanHI_p85_2d_walkforward,persistent_apparent_heat_anomaly
HARRIS_2021_001,48201,Harris (Houston),2021-01-24,2021-01-26,3,70.56,2021-01-25,79.3,61.3,70.3,97.4,52.2,63.3,79.34,68.61,7.29,14.97,2021,relMeanHI_p85_2d_walkforward,persistent_apparent_heat_anomaly
HARRIS_2021_002,48201,Harris (Houston),2021-02-25,2021-02-28,4,76.97,2021-02-28,82.7,70.3,76.5,79.0,52.7,68.3,82.7,72.76,8.68,18.46,2021,relMeanHI_p85_2d_walkforward,persistent_apparent_heat_anomaly
HARRIS_2021_003,48201,Harris (Houston),2021-03-11,2021-03-13,3,75.34,2021-03-12,83.3,66.9,75.1,78.4,50.1,71.6,83.3,73.87,3.7,7.3,2021,relMeanHI_p85_2d_walkforward,persistent_apparent_heat_anomaly
HARRIS_2021_004,48201,Harris (Houston),2021-04-28,2021-04-29,2,83.56,2021-04-28,86.4,75.3,80.8,75.7,54.8,78.7,86.36,79.98,4.91,5.76,2021,relMeanHI_p85_2d_walkforward,persistent_apparent_heat_anomaly
HARRIS_2021_005,48201,Harris (Houston),2021-05-09,2021-05-10,2,88.16,2021-05-09,88.7,77.0,82.8,83.8,56.7,82.3,89.96,82.91,5.85,10.65,2021,relMeanHI_p85_2d_walkforward,persistent_apparent_heat_anomaly
HARRIS_2021_006,48201,Harris (Houston),2021-06-07,2021-06-14,8,102.53,2021-06-13,98.4,80.3,89.3,91.4,44.1,93.9,98.36,86.7,8.61,36.75,2021,relMeanHI_p85_2d_walkforward,persistent_apparent_heat_anomaly
HARRIS_2021_007,48201,Harris (Houston),2021-06-23,2021-06-26,4,98.12,2021-06-25,95.4,78.3,86.8,92.6,51.3,95.3,95.36,86.04,2.82,7.75,2021,relMeanHI_p85_2d_walkforward,persistent_apparent_heat_anomaly
HARRIS_2021_008,48201,Harris (Houston),2021-07-18,2021-07-19,2,97.73,2021-07-19,95.0,77.0,86.0,100.0,51.7,96.7,95.0,85.82,1.07,1.22,2021,relMeanHI_p85_2d_walkforward,persistent_apparent_heat_anomaly
HARRIS_2021_009,48201,Harris (Houston),2021-07-23,2021-07-24,2,96.86,2021-07-23,96.0,77.0,86.5,95.5,46.8,96.6,96.68,86.68,0.28,0.51,2021,relMeanHI_p85_2d_walkforward,persistent_apparent_heat_anomaly
HARRIS_2021_010,48201,Harris (Houston),2021-07-29,2021-08-01,4,102.86,2021-07-29,97.0,79.6,88.3,96.8,49.3,97.3,96.98,87.71,5.52,10.68,2021,relMeanHI_p85_2d_walkforward,persistent_apparent_heat_anomaly
HARRIS_2021_011,48201,Harris (Houston),2021-08-09,2021-08-12,4,102.9,2021-08-09,96.0,81.4,88.7,91.9,50.6,98.9,97.34,87.85,3.96,10.72,2021,relMeanHI_p85_2d_walkforward,persistent_apparent_heat_anomaly
HARRIS_2021_012,48201,Harris (Houston),2021-08-19,2021-08-21,3,99.89,2021-08-20,95.4,78.3,86.8,98.4,52.4,98.1,96.68,86.91,1.95,3.9,2021,relMeanHI_p85_2d_walkforward,persistent_apparent_heat_anomaly
HARRIS_2021_013,48201,Harris (Houston),2021-08-24,2021-08-26,3,98.68,2021-08-25,97.3,78.0,87.6,93.3,44.4,96.7,97.34,87.05,1.96,4.02,2021,relMeanHI_p85_2d_walkforward,persistent_apparent_heat_anomaly
HARRIS_2021_014,48201,Harris (Houston),2021-08-30,2021-09-01,3,101.7,2021-08-31,98.0,79.7,88.8,92.3,44.8,95.3,98.0,87.97,6.4,11.58,2021,relMeanHI_p85_2d_walkforward,persistent_apparent_heat_anomaly
HARRIS_2021_015,48201,Harris (Houston),2021-09-20,2021-09-21,2,96.35,2021-09-21,96.0,76.0,86.0,100.0,45.8,90.7,96.02,85.32,5.61,7.36,2021,relMeanHI_p85_2d_walkforward,persistent_apparent_heat_anomaly
HARRIS_2021_016,48201,Harris (Houston),2021-10-12,2021-10-15,4,88.5,2021-10-13,91.6,75.0,83.3,84.8,51.7,80.1,91.7,81.61,8.43,23.14,2021,relMeanHI_p85_2d_walkforward,persistent_apparent_heat_anomaly
HARRIS_2021_017,48201,Harris (Houston),2021-10-21,2021-10-26,6,86.3,2021-10-25,91.0,72.7,81.8,92.0,49.8,77.0,90.98,78.62,9.28,14.81,2021,relMeanHI_p85_2d_walkforward,persistent_apparent_heat_anomaly
HARRIS_2021_018,48201,Harris (Houston),2021-12-03,2021-12-06,4,72.48,2021-12-04,82.3,62.4,72.4,85.8,50.2,67.5,82.34,71.46,5.26,17.39,2021,relMeanHI_p85_2d_walkforward,persistent_apparent_heat_anomaly
HARRIS_2021_019,48201,Harris (Houston),2021-12-09,2021-12-10,2,83.61,2021-12-10,84.6,75.6,80.1,93.1,54.0,66.2,85.34,77.81,17.37,26.49,2021,relMeanHI_p85_2d_walkforward,persistent_apparent_heat_anomaly
HARRIS_2021_020,48201,Harris (Houston),2021-12-14,2021-12-17,4,77.86,2021-12-15,82.6,72.0,77.3,78.7,53.0,65.3,83.66,76.48,12.53,46.52,2021,relMeanHI_p85_2d_walkforward,persistent_apparent_heat_anomaly
HARRIS_2021_021,48201,Harris (Houston),2021-12-23,2022-01-01,10,77.63,2021-12-31,84.3,70.4,77.4,72.1,48.7,62.6,84.92,73.46,15.02,98.15,2021,relMeanHI_p85_2d_walkforward,persistent_apparent_heat_anomaly
HARRIS_2022_001,48201,Harris (Houston),2022-01-08,2022-01-09,2,66.09,2022-01-09,76.3,56.0,66.2,100.0,53.3,61.6,76.64,65.58,4.51,7.48,2022,relMeanHI_p85_2d_walkforward,persistent_apparent_heat_anomaly
HARRIS_2022_002,48201,Harris (Houston),2022-02-21,2022-02-22,2,72.69,2022-02-22,79.7,64.7,72.2,99.8,52.0,68.1,82.94,72.0,4.56,7.9,2022,relMeanHI_p85_2d_walkforward,persistent_apparent_heat_anomaly
HARRIS_2022_003,48201,Harris (Houston),2022-03-05,2022-03-06,2,77.04,2022-03-06,82.6,69.7,76.2,96.4,55.2,70.3,82.64,75.23,6.79,10.95,2022,relMeanHI_p85_2d_walkforward,persistent_apparent_heat_anomaly
HARRIS_2022_004,48201,Harris (Houston),2022-04-11,2022-04-13,3,78.37,2022-04-12,82.3,73.0,77.7,75.3,61.3,75.4,83.0,76.3,2.96,4.63,2022,relMeanHI_p85_2d_walkforward,persistent_apparent_heat_anomaly
HARRIS_2022_005,48201,Harris (Houston),2022-04-16,2022-04-17,2,80.06,2022-04-17,88.4,69.4,78.9,98.9,53.5,76.1,88.4,78.11,3.97,6.05,2022,relMeanHI_p85_2d_walkforward,persistent_apparent_heat_anomaly
HARRIS_2022_006,48201,Harris (Houston),2022-04-20,2022-04-24,5,79.97,2022-04-21,85.6,73.3,79.5,70.4,50.2,77.2,87.02,78.2,2.75,5.23,2022,relMeanHI_p85_2d_walkforward,persistent_apparent_heat_anomaly
HARRIS_2022_007,48201,Harris (Houston),2022-04-30,2022-05-04,5,84.4,2022-05-03,87.4,75.0,81.2,81.2,52.7,80.5,89.36,80.94,4.0,17.65,2022,relMeanHI_p85_2d_walkforward,persistent_apparent_heat_anomaly
HARRIS_2022_008,48201,Harris (Houston),2022-05-07,2022-05-10,4,89.11,2022-05-09,91.6,78.4,85.0,75.1,43.8,82.7,92.66,84.17,6.51,21.45,2022,relMeanHI_p85_2d_walkforward,persistent_apparent_heat_anomaly
HARRIS_2022_009,48201,Harris (Houston),2022-05-18,2022-05-21,4,98.95,2022-05-21,93.7,79.7,86.7,100.0,48.8,86.4,94.64,85.03,12.51,15.66,2022,relMeanHI_p85_2d_walkforward,persistent_apparent_heat_anomaly
HARRIS_2022_010,48201,Harris (Houston),2022-05-31,2022-06-01,2,92.09,2022-05-31,92.5,78.5,85.5,80.9,50.0,89.9,92.48,84.91,2.21,3.05,2022,relMeanHI_p85_2d_walkforward,persistent_apparent_heat_anomaly
HARRIS_2022_011,48201,Harris (Houston),2022-06-10,2022-06-13,4,95.27,2022-06-10,98.4,78.7,88.5,80.6,35.1,93.4,98.36,88.49,1.89,4.41,2022,relMeanHI_p85_2d_walkforward,persistent_apparent_heat_anomaly
HARRIS_2022_012,48201,Harris (Houston),2022-06-20,2022-06-21,2,96.47,2022-06-21,98.1,77.0,87.5,89.1,41.1,94.9,101.96,88.43,1.59,2.89,2022,relMeanHI_p85_2d_walkforward,persistent_apparent_heat_anomaly
HARRIS_2022_013,48201,Harris (Houston),2022-07-05,2022-07-06,2,99.3,2022-07-05,99.3,78.4,88.8,87.9,40.7,96.4,99.32,87.92,2.91,3.36,2022,relMeanHI_p85_2d_walkforward,persistent_apparent_heat_anomaly
HARRIS_2022_014,48201,Harris (Houston),2022-07-08,2022-07-14,7,105.74,2022-07-11,103.6,82.3,93.0,81.0,34.6,96.9,105.38,90.94,8.89,33.37,2022,relMeanHI_p85_2d_walkforward,persistent_apparent_heat_anomaly
HARRIS_2022_015,48201,Harris (Houston),2022-07-18,2022-07-21,4,103.25,2022-07-20,102.0,80.4,91.2,85.1,36.9,96.6,102.02,90.3,6.67,14.61,2022,relMeanHI_p85_2d_walkforward,persistent_apparent_heat_anomaly
HARRIS_2022_016,48201,Harris (Houston),2022-08-02,2022-08-03,2,101.84,2022-08-03,101.3,79.3,90.3,85.8,38.8,98.4,101.3,90.32,3.44,6.55,2022,relMeanHI_p85_2d_walkforward,persistent_apparent_heat_anomaly
HARRIS_2022_017,48201,Harris (Houston),2022-11-07,2022-11-10,4,78.19,2022-11-07,86.7,67.9,77.3,94.1,53.0,74.0,86.66,75.36,4.2,9.45,2022,relMeanHI_p85_2d_walkforward,persistent_apparent_heat_anomaly
HARRIS_2022_018,48201,Harris (Houston),2022-12-05,2022-12-13,9,76.26,2022-12-06,83.3,68.7,76.0,76.3,50.5,67.4,83.3,72.93,9.67,57.19,2022,relMeanHI_p85_2d_walkforward,persistent_apparent_heat_anomaly
HARRIS_2023_001,48201,Harris (Houston),2023-01-01,2023-01-03,3,74.64,2023-01-02,77.4,71.7,74.5,68.2,58.6,62.8,80.36,70.39,11.89,22.16,2023,relMeanHI_p85_2d_walkforward,persistent_apparent_heat_anomaly
HARRIS_2023_002,48201,Harris (Houston),2023-01-06,2023-01-07,2,69.96,2023-01-07,81.7,58.0,69.8,98.1,48.7,61.8,81.68,66.83,8.21,8.79,2023,relMeanHI_p85_2d_walkforward,persistent_apparent_heat_anomaly
HARRIS_2023_003,48201,Harris (Houston),2023-01-10,2023-01-11,2,72.3,2023-01-11,81.4,64.0,72.7,68.6,44.1,61.7,81.38,69.76,10.58,14.63,2023,relMeanHI_p85_2d_walkforward,persistent_apparent_heat_anomaly
HARRIS_2023_004,48201,Harris (Houston),2023-01-16,2023-01-18,3,72.28,2023-01-17,80.7,64.3,72.5,73.3,48.7,62.9,80.66,69.27,9.4,18.37,2023,relMeanHI_p85_2d_walkforward,persistent_apparent_heat_anomaly
HARRIS_2023_005,48201,Harris (Houston),2023-02-14,2023-02-15,2,71.5,2023-02-15,78.7,64.6,71.7,73.8,52.7,66.9,80.36,71.18,4.61,8.22,2023,relMeanHI_p85_2d_walkforward,persistent_apparent_heat_anomaly
HARRIS_2023_006,48201,Harris (Houston),2023-02-20,2023-02-28,9,77.52,2023-02-23,84.3,70.0,77.2,77.7,46.6,68.3,84.68,74.18,9.2,53.82,2023,relMeanHI_p85_2d_walkforward,persistent_apparent_heat_anomaly
HARRIS_2023_007,48201,Harris (Houston),2023-03-07,2023-03-11,5,76.87,2023-03-07,84.0,69.0,76.5,78.0,51.2,70.3,87.02,75.27,6.54,24.03,2023,relMeanHI_p85_2d_walkforward,persistent_apparent_heat_anomaly
HARRIS_2023_008,48201,Harris (Houston),2023-03-22,2023-03-24,3,78.89,2023-03-23,85.6,71.7,78.6,66.8,46.9,73.0,85.64,76.82,5.92,12.6,2023,relMeanHI_p85_2d_walkforward,persistent_apparent_heat_anomaly
HARRIS_2023_009,48201,Harris (Houston),2023-03-31,2023-04-01,2,79.37,2023-03-31,85.0,72.7,78.8,74.9,50.8,74.3,89.36,78.08,5.08,7.38,2023,relMeanHI_p85_2d_walkforward,persistent_apparent_heat_anomaly
HARRIS_2023_010,48201,Harris (Houston),2023-04-03,2023-04-04,2,83.39,2023-04-03,88.0,73.9,81.0,72.1,52.6,74.7,88.04,79.66,8.65,12.76,2023,relMeanHI_p85_2d_walkforward,persistent_apparent_heat_anomaly
HARRIS_2023_011,48201,Harris (Houston),2023-06-14,2023-06-20,7,101.97,2023-06-15,98.1,81.0,89.5,87.5,44.5,94.5,99.32,89.41,7.42,35.22,2023,relMeanHI_p85_2d_walkforward,persistent_apparent_heat_anomaly
HARRIS_2023_012,48201,Harris (Houston),2023-06-22,2023-07-03,12,100.98,2023-06-25,97.7,81.0,89.3,86.6,43.7,95.5,99.68,88.44,5.48,27.28,2023,relMeanHI_p85_2d_walkforward,persistent_apparent_heat_anomaly
HARRIS_2023_013,48201,Harris (Houston),2023-07-09,2023-07-15,7,102.96,2023-07-12,99.0,81.7,90.4,85.6,42.4,97.0,99.32,89.55,5.99,26.39,2023,relMeanHI_p85_2d_walkforward,persistent_apparent_heat_anomaly
HARRIS_2023_014,48201,Harris (Houston),2023-07-17,2023-07-20,4,98.55,2023-07-18,99.7,80.7,90.2,79.6,34.9,96.9,100.34,89.92,1.68,3.84,2023,relMeanHI_p85_2d_walkforward,persistent_apparent_heat_anomaly
HARRIS_2023_015,48201,Harris (Houston),2023-07-22,2023-07-24,3,100.59,2023-07-23,100.3,75.7,88.0,98.4,42.8,96.8,100.94,88.44,3.83,8.74,2023,relMeanHI_p85_2d_walkforward,persistent_apparent_heat_anomaly
HARRIS_2023_016,48201,Harris (Houston),2023-07-26,2023-07-27,2,98.99,2023-07-26,99.6,76.3,88.0,94.3,41.7,96.9,99.62,87.4,2.1,2.14,2023,relMeanHI_p85_2d_walkforward,persistent_apparent_heat_anomaly
HARRIS_2023_017,48201,Harris (Houston),2023-07-31,2023-08-01,2,102.26,2023-08-01,102.7,81.7,92.2,80.7,30.6,97.9,103.34,91.68,4.31,5.52,2023,relMeanHI_p85_2d_walkforward,persistent_apparent_heat_anomaly
HARRIS_2023_018,48201,Harris (Houston),2023-08-03,2023-08-15,13,111.36,2023-08-12,104.0,82.9,93.5,89.2,37.6,98.9,104.0,92.07,12.46,70.82,2023,relMeanHI_p85_2d_walkforward,persistent_apparent_heat_anomaly
HARRIS_2023_019,48201,Harris (Houston),2023-08-18,2023-08-27,10,105.32,2023-08-20,108.3,81.7,95.0,75.1,25.2,98.1,109.7,92.1,7.27,35.11,2023,relMeanHI_p85_2d_walkforward,persistent_apparent_heat_anomaly
HARRIS_2023_020,48201,Harris (Houston),2023-09-03,2023-09-08,6,107.05,2023-09-08,106.0,79.7,92.8,91.5,28.9,93.0,105.98,90.72,14.07,46.8,2023,relMeanHI_p85_2d_walkforward,persistent_apparent_heat_anomaly
HARRIS_2023_021,48201,Harris (Houston),2023-09-21,2023-10-02,12,98.0,2023-09-24,99.3,77.0,88.2,87.5,42.7,89.9,99.32,85.26,8.07,46.86,2023,relMeanHI_p85_2d_walkforward,persistent_apparent_heat_anomaly
HARRIS_2023_022,48201,Harris (Houston),2023-10-22,2023-10-28,7,84.55,2023-10-27,87.4,74.6,81.0,83.0,56.2,76.8,88.4,79.68,7.73,29.04,2023,relMeanHI_p85_2d_walkforward,persistent_apparent_heat_anomaly
HARRIS_2023_023,48201,Harris (Houston),2023-11-07,2023-11-09,3,77.33,2023-11-08,85.6,67.3,76.5,95.3,53.4,73.4,86.72,75.16,3.93,6.97,2023,relMeanHI_p85_2d_walkforward,persistent_apparent_heat_anomaly
HARRIS_2023_024,48201,Harris (Houston),2023-12-08,2023-12-09,2,70.25,2023-12-09,81.7,58.6,70.2,100.0,43.7,67.8,81.68,70.34,2.41,4.81,2023,relMeanHI_p85_2d_walkforward,persistent_apparent_heat_anomaly
HARRIS_2024_001,48201,Harris (Houston),2024-02-08,2024-02-10,3,71.07,2024-02-09,79.3,63.4,71.4,70.7,51.8,64.9,79.34,70.27,6.21,14.85,2024,relMeanHI_p85_2d_walkforward,persistent_apparent_heat_anomaly
HARRIS_2024_002,48201,Harris (Houston),2024-02-26,2024-02-27,2,79.18,2024-02-27,86.4,69.3,77.8,100.0,64.1,68.7,86.36,76.18,10.43,16.88,2024,relMeanHI_p85_2d_walkforward,persistent_apparent_heat_anomaly
HARRIS_2024_003,48201,Harris (Houston),2024-03-03,2024-03-08,6,78.41,2024-03-05,89.4,66.3,77.8,86.2,45.2,70.4,89.36,74.02,7.99,22.67,2024,relMeanHI_p85_2d_walkforward,persistent_apparent_heat_anomaly
HARRIS_2024_004,48201,Harris (Houston),2024-03-13,2024-03-15,3,78.5,2024-03-14,83.3,72.7,78.0,71.1,57.2,71.9,83.3,75.06,6.61,10.66,2024,relMeanHI_p85_2d_walkforward,persistent_apparent_heat_anomaly
HARRIS_2024_005,48201,Harris (Houston),2024-03-31,2024-04-01,2,78.2,2024-04-01,82.0,73.3,77.7,74.7,54.6,74.6,82.34,76.1,3.62,4.07,2024,relMeanHI_p85_2d_walkforward,persistent_apparent_heat_anomaly
HARRIS_2024_006,48201,Harris (Houston),2024-04-07,2024-04-09,3,78.97,2024-04-07,86.4,70.4,78.4,78.8,51.3,75.0,86.36,77.13,3.99,8.63,2024,relMeanHI_p85_2d_walkforward,persistent_apparent_heat_anomaly
HARRIS_2024_007,48201,Harris (Houston),2024-04-16,2024-04-19,4,82.73,2024-04-18,87.7,73.0,80.3,77.1,51.4,76.4,87.68,78.19,6.36,11.5,2024,relMeanHI_p85_2d_walkforward,persistent_apparent_heat_anomaly
HARRIS_2024_008,48201,Harris (Houston),2024-04-27,2024-04-28,2,80.82,2024-04-28,84.0,75.0,79.5,95.9,60.8,79.1,83.96,79.07,1.76,2.5,2024,relMeanHI_p85_2d_walkforward,persistent_apparent_heat_anomaly
HARRIS_2024_009,48201,Harris (Houston),2024-05-07,2024-05-10,4,90.25,2024-05-09,88.6,76.3,82.5,99.9,61.8,83.2,88.7,82.06,7.04,19.35,2024,relMeanHI_p85_2d_walkforward,persistent_apparent_heat_anomaly
HARRIS_2024_010,48201,Harris (Houston),2024-05-21,2024-05-27,7,96.81,2024-05-26,93.0,80.7,86.8,85.6,53.0,88.0,96.74,85.82,8.79,48.41,2024,relMeanHI_p85_2d_walkforward,persistent_apparent_heat_anomaly
HARRIS_2024_011,48201,Harris (Houston),2024-06-02,2024-06-04,3,98.05,2024-06-04,92.7,81.7,87.2,86.9,53.2,91.3,92.66,85.83,6.78,13.74,2024,relMeanHI_p85_2d_walkforward,persistent_apparent_heat_anomaly
HARRIS_2024_012,48201,Harris (Houston),2024-06-13,2024-06-14,2,96.34,2024-06-14,95.0,76.6,85.8,99.4,48.3,94.5,95.0,85.48,1.8,2.94,2024,relMeanHI_p85_2d_walkforward,persistent_apparent_heat_anomaly
HARRIS_2024_013,48201,Harris (Houston),2024-06-25,2024-07-06,12,104.85,2024-06-28,96.4,81.7,89.0,93.7,51.9,96.2,99.32,88.21,8.64,53.99,2024,relMeanHI_p85_2d_walkforward,persistent_apparent_heat_anomaly
HARRIS_2024_014,48201,Harris (Houston),2024-07-29,2024-07-31,3,99.92,2024-07-29,94.6,79.3,87.0,95.3,53.9,97.7,95.36,87.11,2.17,5.74,2024,relMeanHI_p85_2d_walkforward,persistent_apparent_heat_anomaly
HARRIS_2024_015,48201,Harris (Houston),2024-08-02,2024-08-03,2,102.88,2024-08-03,99.0,78.7,88.8,97.0,44.0,98.7,99.02,88.42,4.14,6.34,2024,relMeanHI_p85_2d_walkforward,persistent_apparent_heat_anomaly
HARRIS_2024_016,48201,Harris (Houston),2024-08-07,2024-08-10,4,104.12,2024-08-09,98.7,80.4,89.5,93.7,44.9,99.4,99.02,88.94,4.76,11.72,2024,relMeanHI_p85_2d_walkforward,persistent_apparent_heat_anomaly
HARRIS_2024_017,48201,Harris (Houston),2024-08-14,2024-08-23,10,106.21,2024-08-22,99.0,81.7,90.4,91.4,46.4,97.9,101.36,89.25,8.27,40.66,2024,relMeanHI_p85_2d_walkforward,persistent_apparent_heat_anomaly
HARRIS_2024_018,48201,Harris (Houston),2024-09-14,2024-09-21,8,97.26,2024-09-14,96.7,78.0,87.4,90.4,44.8,91.1,97.7,85.77,6.18,31.2,2024,relMeanHI_p85_2d_walkforward,persistent_apparent_heat_anomaly
HARRIS_2024_019,48201,Harris (Houston),2024-09-24,2024-09-25,2,91.91,2024-09-24,94.3,75.0,84.7,92.5,47.1,90.2,94.34,84.24,1.73,3.35,2024,relMeanHI_p85_2d_walkforward,persistent_apparent_heat_anomaly
HARRIS_2024_020,48201,Harris (Houston),2024-10-14,2024-10-15,2,86.39,2024-10-14,98.4,69.0,83.7,87.6,27.4,79.7,98.36,82.02,6.65,9.37,2024,relMeanHI_p85_2d_walkforward,persistent_apparent_heat_anomaly
HARRIS_2024_021,48201,Harris (Houston),2024-10-25,2024-11-04,11,86.18,2024-11-04,86.0,77.4,81.7,82.9,60.4,74.5,90.98,78.49,11.67,38.6,2024,relMeanHI_p85_2d_walkforward,persistent_apparent_heat_anomaly
HARRIS_2024_022,48201,Harris (Houston),2024-11-06,2024-11-11,6,83.65,2024-11-07,87.7,73.6,80.7,80.7,54.0,74.1,87.68,76.11,9.58,21.61,2024,relMeanHI_p85_2d_walkforward,persistent_apparent_heat_anomaly
HARRIS_2024_023,48201,Harris (Houston),2024-11-17,2024-11-18,2,77.78,2024-11-17,82.6,71.7,77.2,76.7,59.9,71.3,84.68,75.08,6.5,9.19,2024,relMeanHI_p85_2d_walkforward,persistent_apparent_heat_anomaly
HARRIS_2024_024,48201,Harris (Houston),2024-12-14,2024-12-18,5,74.0,2024-12-15,82.0,65.7,73.8,80.9,50.7,65.7,81.98,71.2,8.26,27.62,2024,relMeanHI_p85_2d_walkforward,persistent_apparent_heat_anomaly
HARRIS_2025_001,48201,Harris (Houston),2025-02-03,2025-02-10,8,76.97,2025-02-08,84.9,68.9,76.9,71.9,41.5,65.0,84.88,73.84,11.93,74.04,2025,relMeanHI_p85_2d_walkforward,persistent_apparent_heat_anomaly
HARRIS_2025_002,48201,Harris (Houston),2025-03-13,2025-03-15,3,77.12,2025-03-13,88.6,66.5,77.5,61.6,29.0,72.0,88.58,75.7,5.08,10.02,2025,relMeanHI_p85_2d_walkforward,persistent_apparent_heat_anomaly
HARRIS_2025_003,48201,Harris (Houston),2025-03-29,2025-04-04,7,83.17,2025-04-03,85.9,75.5,80.7,72.2,55.3,74.8,86.32,78.35,8.39,34.82,2025,relMeanHI_p85_2d_walkforward,persistent_apparent_heat_anomaly
HARRIS_2025_004,48201,Harris (Houston),2025-04-18,2025-04-20,3,81.44,2025-04-18,87.1,73.4,80.2,64.9,43.6,76.6,87.08,79.06,4.87,8.84,2025,relMeanHI_p85_2d_walkforward,persistent_apparent_heat_anomaly
HARRIS_2025_005,48201,Harris (Houston),2025-05-14,2025-05-20,7,93.78,2025-05-20,93.9,79.2,86.5,84.5,43.7,86.1,93.88,84.95,7.66,34.89,2025,relMeanHI_p85_2d_walkforward,persistent_apparent_heat_anomaly
HARRIS_2025_006,48201,Harris (Houston),2025-05-22,2025-05-25,4,92.88,2025-05-25,92.4,80.0,86.2,78.6,48.9,87.9,93.16,85.11,4.93,12.64,2025,relMeanHI_p85_2d_walkforward,persistent_apparent_heat_anomaly
HARRIS_2025_007,48201,Harris (Houston),2025-06-06,2025-06-08,3,98.03,2025-06-08,95.0,78.9,87.0,96.6,45.4,93.2,95.04,86.44,4.88,9.82,2025,relMeanHI_p85_2d_walkforward,persistent_apparent_heat_anomaly
HARRIS_2025_008,48201,Harris (Houston),2025-06-17,2025-06-20,4,98.22,2025-06-19,94.1,79.4,86.7,93.7,51.6,95.2,94.1,86.09,3.03,5.46,2025,relMeanHI_p85_2d_walkforward,persistent_apparent_heat_anomaly
HARRIS_2025_009,48201,Harris (Houston),2025-10-07,2025-10-09,3,86.69,2025-10-07,92.7,72.8,82.7,87.2,43.3,84.5,92.66,82.36,2.39,5.52,2025,relMeanHI_p85_2d_walkforward,persistent_apparent_heat_anomaly
HARRIS_2025_010,48201,Harris (Houston),2025-10-17,2025-10-18,2,87.9,2025-10-18,93.1,73.7,83.4,87.5,43.3,79.3,93.06,81.77,8.57,11.49,2025,relMeanHI_p85_2d_walkforward,persistent_apparent_heat_anomaly
HARRIS_2025_011,48201,Harris (Houston),2025-11-16,2025-11-22,7,79.32,2025-11-21,88.7,68.8,78.7,81.7,46.5,70.8,88.7,75.85,8.49,36.7,2025,relMeanHI_p85_2d_walkforward,persistent_apparent_heat_anomaly
HARRIS_2025_012,48201,Harris (Houston),2025-11-24,2025-11-25,2,75.41,2025-11-24,81.9,67.7,74.8,89.8,56.2,69.6,84.29,74.66,5.78,11.21,2025,relMeanHI_p85_2d_walkforward,persistent_apparent_heat_anomaly
HARRIS_2025_013,48201,Harris (Houston),2025-12-21,2025-12-28,8,75.46,2025-12-26,82.1,68.8,75.4,71.9,45.7,65.1,83.34,73.73,10.4,69.5,2025,relMeanHI_p85_2d_walkforward,persistent_apparent_heat_anomaly
LUBBOCK_2015_001,48303,Lubbock,2015-01-18,2015-01-19,2,49.93,2015-01-19,73.0,33.1,53.1,66.8,12.3,46.7,73.04,51.82,3.22,3.51,2015,relMeanHI_p85_2d_walkforward,persistent_apparent_heat_anomaly
LUBBOCK_2015_002,48303,Lubbock,2015-01-26,2015-01-28,3,57.08,2015-01-28,76.5,42.0,59.2,77.0,18.2,47.2,76.46,55.76,9.86,17.16,2015,relMeanHI_p85_2d_walkforward,persistent_apparent_heat_anomaly
LUBBOCK_2015_003,48303,Lubbock,2015-02-06,2015-02-10,5,61.46,2015-02-07,83.5,44.0,63.7,61.4,9.4,49.4,83.48,60.37,12.02,42.4,2015,relMeanHI_p85_2d_walkforward,persistent_apparent_heat_anomaly
LUBBOCK_2015_004,48303,Lubbock,2015-03-22,2015-03-24,3,65.02,2015-03-23,86.0,47.5,66.7,69.4,11.8,61.8,86.0,65.4,3.19,5.42,2015,relMeanHI_p85_2d_walkforward,persistent_apparent_heat_anomaly
LUBBOCK_2015_005,48303,Lubbock,2015-03-31,2015-04-02,3,69.05,2015-04-01,87.0,54.0,70.5,64.5,11.4,64.2,87.53,68.76,4.9,9.46,2015,relMeanHI_p85_2d_walkforward,persistent_apparent_heat_anomaly
LUBBOCK_2015_006,48303,Lubbock,2015-04-06,2015-04-08,3,73.2,2015-04-08,87.0,61.5,74.3,65.7,11.7,66.2,89.51,73.0,6.95,17.42,2015,relMeanHI_p85_2d_walkforward,persistent_apparent_heat_anomaly
LUBBOCK_2015_007,48303,Lubbock,2015-07-23,2015-07-24,2,87.43,2015-07-24,95.5,74.9,85.2,78.4,26.5,86.3,96.08,85.26,1.11,1.17,2015,relMeanHI_p85_2d_walkforward,persistent_apparent_heat_anomaly
LUBBOCK_2015_008,48303,Lubbock,2015-07-27,2015-07-28,2,88.65,2015-07-28,97.5,73.0,85.3,88.4,24.6,86.4,97.52,85.12,2.22,2.49,2015,relMeanHI_p85_2d_walkforward,persistent_apparent_heat_anomaly
LUBBOCK_2015_009,48303,Lubbock,2015-08-05,2015-08-10,6,88.17,2015-08-09,96.5,75.5,86.0,76.4,25.5,86.0,99.05,85.5,2.13,5.34,2015,relMeanHI_p85_2d_walkforward,persistent_apparent_heat_anomaly
LUBBOCK_2015_010,48303,Lubbock,2015-08-12,2015-08-14,3,88.36,2015-08-14,99.0,72.0,85.5,83.7,24.8,85.6,99.05,84.16,2.78,3.37,2015,relMeanHI_p85_2d_walkforward,persistent_apparent_heat_anomaly
LUBBOCK_2015_011,48303,Lubbock,2015-09-06,2015-09-08,3,83.27,2015-09-07,94.5,70.5,82.5,74.2,25.3,80.8,94.46,82.31,2.58,6.76,2015,relMeanHI_p85_2d_walkforward,persistent_apparent_heat_anomaly
LUBBOCK_2015_012,48303,Lubbock,2015-09-16,2015-09-18,3,85.43,2015-09-18,98.1,69.0,83.5,86.8,21.8,77.5,98.06,81.77,7.92,14.97,2015,relMeanHI_p85_2d_walkforward,persistent_apparent_heat_anomaly
LUBBOCK_2015_013,48303,Lubbock,2015-10-14,2015-10-15,2,74.74,2015-10-15,90.5,60.0,75.2,76.8,19.9,68.6,90.5,73.36,6.1,7.4,2015,relMeanHI_p85_2d_walkforward,persistent_apparent_heat_anomaly
LUBBOCK_2015_014,48303,Lubbock,2015-12-09,2015-12-12,4,57.59,2015-12-10,75.0,45.5,60.3,54.0,14.0,49.2,75.92,57.21,8.39,22.53,2015,relMeanHI_p85_2d_walkforward,persistent_apparent_heat_anomaly
LUBBOCK_2015_015,48303,Lubbock,2015-12-22,2015-12-23,2,52.41,2015-12-23,66.0,44.0,55.0,70.8,23.6,45.3,66.02,52.14,7.15,7.73,2015,relMeanHI_p85_2d_walkforward,persistent_apparent_heat_anomaly
LUBBOCK_2016_001,48303,Lubbock,2016-01-29,2016-02-01,4,54.46,2016-01-30,79.1,36.0,57.6,53.8,7.5,47.4,79.07,53.92,7.01,14.27,2016,relMeanHI_p85_2d_walkforward,persistent_apparent_heat_anomaly
LUBBOCK_2016_002,48303,Lubbock,2016-02-17,2016-02-20,4,65.37,2016-02-18,86.0,46.0,66.0,100.0,29.7,53.5,86.0,63.32,11.84,32.61,2016,relMeanHI_p85_2d_walkforward,persistent_apparent_heat_anomaly
LUBBOCK_2016_003,48303,Lubbock,2016-02-28,2016-02-29,2,58.93,2016-02-29,79.0,41.0,60.0,100.0,37.8,55.5,78.98,58.73,3.45,3.73,2016,relMeanHI_p85_2d_walkforward,persistent_apparent_heat_anomaly
LUBBOCK_2016_004,48303,Lubbock,2016-03-06,2016-03-07,2,63.64,2016-03-06,76.0,55.0,65.5,58.0,23.4,57.1,76.01,64.98,6.58,11.77,2016,relMeanHI_p85_2d_walkforward,persistent_apparent_heat_anomaly
LUBBOCK_2016_005,48303,Lubbock,2016-03-13,2016-03-15,3,62.36,2016-03-14,81.9,48.0,65.0,44.6,5.6,60.0,81.95,63.83,2.39,4.08,2016,relMeanHI_p85_2d_walkforward,persistent_apparent_heat_anomaly
LUBBOCK_2016_006,48303,Lubbock,2016-03-29,2016-03-30,2,68.63,2016-03-29,83.0,57.5,70.2,54.5,15.9,63.7,83.03,68.88,4.95,7.1,2016,relMeanHI_p85_2d_walkforward,persistent_apparent_heat_anomaly
LUBBOCK_2016_007,48303,Lubbock,2016-06-14,2016-06-15,2,85.43,2016-06-15,100.5,66.0,83.3,91.2,20.9,85.1,100.49,83.88,0.29,0.3,2016,relMeanHI_p85_2d_walkforward,persistent_apparent_heat_anomaly
LUBBOCK_2016_008,48303,Lubbock,2016-07-06,2016-07-07,2,91.41,2016-07-07,108.0,73.9,91.0,63.0,12.7,86.7,108.05,89.64,4.76,6.26,2016,relMeanHI_p85_2d_walkforward,persistent_apparent_heat_anomaly
LUBBOCK_2016_009,48303,Lubbock,2016-07-11,2016-07-14,4,93.69,2016-07-13,107.0,78.0,92.5,61.9,13.9,86.2,106.97,90.7,7.45,19.46,2016,relMeanHI_p85_2d_walkforward,persistent_apparent_heat_anomaly
LUBBOCK_2016_010,48303,Lubbock,2016-07-24,2016-07-25,2,87.25,2016-07-25,98.5,72.5,85.5,78.0,22.6,86.4,98.51,85.64,0.83,1.09,2016,relMeanHI_p85_2d_walkforward,persistent_apparent_heat_anomaly
LUBBOCK_2016_011,48303,Lubbock,2016-09-08,2016-09-09,2,84.36,2016-09-09,91.5,71.1,81.3,100.0,31.5,79.8,91.49,81.01,4.54,7.52,2016,relMeanHI_p85_2d_walkforward,persistent_apparent_heat_anomaly
LUBBOCK_2016_012,48303,Lubbock,2016-09-19,2016-09-21,3,81.99,2016-09-19,93.5,67.0,80.2,89.3,28.8,77.5,93.47,78.58,4.48,6.76,2016,relMeanHI_p85_2d_walkforward,persistent_apparent_heat_anomaly
LUBBOCK_2016_013,48303,Lubbock,2016-10-15,2016-10-17,3,76.31,2016-10-17,93.5,60.5,77.0,69.4,11.7,68.4,93.47,75.52,7.95,19.04,2016,relMeanHI_p85_2d_walkforward,persistent_apparent_heat_anomaly
LUBBOCK_2016_014,48303,Lubbock,2016-10-23,2016-11-02,11,71.55,2016-10-29,87.5,57.5,72.5,72.2,17.0,64.2,87.53,69.02,7.58,41.82,2016,relMeanHI_p85_2d_walkforward,persistent_apparent_heat_anomaly
LUBBOCK_2016_015,48303,Lubbock,2016-11-15,2016-11-17,3,63.29,2016-11-17,78.0,51.0,64.5,95.1,17.9,57.1,80.96,62.99,6.18,10.39,2016,relMeanHI_p85_2d_walkforward,persistent_apparent_heat_anomaly
LUBBOCK_2016_016,48303,Lubbock,2016-12-23,2016-12-25,3,50.61,2016-12-24,70.5,34.5,52.5,100.0,33.4,45.3,70.52,51.08,5.26,10.8,2016,relMeanHI_p85_2d_walkforward,persistent_apparent_heat_anomaly
LUBBOCK_2017_001,48303,Lubbock,2017-01-01,2017-01-02,2,47.88,2017-01-02,62.5,38.5,50.5,79.3,32.7,45.8,65.93,49.64,2.04,2.97,2017,relMeanHI_p85_2d_walkforward,persistent_apparent_heat_anomaly
LUBBOCK_2017_002,48303,Lubbock,2017-01-09,2017-01-12,4,57.99,2017-01-11,79.5,41.5,60.5,61.2,11.3,45.4,79.52,56.68,12.62,34.51,2017,relMeanHI_p85_2d_walkforward,persistent_apparent_heat_anomaly
LUBBOCK_2017_003,48303,Lubbock,2017-01-19,2017-01-21,3,49.04,2017-01-19,64.5,39.5,52.0,66.8,25.2,46.7,64.49,51.94,2.36,5.05,2017,relMeanHI_p85_2d_walkforward,persistent_apparent_heat_anomaly
LUBBOCK_2017_004,48303,Lubbock,2017-01-23,2017-01-24,2,50.51,2017-01-23,73.5,33.5,53.5,70.0,12.9,47.6,73.49,52.88,2.93,4.47,2017,relMeanHI_p85_2d_walkforward,persistent_apparent_heat_anomaly
LUBBOCK_2017_005,48303,Lubbock,2017-02-05,2017-02-08,4,58.92,2017-02-08,79.5,42.0,60.8,88.8,13.0,49.8,79.52,59.12,9.1,29.74,2017,relMeanHI_p85_2d_walkforward,persistent_apparent_heat_anomaly
LUBBOCK_2017_006,48303,Lubbock,2017-02-10,2017-02-12,3,66.49,2017-02-11,90.0,47.0,68.5,53.0,6.3,51.2,90.05,63.68,15.32,31.27,2017,relMeanHI_p85_2d_walkforward,persistent_apparent_heat_anomaly
LUBBOCK_2017_007,48303,Lubbock,2017-02-22,2017-02-23,2,63.77,2017-02-22,84.9,47.0,66.0,55.0,8.8,54.6,84.92,65.61,9.22,17.73,2017,relMeanHI_p85_2d_walkforward,persistent_apparent_heat_anomaly
LUBBOCK_2017_008,48303,Lubbock,2017-03-05,2017-03-06,2,65.14,2017-03-06,80.1,52.5,66.3,92.6,14.8,57.2,80.06,65.41,7.95,13.59,2017,relMeanHI_p85_2d_walkforward,persistent_apparent_heat_anomaly
LUBBOCK_2017_009,48303,Lubbock,2017-03-16,2017-03-21,6,73.06,2017-03-20,92.0,56.9,74.5,53.5,7.6,61.5,92.03,70.54,11.57,48.18,2017,relMeanHI_p85_2d_walkforward,persistent_apparent_heat_anomaly
LUBBOCK_2017_010,48303,Lubbock,2017-04-08,2017-04-09,2,71.4,2017-04-09,88.1,58.5,73.3,43.0,4.1,66.7,92.03,73.13,4.89,9.6,2017,relMeanHI_p85_2d_walkforward,persistent_apparent_heat_anomaly
LUBBOCK_2017_011,48303,Lubbock,2017-04-15,2017-04-16,2,72.24,2017-04-16,83.5,61.1,72.3,99.9,29.3,69.2,83.48,71.76,3.08,4.97,2017,relMeanHI_p85_2d_walkforward,persistent_apparent_heat_anomaly
LUBBOCK_2017_012,48303,Lubbock,2017-05-14,2017-05-15,2,77.52,2017-05-15,92.5,63.0,77.8,77.7,19.3,77.2,95.45,77.74,0.33,0.36,2017,relMeanHI_p85_2d_walkforward,persistent_apparent_heat_anomaly
LUBBOCK_2017_013,48303,Lubbock,2017-06-10,2017-06-13,4,86.06,2017-06-13,99.5,70.0,84.7,81.6,18.0,85.1,99.5,84.65,0.96,2.31,2017,relMeanHI_p85_2d_walkforward,persistent_apparent_heat_anomaly
LUBBOCK_2017_014,48303,Lubbock,2017-06-20,2017-06-21,2,86.29,2017-06-20,97.1,71.5,84.3,81.7,25.0,85.7,98.51,84.65,0.55,0.82,2017,relMeanHI_p85_2d_walkforward,persistent_apparent_heat_anomaly
LUBBOCK_2017_015,48303,Lubbock,2017-06-29,2017-06-30,2,90.99,2017-06-30,100.0,71.5,85.8,100.0,21.9,86.9,106.52,87.04,4.13,4.48,2017,relMeanHI_p85_2d_walkforward,persistent_apparent_heat_anomaly
LUBBOCK_2017_016,48303,Lubbock,2017-09-15,2017-09-16,2,81.31,2017-09-16,96.0,67.0,81.5,67.2,17.6,78.3,95.99,81.12,3.0,5.1,2017,relMeanHI_p85_2d_walkforward,persistent_apparent_heat_anomaly
LUBBOCK_2017_017,48303,Lubbock,2017-09-19,2017-09-23,5,84.32,2017-09-19,96.1,72.5,84.3,70.0,18.4,77.5,96.08,79.8,6.82,14.81,2017,relMeanHI_p85_2d_walkforward,persistent_apparent_heat_anomaly
LUBBOCK_2017_018,48303,Lubbock,2017-10-05,2017-10-06,2,75.57,2017-10-06,86.0,64.0,75.0,100.0,42.3,73.2,86.0,74.39,2.32,3.03,2017,relMeanHI_p85_2d_walkforward,persistent_apparent_heat_anomaly
LUBBOCK_2017_019,48303,Lubbock,2017-10-13,2017-10-14,2,76.12,2017-10-14,91.0,60.5,75.8,100.0,30.3,69.5,91.04,75.02,6.64,11.01,2017,relMeanHI_p85_2d_walkforward,persistent_apparent_heat_anomaly
LUBBOCK_2017_020,48303,Lubbock,2017-11-04,2017-11-05,2,68.34,2017-11-05,84.5,54.0,69.3,88.1,16.3,62.1,87.53,69.37,6.23,11.22,2017,relMeanHI_p85_2d_walkforward,persistent_apparent_heat_anomaly
LUBBOCK_2017_021,48303,Lubbock,2017-11-23,2017-11-25,3,62.82,2017-11-24,84.5,46.0,65.3,49.0,7.9,53.5,84.47,60.08,9.28,12.07,2017,relMeanHI_p85_2d_walkforward,persistent_apparent_heat_anomaly
LUBBOCK_2017_022,48303,Lubbock,2017-12-01,2017-12-04,4,60.52,2017-12-03,74.5,50.0,62.2,73.9,26.3,50.4,75.02,58.81,10.13,24.83,2017,relMeanHI_p85_2d_walkforward,persistent_apparent_heat_anomaly
LUBBOCK_2017_023,48303,Lubbock,2017-12-19,2017-12-21,3,50.46,2017-12-19,66.9,38.0,52.5,100.0,29.3,46.2,72.5,51.6,4.28,9.01,2017,relMeanHI_p85_2d_walkforward,persistent_apparent_heat_anomaly
LUBBOCK_2018_001,48303,Lubbock,2018-01-09,2018-01-10,2,57.65,2018-01-10,74.5,45.5,60.0,66.5,17.1,45.5,77.0,58.75,12.12,21.05,2018,relMeanHI_p85_2d_walkforward,persistent_apparent_heat_anomaly
LUBBOCK_2018_002,48303,Lubbock,2018-01-30,2018-01-31,2,53.99,2018-01-31,81.9,32.1,57.0,60.6,6.0,48.0,81.95,54.39,5.95,6.5,2018,relMeanHI_p85_2d_walkforward,persistent_apparent_heat_anomaly
LUBBOCK_2018_003,48303,Lubbock,2018-02-14,2018-02-15,2,65.98,2018-02-15,81.9,52.1,67.0,89.7,19.7,53.5,82.04,64.9,12.43,19.63,2018,relMeanHI_p85_2d_walkforward,persistent_apparent_heat_anomaly
LUBBOCK_2018_004,48303,Lubbock,2018-02-18,2018-02-19,2,62.3,2018-02-19,76.0,51.5,63.8,79.6,24.6,54.3,77.0,60.37,7.98,9.33,2018,relMeanHI_p85_2d_walkforward,persistent_apparent_heat_anomaly
LUBBOCK_2018_005,48303,Lubbock,2018-03-03,2018-03-04,2,66.33,2018-03-04,81.5,54.5,68.0,64.2,13.9,56.9,81.5,64.11,9.47,11.4,2018,relMeanHI_p85_2d_walkforward,persistent_apparent_heat_anomaly
LUBBOCK_2018_006,48303,Lubbock,2018-03-22,2018-03-23,2,70.62,2018-03-23,88.1,56.0,72.1,61.3,9.7,62.5,89.96,70.77,8.14,13.46,2018,relMeanHI_p85_2d_walkforward,persistent_apparent_heat_anomaly
LUBBOCK_2018_007,48303,Lubbock,2018-03-25,2018-03-26,2,68.94,2018-03-25,86.0,55.5,70.7,50.2,10.1,63.1,86.0,69.1,5.83,7.63,2018,relMeanHI_p85_2d_walkforward,persistent_apparent_heat_anomaly
LUBBOCK_2018_008,48303,Lubbock,2018-04-11,2018-04-12,2,74.57,2018-04-12,94.0,57.9,76.0,50.5,5.3,68.2,94.01,74.1,6.36,9.54,2018,relMeanHI_p85_2d_walkforward,persistent_apparent_heat_anomaly
LUBBOCK_2018_009,48303,Lubbock,2018-05-01,2018-05-02,2,77.6,2018-05-02,87.0,69.1,78.0,74.9,12.8,72.7,86.99,76.14,4.9,5.33,2018,relMeanHI_p85_2d_walkforward,persistent_apparent_heat_anomaly
LUBBOCK_2018_010,48303,Lubbock,2018-05-07,2018-05-15,9,82.02,2018-05-11,101.5,67.0,84.2,51.4,4.8,76.2,101.48,81.15,5.85,33.79,2018,relMeanHI_p85_2d_walkforward,persistent_apparent_heat_anomaly
LUBBOCK_2018_011,48303,Lubbock,2018-05-25,2018-05-30,6,83.63,2018-05-27,101.5,70.5,86.0,51.6,6.5,80.5,104.99,84.8,3.09,12.19,2018,relMeanHI_p85_2d_walkforward,persistent_apparent_heat_anomaly
LUBBOCK_2018_012,48303,Lubbock,2018-06-05,2018-06-07,3,84.57,2018-06-06,99.5,71.5,85.5,64.3,12.3,83.5,100.49,84.84,1.11,2.11,2018,relMeanHI_p85_2d_walkforward,persistent_apparent_heat_anomaly
LUBBOCK_2018_013,48303,Lubbock,2018-06-23,2018-06-24,2,96.87,2018-06-24,107.5,78.1,92.8,78.1,9.5,86.3,107.51,89.38,10.58,10.92,2018,relMeanHI_p85_2d_walkforward,persistent_apparent_heat_anomaly
LUBBOCK_2018_014,48303,Lubbock,2018-06-27,2018-06-28,2,88.17,2018-06-27,101.0,75.5,88.2,64.5,15.1,86.7,101.03,88.0,1.47,1.8,2018,relMeanHI_p85_2d_walkforward,persistent_apparent_heat_anomaly
LUBBOCK_2018_015,48303,Lubbock,2018-07-19,2018-07-21,3,90.04,2018-07-19,104.5,79.5,92.0,48.8,8.6,86.4,104.54,89.99,3.67,4.49,2018,relMeanHI_p85_2d_walkforward,persistent_apparent_heat_anomaly
LUBBOCK_2018_016,48303,Lubbock,2018-08-24,2018-08-29,6,88.1,2018-08-27,99.5,74.0,86.8,71.6,22.0,83.9,99.5,84.9,4.2,11.4,2018,relMeanHI_p85_2d_walkforward,persistent_apparent_heat_anomaly
LUBBOCK_2018_017,48303,Lubbock,2018-09-18,2018-09-19,2,78.25,2018-09-19,88.1,67.5,77.8,89.5,38.4,77.7,88.07,77.63,0.52,0.71,2018,relMeanHI_p85_2d_walkforward,persistent_apparent_heat_anomaly
LUBBOCK_2018_018,48303,Lubbock,2018-10-03,2018-10-05,3,78.95,2018-10-03,90.5,67.0,78.8,80.2,31.3,73.8,90.5,76.67,5.16,10.04,2018,relMeanHI_p85_2d_walkforward,persistent_apparent_heat_anomaly
LUBBOCK_2018_019,48303,Lubbock,2018-11-28,2018-11-30,3,57.25,2018-11-29,78.1,42.0,60.0,54.8,9.4,51.8,78.08,58.27,5.44,10.95,2018,relMeanHI_p85_2d_walkforward,persistent_apparent_heat_anomaly
LUBBOCK_2018_020,48303,Lubbock,2018-12-21,2018-12-22,2,50.85,2018-12-22,66.5,41.0,53.7,72.0,14.9,45.4,73.04,52.16,5.43,7.08,2018,relMeanHI_p85_2d_walkforward,persistent_apparent_heat_anomaly
LUBBOCK_2019_001,48303,Lubbock,2019-01-06,2019-01-07,2,52.6,2019-01-07,66.9,43.5,55.2,69.5,22.4,45.7,68.0,55.13,6.93,13.25,2019,relMeanHI_p85_2d_walkforward,persistent_apparent_heat_anomaly
LUBBOCK_2019_002,48303,Lubbock,2019-01-10,2019-01-11,2,48.07,2019-01-10,62.0,39.5,50.7,77.6,31.9,45.6,61.97,50.0,2.47,4.32,2019,relMeanHI_p85_2d_walkforward,persistent_apparent_heat_anomaly
LUBBOCK_2019_003,48303,Lubbock,2019-01-16,2019-01-18,3,51.95,2019-01-16,70.1,38.5,54.3,84.6,23.6,46.7,70.07,52.6,5.2,9.83,2019,relMeanHI_p85_2d_walkforward,persistent_apparent_heat_anomaly
LUBBOCK_2019_004,48303,Lubbock,2019-02-02,2019-02-06,5,59.34,2019-02-06,72.9,48.5,60.7,100.0,21.8,49.4,74.48,58.54,9.9,39.15,2019,relMeanHI_p85_2d_walkforward,persistent_apparent_heat_anomaly
LUBBOCK_2019_005,48303,Lubbock,2019-03-27,2019-03-29,3,69.5,2019-03-28,86.5,54.5,70.5,74.9,20.0,63.8,86.54,68.12,5.66,9.73,2019,relMeanHI_p85_2d_walkforward,persistent_apparent_heat_anomaly
LUBBOCK_2019_006,48303,Lubbock,2019-04-09,2019-04-10,2,71.53,2019-04-10,90.0,56.0,73.0,61.7,1.6,67.3,92.48,72.63,4.26,8.19,2019,relMeanHI_p85_2d_walkforward,persistent_apparent_heat_anomaly
LUBBOCK_2019_007,48303,Lubbock,2019-07-17,2019-07-20,4,88.89,2019-07-19,100.5,76.5,88.5,64.5,18.0,86.4,100.49,87.26,2.5,5.58,2019,relMeanHI_p85_2d_walkforward,persistent_apparent_heat_anomaly
LUBBOCK_2019_008,48303,Lubbock,2019-08-07,2019-08-12,6,91.12,2019-08-08,98.5,79.5,89.0,68.5,22.7,86.1,102.47,88.12,5.05,19.05,2019,relMeanHI_p85_2d_walkforward,persistent_apparent_heat_anomaly
LUBBOCK_2019_009,48303,Lubbock,2019-08-15,2019-08-20,6,89.71,2019-08-18,104.5,74.5,89.5,63.2,15.2,85.1,104.54,87.24,4.66,11.88,2019,relMeanHI_p85_2d_walkforward,persistent_apparent_heat_anomaly
LUBBOCK_2019_010,48303,Lubbock,2019-08-25,2019-08-26,2,89.48,2019-08-25,104.5,71.0,87.8,76.3,16.8,84.5,109.04,89.15,5.14,10.13,2019,relMeanHI_p85_2d_walkforward,persistent_apparent_heat_anomaly
LUBBOCK_2019_011,48303,Lubbock,2019-09-07,2019-09-08,2,82.07,2019-09-07,94.5,68.4,81.5,74.9,23.3,80.6,94.46,80.82,1.45,2.09,2019,relMeanHI_p85_2d_walkforward,persistent_apparent_heat_anomaly
LUBBOCK_2019_012,48303,Lubbock,2019-09-18,2019-09-19,2,81.21,2019-09-19,92.9,67.5,80.2,78.8,25.7,77.7,93.47,79.72,3.49,4.96,2019,relMeanHI_p85_2d_walkforward,persistent_apparent_heat_anomaly
LUBBOCK_2019_013,48303,Lubbock,2019-09-24,2019-09-27,4,82.01,2019-09-26,91.9,69.5,80.7,80.4,28.6,75.7,92.48,79.68,6.32,18.49,2019,relMeanHI_p85_2d_walkforward,persistent_apparent_heat_anomaly
LUBBOCK_2019_014,48303,Lubbock,2019-09-29,2019-10-02,4,77.52,2019-10-01,84.9,69.5,77.2,77.1,45.0,74.2,86.0,75.72,3.35,7.52,2019,relMeanHI_p85_2d_walkforward,persistent_apparent_heat_anomaly
LUBBOCK_2019_015,48303,Lubbock,2019-11-19,2019-11-20,2,62.87,2019-11-20,71.5,56.5,64.0,82.2,36.1,55.8,77.54,61.38,7.05,7.65,2019,relMeanHI_p85_2d_walkforward,persistent_apparent_heat_anomaly
LUBBOCK_2019_016,48303,Lubbock,2019-12-23,2019-12-27,5,52.71,2019-12-25,67.5,43.0,55.2,72.3,24.1,46.2,70.52,51.22,6.54,11.84,2019,relMeanHI_p85_2d_walkforward,persistent_apparent_heat_anomaly
LUBBOCK_2020_001,48303,Lubbock,2020-01-13,2020-01-14,2,50.27,2020-01-14,75.5,32.1,53.8,53.8,6.5,46.9,75.47,52.79,3.4,5.21,2020,relMeanHI_p85_2d_walkforward,persistent_apparent_heat_anomaly
LUBBOCK_2020_002,48303,Lubbock,2020-02-02,2020-02-03,2,52.73,2020-02-03,72.5,38.5,55.5,72.4,12.4,48.6,74.93,55.6,4.15,8.07,2020,relMeanHI_p85_2d_walkforward,persistent_apparent_heat_anomaly
LUBBOCK_2020_003,48303,Lubbock,2020-03-10,2020-03-12,3,64.12,2020-03-12,76.5,54.0,65.3,86.5,25.9,59.4,78.08,63.95,4.76,10.09,2020,relMeanHI_p85_2d_walkforward,persistent_apparent_heat_anomaly
LUBBOCK_2020_004,48303,Lubbock,2020-03-25,2020-03-27,3,74.81,2020-03-26,91.9,60.5,76.2,46.5,6.6,63.9,91.94,70.43,10.94,14.9,2020,relMeanHI_p85_2d_walkforward,persistent_apparent_heat_anomaly
LUBBOCK_2020_005,48303,Lubbock,2020-04-07,2020-04-08,2,68.71,2020-04-07,86.5,54.5,70.5,53.4,8.0,66.1,87.08,70.03,2.61,3.53,2020,relMeanHI_p85_2d_walkforward,persistent_apparent_heat_anomaly
LUBBOCK_2020_006,48303,Lubbock,2020-04-27,2020-04-28,2,78.54,2020-04-28,95.5,63.0,79.3,61.8,6.8,71.3,95.54,76.78,7.25,9.11,2020,relMeanHI_p85_2d_walkforward,persistent_apparent_heat_anomaly
LUBBOCK_2020_007,48303,Lubbock,2020-05-01,2020-05-04,4,80.73,2020-05-01,100.5,65.0,82.8,48.6,3.7,72.7,100.49,81.69,8.0,26.82,2020,relMeanHI_p85_2d_walkforward,persistent_apparent_heat_anomaly
LUBBOCK_2020_008,48303,Lubbock,2020-05-18,2020-05-19,2,83.55,2020-05-19,101.0,68.5,84.8,63.8,9.6,78.6,101.03,82.76,5.0,6.78,2020,relMeanHI_p85_2d_walkforward,persistent_apparent_heat_anomaly
LUBBOCK_2020_009,48303,Lubbock,2020-07-09,2020-07-15,7,94.38,2020-07-14,110.5,83.0,96.8,41.4,4.7,86.3,110.48,92.26,8.07,32.0,2020,relMeanHI_p85_2d_walkforward,persistent_apparent_heat_anomaly
LUBBOCK_2020_010,48303,Lubbock,2020-08-11,2020-08-14,4,91.11,2020-08-14,106.1,79.5,92.8,50.1,8.1,85.8,106.07,90.07,5.31,11.53,2020,relMeanHI_p85_2d_walkforward,persistent_apparent_heat_anomaly
LUBBOCK_2020_011,48303,Lubbock,2020-08-28,2020-08-29,2,86.91,2020-08-28,102.5,74.5,88.5,56.1,10.9,83.9,102.47,86.5,3.05,3.3,2020,relMeanHI_p85_2d_walkforward,persistent_apparent_heat_anomaly
LUBBOCK_2020_012,48303,Lubbock,2020-09-25,2020-09-26,2,80.47,2020-09-26,100.0,62.5,81.3,61.8,10.0,75.8,100.04,80.13,4.63,6.09,2020,relMeanHI_p85_2d_walkforward,persistent_apparent_heat_anomaly
LUBBOCK_2020_013,48303,Lubbock,2020-10-10,2020-10-11,2,76.27,2020-10-10,97.5,58.0,77.8,41.2,2.7,71.5,97.52,76.12,4.78,6.46,2020,relMeanHI_p85_2d_walkforward,persistent_apparent_heat_anomaly
LUBBOCK_2020_014,48303,Lubbock,2020-10-21,2020-10-22,2,74.35,2020-10-22,88.1,60.5,74.3,100.0,24.4,66.5,88.07,72.9,7.82,11.51,2020,relMeanHI_p85_2d_walkforward,persistent_apparent_heat_anomaly
LUBBOCK_2020_015,48303,Lubbock,2020-11-04,2020-11-05,2,65.74,2020-11-04,88.0,47.5,67.7,56.0,9.3,62.5,87.98,67.24,3.28,6.02,2020,relMeanHI_p85_2d_walkforward,persistent_apparent_heat_anomaly
LUBBOCK_2020_016,48303,Lubbock,2020-11-07,2020-11-09,3,67.42,2020-11-09,81.0,55.0,68.0,100.0,26.2,59.8,80.96,65.72,7.62,13.16,2020,relMeanHI_p85_2d_walkforward,persistent_apparent_heat_anomaly
LUBBOCK_2020_017,48303,Lubbock,2020-11-18,2020-11-21,4,65.44,2020-11-19,83.0,51.0,67.0,69.6,16.9,56.1,83.03,61.61,9.34,16.21,2020,relMeanHI_p85_2d_walkforward,persistent_apparent_heat_anomaly
LUBBOCK_2020_018,48303,Lubbock,2020-12-09,2020-12-10,2,51.4,2020-12-10,76.0,33.1,54.5,63.2,9.0,49.3,76.01,54.16,2.12,2.28,2020,relMeanHI_p85_2d_walkforward,persistent_apparent_heat_anomaly
LUBBOCK_2021_001,48303,Lubbock,2021-02-02,2021-02-03,2,59.2,2021-02-03,80.5,43.0,61.7,56.4,11.1,48.7,80.51,59.88,10.53,17.18,2021,relMeanHI_p85_2d_walkforward,persistent_apparent_heat_anomaly
LUBBOCK_2021_002,48303,Lubbock,2021-03-09,2021-03-10,2,63.86,2021-03-10,79.5,51.5,65.5,72.6,15.8,58.8,79.52,64.0,5.08,7.71,2021,relMeanHI_p85_2d_walkforward,persistent_apparent_heat_anomaly
LUBBOCK_2021_003,48303,Lubbock,2021-03-12,2021-03-13,2,63.24,2021-03-13,78.0,50.0,64.0,100.0,33.9,59.8,77.99,63.52,3.47,5.85,2021,relMeanHI_p85_2d_walkforward,persistent_apparent_heat_anomaly
LUBBOCK_2021_004,48303,Lubbock,2021-04-05,2021-04-06,2,72.3,2021-04-06,88.5,57.9,73.2,78.5,9.1,65.9,88.52,71.24,6.42,9.0,2021,relMeanHI_p85_2d_walkforward,persistent_apparent_heat_anomaly
LUBBOCK_2021_005,48303,Lubbock,2021-04-26,2021-04-27,2,74.41,2021-04-27,88.1,63.5,75.8,49.1,8.0,71.2,89.96,75.88,3.21,6.41,2021,relMeanHI_p85_2d_walkforward,persistent_apparent_heat_anomaly
LUBBOCK_2021_006,48303,Lubbock,2021-06-07,2021-06-13,7,91.67,2021-06-11,108.0,74.9,91.4,62.8,10.6,84.7,107.96,86.42,6.97,22.86,2021,relMeanHI_p85_2d_walkforward,persistent_apparent_heat_anomaly
LUBBOCK_2021_007,48303,Lubbock,2021-06-23,2021-06-25,3,90.32,2021-06-25,96.5,76.5,86.5,83.4,27.0,86.5,99.5,86.16,3.81,7.07,2021,relMeanHI_p85_2d_walkforward,persistent_apparent_heat_anomaly
LUBBOCK_2021_008,48303,Lubbock,2021-08-08,2021-08-10,3,88.17,2021-08-09,98.5,73.0,85.8,79.5,24.8,86.2,98.51,85.12,1.93,4.68,2021,relMeanHI_p85_2d_walkforward,persistent_apparent_heat_anomaly
LUBBOCK_2021_009,48303,Lubbock,2021-08-31,2021-09-04,5,84.78,2021-09-03,93.0,71.5,82.3,85.9,33.8,83.0,94.01,82.15,1.82,5.13,2021,relMeanHI_p85_2d_walkforward,persistent_apparent_heat_anomaly
LUBBOCK_2021_010,48303,Lubbock,2021-09-10,2021-09-11,2,82.31,2021-09-10,98.0,68.0,83.0,65.5,14.3,79.7,97.97,82.0,2.66,3.67,2021,relMeanHI_p85_2d_walkforward,persistent_apparent_heat_anomaly
LUBBOCK_2021_011,48303,Lubbock,2021-09-19,2021-09-20,2,83.18,2021-09-20,98.5,69.5,84.0,65.5,12.8,77.6,98.51,81.25,5.56,5.97,2021,relMeanHI_p85_2d_walkforward,persistent_apparent_heat_anomaly
LUBBOCK_2021_012,48303,Lubbock,2021-10-08,2021-10-09,2,78.62,2021-10-09,95.5,63.0,79.3,59.1,13.2,72.3,95.54,78.4,6.36,10.15,2021,relMeanHI_p85_2d_walkforward,persistent_apparent_heat_anomaly
LUBBOCK_2021_013,48303,Lubbock,2021-10-22,2021-10-26,5,74.56,2021-10-23,88.5,61.5,75.0,75.4,23.9,66.1,88.97,72.1,8.45,25.9,2021,relMeanHI_p85_2d_walkforward,persistent_apparent_heat_anomaly
LUBBOCK_2021_014,48303,Lubbock,2021-11-15,2021-11-16,2,64.29,2021-11-16,87.0,47.0,67.0,34.7,2.7,57.8,86.99,64.62,6.51,7.8,2021,relMeanHI_p85_2d_walkforward,persistent_apparent_heat_anomaly
LUBBOCK_2021_015,48303,Lubbock,2021-11-29,2021-12-03,5,59.95,2021-12-03,80.1,43.5,61.8,80.8,16.2,50.6,80.06,57.45,9.34,17.8,2021,relMeanHI_p85_2d_walkforward,persistent_apparent_heat_anomaly
LUBBOCK_2021_016,48303,Lubbock,2021-12-09,2021-12-10,2,56.95,2021-12-09,70.0,50.5,60.3,30.4,10.5,49.8,70.52,58.64,7.19,12.84,2021,relMeanHI_p85_2d_walkforward,persistent_apparent_heat_anomaly
LUBBOCK_2021_017,48303,Lubbock,2021-12-13,2021-12-15,3,61.57,2021-12-15,76.5,49.0,62.7,99.3,22.3,47.9,77.0,58.25,13.7,23.52,2021,relMeanHI_p85_2d_walkforward,persistent_apparent_heat_anomaly
LUBBOCK_2021_018,48303,Lubbock,2021-12-23,2021-12-29,7,64.01,2021-12-26,79.1,52.5,65.8,67.8,14.7,46.5,80.51,58.02,17.49,63.04,2021,relMeanHI_p85_2d_walkforward,persistent_apparent_heat_anomaly
LUBBOCK_2022_001,48303,Lubbock,2022-02-15,2022-02-16,2,58.73,2022-02-16,75.5,46.0,60.7,83.2,12.5,53.6,76.46,59.09,5.16,5.81,2022,relMeanHI_p85_2d_walkforward,persistent_apparent_heat_anomaly
LUBBOCK_2022_002,48303,Lubbock,2022-03-04,2022-03-05,2,62.79,2022-03-04,79.0,49.5,64.2,81.3,22.8,57.0,78.98,62.6,5.83,7.71,2022,relMeanHI_p85_2d_walkforward,persistent_apparent_heat_anomaly
LUBBOCK_2022_003,48303,Lubbock,2022-03-27,2022-03-29,3,71.46,2022-03-29,85.5,61.0,73.2,46.9,4.8,63.8,92.48,70.91,7.61,14.04,2022,relMeanHI_p85_2d_walkforward,persistent_apparent_heat_anomaly
LUBBOCK_2022_004,48303,Lubbock,2022-04-20,2022-04-22,3,77.4,2022-04-22,85.0,69.5,77.3,85.9,29.1,70.4,94.46,77.06,7.0,17.77,2022,relMeanHI_p85_2d_walkforward,persistent_apparent_heat_anomaly
LUBBOCK_2022_005,48303,Lubbock,2022-04-28,2022-04-29,2,77.18,2022-04-28,95.0,61.1,78.0,59.2,10.9,71.5,95.0,77.04,5.67,8.38,2022,relMeanHI_p85_2d_walkforward,persistent_apparent_heat_anomaly
LUBBOCK_2022_006,48303,Lubbock,2022-05-07,2022-05-10,4,80.64,2022-05-09,97.5,69.5,83.5,23.6,1.0,75.7,101.03,80.95,4.97,13.51,2022,relMeanHI_p85_2d_walkforward,persistent_apparent_heat_anomaly
LUBBOCK_2022_007,48303,Lubbock,2022-05-14,2022-05-19,6,81.26,2022-05-18,98.5,69.5,84.0,37.2,1.3,78.3,101.03,81.64,3.01,11.8,2022,relMeanHI_p85_2d_walkforward,persistent_apparent_heat_anomaly
LUBBOCK_2022_008,48303,Lubbock,2022-05-28,2022-05-31,4,84.38,2022-05-28,102.9,71.0,86.9,49.9,6.1,80.9,102.92,84.86,3.49,5.8,2022,relMeanHI_p85_2d_walkforward,persistent_apparent_heat_anomaly
LUBBOCK_2022_009,48303,Lubbock,2022-06-11,2022-06-12,2,89.53,2022-06-11,106.0,77.0,91.5,50.5,8.0,84.9,106.07,91.65,4.61,8.73,2022,relMeanHI_p85_2d_walkforward,persistent_apparent_heat_anomaly
LUBBOCK_2022_010,48303,Lubbock,2022-06-14,2022-06-15,2,87.78,2022-06-15,98.5,76.5,87.5,66.6,17.6,85.3,99.5,87.24,2.48,3.32,2022,relMeanHI_p85_2d_walkforward,persistent_apparent_heat_anomaly
LUBBOCK_2022_011,48303,Lubbock,2022-07-05,2022-07-07,3,88.48,2022-07-07,100.5,77.0,88.7,62.8,14.2,86.7,101.03,87.92,1.8,4.52,2022,relMeanHI_p85_2d_walkforward,persistent_apparent_heat_anomaly
LUBBOCK_2022_012,48303,Lubbock,2022-07-18,2022-07-20,3,89.59,2022-07-19,106.1,78.5,92.3,43.2,7.7,86.4,106.07,90.86,3.18,6.37,2022,relMeanHI_p85_2d_walkforward,persistent_apparent_heat_anomaly
LUBBOCK_2022_013,48303,Lubbock,2022-07-25,2022-07-28,4,89.1,2022-07-27,100.0,78.0,89.0,61.6,17.6,86.3,99.95,87.55,2.75,3.78,2022,relMeanHI_p85_2d_walkforward,persistent_apparent_heat_anomaly
LUBBOCK_2022_014,48303,Lubbock,2022-08-02,2022-08-05,4,88.7,2022-08-03,101.9,77.4,89.7,54.8,14.7,86.4,101.93,88.18,2.31,6.02,2022,relMeanHI_p85_2d_walkforward,persistent_apparent_heat_anomaly
LUBBOCK_2022_015,48303,Lubbock,2022-09-16,2022-09-21,6,80.42,2022-09-17,91.9,68.0,80.0,86.4,30.7,78.2,91.94,79.11,3.13,10.14,2022,relMeanHI_p85_2d_walkforward,persistent_apparent_heat_anomaly
LUBBOCK_2022_016,48303,Lubbock,2022-10-22,2022-10-23,2,72.22,2022-10-23,84.9,60.5,72.7,82.4,25.0,66.4,84.92,71.35,5.82,7.81,2022,relMeanHI_p85_2d_walkforward,persistent_apparent_heat_anomaly
LUBBOCK_2022_017,48303,Lubbock,2022-11-08,2022-11-09,2,67.91,2022-11-09,77.5,59.5,68.5,77.4,42.4,59.9,77.54,67.14,7.96,12.78,2022,relMeanHI_p85_2d_walkforward,persistent_apparent_heat_anomaly
LUBBOCK_2022_018,48303,Lubbock,2022-12-05,2022-12-08,4,61.86,2022-12-05,75.9,50.0,63.0,93.6,30.1,50.7,75.92,58.17,11.13,25.48,2022,relMeanHI_p85_2d_walkforward,persistent_apparent_heat_anomaly
LUBBOCK_2022_019,48303,Lubbock,2022-12-28,2022-12-29,2,53.66,2022-12-28,68.0,46.0,57.0,41.0,13.9,47.1,68.0,53.98,6.53,7.88,2022,relMeanHI_p85_2d_walkforward,persistent_apparent_heat_anomaly
LUBBOCK_2022_020,48303,Lubbock,2022-12-31,2023-01-02,3,57.2,2023-01-01,72.1,47.0,59.5,62.6,22.8,46.2,72.05,57.85,11.05,27.59,2022,relMeanHI_p85_2d_walkforward,persistent_apparent_heat_anomaly
LUBBOCK_2023_001,48303,Lubbock,2023-01-09,2023-01-11,3,55.62,2023-01-10,76.0,41.4,58.7,46.7,9.5,45.9,76.01,56.09,9.77,20.84,2023,relMeanHI_p85_2d_walkforward,persistent_apparent_heat_anomaly
LUBBOCK_2023_002,48303,Lubbock,2023-01-14,2023-01-17,4,54.92,2023-01-15,69.0,47.0,58.0,46.2,13.8,46.9,71.06,54.52,8.02,18.19,2023,relMeanHI_p85_2d_walkforward,persistent_apparent_heat_anomaly
LUBBOCK_2023_003,48303,Lubbock,2023-02-05,2023-02-06,2,58.6,2023-02-06,78.1,44.5,61.3,54.1,8.7,49.5,78.08,57.16,9.15,10.09,2023,relMeanHI_p85_2d_walkforward,persistent_apparent_heat_anomaly
LUBBOCK_2023_004,48303,Lubbock,2023-02-20,2023-02-21,2,62.45,2023-02-21,79.1,49.6,64.3,66.2,19.1,54.5,79.07,63.14,7.95,13.37,2023,relMeanHI_p85_2d_walkforward,persistent_apparent_heat_anomaly
LUBBOCK_2023_005,48303,Lubbock,2023-05-08,2023-05-09,2,79.23,2023-05-09,94.5,65.5,80.0,58.8,7.6,76.1,94.46,79.59,3.11,5.31,2023,relMeanHI_p85_2d_walkforward,persistent_apparent_heat_anomaly
LUBBOCK_2023_006,48303,Lubbock,2023-06-20,2023-06-21,2,87.81,2023-06-21,107.0,72.5,89.7,56.3,5.5,86.0,106.97,89.38,1.79,1.81,2023,relMeanHI_p85_2d_walkforward,persistent_apparent_heat_anomaly
LUBBOCK_2023_007,48303,Lubbock,2023-06-26,2023-06-28,3,88.02,2023-06-27,107.5,73.0,90.3,51.7,6.3,86.6,107.51,88.67,1.46,3.01,2023,relMeanHI_p85_2d_walkforward,persistent_apparent_heat_anomaly
LUBBOCK_2023_008,48303,Lubbock,2023-07-10,2023-07-14,5,95.5,2023-07-13,106.5,78.5,92.5,67.0,16.9,86.5,108.5,89.0,9.01,23.29,2023,relMeanHI_p85_2d_walkforward,persistent_apparent_heat_anomaly
LUBBOCK_2023_009,48303,Lubbock,2023-07-18,2023-07-20,3,90.74,2023-07-18,105.5,78.5,92.0,52.0,10.5,86.5,105.53,90.6,4.23,9.96,2023,relMeanHI_p85_2d_walkforward,persistent_apparent_heat_anomaly
LUBBOCK_2023_010,48303,Lubbock,2023-07-23,2023-07-26,4,88.48,2023-07-25,100.5,77.4,89.0,60.3,14.5,86.6,101.48,87.29,1.93,3.07,2023,relMeanHI_p85_2d_walkforward,persistent_apparent_heat_anomaly
LUBBOCK_2023_011,48303,Lubbock,2023-08-04,2023-08-06,3,90.27,2023-08-05,102.5,79.5,91.0,53.7,14.9,86.4,102.47,90.24,3.91,9.14,2023,relMeanHI_p85_2d_walkforward,persistent_apparent_heat_anomaly
LUBBOCK_2023_012,48303,Lubbock,2023-08-08,2023-08-09,2,87.35,2023-08-08,100.5,75.0,87.8,60.6,17.5,86.3,101.48,88.25,1.05,1.61,2023,relMeanHI_p85_2d_walkforward,persistent_apparent_heat_anomaly
LUBBOCK_2023_013,48303,Lubbock,2023-08-11,2023-08-13,3,91.91,2023-08-12,105.5,78.0,91.8,58.9,13.2,86.1,106.07,90.42,5.82,11.74,2023,relMeanHI_p85_2d_walkforward,persistent_apparent_heat_anomaly
LUBBOCK_2023_014,48303,Lubbock,2023-08-16,2023-08-18,3,87.15,2023-08-17,105.5,71.5,88.5,57.9,10.7,85.2,105.53,87.77,1.91,3.3,2023,relMeanHI_p85_2d_walkforward,persistent_apparent_heat_anomaly
LUBBOCK_2023_015,48303,Lubbock,2023-09-04,2023-09-10,7,88.98,2023-09-08,106.1,75.5,90.8,52.1,9.1,80.2,106.07,85.29,8.81,21.33,2023,relMeanHI_p85_2d_walkforward,persistent_apparent_heat_anomaly
LUBBOCK_2023_016,48303,Lubbock,2023-09-21,2023-09-24,4,83.21,2023-09-22,97.0,67.5,82.2,79.3,23.2,77.3,98.51,80.31,5.95,13.1,2023,relMeanHI_p85_2d_walkforward,persistent_apparent_heat_anomaly
LUBBOCK_2023_017,48303,Lubbock,2023-09-27,2023-10-01,5,79.51,2023-09-29,91.0,68.0,79.5,74.9,26.7,75.1,90.95,77.71,4.42,13.16,2023,relMeanHI_p85_2d_walkforward,persistent_apparent_heat_anomaly
LUBBOCK_2023_018,48303,Lubbock,2023-10-11,2023-10-12,2,73.86,2023-10-11,88.0,61.1,74.5,68.8,24.1,71.0,87.98,73.65,2.86,4.64,2023,relMeanHI_p85_2d_walkforward,persistent_apparent_heat_anomaly
LUBBOCK_2023_019,48303,Lubbock,2023-10-21,2023-10-25,5,71.91,2023-10-21,88.5,58.5,73.5,47.8,10.7,67.5,88.52,69.26,4.42,10.06,2023,relMeanHI_p85_2d_walkforward,persistent_apparent_heat_anomaly
LUBBOCK_2023_020,48303,Lubbock,2023-11-06,2023-11-08,3,67.87,2023-11-08,87.5,52.0,69.8,51.8,9.6,60.3,87.53,68.51,7.52,16.91,2023,relMeanHI_p85_2d_walkforward,persistent_apparent_heat_anomaly
LUBBOCK_2023_021,48303,Lubbock,2023-12-07,2023-12-08,2,59.28,2023-12-07,77.5,45.0,61.3,74.6,17.3,51.0,77.54,58.53,8.29,10.48,2023,relMeanHI_p85_2d_walkforward,persistent_apparent_heat_anomaly
LUBBOCK_2023_022,48303,Lubbock,2023-12-19,2023-12-23,5,53.3,2023-12-21,61.5,47.5,54.5,100.0,55.3,46.5,67.46,52.04,6.77,18.84,2023,relMeanHI_p85_2d_walkforward,persistent_apparent_heat_anomaly
LUBBOCK_2024_001,48303,Lubbock,2024-01-31,2024-02-02,3,56.75,2024-02-02,73.0,44.1,58.6,89.7,22.9,48.4,74.93,56.16,8.3,16.73,2024,relMeanHI_p85_2d_walkforward,persistent_apparent_heat_anomaly
LUBBOCK_2024_002,48303,Lubbock,2024-02-20,2024-02-21,2,58.41,2024-02-21,84.5,38.6,61.5,42.2,2.1,54.6,84.47,60.87,3.85,6.74,2024,relMeanHI_p85_2d_walkforward,persistent_apparent_heat_anomaly
LUBBOCK_2024_003,48303,Lubbock,2024-02-25,2024-02-27,3,65.92,2024-02-26,86.0,49.6,67.8,52.9,18.0,55.1,86.0,64.1,10.79,20.41,2024,relMeanHI_p85_2d_walkforward,persistent_apparent_heat_anomaly
LUBBOCK_2024_004,48303,Lubbock,2024-04-13,2024-04-15,3,74.31,2024-04-15,89.5,62.0,75.7,49.8,5.5,69.0,90.05,73.08,5.32,8.03,2024,relMeanHI_p85_2d_walkforward,persistent_apparent_heat_anomaly
LUBBOCK_2024_005,48303,Lubbock,2024-04-30,2024-05-01,2,77.07,2024-05-01,92.9,61.0,77.0,94.1,21.7,72.9,92.93,75.96,4.19,5.08,2024,relMeanHI_p85_2d_walkforward,persistent_apparent_heat_anomaly
LUBBOCK_2024_006,48303,Lubbock,2024-05-19,2024-05-20,2,80.41,2024-05-19,99.0,65.0,82.0,54.2,3.9,78.5,98.96,81.39,1.95,2.19,2024,relMeanHI_p85_2d_walkforward,persistent_apparent_heat_anomaly
LUBBOCK_2024_007,48303,Lubbock,2024-06-02,2024-06-03,2,83.51,2024-06-02,93.0,70.1,81.5,86.5,30.1,82.4,98.51,83.03,1.08,1.54,2024,relMeanHI_p85_2d_walkforward,persistent_apparent_heat_anomaly
LUBBOCK_2024_008,48303,Lubbock,2024-06-16,2024-06-18,3,87.98,2024-06-16,95.5,72.5,84.0,90.9,32.2,85.4,96.53,84.34,2.54,6.13,2024,relMeanHI_p85_2d_walkforward,persistent_apparent_heat_anomaly
LUBBOCK_2024_009,48303,Lubbock,2024-06-25,2024-07-02,8,95.34,2024-06-26,101.9,78.0,90.0,82.1,21.4,86.7,103.46,88.43,8.67,30.64,2024,relMeanHI_p85_2d_walkforward,persistent_apparent_heat_anomaly
LUBBOCK_2024_010,48303,Lubbock,2024-07-29,2024-08-01,4,91.37,2024-07-31,101.5,76.6,89.0,69.9,22.7,86.7,101.48,87.12,4.69,9.14,2024,relMeanHI_p85_2d_walkforward,persistent_apparent_heat_anomaly
LUBBOCK_2024_011,48303,Lubbock,2024-08-07,2024-08-08,2,87.97,2024-08-08,104.4,71.5,88.0,67.1,13.6,86.4,104.45,87.87,1.58,2.11,2024,relMeanHI_p85_2d_walkforward,persistent_apparent_heat_anomaly
LUBBOCK_2024_012,48303,Lubbock,2024-08-11,2024-08-12,2,87.61,2024-08-12,98.1,77.0,87.5,63.9,18.5,86.3,98.96,87.37,1.33,2.18,2024,relMeanHI_p85_2d_walkforward,persistent_apparent_heat_anomaly
LUBBOCK_2024_013,48303,Lubbock,2024-08-14,2024-08-25,12,90.49,2024-08-22,106.1,80.5,93.3,42.6,6.1,84.8,106.07,88.48,5.64,31.66,2024,relMeanHI_p85_2d_walkforward,persistent_apparent_heat_anomaly
LUBBOCK_2024_014,48303,Lubbock,2024-09-13,2024-09-15,3,83.39,2024-09-14,96.0,70.1,83.0,74.1,19.6,79.1,98.96,81.08,4.3,7.02,2024,relMeanHI_p85_2d_walkforward,persistent_apparent_heat_anomaly
LUBBOCK_2024_015,48303,Lubbock,2024-09-18,2024-09-21,4,86.17,2024-09-19,97.5,71.1,84.3,80.4,25.4,78.2,97.52,81.6,7.95,17.95,2024,relMeanHI_p85_2d_walkforward,persistent_apparent_heat_anomaly
LUBBOCK_2024_016,48303,Lubbock,2024-10-03,2024-10-05,3,75.24,2024-10-03,90.5,61.5,76.0,66.1,15.9,74.0,90.95,75.24,1.28,2.14,2024,relMeanHI_p85_2d_walkforward,persistent_apparent_heat_anomaly
LUBBOCK_2024_017,48303,Lubbock,2024-10-08,2024-10-13,6,77.27,2024-10-12,98.0,59.5,78.8,37.3,2.8,70.4,97.97,76.54,6.89,23.17,2024,relMeanHI_p85_2d_walkforward,persistent_apparent_heat_anomaly
LUBBOCK_2024_018,48303,Lubbock,2024-10-21,2024-10-24,4,74.83,2024-10-24,92.9,58.0,75.5,73.9,15.9,66.1,92.93,72.23,8.72,18.39,2024,relMeanHI_p85_2d_walkforward,persistent_apparent_heat_anomaly
LUBBOCK_2024_019,48303,Lubbock,2024-10-27,2024-10-30,4,76.09,2024-10-28,89.1,65.5,77.3,46.1,13.3,65.2,90.05,72.76,10.94,27.74,2024,relMeanHI_p85_2d_walkforward,persistent_apparent_heat_anomaly
LUBBOCK_2024_020,48303,Lubbock,2024-11-16,2024-11-17,2,65.34,2024-11-16,79.5,54.0,66.8,69.4,23.4,57.9,79.52,63.0,7.47,8.92,2024,relMeanHI_p85_2d_walkforward,persistent_apparent_heat_anomaly
LUBBOCK_2024_021,48303,Lubbock,2024-12-22,2024-12-23,2,55.65,2024-12-23,75.5,40.5,58.0,73.8,19.2,46.6,75.47,54.61,9.0,11.39,2024,relMeanHI_p85_2d_walkforward,persistent_apparent_heat_anomaly
LUBBOCK_2024_022,48303,Lubbock,2024-12-26,2024-12-30,5,56.23,2024-12-30,73.5,44.5,59.0,59.1,10.1,46.5,73.49,54.45,9.69,21.91,2024,relMeanHI_p85_2d_walkforward,persistent_apparent_heat_anomaly
LUBBOCK_2025_001,48303,Lubbock,2025-02-01,2025-02-03,3,64.16,2025-02-03,91.0,42.4,66.7,42.9,1.5,48.7,91.04,60.77,15.48,26.93,2025,relMeanHI_p85_2d_walkforward,persistent_apparent_heat_anomaly
LUBBOCK_2025_002,48303,Lubbock,2025-02-05,2025-02-08,4,60.42,2025-02-05,86.4,38.5,62.5,76.1,9.3,48.9,88.07,60.38,11.48,31.68,2025,relMeanHI_p85_2d_walkforward,persistent_apparent_heat_anomaly
LUBBOCK_2025_003,48303,Lubbock,2025-03-02,2025-03-03,2,59.19,2025-03-03,80.1,44.5,62.3,39.1,2.5,56.8,80.06,61.11,2.37,3.39,2025,relMeanHI_p85_2d_walkforward,persistent_apparent_heat_anomaly
LUBBOCK_2025_004,48303,Lubbock,2025-03-25,2025-03-29,5,68.3,2025-03-29,84.5,55.9,70.2,50.6,8.0,64.0,89.51,68.25,5.02,15.14,2025,relMeanHI_p85_2d_walkforward,persistent_apparent_heat_anomaly
LUBBOCK_2025_005,48303,Lubbock,2025-04-12,2025-04-13,2,77.19,2025-04-13,94.6,63.0,78.8,35.4,1.0,68.5,95.0,76.12,8.66,12.47,2025,relMeanHI_p85_2d_walkforward,persistent_apparent_heat_anomaly
LUBBOCK_2025_006,48303,Lubbock,2025-04-16,2025-04-17,2,77.11,2025-04-17,93.5,63.0,78.2,50.8,7.5,69.9,93.47,74.23,7.22,7.24,2025,relMeanHI_p85_2d_walkforward,persistent_apparent_heat_anomaly
LUBBOCK_2025_007,48303,Lubbock,2025-04-24,2025-04-25,2,74.36,2025-04-25,84.5,64.0,74.2,90.5,38.3,71.2,86.99,72.97,3.16,3.79,2025,relMeanHI_p85_2d_walkforward,persistent_apparent_heat_anomaly
LUBBOCK_2025_008,48303,Lubbock,2025-04-27,2025-04-28,2,78.79,2025-04-28,91.0,67.6,79.2,67.2,14.5,71.7,90.95,77.0,7.09,10.0,2025,relMeanHI_p85_2d_walkforward,persistent_apparent_heat_anomaly
LUBBOCK_2025_009,48303,Lubbock,2025-05-13,2025-05-14,2,78.72,2025-05-13,95.5,64.5,80.0,42.1,2.5,77.4,95.54,79.5,1.36,1.4,2025,relMeanHI_p85_2d_walkforward,persistent_apparent_heat_anomaly
LUBBOCK_2025_010,48303,Lubbock,2025-05-22,2025-05-24,3,83.89,2025-05-24,103.6,68.5,86.0,55.3,6.1,80.2,103.55,82.85,3.69,5.59,2025,relMeanHI_p85_2d_walkforward,persistent_apparent_heat_anomaly
LUBBOCK_2025_011,48303,Lubbock,2025-06-16,2025-06-17,2,92.15,2025-06-17,104.5,76.0,90.3,72.7,13.2,85.7,104.54,86.9,6.49,7.64,2025,relMeanHI_p85_2d_walkforward,persistent_apparent_heat_anomaly
LUBBOCK_2025_012,48303,Lubbock,2025-06-20,2025-06-21,2,86.59,2025-06-21,94.6,74.0,84.3,81.2,28.0,86.2,95.99,84.52,0.43,0.64,2025,relMeanHI_p85_2d_walkforward,persistent_apparent_heat_anomaly
LUBBOCK_2025_013,48303,Lubbock,2025-07-20,2025-07-21,2,91.33,2025-07-21,99.0,77.0,88.0,77.4,24.4,86.6,99.5,87.24,4.7,6.76,2025,relMeanHI_p85_2d_walkforward,persistent_apparent_heat_anomaly
LUBBOCK_2025_014,48303,Lubbock,2025-07-26,2025-07-28,3,87.48,2025-07-28,94.6,73.5,84.0,88.2,31.2,86.6,98.51,84.35,0.88,1.49,2025,relMeanHI_p85_2d_walkforward,persistent_apparent_heat_anomaly
LUBBOCK_2025_015,48303,Lubbock,2025-08-05,2025-08-06,2,88.9,2025-08-05,99.0,71.5,85.3,87.5,27.0,86.7,101.48,85.89,2.24,3.37,2025,relMeanHI_p85_2d_walkforward,persistent_apparent_heat_anomaly
LUBBOCK_2025_016,48303,Lubbock,2025-08-08,2025-08-09,2,89.58,2025-08-09,103.0,77.0,90.0,59.2,13.7,86.5,103.01,88.99,3.09,4.12,2025,relMeanHI_p85_2d_walkforward,persistent_apparent_heat_anomaly
LUBBOCK_2025_017,48303,Lubbock,2025-08-14,2025-08-17,4,87.32,2025-08-14,100.9,71.1,86.0,76.3,19.5,86.2,100.94,84.83,1.15,2.54,2025,relMeanHI_p85_2d_walkforward,persistent_apparent_heat_anomaly
LUBBOCK_2025_018,48303,Lubbock,2025-09-20,2025-09-23,4,81.75,2025-09-22,97.5,64.5,81.0,81.0,19.3,77.6,97.52,79.74,4.17,9.3,2025,relMeanHI_p85_2d_walkforward,persistent_apparent_heat_anomaly
LUBBOCK_2025_019,48303,Lubbock,2025-10-01,2025-10-03,3,77.34,2025-10-03,90.5,65.5,78.0,62.6,16.3,74.0,92.48,77.08,3.3,6.17,2025,relMeanHI_p85_2d_walkforward,persistent_apparent_heat_anomaly
LUBBOCK_2025_020,48303,Lubbock,2025-10-05,2025-10-06,2,75.4,2025-10-05,88.0,63.5,75.7,75.3,26.2,73.8,87.98,74.89,1.62,1.76,2025,relMeanHI_p85_2d_walkforward,persistent_apparent_heat_anomaly
LUBBOCK_2025_021,48303,Lubbock,2025-10-10,2025-10-17,8,74.0,2025-10-12,82.0,67.0,74.5,65.8,33.1,70.6,89.51,72.31,3.83,13.11,2025,relMeanHI_p85_2d_walkforward,persistent_apparent_heat_anomaly
LUBBOCK_2025_022,48303,Lubbock,2025-11-04,2025-11-05,2,64.71,2025-11-04,86.4,46.9,66.7,61.2,8.7,62.6,86.45,65.48,2.15,2.16,2025,relMeanHI_p85_2d_walkforward,persistent_apparent_heat_anomaly
LUBBOCK_2025_023,48303,Lubbock,2025-11-13,2025-11-20,8,68.18,2025-11-15,89.0,51.0,70.0,54.9,8.8,58.6,88.97,64.48,9.58,38.96,2025,relMeanHI_p85_2d_walkforward,persistent_apparent_heat_anomaly
LUBBOCK_2025_024,48303,Lubbock,2025-12-11,2025-12-13,3,55.78,2025-12-11,78.0,39.5,58.7,53.9,8.8,49.4,77.99,56.42,6.35,14.28,2025,relMeanHI_p85_2d_walkforward,persistent_apparent_heat_anomaly
LUBBOCK_2025_025,48303,Lubbock,2025-12-16,2025-12-17,2,52.31,2025-12-16,74.5,35.1,54.8,85.8,14.9,48.2,74.48,53.65,4.15,5.56,2025,relMeanHI_p85_2d_walkforward,persistent_apparent_heat_anomaly
LUBBOCK_2025_026,48303,Lubbock,2025-12-19,2025-12-20,2,57.94,2025-12-20,80.0,41.5,60.8,54.6,5.4,47.1,79.97,59.25,10.87,17.99,2025,relMeanHI_p85_2d_walkforward,persistent_apparent_heat_anomaly
LUBBOCK_2025_027,48303,Lubbock,2025-12-22,2025-12-27,6,65.29,2025-12-27,81.5,52.1,66.8,72.3,18.2,47.7,84.47,63.58,17.57,84.3,2025,relMeanHI_p85_2d_walkforward,persistent_apparent_heat_anomaly
TRAVIS_2015_001,48453,Travis (Austin),2015-01-27,2015-01-29,3,62.53,2015-01-29,77.2,49.6,63.4,94.7,36.4,59.7,80.42,62.58,2.83,4.3,2015,relMeanHI_p85_2d_walkforward,persistent_apparent_heat_anomaly
TRAVIS_2015_002,48453,Travis (Austin),2015-02-08,2015-02-09,2,63.24,2015-02-08,76.8,51.2,64.0,96.4,36.9,62.2,80.96,64.09,1.09,2.11,2015,relMeanHI_p85_2d_walkforward,persistent_apparent_heat_anomaly
TRAVIS_2015_003,48453,Travis (Austin),2015-04-01,2015-04-03,3,75.63,2015-04-03,84.4,65.4,74.9,100.0,50.8,73.4,84.38,74.68,2.26,5.08,2015,relMeanHI_p85_2d_walkforward,persistent_apparent_heat_anomaly
TRAVIS_2015_004,48453,Travis (Austin),2015-12-21,2015-12-24,4,64.39,2015-12-23,79.2,50.8,65.0,99.3,36.9,58.9,79.2,62.62,5.46,11.11,2015,relMeanHI_p85_2d_walkforward,persistent_apparent_heat_anomaly
TRAVIS_2016_001,48453,Travis (Austin),2016-01-31,2016-02-01,2,64.72,2016-01-31,80.7,50.8,65.7,89.0,27.2,60.0,80.66,64.9,4.77,7.91,2016,relMeanHI_p85_2d_walkforward,persistent_apparent_heat_anomaly
TRAVIS_2016_002,48453,Travis (Austin),2016-02-19,2016-02-21,3,70.71,2016-02-20,76.8,63.2,70.0,100.0,71.5,65.6,79.67,68.7,5.15,10.1,2016,relMeanHI_p85_2d_walkforward,persistent_apparent_heat_anomaly
TRAVIS_2016_003,48453,Travis (Austin),2016-02-29,2016-03-01,2,67.66,2016-02-29,76.8,58.0,67.4,100.0,62.0,66.4,78.68,67.5,1.3,1.77,2016,relMeanHI_p85_2d_walkforward,persistent_apparent_heat_anomaly
TRAVIS_2016_004,48453,Travis (Austin),2016-06-12,2016-06-15,4,94.62,2016-06-15,95.1,76.5,85.8,98.9,41.5,92.5,95.06,84.92,2.11,5.54,2016,relMeanHI_p85_2d_walkforward,persistent_apparent_heat_anomaly
TRAVIS_2016_005,48453,Travis (Austin),2016-07-03,2016-07-09,7,98.19,2016-07-06,97.7,77.9,87.8,93.7,40.8,94.4,97.85,87.3,3.76,14.25,2016,relMeanHI_p85_2d_walkforward,persistent_apparent_heat_anomaly
TRAVIS_2016_006,48453,Travis (Austin),2016-09-18,2016-09-21,4,92.14,2016-09-19,96.9,73.8,85.3,94.2,38.8,89.2,97.16,84.53,2.9,7.1,2016,relMeanHI_p85_2d_walkforward,persistent_apparent_heat_anomaly
TRAVIS_2016_007,48453,Travis (Austin),2016-10-15,2016-10-19,5,86.04,2016-10-19,90.5,72.7,81.6,95.4,48.2,77.7,91.49,80.68,8.3,27.0,2016,relMeanHI_p85_2d_walkforward,persistent_apparent_heat_anomaly
TRAVIS_2016_008,48453,Travis (Austin),2016-11-01,2016-11-03,3,79.86,2016-11-02,87.4,71.2,79.3,78.5,47.9,74.0,87.38,76.82,5.9,10.4,2016,relMeanHI_p85_2d_walkforward,persistent_apparent_heat_anomaly
TRAVIS_2016_009,48453,Travis (Austin),2016-12-24,2016-12-29,6,74.31,2016-12-26,81.7,66.6,74.2,86.7,42.2,59.3,81.68,68.56,15.01,54.36,2016,relMeanHI_p85_2d_walkforward,persistent_apparent_heat_anomaly
TRAVIS_2017_001,48453,Travis (Austin),2017-01-01,2017-01-02,2,61.0,2017-01-01,74.6,48.8,61.7,99.5,45.8,58.3,74.63,61.6,2.68,4.9,2017,relMeanHI_p85_2d_walkforward,persistent_apparent_heat_anomaly
TRAVIS_2017_002,48453,Travis (Austin),2017-01-10,2017-01-13,4,71.0,2017-01-12,79.2,63.5,71.3,73.5,47.0,57.9,79.19,67.2,13.1,34.81,2017,relMeanHI_p85_2d_walkforward,persistent_apparent_heat_anomaly
TRAVIS_2017_003,48453,Travis (Austin),2017-01-21,2017-01-22,2,60.32,2017-01-22,72.5,52.0,62.2,68.3,23.4,59.7,78.2,62.26,1.05,1.65,2017,relMeanHI_p85_2d_walkforward,persistent_apparent_heat_anomaly
TRAVIS_2017_004,48453,Travis (Austin),2017-02-06,2017-02-08,3,68.59,2017-02-07,82.0,56.3,69.2,95.0,25.1,61.7,84.68,67.94,6.91,16.6,2017,relMeanHI_p85_2d_walkforward,persistent_apparent_heat_anomaly
TRAVIS_2017_005,48453,Travis (Austin),2017-02-11,2017-02-13,3,71.36,2017-02-12,80.1,63.2,71.7,77.2,43.3,63.3,81.98,70.44,8.09,20.34,2017,relMeanHI_p85_2d_walkforward,persistent_apparent_heat_anomaly
TRAVIS_2017_006,48453,Travis (Austin),2017-02-18,2017-02-19,2,70.99,2017-02-19,82.3,59.3,70.8,98.3,46.5,65.4,82.31,69.61,5.62,7.71,2017,relMeanHI_p85_2d_walkforward,persistent_apparent_heat_anomaly
TRAVIS_2017_007,48453,Travis (Austin),2017-02-27,2017-02-28,2,72.59,2017-02-28,79.2,65.7,72.4,83.7,53.3,66.3,79.16,70.13,6.24,7.25,2017,relMeanHI_p85_2d_walkforward,persistent_apparent_heat_anomaly
TRAVIS_2017_008,48453,Travis (Austin),2017-03-09,2017-03-10,2,69.85,2017-03-09,77.8,61.8,69.8,94.6,47.2,68.2,81.98,69.83,1.66,2.95,2017,relMeanHI_p85_2d_walkforward,persistent_apparent_heat_anomaly
TRAVIS_2017_009,48453,Travis (Austin),2017-03-17,2017-03-24,8,73.1,2017-03-22,82.6,64.1,73.4,73.1,40.9,70.8,84.14,72.45,2.35,11.7,2017,relMeanHI_p85_2d_walkforward,persistent_apparent_heat_anomaly
TRAVIS_2017_010,48453,Travis (Austin),2017-03-27,2017-03-28,2,76.94,2017-03-28,84.8,67.9,76.3,97.2,41.6,72.2,85.82,76.08,4.78,8.23,2017,relMeanHI_p85_2d_walkforward,persistent_apparent_heat_anomaly
TRAVIS_2017_011,48453,Travis (Austin),2017-08-16,2017-08-17,2,99.02,2017-08-17,99.2,78.7,88.9,90.9,36.0,96.2,99.21,88.52,2.79,4.28,2017,relMeanHI_p85_2d_walkforward,persistent_apparent_heat_anomaly
TRAVIS_2017_012,48453,Travis (Austin),2017-09-20,2017-09-21,2,90.71,2017-09-20,93.8,75.6,84.7,88.0,44.0,89.2,94.55,84.54,1.56,3.07,2017,relMeanHI_p85_2d_walkforward,persistent_apparent_heat_anomaly
TRAVIS_2017_013,48453,Travis (Austin),2017-11-03,2017-11-07,5,78.97,2017-11-03,86.0,70.5,78.3,86.1,49.3,73.6,86.15,76.16,5.78,20.65,2017,relMeanHI_p85_2d_walkforward,persistent_apparent_heat_anomaly
TRAVIS_2018_001,48453,Travis (Austin),2018-02-19,2018-02-20,2,71.15,2018-02-20,74.2,67.0,70.6,100.0,61.4,65.8,77.03,69.8,5.35,8.14,2018,relMeanHI_p85_2d_walkforward,persistent_apparent_heat_anomaly
TRAVIS_2018_002,48453,Travis (Austin),2018-03-17,2018-03-18,2,74.49,2018-03-18,83.7,65.0,74.3,90.7,37.6,70.6,85.16,73.92,3.89,6.75,2018,relMeanHI_p85_2d_walkforward,persistent_apparent_heat_anomaly
TRAVIS_2018_003,48453,Travis (Austin),2018-03-24,2018-03-27,4,73.94,2018-03-26,82.5,66.5,74.5,63.0,34.7,72.0,82.52,73.1,1.9,3.82,2018,relMeanHI_p85_2d_walkforward,persistent_apparent_heat_anomaly
TRAVIS_2018_004,48453,Travis (Austin),2018-06-02,2018-06-03,2,90.08,2018-06-03,97.5,74.0,85.7,90.0,26.9,89.5,99.17,86.41,0.58,0.97,2018,relMeanHI_p85_2d_walkforward,persistent_apparent_heat_anomaly
TRAVIS_2018_005,48453,Travis (Austin),2018-08-28,2018-08-29,2,95.48,2018-08-28,100.0,76.6,88.3,86.2,32.7,94.5,99.99,88.02,0.94,1.81,2018,relMeanHI_p85_2d_walkforward,persistent_apparent_heat_anomaly
TRAVIS_2018_006,48453,Travis (Austin),2018-10-03,2018-10-06,4,84.68,2018-10-03,89.4,72.1,80.8,94.3,51.1,84.0,89.73,80.71,1.35,3.21,2018,relMeanHI_p85_2d_walkforward,persistent_apparent_heat_anomaly
TRAVIS_2019_001,48453,Travis (Austin),2019-01-07,2019-01-08,2,62.67,2019-01-08,75.6,51.0,63.3,100.0,42.3,57.6,75.59,63.08,5.04,9.52,2019,relMeanHI_p85_2d_walkforward,persistent_apparent_heat_anomaly
TRAVIS_2019_002,48453,Travis (Austin),2019-02-02,2019-02-06,5,71.47,2019-02-05,77.0,66.0,71.5,79.2,54.4,61.0,76.97,68.16,10.46,34.58,2019,relMeanHI_p85_2d_walkforward,persistent_apparent_heat_anomaly
TRAVIS_2019_003,48453,Travis (Austin),2019-03-08,2019-03-09,2,71.2,2019-03-09,84.4,58.6,71.5,93.0,29.4,68.2,84.35,71.5,3.0,5.9,2019,relMeanHI_p85_2d_walkforward,persistent_apparent_heat_anomaly
TRAVIS_2019_004,48453,Travis (Austin),2019-05-19,2019-05-20,2,86.75,2019-05-19,89.8,74.3,82.1,92.4,48.9,84.9,89.99,82.29,1.87,3.43,2019,relMeanHI_p85_2d_walkforward,persistent_apparent_heat_anomaly
TRAVIS_2019_005,48453,Travis (Austin),2019-08-18,2019-08-19,2,97.18,2019-08-18,101.0,77.8,89.4,84.0,31.7,96.1,101.0,89.16,1.09,1.92,2019,relMeanHI_p85_2d_walkforward,persistent_apparent_heat_anomaly
TRAVIS_2019_006,48453,Travis (Austin),2019-09-10,2019-09-11,2,92.5,2019-09-10,97.8,72.8,85.3,98.3,36.7,90.4,97.82,84.75,2.1,2.23,2019,relMeanHI_p85_2d_walkforward,persistent_apparent_heat_anomaly
TRAVIS_2019_007,48453,Travis (Austin),2019-09-19,2019-10-06,18,93.35,2019-09-30,95.5,77.1,86.3,86.5,42.0,85.1,97.16,84.8,8.22,56.75,2019,relMeanHI_p85_2d_walkforward,persistent_apparent_heat_anomaly
TRAVIS_2019_008,48453,Travis (Austin),2019-11-20,2019-11-21,2,73.18,2019-11-21,78.5,67.0,72.7,93.6,54.0,68.2,81.17,71.71,4.95,6.36,2019,relMeanHI_p85_2d_walkforward,persistent_apparent_heat_anomaly
TRAVIS_2020_001,48453,Travis (Austin),2020-01-09,2020-01-10,2,65.74,2020-01-10,74.8,56.8,65.8,100.0,54.1,58.0,74.84,65.64,7.78,14.38,2020,relMeanHI_p85_2d_walkforward,persistent_apparent_heat_anomaly
TRAVIS_2020_002,48453,Travis (Austin),2020-01-14,2020-01-16,3,72.66,2020-01-15,79.5,65.8,72.7,79.3,49.4,58.3,79.49,66.86,14.31,24.68,2020,relMeanHI_p85_2d_walkforward,persistent_apparent_heat_anomaly
TRAVIS_2020_003,48453,Travis (Austin),2020-03-11,2020-03-14,4,74.62,2020-03-14,82.4,66.4,74.4,88.9,42.6,70.0,84.32,74.2,4.71,16.82,2020,relMeanHI_p85_2d_walkforward,persistent_apparent_heat_anomaly
TRAVIS_2020_004,48453,Travis (Austin),2020-03-17,2020-03-19,3,75.63,2020-03-19,81.6,68.5,75.1,98.4,44.0,70.9,81.98,74.23,4.71,10.78,2020,relMeanHI_p85_2d_walkforward,persistent_apparent_heat_anomaly
TRAVIS_2020_005,48453,Travis (Austin),2020-03-24,2020-03-27,4,76.76,2020-03-27,86.8,67.2,77.0,65.2,35.9,72.4,89.51,74.56,4.34,9.34,2020,relMeanHI_p85_2d_walkforward,persistent_apparent_heat_anomaly
TRAVIS_2020_006,48453,Travis (Austin),2020-04-07,2020-04-09,3,83.38,2020-04-08,91.5,71.2,81.4,80.1,38.0,74.2,91.52,78.24,9.22,15.41,2020,relMeanHI_p85_2d_walkforward,persistent_apparent_heat_anomaly
TRAVIS_2020_007,48453,Travis (Austin),2020-05-03,2020-05-04,2,82.93,2020-05-04,93.6,70.2,81.9,75.2,28.2,79.8,93.65,80.83,3.11,3.62,2020,relMeanHI_p85_2d_walkforward,persistent_apparent_heat_anomaly
TRAVIS_2020_008,48453,Travis (Austin),2020-08-11,2020-08-12,2,97.81,2020-08-12,102.0,77.0,89.5,86.9,30.6,96.4,102.02,89.16,1.42,1.63,2020,relMeanHI_p85_2d_walkforward,persistent_apparent_heat_anomaly
TRAVIS_2020_009,48453,Travis (Austin),2020-08-28,2020-09-01,5,100.43,2020-08-28,102.7,78.1,90.4,88.1,31.1,94.6,102.68,89.74,5.86,24.08,2020,relMeanHI_p85_2d_walkforward,persistent_apparent_heat_anomaly
TRAVIS_2020_010,48453,Travis (Austin),2020-10-18,2020-10-22,5,84.02,2020-10-20,89.8,72.7,81.3,84.6,43.1,77.6,91.01,80.04,6.47,19.72,2020,relMeanHI_p85_2d_walkforward,persistent_apparent_heat_anomaly
TRAVIS_2020_011,48453,Travis (Austin),2020-11-13,2020-11-14,2,76.94,2020-11-14,85.6,67.0,76.3,98.0,41.4,70.1,85.64,73.91,6.85,7.69,2020,relMeanHI_p85_2d_walkforward,persistent_apparent_heat_anomaly
TRAVIS_2020_012,48453,Travis (Austin),2020-11-20,2020-11-21,2,70.56,2020-11-21,80.2,62.0,71.1,73.4,40.6,68.2,81.61,70.65,2.35,3.18,2020,relMeanHI_p85_2d_walkforward,persistent_apparent_heat_anomaly
TRAVIS_2020_013,48453,Travis (Austin),2020-12-28,2020-12-29,2,66.37,2020-12-29,73.7,60.5,67.1,73.9,48.5,59.1,74.18,65.58,7.3,10.9,2020,relMeanHI_p85_2d_walkforward,persistent_apparent_heat_anomaly
TRAVIS_2021_001,48453,Travis (Austin),2021-01-24,2021-01-25,2,62.44,2021-01-24,68.0,57.6,62.8,89.9,64.6,59.4,73.82,62.49,3.01,4.77,2021,relMeanHI_p85_2d_walkforward,persistent_apparent_heat_anomaly
TRAVIS_2021_002,48453,Travis (Austin),2021-03-10,2021-03-13,4,73.6,2021-03-12,80.0,67.4,73.7,72.4,48.7,70.0,81.0,72.6,3.87,11.46,2021,relMeanHI_p85_2d_walkforward,persistent_apparent_heat_anomaly
TRAVIS_2021_003,48453,Travis (Austin),2021-06-24,2021-06-26,3,95.71,2021-06-26,95.3,76.0,85.7,99.9,46.8,93.7,96.17,85.61,2.12,5.04,2021,relMeanHI_p85_2d_walkforward,persistent_apparent_heat_anomaly
TRAVIS_2021_004,48453,Travis (Austin),2021-09-20,2021-09-21,2,90.43,2021-09-20,100.2,72.8,86.5,82.1,29.0,89.1,100.16,85.42,1.34,2.64,2021,relMeanHI_p85_2d_walkforward,persistent_apparent_heat_anomaly
TRAVIS_2021_005,48453,Travis (Austin),2021-10-23,2021-10-26,4,79.26,2021-10-26,86.5,69.8,78.2,100.0,52.1,75.5,88.16,77.73,3.73,9.72,2021,relMeanHI_p85_2d_walkforward,persistent_apparent_heat_anomaly
TRAVIS_2021_006,48453,Travis (Austin),2021-11-16,2021-11-17,2,71.61,2021-11-17,81.4,61.5,71.4,100.0,42.4,69.6,81.35,71.38,2.01,3.21,2021,relMeanHI_p85_2d_walkforward,persistent_apparent_heat_anomaly
TRAVIS_2021_007,48453,Travis (Austin),2021-12-03,2021-12-05,3,70.56,2021-12-05,77.1,64.3,70.7,77.2,53.1,63.3,77.15,69.14,7.28,14.74,2021,relMeanHI_p85_2d_walkforward,persistent_apparent_heat_anomaly
TRAVIS_2021_008,48453,Travis (Austin),2021-12-09,2021-12-10,2,75.66,2021-12-10,83.1,67.1,75.1,100.0,40.7,62.7,83.15,71.49,13.01,17.32,2021,relMeanHI_p85_2d_walkforward,persistent_apparent_heat_anomaly
TRAVIS_2021_009,48453,Travis (Austin),2021-12-14,2021-12-17,4,73.36,2021-12-16,78.1,68.6,73.4,72.9,52.2,61.1,78.5,70.83,12.52,37.71,2021,relMeanHI_p85_2d_walkforward,persistent_apparent_heat_anomaly
TRAVIS_2021_010,48453,Travis (Austin),2021-12-23,2021-12-31,9,70.55,2021-12-31,80.7,61.8,71.2,67.9,38.0,58.6,81.14,67.66,11.95,70.88,2021,relMeanHI_p85_2d_walkforward,persistent_apparent_heat_anomaly
TRAVIS_2022_001,48453,Travis (Austin),2022-02-21,2022-02-22,2,68.98,2022-02-21,82.3,57.4,69.8,70.6,34.4,65.5,85.49,68.7,3.46,4.77,2022,relMeanHI_p85_2d_walkforward,persistent_apparent_heat_anomaly
TRAVIS_2022_002,48453,Travis (Austin),2022-03-05,2022-03-06,2,72.61,2022-03-06,81.4,63.0,72.2,100.0,48.7,68.2,81.35,71.85,4.4,7.53,2022,relMeanHI_p85_2d_walkforward,persistent_apparent_heat_anomaly
TRAVIS_2022_003,48453,Travis (Austin),2022-04-11,2022-04-13,3,81.58,2022-04-12,90.1,70.3,80.2,73.2,37.6,74.7,92.18,77.73,6.87,11.04,2022,relMeanHI_p85_2d_walkforward,persistent_apparent_heat_anomaly
TRAVIS_2022_004,48453,Travis (Austin),2022-04-16,2022-04-17,2,77.09,2022-04-16,84.2,69.1,76.7,84.5,46.2,75.4,87.02,76.03,1.7,2.11,2022,relMeanHI_p85_2d_walkforward,persistent_apparent_heat_anomaly
TRAVIS_2022_005,48453,Travis (Austin),2022-04-22,2022-04-24,3,79.05,2022-04-24,88.8,68.3,78.6,83.9,40.4,77.6,88.82,78.42,1.45,3.86,2022,relMeanHI_p85_2d_walkforward,persistent_apparent_heat_anomaly
TRAVIS_2022_006,48453,Travis (Austin),2022-04-30,2022-05-01,2,80.64,2022-04-30,88.8,71.0,79.9,86.0,43.3,78.7,88.82,79.5,1.94,3.15,2022,relMeanHI_p85_2d_walkforward,persistent_apparent_heat_anomaly
TRAVIS_2022_007,48453,Travis (Austin),2022-05-03,2022-05-04,2,83.89,2022-05-03,90.5,72.0,81.2,84.8,41.9,79.5,90.47,80.98,4.35,7.67,2022,relMeanHI_p85_2d_walkforward,persistent_apparent_heat_anomaly
TRAVIS_2022_008,48453,Travis (Austin),2022-05-07,2022-05-10,4,87.07,2022-05-09,96.0,74.3,85.2,70.3,32.5,81.0,96.86,84.46,6.03,18.21,2022,relMeanHI_p85_2d_walkforward,persistent_apparent_heat_anomaly
TRAVIS_2022_009,48453,Travis (Austin),2022-05-20,2022-05-21,2,88.21,2022-05-21,97.3,69.9,83.6,100.0,30.2,85.7,97.34,84.1,2.5,3.32,2022,relMeanHI_p85_2d_walkforward,persistent_apparent_heat_anomaly
TRAVIS_2022_010,48453,Travis (Austin),2022-05-31,2022-06-01,2,92.18,2022-06-01,95.0,75.2,85.1,94.4,42.0,88.9,96.17,85.24,3.3,4.09,2022,relMeanHI_p85_2d_walkforward,persistent_apparent_heat_anomaly
TRAVIS_2022_011,48453,Travis (Austin),2022-07-02,2022-07-03,2,96.48,2022-07-03,100.3,76.7,88.5,88.2,32.9,94.2,100.31,88.15,2.26,3.64,2022,relMeanHI_p85_2d_walkforward,persistent_apparent_heat_anomaly
TRAVIS_2022_012,48453,Travis (Austin),2022-07-05,2022-07-06,2,95.59,2022-07-06,101.3,74.7,88.0,91.1,30.8,94.4,101.3,87.98,1.22,1.61,2022,relMeanHI_p85_2d_walkforward,persistent_apparent_heat_anomaly
TRAVIS_2022_013,48453,Travis (Austin),2022-07-09,2022-07-14,6,96.86,2022-07-14,102.3,74.8,88.6,94.5,27.3,94.6,106.97,90.94,2.23,6.27,2022,relMeanHI_p85_2d_walkforward,persistent_apparent_heat_anomaly
TRAVIS_2022_014,48453,Travis (Austin),2022-07-19,2022-07-21,3,97.26,2022-07-20,104.7,75.1,89.9,85.1,26.7,94.9,104.69,89.8,2.39,4.41,2022,relMeanHI_p85_2d_walkforward,persistent_apparent_heat_anomaly
TRAVIS_2022_015,48453,Travis (Austin),2022-08-03,2022-08-04,2,96.02,2022-08-03,103.8,76.0,89.9,80.3,26.7,95.5,104.4,90.24,0.53,0.64,2022,relMeanHI_p85_2d_walkforward,persistent_apparent_heat_anomaly
TRAVIS_2022_016,48453,Travis (Austin),2022-08-27,2022-08-29,3,95.92,2022-08-27,97.3,75.3,86.3,99.2,41.1,95.0,97.52,86.27,0.94,1.59,2022,relMeanHI_p85_2d_walkforward,persistent_apparent_heat_anomaly
TRAVIS_2022_017,48453,Travis (Austin),2022-09-17,2022-09-20,4,90.97,2022-09-17,96.2,73.7,84.9,92.8,38.6,89.6,97.01,84.74,1.42,4.41,2022,relMeanHI_p85_2d_walkforward,persistent_apparent_heat_anomaly
TRAVIS_2022_018,48453,Travis (Austin),2022-10-12,2022-10-13,2,83.82,2022-10-12,95.0,68.8,81.9,84.2,30.1,79.6,95.03,80.35,4.25,4.26,2022,relMeanHI_p85_2d_walkforward,persistent_apparent_heat_anomaly
TRAVIS_2022_019,48453,Travis (Austin),2022-10-15,2022-10-16,2,79.72,2022-10-15,90.0,69.0,79.5,73.9,34.6,78.5,90.02,78.69,1.17,1.56,2022,relMeanHI_p85_2d_walkforward,persistent_apparent_heat_anomaly
TRAVIS_2022_020,48453,Travis (Austin),2022-11-03,2022-11-04,2,73.75,2022-11-03,81.3,66.5,73.9,72.1,44.8,73.1,83.81,73.33,0.6,1.09,2022,relMeanHI_p85_2d_walkforward,persistent_apparent_heat_anomaly
TRAVIS_2022_021,48453,Travis (Austin),2022-11-09,2022-11-10,2,72.42,2022-11-10,79.9,64.9,72.4,82.5,48.7,70.9,79.85,72.42,1.52,2.86,2022,relMeanHI_p85_2d_walkforward,persistent_apparent_heat_anomaly
TRAVIS_2022_022,48453,Travis (Austin),2022-12-06,2022-12-10,5,73.27,2022-12-07,79.7,66.8,73.2,76.9,50.6,63.4,79.67,71.65,9.89,42.09,2022,relMeanHI_p85_2d_walkforward,persistent_apparent_heat_anomaly
TRAVIS_2022_023,48453,Travis (Austin),2022-12-12,2022-12-13,2,66.94,2022-12-13,74.7,59.7,67.2,96.1,45.8,62.1,74.69,64.96,4.88,5.03,2022,relMeanHI_p85_2d_walkforward,persistent_apparent_heat_anomaly
TRAVIS_2023_001,48453,Travis (Austin),2023-01-01,2023-01-03,3,71.98,2023-01-02,80.3,63.2,71.8,97.1,45.6,58.7,80.3,65.78,13.28,19.29,2023,relMeanHI_p85_2d_walkforward,persistent_apparent_heat_anomaly
TRAVIS_2023_002,48453,Travis (Austin),2023-01-10,2023-01-11,2,67.42,2023-01-11,80.2,55.7,67.9,90.8,36.4,57.6,80.63,67.3,9.79,17.64,2023,relMeanHI_p85_2d_walkforward,persistent_apparent_heat_anomaly
TRAVIS_2023_003,48453,Travis (Austin),2023-01-16,2023-01-18,3,63.86,2023-01-18,76.2,53.2,64.7,99.0,29.6,58.8,79.34,64.23,5.04,14.12,2023,relMeanHI_p85_2d_walkforward,persistent_apparent_heat_anomaly
TRAVIS_2023_004,48453,Travis (Austin),2023-02-20,2023-02-23,4,74.93,2023-02-22,88.2,62.7,75.4,71.5,24.2,65.7,88.19,70.23,9.19,16.34,2023,relMeanHI_p85_2d_walkforward,persistent_apparent_heat_anomaly
TRAVIS_2023_005,48453,Travis (Austin),2023-03-07,2023-03-09,3,72.68,2023-03-07,81.7,63.5,72.6,82.1,50.4,68.5,82.52,70.96,4.22,7.35,2023,relMeanHI_p85_2d_walkforward,persistent_apparent_heat_anomaly
TRAVIS_2023_006,48453,Travis (Austin),2023-04-03,2023-04-04,2,79.68,2023-04-04,87.8,71.3,79.6,65.1,38.9,73.3,90.14,79.37,6.34,12.08,2023,relMeanHI_p85_2d_walkforward,persistent_apparent_heat_anomaly
TRAVIS_2023_007,48453,Travis (Austin),2023-06-15,2023-06-16,2,95.75,2023-06-15,97.6,79.8,88.7,80.2,35.8,92.5,100.58,88.71,3.3,4.35,2023,relMeanHI_p85_2d_walkforward,persistent_apparent_heat_anomaly
TRAVIS_2023_008,48453,Travis (Austin),2023-06-18,2023-06-19,2,94.26,2023-06-19,101.5,78.0,89.8,74.1,26.5,92.7,101.48,89.46,1.54,1.55,2023,relMeanHI_p85_2d_walkforward,persistent_apparent_heat_anomaly
TRAVIS_2023_009,48453,Travis (Austin),2023-07-09,2023-07-14,6,99.08,2023-07-10,102.7,78.1,90.4,85.4,29.1,94.9,104.69,90.53,4.18,18.64,2023,relMeanHI_p85_2d_walkforward,persistent_apparent_heat_anomaly
TRAVIS_2023_010,48453,Travis (Austin),2023-08-02,2023-08-13,12,100.84,2023-08-12,105.5,79.2,92.3,79.6,25.8,96.3,106.67,91.46,4.59,20.32,2023,relMeanHI_p85_2d_walkforward,persistent_apparent_heat_anomaly
TRAVIS_2023_011,48453,Travis (Austin),2023-08-21,2023-08-22,2,96.32,2023-08-22,100.5,77.4,88.9,83.7,32.7,95.6,105.68,90.52,0.74,0.84,2023,relMeanHI_p85_2d_walkforward,persistent_apparent_heat_anomaly
TRAVIS_2023_012,48453,Travis (Austin),2023-09-04,2023-09-10,7,97.71,2023-09-05,103.2,78.7,90.9,76.6,28.6,92.4,106.7,90.22,5.32,13.46,2023,relMeanHI_p85_2d_walkforward,persistent_apparent_heat_anomaly
TRAVIS_2023_013,48453,Travis (Austin),2023-09-21,2023-09-25,5,95.5,2023-09-24,101.7,76.0,88.8,84.3,29.9,88.4,101.66,86.69,7.13,21.74,2023,relMeanHI_p85_2d_walkforward,persistent_apparent_heat_anomaly
TRAVIS_2023_014,48453,Travis (Austin),2023-10-27,2023-10-28,2,80.28,2023-10-27,85.9,73.3,79.6,81.1,47.8,75.2,86.15,79.42,5.07,10.14,2023,relMeanHI_p85_2d_walkforward,persistent_apparent_heat_anomaly
TRAVIS_2023_015,48453,Travis (Austin),2023-11-07,2023-11-08,2,75.05,2023-11-08,81.5,68.2,74.8,78.0,51.3,71.3,83.63,74.24,3.76,5.64,2023,relMeanHI_p85_2d_walkforward,persistent_apparent_heat_anomaly
TRAVIS_2023_016,48453,Travis (Austin),2023-12-22,2023-12-24,3,63.93,2023-12-22,69.8,59.7,64.8,77.3,50.3,59.8,71.33,63.92,4.12,10.49,2023,relMeanHI_p85_2d_walkforward,persistent_apparent_heat_anomaly
TRAVIS_2024_001,48453,Travis (Austin),2024-02-08,2024-02-09,2,65.22,2024-02-09,72.7,59.2,65.9,76.1,52.3,62.1,72.68,64.71,3.17,3.81,2024,relMeanHI_p85_2d_walkforward,persistent_apparent_heat_anomaly
TRAVIS_2024_002,48453,Travis (Austin),2024-02-25,2024-02-27,3,74.47,2024-02-27,82.0,64.8,73.4,100.0,72.3,66.7,86.97,71.27,7.74,14.0,2024,relMeanHI_p85_2d_walkforward,persistent_apparent_heat_anomaly
TRAVIS_2024_003,48453,Travis (Austin),2024-03-03,2024-03-07,5,74.45,2024-03-04,82.6,65.4,74.0,96.7,46.2,68.0,88.59,71.23,6.48,12.96,2024,relMeanHI_p85_2d_walkforward,persistent_apparent_heat_anomaly
TRAVIS_2024_004,48453,Travis (Austin),2024-03-13,2024-03-14,2,74.34,2024-03-14,80.0,68.1,74.1,75.8,57.7,70.3,82.34,73.84,4.01,7.21,2024,relMeanHI_p85_2d_walkforward,persistent_apparent_heat_anomaly
TRAVIS_2024_005,48453,Travis (Austin),2024-04-17,2024-04-18,2,79.3,2024-04-18,86.7,70.8,78.8,84.5,41.7,75.6,86.69,77.46,3.67,4.91,2024,relMeanHI_p85_2d_walkforward,persistent_apparent_heat_anomaly
TRAVIS_2024_006,48453,Travis (Austin),2024-05-07,2024-05-09,3,86.04,2024-05-09,91.6,72.4,82.0,96.9,39.6,82.2,91.58,81.39,3.86,10.47,2024,relMeanHI_p85_2d_walkforward,persistent_apparent_heat_anomaly
TRAVIS_2024_007,48453,Travis (Austin),2024-05-21,2024-05-27,7,90.96,2024-05-25,96.8,76.3,86.6,79.0,34.3,86.7,97.67,85.06,4.27,14.68,2024,relMeanHI_p85_2d_walkforward,persistent_apparent_heat_anomaly
TRAVIS_2024_008,48453,Travis (Austin),2024-06-02,2024-06-04,3,95.24,2024-06-04,96.0,79.3,87.7,83.7,39.7,89.6,96.02,85.82,5.68,9.59,2024,relMeanHI_p85_2d_walkforward,persistent_apparent_heat_anomaly
TRAVIS_2024_009,48453,Travis (Austin),2024-06-25,2024-06-30,6,99.85,2024-06-29,98.8,79.2,89.0,91.4,37.8,94.1,98.84,87.48,5.78,14.96,2024,relMeanHI_p85_2d_walkforward,persistent_apparent_heat_anomaly
TRAVIS_2024_010,48453,Travis (Austin),2024-08-21,2024-08-24,4,100.09,2024-08-23,102.6,78.2,90.4,87.0,31.1,95.5,108.28,90.56,4.56,8.18,2024,relMeanHI_p85_2d_walkforward,persistent_apparent_heat_anomaly
TRAVIS_2024_011,48453,Travis (Austin),2024-09-18,2024-09-21,4,93.52,2024-09-20,98.2,75.5,86.8,88.2,35.6,89.3,98.18,86.19,4.2,10.31,2024,relMeanHI_p85_2d_walkforward,persistent_apparent_heat_anomaly
TRAVIS_2024_012,48453,Travis (Austin),2024-10-13,2024-10-14,2,81.4,2024-10-13,98.8,65.3,82.1,64.0,13.9,79.0,98.81,81.04,2.39,3.63,2024,relMeanHI_p85_2d_walkforward,persistent_apparent_heat_anomaly
TRAVIS_2024_013,48453,Travis (Austin),2024-10-24,2024-10-31,8,84.01,2024-10-30,90.2,73.2,81.7,77.9,42.2,74.9,91.62,78.19,9.12,26.46,2024,relMeanHI_p85_2d_walkforward,persistent_apparent_heat_anomaly
TRAVIS_2024_014,48453,Travis (Austin),2024-11-02,2024-11-04,3,78.93,2024-11-03,85.2,72.0,78.6,72.5,44.4,73.3,85.21,76.14,5.67,9.75,2024,relMeanHI_p85_2d_walkforward,persistent_apparent_heat_anomaly
TRAVIS_2024_015,48453,Travis (Austin),2024-11-07,2024-11-08,2,76.2,2024-11-08,87.2,63.8,75.5,100.0,46.6,71.3,87.22,74.0,4.93,5.56,2024,relMeanHI_p85_2d_walkforward,persistent_apparent_heat_anomaly
TRAVIS_2024_016,48453,Travis (Austin),2024-12-14,2024-12-17,4,72.19,2024-12-15,77.5,67.3,72.4,71.8,49.8,62.0,79.01,71.35,10.2,37.15,2024,relMeanHI_p85_2d_walkforward,persistent_apparent_heat_anomaly
TRAVIS_2024_017,48453,Travis (Austin),2024-12-23,2024-12-24,2,65.96,2024-12-24,74.5,58.2,66.3,93.6,46.5,59.7,74.51,65.17,6.3,9.53,2024,relMeanHI_p85_2d_walkforward,persistent_apparent_heat_anomaly
TRAVIS_2025_001,48453,Travis (Austin),2025-02-03,2025-02-08,6,75.59,2025-02-08,84.7,66.2,75.4,96.5,27.1,62.1,84.68,72.22,13.48,62.21,2025,relMeanHI_p85_2d_walkforward,persistent_apparent_heat_anomaly
TRAVIS_2025_002,48453,Travis (Austin),2025-03-25,2025-03-26,2,73.66,2025-03-25,89.5,59.0,74.3,73.6,23.5,71.8,89.51,73.46,1.85,2.51,2025,relMeanHI_p85_2d_walkforward,persistent_apparent_heat_anomaly
TRAVIS_2025_003,48453,Travis (Austin),2025-03-29,2025-03-30,2,74.8,2025-03-30,81.5,66.5,74.0,98.9,58.4,72.5,84.5,74.2,2.3,4.13,2025,relMeanHI_p85_2d_walkforward,persistent_apparent_heat_anomaly
TRAVIS_2025_004,48453,Travis (Austin),2025-04-02,2025-04-04,3,78.95,2025-04-03,89.4,67.3,78.4,89.7,40.9,73.3,89.36,76.2,5.62,9.77,2025,relMeanHI_p85_2d_walkforward,persistent_apparent_heat_anomaly
TRAVIS_2025_005,48453,Travis (Austin),2025-04-17,2025-04-19,3,78.38,2025-04-18,90.2,67.2,78.7,62.5,28.3,75.6,90.2,77.31,2.74,3.37,2025,relMeanHI_p85_2d_walkforward,persistent_apparent_heat_anomaly
TRAVIS_2025_006,48453,Travis (Austin),2025-04-29,2025-04-30,2,79.56,2025-04-29,86.8,72.0,79.4,67.0,39.0,78.6,86.99,79.05,1.01,1.48,2025,relMeanHI_p85_2d_walkforward,persistent_apparent_heat_anomaly
TRAVIS_2025_007,48453,Travis (Austin),2025-05-14,2025-05-19,6,91.14,2025-05-17,96.5,77.8,87.1,76.3,32.4,83.9,99.5,84.58,7.2,17.71,2025,relMeanHI_p85_2d_walkforward,persistent_apparent_heat_anomaly
TRAVIS_2025_008,48453,Travis (Austin),2025-05-24,2025-05-25,2,91.24,2025-05-25,97.2,76.6,86.9,76.6,35.0,86.8,97.31,86.44,4.41,7.04,2025,relMeanHI_p85_2d_walkforward,persistent_apparent_heat_anomaly
TRAVIS_2025_009,48453,Travis (Austin),2025-06-06,2025-06-08,3,92.88,2025-06-07,95.0,76.8,85.9,91.4,38.9,91.0,95.51,85.54,1.86,3.81,2025,relMeanHI_p85_2d_walkforward,persistent_apparent_heat_anomaly
TRAVIS_2025_010,48453,Travis (Austin),2025-06-19,2025-06-20,2,93.58,2025-06-19,95.0,76.3,85.7,93.7,42.9,92.9,95.69,85.84,0.73,0.91,2025,relMeanHI_p85_2d_walkforward,persistent_apparent_heat_anomaly
TRAVIS_2025_011,48453,Travis (Austin),2025-09-22,2025-09-23,2,92.05,2025-09-23,98.8,76.7,87.8,76.1,31.5,88.9,98.81,86.9,3.16,3.64,2025,relMeanHI_p85_2d_walkforward,persistent_apparent_heat_anomaly
TRAVIS_2025_012,48453,Travis (Austin),2025-10-23,2025-10-24,2,77.77,2025-10-23,89.8,66.3,78.1,65.3,28.4,76.9,89.81,77.16,0.91,0.99,2025,relMeanHI_p85_2d_walkforward,persistent_apparent_heat_anomaly
TRAVIS_2025_013,48453,Travis (Austin),2025-11-14,2025-11-21,8,77.77,2025-11-19,84.5,70.2,77.4,78.5,48.0,68.8,85.85,74.84,8.98,45.47,2025,relMeanHI_p85_2d_walkforward,persistent_apparent_heat_anomaly
TRAVIS_2025_014,48453,Travis (Austin),2025-12-22,2025-12-28,7,73.74,2025-12-27,81.0,67.0,74.0,69.9,43.0,60.5,83.18,69.89,13.24,65.46,2025,relMeanHI_p85_2d_walkforward,persistent_apparent_heat_anomaly
