event_label,county_fips,county_name,start_date,end_date,event_duration_days,peak_mean_hi_f,peak_day_date,peak_day_tmax_f,peak_day_tmin_f,peak_day_tmean_f,peak_day_rmax_pct,peak_day_rmin_pct,peak_day_threshold_f,tmax_max_f,tmean_mean_f,peak_exceedance_f,cumulative_exceedance_f,onset_year,definition_id,construct_label
CAMERON_2015_001,48061,Cameron (Brownsville),2015-04-23,2015-04-27,5,89.52,2015-04-26,89.5,77.5,83.5,85.1,55.5,81.2,90.86,81.98,8.31,27.8,2015,relMeanHI_p85_2d_walkforward,persistent_apparent_heat_anomaly
CAMERON_2015_002,48061,Cameron (Brownsville),2015-05-19,2015-05-20,2,90.21,2015-05-20,89.0,78.5,83.8,88.6,53.1,90.1,89.84,83.79,0.16,0.25,2015,relMeanHI_p85_2d_walkforward,persistent_apparent_heat_anomaly
CAMERON_2015_003,48061,Cameron (Brownsville),2015-05-26,2015-05-28,3,93.89,2015-05-28,90.0,78.5,84.2,96.2,59.8,90.1,89.99,83.61,3.83,6.11,2015,relMeanHI_p85_2d_walkforward,persistent_apparent_heat_anomaly
CAMERON_2015_004,48061,Cameron (Brownsville),2015-07-18,2015-07-19,2,98.17,2015-07-19,93.2,79.4,86.3,99.4,50.5,96.5,95.0,86.55,1.66,2.96,2015,relMeanHI_p85_2d_walkforward,persistent_apparent_heat_anomaly
CAMERON_2015_005,48061,Cameron (Brownsville),2015-07-21,2015-07-22,2,96.94,2015-07-22,93.4,78.9,86.1,95.7,51.3,96.5,93.83,86.14,0.43,0.66,2015,relMeanHI_p85_2d_walkforward,persistent_apparent_heat_anomaly
CAMERON_2015_006,48061,Cameron (Brownsville),2015-07-28,2015-07-29,2,98.45,2015-07-29,94.3,79.2,86.8,99.4,46.6,96.5,96.19,87.05,1.94,3.15,2015,relMeanHI_p85_2d_walkforward,persistent_apparent_heat_anomaly
CAMERON_2015_007,48061,Cameron (Brownsville),2015-08-05,2015-08-06,2,99.68,2015-08-06,95.5,79.9,87.7,93.2,47.7,98.2,95.54,87.36,1.44,1.67,2015,relMeanHI_p85_2d_walkforward,persistent_apparent_heat_anomaly
CAMERON_2015_008,48061,Cameron (Brownsville),2015-08-23,2015-08-24,2,100.55,2015-08-23,94.7,79.0,86.9,100.0,53.0,98.2,95.18,86.6,2.31,2.82,2015,relMeanHI_p85_2d_walkforward,persistent_apparent_heat_anomaly
CAMERON_2015_009,48061,Cameron (Brownsville),2015-09-05,2015-09-11,7,98.52,2015-09-06,94.5,78.4,86.4,98.2,51.7,94.6,96.22,86.02,3.93,13.25,2015,relMeanHI_p85_2d_walkforward,persistent_apparent_heat_anomaly
CAMERON_2015_010,48061,Cameron (Brownsville),2015-10-13,2015-10-14,2,92.76,2015-10-13,93.3,75.3,84.3,99.1,50.1,87.5,93.32,83.46,5.22,6.65,2015,relMeanHI_p85_2d_walkforward,persistent_apparent_heat_anomaly
CAMERON_2015_011,48061,Cameron (Brownsville),2015-11-04,2015-11-07,4,84.84,2015-11-05,88.0,74.5,81.2,85.9,51.6,77.7,88.02,79.7,7.19,17.15,2015,relMeanHI_p85_2d_walkforward,persistent_apparent_heat_anomaly
CAMERON_2015_012,48061,Cameron (Brownsville),2015-11-10,2015-11-12,3,84.6,2015-11-11,88.0,74.2,81.1,87.5,50.2,77.7,88.01,78.82,6.94,8.96,2015,relMeanHI_p85_2d_walkforward,persistent_apparent_heat_anomaly
CAMERON_2015_013,48061,Cameron (Brownsville),2015-11-16,2015-11-17,2,79.89,2015-11-17,87.7,69.9,78.8,100.0,50.7,77.7,87.68,78.64,2.24,3.57,2015,relMeanHI_p85_2d_walkforward,persistent_apparent_heat_anomaly
CAMERON_2015_014,48061,Cameron (Brownsville),2015-12-10,2015-12-12,3,76.92,2015-12-12,81.6,71.5,76.6,73.4,53.4,72.0,84.02,74.55,4.88,8.05,2015,relMeanHI_p85_2d_walkforward,persistent_apparent_heat_anomaly
CAMERON_2015_015,48061,Cameron (Brownsville),2015-12-21,2015-12-26,6,81.89,2015-12-26,84.7,75.8,80.3,67.8,48.3,72.0,87.17,77.03,9.85,32.62,2015,relMeanHI_p85_2d_walkforward,persistent_apparent_heat_anomaly
CAMERON_2016_001,48061,Cameron (Brownsville),2016-01-31,2016-02-01,2,73.93,2016-02-01,82.3,64.5,73.4,100.0,48.6,72.3,83.63,72.06,1.61,2.91,2016,relMeanHI_p85_2d_walkforward,persistent_apparent_heat_anomaly
CAMERON_2016_002,48061,Cameron (Brownsville),2016-02-20,2016-02-23,4,74.67,2016-02-20,81.7,65.7,73.7,100.0,67.4,72.3,88.49,73.87,2.35,7.81,2016,relMeanHI_p85_2d_walkforward,persistent_apparent_heat_anomaly
CAMERON_2016_003,48061,Cameron (Brownsville),2016-03-07,2016-03-08,2,79.23,2016-03-08,84.0,73.3,78.6,80.7,49.1,76.1,83.98,77.37,3.1,3.26,2016,relMeanHI_p85_2d_walkforward,persistent_apparent_heat_anomaly
CAMERON_2016_004,48061,Cameron (Brownsville),2016-03-13,2016-03-18,6,79.9,2016-03-15,87.4,71.4,79.4,79.0,44.0,76.1,89.38,77.55,3.77,11.45,2016,relMeanHI_p85_2d_walkforward,persistent_apparent_heat_anomaly
CAMERON_2016_005,48061,Cameron (Brownsville),2016-03-30,2016-03-31,2,84.91,2016-03-31,90.2,75.0,82.6,81.2,35.0,76.1,90.17,80.02,8.78,10.67,2016,relMeanHI_p85_2d_walkforward,persistent_apparent_heat_anomaly
CAMERON_2016_006,48061,Cameron (Brownsville),2016-04-25,2016-04-30,6,87.84,2016-04-30,88.2,77.2,82.7,89.1,51.5,81.2,89.99,82.21,6.62,31.95,2016,relMeanHI_p85_2d_walkforward,persistent_apparent_heat_anomaly
CAMERON_2016_007,48061,Cameron (Brownsville),2016-05-21,2016-05-31,11,96.83,2016-05-25,91.7,80.6,86.1,92.2,54.0,90.1,91.99,84.74,6.76,37.13,2016,relMeanHI_p85_2d_walkforward,persistent_apparent_heat_anomaly
CAMERON_2016_008,48061,Cameron (Brownsville),2016-06-12,2016-06-18,7,99.26,2016-06-15,93.1,80.0,86.6,97.0,54.3,95.8,93.71,86.14,3.41,14.72,2016,relMeanHI_p85_2d_walkforward,persistent_apparent_heat_anomaly
CAMERON_2016_009,48061,Cameron (Brownsville),2016-07-01,2016-07-10,10,101.08,2016-07-03,95.0,81.6,88.3,90.2,50.0,96.6,97.04,87.55,4.53,24.47,2016,relMeanHI_p85_2d_walkforward,persistent_apparent_heat_anomaly
CAMERON_2016_010,48061,Cameron (Brownsville),2016-07-12,2016-07-15,4,99.37,2016-07-13,95.7,80.2,87.9,90.3,47.2,96.6,95.72,87.55,2.82,7.08,2016,relMeanHI_p85_2d_walkforward,persistent_apparent_heat_anomaly
CAMERON_2016_011,48061,Cameron (Brownsville),2016-07-24,2016-07-31,8,101.67,2016-07-26,96.6,80.4,88.5,91.9,48.0,96.6,96.75,87.84,5.11,24.69,2016,relMeanHI_p85_2d_walkforward,persistent_apparent_heat_anomaly
CAMERON_2016_012,48061,Cameron (Brownsville),2016-08-07,2016-08-14,8,108.28,2016-08-11,98.6,82.7,90.6,94.6,46.5,98.3,98.57,88.93,10.01,36.35,2016,relMeanHI_p85_2d_walkforward,persistent_apparent_heat_anomaly
CAMERON_2016_013,48061,Cameron (Brownsville),2016-08-19,2016-08-24,6,102.18,2016-08-20,95.5,80.5,88.0,94.4,52.4,98.3,96.0,87.14,3.91,11.13,2016,relMeanHI_p85_2d_walkforward,persistent_apparent_heat_anomaly
CAMERON_2016_014,48061,Cameron (Brownsville),2016-09-02,2016-09-03,2,96.59,2016-09-03,95.6,76.8,86.2,96.8,47.6,94.7,95.57,86.05,1.87,2.35,2016,relMeanHI_p85_2d_walkforward,persistent_apparent_heat_anomaly
CAMERON_2016_015,48061,Cameron (Brownsville),2016-09-06,2016-09-08,3,98.13,2016-09-07,95.2,78.6,86.9,94.7,48.7,94.7,95.18,86.47,3.41,7.57,2016,relMeanHI_p85_2d_walkforward,persistent_apparent_heat_anomaly
CAMERON_2016_016,48061,Cameron (Brownsville),2016-09-14,2016-09-15,2,96.31,2016-09-14,95.4,77.0,86.2,95.6,47.6,94.7,95.39,85.88,1.59,2.29,2016,relMeanHI_p85_2d_walkforward,persistent_apparent_heat_anomaly
CAMERON_2016_017,48061,Cameron (Brownsville),2016-09-17,2016-09-20,4,99.49,2016-09-17,96.7,77.6,87.2,98.5,47.4,94.7,97.03,86.98,4.78,14.54,2016,relMeanHI_p85_2d_walkforward,persistent_apparent_heat_anomaly
CAMERON_2016_018,48061,Cameron (Brownsville),2016-09-23,2016-09-25,3,100.92,2016-09-25,96.0,79.0,87.5,99.8,47.4,94.7,96.02,86.7,6.2,8.74,2016,relMeanHI_p85_2d_walkforward,persistent_apparent_heat_anomaly
CAMERON_2016_019,48061,Cameron (Brownsville),2016-10-05,2016-10-07,3,91.17,2016-10-07,93.4,74.7,84.1,96.1,46.9,87.5,93.43,84.12,3.66,9.58,2016,relMeanHI_p85_2d_walkforward,persistent_apparent_heat_anomaly
CAMERON_2016_020,48061,Cameron (Brownsville),2016-10-16,2016-10-19,4,90.16,2016-10-18,95.1,73.7,84.4,89.6,43.3,87.5,95.12,83.51,2.65,5.9,2016,relMeanHI_p85_2d_walkforward,persistent_apparent_heat_anomaly
CAMERON_2016_021,48061,Cameron (Brownsville),2016-11-01,2016-11-07,7,86.15,2016-11-02,90.9,74.8,82.8,81.1,43.3,77.7,90.86,80.47,8.45,32.14,2016,relMeanHI_p85_2d_walkforward,persistent_apparent_heat_anomaly
CAMERON_2016_022,48061,Cameron (Brownsville),2016-11-28,2016-11-29,2,80.23,2016-11-29,87.3,71.7,79.5,88.0,43.5,77.7,87.26,78.99,2.53,3.61,2016,relMeanHI_p85_2d_walkforward,persistent_apparent_heat_anomaly
CAMERON_2016_023,48061,Cameron (Brownsville),2016-12-02,2016-12-03,2,75.62,2016-12-02,81.2,69.9,75.5,74.0,46.4,72.1,83.71,75.23,3.49,6.85,2016,relMeanHI_p85_2d_walkforward,persistent_apparent_heat_anomaly
CAMERON_2016_024,48061,Cameron (Brownsville),2016-12-16,2016-12-17,2,77.52,2016-12-17,83.0,70.6,76.8,100.0,43.6,72.1,82.97,74.72,5.39,6.13,2016,relMeanHI_p85_2d_walkforward,persistent_apparent_heat_anomaly
CAMERON_2016_025,48061,Cameron (Brownsville),2016-12-23,2016-12-29,7,77.07,2016-12-26,82.7,70.6,76.7,81.0,49.0,72.1,83.27,74.93,4.95,21.42,2016,relMeanHI_p85_2d_walkforward,persistent_apparent_heat_anomaly
CAMERON_2017_001,48061,Cameron (Brownsville),2017-01-01,2017-01-02,2,71.37,2017-01-01,78.9,63.7,71.3,87.2,50.5,69.4,83.27,71.25,2.01,3.75,2017,relMeanHI_p85_2d_walkforward,persistent_apparent_heat_anomaly
CAMERON_2017_002,48061,Cameron (Brownsville),2017-01-11,2017-01-17,7,75.99,2017-01-16,83.1,68.2,75.7,81.1,48.2,69.4,83.15,74.03,6.63,34.37,2017,relMeanHI_p85_2d_walkforward,persistent_apparent_heat_anomaly
CAMERON_2017_003,48061,Cameron (Brownsville),2017-01-21,2017-01-22,2,75.31,2017-01-21,88.8,62.4,75.6,79.9,23.4,69.4,88.83,73.2,5.96,6.05,2017,relMeanHI_p85_2d_walkforward,persistent_apparent_heat_anomaly
CAMERON_2017_004,48061,Cameron (Brownsville),2017-01-24,2017-01-25,2,73.54,2017-01-25,82.7,64.0,73.4,95.0,38.0,69.4,82.71,72.09,4.18,5.08,2017,relMeanHI_p85_2d_walkforward,persistent_apparent_heat_anomaly
CAMERON_2017_005,48061,Cameron (Brownsville),2017-02-06,2017-02-08,3,78.24,2017-02-08,86.9,68.6,77.7,92.8,36.2,72.3,86.87,76.78,5.91,14.51,2017,relMeanHI_p85_2d_walkforward,persistent_apparent_heat_anomaly
CAMERON_2017_006,48061,Cameron (Brownsville),2017-02-10,2017-02-13,4,77.66,2017-02-11,84.4,70.4,77.4,76.9,42.2,72.3,84.41,76.05,5.33,15.66,2017,relMeanHI_p85_2d_walkforward,persistent_apparent_heat_anomaly
CAMERON_2017_007,48061,Cameron (Brownsville),2017-02-18,2017-02-19,2,79.81,2017-02-19,85.8,72.3,79.1,85.6,47.7,72.3,85.85,76.31,7.48,8.96,2017,relMeanHI_p85_2d_walkforward,persistent_apparent_heat_anomaly
CAMERON_2017_008,48061,Cameron (Brownsville),2017-02-23,2017-02-24,2,78.53,2017-02-24,89.8,66.7,78.3,86.0,29.6,72.3,91.55,76.63,6.2,8.84,2017,relMeanHI_p85_2d_walkforward,persistent_apparent_heat_anomaly
CAMERON_2017_009,48061,Cameron (Brownsville),2017-02-26,2017-03-01,4,79.85,2017-02-28,87.1,71.6,79.3,79.4,43.5,72.3,87.16,76.7,7.52,15.5,2017,relMeanHI_p85_2d_walkforward,persistent_apparent_heat_anomaly
CAMERON_2017_010,48061,Cameron (Brownsville),2017-03-06,2017-03-08,3,77.94,2017-03-07,83.5,71.1,77.3,83.8,51.3,76.2,83.53,76.59,1.76,2.92,2017,relMeanHI_p85_2d_walkforward,persistent_apparent_heat_anomaly
CAMERON_2017_011,48061,Cameron (Brownsville),2017-03-24,2017-03-29,6,80.88,2017-03-29,86.7,73.0,79.9,97.3,45.0,76.2,90.29,78.46,4.7,17.69,2017,relMeanHI_p85_2d_walkforward,persistent_apparent_heat_anomaly
CAMERON_2017_012,48061,Cameron (Brownsville),2017-04-26,2017-04-29,4,96.78,2017-04-29,94.3,77.8,86.1,100.0,46.7,81.3,100.49,84.68,15.46,36.52,2017,relMeanHI_p85_2d_walkforward,persistent_apparent_heat_anomaly
CAMERON_2017_013,48061,Cameron (Brownsville),2017-05-17,2017-05-22,6,97.82,2017-05-22,95.3,79.4,87.4,88.9,48.1,90.2,95.33,85.21,7.63,16.92,2017,relMeanHI_p85_2d_walkforward,persistent_apparent_heat_anomaly
CAMERON_2017_014,48061,Cameron (Brownsville),2017-05-26,2017-05-28,3,100.79,2017-05-28,94.0,80.1,87.1,100.0,51.5,90.2,94.41,86.36,10.6,17.55,2017,relMeanHI_p85_2d_walkforward,persistent_apparent_heat_anomaly
CAMERON_2017_015,48061,Cameron (Brownsville),2017-06-14,2017-06-18,5,101.59,2017-06-17,97.3,79.3,88.3,91.4,50.1,95.9,97.34,87.08,5.69,15.54,2017,relMeanHI_p85_2d_walkforward,persistent_apparent_heat_anomaly
CAMERON_2017_016,48061,Cameron (Brownsville),2017-06-22,2017-06-24,3,105.26,2017-06-23,98.2,81.2,89.7,89.8,51.0,95.9,101.02,88.93,9.36,17.64,2017,relMeanHI_p85_2d_walkforward,persistent_apparent_heat_anomaly
CAMERON_2017_017,48061,Cameron (Brownsville),2017-06-29,2017-07-01,3,100.94,2017-06-30,93.9,80.5,87.2,94.6,56.3,95.9,93.87,86.55,5.04,7.14,2017,relMeanHI_p85_2d_walkforward,persistent_apparent_heat_anomaly
CAMERON_2017_018,48061,Cameron (Brownsville),2017-07-03,2017-07-04,2,98.44,2017-07-03,95.2,79.4,87.3,89.6,50.8,96.8,95.15,86.98,1.63,2.66,2017,relMeanHI_p85_2d_walkforward,persistent_apparent_heat_anomaly
CAMERON_2017_019,48061,Cameron (Brownsville),2017-07-22,2017-07-23,2,99.14,2017-07-23,94.6,80.6,87.6,91.2,48.9,96.8,95.31,87.27,2.33,2.52,2017,relMeanHI_p85_2d_walkforward,persistent_apparent_heat_anomaly
CAMERON_2017_020,48061,Cameron (Brownsville),2017-08-03,2017-08-09,7,105.59,2017-08-07,95.9,81.4,88.7,97.9,53.5,98.4,98.42,87.98,7.21,28.86,2017,relMeanHI_p85_2d_walkforward,persistent_apparent_heat_anomaly
CAMERON_2017_021,48061,Cameron (Brownsville),2017-08-12,2017-08-18,7,103.1,2017-08-18,97.0,79.0,88.0,98.0,51.9,98.4,97.01,87.58,4.72,18.99,2017,relMeanHI_p85_2d_walkforward,persistent_apparent_heat_anomaly
CAMERON_2017_022,48061,Cameron (Brownsville),2017-08-31,2017-09-01,2,100.54,2017-08-31,97.9,77.0,87.4,98.7,48.2,98.4,97.85,86.35,2.16,2.85,2017,relMeanHI_p85_2d_walkforward,persistent_apparent_heat_anomaly
CAMERON_2017_023,48061,Cameron (Brownsville),2017-09-18,2017-09-21,4,97.73,2017-09-21,94.0,79.6,86.8,91.1,51.8,94.9,94.0,86.46,2.83,7.65,2017,relMeanHI_p85_2d_walkforward,persistent_apparent_heat_anomaly
CAMERON_2017_024,48061,Cameron (Brownsville),2017-09-25,2017-09-28,4,98.97,2017-09-26,93.6,79.9,86.7,90.8,57.7,94.9,93.97,85.95,4.07,9.07,2017,relMeanHI_p85_2d_walkforward,persistent_apparent_heat_anomaly
CAMERON_2017_025,48061,Cameron (Brownsville),2017-10-04,2017-10-05,2,89.25,2017-10-04,89.8,77.8,83.8,82.2,53.0,87.6,89.78,82.96,1.7,1.93,2017,relMeanHI_p85_2d_walkforward,persistent_apparent_heat_anomaly
CAMERON_2017_026,48061,Cameron (Brownsville),2017-10-08,2017-10-09,2,91.17,2017-10-09,91.7,75.7,83.7,92.1,55.9,87.6,93.47,83.42,3.62,4.51,2017,relMeanHI_p85_2d_walkforward,persistent_apparent_heat_anomaly
CAMERON_2017_027,48061,Cameron (Brownsville),2017-11-01,2017-11-07,7,85.51,2017-11-02,89.5,74.0,81.7,84.4,51.1,77.8,91.72,80.55,7.72,36.22,2017,relMeanHI_p85_2d_walkforward,persistent_apparent_heat_anomaly
CAMERON_2017_028,48061,Cameron (Brownsville),2017-11-16,2017-11-18,3,80.54,2017-11-18,88.2,70.7,79.5,100.0,45.6,77.8,88.25,78.04,2.75,3.18,2017,relMeanHI_p85_2d_walkforward,persistent_apparent_heat_anomaly
CAMERON_2017_029,48061,Cameron (Brownsville),2017-12-03,2017-12-05,3,78.59,2017-12-04,86.0,70.5,78.3,76.2,43.0,72.2,86.0,75.53,6.38,10.85,2017,relMeanHI_p85_2d_walkforward,persistent_apparent_heat_anomaly
CAMERON_2017_030,48061,Cameron (Brownsville),2017-12-21,2017-12-22,2,80.26,2017-12-22,85.5,73.0,79.3,100.0,43.2,72.2,85.5,76.26,8.06,9.05,2017,relMeanHI_p85_2d_walkforward,persistent_apparent_heat_anomaly
CAMERON_2018_001,48061,Cameron (Brownsville),2018-02-15,2018-02-21,7,77.5,2018-02-20,82.5,71.5,77.0,82.1,50.0,72.7,84.74,76.43,4.79,28.7,2018,relMeanHI_p85_2d_walkforward,persistent_apparent_heat_anomaly
CAMERON_2018_002,48061,Cameron (Brownsville),2018-02-24,2018-02-28,5,80.03,2018-02-24,87.5,71.7,79.6,76.9,39.4,72.7,87.53,77.54,7.32,26.22,2018,relMeanHI_p85_2d_walkforward,persistent_apparent_heat_anomaly
CAMERON_2018_003,48061,Cameron (Brownsville),2018-03-04,2018-03-05,2,79.43,2018-03-05,86.5,71.3,78.9,80.6,45.0,76.3,86.5,77.76,3.16,4.01,2018,relMeanHI_p85_2d_walkforward,persistent_apparent_heat_anomaly
CAMERON_2018_004,48061,Cameron (Brownsville),2018-03-10,2018-03-11,2,82.49,2018-03-11,92.8,67.5,80.1,97.1,31.9,76.3,92.75,78.56,6.22,7.44,2018,relMeanHI_p85_2d_walkforward,persistent_apparent_heat_anomaly
CAMERON_2018_005,48061,Cameron (Brownsville),2018-03-16,2018-03-18,3,80.26,2018-03-18,87.8,71.5,79.7,84.3,40.8,76.3,87.8,78.94,3.99,9.65,2018,relMeanHI_p85_2d_walkforward,persistent_apparent_heat_anomaly
CAMERON_2018_006,48061,Cameron (Brownsville),2018-03-23,2018-03-28,6,83.36,2018-03-27,88.5,73.7,81.1,78.7,43.6,76.3,88.48,79.34,7.09,23.63,2018,relMeanHI_p85_2d_walkforward,persistent_apparent_heat_anomaly
CAMERON_2018_007,48061,Cameron (Brownsville),2018-05-19,2018-05-20,2,96.12,2018-05-20,92.0,78.8,85.4,100.0,51.9,90.2,92.75,85.26,5.89,7.46,2018,relMeanHI_p85_2d_walkforward,persistent_apparent_heat_anomaly
CAMERON_2018_008,48061,Cameron (Brownsville),2018-05-26,2018-05-27,2,91.51,2018-05-27,96.3,73.0,84.6,96.5,41.6,90.2,96.26,84.57,1.28,2.27,2018,relMeanHI_p85_2d_walkforward,persistent_apparent_heat_anomaly
CAMERON_2018_009,48061,Cameron (Brownsville),2018-05-30,2018-06-03,5,101.22,2018-06-02,97.0,79.7,88.4,94.8,45.2,96.0,96.98,86.82,5.25,13.88,2018,relMeanHI_p85_2d_walkforward,persistent_apparent_heat_anomaly
CAMERON_2018_010,48061,Cameron (Brownsville),2018-06-05,2018-06-06,2,102.09,2018-06-06,97.8,79.3,88.5,97.3,44.0,96.0,98.56,88.68,6.13,9.25,2018,relMeanHI_p85_2d_walkforward,persistent_apparent_heat_anomaly
CAMERON_2018_011,48061,Cameron (Brownsville),2018-06-09,2018-06-12,4,99.48,2018-06-11,95.3,80.0,87.6,91.3,49.5,96.0,95.27,87.54,3.52,10.93,2018,relMeanHI_p85_2d_walkforward,persistent_apparent_heat_anomaly
CAMERON_2018_012,48061,Cameron (Brownsville),2018-06-22,2018-07-01,10,100.68,2018-06-29,94.2,80.5,87.4,93.6,54.4,96.0,95.0,86.32,4.71,20.55,2018,relMeanHI_p85_2d_walkforward,persistent_apparent_heat_anomaly
CAMERON_2018_013,48061,Cameron (Brownsville),2018-07-15,2018-07-16,2,99.29,2018-07-16,95.5,79.7,87.6,94.3,46.0,96.8,95.5,87.76,2.46,4.25,2018,relMeanHI_p85_2d_walkforward,persistent_apparent_heat_anomaly
CAMERON_2018_014,48061,Cameron (Brownsville),2018-07-18,2018-07-25,8,105.12,2018-07-24,103.5,79.7,91.6,87.9,36.3,96.8,103.5,88.3,8.28,21.83,2018,relMeanHI_p85_2d_walkforward,persistent_apparent_heat_anomaly
CAMERON_2018_015,48061,Cameron (Brownsville),2018-07-27,2018-07-31,5,101.29,2018-07-29,97.5,79.2,88.4,93.5,46.5,96.8,97.74,87.8,4.46,14.32,2018,relMeanHI_p85_2d_walkforward,persistent_apparent_heat_anomaly
CAMERON_2018_016,48061,Cameron (Brownsville),2018-08-15,2018-08-16,2,102.01,2018-08-16,95.5,79.7,87.6,99.5,50.4,98.5,95.54,87.45,3.54,4.49,2018,relMeanHI_p85_2d_walkforward,persistent_apparent_heat_anomaly
CAMERON_2018_017,48061,Cameron (Brownsville),2018-08-19,2018-08-21,3,100.98,2018-08-20,97.0,78.3,87.6,98.3,48.0,98.5,97.02,87.43,2.51,5.31,2018,relMeanHI_p85_2d_walkforward,persistent_apparent_heat_anomaly
CAMERON_2018_018,48061,Cameron (Brownsville),2018-08-27,2018-08-29,3,100.11,2018-08-28,97.8,78.5,88.2,94.7,43.4,98.5,97.79,87.64,1.64,3.56,2018,relMeanHI_p85_2d_walkforward,persistent_apparent_heat_anomaly
CAMERON_2018_019,48061,Cameron (Brownsville),2018-09-01,2018-09-03,3,101.65,2018-09-02,99.2,79.0,89.1,92.3,42.1,94.9,99.23,88.1,6.73,12.7,2018,relMeanHI_p85_2d_walkforward,persistent_apparent_heat_anomaly
CAMERON_2018_020,48061,Cameron (Brownsville),2018-09-20,2018-09-22,3,97.24,2018-09-22,94.2,78.3,86.2,99.9,46.9,94.9,94.24,86.08,2.32,5.24,2018,relMeanHI_p85_2d_walkforward,persistent_apparent_heat_anomaly
CAMERON_2018_021,48061,Cameron (Brownsville),2018-09-25,2018-09-26,2,98.65,2018-09-26,93.7,78.5,86.1,100.0,53.8,94.9,93.74,85.88,3.72,4.32,2018,relMeanHI_p85_2d_walkforward,persistent_apparent_heat_anomaly
CAMERON_2018_022,48061,Cameron (Brownsville),2018-10-02,2018-10-10,9,92.52,2018-10-09,92.2,78.3,85.2,86.7,49.5,87.6,92.21,83.79,4.91,20.34,2018,relMeanHI_p85_2d_walkforward,persistent_apparent_heat_anomaly
CAMERON_2018_023,48061,Cameron (Brownsville),2018-10-12,2018-10-14,3,94.21,2018-10-13,92.3,79.7,86.0,84.6,51.4,87.6,92.26,85.34,6.6,15.48,2018,relMeanHI_p85_2d_walkforward,persistent_apparent_heat_anomaly
CAMERON_2018_024,48061,Cameron (Brownsville),2018-11-04,2018-11-08,5,86.66,2018-11-07,89.4,75.3,82.4,87.3,48.7,77.9,89.56,80.16,8.79,23.52,2018,relMeanHI_p85_2d_walkforward,persistent_apparent_heat_anomaly
CAMERON_2019_001,48061,Cameron (Brownsville),2019-01-07,2019-01-08,2,72.61,2019-01-08,80.4,64.9,72.7,80.3,45.8,69.4,81.21,72.59,3.17,6.28,2019,relMeanHI_p85_2d_walkforward,persistent_apparent_heat_anomaly
CAMERON_2019_002,48061,Cameron (Brownsville),2019-02-03,2019-02-06,4,77.61,2019-02-06,82.5,72.2,77.4,74.9,44.8,72.9,83.26,75.16,4.69,9.19,2019,relMeanHI_p85_2d_walkforward,persistent_apparent_heat_anomaly
CAMERON_2019_003,48061,Cameron (Brownsville),2019-02-15,2019-02-16,2,76.34,2019-02-16,83.5,68.8,76.2,78.6,43.1,72.9,86.5,75.34,3.42,4.88,2019,relMeanHI_p85_2d_walkforward,persistent_apparent_heat_anomaly
CAMERON_2019_004,48061,Cameron (Brownsville),2019-02-26,2019-02-28,3,76.34,2019-02-27,83.3,69.3,76.3,73.9,42.3,72.9,83.26,75.3,3.42,7.82,2019,relMeanHI_p85_2d_walkforward,persistent_apparent_heat_anomaly
CAMERON_2019_005,48061,Cameron (Brownsville),2019-03-08,2019-03-13,6,82.46,2019-03-09,90.8,70.7,80.8,80.0,35.7,76.4,90.77,78.49,6.09,17.63,2019,relMeanHI_p85_2d_walkforward,persistent_apparent_heat_anomaly
CAMERON_2019_006,48061,Cameron (Brownsville),2019-05-08,2019-05-09,2,94.73,2019-05-08,94.5,78.5,86.5,87.1,46.0,90.3,94.46,85.07,4.43,5.3,2019,relMeanHI_p85_2d_walkforward,persistent_apparent_heat_anomaly
CAMERON_2019_007,48061,Cameron (Brownsville),2019-05-17,2019-05-26,10,96.18,2019-05-21,94.2,80.5,87.4,83.5,47.2,90.3,94.19,85.67,5.88,32.4,2019,relMeanHI_p85_2d_walkforward,persistent_apparent_heat_anomaly
CAMERON_2019_008,48061,Cameron (Brownsville),2019-05-28,2019-05-31,4,96.23,2019-05-31,93.0,80.0,86.5,87.8,51.8,90.3,94.01,86.26,5.93,18.6,2019,relMeanHI_p85_2d_walkforward,persistent_apparent_heat_anomaly
CAMERON_2019_009,48061,Cameron (Brownsville),2019-06-09,2019-06-10,2,98.96,2019-06-09,96.8,80.7,88.7,85.4,43.0,96.2,96.76,87.5,2.78,5.12,2019,relMeanHI_p85_2d_walkforward,persistent_apparent_heat_anomaly
CAMERON_2019_010,48061,Cameron (Brownsville),2019-06-15,2019-06-16,2,100.75,2019-06-16,93.5,80.7,87.1,94.9,56.0,96.2,94.01,87.08,4.58,7.19,2019,relMeanHI_p85_2d_walkforward,persistent_apparent_heat_anomaly
CAMERON_2019_011,48061,Cameron (Brownsville),2019-06-18,2019-06-23,6,104.06,2019-06-22,94.2,82.3,88.2,91.3,59.3,96.2,96.48,87.5,7.88,29.76,2019,relMeanHI_p85_2d_walkforward,persistent_apparent_heat_anomaly
CAMERON_2019_012,48061,Cameron (Brownsville),2019-06-26,2019-06-27,2,98.74,2019-06-26,91.7,79.8,85.8,98.0,60.7,96.2,91.72,85.64,2.56,3.5,2019,relMeanHI_p85_2d_walkforward,persistent_apparent_heat_anomaly
CAMERON_2019_013,48061,Cameron (Brownsville),2019-07-04,2019-07-05,2,100.16,2019-07-04,93.5,81.2,87.4,92.2,54.2,97.0,93.47,87.1,3.17,4.66,2019,relMeanHI_p85_2d_walkforward,persistent_apparent_heat_anomaly
CAMERON_2019_014,48061,Cameron (Brownsville),2019-07-07,2019-07-10,4,100.98,2019-07-09,97.3,79.0,88.2,95.7,45.5,97.0,97.3,87.09,3.99,8.25,2019,relMeanHI_p85_2d_walkforward,persistent_apparent_heat_anomaly
CAMERON_2019_015,48061,Cameron (Brownsville),2019-07-13,2019-07-21,9,102.75,2019-07-16,95.0,82.5,88.7,92.3,49.5,97.0,100.0,87.94,5.76,23.87,2019,relMeanHI_p85_2d_walkforward,persistent_apparent_heat_anomaly
CAMERON_2019_016,48061,Cameron (Brownsville),2019-07-29,2019-07-30,2,99.86,2019-07-29,94.7,79.3,87.0,98.7,50.1,97.0,95.99,86.89,2.87,4.09,2019,relMeanHI_p85_2d_walkforward,persistent_apparent_heat_anomaly
CAMERON_2019_017,48061,Cameron (Brownsville),2019-08-06,2019-08-19,14,107.4,2019-08-12,100.0,80.5,90.3,96.6,45.5,98.5,100.0,88.85,8.87,73.95,2019,relMeanHI_p85_2d_walkforward,persistent_apparent_heat_anomaly
CAMERON_2019_018,48061,Cameron (Brownsville),2019-08-24,2019-08-28,5,107.54,2019-08-26,100.0,81.7,90.9,91.5,45.8,98.5,100.0,89.44,9.01,33.27,2019,relMeanHI_p85_2d_walkforward,persistent_apparent_heat_anomaly
CAMERON_2019_019,48061,Cameron (Brownsville),2019-09-18,2019-09-21,4,101.09,2019-09-19,94.5,80.2,87.4,96.3,53.4,95.0,94.46,86.11,6.05,10.4,2019,relMeanHI_p85_2d_walkforward,persistent_apparent_heat_anomaly
CAMERON_2019_020,48061,Cameron (Brownsville),2019-09-28,2019-10-03,6,101.96,2019-09-28,95.0,80.2,87.6,95.6,54.4,95.0,95.0,84.9,6.92,16.71,2019,relMeanHI_p85_2d_walkforward,persistent_apparent_heat_anomaly
CAMERON_2019_021,48061,Cameron (Brownsville),2019-10-09,2019-10-10,2,95.36,2019-10-10,94.2,79.2,86.7,87.2,46.6,87.8,94.19,85.29,7.59,10.04,2019,relMeanHI_p85_2d_walkforward,persistent_apparent_heat_anomaly
CAMERON_2019_022,48061,Cameron (Brownsville),2019-10-20,2019-10-21,2,88.86,2019-10-21,91.8,74.0,82.9,92.5,52.9,87.8,91.76,82.57,1.09,1.37,2019,relMeanHI_p85_2d_walkforward,persistent_apparent_heat_anomaly
CAMERON_2019_023,48061,Cameron (Brownsville),2019-11-06,2019-11-07,2,80.85,2019-11-07,88.0,71.6,79.8,100.0,42.8,77.9,88.02,78.81,2.96,3.44,2019,relMeanHI_p85_2d_walkforward,persistent_apparent_heat_anomaly
CAMERON_2019_024,48061,Cameron (Brownsville),2019-12-15,2019-12-16,2,76.78,2019-12-15,85.2,68.3,76.8,75.0,37.9,72.2,89.24,75.31,4.59,6.48,2019,relMeanHI_p85_2d_walkforward,persistent_apparent_heat_anomaly
CAMERON_2020_001,48061,Cameron (Brownsville),2020-01-09,2020-01-10,2,75.53,2020-01-10,79.7,70.2,75.0,93.3,48.8,69.4,79.81,73.49,6.09,8.23,2020,relMeanHI_p85_2d_walkforward,persistent_apparent_heat_anomaly
CAMERON_2020_002,48061,Cameron (Brownsville),2020-01-13,2020-01-18,6,78.05,2020-01-14,84.2,71.6,77.9,72.7,40.7,69.4,84.2,75.32,8.61,35.97,2020,relMeanHI_p85_2d_walkforward,persistent_apparent_heat_anomaly
CAMERON_2020_003,48061,Cameron (Brownsville),2020-02-17,2020-02-18,2,78.26,2020-02-18,84.7,71.0,77.9,86.1,37.1,73.0,84.74,76.39,5.26,7.05,2020,relMeanHI_p85_2d_walkforward,persistent_apparent_heat_anomaly
CAMERON_2020_004,48061,Cameron (Brownsville),2020-03-14,2020-03-20,7,82.42,2020-03-19,89.0,72.8,80.9,75.4,36.6,76.4,89.02,78.46,6.01,18.05,2020,relMeanHI_p85_2d_walkforward,persistent_apparent_heat_anomaly
CAMERON_2020_005,48061,Cameron (Brownsville),2020-03-23,2020-03-31,9,86.26,2020-03-28,94.2,72.2,83.2,82.9,36.9,76.4,94.24,80.73,9.85,53.35,2020,relMeanHI_p85_2d_walkforward,persistent_apparent_heat_anomaly
CAMERON_2020_006,48061,Cameron (Brownsville),2020-04-07,2020-04-10,4,84.17,2020-04-09,91.5,71.0,81.3,88.2,41.5,81.2,91.49,80.61,2.95,8.7,2020,relMeanHI_p85_2d_walkforward,persistent_apparent_heat_anomaly
CAMERON_2020_007,48061,Cameron (Brownsville),2020-04-18,2020-04-25,8,89.08,2020-04-19,96.6,74.6,85.6,82.6,29.8,81.2,96.62,82.8,7.87,38.42,2020,relMeanHI_p85_2d_walkforward,persistent_apparent_heat_anomaly
CAMERON_2020_008,48061,Cameron (Brownsville),2020-05-14,2020-05-15,2,91.96,2020-05-15,91.0,76.5,83.7,100.0,52.7,90.5,92.48,84.18,1.42,2.19,2020,relMeanHI_p85_2d_walkforward,persistent_apparent_heat_anomaly
CAMERON_2020_009,48061,Cameron (Brownsville),2020-05-20,2020-05-21,2,93.32,2020-05-20,94.0,78.8,86.4,81.9,45.9,90.5,93.96,85.38,2.78,4.76,2020,relMeanHI_p85_2d_walkforward,persistent_apparent_heat_anomaly
CAMERON_2020_010,48061,Cameron (Brownsville),2020-05-23,2020-05-24,2,95.81,2020-05-23,92.4,80.2,86.3,88.7,51.7,90.5,92.37,85.34,5.27,8.2,2020,relMeanHI_p85_2d_walkforward,persistent_apparent_heat_anomaly
CAMERON_2020_011,48061,Cameron (Brownsville),2020-06-09,2020-06-10,2,98.85,2020-06-10,92.8,79.5,86.1,99.6,55.1,96.3,94.28,86.39,2.56,4.28,2020,relMeanHI_p85_2d_walkforward,persistent_apparent_heat_anomaly
CAMERON_2020_012,48061,Cameron (Brownsville),2020-07-06,2020-07-07,2,98.71,2020-07-06,95.0,79.9,87.4,93.2,46.9,97.2,95.3,87.21,1.53,2.45,2020,relMeanHI_p85_2d_walkforward,persistent_apparent_heat_anomaly
CAMERON_2020_013,48061,Cameron (Brownsville),2020-07-09,2020-07-10,2,99.91,2020-07-10,94.6,80.4,87.5,95.7,48.1,97.2,94.82,87.46,2.73,3.45,2020,relMeanHI_p85_2d_walkforward,persistent_apparent_heat_anomaly
CAMERON_2020_014,48061,Cameron (Brownsville),2020-07-12,2020-07-13,2,99.66,2020-07-12,99.0,78.8,88.9,91.2,38.3,97.2,99.02,88.63,2.48,3.23,2020,relMeanHI_p85_2d_walkforward,persistent_apparent_heat_anomaly
CAMERON_2020_015,48061,Cameron (Brownsville),2020-07-15,2020-07-17,3,98.91,2020-07-17,94.3,79.6,86.9,97.6,48.5,97.2,95.79,87.29,1.73,2.95,2020,relMeanHI_p85_2d_walkforward,persistent_apparent_heat_anomaly
CAMERON_2020_016,48061,Cameron (Brownsville),2020-08-27,2020-09-04,9,108.72,2020-09-01,98.3,83.8,91.1,93.1,45.7,95.1,99.03,88.85,13.65,64.32,2020,relMeanHI_p85_2d_walkforward,persistent_apparent_heat_anomaly
CAMERON_2020_017,48061,Cameron (Brownsville),2020-10-10,2020-10-12,3,90.21,2020-10-11,92.6,75.4,84.0,93.6,45.2,87.9,93.12,83.57,2.33,3.84,2020,relMeanHI_p85_2d_walkforward,persistent_apparent_heat_anomaly
CAMERON_2020_018,48061,Cameron (Brownsville),2020-11-13,2020-11-15,3,80.53,2020-11-13,87.7,71.7,79.7,85.9,49.3,77.8,89.14,79.61,2.69,7.76,2020,relMeanHI_p85_2d_walkforward,persistent_apparent_heat_anomaly
CAMERON_2020_019,48061,Cameron (Brownsville),2020-11-25,2020-11-28,4,83.28,2020-11-27,86.8,74.0,80.4,82.1,53.2,77.8,87.26,78.66,5.44,8.73,2020,relMeanHI_p85_2d_walkforward,persistent_apparent_heat_anomaly
CAMERON_2020_020,48061,Cameron (Brownsville),2020-12-11,2020-12-13,3,73.66,2020-12-11,83.5,63.5,73.5,88.1,44.2,72.2,84.65,73.15,1.48,3.44,2020,relMeanHI_p85_2d_walkforward,persistent_apparent_heat_anomaly
CAMERON_2020_021,48061,Cameron (Brownsville),2020-12-29,2020-12-30,2,76.76,2020-12-30,82.5,69.6,76.1,100.0,44.6,72.2,82.46,74.98,4.58,6.02,2020,relMeanHI_p85_2d_walkforward,persistent_apparent_heat_anomaly
CAMERON_2021_001,48061,Cameron (Brownsville),2021-01-24,2021-01-26,3,78.44,2021-01-25,85.1,71.0,78.1,83.2,38.2,69.6,85.13,75.93,8.86,19.61,2021,relMeanHI_p85_2d_walkforward,persistent_apparent_heat_anomaly
CAMERON_2021_002,48061,Cameron (Brownsville),2021-01-30,2021-01-31,2,70.77,2021-01-30,80.6,61.9,71.2,74.7,41.1,69.6,80.57,70.97,1.19,2.03,2021,relMeanHI_p85_2d_walkforward,persistent_apparent_heat_anomaly
CAMERON_2021_003,48061,Cameron (Brownsville),2021-02-24,2021-02-28,5,78.03,2021-02-28,84.3,70.9,77.6,80.7,47.0,73.0,84.59,75.93,5.02,15.44,2021,relMeanHI_p85_2d_walkforward,persistent_apparent_heat_anomaly
CAMERON_2021_004,48061,Cameron (Brownsville),2021-03-12,2021-03-13,2,78.1,2021-03-13,84.8,70.3,77.5,82.7,50.3,76.6,84.78,76.98,1.49,1.89,2021,relMeanHI_p85_2d_walkforward,persistent_apparent_heat_anomaly
CAMERON_2021_005,48061,Cameron (Brownsville),2021-04-14,2021-04-16,3,85.2,2021-04-16,86.4,75.4,80.9,99.2,49.1,82.5,89.03,81.41,2.66,6.44,2021,relMeanHI_p85_2d_walkforward,persistent_apparent_heat_anomaly
CAMERON_2021_006,48061,Cameron (Brownsville),2021-04-27,2021-04-29,3,89.13,2021-04-28,92.5,76.5,84.5,81.8,43.5,82.5,92.51,82.93,6.59,14.61,2021,relMeanHI_p85_2d_walkforward,persistent_apparent_heat_anomaly
CAMERON_2021_007,48061,Cameron (Brownsville),2021-05-27,2021-05-28,2,91.41,2021-05-28,90.5,77.9,84.2,88.8,54.2,90.7,90.53,83.9,0.74,0.89,2021,relMeanHI_p85_2d_walkforward,persistent_apparent_heat_anomaly
CAMERON_2021_008,48061,Cameron (Brownsville),2021-06-07,2021-06-09,3,97.52,2021-06-08,91.5,80.0,85.8,93.9,59.7,96.3,92.18,85.84,1.24,3.09,2021,relMeanHI_p85_2d_walkforward,persistent_apparent_heat_anomaly
CAMERON_2021_009,48061,Cameron (Brownsville),2021-06-20,2021-06-22,3,102.66,2021-06-21,93.8,82.1,88.0,91.3,57.2,96.3,93.84,86.18,6.38,7.03,2021,relMeanHI_p85_2d_walkforward,persistent_apparent_heat_anomaly
CAMERON_2021_010,48061,Cameron (Brownsville),2021-06-25,2021-06-26,2,99.28,2021-06-25,93.1,79.9,86.5,95.2,57.0,96.3,93.12,86.22,3.0,4.57,2021,relMeanHI_p85_2d_walkforward,persistent_apparent_heat_anomaly
CAMERON_2021_011,48061,Cameron (Brownsville),2021-08-02,2021-08-03,2,100.6,2021-08-03,95.3,78.6,86.9,98.9,53.5,99.0,95.28,86.79,1.62,2.45,2021,relMeanHI_p85_2d_walkforward,persistent_apparent_heat_anomaly
CAMERON_2021_012,48061,Cameron (Brownsville),2021-08-08,2021-08-10,3,101.9,2021-08-09,94.4,80.0,87.2,99.0,54.8,99.0,94.43,86.82,2.92,3.81,2021,relMeanHI_p85_2d_walkforward,persistent_apparent_heat_anomaly
CAMERON_2021_013,48061,Cameron (Brownsville),2021-08-18,2021-08-20,3,103.36,2021-08-18,96.2,80.6,88.4,94.2,53.0,99.0,96.16,87.7,4.38,8.71,2021,relMeanHI_p85_2d_walkforward,persistent_apparent_heat_anomaly
CAMERON_2021_014,48061,Cameron (Brownsville),2021-09-01,2021-09-05,5,101.97,2021-09-01,96.4,80.0,88.2,91.8,52.0,95.1,96.5,87.32,6.89,24.64,2021,relMeanHI_p85_2d_walkforward,persistent_apparent_heat_anomaly
CAMERON_2021_015,48061,Cameron (Brownsville),2021-10-10,2021-10-15,6,95.59,2021-10-12,91.6,80.6,86.1,86.8,54.5,87.9,91.85,84.84,7.68,30.59,2021,relMeanHI_p85_2d_walkforward,persistent_apparent_heat_anomaly
CAMERON_2021_016,48061,Cameron (Brownsville),2021-12-02,2021-12-06,5,78.01,2021-12-05,84.6,70.3,77.4,81.3,52.2,72.2,85.25,75.1,5.81,16.81,2021,relMeanHI_p85_2d_walkforward,persistent_apparent_heat_anomaly
CAMERON_2021_017,48061,Cameron (Brownsville),2021-12-09,2021-12-10,2,82.42,2021-12-10,85.3,74.8,80.0,78.6,51.1,72.2,85.28,77.94,10.22,14.17,2021,relMeanHI_p85_2d_walkforward,persistent_apparent_heat_anomaly
CAMERON_2021_018,48061,Cameron (Brownsville),2021-12-14,2021-12-18,5,78.63,2021-12-16,83.4,72.9,78.1,78.6,48.3,72.2,84.02,76.52,6.43,23.6,2021,relMeanHI_p85_2d_walkforward,persistent_apparent_heat_anomaly
CAMERON_2021_019,48061,Cameron (Brownsville),2021-12-24,2022-01-01,9,80.73,2022-01-01,88.2,71.7,79.9,96.5,36.1,69.6,88.16,76.04,11.12,39.55,2021,relMeanHI_p85_2d_walkforward,persistent_apparent_heat_anomaly
CAMERON_2022_001,48061,Cameron (Brownsville),2022-03-29,2022-03-30,2,77.41,2022-03-29,83.8,70.0,76.9,82.1,49.5,76.6,88.16,76.72,0.79,0.92,2022,relMeanHI_p85_2d_walkforward,persistent_apparent_heat_anomaly
CAMERON_2022_002,48061,Cameron (Brownsville),2022-04-05,2022-04-06,2,90.37,2022-04-06,98.6,71.7,85.1,94.9,30.4,82.7,98.57,83.15,7.69,9.73,2022,relMeanHI_p85_2d_walkforward,persistent_apparent_heat_anomaly
CAMERON_2022_003,48061,Cameron (Brownsville),2022-04-12,2022-04-13,2,87.72,2022-04-13,94.1,73.7,83.9,89.3,33.4,82.7,94.1,82.51,5.05,7.11,2022,relMeanHI_p85_2d_walkforward,persistent_apparent_heat_anomaly
CAMERON_2022_004,48061,Cameron (Brownsville),2022-04-15,2022-04-18,4,86.1,2022-04-16,89.3,75.0,82.1,86.3,48.6,82.7,89.27,80.91,3.42,6.47,2022,relMeanHI_p85_2d_walkforward,persistent_apparent_heat_anomaly
CAMERON_2022_005,48061,Cameron (Brownsville),2022-04-21,2022-04-25,5,85.91,2022-04-25,86.8,75.4,81.1,100.0,52.0,82.7,87.29,80.91,3.24,10.89,2022,relMeanHI_p85_2d_walkforward,persistent_apparent_heat_anomaly
CAMERON_2022_006,48061,Cameron (Brownsville),2022-05-05,2022-05-10,6,94.89,2022-05-10,90.9,78.7,84.8,98.5,55.0,90.7,92.84,84.77,4.23,13.68,2022,relMeanHI_p85_2d_walkforward,persistent_apparent_heat_anomaly
CAMERON_2022_007,48061,Cameron (Brownsville),2022-05-20,2022-05-22,3,98.77,2022-05-21,96.2,78.2,87.2,93.8,49.2,90.7,96.16,85.22,8.11,13.04,2022,relMeanHI_p85_2d_walkforward,persistent_apparent_heat_anomaly
CAMERON_2022_008,48061,Cameron (Brownsville),2022-05-29,2022-05-31,3,94.0,2022-05-31,91.0,78.9,84.9,91.5,56.0,90.7,91.12,84.74,3.34,8.31,2022,relMeanHI_p85_2d_walkforward,persistent_apparent_heat_anomaly
CAMERON_2022_009,48061,Cameron (Brownsville),2022-06-10,2022-06-13,4,100.35,2022-06-11,97.2,79.0,88.1,91.4,48.2,96.3,97.19,87.34,4.05,10.23,2022,relMeanHI_p85_2d_walkforward,persistent_apparent_heat_anomaly
CAMERON_2022_010,48061,Cameron (Brownsville),2022-07-01,2022-07-08,8,102.34,2022-07-05,96.9,80.1,88.5,95.6,46.9,97.2,97.03,87.63,5.16,18.92,2022,relMeanHI_p85_2d_walkforward,persistent_apparent_heat_anomaly
CAMERON_2022_011,48061,Cameron (Brownsville),2022-07-10,2022-07-13,4,102.52,2022-07-13,97.0,78.9,87.9,98.9,49.8,97.2,98.63,88.13,5.34,13.86,2022,relMeanHI_p85_2d_walkforward,persistent_apparent_heat_anomaly
CAMERON_2022_012,48061,Cameron (Brownsville),2022-07-19,2022-07-25,7,102.75,2022-07-20,96.4,81.0,88.7,92.8,49.0,97.2,97.16,88.08,5.57,20.52,2022,relMeanHI_p85_2d_walkforward,persistent_apparent_heat_anomaly
CAMERON_2022_013,48061,Cameron (Brownsville),2022-08-03,2022-08-05,3,103.55,2022-08-04,96.2,81.0,88.6,96.1,49.9,99.1,97.03,88.13,4.48,8.82,2022,relMeanHI_p85_2d_walkforward,persistent_apparent_heat_anomaly
CAMERON_2022_014,48061,Cameron (Brownsville),2022-08-22,2022-08-24,3,101.88,2022-08-22,96.0,78.9,87.5,98.7,52.7,99.1,97.01,87.11,2.8,5.84,2022,relMeanHI_p85_2d_walkforward,persistent_apparent_heat_anomaly
CAMERON_2022_015,48061,Cameron (Brownsville),2022-11-06,2022-11-10,5,85.44,2022-11-07,87.7,74.7,81.2,94.2,51.1,77.8,87.7,78.22,7.61,9.05,2022,relMeanHI_p85_2d_walkforward,persistent_apparent_heat_anomaly
CAMERON_2022_016,48061,Cameron (Brownsville),2022-12-04,2022-12-13,10,77.55,2022-12-13,83.2,71.3,77.3,74.9,47.1,72.7,83.27,75.35,4.86,29.12,2022,relMeanHI_p85_2d_walkforward,persistent_apparent_heat_anomaly
CAMERON_2023_001,48061,Cameron (Brownsville),2023-01-01,2023-01-03,3,77.42,2023-01-02,82.7,71.4,77.1,77.1,48.5,69.6,83.56,73.92,7.83,13.32,2023,relMeanHI_p85_2d_walkforward,persistent_apparent_heat_anomaly
CAMERON_2023_002,48061,Cameron (Brownsville),2023-01-16,2023-01-20,5,76.65,2023-01-18,85.6,67.5,76.5,78.7,39.3,69.6,85.56,72.77,7.06,15.04,2023,relMeanHI_p85_2d_walkforward,persistent_apparent_heat_anomaly
CAMERON_2023_003,48061,Cameron (Brownsville),2023-02-20,2023-02-28,9,82.02,2023-02-23,91.9,69.7,80.8,74.4,33.5,73.0,91.86,77.99,9.04,49.63,2023,relMeanHI_p85_2d_walkforward,persistent_apparent_heat_anomaly
CAMERON_2023_004,48061,Cameron (Brownsville),2023-03-07,2023-03-09,3,78.82,2023-03-07,85.6,71.3,78.4,78.5,42.6,76.6,86.57,78.25,2.21,5.91,2023,relMeanHI_p85_2d_walkforward,persistent_apparent_heat_anomaly
CAMERON_2023_005,48061,Cameron (Brownsville),2023-03-11,2023-03-12,2,85.37,2023-03-12,94.5,71.5,83.0,83.5,31.5,76.6,94.49,80.75,8.76,10.9,2023,relMeanHI_p85_2d_walkforward,persistent_apparent_heat_anomaly
CAMERON_2023_006,48061,Cameron (Brownsville),2023-03-23,2023-03-27,5,84.46,2023-03-24,92.2,73.6,82.9,74.8,33.1,76.6,92.17,79.55,7.85,18.2,2023,relMeanHI_p85_2d_walkforward,persistent_apparent_heat_anomaly
CAMERON_2023_007,48061,Cameron (Brownsville),2023-04-03,2023-04-04,2,85.09,2023-04-04,89.0,74.4,81.7,81.0,50.8,83.2,89.01,81.56,1.92,2.95,2023,relMeanHI_p85_2d_walkforward,persistent_apparent_heat_anomaly
CAMERON_2023_008,48061,Cameron (Brownsville),2023-05-07,2023-05-08,2,92.66,2023-05-08,90.0,78.2,84.1,99.2,52.4,90.9,91.58,84.41,1.79,2.11,2023,relMeanHI_p85_2d_walkforward,persistent_apparent_heat_anomaly
CAMERON_2023_009,48061,Cameron (Brownsville),2023-05-11,2023-05-12,2,95.45,2023-05-12,89.9,79.7,84.8,100.0,56.2,90.9,90.32,84.61,4.58,5.3,2023,relMeanHI_p85_2d_walkforward,persistent_apparent_heat_anomaly
CAMERON_2023_010,48061,Cameron (Brownsville),2023-06-10,2023-06-28,19,105.68,2023-06-22,98.4,81.8,90.1,89.7,48.3,96.3,99.42,88.57,9.38,119.95,2023,relMeanHI_p85_2d_walkforward,persistent_apparent_heat_anomaly
CAMERON_2023_011,48061,Cameron (Brownsville),2023-06-30,2023-07-02,3,104.93,2023-07-01,97.0,80.6,88.8,98.9,49.2,97.5,97.01,88.04,7.46,13.19,2023,relMeanHI_p85_2d_walkforward,persistent_apparent_heat_anomaly
CAMERON_2023_012,48061,Cameron (Brownsville),2023-07-08,2023-07-27,20,104.73,2023-07-16,99.0,80.3,89.7,96.4,43.1,97.5,99.29,88.18,7.26,76.61,2023,relMeanHI_p85_2d_walkforward,persistent_apparent_heat_anomaly
CAMERON_2023_013,48061,Cameron (Brownsville),2023-07-31,2023-08-02,3,102.46,2023-07-31,98.2,78.7,88.5,96.4,47.0,97.5,98.16,87.86,4.99,8.96,2023,relMeanHI_p85_2d_walkforward,persistent_apparent_heat_anomaly
CAMERON_2023_014,48061,Cameron (Brownsville),2023-08-04,2023-08-15,12,111.25,2023-08-13,99.4,82.6,91.0,97.3,48.6,99.1,99.71,89.76,12.16,88.94,2023,relMeanHI_p85_2d_walkforward,persistent_apparent_heat_anomaly
CAMERON_2023_015,48061,Cameron (Brownsville),2023-08-17,2023-08-20,4,105.13,2023-08-19,98.2,79.7,88.9,95.9,51.4,99.1,100.12,88.78,6.04,19.01,2023,relMeanHI_p85_2d_walkforward,persistent_apparent_heat_anomaly
CAMERON_2023_016,48061,Cameron (Brownsville),2023-09-03,2023-09-16,14,106.44,2023-09-05,98.0,80.9,89.4,96.1,50.5,95.1,99.14,87.6,11.38,75.75,2023,relMeanHI_p85_2d_walkforward,persistent_apparent_heat_anomaly
CAMERON_2023_017,48061,Cameron (Brownsville),2023-09-21,2023-09-25,5,102.29,2023-09-24,97.1,78.9,88.0,97.2,50.1,95.1,97.13,86.98,7.23,21.07,2023,relMeanHI_p85_2d_walkforward,persistent_apparent_heat_anomaly
CAMERON_2023_018,48061,Cameron (Brownsville),2023-10-01,2023-10-05,5,92.87,2023-10-04,95.9,77.4,86.6,80.1,42.5,87.9,95.87,85.72,4.98,17.67,2023,relMeanHI_p85_2d_walkforward,persistent_apparent_heat_anomaly
CAMERON_2023_019,48061,Cameron (Brownsville),2023-10-24,2023-10-27,4,89.18,2023-10-24,90.1,77.7,83.9,81.8,51.0,87.9,90.58,84.03,1.3,3.96,2023,relMeanHI_p85_2d_walkforward,persistent_apparent_heat_anomaly
CAMERON_2023_020,48061,Cameron (Brownsville),2023-11-08,2023-11-09,2,80.86,2023-11-09,86.0,73.4,79.7,91.6,57.0,77.9,87.29,79.0,2.97,4.29,2023,relMeanHI_p85_2d_walkforward,persistent_apparent_heat_anomaly
CAMERON_2024_001,48061,Cameron (Brownsville),2024-02-26,2024-02-28,3,77.71,2024-02-27,85.0,68.6,76.8,94.7,55.2,73.2,85.02,75.28,4.56,8.43,2024,relMeanHI_p85_2d_walkforward,persistent_apparent_heat_anomaly
CAMERON_2024_002,48061,Cameron (Brownsville),2024-03-13,2024-03-17,5,80.63,2024-03-15,86.0,73.0,79.5,98.2,49.1,76.7,86.44,77.44,3.93,7.48,2024,relMeanHI_p85_2d_walkforward,persistent_apparent_heat_anomaly
CAMERON_2024_003,48061,Cameron (Brownsville),2024-04-16,2024-04-20,5,87.25,2024-04-20,89.4,75.8,82.6,87.5,49.6,83.1,89.39,81.73,4.11,11.11,2024,relMeanHI_p85_2d_walkforward,persistent_apparent_heat_anomaly
CAMERON_2024_004,48061,Cameron (Brownsville),2024-04-25,2024-04-30,6,88.19,2024-04-28,90.6,76.1,83.3,85.3,48.3,83.1,90.55,81.94,5.05,19.44,2024,relMeanHI_p85_2d_walkforward,persistent_apparent_heat_anomaly
CAMERON_2024_005,48061,Cameron (Brownsville),2024-05-07,2024-05-12,6,100.36,2024-05-09,100.7,78.4,89.5,87.2,39.1,90.9,100.67,85.98,9.5,19.1,2024,relMeanHI_p85_2d_walkforward,persistent_apparent_heat_anomaly
CAMERON_2024_006,48061,Cameron (Brownsville),2024-05-18,2024-05-28,11,100.99,2024-05-24,96.6,81.4,89.0,83.9,49.4,90.9,96.65,87.37,10.13,78.13,2024,relMeanHI_p85_2d_walkforward,persistent_apparent_heat_anomaly
CAMERON_2024_007,48061,Cameron (Brownsville),2024-05-30,2024-06-07,9,107.19,2024-06-05,98.5,82.2,90.3,92.0,48.7,96.6,98.51,88.32,10.99,58.08,2024,relMeanHI_p85_2d_walkforward,persistent_apparent_heat_anomaly
CAMERON_2024_008,48061,Cameron (Brownsville),2024-06-09,2024-06-15,7,101.48,2024-06-10,95.3,79.8,87.6,96.3,52.4,96.6,96.65,86.84,4.91,14.01,2024,relMeanHI_p85_2d_walkforward,persistent_apparent_heat_anomaly
CAMERON_2024_009,48061,Cameron (Brownsville),2024-06-28,2024-06-29,2,100.07,2024-06-29,92.5,81.0,86.8,93.3,58.8,96.6,93.53,86.73,3.5,5.28,2024,relMeanHI_p85_2d_walkforward,persistent_apparent_heat_anomaly
CAMERON_2024_010,48061,Cameron (Brownsville),2024-07-04,2024-07-05,2,98.35,2024-07-05,94.8,77.7,86.3,99.8,51.5,97.7,94.85,86.27,0.63,0.71,2024,relMeanHI_p85_2d_walkforward,persistent_apparent_heat_anomaly
CAMERON_2024_011,48061,Cameron (Brownsville),2024-08-07,2024-08-08,2,101.94,2024-08-08,96.7,78.4,87.6,97.1,53.3,99.4,96.72,87.37,2.59,2.83,2024,relMeanHI_p85_2d_walkforward,persistent_apparent_heat_anomaly
CAMERON_2024_012,48061,Cameron (Brownsville),2024-08-17,2024-08-19,3,101.41,2024-08-18,95.4,79.0,87.2,97.0,55.2,99.4,95.46,87.08,2.06,5.32,2024,relMeanHI_p85_2d_walkforward,persistent_apparent_heat_anomaly
CAMERON_2024_013,48061,Cameron (Brownsville),2024-08-21,2024-08-22,2,102.17,2024-08-21,99.1,77.9,88.5,95.9,46.0,99.4,99.14,88.22,2.82,5.46,2024,relMeanHI_p85_2d_walkforward,persistent_apparent_heat_anomaly
CAMERON_2024_014,48061,Cameron (Brownsville),2024-09-13,2024-09-14,2,96.17,2024-09-13,91.7,78.0,84.9,98.3,60.7,95.3,92.15,85.22,0.9,1.56,2024,relMeanHI_p85_2d_walkforward,persistent_apparent_heat_anomaly
CAMERON_2024_015,48061,Cameron (Brownsville),2024-09-19,2024-09-21,3,96.97,2024-09-20,91.7,80.0,85.9,92.5,57.6,95.3,91.71,85.6,1.71,3.3,2024,relMeanHI_p85_2d_walkforward,persistent_apparent_heat_anomaly
CAMERON_2024_016,48061,Cameron (Brownsville),2024-11-01,2024-11-04,4,88.54,2024-11-04,88.0,78.9,83.4,78.6,56.1,77.8,88.42,82.33,10.71,33.35,2024,relMeanHI_p85_2d_walkforward,persistent_apparent_heat_anomaly
CAMERON_2024_017,48061,Cameron (Brownsville),2024-11-07,2024-11-09,3,83.8,2024-11-07,87.0,73.0,80.0,95.0,57.7,77.8,88.01,78.53,5.97,8.18,2024,relMeanHI_p85_2d_walkforward,persistent_apparent_heat_anomaly
CAMERON_2024_018,48061,Cameron (Brownsville),2024-12-15,2024-12-18,4,75.67,2024-12-16,81.7,68.7,75.2,87.1,50.8,72.8,82.43,74.03,2.83,6.03,2024,relMeanHI_p85_2d_walkforward,persistent_apparent_heat_anomaly
CAMERON_2024_019,48061,Cameron (Brownsville),2024-12-24,2024-12-28,5,76.91,2024-12-27,84.1,69.2,76.7,77.8,45.2,72.8,86.85,74.45,4.07,8.66,2024,relMeanHI_p85_2d_walkforward,persistent_apparent_heat_anomaly
CAMERON_2025_001,48061,Cameron (Brownsville),2025-01-01,2025-01-02,2,71.51,2025-01-02,79.4,64.6,72.0,75.3,35.9,69.7,79.44,71.71,1.84,2.89,2025,relMeanHI_p85_2d_walkforward,persistent_apparent_heat_anomaly
CAMERON_2025_002,48061,Cameron (Brownsville),2025-02-05,2025-02-12,8,79.72,2025-02-12,90.8,67.4,79.1,98.7,28.8,73.2,90.83,76.82,6.53,30.38,2025,relMeanHI_p85_2d_walkforward,persistent_apparent_heat_anomaly
CAMERON_2025_003,48061,Cameron (Brownsville),2025-03-29,2025-03-31,3,84.8,2025-03-30,87.7,75.6,81.6,82.9,46.9,76.7,87.68,80.0,8.09,16.44,2025,relMeanHI_p85_2d_walkforward,persistent_apparent_heat_anomaly
CAMERON_2025_004,48061,Cameron (Brownsville),2025-04-02,2025-04-04,3,86.6,2025-04-04,88.6,76.6,82.6,80.6,51.6,83.3,88.88,82.29,3.26,7.94,2025,relMeanHI_p85_2d_walkforward,persistent_apparent_heat_anomaly
CAMERON_2025_005,48061,Cameron (Brownsville),2025-04-28,2025-04-30,3,86.29,2025-04-30,87.4,76.6,82.0,86.1,52.5,83.3,87.44,81.47,2.95,5.98,2025,relMeanHI_p85_2d_walkforward,persistent_apparent_heat_anomaly
CAMERON_2025_006,48061,Cameron (Brownsville),2025-05-15,2025-05-21,7,96.68,2025-05-17,92.6,79.6,86.1,90.9,55.2,91.1,93.17,85.64,5.58,28.53,2025,relMeanHI_p85_2d_walkforward,persistent_apparent_heat_anomaly
CAMERON_2025_007,48061,Cameron (Brownsville),2025-05-23,2025-05-27,5,98.44,2025-05-25,93.7,80.9,87.3,86.6,53.9,91.1,93.87,85.77,7.34,23.47,2025,relMeanHI_p85_2d_walkforward,persistent_apparent_heat_anomaly
CAMERON_2025_008,48061,Cameron (Brownsville),2025-06-03,2025-06-15,13,103.12,2025-06-15,95.1,80.9,88.0,94.6,55.5,96.8,95.87,86.5,6.35,31.04,2025,relMeanHI_p85_2d_walkforward,persistent_apparent_heat_anomaly
CAMERON_2025_009,48061,Cameron (Brownsville),2025-08-02,2025-08-04,3,102.39,2025-08-02,99.1,77.6,88.4,96.3,47.7,99.4,99.11,88.01,2.99,5.78,2025,relMeanHI_p85_2d_walkforward,persistent_apparent_heat_anomaly
CAMERON_2025_010,48061,Cameron (Brownsville),2025-08-13,2025-08-14,2,103.18,2025-08-14,97.0,79.2,88.1,98.4,51.0,99.4,97.01,87.96,3.77,6.01,2025,relMeanHI_p85_2d_walkforward,persistent_apparent_heat_anomaly
CAMERON_2025_011,48061,Cameron (Brownsville),2025-08-29,2025-08-30,2,100.54,2025-08-29,95.8,78.4,87.1,95.6,54.3,99.4,95.87,87.11,1.13,2.12,2025,relMeanHI_p85_2d_walkforward,persistent_apparent_heat_anomaly
CAMERON_2025_012,48061,Cameron (Brownsville),2025-09-01,2025-09-02,2,96.02,2025-09-01,94.5,77.3,85.9,93.7,52.1,95.3,94.46,85.79,0.72,1.03,2025,relMeanHI_p85_2d_walkforward,persistent_apparent_heat_anomaly
CAMERON_2025_013,48061,Cameron (Brownsville),2025-09-04,2025-09-06,3,103.0,2025-09-06,95.8,79.2,87.5,99.5,55.2,95.3,96.59,86.7,7.7,12.49,2025,relMeanHI_p85_2d_walkforward,persistent_apparent_heat_anomaly
CAMERON_2025_014,48061,Cameron (Brownsville),2025-10-07,2025-10-09,3,89.5,2025-10-07,91.4,75.7,83.6,87.6,52.2,87.9,91.43,83.28,1.58,2.6,2025,relMeanHI_p85_2d_walkforward,persistent_apparent_heat_anomaly
CAMERON_2025_015,48061,Cameron (Brownsville),2025-10-19,2025-10-21,3,88.8,2025-10-19,93.0,72.6,82.8,95.3,51.0,87.9,93.25,82.78,0.87,1.79,2025,relMeanHI_p85_2d_walkforward,persistent_apparent_heat_anomaly
CAMERON_2025_016,48061,Cameron (Brownsville),2025-10-25,2025-10-28,4,90.12,2025-10-26,93.1,74.4,83.8,92.6,48.2,87.9,93.71,83.6,2.2,7.3,2025,relMeanHI_p85_2d_walkforward,persistent_apparent_heat_anomaly
CAMERON_2025_017,48061,Cameron (Brownsville),2025-11-16,2025-11-25,10,84.54,2025-11-24,88.0,74.4,81.2,86.9,47.8,77.9,88.01,79.32,6.63,26.39,2025,relMeanHI_p85_2d_walkforward,persistent_apparent_heat_anomaly
CAMERON_2025_018,48061,Cameron (Brownsville),2025-12-21,2025-12-28,8,76.6,2025-12-27,84.6,68.3,76.4,77.0,42.4,72.9,84.83,75.31,3.66,20.29,2025,relMeanHI_p85_2d_walkforward,persistent_apparent_heat_anomaly
EL_2015_001,48141,El Paso,2015-01-27,2015-01-28,2,50.95,2015-01-28,70.0,36.0,53.0,95.5,29.3,47.9,69.98,53.28,3.1,6.05,2015,relMeanHI_p85_2d_walkforward,persistent_apparent_heat_anomaly
EL_2015_002,48141,El Paso,2015-02-15,2015-02-16,2,55.67,2015-02-15,72.5,42.0,57.2,95.9,31.7,53.8,72.5,56.53,1.85,2.44,2015,relMeanHI_p85_2d_walkforward,persistent_apparent_heat_anomaly
EL_2015_003,48141,El Paso,2015-03-30,2015-03-31,2,64.47,2015-03-31,79.0,54.5,66.7,44.0,13.9,61.3,79.97,66.85,3.21,6.16,2015,relMeanHI_p85_2d_walkforward,persistent_apparent_heat_anomaly
EL_2015_004,48141,El Paso,2015-10-01,2015-10-03,3,73.53,2015-10-01,89.5,60.0,74.8,51.9,16.3,70.2,92.57,73.91,3.38,7.66,2015,relMeanHI_p85_2d_walkforward,persistent_apparent_heat_anomaly
EL_2015_005,48141,El Paso,2015-11-03,2015-11-04,2,58.41,2015-11-04,75.5,45.0,60.3,72.2,30.9,57.3,76.01,60.01,1.09,1.16,2015,relMeanHI_p85_2d_walkforward,persistent_apparent_heat_anomaly
EL_2015_006,48141,El Paso,2015-12-10,2015-12-11,2,51.28,2015-12-11,72.5,36.5,54.5,51.0,18.3,48.2,72.5,53.74,3.08,4.69,2015,relMeanHI_p85_2d_walkforward,persistent_apparent_heat_anomaly
EL_2016_001,48141,El Paso,2016-01-30,2016-01-31,2,53.06,2016-01-31,69.4,43.0,56.2,51.2,14.0,47.8,71.06,54.0,5.24,5.31,2016,relMeanHI_p85_2d_walkforward,persistent_apparent_heat_anomaly
EL_2016_002,48141,El Paso,2016-02-18,2016-02-22,5,61.36,2016-02-21,76.5,49.0,62.7,94.9,17.9,53.8,83.48,60.79,7.54,24.18,2016,relMeanHI_p85_2d_walkforward,persistent_apparent_heat_anomaly
EL_2016_003,48141,El Paso,2016-11-01,2016-11-06,6,64.93,2016-11-05,74.5,56.0,65.3,99.5,47.4,57.2,79.52,63.66,7.69,30.55,2016,relMeanHI_p85_2d_walkforward,persistent_apparent_heat_anomaly
EL_2016_004,48141,El Paso,2016-12-13,2016-12-17,5,53.47,2016-12-16,73.5,40.0,56.8,41.8,15.6,48.2,73.49,53.39,5.27,12.25,2016,relMeanHI_p85_2d_walkforward,persistent_apparent_heat_anomaly
EL_2016_005,48141,El Paso,2016-12-23,2016-12-24,2,52.41,2016-12-24,71.5,37.0,54.3,96.7,31.2,48.2,71.51,52.63,4.2,5.27,2016,relMeanHI_p85_2d_walkforward,persistent_apparent_heat_anomaly
EL_2017_001,48141,El Paso,2017-01-04,2017-01-05,2,53.14,2017-01-04,66.5,45.0,55.7,63.6,27.9,47.8,66.47,54.36,5.37,7.92,2017,relMeanHI_p85_2d_walkforward,persistent_apparent_heat_anomaly
EL_2017_002,48141,El Paso,2017-01-09,2017-01-14,6,59.81,2017-01-14,71.5,50.5,61.0,87.5,39.2,47.8,73.49,56.0,12.03,33.58,2017,relMeanHI_p85_2d_walkforward,persistent_apparent_heat_anomaly
EL_2017_003,48141,El Paso,2017-01-23,2017-01-24,2,49.99,2017-01-24,61.5,43.5,52.5,70.3,37.0,47.8,69.98,52.0,2.22,2.95,2017,relMeanHI_p85_2d_walkforward,persistent_apparent_heat_anomaly
EL_2017_004,48141,El Paso,2017-02-06,2017-02-12,7,63.43,2017-02-11,86.0,45.5,65.8,49.6,10.2,53.8,86.0,60.29,9.61,28.97,2017,relMeanHI_p85_2d_walkforward,persistent_apparent_heat_anomaly
EL_2017_005,48141,El Paso,2017-02-22,2017-02-23,2,59.03,2017-02-23,75.0,48.0,61.5,55.6,15.0,53.8,80.51,61.25,5.21,10.03,2017,relMeanHI_p85_2d_walkforward,persistent_apparent_heat_anomaly
EL_2017_006,48141,El Paso,2017-03-10,2017-03-12,3,63.17,2017-03-11,85.0,46.5,65.8,41.2,7.7,61.2,85.01,64.42,1.98,2.41,2017,relMeanHI_p85_2d_walkforward,persistent_apparent_heat_anomaly
EL_2017_007,48141,El Paso,2017-03-14,2017-03-23,10,70.68,2017-03-19,90.5,55.0,72.8,32.9,6.8,61.2,94.01,69.0,9.48,54.42,2017,relMeanHI_p85_2d_walkforward,persistent_apparent_heat_anomaly
EL_2017_008,48141,El Paso,2017-03-26,2017-03-27,2,62.1,2017-03-27,81.5,48.0,64.8,39.3,10.3,61.2,81.5,64.65,0.9,1.46,2017,relMeanHI_p85_2d_walkforward,persistent_apparent_heat_anomaly
EL_2017_009,48141,El Paso,2017-04-12,2017-04-15,4,75.34,2017-04-12,90.5,61.1,75.8,74.6,22.1,68.5,90.5,72.95,6.8,11.68,2017,relMeanHI_p85_2d_walkforward,persistent_apparent_heat_anomaly
EL_2017_010,48141,El Paso,2017-04-19,2017-04-21,3,70.08,2017-04-19,89.5,55.0,72.3,30.9,6.5,68.5,92.48,72.08,1.55,3.8,2017,relMeanHI_p85_2d_walkforward,persistent_apparent_heat_anomaly
EL_2017_011,48141,El Paso,2017-04-24,2017-04-25,2,75.0,2017-04-25,86.0,67.0,76.5,38.7,9.8,68.5,91.49,76.5,6.46,12.61,2017,relMeanHI_p85_2d_walkforward,persistent_apparent_heat_anomaly
EL_2017_012,48141,El Paso,2017-04-27,2017-04-28,2,75.98,2017-04-28,88.0,64.9,76.5,75.4,17.2,68.5,88.52,74.75,7.45,9.96,2017,relMeanHI_p85_2d_walkforward,persistent_apparent_heat_anomaly
EL_2017_013,48141,El Paso,2017-05-25,2017-05-27,3,80.06,2017-05-26,95.0,69.4,82.2,31.5,10.6,77.2,95.99,80.98,2.86,5.91,2017,relMeanHI_p85_2d_walkforward,persistent_apparent_heat_anomaly
EL_2017_014,48141,El Paso,2017-06-20,2017-06-24,5,89.59,2017-06-23,110.5,76.5,93.5,30.0,7.2,83.8,110.48,89.24,5.82,15.07,2017,relMeanHI_p85_2d_walkforward,persistent_apparent_heat_anomaly
EL_2017_015,48141,El Paso,2017-06-29,2017-06-30,2,83.93,2017-06-30,101.9,72.9,87.4,28.8,7.7,83.8,101.93,87.35,0.15,0.2,2017,relMeanHI_p85_2d_walkforward,persistent_apparent_heat_anomaly
EL_2017_016,48141,El Paso,2017-08-10,2017-08-11,2,85.4,2017-08-10,97.5,72.5,85.0,65.7,25.0,84.3,97.52,83.75,1.05,1.26,2017,relMeanHI_p85_2d_walkforward,persistent_apparent_heat_anomaly
EL_2017_017,48141,El Paso,2017-10-01,2017-10-06,6,83.94,2017-10-05,91.5,73.0,82.3,75.7,34.9,70.0,92.48,77.85,13.91,47.83,2017,relMeanHI_p85_2d_walkforward,persistent_apparent_heat_anomaly
EL_2017_018,48141,El Paso,2017-10-12,2017-10-14,3,77.84,2017-10-14,89.5,66.6,78.0,75.2,22.9,70.0,92.48,76.26,7.82,17.52,2017,relMeanHI_p85_2d_walkforward,persistent_apparent_heat_anomaly
EL_2017_019,48141,El Paso,2017-11-01,2017-11-07,7,64.62,2017-11-06,81.0,52.0,66.5,57.3,19.4,57.3,80.96,63.76,7.3,31.99,2017,relMeanHI_p85_2d_walkforward,persistent_apparent_heat_anomaly
EL_2017_020,48141,El Paso,2017-11-10,2017-11-17,8,62.38,2017-11-14,84.5,43.4,64.0,79.7,19.9,57.3,84.47,61.97,5.06,22.21,2017,relMeanHI_p85_2d_walkforward,persistent_apparent_heat_anomaly
EL_2017_021,48141,El Paso,2017-12-01,2017-12-04,4,56.19,2017-12-03,75.5,42.0,58.7,62.4,18.1,48.3,75.47,57.56,7.9,26.46,2017,relMeanHI_p85_2d_walkforward,persistent_apparent_heat_anomaly
EL_2018_001,48141,El Paso,2018-01-09,2018-01-11,3,50.65,2018-01-09,71.1,35.5,53.3,77.6,22.0,47.9,71.06,52.34,2.78,5.64,2018,relMeanHI_p85_2d_walkforward,persistent_apparent_heat_anomaly
EL_2018_002,48141,El Paso,2018-02-05,2018-02-06,2,55.07,2018-02-06,74.5,41.4,58.0,55.9,12.6,54.1,77.0,58.1,1.02,1.97,2018,relMeanHI_p85_2d_walkforward,persistent_apparent_heat_anomaly
EL_2018_003,48141,El Paso,2018-02-14,2018-02-16,3,58.52,2018-02-14,75.5,47.0,61.2,47.4,14.2,54.1,75.47,59.93,4.47,13.16,2018,relMeanHI_p85_2d_walkforward,persistent_apparent_heat_anomaly
EL_2018_004,48141,El Paso,2018-02-18,2018-02-20,3,59.9,2018-02-19,73.0,50.4,61.7,69.1,30.2,54.1,72.95,58.24,5.85,7.35,2018,relMeanHI_p85_2d_walkforward,persistent_apparent_heat_anomaly
EL_2018_005,48141,El Paso,2018-03-09,2018-03-10,2,62.38,2018-03-10,78.5,51.4,65.0,38.8,12.0,61.3,81.05,64.9,1.04,1.53,2018,relMeanHI_p85_2d_walkforward,persistent_apparent_heat_anomaly
EL_2018_006,48141,El Paso,2018-03-22,2018-03-26,5,69.63,2018-03-24,86.0,56.5,71.2,50.3,16.5,61.3,89.51,68.49,8.3,26.19,2018,relMeanHI_p85_2d_walkforward,persistent_apparent_heat_anomaly
EL_2018_007,48141,El Paso,2018-04-07,2018-04-09,3,73.78,2018-04-08,90.0,60.5,75.3,40.4,13.3,68.6,90.05,73.01,5.18,7.86,2018,relMeanHI_p85_2d_walkforward,persistent_apparent_heat_anomaly
EL_2018_008,48141,El Paso,2018-04-11,2018-04-12,2,75.06,2018-04-12,91.5,62.0,76.7,32.7,7.9,68.6,94.46,75.22,6.45,9.76,2018,relMeanHI_p85_2d_walkforward,persistent_apparent_heat_anomaly
EL_2018_009,48141,El Paso,2018-04-29,2018-04-30,2,73.96,2018-04-29,91.5,60.0,75.7,31.5,8.7,68.6,91.49,74.64,5.35,8.23,2018,relMeanHI_p85_2d_walkforward,persistent_apparent_heat_anomaly
EL_2018_010,48141,El Paso,2018-05-08,2018-05-12,5,80.2,2018-05-11,98.0,67.6,82.8,22.5,5.4,77.2,100.94,81.09,3.0,9.21,2018,relMeanHI_p85_2d_walkforward,persistent_apparent_heat_anomaly
EL_2018_011,48141,El Paso,2018-05-21,2018-05-22,2,78.94,2018-05-21,93.0,65.5,79.2,65.2,22.8,77.2,94.01,79.0,1.74,2.82,2018,relMeanHI_p85_2d_walkforward,persistent_apparent_heat_anomaly
EL_2018_012,48141,El Paso,2018-05-30,2018-05-31,2,79.68,2018-05-30,98.1,65.9,82.0,25.0,5.0,77.2,101.48,81.12,2.48,3.76,2018,relMeanHI_p85_2d_walkforward,persistent_apparent_heat_anomaly
EL_2018_013,48141,El Paso,2018-06-05,2018-06-07,3,84.86,2018-06-06,100.5,75.6,88.0,35.1,12.0,83.8,102.47,87.5,1.04,1.12,2018,relMeanHI_p85_2d_walkforward,persistent_apparent_heat_anomaly
EL_2018_014,48141,El Paso,2018-06-09,2018-06-10,2,84.25,2018-06-10,99.5,75.6,87.5,32.8,11.0,83.8,99.5,87.28,0.44,0.71,2018,relMeanHI_p85_2d_walkforward,persistent_apparent_heat_anomaly
EL_2018_015,48141,El Paso,2018-06-21,2018-06-24,4,87.18,2018-06-22,106.5,73.9,90.2,38.2,11.2,83.8,106.52,88.1,3.36,5.07,2018,relMeanHI_p85_2d_walkforward,persistent_apparent_heat_anomaly
EL_2018_016,48141,El Paso,2018-06-28,2018-06-29,2,86.11,2018-06-28,103.5,75.5,89.5,32.9,12.3,83.8,103.46,88.27,2.3,4.35,2018,relMeanHI_p85_2d_walkforward,persistent_apparent_heat_anomaly
EL_2018_017,48141,El Paso,2018-07-25,2018-07-26,2,87.93,2018-07-25,102.0,76.6,89.3,50.9,16.5,85.5,102.02,87.53,2.38,3.08,2018,relMeanHI_p85_2d_walkforward,persistent_apparent_heat_anomaly
EL_2018_018,48141,El Paso,2018-08-02,2018-08-03,2,86.08,2018-08-03,100.0,75.0,87.5,52.5,16.8,84.3,100.94,87.12,1.75,2.9,2018,relMeanHI_p85_2d_walkforward,persistent_apparent_heat_anomaly
EL_2018_019,48141,El Paso,2018-09-13,2018-09-14,2,80.03,2018-09-13,97.1,65.0,81.0,50.4,14.6,79.5,97.07,80.64,0.48,0.93,2018,relMeanHI_p85_2d_walkforward,persistent_apparent_heat_anomaly
EL_2018_020,48141,El Paso,2018-09-17,2018-09-18,2,80.0,2018-09-18,92.5,67.0,79.7,78.9,30.8,79.5,92.48,79.63,0.45,0.58,2018,relMeanHI_p85_2d_walkforward,persistent_apparent_heat_anomaly
EL_2018_021,48141,El Paso,2018-10-01,2018-10-07,7,79.16,2018-10-02,90.0,68.4,79.2,68.1,31.2,70.2,91.49,77.03,9.01,44.57,2018,relMeanHI_p85_2d_walkforward,persistent_apparent_heat_anomaly
EL_2018_022,48141,El Paso,2018-11-05,2018-11-08,4,63.51,2018-11-06,78.1,53.1,65.6,50.5,20.9,57.7,78.53,64.02,5.82,16.62,2018,relMeanHI_p85_2d_walkforward,persistent_apparent_heat_anomaly
EL_2018_023,48141,El Paso,2018-12-06,2018-12-07,2,49.06,2018-12-06,59.4,42.4,50.9,93.7,47.8,48.3,59.45,50.34,0.74,0.9,2018,relMeanHI_p85_2d_walkforward,persistent_apparent_heat_anomaly
EL_2018_024,48141,El Paso,2018-12-17,2018-12-19,3,50.11,2018-12-17,60.0,44.5,52.2,78.3,46.5,48.3,65.48,51.82,1.79,3.39,2018,relMeanHI_p85_2d_walkforward,persistent_apparent_heat_anomaly
EL_2019_001,48141,El Paso,2019-01-10,2019-01-11,2,51.45,2019-01-11,60.5,45.5,53.0,99.9,46.2,47.9,60.53,51.51,3.57,3.78,2019,relMeanHI_p85_2d_walkforward,persistent_apparent_heat_anomaly
EL_2019_002,48141,El Paso,2019-01-15,2019-01-18,4,51.65,2019-01-18,65.9,41.5,53.7,93.6,27.5,47.9,67.55,52.74,3.77,10.45,2019,relMeanHI_p85_2d_walkforward,persistent_apparent_heat_anomaly
EL_2019_003,48141,El Paso,2019-02-03,2019-02-06,4,57.76,2019-02-05,66.5,52.5,59.5,72.5,38.8,54.2,74.48,57.81,3.59,7.84,2019,relMeanHI_p85_2d_walkforward,persistent_apparent_heat_anomaly
EL_2019_004,48141,El Paso,2019-02-14,2019-02-16,3,63.4,2019-02-15,74.5,54.5,64.5,83.3,34.0,54.2,74.48,60.0,9.22,11.43,2019,relMeanHI_p85_2d_walkforward,persistent_apparent_heat_anomaly
EL_2019_005,48141,El Paso,2019-02-27,2019-02-28,2,55.6,2019-02-28,78.1,39.0,58.6,53.2,10.3,54.2,78.08,58.01,1.42,1.45,2019,relMeanHI_p85_2d_walkforward,persistent_apparent_heat_anomaly
EL_2019_006,48141,El Paso,2019-03-26,2019-03-29,4,70.06,2019-03-27,86.0,57.0,71.5,54.8,17.5,61.4,87.08,69.78,8.65,25.59,2019,relMeanHI_p85_2d_walkforward,persistent_apparent_heat_anomaly
EL_2019_007,48141,El Paso,2019-04-20,2019-04-22,3,73.52,2019-04-21,88.1,62.5,75.3,32.2,10.3,68.8,93.47,72.85,4.75,6.44,2019,relMeanHI_p85_2d_walkforward,persistent_apparent_heat_anomaly
EL_2019_008,48141,El Paso,2019-04-26,2019-04-30,5,74.12,2019-04-28,91.9,60.0,76.0,29.4,7.0,68.8,93.02,74.44,5.34,19.01,2019,relMeanHI_p85_2d_walkforward,persistent_apparent_heat_anomaly
EL_2019_009,48141,El Paso,2019-06-27,2019-06-28,2,85.67,2019-06-28,100.0,74.5,87.2,49.2,19.5,83.9,101.48,87.48,1.8,3.44,2019,relMeanHI_p85_2d_walkforward,persistent_apparent_heat_anomaly
EL_2019_010,48141,El Paso,2019-07-20,2019-07-21,2,87.09,2019-07-20,102.5,75.6,89.0,48.1,14.6,85.5,104.0,89.13,1.55,2.87,2019,relMeanHI_p85_2d_walkforward,persistent_apparent_heat_anomaly
EL_2019_011,48141,El Paso,2019-08-01,2019-08-09,9,89.78,2019-08-09,100.0,73.9,86.9,79.6,23.2,84.3,102.47,86.83,5.44,19.74,2019,relMeanHI_p85_2d_walkforward,persistent_apparent_heat_anomaly
EL_2019_012,48141,El Paso,2019-08-12,2019-08-13,2,86.45,2019-08-12,99.5,72.5,86.0,65.0,24.0,84.3,99.5,86.27,2.1,3.22,2019,relMeanHI_p85_2d_walkforward,persistent_apparent_heat_anomaly
EL_2019_013,48141,El Paso,2019-08-17,2019-08-21,5,86.66,2019-08-19,101.0,78.0,89.5,39.6,12.6,84.3,101.93,87.44,2.32,6.19,2019,relMeanHI_p85_2d_walkforward,persistent_apparent_heat_anomaly
EL_2019_014,48141,El Paso,2019-08-25,2019-08-27,3,88.57,2019-08-26,104.4,74.0,89.2,55.9,17.0,84.3,104.45,87.64,4.23,8.09,2019,relMeanHI_p85_2d_walkforward,persistent_apparent_heat_anomaly
EL_2019_015,48141,El Paso,2019-09-01,2019-09-04,4,81.06,2019-09-01,95.0,68.4,81.7,57.4,19.4,79.6,95.0,81.07,1.5,3.98,2019,relMeanHI_p85_2d_walkforward,persistent_apparent_heat_anomaly
EL_2019_016,48141,El Paso,2019-09-06,2019-09-10,5,82.72,2019-09-07,95.4,70.0,82.7,66.7,22.6,79.6,96.53,81.19,3.16,8.82,2019,relMeanHI_p85_2d_walkforward,persistent_apparent_heat_anomaly
EL_2019_017,48141,El Paso,2019-09-19,2019-09-20,2,81.05,2019-09-20,93.5,69.0,81.2,60.6,23.6,79.6,93.47,80.85,1.49,2.1,2019,relMeanHI_p85_2d_walkforward,persistent_apparent_heat_anomaly
EL_2019_018,48141,El Paso,2019-10-01,2019-10-06,6,76.1,2019-10-05,87.5,64.5,76.0,83.6,35.0,70.2,89.06,73.95,5.93,21.54,2019,relMeanHI_p85_2d_walkforward,persistent_apparent_heat_anomaly
EL_2019_019,48141,El Paso,2019-10-08,2019-10-10,3,72.72,2019-10-08,86.0,60.0,73.0,81.3,34.5,70.2,86.0,72.76,2.55,5.96,2019,relMeanHI_p85_2d_walkforward,persistent_apparent_heat_anomaly
EL_2019_020,48141,El Paso,2019-11-04,2019-11-06,3,63.41,2019-11-06,76.0,53.1,64.5,76.1,39.9,57.7,81.95,62.99,5.75,11.22,2019,relMeanHI_p85_2d_walkforward,persistent_apparent_heat_anomaly
EL_2019_021,48141,El Paso,2019-12-05,2019-12-09,5,54.72,2019-12-08,69.4,44.0,56.7,74.6,37.9,48.4,69.44,54.24,6.34,19.92,2019,relMeanHI_p85_2d_walkforward,persistent_apparent_heat_anomaly
EL_2019_022,48141,El Paso,2019-12-13,2019-12-15,3,56.43,2019-12-15,72.9,44.5,58.7,66.8,23.6,48.4,72.95,56.0,8.05,15.71,2019,relMeanHI_p85_2d_walkforward,persistent_apparent_heat_anomaly
EL_2020_001,48141,El Paso,2020-01-15,2020-01-17,3,51.41,2020-01-17,67.6,38.9,53.2,98.5,35.2,47.9,67.55,53.32,3.48,8.79,2020,relMeanHI_p85_2d_walkforward,persistent_apparent_heat_anomaly
EL_2020_002,48141,El Paso,2020-03-11,2020-03-13,3,64.97,2020-03-13,75.0,55.9,65.5,95.3,42.7,61.4,77.0,64.6,3.54,6.88,2020,relMeanHI_p85_2d_walkforward,persistent_apparent_heat_anomaly
EL_2020_003,48141,El Paso,2020-03-25,2020-03-27,3,66.37,2020-03-26,85.0,52.0,68.5,42.6,14.0,61.4,86.45,66.41,4.95,8.73,2020,relMeanHI_p85_2d_walkforward,persistent_apparent_heat_anomaly
EL_2020_004,48141,El Paso,2020-04-26,2020-04-30,5,76.1,2020-04-28,93.0,62.5,77.8,29.8,6.7,68.8,95.0,75.54,7.25,25.04,2020,relMeanHI_p85_2d_walkforward,persistent_apparent_heat_anomaly
EL_2020_005,48141,El Paso,2020-05-02,2020-05-03,2,79.34,2020-05-02,96.5,66.0,81.3,29.7,8.5,77.3,96.53,80.78,2.06,3.55,2020,relMeanHI_p85_2d_walkforward,persistent_apparent_heat_anomaly
EL_2020_006,48141,El Paso,2020-05-18,2020-05-19,2,80.2,2020-05-19,97.0,68.0,82.5,31.3,8.6,77.3,100.04,80.89,2.92,3.3,2020,relMeanHI_p85_2d_walkforward,persistent_apparent_heat_anomaly
EL_2020_007,48141,El Paso,2020-05-27,2020-05-30,4,79.45,2020-05-28,99.5,63.0,81.2,34.6,9.0,77.3,99.5,79.87,2.17,5.02,2020,relMeanHI_p85_2d_walkforward,persistent_apparent_heat_anomaly
EL_2020_008,48141,El Paso,2020-06-05,2020-06-06,2,88.13,2020-06-06,104.0,77.0,90.5,44.1,12.5,83.9,105.53,88.88,4.28,4.47,2020,relMeanHI_p85_2d_walkforward,persistent_apparent_heat_anomaly
EL_2020_009,48141,El Paso,2020-07-03,2020-07-04,2,85.94,2020-07-04,103.0,73.0,88.0,47.7,14.4,85.5,103.01,88.02,0.42,0.77,2020,relMeanHI_p85_2d_walkforward,persistent_apparent_heat_anomaly
EL_2020_010,48141,El Paso,2020-07-09,2020-07-11,3,90.28,2020-07-10,108.0,78.4,93.2,38.1,9.2,85.5,108.05,91.67,4.76,8.87,2020,relMeanHI_p85_2d_walkforward,persistent_apparent_heat_anomaly
EL_2020_011,48141,El Paso,2020-07-13,2020-07-14,2,87.25,2020-07-13,107.0,74.5,90.7,36.4,7.1,85.5,106.97,89.76,1.73,2.68,2020,relMeanHI_p85_2d_walkforward,persistent_apparent_heat_anomaly
EL_2020_012,48141,El Paso,2020-07-18,2020-07-19,2,86.73,2020-07-18,101.5,75.5,88.5,49.4,15.8,85.5,101.48,87.87,1.21,1.62,2020,relMeanHI_p85_2d_walkforward,persistent_apparent_heat_anomaly
EL_2020_013,48141,El Paso,2020-08-06,2020-08-07,2,84.89,2020-08-06,97.5,76.6,87.0,45.8,16.0,84.5,99.5,86.63,0.42,0.78,2020,relMeanHI_p85_2d_walkforward,persistent_apparent_heat_anomaly
EL_2020_014,48141,El Paso,2020-08-10,2020-08-16,7,86.84,2020-08-12,105.0,73.9,89.5,43.1,11.8,84.5,104.99,88.0,2.37,7.22,2020,relMeanHI_p85_2d_walkforward,persistent_apparent_heat_anomaly
EL_2020_015,48141,El Paso,2020-08-31,2020-09-01,2,84.96,2020-09-01,94.0,73.5,83.8,74.7,26.8,79.6,95.0,84.0,5.33,5.52,2020,relMeanHI_p85_2d_walkforward,persistent_apparent_heat_anomaly
EL_2020_016,48141,El Paso,2020-09-04,2020-09-05,2,80.81,2020-09-04,97.0,68.4,82.7,43.5,11.8,79.6,96.98,81.48,1.18,1.54,2020,relMeanHI_p85_2d_walkforward,persistent_apparent_heat_anomaly
EL_2020_017,48141,El Paso,2020-09-07,2020-09-08,2,82.53,2020-09-08,98.5,62.5,80.5,99.9,21.5,79.6,98.51,80.78,2.89,3.5,2020,relMeanHI_p85_2d_walkforward,persistent_apparent_heat_anomaly
EL_2020_018,48141,El Paso,2020-10-05,2020-10-06,2,70.36,2020-10-05,91.5,53.0,72.2,43.1,8.2,70.2,92.93,72.34,0.13,0.15,2020,relMeanHI_p85_2d_walkforward,persistent_apparent_heat_anomaly
EL_2020_019,48141,El Paso,2020-11-03,2020-11-09,7,67.55,2020-11-08,80.5,57.5,69.0,54.3,29.2,57.7,85.46,64.73,9.87,34.9,2020,relMeanHI_p85_2d_walkforward,persistent_apparent_heat_anomaly
EL_2020_020,48141,El Paso,2020-11-18,2020-11-23,6,64.96,2020-11-23,79.5,53.0,66.2,71.7,30.2,57.7,86.0,63.71,7.28,23.97,2020,relMeanHI_p85_2d_walkforward,persistent_apparent_heat_anomaly
EL_2021_001,48141,El Paso,2021-01-29,2021-01-30,2,49.72,2021-01-29,64.0,41.4,52.7,58.0,27.2,48.0,64.04,52.5,1.69,2.86,2021,relMeanHI_p85_2d_walkforward,persistent_apparent_heat_anomaly
EL_2021_002,48141,El Paso,2021-02-03,2021-02-04,2,60.99,2021-02-04,74.0,52.0,63.0,64.5,20.0,54.4,74.48,60.12,6.63,6.64,2021,relMeanHI_p85_2d_walkforward,persistent_apparent_heat_anomaly
EL_2021_003,48141,El Paso,2021-03-09,2021-03-10,2,63.53,2021-03-09,82.5,49.6,66.0,39.6,11.7,61.5,82.49,65.39,2.05,2.96,2021,relMeanHI_p85_2d_walkforward,persistent_apparent_heat_anomaly
EL_2021_004,48141,El Paso,2021-04-05,2021-04-06,2,71.39,2021-04-05,92.9,53.5,73.2,39.4,9.6,68.9,92.93,72.48,2.47,2.82,2021,relMeanHI_p85_2d_walkforward,persistent_apparent_heat_anomaly
EL_2021_005,48141,El Paso,2021-04-08,2021-04-09,2,71.68,2021-04-09,86.0,61.4,73.7,31.2,6.8,68.9,87.98,72.86,2.76,3.36,2021,relMeanHI_p85_2d_walkforward,persistent_apparent_heat_anomaly
EL_2021_006,48141,El Paso,2021-04-26,2021-04-27,2,73.6,2021-04-26,87.5,64.0,75.8,18.4,4.5,68.9,87.53,74.39,4.68,6.95,2021,relMeanHI_p85_2d_walkforward,persistent_apparent_heat_anomaly
EL_2021_007,48141,El Paso,2021-05-29,2021-05-31,3,78.54,2021-05-30,92.9,67.0,80.0,28.5,8.7,77.4,98.06,79.97,1.16,3.2,2021,relMeanHI_p85_2d_walkforward,persistent_apparent_heat_anomaly
EL_2021_008,48141,El Paso,2021-06-12,2021-06-13,2,84.55,2021-06-13,101.9,74.0,88.0,31.5,9.8,83.8,108.5,87.76,0.72,0.79,2021,relMeanHI_p85_2d_walkforward,persistent_apparent_heat_anomaly
EL_2021_009,48141,El Paso,2021-06-20,2021-06-25,6,87.67,2021-06-21,101.9,77.4,89.7,45.4,15.6,83.8,108.05,87.96,3.84,13.33,2021,relMeanHI_p85_2d_walkforward,persistent_apparent_heat_anomaly
EL_2021_010,48141,El Paso,2021-07-04,2021-07-05,2,86.21,2021-07-05,97.0,70.0,83.5,83.6,32.5,85.5,96.98,83.52,0.66,1.19,2021,relMeanHI_p85_2d_walkforward,persistent_apparent_heat_anomaly
EL_2021_011,48141,El Paso,2021-08-08,2021-08-09,2,85.73,2021-08-08,100.5,72.5,86.5,58.0,19.3,84.5,100.49,85.75,1.21,1.6,2021,relMeanHI_p85_2d_walkforward,persistent_apparent_heat_anomaly
EL_2021_012,48141,El Paso,2021-09-02,2021-09-04,3,82.25,2021-09-03,93.0,69.4,81.2,74.8,29.7,79.6,93.02,80.39,2.62,4.18,2021,relMeanHI_p85_2d_walkforward,persistent_apparent_heat_anomaly
EL_2021_013,48141,El Paso,2021-09-16,2021-09-17,2,80.48,2021-09-16,96.5,65.5,81.0,59.7,16.5,79.6,97.07,80.91,0.84,1.4,2021,relMeanHI_p85_2d_walkforward,persistent_apparent_heat_anomaly
EL_2021_014,48141,El Paso,2021-10-04,2021-10-09,6,74.0,2021-10-09,92.5,58.0,75.2,49.8,15.1,70.2,92.48,73.01,3.81,10.88,2021,relMeanHI_p85_2d_walkforward,persistent_apparent_heat_anomaly
EL_2021_015,48141,El Paso,2021-11-01,2021-11-02,2,60.13,2021-11-01,81.1,44.0,62.5,55.9,15.2,57.9,81.05,62.02,2.22,3.38,2021,relMeanHI_p85_2d_walkforward,persistent_apparent_heat_anomaly
EL_2021_016,48141,El Paso,2021-11-07,2021-11-09,3,59.2,2021-11-09,81.0,43.0,62.0,46.2,10.7,57.9,82.49,61.48,1.29,2.55,2021,relMeanHI_p85_2d_walkforward,persistent_apparent_heat_anomaly
EL_2021_017,48141,El Paso,2021-12-01,2021-12-05,5,54.4,2021-12-03,74.5,38.5,56.5,86.1,23.3,48.4,74.48,54.81,6.03,19.8,2021,relMeanHI_p85_2d_walkforward,persistent_apparent_heat_anomaly
EL_2021_018,48141,El Paso,2021-12-09,2021-12-10,2,56.14,2021-12-10,66.0,49.0,57.5,95.7,39.3,48.4,70.52,56.39,7.77,11.54,2021,relMeanHI_p85_2d_walkforward,persistent_apparent_heat_anomaly
EL_2021_019,48141,El Paso,2021-12-14,2021-12-15,2,56.59,2021-12-15,72.1,44.5,58.3,92.1,26.2,48.4,73.94,56.37,8.22,11.62,2021,relMeanHI_p85_2d_walkforward,persistent_apparent_heat_anomaly
EL_2021_020,48141,El Paso,2021-12-22,2021-12-28,7,59.23,2021-12-26,75.6,47.0,61.3,67.6,21.9,48.4,77.45,56.48,10.86,39.11,2021,relMeanHI_p85_2d_walkforward,persistent_apparent_heat_anomaly
EL_2022_001,48141,El Paso,2022-01-18,2022-01-19,2,50.58,2022-01-19,62.5,42.5,52.5,94.3,37.9,47.9,64.49,51.89,2.68,3.31,2022,relMeanHI_p85_2d_walkforward,persistent_apparent_heat_anomaly
EL_2022_002,48141,El Paso,2022-04-10,2022-04-12,3,71.15,2022-04-10,84.5,62.0,73.2,29.1,9.7,69.0,86.45,72.32,2.16,4.42,2022,relMeanHI_p85_2d_walkforward,persistent_apparent_heat_anomaly
EL_2022_003,48141,El Paso,2022-04-19,2022-04-22,4,74.3,2022-04-20,92.5,60.0,76.2,25.8,5.9,69.0,93.47,75.12,5.31,17.0,2022,relMeanHI_p85_2d_walkforward,persistent_apparent_heat_anomaly
EL_2022_004,48141,El Paso,2022-05-17,2022-05-18,2,80.11,2022-05-17,96.1,70.0,83.0,18.6,3.7,77.4,96.53,81.28,2.72,3.09,2022,relMeanHI_p85_2d_walkforward,persistent_apparent_heat_anomaly
EL_2022_005,48141,El Paso,2022-05-27,2022-05-30,4,82.02,2022-05-28,102.0,68.4,85.2,21.6,4.2,77.4,102.47,82.01,4.63,9.73,2022,relMeanHI_p85_2d_walkforward,persistent_apparent_heat_anomaly
EL_2022_006,48141,El Paso,2022-06-11,2022-06-14,4,87.14,2022-06-13,104.0,77.4,90.7,31.7,10.1,83.9,106.52,89.57,3.26,9.36,2022,relMeanHI_p85_2d_walkforward,persistent_apparent_heat_anomaly
EL_2022_007,48141,El Paso,2022-07-19,2022-07-23,5,90.07,2022-07-20,106.5,77.4,92.0,44.2,13.8,85.5,106.52,88.95,4.52,9.74,2022,relMeanHI_p85_2d_walkforward,persistent_apparent_heat_anomaly
EL_2022_008,48141,El Paso,2022-08-01,2022-08-03,3,85.75,2022-08-01,102.0,71.0,86.5,58.5,19.0,84.5,102.47,86.22,1.25,2.77,2022,relMeanHI_p85_2d_walkforward,persistent_apparent_heat_anomaly
EL_2022_009,48141,El Paso,2022-10-02,2022-10-03,2,73.54,2022-10-03,85.0,63.5,74.3,65.4,26.7,70.2,85.46,73.62,3.32,5.2,2022,relMeanHI_p85_2d_walkforward,persistent_apparent_heat_anomaly
EL_2022_010,48141,El Paso,2022-10-22,2022-10-23,2,71.78,2022-10-23,83.0,61.5,72.3,76.1,33.8,70.2,84.92,71.62,1.56,1.58,2022,relMeanHI_p85_2d_walkforward,persistent_apparent_heat_anomaly
EL_2022_011,48141,El Paso,2022-11-02,2022-11-03,2,60.67,2022-11-03,81.0,44.1,62.5,73.8,20.2,57.9,80.96,62.38,2.76,4.96,2022,relMeanHI_p85_2d_walkforward,persistent_apparent_heat_anomaly
EL_2022_012,48141,El Paso,2022-11-08,2022-11-09,2,61.06,2022-11-08,82.5,44.0,63.2,62.2,14.7,57.9,82.94,62.98,3.15,5.77,2022,relMeanHI_p85_2d_walkforward,persistent_apparent_heat_anomaly
EL_2022_013,48141,El Paso,2022-12-02,2022-12-10,9,60.95,2022-12-05,74.5,49.5,62.0,90.6,40.6,48.6,78.98,56.72,12.35,58.25,2022,relMeanHI_p85_2d_walkforward,persistent_apparent_heat_anomaly
EL_2022_014,48141,El Paso,2022-12-31,2023-01-02,3,50.87,2023-01-01,67.5,38.6,53.0,86.6,34.7,47.9,67.46,52.23,2.98,5.94,2022,relMeanHI_p85_2d_walkforward,persistent_apparent_heat_anomaly
EL_2023_001,48141,El Paso,2023-01-09,2023-01-11,3,49.72,2023-01-10,71.1,34.5,52.8,65.1,17.8,47.9,71.06,52.34,1.83,4.35,2023,relMeanHI_p85_2d_walkforward,persistent_apparent_heat_anomaly
EL_2023_002,48141,El Paso,2023-01-15,2023-01-17,3,55.38,2023-01-15,69.0,47.5,58.2,46.8,22.2,47.9,68.99,53.93,7.5,11.52,2023,relMeanHI_p85_2d_walkforward,persistent_apparent_heat_anomaly
EL_2023_003,48141,El Paso,2023-02-20,2023-02-21,2,55.6,2023-02-20,68.5,45.5,57.0,93.8,41.4,54.1,68.54,56.73,1.45,2.42,2023,relMeanHI_p85_2d_walkforward,persistent_apparent_heat_anomaly
EL_2023_004,48141,El Paso,2023-02-25,2023-02-26,2,56.69,2023-02-26,78.4,41.0,59.7,43.6,11.7,54.1,78.44,58.98,2.54,3.32,2023,relMeanHI_p85_2d_walkforward,persistent_apparent_heat_anomaly
EL_2023_005,48141,El Paso,2023-03-11,2023-03-12,2,64.66,2023-03-12,77.0,56.0,66.5,56.9,19.2,61.4,79.07,66.65,3.21,6.26,2023,relMeanHI_p85_2d_walkforward,persistent_apparent_heat_anomaly
EL_2023_006,48141,El Paso,2023-03-21,2023-03-22,2,64.94,2023-03-22,82.5,51.0,66.7,57.6,20.0,61.4,82.49,65.75,3.49,4.75,2023,relMeanHI_p85_2d_walkforward,persistent_apparent_heat_anomaly
EL_2023_007,48141,El Paso,2023-04-17,2023-04-19,3,71.15,2023-04-18,85.5,61.0,73.2,29.4,9.3,69.2,89.06,72.42,1.98,3.75,2023,relMeanHI_p85_2d_walkforward,persistent_apparent_heat_anomaly
EL_2023_008,48141,El Paso,2023-05-26,2023-05-27,2,82.01,2023-05-27,95.5,71.4,83.5,51.9,16.1,77.4,96.53,82.62,4.59,7.13,2023,relMeanHI_p85_2d_walkforward,persistent_apparent_heat_anomaly
EL_2023_009,48141,El Paso,2023-06-21,2023-06-24,4,84.86,2023-06-22,105.0,71.5,88.2,33.8,9.1,83.9,106.52,87.81,0.98,1.98,2023,relMeanHI_p85_2d_walkforward,persistent_apparent_heat_anomaly
EL_2023_010,48141,El Paso,2023-06-27,2023-06-30,4,86.33,2023-06-30,100.9,78.4,89.7,34.4,10.8,83.9,106.52,89.17,2.45,7.36,2023,relMeanHI_p85_2d_walkforward,persistent_apparent_heat_anomaly
EL_2023_011,48141,El Paso,2023-07-06,2023-07-17,12,91.36,2023-07-12,103.0,75.6,89.3,67.5,22.7,85.5,106.52,89.93,5.82,46.77,2023,relMeanHI_p85_2d_walkforward,persistent_apparent_heat_anomaly
EL_2023_012,48141,El Paso,2023-07-21,2023-07-23,3,86.11,2023-07-23,98.1,75.5,86.8,58.9,19.0,85.5,104.0,87.66,0.57,1.1,2023,relMeanHI_p85_2d_walkforward,persistent_apparent_heat_anomaly
EL_2023_013,48141,El Paso,2023-08-01,2023-08-13,13,88.99,2023-08-06,109.0,73.9,91.4,44.6,9.9,84.5,108.95,87.13,4.49,24.29,2023,relMeanHI_p85_2d_walkforward,persistent_apparent_heat_anomaly
EL_2023_014,48141,El Paso,2023-09-01,2023-09-11,11,83.41,2023-09-07,103.0,68.5,85.8,47.6,10.1,79.6,103.46,82.96,3.79,20.85,2023,relMeanHI_p85_2d_walkforward,persistent_apparent_heat_anomaly
EL_2023_015,48141,El Paso,2023-09-22,2023-09-23,2,80.44,2023-09-22,96.0,65.0,80.5,63.8,19.7,79.6,97.52,80.38,0.83,1.01,2023,relMeanHI_p85_2d_walkforward,persistent_apparent_heat_anomaly
EL_2023_016,48141,El Paso,2023-10-01,2023-10-05,5,78.38,2023-10-02,92.5,65.6,79.0,54.6,20.0,70.2,92.48,75.87,8.16,22.87,2023,relMeanHI_p85_2d_walkforward,persistent_apparent_heat_anomaly
EL_2023_017,48141,El Paso,2023-10-11,2023-10-12,2,73.24,2023-10-12,86.5,61.5,74.0,64.9,24.7,70.2,89.51,73.54,3.01,4.35,2023,relMeanHI_p85_2d_walkforward,persistent_apparent_heat_anomaly
EL_2023_018,48141,El Paso,2023-11-05,2023-11-09,5,67.98,2023-11-08,85.5,54.5,70.0,41.9,13.4,57.9,87.08,65.67,10.06,28.96,2023,relMeanHI_p85_2d_walkforward,persistent_apparent_heat_anomaly
EL_2023_019,48141,El Paso,2023-11-16,2023-11-19,4,71.15,2023-11-18,84.5,59.0,71.7,76.9,31.5,57.9,84.47,64.81,13.24,22.04,2023,relMeanHI_p85_2d_walkforward,persistent_apparent_heat_anomaly
EL_2023_020,48141,El Paso,2023-12-05,2023-12-08,4,53.0,2023-12-08,73.0,39.5,56.3,47.8,12.5,48.8,74.48,53.87,4.19,7.23,2023,relMeanHI_p85_2d_walkforward,persistent_apparent_heat_anomaly
EL_2023_021,48141,El Paso,2023-12-13,2023-12-14,2,52.09,2023-12-14,68.0,41.0,54.5,77.1,26.6,48.8,68.54,52.99,3.28,3.42,2023,relMeanHI_p85_2d_walkforward,persistent_apparent_heat_anomaly
EL_2023_022,48141,El Paso,2023-12-22,2023-12-23,2,53.9,2023-12-23,64.9,46.0,55.5,89.4,44.9,48.8,70.52,55.26,5.09,9.47,2023,relMeanHI_p85_2d_walkforward,persistent_apparent_heat_anomaly
EL_2024_001,48141,El Paso,2024-01-23,2024-01-24,2,50.48,2024-01-23,59.5,45.5,52.5,80.7,47.5,48.0,59.54,51.62,2.44,3.17,2024,relMeanHI_p85_2d_walkforward,persistent_apparent_heat_anomaly
EL_2024_002,48141,El Paso,2024-01-29,2024-02-01,4,60.33,2024-01-31,72.9,51.4,62.2,68.4,25.9,48.0,76.01,56.6,12.29,18.54,2024,relMeanHI_p85_2d_walkforward,persistent_apparent_heat_anomaly
EL_2024_003,48141,El Paso,2024-02-20,2024-02-22,3,56.22,2024-02-21,82.9,36.0,59.5,40.3,5.2,54.1,82.94,58.76,2.07,4.61,2024,relMeanHI_p85_2d_walkforward,persistent_apparent_heat_anomaly
EL_2024_004,48141,El Paso,2024-02-25,2024-02-27,3,64.11,2024-02-26,83.0,49.0,66.0,63.4,12.8,54.1,83.03,64.74,9.97,25.92,2024,relMeanHI_p85_2d_walkforward,persistent_apparent_heat_anomaly
EL_2024_005,48141,El Paso,2024-03-29,2024-03-30,2,67.48,2024-03-29,84.0,56.0,70.0,26.0,6.0,61.4,84.02,68.0,6.03,7.85,2024,relMeanHI_p85_2d_walkforward,persistent_apparent_heat_anomaly
EL_2024_006,48141,El Paso,2024-04-14,2024-04-15,2,72.24,2024-04-15,88.5,60.0,74.3,30.6,5.8,69.2,88.52,73.15,3.05,3.9,2024,relMeanHI_p85_2d_walkforward,persistent_apparent_heat_anomaly
EL_2024_007,48141,El Paso,2024-04-23,2024-04-25,3,74.45,2024-04-25,89.1,63.5,76.3,29.2,6.7,69.2,91.94,75.26,5.26,12.5,2024,relMeanHI_p85_2d_walkforward,persistent_apparent_heat_anomaly
EL_2024_008,48141,El Paso,2024-05-19,2024-05-20,2,78.34,2024-05-20,97.5,62.5,80.0,24.7,5.0,77.4,97.52,79.77,0.92,1.46,2024,relMeanHI_p85_2d_walkforward,persistent_apparent_heat_anomaly
EL_2024_009,48141,El Paso,2024-06-07,2024-06-08,2,85.8,2024-06-07,106.1,73.0,89.6,29.2,7.9,83.9,106.07,89.04,1.9,2.84,2024,relMeanHI_p85_2d_walkforward,persistent_apparent_heat_anomaly
EL_2024_010,48141,El Paso,2024-06-12,2024-06-14,3,86.38,2024-06-14,106.1,72.9,89.5,37.8,10.9,83.9,108.05,89.0,2.48,5.51,2024,relMeanHI_p85_2d_walkforward,persistent_apparent_heat_anomaly
EL_2024_011,48141,El Paso,2024-06-21,2024-06-30,10,92.24,2024-06-26,106.0,77.5,91.8,54.4,19.6,83.9,105.98,87.47,8.34,35.28,2024,relMeanHI_p85_2d_walkforward,persistent_apparent_heat_anomaly
EL_2024_012,48141,El Paso,2024-07-04,2024-07-05,2,88.14,2024-07-05,101.5,73.0,87.3,68.2,20.9,85.6,101.48,87.51,2.55,3.8,2024,relMeanHI_p85_2d_walkforward,persistent_apparent_heat_anomaly
EL_2024_013,48141,El Paso,2024-07-28,2024-08-02,6,90.05,2024-07-30,102.5,76.5,89.5,59.6,21.3,85.6,102.47,87.08,4.45,14.29,2024,relMeanHI_p85_2d_walkforward,persistent_apparent_heat_anomaly
EL_2024_014,48141,El Paso,2024-08-14,2024-08-20,7,87.12,2024-08-18,101.5,74.0,87.8,57.3,19.0,84.6,103.01,86.62,2.55,9.26,2024,relMeanHI_p85_2d_walkforward,persistent_apparent_heat_anomaly
EL_2024_015,48141,El Paso,2024-08-22,2024-08-23,2,85.08,2024-08-23,101.5,72.0,86.7,52.4,15.6,84.6,101.48,86.34,0.51,0.9,2024,relMeanHI_p85_2d_walkforward,persistent_apparent_heat_anomaly
EL_2024_016,48141,El Paso,2024-09-16,2024-09-17,2,83.88,2024-09-17,96.0,70.0,83.0,72.6,27.3,79.7,95.99,81.88,4.15,5.66,2024,relMeanHI_p85_2d_walkforward,persistent_apparent_heat_anomaly
EL_2024_017,48141,El Paso,2024-09-20,2024-09-21,2,80.94,2024-09-20,96.5,69.0,82.8,43.7,13.9,79.7,96.53,82.15,1.21,2.05,2024,relMeanHI_p85_2d_walkforward,persistent_apparent_heat_anomaly
EL_2024_018,48141,El Paso,2024-10-01,2024-10-04,4,71.58,2024-10-03,91.5,54.5,73.0,54.6,12.7,70.3,91.49,72.7,1.32,3.94,2024,relMeanHI_p85_2d_walkforward,persistent_apparent_heat_anomaly
EL_2024_019,48141,El Paso,2024-10-06,2024-10-07,2,73.18,2024-10-06,94.0,55.0,74.5,53.7,12.4,70.3,94.01,73.85,2.92,4.74,2024,relMeanHI_p85_2d_walkforward,persistent_apparent_heat_anomaly
EL_2024_020,48141,El Paso,2024-10-09,2024-10-12,4,71.73,2024-10-11,92.5,54.5,73.5,42.6,7.9,70.3,92.48,73.16,1.47,4.66,2024,relMeanHI_p85_2d_walkforward,persistent_apparent_heat_anomaly
EL_2024_021,48141,El Paso,2024-11-01,2024-11-02,2,61.93,2024-11-02,80.5,48.0,64.3,49.2,16.2,58.1,81.5,63.39,3.84,5.42,2024,relMeanHI_p85_2d_walkforward,persistent_apparent_heat_anomaly
EL_2024_022,48141,El Paso,2024-12-02,2024-12-05,4,53.73,2024-12-04,70.1,40.5,55.3,97.5,40.3,48.9,70.07,53.87,4.8,11.59,2024,relMeanHI_p85_2d_walkforward,persistent_apparent_heat_anomaly
EL_2025_001,48141,El Paso,2025-02-03,2025-02-11,9,59.75,2025-02-08,82.2,44.0,63.1,25.4,1.5,54.2,82.22,60.47,5.57,27.77,2025,relMeanHI_p85_2d_walkforward,persistent_apparent_heat_anomaly
EL_2025_002,48141,El Paso,2025-02-14,2025-02-15,2,56.09,2025-02-14,75.0,42.0,58.5,65.8,20.2,54.2,75.02,58.37,1.91,3.5,2025,relMeanHI_p85_2d_walkforward,persistent_apparent_heat_anomaly
EL_2025_003,48141,El Paso,2025-02-25,2025-02-27,3,56.25,2025-02-26,80.2,39.5,59.9,26.2,3.2,54.2,81.32,59.62,2.07,5.58,2025,relMeanHI_p85_2d_walkforward,persistent_apparent_heat_anomaly
EL_2025_004,48141,El Paso,2025-03-23,2025-03-31,9,71.01,2025-03-27,84.6,60.3,72.4,53.4,15.9,61.4,86.72,67.59,9.59,32.91,2025,relMeanHI_p85_2d_walkforward,persistent_apparent_heat_anomaly
EL_2025_005,48141,El Paso,2025-04-11,2025-04-14,4,74.61,2025-04-13,92.1,61.3,76.7,21.0,3.2,69.2,94.88,75.31,5.4,16.05,2025,relMeanHI_p85_2d_walkforward,persistent_apparent_heat_anomaly
EL_2025_006,48141,El Paso,2025-04-16,2025-04-18,3,76.9,2025-04-17,92.4,64.0,78.2,37.7,11.1,69.2,92.78,74.56,7.7,11.77,2025,relMeanHI_p85_2d_walkforward,persistent_apparent_heat_anomaly
EL_2025_007,48141,El Paso,2025-05-23,2025-05-24,2,78.05,2025-05-23,100.5,59.1,79.8,21.6,3.0,77.4,100.46,79.66,0.63,0.92,2025,relMeanHI_p85_2d_walkforward,persistent_apparent_heat_anomaly
EL_2025_008,48141,El Paso,2025-05-28,2025-05-29,2,81.67,2025-05-29,99.4,69.4,84.4,34.2,9.1,77.4,99.44,81.88,4.25,4.68,2025,relMeanHI_p85_2d_walkforward,persistent_apparent_heat_anomaly
EL_2025_009,48141,El Paso,2025-06-14,2025-06-17,4,86.38,2025-06-14,105.6,74.8,90.2,29.2,7.6,84.0,107.6,89.84,2.34,7.88,2025,relMeanHI_p85_2d_walkforward,persistent_apparent_heat_anomaly
EL_2025_010,48141,El Paso,2025-06-19,2025-06-23,5,86.86,2025-06-21,101.1,78.0,89.5,39.0,15.2,84.0,102.62,87.77,2.82,9.83,2025,relMeanHI_p85_2d_walkforward,persistent_apparent_heat_anomaly
EL_2025_011,48141,El Paso,2025-07-05,2025-07-06,2,86.95,2025-07-06,101.7,73.6,87.6,57.3,18.7,85.6,102.02,87.35,1.33,2.01,2025,relMeanHI_p85_2d_walkforward,persistent_apparent_heat_anomaly
EL_2025_012,48141,El Paso,2025-07-11,2025-07-13,3,93.07,2025-07-11,106.2,79.0,92.6,55.2,16.5,85.6,106.22,88.65,7.44,12.34,2025,relMeanHI_p85_2d_walkforward,persistent_apparent_heat_anomaly
EL_2025_013,48141,El Paso,2025-07-16,2025-07-17,2,87.04,2025-07-17,96.7,75.6,86.2,65.7,26.5,85.6,98.72,85.86,1.41,2.15,2025,relMeanHI_p85_2d_walkforward,persistent_apparent_heat_anomaly
EL_2025_014,48141,El Paso,2025-08-03,2025-08-04,2,86.5,2025-08-03,103.2,72.0,87.6,56.9,16.0,84.6,104.06,87.71,1.87,2.26,2025,relMeanHI_p85_2d_walkforward,persistent_apparent_heat_anomaly
EL_2025_015,48141,El Paso,2025-08-06,2025-08-07,2,85.86,2025-08-06,102.8,74.1,88.4,44.7,11.5,84.6,102.8,87.77,1.24,1.42,2025,relMeanHI_p85_2d_walkforward,persistent_apparent_heat_anomaly
EL_2025_016,48141,El Paso,2025-08-09,2025-08-12,4,88.52,2025-08-10,101.4,76.8,89.1,56.6,17.7,84.6,103.82,86.83,3.9,6.54,2025,relMeanHI_p85_2d_walkforward,persistent_apparent_heat_anomaly
EL_2025_017,48141,El Paso,2025-08-14,2025-08-15,2,86.2,2025-08-15,92.9,75.7,84.3,71.0,35.1,84.6,96.2,84.46,1.58,1.72,2025,relMeanHI_p85_2d_walkforward,persistent_apparent_heat_anomaly
EL_2025_018,48141,El Paso,2025-08-17,2025-08-19,3,85.54,2025-08-17,94.3,73.4,83.9,75.7,29.7,84.6,94.34,82.93,0.91,1.36,2025,relMeanHI_p85_2d_walkforward,persistent_apparent_heat_anomaly
EL_2025_019,48141,El Paso,2025-08-28,2025-08-29,2,86.57,2025-08-29,98.2,74.5,86.4,63.7,22.5,84.6,98.42,85.6,1.94,2.58,2025,relMeanHI_p85_2d_walkforward,persistent_apparent_heat_anomaly
EL_2025_020,48141,El Paso,2025-09-08,2025-09-12,5,82.51,2025-09-09,96.1,68.8,82.4,68.3,22.1,79.7,96.08,81.21,2.77,7.83,2025,relMeanHI_p85_2d_walkforward,persistent_apparent_heat_anomaly
EL_2025_021,48141,El Paso,2025-10-01,2025-10-11,11,76.47,2025-10-11,88.2,64.9,76.6,75.7,32.2,70.4,91.82,75.64,6.12,52.16,2025,relMeanHI_p85_2d_walkforward,persistent_apparent_heat_anomaly
EL_2025_022,48141,El Paso,2025-10-14,2025-10-16,3,76.41,2025-10-15,86.7,65.8,76.3,82.4,36.7,70.4,86.72,74.7,6.05,13.16,2025,relMeanHI_p85_2d_walkforward,persistent_apparent_heat_anomaly
EL_2025_023,48141,El Paso,2025-11-03,2025-11-08,6,63.24,2025-11-04,84.6,46.4,65.5,51.7,11.3,58.1,84.62,63.29,5.17,16.42,2025,relMeanHI_p85_2d_walkforward,persistent_apparent_heat_anomaly
EL_2025_024,48141,El Paso,2025-11-13,2025-11-17,5,64.55,2025-11-16,79.2,52.8,66.0,70.8,26.7,58.1,82.76,63.55,6.47,17.75,2025,relMeanHI_p85_2d_walkforward,persistent_apparent_heat_anomaly
EL_2025_025,48141,El Paso,2025-12-03,2025-12-04,2,53.25,2025-12-03,69.4,41.9,55.7,71.5,26.7,49.0,69.44,53.76,4.28,4.86,2025,relMeanHI_p85_2d_walkforward,persistent_apparent_heat_anomaly
EL_2025_026,48141,El Paso,2025-12-12,2025-12-13,2,50.88,2025-12-12,73.9,33.7,53.8,68.3,15.0,49.0,73.94,53.21,1.91,2.24,2025,relMeanHI_p85_2d_walkforward,persistent_apparent_heat_anomaly
EL_2025_027,48141,El Paso,2025-12-18,2025-12-28,11,59.87,2025-12-20,77.1,47.9,62.5,48.6,12.6,49.0,77.06,58.5,10.9,76.66,2025,relMeanHI_p85_2d_walkforward,persistent_apparent_heat_anomaly
HARRIS_2015_001,48201,Harris (Houston),2015-03-18,2015-03-20,3,74.14,2015-03-20,81.7,66.0,73.8,84.4,51.8,71.5,81.68,72.96,2.68,4.88,2015,relMeanHI_p85_2d_walkforward,persistent_apparent_heat_anomaly
HARRIS_2015_002,48201,Harris (Houston),2015-03-30,2015-03-31,2,72.41,2015-03-31,82.9,62.0,72.5,82.1,45.3,71.5,83.0,72.32,0.95,1.62,2015,relMeanHI_p85_2d_walkforward,persistent_apparent_heat_anomaly
HARRIS_2015_003,48201,Harris (Houston),2015-04-02,2015-04-03,2,77.22,2015-04-03,81.7,71.0,76.3,94.1,56.7,76.4,83.36,76.28,0.86,1.12,2015,relMeanHI_p85_2d_walkforward,persistent_apparent_heat_anomaly
HARRIS_2015_004,48201,Harris (Houston),2015-04-07,2015-04-09,3,78.93,2015-04-09,86.0,70.7,78.4,79.1,50.4,76.4,86.36,77.95,2.57,5.97,2015,relMeanHI_p85_2d_walkforward,persistent_apparent_heat_anomaly
HARRIS_2015_005,48201,Harris (Houston),2015-04-23,2015-04-26,4,79.88,2015-04-23,88.0,70.0,79.0,84.7,54.3,76.4,87.98,77.48,3.52,8.67,2015,relMeanHI_p85_2d_walkforward,persistent_apparent_heat_anomaly
HARRIS_2015_006,48201,Harris (Houston),2015-05-09,2015-05-10,2,86.25,2015-05-09,87.4,76.3,81.8,83.8,57.5,85.7,87.38,81.76,0.5,0.78,2015,relMeanHI_p85_2d_walkforward,persistent_apparent_heat_anomaly
HARRIS_2015_007,48201,Harris (Houston),2015-07-18,2015-07-20,3,100.87,2015-07-18,96.3,79.0,87.7,99.4,46.1,96.0,96.98,86.73,4.83,7.18,2015,relMeanHI_p85_2d_walkforward,persistent_apparent_heat_anomaly
HARRIS_2015_008,48201,Harris (Houston),2015-07-22,2015-07-24,3,99.6,2015-07-22,96.7,78.1,87.4,98.6,45.0,96.0,98.06,87.15,3.56,8.04,2015,relMeanHI_p85_2d_walkforward,persistent_apparent_heat_anomaly
HARRIS_2015_009,48201,Harris (Houston),2015-07-26,2015-07-28,3,101.88,2015-07-27,97.0,79.3,88.2,99.1,44.9,96.0,99.38,87.97,5.84,11.8,2015,relMeanHI_p85_2d_walkforward,persistent_apparent_heat_anomaly
HARRIS_2015_010,48201,Harris (Houston),2015-07-30,2015-07-31,2,100.89,2015-07-31,98.7,78.0,88.3,99.3,39.8,96.0,100.64,89.16,4.85,7.74,2015,relMeanHI_p85_2d_walkforward,persistent_apparent_heat_anomaly
HARRIS_2015_011,48201,Harris (Houston),2015-08-05,2015-08-14,10,102.82,2015-08-05,99.0,79.0,89.0,96.3,42.8,97.5,105.02,88.66,5.35,32.69,2015,relMeanHI_p85_2d_walkforward,persistent_apparent_heat_anomaly
HARRIS_2015_012,48201,Harris (Houston),2015-08-23,2015-08-24,2,98.3,2015-08-24,97.3,77.7,87.5,94.7,43.1,97.5,97.34,87.0,0.83,0.93,2015,relMeanHI_p85_2d_walkforward,persistent_apparent_heat_anomaly
HARRIS_2015_013,48201,Harris (Houston),2015-09-06,2015-09-07,2,93.4,2015-09-06,95.0,74.7,84.8,98.1,47.7,91.5,95.0,84.65,1.87,3.64,2015,relMeanHI_p85_2d_walkforward,persistent_apparent_heat_anomaly
HARRIS_2015_014,48201,Harris (Houston),2015-10-22,2015-10-23,2,83.83,2015-10-23,84.3,76.3,80.3,83.6,62.8,79.7,84.98,79.64,4.16,4.28,2015,relMeanHI_p85_2d_walkforward,persistent_apparent_heat_anomaly
HARRIS_2015_015,48201,Harris (Houston),2015-11-05,2015-11-06,2,77.34,2015-11-05,85.0,68.4,76.7,87.6,53.1,71.5,84.98,76.31,5.88,11.21,2015,relMeanHI_p85_2d_walkforward,persistent_apparent_heat_anomaly
HARRIS_2015_016,48201,Harris (Houston),2015-11-26,2015-11-27,2,72.91,2015-11-26,78.0,67.0,72.5,84.7,62.3,71.5,78.02,71.85,1.44,1.79,2015,relMeanHI_p85_2d_walkforward,persistent_apparent_heat_anomaly
HARRIS_2015_017,48201,Harris (Houston),2015-12-10,2015-12-12,3,76.21,2015-12-11,82.0,70.4,76.2,69.8,45.0,65.4,81.98,72.69,10.84,21.65,2015,relMeanHI_p85_2d_walkforward,persistent_apparent_heat_anomaly
HARRIS_2015_018,48201,Harris (Houston),2015-12-23,2015-12-26,4,78.93,2015-12-25,83.6,73.3,78.5,73.5,50.6,65.4,83.6,73.66,13.57,33.56,2015,relMeanHI_p85_2d_walkforward,persistent_apparent_heat_anomaly
HARRIS_2016_001,48201,Harris (Houston),2016-01-31,2016-02-01,2,71.45,2016-02-01,77.7,64.3,71.0,100.0,55.2,66.0,79.04,70.68,8.51,14.0,2016,relMeanHI_p85_2d_walkforward,persistent_apparent_heat_anomaly
HARRIS_2016_002,48201,Harris (Houston),2016-02-19,2016-02-21,3,72.31,2016-02-20,79.3,63.0,71.2,100.0,84.8,66.0,81.02,70.6,6.35,15.92,2016,relMeanHI_p85_2d_walkforward,persistent_apparent_heat_anomaly
HARRIS_2016_003,48201,Harris (Houston),2016-03-14,2016-03-18,5,75.92,2016-03-15,85.3,66.0,75.7,80.9,45.6,71.5,88.04,73.48,4.46,11.52,2016,relMeanHI_p85_2d_walkforward,persistent_apparent_heat_anomaly
HARRIS_2016_004,48201,Harris (Houston),2016-03-30,2016-03-31,2,78.8,2016-03-31,87.0,68.7,77.8,99.9,49.6,71.5,86.96,75.23,7.34,8.96,2016,relMeanHI_p85_2d_walkforward,persistent_apparent_heat_anomaly
HARRIS_2016_005,48201,Harris (Houston),2016-04-25,2016-04-26,2,80.5,2016-04-26,84.6,73.6,79.1,100.0,59.9,76.5,86.66,78.23,3.99,5.61,2016,relMeanHI_p85_2d_walkforward,persistent_apparent_heat_anomaly
HARRIS_2016_006,48201,Harris (Houston),2016-04-28,2016-04-30,3,83.16,2016-04-29,86.3,74.7,80.5,75.7,56.0,76.5,87.02,77.82,6.64,8.38,2016,relMeanHI_p85_2d_walkforward,persistent_apparent_heat_anomaly
HARRIS_2016_007,48201,Harris (Houston),2016-06-13,2016-06-18,6,99.98,2016-06-15,95.4,78.7,87.0,99.2,50.0,93.6,96.32,86.21,6.4,21.94,2016,relMeanHI_p85_2d_walkforward,persistent_apparent_heat_anomaly
HARRIS_2016_008,48201,Harris (Houston),2016-06-26,2016-06-27,2,96.07,2016-06-27,95.0,76.3,85.7,99.5,48.8,93.6,95.0,85.31,2.48,3.07,2016,relMeanHI_p85_2d_walkforward,persistent_apparent_heat_anomaly
HARRIS_2016_009,48201,Harris (Houston),2016-07-02,2016-07-18,17,107.37,2016-07-05,95.7,82.3,89.0,97.6,55.8,96.1,98.36,87.57,11.23,77.52,2016,relMeanHI_p85_2d_walkforward,persistent_apparent_heat_anomaly
HARRIS_2016_010,48201,Harris (Houston),2016-07-20,2016-07-25,6,102.03,2016-07-24,98.7,77.7,88.2,98.9,45.9,96.1,99.02,87.28,5.88,18.88,2016,relMeanHI_p85_2d_walkforward,persistent_apparent_heat_anomaly
HARRIS_2016_011,48201,Harris (Houston),2016-07-30,2016-07-31,2,97.74,2016-07-30,97.0,75.6,86.3,98.9,49.0,96.1,97.04,86.02,1.59,2.36,2016,relMeanHI_p85_2d_walkforward,persistent_apparent_heat_anomaly
HARRIS_2016_012,48201,Harris (Houston),2016-08-02,2016-08-12,11,106.02,2016-08-11,100.0,80.4,90.2,94.0,44.8,97.5,100.28,88.24,8.49,45.37,2016,relMeanHI_p85_2d_walkforward,persistent_apparent_heat_anomaly
HARRIS_2016_013,48201,Harris (Houston),2016-09-01,2016-09-04,4,95.22,2016-09-01,96.4,77.0,86.7,89.2,44.1,91.4,96.38,85.2,3.8,8.06,2016,relMeanHI_p85_2d_walkforward,persistent_apparent_heat_anomaly
HARRIS_2016_014,48201,Harris (Houston),2016-09-06,2016-09-08,3,94.66,2016-09-08,94.0,76.3,85.2,96.7,51.2,91.4,93.98,84.55,3.24,6.53,2016,relMeanHI_p85_2d_walkforward,persistent_apparent_heat_anomaly
HARRIS_2016_015,48201,Harris (Houston),2016-09-13,2016-09-15,3,92.38,2016-09-14,92.3,76.3,84.3,94.6,52.7,91.4,92.6,84.04,0.96,1.73,2016,relMeanHI_p85_2d_walkforward,persistent_apparent_heat_anomaly
HARRIS_2016_016,48201,Harris (Houston),2016-09-17,2016-09-20,4,99.99,2016-09-19,97.0,76.6,86.8,99.7,51.4,91.4,97.04,86.04,8.57,23.03,2016,relMeanHI_p85_2d_walkforward,persistent_apparent_heat_anomaly
HARRIS_2016_017,48201,Harris (Houston),2016-10-05,2016-10-07,3,86.66,2016-10-05,91.3,72.7,82.0,92.3,49.5,79.7,91.34,81.12,7.0,17.27,2016,relMeanHI_p85_2d_walkforward,persistent_apparent_heat_anomaly
HARRIS_2016_018,48201,Harris (Houston),2016-10-12,2016-10-19,8,87.47,2016-10-18,93.0,71.4,82.2,97.9,47.8,79.7,93.02,80.26,7.81,29.11,2016,relMeanHI_p85_2d_walkforward,persistent_apparent_heat_anomaly
HARRIS_2016_019,48201,Harris (Houston),2016-11-01,2016-11-07,7,80.46,2016-11-03,87.7,71.0,79.3,93.5,54.7,71.5,87.68,75.6,8.98,33.41,2016,relMeanHI_p85_2d_walkforward,persistent_apparent_heat_anomaly
HARRIS_2016_020,48201,Harris (Houston),2016-12-12,2016-12-13,2,69.18,2016-12-13,76.0,62.1,69.1,94.4,55.6,65.5,76.04,68.21,3.64,5.45,2016,relMeanHI_p85_2d_walkforward,persistent_apparent_heat_anomaly
HARRIS_2016_021,48201,Harris (Houston),2016-12-22,2016-12-28,7,77.66,2016-12-26,83.4,71.1,77.2,78.2,50.6,65.5,83.36,73.41,12.12,55.9,2016,relMeanHI_p85_2d_walkforward,persistent_apparent_heat_anomaly
HARRIS_2017_001,48201,Harris (Houston),2017-01-01,2017-01-02,2,69.22,2017-01-01,75.7,63.0,69.3,82.1,56.8,62.3,75.68,66.57,6.94,8.26,2017,relMeanHI_p85_2d_walkforward,persistent_apparent_heat_anomaly
HARRIS_2017_002,48201,Harris (Houston),2017-01-10,2017-01-18,9,74.52,2017-01-16,80.7,67.6,74.2,82.1,55.0,62.3,81.02,70.06,12.24,69.62,2017,relMeanHI_p85_2d_walkforward,persistent_apparent_heat_anomaly
HARRIS_2017_003,48201,Harris (Houston),2017-01-20,2017-01-21,2,70.35,2017-01-21,78.7,61.7,70.2,97.8,48.6,62.3,78.68,68.53,8.08,12.2,2017,relMeanHI_p85_2d_walkforward,persistent_apparent_heat_anomaly
HARRIS_2017_004,48201,Harris (Houston),2017-01-24,2017-01-25,2,64.88,2017-01-25,75.6,55.0,65.3,100.0,42.5,62.3,80.0,65.08,2.6,4.38,2017,relMeanHI_p85_2d_walkforward,persistent_apparent_heat_anomaly
HARRIS_2017_005,48201,Harris (Houston),2017-02-05,2017-02-08,4,74.84,2017-02-07,85.6,64.3,75.0,74.1,38.9,66.1,87.38,73.75,8.78,30.69,2017,relMeanHI_p85_2d_walkforward,persistent_apparent_heat_anomaly
HARRIS_2017_006,48201,Harris (Houston),2017-02-11,2017-02-13,3,77.75,2017-02-11,84.6,70.7,77.7,67.1,44.6,66.1,85.64,75.11,11.69,27.09,2017,relMeanHI_p85_2d_walkforward,persistent_apparent_heat_anomaly
HARRIS_2017_007,48201,Harris (Houston),2017-02-18,2017-02-19,2,74.52,2017-02-19,80.4,68.4,74.4,76.5,52.2,66.1,83.3,71.68,8.46,10.75,2017,relMeanHI_p85_2d_walkforward,persistent_apparent_heat_anomaly
HARRIS_2017_008,48201,Harris (Houston),2017-02-23,2017-02-24,2,70.87,2017-02-24,84.0,58.0,71.0,98.9,31.7,66.1,84.02,69.08,4.81,5.42,2017,relMeanHI_p85_2d_walkforward,persistent_apparent_heat_anomaly
HARRIS_2017_009,48201,Harris (Houston),2017-02-27,2017-02-28,2,77.47,2017-02-28,82.3,72.0,77.2,70.0,52.4,66.1,82.64,76.01,11.41,20.33,2017,relMeanHI_p85_2d_walkforward,persistent_apparent_heat_anomaly
HARRIS_2017_010,48201,Harris (Houston),2017-03-06,2017-03-07,2,73.78,2017-03-06,78.4,68.7,73.6,75.1,60.2,71.5,81.32,72.44,2.25,2.54,2017,relMeanHI_p85_2d_walkforward,persistent_apparent_heat_anomaly
HARRIS_2017_011,48201,Harris (Houston),2017-03-09,2017-03-10,2,72.08,2017-03-10,77.7,66.0,71.9,81.3,60.1,71.5,78.38,71.76,0.55,0.71,2017,relMeanHI_p85_2d_walkforward,persistent_apparent_heat_anomaly
HARRIS_2017_012,48201,Harris (Houston),2017-03-18,2017-03-24,7,75.37,2017-03-20,85.0,65.7,75.3,80.8,39.2,71.5,85.34,73.14,3.84,10.34,2017,relMeanHI_p85_2d_walkforward,persistent_apparent_heat_anomaly
HARRIS_2017_013,48201,Harris (Houston),2017-03-26,2017-03-29,4,78.26,2017-03-27,86.1,69.7,77.9,74.0,48.3,71.5,86.06,75.13,6.73,15.58,2017,relMeanHI_p85_2d_walkforward,persistent_apparent_heat_anomaly
HARRIS_2017_014,48201,Harris (Houston),2017-04-20,2017-04-21,2,77.85,2017-04-21,86.4,68.0,77.2,85.6,52.8,76.5,86.36,77.09,1.33,2.48,2017,relMeanHI_p85_2d_walkforward,persistent_apparent_heat_anomaly
HARRIS_2017_015,48201,Harris (Houston),2017-05-18,2017-05-20,3,89.86,2017-05-19,89.0,78.1,83.5,86.4,56.0,85.7,89.66,83.28,4.2,11.04,2017,relMeanHI_p85_2d_walkforward,persistent_apparent_heat_anomaly
HARRIS_2017_016,48201,Harris (Houston),2017-06-14,2017-06-15,2,96.64,2017-06-15,95.0,77.0,86.0,98.1,48.9,93.7,95.0,85.42,2.97,3.58,2017,relMeanHI_p85_2d_walkforward,persistent_apparent_heat_anomaly
HARRIS_2017_017,48201,Harris (Houston),2017-06-17,2017-06-20,4,96.98,2017-06-18,94.6,78.1,86.4,94.6,49.8,93.7,96.08,86.1,3.31,10.55,2017,relMeanHI_p85_2d_walkforward,persistent_apparent_heat_anomaly
HARRIS_2017_018,48201,Harris (Houston),2017-07-03,2017-07-04,2,100.67,2017-07-04,95.7,79.0,87.4,98.8,49.4,96.5,95.72,86.94,4.16,5.03,2017,relMeanHI_p85_2d_walkforward,persistent_apparent_heat_anomaly
HARRIS_2017_019,48201,Harris (Houston),2017-07-20,2017-07-21,2,99.78,2017-07-20,97.3,77.7,87.5,98.2,45.2,96.5,97.34,87.08,3.27,4.13,2017,relMeanHI_p85_2d_walkforward,persistent_apparent_heat_anomaly
HARRIS_2017_020,48201,Harris (Houston),2017-07-23,2017-07-30,8,101.29,2017-07-30,96.4,79.3,87.9,100.0,45.2,96.5,100.7,87.72,4.78,18.73,2017,relMeanHI_p85_2d_walkforward,persistent_apparent_heat_anomaly
HARRIS_2017_021,48201,Harris (Houston),2017-08-10,2017-08-21,12,104.85,2017-08-12,97.6,79.6,88.6,99.7,49.5,97.7,98.72,88.12,7.2,49.74,2017,relMeanHI_p85_2d_walkforward,persistent_apparent_heat_anomaly
HARRIS_2017_022,48201,Harris (Houston),2017-09-27,2017-09-28,2,92.56,2017-09-27,92.0,75.7,83.8,99.3,55.2,91.7,92.36,83.84,0.87,1.64,2017,relMeanHI_p85_2d_walkforward,persistent_apparent_heat_anomaly
HARRIS_2017_023,48201,Harris (Houston),2017-10-01,2017-10-05,5,86.56,2017-10-03,85.7,77.0,81.4,92.8,60.8,79.8,91.7,80.45,6.8,19.58,2017,relMeanHI_p85_2d_walkforward,persistent_apparent_heat_anomaly
HARRIS_2017_024,48201,Harris (Houston),2017-10-07,2017-10-09,3,90.21,2017-10-09,94.3,72.0,83.2,98.8,51.7,79.8,94.28,81.88,10.44,22.96,2017,relMeanHI_p85_2d_walkforward,persistent_apparent_heat_anomaly
HARRIS_2017_025,48201,Harris (Houston),2017-10-13,2017-10-15,3,86.84,2017-10-13,92.7,71.0,81.8,98.2,48.5,79.8,92.66,81.06,7.07,17.04,2017,relMeanHI_p85_2d_walkforward,persistent_apparent_heat_anomaly
HARRIS_2017_026,48201,Harris (Houston),2017-11-01,2017-11-07,7,85.27,2017-11-03,87.7,74.0,80.8,93.9,57.1,71.5,88.7,79.02,13.77,67.73,2017,relMeanHI_p85_2d_walkforward,persistent_apparent_heat_anomaly
HARRIS_2017_027,48201,Harris (Houston),2017-11-15,2017-11-17,3,76.92,2017-11-17,85.3,67.3,76.3,89.4,51.4,71.5,85.28,74.42,5.42,10.44,2017,relMeanHI_p85_2d_walkforward,persistent_apparent_heat_anomaly
HARRIS_2017_028,48201,Harris (Houston),2017-12-19,2017-12-20,2,73.12,2017-12-19,79.6,66.0,72.8,87.6,53.1,65.7,79.64,69.42,7.47,7.48,2017,relMeanHI_p85_2d_walkforward,persistent_apparent_heat_anomaly
HARRIS_2018_001,48201,Harris (Houston),2018-02-15,2018-02-20,6,75.16,2018-02-20,79.0,70.7,74.9,75.1,57.1,66.6,81.32,72.4,8.57,35.04,2018,relMeanHI_p85_2d_walkforward,persistent_apparent_heat_anomaly
HARRIS_2018_002,48201,Harris (Houston),2018-02-23,2018-02-24,2,77.64,2018-02-24,81.0,72.3,76.7,99.2,54.2,66.6,81.02,72.77,11.05,13.25,2018,relMeanHI_p85_2d_walkforward,persistent_apparent_heat_anomaly
HARRIS_2018_003,48201,Harris (Houston),2018-02-27,2018-02-28,2,77.11,2018-02-28,83.0,70.6,76.8,73.7,50.1,66.6,83.0,73.84,10.52,14.77,2018,relMeanHI_p85_2d_walkforward,persistent_apparent_heat_anomaly
HARRIS_2018_004,48201,Harris (Houston),2018-03-16,2018-03-19,4,76.35,2018-03-18,84.0,68.0,76.0,78.4,52.3,71.7,84.62,75.3,4.66,15.39,2018,relMeanHI_p85_2d_walkforward,persistent_apparent_heat_anomaly
HARRIS_2018_005,48201,Harris (Houston),2018-03-24,2018-03-28,5,77.04,2018-03-27,81.6,71.7,76.6,74.2,55.2,71.7,84.32,74.61,5.36,16.31,2018,relMeanHI_p85_2d_walkforward,persistent_apparent_heat_anomaly
HARRIS_2018_006,48201,Harris (Houston),2018-05-28,2018-05-31,4,91.16,2018-05-29,94.3,75.3,84.8,91.4,42.1,85.6,94.34,83.76,5.52,14.51,2018,relMeanHI_p85_2d_walkforward,persistent_apparent_heat_anomaly
HARRIS_2018_007,48201,Harris (Houston),2018-06-11,2018-06-12,2,97.2,2018-06-12,95.7,78.4,87.0,95.0,43.2,93.8,95.66,86.76,3.41,3.67,2018,relMeanHI_p85_2d_walkforward,persistent_apparent_heat_anomaly
HARRIS_2018_008,48201,Harris (Houston),2018-06-24,2018-06-25,2,95.05,2018-06-24,93.0,78.4,85.7,90.7,53.0,93.8,92.96,85.08,1.26,1.36,2018,relMeanHI_p85_2d_walkforward,persistent_apparent_heat_anomaly
HARRIS_2018_009,48201,Harris (Houston),2018-06-27,2018-06-30,4,96.28,2018-06-29,94.6,78.4,86.5,91.1,48.7,93.8,95.36,86.16,2.49,5.59,2018,relMeanHI_p85_2d_walkforward,persistent_apparent_heat_anomaly
HARRIS_2018_010,48201,Harris (Houston),2018-07-29,2018-07-30,2,97.96,2018-07-29,98.7,78.0,88.4,88.9,39.1,96.6,98.72,88.12,1.32,1.64,2018,relMeanHI_p85_2d_walkforward,persistent_apparent_heat_anomaly
HARRIS_2018_011,48201,Harris (Houston),2018-08-19,2018-08-22,4,99.94,2018-08-22,99.3,78.7,89.0,90.5,39.1,97.9,99.32,88.5,2.06,7.12,2018,relMeanHI_p85_2d_walkforward,persistent_apparent_heat_anomaly
HARRIS_2018_012,48201,Harris (Houston),2018-09-17,2018-09-19,3,95.97,2018-09-18,95.7,76.3,86.0,97.1,46.6,91.7,95.72,85.39,4.3,7.12,2018,relMeanHI_p85_2d_walkforward,persistent_apparent_heat_anomaly
HARRIS_2018_013,48201,Harris (Houston),2018-10-02,2018-10-09,8,88.51,2018-10-07,90.7,75.0,82.8,91.1,52.5,79.9,91.7,81.84,8.63,54.69,2018,relMeanHI_p85_2d_walkforward,persistent_apparent_heat_anomaly
HARRIS_2018_014,48201,Harris (Houston),2018-10-13,2018-10-14,2,90.26,2018-10-14,91.3,74.3,82.8,98.6,57.4,79.9,91.34,81.5,10.38,13.81,2018,relMeanHI_p85_2d_walkforward,persistent_apparent_heat_anomaly
HARRIS_2018_015,48201,Harris (Houston),2018-11-05,2018-11-07,3,83.62,2018-11-06,88.0,73.0,80.5,85.3,53.0,71.6,88.34,77.99,11.97,24.08,2018,relMeanHI_p85_2d_walkforward,persistent_apparent_heat_anomaly
HARRIS_2018_016,48201,Harris (Houston),2018-11-30,2018-12-01,2,74.5,2018-11-30,80.7,67.7,74.2,81.7,54.4,71.6,80.66,70.28,2.85,2.91,2018,relMeanHI_p85_2d_walkforward,persistent_apparent_heat_anomaly
HARRIS_2019_001,48201,Harris (Houston),2019-01-07,2019-01-08,2,66.89,2019-01-07,74.4,59.7,67.0,94.7,53.4,62.5,77.66,66.59,4.43,7.95,2019,relMeanHI_p85_2d_walkforward,persistent_apparent_heat_anomaly
HARRIS_2019_002,48201,Harris (Houston),2019-02-04,2019-02-06,3,75.65,2019-02-06,80.7,70.4,75.6,68.9,51.5,66.7,80.72,73.01,8.92,18.91,2019,relMeanHI_p85_2d_walkforward,persistent_apparent_heat_anomaly
HARRIS_2019_003,48201,Harris (Houston),2019-03-08,2019-03-11,4,75.83,2019-03-09,82.3,68.7,75.5,76.5,53.3,71.8,82.7,74.4,4.04,11.2,2019,relMeanHI_p85_2d_walkforward,persistent_apparent_heat_anomaly
HARRIS_2019_004,48201,Harris (Houston),2019-04-29,2019-04-30,2,83.34,2019-04-30,86.4,75.6,81.0,71.3,52.7,76.5,86.66,79.42,6.83,8.67,2019,relMeanHI_p85_2d_walkforward,persistent_apparent_heat_anomaly
HARRIS_2019_005,48201,Harris (Houston),2019-05-19,2019-05-25,7,93.95,2019-05-19,91.7,78.0,84.9,91.6,56.5,85.7,91.7,83.42,8.3,25.82,2019,relMeanHI_p85_2d_walkforward,persistent_apparent_heat_anomaly
HARRIS_2019_006,48201,Harris (Houston),2019-05-27,2019-05-31,5,89.01,2019-05-28,91.3,76.3,83.8,81.8,50.8,85.7,91.34,82.4,3.36,9.56,2019,relMeanHI_p85_2d_walkforward,persistent_apparent_heat_anomaly
HARRIS_2019_007,48201,Harris (Houston),2019-06-19,2019-06-23,5,104.02,2019-06-23,93.0,82.3,87.6,100.0,56.9,93.9,94.34,86.76,10.12,28.57,2019,relMeanHI_p85_2d_walkforward,persistent_apparent_heat_anomaly
HARRIS_2019_008,48201,Harris (Houston),2019-07-08,2019-07-10,3,99.51,2019-07-09,96.1,79.0,87.6,95.5,46.2,96.6,96.68,87.01,2.92,4.43,2019,relMeanHI_p85_2d_walkforward,persistent_apparent_heat_anomaly
HARRIS_2019_009,48201,Harris (Houston),2019-07-16,2019-07-17,2,100.53,2019-07-16,94.6,80.4,87.5,95.6,50.5,96.6,94.64,87.08,3.94,4.83,2019,relMeanHI_p85_2d_walkforward,persistent_apparent_heat_anomaly
HARRIS_2019_010,48201,Harris (Houston),2019-08-07,2019-08-17,11,103.92,2019-08-13,101.0,79.7,90.4,91.4,39.5,97.9,101.0,88.75,6.02,35.53,2019,relMeanHI_p85_2d_walkforward,persistent_apparent_heat_anomaly
HARRIS_2019_011,48201,Harris (Houston),2019-08-26,2019-08-27,2,102.43,2019-08-27,97.0,79.0,88.0,99.2,48.1,97.9,97.04,87.62,4.54,6.26,2019,relMeanHI_p85_2d_walkforward,persistent_apparent_heat_anomaly
HARRIS_2019_012,48201,Harris (Houston),2019-09-04,2019-09-06,3,96.21,2019-09-04,97.7,77.4,87.5,90.5,38.5,91.6,98.0,86.62,4.6,7.2,2019,relMeanHI_p85_2d_walkforward,persistent_apparent_heat_anomaly
HARRIS_2019_013,48201,Harris (Houston),2019-09-29,2019-10-06,8,95.2,2019-09-30,92.7,77.0,84.8,99.5,55.2,91.6,93.32,83.14,10.56,53.8,2019,relMeanHI_p85_2d_walkforward,persistent_apparent_heat_anomaly
HARRIS_2019_014,48201,Harris (Houston),2019-11-29,2019-11-30,2,75.02,2019-11-30,80.7,67.6,74.2,100.0,59.8,71.6,80.66,73.34,3.39,4.68,2019,relMeanHI_p85_2d_walkforward,persistent_apparent_heat_anomaly
HARRIS_2020_001,48201,Harris (Houston),2020-01-09,2020-01-10,2,71.81,2020-01-10,75.0,67.3,71.2,100.0,63.6,62.4,75.02,69.26,9.41,13.88,2020,relMeanHI_p85_2d_walkforward,persistent_apparent_heat_anomaly
HARRIS_2020_002,48201,Harris (Houston),2020-01-14,2020-01-18,5,74.94,2020-01-15,81.0,68.4,74.7,78.0,54.5,62.4,80.96,69.42,12.54,35.03,2020,relMeanHI_p85_2d_walkforward,persistent_apparent_heat_anomaly
HARRIS_2020_003,48201,Harris (Houston),2020-02-17,2020-02-18,2,69.8,2020-02-17,81.0,59.0,70.0,82.9,48.4,66.8,81.02,69.76,3.0,5.98,2020,relMeanHI_p85_2d_walkforward,persistent_apparent_heat_anomaly
HARRIS_2020_004,48201,Harris (Houston),2020-03-02,2020-03-03,2,74.97,2020-03-03,82.0,67.7,74.9,72.7,51.2,71.8,82.04,73.61,3.17,3.66,2020,relMeanHI_p85_2d_walkforward,persistent_apparent_heat_anomaly
HARRIS_2020_005,48201,Harris (Houston),2020-03-12,2020-03-15,4,76.41,2020-03-13,82.6,70.0,76.3,68.1,48.3,71.8,84.02,75.8,4.61,16.51,2020,relMeanHI_p85_2d_walkforward,persistent_apparent_heat_anomaly
HARRIS_2020_006,48201,Harris (Houston),2020-03-17,2020-03-19,3,79.32,2020-03-19,84.6,73.3,78.9,68.4,49.6,71.8,84.62,77.49,7.52,17.75,2020,relMeanHI_p85_2d_walkforward,persistent_apparent_heat_anomaly
HARRIS_2020_007,48201,Harris (Houston),2020-03-23,2020-03-27,5,80.18,2020-03-25,89.0,70.7,79.8,72.8,39.9,71.8,89.0,78.61,8.38,35.18,2020,relMeanHI_p85_2d_walkforward,persistent_apparent_heat_anomaly
HARRIS_2020_008,48201,Harris (Houston),2020-04-07,2020-04-09,3,80.71,2020-04-08,87.4,72.3,79.8,81.8,53.5,76.5,90.38,79.51,4.23,11.9,2020,relMeanHI_p85_2d_walkforward,persistent_apparent_heat_anomaly
HARRIS_2020_009,48201,Harris (Houston),2020-05-20,2020-05-23,4,91.93,2020-05-23,91.9,78.7,85.3,81.7,50.5,85.8,93.62,83.74,6.12,9.68,2020,relMeanHI_p85_2d_walkforward,persistent_apparent_heat_anomaly
HARRIS_2020_010,48201,Harris (Houston),2020-06-27,2020-07-01,5,100.3,2020-06-30,93.6,81.7,87.6,89.1,54.7,93.9,93.98,86.49,6.39,12.34,2020,relMeanHI_p85_2d_walkforward,persistent_apparent_heat_anomaly
HARRIS_2020_011,48201,Harris (Houston),2020-07-08,2020-07-11,4,101.18,2020-07-09,96.7,81.0,88.9,90.3,44.8,96.6,99.02,88.9,4.56,11.59,2020,relMeanHI_p85_2d_walkforward,persistent_apparent_heat_anomaly
HARRIS_2020_012,48201,Harris (Houston),2020-07-15,2020-07-16,2,98.52,2020-07-15,97.3,80.4,88.9,86.0,39.9,96.6,99.02,89.03,1.91,3.25,2020,relMeanHI_p85_2d_walkforward,persistent_apparent_heat_anomaly
HARRIS_2020_013,48201,Harris (Houston),2020-07-30,2020-07-31,2,99.89,2020-07-31,95.3,78.7,87.0,100.0,49.1,96.6,95.3,86.84,3.27,6.23,2020,relMeanHI_p85_2d_walkforward,persistent_apparent_heat_anomaly
HARRIS_2020_014,48201,Harris (Houston),2020-08-11,2020-08-16,6,105.41,2020-08-16,100.7,79.7,90.2,99.8,37.0,98.0,100.7,88.56,7.42,17.78,2020,relMeanHI_p85_2d_walkforward,persistent_apparent_heat_anomaly
HARRIS_2020_015,48201,Harris (Houston),2020-08-28,2020-09-06,10,103.75,2020-08-29,99.0,78.7,88.8,96.8,47.0,98.0,99.02,87.82,11.11,47.63,2020,relMeanHI_p85_2d_walkforward,persistent_apparent_heat_anomaly
HARRIS_2020_016,48201,Harris (Houston),2020-10-11,2020-10-12,2,85.86,2020-10-11,93.0,71.7,82.3,86.4,43.1,80.2,92.96,82.22,5.61,10.83,2020,relMeanHI_p85_2d_walkforward,persistent_apparent_heat_anomaly
HARRIS_2020_017,48201,Harris (Houston),2020-11-09,2020-11-14,6,78.02,2020-11-10,86.4,68.6,77.5,83.4,48.2,71.6,86.36,74.99,6.37,20.75,2020,relMeanHI_p85_2d_walkforward,persistent_apparent_heat_anomaly
HARRIS_2021_001,48201,Harris (Houston),2021-01-21,2021-01-22,2,63.87,2021-01-22,69.0,59.7,64.3,82.9,63.0,62.5,68.96,63.83,1.37,1.66,2021,relMeanHI_p85_2d_walkforward,persistent_apparent_heat_anomaly
HARRIS_2021_002,48201,Harris (Houston),2021-01-24,2021-01-26,3,70.56,2021-01-25,79.3,61.3,70.3,97.4,52.2,62.5,79.34,68.61,8.05,17.26,2021,relMeanHI_p85_2d_walkforward,persistent_apparent_heat_anomaly
HARRIS_2021_003,48201,Harris (Houston),2021-02-24,2021-02-28,5,76.97,2021-02-28,82.7,70.3,76.5,79.0,52.7,66.7,82.7,71.94,10.23,25.76,2021,relMeanHI_p85_2d_walkforward,persistent_apparent_heat_anomaly
HARRIS_2021_004,48201,Harris (Houston),2021-03-11,2021-03-12,2,75.34,2021-03-12,83.3,66.9,75.1,78.4,50.1,72.1,83.3,74.9,3.23,5.91,2021,relMeanHI_p85_2d_walkforward,persistent_apparent_heat_anomaly
HARRIS_2021_005,48201,Harris (Houston),2021-04-27,2021-04-29,3,83.56,2021-04-28,86.4,75.3,80.8,75.7,54.8,76.5,86.36,78.88,7.06,11.45,2021,relMeanHI_p85_2d_walkforward,persistent_apparent_heat_anomaly
HARRIS_2021_006,48201,Harris (Houston),2021-05-09,2021-05-10,2,88.16,2021-05-09,88.7,77.0,82.8,83.8,56.7,85.8,89.96,82.91,2.33,4.16,2021,relMeanHI_p85_2d_walkforward,persistent_apparent_heat_anomaly
HARRIS_2021_007,48201,Harris (Houston),2021-06-07,2021-06-14,8,102.53,2021-06-13,98.4,80.3,89.3,91.4,44.1,93.9,98.36,86.7,8.6,31.07,2021,relMeanHI_p85_2d_walkforward,persistent_apparent_heat_anomaly
HARRIS_2021_008,48201,Harris (Houston),2021-06-23,2021-06-26,4,98.12,2021-06-25,95.4,78.3,86.8,92.6,51.3,93.9,95.36,86.04,4.19,12.76,2021,relMeanHI_p85_2d_walkforward,persistent_apparent_heat_anomaly
HARRIS_2021_009,48201,Harris (Houston),2021-07-18,2021-07-19,2,97.73,2021-07-19,95.0,77.0,86.0,100.0,51.7,96.7,95.0,85.82,1.03,1.18,2021,relMeanHI_p85_2d_walkforward,persistent_apparent_heat_anomaly
HARRIS_2021_010,48201,Harris (Houston),2021-07-23,2021-07-24,2,96.86,2021-07-23,96.0,77.0,86.5,95.5,46.8,96.7,96.68,86.68,0.16,0.2,2021,relMeanHI_p85_2d_walkforward,persistent_apparent_heat_anomaly
HARRIS_2021_011,48201,Harris (Houston),2021-07-29,2021-08-01,4,102.86,2021-07-29,97.0,79.6,88.3,96.8,49.3,96.7,96.98,87.71,6.16,12.82,2021,relMeanHI_p85_2d_walkforward,persistent_apparent_heat_anomaly
HARRIS_2021_012,48201,Harris (Houston),2021-08-08,2021-08-12,5,102.9,2021-08-09,96.0,81.4,88.7,91.9,50.6,98.1,97.34,87.69,4.83,14.86,2021,relMeanHI_p85_2d_walkforward,persistent_apparent_heat_anomaly
HARRIS_2021_013,48201,Harris (Houston),2021-08-19,2021-08-21,3,99.89,2021-08-20,95.4,78.3,86.8,98.4,52.4,98.1,96.68,86.91,1.82,3.6,2021,relMeanHI_p85_2d_walkforward,persistent_apparent_heat_anomaly
HARRIS_2021_014,48201,Harris (Houston),2021-08-31,2021-09-05,6,101.7,2021-08-31,98.0,79.7,88.8,92.3,44.8,98.1,98.0,86.58,7.1,18.31,2021,relMeanHI_p85_2d_walkforward,persistent_apparent_heat_anomaly
HARRIS_2021_015,48201,Harris (Houston),2021-09-20,2021-09-21,2,96.35,2021-09-21,96.0,76.0,86.0,100.0,45.8,91.8,96.02,85.32,4.6,5.43,2021,relMeanHI_p85_2d_walkforward,persistent_apparent_heat_anomaly
HARRIS_2021_016,48201,Harris (Houston),2021-10-12,2021-10-15,4,88.5,2021-10-13,91.6,75.0,83.3,84.8,51.7,80.2,91.7,81.61,8.31,22.24,2021,relMeanHI_p85_2d_walkforward,persistent_apparent_heat_anomaly
HARRIS_2021_017,48201,Harris (Houston),2021-12-02,2021-12-06,5,72.48,2021-12-04,82.3,62.4,72.4,85.8,50.2,65.4,82.34,70.37,7.12,25.29,2021,relMeanHI_p85_2d_walkforward,persistent_apparent_heat_anomaly
HARRIS_2021_018,48201,Harris (Houston),2021-12-09,2021-12-10,2,83.61,2021-12-10,84.6,75.6,80.1,93.1,54.0,65.4,85.34,77.81,18.24,28.52,2021,relMeanHI_p85_2d_walkforward,persistent_apparent_heat_anomaly
HARRIS_2021_019,48201,Harris (Houston),2021-12-14,2021-12-17,4,77.86,2021-12-15,82.6,72.0,77.3,78.7,53.0,65.4,83.66,76.48,12.49,46.33,2021,relMeanHI_p85_2d_walkforward,persistent_apparent_heat_anomaly
HARRIS_2021_020,48201,Harris (Houston),2021-12-24,2022-01-01,9,77.63,2021-12-31,84.3,70.4,77.4,72.1,48.7,65.4,84.92,74.38,12.8,86.21,2021,relMeanHI_p85_2d_walkforward,persistent_apparent_heat_anomaly
HARRIS_2022_001,48201,Harris (Houston),2022-01-08,2022-01-09,2,66.09,2022-01-09,76.3,56.0,66.2,100.0,53.3,62.7,76.64,65.58,3.43,5.14,2022,relMeanHI_p85_2d_walkforward,persistent_apparent_heat_anomaly
HARRIS_2022_002,48201,Harris (Houston),2022-02-21,2022-02-22,2,72.69,2022-02-22,79.7,64.7,72.2,99.8,52.0,66.9,82.94,72.0,5.83,10.19,2022,relMeanHI_p85_2d_walkforward,persistent_apparent_heat_anomaly
HARRIS_2022_003,48201,Harris (Houston),2022-03-05,2022-03-06,2,77.04,2022-03-06,82.6,69.7,76.2,96.4,55.2,72.1,82.64,75.23,4.93,7.18,2022,relMeanHI_p85_2d_walkforward,persistent_apparent_heat_anomaly
HARRIS_2022_004,48201,Harris (Houston),2022-04-11,2022-04-12,2,78.37,2022-04-12,82.3,73.0,77.7,75.3,61.3,76.5,83.0,76.94,1.86,1.98,2022,relMeanHI_p85_2d_walkforward,persistent_apparent_heat_anomaly
HARRIS_2022_005,48201,Harris (Houston),2022-04-16,2022-04-17,2,80.06,2022-04-17,88.4,69.4,78.9,98.9,53.5,76.5,88.4,78.11,3.55,5.16,2022,relMeanHI_p85_2d_walkforward,persistent_apparent_heat_anomaly
HARRIS_2022_006,48201,Harris (Houston),2022-04-20,2022-04-24,5,79.97,2022-04-21,85.6,73.3,79.5,70.4,50.2,76.5,87.02,78.2,3.46,10.25,2022,relMeanHI_p85_2d_walkforward,persistent_apparent_heat_anomaly
HARRIS_2022_007,48201,Harris (Houston),2022-04-29,2022-04-30,2,83.54,2022-04-30,89.4,72.3,80.8,79.1,50.5,76.5,89.36,78.67,7.03,7.33,2022,relMeanHI_p85_2d_walkforward,persistent_apparent_heat_anomaly
HARRIS_2022_008,48201,Harris (Houston),2022-05-07,2022-05-10,4,89.11,2022-05-09,91.6,78.4,85.0,75.1,43.8,85.8,92.66,84.17,3.31,6.32,2022,relMeanHI_p85_2d_walkforward,persistent_apparent_heat_anomaly
HARRIS_2022_009,48201,Harris (Houston),2022-05-20,2022-05-21,2,98.95,2022-05-21,93.7,79.7,86.7,100.0,48.8,85.8,93.68,85.85,13.15,15.73,2022,relMeanHI_p85_2d_walkforward,persistent_apparent_heat_anomaly
HARRIS_2022_010,48201,Harris (Houston),2022-05-29,2022-05-31,3,92.09,2022-05-31,92.5,78.5,85.5,80.9,50.0,85.8,92.48,84.65,6.29,10.31,2022,relMeanHI_p85_2d_walkforward,persistent_apparent_heat_anomaly
HARRIS_2022_011,48201,Harris (Houston),2022-06-10,2022-06-13,4,95.27,2022-06-10,98.4,78.7,88.5,80.6,35.1,94.0,98.36,88.49,1.25,3.35,2022,relMeanHI_p85_2d_walkforward,persistent_apparent_heat_anomaly
HARRIS_2022_012,48201,Harris (Houston),2022-06-20,2022-06-22,3,96.47,2022-06-21,98.1,77.0,87.5,89.1,41.1,94.0,101.96,88.06,2.45,5.11,2022,relMeanHI_p85_2d_walkforward,persistent_apparent_heat_anomaly
HARRIS_2022_013,48201,Harris (Houston),2022-07-05,2022-07-06,2,99.3,2022-07-05,99.3,78.4,88.8,87.9,40.7,96.7,99.32,87.92,2.56,2.85,2022,relMeanHI_p85_2d_walkforward,persistent_apparent_heat_anomaly
HARRIS_2022_014,48201,Harris (Houston),2022-07-08,2022-07-14,7,105.74,2022-07-11,103.6,82.3,93.0,81.0,34.6,96.7,105.38,90.94,9.01,33.67,2022,relMeanHI_p85_2d_walkforward,persistent_apparent_heat_anomaly
HARRIS_2022_015,48201,Harris (Houston),2022-07-18,2022-07-21,4,103.25,2022-07-20,102.0,80.4,91.2,85.1,36.9,96.7,102.02,90.3,6.51,14.28,2022,relMeanHI_p85_2d_walkforward,persistent_apparent_heat_anomaly
HARRIS_2022_016,48201,Harris (Houston),2022-08-02,2022-08-03,2,101.84,2022-08-03,101.3,79.3,90.3,85.8,38.8,98.2,101.3,90.32,3.61,6.67,2022,relMeanHI_p85_2d_walkforward,persistent_apparent_heat_anomaly
HARRIS_2022_017,48201,Harris (Houston),2022-11-03,2022-11-04,2,78.54,2022-11-03,85.0,71.0,78.0,77.3,52.6,71.6,85.64,75.34,6.9,8.54,2022,relMeanHI_p85_2d_walkforward,persistent_apparent_heat_anomaly
HARRIS_2022_018,48201,Harris (Houston),2022-11-06,2022-11-10,5,78.19,2022-11-07,86.7,67.9,77.3,94.1,53.0,71.6,87.38,74.76,6.54,17.69,2022,relMeanHI_p85_2d_walkforward,persistent_apparent_heat_anomaly
HARRIS_2022_019,48201,Harris (Houston),2022-12-02,2022-12-03,2,70.42,2022-12-03,78.7,61.7,70.2,96.9,51.2,65.8,79.4,68.87,4.64,6.24,2022,relMeanHI_p85_2d_walkforward,persistent_apparent_heat_anomaly
HARRIS_2022_020,48201,Harris (Houston),2022-12-05,2022-12-13,9,76.26,2022-12-06,83.3,68.7,76.0,76.3,50.5,65.8,83.3,72.93,10.48,65.97,2022,relMeanHI_p85_2d_walkforward,persistent_apparent_heat_anomaly
HARRIS_2023_001,48201,Harris (Houston),2023-01-01,2023-01-03,3,74.64,2023-01-02,77.4,71.7,74.5,68.2,58.6,62.6,80.36,70.39,12.03,22.6,2023,relMeanHI_p85_2d_walkforward,persistent_apparent_heat_anomaly
HARRIS_2023_002,48201,Harris (Houston),2023-01-06,2023-01-07,2,69.96,2023-01-07,81.7,58.0,69.8,98.1,48.7,62.6,81.68,66.83,7.36,7.72,2023,relMeanHI_p85_2d_walkforward,persistent_apparent_heat_anomaly
HARRIS_2023_003,48201,Harris (Houston),2023-01-10,2023-01-11,2,72.3,2023-01-11,81.4,64.0,72.7,68.6,44.1,62.6,81.38,69.76,9.69,13.15,2023,relMeanHI_p85_2d_walkforward,persistent_apparent_heat_anomaly
HARRIS_2023_004,48201,Harris (Houston),2023-01-16,2023-01-18,3,72.28,2023-01-17,80.7,64.3,72.5,73.3,48.7,62.6,80.66,69.27,9.68,19.45,2023,relMeanHI_p85_2d_walkforward,persistent_apparent_heat_anomaly
HARRIS_2023_005,48201,Harris (Houston),2023-01-28,2023-01-29,2,62.71,2023-01-28,71.0,56.0,63.5,82.1,52.5,62.6,73.34,63.34,0.11,0.16,2023,relMeanHI_p85_2d_walkforward,persistent_apparent_heat_anomaly
HARRIS_2023_006,48201,Harris (Houston),2023-02-14,2023-02-15,2,71.5,2023-02-15,78.7,64.6,71.7,73.8,52.7,66.8,80.36,71.18,4.68,7.86,2023,relMeanHI_p85_2d_walkforward,persistent_apparent_heat_anomaly
HARRIS_2023_007,48201,Harris (Houston),2023-02-20,2023-02-28,9,77.52,2023-02-23,84.3,70.0,77.2,77.7,46.6,66.8,84.68,74.18,10.7,66.47,2023,relMeanHI_p85_2d_walkforward,persistent_apparent_heat_anomaly
HARRIS_2023_008,48201,Harris (Houston),2023-03-07,2023-03-11,5,76.87,2023-03-07,84.0,69.0,76.5,78.0,51.2,72.1,87.02,75.27,4.77,16.5,2023,relMeanHI_p85_2d_walkforward,persistent_apparent_heat_anomaly
HARRIS_2023_009,48201,Harris (Houston),2023-03-22,2023-03-24,3,78.89,2023-03-23,85.6,71.7,78.6,66.8,46.9,72.1,85.64,76.82,6.78,15.15,2023,relMeanHI_p85_2d_walkforward,persistent_apparent_heat_anomaly
HARRIS_2023_010,48201,Harris (Houston),2023-03-31,2023-04-01,2,79.37,2023-03-31,85.0,72.7,78.8,74.9,50.8,72.1,89.36,78.08,7.26,7.47,2023,relMeanHI_p85_2d_walkforward,persistent_apparent_heat_anomaly
HARRIS_2023_011,48201,Harris (Houston),2023-04-03,2023-04-04,2,83.39,2023-04-03,88.0,73.9,81.0,72.1,52.6,76.6,88.04,79.66,6.75,8.99,2023,relMeanHI_p85_2d_walkforward,persistent_apparent_heat_anomaly
HARRIS_2023_012,48201,Harris (Houston),2023-06-14,2023-06-20,7,101.97,2023-06-15,98.1,81.0,89.5,87.5,44.5,94.2,99.32,89.41,7.78,38.25,2023,relMeanHI_p85_2d_walkforward,persistent_apparent_heat_anomaly
HARRIS_2023_013,48201,Harris (Houston),2023-06-22,2023-07-03,12,100.98,2023-06-25,97.7,81.0,89.3,86.6,43.7,94.2,99.68,88.44,6.79,37.88,2023,relMeanHI_p85_2d_walkforward,persistent_apparent_heat_anomaly
HARRIS_2023_014,48201,Harris (Houston),2023-07-09,2023-07-15,7,102.96,2023-07-12,99.0,81.7,90.4,85.6,42.4,96.9,99.32,89.55,6.08,27.45,2023,relMeanHI_p85_2d_walkforward,persistent_apparent_heat_anomaly
HARRIS_2023_015,48201,Harris (Houston),2023-07-17,2023-07-20,4,98.55,2023-07-18,99.7,80.7,90.2,79.6,34.9,96.9,100.34,89.92,1.67,3.61,2023,relMeanHI_p85_2d_walkforward,persistent_apparent_heat_anomaly
HARRIS_2023_016,48201,Harris (Houston),2023-07-22,2023-07-24,3,100.59,2023-07-23,100.3,75.7,88.0,98.4,42.8,96.9,100.94,88.44,3.71,8.37,2023,relMeanHI_p85_2d_walkforward,persistent_apparent_heat_anomaly
HARRIS_2023_017,48201,Harris (Houston),2023-07-26,2023-07-27,2,98.99,2023-07-26,99.6,76.3,88.0,94.3,41.7,96.9,99.62,87.4,2.12,2.32,2023,relMeanHI_p85_2d_walkforward,persistent_apparent_heat_anomaly
HARRIS_2023_018,48201,Harris (Houston),2023-07-31,2023-08-15,16,111.36,2023-08-12,104.0,82.9,93.5,89.2,37.6,98.1,104.0,91.87,13.22,85.94,2023,relMeanHI_p85_2d_walkforward,persistent_apparent_heat_anomaly
HARRIS_2023_019,48201,Harris (Houston),2023-08-18,2023-08-27,10,105.32,2023-08-20,108.3,81.7,95.0,75.1,25.2,98.1,109.7,92.1,7.18,28.14,2023,relMeanHI_p85_2d_walkforward,persistent_apparent_heat_anomaly
HARRIS_2023_020,48201,Harris (Houston),2023-09-02,2023-09-08,7,107.05,2023-09-08,106.0,79.7,92.8,91.5,28.9,91.7,105.98,90.41,15.32,59.52,2023,relMeanHI_p85_2d_walkforward,persistent_apparent_heat_anomaly
HARRIS_2023_021,48201,Harris (Houston),2023-09-21,2023-09-25,5,98.0,2023-09-24,99.3,77.0,88.2,87.5,42.7,91.7,99.32,86.68,6.26,21.76,2023,relMeanHI_p85_2d_walkforward,persistent_apparent_heat_anomaly
HARRIS_2023_022,48201,Harris (Houston),2023-10-01,2023-10-02,2,88.4,2023-10-01,96.4,72.0,84.2,84.2,39.6,80.1,96.38,83.85,8.25,15.66,2023,relMeanHI_p85_2d_walkforward,persistent_apparent_heat_anomaly
HARRIS_2023_023,48201,Harris (Houston),2023-10-23,2023-10-25,3,82.66,2023-10-23,88.4,71.7,80.1,82.2,51.4,80.1,88.4,79.86,2.52,3.48,2023,relMeanHI_p85_2d_walkforward,persistent_apparent_heat_anomaly
HARRIS_2023_024,48201,Harris (Houston),2023-10-27,2023-10-28,2,84.55,2023-10-27,87.4,74.6,81.0,83.0,56.2,80.1,88.04,80.59,4.4,7.65,2023,relMeanHI_p85_2d_walkforward,persistent_apparent_heat_anomaly
HARRIS_2023_025,48201,Harris (Houston),2023-11-07,2023-11-09,3,77.33,2023-11-08,85.6,67.3,76.5,95.3,53.4,71.8,86.72,75.16,5.57,12.43,2023,relMeanHI_p85_2d_walkforward,persistent_apparent_heat_anomaly
HARRIS_2023_026,48201,Harris (Houston),2023-12-08,2023-12-09,2,70.25,2023-12-09,81.7,58.6,70.2,100.0,43.7,66.1,81.68,70.34,4.18,8.28,2023,relMeanHI_p85_2d_walkforward,persistent_apparent_heat_anomaly
HARRIS_2024_001,48201,Harris (Houston),2024-01-23,2024-01-24,2,65.43,2024-01-23,70.0,62.0,66.0,74.7,57.4,62.8,70.04,64.78,2.63,2.68,2024,relMeanHI_p85_2d_walkforward,persistent_apparent_heat_anomaly
HARRIS_2024_002,48201,Harris (Houston),2024-02-08,2024-02-10,3,71.07,2024-02-09,79.3,63.4,71.4,70.7,51.8,67.0,79.34,70.27,4.05,8.51,2024,relMeanHI_p85_2d_walkforward,persistent_apparent_heat_anomaly
HARRIS_2024_003,48201,Harris (Houston),2024-02-26,2024-02-27,2,79.18,2024-02-27,86.4,69.3,77.8,100.0,64.1,67.0,86.36,76.18,12.15,20.22,2024,relMeanHI_p85_2d_walkforward,persistent_apparent_heat_anomaly
HARRIS_2024_004,48201,Harris (Houston),2024-03-04,2024-03-06,3,78.41,2024-03-05,89.4,66.3,77.8,86.2,45.2,72.3,89.36,75.48,6.11,10.39,2024,relMeanHI_p85_2d_walkforward,persistent_apparent_heat_anomaly
HARRIS_2024_005,48201,Harris (Houston),2024-03-13,2024-03-15,3,78.5,2024-03-14,83.3,72.7,78.0,71.1,57.2,72.3,83.3,75.06,6.2,9.51,2024,relMeanHI_p85_2d_walkforward,persistent_apparent_heat_anomaly
HARRIS_2024_006,48201,Harris (Houston),2024-03-31,2024-04-01,2,78.2,2024-04-01,82.0,73.3,77.7,74.7,54.6,76.6,82.34,76.1,2.48,4.04,2024,relMeanHI_p85_2d_walkforward,persistent_apparent_heat_anomaly
HARRIS_2024_007,48201,Harris (Houston),2024-04-07,2024-04-09,3,78.97,2024-04-07,86.4,70.4,78.4,78.8,51.3,76.6,86.36,77.13,2.34,3.97,2024,relMeanHI_p85_2d_walkforward,persistent_apparent_heat_anomaly
HARRIS_2024_008,48201,Harris (Houston),2024-04-16,2024-04-19,4,82.73,2024-04-18,87.7,73.0,80.3,77.1,51.4,76.6,87.68,78.19,6.1,10.37,2024,relMeanHI_p85_2d_walkforward,persistent_apparent_heat_anomaly
HARRIS_2024_009,48201,Harris (Houston),2024-04-26,2024-04-28,3,80.82,2024-04-28,84.0,75.0,79.5,95.9,60.8,76.6,83.96,78.66,4.19,8.72,2024,relMeanHI_p85_2d_walkforward,persistent_apparent_heat_anomaly
HARRIS_2024_010,48201,Harris (Houston),2024-05-07,2024-05-09,3,90.25,2024-05-09,88.6,76.3,82.5,99.9,61.8,85.9,88.7,82.57,4.38,10.16,2024,relMeanHI_p85_2d_walkforward,persistent_apparent_heat_anomaly
HARRIS_2024_011,48201,Harris (Houston),2024-05-21,2024-05-27,7,96.81,2024-05-26,93.0,80.7,86.8,85.6,53.0,85.9,96.74,85.82,10.95,58.93,2024,relMeanHI_p85_2d_walkforward,persistent_apparent_heat_anomaly
HARRIS_2024_012,48201,Harris (Houston),2024-06-03,2024-06-04,2,98.05,2024-06-04,92.7,81.7,87.2,86.9,53.2,94.4,92.66,86.42,3.69,4.46,2024,relMeanHI_p85_2d_walkforward,persistent_apparent_heat_anomaly
HARRIS_2024_013,48201,Harris (Houston),2024-06-13,2024-06-14,2,96.34,2024-06-14,95.0,76.6,85.8,99.4,48.3,94.4,95.0,85.48,1.98,3.13,2024,relMeanHI_p85_2d_walkforward,persistent_apparent_heat_anomaly
HARRIS_2024_014,48201,Harris (Houston),2024-06-24,2024-07-06,13,104.85,2024-06-28,96.4,81.7,89.0,93.7,51.9,94.4,99.32,88.05,10.48,63.63,2024,relMeanHI_p85_2d_walkforward,persistent_apparent_heat_anomaly
HARRIS_2024_015,48201,Harris (Houston),2024-07-29,2024-07-31,3,99.92,2024-07-29,94.6,79.3,87.0,95.3,53.9,97.1,95.36,87.11,2.82,7.95,2024,relMeanHI_p85_2d_walkforward,persistent_apparent_heat_anomaly
HARRIS_2024_016,48201,Harris (Houston),2024-08-02,2024-08-03,2,102.88,2024-08-03,99.0,78.7,88.8,97.0,44.0,98.5,99.02,88.42,4.43,6.62,2024,relMeanHI_p85_2d_walkforward,persistent_apparent_heat_anomaly
HARRIS_2024_017,48201,Harris (Houston),2024-08-05,2024-08-10,6,104.12,2024-08-09,98.7,80.4,89.5,93.7,44.9,98.5,99.02,88.55,5.67,18.37,2024,relMeanHI_p85_2d_walkforward,persistent_apparent_heat_anomaly
HARRIS_2024_018,48201,Harris (Houston),2024-08-12,2024-08-23,12,106.21,2024-08-22,99.0,81.7,90.4,91.4,46.4,98.5,101.36,88.94,7.76,44.39,2024,relMeanHI_p85_2d_walkforward,persistent_apparent_heat_anomaly
HARRIS_2024_019,48201,Harris (Houston),2024-09-14,2024-09-20,7,97.26,2024-09-14,96.7,78.0,87.4,90.4,44.8,91.9,97.7,85.91,5.32,23.48,2024,relMeanHI_p85_2d_walkforward,persistent_apparent_heat_anomaly
HARRIS_2024_020,48201,Harris (Houston),2024-10-01,2024-10-07,7,87.69,2024-10-06,94.3,73.6,84.0,83.6,38.2,80.3,96.38,81.91,7.38,30.99,2024,relMeanHI_p85_2d_walkforward,persistent_apparent_heat_anomaly
HARRIS_2024_021,48201,Harris (Houston),2024-10-14,2024-10-15,2,86.39,2024-10-14,98.4,69.0,83.7,87.6,27.4,80.3,98.36,82.02,6.08,8.07,2024,relMeanHI_p85_2d_walkforward,persistent_apparent_heat_anomaly
HARRIS_2024_022,48201,Harris (Houston),2024-10-29,2024-10-30,2,82.91,2024-10-29,88.6,72.3,80.5,80.2,47.8,80.3,88.64,80.07,2.6,2.65,2024,relMeanHI_p85_2d_walkforward,persistent_apparent_heat_anomaly
HARRIS_2024_023,48201,Harris (Houston),2024-11-01,2024-11-11,11,86.18,2024-11-04,86.0,77.4,81.7,82.9,60.4,71.8,87.68,76.88,14.43,69.95,2024,relMeanHI_p85_2d_walkforward,persistent_apparent_heat_anomaly
HARRIS_2024_024,48201,Harris (Houston),2024-11-17,2024-11-18,2,77.78,2024-11-17,82.6,71.7,77.2,76.7,59.9,71.8,84.68,75.08,6.02,7.96,2024,relMeanHI_p85_2d_walkforward,persistent_apparent_heat_anomaly
HARRIS_2024_025,48201,Harris (Houston),2024-12-14,2024-12-17,4,74.0,2024-12-15,82.0,65.7,73.8,80.9,50.7,66.0,81.98,72.58,7.99,26.48,2024,relMeanHI_p85_2d_walkforward,persistent_apparent_heat_anomaly
HARRIS_2025_001,48201,Harris (Houston),2025-02-03,2025-02-09,7,76.97,2025-02-08,84.9,68.9,76.9,71.9,41.5,67.1,84.88,74.81,9.89,53.54,2025,relMeanHI_p85_2d_walkforward,persistent_apparent_heat_anomaly
HARRIS_2025_002,48201,Harris (Houston),2025-03-13,2025-03-15,3,77.12,2025-03-13,88.6,66.5,77.5,61.6,29.0,72.4,88.58,75.7,4.77,9.12,2025,relMeanHI_p85_2d_walkforward,persistent_apparent_heat_anomaly
HARRIS_2025_003,48201,Harris (Houston),2025-03-23,2025-03-26,4,76.48,2025-03-23,85.1,66.5,75.8,98.7,46.8,72.4,87.84,73.89,4.13,7.12,2025,relMeanHI_p85_2d_walkforward,persistent_apparent_heat_anomaly
HARRIS_2025_004,48201,Harris (Houston),2025-03-29,2025-03-31,3,78.81,2025-03-31,84.8,71.1,77.9,90.8,52.6,72.4,86.32,77.7,6.46,18.05,2025,relMeanHI_p85_2d_walkforward,persistent_apparent_heat_anomaly
HARRIS_2025_005,48201,Harris (Houston),2025-04-02,2025-04-04,3,83.17,2025-04-03,85.9,75.5,80.7,72.2,55.3,76.7,85.86,80.3,6.47,16.31,2025,relMeanHI_p85_2d_walkforward,persistent_apparent_heat_anomaly
HARRIS_2025_006,48201,Harris (Houston),2025-04-18,2025-04-20,3,81.44,2025-04-18,87.1,73.4,80.2,64.9,43.6,76.7,87.08,79.06,4.73,9.44,2025,relMeanHI_p85_2d_walkforward,persistent_apparent_heat_anomaly
HARRIS_2025_007,48201,Harris (Houston),2025-04-24,2025-04-30,7,80.12,2025-04-30,84.6,74.0,79.3,77.7,58.2,76.7,87.26,77.77,3.41,11.47,2025,relMeanHI_p85_2d_walkforward,persistent_apparent_heat_anomaly
HARRIS_2025_008,48201,Harris (Houston),2025-05-14,2025-05-20,7,93.78,2025-05-20,93.9,79.2,86.5,84.5,43.7,86.0,93.88,84.95,7.8,30.52,2025,relMeanHI_p85_2d_walkforward,persistent_apparent_heat_anomaly
HARRIS_2025_009,48201,Harris (Houston),2025-05-22,2025-05-25,4,92.88,2025-05-25,92.4,80.0,86.2,78.6,48.9,86.0,93.16,85.11,6.89,18.2,2025,relMeanHI_p85_2d_walkforward,persistent_apparent_heat_anomaly
HARRIS_2025_010,48201,Harris (Houston),2025-06-06,2025-06-08,3,98.03,2025-06-08,95.0,78.9,87.0,96.6,45.4,94.5,95.04,86.44,3.56,4.58,2025,relMeanHI_p85_2d_walkforward,persistent_apparent_heat_anomaly
HARRIS_2025_011,48201,Harris (Houston),2025-06-17,2025-06-20,4,98.22,2025-06-19,94.1,79.4,86.7,93.7,51.6,94.5,94.1,86.09,3.75,8.03,2025,relMeanHI_p85_2d_walkforward,persistent_apparent_heat_anomaly
HARRIS_2025_012,48201,Harris (Houston),2025-09-05,2025-09-06,2,94.05,2025-09-05,94.3,77.5,85.9,90.6,45.9,92.0,94.28,84.85,2.07,2.1,2025,relMeanHI_p85_2d_walkforward,persistent_apparent_heat_anomaly
HARRIS_2025_013,48201,Harris (Houston),2025-10-01,2025-10-03,3,84.51,2025-10-02,93.1,70.6,81.8,84.6,38.9,80.4,93.34,81.2,4.11,10.34,2025,relMeanHI_p85_2d_walkforward,persistent_apparent_heat_anomaly
HARRIS_2025_014,48201,Harris (Houston),2025-10-05,2025-10-09,5,86.69,2025-10-07,92.7,72.8,82.7,87.2,43.3,80.4,92.66,81.6,6.29,21.76,2025,relMeanHI_p85_2d_walkforward,persistent_apparent_heat_anomaly
HARRIS_2025_015,48201,Harris (Houston),2025-10-17,2025-10-18,2,87.9,2025-10-18,93.1,73.7,83.4,87.5,43.3,80.4,93.06,81.77,7.5,9.39,2025,relMeanHI_p85_2d_walkforward,persistent_apparent_heat_anomaly
HARRIS_2025_016,48201,Harris (Houston),2025-11-07,2025-11-08,2,75.36,2025-11-08,85.3,64.8,75.1,89.4,42.2,72.2,86.04,74.36,3.21,4.7,2025,relMeanHI_p85_2d_walkforward,persistent_apparent_heat_anomaly
HARRIS_2025_017,48201,Harris (Houston),2025-11-16,2025-11-22,7,79.32,2025-11-21,88.7,68.8,78.7,81.7,46.5,72.2,88.7,75.85,7.16,28.93,2025,relMeanHI_p85_2d_walkforward,persistent_apparent_heat_anomaly
HARRIS_2025_018,48201,Harris (Houston),2025-11-24,2025-11-25,2,75.41,2025-11-24,81.9,67.7,74.8,89.8,56.2,72.2,84.29,74.66,3.25,5.81,2025,relMeanHI_p85_2d_walkforward,persistent_apparent_heat_anomaly
HARRIS_2025_019,48201,Harris (Houston),2025-12-21,2025-12-28,8,75.46,2025-12-26,82.1,68.8,75.4,71.9,45.7,66.3,83.34,73.73,9.19,59.16,2025,relMeanHI_p85_2d_walkforward,persistent_apparent_heat_anomaly
LUBBOCK_2015_001,48303,Lubbock,2015-01-18,2015-01-19,2,49.93,2015-01-19,73.0,33.1,53.1,66.8,12.3,46.7,73.04,51.82,3.23,3.47,2015,relMeanHI_p85_2d_walkforward,persistent_apparent_heat_anomaly
LUBBOCK_2015_002,48303,Lubbock,2015-01-26,2015-01-28,3,57.08,2015-01-28,76.5,42.0,59.2,77.0,18.2,46.7,76.46,55.76,10.39,19.32,2015,relMeanHI_p85_2d_walkforward,persistent_apparent_heat_anomaly
LUBBOCK_2015_003,48303,Lubbock,2015-02-06,2015-02-10,5,61.46,2015-02-07,83.5,44.0,63.7,61.4,9.4,52.3,83.48,60.37,9.12,27.97,2015,relMeanHI_p85_2d_walkforward,persistent_apparent_heat_anomaly
LUBBOCK_2015_004,48303,Lubbock,2015-03-22,2015-03-25,4,65.02,2015-03-23,86.0,47.5,66.7,69.4,11.8,60.6,86.0,65.18,4.46,11.47,2015,relMeanHI_p85_2d_walkforward,persistent_apparent_heat_anomaly
LUBBOCK_2015_005,48303,Lubbock,2015-03-28,2015-03-29,2,64.4,2015-03-29,83.0,50.0,66.5,57.6,7.5,60.6,86.54,65.53,3.84,5.53,2015,relMeanHI_p85_2d_walkforward,persistent_apparent_heat_anomaly
LUBBOCK_2015_006,48303,Lubbock,2015-03-31,2015-04-01,2,69.05,2015-04-01,87.0,54.0,70.5,64.5,11.4,68.9,86.99,68.77,5.33,5.52,2015,relMeanHI_p85_2d_walkforward,persistent_apparent_heat_anomaly
LUBBOCK_2015_007,48303,Lubbock,2015-04-06,2015-04-08,3,73.2,2015-04-08,87.0,61.5,74.3,65.7,11.7,68.9,89.51,73.0,4.34,8.71,2015,relMeanHI_p85_2d_walkforward,persistent_apparent_heat_anomaly
LUBBOCK_2015_008,48303,Lubbock,2015-07-27,2015-07-28,2,88.65,2015-07-28,97.5,73.0,85.3,88.4,24.6,86.5,97.52,85.12,2.14,2.34,2015,relMeanHI_p85_2d_walkforward,persistent_apparent_heat_anomaly
LUBBOCK_2015_009,48303,Lubbock,2015-08-05,2015-08-10,6,88.17,2015-08-09,96.5,75.5,86.0,76.4,25.5,85.3,99.05,85.5,2.87,10.42,2015,relMeanHI_p85_2d_walkforward,persistent_apparent_heat_anomaly
LUBBOCK_2015_010,48303,Lubbock,2015-08-12,2015-08-14,3,88.36,2015-08-14,99.0,72.0,85.5,83.7,24.8,85.3,99.05,84.16,3.07,4.51,2015,relMeanHI_p85_2d_walkforward,persistent_apparent_heat_anomaly
LUBBOCK_2015_011,48303,Lubbock,2015-09-04,2015-09-08,5,83.27,2015-09-07,94.5,70.5,82.5,74.2,25.3,78.8,94.46,81.18,4.43,13.92,2015,relMeanHI_p85_2d_walkforward,persistent_apparent_heat_anomaly
LUBBOCK_2015_012,48303,Lubbock,2015-09-16,2015-09-18,3,85.43,2015-09-18,98.1,69.0,83.5,86.8,21.8,78.8,98.06,81.77,6.58,11.88,2015,relMeanHI_p85_2d_walkforward,persistent_apparent_heat_anomaly
LUBBOCK_2015_013,48303,Lubbock,2015-10-14,2015-10-15,2,74.74,2015-10-15,90.5,60.0,75.2,76.8,19.9,69.4,90.5,73.36,5.34,6.45,2015,relMeanHI_p85_2d_walkforward,persistent_apparent_heat_anomaly
LUBBOCK_2015_014,48303,Lubbock,2015-11-02,2015-11-05,4,63.87,2015-11-04,77.5,52.0,64.8,92.1,32.9,57.8,81.5,62.99,6.04,15.22,2015,relMeanHI_p85_2d_walkforward,persistent_apparent_heat_anomaly
LUBBOCK_2015_015,48303,Lubbock,2015-12-07,2015-12-12,6,57.59,2015-12-10,75.0,45.5,60.3,54.0,14.0,48.0,75.92,55.56,9.56,28.64,2015,relMeanHI_p85_2d_walkforward,persistent_apparent_heat_anomaly
LUBBOCK_2016_001,48303,Lubbock,2016-01-29,2016-01-31,3,54.46,2016-01-30,79.1,36.0,57.6,53.8,7.5,46.7,79.07,54.7,7.76,14.8,2016,relMeanHI_p85_2d_walkforward,persistent_apparent_heat_anomaly
LUBBOCK_2016_002,48303,Lubbock,2016-02-17,2016-02-21,5,65.37,2016-02-18,86.0,46.0,66.0,100.0,29.7,52.5,86.0,61.65,12.88,38.51,2016,relMeanHI_p85_2d_walkforward,persistent_apparent_heat_anomaly
LUBBOCK_2016_003,48303,Lubbock,2016-02-28,2016-02-29,2,58.93,2016-02-29,79.0,41.0,60.0,100.0,37.8,52.5,78.98,58.73,6.44,9.36,2016,relMeanHI_p85_2d_walkforward,persistent_apparent_heat_anomaly
LUBBOCK_2016_004,48303,Lubbock,2016-03-06,2016-03-07,2,63.64,2016-03-06,76.0,55.0,65.5,58.0,23.4,60.7,76.01,64.98,2.99,4.73,2016,relMeanHI_p85_2d_walkforward,persistent_apparent_heat_anomaly
LUBBOCK_2016_005,48303,Lubbock,2016-03-14,2016-03-15,2,62.36,2016-03-14,81.9,48.0,65.0,44.6,5.6,60.7,81.95,64.49,1.71,2.4,2016,relMeanHI_p85_2d_walkforward,persistent_apparent_heat_anomaly
LUBBOCK_2016_006,48303,Lubbock,2016-03-29,2016-03-30,2,68.63,2016-03-29,83.0,57.5,70.2,54.5,15.9,60.7,83.03,68.88,7.98,13.46,2016,relMeanHI_p85_2d_walkforward,persistent_apparent_heat_anomaly
LUBBOCK_2016_007,48303,Lubbock,2016-05-23,2016-05-26,4,80.44,2016-05-26,91.9,68.4,80.2,78.4,10.2,78.1,93.47,79.53,2.3,3.34,2016,relMeanHI_p85_2d_walkforward,persistent_apparent_heat_anomaly
LUBBOCK_2016_008,48303,Lubbock,2016-06-17,2016-06-18,2,88.78,2016-06-17,103.0,74.5,88.7,65.7,13.5,85.1,103.01,86.88,3.65,3.86,2016,relMeanHI_p85_2d_walkforward,persistent_apparent_heat_anomaly
LUBBOCK_2016_009,48303,Lubbock,2016-07-05,2016-07-07,3,91.41,2016-07-07,108.0,73.9,91.0,63.0,12.7,86.5,108.05,88.92,4.93,6.68,2016,relMeanHI_p85_2d_walkforward,persistent_apparent_heat_anomaly
LUBBOCK_2016_010,48303,Lubbock,2016-07-11,2016-07-14,4,93.69,2016-07-13,107.0,78.0,92.5,61.9,13.9,86.5,106.97,90.7,7.21,18.53,2016,relMeanHI_p85_2d_walkforward,persistent_apparent_heat_anomaly
LUBBOCK_2016_011,48303,Lubbock,2016-07-24,2016-07-25,2,87.25,2016-07-25,98.5,72.5,85.5,78.0,22.6,86.5,98.51,85.64,0.76,0.89,2016,relMeanHI_p85_2d_walkforward,persistent_apparent_heat_anomaly
LUBBOCK_2016_012,48303,Lubbock,2016-08-01,2016-08-02,2,86.04,2016-08-02,97.1,74.5,85.8,68.4,19.6,85.3,97.52,85.89,0.72,1.16,2016,relMeanHI_p85_2d_walkforward,persistent_apparent_heat_anomaly
LUBBOCK_2016_013,48303,Lubbock,2016-09-08,2016-09-09,2,84.36,2016-09-09,91.5,71.1,81.3,100.0,31.5,78.9,91.49,81.01,5.42,9.56,2016,relMeanHI_p85_2d_walkforward,persistent_apparent_heat_anomaly
LUBBOCK_2016_014,48303,Lubbock,2016-09-19,2016-09-20,2,81.99,2016-09-19,93.5,67.0,80.2,89.3,28.8,78.9,93.47,79.36,3.05,3.06,2016,relMeanHI_p85_2d_walkforward,persistent_apparent_heat_anomaly
LUBBOCK_2016_015,48303,Lubbock,2016-10-01,2016-10-04,4,73.27,2016-10-03,87.0,60.0,73.5,85.1,31.1,69.4,86.99,72.12,3.84,9.2,2016,relMeanHI_p85_2d_walkforward,persistent_apparent_heat_anomaly
LUBBOCK_2016_016,48303,Lubbock,2016-10-10,2016-10-11,2,74.27,2016-10-11,91.0,58.6,74.8,78.0,21.6,69.4,90.95,72.86,4.83,5.75,2016,relMeanHI_p85_2d_walkforward,persistent_apparent_heat_anomaly
LUBBOCK_2016_017,48303,Lubbock,2016-10-15,2016-10-17,3,76.31,2016-10-17,93.5,60.5,77.0,69.4,11.7,69.4,93.47,75.52,6.87,16.24,2016,relMeanHI_p85_2d_walkforward,persistent_apparent_heat_anomaly
LUBBOCK_2016_018,48303,Lubbock,2016-10-28,2016-10-29,2,71.55,2016-10-29,87.5,57.5,72.5,72.2,17.0,69.4,87.53,71.62,2.11,2.48,2016,relMeanHI_p85_2d_walkforward,persistent_apparent_heat_anomaly
LUBBOCK_2016_019,48303,Lubbock,2016-10-31,2016-11-03,4,70.47,2016-10-31,86.0,57.5,71.7,62.0,17.3,69.4,86.99,66.74,12.15,19.75,2016,relMeanHI_p85_2d_walkforward,persistent_apparent_heat_anomaly
LUBBOCK_2016_020,48303,Lubbock,2016-11-06,2016-11-07,2,63.63,2016-11-06,72.1,55.9,64.0,98.7,51.6,57.9,72.05,62.24,5.71,7.59,2016,relMeanHI_p85_2d_walkforward,persistent_apparent_heat_anomaly
LUBBOCK_2016_021,48303,Lubbock,2016-11-15,2016-11-17,3,63.29,2016-11-17,78.0,51.0,64.5,95.1,17.9,57.9,80.96,62.99,5.38,9.57,2016,relMeanHI_p85_2d_walkforward,persistent_apparent_heat_anomaly
LUBBOCK_2016_022,48303,Lubbock,2016-12-23,2016-12-24,2,50.61,2016-12-24,70.5,34.5,52.5,100.0,33.4,48.1,70.52,51.62,2.47,2.74,2016,relMeanHI_p85_2d_walkforward,persistent_apparent_heat_anomaly
LUBBOCK_2017_001,48303,Lubbock,2017-01-09,2017-01-12,4,57.99,2017-01-11,79.5,41.5,60.5,61.2,11.3,46.7,79.52,56.68,11.29,29.9,2017,relMeanHI_p85_2d_walkforward,persistent_apparent_heat_anomaly
LUBBOCK_2017_002,48303,Lubbock,2017-01-19,2017-01-21,3,49.04,2017-01-19,64.5,39.5,52.0,66.8,25.2,46.7,64.49,51.94,2.34,6.3,2017,relMeanHI_p85_2d_walkforward,persistent_apparent_heat_anomaly
LUBBOCK_2017_003,48303,Lubbock,2017-01-23,2017-01-24,2,50.51,2017-01-23,73.5,33.5,53.5,70.0,12.9,46.7,73.49,52.88,3.81,6.25,2017,relMeanHI_p85_2d_walkforward,persistent_apparent_heat_anomaly
LUBBOCK_2017_004,48303,Lubbock,2017-01-30,2017-01-31,2,52.8,2017-01-31,74.5,38.0,56.3,43.3,8.4,46.7,74.48,53.67,6.1,6.73,2017,relMeanHI_p85_2d_walkforward,persistent_apparent_heat_anomaly
LUBBOCK_2017_005,48303,Lubbock,2017-02-05,2017-02-08,4,58.92,2017-02-08,79.5,42.0,60.8,88.8,13.0,52.5,79.52,59.12,6.38,16.14,2017,relMeanHI_p85_2d_walkforward,persistent_apparent_heat_anomaly
LUBBOCK_2017_006,48303,Lubbock,2017-02-10,2017-02-12,3,66.49,2017-02-11,90.0,47.0,68.5,53.0,6.3,52.5,90.05,63.68,13.95,26.73,2017,relMeanHI_p85_2d_walkforward,persistent_apparent_heat_anomaly
LUBBOCK_2017_007,48303,Lubbock,2017-02-19,2017-02-23,5,63.77,2017-02-22,84.9,47.0,66.0,55.0,8.8,52.5,84.92,60.59,11.23,28.91,2017,relMeanHI_p85_2d_walkforward,persistent_apparent_heat_anomaly
LUBBOCK_2017_008,48303,Lubbock,2017-03-05,2017-03-06,2,65.14,2017-03-06,80.1,52.5,66.3,92.6,14.8,60.7,80.06,65.41,4.45,6.37,2017,relMeanHI_p85_2d_walkforward,persistent_apparent_heat_anomaly
LUBBOCK_2017_009,48303,Lubbock,2017-03-16,2017-03-23,8,73.06,2017-03-20,92.0,56.9,74.5,53.5,7.6,60.7,92.03,69.24,12.37,58.78,2017,relMeanHI_p85_2d_walkforward,persistent_apparent_heat_anomaly
LUBBOCK_2017_010,48303,Lubbock,2017-04-08,2017-04-09,2,71.4,2017-04-09,88.1,58.5,73.3,43.0,4.1,68.8,92.03,73.13,2.61,5.18,2017,relMeanHI_p85_2d_walkforward,persistent_apparent_heat_anomaly
LUBBOCK_2017_011,48303,Lubbock,2017-04-15,2017-04-16,2,72.24,2017-04-16,83.5,61.1,72.3,99.9,29.3,68.8,83.48,71.76,3.45,5.43,2017,relMeanHI_p85_2d_walkforward,persistent_apparent_heat_anomaly
LUBBOCK_2017_012,48303,Lubbock,2017-04-18,2017-04-19,2,74.32,2017-04-19,90.5,59.5,75.0,72.9,16.6,68.8,90.5,72.36,5.54,5.74,2017,relMeanHI_p85_2d_walkforward,persistent_apparent_heat_anomaly
LUBBOCK_2017_013,48303,Lubbock,2017-04-24,2017-04-25,2,72.16,2017-04-25,87.5,60.0,73.8,50.4,6.1,68.8,93.47,72.61,3.38,4.46,2017,relMeanHI_p85_2d_walkforward,persistent_apparent_heat_anomaly
LUBBOCK_2017_014,48303,Lubbock,2017-06-10,2017-06-13,4,86.06,2017-06-13,99.5,70.0,84.7,81.6,18.0,85.1,99.5,84.65,0.95,1.24,2017,relMeanHI_p85_2d_walkforward,persistent_apparent_heat_anomaly
LUBBOCK_2017_015,48303,Lubbock,2017-06-20,2017-06-21,2,86.29,2017-06-20,97.1,71.5,84.3,81.7,25.0,85.1,98.51,84.65,1.18,2.19,2017,relMeanHI_p85_2d_walkforward,persistent_apparent_heat_anomaly
LUBBOCK_2017_016,48303,Lubbock,2017-06-29,2017-06-30,2,90.99,2017-06-30,100.0,71.5,85.8,100.0,21.9,85.1,106.52,87.04,5.89,7.89,2017,relMeanHI_p85_2d_walkforward,persistent_apparent_heat_anomaly
LUBBOCK_2017_017,48303,Lubbock,2017-09-15,2017-09-16,2,81.31,2017-09-16,96.0,67.0,81.5,67.2,17.6,78.9,95.99,81.12,2.37,4.04,2017,relMeanHI_p85_2d_walkforward,persistent_apparent_heat_anomaly
LUBBOCK_2017_018,48303,Lubbock,2017-09-19,2017-09-21,3,84.32,2017-09-19,96.1,72.5,84.3,70.0,18.4,78.9,96.08,81.59,5.39,8.13,2017,relMeanHI_p85_2d_walkforward,persistent_apparent_heat_anomaly
LUBBOCK_2017_019,48303,Lubbock,2017-10-02,2017-10-06,5,75.57,2017-10-06,86.0,64.0,75.0,100.0,42.3,69.6,86.0,73.1,5.97,18.99,2017,relMeanHI_p85_2d_walkforward,persistent_apparent_heat_anomaly
LUBBOCK_2017_020,48303,Lubbock,2017-10-12,2017-10-14,3,76.12,2017-10-14,91.0,60.5,75.8,100.0,30.3,69.6,91.04,73.42,6.53,11.32,2017,relMeanHI_p85_2d_walkforward,persistent_apparent_heat_anomaly
LUBBOCK_2017_021,48303,Lubbock,2017-11-01,2017-11-02,2,64.39,2017-11-02,82.5,49.5,66.0,79.3,11.0,58.0,82.49,64.36,6.41,8.79,2017,relMeanHI_p85_2d_walkforward,persistent_apparent_heat_anomaly
LUBBOCK_2017_022,48303,Lubbock,2017-11-04,2017-11-05,2,68.34,2017-11-05,84.5,54.0,69.3,88.1,16.3,58.0,87.53,69.37,10.36,19.92,2017,relMeanHI_p85_2d_walkforward,persistent_apparent_heat_anomaly
LUBBOCK_2017_023,48303,Lubbock,2017-12-01,2017-12-04,4,60.52,2017-12-03,74.5,50.0,62.2,73.9,26.3,48.2,75.02,58.81,12.37,34.39,2017,relMeanHI_p85_2d_walkforward,persistent_apparent_heat_anomaly
LUBBOCK_2017_024,48303,Lubbock,2017-12-19,2017-12-21,3,50.46,2017-12-19,66.9,38.0,52.5,100.0,29.3,48.2,72.5,51.6,2.31,2.41,2017,relMeanHI_p85_2d_walkforward,persistent_apparent_heat_anomaly
LUBBOCK_2018_001,48303,Lubbock,2018-01-09,2018-01-10,2,57.65,2018-01-10,74.5,45.5,60.0,66.5,17.1,46.9,77.0,58.75,10.72,18.62,2018,relMeanHI_p85_2d_walkforward,persistent_apparent_heat_anomaly
LUBBOCK_2018_002,48303,Lubbock,2018-01-30,2018-01-31,2,53.99,2018-01-31,81.9,32.1,57.0,60.6,6.0,46.9,81.95,54.39,7.06,8.3,2018,relMeanHI_p85_2d_walkforward,persistent_apparent_heat_anomaly
LUBBOCK_2018_003,48303,Lubbock,2018-02-14,2018-02-15,2,65.98,2018-02-15,81.9,52.1,67.0,89.7,19.7,52.8,82.04,64.9,13.17,20.94,2018,relMeanHI_p85_2d_walkforward,persistent_apparent_heat_anomaly
LUBBOCK_2018_004,48303,Lubbock,2018-02-18,2018-02-19,2,62.3,2018-02-19,76.0,51.5,63.8,79.6,24.6,52.8,77.0,60.37,9.49,11.92,2018,relMeanHI_p85_2d_walkforward,persistent_apparent_heat_anomaly
LUBBOCK_2018_005,48303,Lubbock,2018-03-22,2018-03-26,5,70.62,2018-03-23,88.1,56.0,72.1,61.3,9.7,60.8,89.96,69.01,9.78,31.4,2018,relMeanHI_p85_2d_walkforward,persistent_apparent_heat_anomaly
LUBBOCK_2018_006,48303,Lubbock,2018-04-11,2018-04-12,2,74.57,2018-04-12,94.0,57.9,76.0,50.5,5.3,69.0,94.01,74.1,5.59,7.33,2018,relMeanHI_p85_2d_walkforward,persistent_apparent_heat_anomaly
LUBBOCK_2018_007,48303,Lubbock,2018-04-29,2018-04-30,2,70.64,2018-04-30,86.4,56.9,71.7,70.6,17.8,69.0,86.45,71.22,1.65,1.98,2018,relMeanHI_p85_2d_walkforward,persistent_apparent_heat_anomaly
LUBBOCK_2018_008,48303,Lubbock,2018-05-07,2018-05-08,2,79.61,2018-05-08,95.0,67.6,81.3,45.0,3.5,78.1,95.0,80.51,1.52,1.71,2018,relMeanHI_p85_2d_walkforward,persistent_apparent_heat_anomaly
LUBBOCK_2018_009,48303,Lubbock,2018-05-10,2018-05-14,5,82.02,2018-05-11,101.5,67.0,84.2,51.4,4.8,78.1,101.48,82.51,3.94,14.56,2018,relMeanHI_p85_2d_walkforward,persistent_apparent_heat_anomaly
LUBBOCK_2018_010,48303,Lubbock,2018-05-25,2018-06-01,8,87.71,2018-06-01,106.5,73.0,89.8,53.9,6.4,85.2,106.52,85.26,5.54,33.54,2018,relMeanHI_p85_2d_walkforward,persistent_apparent_heat_anomaly
LUBBOCK_2018_011,48303,Lubbock,2018-06-22,2018-06-24,3,96.87,2018-06-24,107.5,78.1,92.8,78.1,9.5,85.2,107.51,88.26,11.66,13.61,2018,relMeanHI_p85_2d_walkforward,persistent_apparent_heat_anomaly
LUBBOCK_2018_012,48303,Lubbock,2018-06-26,2018-06-29,4,88.17,2018-06-27,101.0,75.5,88.2,64.5,15.1,85.2,101.03,86.63,2.95,6.34,2018,relMeanHI_p85_2d_walkforward,persistent_apparent_heat_anomaly
LUBBOCK_2018_013,48303,Lubbock,2018-07-19,2018-07-21,3,90.04,2018-07-19,104.5,79.5,92.0,48.8,8.6,86.5,104.54,89.99,3.53,4.25,2018,relMeanHI_p85_2d_walkforward,persistent_apparent_heat_anomaly
LUBBOCK_2018_014,48303,Lubbock,2018-08-27,2018-08-28,2,88.1,2018-08-27,99.5,74.0,86.8,71.6,22.0,85.3,99.5,85.89,2.81,4.01,2018,relMeanHI_p85_2d_walkforward,persistent_apparent_heat_anomaly
LUBBOCK_2018_015,48303,Lubbock,2018-10-01,2018-10-05,5,78.95,2018-10-03,90.5,67.0,78.8,80.2,31.3,69.8,90.5,75.19,9.19,28.08,2018,relMeanHI_p85_2d_walkforward,persistent_apparent_heat_anomaly
LUBBOCK_2018_016,48303,Lubbock,2018-11-05,2018-11-06,2,60.59,2018-11-05,75.9,48.9,62.4,73.8,20.9,58.0,78.98,62.08,2.56,4.83,2018,relMeanHI_p85_2d_walkforward,persistent_apparent_heat_anomaly
LUBBOCK_2019_001,48303,Lubbock,2019-01-06,2019-01-07,2,52.6,2019-01-07,66.9,43.5,55.2,69.5,22.4,47.1,68.0,55.13,5.49,10.63,2019,relMeanHI_p85_2d_walkforward,persistent_apparent_heat_anomaly
LUBBOCK_2019_002,48303,Lubbock,2019-01-10,2019-01-11,2,48.07,2019-01-10,62.0,39.5,50.7,77.6,31.9,47.1,61.97,50.0,0.96,1.28,2019,relMeanHI_p85_2d_walkforward,persistent_apparent_heat_anomaly
LUBBOCK_2019_003,48303,Lubbock,2019-01-16,2019-01-18,3,51.95,2019-01-16,70.1,38.5,54.3,84.6,23.6,47.1,70.07,52.6,4.84,8.74,2019,relMeanHI_p85_2d_walkforward,persistent_apparent_heat_anomaly
LUBBOCK_2019_004,48303,Lubbock,2019-02-02,2019-02-06,5,59.34,2019-02-06,72.9,48.5,60.7,100.0,21.8,52.9,74.48,58.54,6.43,18.04,2019,relMeanHI_p85_2d_walkforward,persistent_apparent_heat_anomaly
LUBBOCK_2019_005,48303,Lubbock,2019-02-14,2019-02-15,2,58.17,2019-02-14,76.5,46.0,61.2,38.2,8.5,52.9,77.54,58.26,5.26,5.56,2019,relMeanHI_p85_2d_walkforward,persistent_apparent_heat_anomaly
LUBBOCK_2019_006,48303,Lubbock,2019-03-27,2019-03-29,3,69.5,2019-03-28,86.5,54.5,70.5,74.9,20.0,60.9,86.54,68.12,8.61,18.6,2019,relMeanHI_p85_2d_walkforward,persistent_apparent_heat_anomaly
LUBBOCK_2019_007,48303,Lubbock,2019-04-09,2019-04-10,2,71.53,2019-04-10,90.0,56.0,73.0,61.7,1.6,69.0,92.48,72.63,2.55,4.22,2019,relMeanHI_p85_2d_walkforward,persistent_apparent_heat_anomaly
LUBBOCK_2019_008,48303,Lubbock,2019-04-27,2019-04-28,2,76.48,2019-04-27,91.9,62.1,77.0,74.3,14.1,69.0,91.94,74.39,7.49,9.69,2019,relMeanHI_p85_2d_walkforward,persistent_apparent_heat_anomaly
LUBBOCK_2019_009,48303,Lubbock,2019-07-17,2019-07-20,4,88.89,2019-07-19,100.5,76.5,88.5,64.5,18.0,86.5,100.49,87.26,2.39,5.04,2019,relMeanHI_p85_2d_walkforward,persistent_apparent_heat_anomaly
LUBBOCK_2019_010,48303,Lubbock,2019-08-02,2019-08-03,2,86.01,2019-08-02,100.0,73.9,86.9,59.4,15.6,85.3,99.95,85.96,0.72,1.1,2019,relMeanHI_p85_2d_walkforward,persistent_apparent_heat_anomaly
LUBBOCK_2019_011,48303,Lubbock,2019-08-06,2019-08-12,7,91.12,2019-08-08,98.5,79.5,89.0,68.5,22.7,85.3,102.47,87.7,5.83,23.67,2019,relMeanHI_p85_2d_walkforward,persistent_apparent_heat_anomaly
LUBBOCK_2019_012,48303,Lubbock,2019-08-17,2019-08-20,4,89.71,2019-08-18,104.5,74.5,89.5,63.2,15.2,85.3,104.54,88.12,4.43,10.28,2019,relMeanHI_p85_2d_walkforward,persistent_apparent_heat_anomaly
LUBBOCK_2019_013,48303,Lubbock,2019-08-25,2019-08-26,2,89.48,2019-08-25,104.5,71.0,87.8,76.3,16.8,85.3,109.04,89.15,4.19,8.37,2019,relMeanHI_p85_2d_walkforward,persistent_apparent_heat_anomaly
LUBBOCK_2019_014,48303,Lubbock,2019-09-01,2019-09-08,8,82.07,2019-09-07,94.5,68.4,81.5,74.9,23.3,78.9,94.46,80.34,3.17,13.62,2019,relMeanHI_p85_2d_walkforward,persistent_apparent_heat_anomaly
LUBBOCK_2019_015,48303,Lubbock,2019-09-18,2019-09-19,2,81.21,2019-09-19,92.9,67.5,80.2,78.8,25.7,78.9,93.47,79.72,2.31,2.69,2019,relMeanHI_p85_2d_walkforward,persistent_apparent_heat_anomaly
LUBBOCK_2019_016,48303,Lubbock,2019-09-25,2019-09-27,3,82.01,2019-09-26,91.9,69.5,80.7,80.4,28.6,78.9,92.48,80.33,3.11,7.21,2019,relMeanHI_p85_2d_walkforward,persistent_apparent_heat_anomaly
LUBBOCK_2019_017,48303,Lubbock,2019-10-01,2019-10-02,2,77.52,2019-10-01,84.9,69.5,77.2,77.1,45.0,69.8,84.92,76.1,7.75,13.42,2019,relMeanHI_p85_2d_walkforward,persistent_apparent_heat_anomaly
LUBBOCK_2019_018,48303,Lubbock,2019-12-05,2019-12-06,2,53.76,2019-12-05,72.0,40.0,56.0,83.6,21.6,48.2,71.96,53.35,5.59,5.75,2019,relMeanHI_p85_2d_walkforward,persistent_apparent_heat_anomaly
LUBBOCK_2019_019,48303,Lubbock,2019-12-24,2019-12-25,2,52.71,2019-12-25,67.5,43.0,55.2,72.3,24.1,48.2,68.54,53.74,4.54,5.56,2019,relMeanHI_p85_2d_walkforward,persistent_apparent_heat_anomaly
LUBBOCK_2020_001,48303,Lubbock,2020-01-13,2020-01-14,2,50.27,2020-01-14,75.5,32.1,53.8,53.8,6.5,47.2,75.47,52.79,3.08,4.43,2020,relMeanHI_p85_2d_walkforward,persistent_apparent_heat_anomaly
LUBBOCK_2020_002,48303,Lubbock,2020-03-11,2020-03-12,2,64.12,2020-03-12,76.5,54.0,65.3,86.5,25.9,60.9,77.54,65.14,3.26,5.74,2020,relMeanHI_p85_2d_walkforward,persistent_apparent_heat_anomaly
LUBBOCK_2020_003,48303,Lubbock,2020-03-25,2020-03-27,3,74.81,2020-03-26,91.9,60.5,76.2,46.5,6.6,60.9,91.94,70.43,13.94,23.4,2020,relMeanHI_p85_2d_walkforward,persistent_apparent_heat_anomaly
LUBBOCK_2020_004,48303,Lubbock,2020-04-27,2020-04-28,2,78.54,2020-04-28,95.5,63.0,79.3,61.8,6.8,69.0,95.54,76.78,9.55,13.56,2020,relMeanHI_p85_2d_walkforward,persistent_apparent_heat_anomaly
LUBBOCK_2020_005,48303,Lubbock,2020-04-30,2020-05-02,3,80.73,2020-05-01,100.5,65.0,82.8,48.6,3.7,78.2,100.49,79.02,2.53,5.33,2020,relMeanHI_p85_2d_walkforward,persistent_apparent_heat_anomaly
LUBBOCK_2020_006,48303,Lubbock,2020-05-18,2020-05-20,3,83.55,2020-05-19,101.0,68.5,84.8,63.8,9.6,78.2,101.03,81.17,5.35,7.37,2020,relMeanHI_p85_2d_walkforward,persistent_apparent_heat_anomaly
LUBBOCK_2020_007,48303,Lubbock,2020-06-28,2020-06-29,2,85.91,2020-06-28,99.5,74.0,86.8,61.1,14.9,85.2,101.03,87.37,0.69,1.09,2020,relMeanHI_p85_2d_walkforward,persistent_apparent_heat_anomaly
LUBBOCK_2020_008,48303,Lubbock,2020-07-09,2020-07-15,7,94.38,2020-07-14,110.5,83.0,96.8,41.4,4.7,86.5,110.48,92.26,7.87,31.0,2020,relMeanHI_p85_2d_walkforward,persistent_apparent_heat_anomaly
LUBBOCK_2020_009,48303,Lubbock,2020-08-06,2020-08-07,2,86.11,2020-08-07,99.0,73.9,86.5,62.3,18.6,85.4,100.49,86.86,0.74,1.36,2020,relMeanHI_p85_2d_walkforward,persistent_apparent_heat_anomaly
LUBBOCK_2020_010,48303,Lubbock,2020-08-10,2020-08-14,5,91.11,2020-08-14,106.1,79.5,92.8,50.1,8.1,85.4,106.07,89.31,5.74,14.51,2020,relMeanHI_p85_2d_walkforward,persistent_apparent_heat_anomaly
LUBBOCK_2020_011,48303,Lubbock,2020-09-06,2020-09-07,2,81.14,2020-09-06,91.9,68.5,80.2,77.6,24.8,79.0,92.48,80.1,2.12,2.98,2020,relMeanHI_p85_2d_walkforward,persistent_apparent_heat_anomaly
LUBBOCK_2020_012,48303,Lubbock,2020-10-05,2020-10-07,3,70.74,2020-10-07,90.5,54.0,72.2,58.1,9.4,69.8,90.5,71.51,0.98,1.06,2020,relMeanHI_p85_2d_walkforward,persistent_apparent_heat_anomaly
LUBBOCK_2020_013,48303,Lubbock,2020-10-09,2020-10-11,3,76.27,2020-10-10,97.5,58.0,77.8,41.2,2.7,69.8,97.52,74.92,6.52,10.86,2020,relMeanHI_p85_2d_walkforward,persistent_apparent_heat_anomaly
LUBBOCK_2020_014,48303,Lubbock,2020-10-21,2020-10-22,2,74.35,2020-10-22,88.1,60.5,74.3,100.0,24.4,69.8,88.07,72.9,4.6,5.77,2020,relMeanHI_p85_2d_walkforward,persistent_apparent_heat_anomaly
LUBBOCK_2020_015,48303,Lubbock,2020-11-03,2020-11-09,7,67.42,2020-11-09,81.0,55.0,68.0,100.0,26.2,58.0,87.98,64.73,9.44,35.64,2020,relMeanHI_p85_2d_walkforward,persistent_apparent_heat_anomaly
LUBBOCK_2020_016,48303,Lubbock,2020-11-18,2020-11-20,3,65.44,2020-11-19,83.0,51.0,67.0,69.6,16.9,58.0,83.03,62.66,7.47,8.79,2020,relMeanHI_p85_2d_walkforward,persistent_apparent_heat_anomaly
LUBBOCK_2020_017,48303,Lubbock,2020-12-09,2020-12-10,2,51.4,2020-12-10,76.0,33.1,54.5,63.2,9.0,48.2,76.01,54.16,3.17,4.89,2020,relMeanHI_p85_2d_walkforward,persistent_apparent_heat_anomaly
LUBBOCK_2021_001,48303,Lubbock,2021-02-02,2021-02-03,2,59.2,2021-02-03,80.5,43.0,61.7,56.4,11.1,52.9,80.51,59.88,6.27,8.47,2021,relMeanHI_p85_2d_walkforward,persistent_apparent_heat_anomaly
LUBBOCK_2021_002,48303,Lubbock,2021-03-09,2021-03-10,2,63.86,2021-03-10,79.5,51.5,65.5,72.6,15.8,60.9,79.52,64.0,2.97,3.16,2021,relMeanHI_p85_2d_walkforward,persistent_apparent_heat_anomaly
LUBBOCK_2021_003,48303,Lubbock,2021-03-12,2021-03-13,2,63.24,2021-03-13,78.0,50.0,64.0,100.0,33.9,60.9,77.99,63.52,2.35,3.38,2021,relMeanHI_p85_2d_walkforward,persistent_apparent_heat_anomaly
LUBBOCK_2021_004,48303,Lubbock,2021-04-26,2021-04-27,2,74.41,2021-04-27,88.1,63.5,75.8,49.1,8.0,69.0,89.96,75.88,5.42,10.79,2021,relMeanHI_p85_2d_walkforward,persistent_apparent_heat_anomaly
LUBBOCK_2021_005,48303,Lubbock,2021-06-07,2021-06-13,7,91.67,2021-06-11,108.0,74.9,91.4,62.8,10.6,85.2,107.96,86.42,6.45,17.38,2021,relMeanHI_p85_2d_walkforward,persistent_apparent_heat_anomaly
LUBBOCK_2021_006,48303,Lubbock,2021-06-23,2021-06-25,3,90.32,2021-06-25,96.5,76.5,86.5,83.4,27.0,85.2,99.5,86.16,5.11,10.38,2021,relMeanHI_p85_2d_walkforward,persistent_apparent_heat_anomaly
LUBBOCK_2021_007,48303,Lubbock,2021-08-08,2021-08-10,3,88.17,2021-08-09,98.5,73.0,85.8,79.5,24.8,85.4,98.51,85.12,2.76,7.14,2021,relMeanHI_p85_2d_walkforward,persistent_apparent_heat_anomaly
LUBBOCK_2021_008,48303,Lubbock,2021-09-01,2021-09-04,4,84.78,2021-09-03,93.0,71.5,82.3,85.9,33.8,79.0,94.01,82.24,5.76,20.3,2021,relMeanHI_p85_2d_walkforward,persistent_apparent_heat_anomaly
LUBBOCK_2021_009,48303,Lubbock,2021-09-10,2021-09-11,2,82.31,2021-09-10,98.0,68.0,83.0,65.5,14.3,79.0,97.97,82.0,3.29,4.7,2021,relMeanHI_p85_2d_walkforward,persistent_apparent_heat_anomaly
LUBBOCK_2021_010,48303,Lubbock,2021-10-07,2021-10-09,3,78.62,2021-10-09,95.5,63.0,79.3,59.1,13.2,69.8,95.54,76.92,8.82,18.91,2021,relMeanHI_p85_2d_walkforward,persistent_apparent_heat_anomaly
LUBBOCK_2021_011,48303,Lubbock,2021-10-22,2021-10-23,2,74.56,2021-10-23,88.5,61.5,75.0,75.4,23.9,69.8,88.52,72.77,4.75,4.84,2021,relMeanHI_p85_2d_walkforward,persistent_apparent_heat_anomaly
LUBBOCK_2021_012,48303,Lubbock,2021-11-07,2021-11-10,4,60.98,2021-11-08,80.1,46.0,63.0,69.0,15.1,58.1,80.51,61.89,2.92,8.19,2021,relMeanHI_p85_2d_walkforward,persistent_apparent_heat_anomaly
LUBBOCK_2021_013,48303,Lubbock,2021-11-15,2021-11-16,2,64.29,2021-11-16,87.0,47.0,67.0,34.7,2.7,58.1,86.99,64.62,6.23,7.75,2021,relMeanHI_p85_2d_walkforward,persistent_apparent_heat_anomaly
LUBBOCK_2021_014,48303,Lubbock,2021-12-01,2021-12-05,5,59.95,2021-12-03,80.1,43.5,61.8,80.8,16.2,48.2,80.06,57.51,11.74,34.19,2021,relMeanHI_p85_2d_walkforward,persistent_apparent_heat_anomaly
LUBBOCK_2021_015,48303,Lubbock,2021-12-08,2021-12-10,3,56.95,2021-12-09,70.0,50.5,60.3,30.4,10.5,48.2,71.06,56.77,8.74,16.78,2021,relMeanHI_p85_2d_walkforward,persistent_apparent_heat_anomaly
LUBBOCK_2021_016,48303,Lubbock,2021-12-13,2021-12-15,3,61.57,2021-12-15,76.5,49.0,62.7,99.3,22.3,48.2,77.0,58.25,13.36,23.11,2021,relMeanHI_p85_2d_walkforward,persistent_apparent_heat_anomaly
LUBBOCK_2021_017,48303,Lubbock,2021-12-23,2021-12-26,4,64.01,2021-12-26,79.1,52.5,65.8,67.8,14.7,48.2,80.51,61.16,15.8,42.31,2021,relMeanHI_p85_2d_walkforward,persistent_apparent_heat_anomaly
LUBBOCK_2021_018,48303,Lubbock,2021-12-28,2021-12-29,2,53.73,2021-12-28,64.5,49.0,56.8,46.8,21.4,48.2,64.49,55.24,5.52,7.97,2021,relMeanHI_p85_2d_walkforward,persistent_apparent_heat_anomaly
LUBBOCK_2022_001,48303,Lubbock,2022-02-15,2022-02-16,2,58.73,2022-02-16,75.5,46.0,60.7,83.2,12.5,52.9,76.46,59.09,5.84,7.02,2022,relMeanHI_p85_2d_walkforward,persistent_apparent_heat_anomaly
LUBBOCK_2022_002,48303,Lubbock,2022-03-27,2022-03-29,3,71.46,2022-03-29,85.5,61.0,73.2,46.9,4.8,60.9,92.48,70.91,10.53,22.88,2022,relMeanHI_p85_2d_walkforward,persistent_apparent_heat_anomaly
LUBBOCK_2022_003,48303,Lubbock,2022-04-20,2022-04-23,4,77.4,2022-04-22,85.0,69.5,77.3,85.9,29.1,68.9,94.46,75.36,8.49,21.74,2022,relMeanHI_p85_2d_walkforward,persistent_apparent_heat_anomaly
LUBBOCK_2022_004,48303,Lubbock,2022-04-28,2022-04-29,2,77.18,2022-04-28,95.0,61.1,78.0,59.2,10.9,68.9,95.0,77.04,8.27,14.04,2022,relMeanHI_p85_2d_walkforward,persistent_apparent_heat_anomaly
LUBBOCK_2022_005,48303,Lubbock,2022-05-08,2022-05-10,3,80.64,2022-05-09,97.5,69.5,83.5,23.6,1.0,78.2,99.5,81.92,2.48,4.76,2022,relMeanHI_p85_2d_walkforward,persistent_apparent_heat_anomaly
LUBBOCK_2022_006,48303,Lubbock,2022-05-14,2022-05-15,2,79.83,2022-05-15,101.0,63.0,82.0,35.9,1.0,78.2,101.03,80.78,1.67,1.97,2022,relMeanHI_p85_2d_walkforward,persistent_apparent_heat_anomaly
LUBBOCK_2022_007,48303,Lubbock,2022-05-17,2022-05-20,4,81.26,2022-05-18,98.5,69.5,84.0,37.2,1.3,78.2,100.49,82.43,3.1,8.38,2022,relMeanHI_p85_2d_walkforward,persistent_apparent_heat_anomaly
LUBBOCK_2022_008,48303,Lubbock,2022-05-28,2022-05-31,4,84.38,2022-05-28,102.9,71.0,86.9,49.9,6.1,78.2,102.92,84.86,6.22,18.6,2022,relMeanHI_p85_2d_walkforward,persistent_apparent_heat_anomaly
LUBBOCK_2022_009,48303,Lubbock,2022-06-11,2022-06-12,2,89.53,2022-06-11,106.0,77.0,91.5,50.5,8.0,85.3,106.07,91.65,4.23,8.17,2022,relMeanHI_p85_2d_walkforward,persistent_apparent_heat_anomaly
LUBBOCK_2022_010,48303,Lubbock,2022-06-14,2022-06-15,2,87.78,2022-06-15,98.5,76.5,87.5,66.6,17.6,85.3,99.5,87.24,2.49,3.27,2022,relMeanHI_p85_2d_walkforward,persistent_apparent_heat_anomaly
LUBBOCK_2022_011,48303,Lubbock,2022-07-05,2022-07-07,3,88.48,2022-07-07,100.5,77.0,88.7,62.8,14.2,86.5,101.03,87.92,1.97,4.97,2022,relMeanHI_p85_2d_walkforward,persistent_apparent_heat_anomaly
LUBBOCK_2022_012,48303,Lubbock,2022-07-18,2022-07-20,3,89.59,2022-07-19,106.1,78.5,92.3,43.2,7.7,86.5,106.07,90.86,3.09,6.16,2022,relMeanHI_p85_2d_walkforward,persistent_apparent_heat_anomaly
LUBBOCK_2022_013,48303,Lubbock,2022-07-25,2022-07-28,4,89.1,2022-07-27,100.0,78.0,89.0,61.6,17.6,86.5,99.95,87.55,2.6,3.24,2022,relMeanHI_p85_2d_walkforward,persistent_apparent_heat_anomaly
LUBBOCK_2022_014,48303,Lubbock,2022-07-31,2022-08-06,7,88.7,2022-08-03,101.9,77.4,89.7,54.8,14.7,85.4,101.93,87.88,3.3,10.23,2022,relMeanHI_p85_2d_walkforward,persistent_apparent_heat_anomaly
LUBBOCK_2022_015,48303,Lubbock,2022-09-05,2022-09-06,2,79.8,2022-09-05,93.0,65.9,79.5,86.0,27.9,79.1,93.02,79.23,0.71,0.9,2022,relMeanHI_p85_2d_walkforward,persistent_apparent_heat_anomaly
LUBBOCK_2022_016,48303,Lubbock,2022-09-16,2022-09-19,4,80.42,2022-09-17,91.9,68.0,80.0,86.4,30.7,79.1,91.94,79.17,1.33,2.22,2022,relMeanHI_p85_2d_walkforward,persistent_apparent_heat_anomaly
LUBBOCK_2022_017,48303,Lubbock,2022-11-02,2022-11-03,2,66.65,2022-11-03,78.1,57.5,67.8,74.4,27.5,58.1,78.08,64.65,8.55,10.49,2022,relMeanHI_p85_2d_walkforward,persistent_apparent_heat_anomaly
LUBBOCK_2022_018,48303,Lubbock,2022-11-08,2022-11-10,3,67.91,2022-11-09,77.5,59.5,68.5,77.4,42.4,58.1,77.54,64.85,9.81,17.95,2022,relMeanHI_p85_2d_walkforward,persistent_apparent_heat_anomaly
LUBBOCK_2022_019,48303,Lubbock,2022-12-04,2022-12-08,5,61.86,2022-12-05,75.9,50.0,63.0,93.6,30.1,48.6,75.92,57.04,13.27,35.17,2022,relMeanHI_p85_2d_walkforward,persistent_apparent_heat_anomaly
LUBBOCK_2022_020,48303,Lubbock,2022-12-31,2023-01-02,3,57.2,2023-01-01,72.1,47.0,59.5,62.6,22.8,47.1,72.05,57.85,10.08,23.36,2022,relMeanHI_p85_2d_walkforward,persistent_apparent_heat_anomaly
LUBBOCK_2023_001,48303,Lubbock,2023-01-09,2023-01-11,3,55.62,2023-01-10,76.0,41.4,58.7,46.7,9.5,47.1,76.01,56.09,8.51,17.38,2023,relMeanHI_p85_2d_walkforward,persistent_apparent_heat_anomaly
LUBBOCK_2023_002,48303,Lubbock,2023-01-14,2023-01-17,4,54.92,2023-01-15,69.0,47.0,58.0,46.2,13.8,47.1,71.06,54.52,7.8,17.46,2023,relMeanHI_p85_2d_walkforward,persistent_apparent_heat_anomaly
LUBBOCK_2023_003,48303,Lubbock,2023-02-20,2023-02-22,3,62.45,2023-02-21,79.1,49.6,64.3,66.2,19.1,52.8,79.07,61.08,9.64,18.12,2023,relMeanHI_p85_2d_walkforward,persistent_apparent_heat_anomaly
LUBBOCK_2023_004,48303,Lubbock,2023-03-22,2023-03-23,2,67.15,2023-03-22,85.0,53.0,69.0,56.4,9.9,60.9,85.01,66.76,6.23,7.85,2023,relMeanHI_p85_2d_walkforward,persistent_apparent_heat_anomaly
LUBBOCK_2023_005,48303,Lubbock,2023-04-18,2023-04-19,2,71.91,2023-04-19,90.0,57.5,73.8,43.3,2.5,69.0,90.05,72.63,2.91,3.74,2023,relMeanHI_p85_2d_walkforward,persistent_apparent_heat_anomaly
LUBBOCK_2023_006,48303,Lubbock,2023-06-20,2023-06-21,2,87.81,2023-06-21,107.0,72.5,89.7,56.3,5.5,85.3,106.97,89.38,2.51,3.14,2023,relMeanHI_p85_2d_walkforward,persistent_apparent_heat_anomaly
LUBBOCK_2023_007,48303,Lubbock,2023-06-23,2023-06-24,2,88.06,2023-06-24,107.0,70.5,88.7,63.7,10.2,85.3,106.97,85.75,2.76,2.78,2023,relMeanHI_p85_2d_walkforward,persistent_apparent_heat_anomaly
LUBBOCK_2023_008,48303,Lubbock,2023-06-26,2023-06-28,3,88.02,2023-06-27,107.5,73.0,90.3,51.7,6.3,85.3,107.51,88.67,2.72,6.89,2023,relMeanHI_p85_2d_walkforward,persistent_apparent_heat_anomaly
LUBBOCK_2023_009,48303,Lubbock,2023-07-10,2023-07-14,5,95.5,2023-07-13,106.5,78.5,92.5,67.0,16.9,86.6,108.5,89.0,8.93,22.86,2023,relMeanHI_p85_2d_walkforward,persistent_apparent_heat_anomaly
LUBBOCK_2023_010,48303,Lubbock,2023-07-18,2023-07-20,3,90.74,2023-07-18,105.5,78.5,92.0,52.0,10.5,86.6,105.53,90.6,4.18,9.85,2023,relMeanHI_p85_2d_walkforward,persistent_apparent_heat_anomaly
LUBBOCK_2023_011,48303,Lubbock,2023-07-23,2023-07-26,4,88.48,2023-07-25,100.5,77.4,89.0,60.3,14.5,86.6,101.48,87.29,1.91,2.94,2023,relMeanHI_p85_2d_walkforward,persistent_apparent_heat_anomaly
LUBBOCK_2023_012,48303,Lubbock,2023-08-03,2023-08-06,4,90.27,2023-08-05,102.5,79.5,91.0,53.7,14.9,85.4,102.47,89.56,4.86,12.88,2023,relMeanHI_p85_2d_walkforward,persistent_apparent_heat_anomaly
LUBBOCK_2023_013,48303,Lubbock,2023-08-08,2023-08-13,6,91.91,2023-08-12,105.5,78.0,91.8,58.9,13.2,85.4,106.07,89.0,6.5,17.29,2023,relMeanHI_p85_2d_walkforward,persistent_apparent_heat_anomaly
LUBBOCK_2023_014,48303,Lubbock,2023-08-16,2023-08-18,3,87.15,2023-08-17,105.5,71.5,88.5,57.9,10.7,85.4,105.53,87.77,1.74,2.73,2023,relMeanHI_p85_2d_walkforward,persistent_apparent_heat_anomaly
LUBBOCK_2023_015,48303,Lubbock,2023-09-01,2023-09-10,10,88.98,2023-09-08,106.1,75.5,90.8,52.1,9.1,79.1,106.07,84.18,9.88,39.17,2023,relMeanHI_p85_2d_walkforward,persistent_apparent_heat_anomaly
LUBBOCK_2023_016,48303,Lubbock,2023-09-22,2023-09-23,2,83.21,2023-09-22,97.0,67.5,82.2,79.3,23.2,79.1,98.51,82.49,4.11,7.46,2023,relMeanHI_p85_2d_walkforward,persistent_apparent_heat_anomaly
LUBBOCK_2023_017,48303,Lubbock,2023-10-01,2023-10-04,4,75.34,2023-10-01,83.9,66.9,75.4,77.2,36.4,69.8,84.47,73.41,5.53,14.99,2023,relMeanHI_p85_2d_walkforward,persistent_apparent_heat_anomaly
LUBBOCK_2023_018,48303,Lubbock,2023-10-11,2023-10-12,2,73.86,2023-10-11,88.0,61.1,74.5,68.8,24.1,69.8,87.98,73.65,4.06,6.42,2023,relMeanHI_p85_2d_walkforward,persistent_apparent_heat_anomaly
LUBBOCK_2023_019,48303,Lubbock,2023-11-03,2023-11-08,6,67.87,2023-11-08,87.5,52.0,69.8,51.8,9.6,58.2,87.53,65.27,9.71,32.14,2023,relMeanHI_p85_2d_walkforward,persistent_apparent_heat_anomaly
LUBBOCK_2023_020,48303,Lubbock,2023-12-07,2023-12-08,2,59.28,2023-12-07,77.5,45.0,61.3,74.6,17.3,48.9,77.54,58.53,10.42,14.43,2023,relMeanHI_p85_2d_walkforward,persistent_apparent_heat_anomaly
LUBBOCK_2023_021,48303,Lubbock,2023-12-21,2023-12-23,3,53.3,2023-12-21,61.5,47.5,54.5,100.0,55.3,48.9,67.46,53.58,4.44,9.94,2023,relMeanHI_p85_2d_walkforward,persistent_apparent_heat_anomaly
LUBBOCK_2024_001,48303,Lubbock,2024-01-31,2024-02-02,3,56.75,2024-02-02,73.0,44.1,58.6,89.7,22.9,52.9,74.93,56.16,3.84,8.53,2024,relMeanHI_p85_2d_walkforward,persistent_apparent_heat_anomaly
LUBBOCK_2024_002,48303,Lubbock,2024-02-20,2024-02-22,3,58.41,2024-02-21,84.5,38.6,61.5,42.2,2.1,52.9,84.47,59.57,5.5,10.92,2024,relMeanHI_p85_2d_walkforward,persistent_apparent_heat_anomaly
LUBBOCK_2024_003,48303,Lubbock,2024-02-25,2024-02-27,3,65.92,2024-02-26,86.0,49.6,67.8,52.9,18.0,52.9,86.0,64.1,13.01,27.13,2024,relMeanHI_p85_2d_walkforward,persistent_apparent_heat_anomaly
LUBBOCK_2024_004,48303,Lubbock,2024-03-29,2024-03-31,3,63.55,2024-03-29,80.0,52.1,66.0,44.8,7.6,60.9,82.49,65.42,2.65,6.34,2024,relMeanHI_p85_2d_walkforward,persistent_apparent_heat_anomaly
LUBBOCK_2024_005,48303,Lubbock,2024-04-14,2024-04-15,2,74.31,2024-04-15,89.5,62.0,75.7,49.8,5.5,69.0,90.05,74.5,5.33,7.95,2024,relMeanHI_p85_2d_walkforward,persistent_apparent_heat_anomaly
LUBBOCK_2024_006,48303,Lubbock,2024-04-23,2024-04-25,3,78.1,2024-04-25,91.0,64.9,77.9,94.0,19.4,69.0,93.02,73.74,9.12,13.66,2024,relMeanHI_p85_2d_walkforward,persistent_apparent_heat_anomaly
LUBBOCK_2024_007,48303,Lubbock,2024-05-19,2024-05-20,2,80.41,2024-05-19,99.0,65.0,82.0,54.2,3.9,78.2,98.96,81.39,2.18,3.05,2024,relMeanHI_p85_2d_walkforward,persistent_apparent_heat_anomaly
LUBBOCK_2024_008,48303,Lubbock,2024-06-16,2024-06-18,3,87.98,2024-06-16,95.5,72.5,84.0,90.9,32.2,85.3,96.53,84.34,2.66,6.97,2024,relMeanHI_p85_2d_walkforward,persistent_apparent_heat_anomaly
LUBBOCK_2024_009,48303,Lubbock,2024-06-24,2024-07-02,9,95.34,2024-06-26,101.9,78.0,90.0,82.1,21.4,85.3,103.46,87.94,10.02,39.94,2024,relMeanHI_p85_2d_walkforward,persistent_apparent_heat_anomaly
LUBBOCK_2024_010,48303,Lubbock,2024-07-29,2024-08-01,4,91.37,2024-07-31,101.5,76.6,89.0,69.9,22.7,86.6,101.48,87.12,4.73,10.31,2024,relMeanHI_p85_2d_walkforward,persistent_apparent_heat_anomaly
LUBBOCK_2024_011,48303,Lubbock,2024-08-07,2024-08-08,2,87.97,2024-08-08,104.4,71.5,88.0,67.1,13.6,85.6,104.45,87.87,2.39,3.88,2024,relMeanHI_p85_2d_walkforward,persistent_apparent_heat_anomaly
LUBBOCK_2024_012,48303,Lubbock,2024-08-11,2024-08-12,2,87.61,2024-08-12,98.1,77.0,87.5,63.9,18.5,85.6,98.96,87.37,2.03,3.6,2024,relMeanHI_p85_2d_walkforward,persistent_apparent_heat_anomaly
LUBBOCK_2024_013,48303,Lubbock,2024-08-14,2024-08-19,6,89.55,2024-08-15,100.5,75.5,88.0,70.6,20.8,85.6,101.03,87.2,3.97,10.45,2024,relMeanHI_p85_2d_walkforward,persistent_apparent_heat_anomaly
LUBBOCK_2024_014,48303,Lubbock,2024-08-21,2024-08-25,5,90.49,2024-08-22,106.1,80.5,93.3,42.6,6.1,85.6,106.07,90.36,4.91,16.4,2024,relMeanHI_p85_2d_walkforward,persistent_apparent_heat_anomaly
LUBBOCK_2024_015,48303,Lubbock,2024-09-13,2024-09-14,2,83.39,2024-09-14,96.0,70.1,83.0,74.1,19.6,79.2,98.96,82.13,4.17,6.71,2024,relMeanHI_p85_2d_walkforward,persistent_apparent_heat_anomaly
LUBBOCK_2024_016,48303,Lubbock,2024-09-18,2024-09-21,4,86.17,2024-09-19,97.5,71.1,84.3,80.4,25.4,79.2,97.52,81.6,6.95,13.28,2024,relMeanHI_p85_2d_walkforward,persistent_apparent_heat_anomaly
LUBBOCK_2024_017,48303,Lubbock,2024-10-01,2024-10-06,6,75.24,2024-10-03,90.5,61.5,76.0,66.1,15.9,69.9,90.95,73.51,5.37,17.13,2024,relMeanHI_p85_2d_walkforward,persistent_apparent_heat_anomaly
LUBBOCK_2024_018,48303,Lubbock,2024-10-08,2024-10-13,6,77.27,2024-10-12,98.0,59.5,78.8,37.3,2.8,69.9,97.97,76.54,7.4,31.89,2024,relMeanHI_p85_2d_walkforward,persistent_apparent_heat_anomaly
LUBBOCK_2024_019,48303,Lubbock,2024-10-27,2024-10-29,3,76.09,2024-10-28,89.1,65.5,77.3,46.1,13.3,69.9,90.05,74.02,6.22,9.25,2024,relMeanHI_p85_2d_walkforward,persistent_apparent_heat_anomaly
LUBBOCK_2024_020,48303,Lubbock,2024-11-02,2024-11-03,2,63.88,2024-11-03,75.9,54.0,64.9,81.8,35.2,58.3,75.92,62.08,5.58,6.22,2024,relMeanHI_p85_2d_walkforward,persistent_apparent_heat_anomaly
LUBBOCK_2024_021,48303,Lubbock,2024-11-16,2024-11-17,2,65.34,2024-11-16,79.5,54.0,66.8,69.4,23.4,58.3,79.52,63.0,7.04,7.41,2024,relMeanHI_p85_2d_walkforward,persistent_apparent_heat_anomaly
LUBBOCK_2024_022,48303,Lubbock,2024-12-22,2024-12-23,2,55.65,2024-12-23,75.5,40.5,58.0,73.8,19.2,48.9,75.47,54.61,6.76,6.9,2024,relMeanHI_p85_2d_walkforward,persistent_apparent_heat_anomaly
LUBBOCK_2024_023,48303,Lubbock,2024-12-26,2024-12-27,2,50.32,2024-12-27,65.5,42.0,53.7,47.2,17.0,48.9,65.48,52.5,1.43,1.44,2024,relMeanHI_p85_2d_walkforward,persistent_apparent_heat_anomaly
LUBBOCK_2024_024,48303,Lubbock,2024-12-29,2024-12-30,2,56.23,2024-12-30,73.5,44.5,59.0,59.1,10.1,48.9,73.49,57.63,7.34,11.68,2024,relMeanHI_p85_2d_walkforward,persistent_apparent_heat_anomaly
LUBBOCK_2025_001,48303,Lubbock,2025-02-02,2025-02-03,2,64.16,2025-02-03,91.0,42.4,66.7,42.9,1.5,53.0,91.04,64.38,11.14,16.82,2025,relMeanHI_p85_2d_walkforward,persistent_apparent_heat_anomaly
LUBBOCK_2025_002,48303,Lubbock,2025-02-05,2025-02-08,4,60.42,2025-02-05,86.4,38.5,62.5,76.1,9.3,53.0,88.07,60.38,7.4,18.94,2025,relMeanHI_p85_2d_walkforward,persistent_apparent_heat_anomaly
LUBBOCK_2025_003,48303,Lubbock,2025-02-24,2025-02-26,3,58.17,2025-02-25,83.5,39.6,61.5,29.7,4.3,53.0,83.48,58.7,5.15,6.49,2025,relMeanHI_p85_2d_walkforward,persistent_apparent_heat_anomaly
LUBBOCK_2025_004,48303,Lubbock,2025-03-25,2025-03-30,6,68.3,2025-03-29,84.5,55.9,70.2,50.6,8.0,60.9,89.51,67.54,7.41,29.87,2025,relMeanHI_p85_2d_walkforward,persistent_apparent_heat_anomaly
LUBBOCK_2025_005,48303,Lubbock,2025-04-12,2025-04-13,2,77.19,2025-04-13,94.6,63.0,78.8,35.4,1.0,69.0,95.0,76.12,8.19,11.35,2025,relMeanHI_p85_2d_walkforward,persistent_apparent_heat_anomaly
LUBBOCK_2025_006,48303,Lubbock,2025-04-16,2025-04-18,3,77.11,2025-04-17,93.5,63.0,78.2,50.8,7.5,69.0,93.47,73.07,8.12,9.08,2025,relMeanHI_p85_2d_walkforward,persistent_apparent_heat_anomaly
LUBBOCK_2025_007,48303,Lubbock,2025-04-23,2025-04-25,3,74.36,2025-04-25,84.5,64.0,74.2,90.5,38.3,69.0,86.99,71.98,5.36,8.82,2025,relMeanHI_p85_2d_walkforward,persistent_apparent_heat_anomaly
LUBBOCK_2025_008,48303,Lubbock,2025-04-27,2025-04-28,2,78.79,2025-04-28,91.0,67.6,79.2,67.2,14.5,69.0,90.95,77.0,9.8,15.16,2025,relMeanHI_p85_2d_walkforward,persistent_apparent_heat_anomaly
LUBBOCK_2025_009,48303,Lubbock,2025-05-22,2025-05-25,4,83.89,2025-05-24,103.6,68.5,86.0,55.3,6.1,78.2,103.55,82.13,5.67,12.47,2025,relMeanHI_p85_2d_walkforward,persistent_apparent_heat_anomaly
LUBBOCK_2025_010,48303,Lubbock,2025-06-16,2025-06-17,2,92.15,2025-06-17,104.5,76.0,90.3,72.7,13.2,85.4,104.54,86.9,6.78,8.01,2025,relMeanHI_p85_2d_walkforward,persistent_apparent_heat_anomaly
LUBBOCK_2025_011,48303,Lubbock,2025-06-19,2025-06-21,3,86.59,2025-06-21,94.6,74.0,84.3,81.2,28.0,85.4,95.99,83.93,1.22,2.25,2025,relMeanHI_p85_2d_walkforward,persistent_apparent_heat_anomaly
LUBBOCK_2025_012,48303,Lubbock,2025-07-20,2025-07-21,2,91.33,2025-07-21,99.0,77.0,88.0,77.4,24.4,86.7,99.5,87.24,4.68,6.68,2025,relMeanHI_p85_2d_walkforward,persistent_apparent_heat_anomaly
LUBBOCK_2025_013,48303,Lubbock,2025-07-26,2025-07-28,3,87.48,2025-07-28,94.6,73.5,84.0,88.2,31.2,86.7,98.51,84.35,0.83,1.4,2025,relMeanHI_p85_2d_walkforward,persistent_apparent_heat_anomaly
LUBBOCK_2025_014,48303,Lubbock,2025-08-05,2025-08-06,2,88.9,2025-08-05,99.0,71.5,85.3,87.5,27.0,85.8,101.48,85.89,3.12,5.13,2025,relMeanHI_p85_2d_walkforward,persistent_apparent_heat_anomaly
LUBBOCK_2025_015,48303,Lubbock,2025-08-08,2025-08-10,3,89.58,2025-08-09,103.0,77.0,90.0,59.2,13.7,85.8,103.01,88.0,3.81,5.69,2025,relMeanHI_p85_2d_walkforward,persistent_apparent_heat_anomaly
LUBBOCK_2025_016,48303,Lubbock,2025-08-14,2025-08-16,3,87.32,2025-08-14,100.9,71.1,86.0,76.3,19.5,85.8,100.94,85.34,1.54,3.15,2025,relMeanHI_p85_2d_walkforward,persistent_apparent_heat_anomaly
LUBBOCK_2025_017,48303,Lubbock,2025-09-21,2025-09-23,3,81.75,2025-09-22,97.5,64.5,81.0,81.0,19.3,79.3,97.52,79.98,2.49,3.44,2025,relMeanHI_p85_2d_walkforward,persistent_apparent_heat_anomaly
LUBBOCK_2025_018,48303,Lubbock,2025-10-01,2025-10-06,6,77.34,2025-10-03,90.5,65.5,78.0,62.6,16.3,70.2,92.48,75.8,7.13,30.24,2025,relMeanHI_p85_2d_walkforward,persistent_apparent_heat_anomaly
LUBBOCK_2025_019,48303,Lubbock,2025-10-09,2025-10-14,6,74.0,2025-10-12,82.0,67.0,74.5,65.8,33.1,70.2,86.0,72.46,3.79,12.02,2025,relMeanHI_p85_2d_walkforward,persistent_apparent_heat_anomaly
LUBBOCK_2025_020,48303,Lubbock,2025-10-16,2025-10-17,2,73.1,2025-10-17,89.5,58.5,74.0,68.4,17.5,70.2,89.51,72.61,2.89,3.34,2025,relMeanHI_p85_2d_walkforward,persistent_apparent_heat_anomaly
LUBBOCK_2025_021,48303,Lubbock,2025-11-03,2025-11-07,5,64.71,2025-11-04,86.4,46.9,66.7,61.2,8.7,58.4,86.45,64.0,6.33,16.84,2025,relMeanHI_p85_2d_walkforward,persistent_apparent_heat_anomaly
LUBBOCK_2025_022,48303,Lubbock,2025-11-13,2025-11-19,7,68.18,2025-11-15,89.0,51.0,70.0,54.9,8.8,58.4,88.97,65.33,9.8,34.23,2025,relMeanHI_p85_2d_walkforward,persistent_apparent_heat_anomaly
LUBBOCK_2025_023,48303,Lubbock,2025-12-11,2025-12-13,3,55.78,2025-12-11,78.0,39.5,58.7,53.9,8.8,49.0,77.99,56.42,6.79,14.76,2025,relMeanHI_p85_2d_walkforward,persistent_apparent_heat_anomaly
LUBBOCK_2025_024,48303,Lubbock,2025-12-19,2025-12-20,2,57.94,2025-12-20,80.0,41.5,60.8,54.6,5.4,49.0,79.97,59.25,8.95,14.24,2025,relMeanHI_p85_2d_walkforward,persistent_apparent_heat_anomaly
LUBBOCK_2025_025,48303,Lubbock,2025-12-22,2025-12-27,6,65.29,2025-12-27,81.5,52.1,66.8,72.3,18.2,49.0,84.47,63.58,16.3,75.03,2025,relMeanHI_p85_2d_walkforward,persistent_apparent_heat_anomaly
TRAVIS_2015_001,48453,Travis (Austin),2015-01-27,2015-01-29,3,62.53,2015-01-29,77.2,49.6,63.4,94.7,36.4,59.0,80.42,62.58,3.58,6.48,2015,relMeanHI_p85_2d_walkforward,persistent_apparent_heat_anomaly
TRAVIS_2015_002,48453,Travis (Austin),2015-03-30,2015-03-31,2,72.67,2015-03-31,80.4,65.4,72.9,72.5,45.3,70.1,80.42,71.92,2.6,3.03,2015,relMeanHI_p85_2d_walkforward,persistent_apparent_heat_anomaly
TRAVIS_2015_003,48453,Travis (Austin),2015-04-24,2015-04-26,3,79.22,2015-04-25,89.2,68.2,78.7,87.1,37.4,76.0,89.24,77.48,3.18,6.11,2015,relMeanHI_p85_2d_walkforward,persistent_apparent_heat_anomaly
TRAVIS_2015_004,48453,Travis (Austin),2015-09-05,2015-09-08,4,94.01,2015-09-05,98.6,76.0,87.3,85.5,36.5,90.2,99.39,86.76,3.82,6.44,2015,relMeanHI_p85_2d_walkforward,persistent_apparent_heat_anomaly
TRAVIS_2015_005,48453,Travis (Austin),2015-12-10,2015-12-12,3,70.84,2015-12-12,74.0,66.8,70.4,100.0,56.8,61.8,77.61,65.97,9.04,10.93,2015,relMeanHI_p85_2d_walkforward,persistent_apparent_heat_anomaly
TRAVIS_2016_001,48453,Travis (Austin),2016-02-19,2016-02-21,3,70.71,2016-02-20,76.8,63.2,70.0,100.0,71.5,64.0,79.67,68.7,6.68,14.41,2016,relMeanHI_p85_2d_walkforward,persistent_apparent_heat_anomaly
TRAVIS_2016_002,48453,Travis (Austin),2016-06-12,2016-06-15,4,94.62,2016-06-15,95.1,76.5,85.8,98.9,41.5,92.3,95.06,84.92,2.28,5.7,2016,relMeanHI_p85_2d_walkforward,persistent_apparent_heat_anomaly
TRAVIS_2016_003,48453,Travis (Austin),2016-07-03,2016-07-08,6,98.19,2016-07-06,97.7,77.9,87.8,93.7,40.8,95.2,97.85,87.44,3.03,10.26,2016,relMeanHI_p85_2d_walkforward,persistent_apparent_heat_anomaly
TRAVIS_2016_004,48453,Travis (Austin),2016-09-07,2016-09-08,2,92.23,2016-09-07,93.0,76.0,84.5,94.9,49.0,90.2,93.5,84.36,2.07,2.11,2016,relMeanHI_p85_2d_walkforward,persistent_apparent_heat_anomaly
TRAVIS_2016_005,48453,Travis (Austin),2016-09-18,2016-09-20,3,92.14,2016-09-19,96.9,73.8,85.3,94.2,38.8,90.2,97.16,84.86,1.98,3.33,2016,relMeanHI_p85_2d_walkforward,persistent_apparent_heat_anomaly
TRAVIS_2016_006,48453,Travis (Austin),2016-10-05,2016-10-06,2,86.0,2016-10-06,91.5,72.8,82.1,86.9,46.9,79.2,91.46,81.15,6.84,10.14,2016,relMeanHI_p85_2d_walkforward,persistent_apparent_heat_anomaly
TRAVIS_2016_007,48453,Travis (Austin),2016-10-16,2016-10-19,4,86.04,2016-10-19,90.5,72.7,81.6,95.4,48.2,79.2,91.49,81.35,6.87,20.75,2016,relMeanHI_p85_2d_walkforward,persistent_apparent_heat_anomaly
TRAVIS_2016_008,48453,Travis (Austin),2016-11-01,2016-11-04,4,79.86,2016-11-02,87.4,71.2,79.3,78.5,47.9,69.8,87.38,75.14,10.11,23.37,2016,relMeanHI_p85_2d_walkforward,persistent_apparent_heat_anomaly
TRAVIS_2016_009,48453,Travis (Austin),2016-12-24,2016-12-28,5,74.31,2016-12-26,81.7,66.6,74.2,86.7,42.2,61.8,81.68,70.11,12.49,40.99,2016,relMeanHI_p85_2d_walkforward,persistent_apparent_heat_anomaly
TRAVIS_2017_001,48453,Travis (Austin),2017-01-01,2017-01-02,2,61.0,2017-01-01,74.6,48.8,61.7,99.5,45.8,58.8,74.63,61.6,2.22,4.08,2017,relMeanHI_p85_2d_walkforward,persistent_apparent_heat_anomaly
TRAVIS_2017_002,48453,Travis (Austin),2017-01-10,2017-01-13,4,71.0,2017-01-12,79.2,63.5,71.3,73.5,47.0,58.8,79.19,67.2,12.21,31.26,2017,relMeanHI_p85_2d_walkforward,persistent_apparent_heat_anomaly
TRAVIS_2017_003,48453,Travis (Austin),2017-01-21,2017-01-22,2,60.32,2017-01-22,72.5,52.0,62.2,68.3,23.4,58.8,78.2,62.26,1.54,2.9,2017,relMeanHI_p85_2d_walkforward,persistent_apparent_heat_anomaly
TRAVIS_2017_004,48453,Travis (Austin),2017-02-06,2017-02-08,3,68.59,2017-02-07,82.0,56.3,69.2,95.0,25.1,64.0,84.68,67.94,4.57,9.41,2017,relMeanHI_p85_2d_walkforward,persistent_apparent_heat_anomaly
TRAVIS_2017_005,48453,Travis (Austin),2017-02-11,2017-02-13,3,71.36,2017-02-12,80.1,63.2,71.7,77.2,43.3,64.0,81.98,70.44,7.34,18.19,2017,relMeanHI_p85_2d_walkforward,persistent_apparent_heat_anomaly
TRAVIS_2017_006,48453,Travis (Austin),2017-02-18,2017-02-19,2,70.99,2017-02-19,82.3,59.3,70.8,98.3,46.5,64.0,82.31,69.61,6.97,10.08,2017,relMeanHI_p85_2d_walkforward,persistent_apparent_heat_anomaly
TRAVIS_2017_007,48453,Travis (Austin),2017-02-23,2017-02-24,2,68.7,2017-02-23,88.6,50.2,69.4,91.0,21.5,64.0,88.64,67.87,4.67,6.12,2017,relMeanHI_p85_2d_walkforward,persistent_apparent_heat_anomaly
TRAVIS_2017_008,48453,Travis (Austin),2017-02-27,2017-02-28,2,72.59,2017-02-28,79.2,65.7,72.4,83.7,53.3,64.0,79.16,70.13,8.57,11.82,2017,relMeanHI_p85_2d_walkforward,persistent_apparent_heat_anomaly
TRAVIS_2017_009,48453,Travis (Austin),2017-03-17,2017-03-24,8,73.1,2017-03-22,82.6,64.1,73.4,73.1,40.9,70.0,84.14,72.45,3.06,16.84,2017,relMeanHI_p85_2d_walkforward,persistent_apparent_heat_anomaly
TRAVIS_2017_010,48453,Travis (Austin),2017-03-27,2017-03-29,3,76.94,2017-03-28,84.8,67.9,76.3,97.2,41.6,70.0,85.82,74.3,6.89,12.81,2017,relMeanHI_p85_2d_walkforward,persistent_apparent_heat_anomaly
TRAVIS_2017_011,48453,Travis (Austin),2017-04-20,2017-04-21,2,78.63,2017-04-21,86.9,68.7,77.8,98.5,45.6,76.0,86.87,76.84,2.66,2.92,2017,relMeanHI_p85_2d_walkforward,persistent_apparent_heat_anomaly
TRAVIS_2017_012,48453,Travis (Austin),2017-08-16,2017-08-17,2,99.02,2017-08-17,99.2,78.7,88.9,90.9,36.0,95.7,99.21,88.52,3.31,5.37,2017,relMeanHI_p85_2d_walkforward,persistent_apparent_heat_anomaly
TRAVIS_2017_013,48453,Travis (Austin),2017-09-20,2017-09-21,2,90.71,2017-09-20,93.8,75.6,84.7,88.0,44.0,90.2,94.55,84.54,0.53,0.95,2017,relMeanHI_p85_2d_walkforward,persistent_apparent_heat_anomaly
TRAVIS_2017_014,48453,Travis (Austin),2017-11-02,2017-11-07,6,78.97,2017-11-03,86.0,70.5,78.3,86.1,49.3,69.7,86.15,75.37,9.23,36.29,2017,relMeanHI_p85_2d_walkforward,persistent_apparent_heat_anomaly
TRAVIS_2017_015,48453,Travis (Austin),2017-12-02,2017-12-04,3,71.86,2017-12-04,79.5,63.8,71.6,100.0,43.2,61.8,79.46,66.34,10.04,12.29,2017,relMeanHI_p85_2d_walkforward,persistent_apparent_heat_anomaly
TRAVIS_2018_001,48453,Travis (Austin),2018-02-19,2018-02-20,2,71.15,2018-02-20,74.2,67.0,70.6,100.0,61.4,64.3,77.03,69.8,6.88,10.89,2018,relMeanHI_p85_2d_walkforward,persistent_apparent_heat_anomaly
TRAVIS_2018_002,48453,Travis (Austin),2018-03-17,2018-03-18,2,74.49,2018-03-18,83.7,65.0,74.3,90.7,37.6,70.2,85.16,73.92,4.32,7.34,2018,relMeanHI_p85_2d_walkforward,persistent_apparent_heat_anomaly
TRAVIS_2018_003,48453,Travis (Austin),2018-03-24,2018-03-27,4,73.94,2018-03-26,82.5,66.5,74.5,63.0,34.7,70.2,82.52,73.1,3.77,10.97,2018,relMeanHI_p85_2d_walkforward,persistent_apparent_heat_anomaly
TRAVIS_2018_004,48453,Travis (Austin),2018-05-25,2018-05-28,4,87.63,2018-05-26,96.6,72.5,84.6,83.8,30.1,84.8,97.01,83.66,2.86,5.04,2018,relMeanHI_p85_2d_walkforward,persistent_apparent_heat_anomaly
TRAVIS_2018_005,48453,Travis (Austin),2018-10-02,2018-10-07,6,84.68,2018-10-03,89.4,72.1,80.8,94.3,51.1,79.2,89.73,80.08,5.53,20.71,2018,relMeanHI_p85_2d_walkforward,persistent_apparent_heat_anomaly
TRAVIS_2019_001,48453,Travis (Austin),2019-01-07,2019-01-08,2,62.67,2019-01-08,75.6,51.0,63.3,100.0,42.3,58.8,75.59,63.08,3.86,7.33,2019,relMeanHI_p85_2d_walkforward,persistent_apparent_heat_anomaly
TRAVIS_2019_002,48453,Travis (Austin),2019-02-03,2019-02-06,4,71.47,2019-02-05,77.0,66.0,71.5,79.2,54.4,64.3,76.97,69.87,7.2,21.63,2019,relMeanHI_p85_2d_walkforward,persistent_apparent_heat_anomaly
TRAVIS_2019_003,48453,Travis (Austin),2019-03-08,2019-03-09,2,71.2,2019-03-09,84.4,58.6,71.5,93.0,29.4,70.2,84.35,71.5,0.96,1.77,2019,relMeanHI_p85_2d_walkforward,persistent_apparent_heat_anomaly
TRAVIS_2019_004,48453,Travis (Austin),2019-03-24,2019-03-25,2,71.85,2019-03-24,80.3,63.8,72.1,78.2,44.4,70.2,80.48,71.32,1.61,2.09,2019,relMeanHI_p85_2d_walkforward,persistent_apparent_heat_anomaly
TRAVIS_2019_005,48453,Travis (Austin),2019-05-19,2019-05-20,2,86.75,2019-05-19,89.8,74.3,82.1,92.4,48.9,84.8,89.99,82.29,1.97,3.89,2019,relMeanHI_p85_2d_walkforward,persistent_apparent_heat_anomaly
TRAVIS_2019_006,48453,Travis (Austin),2019-05-23,2019-05-25,3,87.58,2019-05-23,91.2,75.3,83.2,84.4,46.3,84.8,91.16,82.36,2.8,4.41,2019,relMeanHI_p85_2d_walkforward,persistent_apparent_heat_anomaly
TRAVIS_2019_007,48453,Travis (Austin),2019-06-20,2019-06-21,2,97.29,2019-06-21,94.3,78.4,86.3,100.0,45.9,92.2,95.33,86.17,5.07,5.54,2019,relMeanHI_p85_2d_walkforward,persistent_apparent_heat_anomaly
TRAVIS_2019_008,48453,Travis (Austin),2019-08-17,2019-08-19,3,97.18,2019-08-18,101.0,77.8,89.4,84.0,31.7,95.7,101.48,89.26,1.48,2.79,2019,relMeanHI_p85_2d_walkforward,persistent_apparent_heat_anomaly
TRAVIS_2019_009,48453,Travis (Austin),2019-09-09,2019-09-11,3,92.5,2019-09-10,97.8,72.8,85.3,98.3,36.7,90.0,98.33,85.34,2.49,3.32,2019,relMeanHI_p85_2d_walkforward,persistent_apparent_heat_anomaly
TRAVIS_2019_010,48453,Travis (Austin),2019-09-19,2019-09-24,6,92.77,2019-09-21,96.0,77.0,86.5,85.2,38.5,90.0,97.16,85.9,2.76,10.04,2019,relMeanHI_p85_2d_walkforward,persistent_apparent_heat_anomaly
TRAVIS_2019_011,48453,Travis (Austin),2019-09-29,2019-10-06,8,93.35,2019-09-30,95.5,77.1,86.3,86.5,42.0,90.0,95.66,84.14,10.9,49.39,2019,relMeanHI_p85_2d_walkforward,persistent_apparent_heat_anomaly
TRAVIS_2019_012,48453,Travis (Austin),2019-11-05,2019-11-06,2,74.19,2019-11-06,81.7,65.8,73.7,96.4,48.0,69.7,81.68,72.23,4.49,5.38,2019,relMeanHI_p85_2d_walkforward,persistent_apparent_heat_anomaly
TRAVIS_2019_013,48453,Travis (Austin),2019-11-20,2019-11-21,2,73.18,2019-11-21,78.5,67.0,72.7,93.6,54.0,69.7,81.17,71.71,3.48,3.94,2019,relMeanHI_p85_2d_walkforward,persistent_apparent_heat_anomaly
TRAVIS_2020_001,48453,Travis (Austin),2020-01-09,2020-01-10,2,65.74,2020-01-10,74.8,56.8,65.8,100.0,54.1,58.7,74.84,65.64,7.02,12.84,2020,relMeanHI_p85_2d_walkforward,persistent_apparent_heat_anomaly
TRAVIS_2020_002,48453,Travis (Austin),2020-01-14,2020-01-16,3,72.66,2020-01-15,79.5,65.8,72.7,79.3,49.4,58.7,79.49,66.86,13.93,23.85,2020,relMeanHI_p85_2d_walkforward,persistent_apparent_heat_anomaly
TRAVIS_2020_003,48453,Travis (Austin),2020-03-11,2020-03-14,4,74.62,2020-03-14,82.4,66.4,74.4,88.9,42.6,70.2,84.32,74.2,4.39,15.08,2020,relMeanHI_p85_2d_walkforward,persistent_apparent_heat_anomaly
TRAVIS_2020_004,48453,Travis (Austin),2020-03-17,2020-03-19,3,75.63,2020-03-19,81.6,68.5,75.1,98.4,44.0,70.2,81.98,74.23,5.4,12.0,2020,relMeanHI_p85_2d_walkforward,persistent_apparent_heat_anomaly
TRAVIS_2020_005,48453,Travis (Austin),2020-03-24,2020-03-27,4,76.76,2020-03-27,86.8,67.2,77.0,65.2,35.9,70.2,89.51,74.56,6.52,16.48,2020,relMeanHI_p85_2d_walkforward,persistent_apparent_heat_anomaly
TRAVIS_2020_006,48453,Travis (Austin),2020-04-07,2020-04-09,3,83.38,2020-04-08,91.5,71.2,81.4,80.1,38.0,75.7,91.52,78.24,7.63,10.74,2020,relMeanHI_p85_2d_walkforward,persistent_apparent_heat_anomaly
TRAVIS_2020_007,48453,Travis (Austin),2020-08-10,2020-08-12,3,97.81,2020-08-12,102.0,77.0,89.5,86.9,30.6,95.7,102.02,89.01,2.12,3.1,2020,relMeanHI_p85_2d_walkforward,persistent_apparent_heat_anomaly
TRAVIS_2020_008,48453,Travis (Austin),2020-08-28,2020-09-01,5,100.43,2020-08-28,102.7,78.1,90.4,88.1,31.1,95.7,102.68,89.74,9.28,22.57,2020,relMeanHI_p85_2d_walkforward,persistent_apparent_heat_anomaly
TRAVIS_2020_009,48453,Travis (Austin),2020-10-19,2020-10-22,4,84.02,2020-10-20,89.8,72.7,81.3,84.6,43.1,79.3,91.01,80.3,4.73,10.43,2020,relMeanHI_p85_2d_walkforward,persistent_apparent_heat_anomaly
TRAVIS_2020_010,48453,Travis (Austin),2020-11-13,2020-11-14,2,76.94,2020-11-14,85.6,67.0,76.3,98.0,41.4,69.7,85.64,73.91,7.22,8.47,2020,relMeanHI_p85_2d_walkforward,persistent_apparent_heat_anomaly
TRAVIS_2020_011,48453,Travis (Austin),2020-12-28,2020-12-29,2,66.37,2020-12-29,73.7,60.5,67.1,73.9,48.5,61.5,74.18,65.58,4.86,6.41,2020,relMeanHI_p85_2d_walkforward,persistent_apparent_heat_anomaly
TRAVIS_2021_001,48453,Travis (Austin),2021-01-24,2021-01-25,2,62.44,2021-01-24,68.0,57.6,62.8,89.9,64.6,58.8,73.82,62.49,3.64,6.16,2021,relMeanHI_p85_2d_walkforward,persistent_apparent_heat_anomaly
TRAVIS_2021_002,48453,Travis (Austin),2021-03-10,2021-03-13,4,73.6,2021-03-12,80.0,67.4,73.7,72.4,48.7,70.3,81.0,72.6,3.27,8.8,2021,relMeanHI_p85_2d_walkforward,persistent_apparent_heat_anomaly
TRAVIS_2021_003,48453,Travis (Austin),2021-06-24,2021-06-26,3,95.71,2021-06-26,95.3,76.0,85.7,99.9,46.8,92.1,96.17,85.61,3.6,8.76,2021,relMeanHI_p85_2d_walkforward,persistent_apparent_heat_anomaly
TRAVIS_2021_004,48453,Travis (Austin),2021-09-01,2021-09-04,4,92.83,2021-09-01,97.8,75.4,86.6,85.0,37.8,90.0,97.85,86.26,2.79,8.14,2021,relMeanHI_p85_2d_walkforward,persistent_apparent_heat_anomaly
TRAVIS_2021_005,48453,Travis (Austin),2021-09-20,2021-09-21,2,90.43,2021-09-20,100.2,72.8,86.5,82.1,29.0,90.0,100.16,85.42,0.39,0.74,2021,relMeanHI_p85_2d_walkforward,persistent_apparent_heat_anomaly
TRAVIS_2021_006,48453,Travis (Austin),2021-11-16,2021-11-17,2,71.61,2021-11-17,81.4,61.5,71.4,100.0,42.4,69.7,81.35,71.38,1.87,3.2,2021,relMeanHI_p85_2d_walkforward,persistent_apparent_heat_anomaly
TRAVIS_2021_007,48453,Travis (Austin),2021-12-02,2021-12-05,4,70.56,2021-12-05,77.1,64.3,70.7,77.2,53.1,61.4,79.16,68.02,9.12,24.99,2021,relMeanHI_p85_2d_walkforward,persistent_apparent_heat_anomaly
TRAVIS_2021_008,48453,Travis (Austin),2021-12-09,2021-12-10,2,75.66,2021-12-10,83.1,67.1,75.1,100.0,40.7,61.4,83.15,71.49,14.22,20.04,2021,relMeanHI_p85_2d_walkforward,persistent_apparent_heat_anomaly
TRAVIS_2021_009,48453,Travis (Austin),2021-12-14,2021-12-17,4,73.36,2021-12-16,78.1,68.6,73.4,72.9,52.2,61.4,78.5,70.83,11.92,36.78,2021,relMeanHI_p85_2d_walkforward,persistent_apparent_heat_anomaly
TRAVIS_2021_010,48453,Travis (Austin),2021-12-24,2021-12-31,8,70.55,2021-12-31,80.7,61.8,71.2,67.9,38.0,61.4,81.14,68.44,9.11,51.95,2021,relMeanHI_p85_2d_walkforward,persistent_apparent_heat_anomaly
TRAVIS_2022_001,48453,Travis (Austin),2022-02-21,2022-02-22,2,68.98,2022-02-21,82.3,57.4,69.8,70.6,34.4,64.1,85.49,68.7,4.88,7.83,2022,relMeanHI_p85_2d_walkforward,persistent_apparent_heat_anomaly
TRAVIS_2022_002,48453,Travis (Austin),2022-03-05,2022-03-06,2,72.61,2022-03-06,81.4,63.0,72.2,100.0,48.7,70.3,81.35,71.85,2.27,3.01,2022,relMeanHI_p85_2d_walkforward,persistent_apparent_heat_anomaly
TRAVIS_2022_003,48453,Travis (Austin),2022-03-28,2022-03-29,2,72.57,2022-03-29,79.7,65.0,72.3,92.5,48.9,70.3,86.36,71.99,2.23,2.81,2022,relMeanHI_p85_2d_walkforward,persistent_apparent_heat_anomaly
TRAVIS_2022_004,48453,Travis (Austin),2022-04-12,2022-04-13,2,81.58,2022-04-12,90.1,70.3,80.2,73.2,37.6,75.7,92.18,79.09,5.88,8.42,2022,relMeanHI_p85_2d_walkforward,persistent_apparent_heat_anomaly
TRAVIS_2022_005,48453,Travis (Austin),2022-04-16,2022-04-17,2,77.09,2022-04-16,84.2,69.1,76.7,84.5,46.2,75.7,87.02,76.03,1.39,1.55,2022,relMeanHI_p85_2d_walkforward,persistent_apparent_heat_anomaly
TRAVIS_2022_006,48453,Travis (Austin),2022-04-21,2022-04-24,4,79.05,2022-04-24,88.8,68.3,78.6,83.9,40.4,75.7,88.82,77.72,3.35,8.96,2022,relMeanHI_p85_2d_walkforward,persistent_apparent_heat_anomaly
TRAVIS_2022_007,48453,Travis (Austin),2022-04-29,2022-04-30,2,80.64,2022-04-30,88.8,71.0,79.9,86.0,43.3,75.7,88.82,78.53,4.93,6.84,2022,relMeanHI_p85_2d_walkforward,persistent_apparent_heat_anomaly
TRAVIS_2022_008,48453,Travis (Austin),2022-05-08,2022-05-10,3,87.07,2022-05-09,96.0,74.3,85.2,70.3,32.5,84.6,96.86,84.72,2.46,4.79,2022,relMeanHI_p85_2d_walkforward,persistent_apparent_heat_anomaly
TRAVIS_2022_009,48453,Travis (Austin),2022-05-20,2022-05-21,2,88.21,2022-05-21,97.3,69.9,83.6,100.0,30.2,84.6,97.34,84.1,3.61,5.02,2022,relMeanHI_p85_2d_walkforward,persistent_apparent_heat_anomaly
TRAVIS_2022_010,48453,Travis (Austin),2022-05-30,2022-06-01,3,92.18,2022-06-01,95.0,75.2,85.1,94.4,42.0,92.1,96.17,85.13,4.93,8.2,2022,relMeanHI_p85_2d_walkforward,persistent_apparent_heat_anomaly
TRAVIS_2022_011,48453,Travis (Austin),2022-07-02,2022-07-03,2,96.48,2022-07-03,100.3,76.7,88.5,88.2,32.9,94.9,100.31,88.15,1.6,2.31,2022,relMeanHI_p85_2d_walkforward,persistent_apparent_heat_anomaly
TRAVIS_2022_012,48453,Travis (Austin),2022-07-09,2022-07-14,6,96.86,2022-07-14,102.3,74.8,88.6,94.5,27.3,94.9,106.97,90.94,1.98,5.09,2022,relMeanHI_p85_2d_walkforward,persistent_apparent_heat_anomaly
TRAVIS_2022_013,48453,Travis (Austin),2022-07-19,2022-07-21,3,97.26,2022-07-20,104.7,75.1,89.9,85.1,26.7,94.9,104.69,89.8,2.38,4.41,2022,relMeanHI_p85_2d_walkforward,persistent_apparent_heat_anomaly
TRAVIS_2022_014,48453,Travis (Austin),2022-09-17,2022-09-20,4,90.97,2022-09-17,96.2,73.7,84.9,92.8,38.6,90.1,97.01,84.74,0.91,1.69,2022,relMeanHI_p85_2d_walkforward,persistent_apparent_heat_anomaly
TRAVIS_2022_015,48453,Travis (Austin),2022-11-03,2022-11-04,2,73.75,2022-11-03,81.3,66.5,73.9,72.1,44.8,69.7,83.81,73.33,4.06,7.47,2022,relMeanHI_p85_2d_walkforward,persistent_apparent_heat_anomaly
TRAVIS_2022_016,48453,Travis (Austin),2022-11-07,2022-11-10,4,76.07,2022-11-07,82.7,68.0,75.3,99.0,50.9,69.7,82.67,72.67,6.38,12.93,2022,relMeanHI_p85_2d_walkforward,persistent_apparent_heat_anomaly
TRAVIS_2022_017,48453,Travis (Austin),2022-12-05,2022-12-13,9,73.27,2022-12-07,79.7,66.8,73.2,76.9,50.6,61.8,79.67,68.21,11.43,56.06,2022,relMeanHI_p85_2d_walkforward,persistent_apparent_heat_anomaly
TRAVIS_2023_001,48453,Travis (Austin),2023-01-01,2023-01-03,3,71.98,2023-01-02,80.3,63.2,71.8,97.1,45.6,58.6,80.3,65.78,13.37,19.59,2023,relMeanHI_p85_2d_walkforward,persistent_apparent_heat_anomaly
TRAVIS_2023_002,48453,Travis (Austin),2023-01-10,2023-01-11,2,67.42,2023-01-11,80.2,55.7,67.9,90.8,36.4,58.6,80.63,67.3,8.81,15.85,2023,relMeanHI_p85_2d_walkforward,persistent_apparent_heat_anomaly
TRAVIS_2023_003,48453,Travis (Austin),2023-01-16,2023-01-18,3,63.86,2023-01-18,76.2,53.2,64.7,99.0,29.6,58.6,79.34,64.23,5.25,14.71,2023,relMeanHI_p85_2d_walkforward,persistent_apparent_heat_anomaly
TRAVIS_2023_004,48453,Travis (Austin),2023-02-20,2023-02-23,4,74.93,2023-02-22,88.2,62.7,75.4,71.5,24.2,64.1,88.19,70.23,10.85,22.64,2023,relMeanHI_p85_2d_walkforward,persistent_apparent_heat_anomaly
TRAVIS_2023_005,48453,Travis (Austin),2023-02-27,2023-02-28,2,67.97,2023-02-28,83.5,50.8,67.2,100.0,87.0,64.1,83.51,66.9,3.89,4.62,2023,relMeanHI_p85_2d_walkforward,persistent_apparent_heat_anomaly
TRAVIS_2023_006,48453,Travis (Austin),2023-03-23,2023-03-24,2,74.53,2023-03-23,80.7,69.0,74.8,63.2,43.5,70.3,84.32,73.04,4.2,4.85,2023,relMeanHI_p85_2d_walkforward,persistent_apparent_heat_anomaly
TRAVIS_2023_007,48453,Travis (Austin),2023-04-03,2023-04-04,2,79.68,2023-04-04,87.8,71.3,79.6,65.1,38.9,75.8,90.14,79.37,3.88,7.18,2023,relMeanHI_p85_2d_walkforward,persistent_apparent_heat_anomaly
TRAVIS_2023_008,48453,Travis (Austin),2023-06-15,2023-06-16,2,95.75,2023-06-15,97.6,79.8,88.7,80.2,35.8,92.1,100.58,88.71,3.66,5.04,2023,relMeanHI_p85_2d_walkforward,persistent_apparent_heat_anomaly
TRAVIS_2023_009,48453,Travis (Austin),2023-06-18,2023-06-19,2,94.26,2023-06-19,101.5,78.0,89.8,74.1,26.5,92.1,101.48,89.46,2.17,2.61,2023,relMeanHI_p85_2d_walkforward,persistent_apparent_heat_anomaly
TRAVIS_2023_010,48453,Travis (Austin),2023-06-25,2023-06-26,2,94.09,2023-06-25,99.8,77.5,88.7,79.4,29.8,92.1,101.0,88.66,2.0,2.32,2023,relMeanHI_p85_2d_walkforward,persistent_apparent_heat_anomaly
TRAVIS_2023_011,48453,Travis (Austin),2023-07-09,2023-07-14,6,99.08,2023-07-10,102.7,78.1,90.4,85.4,29.1,95.0,104.69,90.53,4.05,17.61,2023,relMeanHI_p85_2d_walkforward,persistent_apparent_heat_anomaly
TRAVIS_2023_012,48453,Travis (Austin),2023-08-03,2023-08-13,11,100.84,2023-08-12,105.5,79.2,92.3,79.6,25.8,95.7,106.67,91.51,5.17,23.35,2023,relMeanHI_p85_2d_walkforward,persistent_apparent_heat_anomaly
TRAVIS_2023_013,48453,Travis (Austin),2023-08-21,2023-08-22,2,96.32,2023-08-22,100.5,77.4,88.9,83.7,32.7,95.7,105.68,90.52,0.65,0.75,2023,relMeanHI_p85_2d_walkforward,persistent_apparent_heat_anomaly
TRAVIS_2023_014,48453,Travis (Austin),2023-09-03,2023-09-10,8,97.71,2023-09-05,103.2,78.7,90.9,76.6,28.6,90.1,106.7,89.96,7.65,23.48,2023,relMeanHI_p85_2d_walkforward,persistent_apparent_heat_anomaly
TRAVIS_2023_015,48453,Travis (Austin),2023-09-22,2023-09-25,4,95.5,2023-09-24,101.7,76.0,88.8,84.3,29.9,90.1,101.66,86.99,5.45,15.38,2023,relMeanHI_p85_2d_walkforward,persistent_apparent_heat_anomaly
TRAVIS_2023_016,48453,Travis (Austin),2023-10-01,2023-10-04,4,91.89,2023-10-04,97.2,74.0,85.6,95.4,33.7,79.2,97.16,81.96,12.73,24.25,2023,relMeanHI_p85_2d_walkforward,persistent_apparent_heat_anomaly
TRAVIS_2023_017,48453,Travis (Austin),2023-10-27,2023-10-28,2,80.28,2023-10-27,85.9,73.3,79.6,81.1,47.8,79.2,86.15,79.42,1.12,2.06,2023,relMeanHI_p85_2d_walkforward,persistent_apparent_heat_anomaly
TRAVIS_2023_018,48453,Travis (Austin),2023-11-06,2023-11-08,3,75.05,2023-11-08,81.5,68.2,74.8,78.0,51.3,69.7,83.63,73.08,5.35,10.16,2023,relMeanHI_p85_2d_walkforward,persistent_apparent_heat_anomaly
TRAVIS_2023_019,48453,Travis (Austin),2023-12-22,2023-12-23,2,63.93,2023-12-22,69.8,59.7,64.8,77.3,50.3,62.1,69.83,64.63,1.87,3.54,2023,relMeanHI_p85_2d_walkforward,persistent_apparent_heat_anomaly
TRAVIS_2024_001,48453,Travis (Austin),2024-02-21,2024-02-22,2,73.12,2024-02-22,84.8,63.2,74.0,65.1,20.1,64.1,84.83,69.95,9.0,9.57,2024,relMeanHI_p85_2d_walkforward,persistent_apparent_heat_anomaly
TRAVIS_2024_002,48453,Travis (Austin),2024-02-25,2024-02-27,3,74.47,2024-02-27,82.0,64.8,73.4,100.0,72.3,64.1,86.97,71.27,10.35,21.89,2024,relMeanHI_p85_2d_walkforward,persistent_apparent_heat_anomaly
TRAVIS_2024_003,48453,Travis (Austin),2024-03-04,2024-03-05,2,74.45,2024-03-04,82.6,65.4,74.0,96.7,46.2,70.4,88.59,73.59,4.09,5.99,2024,relMeanHI_p85_2d_walkforward,persistent_apparent_heat_anomaly
TRAVIS_2024_004,48453,Travis (Austin),2024-03-13,2024-03-14,2,74.34,2024-03-14,80.0,68.1,74.1,75.8,57.7,70.4,82.34,73.84,3.97,7.14,2024,relMeanHI_p85_2d_walkforward,persistent_apparent_heat_anomaly
TRAVIS_2024_005,48453,Travis (Austin),2024-04-17,2024-04-18,2,79.3,2024-04-18,86.7,70.8,78.8,84.5,41.7,75.8,86.69,77.46,3.51,4.52,2024,relMeanHI_p85_2d_walkforward,persistent_apparent_heat_anomaly
TRAVIS_2024_006,48453,Travis (Austin),2024-04-26,2024-04-27,2,78.72,2024-04-27,83.0,73.3,78.2,77.1,51.8,75.8,83.0,77.59,2.93,4.4,2024,relMeanHI_p85_2d_walkforward,persistent_apparent_heat_anomaly
TRAVIS_2024_007,48453,Travis (Austin),2024-04-29,2024-04-30,2,77.41,2024-04-29,86.7,67.3,77.0,86.4,41.0,75.8,86.69,76.74,1.62,3.12,2024,relMeanHI_p85_2d_walkforward,persistent_apparent_heat_anomaly
TRAVIS_2024_008,48453,Travis (Austin),2024-05-21,2024-05-27,7,90.96,2024-05-25,96.8,76.3,86.6,79.0,34.3,84.6,97.67,85.06,6.37,27.37,2024,relMeanHI_p85_2d_walkforward,persistent_apparent_heat_anomaly
TRAVIS_2024_009,48453,Travis (Austin),2024-06-03,2024-06-04,2,95.24,2024-06-04,96.0,79.3,87.7,83.7,39.7,92.2,96.02,86.76,3.08,3.47,2024,relMeanHI_p85_2d_walkforward,persistent_apparent_heat_anomaly
TRAVIS_2024_010,48453,Travis (Austin),2024-06-24,2024-06-30,7,99.85,2024-06-29,98.8,79.2,89.0,91.4,37.8,92.2,98.84,87.11,7.69,25.38,2024,relMeanHI_p85_2d_walkforward,persistent_apparent_heat_anomaly
TRAVIS_2024_011,48453,Travis (Austin),2024-08-11,2024-08-12,2,96.25,2024-08-12,98.8,75.0,86.9,97.3,38.3,95.8,98.82,87.14,0.48,0.68,2024,relMeanHI_p85_2d_walkforward,persistent_apparent_heat_anomaly
TRAVIS_2024_012,48453,Travis (Austin),2024-08-21,2024-08-24,4,100.09,2024-08-23,102.6,78.2,90.4,87.0,31.1,95.8,108.28,90.56,4.32,7.39,2024,relMeanHI_p85_2d_walkforward,persistent_apparent_heat_anomaly
TRAVIS_2024_013,48453,Travis (Austin),2024-09-18,2024-09-20,3,93.52,2024-09-20,98.2,75.5,86.8,88.2,35.6,90.2,98.18,86.36,3.31,7.42,2024,relMeanHI_p85_2d_walkforward,persistent_apparent_heat_anomaly
TRAVIS_2024_014,48453,Travis (Austin),2024-10-01,2024-10-03,3,80.86,2024-10-02,93.5,67.0,80.2,72.8,24.7,79.2,95.33,79.93,1.64,2.75,2024,relMeanHI_p85_2d_walkforward,persistent_apparent_heat_anomaly
TRAVIS_2024_015,48453,Travis (Austin),2024-10-05,2024-10-06,2,82.24,2024-10-05,93.1,67.0,80.1,92.3,34.1,79.2,93.14,79.65,3.01,3.43,2024,relMeanHI_p85_2d_walkforward,persistent_apparent_heat_anomaly
TRAVIS_2024_016,48453,Travis (Austin),2024-10-13,2024-10-14,2,81.4,2024-10-13,98.8,65.3,82.1,64.0,13.9,79.2,98.81,81.04,2.17,2.79,2024,relMeanHI_p85_2d_walkforward,persistent_apparent_heat_anomaly
TRAVIS_2024_017,48453,Travis (Austin),2024-10-29,2024-10-30,2,84.01,2024-10-30,90.2,73.2,81.7,77.9,42.2,79.2,90.21,80.71,4.79,5.71,2024,relMeanHI_p85_2d_walkforward,persistent_apparent_heat_anomaly
TRAVIS_2024_018,48453,Travis (Austin),2024-11-01,2024-11-04,4,78.93,2024-11-03,85.2,72.0,78.6,72.5,44.4,69.7,85.21,75.26,9.24,23.47,2024,relMeanHI_p85_2d_walkforward,persistent_apparent_heat_anomaly
TRAVIS_2024_019,48453,Travis (Austin),2024-11-07,2024-11-08,2,76.2,2024-11-08,87.2,63.8,75.5,100.0,46.6,69.7,87.22,74.0,6.51,9.15,2024,relMeanHI_p85_2d_walkforward,persistent_apparent_heat_anomaly
TRAVIS_2024_020,48453,Travis (Austin),2024-12-14,2024-12-17,4,72.19,2024-12-15,77.5,67.3,72.4,71.8,49.8,62.0,79.01,71.35,10.19,36.09,2024,relMeanHI_p85_2d_walkforward,persistent_apparent_heat_anomaly
TRAVIS_2024_021,48453,Travis (Austin),2024-12-23,2024-12-24,2,65.96,2024-12-24,74.5,58.2,66.3,93.6,46.5,62.0,74.51,65.17,3.96,4.9,2024,relMeanHI_p85_2d_walkforward,persistent_apparent_heat_anomaly
TRAVIS_2025_001,48453,Travis (Austin),2025-02-03,2025-02-08,6,75.59,2025-02-08,84.7,66.2,75.4,96.5,27.1,64.2,84.68,72.22,11.42,44.89,2025,relMeanHI_p85_2d_walkforward,persistent_apparent_heat_anomaly
TRAVIS_2025_002,48453,Travis (Austin),2025-03-23,2025-03-26,4,74.45,2025-03-23,86.8,62.0,74.4,90.5,31.6,70.4,89.51,73.27,4.05,10.2,2025,relMeanHI_p85_2d_walkforward,persistent_apparent_heat_anomaly
TRAVIS_2025_003,48453,Travis (Austin),2025-03-29,2025-03-30,2,74.8,2025-03-30,81.5,66.5,74.0,98.9,58.4,70.4,84.5,74.2,4.4,8.31,2025,relMeanHI_p85_2d_walkforward,persistent_apparent_heat_anomaly
TRAVIS_2025_004,48453,Travis (Austin),2025-04-02,2025-04-03,2,78.95,2025-04-03,89.4,67.3,78.4,89.7,40.9,75.8,89.36,77.64,3.15,4.33,2025,relMeanHI_p85_2d_walkforward,persistent_apparent_heat_anomaly
TRAVIS_2025_005,48453,Travis (Austin),2025-04-17,2025-04-19,3,78.38,2025-04-18,90.2,67.2,78.7,62.5,28.3,75.8,90.2,77.31,2.58,3.28,2025,relMeanHI_p85_2d_walkforward,persistent_apparent_heat_anomaly
TRAVIS_2025_006,48453,Travis (Austin),2025-04-24,2025-04-30,7,79.56,2025-04-29,86.8,72.0,79.4,67.0,39.0,75.8,86.99,77.24,3.76,11.77,2025,relMeanHI_p85_2d_walkforward,persistent_apparent_heat_anomaly
TRAVIS_2025_007,48453,Travis (Austin),2025-05-16,2025-05-19,4,91.14,2025-05-17,96.5,77.8,87.1,76.3,32.4,84.8,97.19,84.89,6.38,12.33,2025,relMeanHI_p85_2d_walkforward,persistent_apparent_heat_anomaly
TRAVIS_2025_008,48453,Travis (Austin),2025-05-22,2025-05-25,4,91.24,2025-05-25,97.2,76.6,86.9,76.6,35.0,84.8,97.52,85.2,6.48,16.01,2025,relMeanHI_p85_2d_walkforward,persistent_apparent_heat_anomaly
TRAVIS_2025_009,48453,Travis (Austin),2025-06-07,2025-06-08,2,92.88,2025-06-07,95.0,76.8,85.9,91.4,38.9,92.3,95.51,85.59,0.6,1.04,2025,relMeanHI_p85_2d_walkforward,persistent_apparent_heat_anomaly
TRAVIS_2025_010,48453,Travis (Austin),2025-06-19,2025-06-20,2,93.58,2025-06-19,95.0,76.3,85.7,93.7,42.9,92.3,95.69,85.84,1.3,2.25,2025,relMeanHI_p85_2d_walkforward,persistent_apparent_heat_anomaly
TRAVIS_2025_011,48453,Travis (Austin),2025-10-01,2025-10-03,3,81.62,2025-10-03,94.8,66.0,80.4,80.2,27.5,79.3,95.84,80.47,2.33,4.98,2025,relMeanHI_p85_2d_walkforward,persistent_apparent_heat_anomaly
TRAVIS_2025_012,48453,Travis (Austin),2025-10-06,2025-10-09,4,83.4,2025-10-07,91.6,72.5,82.1,76.3,30.6,79.3,93.5,81.2,4.12,11.55,2025,relMeanHI_p85_2d_walkforward,persistent_apparent_heat_anomaly
TRAVIS_2025_013,48453,Travis (Austin),2025-11-07,2025-11-08,2,74.45,2025-11-07,88.8,60.7,74.8,85.1,22.5,69.8,88.82,72.95,4.68,5.38,2025,relMeanHI_p85_2d_walkforward,persistent_apparent_heat_anomaly
TRAVIS_2025_014,48453,Travis (Austin),2025-11-14,2025-11-20,7,77.77,2025-11-19,84.5,70.2,77.4,78.5,48.0,69.8,85.85,75.67,7.99,41.29,2025,relMeanHI_p85_2d_walkforward,persistent_apparent_heat_anomaly
TRAVIS_2025_015,48453,Travis (Austin),2025-12-22,2025-12-28,7,73.74,2025-12-27,81.0,67.0,74.0,69.9,43.0,62.1,83.18,69.89,11.63,51.41,2025,relMeanHI_p85_2d_walkforward,persistent_apparent_heat_anomaly
