county_fips,year,month,classified_dates
48001,2015,1,3
48001,2015,6,2
48001,2015,8,3
48001,2015,10,2
48001,2015,12,7
48001,2016,1,1
48001,2016,2,1
48001,2016,3,2
48001,2016,10,4
48001,2016,11,3
48001,2016,12,2
48001,2017,1,4
48001,2017,2,3
48001,2017,4,2
48001,2017,10,2
48001,2018,5,2
48001,2019,4,2
48001,2019,9,2
48001,2019,10,4
48001,2020,3,2
48001,2020,4,3
48001,2021,12,13
48001,2022,1,1
48001,2022,9,2
48001,2022,12,2
48001,2023,2,3
48001,2023,3,1
48001,2024,3,2
48001,2024,6,1
48001,2024,7,2
48001,2024,10,8
48001,2024,12,3
48001,2025,2,7
48001,2025,3,8
48001,2025,4,2
48001,2025,10,3
48001,2025,11,6
48001,2025,12,6
48003,2015,1,2
48003,2015,2,2
48003,2015,7,3
48003,2015,8,2
48003,2015,12,2
48003,2016,1,1
48003,2016,2,5
48003,2016,10,4
48003,2016,12,2
48003,2017,1,2
48003,2017,2,2
48003,2017,3,4
48003,2017,6,1
48003,2017,7,3
48003,2017,10,2
48003,2017,11,7
48003,2018,10,2
48003,2019,3,2
48003,2019,8,2
48003,2019,12,2
48003,2021,12,10
48003,2023,7,2
48003,2024,12,2
48003,2025,2,4
48003,2025,8,2
48003,2025,11,2
48003,2025,12,6
48005,2015,1,2
48005,2015,8,2
48005,2015,10,2
48005,2015,12,5
48005,2016,1,1
48005,2016,2,1
48005,2016,3,2
48005,2016,10,4
48005,2016,11,3
48005,2016,12,3
48005,2017,1,5
48005,2017,2,7
48005,2017,10,2
48005,2018,3,2
48005,2018,5,6
48005,2018,6,5
48005,2020,3,3
48005,2020,4,2
48005,2021,6,3
48005,2021,9,2
48005,2021,10,2
48005,2021,12,12
48005,2022,1,1
48005,2022,6,3
48005,2022,11,3
48005,2022,12,5
48005,2023,2,1
48005,2023,3,4
48005,2024,2,3
48005,2024,5,2
48005,2024,6,2
48005,2024,7,1
48005,2024,10,6
48005,2024,12,3
48005,2025,2,8
48005,2025,3,4
48005,2025,10,3
48005,2025,11,4
48007,2015,7,2
48007,2015,8,5
48007,2015,9,1
48007,2015,10,1
48007,2015,12,5
48007,2016,2,4
48007,2016,4,1
48007,2016,5,1
48007,2016,6,4
48007,2016,9,4
48007,2016,10,7
48007,2016,11,4
48007,2016,12,4
48007,2017,1,7
48007,2017,2,14
48007,2017,3,1
48007,2017,4,3
48007,2017,6,6
48007,2017,7,2
48007,2017,12,4
48007,2018,3,2
48007,2018,5,7
48007,2018,6,2
48007,2019,4,2
48007,2019,6,3
48007,2019,7,3
48007,2019,9,2
48007,2019,10,4
48007,2019,11,2
48007,2019,12,2
48007,2020,1,2
48007,2020,2,2
48007,2020,4,5
48007,2020,5,3
48007,2020,6,3
48007,2020,7,2
48007,2020,8,8
48007,2020,9,2
48007,2020,11,2
48007,2021,1,2
48007,2021,6,3
48007,2021,12,16
48007,2022,1,3
48007,2022,5,8
48007,2022,6,9
48007,2022,7,5
48007,2022,10,2
48007,2022,12,2
48007,2023,1,5
48007,2023,2,2
48007,2023,3,7
48007,2023,6,11
48007,2023,7,21
48007,2023,8,29
48007,2023,9,22
48007,2023,10,2
48007,2024,5,14
48007,2024,6,10
48007,2024,7,11
48007,2024,8,14
48007,2024,9,3
48007,2024,10,2
48007,2024,11,7
48007,2024,12,7
48007,2025,2,7
48007,2025,3,2
48007,2025,5,2
48007,2025,10,2
48007,2025,11,2
48007,2025,12,9
48009,2015,2,3
48009,2015,12,2
48009,2016,2,2
48009,2016,7,4
48009,2016,10,6
48009,2016,11,5
48009,2017,1,2
48009,2017,2,2
48009,2017,3,6
48009,2017,7,2
48009,2020,5,3
48009,2020,8,2
48009,2021,12,8
48009,2022,3,2
48009,2023,1,2
48009,2023,2,2
48009,2023,6,2
48009,2023,9,2
48009,2023,11,2
48009,2024,2,2
48009,2025,2,2
48009,2025,3,2
48009,2025,11,6
48009,2025,12,6
48011,2015,1,2
48011,2015,2,4
48011,2015,4,4
48011,2015,7,2
48011,2015,9,2
48011,2015,10,2
48011,2015,12,2
48011,2016,1,2
48011,2016,2,4
48011,2016,7,2
48011,2016,9,3
48011,2016,10,7
48011,2016,11,4
48011,2017,2,7
48011,2017,3,5
48011,2017,11,2
48011,2018,5,4
48011,2018,8,2
48011,2019,1,2
48011,2019,2,2
48011,2019,8,2
48011,2019,9,2
48011,2019,12,2
48011,2020,5,5
48011,2020,11,2
48011,2021,6,2
48011,2021,11,4
48011,2021,12,10
48011,2022,3,4
48011,2022,5,2
48011,2022,9,2
48011,2023,1,4
48011,2023,6,2
48011,2023,7,5
48011,2023,8,5
48011,2023,9,3
48011,2023,11,2
48011,2024,2,4
48011,2024,6,2
48011,2024,8,4
48011,2024,9,3
48011,2024,10,4
48011,2025,2,5
48011,2025,3,2
48011,2025,4,2
48011,2025,11,3
48011,2025,12,8
48013,2016,1,1
48013,2016,2,1
48013,2016,12,3
48013,2017,1,6
48013,2017,2,7
48013,2020,1,2
48013,2020,8,2
48013,2020,10,2
48013,2021,12,8
48013,2022,1,1
48013,2022,3,2
48013,2023,1,5
48013,2023,2,1
48013,2023,3,2
48013,2025,2,3
48013,2025,12,4
48015,2015,8,2
48015,2015,12,4
48015,2016,3,3
48015,2016,10,3
48015,2016,11,2
48015,2016,12,4
48015,2017,1,4
48015,2017,2,9
48015,2017,3,4
48015,2017,4,2
48015,2018,2,1
48015,2018,3,1
48015,2018,11,2
48015,2020,4,2
48015,2021,12,8
48015,2022,1,2
48015,2023,1,2
48015,2023,2,2
48015,2023,3,2
48015,2023,9,4
48015,2024,2,3
48015,2024,10,4
48015,2024,12,2
48015,2025,2,7
48015,2025,3,2
48015,2025,11,6
48015,2025,12,6
48017,2015,2,4
48017,2015,12,2
48017,2016,1,2
48017,2016,2,3
48017,2016,10,3
48017,2016,11,2
48017,2017,2,6
48017,2017,3,6
48017,2017,10,2
48017,2017,11,2
48017,2018,8,2
48017,2019,1,2
48017,2019,3,2
48017,2019,12,2
48017,2020,11,2
48017,2020,12,2
48017,2021,11,2
48017,2021,12,9
48017,2022,5,2
48017,2023,9,4
48017,2023,11,2
48017,2024,2,2
48017,2024,9,4
48017,2024,10,4
48017,2025,2,5
48017,2025,11,4
48017,2025,12,10
48019,2015,1,4
48019,2015,2,3
48019,2015,3,2
48019,2015,10,2
48019,2015,12,2
48019,2016,1,1
48019,2016,2,2
48019,2016,3,2
48019,2016,9,3
48019,2016,10,2
48019,2016,12,3
48019,2017,1,5
48019,2017,2,4
48019,2017,5,2
48019,2017,7,5
48019,2017,8,2
48019,2017,11,2
48019,2018,7,2
48019,2019,6,2
48019,2019,8,2
48019,2019,9,3
48019,2019,10,2
48019,2019,12,2
48019,2020,3,2
48019,2020,5,2
48019,2020,8,2
48019,2021,12,4
48019,2022,1,1
48019,2022,2,2
48019,2022,7,12
48019,2023,1,2
48019,2023,2,1
48019,2023,3,2
48019,2023,9,4
48019,2024,2,2
48019,2024,10,2
48019,2025,2,4
48019,2025,5,2
48019,2025,12,6
48021,2015,1,2
48021,2015,10,2
48021,2016,1,1
48021,2016,2,1
48021,2016,3,2
48021,2016,12,5
48021,2017,1,6
48021,2017,2,5
48021,2017,3,2
48021,2020,3,3
48021,2021,12,5
48021,2022,1,1
48021,2022,2,2
48021,2022,12,3
48021,2023,1,4
48021,2023,2,1
48021,2023,3,1
48021,2023,5,2
48021,2024,8,2
48021,2024,10,2
48021,2024,11,4
48021,2024,12,5
48021,2025,2,6
48021,2025,3,3
48021,2025,4,2
48021,2025,5,2
48021,2025,6,2
48021,2025,10,2
48021,2025,11,4
48021,2025,12,6
48023,2015,1,2
48023,2015,2,4
48023,2015,12,3
48023,2016,2,4
48023,2016,7,4
48023,2016,10,5
48023,2016,11,2
48023,2016,12,2
48023,2017,2,4
48023,2017,3,5
48023,2019,12,2
48023,2020,3,2
48023,2020,5,3
48023,2020,8,4
48023,2020,10,2
48023,2021,11,1
48023,2021,12,11
48023,2022,3,2
48023,2022,5,2
48023,2022,7,2
48023,2023,1,4
48023,2023,5,2
48023,2023,6,4
48023,2023,9,2
48023,2023,11,2
48023,2024,2,3
48023,2024,6,2
48023,2024,10,2
48023,2025,2,2
48023,2025,3,2
48023,2025,9,2
48023,2025,11,6
48023,2025,12,6
48025,2015,10,2
48025,2016,3,2
48025,2016,10,6
48025,2016,11,4
48025,2016,12,2
48025,2017,1,5
48025,2017,2,7
48025,2017,3,2
48025,2017,4,2
48025,2017,11,3
48025,2018,5,2
48025,2018,6,2
48025,2019,10,2
48025,2019,12,2
48025,2020,1,2
48025,2020,3,2
48025,2020,4,4
48025,2020,5,2
48025,2020,8,2
48025,2020,9,2
48025,2020,10,2
48025,2020,11,4
48025,2021,4,2
48025,2021,12,7
48025,2022,1,2
48025,2022,2,2
48025,2022,3,2
48025,2022,5,2
48025,2022,6,4
48025,2023,2,3
48025,2023,3,2
48025,2023,6,3
48025,2023,7,2
48025,2023,9,14
48025,2024,2,2
48025,2024,6,4
48025,2024,11,6
48025,2024,12,4
48025,2025,2,4
48025,2025,3,8
48025,2025,4,3
48025,2025,8,5
48025,2025,9,2
48027,2015,2,2
48027,2015,12,2
48027,2016,1,2
48027,2016,2,1
48027,2016,3,2
48027,2016,9,2
48027,2016,10,2
48027,2016,11,2
48027,2016,12,5
48027,2017,1,2
48027,2017,2,2
48027,2018,10,2
48027,2019,4,2
48027,2019,10,2
48027,2020,3,2
48027,2020,4,2
48027,2020,6,2
48027,2020,8,2
48027,2021,4,2
48027,2021,6,2
48027,2021,12,9
48027,2022,1,1
48027,2022,4,2
48027,2022,12,4
48027,2023,1,6
48027,2023,2,3
48027,2023,3,1
48027,2023,6,2
48027,2023,7,4
48027,2024,2,3
48027,2024,3,2
48027,2024,10,3
48027,2024,12,6
48027,2025,2,6
48027,2025,3,2
48027,2025,5,2
48027,2025,10,2
48027,2025,11,5
48027,2025,12,7
48029,2015,1,2
48029,2015,2,2
48029,2015,10,2
48029,2015,12,2
48029,2016,1,1
48029,2016,2,1
48029,2016,11,2
48029,2016,12,5
48029,2017,1,6
48029,2017,2,7
48029,2017,11,5
48029,2019,12,3
48029,2021,12,6
48029,2022,1,1
48029,2023,1,6
48029,2023,2,3
48029,2023,3,2
48029,2023,9,2
48029,2024,10,3
48029,2024,12,5
48029,2025,2,6
48029,2025,3,4
48029,2025,5,2
48029,2025,11,2
48029,2025,12,6
48031,2015,1,3
48031,2015,2,2
48031,2015,12,5
48031,2016,2,2
48031,2016,3,2
48031,2017,1,4
48031,2017,11,3
48031,2019,12,2
48031,2021,12,8
48031,2022,1,2
48031,2022,2,2
48031,2022,4,2
48031,2022,5,2
48031,2022,6,1
48031,2022,7,6
48031,2022,9,3
48031,2022,11,2
48031,2022,12,3
48031,2023,1,8
48031,2023,2,6
48031,2023,3,2
48031,2023,4,2
48031,2023,6,2
48031,2023,7,8
48031,2023,9,3
48031,2024,2,3
48031,2024,3,2
48031,2024,6,2
48031,2024,8,7
48031,2024,9,2
48031,2024,10,6
48031,2024,11,2
48031,2024,12,9
48031,2025,2,7
48031,2025,3,3
48031,2025,5,2
48031,2025,11,8
48031,2025,12,6
48033,2015,8,2
48033,2016,2,3
48033,2016,7,4
48033,2016,10,3
48033,2016,11,2
48033,2016,12,2
48033,2017,2,4
48033,2017,3,3
48033,2017,6,1
48033,2017,7,1
48033,2018,1,2
48033,2019,8,2
48033,2021,11,2
48033,2021,12,7
48033,2023,1,2
48033,2023,6,2
48033,2023,7,2
48033,2023,11,3
48033,2024,2,2
48033,2024,10,2
48033,2025,2,6
48033,2025,12,6
48035,2015,12,2
48035,2016,1,1
48035,2016,2,1
48035,2016,11,2
48035,2016,12,5
48035,2017,1,2
48035,2017,2,5
48035,2017,11,2
48035,2018,3,2
48035,2020,3,2
48035,2021,12,11
48035,2023,1,5
48035,2023,2,2
48035,2023,9,2
48035,2024,2,2
48035,2024,12,2
48035,2025,2,3
48035,2025,3,2
48035,2025,11,5
48035,2025,12,6
48037,2015,1,2
48037,2015,6,2
48037,2015,8,2
48037,2015,10,2
48037,2015,12,8
48037,2016,1,2
48037,2016,2,2
48037,2016,3,2
48037,2016,6,2
48037,2016,7,3
48037,2016,10,7
48037,2016,11,5
48037,2016,12,4
48037,2017,1,4
48037,2017,2,5
48037,2017,3,4
48037,2017,10,2
48037,2017,12,2
48037,2018,5,11
48037,2018,6,3
48037,2019,2,2
48037,2019,4,3
48037,2019,9,6
48037,2019,10,3
48037,2020,3,3
48037,2020,6,2
48037,2020,10,2
48037,2021,6,4
48037,2021,10,2
48037,2021,12,10
48037,2022,1,2
48037,2022,5,4
48037,2022,7,4
48037,2022,12,2
48037,2023,1,6
48037,2023,2,3
48037,2023,3,1
48037,2024,2,4
48037,2024,10,7
48037,2024,12,2
48037,2025,2,4
48037,2025,3,3
48037,2025,5,2
48037,2025,11,5
48037,2025,12,6
48039,2015,1,2
48039,2015,7,1
48039,2015,8,11
48039,2015,10,4
48039,2015,12,5
48039,2016,1,1
48039,2016,2,3
48039,2016,3,2
48039,2016,6,3
48039,2016,7,3
48039,2016,8,5
48039,2016,9,4
48039,2016,10,8
48039,2016,11,9
48039,2016,12,5
48039,2017,1,12
48039,2017,2,11
48039,2017,3,8
48039,2017,4,2
48039,2017,10,5
48039,2017,11,2
48039,2017,12,3
48039,2018,2,3
48039,2018,3,1
48039,2018,5,9
48039,2018,6,5
48039,2019,6,5
48039,2020,3,2
48039,2020,4,5
48039,2020,6,2
48039,2021,6,3
48039,2021,12,11
48039,2022,1,1
48039,2022,5,2
48039,2022,6,2
48039,2022,9,2
48039,2022,10,2
48039,2022,12,2
48039,2023,1,7
48039,2023,2,5
48039,2023,3,8
48039,2023,7,3
48039,2023,8,10
48039,2023,9,9
48039,2023,10,2
48039,2024,8,3
48039,2024,9,5
48039,2024,10,5
48039,2024,11,2
48039,2024,12,7
48039,2025,2,7
48039,2025,3,2
48039,2025,11,6
48039,2025,12,10
48041,2015,1,2
48041,2015,10,2
48041,2015,12,4
48041,2016,3,3
48041,2016,10,2
48041,2016,12,5
48041,2017,1,4
48041,2017,2,6
48041,2019,4,2
48041,2019,10,2
48041,2020,4,2
48041,2021,4,2
48041,2021,12,9
48041,2022,1,1
48041,2022,8,2
48041,2022,11,2
48041,2022,12,2
48041,2023,1,4
48041,2023,2,3
48041,2023,3,3
48041,2023,5,2
48041,2023,9,11
48041,2023,10,4
48041,2023,11,2
48041,2024,3,2
48041,2024,9,2
48041,2024,10,8
48041,2024,11,6
48041,2024,12,5
48041,2025,2,7
48041,2025,3,8
48041,2025,4,2
48041,2025,5,2
48041,2025,10,2
48041,2025,12,6
48043,2015,6,2
48043,2016,2,5
48043,2016,10,3
48043,2017,1,3
48043,2017,2,4
48043,2017,3,2
48043,2018,2,2
48043,2019,8,3
48043,2019,12,2
48043,2021,6,2
48043,2021,12,13
48043,2023,7,2
48043,2024,2,2
48043,2024,9,4
48043,2024,11,2
48043,2025,2,7
48043,2025,4,2
48043,2025,12,10
48045,2015,2,5
48045,2015,9,2
48045,2016,1,2
48045,2016,2,3
48045,2016,6,2
48045,2016,7,2
48045,2016,10,2
48045,2016,11,4
48045,2017,2,4
48045,2017,3,4
48045,2017,10,2
48045,2018,1,2
48045,2018,2,2
48045,2019,2,2
48045,2019,4,2
48045,2019,7,2
48045,2019,8,2
48045,2019,12,2
48045,2020,5,2
48045,2020,8,3
48045,2020,12,2
48045,2021,6,2
48045,2021,11,2
48045,2021,12,8
48045,2022,7,2
48045,2022,8,2
48045,2022,9,3
48045,2023,1,2
48045,2023,6,2
48045,2023,7,5
48045,2023,8,3
48045,2023,11,3
48045,2024,2,4
48045,2024,5,2
48045,2024,6,2
48045,2024,8,8
48045,2024,9,5
48045,2024,10,4
48045,2025,2,5
48045,2025,7,2
48045,2025,8,2
48045,2025,11,3
48045,2025,12,8
48047,2016,2,2
48047,2016,3,2
48047,2017,2,3
48047,2017,3,1
48047,2017,4,2
48047,2019,12,2
48047,2022,7,2
48047,2023,9,6
48049,2015,1,2
48049,2015,2,2
48049,2015,3,4
48049,2015,12,3
48049,2016,2,2
48049,2016,10,2
48049,2016,11,3
48049,2017,1,2
48049,2017,2,6
48049,2017,3,3
48049,2017,10,2
48049,2017,11,2
48049,2018,2,2
48049,2018,3,2
48049,2019,2,4
48049,2019,7,2
48049,2019,10,2
48049,2020,10,2
48049,2021,4,2
48049,2021,10,2
48049,2021,12,12
48049,2022,3,2
48049,2022,5,2
48049,2022,7,2
48049,2023,1,4
48049,2023,2,2
48049,2023,5,2
48049,2023,10,2
48049,2023,11,2
48049,2024,2,2
48049,2024,3,2
48049,2024,8,2
48049,2024,12,2
48049,2025,2,5
48049,2025,11,7
48049,2025,12,6
48051,2015,1,2
48051,2015,2,2
48051,2015,10,2
48051,2015,12,5
48051,2016,1,1
48051,2016,2,2
48051,2016,3,3
48051,2016,9,4
48051,2016,10,11
48051,2016,11,3
48051,2016,12,5
48051,2017,1,4
48051,2017,2,7
48051,2017,3,2
48051,2017,4,2
48051,2017,11,3
48051,2017,12,2
48051,2018,11,2
48051,2019,3,2
48051,2019,4,2
48051,2019,8,4
48051,2019,9,7
48051,2019,10,12
48051,2019,11,2
48051,2020,4,2
48051,2021,4,2
48051,2021,12,10
48051,2022,1,1
48051,2022,8,2
48051,2023,1,2
48051,2023,2,3
48051,2023,3,6
48051,2024,2,3
48051,2024,12,2
48051,2025,2,7
48051,2025,5,2
48051,2025,10,2
48051,2025,12,7
48053,2015,2,2
48053,2015,12,2
48053,2016,1,2
48053,2016,3,2
48053,2016,12,2
48053,2017,1,2
48053,2017,2,4
48053,2019,4,2
48053,2019,10,2
48053,2020,3,3
48053,2020,4,2
48053,2020,6,2
48053,2021,6,2
48053,2021,12,8
48053,2022,1,1
48053,2022,5,2
48053,2022,7,2
48053,2022,12,3
48053,2023,1,4
48053,2023,2,3
48053,2023,3,2
48053,2023,6,2
48053,2023,7,4
48053,2023,9,2
48053,2024,2,3
48053,2024,8,2
48053,2024,9,2
48053,2024,10,4
48053,2024,12,6
48053,2025,2,5
48053,2025,3,4
48053,2025,11,7
48053,2025,12,6
48055,2015,1,2
48055,2015,2,2
48055,2015,10,2
48055,2015,12,4
48055,2016,1,1
48055,2016,2,1
48055,2016,3,3
48055,2016,11,2
48055,2016,12,4
48055,2017,1,4
48055,2017,2,8
48055,2017,3,2
48055,2019,3,2
48055,2019,4,2
48055,2019,9,2
48055,2019,10,2
48055,2020,1,4
48055,2020,3,3
48055,2020,4,2
48055,2020,5,2
48055,2020,6,2
48055,2021,5,2
48055,2021,9,2
48055,2021,12,9
48055,2022,1,1
48055,2022,2,2
48055,2023,1,4
48055,2023,2,3
48055,2023,3,1
48055,2024,3,2
48055,2024,5,2
48055,2024,10,3
48055,2024,11,2
48055,2024,12,6
48055,2025,2,7
48055,2025,3,5
48055,2025,5,3
48055,2025,10,4
48055,2025,11,2
48055,2025,12,6
48057,2015,1,3
48057,2015,7,1
48057,2015,8,2
48057,2015,10,2
48057,2015,12,4
48057,2016,9,2
48057,2016,10,2
48057,2016,12,2
48057,2017,1,6
48057,2017,2,9
48057,2017,4,2
48057,2017,6,2
48057,2018,5,4
48057,2019,6,3
48057,2019,7,2
48057,2020,4,3
48057,2020,6,5
48057,2020,8,4
48057,2020,10,2
48057,2021,1,2
48057,2021,12,15
48057,2022,1,1
48057,2022,5,4
48057,2023,1,7
48057,2023,2,6
48057,2023,3,10
48057,2023,6,3
48057,2023,7,5
48057,2023,8,12
48057,2023,9,10
48057,2023,10,2
48057,2024,3,2
48057,2024,5,4
48057,2024,6,3
48057,2024,7,3
48057,2024,8,6
48057,2024,9,2
48057,2024,10,2
48057,2024,11,5
48057,2024,12,7
48057,2025,2,6
48057,2025,3,3
48057,2025,4,3
48057,2025,10,5
48057,2025,11,2
48057,2025,12,8
48059,2015,1,2
48059,2015,2,2
48059,2015,3,2
48059,2015,8,2
48059,2015,12,2
48059,2016,2,2
48059,2016,7,2
48059,2016,10,2
48059,2016,12,2
48059,2017,1,2
48059,2017,3,3
48059,2020,1,2
48059,2020,5,6
48059,2021,10,3
48059,2021,12,14
48059,2022,7,2
48059,2023,1,4
48059,2023,9,4
48059,2023,11,3
48059,2024,2,3
48059,2024,8,2
48059,2024,10,2
48059,2025,2,5
48059,2025,9,2
48059,2025,11,7
48059,2025,12,7
48061,2015,10,3
48061,2015,12,3
48061,2016,1,1
48061,2016,2,1
48061,2016,3,2
48061,2016,9,7
48061,2016,10,6
48061,2017,2,8
48061,2017,3,1
48061,2017,4,4
48061,2017,6,9
48061,2017,8,2
48061,2017,11,4
48061,2017,12,2
48061,2018,2,2
48061,2018,3,2
48061,2018,5,9
48061,2018,6,5
48061,2018,7,9
48061,2018,8,2
48061,2018,9,2
48061,2018,11,3
48061,2019,7,5
48061,2019,8,10
48061,2019,9,2
48061,2019,10,2
48061,2019,12,2
48061,2020,3,3
48061,2020,4,2
48061,2020,7,2
48061,2020,8,3
48061,2020,9,3
48061,2021,1,2
48061,2021,5,2
48061,2021,9,2
48061,2021,12,2
48061,2022,4,2
48061,2022,5,5
48061,2022,7,9
48061,2023,1,2
48061,2023,2,5
48061,2023,3,2
48061,2023,6,13
48061,2023,7,16
48061,2023,8,24
48061,2023,9,23
48061,2024,3,2
48061,2024,5,7
48061,2024,6,6
48061,2024,11,2
48061,2024,12,3
48061,2025,3,3
48061,2025,8,4
48061,2025,10,5
48061,2025,11,4
48063,2015,1,3
48063,2015,3,6
48063,2015,6,4
48063,2015,7,5
48063,2015,8,3
48063,2015,9,2
48063,2015,12,10
48063,2016,1,3
48063,2016,2,2
48063,2016,3,2
48063,2016,4,2
48063,2016,7,4
48063,2016,8,8
48063,2016,10,5
48063,2016,11,5
48063,2016,12,3
48063,2017,1,5
48063,2017,2,7
48063,2017,3,3
48063,2017,12,2
48063,2018,9,2
48063,2019,2,3
48063,2019,4,2
48063,2020,3,3
48063,2020,4,2
48063,2021,12,12
48063,2022,1,1
48063,2022,12,2
48063,2023,1,6
48063,2023,2,2
48063,2023,9,2
48063,2024,2,2
48063,2024,3,2
48063,2024,9,2
48063,2024,10,2
48063,2025,2,5
48063,2025,11,7
48063,2025,12,6
48065,2015,2,4
48065,2015,3,4
48065,2015,10,2
48065,2015,12,2
48065,2016,1,2
48065,2016,2,2
48065,2016,10,5
48065,2016,11,3
48065,2017,2,5
48065,2017,3,4
48065,2017,11,4
48065,2018,1,2
48065,2018,8,2
48065,2019,12,3
48065,2020,5,3
48065,2020,11,2
48065,2021,12,9
48065,2023,1,2
48065,2023,7,2
48065,2023,11,2
48065,2024,2,2
48065,2024,10,2
48065,2025,2,2
48065,2025,3,2
48065,2025,11,3
48065,2025,12,8
48067,2015,1,3
48067,2015,4,5
48067,2015,8,2
48067,2015,10,2
48067,2015,12,6
48067,2016,1,2
48067,2016,2,5
48067,2016,3,2
48067,2016,4,2
48067,2016,7,2
48067,2016,10,7
48067,2016,11,6
48067,2016,12,2
48067,2017,1,3
48067,2017,2,4
48067,2017,3,3
48067,2017,10,4
48067,2017,11,2
48067,2018,3,2
48067,2018,6,2
48067,2019,4,2
48067,2019,9,4
48067,2019,10,4
48067,2020,3,2
48067,2020,4,2
48067,2021,12,12
48067,2022,5,6
48067,2022,7,2
48067,2022,12,2
48067,2023,1,4
48067,2023,2,2
48067,2023,4,2
48067,2023,8,3
48067,2023,9,2
48067,2024,2,5
48067,2024,5,2
48067,2024,10,4
48067,2025,2,4
48067,2025,3,2
48067,2025,10,2
48067,2025,11,6
48067,2025,12,3
48069,2015,1,2
48069,2015,2,5
48069,2015,4,3
48069,2015,10,2
48069,2015,12,2
48069,2016,1,2
48069,2016,2,4
48069,2016,7,2
48069,2016,10,4
48069,2016,11,5
48069,2017,2,2
48069,2017,3,3
48069,2018,1,2
48069,2018,3,2
48069,2018,8,2
48069,2019,3,2
48069,2020,5,2
48069,2020,10,2
48069,2021,11,2
48069,2021,12,4
48069,2023,7,5
48069,2023,8,2
48069,2023,11,3
48069,2024,2,2
48069,2024,10,2
48069,2024,12,2
48069,2025,2,5
48069,2025,11,3
48069,2025,12,8
48071,2015,8,3
48071,2015,10,2
48071,2015,12,5
48071,2016,9,2
48071,2016,11,2
48071,2016,12,5
48071,2017,1,2
48071,2017,2,2
48071,2017,12,2
48071,2018,2,2
48071,2018,3,2
48071,2018,5,4
48071,2019,10,2
48071,2021,12,10
48071,2022,1,1
48071,2022,12,4
48071,2023,1,2
48071,2023,2,4
48071,2023,3,7
48071,2023,7,2
48071,2023,8,2
48071,2023,10,2
48071,2024,7,2
48071,2024,10,2
48071,2024,12,6
48071,2025,2,7
48071,2025,12,5
48073,2015,1,2
48073,2015,10,4
48073,2015,12,3
48073,2016,1,1
48073,2016,2,2
48073,2016,3,2
48073,2016,7,2
48073,2016,11,2
48073,2016,12,3
48073,2017,1,4
48073,2017,2,2
48073,2017,10,2
48073,2018,3,4
48073,2019,2,2
48073,2019,10,2
48073,2020,3,2
48073,2020,4,2
48073,2021,10,2
48073,2021,12,13
48073,2022,1,2
48073,2022,5,2
48073,2022,12,2
48073,2023,2,2
48073,2023,3,2
48073,2023,8,2
48073,2024,10,3
48073,2024,12,3
48073,2025,1,1
48073,2025,2,5
48073,2025,3,2
48073,2025,11,3
48073,2025,12,3
48075,2015,1,2
48075,2015,2,4
48075,2015,4,2
48075,2015,7,2
48075,2015,12,3
48075,2016,1,3
48075,2016,2,3
48075,2016,7,2
48075,2016,10,2
48075,2016,11,5
48075,2017,1,2
48075,2017,2,6
48075,2017,3,5
48075,2017,12,2
48075,2018,1,2
48075,2019,2,2
48075,2019,8,3
48075,2019,12,2
48075,2020,1,2
48075,2020,3,2
48075,2020,5,3
48075,2020,12,2
48075,2021,6,3
48075,2021,10,4
48075,2021,11,1
48075,2021,12,11
48075,2022,5,3
48075,2023,1,4
48075,2023,2,2
48075,2023,7,2
48075,2023,8,2
48075,2023,9,2
48075,2023,11,2
48075,2024,2,2
48075,2024,6,2
48075,2024,10,2
48075,2025,2,2
48075,2025,11,5
48075,2025,12,7
48077,2015,1,2
48077,2015,12,2
48077,2016,1,2
48077,2016,2,2
48077,2016,10,2
48077,2016,11,4
48077,2016,12,2
48077,2017,1,2
48077,2017,2,4
48077,2017,3,4
48077,2017,12,2
48077,2019,2,2
48077,2020,5,3
48077,2020,8,2
48077,2021,12,12
48077,2022,3,2
48077,2023,1,4
48077,2023,2,2
48077,2023,6,2
48077,2023,9,2
48077,2023,11,2
48077,2024,2,3
48077,2024,3,2
48077,2024,5,2
48077,2025,2,2
48077,2025,3,2
48077,2025,11,6
48077,2025,12,6
48079,2015,2,5
48079,2015,9,2
48079,2016,1,2
48079,2016,2,3
48079,2016,7,7
48079,2016,10,4
48079,2017,2,4
48079,2017,3,5
48079,2017,11,2
48079,2018,3,2
48079,2019,3,2
48079,2019,11,2
48079,2020,7,2
48079,2020,10,2
48079,2020,12,2
48079,2021,2,2
48079,2021,11,2
48079,2021,12,7
48079,2022,9,2
48079,2023,9,4
48079,2024,9,3
48079,2024,10,2
48079,2024,12,2
48079,2025,2,6
48079,2025,3,2
48079,2025,11,4
48079,2025,12,11
48081,2015,12,2
48081,2016,1,2
48081,2016,2,3
48081,2016,10,3
48081,2017,1,2
48081,2017,2,2
48081,2017,3,2
48081,2020,3,2
48081,2021,10,3
48081,2021,12,13
48081,2023,1,4
48081,2023,6,3
48081,2023,11,2
48081,2024,2,3
48081,2025,2,6
48081,2025,11,4
48081,2025,12,7
48083,2015,2,2
48083,2015,3,2
48083,2015,10,2
48083,2015,12,5
48083,2016,1,2
48083,2016,2,4
48083,2016,7,2
48083,2016,9,2
48083,2016,10,4
48083,2017,1,2
48083,2017,2,6
48083,2017,3,4
48083,2017,11,4
48083,2018,1,2
48083,2019,7,2
48083,2020,3,2
48083,2020,5,6
48083,2020,7,2
48083,2020,10,4
48083,2020,12,2
48083,2021,10,2
48083,2021,11,2
48083,2021,12,15
48083,2022,4,2
48083,2022,7,2
48083,2023,1,5
48083,2023,2,2
48083,2023,3,2
48083,2023,6,4
48083,2023,9,2
48083,2023,11,3
48083,2024,2,2
48083,2024,3,2
48083,2024,8,2
48083,2024,12,3
48083,2025,2,5
48083,2025,9,2
48083,2025,11,8
48083,2025,12,9
48085,2015,1,2
48085,2015,6,2
48085,2015,12,6
48085,2016,3,2
48085,2016,4,2
48085,2016,10,2
48085,2016,12,2
48085,2017,1,4
48085,2017,2,4
48085,2017,3,2
48085,2017,11,2
48085,2017,12,2
48085,2019,2,3
48085,2019,4,2
48085,2020,3,5
48085,2020,4,2
48085,2020,5,2
48085,2020,6,2
48085,2020,12,2
48085,2021,6,2
48085,2021,12,11
48085,2022,12,2
48085,2023,1,6
48085,2023,2,3
48085,2023,4,2
48085,2023,9,2
48085,2024,1,2
48085,2024,2,5
48085,2024,3,4
48085,2024,5,2
48085,2024,9,3
48085,2024,10,2
48085,2024,12,3
48085,2025,2,2
48085,2025,3,2
48085,2025,4,2
48085,2025,5,2
48085,2025,11,5
48085,2025,12,6
48087,2015,1,6
48087,2015,2,4
48087,2015,3,3
48087,2015,4,1
48087,2015,9,2
48087,2016,1,2
48087,2016,2,2
48087,2016,7,2
48087,2016,10,12
48087,2016,11,3
48087,2016,12,2
48087,2017,2,2
48087,2017,3,2
48087,2017,10,2
48087,2017,11,3
48087,2017,12,2
48087,2018,2,2
48087,2020,5,2
48087,2021,12,7
48087,2023,1,2
48087,2023,7,3
48087,2023,11,2
48087,2024,2,2
48087,2025,2,2
48087,2025,11,3
48087,2025,12,8
48089,2015,10,2
48089,2015,12,2
48089,2016,10,4
48089,2016,12,2
48089,2017,2,5
48089,2021,12,2
48089,2022,1,2
48089,2023,2,1
48089,2023,3,1
48089,2024,2,2
48089,2024,10,2
48089,2024,11,2
48089,2024,12,2
48089,2025,2,7
48089,2025,3,2
48089,2025,10,2
48089,2025,11,4
48089,2025,12,4
48091,2015,1,2
48091,2015,12,3
48091,2016,3,2
48091,2016,10,2
48091,2016,11,2
48091,2016,12,2
48091,2017,1,4
48091,2017,2,6
48091,2017,7,2
48091,2017,11,2
48091,2019,10,6
48091,2020,3,2
48091,2020,4,2
48091,2021,12,2
48091,2022,1,1
48091,2022,2,2
48091,2022,7,2
48091,2023,2,1
48091,2023,3,2
48091,2023,6,2
48091,2023,9,4
48091,2024,2,2
48091,2024,8,2
48091,2024,10,2
48091,2024,11,2
48091,2025,2,3
48091,2025,4,2
48091,2025,5,4
48091,2025,11,2
48091,2025,12,6
48093,2015,12,3
48093,2016,9,2
48093,2017,2,4
48093,2017,9,2
48093,2017,11,2
48093,2018,1,2
48093,2018,2,2
48093,2019,2,2
48093,2019,4,2
48093,2020,1,2
48093,2020,5,3
48093,2021,10,2
48093,2021,12,15
48093,2022,1,2
48093,2022,5,4
48093,2022,6,3
48093,2022,7,7
48093,2022,8,2
48093,2022,9,2
48093,2023,1,4
48093,2023,3,2
48093,2023,5,2
48093,2023,6,5
48093,2023,7,4
48093,2023,9,6
48093,2023,11,2
48093,2024,2,5
48093,2024,6,14
48093,2024,7,6
48093,2024,8,17
48093,2024,9,6
48093,2024,10,2
48093,2024,12,3
48093,2025,2,6
48093,2025,3,4
48093,2025,5,2
48093,2025,6,2
48093,2025,7,2
48093,2025,8,4
48093,2025,9,3
48093,2025,11,9
48093,2025,12,7
48095,2015,1,2
48095,2015,3,2
48095,2016,1,2
48095,2016,2,2
48095,2016,10,2
48095,2016,11,2
48095,2016,12,2
48095,2017,1,4
48095,2017,3,2
48095,2017,11,2
48095,2019,2,2
48095,2019,12,2
48095,2020,5,2
48095,2021,10,2
48095,2021,12,10
48095,2022,7,2
48095,2023,1,4
48095,2023,3,2
48095,2023,6,2
48095,2023,9,4
48095,2023,11,2
48095,2024,2,2
48095,2024,4,4
48095,2024,12,6
48095,2025,2,6
48095,2025,3,2
48095,2025,9,2
48095,2025,11,7
48095,2025,12,7
48097,2015,1,2
48097,2015,6,2
48097,2015,12,2
48097,2016,10,2
48097,2017,1,1
48097,2017,2,3
48097,2017,3,2
48097,2017,12,2
48097,2019,2,3
48097,2020,3,2
48097,2021,12,11
48097,2023,1,5
48097,2023,2,2
48097,2023,9,2
48097,2024,2,3
48097,2024,3,2
48097,2024,10,3
48097,2025,2,2
48097,2025,11,3
48097,2025,12,6
48099,2015,1,2
48099,2015,2,2
48099,2015,3,2
48099,2015,7,2
48099,2015,12,3
48099,2016,1,2
48099,2016,3,2
48099,2016,6,3
48099,2016,7,4
48099,2016,9,2
48099,2016,10,3
48099,2016,11,3
48099,2016,12,2
48099,2017,1,4
48099,2017,2,6
48099,2017,11,4
48099,2018,11,2
48099,2019,4,2
48099,2019,6,4
48099,2020,3,2
48099,2020,4,3
48099,2020,8,2
48099,2020,10,2
48099,2021,4,2
48099,2021,12,16
48099,2022,1,1
48099,2022,12,4
48099,2023,1,6
48099,2023,2,4
48099,2023,3,1
48099,2023,5,2
48099,2023,7,2
48099,2024,2,3
48099,2024,9,2
48099,2024,10,2
48099,2024,12,3
48099,2025,2,5
48099,2025,11,4
48099,2025,12,7
48101,2015,1,2
48101,2015,2,4
48101,2015,4,2
48101,2015,7,6
48101,2015,8,4
48101,2015,12,2
48101,2016,1,2
48101,2016,2,2
48101,2016,6,2
48101,2016,7,6
48101,2016,10,2
48101,2016,11,4
48101,2017,1,2
48101,2017,2,6
48101,2017,3,5
48101,2018,5,2
48101,2018,6,2
48101,2019,4,2
48101,2020,5,2
48101,2020,10,2
48101,2020,12,3
48101,2021,11,4
48101,2021,12,11
48101,2022,3,2
48101,2022,5,2
48101,2023,1,4
48101,2023,6,2
48101,2023,7,5
48101,2023,8,2
48101,2023,9,2
48101,2023,11,3
48101,2024,2,3
48101,2024,9,2
48101,2024,10,2
48101,2025,2,2
48101,2025,11,6
48101,2025,12,6
48103,2015,8,4
48103,2016,1,1
48103,2016,2,5
48103,2016,10,6
48103,2016,11,2
48103,2016,12,2
48103,2017,1,4
48103,2017,2,4
48103,2017,3,3
48103,2017,4,2
48103,2017,6,2
48103,2017,9,2
48103,2017,10,2
48103,2017,11,2
48103,2018,2,2
48103,2018,4,4
48103,2018,7,2
48103,2019,6,2
48103,2019,8,4
48103,2019,12,2
48103,2020,9,2
48103,2020,11,2
48103,2021,6,2
48103,2021,12,7
48103,2022,8,2
48103,2023,1,2
48103,2023,2,2
48103,2023,7,2
48103,2023,9,5
48103,2023,11,3
48103,2023,12,2
48103,2024,2,4
48103,2024,4,2
48103,2024,5,2
48103,2024,7,2
48103,2024,10,3
48103,2024,11,2
48103,2024,12,4
48103,2025,1,1
48103,2025,2,8
48103,2025,6,2
48103,2025,7,2
48103,2025,8,4
48103,2025,9,2
48103,2025,11,4
48103,2025,12,10
48105,2015,8,3
48105,2015,10,4
48105,2015,12,5
48105,2016,1,1
48105,2016,2,3
48105,2016,7,3
48105,2016,8,3
48105,2016,9,4
48105,2016,10,7
48105,2017,1,3
48105,2017,2,6
48105,2017,3,4
48105,2017,11,4
48105,2017,12,2
48105,2018,7,2
48105,2019,9,2
48105,2019,12,2
48105,2020,5,2
48105,2021,10,2
48105,2021,11,3
48105,2021,12,10
48105,2022,7,4
48105,2023,1,5
48105,2023,5,2
48105,2023,7,3
48105,2023,9,2
48105,2023,11,3
48105,2024,2,5
48105,2024,6,2
48105,2024,10,2
48105,2024,12,2
48105,2025,2,7
48105,2025,11,8
48105,2025,12,8
48107,2015,1,2
48107,2015,2,5
48107,2015,12,2
48107,2016,1,2
48107,2016,2,3
48107,2016,7,7
48107,2016,8,2
48107,2016,9,2
48107,2016,10,4
48107,2016,11,2
48107,2017,2,8
48107,2017,3,5
48107,2017,6,3
48107,2017,7,1
48107,2017,11,2
48107,2018,1,2
48107,2018,2,2
48107,2018,5,3
48107,2018,6,2
48107,2018,8,2
48107,2020,5,2
48107,2020,7,2
48107,2020,8,4
48107,2020,12,2
48107,2021,12,6
48107,2022,5,2
48107,2022,8,2
48107,2023,1,4
48107,2023,7,5
48107,2023,8,3
48107,2023,11,3
48107,2024,2,2
48107,2024,6,2
48107,2024,8,5
48107,2024,9,3
48107,2024,10,3
48107,2024,12,2
48107,2025,2,5
48107,2025,11,5
48107,2025,12,5
48109,2015,2,3
48109,2016,2,4
48109,2017,2,2
48109,2017,3,5
48109,2017,11,2
48109,2020,11,2
48109,2021,11,3
48109,2022,11,2
48109,2025,2,6
48109,2025,12,4
48111,2015,1,2
48111,2015,2,4
48111,2015,4,2
48111,2015,7,4
48111,2015,12,2
48111,2016,1,2
48111,2016,2,2
48111,2016,3,2
48111,2016,6,2
48111,2016,7,2
48111,2016,8,2
48111,2016,9,9
48111,2016,10,5
48111,2016,11,3
48111,2017,2,5
48111,2017,3,3
48111,2017,4,2
48111,2017,6,3
48111,2017,9,2
48111,2017,11,2
48111,2017,12,3
48111,2018,1,4
48111,2018,3,2
48111,2018,5,2
48111,2018,6,2
48111,2019,2,2
48111,2019,4,2
48111,2019,7,2
48111,2019,8,5
48111,2019,12,3
48111,2020,3,2
48111,2020,5,3
48111,2020,7,4
48111,2020,8,6
48111,2020,11,2
48111,2021,2,2
48111,2021,6,2
48111,2021,8,3
48111,2021,9,2
48111,2021,12,10
48111,2022,3,6
48111,2022,5,3
48111,2022,6,2
48111,2022,9,2
48111,2023,1,4
48111,2023,7,3
48111,2023,8,2
48111,2023,9,7
48111,2023,10,5
48111,2023,11,3
48111,2023,12,2
48111,2024,1,1
48111,2024,2,4
48111,2024,6,6
48111,2024,8,5
48111,2024,10,5
48111,2025,2,5
48111,2025,3,5
48111,2025,4,2
48111,2025,11,4
48111,2025,12,9
48113,2015,1,2
48113,2015,12,6
48113,2016,3,2
48113,2016,10,2
48113,2016,11,2
48113,2016,12,3
48113,2017,1,4
48113,2017,2,3
48113,2017,3,3
48113,2017,10,2
48113,2017,11,2
48113,2017,12,3
48113,2019,2,3
48113,2019,4,2
48113,2020,3,2
48113,2020,5,2
48113,2020,8,3
48113,2020,12,2
48113,2021,12,11
48113,2022,12,2
48113,2023,1,6
48113,2024,2,2
48113,2024,3,2
48113,2024,12,3
48113,2025,11,5
48113,2025,12,6
48115,2015,1,2
48115,2015,2,4
48115,2016,1,2
48115,2016,2,4
48115,2016,7,4
48115,2016,10,2
48115,2016,12,2
48115,2017,2,2
48115,2017,3,2
48115,2017,6,1
48115,2017,7,1
48115,2017,9,2
48115,2017,10,2
48115,2017,11,2
48115,2018,1,2
48115,2021,12,9
48115,2023,1,4
48115,2024,2,2
48115,2024,10,2
48115,2025,2,5
48115,2025,11,5
48115,2025,12,6
48117,2015,2,5
48117,2015,4,3
48117,2015,7,2
48117,2015,10,2
48117,2015,12,2
48117,2016,1,2
48117,2016,2,4
48117,2016,7,3
48117,2016,10,6
48117,2016,11,5
48117,2017,2,3
48117,2017,3,6
48117,2017,6,3
48117,2017,11,2
48117,2018,1,2
48117,2018,8,2
48117,2019,1,2
48117,2019,3,2
48117,2019,7,2
48117,2019,8,6
48117,2019,9,2
48117,2020,4,2
48117,2020,5,2
48117,2020,6,2
48117,2020,8,2
48117,2020,10,2
48117,2021,10,2
48117,2021,11,5
48117,2021,12,6
48117,2022,3,2
48117,2022,6,2
48117,2022,7,3
48117,2022,9,4
48117,2023,7,2
48117,2023,8,2
48117,2023,9,4
48117,2023,11,3
48117,2024,2,2
48117,2024,7,1
48117,2024,8,1
48117,2024,10,2
48117,2025,2,5
48117,2025,3,2
48117,2025,11,3
48117,2025,12,8
48119,2015,1,2
48119,2015,6,2
48119,2015,12,10
48119,2016,1,2
48119,2016,2,1
48119,2016,3,2
48119,2016,8,2
48119,2016,10,7
48119,2016,11,4
48119,2016,12,4
48119,2017,1,3
48119,2017,2,7
48119,2017,3,3
48119,2017,11,2
48119,2017,12,2
48119,2019,2,3
48119,2019,4,2
48119,2019,9,2
48119,2020,3,6
48119,2020,4,2
48119,2020,6,3
48119,2021,6,2
48119,2021,12,17
48119,2022,3,2
48119,2022,5,2
48119,2023,1,8
48119,2023,2,3
48119,2023,3,3
48119,2023,9,2
48119,2024,2,5
48119,2024,3,4
48119,2024,6,4
48119,2024,7,2
48119,2024,9,2
48119,2024,10,2
48119,2024,12,2
48119,2025,2,5
48119,2025,3,4
48119,2025,11,7
48119,2025,12,6
48121,2015,1,2
48121,2015,2,2
48121,2015,3,2
48121,2015,12,4
48121,2016,1,2
48121,2016,10,7
48121,2016,11,4
48121,2016,12,2
48121,2017,1,6
48121,2017,2,5
48121,2017,3,5
48121,2017,11,2
48121,2017,12,3
48121,2018,10,2
48121,2019,2,3
48121,2020,3,4
48121,2020,5,2
48121,2020,6,3
48121,2020,8,2
48121,2020,12,2
48121,2021,12,13
48121,2023,1,4
48121,2023,5,2
48121,2023,9,2
48121,2023,11,2
48121,2024,2,3
48121,2024,3,3
48121,2024,12,3
48121,2025,2,2
48121,2025,3,3
48121,2025,4,2
48121,2025,11,5
48121,2025,12,7
48123,2015,2,2
48123,2015,10,2
48123,2015,12,4
48123,2016,3,2
48123,2016,9,3
48123,2016,10,10
48123,2016,11,3
48123,2016,12,4
48123,2017,1,5
48123,2017,2,7
48123,2017,3,7
48123,2017,4,3
48123,2017,11,3
48123,2018,5,2
48123,2018,11,2
48123,2019,4,2
48123,2019,8,2
48123,2019,10,6
48123,2019,12,2
48123,2020,1,2
48123,2020,4,2
48123,2020,5,2
48123,2020,8,5
48123,2020,10,2
48123,2021,3,2
48123,2021,4,2
48123,2021,12,9
48123,2022,1,4
48123,2022,2,2
48123,2022,3,3
48123,2022,4,2
48123,2022,5,5
48123,2022,6,8
48123,2022,7,3
48123,2022,10,2
48123,2023,2,1
48123,2023,3,4
48123,2023,6,2
48123,2023,7,2
48123,2023,9,12
48123,2024,2,4
48123,2024,3,2
48123,2024,5,6
48123,2024,6,4
48123,2024,7,2
48123,2024,8,2
48123,2024,9,8
48123,2024,10,14
48123,2024,11,10
48123,2024,12,9
48123,2025,2,9
48123,2025,3,12
48123,2025,4,7
48123,2025,5,7
48123,2025,8,9
48123,2025,9,13
48123,2025,10,8
48123,2025,11,14
48123,2025,12,2
48125,2015,1,2
48125,2015,2,4
48125,2015,9,2
48125,2016,1,2
48125,2016,2,3
48125,2016,7,5
48125,2016,10,4
48125,2017,2,8
48125,2017,3,3
48125,2017,6,3
48125,2017,7,1
48125,2017,11,2
48125,2018,2,2
48125,2018,6,2
48125,2019,7,2
48125,2019,8,4
48125,2020,5,2
48125,2020,12,2
48125,2021,12,6
48125,2022,5,2
48125,2023,1,5
48125,2023,6,2
48125,2023,7,3
48125,2023,8,3
48125,2023,11,2
48125,2024,2,2
48125,2024,8,2
48125,2024,10,3
48125,2025,2,5
48125,2025,9,2
48125,2025,11,4
48125,2025,12,6
48127,2015,12,2
48127,2016,1,1
48127,2016,2,2
48127,2016,10,2
48127,2017,1,4
48127,2017,2,4
48127,2017,6,2
48127,2018,8,2
48127,2019,6,3
48127,2019,8,2
48127,2019,12,3
48127,2020,4,2
48127,2020,5,2
48127,2020,6,2
48127,2021,10,2
48127,2021,12,12
48127,2022,1,1
48127,2023,1,7
48127,2023,2,1
48127,2023,3,2
48127,2024,2,3
48127,2024,10,4
48127,2024,11,5
48127,2024,12,2
48127,2025,2,7
48127,2025,5,2
48127,2025,11,3
48127,2025,12,6
48129,2015,1,2
48129,2015,2,5
48129,2015,4,5
48129,2015,9,2
48129,2015,10,2
48129,2016,1,2
48129,2016,7,2
48129,2016,10,5
48129,2016,11,4
48129,2017,2,6
48129,2017,3,6
48129,2020,5,2
48129,2021,12,9
48129,2022,9,2
48129,2023,1,2
48129,2023,6,2
48129,2023,7,2
48129,2023,8,2
48129,2024,2,2
48129,2024,9,2
48129,2024,10,2
48129,2025,2,2
48129,2025,11,2
48129,2025,12,8
48131,2015,10,3
48131,2016,2,2
48131,2017,1,4
48131,2017,2,7
48131,2017,9,2
48131,2017,11,2
48131,2019,8,2
48131,2019,12,2
48131,2020,8,2
48131,2021,4,2
48131,2021,12,2
48131,2022,1,2
48131,2022,4,2
48131,2022,7,9
48131,2022,10,2
48131,2023,1,7
48131,2023,2,3
48131,2023,3,4
48131,2023,6,14
48131,2023,8,7
48131,2023,9,12
48131,2023,10,2
48131,2024,2,3
48131,2024,5,2
48131,2024,6,2
48131,2024,8,2
48131,2024,10,5
48131,2024,11,4
48131,2024,12,4
48131,2025,2,6
48131,2025,3,2
48131,2025,4,3
48131,2025,5,5
48131,2025,8,6
48131,2025,9,6
48131,2025,11,5
48131,2025,12,2
48133,2015,1,2
48133,2015,12,4
48133,2016,1,2
48133,2016,2,3
48133,2016,6,2
48133,2016,7,2
48133,2016,9,2
48133,2016,10,5
48133,2016,12,2
48133,2017,1,2
48133,2017,2,6
48133,2017,3,3
48133,2017,11,2
48133,2019,7,2
48133,2020,3,2
48133,2020,5,4
48133,2020,8,2
48133,2021,10,3
48133,2021,11,2
48133,2021,12,13
48133,2022,7,3
48133,2023,1,4
48133,2023,2,2
48133,2023,3,2
48133,2023,9,3
48133,2023,11,2
48133,2024,2,5
48133,2024,6,4
48133,2024,8,2
48133,2024,9,2
48133,2024,10,3
48133,2024,12,3
48133,2025,2,5
48133,2025,3,2
48133,2025,11,10
48133,2025,12,6
48135,2015,12,2
48135,2016,2,3
48135,2016,10,2
48135,2016,12,2
48135,2017,1,4
48135,2017,2,4
48135,2017,3,6
48135,2017,11,2
48135,2018,1,2
48135,2018,3,2
48135,2019,8,2
48135,2019,12,2
48135,2021,12,9
48135,2022,8,2
48135,2023,1,2
48135,2023,7,2
48135,2023,11,3
48135,2024,2,2
48135,2024,10,2
48135,2024,12,2
48135,2025,2,7
48135,2025,12,9
48137,2015,1,2
48137,2015,2,3
48137,2015,12,6
48137,2016,1,2
48137,2016,2,1
48137,2016,12,2
48137,2017,2,4
48137,2017,11,2
48137,2019,2,2
48137,2019,12,2
48137,2021,12,12
48137,2022,1,1
48137,2023,1,4
48137,2023,2,1
48137,2023,3,1
48137,2023,6,2
48137,2024,2,3
48137,2024,12,3
48137,2025,2,5
48137,2025,11,8
48137,2025,12,8
48139,2015,6,2
48139,2015,12,7
48139,2016,1,2
48139,2016,2,1
48139,2016,3,2
48139,2016,10,6
48139,2016,11,2
48139,2016,12,5
48139,2017,1,3
48139,2017,2,5
48139,2017,3,2
48139,2017,12,2
48139,2019,2,2
48139,2019,4,2
48139,2019,8,2
48139,2020,3,2
48139,2020,4,2
48139,2020,6,2
48139,2020,12,2
48139,2021,6,3
48139,2021,10,2
48139,2021,12,17
48139,2022,3,2
48139,2022,12,4
48139,2023,1,6
48139,2023,2,2
48139,2023,6,2
48139,2024,1,2
48139,2024,2,2
48139,2024,3,2
48139,2024,5,2
48139,2024,7,2
48139,2024,12,3
48139,2025,2,5
48139,2025,3,5
48139,2025,11,5
48139,2025,12,7
48141,2015,2,4
48141,2016,2,4
48141,2016,12,2
48141,2017,1,5
48141,2017,2,6
48141,2017,3,12
48141,2017,4,2
48141,2017,10,5
48141,2017,11,7
48141,2017,12,5
48141,2018,1,1
48141,2018,2,4
48141,2018,3,4
48141,2018,5,2
48141,2019,2,2
48141,2019,3,3
48141,2020,5,2
48141,2020,10,2
48141,2020,11,7
48141,2021,2,2
48141,2021,4,4
48141,2021,5,2
48141,2021,12,9
48141,2022,8,2
48141,2022,11,2
48141,2022,12,2
48141,2023,1,2
48141,2023,2,2
48141,2023,11,3
48141,2024,2,4
48141,2024,10,5
48141,2024,11,2
48141,2024,12,3
48141,2025,1,2
48141,2025,2,8
48141,2025,3,3
48141,2025,4,4
48141,2025,11,2
48141,2025,12,12
48143,2015,1,2
48143,2015,2,4
48143,2015,3,2
48143,2015,12,7
48143,2016,1,3
48143,2016,2,1
48143,2016,6,4
48143,2016,9,5
48143,2016,10,10
48143,2016,11,5
48143,2016,12,2
48143,2017,1,4
48143,2017,2,8
48143,2017,3,4
48143,2017,11,4
48143,2018,1,2
48143,2018,2,2
48143,2018,3,2
48143,2018,6,2
48143,2018,10,2
48143,2019,2,5
48143,2019,4,2
48143,2019,6,2
48143,2019,11,2
48143,2020,1,2
48143,2020,2,2
48143,2020,3,2
48143,2020,5,3
48143,2020,12,2
48143,2021,10,2
48143,2021,11,3
48143,2021,12,17
48143,2022,5,2
48143,2022,7,2
48143,2022,12,3
48143,2023,1,4
48143,2023,2,2
48143,2023,6,2
48143,2023,9,2
48143,2023,11,2
48143,2024,2,5
48143,2024,6,4
48143,2024,9,3
48143,2024,10,2
48143,2024,12,5
48143,2025,2,8
48143,2025,3,2
48143,2025,11,9
48143,2025,12,6
48145,2015,1,2
48145,2015,10,2
48145,2015,12,2
48145,2016,2,2
48145,2016,3,2
48145,2016,12,2
48145,2017,1,2
48145,2017,2,4
48145,2019,4,2
48145,2020,3,4
48145,2020,4,2
48145,2021,4,2
48145,2021,12,11
48145,2022,1,1
48145,2022,3,3
48145,2023,1,4
48145,2023,2,1
48145,2023,3,1
48145,2023,5,2
48145,2023,9,2
48145,2024,2,3
48145,2024,5,2
48145,2024,6,4
48145,2024,7,2
48145,2024,12,2
48145,2025,2,6
48145,2025,3,2
48145,2025,5,2
48145,2025,10,2
48145,2025,11,4
48145,2025,12,6
48147,2015,1,3
48147,2015,6,3
48147,2015,12,7
48147,2016,1,2
48147,2016,6,2
48147,2016,7,2
48147,2016,8,2
48147,2016,10,7
48147,2016,11,4
48147,2017,1,3
48147,2017,2,5
48147,2017,3,2
48147,2017,10,2
48147,2017,12,2
48147,2018,6,2
48147,2019,2,2
48147,2019,4,2
48147,2020,3,5
48147,2020,4,2
48147,2020,6,3
48147,2020,10,2
48147,2020,12,2
48147,2021,6,5
48147,2021,12,17
48147,2022,5,2
48147,2023,1,5
48147,2024,1,2
48147,2024,2,4
48147,2024,3,3
48147,2024,5,4
48147,2024,6,14
48147,2024,7,5
48147,2024,9,6
48147,2024,10,7
48147,2025,3,4
48147,2025,11,7
48147,2025,12,6
48149,2015,1,2
48149,2015,2,2
48149,2015,12,2
48149,2016,1,1
48149,2016,2,1
48149,2016,3,3
48149,2016,12,4
48149,2017,1,3
48149,2017,2,9
48149,2017,3,2
48149,2019,4,2
48149,2019,10,2
48149,2020,3,2
48149,2020,4,2
48149,2020,8,3
48149,2021,12,13
48149,2022,1,1
48149,2022,10,4
48149,2022,11,2
48149,2022,12,5
48149,2023,1,3
48149,2023,2,1
48149,2023,3,1
48149,2023,10,2
48149,2024,10,7
48149,2024,11,4
48149,2024,12,5
48149,2025,2,7
48149,2025,3,6
48149,2025,4,2
48149,2025,10,6
48149,2025,11,5
48149,2025,12,5
48151,2015,1,2
48151,2016,2,2
48151,2016,7,7
48151,2016,9,2
48151,2016,10,3
48151,2016,11,1
48151,2017,2,4
48151,2017,3,3
48151,2017,11,2
48151,2018,2,2
48151,2019,8,2
48151,2020,5,4
48151,2020,6,4
48151,2020,8,7
48151,2020,9,1
48151,2021,12,8
48151,2023,6,2
48151,2023,11,2
48151,2024,2,2
48151,2025,2,5
48151,2025,11,4
48151,2025,12,6
48153,2015,2,5
48153,2016,1,2
48153,2016,2,3
48153,2016,7,2
48153,2016,10,2
48153,2016,11,2
48153,2017,2,4
48153,2017,3,3
48153,2017,10,2
48153,2017,11,2
48153,2018,1,2
48153,2018,2,2
48153,2020,5,4
48153,2020,12,2
48153,2021,11,1
48153,2021,12,7
48153,2022,8,2
48153,2023,1,5
48153,2023,2,2
48153,2023,7,3
48153,2023,8,2
48153,2023,11,3
48153,2024,2,2
48153,2024,9,4
48153,2024,10,4
48153,2025,2,5
48153,2025,3,2
48153,2025,11,3
48153,2025,12,8
48155,2015,1,2
48155,2015,2,4
48155,2015,3,2
48155,2015,8,2
48155,2015,12,2
48155,2016,1,3
48155,2016,2,4
48155,2016,6,2
48155,2016,7,7
48155,2016,10,5
48155,2016,11,4
48155,2017,1,4
48155,2017,2,7
48155,2017,3,6
48155,2018,5,2
48155,2018,6,2
48155,2018,11,2
48155,2019,2,2
48155,2019,7,2
48155,2019,8,2
48155,2019,12,2
48155,2020,1,2
48155,2020,3,2
48155,2020,5,3
48155,2020,8,5
48155,2020,12,2
48155,2021,10,3
48155,2021,11,3
48155,2021,12,12
48155,2022,3,2
48155,2022,5,2
48155,2023,1,5
48155,2023,6,3
48155,2023,7,4
48155,2023,8,2
48155,2023,9,2
48155,2023,11,3
48155,2024,2,4
48155,2024,3,2
48155,2024,10,3
48155,2025,2,5
48155,2025,3,2
48155,2025,9,2
48155,2025,11,7
48155,2025,12,8
48157,2015,1,3
48157,2015,2,2
48157,2015,4,3
48157,2015,10,3
48157,2015,12,3
48157,2016,3,2
48157,2016,10,3
48157,2016,12,5
48157,2017,2,8
48157,2017,3,3
48157,2017,10,4
48157,2017,11,2
48157,2017,12,2
48157,2018,2,7
48157,2018,3,3
48157,2018,5,10
48157,2018,6,2
48157,2018,11,2
48157,2021,1,3
48157,2021,4,4
48157,2021,12,16
48157,2022,1,1
48157,2022,10,4
48157,2022,11,2
48157,2022,12,4
48157,2023,1,4
48157,2023,2,4
48157,2023,3,5
48157,2023,8,6
48157,2023,9,13
48157,2023,10,2
48157,2023,11,2
48157,2024,2,2
48157,2024,6,2
48157,2024,8,2
48157,2024,9,5
48157,2024,10,7
48157,2024,11,2
48157,2024,12,3
48157,2025,2,8
48157,2025,3,6
48157,2025,4,2
48157,2025,10,6
48157,2025,11,12
48157,2025,12,7
48159,2015,1,2
48159,2015,10,2
48159,2015,12,4
48159,2016,1,2
48159,2016,2,1
48159,2016,3,2
48159,2016,7,5
48159,2016,8,7
48159,2016,10,8
48159,2016,11,4
48159,2016,12,2
48159,2017,1,4
48159,2017,2,4
48159,2017,3,3
48159,2017,10,2
48159,2017,11,5
48159,2017,12,3
48159,2018,7,2
48159,2018,8,2
48159,2018,9,2
48159,2019,2,3
48159,2019,9,2
48159,2019,10,4
48159,2020,3,6
48159,2020,4,2
48159,2020,8,2
48159,2020,12,2
48159,2021,12,10
48159,2022,3,2
48159,2022,6,2
48159,2022,12,2
48159,2023,1,4
48159,2023,3,2
48159,2024,10,4
48159,2024,11,2
48159,2025,2,5
48159,2025,5,2
48159,2025,8,2
48159,2025,11,6
48159,2025,12,5
48161,2015,1,2
48161,2015,12,4
48161,2016,1,2
48161,2016,2,1
48161,2016,3,2
48161,2016,10,2
48161,2016,12,3
48161,2017,1,3
48161,2017,2,5
48161,2020,3,2
48161,2020,4,2
48161,2021,12,11
48161,2022,1,1
48161,2023,1,2
48161,2023,2,3
48161,2023,3,1
48161,2024,2,2
48161,2024,10,4
48161,2025,2,7
48161,2025,3,2
48161,2025,10,2
48161,2025,11,6
48161,2025,12,6
48163,2015,9,2
48163,2015,12,9
48163,2016,1,2
48163,2016,2,2
48163,2016,7,3
48163,2016,11,4
48163,2016,12,3
48163,2017,1,7
48163,2017,2,7
48163,2018,2,2
48163,2018,4,2
48163,2022,1,2
48163,2023,1,2
48163,2023,3,2
48163,2024,2,2
48163,2025,12,3
48165,2015,2,2
48165,2015,9,2
48165,2015,12,2
48165,2016,1,2
48165,2016,2,3
48165,2017,1,3
48165,2017,2,4
48165,2017,3,6
48165,2017,11,2
48165,2018,2,2
48165,2020,10,2
48165,2020,11,2
48165,2021,11,1
48165,2021,12,10
48165,2023,1,2
48165,2023,11,2
48165,2023,12,2
48165,2024,2,2
48165,2024,12,2
48165,2025,2,6
48165,2025,8,2
48165,2025,11,3
48165,2025,12,8
48167,2015,7,2
48167,2015,8,2
48167,2015,10,4
48167,2015,12,5
48167,2016,9,2
48167,2016,10,2
48167,2016,11,2
48167,2016,12,6
48167,2017,1,16
48167,2017,2,16
48167,2017,3,12
48167,2017,4,2
48167,2017,9,2
48167,2017,10,7
48167,2017,11,2
48167,2017,12,3
48167,2018,2,12
48167,2018,3,7
48167,2018,5,10
48167,2018,6,6
48167,2018,11,2
48167,2019,2,2
48167,2019,4,2
48167,2019,6,5
48167,2019,7,2
48167,2019,9,5
48167,2019,10,5
48167,2019,12,2
48167,2020,1,2
48167,2020,3,10
48167,2020,4,5
48167,2020,6,2
48167,2020,7,2
48167,2021,1,2
48167,2021,4,2
48167,2021,6,5
48167,2021,12,15
48167,2022,1,3
48167,2022,5,11
48167,2022,6,9
48167,2022,7,5
48167,2022,12,6
48167,2023,1,8
48167,2023,2,6
48167,2023,3,9
48167,2023,6,2
48167,2023,7,3
48167,2023,8,3
48167,2023,10,2
48167,2024,7,4
48167,2024,8,3
48167,2024,9,2
48167,2024,10,2
48167,2024,12,7
48167,2025,2,7
48167,2025,10,2
48167,2025,11,4
48167,2025,12,8
48169,2015,1,2
48169,2015,2,2
48169,2015,8,2
48169,2015,12,2
48169,2016,1,2
48169,2016,2,3
48169,2016,6,2
48169,2016,7,8
48169,2016,9,2
48169,2016,10,4
48169,2017,2,8
48169,2017,3,2
48169,2017,6,3
48169,2017,7,3
48169,2017,8,2
48169,2017,10,2
48169,2017,11,2
48169,2018,5,2
48169,2018,6,4
48169,2019,2,2
48169,2019,8,4
48169,2020,5,2
48169,2020,6,2
48169,2020,7,2
48169,2020,9,2
48169,2021,12,6
48169,2022,8,2
48169,2023,1,3
48169,2023,6,3
48169,2023,7,4
48169,2023,9,3
48169,2023,11,2
48169,2024,2,4
48169,2024,6,2
48169,2024,10,3
48169,2024,12,2
48169,2025,2,6
48169,2025,5,2
48169,2025,6,2
48169,2025,9,3
48169,2025,11,4
48169,2025,12,6
48171,2015,1,2
48171,2015,12,4
48171,2016,1,2
48171,2016,2,1
48171,2017,11,2
48171,2019,12,3
48171,2020,3,2
48171,2021,12,10
48171,2022,1,1
48171,2022,7,2
48171,2023,1,4
48171,2023,2,1
48171,2023,3,2
48171,2023,9,2
48171,2024,2,2
48171,2024,12,4
48171,2025,2,4
48171,2025,3,2
48171,2025,11,5
48171,2025,12,3
48173,2016,1,2
48173,2016,2,3
48173,2016,10,2
48173,2017,1,2
48173,2017,2,2
48173,2017,3,3
48173,2017,6,1
48173,2017,7,1
48173,2017,11,2
48173,2021,12,10
48173,2022,7,2
48173,2023,1,4
48173,2024,2,2
48173,2024,9,2
48173,2025,2,6
48173,2025,11,5
48173,2025,12,7
48175,2017,2,4
48175,2024,11,3
48175,2024,12,4
48175,2025,1,1
48177,2015,1,2
48177,2015,10,2
48177,2015,12,2
48177,2016,3,2
48177,2016,10,2
48177,2016,11,5
48177,2016,12,4
48177,2017,1,4
48177,2017,2,8
48177,2017,3,2
48177,2019,4,2
48177,2020,1,2
48177,2020,10,2
48177,2021,9,2
48177,2021,12,11
48177,2022,1,1
48177,2022,3,2
48177,2022,12,3
48177,2023,1,2
48177,2023,2,1
48177,2023,3,2
48177,2023,7,2
48177,2023,9,13
48177,2023,10,2
48177,2024,5,2
48177,2024,8,2
48177,2024,9,6
48177,2024,10,7
48177,2024,11,7
48177,2024,12,5
48177,2025,2,7
48177,2025,3,7
48177,2025,5,5
48177,2025,9,4
48177,2025,10,6
48177,2025,11,5
48177,2025,12,6
48179,2015,1,5
48179,2015,2,4
48179,2015,4,3
48179,2015,10,2
48179,2016,1,2
48179,2016,7,2
48179,2016,9,2
48179,2016,10,5
48179,2016,11,7
48179,2017,2,8
48179,2017,3,4
48179,2018,1,4
48179,2019,1,2
48179,2019,7,4
48179,2019,8,5
48179,2019,12,2
48179,2020,5,2
48179,2021,6,2
48179,2021,11,4
48179,2021,12,8
48179,2022,7,2
48179,2022,9,2
48179,2023,4,2
48179,2023,7,4
48179,2023,10,3
48179,2023,11,2
48179,2023,12,2
48179,2024,2,2
48179,2024,5,2
48179,2024,6,4
48179,2024,7,2
48179,2024,8,4
48179,2024,9,3
48179,2024,10,4
48179,2024,11,2
48179,2025,2,2
48179,2025,3,2
48179,2025,7,2
48179,2025,11,3
48179,2025,12,6
48181,2015,1,2
48181,2015,3,2
48181,2015,6,3
48181,2015,12,6
48181,2016,1,3
48181,2016,6,3
48181,2016,8,2
48181,2016,9,2
48181,2016,10,9
48181,2016,11,4
48181,2017,1,5
48181,2017,2,7
48181,2017,3,3
48181,2017,10,2
48181,2017,11,2
48181,2017,12,2
48181,2018,5,2
48181,2019,2,3
48181,2019,4,3
48181,2020,3,5
48181,2020,4,2
48181,2020,5,3
48181,2020,6,3
48181,2020,8,2
48181,2020,12,2
48181,2021,12,17
48181,2022,1,2
48181,2022,3,2
48181,2023,1,5
48181,2023,2,3
48181,2023,3,2
48181,2023,5,2
48181,2023,6,2
48181,2023,9,2
48181,2023,11,2
48181,2024,1,2
48181,2024,2,4
48181,2024,3,3
48181,2024,5,4
48181,2024,6,6
48181,2024,9,2
48181,2025,2,2
48181,2025,4,2
48181,2025,5,2
48181,2025,11,7
48181,2025,12,6
48183,2015,1,2
48183,2015,6,3
48183,2015,8,2
48183,2015,10,2
48183,2015,12,7
48183,2016,1,2
48183,2016,2,2
48183,2016,7,2
48183,2016,8,2
48183,2016,10,7
48183,2016,11,7
48183,2016,12,3
48183,2017,1,4
48183,2017,2,3
48183,2017,3,2
48183,2017,10,4
48183,2017,11,2
48183,2017,12,4
48183,2018,5,6
48183,2018,7,2
48183,2018,9,2
48183,2019,2,2
48183,2019,4,2
48183,2019,9,2
48183,2019,10,3
48183,2020,3,4
48183,2020,4,2
48183,2021,4,2
48183,2021,10,2
48183,2021,12,15
48183,2022,1,1
48183,2022,7,2
48183,2022,12,2
48183,2023,1,6
48183,2023,2,2
48183,2023,9,5
48183,2023,10,2
48183,2024,2,5
48183,2024,3,2
48183,2024,5,2
48183,2024,6,1
48183,2024,7,1
48183,2024,10,5
48183,2024,12,3
48183,2025,2,7
48183,2025,3,2
48183,2025,4,4
48183,2025,7,1
48183,2025,8,1
48183,2025,10,2
48183,2025,11,7
48183,2025,12,6
48185,2015,1,2
48185,2015,2,2
48185,2015,10,4
48185,2015,12,8
48185,2016,1,2
48185,2016,2,1
48185,2016,3,3
48185,2016,9,2
48185,2016,10,7
48185,2016,11,2
48185,2016,12,4
48185,2017,1,4
48185,2017,2,8
48185,2017,3,4
48185,2017,12,2
48185,2019,4,2
48185,2020,3,4
48185,2020,4,2
48185,2021,4,2
48185,2021,12,13
48185,2022,1,1
48185,2022,11,2
48185,2022,12,4
48185,2023,1,2
48185,2023,2,4
48185,2023,3,2
48185,2023,9,2
48185,2024,2,3
48185,2024,9,2
48185,2024,10,7
48185,2024,12,3
48185,2025,2,7
48185,2025,3,5
48185,2025,10,2
48185,2025,11,7
48185,2025,12,7
48187,2015,2,2
48187,2015,12,3
48187,2016,1,1
48187,2016,2,1
48187,2016,3,2
48187,2016,11,5
48187,2016,12,4
48187,2017,1,4
48187,2017,2,7
48187,2017,3,2
48187,2017,7,2
48187,2017,11,3
48187,2017,12,2
48187,2019,4,2
48187,2019,9,2
48187,2019,12,2
48187,2020,3,2
48187,2020,8,3
48187,2020,10,2
48187,2020,12,2
48187,2021,9,2
48187,2021,12,9
48187,2022,1,1
48187,2022,7,11
48187,2022,8,2
48187,2022,9,3
48187,2022,12,4
48187,2023,1,7
48187,2023,2,4
48187,2023,3,2
48187,2023,7,5
48187,2023,8,8
48187,2023,9,5
48187,2023,10,4
48187,2024,3,2
48187,2024,8,3
48187,2024,10,3
48187,2024,11,9
48187,2024,12,7
48187,2025,2,6
48187,2025,3,4
48187,2025,5,4
48187,2025,11,2
48187,2025,12,6
48189,2015,1,2
48189,2015,2,5
48189,2015,4,5
48189,2015,7,2
48189,2015,8,5
48189,2015,9,2
48189,2015,10,2
48189,2015,12,2
48189,2016,1,2
48189,2016,2,3
48189,2016,7,6
48189,2016,10,6
48189,2016,11,5
48189,2017,2,4
48189,2017,3,5
48189,2017,10,2
48189,2017,11,2
48189,2018,1,2
48189,2018,2,2
48189,2018,3,2
48189,2018,8,2
48189,2019,3,2
48189,2020,5,2
48189,2021,6,2
48189,2021,11,2
48189,2021,12,6
48189,2022,3,2
48189,2022,9,2
48189,2023,2,2
48189,2023,7,5
48189,2023,8,2
48189,2023,11,3
48189,2024,2,4
48189,2024,5,2
48189,2024,8,5
48189,2024,9,5
48189,2024,10,4
48189,2025,2,5
48189,2025,3,2
48189,2025,5,2
48189,2025,7,2
48189,2025,11,3
48189,2025,12,8
48191,2015,1,5
48191,2015,2,5
48191,2015,4,3
48191,2015,7,2
48191,2015,10,2
48191,2016,1,2
48191,2016,2,4
48191,2016,7,5
48191,2016,9,4
48191,2016,10,7
48191,2016,11,6
48191,2017,2,6
48191,2017,3,4
48191,2018,1,2
48191,2018,2,2
48191,2018,5,3
48191,2018,6,3
48191,2019,2,2
48191,2019,7,2
48191,2019,8,3
48191,2020,5,2
48191,2020,9,2
48191,2020,12,2
48191,2021,6,2
48191,2021,12,9
48191,2022,5,3
48191,2022,6,1
48191,2022,8,2
48191,2023,1,2
48191,2023,7,3
48191,2023,8,3
48191,2023,11,3
48191,2024,2,4
48191,2024,6,2
48191,2024,8,2
48191,2024,9,4
48191,2024,10,4
48191,2025,2,2
48191,2025,11,2
48191,2025,12,6
48193,2015,1,2
48193,2015,2,2
48193,2015,3,2
48193,2015,12,5
48193,2016,1,2
48193,2016,2,1
48193,2016,7,2
48193,2016,9,3
48193,2016,10,7
48193,2016,11,2
48193,2016,12,2
48193,2017,1,2
48193,2017,2,7
48193,2017,3,2
48193,2017,11,2
48193,2020,3,2
48193,2020,5,2
48193,2021,10,3
48193,2021,12,12
48193,2022,5,3
48193,2022,7,2
48193,2022,12,6
48193,2023,1,6
48193,2023,2,2
48193,2023,5,2
48193,2023,6,2
48193,2023,7,2
48193,2023,9,2
48193,2023,11,2
48193,2024,2,5
48193,2024,6,3
48193,2024,10,2
48193,2024,12,5
48193,2025,2,6
48193,2025,3,4
48193,2025,10,2
48193,2025,11,4
48193,2025,12,7
48195,2015,1,3
48195,2015,2,4
48195,2016,1,2
48195,2016,10,4
48195,2016,11,3
48195,2017,2,6
48195,2017,3,2
48195,2017,7,2
48195,2017,11,2
48195,2018,1,2
48195,2018,7,2
48195,2019,2,2
48195,2019,3,2
48195,2019,4,2
48195,2019,7,2
48195,2019,8,4
48195,2019,12,3
48195,2020,7,3
48195,2020,8,2
48195,2020,11,2
48195,2021,4,2
48195,2021,6,2
48195,2021,8,2
48195,2021,9,2
48195,2021,10,1
48195,2021,11,3
48195,2021,12,4
48195,2022,3,3
48195,2022,8,2
48195,2022,9,2
48195,2022,10,2
48195,2023,9,2
48195,2023,10,2
48195,2023,12,2
48195,2024,2,4
48195,2024,5,2
48195,2024,6,4
48195,2024,7,3
48195,2024,8,4
48195,2024,10,4
48195,2025,2,4
48195,2025,3,5
48195,2025,4,2
48195,2025,11,2
48195,2025,12,8
48197,2015,1,2
48197,2015,2,4
48197,2015,12,2
48197,2016,1,2
48197,2016,2,4
48197,2016,7,2
48197,2016,10,5
48197,2016,11,4
48197,2017,1,3
48197,2017,2,4
48197,2017,3,5
48197,2018,11,2
48197,2019,8,2
48197,2020,3,2
48197,2020,5,3
48197,2020,12,2
48197,2021,11,1
48197,2021,12,12
48197,2023,1,4
48197,2023,6,2
48197,2023,7,3
48197,2023,8,2
48197,2023,11,3
48197,2024,2,4
48197,2024,10,3
48197,2025,2,5
48197,2025,3,2
48197,2025,11,6
48197,2025,12,8
48199,2015,1,2
48199,2015,2,2
48199,2015,4,3
48199,2015,8,5
48199,2015,10,2
48199,2015,11,5
48199,2015,12,8
48199,2016,1,1
48199,2016,2,4
48199,2016,3,3
48199,2016,10,3
48199,2016,11,6
48199,2016,12,4
48199,2017,1,7
48199,2017,2,11
48199,2017,3,6
48199,2017,10,5
48199,2017,11,2
48199,2018,2,2
48199,2018,3,3
48199,2018,5,7
48199,2018,6,4
48199,2019,4,2
48199,2019,10,2
48199,2020,3,2
48199,2020,4,2
48199,2021,3,4
48199,2021,4,3
48199,2021,6,4
48199,2021,9,2
48199,2021,10,2
48199,2021,12,15
48199,2022,1,2
48199,2022,3,2
48199,2022,4,6
48199,2022,5,9
48199,2022,6,13
48199,2022,9,4
48199,2022,10,2
48199,2022,11,3
48199,2022,12,5
48199,2023,1,7
48199,2023,2,4
48199,2023,3,9
48199,2023,5,2
48199,2023,6,7
48199,2023,7,14
48199,2023,8,25
48199,2023,9,15
48199,2023,10,8
48199,2023,11,2
48199,2024,3,5
48199,2024,10,7
48199,2024,12,3
48199,2025,2,8
48199,2025,4,2
48199,2025,9,3
48199,2025,10,7
48199,2025,11,6
48199,2025,12,3
48201,2015,1,2
48201,2015,7,2
48201,2015,8,8
48201,2015,10,4
48201,2015,12,5
48201,2016,1,1
48201,2016,2,1
48201,2016,3,3
48201,2016,7,3
48201,2016,8,2
48201,2016,9,4
48201,2016,10,4
48201,2016,11,8
48201,2016,12,6
48201,2017,1,6
48201,2017,2,9
48201,2017,3,5
48201,2017,4,2
48201,2017,10,7
48201,2017,11,8
48201,2017,12,2
48201,2018,2,2
48201,2018,5,2
48201,2018,6,4
48201,2018,11,3
48201,2019,4,2
48201,2019,6,2
48201,2019,10,5
48201,2019,12,2
48201,2020,1,2
48201,2020,3,5
48201,2020,4,2
48201,2021,1,2
48201,2021,6,4
48201,2021,12,17
48201,2022,1,1
48201,2022,10,2
48201,2022,11,3
48201,2022,12,6
48201,2023,1,4
48201,2023,2,1
48201,2023,3,7
48201,2023,5,2
48201,2023,7,3
48201,2023,9,13
48201,2023,10,1
48201,2024,2,3
48201,2024,9,5
48201,2024,10,5
48201,2024,11,2
48201,2024,12,5
48201,2025,2,7
48201,2025,3,3
48201,2025,11,6
48201,2025,12,8
48203,2015,1,2
48203,2015,6,2
48203,2015,8,4
48203,2015,10,2
48203,2015,12,6
48203,2016,1,2
48203,2016,2,2
48203,2016,3,3
48203,2016,7,2
48203,2016,10,3
48203,2016,11,3
48203,2017,1,3
48203,2017,2,5
48203,2017,3,3
48203,2017,4,2
48203,2017,10,5
48203,2017,11,2
48203,2017,12,5
48203,2018,5,7
48203,2018,7,2
48203,2019,2,2
48203,2019,4,2
48203,2019,9,4
48203,2019,10,3
48203,2020,3,4
48203,2020,4,2
48203,2020,10,2
48203,2021,4,2
48203,2021,10,3
48203,2021,12,15
48203,2022,1,2
48203,2022,4,2
48203,2022,5,4
48203,2022,6,7
48203,2022,7,2
48203,2022,12,2
48203,2023,1,4
48203,2023,2,2
48203,2023,3,2
48203,2023,8,7
48203,2023,9,4
48203,2024,2,3
48203,2024,3,2
48203,2024,5,2
48203,2024,6,2
48203,2024,9,2
48203,2024,10,8
48203,2024,12,3
48203,2025,2,5
48203,2025,3,6
48203,2025,4,2
48203,2025,10,2
48203,2025,11,7
48203,2025,12,6
48205,2015,1,2
48205,2015,2,5
48205,2015,4,2
48205,2015,9,2
48205,2015,10,2
48205,2015,11,2
48205,2016,1,2
48205,2016,2,5
48205,2016,7,2
48205,2016,9,4
48205,2016,10,12
48205,2016,11,3
48205,2017,2,8
48205,2017,3,5
48205,2017,6,2
48205,2017,10,2
48205,2017,11,2
48205,2017,12,3
48205,2018,9,3
48205,2018,10,3
48205,2019,2,2
48205,2019,3,2
48205,2019,4,3
48205,2019,7,9
48205,2019,8,9
48205,2019,9,8
48205,2019,12,3
48205,2020,2,2
48205,2020,3,2
48205,2020,4,1
48205,2020,5,3
48205,2020,6,2
48205,2020,8,5
48205,2020,9,2
48205,2020,11,5
48205,2021,2,2
48205,2021,4,4
48205,2021,8,2
48205,2021,9,2
48205,2021,11,4
48205,2021,12,9
48205,2022,3,2
48205,2022,9,6
48205,2023,4,3
48205,2023,7,2
48205,2023,9,6
48205,2023,10,6
48205,2023,11,3
48205,2024,2,2
48205,2024,6,10
48205,2024,7,4
48205,2024,8,3
48205,2024,9,3
48205,2024,10,2
48205,2024,11,2
48205,2024,12,2
48205,2025,2,2
48205,2025,3,4
48205,2025,4,4
48205,2025,7,2
48205,2025,8,4
48205,2025,9,2
48205,2025,11,2
48205,2025,12,6
48207,2015,1,2
48207,2015,10,3
48207,2016,2,6
48207,2016,6,4
48207,2016,7,13
48207,2016,10,6
48207,2016,11,5
48207,2017,1,2
48207,2017,2,6
48207,2017,3,3
48207,2017,11,2
48207,2019,7,2
48207,2019,8,2
48207,2019,12,2
48207,2020,3,2
48207,2020,5,2
48207,2020,7,2
48207,2020,8,2
48207,2021,10,3
48207,2021,12,9
48207,2022,3,2
48207,2022,6,2
48207,2023,1,4
48207,2023,2,2
48207,2023,3,2
48207,2023,6,5
48207,2023,7,1
48207,2023,9,2
48207,2023,11,3
48207,2024,2,4
48207,2024,3,2
48207,2024,6,2
48207,2024,10,5
48207,2025,2,2
48207,2025,5,2
48207,2025,6,2
48207,2025,8,2
48207,2025,11,5
48207,2025,12,7
48209,2015,1,2
48209,2015,12,2
48209,2016,3,2
48209,2016,12,5
48209,2017,1,5
48209,2017,2,4
48209,2017,7,2
48209,2019,4,2
48209,2019,10,2
48209,2020,3,2
48209,2021,12,3
48209,2022,1,1
48209,2023,1,6
48209,2023,2,1
48209,2023,3,1
48209,2023,9,2
48209,2024,2,2
48209,2024,3,2
48209,2024,10,3
48209,2024,12,4
48209,2025,2,3
48209,2025,3,2
48209,2025,4,2
48209,2025,5,4
48209,2025,12,4
48211,2015,1,5
48211,2015,2,4
48211,2015,4,2
48211,2015,12,2
48211,2016,1,2
48211,2016,2,2
48211,2016,10,4
48211,2016,11,2
48211,2017,2,4
48211,2017,3,5
48211,2017,11,2
48211,2019,12,3
48211,2020,10,2
48211,2020,11,2
48211,2021,12,9
48211,2022,5,4
48211,2023,1,4
48211,2023,7,3
48211,2023,8,5
48211,2023,11,2
48211,2024,1,1
48211,2024,2,6
48211,2024,10,5
48211,2025,2,3
48211,2025,11,3
48211,2025,12,6
48213,2015,1,2
48213,2015,6,3
48213,2015,10,2
48213,2015,12,7
48213,2016,1,2
48213,2016,2,1
48213,2016,3,3
48213,2016,7,2
48213,2016,9,2
48213,2016,10,4
48213,2016,11,3
48213,2016,12,4
48213,2017,1,4
48213,2017,2,7
48213,2017,3,2
48213,2017,12,3
48213,2018,3,4
48213,2018,5,5
48213,2019,4,3
48213,2019,9,2
48213,2019,10,2
48213,2020,3,2
48213,2020,4,2
48213,2020,6,4
48213,2021,6,2
48213,2021,12,9
48213,2022,1,1
48213,2022,12,2
48213,2023,2,2
48213,2024,2,2
48213,2024,10,4
48213,2025,2,6
48213,2025,3,2
48213,2025,11,7
48213,2025,12,6
48215,2015,10,2
48215,2016,1,1
48215,2016,2,3
48215,2016,9,4
48215,2016,10,7
48215,2017,2,2
48215,2017,6,4
48215,2017,9,2
48215,2017,11,4
48215,2017,12,2
48215,2018,3,2
48215,2018,5,2
48215,2018,6,2
48215,2018,7,2
48215,2018,8,2
48215,2019,6,3
48215,2019,8,8
48215,2019,10,2
48215,2019,12,3
48215,2020,4,2
48215,2020,5,3
48215,2021,4,2
48215,2022,1,2
48215,2022,4,2
48215,2022,7,7
48215,2023,2,4
48215,2023,3,2
48215,2023,6,9
48215,2023,7,2
48215,2023,8,2
48215,2023,9,20
48215,2023,10,2
48215,2024,5,9
48215,2024,6,6
48215,2024,8,2
48215,2024,12,5
48215,2025,3,2
48215,2025,8,2
48215,2025,9,3
48215,2025,10,6
48215,2025,11,2
48215,2025,12,2
48217,2015,1,2
48217,2015,12,3
48217,2016,1,1
48217,2016,2,1
48217,2016,3,2
48217,2016,9,3
48217,2016,10,7
48217,2016,11,4
48217,2016,12,4
48217,2017,1,3
48217,2017,2,4
48217,2017,11,2
48217,2020,4,2
48217,2020,12,2
48217,2021,10,2
48217,2021,12,17
48217,2022,1,1
48217,2022,3,2
48217,2022,12,3
48217,2023,1,8
48217,2023,2,1
48217,2023,3,1
48217,2023,6,6
48217,2023,8,2
48217,2023,9,2
48217,2024,2,2
48217,2024,3,3
48217,2024,6,11
48217,2024,7,7
48217,2024,8,2
48217,2024,9,2
48217,2024,10,4
48217,2025,2,5
48217,2025,3,4
48217,2025,11,7
48217,2025,12,6
48219,2015,2,4
48219,2016,2,3
48219,2016,7,2
48219,2017,2,2
48219,2017,3,5
48219,2017,11,2
48219,2018,1,2
48219,2019,3,2
48219,2019,4,2
48219,2020,10,2
48219,2021,12,6
48219,2023,1,2
48219,2024,10,2
48219,2025,2,5
48219,2025,5,2
48219,2025,11,3
48219,2025,12,8
48221,2015,1,3
48221,2015,2,3
48221,2015,3,2
48221,2015,12,8
48221,2016,1,2
48221,2016,2,2
48221,2016,5,2
48221,2016,6,4
48221,2016,7,12
48221,2016,9,5
48221,2016,10,8
48221,2016,11,3
48221,2016,12,2
48221,2017,1,6
48221,2017,2,7
48221,2017,3,4
48221,2017,11,2
48221,2017,12,3
48221,2018,5,2
48221,2018,10,3
48221,2018,11,2
48221,2019,2,4
48221,2019,4,2
48221,2019,7,2
48221,2020,3,3
48221,2020,5,3
48221,2020,6,2
48221,2020,8,2
48221,2020,12,3
48221,2021,10,3
48221,2021,11,3
48221,2021,12,13
48221,2022,8,2
48221,2023,1,7
48221,2023,2,2
48221,2023,5,2
48221,2023,9,2
48221,2023,11,2
48221,2024,2,3
48221,2024,3,2
48221,2024,5,2
48221,2024,6,3
48221,2024,9,2
48221,2024,12,3
48221,2025,2,5
48221,2025,3,2
48221,2025,11,5
48221,2025,12,6
48223,2015,1,2
48223,2015,12,7
48223,2016,1,2
48223,2016,2,1
48223,2016,7,3
48223,2016,10,4
48223,2016,11,3
48223,2016,12,2
48223,2017,1,3
48223,2017,2,6
48223,2017,3,2
48223,2017,10,2
48223,2017,11,2
48223,2017,12,3
48223,2019,2,3
48223,2019,10,2
48223,2020,3,4
48223,2020,4,2
48223,2020,12,2
48223,2021,12,10
48223,2023,1,6
48223,2023,2,2
48223,2023,5,2
48223,2024,3,2
48223,2025,2,5
48223,2025,11,3
48223,2025,12,6
48225,2015,1,2
48225,2015,2,2
48225,2015,7,2
48225,2015,8,2
48225,2015,9,4
48225,2015,10,4
48225,2015,12,8
48225,2016,1,2
48225,2016,2,3
48225,2016,3,2
48225,2016,4,2
48225,2016,7,3
48225,2016,10,7
48225,2016,11,4
48225,2016,12,2
48225,2017,1,5
48225,2017,2,7
48225,2017,10,2
48225,2017,11,2
48225,2019,4,2
48225,2019,9,2
48225,2019,10,5
48225,2020,4,2
48225,2020,10,2
48225,2021,12,10
48225,2022,1,2
48225,2022,12,3
48225,2023,2,4
48225,2023,3,2
48225,2023,9,2
48225,2024,2,2
48225,2024,3,2
48225,2024,10,4
48225,2024,12,2
48225,2025,2,6
48225,2025,3,2
48225,2025,11,2
48225,2025,12,6
48227,2015,2,4
48227,2016,1,1
48227,2016,2,3
48227,2016,10,6
48227,2016,11,2
48227,2017,1,2
48227,2017,2,2
48227,2017,3,5
48227,2017,6,1
48227,2017,7,4
48227,2018,1,2
48227,2018,6,2
48227,2021,10,2
48227,2021,12,9
48227,2022,8,2
48227,2023,1,2
48227,2023,7,2
48227,2023,11,3
48227,2024,2,2
48227,2024,12,2
48227,2025,2,6
48227,2025,11,3
48227,2025,12,6
48229,2015,1,4
48229,2015,2,5
48229,2015,6,2
48229,2015,9,6
48229,2015,10,4
48229,2015,11,2
48229,2016,2,8
48229,2016,3,3
48229,2016,7,2
48229,2016,10,2
48229,2016,11,1
48229,2016,12,3
48229,2017,1,6
48229,2017,2,4
48229,2017,3,14
48229,2017,4,4
48229,2017,6,3
48229,2017,8,4
48229,2017,10,4
48229,2017,11,8
48229,2017,12,6
48229,2018,2,6
48229,2018,3,5
48229,2018,4,4
48229,2018,6,2
48229,2018,12,2
48229,2019,2,2
48229,2019,3,4
48229,2019,6,3
48229,2019,8,2
48229,2019,12,2
48229,2020,1,2
48229,2020,3,2
48229,2020,6,2
48229,2020,9,2
48229,2020,10,2
48229,2020,11,10
48229,2021,4,4
48229,2021,6,2
48229,2021,7,2
48229,2021,8,2
48229,2021,11,2
48229,2021,12,11
48229,2022,1,2
48229,2022,11,2
48229,2022,12,2
48229,2023,1,2
48229,2023,2,2
48229,2023,7,7
48229,2023,8,2
48229,2023,9,5
48229,2023,11,6
48229,2023,12,4
48229,2024,2,4
48229,2024,4,2
48229,2024,6,6
48229,2024,7,2
48229,2024,9,2
48229,2024,10,10
48229,2024,11,4
48229,2024,12,2
48229,2025,1,3
48229,2025,2,8
48229,2025,4,2
48229,2025,6,6
48229,2025,9,5
48229,2025,10,2
48229,2025,11,4
48229,2025,12,12
48231,2015,1,2
48231,2015,6,3
48231,2015,12,10
48231,2016,1,2
48231,2016,3,3
48231,2016,5,2
48231,2016,7,2
48231,2016,10,6
48231,2016,11,3
48231,2016,12,4
48231,2017,1,3
48231,2017,2,7
48231,2017,3,2
48231,2017,10,2
48231,2017,11,2
48231,2017,12,4
48231,2018,5,5
48231,2018,10,2
48231,2019,2,4
48231,2019,4,3
48231,2019,9,2
48231,2020,1,2
48231,2020,2,2
48231,2020,3,5
48231,2020,8,2
48231,2020,12,2
48231,2021,12,10
48231,2022,3,2
48231,2022,12,2
48231,2023,1,7
48231,2023,2,2
48231,2023,9,2
48231,2024,1,2
48231,2024,2,4
48231,2024,3,2
48231,2024,5,2
48231,2024,6,1
48231,2024,7,2
48231,2024,12,2
48231,2025,2,5
48231,2025,3,2
48231,2025,5,2
48231,2025,11,5
48231,2025,12,5
48233,2015,1,2
48233,2015,2,5
48233,2015,3,1
48233,2015,4,2
48233,2015,9,4
48233,2015,10,2
48233,2015,12,2
48233,2016,1,2
48233,2016,2,2
48233,2016,7,2
48233,2016,10,10
48233,2016,11,4
48233,2016,12,2
48233,2017,2,5
48233,2017,3,8
48233,2017,4,2
48233,2017,7,3
48233,2018,1,2
48233,2018,5,1
48233,2018,6,1
48233,2018,7,2
48233,2019,1,2
48233,2019,2,3
48233,2019,4,2
48233,2019,7,2
48233,2019,8,7
48233,2019,12,4
48233,2020,5,6
48233,2020,6,2
48233,2020,7,5
48233,2020,8,10
48233,2020,10,3
48233,2020,11,2
48233,2021,4,3
48233,2021,6,3
48233,2021,7,5
48233,2021,8,2
48233,2021,11,3
48233,2021,12,7
48233,2022,3,2
48233,2022,4,2
48233,2022,5,2
48233,2022,8,2
48233,2023,4,2
48233,2023,7,3
48233,2023,8,3
48233,2023,10,5
48233,2023,11,3
48233,2023,12,2
48233,2024,2,3
48233,2024,6,7
48233,2024,7,1
48233,2024,8,3
48233,2025,3,4
48233,2025,4,2
48233,2025,6,2
48233,2025,7,2
48233,2025,11,2
48233,2025,12,6
48235,2015,1,2
48235,2015,2,4
48235,2015,3,2
48235,2015,8,2
48235,2015,10,2
48235,2015,12,5
48235,2016,1,2
48235,2016,2,2
48235,2016,9,2
48235,2016,10,11
48235,2016,11,2
48235,2016,12,2
48235,2017,1,4
48235,2017,2,6
48235,2017,3,3
48235,2017,4,2
48235,2017,6,3
48235,2017,7,1
48235,2017,11,3
48235,2018,3,3
48235,2018,4,2
48235,2018,6,2
48235,2019,6,2
48235,2019,8,2
48235,2019,10,2
48235,2019,11,2
48235,2019,12,6
48235,2020,3,2
48235,2020,5,6
48235,2020,6,2
48235,2020,7,2
48235,2020,9,2
48235,2020,12,4
48235,2021,6,2
48235,2021,9,3
48235,2021,10,3
48235,2021,11,2
48235,2021,12,13
48235,2022,3,2
48235,2022,4,2
48235,2022,7,2
48235,2022,8,2
48235,2023,1,5
48235,2023,2,2
48235,2023,3,2
48235,2023,5,2
48235,2023,6,2
48235,2023,7,2
48235,2023,9,4
48235,2023,11,3
48235,2024,2,2
48235,2024,12,2
48235,2025,2,5
48235,2025,11,6
48235,2025,12,8
48237,2015,1,2
48237,2015,2,3
48237,2015,3,2
48237,2015,4,2
48237,2015,12,2
48237,2016,1,2
48237,2016,2,3
48237,2016,11,2
48237,2016,12,2
48237,2017,2,4
48237,2017,3,2
48237,2017,10,2
48237,2017,11,2
48237,2017,12,2
48237,2018,2,2
48237,2020,3,2
48237,2020,5,3
48237,2020,8,5
48237,2020,12,2
48237,2021,12,9
48237,2022,5,2
48237,2022,7,2
48237,2022,10,2
48237,2023,1,4
48237,2023,5,2
48237,2023,7,2
48237,2023,9,2
48237,2023,11,2
48237,2024,2,2
48237,2024,3,4
48237,2024,5,2
48237,2024,10,4
48237,2025,2,4
48237,2025,11,5
48237,2025,12,6
48239,2015,1,2
48239,2015,2,2
48239,2015,10,5
48239,2015,12,4
48239,2016,1,1
48239,2016,2,1
48239,2016,3,2
48239,2016,9,2
48239,2016,10,6
48239,2016,11,4
48239,2016,12,4
48239,2017,1,6
48239,2017,2,8
48239,2017,3,4
48239,2017,11,2
48239,2018,5,3
48239,2018,6,2
48239,2019,4,2
48239,2019,10,2
48239,2020,3,2
48239,2020,8,2
48239,2021,9,2
48239,2021,12,14
48239,2022,1,1
48239,2022,5,6
48239,2022,12,3
48239,2023,1,7
48239,2023,2,3
48239,2023,3,2
48239,2023,6,2
48239,2023,7,4
48239,2023,8,11
48239,2023,9,17
48239,2023,10,2
48239,2024,2,2
48239,2024,3,2
48239,2024,8,4
48239,2024,9,2
48239,2024,10,11
48239,2024,11,2
48239,2024,12,4
48239,2025,2,8
48239,2025,3,4
48239,2025,10,4
48239,2025,11,11
48239,2025,12,7
48241,2015,8,3
48241,2015,10,2
48241,2015,12,7
48241,2016,3,4
48241,2016,8,2
48241,2016,10,6
48241,2016,11,6
48241,2016,12,6
48241,2017,1,4
48241,2017,2,10
48241,2017,3,4
48241,2017,4,2
48241,2017,10,7
48241,2017,11,2
48241,2018,2,9
48241,2018,12,3
48241,2019,1,3
48241,2019,4,3
48241,2019,12,2
48241,2020,1,2
48241,2020,2,3
48241,2020,3,3
48241,2020,4,2
48241,2021,4,2
48241,2021,12,12
48241,2022,1,1
48241,2022,5,3
48241,2022,6,5
48241,2022,7,6
48241,2022,12,4
48241,2023,1,12
48241,2023,2,6
48241,2023,3,8
48241,2023,6,1
48241,2023,7,5
48241,2023,8,2
48241,2023,9,2
48241,2023,10,4
48241,2023,11,2
48241,2024,2,2
48241,2024,10,3
48241,2024,11,3
48241,2024,12,2
48241,2025,2,5
48241,2025,11,6
48241,2025,12,4
48243,2015,1,2
48243,2015,2,4
48243,2015,6,2
48243,2015,7,2
48243,2015,9,3
48243,2015,10,2
48243,2015,12,2
48243,2016,2,4
48243,2016,7,3
48243,2016,10,10
48243,2016,12,7
48243,2017,1,5
48243,2017,2,4
48243,2017,3,10
48243,2017,6,2
48243,2017,10,3
48243,2017,11,9
48243,2017,12,7
48243,2018,2,2
48243,2018,3,3
48243,2018,4,2
48243,2018,8,5
48243,2018,9,2
48243,2018,12,2
48243,2019,1,2
48243,2019,8,4
48243,2019,10,2
48243,2020,1,2
48243,2020,3,2
48243,2020,5,4
48243,2020,6,3
48243,2020,7,4
48243,2020,10,5
48243,2020,11,6
48243,2021,2,4
48243,2021,11,4
48243,2021,12,7
48243,2022,3,3
48243,2022,6,2
48243,2023,1,2
48243,2023,7,3
48243,2023,8,2
48243,2023,9,5
48243,2023,11,3
48243,2024,2,4
48243,2024,6,2
48243,2024,9,3
48243,2024,10,4
48243,2024,11,4
48243,2024,12,2
48243,2025,1,2
48243,2025,2,8
48243,2025,4,2
48243,2025,11,6
48243,2025,12,11
48245,2015,7,4
48245,2015,8,5
48245,2015,10,4
48245,2015,12,7
48245,2016,9,2
48245,2016,10,3
48245,2016,11,2
48245,2016,12,4
48245,2017,1,7
48245,2017,2,9
48245,2017,3,5
48245,2017,10,3
48245,2017,12,3
48245,2018,2,4
48245,2018,3,2
48245,2018,5,6
48245,2018,6,2
48245,2019,10,3
48245,2020,1,2
48245,2020,4,2
48245,2021,6,4
48245,2021,12,11
48245,2022,1,2
48245,2022,12,4
48245,2023,1,2
48245,2023,2,4
48245,2023,3,9
48245,2023,7,2
48245,2023,8,2
48245,2023,9,2
48245,2024,8,5
48245,2024,10,2
48245,2024,11,2
48245,2024,12,4
48245,2025,2,7
48245,2025,11,4
48245,2025,12,4
48247,2019,12,2
48247,2020,8,2
48247,2022,7,5
48247,2023,3,2
48247,2023,6,5
48247,2023,9,6
48247,2024,8,2
48247,2024,10,2
48247,2025,2,2
48249,2015,10,3
48249,2016,1,1
48249,2016,2,1
48249,2016,10,4
48249,2017,1,4
48249,2017,2,8
48249,2017,11,3
48249,2019,8,5
48249,2019,9,2
48249,2019,12,3
48249,2021,4,2
48249,2021,12,4
48249,2022,3,2
48249,2022,5,2
48249,2022,7,3
48249,2023,1,2
48249,2023,2,1
48249,2023,3,4
48249,2023,6,4
48249,2023,7,2
48249,2023,8,11
48249,2023,9,10
48249,2024,2,2
48249,2024,10,2
48249,2024,11,6
48249,2024,12,6
48249,2025,2,6
48249,2025,3,3
48249,2025,4,3
48249,2025,5,2
48249,2025,10,4
48249,2025,11,2
48249,2025,12,2
48251,2015,1,3
48251,2015,12,4
48251,2016,1,2
48251,2016,9,2
48251,2016,11,2
48251,2016,12,2
48251,2017,1,3
48251,2017,2,3
48251,2017,11,4
48251,2019,2,2
48251,2020,1,2
48251,2020,4,2
48251,2020,8,2
48251,2021,12,15
48251,2022,1,1
48251,2022,3,2
48251,2023,1,2
48251,2023,2,2
48251,2023,9,2
48251,2024,2,2
48251,2024,10,2
48251,2024,12,2
48251,2025,2,5
48251,2025,3,3
48251,2025,11,4
48251,2025,12,5
48253,2015,1,2
48253,2015,3,4
48253,2015,12,4
48253,2016,1,2
48253,2016,2,3
48253,2016,10,4
48253,2016,11,4
48253,2017,1,2
48253,2017,2,6
48253,2017,3,5
48253,2017,4,2
48253,2017,6,1
48253,2017,7,1
48253,2017,8,2
48253,2017,9,2
48253,2017,10,2
48253,2017,11,2
48253,2019,7,3
48253,2019,8,2
48253,2020,3,2
48253,2020,5,3
48253,2020,6,2
48253,2020,7,2
48253,2020,8,3
48253,2021,10,3
48253,2021,12,12
48253,2022,6,2
48253,2022,12,2
48253,2023,1,5
48253,2023,2,2
48253,2023,6,2
48253,2023,7,2
48253,2023,9,5
48253,2023,11,3
48253,2024,2,4
48253,2024,3,2
48253,2024,8,2
48253,2024,9,3
48253,2024,10,2
48253,2025,2,6
48253,2025,5,2
48253,2025,9,2
48253,2025,11,4
48253,2025,12,6
48255,2016,1,1
48255,2016,2,1
48255,2016,12,2
48255,2017,1,2
48255,2017,2,2
48255,2020,10,2
48255,2021,12,6
48255,2022,1,1
48255,2022,3,3
48255,2023,2,1
48255,2023,3,2
48255,2024,2,2
48255,2024,10,2
48255,2025,2,8
48255,2025,3,4
48255,2025,12,5
48257,2015,1,2
48257,2015,6,2
48257,2015,12,4
48257,2016,1,3
48257,2016,2,1
48257,2016,3,2
48257,2016,11,2
48257,2016,12,2
48257,2017,1,4
48257,2017,2,5
48257,2017,3,2
48257,2017,10,2
48257,2017,11,2
48257,2017,12,3
48257,2018,3,2
48257,2019,2,3
48257,2019,4,3
48257,2019,9,2
48257,2020,3,6
48257,2020,6,2
48257,2020,12,2
48257,2021,6,2
48257,2021,12,12
48257,2022,1,2
48257,2022,12,2
48257,2023,1,6
48257,2024,1,2
48257,2024,7,2
48257,2024,9,2
48257,2024,11,2
48257,2024,12,2
48257,2025,2,6
48257,2025,3,4
48257,2025,11,5
48257,2025,12,6
48259,2015,1,2
48259,2015,2,2
48259,2015,10,2
48259,2015,12,4
48259,2016,1,1
48259,2016,2,3
48259,2016,3,2
48259,2016,10,2
48259,2016,11,2
48259,2016,12,3
48259,2017,1,6
48259,2017,2,6
48259,2017,11,2
48259,2017,12,2
48259,2019,3,2
48259,2019,4,2
48259,2019,6,2
48259,2019,8,2
48259,2019,9,2
48259,2019,12,2
48259,2020,1,2
48259,2020,3,3
48259,2020,12,2
48259,2021,4,2
48259,2021,5,2
48259,2021,12,13
48259,2022,1,4
48259,2022,4,2
48259,2022,6,8
48259,2022,7,24
48259,2022,8,2
48259,2022,9,3
48259,2022,10,2
48259,2022,11,2
48259,2023,1,9
48259,2023,2,1
48259,2023,3,2
48259,2023,6,2
48259,2023,7,8
48259,2023,8,10
48259,2023,9,10
48259,2023,10,3
48259,2024,2,3
48259,2024,6,6
48259,2024,8,3
48259,2024,10,3
48259,2024,12,5
48259,2025,2,7
48259,2025,3,4
48259,2025,4,2
48259,2025,5,4
48259,2025,8,5
48259,2025,10,2
48259,2025,11,8
48259,2025,12,7
48261,2015,10,3
48261,2015,12,4
48261,2016,2,2
48261,2016,3,2
48261,2016,9,2
48261,2016,10,9
48261,2016,11,2
48261,2017,1,5
48261,2017,2,2
48261,2017,4,5
48261,2017,6,4
48261,2017,9,2
48261,2018,6,2
48261,2018,7,3
48261,2020,12,4
48261,2021,1,2
48261,2021,4,2
48261,2021,9,11
48261,2021,10,4
48261,2021,12,11
48261,2022,1,6
48261,2022,3,2
48261,2022,4,6
48261,2022,5,7
48261,2022,7,13
48261,2022,8,2
48261,2022,11,2
48261,2022,12,2
48261,2023,1,9
48261,2023,2,6
48261,2023,3,5
48261,2023,4,2
48261,2023,6,20
48261,2023,7,11
48261,2023,8,19
48261,2023,9,24
48261,2023,10,5
48261,2023,11,2
48261,2023,12,2
48261,2024,2,3
48261,2024,3,4
48261,2024,5,14
48261,2024,6,7
48261,2024,8,6
48261,2024,9,2
48261,2024,10,2
48261,2024,11,12
48261,2024,12,8
48261,2025,1,2
48261,2025,2,5
48261,2025,3,5
48261,2025,4,3
48261,2025,6,2
48261,2025,8,2
48261,2025,10,10
48261,2025,11,10
48261,2025,12,5
48263,2015,1,2
48263,2015,2,4
48263,2015,3,2
48263,2015,8,2
48263,2015,9,2
48263,2015,12,2
48263,2016,1,2
48263,2016,2,3
48263,2016,6,2
48263,2016,7,4
48263,2016,9,6
48263,2016,10,9
48263,2016,11,2
48263,2017,2,7
48263,2017,3,6
48263,2017,4,2
48263,2017,5,2
48263,2017,6,3
48263,2017,7,1
48263,2017,10,2
48263,2017,11,6
48263,2018,1,2
48263,2018,2,2
48263,2018,5,2
48263,2018,6,4
48263,2019,2,2
48263,2019,6,2
48263,2019,7,2
48263,2019,8,6
48263,2020,5,4
48263,2020,7,4
48263,2020,8,2
48263,2020,11,2
48263,2020,12,2
48263,2021,10,3
48263,2021,12,10
48263,2022,1,2
48263,2022,5,3
48263,2022,6,1
48263,2023,1,5
48263,2023,2,2
48263,2023,3,2
48263,2023,6,2
48263,2023,7,3
48263,2023,8,3
48263,2023,11,2
48263,2024,2,4
48263,2024,6,2
48263,2024,8,2
48263,2024,10,3
48263,2025,2,5
48263,2025,5,2
48263,2025,6,2
48263,2025,11,4
48263,2025,12,6
48265,2015,1,2
48265,2015,2,2
48265,2015,12,3
48265,2016,1,1
48265,2016,2,1
48265,2016,3,3
48265,2016,12,3
48265,2017,1,4
48265,2017,2,4
48265,2017,11,3
48265,2019,12,3
48265,2020,3,2
48265,2020,5,2
48265,2021,12,9
48265,2022,1,1
48265,2022,7,2
48265,2023,1,4
48265,2023,2,1
48265,2023,3,2
48265,2023,6,2
48265,2023,9,2
48265,2024,2,2
48265,2024,6,3
48265,2024,10,3
48265,2024,12,3
48265,2025,2,5
48265,2025,5,2
48265,2025,11,4
48265,2025,12,3
48267,2015,1,2
48267,2015,2,3
48267,2015,10,2
48267,2015,12,6
48267,2016,1,2
48267,2016,2,3
48267,2016,9,4
48267,2016,10,3
48267,2016,12,2
48267,2017,2,3
48267,2017,11,4
48267,2018,11,2
48267,2019,8,3
48267,2019,10,2
48267,2019,11,2
48267,2019,12,2
48267,2020,1,2
48267,2020,5,2
48267,2020,10,2
48267,2021,10,2
48267,2021,12,15
48267,2022,1,1
48267,2022,7,2
48267,2023,1,2
48267,2023,2,2
48267,2023,3,2
48267,2023,6,6
48267,2023,9,2
48267,2024,2,4
48267,2024,6,2
48267,2024,8,2
48267,2024,10,2
48267,2024,12,3
48267,2025,2,7
48267,2025,3,2
48267,2025,11,9
48267,2025,12,5
48269,2015,1,3
48269,2015,2,2
48269,2015,3,2
48269,2015,12,2
48269,2016,1,2
48269,2016,2,3
48269,2016,7,4
48269,2016,10,5
48269,2016,11,2
48269,2017,2,7
48269,2017,3,2
48269,2017,6,3
48269,2017,7,1
48269,2017,10,2
48269,2018,2,2
48269,2019,7,2
48269,2020,7,2
48269,2020,8,2
48269,2021,10,2
48269,2021,12,6
48269,2023,1,2
48269,2023,6,2
48269,2023,7,2
48269,2023,8,3
48269,2023,11,2
48269,2024,2,4
48269,2024,8,2
48269,2024,10,3
48269,2025,2,2
48269,2025,9,2
48269,2025,11,2
48269,2025,12,6
48271,2016,1,1
48271,2016,2,1
48271,2017,2,2
48271,2019,12,2
48271,2021,12,4
48271,2022,1,1
48271,2023,1,4
48271,2025,2,5
48271,2025,11,4
48271,2025,12,6
48273,2015,10,3
48273,2016,2,2
48273,2016,9,2
48273,2016,10,2
48273,2017,1,4
48273,2017,2,8
48273,2017,4,2
48273,2017,11,5
48273,2017,12,2
48273,2018,6,2
48273,2018,7,3
48273,2019,12,5
48273,2020,4,2
48273,2020,8,2
48273,2020,10,2
48273,2020,12,4
48273,2021,1,2
48273,2021,4,2
48273,2021,12,2
48273,2022,5,2
48273,2022,6,2
48273,2022,7,7
48273,2023,1,2
48273,2023,2,3
48273,2023,3,2
48273,2023,6,20
48273,2023,7,10
48273,2023,8,15
48273,2023,9,16
48273,2023,10,2
48273,2024,2,2
48273,2024,5,2
48273,2024,6,6
48273,2024,8,3
48273,2024,10,2
48273,2024,11,4
48273,2024,12,4
48273,2025,2,3
48273,2025,3,4
48273,2025,4,3
48273,2025,5,3
48275,2015,1,2
48275,2015,2,2
48275,2015,3,2
48275,2016,1,3
48275,2016,2,1
48275,2016,7,5
48275,2016,9,2
48275,2016,10,2
48275,2016,11,2
48275,2016,12,6
48275,2017,1,2
48275,2017,2,4
48275,2017,3,3
48275,2018,1,2
48275,2018,2,2
48275,2019,7,2
48275,2019,10,2
48275,2020,3,2
48275,2020,8,5
48275,2020,12,2
48275,2021,9,2
48275,2021,10,3
48275,2021,12,9
48275,2022,3,2
48275,2022,4,2
48275,2023,1,2
48275,2023,3,2
48275,2023,6,2
48275,2023,7,3
48275,2023,8,3
48275,2023,9,2
48275,2023,11,3
48275,2024,2,4
48275,2024,5,2
48275,2024,8,2
48275,2024,9,2
48275,2024,10,5
48275,2025,2,2
48275,2025,3,2
48275,2025,9,2
48275,2025,11,5
48275,2025,12,6
48277,2015,1,2
48277,2015,6,2
48277,2015,12,10
48277,2016,1,2
48277,2016,3,2
48277,2016,10,6
48277,2016,11,3
48277,2017,1,4
48277,2017,2,5
48277,2017,12,2
48277,2019,2,3
48277,2020,3,5
48277,2020,4,2
48277,2020,6,2
48277,2020,10,2
48277,2021,6,2
48277,2021,12,12
48277,2022,5,2
48277,2023,1,6
48277,2023,2,3
48277,2023,3,1
48277,2024,1,2
48277,2024,2,4
48277,2024,3,4
48277,2024,6,1
48277,2024,7,5
48277,2024,10,4
48277,2025,2,2
48277,2025,11,7
48277,2025,12,6
48279,2015,1,2
48279,2015,2,5
48279,2015,4,2
48279,2015,7,2
48279,2015,9,2
48279,2015,10,2
48279,2015,12,2
48279,2016,1,2
48279,2016,2,4
48279,2016,7,2
48279,2016,10,2
48279,2016,11,5
48279,2017,2,4
48279,2017,3,5
48279,2017,11,2
48279,2017,12,2
48279,2018,1,4
48279,2018,3,2
48279,2019,3,2
48279,2020,10,2
48279,2020,12,2
48279,2021,11,2
48279,2021,12,6
48279,2023,7,3
48279,2023,8,2
48279,2024,2,2
48279,2024,8,2
48279,2024,9,3
48279,2024,10,4
48279,2025,2,5
48279,2025,3,2
48279,2025,5,2
48279,2025,11,3
48279,2025,12,8
48281,2015,1,2
48281,2015,12,4
48281,2016,1,2
48281,2016,2,1
48281,2016,10,3
48281,2017,1,2
48281,2017,2,4
48281,2017,3,2
48281,2017,11,2
48281,2020,3,2
48281,2021,10,2
48281,2021,12,12
48281,2022,1,1
48281,2022,5,2
48281,2022,12,2
48281,2023,1,6
48281,2023,2,4
48281,2023,3,1
48281,2023,7,2
48281,2023,11,2
48281,2024,2,6
48281,2024,3,5
48281,2024,10,2
48281,2024,12,2
48281,2025,2,6
48281,2025,3,2
48281,2025,10,2
48281,2025,11,4
48281,2025,12,7
48283,2015,2,2
48283,2015,12,4
48283,2016,1,2
48283,2016,2,1
48283,2016,9,3
48283,2016,11,3
48283,2016,12,5
48283,2017,1,6
48283,2017,2,6
48283,2017,5,2
48283,2019,8,4
48283,2019,9,3
48283,2019,12,4
48283,2020,3,2
48283,2020,5,2
48283,2020,6,2
48283,2020,8,3
48283,2021,5,4
48283,2021,9,6
48283,2021,12,18
48283,2022,1,1
48283,2022,4,2
48283,2022,5,2
48283,2022,6,2
48283,2022,7,2
48283,2022,10,2
48283,2023,1,6
48283,2023,2,1
48283,2023,3,6
48283,2023,6,9
48283,2023,8,5
48283,2023,9,4
48283,2024,2,3
48283,2024,11,2
48283,2024,12,2
48283,2025,2,7
48283,2025,3,2
48283,2025,5,4
48283,2025,12,3
48285,2015,8,3
48285,2015,10,4
48285,2015,12,3
48285,2016,1,1
48285,2016,2,1
48285,2016,3,3
48285,2016,10,15
48285,2016,11,4
48285,2016,12,4
48285,2017,1,5
48285,2017,2,10
48285,2017,3,9
48285,2017,4,3
48285,2017,8,2
48285,2017,11,6
48285,2017,12,2
48285,2018,5,4
48285,2018,6,2
48285,2018,11,2
48285,2019,4,3
48285,2019,6,4
48285,2019,8,2
48285,2019,9,4
48285,2019,10,9
48285,2019,11,2
48285,2019,12,2
48285,2020,1,2
48285,2020,3,5
48285,2020,4,2
48285,2020,8,3
48285,2021,9,2
48285,2021,12,13
48285,2022,1,1
48285,2022,5,7
48285,2022,6,6
48285,2022,7,10
48285,2022,10,2
48285,2022,11,2
48285,2023,1,7
48285,2023,2,3
48285,2023,3,6
48285,2023,5,2
48285,2023,6,3
48285,2023,7,2
48285,2023,8,6
48285,2023,9,12
48285,2024,2,3
48285,2024,4,2
48285,2024,8,2
48285,2024,9,3
48285,2024,10,9
48285,2024,11,2
48285,2024,12,2
48285,2025,2,5
48285,2025,3,9
48285,2025,4,2
48285,2025,5,2
48285,2025,10,2
48285,2025,11,9
48285,2025,12,7
48287,2016,1,1
48287,2016,2,1
48287,2016,3,2
48287,2016,12,4
48287,2017,1,3
48287,2017,2,8
48287,2019,3,2
48287,2019,4,3
48287,2019,8,10
48287,2019,9,2
48287,2020,3,2
48287,2020,6,2
48287,2020,8,2
48287,2020,12,2
48287,2021,12,8
48287,2022,1,1
48287,2022,12,3
48287,2023,2,1
48287,2023,3,1
48287,2024,11,6
48287,2024,12,5
48287,2025,2,7
48287,2025,3,2
48287,2025,5,2
48287,2025,10,4
48287,2025,11,3
48287,2025,12,7
48289,2015,1,2
48289,2015,2,2
48289,2015,10,4
48289,2015,12,4
48289,2016,2,4
48289,2016,3,2
48289,2016,10,2
48289,2016,12,2
48289,2017,1,6
48289,2017,2,6
48289,2017,12,2
48289,2018,3,3
48289,2019,4,2
48289,2019,10,2
48289,2020,2,2
48289,2020,8,2
48289,2020,10,6
48289,2021,12,8
48289,2022,1,1
48289,2022,5,2
48289,2022,10,3
48289,2022,11,1
48289,2022,12,7
48289,2023,2,2
48289,2023,8,3
48289,2023,9,4
48289,2023,10,2
48289,2024,1,1
48289,2024,2,1
48289,2024,3,4
48289,2024,10,7
48289,2024,12,4
48289,2025,2,5
48289,2025,3,6
48289,2025,4,2
48289,2025,5,2
48289,2025,9,2
48289,2025,10,2
48289,2025,12,3
48291,2015,2,2
48291,2015,8,2
48291,2015,10,4
48291,2015,12,7
48291,2016,1,1
48291,2016,2,1
48291,2016,3,4
48291,2016,7,3
48291,2016,9,4
48291,2016,10,8
48291,2016,11,7
48291,2016,12,5
48291,2017,1,4
48291,2017,2,7
48291,2017,3,3
48291,2017,12,2
48291,2018,5,10
48291,2018,6,5
48291,2019,4,2
48291,2019,9,4
48291,2019,10,4
48291,2019,12,2
48291,2020,1,2
48291,2020,3,2
48291,2020,4,2
48291,2021,4,2
48291,2021,6,4
48291,2021,12,14
48291,2022,1,2
48291,2022,2,3
48291,2022,3,2
48291,2022,4,2
48291,2022,6,2
48291,2022,7,2
48291,2022,11,3
48291,2022,12,6
48291,2023,2,4
48291,2023,3,4
48291,2023,7,4
48291,2023,8,4
48291,2023,9,5
48291,2023,10,4
48291,2024,2,2
48291,2024,3,2
48291,2024,7,2
48291,2024,10,7
48291,2024,12,2
48291,2025,2,7
48291,2025,3,5
48291,2025,4,4
48291,2025,10,6
48291,2025,11,9
48291,2025,12,8
48293,2015,1,2
48293,2015,12,4
48293,2016,1,2
48293,2016,2,1
48293,2016,12,4
48293,2017,1,3
48293,2017,2,5
48293,2020,3,2
48293,2020,4,2
48293,2021,12,11
48293,2022,1,1
48293,2022,12,4
48293,2023,1,6
48293,2023,2,3
48293,2023,3,2
48293,2023,10,2
48293,2024,3,2
48293,2024,10,2
48293,2024,12,4
48293,2025,2,7
48293,2025,3,6
48293,2025,12,3
48295,2015,1,5
48295,2015,2,4
48295,2015,4,3
48295,2015,7,4
48295,2015,9,2
48295,2015,10,4
48295,2016,1,2
48295,2016,2,2
48295,2016,3,2
48295,2016,10,9
48295,2016,11,2
48295,2016,12,2
48295,2017,2,10
48295,2017,3,4
48295,2019,1,2
48295,2019,4,2
48295,2019,8,2
48295,2019,12,3
48295,2020,3,2
48295,2020,8,2
48295,2020,10,5
48295,2021,6,2
48295,2021,11,2
48295,2021,12,8
48295,2022,3,3
48295,2024,1,2
48295,2024,2,7
48295,2024,3,2
48295,2024,7,2
48295,2024,8,2
48295,2024,9,2
48295,2025,2,3
48295,2025,3,4
48295,2025,11,3
48295,2025,12,6
48297,2015,10,3
48297,2017,1,4
48297,2017,2,7
48297,2017,11,3
48297,2021,12,6
48297,2022,1,1
48297,2022,3,2
48297,2022,4,2
48297,2023,1,2
48297,2023,2,1
48297,2023,3,2
48297,2023,6,3
48297,2023,9,3
48297,2024,2,2
48297,2024,10,2
48297,2025,2,4
48297,2025,3,5
48297,2025,4,2
48297,2025,5,4
48297,2025,8,5
48297,2025,9,2
48297,2025,10,6
48297,2025,11,4
48297,2025,12,4
48299,2015,10,2
48299,2015,12,5
48299,2016,1,2
48299,2016,10,2
48299,2016,12,2
48299,2017,2,2
48299,2017,11,5
48299,2018,11,2
48299,2019,4,2
48299,2019,8,2
48299,2019,12,2
48299,2020,3,2
48299,2021,12,9
48299,2022,1,1
48299,2023,1,5
48299,2023,2,3
48299,2023,3,1
48299,2023,5,2
48299,2023,11,2
48299,2024,2,3
48299,2024,12,2
48299,2025,2,6
48299,2025,3,3
48299,2025,11,5
48299,2025,12,7
48301,2015,2,4
48301,2015,12,2
48301,2016,1,2
48301,2016,2,4
48301,2016,10,5
48301,2016,11,2
48301,2017,1,3
48301,2017,2,8
48301,2017,3,6
48301,2017,11,4
48301,2018,6,2
48301,2019,2,2
48301,2020,3,2
48301,2020,11,2
48301,2021,2,2
48301,2021,10,2
48301,2021,11,2
48301,2021,12,10
48301,2023,1,4
48301,2023,11,3
48301,2024,2,3
48301,2024,10,2
48301,2024,12,2
48301,2025,2,7
48301,2025,11,5
48301,2025,12,7
48303,2015,2,5
48303,2015,8,2
48303,2015,12,2
48303,2016,1,2
48303,2016,2,3
48303,2016,7,2
48303,2016,10,2
48303,2016,11,3
48303,2017,2,4
48303,2017,3,3
48303,2017,10,2
48303,2018,1,2
48303,2018,2,2
48303,2019,3,2
48303,2019,4,2
48303,2019,8,2
48303,2020,11,2
48303,2021,11,2
48303,2021,12,6
48303,2023,7,2
48303,2023,11,3
48303,2024,2,4
48303,2024,10,2
48303,2024,12,2
48303,2025,2,5
48303,2025,8,2
48303,2025,11,3
48303,2025,12,8
48305,2015,1,2
48305,2015,2,2
48305,2015,9,2
48305,2015,12,2
48305,2016,1,2
48305,2016,2,3
48305,2016,7,5
48305,2016,10,2
48305,2016,11,2
48305,2017,2,4
48305,2017,3,3
48305,2017,6,1
48305,2017,7,1
48305,2017,10,2
48305,2017,11,2
48305,2018,1,2
48305,2018,2,2
48305,2018,5,2
48305,2018,11,2
48305,2019,9,2
48305,2020,10,2
48305,2020,12,2
48305,2021,12,7
48305,2022,12,2
48305,2023,1,4
48305,2023,7,3
48305,2023,8,2
48305,2023,11,3
48305,2024,2,2
48305,2024,6,2
48305,2024,10,2
48305,2024,12,2
48305,2025,2,6
48305,2025,5,2
48305,2025,11,3
48305,2025,12,7
48307,2015,2,3
48307,2015,12,5
48307,2016,1,2
48307,2016,2,3
48307,2016,10,3
48307,2017,2,2
48307,2017,11,3
48307,2019,12,2
48307,2021,12,8
48307,2022,1,1
48307,2022,12,1
48307,2023,1,3
48307,2023,2,2
48307,2023,9,2
48307,2024,2,4
48307,2024,5,2
48307,2024,7,9
48307,2024,8,2
48307,2024,11,2
48307,2024,12,4
48307,2025,2,6
48307,2025,3,4
48307,2025,5,2
48307,2025,7,2
48307,2025,11,5
48307,2025,12,6
48309,2015,1,2
48309,2015,2,2
48309,2015,6,2
48309,2015,12,5
48309,2016,1,2
48309,2016,2,1
48309,2016,3,2
48309,2016,7,4
48309,2016,9,3
48309,2016,10,8
48309,2016,11,4
48309,2016,12,3
48309,2017,1,4
48309,2017,2,5
48309,2017,10,2
48309,2017,11,2
48309,2020,3,2
48309,2020,4,2
48309,2020,5,2
48309,2020,8,2
48309,2020,12,2
48309,2021,3,2
48309,2021,4,3
48309,2021,6,2
48309,2021,10,2
48309,2021,12,18
48309,2022,1,3
48309,2022,3,5
48309,2022,8,2
48309,2022,12,5
48309,2023,1,8
48309,2023,2,3
48309,2023,3,2
48309,2023,4,2
48309,2023,6,2
48309,2023,9,2
48309,2023,10,2
48309,2024,2,2
48309,2024,3,4
48309,2024,5,2
48309,2024,6,5
48309,2024,7,2
48309,2024,10,3
48309,2024,11,2
48309,2024,12,4
48309,2025,2,7
48309,2025,3,2
48309,2025,11,6
48309,2025,12,7
48311,2015,10,3
48311,2016,2,2
48311,2016,10,2
48311,2016,12,2
48311,2017,1,2
48311,2017,2,7
48311,2017,4,2
48311,2017,11,3
48311,2019,10,2
48311,2019,12,2
48311,2021,12,3
48311,2022,1,2
48311,2022,2,2
48311,2022,4,2
48311,2023,1,2
48311,2023,3,2
48311,2023,9,2
48311,2024,2,2
48311,2024,5,2
48311,2024,11,2
48311,2025,2,4
48311,2025,4,2
48311,2025,9,2
48311,2025,11,2
48311,2025,12,2
48313,2015,1,2
48313,2015,12,4
48313,2016,1,1
48313,2016,2,1
48313,2016,12,2
48313,2017,1,3
48313,2017,2,7
48313,2018,3,3
48313,2018,11,2
48313,2020,4,2
48313,2020,8,2
48313,2021,12,10
48313,2022,1,2
48313,2022,5,2
48313,2022,11,2
48313,2023,3,2
48313,2024,10,2
48313,2024,12,3
48313,2025,2,9
48313,2025,3,2
48313,2025,12,5
48315,2015,1,2
48315,2015,6,2
48315,2015,7,4
48315,2015,8,3
48315,2015,10,6
48315,2015,12,6
48315,2016,1,2
48315,2016,2,5
48315,2016,3,2
48315,2016,4,2
48315,2016,7,3
48315,2016,10,7
48315,2016,11,5
48315,2016,12,3
48315,2017,1,4
48315,2017,2,4
48315,2017,3,3
48315,2017,10,5
48315,2017,11,4
48315,2017,12,2
48315,2018,3,2
48315,2018,5,3
48315,2018,7,2
48315,2018,9,2
48315,2019,2,2
48315,2019,8,2
48315,2019,9,5
48315,2019,10,3
48315,2019,12,2
48315,2020,3,2
48315,2020,4,2
48315,2020,12,2
48315,2021,10,2
48315,2021,12,11
48315,2022,1,2
48315,2022,5,4
48315,2022,6,2
48315,2022,7,4
48315,2022,12,2
48315,2023,1,2
48315,2023,2,3
48315,2023,3,2
48315,2023,8,8
48315,2023,9,2
48315,2024,2,2
48315,2024,10,4
48315,2024,12,2
48315,2025,2,4
48315,2025,10,3
48315,2025,11,3
48315,2025,12,3
48317,2015,1,2
48317,2015,2,3
48317,2015,12,2
48317,2016,1,2
48317,2016,2,4
48317,2016,7,4
48317,2016,10,3
48317,2016,11,4
48317,2017,1,3
48317,2017,2,9
48317,2017,3,7
48317,2017,6,3
48317,2017,7,1
48317,2017,11,2
48317,2018,11,2
48317,2021,11,3
48317,2021,12,11
48317,2022,8,2
48317,2023,1,4
48317,2023,3,2
48317,2023,7,2
48317,2023,11,2
48317,2024,2,3
48317,2024,9,2
48317,2024,10,2
48317,2025,2,7
48317,2025,6,2
48317,2025,11,5
48317,2025,12,9
48319,2015,2,2
48319,2015,10,2
48319,2015,12,5
48319,2016,1,2
48319,2016,2,1
48319,2016,9,4
48319,2017,2,6
48319,2017,11,4
48319,2018,11,2
48319,2019,6,2
48319,2019,10,2
48319,2020,3,2
48319,2020,5,4
48319,2020,12,2
48319,2021,9,2
48319,2021,12,13
48319,2022,1,1
48319,2022,7,4
48319,2023,1,4
48319,2023,2,3
48319,2023,3,4
48319,2023,6,4
48319,2023,7,4
48319,2023,9,3
48319,2023,11,2
48319,2024,2,5
48319,2024,8,7
48319,2024,10,2
48319,2024,12,3
48319,2025,2,7
48319,2025,3,2
48319,2025,5,2
48319,2025,11,10
48319,2025,12,5
48321,2015,2,2
48321,2015,7,1
48321,2015,8,9
48321,2015,10,4
48321,2015,12,5
48321,2016,7,2
48321,2016,9,2
48321,2016,10,2
48321,2016,11,4
48321,2016,12,5
48321,2017,1,9
48321,2017,2,10
48321,2017,3,1
48321,2017,4,2
48321,2017,10,5
48321,2017,12,5
48321,2018,2,10
48321,2018,3,1
48321,2018,5,9
48321,2018,6,2
48321,2018,7,3
48321,2018,8,2
48321,2018,11,2
48321,2019,6,6
48321,2019,7,3
48321,2019,9,2
48321,2019,10,3
48321,2020,1,3
48321,2020,3,5
48321,2020,4,5
48321,2020,5,2
48321,2020,6,5
48321,2020,11,2
48321,2021,1,2
48321,2021,6,5
48321,2021,12,11
48321,2022,1,1
48321,2022,5,8
48321,2022,6,11
48321,2022,7,7
48321,2022,8,2
48321,2022,12,4
48321,2023,1,7
48321,2023,2,6
48321,2023,3,11
48321,2023,7,11
48321,2023,8,25
48321,2023,9,17
48321,2024,3,4
48321,2024,5,6
48321,2024,7,2
48321,2024,8,5
48321,2024,10,8
48321,2024,11,5
48321,2024,12,4
48321,2025,2,7
48321,2025,3,8
48321,2025,4,1
48321,2025,10,9
48321,2025,11,6
48321,2025,12,7
48323,2016,2,2
48323,2016,11,3
48323,2017,1,3
48323,2017,2,4
48323,2021,12,3
48323,2025,2,5
48323,2025,11,3
48323,2025,12,6
48325,2015,12,4
48325,2016,1,1
48325,2016,2,1
48325,2016,10,2
48325,2016,11,4
48325,2016,12,4
48325,2017,1,9
48325,2017,2,7
48325,2017,7,2
48325,2017,11,4
48325,2017,12,2
48325,2019,1,2
48325,2019,3,2
48325,2019,9,2
48325,2019,12,2
48325,2020,4,2
48325,2020,6,2
48325,2020,10,4
48325,2021,12,11
48325,2022,1,1
48325,2022,2,2
48325,2022,4,2
48325,2022,5,2
48325,2022,6,2
48325,2022,7,3
48325,2023,1,7
48325,2023,2,3
48325,2023,3,2
48325,2023,6,2
48325,2023,9,2
48325,2024,2,3
48325,2024,11,2
48325,2024,12,5
48325,2025,2,6
48325,2025,5,4
48325,2025,11,5
48325,2025,12,7
48327,2015,1,2
48327,2015,3,2
48327,2015,8,2
48327,2015,12,2
48327,2016,1,1
48327,2016,2,2
48327,2016,9,2
48327,2017,1,2
48327,2017,2,2
48327,2017,7,2
48327,2017,9,2
48327,2017,10,2
48327,2017,11,5
48327,2018,11,2
48327,2019,10,2
48327,2019,12,2
48327,2020,5,2
48327,2020,8,2
48327,2021,10,2
48327,2021,12,10
48327,2022,1,2
48327,2022,7,2
48327,2023,1,6
48327,2023,6,7
48327,2023,9,4
48327,2023,11,2
48327,2024,2,5
48327,2024,4,4
48327,2024,6,2
48327,2024,8,2
48327,2024,12,2
48327,2025,2,6
48327,2025,11,6
48327,2025,12,4
48329,2015,2,2
48329,2015,12,2
48329,2016,1,2
48329,2016,2,4
48329,2016,10,2
48329,2017,1,4
48329,2017,2,2
48329,2017,3,5
48329,2017,11,2
48329,2019,8,3
48329,2019,12,2
48329,2021,12,12
48329,2023,1,4
48329,2023,11,2
48329,2024,10,2
48329,2024,12,2
48329,2025,2,6
48329,2025,8,2
48329,2025,11,3
48329,2025,12,7
48331,2015,1,2
48331,2015,12,2
48331,2016,1,1
48331,2016,2,1
48331,2016,3,3
48331,2016,12,4
48331,2017,1,2
48331,2017,2,4
48331,2017,11,2
48331,2019,4,2
48331,2019,9,4
48331,2019,10,6
48331,2020,3,2
48331,2020,8,2
48331,2020,10,2
48331,2021,4,2
48331,2021,12,10
48331,2022,1,1
48331,2022,2,2
48331,2022,12,4
48331,2023,1,5
48331,2023,2,1
48331,2023,3,1
48331,2023,5,2
48331,2024,2,2
48331,2024,3,2
48331,2024,5,2
48331,2024,9,3
48331,2024,10,9
48331,2024,11,4
48331,2024,12,6
48331,2025,2,7
48331,2025,3,4
48331,2025,4,2
48331,2025,5,2
48331,2025,10,2
48331,2025,11,4
48331,2025,12,7
48333,2015,1,2
48333,2015,3,2
48333,2015,12,5
48333,2016,1,1
48333,2016,2,1
48333,2016,9,2
48333,2016,11,2
48333,2017,1,2
48333,2017,2,7
48333,2017,11,3
48333,2018,7,2
48333,2019,2,2
48333,2019,7,2
48333,2019,10,2
48333,2019,11,2
48333,2020,8,2
48333,2021,4,2
48333,2021,9,2
48333,2021,10,2
48333,2021,12,14
48333,2022,1,2
48333,2022,3,2
48333,2022,4,2
48333,2022,5,4
48333,2022,7,2
48333,2023,1,5
48333,2023,2,2
48333,2023,3,2
48333,2023,6,2
48333,2023,9,2
48333,2023,11,2
48333,2024,2,2
48333,2024,8,2
48333,2024,9,3
48333,2024,12,2
48333,2025,2,5
48333,2025,11,8
48333,2025,12,6
48335,2016,2,2
48335,2016,7,2
48335,2016,10,2
48335,2017,1,2
48335,2017,2,2
48335,2017,3,2
48335,2017,11,2
48335,2021,12,6
48335,2023,1,2
48335,2024,2,2
48335,2025,2,5
48335,2025,11,3
48335,2025,12,8
48337,2015,1,2
48337,2016,2,2
48337,2016,8,2
48337,2016,10,6
48337,2016,11,2
48337,2016,12,2
48337,2017,1,3
48337,2017,2,7
48337,2017,3,4
48337,2017,12,2
48337,2019,2,2
48337,2019,4,2
48337,2019,10,2
48337,2020,5,3
48337,2020,8,5
48337,2021,10,2
48337,2021,12,12
48337,2022,3,2
48337,2023,1,4
48337,2023,2,2
48337,2023,6,2
48337,2023,9,3
48337,2023,11,2
48337,2024,2,2
48337,2024,3,2
48337,2025,2,2
48337,2025,11,6
48337,2025,12,6
48339,2015,1,2
48339,2015,10,2
48339,2015,12,5
48339,2016,1,1
48339,2016,2,1
48339,2016,3,2
48339,2016,8,2
48339,2016,10,5
48339,2016,11,3
48339,2016,12,5
48339,2017,1,4
48339,2017,2,11
48339,2017,3,2
48339,2017,10,2
48339,2018,3,2
48339,2018,5,4
48339,2018,6,2
48339,2018,11,2
48339,2019,4,2
48339,2019,10,2
48339,2020,1,2
48339,2020,3,3
48339,2020,4,2
48339,2021,6,2
48339,2021,12,13
48339,2022,1,1
48339,2022,11,2
48339,2022,12,5
48339,2023,1,5
48339,2023,2,4
48339,2023,3,2
48339,2023,9,6
48339,2024,2,2
48339,2024,3,2
48339,2024,10,7
48339,2024,12,3
48339,2025,2,8
48339,2025,3,3
48339,2025,10,2
48339,2025,11,7
48339,2025,12,8
48341,2015,2,4
48341,2015,4,3
48341,2016,1,2
48341,2016,2,2
48341,2016,7,3
48341,2016,9,2
48341,2016,10,6
48341,2016,11,5
48341,2017,2,5
48341,2017,3,5
48341,2017,12,2
48341,2018,1,2
48341,2018,5,2
48341,2018,8,2
48341,2019,2,3
48341,2019,3,2
48341,2019,4,2
48341,2019,8,7
48341,2019,12,2
48341,2020,7,2
48341,2020,8,2
48341,2020,10,3
48341,2020,11,2
48341,2021,11,5
48341,2021,12,6
48341,2022,3,2
48341,2022,4,2
48341,2022,9,5
48341,2023,1,4
48341,2023,7,2
48341,2023,8,4
48341,2023,9,2
48341,2023,10,2
48341,2023,11,3
48341,2024,2,3
48341,2024,6,4
48341,2024,8,4
48341,2024,10,2
48341,2025,2,6
48341,2025,3,5
48341,2025,4,2
48341,2025,11,3
48341,2025,12,9
48343,2015,1,2
48343,2015,6,2
48343,2015,12,8
48343,2016,1,2
48343,2016,2,2
48343,2016,3,2
48343,2016,10,6
48343,2016,11,3
48343,2016,12,2
48343,2017,1,3
48343,2017,2,4
48343,2017,3,2
48343,2017,10,2
48343,2017,11,4
48343,2017,12,2
48343,2020,3,2
48343,2020,12,2
48343,2021,10,2
48343,2021,12,14
48343,2022,12,3
48343,2023,1,2
48343,2023,2,3
48343,2023,3,1
48343,2023,8,2
48343,2024,2,6
48343,2024,6,2
48343,2024,10,5
48343,2024,12,2
48343,2025,2,6
48343,2025,3,2
48343,2025,11,2
48343,2025,12,5
48345,2015,2,2
48345,2015,9,2
48345,2016,1,2
48345,2016,7,5
48345,2016,9,2
48345,2016,10,2
48345,2016,12,2
48345,2017,2,4
48345,2017,6,1
48345,2017,7,1
48345,2018,1,2
48345,2018,2,2
48345,2018,5,2
48345,2018,6,3
48345,2018,8,4
48345,2019,2,2
48345,2020,7,2
48345,2020,12,2
48345,2021,11,1
48345,2021,12,7
48345,2022,5,3
48345,2022,6,1
48345,2022,8,2
48345,2022,9,2
48345,2023,1,4
48345,2023,7,3
48345,2023,8,3
48345,2023,11,3
48345,2024,2,4
48345,2024,8,2
48345,2024,9,5
48345,2024,10,4
48345,2025,2,5
48345,2025,11,2
48345,2025,12,6
48347,2015,8,2
48347,2015,12,3
48347,2016,3,2
48347,2017,1,3
48347,2017,2,2
48347,2021,12,9
48347,2022,1,1
48347,2022,5,2
48347,2022,6,2
48347,2023,2,2
48347,2024,2,2
48347,2024,9,4
48347,2024,10,2
48347,2024,11,2
48347,2025,2,6
48347,2025,3,2
48347,2025,8,3
48347,2025,11,10
48347,2025,12,7
48349,2015,1,2
48349,2015,6,2
48349,2015,12,7
48349,2016,1,2
48349,2016,2,1
48349,2016,3,2
48349,2016,10,6
48349,2016,11,3
48349,2016,12,4
48349,2017,1,3
48349,2017,2,3
48349,2019,9,2
48349,2020,3,2
48349,2020,4,2
48349,2021,6,2
48349,2021,12,13
48349,2022,4,2
48349,2022,12,2
48349,2023,1,6
48349,2023,2,2
48349,2023,9,2
48349,2024,2,2
48349,2024,3,2
48349,2024,10,5
48349,2024,12,3
48349,2025,2,6
48349,2025,3,2
48349,2025,11,5
48349,2025,12,6
48351,2015,7,3
48351,2015,8,4
48351,2015,10,2
48351,2015,12,8
48351,2016,1,1
48351,2016,2,1
48351,2016,3,4
48351,2016,10,12
48351,2016,11,9
48351,2016,12,5
48351,2017,1,6
48351,2017,2,8
48351,2017,10,5
48351,2018,2,3
48351,2018,3,3
48351,2018,5,8
48351,2019,4,2
48351,2019,10,4
48351,2020,4,2
48351,2020,11,5
48351,2021,3,2
48351,2021,4,2
48351,2021,12,15
48351,2022,1,1
48351,2022,3,4
48351,2022,4,4
48351,2022,5,3
48351,2022,6,4
48351,2022,11,4
48351,2022,12,3
48351,2023,1,4
48351,2023,2,4
48351,2023,3,7
48351,2023,7,12
48351,2023,8,19
48351,2023,9,13
48351,2023,10,6
48351,2023,11,3
48351,2024,1,2
48351,2024,8,2
48351,2024,9,2
48351,2024,10,7
48351,2024,12,5
48351,2025,2,8
48351,2025,3,4
48351,2025,4,2
48351,2025,9,2
48351,2025,10,8
48351,2025,11,7
48351,2025,12,5
48353,2015,10,2
48353,2016,2,2
48353,2016,7,4
48353,2016,9,5
48353,2016,10,2
48353,2017,1,2
48353,2017,2,6
48353,2017,3,2
48353,2017,4,2
48353,2017,6,2
48353,2017,8,2
48353,2017,9,2
48353,2017,10,2
48353,2017,11,2
48353,2018,1,2
48353,2018,2,2
48353,2018,6,4
48353,2019,7,2
48353,2019,8,4
48353,2020,5,5
48353,2020,6,2
48353,2020,8,4
48353,2020,9,2
48353,2021,10,5
48353,2021,12,10
48353,2023,1,4
48353,2023,6,5
48353,2023,7,4
48353,2023,9,5
48353,2023,11,2
48353,2024,2,2
48353,2024,6,2
48353,2024,8,2
48353,2024,10,2
48353,2024,12,2
48353,2025,2,6
48353,2025,5,2
48353,2025,6,2
48353,2025,9,2
48353,2025,11,2
48353,2025,12,7
48355,2015,10,2
48355,2015,12,2
48355,2016,10,2
48355,2017,1,2
48355,2017,2,6
48355,2017,4,2
48355,2017,6,2
48355,2017,11,5
48355,2019,4,2
48355,2019,6,5
48355,2019,7,2
48355,2019,12,2
48355,2020,4,2
48355,2020,6,3
48355,2021,6,2
48355,2021,12,10
48355,2022,1,2
48355,2023,2,3
48355,2023,3,4
48355,2023,9,10
48355,2024,2,2
48355,2024,5,5
48355,2024,6,2
48355,2024,7,5
48355,2024,8,4
48355,2024,10,2
48355,2024,11,5
48355,2024,12,8
48355,2025,2,5
48355,2025,10,2
48355,2025,12,3
48357,2015,1,3
48357,2015,2,4
48357,2015,7,3
48357,2015,10,2
48357,2015,12,2
48357,2016,1,2
48357,2016,7,3
48357,2016,9,3
48357,2016,10,11
48357,2016,11,4
48357,2017,2,8
48357,2017,3,5
48357,2017,6,2
48357,2017,11,4
48357,2018,1,4
48357,2018,2,2
48357,2018,3,2
48357,2018,5,1
48357,2018,6,1
48357,2019,2,2
48357,2019,4,2
48357,2019,12,4
48357,2020,10,2
48357,2020,11,2
48357,2021,11,2
48357,2021,12,7
48357,2022,3,2
48357,2023,7,3
48357,2023,8,9
48357,2023,9,2
48357,2023,11,3
48357,2024,2,4
48357,2024,7,2
48357,2024,8,2
48357,2024,10,5
48357,2025,2,2
48357,2025,3,2
48357,2025,11,3
48357,2025,12,8
48359,2015,1,2
48359,2015,2,4
48359,2015,3,1
48359,2015,4,1
48359,2016,1,2
48359,2016,2,4
48359,2016,3,2
48359,2016,7,2
48359,2016,10,8
48359,2016,11,3
48359,2017,2,5
48359,2017,3,3
48359,2017,6,2
48359,2018,1,4
48359,2018,4,2
48359,2019,2,2
48359,2019,4,2
48359,2020,6,2
48359,2020,10,2
48359,2020,11,2
48359,2021,4,2
48359,2021,11,2
48359,2021,12,6
48359,2023,4,2
48359,2023,7,2
48359,2023,9,2
48359,2023,10,2
48359,2023,11,3
48359,2024,2,2
48359,2024,6,2
48359,2025,2,2
48359,2025,3,3
48359,2025,11,3
48359,2025,12,6
48361,2015,8,3
48361,2015,12,5
48361,2016,11,3
48361,2016,12,3
48361,2017,1,5
48361,2017,2,9
48361,2017,10,4
48361,2017,11,2
48361,2018,2,3
48361,2018,3,2
48361,2018,5,5
48361,2018,6,4
48361,2018,9,2
48361,2019,4,2
48361,2019,6,8
48361,2019,8,5
48361,2019,9,5
48361,2020,3,4
48361,2020,4,2
48361,2021,12,9
48361,2022,1,2
48361,2022,6,2
48361,2022,11,3
48361,2022,12,3
48361,2023,1,2
48361,2023,2,2
48361,2023,3,6
48361,2023,7,3
48361,2023,8,8
48361,2023,9,3
48361,2023,10,2
48361,2024,3,5
48361,2024,9,4
48361,2024,10,2
48361,2024,12,2
48361,2025,2,8
48363,2015,1,2
48363,2015,2,2
48363,2015,3,4
48363,2015,12,2
48363,2016,1,2
48363,2016,2,3
48363,2016,6,4
48363,2016,7,8
48363,2016,10,5
48363,2016,11,4
48363,2016,12,2
48363,2017,1,2
48363,2017,2,7
48363,2017,3,6
48363,2017,6,2
48363,2017,11,4
48363,2018,1,2
48363,2018,2,2
48363,2018,4,2
48363,2018,6,2
48363,2018,10,2
48363,2019,4,2
48363,2019,8,2
48363,2020,3,2
48363,2020,5,7
48363,2020,8,2
48363,2020,10,2
48363,2020,12,2
48363,2021,10,3
48363,2021,12,11
48363,2022,12,1
48363,2023,1,5
48363,2023,5,2
48363,2023,6,4
48363,2023,8,2
48363,2023,9,2
48363,2023,11,3
48363,2024,2,5
48363,2024,3,5
48363,2024,5,4
48363,2024,6,5
48363,2024,8,2
48363,2024,10,5
48363,2024,12,4
48363,2025,2,4
48363,2025,6,2
48363,2025,11,8
48363,2025,12,7
48365,2015,1,2
48365,2015,4,2
48365,2015,8,2
48365,2015,12,7
48365,2016,2,2
48365,2016,3,3
48365,2016,10,3
48365,2016,11,6
48365,2016,12,2
48365,2017,1,6
48365,2017,2,7
48365,2017,10,2
48365,2018,3,4
48365,2018,5,3
48365,2019,2,3
48365,2019,10,3
48365,2021,4,2
48365,2021,6,3
48365,2021,12,12
48365,2022,1,2
48365,2022,5,2
48365,2022,12,2
48365,2023,3,2
48365,2023,8,2
48365,2024,2,2
48365,2024,3,2
48365,2024,12,2
48365,2025,2,4
48365,2025,10,2
48365,2025,11,2
48365,2025,12,3
48367,2015,1,2
48367,2015,2,2
48367,2015,12,5
48367,2016,2,2
48367,2016,6,2
48367,2016,10,7
48367,2016,11,4
48367,2016,12,2
48367,2017,1,4
48367,2017,2,7
48367,2017,3,5
48367,2017,12,2
48367,2018,3,2
48367,2018,10,2
48367,2019,2,3
48367,2019,4,2
48367,2020,3,2
48367,2020,5,2
48367,2020,8,3
48367,2021,10,3
48367,2021,11,3
48367,2021,12,16
48367,2023,1,4
48367,2023,2,2
48367,2023,3,4
48367,2023,9,2
48367,2023,11,2
48367,2024,2,3
48367,2024,3,5
48367,2024,12,3
48367,2025,2,5
48367,2025,3,2
48367,2025,11,5
48367,2025,12,7
48369,2015,1,2
48369,2015,2,5
48369,2015,4,3
48369,2015,7,2
48369,2015,8,2
48369,2015,9,2
48369,2016,1,2
48369,2016,2,2
48369,2016,7,4
48369,2016,10,7
48369,2016,11,5
48369,2017,2,6
48369,2017,3,3
48369,2017,6,3
48369,2017,7,2
48369,2018,3,2
48369,2019,7,4
48369,2019,8,7
48369,2019,9,3
48369,2020,6,2
48369,2020,10,3
48369,2020,11,5
48369,2021,2,2
48369,2021,6,4
48369,2021,11,4
48369,2022,7,5
48369,2022,9,7
48369,2023,4,2
48369,2023,7,2
48369,2023,9,5
48369,2023,10,2
48369,2023,11,3
48369,2024,2,4
48369,2024,5,2
48369,2024,6,2
48369,2024,8,2
48369,2024,10,4
48369,2024,12,2
48369,2025,2,7
48369,2025,3,2
48369,2025,7,2
48369,2025,9,2
48369,2025,11,3
48369,2025,12,8
48371,2015,7,2
48371,2015,12,2
48371,2016,2,4
48371,2016,7,2
48371,2016,10,5
48371,2017,1,3
48371,2017,2,4
48371,2017,3,9
48371,2017,11,4
48371,2018,3,2
48371,2018,4,2
48371,2018,11,2
48371,2019,11,3
48371,2019,12,2
48371,2020,7,2
48371,2020,11,5
48371,2021,2,2
48371,2021,3,2
48371,2021,6,2
48371,2021,10,2
48371,2021,12,15
48371,2023,1,6
48371,2023,9,2
48371,2023,11,4
48371,2023,12,2
48371,2024,2,5
48371,2024,4,1
48371,2024,5,1
48371,2024,6,5
48371,2024,7,3
48371,2024,9,2
48371,2024,10,3
48371,2024,11,4
48371,2025,2,7
48371,2025,4,2
48371,2025,8,2
48371,2025,11,4
48371,2025,12,9
48373,2015,1,3
48373,2015,2,2
48373,2015,5,2
48373,2015,12,3
48373,2016,1,1
48373,2016,2,2
48373,2016,3,5
48373,2016,4,5
48373,2016,8,5
48373,2016,11,2
48373,2016,12,3
48373,2017,1,2
48373,2017,2,4
48373,2018,6,2
48373,2019,10,2
48373,2020,4,2
48373,2021,12,11
48373,2022,1,1
48373,2022,12,3
48373,2023,2,1
48373,2023,3,2
48373,2023,9,2
48373,2024,2,2
48373,2024,10,3
48373,2025,2,7
48373,2025,12,5
48375,2015,2,4
48375,2016,2,3
48375,2016,10,6
48375,2016,11,2
48375,2017,2,6
48375,2017,3,3
48375,2017,12,2
48375,2019,1,2
48375,2019,8,4
48375,2019,12,2
48375,2020,5,2
48375,2020,7,4
48375,2020,8,2
48375,2021,11,2
48375,2021,12,7
48375,2022,5,2
48375,2023,7,2
48375,2023,8,2
48375,2023,11,3
48375,2024,2,3
48375,2024,7,1
48375,2024,8,3
48375,2025,2,2
48375,2025,11,2
48375,2025,12,8
48377,2015,1,2
48377,2015,2,2
48377,2016,2,3
48377,2017,1,3
48377,2017,2,2
48377,2017,11,2
48377,2019,6,2
48377,2019,12,2
48377,2020,11,2
48377,2021,7,2
48377,2021,12,15
48377,2022,1,1
48377,2022,11,2
48377,2023,1,2
48377,2023,7,2
48377,2023,10,3
48377,2024,7,4
48377,2024,10,2
48377,2024,11,2
48377,2024,12,2
48377,2025,2,8
48377,2025,7,2
48377,2025,8,4
48377,2025,10,2
48377,2025,11,4
48377,2025,12,9
48379,2015,1,2
48379,2015,12,5
48379,2016,10,6
48379,2016,11,2
48379,2016,12,2
48379,2017,1,2
48379,2017,2,6
48379,2017,12,2
48379,2018,5,2
48379,2019,2,3
48379,2019,10,2
48379,2021,12,10
48379,2022,3,2
48379,2022,5,2
48379,2023,1,4
48379,2023,2,3
48379,2023,5,2
48379,2023,9,3
48379,2024,3,2
48379,2024,11,2
48379,2025,2,4
48379,2025,11,3
48379,2025,12,5
48381,2015,2,4
48381,2015,7,2
48381,2016,2,3
48381,2016,8,2
48381,2016,10,9
48381,2016,11,7
48381,2017,3,2
48381,2018,8,2
48381,2018,10,2
48381,2019,1,3
48381,2019,3,2
48381,2020,2,2
48381,2020,4,2
48381,2020,7,2
48381,2020,11,2
48381,2021,11,4
48381,2021,12,5
48381,2022,3,2
48381,2022,9,2
48381,2023,1,2
48381,2023,4,2
48381,2023,8,4
48381,2023,11,2
48381,2024,2,4
48381,2025,2,2
48381,2025,3,2
48381,2025,11,3
48381,2025,12,8
48383,2015,1,2
48383,2015,2,3
48383,2015,8,2
48383,2015,9,2
48383,2015,10,2
48383,2015,12,2
48383,2016,1,1
48383,2016,2,2
48383,2016,10,8
48383,2016,12,2
48383,2017,1,6
48383,2017,2,8
48383,2017,3,4
48383,2017,4,2
48383,2017,6,4
48383,2017,7,4
48383,2017,10,2
48383,2017,11,4
48383,2018,3,2
48383,2018,6,2
48383,2019,7,2
48383,2019,10,2
48383,2019,12,2
48383,2020,3,2
48383,2020,5,2
48383,2020,6,2
48383,2021,6,2
48383,2021,9,3
48383,2021,10,2
48383,2021,11,4
48383,2021,12,18
48383,2022,3,2
48383,2022,4,2
48383,2022,7,2
48383,2023,1,2
48383,2023,2,2
48383,2023,3,2
48383,2023,6,2
48383,2023,9,3
48383,2023,11,3
48383,2024,2,5
48383,2024,7,15
48383,2024,8,3
48383,2024,10,4
48383,2024,11,5
48383,2024,12,11
48383,2025,2,7
48383,2025,3,2
48383,2025,8,7
48383,2025,11,7
48383,2025,12,12
48385,2015,1,2
48385,2015,2,2
48385,2015,10,2
48385,2015,12,2
48385,2016,12,2
48385,2017,2,6
48385,2017,3,2
48385,2017,6,2
48385,2017,11,2
48385,2019,2,2
48385,2019,12,2
48385,2020,6,2
48385,2021,12,7
48385,2022,4,2
48385,2023,1,6
48385,2023,2,1
48385,2023,3,1
48385,2023,6,2
48385,2024,2,3
48385,2024,6,8
48385,2024,7,2
48385,2024,8,6
48385,2024,9,2
48385,2024,10,5
48385,2024,11,2
48385,2024,12,2
48385,2025,2,2
48385,2025,3,2
48385,2025,4,2
48385,2025,8,6
48385,2025,11,4
48385,2025,12,2
48387,2015,1,2
48387,2015,6,3
48387,2015,8,2
48387,2015,12,6
48387,2016,1,3
48387,2016,3,2
48387,2016,4,2
48387,2016,7,3
48387,2016,8,3
48387,2016,10,9
48387,2016,11,4
48387,2016,12,2
48387,2017,1,5
48387,2017,2,5
48387,2017,3,4
48387,2017,10,2
48387,2017,11,2
48387,2017,12,3
48387,2018,5,13
48387,2018,9,2
48387,2019,2,3
48387,2019,4,2
48387,2020,3,4
48387,2020,4,2
48387,2020,6,4
48387,2020,8,2
48387,2020,12,2
48387,2021,6,5
48387,2021,12,10
48387,2022,3,2
48387,2022,5,2
48387,2022,7,2
48387,2023,1,6
48387,2023,9,2
48387,2023,11,2
48387,2024,2,5
48387,2024,3,5
48387,2024,5,2
48387,2024,9,3
48387,2024,10,4
48387,2025,2,4
48387,2025,3,3
48387,2025,4,2
48387,2025,5,2
48387,2025,11,3
48387,2025,12,6
48389,2015,2,4
48389,2016,2,4
48389,2016,3,2
48389,2017,1,4
48389,2017,2,6
48389,2017,3,5
48389,2019,2,2
48389,2020,10,2
48389,2020,11,2
48389,2021,2,2
48389,2021,3,2
48389,2021,12,11
48389,2023,1,2
48389,2023,2,2
48389,2023,11,2
48389,2024,2,3
48389,2024,7,2
48389,2024,11,2
48389,2024,12,2
48389,2025,2,7
48389,2025,12,8
48391,2015,8,4
48391,2016,10,2
48391,2017,1,2
48391,2017,2,2
48391,2019,10,2
48391,2021,12,4
48391,2022,1,2
48391,2024,12,2
48391,2025,2,5
48391,2025,11,2
48391,2025,12,2
48393,2015,1,4
48393,2015,2,4
48393,2015,4,2
48393,2015,10,2
48393,2015,12,2
48393,2016,1,2
48393,2016,2,4
48393,2016,10,10
48393,2016,11,2
48393,2017,2,7
48393,2017,3,5
48393,2017,11,4
48393,2018,1,2
48393,2018,5,2
48393,2019,1,2
48393,2019,2,2
48393,2019,4,2
48393,2019,8,2
48393,2019,12,3
48393,2020,5,3
48393,2020,7,2
48393,2020,8,4
48393,2020,10,4
48393,2020,11,2
48393,2021,12,8
48393,2022,3,4
48393,2022,5,4
48393,2023,1,4
48393,2023,6,2
48393,2023,7,3
48393,2023,8,5
48393,2023,9,4
48393,2023,11,3
48393,2024,2,4
48393,2024,6,4
48393,2024,9,2
48393,2024,10,7
48393,2025,2,3
48393,2025,3,4
48393,2025,11,3
48393,2025,12,6
48395,2015,1,2
48395,2015,2,2
48395,2015,10,2
48395,2015,12,2
48395,2016,1,3
48395,2016,2,1
48395,2016,3,2
48395,2016,9,2
48395,2016,12,5
48395,2017,1,4
48395,2017,2,8
48395,2017,11,2
48395,2019,4,2
48395,2019,9,3
48395,2019,10,7
48395,2020,3,4
48395,2020,4,2
48395,2020,5,2
48395,2020,12,2
48395,2021,4,3
48395,2021,12,11
48395,2022,1,1
48395,2022,10,2
48395,2022,11,4
48395,2022,12,6
48395,2023,1,4
48395,2023,2,7
48395,2023,3,4
48395,2023,5,2
48395,2023,9,5
48395,2023,10,2
48395,2024,2,2
48395,2024,3,2
48395,2024,5,2
48395,2024,10,12
48395,2024,11,8
48395,2024,12,3
48395,2025,2,7
48395,2025,3,7
48395,2025,4,4
48395,2025,5,2
48395,2025,10,2
48395,2025,11,7
48395,2025,12,7
48397,2015,1,3
48397,2015,6,2
48397,2015,12,9
48397,2016,1,3
48397,2016,2,1
48397,2016,3,2
48397,2016,5,2
48397,2016,10,7
48397,2016,11,5
48397,2016,12,4
48397,2017,1,3
48397,2017,2,8
48397,2017,3,2
48397,2017,10,2
48397,2017,11,2
48397,2017,12,3
48397,2018,10,2
48397,2019,2,3
48397,2019,4,3
48397,2020,3,5
48397,2020,4,2
48397,2020,8,2
48397,2020,12,2
48397,2021,6,2
48397,2021,12,11
48397,2022,1,2
48397,2022,12,2
48397,2023,1,6
48397,2023,9,2
48397,2023,11,2
48397,2024,1,2
48397,2024,2,5
48397,2024,3,4
48397,2024,7,2
48397,2024,9,3
48397,2024,12,3
48397,2025,2,3
48397,2025,3,2
48397,2025,4,2
48397,2025,11,5
48397,2025,12,6
48399,2015,3,2
48399,2016,7,2
48399,2016,8,2
48399,2016,9,2
48399,2016,10,5
48399,2016,11,4
48399,2017,2,6
48399,2017,3,3
48399,2017,6,1
48399,2017,7,3
48399,2017,8,2
48399,2018,2,2
48399,2018,6,2
48399,2019,2,2
48399,2019,7,2
48399,2019,8,2
48399,2019,10,2
48399,2020,3,2
48399,2020,5,5
48399,2020,7,2
48399,2020,8,2
48399,2020,9,2
48399,2020,12,2
48399,2021,10,2
48399,2021,11,2
48399,2021,12,13
48399,2022,7,2
48399,2022,8,2
48399,2023,1,4
48399,2023,6,2
48399,2023,9,2
48399,2023,11,3
48399,2024,2,4
48399,2024,4,4
48399,2024,6,2
48399,2024,10,6
48399,2024,12,4
48399,2025,1,1
48399,2025,2,6
48399,2025,3,2
48399,2025,5,2
48399,2025,6,2
48399,2025,9,2
48399,2025,11,8
48399,2025,12,7
48401,2015,1,2
48401,2015,8,2
48401,2015,10,2
48401,2015,12,7
48401,2016,1,1
48401,2016,2,2
48401,2016,3,2
48401,2016,10,4
48401,2016,11,5
48401,2016,12,3
48401,2017,1,4
48401,2017,2,3
48401,2017,3,2
48401,2017,10,4
48401,2017,12,5
48401,2018,3,2
48401,2018,5,4
48401,2019,2,2
48401,2019,4,2
48401,2019,9,3
48401,2019,10,6
48401,2019,12,3
48401,2020,3,4
48401,2020,4,2
48401,2021,4,2
48401,2021,12,12
48401,2022,1,1
48401,2022,12,2
48401,2023,2,2
48401,2023,9,2
48401,2023,10,2
48401,2024,2,3
48401,2024,3,2
48401,2024,7,2
48401,2024,10,9
48401,2024,12,2
48401,2025,2,7
48401,2025,3,6
48401,2025,5,2
48401,2025,7,1
48401,2025,8,1
48401,2025,11,6
48401,2025,12,6
48403,2015,1,2
48403,2015,2,2
48403,2015,3,2
48403,2015,11,2
48403,2015,12,5
48403,2016,1,3
48403,2016,2,1
48403,2016,3,3
48403,2016,10,8
48403,2016,11,7
48403,2016,12,3
48403,2017,1,5
48403,2017,2,9
48403,2017,3,5
48403,2017,4,1
48403,2017,10,2
48403,2017,11,7
48403,2017,12,2
48403,2018,2,4
48403,2018,5,5
48403,2018,6,2
48403,2019,2,2
48403,2019,4,3
48403,2019,9,1
48403,2019,10,6
48403,2019,12,2
48403,2020,3,4
48403,2020,12,2
48403,2021,2,2
48403,2021,3,2
48403,2021,4,2
48403,2021,10,4
48403,2021,12,15
48403,2022,1,1
48403,2022,2,2
48403,2022,3,4
48403,2022,4,3
48403,2022,6,5
48403,2022,7,4
48403,2022,9,3
48403,2022,11,4
48403,2022,12,5
48403,2023,1,4
48403,2023,2,3
48403,2023,3,4
48403,2023,6,8
48403,2023,7,5
48403,2023,10,2
48403,2023,11,3
48403,2024,2,3
48403,2024,5,4
48403,2024,10,5
48403,2024,11,5
48403,2024,12,2
48403,2025,2,7
48403,2025,3,5
48403,2025,4,2
48403,2025,6,3
48403,2025,9,6
48403,2025,10,3
48403,2025,11,7
48403,2025,12,3
48405,2015,1,2
48405,2015,8,7
48405,2015,11,2
48405,2015,12,10
48405,2016,10,2
48405,2016,11,2
48405,2016,12,3
48405,2017,1,3
48405,2017,2,5
48405,2017,10,6
48405,2017,11,5
48405,2017,12,3
48405,2018,2,6
48405,2018,3,4
48405,2018,5,18
48405,2018,6,6
48405,2018,9,2
48405,2019,2,2
48405,2019,3,2
48405,2019,10,3
48405,2020,4,2
48405,2021,10,3
48405,2021,11,2
48405,2021,12,13
48405,2022,1,4
48405,2022,3,2
48405,2022,4,2
48405,2022,5,4
48405,2022,6,2
48405,2022,7,4
48405,2022,12,3
48405,2023,1,2
48405,2023,2,2
48405,2023,3,6
48405,2023,7,2
48405,2023,8,7
48405,2023,9,3
48405,2023,10,3
48405,2024,2,3
48405,2024,10,5
48405,2024,12,4
48405,2025,2,8
48405,2025,3,8
48405,2025,10,4
48405,2025,11,7
48405,2025,12,5
48407,2015,1,2
48407,2015,2,2
48407,2015,8,2
48407,2015,10,2
48407,2015,12,3
48407,2016,1,1
48407,2016,2,1
48407,2016,3,2
48407,2016,10,4
48407,2016,11,2
48407,2016,12,4
48407,2017,1,3
48407,2017,2,6
48407,2017,3,2
48407,2018,3,2
48407,2018,5,3
48407,2018,6,3
48407,2019,10,4
48407,2020,3,4
48407,2020,4,2
48407,2021,12,11
48407,2022,1,1
48407,2022,12,3
48407,2023,1,2
48407,2023,2,3
48407,2023,3,2
48407,2023,9,2
48407,2024,2,2
48407,2024,10,3
48407,2024,12,2
48407,2025,2,7
48407,2025,3,3
48407,2025,11,4
48407,2025,12,6
48409,2015,10,2
48409,2016,9,3
48409,2016,10,4
48409,2016,11,2
48409,2017,1,4
48409,2017,2,8
48409,2017,4,2
48409,2017,11,3
48409,2019,6,3
48409,2020,6,2
48409,2020,10,4
48409,2020,11,2
48409,2021,1,2
48409,2021,9,2
48409,2022,3,2
48409,2022,5,6
48409,2022,6,2
48409,2022,7,4
48409,2022,10,2
48409,2023,1,8
48409,2023,2,1
48409,2023,3,6
48409,2023,6,2
48409,2023,7,2
48409,2023,8,11
48409,2023,9,22
48409,2024,2,2
48409,2024,3,2
48409,2024,5,9
48409,2024,6,8
48409,2024,8,5
48409,2024,9,2
48409,2024,10,2
48409,2024,11,2
48409,2024,12,3
48409,2025,2,5
48409,2025,3,4
48409,2025,8,5
48409,2025,9,2
48409,2025,11,5
48409,2025,12,4
48411,2015,12,2
48411,2016,1,2
48411,2017,1,2
48411,2017,2,6
48411,2017,10,2
48411,2017,11,4
48411,2019,10,2
48411,2019,12,2
48411,2020,3,2
48411,2020,5,2
48411,2021,12,10
48411,2022,1,1
48411,2022,5,2
48411,2022,7,2
48411,2023,1,4
48411,2023,2,2
48411,2023,6,2
48411,2023,9,2
48411,2023,11,2
48411,2024,2,2
48411,2024,12,2
48411,2025,2,6
48411,2025,3,2
48411,2025,5,2
48411,2025,11,4
48411,2025,12,6
48413,2015,2,2
48413,2015,3,2
48413,2015,8,5
48413,2015,10,2
48413,2016,1,1
48413,2016,2,2
48413,2016,7,2
48413,2016,9,2
48413,2016,10,3
48413,2016,12,4
48413,2017,1,2
48413,2017,2,4
48413,2017,3,2
48413,2017,11,3
48413,2018,3,2
48413,2018,5,2
48413,2019,2,2
48413,2019,12,2
48413,2020,5,2
48413,2020,9,2
48413,2021,11,2
48413,2021,12,8
48413,2022,1,2
48413,2023,1,4
48413,2023,11,2
48413,2024,2,5
48413,2024,6,2
48413,2024,7,2
48413,2024,8,2
48413,2024,12,4
48413,2025,2,7
48413,2025,11,4
48413,2025,12,5
48415,2015,12,2
48415,2016,2,3
48415,2016,7,2
48415,2016,10,3
48415,2017,1,2
48415,2017,3,5
48415,2017,6,4
48415,2019,7,5
48415,2019,8,5
48415,2020,5,2
48415,2021,10,3
48415,2021,12,12
48415,2023,6,4
48415,2023,11,2
48415,2024,2,2
48415,2024,10,2
48415,2025,2,3
48415,2025,11,2
48415,2025,12,5
48417,2015,1,2
48417,2015,3,2
48417,2016,2,2
48417,2016,7,2
48417,2016,11,2
48417,2016,12,2
48417,2017,2,6
48417,2017,3,2
48417,2017,8,2
48417,2017,11,2
48417,2018,2,2
48417,2018,6,4
48417,2019,10,2
48417,2020,3,2
48417,2020,4,2
48417,2020,5,7
48417,2020,7,2
48417,2020,8,5
48417,2020,12,2
48417,2021,9,2
48417,2021,10,3
48417,2021,11,3
48417,2021,12,11
48417,2022,3,2
48417,2022,7,2
48417,2023,1,2
48417,2023,2,2
48417,2023,5,2
48417,2023,6,5
48417,2023,7,4
48417,2023,9,5
48417,2023,11,2
48417,2024,2,2
48417,2024,3,2
48417,2024,6,2
48417,2024,8,3
48417,2024,9,3
48417,2024,10,6
48417,2025,2,4
48417,2025,3,2
48417,2025,9,4
48417,2025,11,7
48417,2025,12,7
48419,2015,4,2
48419,2015,8,3
48419,2015,10,2
48419,2015,12,7
48419,2016,2,2
48419,2016,3,2
48419,2016,10,6
48419,2016,11,4
48419,2016,12,3
48419,2017,1,2
48419,2017,2,4
48419,2017,10,2
48419,2017,12,2
48419,2018,3,4
48419,2018,5,2
48419,2018,6,2
48419,2018,7,4
48419,2019,2,2
48419,2019,4,2
48419,2019,9,4
48419,2019,10,7
48419,2021,12,9
48419,2022,1,1
48419,2024,2,2
48419,2024,10,4
48419,2025,2,7
48419,2025,3,2
48419,2025,11,2
48419,2025,12,5
48421,2015,2,4
48421,2015,7,4
48421,2015,9,4
48421,2015,10,2
48421,2015,11,4
48421,2016,1,2
48421,2016,2,2
48421,2016,3,2
48421,2016,7,6
48421,2016,9,2
48421,2016,10,8
48421,2016,11,3
48421,2017,1,2
48421,2017,2,8
48421,2017,3,3
48421,2017,6,5
48421,2017,11,4
48421,2018,1,2
48421,2018,5,1
48421,2018,6,3
48421,2018,9,2
48421,2019,3,2
48421,2019,4,2
48421,2019,7,3
48421,2019,8,5
48421,2019,12,3
48421,2020,3,2
48421,2020,5,3
48421,2020,7,3
48421,2020,8,6
48421,2020,10,2
48421,2020,11,2
48421,2021,12,8
48421,2022,3,2
48421,2022,5,2
48421,2022,9,2
48421,2023,1,2
48421,2023,7,3
48421,2023,8,13
48421,2023,9,7
48421,2023,10,4
48421,2023,11,2
48421,2024,2,4
48421,2024,6,6
48421,2024,7,3
48421,2024,8,7
48421,2024,9,2
48421,2024,10,5
48421,2025,2,2
48421,2025,3,5
48421,2025,4,2
48421,2025,9,2
48421,2025,11,3
48421,2025,12,6
48423,2015,1,2
48423,2015,6,2
48423,2015,12,9
48423,2016,1,1
48423,2016,2,1
48423,2016,3,2
48423,2016,7,2
48423,2016,8,2
48423,2016,10,2
48423,2016,11,2
48423,2016,12,2
48423,2017,1,4
48423,2017,2,4
48423,2017,10,2
48423,2018,5,4
48423,2019,2,2
48423,2019,4,2
48423,2019,9,2
48423,2019,10,3
48423,2020,3,4
48423,2020,6,2
48423,2021,10,2
48423,2021,12,12
48423,2022,1,1
48423,2022,12,2
48423,2023,1,2
48423,2023,2,2
48423,2024,2,2
48423,2024,3,2
48423,2024,9,3
48423,2024,10,10
48423,2024,12,2
48423,2025,2,6
48423,2025,3,2
48423,2025,10,2
48423,2025,11,6
48423,2025,12,5
48425,2015,1,2
48425,2015,12,3
48425,2017,1,3
48425,2017,2,5
48425,2017,11,2
48425,2019,10,2
48425,2021,12,11
48425,2023,1,4
48425,2023,2,2
48425,2024,2,2
48425,2024,12,3
48425,2025,2,5
48425,2025,11,2
48425,2025,12,6
48427,2015,12,2
48427,2016,1,1
48427,2016,2,1
48427,2016,9,2
48427,2016,10,4
48427,2017,1,2
48427,2017,2,2
48427,2017,6,5
48427,2017,9,2
48427,2017,10,4
48427,2017,11,4
48427,2017,12,2
48427,2018,2,2
48427,2018,3,8
48427,2018,7,5
48427,2018,8,10
48427,2018,9,3
48427,2018,11,4
48427,2019,6,11
48427,2019,7,7
48427,2019,8,10
48427,2019,9,8
48427,2019,10,4
48427,2019,12,4
48427,2020,7,4
48427,2020,8,4
48427,2020,9,2
48427,2020,10,2
48427,2021,4,3
48427,2021,9,2
48427,2021,12,2
48427,2022,1,2
48427,2022,2,2
48427,2022,7,6
48427,2023,1,4
48427,2023,2,1
48427,2023,3,2
48427,2023,6,14
48427,2023,7,2
48427,2023,9,14
48427,2024,11,4
48427,2024,12,2
48427,2025,1,1
48427,2025,2,5
48427,2025,4,3
48427,2025,5,7
48427,2025,10,3
48427,2025,11,2
48427,2025,12,2
48429,2015,1,2
48429,2015,3,2
48429,2015,12,2
48429,2016,2,2
48429,2016,7,2
48429,2016,9,2
48429,2016,10,2
48429,2016,11,4
48429,2016,12,2
48429,2017,1,2
48429,2017,2,6
48429,2017,3,2
48429,2017,8,2
48429,2017,10,2
48429,2017,11,2
48429,2017,12,3
48429,2018,2,2
48429,2018,6,2
48429,2019,10,2
48429,2020,3,2
48429,2020,5,3
48429,2020,8,4
48429,2020,12,2
48429,2021,10,3
48429,2021,11,2
48429,2021,12,12
48429,2022,5,2
48429,2022,7,2
48429,2023,1,4
48429,2023,2,2
48429,2023,11,2
48429,2024,2,2
48429,2024,8,2
48429,2024,10,2
48429,2025,2,6
48429,2025,6,2
48429,2025,11,9
48429,2025,12,7
48431,2015,8,2
48431,2016,1,1
48431,2016,2,2
48431,2016,11,2
48431,2016,12,2
48431,2017,1,4
48431,2017,2,2
48431,2017,3,2
48431,2017,5,2
48431,2017,6,6
48431,2017,7,1
48431,2017,11,3
48431,2019,2,4
48431,2021,10,3
48431,2021,12,9
48431,2022,7,2
48431,2023,1,2
48431,2023,11,2
48431,2024,2,2
48431,2024,10,2
48431,2025,2,5
48431,2025,11,4
48431,2025,12,6
48433,2015,1,2
48433,2015,2,2
48433,2015,3,2
48433,2015,9,2
48433,2016,1,2
48433,2016,2,3
48433,2016,7,5
48433,2016,9,2
48433,2016,10,7
48433,2016,11,2
48433,2017,2,6
48433,2017,3,4
48433,2017,6,1
48433,2017,7,1
48433,2017,9,2
48433,2017,10,2
48433,2017,11,4
48433,2018,1,2
48433,2018,6,2
48433,2019,7,2
48433,2019,8,4
48433,2020,5,2
48433,2021,9,2
48433,2021,10,5
48433,2021,12,9
48433,2022,3,2
48433,2023,1,5
48433,2023,3,2
48433,2023,6,2
48433,2023,7,3
48433,2023,11,2
48433,2024,2,4
48433,2024,8,2
48433,2024,10,3
48433,2025,2,4
48433,2025,5,2
48433,2025,9,5
48433,2025,11,4
48433,2025,12,6
48435,2015,12,2
48435,2016,1,1
48435,2016,2,3
48435,2016,9,2
48435,2017,2,4
48435,2017,11,2
48435,2019,12,2
48435,2021,12,12
48435,2022,1,1
48435,2022,7,2
48435,2023,1,4
48435,2023,9,2
48435,2023,11,2
48435,2024,2,3
48435,2024,4,2
48435,2024,5,4
48435,2024,7,2
48435,2024,8,3
48435,2024,11,5
48435,2024,12,11
48435,2025,2,6
48435,2025,6,5
48435,2025,11,7
48435,2025,12,6
48437,2015,2,5
48437,2015,4,3
48437,2015,7,2
48437,2015,9,2
48437,2016,1,2
48437,2016,7,5
48437,2016,10,6
48437,2016,11,5
48437,2017,2,2
48437,2017,3,2
48437,2018,1,4
48437,2018,3,2
48437,2018,6,2
48437,2018,8,2
48437,2019,7,2
48437,2020,5,2
48437,2020,10,2
48437,2020,11,2
48437,2021,6,2
48437,2021,11,4
48437,2021,12,4
48437,2022,7,2
48437,2022,9,5
48437,2023,1,2
48437,2023,7,5
48437,2023,8,3
48437,2023,11,3
48437,2024,2,4
48437,2024,5,2
48437,2024,8,4
48437,2024,9,5
48437,2024,10,4
48437,2025,2,5
48437,2025,7,2
48437,2025,11,3
48437,2025,12,8
48439,2015,1,3
48439,2015,12,8
48439,2016,1,2
48439,2016,3,2
48439,2016,5,2
48439,2016,9,2
48439,2016,10,5
48439,2016,11,2
48439,2016,12,2
48439,2017,1,4
48439,2017,2,7
48439,2017,3,4
48439,2017,11,2
48439,2017,12,2
48439,2019,2,3
48439,2020,3,4
48439,2020,5,2
48439,2020,8,2
48439,2020,12,2
48439,2021,11,2
48439,2021,12,12
48439,2022,3,2
48439,2022,12,2
48439,2023,1,6
48439,2023,2,2
48439,2023,4,2
48439,2023,5,2
48439,2023,11,2
48439,2024,2,2
48439,2024,3,3
48439,2024,5,2
48439,2024,6,2
48439,2024,12,3
48439,2025,2,6
48439,2025,11,5
48439,2025,12,6
48441,2015,8,4
48441,2015,12,2
48441,2017,2,2
48441,2017,3,2
48441,2018,6,3
48441,2018,11,2
48441,2019,8,4
48441,2020,5,5
48441,2020,8,5
48441,2020,10,2
48441,2021,10,3
48441,2021,11,2
48441,2021,12,14
48441,2022,5,2
48441,2023,1,4
48441,2023,2,2
48441,2023,8,2
48441,2023,9,2
48441,2023,11,2
48441,2024,2,3
48441,2024,8,2
48441,2024,9,4
48441,2024,10,2
48441,2025,2,5
48441,2025,11,8
48441,2025,12,6
48443,2015,1,2
48443,2015,7,2
48443,2015,9,2
48443,2015,12,8
48443,2016,1,2
48443,2016,2,1
48443,2016,6,2
48443,2016,7,10
48443,2016,10,2
48443,2016,12,1
48443,2017,1,6
48443,2017,2,6
48443,2017,3,2
48443,2017,6,4
48443,2017,11,10
48443,2018,2,2
48443,2018,3,2
48443,2018,4,2
48443,2018,6,2
48443,2018,11,2
48443,2019,2,4
48443,2019,8,6
48443,2019,12,3
48443,2020,1,2
48443,2020,5,2
48443,2021,8,2
48443,2021,11,2
48443,2021,12,13
48443,2022,1,1
48443,2023,1,4
48443,2023,3,2
48443,2023,6,2
48443,2023,7,5
48443,2024,2,3
48443,2024,6,2
48443,2024,12,2
48443,2025,2,5
48443,2025,6,7
48443,2025,8,7
48443,2025,9,3
48443,2025,11,4
48443,2025,12,9
48445,2015,7,2
48445,2015,8,2
48445,2015,9,2
48445,2016,1,2
48445,2016,2,3
48445,2016,7,3
48445,2016,10,2
48445,2016,11,2
48445,2017,2,2
48445,2017,3,3
48445,2017,6,1
48445,2017,7,1
48445,2017,9,2
48445,2017,10,2
48445,2017,11,2
48445,2018,1,2
48445,2018,2,2
48445,2018,4,2
48445,2018,8,2
48445,2019,3,2
48445,2019,4,2
48445,2020,7,2
48445,2020,10,2
48445,2021,8,2
48445,2021,12,7
48445,2023,7,2
48445,2024,2,2
48445,2024,9,2
48445,2024,10,2
48445,2024,12,2
48445,2025,2,6
48445,2025,5,2
48445,2025,11,4
48445,2025,12,8
48447,2016,1,2
48447,2016,2,2
48447,2016,10,2
48447,2016,12,2
48447,2017,1,3
48447,2017,2,3
48447,2017,3,5
48447,2017,11,5
48447,2018,6,2
48447,2019,4,2
48447,2019,8,2
48447,2020,3,3
48447,2020,5,4
48447,2020,6,2
48447,2020,8,2
48447,2020,10,2
48447,2021,10,3
48447,2021,12,10
48447,2022,3,3
48447,2022,4,3
48447,2023,1,5
48447,2023,5,2
48447,2023,6,4
48447,2023,9,4
48447,2023,10,2
48447,2023,11,4
48447,2024,2,2
48447,2025,2,5
48447,2025,11,5
48447,2025,12,6
48449,2015,1,4
48449,2015,3,2
48449,2015,4,5
48449,2015,8,2
48449,2015,12,8
48449,2016,1,2
48449,2016,2,4
48449,2016,3,3
48449,2016,6,9
48449,2016,7,8
48449,2016,8,8
48449,2016,9,3
48449,2016,10,10
48449,2016,11,8
48449,2016,12,6
48449,2017,1,4
48449,2017,2,2
48449,2017,3,2
48449,2017,4,2
48449,2017,9,2
48449,2017,10,4
48449,2017,11,5
48449,2017,12,3
48449,2018,5,3
48449,2018,9,2
48449,2019,2,3
48449,2020,3,2
48449,2020,4,2
48449,2020,12,2
48449,2021,12,9
48449,2022,4,2
48449,2022,5,7
48449,2022,6,2
48449,2022,7,6
48449,2022,8,6
48449,2022,9,2
48449,2022,12,2
48449,2023,1,8
48449,2023,2,2
48449,2023,3,5
48449,2023,5,5
48449,2023,6,9
48449,2023,8,7
48449,2023,9,4
48449,2023,10,3
48449,2023,11,2
48449,2024,2,2
48449,2024,3,3
48449,2024,6,2
48449,2024,8,4
48449,2024,9,2
48449,2024,10,6
48449,2025,2,6
48449,2025,3,2
48449,2025,6,5
48449,2025,7,5
48449,2025,8,12
48449,2025,9,2
48449,2025,11,9
48449,2025,12,5
48451,2015,1,2
48451,2015,2,4
48451,2015,8,4
48451,2015,12,6
48451,2016,1,2
48451,2016,2,3
48451,2016,7,4
48451,2016,9,2
48451,2016,10,7
48451,2016,11,4
48451,2017,1,2
48451,2017,2,5
48451,2017,3,3
48451,2017,6,6
48451,2017,7,5
48451,2017,8,2
48451,2017,9,3
48451,2017,11,4
48451,2017,12,2
48451,2018,6,2
48451,2019,2,4
48451,2019,7,2
48451,2019,8,9
48451,2019,11,2
48451,2019,12,5
48451,2020,5,5
48451,2020,6,2
48451,2020,7,2
48451,2020,8,2
48451,2020,9,2
48451,2020,12,2
48451,2021,6,2
48451,2021,9,2
48451,2021,10,3
48451,2021,11,2
48451,2021,12,16
48451,2022,7,2
48451,2023,1,4
48451,2023,2,2
48451,2023,3,2
48451,2023,5,2
48451,2023,6,2
48451,2023,7,2
48451,2023,8,2
48451,2023,9,4
48451,2023,11,3
48451,2024,2,2
48451,2024,7,2
48451,2024,8,4
48451,2024,10,3
48451,2024,12,2
48451,2025,2,5
48451,2025,6,2
48451,2025,11,9
48451,2025,12,8
48453,2015,1,3
48453,2015,2,2
48453,2015,12,2
48453,2016,1,1
48453,2016,2,1
48453,2016,3,2
48453,2016,12,4
48453,2017,1,4
48453,2017,2,5
48453,2019,4,2
48453,2019,10,2
48453,2020,3,2
48453,2020,4,2
48453,2020,6,2
48453,2020,10,2
48453,2021,12,3
48453,2022,1,1
48453,2023,1,4
48453,2023,2,3
48453,2023,3,1
48453,2023,9,2
48453,2024,2,3
48453,2024,3,2
48453,2024,10,4
48453,2024,12,4
48453,2025,2,3
48453,2025,4,2
48453,2025,12,5
48455,2015,1,2
48455,2015,8,2
48455,2015,12,5
48455,2016,1,1
48455,2016,2,1
48455,2016,3,2
48455,2016,12,2
48455,2017,1,2
48455,2017,2,6
48455,2021,12,11
48455,2022,1,1
48455,2023,2,1
48455,2023,3,1
48455,2023,9,2
48455,2024,2,2
48455,2024,10,3
48455,2024,12,2
48455,2025,2,6
48455,2025,11,2
48455,2025,12,6
48457,2015,1,2
48457,2015,2,2
48457,2015,7,4
48457,2015,8,4
48457,2015,10,2
48457,2015,12,7
48457,2016,1,2
48457,2016,2,1
48457,2016,3,4
48457,2016,7,2
48457,2016,9,2
48457,2016,10,7
48457,2016,11,6
48457,2016,12,5
48457,2017,1,5
48457,2017,2,7
48457,2017,10,5
48457,2017,11,3
48457,2018,3,3
48457,2018,5,9
48457,2018,6,3
48457,2019,9,2
48457,2019,10,2
48457,2020,3,3
48457,2020,4,2
48457,2021,3,2
48457,2021,6,2
48457,2021,12,10
48457,2022,1,1
48457,2022,4,2
48457,2022,5,3
48457,2022,6,2
48457,2022,7,2
48457,2022,10,2
48457,2022,11,3
48457,2022,12,4
48457,2023,1,2
48457,2023,2,5
48457,2023,3,4
48457,2023,7,11
48457,2023,8,12
48457,2023,9,14
48457,2023,10,6
48457,2023,11,3
48457,2024,2,2
48457,2024,3,2
48457,2024,5,2
48457,2024,10,7
48457,2024,12,3
48457,2025,2,7
48457,2025,3,2
48457,2025,10,5
48457,2025,11,8
48457,2025,12,2
48459,2015,1,2
48459,2015,6,2
48459,2015,12,8
48459,2016,1,2
48459,2016,2,2
48459,2016,3,3
48459,2016,10,3
48459,2016,11,4
48459,2016,12,3
48459,2017,1,4
48459,2017,2,5
48459,2017,3,2
48459,2017,10,2
48459,2017,12,3
48459,2018,5,4
48459,2019,2,3
48459,2019,4,3
48459,2019,10,4
48459,2020,3,4
48459,2021,4,2
48459,2021,6,2
48459,2021,10,2
48459,2021,12,11
48459,2022,1,1
48459,2022,3,2
48459,2022,6,5
48459,2022,7,2
48459,2022,12,2
48459,2023,1,7
48459,2023,2,3
48459,2023,3,1
48459,2023,9,2
48459,2024,1,2
48459,2024,3,2
48459,2024,10,3
48459,2024,12,2
48459,2025,2,6
48459,2025,3,2
48459,2025,11,6
48459,2025,12,6
48461,2015,8,4
48461,2015,10,2
48461,2016,1,1
48461,2016,2,2
48461,2016,6,2
48461,2016,7,2
48461,2016,10,9
48461,2016,11,2
48461,2016,12,2
48461,2017,1,3
48461,2017,2,2
48461,2017,3,3
48461,2017,6,3
48461,2017,7,4
48461,2017,8,2
48461,2017,10,2
48461,2017,11,3
48461,2017,12,2
48461,2018,4,4
48461,2018,7,2
48461,2018,11,1
48461,2018,12,1
48461,2019,6,2
48461,2019,7,2
48461,2019,8,2
48461,2019,12,2
48461,2020,6,2
48461,2020,10,2
48461,2021,6,2
48461,2021,7,3
48461,2021,8,2
48461,2021,12,9
48461,2022,8,2
48461,2022,12,1
48461,2023,1,2
48461,2023,2,2
48461,2023,3,2
48461,2023,9,2
48461,2023,11,2
48461,2024,4,3
48461,2024,8,2
48461,2024,9,2
48461,2024,10,2
48461,2024,12,2
48461,2025,2,7
48461,2025,9,2
48461,2025,11,2
48461,2025,12,7
48463,2016,1,1
48463,2016,2,1
48463,2017,1,5
48463,2017,2,6
48463,2019,12,3
48463,2020,3,3
48463,2021,12,7
48463,2022,1,1
48463,2022,2,2
48463,2022,12,1
48463,2023,1,6
48463,2023,3,2
48463,2024,2,2
48463,2024,11,2
48463,2024,12,5
48463,2025,2,6
48463,2025,11,3
48463,2025,12,8
48465,2015,1,2
48465,2015,2,3
48465,2015,12,6
48465,2016,1,2
48465,2016,2,4
48465,2016,7,5
48465,2016,8,2
48465,2016,10,2
48465,2016,11,2
48465,2017,1,6
48465,2017,2,5
48465,2017,7,2
48465,2017,8,2
48465,2017,12,2
48465,2018,6,4
48465,2019,2,2
48465,2019,7,2
48465,2019,8,7
48465,2019,11,2
48465,2019,12,3
48465,2020,3,2
48465,2020,5,2
48465,2020,6,2
48465,2020,7,2
48465,2020,11,5
48465,2020,12,5
48465,2021,2,2
48465,2021,11,3
48465,2021,12,12
48465,2022,1,2
48465,2022,7,6
48465,2023,1,7
48465,2023,2,3
48465,2023,3,2
48465,2023,7,4
48465,2023,9,6
48465,2024,2,3
48465,2024,5,2
48465,2024,6,9
48465,2024,7,2
48465,2024,10,5
48465,2024,11,5
48465,2024,12,7
48465,2025,2,7
48465,2025,6,2
48465,2025,11,7
48465,2025,12,7
48467,2015,1,2
48467,2015,3,4
48467,2015,8,2
48467,2015,10,4
48467,2015,12,7
48467,2016,1,2
48467,2016,2,1
48467,2016,3,2
48467,2016,7,2
48467,2016,8,2
48467,2016,10,5
48467,2016,11,4
48467,2016,12,4
48467,2017,1,4
48467,2017,2,6
48467,2017,3,2
48467,2017,10,2
48467,2017,12,3
48467,2018,3,3
48467,2018,5,2
48467,2019,2,3
48467,2019,9,2
48467,2019,10,4
48467,2020,3,2
48467,2020,4,2
48467,2020,6,3
48467,2020,8,4
48467,2020,12,2
48467,2021,6,4
48467,2021,12,12
48467,2022,5,2
48467,2022,12,2
48467,2023,1,6
48467,2023,9,2
48467,2024,1,1
48467,2024,2,1
48467,2024,9,2
48467,2024,10,4
48467,2024,11,2
48467,2025,2,2
48467,2025,3,2
48467,2025,11,6
48467,2025,12,7
48469,2015,1,2
48469,2015,7,1
48469,2015,8,1
48469,2015,10,5
48469,2015,12,3
48469,2016,3,2
48469,2016,10,5
48469,2016,11,2
48469,2016,12,3
48469,2017,1,9
48469,2017,2,8
48469,2017,4,2
48469,2017,7,1
48469,2017,8,1
48469,2017,11,2
48469,2018,5,4
48469,2018,6,2
48469,2019,4,2
48469,2019,9,2
48469,2019,12,2
48469,2020,1,2
48469,2020,10,2
48469,2021,9,3
48469,2021,12,11
48469,2022,1,1
48469,2022,3,2
48469,2022,5,8
48469,2022,6,9
48469,2022,10,3
48469,2023,1,5
48469,2023,2,3
48469,2023,3,7
48469,2023,6,5
48469,2023,7,3
48469,2023,8,13
48469,2023,9,14
48469,2023,10,2
48469,2024,4,2
48469,2024,8,2
48469,2024,9,4
48469,2024,10,5
48469,2024,11,6
48469,2024,12,8
48469,2025,2,8
48469,2025,3,4
48469,2025,10,5
48469,2025,11,10
48469,2025,12,5
48471,2015,1,2
48471,2015,8,2
48471,2015,10,2
48471,2015,12,5
48471,2016,3,2
48471,2016,10,5
48471,2016,12,4
48471,2017,1,4
48471,2017,2,7
48471,2019,4,2
48471,2019,10,3
48471,2020,3,3
48471,2021,12,12
48471,2022,1,1
48471,2022,12,5
48471,2023,2,1
48471,2023,3,2
48471,2023,9,4
48471,2024,3,2
48471,2024,10,2
48471,2024,12,2
48471,2025,2,7
48471,2025,3,3
48471,2025,11,5
48471,2025,12,8
48473,2015,1,2
48473,2015,2,2
48473,2015,8,2
48473,2015,10,4
48473,2015,12,7
48473,2016,1,2
48473,2016,2,1
48473,2016,3,3
48473,2016,10,7
48473,2016,11,5
48473,2016,12,4
48473,2017,1,4
48473,2017,2,10
48473,2017,3,2
48473,2017,11,2
48473,2017,12,2
48473,2018,6,2
48473,2019,9,1
48473,2019,10,5
48473,2020,3,2
48473,2020,4,2
48473,2021,12,14
48473,2022,1,1
48473,2022,12,4
48473,2023,1,4
48473,2023,2,4
48473,2023,3,2
48473,2023,9,6
48473,2023,10,2
48473,2024,2,3
48473,2024,9,2
48473,2024,10,9
48473,2024,12,3
48473,2025,2,8
48473,2025,3,3
48473,2025,10,2
48473,2025,11,8
48473,2025,12,7
48475,2016,2,4
48475,2016,12,2
48475,2017,2,2
48475,2017,3,3
48475,2017,11,2
48475,2018,1,2
48475,2019,12,2
48475,2021,12,8
48475,2024,12,2
48475,2025,2,6
48475,2025,12,7
48477,2015,1,2
48477,2015,2,2
48477,2015,10,2
48477,2015,12,7
48477,2016,1,1
48477,2016,2,4
48477,2016,3,3
48477,2016,10,5
48477,2016,11,2
48477,2016,12,3
48477,2017,1,4
48477,2017,2,10
48477,2017,3,2
48477,2021,12,12
48477,2022,1,1
48477,2022,12,4
48477,2023,1,2
48477,2023,2,1
48477,2023,3,2
48477,2024,10,2
48477,2024,12,2
48477,2025,2,6
48477,2025,3,3
48477,2025,11,2
48477,2025,12,6
48479,2015,12,2
48479,2016,1,1
48479,2016,2,1
48479,2017,1,2
48479,2017,2,3
48479,2019,8,2
48479,2019,12,3
48479,2021,5,2
48479,2021,9,2
48479,2021,12,14
48479,2022,1,1
48479,2022,12,1
48479,2023,1,6
48479,2023,2,3
48479,2023,3,4
48479,2023,6,3
48479,2023,7,2
48479,2024,2,2
48479,2024,5,2
48479,2024,12,2
48479,2025,2,7
48479,2025,4,2
48479,2025,5,2
48479,2025,12,8
48481,2015,8,3
48481,2015,10,4
48481,2015,12,4
48481,2016,5,2
48481,2016,6,2
48481,2016,7,2
48481,2016,8,2
48481,2016,9,3
48481,2016,10,7
48481,2016,11,2
48481,2016,12,5
48481,2017,1,3
48481,2017,2,8
48481,2017,4,2
48481,2017,10,2
48481,2018,5,2
48481,2019,12,2
48481,2020,1,2
48481,2021,12,8
48481,2022,1,2
48481,2022,6,2
48481,2023,1,2
48481,2023,2,4
48481,2023,3,4
48481,2023,7,2
48481,2023,8,4
48481,2023,9,7
48481,2024,3,2
48481,2024,5,4
48481,2024,9,2
48481,2024,10,7
48481,2024,12,4
48481,2025,2,8
48481,2025,3,3
48481,2025,10,3
48481,2025,11,4
48481,2025,12,6
48483,2015,1,5
48483,2015,2,4
48483,2015,3,1
48483,2015,4,4
48483,2015,7,5
48483,2015,8,3
48483,2015,9,2
48483,2015,10,2
48483,2016,1,2
48483,2016,2,2
48483,2016,8,2
48483,2016,10,5
48483,2016,11,4
48483,2017,2,4
48483,2017,3,2
48483,2017,11,2
48483,2018,2,2
48483,2018,5,3
48483,2018,8,4
48483,2019,8,2
48483,2019,12,2
48483,2020,5,3
48483,2020,8,2
48483,2020,10,2
48483,2021,12,9
48483,2022,3,2
48483,2022,5,4
48483,2023,1,4
48483,2023,6,2
48483,2023,7,5
48483,2023,8,7
48483,2023,11,2
48483,2024,2,2
48483,2024,10,5
48483,2025,2,2
48483,2025,11,3
48483,2025,12,8
48485,2015,1,2
48485,2015,2,2
48485,2015,10,2
48485,2015,12,2
48485,2016,1,2
48485,2016,10,2
48485,2016,11,2
48485,2017,2,4
48485,2017,3,5
48485,2017,11,4
48485,2017,12,2
48485,2018,2,2
48485,2018,4,2
48485,2020,1,2
48485,2020,3,2
48485,2020,5,3
48485,2020,8,2
48485,2021,12,10
48485,2022,3,2
48485,2022,6,2
48485,2023,1,4
48485,2023,5,2
48485,2023,6,4
48485,2023,7,3
48485,2023,8,2
48485,2023,9,2
48485,2023,11,3
48485,2024,2,4
48485,2024,3,2
48485,2024,10,3
48485,2025,2,3
48485,2025,11,5
48485,2025,12,7
48487,2015,1,2
48487,2015,2,4
48487,2015,12,3
48487,2016,1,2
48487,2016,2,2
48487,2016,7,2
48487,2016,10,5
48487,2016,11,4
48487,2017,1,2
48487,2017,2,4
48487,2017,3,2
48487,2019,2,2
48487,2020,3,2
48487,2020,5,3
48487,2020,12,2
48487,2021,12,10
48487,2023,1,4
48487,2023,2,2
48487,2023,6,2
48487,2023,9,2
48487,2023,11,2
48487,2024,2,4
48487,2025,2,3
48487,2025,3,2
48487,2025,9,2
48487,2025,11,7
48487,2025,12,6
48489,2016,6,2
48489,2016,10,2
48489,2016,11,2
48489,2017,2,2
48489,2017,5,4
48489,2017,6,5
48489,2018,5,9
48489,2018,6,6
48489,2018,7,12
48489,2019,6,2
48489,2019,7,3
48489,2019,8,10
48489,2019,9,2
48489,2020,6,3
48489,2020,7,3
48489,2020,8,4
48489,2021,1,2
48489,2021,12,4
48489,2022,1,2
48489,2022,5,4
48489,2022,11,2
48489,2023,1,2
48489,2023,2,3
48489,2023,3,2
48489,2023,6,14
48489,2023,7,2
48489,2023,8,2
48489,2023,9,13
48489,2023,10,2
48489,2024,2,2
48489,2024,5,7
48489,2024,6,8
48489,2024,8,2
48489,2024,11,3
48489,2025,3,6
48489,2025,6,2
48489,2025,10,7
48489,2025,11,2
48489,2025,12,2
48491,2015,1,2
48491,2015,2,2
48491,2015,12,4
48491,2016,3,2
48491,2016,9,2
48491,2016,10,2
48491,2016,11,2
48491,2016,12,3
48491,2017,1,4
48491,2017,2,4
48491,2017,12,2
48491,2018,6,2
48491,2020,3,2
48491,2020,6,2
48491,2021,4,2
48491,2021,12,5
48491,2022,1,1
48491,2022,7,2
48491,2022,12,2
48491,2023,1,6
48491,2023,2,3
48491,2023,3,2
48491,2023,9,2
48491,2024,2,3
48491,2024,8,2
48491,2024,10,3
48491,2024,12,5
48491,2025,2,7
48491,2025,4,2
48491,2025,11,5
48491,2025,12,6
48493,2016,10,2
48493,2017,1,3
48493,2017,2,2
48493,2017,11,2
48493,2018,2,2
48493,2019,4,2
48493,2023,2,1
48493,2023,3,2
48493,2025,12,3
48495,2016,2,3
48495,2016,10,3
48495,2016,12,2
48495,2017,1,2
48495,2017,2,4
48495,2021,12,8
48495,2023,11,2
48495,2024,2,2
48495,2024,7,2
48495,2024,10,3
48495,2025,2,7
48495,2025,12,6
48497,2015,12,2
48497,2016,12,2
48497,2017,1,2
48497,2017,2,6
48497,2017,3,3
48497,2017,12,2
48497,2019,2,2
48497,2020,3,2
48497,2021,12,14
48497,2023,1,4
48497,2023,11,2
48497,2024,2,3
48497,2024,3,3
48497,2025,2,2
48497,2025,11,3
48497,2025,12,6
48499,2015,1,2
48499,2015,12,6
48499,2016,1,1
48499,2016,2,2
48499,2016,3,2
48499,2016,12,4
48499,2017,1,3
48499,2017,2,6
48499,2017,12,2
48499,2019,9,2
48499,2019,10,1
48499,2019,11,3
48499,2021,12,10
48499,2023,1,4
48499,2023,9,2
48499,2024,3,3
48499,2025,2,4
48499,2025,3,5
48499,2025,11,4
48499,2025,12,7
48501,2015,1,2
48501,2015,2,5
48501,2015,7,2
48501,2015,9,3
48501,2015,12,2
48501,2016,1,2
48501,2016,2,4
48501,2016,7,2
48501,2016,10,2
48501,2016,11,2
48501,2017,2,4
48501,2017,3,3
48501,2017,10,2
48501,2017,11,3
48501,2018,1,2
48501,2018,2,2
48501,2019,7,2
48501,2020,7,2
48501,2020,10,3
48501,2021,12,7
48501,2022,9,3
48501,2023,1,2
48501,2024,2,2
48501,2024,9,2
48501,2024,10,2
48501,2024,12,2
48501,2025,2,8
48501,2025,8,2
48501,2025,11,4
48501,2025,12,11
48503,2015,1,2
48503,2015,2,3
48503,2015,3,2
48503,2016,1,2
48503,2016,2,3
48503,2016,6,3
48503,2016,7,2
48503,2016,10,5
48503,2016,11,4
48503,2016,12,2
48503,2017,1,2
48503,2017,2,6
48503,2017,3,6
48503,2017,11,4
48503,2017,12,3
48503,2018,1,2
48503,2018,2,2
48503,2018,4,2
48503,2019,4,2
48503,2020,3,2
48503,2020,5,2
48503,2020,12,2
48503,2021,12,11
48503,2023,1,5
48503,2023,11,3
48503,2024,2,4
48503,2025,2,4
48503,2025,11,5
48503,2025,12,7
48505,2016,2,2
48505,2016,10,4
48505,2016,12,2
48505,2017,1,3
48505,2017,2,2
48505,2017,5,2
48505,2017,6,2
48505,2025,12,3
48507,2016,1,1
48507,2016,2,1
48507,2021,12,2
48507,2025,2,5
48507,2025,11,3
48507,2025,12,6
